DATETIME,PRICE,FORWARD,CARRY,PRICE_CONTRACT,FORWARD_CONTRACT,CARRY_CONTRACT
1998-09-24 05:00:00,96.485,,96.51,19990900,19991200,19990600
1998-09-25 05:00:00,96.525,,96.535,19990900,19991200,19990600
1998-09-28 05:00:00,96.54,,,19990900,19991200,19990600
1998-09-29 05:00:00,96.54,,,19990900,19991200,19990600
1998-09-30 05:00:00,96.6,,96.6,19990900,19991200,19990600
1998-10-01 05:00:00,96.67,,96.66,19990900,19991200,19990600
1998-10-02 05:00:00,96.745,,96.73,19990900,19991200,19990600
1998-10-05 05:00:00,96.75,,96.74,19990900,19991200,19990600
1998-10-06 05:00:00,96.7,,96.71,19990900,19991200,19990600
1998-10-07 05:00:00,96.69,,96.695,19990900,19991200,19990600
1998-10-08 05:00:00,96.73,,96.735,19990900,19991200,19990600
1998-10-09 05:00:00,96.7,,96.73,19990900,19991200,19990600
1998-10-12 05:00:00,96.595,,96.65,19990900,19991200,19990600
1998-10-13 05:00:00,96.61,,96.64,19990900,19991200,19990600
1998-10-14 05:00:00,96.65,,96.67,19990900,19991200,19990600
1998-10-15 05:00:00,96.645,,96.66,19990900,19991200,19990600
1998-10-16 05:00:00,96.76,,96.765,19990900,19991200,19990600
1998-10-19 05:00:00,96.76,,96.765,19990900,19991200,19990600
1998-10-20 05:00:00,96.72,,96.725,19990900,19991200,19990600
1998-10-21 05:00:00,96.735,,96.74,19990900,19991200,19990600
1998-10-22 05:00:00,96.73,,96.735,19990900,19991200,19990600
1998-10-23 05:00:00,96.755,,96.75,19990900,19991200,19990600
1998-10-26 06:00:00,96.73,,96.725,19990900,19991200,19990600
1998-10-27 06:00:00,96.74,,96.735,19990900,19991200,19990600
1998-10-28 06:00:00,96.74,,96.735,19990900,19991200,19990600
1998-10-29 06:00:00,96.755,,96.745,19990900,19991200,19990600
1998-10-30 06:00:00,96.75,,96.74,19990900,19991200,19990600
1998-11-02 06:00:00,96.685,,96.675,19990900,19991200,19990600
1998-11-03 06:00:00,96.705,,96.7,19990900,19991200,19990600
1998-11-04 06:00:00,96.69,,96.68,19990900,19991200,19990600
1998-11-05 06:00:00,96.685,,96.69,19990900,19991200,19990600
1998-11-06 06:00:00,96.64,,96.63,19990900,19991200,19990600
1998-11-09 06:00:00,96.61,,96.615,19990900,19991200,19990600
1998-11-10 06:00:00,96.63,,96.64,19990900,19991200,19990600
1998-11-11 06:00:00,96.605,,96.615,19990900,19991200,19990600
1998-11-12 06:00:00,96.595,,96.6,19990900,19991200,19990600
1998-11-13 06:00:00,96.57,,96.575,19990900,19991200,19990600
1998-11-16 06:00:00,96.545,,96.55,19990900,19991200,19990600
1998-11-17 06:00:00,96.58,,96.585,19990900,19991200,19990600
1998-11-18 06:00:00,96.635,,96.64,19990900,19991200,19990600
1998-11-19 06:00:00,96.645,,96.645,19990900,19991200,19990600
1998-11-20 06:00:00,96.655,,96.65,19990900,19991200,19990600
1998-11-23 06:00:00,96.7,,96.7,19990900,19991200,19990600
1998-11-24 06:00:00,96.73,,96.725,19990900,19991200,19990600
1998-11-25 06:00:00,96.765,,96.765,19990900,19991200,19990600
1998-11-26 06:00:00,96.795,96.61,96.79,19990900,19991200,19990600
1998-11-27 06:00:00,96.635,,96.81,19991200,20000300,19990900
1998-11-30 06:00:00,96.605,,96.79,19991200,20000300,19990900
1998-12-01 06:00:00,96.62,,96.82,19991200,20000300,19990900
1998-12-02 06:00:00,96.58,,96.835,19991200,20000300,19990900
1998-12-03 06:00:00,96.56,,96.905,19991200,20000300,19990900
1998-12-04 06:00:00,96.515,,96.87,19991200,20000300,19990900
1998-12-07 06:00:00,96.505,,96.885,19991200,20000300,19990900
1998-12-08 06:00:00,96.53,,96.905,19991200,20000300,19990900
1998-12-09 06:00:00,96.58,,96.955,19991200,20000300,19990900
1998-12-10 06:00:00,96.62,,96.975,19991200,20000300,19990900
1998-12-11 06:00:00,96.655,,97.0,19991200,20000300,19990900
1998-12-15 06:00:00,96.635,,96.985,19991200,20000300,19990900
1998-12-16 06:00:00,96.62,,96.995,19991200,20000300,19990900
1998-12-17 06:00:00,96.62,,96.995,19991200,20000300,19990900
1998-12-21 06:00:00,96.605,,96.975,19991200,20000300,19990900
1998-12-22 06:00:00,96.57,,96.955,19991200,20000300,19990900
1998-12-23 06:00:00,96.575,,96.955,19991200,20000300,19990900
1998-12-28 06:00:00,96.55,,96.935,19991200,20000300,19990900
1998-12-29 06:00:00,96.575,,96.93,19991200,20000300,19990900
1998-12-30 06:00:00,,,96.945,19991200,20000300,19990900
1999-01-04 06:00:00,96.73,,96.985,19991200,20000300,19990900
1999-01-05 06:00:00,96.78,,97.015,19991200,20000300,19990900
1999-01-06 06:00:00,96.79,,97.035,19991200,20000300,19990900
1999-01-07 06:00:00,96.805,,97.075,19991200,20000300,19990900
1999-01-08 06:00:00,96.8,,97.095,19991200,20000300,19990900
1999-01-11 06:00:00,96.76,,97.08,19991200,20000300,19990900
1999-01-12 06:00:00,96.805,,97.115,19991200,20000300,19990900
1999-01-13 06:00:00,96.87,,97.165,19991200,20000300,19990900
1999-01-14 06:00:00,96.89,,97.18,19991200,20000300,19990900
1999-01-15 06:00:00,96.92,,97.21,19991200,20000300,19990900
1999-01-18 06:00:00,96.93,,97.23,19991200,20000300,19990900
1999-01-19 06:00:00,96.94,,97.225,19991200,20000300,19990900
1999-01-20 06:00:00,96.925,,97.175,19991200,20000300,19990900
1999-01-21 06:00:00,96.955,,97.215,19991200,20000300,19990900
1999-01-22 06:00:00,96.99,,97.235,19991200,20000300,19990900
1999-01-26 06:00:00,96.97,,97.205,19991200,20000300,19990900
1999-01-27 06:00:00,96.975,,97.205,19991200,20000300,19990900
1999-01-28 06:00:00,96.97,,97.205,19991200,20000300,19990900
1999-01-29 06:00:00,96.96,,97.205,19991200,20000300,19990900
1999-02-01 06:00:00,96.93,,97.14,19991200,20000300,19990900
1999-02-02 06:00:00,96.925,,97.14,19991200,20000300,19990900
1999-02-03 06:00:00,96.9,,97.13,19991200,20000300,19990900
1999-02-05 06:00:00,96.87,,97.115,19991200,20000300,19990900
1999-02-08 06:00:00,96.845,,97.095,19991200,20000300,19990900
1999-02-09 06:00:00,96.88,,97.105,19991200,20000300,19990900
1999-02-10 06:00:00,96.88,,97.1,19991200,20000300,19990900
1999-02-11 06:00:00,96.885,,97.115,19991200,20000300,19990900
1999-02-12 06:00:00,96.86,,97.095,19991200,20000300,19990900
1999-02-15 06:00:00,96.83,,97.08,19991200,20000300,19990900
1999-02-16 06:00:00,96.835,,97.095,19991200,20000300,19990900
1999-02-17 06:00:00,96.845,,97.11,19991200,20000300,19990900
1999-02-18 06:00:00,96.845,,97.11,19991200,20000300,19990900
1999-02-19 06:00:00,96.865,,97.135,19991200,20000300,19990900
1999-02-22 06:00:00,96.885,,97.145,19991200,20000300,19990900
1999-02-23 06:00:00,96.885,,97.15,19991200,20000300,19990900
1999-02-24 06:00:00,96.86,,97.12,19991200,20000300,19990900
1999-02-25 06:00:00,96.75,96.93,97.05,19991200,20000300,19990900
1999-02-26 06:00:00,96.875,,96.72,20000300,20000600,19991200
1999-03-01 06:00:00,96.785,,96.645,20000300,20000600,19991200
1999-03-02 06:00:00,96.785,,96.655,20000300,20000600,19991200
1999-03-03 06:00:00,96.78,,96.66,20000300,20000600,19991200
1999-03-04 06:00:00,96.775,,96.67,20000300,20000600,19991200
1999-03-05 06:00:00,96.93,,96.79,20000300,20000600,19991200
1999-03-08 06:00:00,96.95,,96.82,20000300,20000600,19991200
1999-03-09 06:00:00,96.955,,96.825,20000300,20000600,19991200
1999-03-10 06:00:00,96.99,,96.85,20000300,20000600,19991200
1999-03-11 06:00:00,97.07,,96.925,20000300,20000600,19991200
1999-03-12 06:00:00,97.035,,96.88,20000300,20000600,19991200
1999-03-15 06:00:00,97.04,,96.895,20000300,20000600,19991200
1999-03-16 06:00:00,97.04,,96.895,20000300,20000600,19991200
1999-03-17 06:00:00,97.035,,96.895,20000300,20000600,19991200
1999-03-18 06:00:00,97.06,,96.925,20000300,20000600,19991200
1999-03-19 06:00:00,97.045,,96.9,20000300,20000600,19991200
1999-03-22 06:00:00,97.035,,96.89,20000300,20000600,19991200
1999-03-23 06:00:00,97.02,,96.875,20000300,20000600,19991200
1999-03-24 06:00:00,97.045,,96.915,20000300,20000600,19991200
1999-03-25 06:00:00,97.085,,96.95,20000300,20000600,19991200
1999-03-26 06:00:00,97.055,,96.93,20000300,20000600,19991200
1999-03-29 06:00:00,97.09,,96.965,20000300,20000600,19991200
1999-03-30 06:00:00,97.13,,96.99,20000300,20000600,19991200
1999-03-31 06:00:00,97.145,,97.01,20000300,20000600,19991200
1999-04-01 06:00:00,97.165,,97.04,20000300,20000600,19991200
1999-04-06 05:00:00,97.2,,97.075,20000300,20000600,19991200
1999-04-07 05:00:00,97.18,,97.06,20000300,20000600,19991200
1999-04-08 05:00:00,97.33,,97.22,20000300,20000600,19991200
1999-04-09 05:00:00,97.275,,97.16,20000300,20000600,19991200
1999-04-12 05:00:00,97.27,,97.175,20000300,20000600,19991200
1999-04-13 05:00:00,97.26,,97.17,20000300,20000600,19991200
1999-04-14 05:00:00,97.26,,97.17,20000300,20000600,19991200
1999-04-15 05:00:00,97.23,,97.155,20000300,20000600,19991200
1999-04-16 05:00:00,97.225,,97.16,20000300,20000600,19991200
1999-04-19 05:00:00,97.255,,97.185,20000300,20000600,19991200
1999-04-20 05:00:00,97.295,,97.22,20000300,20000600,19991200
1999-04-21 05:00:00,97.3,,97.235,20000300,20000600,19991200
1999-04-22 05:00:00,97.29,,97.225,20000300,20000600,19991200
1999-04-23 05:00:00,97.305,,97.24,20000300,20000600,19991200
1999-04-26 05:00:00,97.29,,97.225,20000300,20000600,19991200
1999-04-27 05:00:00,97.295,,97.235,20000300,20000600,19991200
1999-04-28 05:00:00,97.27,,97.205,20000300,20000600,19991200
1999-04-29 05:00:00,97.305,,97.225,20000300,20000600,19991200
1999-04-30 05:00:00,97.28,,97.21,20000300,20000600,19991200
1999-05-03 05:00:00,97.28,,97.2,20000300,20000600,19991200
1999-05-04 05:00:00,97.245,,97.185,20000300,20000600,19991200
1999-05-05 05:00:00,97.27,,97.2,20000300,20000600,19991200
1999-05-06 05:00:00,97.25,,97.185,20000300,20000600,19991200
1999-05-07 05:00:00,97.27,,97.195,20000300,20000600,19991200
1999-05-10 05:00:00,97.26,,97.205,20000300,20000600,19991200
1999-05-11 05:00:00,97.28,,97.22,20000300,20000600,19991200
1999-05-12 05:00:00,97.315,,97.26,20000300,20000600,19991200
1999-05-14 05:00:00,97.245,,97.225,20000300,20000600,19991200
1999-05-17 05:00:00,97.265,,97.235,20000300,20000600,19991200
1999-05-18 05:00:00,97.265,,97.235,20000300,20000600,19991200
1999-05-19 05:00:00,97.225,,97.215,20000300,20000600,19991200
1999-05-20 05:00:00,97.23,,97.23,20000300,20000600,19991200
1999-05-21 05:00:00,97.27,,97.245,20000300,20000600,19991200
1999-05-25 05:00:00,97.29,,97.265,20000300,20000600,19991200
1999-05-26 05:00:00,97.285,,97.26,20000300,20000600,19991200
1999-05-27 05:00:00,97.225,97.12,97.21,20000300,20000600,19991200
1999-05-28 05:00:00,97.105,,97.22,20000600,20000900,20000300
1999-05-31 05:00:00,97.07,,97.175,20000600,20000900,20000300
1999-06-01 05:00:00,96.95,,97.07,20000600,20000900,20000300
1999-06-02 05:00:00,96.915,,97.04,20000600,20000900,20000300
1999-06-04 05:00:00,96.935,,97.08,20000600,20000900,20000300
1999-06-07 05:00:00,96.965,,97.105,20000600,20000900,20000300
1999-06-08 05:00:00,96.99,,97.13,20000600,20000900,20000300
1999-06-09 05:00:00,96.97,,97.11,20000600,20000900,20000300
1999-06-10 05:00:00,96.855,,97.02,20000600,20000900,20000300
1999-06-11 05:00:00,96.845,,97.0,20000600,20000900,20000300
1999-06-14 05:00:00,96.86,,97.045,20000600,20000900,20000300
1999-06-15 05:00:00,96.865,,97.04,20000600,20000900,20000300
1999-06-16 05:00:00,96.875,,97.055,20000600,20000900,20000300
1999-06-17 05:00:00,96.915,,97.085,20000600,20000900,20000300
1999-06-18 05:00:00,96.905,,97.095,20000600,20000900,20000300
1999-06-21 05:00:00,96.805,,97.01,20000600,20000900,20000300
1999-06-22 05:00:00,96.77,,96.975,20000600,20000900,20000300
1999-06-23 05:00:00,96.705,,96.92,20000600,20000900,20000300
1999-06-24 05:00:00,96.62,,96.87,20000600,20000900,20000300
1999-06-25 05:00:00,96.64,,96.9,20000600,20000900,20000300
1999-06-28 05:00:00,96.65,,96.9,20000600,20000900,20000300
1999-06-29 05:00:00,96.675,,96.925,20000600,20000900,20000300
1999-06-30 05:00:00,96.7,,96.93,20000600,20000900,20000300
1999-07-01 05:00:00,96.67,,96.91,20000600,20000900,20000300
1999-07-02 05:00:00,96.68,,96.925,20000600,20000900,20000300
1999-07-05 05:00:00,96.7,,96.925,20000600,20000900,20000300
1999-07-06 05:00:00,96.65,,96.9,20000600,20000900,20000300
1999-07-07 05:00:00,96.605,,96.86,20000600,20000900,20000300
1999-07-08 05:00:00,96.61,,96.88,20000600,20000900,20000300
1999-07-09 05:00:00,96.585,,96.875,20000600,20000900,20000300
1999-07-12 05:00:00,96.65,,96.925,20000600,20000900,20000300
1999-07-13 05:00:00,96.705,,96.95,20000600,20000900,20000300
1999-07-14 05:00:00,96.74,,96.995,20000600,20000900,20000300
1999-07-15 05:00:00,96.535,,96.81,20000600,20000900,20000300
1999-07-16 05:00:00,96.52,,96.805,20000600,20000900,20000300
1999-07-19 05:00:00,96.52,,96.795,20000600,20000900,20000300
1999-07-20 05:00:00,96.595,,96.83,20000600,20000900,20000300
1999-07-21 05:00:00,96.64,,96.865,20000600,20000900,20000300
1999-07-22 05:00:00,96.58,,96.81,20000600,20000900,20000300
1999-07-23 05:00:00,96.56,,96.795,20000600,20000900,20000300
1999-07-26 05:00:00,96.57,,96.805,20000600,20000900,20000300
1999-07-27 05:00:00,96.56,,96.795,20000600,20000900,20000300
1999-07-28 05:00:00,96.555,,96.795,20000600,20000900,20000300
1999-07-29 05:00:00,96.5,,96.74,20000600,20000900,20000300
1999-07-30 05:00:00,96.435,,96.69,20000600,20000900,20000300
1999-08-02 05:00:00,96.35,,96.65,20000600,20000900,20000300
1999-08-03 05:00:00,96.33,,96.625,20000600,20000900,20000300
1999-08-04 05:00:00,96.34,,96.63,20000600,20000900,20000300
1999-08-05 05:00:00,96.295,,96.585,20000600,20000900,20000300
1999-08-06 05:00:00,96.225,,96.5,20000600,20000900,20000300
1999-08-09 05:00:00,96.21,,96.475,20000600,20000900,20000300
1999-08-10 05:00:00,96.26,,96.53,20000600,20000900,20000300
1999-08-11 05:00:00,96.315,,96.56,20000600,20000900,20000300
1999-08-12 05:00:00,96.365,,96.6,20000600,20000900,20000300
1999-08-13 05:00:00,96.4,,96.63,20000600,20000900,20000300
1999-08-16 05:00:00,96.38,,96.615,20000600,20000900,20000300
1999-08-17 05:00:00,96.45,,96.665,20000600,20000900,20000300
1999-08-18 05:00:00,96.52,,96.745,20000600,20000900,20000300
1999-08-19 05:00:00,96.555,,96.765,20000600,20000900,20000300
1999-08-20 05:00:00,96.57,,96.78,20000600,20000900,20000300
1999-08-23 05:00:00,96.55,,96.75,20000600,20000900,20000300
1999-08-24 05:00:00,96.49,,96.72,20000600,20000900,20000300
1999-08-25 05:00:00,96.56,,96.79,20000600,20000900,20000300
1999-08-26 05:00:00,96.47,,96.715,20000600,20000900,20000300
1999-08-27 05:00:00,96.445,96.23,96.68,20000600,20000900,20000300
1999-08-30 05:00:00,96.185,,96.4,20000900,20001200,20000600
1999-08-31 05:00:00,96.175,,96.39,20000900,20001200,20000600
1999-09-01 05:00:00,96.185,,96.41,20000900,20001200,20000600
1999-09-02 05:00:00,96.13,,96.375,20000900,20001200,20000600
1999-09-03 05:00:00,96.255,,96.5,20000900,20001200,20000600
1999-09-06 05:00:00,96.235,,96.48,20000900,20001200,20000600
1999-09-07 05:00:00,96.135,,96.395,20000900,20001200,20000600
1999-09-08 05:00:00,96.16,,96.39,20000900,20001200,20000600
1999-09-09 05:00:00,96.07,,96.31,20000900,20001200,20000600
1999-09-10 05:00:00,96.1,,96.35,20000900,20001200,20000600
1999-09-13 05:00:00,96.06,,96.31,20000900,20001200,20000600
1999-09-14 05:00:00,96.055,,96.31,20000900,20001200,20000600
1999-09-15 05:00:00,96.025,,96.295,20000900,20001200,20000600
1999-09-16 05:00:00,96.16,,96.425,20000900,20001200,20000600
1999-09-17 05:00:00,96.18,,96.435,20000900,20001200,20000600
1999-09-20 05:00:00,96.14,,96.4,20000900,20001200,20000600
1999-09-21 05:00:00,96.1,,96.365,20000900,20001200,20000600
1999-09-22 05:00:00,96.12,,96.375,20000900,20001200,20000600
1999-09-23 05:00:00,96.145,,96.42,20000900,20001200,20000600
1999-09-24 05:00:00,96.255,,96.515,20000900,20001200,20000600
1999-09-27 05:00:00,96.135,,96.395,20000900,20001200,20000600
1999-09-28 05:00:00,96.135,,96.395,20000900,20001200,20000600
1999-09-29 05:00:00,96.1,,96.37,20000900,20001200,20000600
1999-09-30 05:00:00,96.115,,96.365,20000900,20001200,20000600
1999-10-01 05:00:00,95.94,,96.19,20000900,20001200,20000600
1999-10-04 05:00:00,95.915,,96.155,20000900,20001200,20000600
1999-10-05 05:00:00,95.925,,96.15,20000900,20001200,20000600
1999-10-06 05:00:00,95.91,,96.15,20000900,20001200,20000600
1999-10-07 05:00:00,95.935,,96.175,20000900,20001200,20000600
1999-10-08 05:00:00,95.885,,96.12,20000900,20001200,20000600
1999-10-11 05:00:00,95.87,,96.105,20000900,20001200,20000600
1999-10-12 05:00:00,95.76,,96.0,20000900,20001200,20000600
1999-10-13 05:00:00,95.76,,96.01,20000900,20001200,20000600
1999-10-14 05:00:00,95.67,,95.93,20000900,20001200,20000600
1999-10-15 05:00:00,95.72,,95.98,20000900,20001200,20000600
1999-10-18 05:00:00,95.74,,96.0,20000900,20001200,20000600
1999-10-19 05:00:00,95.695,,95.945,20000900,20001200,20000600
1999-10-20 05:00:00,95.675,,95.945,20000900,20001200,20000600
1999-10-21 05:00:00,95.73,,95.995,20000900,20001200,20000600
1999-10-22 05:00:00,95.75,,96.015,20000900,20001200,20000600
1999-10-25 05:00:00,95.685,,95.95,20000900,20001200,20000600
1999-10-26 05:00:00,95.695,,95.955,20000900,20001200,20000600
1999-10-27 05:00:00,95.76,,96.0,20000900,20001200,20000600
1999-10-28 05:00:00,95.84,,96.08,20000900,20001200,20000600
1999-10-29 05:00:00,95.91,,96.135,20000900,20001200,20000600
1999-11-01 06:00:00,95.85,,96.085,20000900,20001200,20000600
1999-11-02 06:00:00,95.92,,96.14,20000900,20001200,20000600
1999-11-03 06:00:00,95.9,,96.12,20000900,20001200,20000600
1999-11-04 06:00:00,95.98,,96.19,20000900,20001200,20000600
1999-11-05 06:00:00,96.05,,96.25,20000900,20001200,20000600
1999-11-08 06:00:00,96.12,,96.3,20000900,20001200,20000600
1999-11-09 06:00:00,96.09,,96.275,20000900,20001200,20000600
1999-11-10 06:00:00,96.035,,96.24,20000900,20001200,20000600
1999-11-11 06:00:00,96.06,,96.255,20000900,20001200,20000600
1999-11-12 06:00:00,96.145,,96.34,20000900,20001200,20000600
1999-11-15 06:00:00,96.105,,96.3,20000900,20001200,20000600
1999-11-16 06:00:00,96.13,,96.325,20000900,20001200,20000600
1999-11-17 06:00:00,96.02,,96.225,20000900,20001200,20000600
1999-11-18 06:00:00,95.99,,96.205,20000900,20001200,20000600
1999-11-19 06:00:00,95.925,,96.14,20000900,20001200,20000600
1999-11-22 06:00:00,95.895,,96.11,20000900,20001200,20000600
1999-11-23 06:00:00,95.9,,96.125,20000900,20001200,20000600
1999-11-24 06:00:00,95.86,,96.105,20000900,20001200,20000600
1999-11-25 06:00:00,95.84,,96.09,20000900,20001200,20000600
1999-11-26 06:00:00,95.79,,96.05,20000900,20001200,20000600
1999-11-29 06:00:00,95.795,95.485,96.045,20000900,20001200,20000600
1999-11-30 06:00:00,95.565,,95.88,20001200,20010300,20000900
1999-12-01 06:00:00,95.585,,95.875,20001200,20010300,20000900
1999-12-02 06:00:00,95.505,,95.81,20001200,20010300,20000900
1999-12-03 06:00:00,95.53,,95.845,20001200,20010300,20000900
1999-12-06 06:00:00,95.62,,95.915,20001200,20010300,20000900
1999-12-07 06:00:00,95.6,,95.905,20001200,20010300,20000900
1999-12-08 06:00:00,95.545,,95.85,20001200,20010300,20000900
1999-12-09 06:00:00,95.565,,95.87,20001200,20010300,20000900
1999-12-10 06:00:00,95.61,,95.9,20001200,20010300,20000900
1999-12-13 06:00:00,95.58,,95.87,20001200,20010300,20000900
1999-12-14 06:00:00,95.51,,95.825,20001200,20010300,20000900
1999-12-15 06:00:00,95.54,,95.85,20001200,20010300,20000900
1999-12-16 06:00:00,95.41,,95.74,20001200,20010300,20000900
1999-12-17 06:00:00,95.4,,95.735,20001200,20010300,20000900
1999-12-20 06:00:00,95.375,,95.735,20001200,20010300,20000900
1999-12-21 06:00:00,95.435,,95.785,20001200,20010300,20000900
1999-12-22 06:00:00,95.4,,95.755,20001200,20010300,20000900
1999-12-23 06:00:00,95.41,,95.77,20001200,20010300,20000900
1999-12-27 06:00:00,95.37,,95.75,20001200,20010300,20000900
1999-12-28 06:00:00,95.345,,95.74,20001200,20010300,20000900
1999-12-29 06:00:00,95.395,,95.76,20001200,20010300,20000900
1999-12-30 06:00:00,95.375,,95.745,20001200,20010300,20000900
2000-01-03 06:00:00,95.305,,95.7,20001200,20010300,20000900
2000-01-04 06:00:00,95.265,,95.655,20001200,20010300,20000900
2000-01-05 06:00:00,95.29,,95.655,20001200,20010300,20000900
2000-01-06 06:00:00,95.32,,95.675,20001200,20010300,20000900
2000-01-07 06:00:00,95.425,,95.77,20001200,20010300,20000900
2000-01-10 06:00:00,95.445,,95.765,20001200,20010300,20000900
2000-01-11 06:00:00,95.37,,95.69,20001200,20010300,20000900
2000-01-12 06:00:00,95.36,,95.685,20001200,20010300,20000900
2000-01-13 06:00:00,95.415,,95.72,20001200,20010300,20000900
2000-01-14 06:00:00,95.4,,95.735,20001200,20010300,20000900
2000-01-18 06:00:00,95.38,,95.72,20001200,20010300,20000900
2000-01-19 06:00:00,95.43,,95.77,20001200,20010300,20000900
2000-01-20 06:00:00,95.455,,95.795,20001200,20010300,20000900
2000-01-21 06:00:00,95.415,,95.765,20001200,20010300,20000900
2000-01-24 06:00:00,95.415,,95.745,20001200,20010300,20000900
2000-01-25 06:00:00,95.44,,95.77,20001200,20010300,20000900
2000-01-26 06:00:00,95.41,,95.73,20001200,20010300,20000900
2000-01-27 06:00:00,95.32,,95.63,20001200,20010300,20000900
2000-01-28 06:00:00,95.34,,95.635,20001200,20010300,20000900
2000-01-31 06:00:00,95.35,,95.635,20001200,20010300,20000900
2000-02-01 06:00:00,95.405,,95.67,20001200,20010300,20000900
2000-02-02 06:00:00,95.385,,95.66,20001200,20010300,20000900
2000-02-03 06:00:00,95.415,,95.685,20001200,20010300,20000900
2000-02-04 06:00:00,95.35,,95.655,20001200,20010300,20000900
2000-02-07 06:00:00,95.295,,95.615,20001200,20010300,20000900
2000-02-08 06:00:00,95.35,,95.665,20001200,20010300,20000900
2000-02-09 06:00:00,95.33,,95.65,20001200,20010300,20000900
2000-02-10 06:00:00,95.325,,95.66,20001200,20010300,20000900
2000-02-11 06:00:00,95.33,,95.655,20001200,20010300,20000900
2000-02-14 06:00:00,95.36,,95.67,20001200,20010300,20000900
2000-02-15 06:00:00,95.35,,95.66,20001200,20010300,20000900
2000-02-16 06:00:00,95.33,,95.645,20001200,20010300,20000900
2000-02-17 06:00:00,95.265,,95.585,20001200,20010300,20000900
2000-02-18 06:00:00,95.235,,95.545,20001200,20010300,20000900
2000-02-21 06:00:00,95.23,,95.535,20001200,20010300,20000900
2000-02-22 06:00:00,95.325,,95.61,20001200,20010300,20000900
2000-02-23 06:00:00,95.305,,95.595,20001200,20010300,20000900
2000-02-24 06:00:00,95.405,,95.68,20001200,20010300,20000900
2000-02-25 06:00:00,95.38,95.24,95.68,20001200,20010300,20000900
2000-02-28 06:00:00,95.23,,95.385,20010300,20010600,20001200
2000-02-29 06:00:00,95.235,,95.385,20010300,20010600,20001200
2000-03-01 06:00:00,95.225,,95.37,20010300,20010600,20001200
2000-03-02 06:00:00,95.175,,95.33,20010300,20010600,20001200
2000-03-03 06:00:00,95.19,,95.335,20010300,20010600,20001200
2000-03-06 06:00:00,95.185,,95.32,20010300,20010600,20001200
2000-03-07 06:00:00,95.185,,95.32,20010300,20010600,20001200
2000-03-08 06:00:00,95.17,,95.29,20010300,20010600,20001200
2000-03-09 06:00:00,95.24,,95.365,20010300,20010600,20001200
2000-03-10 06:00:00,95.18,,95.3,20010300,20010600,20001200
2000-03-13 06:00:00,95.205,,95.32,20010300,20010600,20001200
2000-03-14 06:00:00,95.18,,95.3,20010300,20010600,20001200
2000-03-15 06:00:00,95.19,,95.315,20010300,20010600,20001200
2000-03-16 06:00:00,95.265,,95.38,20010300,20010600,20001200
2000-03-17 06:00:00,95.31,,95.43,20010300,20010600,20001200
2000-03-20 06:00:00,95.305,,95.425,20010300,20010600,20001200
2000-03-21 06:00:00,95.32,,95.43,20010300,20010600,20001200
2000-03-22 06:00:00,95.32,,95.43,20010300,20010600,20001200
2000-03-23 06:00:00,95.325,,95.435,20010300,20010600,20001200
2000-03-24 06:00:00,95.26,,95.375,20010300,20010600,20001200
2000-03-27 06:00:00,95.215,,95.34,20010300,20010600,20001200
2000-03-28 06:00:00,95.25,,95.37,20010300,20010600,20001200
2000-03-29 06:00:00,95.21,,95.345,20010300,20010600,20001200
2000-03-30 06:00:00,95.295,,95.395,20010300,20010600,20001200
2000-03-31 06:00:00,95.3,,95.41,20010300,20010600,20001200
2000-04-03 05:00:00,95.31,,95.42,20010300,20010600,20001200
2000-04-04 05:00:00,95.415,,95.515,20010300,20010600,20001200
2000-04-05 05:00:00,95.43,,95.525,20010300,20010600,20001200
2000-04-06 05:00:00,95.375,,95.485,20010300,20010600,20001200
2000-04-07 05:00:00,95.36,,95.465,20010300,20010600,20001200
2000-04-10 05:00:00,95.345,,95.445,20010300,20010600,20001200
2000-04-11 05:00:00,95.33,,95.435,20010300,20010600,20001200
2000-04-12 05:00:00,95.31,,95.41,20010300,20010600,20001200
2000-04-13 05:00:00,95.305,,95.41,20010300,20010600,20001200
2000-04-14 05:00:00,95.325,,95.43,20010300,20010600,20001200
2000-04-17 05:00:00,95.355,,95.45,20010300,20010600,20001200
2000-04-18 05:00:00,95.325,,95.42,20010300,20010600,20001200
2000-04-19 05:00:00,95.295,,95.385,20010300,20010600,20001200
2000-04-20 05:00:00,95.23,,95.31,20010300,20010600,20001200
2000-04-25 05:00:00,95.185,,95.26,20010300,20010600,20001200
2000-04-26 05:00:00,95.21,,95.28,20010300,20010600,20001200
2000-04-27 05:00:00,95.155,,95.225,20010300,20010600,20001200
2000-04-28 05:00:00,95.135,,95.21,20010300,20010600,20001200
2000-05-02 05:00:00,95.035,,95.11,20010300,20010600,20001200
2000-05-03 05:00:00,94.985,,95.055,20010300,20010600,20001200
2000-05-04 05:00:00,94.935,,95.015,20010300,20010600,20001200
2000-05-05 05:00:00,94.915,,95.015,20010300,20010600,20001200
2000-05-08 05:00:00,94.935,,95.04,20010300,20010600,20001200
2000-05-09 05:00:00,94.995,,95.095,20010300,20010600,20001200
2000-05-10 05:00:00,95.0,,95.1,20010300,20010600,20001200
2000-05-11 05:00:00,94.89,,95.0,20010300,20010600,20001200
2000-05-12 05:00:00,94.83,,94.945,20010300,20010600,20001200
2000-05-15 05:00:00,94.895,,95.01,20010300,20010600,20001200
2000-05-16 05:00:00,94.87,,94.97,20010300,20010600,20001200
2000-05-17 05:00:00,94.73,,94.825,20010300,20010600,20001200
2000-05-18 05:00:00,94.72,,94.825,20010300,20010600,20001200
2000-05-19 05:00:00,94.7,,94.8,20010300,20010600,20001200
2000-05-22 05:00:00,94.765,,94.855,20010300,20010600,20001200
2000-05-23 05:00:00,94.785,,94.865,20010300,20010600,20001200
2000-05-24 05:00:00,94.87,,94.945,20010300,20010600,20001200
2000-05-25 05:00:00,94.9,,94.955,20010300,20010600,20001200
2000-05-26 05:00:00,94.93,94.84,94.985,20010300,20010600,20001200
2000-05-29 05:00:00,94.805,,94.895,20010600,20010900,20010300
2000-05-30 05:00:00,94.735,,94.81,20010600,20010900,20010300
2000-05-31 05:00:00,94.715,,94.795,20010600,20010900,20010300
2000-06-01 05:00:00,94.74,,94.825,20010600,20010900,20010300
2000-06-02 05:00:00,94.86,,94.945,20010600,20010900,20010300
2000-06-05 05:00:00,94.895,,94.975,20010600,20010900,20010300
2000-06-06 05:00:00,94.915,,94.995,20010600,20010900,20010300
2000-06-07 05:00:00,94.95,,95.025,20010600,20010900,20010300
2000-06-08 05:00:00,94.74,,94.795,20010600,20010900,20010300
2000-06-09 05:00:00,94.76,,94.825,20010600,20010900,20010300
2000-06-12 05:00:00,94.74,,94.815,20010600,20010900,20010300
2000-06-13 05:00:00,94.8,,94.86,20010600,20010900,20010300
2000-06-14 05:00:00,94.815,,94.885,20010600,20010900,20010300
2000-06-15 05:00:00,94.865,,94.945,20010600,20010900,20010300
2000-06-16 05:00:00,94.915,,94.98,20010600,20010900,20010300
2000-06-19 05:00:00,94.865,,94.935,20010600,20010900,20010300
2000-06-20 05:00:00,94.82,,94.9,20010600,20010900,20010300
2000-06-21 05:00:00,94.73,,94.825,20010600,20010900,20010300
2000-06-22 05:00:00,94.7,,94.795,20010600,20010900,20010300
2000-06-23 05:00:00,94.665,,94.77,20010600,20010900,20010300
2000-06-26 05:00:00,94.685,,94.78,20010600,20010900,20010300
2000-06-27 05:00:00,94.7,,94.79,20010600,20010900,20010300
2000-06-28 05:00:00,94.65,,94.74,20010600,20010900,20010300
2000-06-29 05:00:00,94.71,,94.79,20010600,20010900,20010300
2000-06-30 05:00:00,94.72,,94.795,20010600,20010900,20010300
2000-07-03 05:00:00,94.675,,94.77,20010600,20010900,20010300
2000-07-05 05:00:00,94.75,,94.835,20010600,20010900,20010300
2000-07-06 05:00:00,94.71,,94.795,20010600,20010900,20010300
2000-07-07 05:00:00,94.73,,94.82,20010600,20010900,20010300
2000-07-10 05:00:00,94.71,,94.8,20010600,20010900,20010300
2000-07-11 05:00:00,94.705,,94.785,20010600,20010900,20010300
2000-07-12 05:00:00,94.66,,94.74,20010600,20010900,20010300
2000-07-13 05:00:00,94.625,,94.7,20010600,20010900,20010300
2000-07-14 05:00:00,94.58,,94.67,20010600,20010900,20010300
2000-07-17 05:00:00,94.56,,94.66,20010600,20010900,20010300
2000-07-18 05:00:00,94.56,,94.655,20010600,20010900,20010300
2000-07-19 05:00:00,94.575,,94.655,20010600,20010900,20010300
2000-07-20 05:00:00,94.64,,94.72,20010600,20010900,20010300
2000-07-21 05:00:00,94.61,,94.69,20010600,20010900,20010300
2000-07-25 05:00:00,94.64,,94.71,20010600,20010900,20010300
2000-07-26 05:00:00,94.66,,94.725,20010600,20010900,20010300
2000-07-27 05:00:00,94.62,,94.685,20010600,20010900,20010300
2000-07-28 05:00:00,94.62,,94.695,20010600,20010900,20010300
2000-07-31 05:00:00,94.625,,94.705,20010600,20010900,20010300
2000-08-01 05:00:00,94.665,,94.745,20010600,20010900,20010300
2000-08-02 05:00:00,94.645,,94.735,20010600,20010900,20010300
2000-08-03 05:00:00,94.645,,94.725,20010600,20010900,20010300
2000-08-04 05:00:00,94.685,,94.765,20010600,20010900,20010300
2000-08-07 05:00:00,94.735,,94.815,20010600,20010900,20010300
2000-08-08 05:00:00,94.705,,94.79,20010600,20010900,20010300
2000-08-09 05:00:00,94.685,,94.76,20010600,20010900,20010300
2000-08-10 05:00:00,94.715,,94.775,20010600,20010900,20010300
2000-08-11 05:00:00,94.625,,94.68,20010600,20010900,20010300
2000-08-14 05:00:00,94.615,,94.675,20010600,20010900,20010300
2000-08-15 05:00:00,94.58,,94.64,20010600,20010900,20010300
2000-08-16 05:00:00,94.57,,94.63,20010600,20010900,20010300
2000-08-17 05:00:00,94.58,,94.64,20010600,20010900,20010300
2000-08-18 05:00:00,94.555,,94.625,20010600,20010900,20010300
2000-08-21 05:00:00,94.52,,94.585,20010600,20010900,20010300
2000-08-22 05:00:00,94.55,,94.62,20010600,20010900,20010300
2000-08-23 05:00:00,94.6,,94.665,20010600,20010900,20010300
2000-08-24 05:00:00,94.58,,94.64,20010600,20010900,20010300
2000-08-25 05:00:00,94.57,,94.62,20010600,20010900,20010300
2000-08-28 05:00:00,94.555,94.53,94.615,20010600,20010900,20010300
2000-08-29 05:00:00,94.53,,94.555,20010900,20011200,20010600
2000-08-30 05:00:00,94.555,,94.58,20010900,20011200,20010600
2000-08-31 05:00:00,94.57,,94.6,20010900,20011200,20010600
2000-09-01 05:00:00,94.68,,94.71,20010900,20011200,20010600
2000-09-04 05:00:00,94.655,,94.695,20010900,20011200,20010600
2000-09-05 05:00:00,94.635,,94.665,20010900,20011200,20010600
2000-09-06 05:00:00,94.56,,94.59,20010900,20011200,20010600
2000-09-07 05:00:00,94.605,,94.635,20010900,20011200,20010600
2000-09-08 05:00:00,94.59,,94.62,20010900,20011200,20010600
2000-09-11 05:00:00,94.605,,94.635,20010900,20011200,20010600
2000-09-12 05:00:00,94.62,,94.655,20010900,20011200,20010600
2000-09-13 05:00:00,94.655,,94.685,20010900,20011200,20010600
2000-09-14 05:00:00,94.695,,94.735,20010900,20011200,20010600
2000-09-18 05:00:00,94.74,,94.78,20010900,20011200,20010600
2000-09-19 05:00:00,94.8,,94.835,20010900,20011200,20010600
2000-09-20 05:00:00,94.815,,94.855,20010900,20011200,20010600
2000-09-21 05:00:00,94.83,,94.865,20010900,20011200,20010600
2000-09-22 05:00:00,94.85,,94.875,20010900,20011200,20010600
2000-09-25 05:00:00,94.78,,94.815,20010900,20011200,20010600
2000-09-26 05:00:00,94.82,,94.84,20010900,20011200,20010600
2000-09-27 05:00:00,94.795,,94.81,20010900,20011200,20010600
2000-09-28 05:00:00,94.805,,94.82,20010900,20011200,20010600
2000-09-29 05:00:00,94.83,,94.845,20010900,20011200,20010600
2000-10-02 05:00:00,94.875,,94.885,20010900,20011200,20010600
2000-10-03 05:00:00,94.86,,94.875,20010900,20011200,20010600
2000-10-04 05:00:00,94.84,,94.855,20010900,20011200,20010600
2000-10-05 05:00:00,94.795,,94.795,20010900,20011200,20010600
2000-10-06 05:00:00,94.81,,94.81,20010900,20011200,20010600
2000-10-09 05:00:00,94.83,,94.83,20010900,20011200,20010600
2000-10-10 05:00:00,94.825,,94.83,20010900,20011200,20010600
2000-10-11 05:00:00,94.86,,94.855,20010900,20011200,20010600
2000-10-12 05:00:00,94.91,,94.91,20010900,20011200,20010600
2000-10-13 05:00:00,,,94.88,20010900,20011200,20010600
2000-10-16 05:00:00,94.855,,94.85,20010900,20011200,20010600
2000-10-17 05:00:00,94.86,,94.85,20010900,20011200,20010600
2000-10-18 05:00:00,94.855,,94.85,20010900,20011200,20010600
2000-10-19 05:00:00,94.84,,94.83,20010900,20011200,20010600
2000-10-20 05:00:00,94.815,,94.81,20010900,20011200,20010600
2000-10-23 05:00:00,94.775,,94.76,20010900,20011200,20010600
2000-10-24 05:00:00,94.795,,94.78,20010900,20011200,20010600
2000-10-25 05:00:00,94.78,,94.77,20010900,20011200,20010600
2000-10-26 05:00:00,94.805,,94.79,20010900,20011200,20010600
2000-10-27 05:00:00,94.815,,94.8,20010900,20011200,20010600
2000-10-30 06:00:00,94.82,,94.805,20010900,20011200,20010600
2000-10-31 06:00:00,94.815,,94.805,20010900,20011200,20010600
2000-11-01 06:00:00,94.865,,94.855,20010900,20011200,20010600
2000-11-02 06:00:00,94.855,,94.845,20010900,20011200,20010600
2000-11-03 06:00:00,94.86,,94.85,20010900,20011200,20010600
2000-11-06 06:00:00,94.86,,94.855,20010900,20011200,20010600
2000-11-07 06:00:00,94.86,,94.86,20010900,20011200,20010600
2000-11-08 06:00:00,94.845,,94.845,20010900,20011200,20010600
2000-11-09 06:00:00,94.87,,94.865,20010900,20011200,20010600
2000-11-10 06:00:00,94.92,,94.92,20010900,20011200,20010600
2000-11-13 06:00:00,94.96,,94.96,20010900,20011200,20010600
2000-11-14 06:00:00,94.945,,94.945,20010900,20011200,20010600
2000-11-15 06:00:00,94.96,,94.955,20010900,20011200,20010600
2000-11-16 06:00:00,94.985,,94.98,20010900,20011200,20010600
2000-11-17 06:00:00,94.97,,94.96,20010900,20011200,20010600
2000-11-20 06:00:00,94.97,,94.96,20010900,20011200,20010600
2000-11-22 06:00:00,94.975,,94.96,20010900,20011200,20010600
2000-11-23 06:00:00,94.97,,94.95,20010900,20011200,20010600
2000-11-24 06:00:00,94.97,,94.95,20010900,20011200,20010600
2000-11-27 06:00:00,94.995,94.87,94.975,20010900,20011200,20010600
2000-11-28 06:00:00,94.91,,95.025,20011200,20020300,20010900
2000-11-29 06:00:00,94.96,,95.075,20011200,20020300,20010900
2000-11-30 06:00:00,95.045,,95.155,20011200,20020300,20010900
2000-12-01 06:00:00,95.025,,95.14,20011200,20020300,20010900
2000-12-04 06:00:00,,,95.19,20011200,20020300,20010900
2000-12-05 06:00:00,95.16,,95.25,20011200,20020300,20010900
2000-12-06 06:00:00,95.25,,95.335,20011200,20020300,20010900
2000-12-07 06:00:00,95.245,,95.33,20011200,20020300,20010900
2000-12-08 06:00:00,95.2,,95.295,20011200,20020300,20010900
2000-12-11 06:00:00,95.175,,95.275,20011200,20020300,20010900
2000-12-12 06:00:00,95.175,,95.275,20011200,20020300,20010900
2000-12-13 06:00:00,95.245,,95.335,20011200,20020300,20010900
2000-12-14 06:00:00,95.285,,95.37,20011200,20020300,20010900
2000-12-15 06:00:00,95.34,,95.425,20011200,20020300,20010900
2000-12-18 06:00:00,95.385,,95.47,20011200,20020300,20010900
2000-12-19 06:00:00,95.35,,95.43,20011200,20020300,20010900
2000-12-20 06:00:00,95.445,,95.54,20011200,20020300,20010900
2000-12-21 06:00:00,95.44,,95.55,20011200,20020300,20010900
2000-12-27 06:00:00,95.495,,95.595,20011200,20020300,20010900
2000-12-29 06:00:00,95.52,,95.615,20011200,20020300,20010900
2001-01-02 06:00:00,95.705,,95.805,20011200,20020300,20010900
2001-01-03 06:00:00,95.685,,95.78,20011200,20020300,20010900
2001-01-04 06:00:00,95.72,,95.835,20011200,20020300,20010900
2001-01-05 06:00:00,95.795,,95.915,20011200,20020300,20010900
2001-01-08 06:00:00,95.79,,95.905,20011200,20020300,20010900
2001-01-09 06:00:00,95.675,,95.805,20011200,20020300,20010900
2001-01-10 06:00:00,95.57,,95.695,20011200,20020300,20010900
2001-01-11 06:00:00,95.63,,95.755,20011200,20020300,20010900
2001-01-12 06:00:00,95.565,,95.685,20011200,20020300,20010900
2001-01-15 06:00:00,95.565,,95.685,20011200,20020300,20010900
2001-01-16 06:00:00,95.58,,95.705,20011200,20020300,20010900
2001-01-17 06:00:00,95.59,,95.725,20011200,20020300,20010900
2001-01-18 06:00:00,95.62,,95.765,20011200,20020300,20010900
2001-01-22 06:00:00,95.605,,95.755,20011200,20020300,20010900
2001-01-23 06:00:00,95.63,,95.785,20011200,20020300,20010900
2001-01-24 06:00:00,95.52,,95.69,20011200,20020300,20010900
2001-01-25 06:00:00,95.455,,95.62,20011200,20020300,20010900
2001-01-26 06:00:00,95.47,,95.635,20011200,20020300,20010900
2001-01-29 06:00:00,95.51,,95.665,20011200,20020300,20010900
2001-01-30 06:00:00,95.59,,95.74,20011200,20020300,20010900
2001-01-31 06:00:00,95.635,,95.78,20011200,20020300,20010900
2001-02-01 06:00:00,95.625,,95.755,20011200,20020300,20010900
2001-02-02 06:00:00,95.61,,95.735,20011200,20020300,20010900
2001-02-05 06:00:00,95.64,,95.76,20011200,20020300,20010900
2001-02-06 06:00:00,95.605,,95.72,20011200,20020300,20010900
2001-02-07 06:00:00,95.63,,95.74,20011200,20020300,20010900
2001-02-08 06:00:00,95.57,,95.665,20011200,20020300,20010900
2001-02-09 06:00:00,95.605,,95.705,20011200,20020300,20010900
2001-02-12 06:00:00,95.6,,95.7,20011200,20020300,20010900
2001-02-13 06:00:00,95.59,,95.69,20011200,20020300,20010900
2001-02-14 06:00:00,95.575,,95.675,20011200,20020300,20010900
2001-02-15 06:00:00,95.49,,95.6,20011200,20020300,20010900
2001-02-16 06:00:00,95.54,,95.65,20011200,20020300,20010900
2001-02-20 06:00:00,95.515,,95.625,20011200,20020300,20010900
2001-02-21 06:00:00,95.515,,95.61,20011200,20020300,20010900
2001-02-22 06:00:00,95.47,,95.545,20011200,20020300,20010900
2001-02-23 06:00:00,95.53,,95.61,20011200,20020300,20010900
2001-02-26 06:00:00,95.54,95.58,95.62,20011200,20020300,20010900
2001-02-27 06:00:00,95.675,,95.64,20020300,20020600,20011200
2001-02-28 06:00:00,95.665,,95.65,20020300,20020600,20011200
2001-03-01 06:00:00,95.65,,95.62,20020300,20020600,20011200
2001-03-02 06:00:00,95.62,,95.6,20020300,20020600,20011200
2001-03-05 06:00:00,95.61,,95.59,20020300,20020600,20011200
2001-03-06 06:00:00,95.655,,95.625,20020300,20020600,20011200
2001-03-07 06:00:00,95.685,,95.645,20020300,20020600,20011200
2001-03-08 06:00:00,95.725,,95.675,20020300,20020600,20011200
2001-03-09 06:00:00,95.715,,95.655,20020300,20020600,20011200
2001-03-12 06:00:00,95.72,,95.67,20020300,20020600,20011200
2001-03-13 06:00:00,95.715,,95.67,20020300,20020600,20011200
2001-03-14 06:00:00,95.785,,95.74,20020300,20020600,20011200
2001-03-15 06:00:00,95.815,,95.765,20020300,20020600,20011200
2001-03-16 06:00:00,95.86,,95.8,20020300,20020600,20011200
2001-03-19 06:00:00,,,95.78,20020300,20020600,20011200
2001-03-20 06:00:00,95.81,,95.76,20020300,20020600,20011200
2001-03-21 06:00:00,95.915,,95.875,20020300,20020600,20011200
2001-03-22 06:00:00,96.015,,95.955,20020300,20020600,20011200
2001-03-23 06:00:00,95.985,,95.935,20020300,20020600,20011200
2001-03-26 06:00:00,96.04,,95.92,20020300,20020600,20011200
2001-03-27 06:00:00,95.89,,95.835,20020300,20020600,20011200
2001-03-28 06:00:00,95.945,,95.895,20020300,20020600,20011200
2001-03-29 06:00:00,95.925,,95.875,20020300,20020600,20011200
2001-03-30 06:00:00,,,95.915,20020300,20020600,20011200
2001-04-02 05:00:00,95.92,,95.865,20020300,20020600,20011200
2001-04-03 05:00:00,95.955,,95.905,20020300,20020600,20011200
2001-04-04 05:00:00,95.94,,95.885,20020300,20020600,20011200
2001-04-05 05:00:00,95.945,,95.89,20020300,20020600,20011200
2001-04-06 05:00:00,96.0,,95.95,20020300,20020600,20011200
2001-04-09 05:00:00,96.005,,95.955,20020300,20020600,20011200
2001-04-10 05:00:00,95.925,,95.87,20020300,20020600,20011200
2001-04-11 05:00:00,95.74,,95.675,20020300,20020600,20011200
2001-04-12 05:00:00,95.655,,95.58,20020300,20020600,20011200
2001-04-17 05:00:00,95.64,,95.565,20020300,20020600,20011200
2001-04-18 05:00:00,95.755,,95.695,20020300,20020600,20011200
2001-04-19 05:00:00,95.615,,95.655,20020300,20020600,20011200
2001-04-20 05:00:00,95.605,,95.565,20020300,20020600,20011200
2001-04-23 05:00:00,95.655,,95.6,20020300,20020600,20011200
2001-04-24 05:00:00,95.59,,95.535,20020300,20020600,20011200
2001-04-25 05:00:00,95.65,,95.585,20020300,20020600,20011200
2001-04-26 05:00:00,95.72,,95.63,20020300,20020600,20011200
2001-04-27 05:00:00,95.61,,95.52,20020300,20020600,20011200
2001-04-30 05:00:00,95.43,,95.365,20020300,20020600,20011200
2001-05-02 05:00:00,95.485,,95.405,20020300,20020600,20011200
2001-05-03 05:00:00,95.53,,95.445,20020300,20020600,20011200
2001-05-04 05:00:00,95.575,,95.485,20020300,20020600,20011200
2001-05-07 05:00:00,95.605,,95.515,20020300,20020600,20011200
2001-05-08 05:00:00,95.625,,95.54,20020300,20020600,20011200
2001-05-09 05:00:00,95.68,,95.6,20020300,20020600,20011200
2001-05-10 05:00:00,95.86,,95.805,20020300,20020600,20011200
2001-05-11 05:00:00,95.78,,95.725,20020300,20020600,20011200
2001-05-14 05:00:00,95.74,,95.695,20020300,20020600,20011200
2001-05-15 05:00:00,95.725,,95.68,20020300,20020600,20011200
2001-05-16 05:00:00,,,95.71,20020300,20020600,20011200
2001-05-17 05:00:00,95.73,,95.69,20020300,20020600,20011200
2001-05-18 05:00:00,95.66,,95.63,20020300,20020600,20011200
2001-05-21 05:00:00,95.69,,95.655,20020300,20020600,20011200
2001-05-22 05:00:00,95.62,,95.585,20020300,20020600,20011200
2001-05-23 05:00:00,95.635,,95.595,20020300,20020600,20011200
2001-05-24 05:00:00,95.675,,95.63,20020300,20020600,20011200
2001-05-25 05:00:00,95.665,,95.63,20020300,20020600,20011200
2001-05-28 05:00:00,,,95.69,20020300,20020600,20011200
2001-05-29 05:00:00,95.725,95.61,95.675,20020300,20020600,20011200
2001-05-30 05:00:00,95.625,,95.745,20020600,20020900,20020300
2001-05-31 05:00:00,95.605,,95.73,20020600,20020900,20020300
2001-06-01 05:00:00,95.695,,95.82,20020600,20020900,20020300
2001-06-05 05:00:00,95.785,,95.9,20020600,20020900,20020300
2001-06-06 05:00:00,95.745,,95.865,20020600,20020900,20020300
2001-06-07 05:00:00,95.735,,95.855,20020600,20020900,20020300
2001-06-08 05:00:00,95.725,,95.85,20020600,20020900,20020300
2001-06-11 05:00:00,95.725,,95.86,20020600,20020900,20020300
2001-06-12 05:00:00,95.68,,95.815,20020600,20020900,20020300
2001-06-13 05:00:00,95.635,,95.76,20020600,20020900,20020300
2001-06-14 05:00:00,95.71,,95.825,20020600,20020900,20020300
2001-06-15 05:00:00,95.735,,95.845,20020600,20020900,20020300
2001-06-18 05:00:00,95.765,,95.89,20020600,20020900,20020300
2001-06-19 05:00:00,95.745,,95.865,20020600,20020900,20020300
2001-06-20 05:00:00,95.79,,95.915,20020600,20020900,20020300
2001-06-21 05:00:00,95.81,,95.925,20020600,20020900,20020300
2001-06-22 05:00:00,95.885,,95.995,20020600,20020900,20020300
2001-06-25 05:00:00,95.91,,96.03,20020600,20020900,20020300
2001-06-26 05:00:00,95.865,,95.98,20020600,20020900,20020300
2001-06-27 05:00:00,95.89,,96.005,20020600,20020900,20020300
2001-06-28 05:00:00,95.825,,95.935,20020600,20020900,20020300
2001-06-29 05:00:00,95.735,,95.85,20020600,20020900,20020300
2001-07-02 05:00:00,95.775,,95.89,20020600,20020900,20020300
2001-07-05 05:00:00,95.645,,95.78,20020600,20020900,20020300
2001-07-06 05:00:00,95.735,,95.865,20020600,20020900,20020300
2001-07-09 05:00:00,95.69,,95.815,20020600,20020900,20020300
2001-07-10 05:00:00,95.75,,95.875,20020600,20020900,20020300
2001-07-11 05:00:00,95.785,,95.905,20020600,20020900,20020300
2001-07-12 05:00:00,95.805,,95.925,20020600,20020900,20020300
2001-07-13 05:00:00,95.75,,95.87,20020600,20020900,20020300
2001-07-16 05:00:00,95.79,,95.91,20020600,20020900,20020300
2001-07-17 05:00:00,95.765,,95.89,20020600,20020900,20020300
2001-07-18 05:00:00,95.84,,95.965,20020600,20020900,20020300
2001-07-19 05:00:00,95.79,,95.905,20020600,20020900,20020300
2001-07-20 05:00:00,95.855,,95.95,20020600,20020900,20020300
2001-07-23 05:00:00,95.875,,95.97,20020600,20020900,20020300
2001-07-24 05:00:00,95.91,,95.985,20020600,20020900,20020300
2001-07-25 05:00:00,95.885,,95.975,20020600,20020900,20020300
2001-07-26 05:00:00,95.915,,96.0,20020600,20020900,20020300
2001-07-27 05:00:00,95.95,,96.035,20020600,20020900,20020300
2001-07-30 05:00:00,95.94,,96.03,20020600,20020900,20020300
2001-08-01 05:00:00,95.965,,96.055,20020600,20020900,20020300
2001-08-02 05:00:00,95.945,,96.04,20020600,20020900,20020300
2001-08-03 05:00:00,95.995,,96.095,20020600,20020900,20020300
2001-08-06 05:00:00,95.995,,96.09,20020600,20020900,20020300
2001-08-07 05:00:00,95.97,,96.065,20020600,20020900,20020300
2001-08-08 05:00:00,95.985,,96.065,20020600,20020900,20020300
2001-08-09 05:00:00,96.1,,96.165,20020600,20020900,20020300
2001-08-10 05:00:00,96.125,,96.2,20020600,20020900,20020300
2001-08-13 05:00:00,96.135,,96.2,20020600,20020900,20020300
2001-08-14 05:00:00,96.125,,96.19,20020600,20020900,20020300
2001-08-16 05:00:00,96.155,,96.215,20020600,20020900,20020300
2001-08-17 05:00:00,96.18,,96.24,20020600,20020900,20020300
2001-08-20 05:00:00,96.18,,96.24,20020600,20020900,20020300
2001-08-21 05:00:00,96.16,,96.22,20020600,20020900,20020300
2001-08-22 05:00:00,96.2,,96.19,20020600,20020900,20020300
2001-08-23 05:00:00,96.14,,96.19,20020600,20020900,20020300
2001-08-24 05:00:00,96.08,,96.15,20020600,20020900,20020300
2001-08-27 05:00:00,96.15,95.92,96.13,20020600,20020900,20020300
2001-08-28 05:00:00,95.98,,96.12,20020900,20021200,20020600
2001-08-29 05:00:00,,,96.18,20020900,20021200,20020600
2001-08-30 05:00:00,96.12,,96.26,20020900,20021200,20020600
2001-08-31 05:00:00,96.17,,96.28,20020900,20021200,20020600
2001-09-03 05:00:00,96.2,,96.3,20020900,20021200,20020600
2001-09-04 05:00:00,,,96.15,20020900,20021200,20020600
2001-09-05 05:00:00,96.03,,96.12,20020900,20021200,20020600
2001-09-06 05:00:00,96.07,,96.21,20020900,20021200,20020600
2001-09-07 05:00:00,96.1,,96.28,20020900,20021200,20020600
2001-09-10 05:00:00,96.22,,96.3,20020900,20021200,20020600
2001-09-11 05:00:00,96.26,,96.35,20020900,20021200,20020600
2001-09-12 05:00:00,96.33,,96.42,20020900,20021200,20020600
2001-09-13 05:00:00,96.27,,96.39,20020900,20021200,20020600
2001-09-14 05:00:00,96.395,,96.49,20020900,20021200,20020600
2001-09-17 05:00:00,96.375,,96.535,20020900,20021200,20020600
2001-09-18 05:00:00,96.42,,96.56,20020900,20021200,20020600
2001-09-19 05:00:00,96.45,,96.615,20020900,20021200,20020600
2001-09-20 05:00:00,96.455,,96.62,20020900,20021200,20020600
2001-09-21 05:00:00,96.515,,96.63,20020900,20021200,20020600
2001-09-24 05:00:00,96.44,,96.61,20020900,20021200,20020600
2001-09-25 05:00:00,96.465,,96.63,20020900,20021200,20020600
2001-09-26 05:00:00,96.475,,96.645,20020900,20021200,20020600
2001-09-27 05:00:00,96.53,,96.685,20020900,20021200,20020600
2001-09-28 05:00:00,96.525,,96.645,20020900,20021200,20020600
2001-10-01 05:00:00,96.55,,96.7,20020900,20021200,20020600
2001-10-02 05:00:00,96.6,,96.735,20020900,20021200,20020600
2001-10-03 05:00:00,96.675,,96.82,20020900,20021200,20020600
2001-10-04 05:00:00,96.69,,96.83,20020900,20021200,20020600
2001-10-05 05:00:00,96.695,,96.83,20020900,20021200,20020600
2001-10-08 05:00:00,96.72,,,20020900,20021200,20020600
2001-10-09 05:00:00,96.64,,96.785,20020900,20021200,20020600
2001-10-10 05:00:00,96.635,,96.77,20020900,20021200,20020600
2001-10-11 05:00:00,96.55,,96.685,20020900,20021200,20020600
2001-10-12 05:00:00,96.6,,96.71,20020900,20021200,20020600
2001-10-15 05:00:00,96.63,,96.755,20020900,20021200,20020600
2001-10-16 05:00:00,96.655,,96.78,20020900,20021200,20020600
2001-10-17 05:00:00,96.635,,96.76,20020900,20021200,20020600
2001-10-18 05:00:00,96.665,,96.78,20020900,20021200,20020600
2001-10-19 05:00:00,96.725,,96.83,20020900,20021200,20020600
2001-10-22 05:00:00,96.73,,96.86,20020900,20021200,20020600
2001-10-23 05:00:00,96.705,,96.825,20020900,20021200,20020600
2001-10-24 05:00:00,96.765,,96.88,20020900,20021200,20020600
2001-10-25 05:00:00,96.835,,96.915,20020900,20021200,20020600
2001-10-26 05:00:00,96.85,,96.935,20020900,20021200,20020600
2001-10-29 06:00:00,96.91,,97.005,20020900,20021200,20020600
2001-10-30 06:00:00,97.0,,97.07,20020900,20021200,20020600
2001-10-31 06:00:00,96.985,,97.06,20020900,20021200,20020600
2001-11-01 06:00:00,97.045,,97.09,20020900,20021200,20020600
2001-11-02 06:00:00,97.07,,97.12,20020900,20021200,20020600
2001-11-05 06:00:00,,,97.15,20020900,20021200,20020600
2001-11-06 06:00:00,97.13,,97.19,20020900,20021200,20020600
2001-11-07 06:00:00,97.2,,97.265,20020900,20021200,20020600
2001-11-08 06:00:00,97.235,,97.235,20020900,20021200,20020600
2001-11-09 06:00:00,97.13,,97.195,20020900,20021200,20020600
2001-11-12 06:00:00,97.11,,97.205,20020900,20021200,20020600
2001-11-13 06:00:00,97.025,,97.15,20020900,20021200,20020600
2001-11-14 06:00:00,96.93,,97.05,20020900,20021200,20020600
2001-11-15 06:00:00,96.76,,96.84,20020900,20021200,20020600
2001-11-16 06:00:00,96.635,,96.81,20020900,20021200,20020600
2001-11-19 06:00:00,96.635,,96.85,20020900,20021200,20020600
2001-11-20 06:00:00,96.735,,96.875,20020900,20021200,20020600
2001-11-21 06:00:00,96.715,,96.805,20020900,20021200,20020600
2001-11-22 06:00:00,96.57,,96.78,20020900,20021200,20020600
2001-11-23 06:00:00,96.605,,96.805,20020900,20021200,20020600
2001-11-26 06:00:00,96.625,96.33,96.83,20020900,20021200,20020600
2001-11-27 06:00:00,96.13,,96.44,20021200,20030300,20020900
2001-11-28 06:00:00,96.255,,96.56,20021200,20030300,20020900
2001-11-29 06:00:00,96.31,,96.67,20021200,20030300,20020900
2001-11-30 06:00:00,96.38,,96.74,20021200,20030300,20020900
2001-12-03 06:00:00,96.445,,96.805,20021200,20030300,20020900
2001-12-04 06:00:00,96.44,,96.81,20021200,20030300,20020900
2001-12-05 06:00:00,96.16,,96.555,20021200,20030300,20020900
2001-12-06 06:00:00,96.05,,96.435,20021200,20030300,20020900
2001-12-07 06:00:00,96.005,,96.41,20021200,20030300,20020900
2001-12-10 06:00:00,96.075,,96.495,20021200,20030300,20020900
2001-12-11 06:00:00,96.145,,96.56,20021200,20030300,20020900
2001-12-12 06:00:00,96.285,,96.655,20021200,20030300,20020900
2001-12-13 06:00:00,96.215,,96.59,20021200,20030300,20020900
2001-12-14 06:00:00,96.19,,96.6,20021200,20030300,20020900
2001-12-17 06:00:00,96.065,,96.49,20021200,20030300,20020900
2001-12-18 06:00:00,96.21,,96.595,20021200,20030300,20020900
2001-12-19 06:00:00,96.255,,96.655,20021200,20030300,20020900
2001-12-20 06:00:00,96.225,,96.625,20021200,20030300,20020900
2001-12-21 06:00:00,96.18,,96.6,20021200,20030300,20020900
2001-12-27 06:00:00,96.15,,96.535,20021200,20030300,20020900
2001-12-28 06:00:00,96.125,,96.54,20021200,20030300,20020900
2002-01-02 06:00:00,96.205,,96.605,20021200,20030300,20020900
2002-01-03 06:00:00,96.235,,96.61,20021200,20030300,20020900
2002-01-04 06:00:00,96.17,,96.56,20021200,20030300,20020900
2002-01-07 06:00:00,96.22,,96.505,20021200,20030300,20020900
2002-01-08 06:00:00,96.2,,96.535,20021200,20030300,20020900
2002-01-09 06:00:00,96.11,,96.455,20021200,20030300,20020900
2002-01-10 06:00:00,96.115,,96.475,20021200,20030300,20020900
2002-01-11 06:00:00,96.135,,96.415,20021200,20030300,20020900
2002-01-14 06:00:00,96.225,,96.535,20021200,20030300,20020900
2002-01-15 06:00:00,96.18,,96.48,20021200,20030300,20020900
2002-01-16 06:00:00,96.175,,96.49,20021200,20030300,20020900
2002-01-17 06:00:00,96.15,,96.495,20021200,20030300,20020900
2002-01-18 06:00:00,96.16,,,20021200,20030300,20020900
2002-01-21 06:00:00,96.165,,96.47,20021200,20030300,20020900
2002-01-22 06:00:00,96.05,,96.38,20021200,20030300,20020900
2002-01-23 06:00:00,96.065,,96.36,20021200,20030300,20020900
2002-01-24 06:00:00,95.98,,96.33,20021200,20030300,20020900
2002-01-25 06:00:00,95.86,,96.26,20021200,20030300,20020900
2002-01-28 06:00:00,95.87,,96.175,20021200,20030300,20020900
2002-01-29 06:00:00,95.945,,96.26,20021200,20030300,20020900
2002-01-30 06:00:00,95.98,,96.345,20021200,20030300,20020900
2002-01-31 06:00:00,95.975,,96.31,20021200,20030300,20020900
2002-02-01 06:00:00,95.99,,96.32,20021200,20030300,20020900
2002-02-04 06:00:00,96.105,,96.38,20021200,20030300,20020900
2002-02-05 06:00:00,96.135,,96.445,20021200,20030300,20020900
2002-02-06 06:00:00,96.15,,96.46,20021200,20030300,20020900
2002-02-07 06:00:00,96.05,,96.345,20021200,20030300,20020900
2002-02-08 06:00:00,96.075,,96.375,20021200,20030300,20020900
2002-02-11 06:00:00,96.045,,96.36,20021200,20030300,20020900
2002-02-12 06:00:00,96.07,,96.34,20021200,20030300,20020900
2002-02-13 06:00:00,95.96,,96.24,20021200,20030300,20020900
2002-02-14 06:00:00,96.01,,96.325,20021200,20030300,20020900
2002-02-15 06:00:00,96.045,,96.36,20021200,20030300,20020900
2002-02-18 06:00:00,96.065,,96.355,20021200,20030300,20020900
2002-02-19 06:00:00,96.075,,96.355,20021200,20030300,20020900
2002-02-20 06:00:00,96.045,,96.33,20021200,20030300,20020900
2002-02-21 06:00:00,96.04,,96.325,20021200,20030300,20020900
2002-02-22 06:00:00,96.13,,96.4,20021200,20030300,20020900
2002-02-25 06:00:00,96.11,95.86,96.385,20021200,20030300,20020900
2002-02-26 06:00:00,95.84,,96.055,20030300,20030600,20021200
2002-02-27 06:00:00,95.81,,96.06,20030300,20030600,20021200
2002-02-28 06:00:00,95.86,,96.065,20030300,20030600,20021200
2002-03-01 06:00:00,95.815,,96.03,20030300,20030600,20021200
2002-03-04 06:00:00,95.72,,95.97,20030300,20030600,20021200
2002-03-05 06:00:00,95.665,,95.91,20030300,20030600,20021200
2002-03-06 06:00:00,95.675,,95.915,20030300,20030600,20021200
2002-03-07 06:00:00,95.57,,95.835,20030300,20030600,20021200
2002-03-08 06:00:00,95.53,,95.775,20030300,20030600,20021200
2002-03-11 06:00:00,95.545,,95.815,20030300,20030600,20021200
2002-03-12 06:00:00,95.55,,95.81,20030300,20030600,20021200
2002-03-13 06:00:00,95.53,,95.805,20030300,20030600,20021200
2002-03-14 06:00:00,95.51,,95.75,20030300,20030600,20021200
2002-03-15 06:00:00,95.45,,95.7,20030300,20030600,20021200
2002-03-18 06:00:00,95.45,,95.71,20030300,20030600,20021200
2002-03-19 06:00:00,95.48,,95.7,20030300,20030600,20021200
2002-03-20 06:00:00,95.47,,95.705,20030300,20030600,20021200
2002-03-21 06:00:00,95.39,,95.64,20030300,20030600,20021200
2002-03-22 06:00:00,95.35,,95.6,20030300,20030600,20021200
2002-03-25 06:00:00,95.315,,95.56,20030300,20030600,20021200
2002-03-26 06:00:00,95.365,,95.585,20030300,20030600,20021200
2002-03-27 06:00:00,95.4,,95.635,20030300,20030600,20021200
2002-03-28 06:00:00,95.37,,95.605,20030300,20030600,20021200
2002-04-02 06:00:00,95.355,,95.595,20030300,20030600,20021200
2002-04-03 06:00:00,95.415,,95.67,20030300,20030600,20021200
2002-04-04 06:00:00,95.51,,95.735,20030300,20030600,20021200
2002-04-05 06:00:00,95.53,,95.77,20030300,20030600,20021200
2002-04-08 05:00:00,95.565,,95.795,20030300,20030600,20021200
2002-04-09 05:00:00,95.53,,95.79,20030300,20030600,20021200
2002-04-10 05:00:00,95.555,,95.785,20030300,20030600,20021200
2002-04-11 05:00:00,95.54,,95.805,20030300,20030600,20021200
2002-04-12 05:00:00,95.555,,95.845,20030300,20030600,20021200
2002-04-15 05:00:00,95.66,,95.91,20030300,20030600,20021200
2002-04-16 05:00:00,95.55,,95.78,20030300,20030600,20021200
2002-04-17 05:00:00,95.58,,95.84,20030300,20030600,20021200
2002-04-18 05:00:00,95.59,,95.855,20030300,20030600,20021200
2002-04-19 05:00:00,95.61,,95.87,20030300,20030600,20021200
2002-04-22 05:00:00,95.675,,95.925,20030300,20030600,20021200
2002-04-23 05:00:00,95.69,,95.915,20030300,20030600,20021200
2002-04-24 05:00:00,95.705,,95.955,20030300,20030600,20021200
2002-04-25 05:00:00,95.79,,96.07,20030300,20030600,20021200
2002-04-26 05:00:00,95.825,,96.065,20030300,20030600,20021200
2002-04-29 05:00:00,95.79,,96.04,20030300,20030600,20021200
2002-04-30 05:00:00,95.78,,96.02,20030300,20030600,20021200
2002-05-02 05:00:00,95.675,,95.915,20030300,20030600,20021200
2002-05-03 05:00:00,95.65,,95.975,20030300,20030600,20021200
2002-05-06 05:00:00,95.725,,95.97,20030300,20030600,20021200
2002-05-07 05:00:00,95.765,,96.0,20030300,20030600,20021200
2002-05-08 05:00:00,95.685,,95.935,20030300,20030600,20021200
2002-05-09 05:00:00,95.625,,95.885,20030300,20030600,20021200
2002-05-10 05:00:00,95.6,,95.85,20030300,20030600,20021200
2002-05-13 05:00:00,95.58,,95.845,20030300,20030600,20021200
2002-05-14 05:00:00,95.455,,95.72,20030300,20030600,20021200
2002-05-15 05:00:00,95.455,,95.715,20030300,20030600,20021200
2002-05-16 05:00:00,95.5,,95.74,20030300,20030600,20021200
2002-05-17 05:00:00,95.44,,95.65,20030300,20030600,20021200
2002-05-20 05:00:00,95.47,,95.7,20030300,20030600,20021200
2002-05-21 05:00:00,95.54,,95.795,20030300,20030600,20021200
2002-05-22 05:00:00,95.62,,95.865,20030300,20030600,20021200
2002-05-23 05:00:00,95.595,,95.84,20030300,20030600,20021200
2002-05-24 05:00:00,95.605,,95.84,20030300,20030600,20021200
2002-05-27 05:00:00,95.545,95.365,95.79,20030300,20030600,20021200
2002-05-28 05:00:00,95.335,,95.55,20030600,20030900,20030300
2002-05-29 05:00:00,95.415,,95.585,20030600,20030900,20030300
2002-05-30 05:00:00,95.495,,95.665,20030600,20030900,20030300
2002-05-31 05:00:00,95.485,,95.665,20030600,20030900,20030300
2002-06-03 05:00:00,95.44,,95.58,20030600,20030900,20030300
2002-06-04 05:00:00,95.48,,95.665,20030600,20030900,20030300
2002-06-05 05:00:00,95.5,,95.68,20030600,20030900,20030300
2002-06-06 05:00:00,95.48,,95.675,20030600,20030900,20030300
2002-06-07 05:00:00,95.565,,95.74,20030600,20030900,20030300
2002-06-10 05:00:00,95.53,,95.705,20030600,20030900,20030300
2002-06-11 05:00:00,95.55,,95.725,20030600,20030900,20030300
2002-06-12 05:00:00,95.6,,95.795,20030600,20030900,20030300
2002-06-13 05:00:00,95.695,,95.86,20030600,20030900,20030300
2002-06-14 05:00:00,95.755,,95.93,20030600,20030900,20030300
2002-06-17 05:00:00,95.715,,95.885,20030600,20030900,20030300
2002-06-18 05:00:00,95.715,,95.905,20030600,20030900,20030300
2002-06-19 05:00:00,95.785,,95.94,20030600,20030900,20030300
2002-06-20 05:00:00,95.795,,95.97,20030600,20030900,20030300
2002-06-21 05:00:00,95.79,,95.98,20030600,20030900,20030300
2002-06-24 05:00:00,95.825,,96.03,20030600,20030900,20030300
2002-06-25 05:00:00,95.795,,95.98,20030600,20030900,20030300
2002-06-26 05:00:00,95.88,,96.085,20030600,20030900,20030300
2002-06-27 05:00:00,95.8,,96.035,20030600,20030900,20030300
2002-06-28 05:00:00,95.89,,96.1,20030600,20030900,20030300
2002-07-01 05:00:00,95.89,,96.105,20030600,20030900,20030300
2002-07-02 05:00:00,95.925,,96.13,20030600,20030900,20030300
2002-07-03 05:00:00,95.955,,96.16,20030600,20030900,20030300
2002-07-04 05:00:00,95.895,,96.1,20030600,20030900,20030300
2002-07-05 05:00:00,95.84,,96.05,20030600,20030900,20030300
2002-07-08 05:00:00,95.835,,96.055,20030600,20030900,20030300
2002-07-09 05:00:00,95.875,,96.08,20030600,20030900,20030300
2002-07-10 05:00:00,95.97,,96.175,20030600,20030900,20030300
2002-07-11 05:00:00,96.035,,96.255,20030600,20030900,20030300
2002-07-12 05:00:00,96.09,,96.225,20030600,20030900,20030300
2002-07-15 05:00:00,96.165,,96.34,20030600,20030900,20030300
2002-07-16 05:00:00,96.14,,96.335,20030600,20030900,20030300
2002-07-17 05:00:00,96.03,,96.23,20030600,20030900,20030300
2002-07-18 05:00:00,96.05,,96.25,20030600,20030900,20030300
2002-07-19 05:00:00,96.14,,96.33,20030600,20030900,20030300
2002-07-22 05:00:00,96.17,,96.4,20030600,20030900,20030300
2002-07-23 05:00:00,96.195,,96.385,20030600,20030900,20030300
2002-07-24 05:00:00,96.365,,96.535,20030600,20030900,20030300
2002-07-25 05:00:00,96.285,,96.485,20030600,20030900,20030300
2002-07-26 05:00:00,96.38,,96.555,20030600,20030900,20030300
2002-07-29 05:00:00,96.245,,96.405,20030600,20030900,20030300
2002-07-30 05:00:00,96.265,,96.455,20030600,20030900,20030300
2002-07-31 05:00:00,96.355,,96.52,20030600,20030900,20030300
2002-08-01 05:00:00,96.44,,96.6,20030600,20030900,20030300
2002-08-02 05:00:00,96.525,,96.685,20030600,20030900,20030300
2002-08-05 05:00:00,96.66,,96.8,20030600,20030900,20030300
2002-08-06 05:00:00,96.56,,96.69,20030600,20030900,20030300
2002-08-07 05:00:00,96.61,,96.745,20030600,20030900,20030300
2002-08-08 05:00:00,96.61,,96.74,20030600,20030900,20030300
2002-08-09 05:00:00,96.6,,96.695,20030600,20030900,20030300
2002-08-12 05:00:00,96.555,,96.685,20030600,20030900,20030300
2002-08-13 05:00:00,96.625,,96.725,20030600,20030900,20030300
2002-08-14 05:00:00,96.68,,96.775,20030600,20030900,20030300
2002-08-15 05:00:00,96.375,,96.51,20030600,20030900,20030300
2002-08-16 05:00:00,96.36,,96.515,20030600,20030900,20030300
2002-08-19 05:00:00,96.375,,96.535,20030600,20030900,20030300
2002-08-20 05:00:00,96.465,,96.595,20030600,20030900,20030300
2002-08-21 05:00:00,96.33,,96.515,20030600,20030900,20030300
2002-08-22 05:00:00,96.315,,96.47,20030600,20030900,20030300
2002-08-23 05:00:00,96.39,,96.505,20030600,20030900,20030300
2002-08-26 05:00:00,96.37,96.25,96.495,20030600,20030900,20030300
2002-08-27 05:00:00,96.235,,96.365,20030900,20031200,20030600
2002-08-28 05:00:00,96.345,,96.485,20030900,20031200,20030600
2002-08-29 05:00:00,96.41,,96.52,20030900,20031200,20030600
2002-08-30 05:00:00,96.455,,96.6,20030900,20031200,20030600
2002-09-02 05:00:00,96.545,,96.66,20030900,20031200,20030600
2002-09-03 05:00:00,96.525,,96.74,20030900,20031200,20030600
2002-09-04 05:00:00,96.645,,96.765,20030900,20031200,20030600
2002-09-05 05:00:00,96.76,,96.89,20030900,20031200,20030600
2002-09-06 05:00:00,96.69,,96.825,20030900,20031200,20030600
2002-09-09 05:00:00,96.63,,96.805,20030900,20031200,20030600
2002-09-10 05:00:00,96.585,,96.74,20030900,20031200,20030600
2002-09-11 05:00:00,96.545,,96.665,20030900,20031200,20030600
2002-09-12 05:00:00,96.645,,96.7,20030900,20031200,20030600
2002-09-13 05:00:00,96.715,,96.87,20030900,20031200,20030600
2002-09-16 05:00:00,96.77,,96.91,20030900,20031200,20030600
2002-09-17 05:00:00,96.755,,96.935,20030900,20031200,20030600
2002-09-18 05:00:00,96.825,,96.925,20030900,20031200,20030600
2002-09-19 05:00:00,96.875,,97.0,20030900,20031200,20030600
2002-09-20 05:00:00,96.825,,96.965,20030900,20031200,20030600
2002-09-23 05:00:00,96.895,,97.025,20030900,20031200,20030600
2002-09-24 05:00:00,96.92,,97.02,20030900,20031200,20030600
2002-09-25 05:00:00,96.845,,97.025,20030900,20031200,20030600
2002-09-26 05:00:00,96.835,,96.985,20030900,20031200,20030600
2002-09-27 05:00:00,96.87,,97.01,20030900,20031200,20030600
2002-09-30 05:00:00,97.01,,97.15,20030900,20031200,20030600
2002-10-01 05:00:00,96.97,,97.13,20030900,20031200,20030600
2002-10-02 05:00:00,96.9,,97.05,20030900,20031200,20030600
2002-10-03 05:00:00,96.99,,97.15,20030900,20031200,20030600
2002-10-04 05:00:00,96.99,,97.15,20030900,20031200,20030600
2002-10-07 05:00:00,97.03,,97.175,20030900,20031200,20030600
2002-10-08 05:00:00,97.045,,97.15,20030900,20031200,20030600
2002-10-09 05:00:00,97.03,,97.16,20030900,20031200,20030600
2002-10-10 05:00:00,96.955,,97.085,20030900,20031200,20030600
2002-10-11 05:00:00,96.86,,97.0,20030900,20031200,20030600
2002-10-14 05:00:00,96.85,,97.0,20030900,20031200,20030600
2002-10-15 05:00:00,96.755,,96.895,20030900,20031200,20030600
2002-10-16 05:00:00,96.73,,96.86,20030900,20031200,20030600
2002-10-17 05:00:00,96.74,,96.9,20030900,20031200,20030600
2002-10-18 05:00:00,96.8,,96.925,20030900,20031200,20030600
2002-10-21 05:00:00,96.8,,96.955,20030900,20031200,20030600
2002-10-22 05:00:00,96.765,,96.93,20030900,20031200,20030600
2002-10-23 05:00:00,96.84,,97.005,20030900,20031200,20030600
2002-10-24 05:00:00,96.83,,96.99,20030900,20031200,20030600
2002-10-25 05:00:00,96.83,,96.97,20030900,20031200,20030600
2002-10-28 06:00:00,96.91,,97.01,20030900,20031200,20030600
2002-10-29 06:00:00,97.0,,97.12,20030900,20031200,20030600
2002-10-30 06:00:00,96.97,,97.1,20030900,20031200,20030600
2002-10-31 06:00:00,96.97,,97.07,20030900,20031200,20030600
2002-11-01 06:00:00,97.04,,97.145,20030900,20031200,20030600
2002-11-04 06:00:00,96.955,,97.065,20030900,20031200,20030600
2002-11-05 06:00:00,96.925,,97.05,20030900,20031200,20030600
2002-11-06 06:00:00,96.91,,97.035,20030900,20031200,20030600
2002-11-07 06:00:00,96.9,,97.05,20030900,20031200,20030600
2002-11-08 06:00:00,97.025,,97.13,20030900,20031200,20030600
2002-11-11 06:00:00,97.075,,97.175,20030900,20031200,20030600
2002-11-12 06:00:00,97.1,,97.21,20030900,20031200,20030600
2002-11-13 06:00:00,97.095,,97.22,20030900,20031200,20030600
2002-11-14 06:00:00,97.05,,97.18,20030900,20031200,20030600
2002-11-15 06:00:00,97.055,,97.165,20030900,20031200,20030600
2002-11-18 06:00:00,97.045,,97.15,20030900,20031200,20030600
2002-11-19 06:00:00,97.07,,97.175,20030900,20031200,20030600
2002-11-20 06:00:00,97.09,,97.195,20030900,20031200,20030600
2002-11-21 06:00:00,97.05,,97.16,20030900,20031200,20030600
2002-11-22 06:00:00,97.03,,97.145,20030900,20031200,20030600
2002-11-25 06:00:00,96.975,,97.1,20030900,20031200,20030600
2002-11-26 06:00:00,97.025,96.835,97.135,20030900,20031200,20030600
2002-11-27 06:00:00,96.745,,96.95,20031200,20040300,20030900
2002-11-28 06:00:00,96.75,,96.945,20031200,20040300,20030900
2002-11-29 06:00:00,96.775,,96.96,20031200,20040300,20030900
2002-12-02 06:00:00,96.75,,96.945,20031200,20040300,20030900
2002-12-03 06:00:00,96.8,,97.035,20031200,20040300,20030900
2002-12-04 06:00:00,96.81,,97.0,20031200,20040300,20030900
2002-12-05 06:00:00,96.78,,97.045,20031200,20040300,20030900
2002-12-06 06:00:00,96.94,,97.1,20031200,20040300,20030900
2002-12-09 06:00:00,97.005,,97.165,20031200,20040300,20030900
2002-12-10 06:00:00,97.03,,97.195,20031200,20040300,20030900
2002-12-11 06:00:00,97.05,,97.18,20031200,20040300,20030900
2002-12-12 06:00:00,97.135,,97.25,20031200,20040300,20030900
2002-12-13 06:00:00,97.135,,97.295,20031200,20040300,20030900
2002-12-16 06:00:00,97.14,,97.295,20031200,20040300,20030900
2002-12-17 06:00:00,97.185,,97.325,20031200,20040300,20030900
2002-12-18 06:00:00,97.24,,97.365,20031200,20040300,20030900
2002-12-19 06:00:00,97.24,,97.36,20031200,20040300,20030900
2002-12-20 06:00:00,97.245,,97.36,20031200,20040300,20030900
2002-12-23 06:00:00,97.25,,97.37,20031200,20040300,20030900
2002-12-27 06:00:00,97.33,,97.42,20031200,20040300,20030900
2002-12-30 06:00:00,97.305,,97.425,20031200,20040300,20030900
2003-01-02 06:00:00,97.215,,97.34,20031200,20040300,20030900
2003-01-03 06:00:00,97.195,,97.33,20031200,20040300,20030900
2003-01-06 06:00:00,97.31,,97.44,20031200,20040300,20030900
2003-01-07 06:00:00,97.305,,97.435,20031200,20040300,20030900
2003-01-08 06:00:00,97.38,,97.48,20031200,20040300,20030900
2003-01-09 06:00:00,97.355,,97.45,20031200,20040300,20030900
2003-01-10 06:00:00,97.385,,97.48,20031200,20040300,20030900
2003-01-13 06:00:00,97.35,,97.465,20031200,20040300,20030900
2003-01-14 06:00:00,97.38,,97.475,20031200,20040300,20030900
2003-01-15 06:00:00,97.345,,97.46,20031200,20040300,20030900
2003-01-16 06:00:00,97.335,,97.435,20031200,20040300,20030900
2003-01-17 06:00:00,97.41,,97.49,20031200,20040300,20030900
2003-01-20 06:00:00,97.45,,97.52,20031200,20040300,20030900
2003-01-21 06:00:00,97.445,,97.515,20031200,20040300,20030900
2003-01-22 06:00:00,97.48,,97.545,20031200,20040300,20030900
2003-01-23 06:00:00,97.47,,97.545,20031200,20040300,20030900
2003-01-24 06:00:00,97.51,,97.585,20031200,20040300,20030900
2003-01-27 06:00:00,97.49,,97.57,20031200,20040300,20030900
2003-01-28 06:00:00,97.475,,97.56,20031200,20040300,20030900
2003-01-29 06:00:00,97.505,,97.585,20031200,20040300,20030900
2003-01-30 06:00:00,97.485,,97.565,20031200,20040300,20030900
2003-01-31 06:00:00,97.505,,97.585,20031200,20040300,20030900
2003-02-03 06:00:00,97.495,,97.56,20031200,20040300,20030900
2003-02-04 06:00:00,97.525,,97.6,20031200,20040300,20030900
2003-02-05 06:00:00,97.54,,97.605,20031200,20040300,20030900
2003-02-06 06:00:00,97.58,,97.61,20031200,20040300,20030900
2003-02-07 06:00:00,97.585,,97.675,20031200,20040300,20030900
2003-02-10 06:00:00,97.61,,97.675,20031200,20040300,20030900
2003-02-11 06:00:00,97.625,,97.685,20031200,20040300,20030900
2003-02-12 06:00:00,97.65,,97.715,20031200,20040300,20030900
2003-02-13 06:00:00,97.68,,97.725,20031200,20040300,20030900
2003-02-14 06:00:00,97.645,,97.695,20031200,20040300,20030900
2003-02-17 06:00:00,97.63,,97.69,20031200,20040300,20030900
2003-02-18 06:00:00,97.63,,97.68,20031200,20040300,20030900
2003-02-19 06:00:00,97.67,,97.72,20031200,20040300,20030900
2003-02-20 06:00:00,97.68,,97.725,20031200,20040300,20030900
2003-02-21 06:00:00,97.655,,97.695,20031200,20040300,20030900
2003-02-24 06:00:00,97.73,,97.775,20031200,20040300,20030900
2003-02-25 06:00:00,97.78,97.71,97.785,20031200,20040300,20030900
2003-02-26 06:00:00,97.675,,97.755,20040300,20040600,20031200
2003-02-27 06:00:00,97.7,,97.715,20040300,20040600,20031200
2003-02-28 06:00:00,97.675,,97.765,20040300,20040600,20031200
2003-03-03 06:00:00,97.71,,97.785,20040300,20040600,20031200
2003-03-04 06:00:00,97.72,,97.795,20040300,20040600,20031200
2003-03-05 06:00:00,97.725,,97.79,20040300,20040600,20031200
2003-03-06 06:00:00,97.69,,97.795,20040300,20040600,20031200
2003-03-07 06:00:00,97.78,,97.845,20040300,20040600,20031200
2003-03-10 06:00:00,97.82,,97.865,20040300,20040600,20031200
2003-03-11 06:00:00,97.785,,97.865,20040300,20040600,20031200
2003-03-12 06:00:00,97.765,,97.825,20040300,20040600,20031200
2003-03-13 06:00:00,97.55,,97.63,20040300,20040600,20031200
2003-03-14 06:00:00,97.49,,97.595,20040300,20040600,20031200
2003-03-17 06:00:00,97.4,,97.51,20040300,20040600,20031200
2003-03-18 06:00:00,97.395,,97.54,20040300,20040600,20031200
2003-03-19 06:00:00,97.315,,97.505,20040300,20040600,20031200
2003-03-20 06:00:00,97.39,,97.565,20040300,20040600,20031200
2003-03-21 06:00:00,97.3,,97.485,20040300,20040600,20031200
2003-03-24 06:00:00,97.38,,97.54,20040300,20040600,20031200
2003-03-25 06:00:00,97.405,,97.56,20040300,20040600,20031200
2003-03-26 06:00:00,97.41,,97.56,20040300,20040600,20031200
2003-03-27 06:00:00,97.49,,97.625,20040300,20040600,20031200
2003-03-28 06:00:00,97.5,,97.625,20040300,20040600,20031200
2003-03-31 06:00:00,97.605,,97.71,20040300,20040600,20031200
2003-04-01 06:00:00,97.64,,97.735,20040300,20040600,20031200
2003-04-02 06:00:00,97.57,,97.68,20040300,20040600,20031200
2003-04-03 06:00:00,97.49,,97.64,20040300,20040600,20031200
2003-04-04 06:00:00,97.54,,97.68,20040300,20040600,20031200
2003-04-07 05:00:00,97.425,,97.59,20040300,20040600,20031200
2003-04-08 05:00:00,97.47,,97.62,20040300,20040600,20031200
2003-04-09 05:00:00,97.505,,97.64,20040300,20040600,20031200
2003-04-10 05:00:00,97.585,,97.69,20040300,20040600,20031200
2003-04-11 05:00:00,97.495,,97.615,20040300,20040600,20031200
2003-04-14 05:00:00,97.405,,97.53,20040300,20040600,20031200
2003-04-15 05:00:00,97.415,,97.54,20040300,20040600,20031200
2003-04-16 05:00:00,97.425,,97.545,20040300,20040600,20031200
2003-04-17 05:00:00,97.485,,97.585,20040300,20040600,20031200
2003-04-22 05:00:00,97.55,,97.64,20040300,20040600,20031200
2003-04-23 05:00:00,97.515,,97.61,20040300,20040600,20031200
2003-04-24 05:00:00,97.59,,97.68,20040300,20040600,20031200
2003-04-25 05:00:00,97.62,,97.685,20040300,20040600,20031200
2003-04-28 05:00:00,97.64,,97.72,20040300,20040600,20031200
2003-04-29 05:00:00,97.58,,97.67,20040300,20040600,20031200
2003-04-30 05:00:00,97.705,,97.72,20040300,20040600,20031200
2003-05-02 05:00:00,97.71,,97.775,20040300,20040600,20031200
2003-05-05 05:00:00,97.665,,97.735,20040300,20040600,20031200
2003-05-06 05:00:00,97.715,,97.79,20040300,20040600,20031200
2003-05-07 05:00:00,97.79,,97.84,20040300,20040600,20031200
2003-05-08 05:00:00,97.765,,97.8,20040300,20040600,20031200
2003-05-09 05:00:00,97.765,,97.805,20040300,20040600,20031200
2003-05-12 05:00:00,97.81,,97.85,20040300,20040600,20031200
2003-05-13 05:00:00,97.8,,97.875,20040300,20040600,20031200
2003-05-14 05:00:00,97.825,,97.875,20040300,20040600,20031200
2003-05-15 05:00:00,97.845,,97.89,20040300,20040600,20031200
2003-05-16 05:00:00,97.855,,97.905,20040300,20040600,20031200
2003-05-19 05:00:00,97.915,,97.94,20040300,20040600,20031200
2003-05-20 05:00:00,97.91,,97.935,20040300,20040600,20031200
2003-05-21 05:00:00,97.935,,97.95,20040300,20040600,20031200
2003-05-22 05:00:00,97.93,,97.95,20040300,20040600,20031200
2003-05-23 05:00:00,97.985,,97.98,20040300,20040600,20031200
2003-05-26 05:00:00,97.98,,97.98,20040300,20040600,20031200
2003-05-27 05:00:00,97.97,97.855,97.98,20040300,20040600,20031200
2003-05-28 05:00:00,97.79,,97.915,20040600,20040900,20040300
2003-05-29 05:00:00,97.8,,97.99,20040600,20040900,20040300
2003-05-30 05:00:00,97.875,,97.985,20040600,20040900,20040300
2003-06-02 05:00:00,97.84,,97.97,20040600,20040900,20040300
2003-06-03 05:00:00,97.955,,98.055,20040600,20040900,20040300
2003-06-04 05:00:00,97.93,,98.03,20040600,20040900,20040300
2003-06-05 05:00:00,98.02,,98.115,20040600,20040900,20040300
2003-06-06 05:00:00,98.005,,98.125,20040600,20040900,20040300
2003-06-09 05:00:00,98.055,,98.15,20040600,20040900,20040300
2003-06-10 05:00:00,98.055,,98.16,20040600,20040900,20040300
2003-06-11 05:00:00,98.14,,98.225,20040600,20040900,20040300
2003-06-12 05:00:00,98.135,,98.225,20040600,20040900,20040300
2003-06-13 05:00:00,98.185,,98.275,20040600,20040900,20040300
2003-06-16 05:00:00,98.175,,98.26,20040600,20040900,20040300
2003-06-17 05:00:00,98.01,,98.135,20040600,20040900,20040300
2003-06-18 05:00:00,98.02,,98.14,20040600,20040900,20040300
2003-06-19 05:00:00,98.005,,98.145,20040600,20040900,20040300
2003-06-20 05:00:00,98.035,,98.185,20040600,20040900,20040300
2003-06-23 05:00:00,98.02,,98.14,20040600,20040900,20040300
2003-06-24 05:00:00,98.025,,98.15,20040600,20040900,20040300
2003-06-25 05:00:00,98.08,,98.19,20040600,20040900,20040300
2003-06-26 05:00:00,97.87,,98.02,20040600,20040900,20040300
2003-06-27 05:00:00,97.855,,98.0,20040600,20040900,20040300
2003-06-30 05:00:00,97.865,,98.02,20040600,20040900,20040300
2003-07-01 05:00:00,97.935,,98.075,20040600,20040900,20040300
2003-07-02 05:00:00,97.885,,98.035,20040600,20040900,20040300
2003-07-03 05:00:00,97.89,,98.035,20040600,20040900,20040300
2003-07-04 05:00:00,97.92,,98.07,20040600,20040900,20040300
2003-07-07 05:00:00,97.89,,98.03,20040600,20040900,20040300
2003-07-08 05:00:00,97.9,,98.01,20040600,20040900,20040300
2003-07-09 05:00:00,97.9,,98.01,20040600,20040900,20040300
2003-07-10 05:00:00,97.93,,98.05,20040600,20040900,20040300
2003-07-11 05:00:00,97.92,,98.04,20040600,20040900,20040300
2003-07-14 05:00:00,97.94,,98.06,20040600,20040900,20040300
2003-07-15 05:00:00,97.865,,97.955,20040600,20040900,20040300
2003-07-16 05:00:00,97.785,,97.91,20040600,20040900,20040300
2003-07-17 05:00:00,97.73,,97.915,20040600,20040900,20040300
2003-07-18 05:00:00,97.78,,97.945,20040600,20040900,20040300
2003-07-21 05:00:00,97.73,,97.92,20040600,20040900,20040300
2003-07-22 05:00:00,97.72,,97.915,20040600,20040900,20040300
2003-07-23 05:00:00,97.835,,97.96,20040600,20040900,20040300
2003-07-24 05:00:00,97.74,,97.915,20040600,20040900,20040300
2003-07-25 05:00:00,97.79,,97.975,20040600,20040900,20040300
2003-07-28 05:00:00,97.74,,97.92,20040600,20040900,20040300
2003-07-29 05:00:00,97.74,,97.945,20040600,20040900,20040300
2003-07-30 05:00:00,97.7,,97.9,20040600,20040900,20040300
2003-07-31 05:00:00,97.575,,97.885,20040600,20040900,20040300
2003-08-01 05:00:00,97.345,,97.695,20040600,20040900,20040300
2003-08-04 05:00:00,97.41,,97.64,20040600,20040900,20040300
2003-08-05 05:00:00,97.43,,97.685,20040600,20040900,20040300
2003-08-06 05:00:00,97.425,,97.675,20040600,20040900,20040300
2003-08-07 05:00:00,97.505,,97.735,20040600,20040900,20040300
2003-08-08 05:00:00,97.565,,97.78,20040600,20040900,20040300
2003-08-11 05:00:00,97.545,,97.715,20040600,20040900,20040300
2003-08-12 05:00:00,97.515,,97.725,20040600,20040900,20040300
2003-08-13 05:00:00,97.45,,97.7,20040600,20040900,20040300
2003-08-14 05:00:00,97.385,,97.635,20040600,20040900,20040300
2003-08-15 05:00:00,97.45,,97.7,20040600,20040900,20040300
2003-08-18 05:00:00,97.42,,97.68,20040600,20040900,20040300
2003-08-19 05:00:00,97.41,,97.655,20040600,20040900,20040300
2003-08-20 05:00:00,97.43,,97.68,20040600,20040900,20040300
2003-08-21 05:00:00,97.41,,97.675,20040600,20040900,20040300
2003-08-22 05:00:00,97.35,,97.64,20040600,20040900,20040300
2003-08-25 05:00:00,97.42,,97.67,20040600,20040900,20040300
2003-08-26 05:00:00,97.365,,97.62,20040600,20040900,20040300
2003-08-27 05:00:00,97.395,97.13,97.65,20040600,20040900,20040300
2003-08-28 05:00:00,97.105,,97.42,20040900,20041200,20040600
2003-08-29 05:00:00,97.155,,97.42,20040900,20041200,20040600
2003-09-01 05:00:00,97.16,,97.43,20040900,20041200,20040600
2003-09-02 05:00:00,96.985,,97.315,20040900,20041200,20040600
2003-09-03 05:00:00,96.985,,97.29,20040900,20041200,20040600
2003-09-04 05:00:00,97.03,,97.32,20040900,20041200,20040600
2003-09-05 05:00:00,97.12,,97.42,20040900,20041200,20040600
2003-09-08 05:00:00,97.285,,97.555,20040900,20041200,20040600
2003-09-09 05:00:00,97.275,,97.545,20040900,20041200,20040600
2003-09-10 05:00:00,97.305,,97.545,20040900,20041200,20040600
2003-09-11 05:00:00,97.245,,97.525,20040900,20041200,20040600
2003-09-12 05:00:00,97.385,,97.625,20040900,20041200,20040600
2003-09-15 05:00:00,97.39,,97.63,20040900,20041200,20040600
2003-09-16 05:00:00,97.395,,97.615,20040900,20041200,20040600
2003-09-17 05:00:00,97.4,,97.63,20040900,20041200,20040600
2003-09-18 05:00:00,97.45,,97.69,20040900,20041200,20040600
2003-09-19 05:00:00,97.46,,97.68,20040900,20041200,20040600
2003-09-22 05:00:00,97.545,,97.745,20040900,20041200,20040600
2003-09-23 05:00:00,97.545,,97.755,20040900,20041200,20040600
2003-09-24 05:00:00,97.55,,97.755,20040900,20041200,20040600
2003-09-25 05:00:00,97.615,,97.81,20040900,20041200,20040600
2003-09-26 05:00:00,97.595,,97.81,20040900,20041200,20040600
2003-09-29 05:00:00,97.6,,97.82,20040900,20041200,20040600
2003-09-30 05:00:00,97.705,,97.865,20040900,20041200,20040600
2003-10-01 05:00:00,97.715,,97.905,20040900,20041200,20040600
2003-10-02 05:00:00,97.565,,97.77,20040900,20041200,20040600
2003-10-03 05:00:00,97.505,,97.615,20040900,20041200,20040600
2003-10-06 05:00:00,97.41,,97.63,20040900,20041200,20040600
2003-10-07 05:00:00,97.455,,97.655,20040900,20041200,20040600
2003-10-08 05:00:00,97.435,,97.65,20040900,20041200,20040600
2003-10-09 05:00:00,97.38,,97.595,20040900,20041200,20040600
2003-10-10 05:00:00,97.39,,97.64,20040900,20041200,20040600
2003-10-13 05:00:00,97.34,,97.585,20040900,20041200,20040600
2003-10-14 05:00:00,97.28,,97.54,20040900,20041200,20040600
2003-10-15 05:00:00,97.275,,97.54,20040900,20041200,20040600
2003-10-16 05:00:00,97.285,,97.555,20040900,20041200,20040600
2003-10-17 05:00:00,97.16,,97.445,20040900,20041200,20040600
2003-10-20 05:00:00,97.225,,97.48,20040900,20041200,20040600
2003-10-21 05:00:00,97.25,,97.525,20040900,20041200,20040600
2003-10-22 05:00:00,97.25,,97.515,20040900,20041200,20040600
2003-10-23 05:00:00,97.315,,97.52,20040900,20041200,20040600
2003-10-24 05:00:00,97.265,,97.52,20040900,20041200,20040600
2003-10-27 06:00:00,97.255,,97.51,20040900,20041200,20040600
2003-10-28 06:00:00,97.23,,97.465,20040900,20041200,20040600
2003-10-29 06:00:00,97.295,,97.51,20040900,20041200,20040600
2003-10-30 06:00:00,97.21,,97.47,20040900,20041200,20040600
2003-10-31 06:00:00,97.235,,97.485,20040900,20041200,20040600
2003-11-03 06:00:00,97.19,,97.455,20040900,20041200,20040600
2003-11-04 06:00:00,97.215,,97.465,20040900,20041200,20040600
2003-11-05 06:00:00,97.175,,97.435,20040900,20041200,20040600
2003-11-06 06:00:00,97.105,,97.375,20040900,20041200,20040600
2003-11-07 06:00:00,97.065,,97.35,20040900,20041200,20040600
2003-11-10 06:00:00,97.105,,97.37,20040900,20041200,20040600
2003-11-11 06:00:00,97.115,,97.38,20040900,20041200,20040600
2003-11-12 06:00:00,97.115,,97.39,20040900,20041200,20040600
2003-11-13 06:00:00,97.205,,97.465,20040900,20041200,20040600
2003-11-14 06:00:00,97.3,,97.545,20040900,20041200,20040600
2003-11-17 06:00:00,97.365,,97.59,20040900,20041200,20040600
2003-11-18 06:00:00,97.395,,97.61,20040900,20041200,20040600
2003-11-19 06:00:00,97.415,,97.62,20040900,20041200,20040600
2003-11-20 06:00:00,97.395,,97.6,20040900,20041200,20040600
2003-11-21 06:00:00,97.4,,97.6,20040900,20041200,20040600
2003-11-24 06:00:00,97.35,,97.555,20040900,20041200,20040600
2003-11-25 06:00:00,97.25,,97.495,20040900,20041200,20040600
2003-11-26 06:00:00,97.265,,97.515,20040900,20041200,20040600
2003-11-27 06:00:00,97.15,96.87,97.44,20040900,20041200,20040600
2003-11-28 06:00:00,96.905,,97.185,20041200,20050300,20040900
2003-12-01 06:00:00,96.795,,97.085,20041200,20050300,20040900
2003-12-02 06:00:00,96.83,,97.09,20041200,20050300,20040900
2003-12-03 06:00:00,96.895,,97.155,20041200,20050300,20040900
2003-12-04 06:00:00,96.89,,97.19,20041200,20050300,20040900
2003-12-05 06:00:00,96.99,,97.285,20041200,20050300,20040900
2003-12-08 06:00:00,97.055,,97.335,20041200,20050300,20040900
2003-12-09 06:00:00,97.025,,97.335,20041200,20050300,20040900
2003-12-10 06:00:00,97.07,,97.33,20041200,20050300,20040900
2003-12-11 06:00:00,97.035,,97.305,20041200,20050300,20040900
2003-12-12 06:00:00,97.17,,97.43,20041200,20050300,20040900
2003-12-15 06:00:00,97.165,,97.42,20041200,20050300,20040900
2003-12-16 06:00:00,97.185,,97.44,20041200,20050300,20040900
2003-12-17 06:00:00,97.26,,97.505,20041200,20050300,20040900
2003-12-18 06:00:00,97.285,,97.53,20041200,20050300,20040900
2003-12-19 06:00:00,97.195,,97.455,20041200,20050300,20040900
2003-12-22 06:00:00,97.265,,97.485,20041200,20050300,20040900
2003-12-23 06:00:00,97.24,,97.515,20041200,20050300,20040900
2003-12-29 06:00:00,97.28,,97.525,20041200,20050300,20040900
2003-12-30 06:00:00,97.25,,97.53,20041200,20050300,20040900
2004-01-02 06:00:00,97.25,,97.515,20041200,20050300,20040900
2004-01-05 06:00:00,97.265,,97.54,20041200,20050300,20040900
2004-01-06 06:00:00,97.36,,97.63,20041200,20050300,20040900
2004-01-07 06:00:00,97.39,,97.65,20041200,20050300,20040900
2004-01-08 06:00:00,97.42,,97.665,20041200,20050300,20040900
2004-01-09 06:00:00,97.565,,97.765,20041200,20050300,20040900
2004-01-12 06:00:00,97.58,,97.785,20041200,20050300,20040900
2004-01-13 06:00:00,97.53,,97.745,20041200,20050300,20040900
2004-01-14 06:00:00,97.525,,97.74,20041200,20050300,20040900
2004-01-15 06:00:00,97.5,,97.73,20041200,20050300,20040900
2004-01-16 06:00:00,97.515,,97.745,20041200,20050300,20040900
2004-01-19 06:00:00,97.5,,97.72,20041200,20050300,20040900
2004-01-20 06:00:00,97.535,,97.76,20041200,20050300,20040900
2004-01-21 06:00:00,97.56,,97.775,20041200,20050300,20040900
2004-01-22 06:00:00,97.57,,97.79,20041200,20050300,20040900
2004-01-23 06:00:00,97.635,,97.84,20041200,20050300,20040900
2004-01-26 06:00:00,97.565,,97.78,20041200,20050300,20040900
2004-01-27 06:00:00,97.575,,97.76,20041200,20050300,20040900
2004-01-28 06:00:00,97.585,,97.8,20041200,20050300,20040900
2004-01-29 06:00:00,97.4,,97.67,20041200,20050300,20040900
2004-01-30 06:00:00,97.42,,97.66,20041200,20050300,20040900
2004-02-02 06:00:00,97.465,,97.7,20041200,20050300,20040900
2004-02-03 06:00:00,97.52,,97.735,20041200,20050300,20040900
2004-02-04 06:00:00,97.54,,97.755,20041200,20050300,20040900
2004-02-05 06:00:00,97.57,,97.795,20041200,20050300,20040900
2004-02-06 06:00:00,97.63,,97.83,20041200,20050300,20040900
2004-02-09 06:00:00,97.64,,97.83,20041200,20050300,20040900
2004-02-10 06:00:00,97.625,,97.81,20041200,20050300,20040900
2004-02-11 06:00:00,97.62,,97.87,20041200,20050300,20040900
2004-02-12 06:00:00,97.69,,97.86,20041200,20050300,20040900
2004-02-13 06:00:00,97.725,,97.865,20041200,20050300,20040900
2004-02-16 06:00:00,97.68,,97.865,20041200,20050300,20040900
2004-02-17 06:00:00,97.715,,97.89,20041200,20050300,20040900
2004-02-18 06:00:00,97.73,,97.895,20041200,20050300,20040900
2004-02-19 06:00:00,97.685,,97.85,20041200,20050300,20040900
2004-02-20 06:00:00,97.655,,97.835,20041200,20050300,20040900
2004-02-23 06:00:00,97.67,,97.83,20041200,20050300,20040900
2004-02-24 06:00:00,97.715,,97.88,20041200,20050300,20040900
2004-02-25 06:00:00,97.74,97.54,97.955,20041200,20050300,20040900
2004-02-26 06:00:00,97.585,,97.785,20050300,20050600,20041200
2004-02-27 06:00:00,97.62,,97.82,20050300,20050600,20041200
2004-03-01 06:00:00,97.595,,97.785,20050300,20050600,20041200
2004-03-02 06:00:00,97.575,,97.75,20050300,20050600,20041200
2004-03-03 06:00:00,97.47,,97.665,20050300,20050600,20041200
2004-03-04 06:00:00,97.515,,97.705,20050300,20050600,20041200
2004-03-05 06:00:00,97.69,,97.86,20050300,20050600,20041200
2004-03-08 06:00:00,97.74,,97.895,20050300,20050600,20041200
2004-03-09 06:00:00,97.745,,97.885,20050300,20050600,20041200
2004-03-10 06:00:00,97.69,,97.845,20050300,20050600,20041200
2004-03-11 06:00:00,97.73,,97.87,20050300,20050600,20041200
2004-03-12 06:00:00,97.75,,97.88,20050300,20050600,20041200
2004-03-15 06:00:00,97.755,,97.9,20050300,20050600,20041200
2004-03-16 06:00:00,97.73,,97.895,20050300,20050600,20041200
2004-03-17 06:00:00,97.775,,97.925,20050300,20050600,20041200
2004-03-18 06:00:00,97.765,,97.925,20050300,20050600,20041200
2004-03-19 06:00:00,97.79,,97.94,20050300,20050600,20041200
2004-03-22 06:00:00,97.82,,97.975,20050300,20050600,20041200
2004-03-23 06:00:00,97.79,,97.94,20050300,20050600,20041200
2004-03-24 06:00:00,97.86,,98.01,20050300,20050600,20041200
2004-03-25 06:00:00,97.9,,98.04,20050300,20050600,20041200
2004-03-26 06:00:00,97.895,,98.04,20050300,20050600,20041200
2004-03-29 06:00:00,97.79,,97.98,20050300,20050600,20041200
2004-03-30 06:00:00,97.825,,98.005,20050300,20050600,20041200
2004-03-31 06:00:00,97.815,,97.975,20050300,20050600,20041200
2004-04-01 06:00:00,97.745,,97.92,20050300,20050600,20041200
2004-04-02 06:00:00,97.52,,97.715,20050300,20050600,20041200
2004-04-05 05:00:00,97.565,,97.74,20050300,20050600,20041200
2004-04-06 05:00:00,97.61,,97.805,20050300,20050600,20041200
2004-04-07 05:00:00,97.63,,97.835,20050300,20050600,20041200
2004-04-08 05:00:00,97.625,,97.825,20050300,20050600,20041200
2004-04-13 05:00:00,97.54,,97.735,20050300,20050600,20041200
2004-04-14 05:00:00,97.49,,97.705,20050300,20050600,20041200
2004-04-15 05:00:00,97.51,,97.715,20050300,20050600,20041200
2004-04-16 05:00:00,97.535,,97.755,20050300,20050600,20041200
2004-04-19 05:00:00,97.575,,97.77,20050300,20050600,20041200
2004-04-20 05:00:00,97.52,,97.73,20050300,20050600,20041200
2004-04-21 05:00:00,97.47,,97.72,20050300,20050600,20041200
2004-04-22 05:00:00,97.53,,97.73,20050300,20050600,20041200
2004-04-23 05:00:00,97.565,,97.71,20050300,20050600,20041200
2004-04-26 05:00:00,97.48,,97.69,20050300,20050600,20041200
2004-04-27 05:00:00,97.45,,97.68,20050300,20050600,20041200
2004-04-28 05:00:00,97.45,,97.67,20050300,20050600,20041200
2004-04-29 05:00:00,97.47,,97.685,20050300,20050600,20041200
2004-04-30 05:00:00,97.455,,97.685,20050300,20050600,20041200
2004-05-03 05:00:00,97.5,,97.68,20050300,20050600,20041200
2004-05-04 05:00:00,97.505,,97.705,20050300,20050600,20041200
2004-05-05 05:00:00,97.52,,97.71,20050300,20050600,20041200
2004-05-06 05:00:00,97.445,,97.66,20050300,20050600,20041200
2004-05-07 05:00:00,97.285,,97.54,20050300,20050600,20041200
2004-05-10 05:00:00,97.32,,97.565,20050300,20050600,20041200
2004-05-11 05:00:00,97.33,,97.565,20050300,20050600,20041200
2004-05-12 05:00:00,97.33,,97.555,20050300,20050600,20041200
2004-05-13 05:00:00,97.26,,97.54,20050300,20050600,20041200
2004-05-14 05:00:00,97.33,,97.59,20050300,20050600,20041200
2004-05-17 05:00:00,97.395,,97.625,20050300,20050600,20041200
2004-05-18 05:00:00,97.38,,97.6,20050300,20050600,20041200
2004-05-19 05:00:00,97.315,,97.57,20050300,20050600,20041200
2004-05-20 05:00:00,97.33,,97.59,20050300,20050600,20041200
2004-05-21 05:00:00,97.36,,97.595,20050300,20050600,20041200
2004-05-24 05:00:00,97.34,,97.585,20050300,20050600,20041200
2004-05-25 05:00:00,97.375,,97.605,20050300,20050600,20041200
2004-05-26 05:00:00,97.395,97.145,97.62,20050300,20050600,20041200
2004-05-27 05:00:00,97.185,,97.47,20050600,20050900,20050300
2004-05-28 05:00:00,97.17,,97.415,20050600,20050900,20050300
2004-05-31 05:00:00,97.07,,97.395,20050600,20050900,20050300
2004-06-01 05:00:00,97.105,,97.345,20050600,20050900,20050300
2004-06-02 05:00:00,97.08,,97.335,20050600,20050900,20050300
2004-06-03 05:00:00,97.07,,97.33,20050600,20050900,20050300
2004-06-04 05:00:00,97.06,,97.32,20050600,20050900,20050300
2004-06-07 05:00:00,97.07,,97.34,20050600,20050900,20050300
2004-06-08 05:00:00,97.1,,97.355,20050600,20050900,20050300
2004-06-09 05:00:00,97.09,,97.345,20050600,20050900,20050300
2004-06-10 05:00:00,97.005,,97.275,20050600,20050900,20050300
2004-06-11 05:00:00,96.915,,97.195,20050600,20050900,20050300
2004-06-14 05:00:00,96.915,,97.195,20050600,20050900,20050300
2004-06-15 05:00:00,97.03,,97.25,20050600,20050900,20050300
2004-06-16 05:00:00,96.96,,97.235,20050600,20050900,20050300
2004-06-17 05:00:00,96.935,,97.21,20050600,20050900,20050300
2004-06-18 05:00:00,97.0,,97.265,20050600,20050900,20050300
2004-06-21 05:00:00,97.01,,97.27,20050600,20050900,20050300
2004-06-22 05:00:00,97.005,,97.26,20050600,20050900,20050300
2004-06-23 05:00:00,97.015,,97.265,20050600,20050900,20050300
2004-06-24 05:00:00,97.11,,97.355,20050600,20050900,20050300
2004-06-25 05:00:00,97.095,,97.355,20050600,20050900,20050300
2004-06-28 05:00:00,97.045,,97.3,20050600,20050900,20050300
2004-06-29 05:00:00,97.035,,97.3,20050600,20050900,20050300
2004-06-30 05:00:00,97.11,,97.345,20050600,20050900,20050300
2004-07-01 05:00:00,97.135,,97.395,20050600,20050900,20050300
2004-07-02 05:00:00,97.25,,97.47,20050600,20050900,20050300
2004-07-05 05:00:00,97.24,,97.48,20050600,20050900,20050300
2004-07-06 05:00:00,97.265,,97.495,20050600,20050900,20050300
2004-07-07 05:00:00,97.285,,97.515,20050600,20050900,20050300
2004-07-08 05:00:00,97.285,,97.51,20050600,20050900,20050300
2004-07-09 05:00:00,97.285,,97.515,20050600,20050900,20050300
2004-07-12 05:00:00,97.29,,97.515,20050600,20050900,20050300
2004-07-13 05:00:00,97.225,,97.475,20050600,20050900,20050300
2004-07-14 05:00:00,97.24,,97.475,20050600,20050900,20050300
2004-07-15 05:00:00,97.245,,97.475,20050600,20050900,20050300
2004-07-16 05:00:00,97.355,,97.565,20050600,20050900,20050300
2004-07-19 05:00:00,97.35,,97.56,20050600,20050900,20050300
2004-07-20 05:00:00,97.325,,97.54,20050600,20050900,20050300
2004-07-21 05:00:00,97.24,,97.47,20050600,20050900,20050300
2004-07-22 05:00:00,97.26,,97.46,20050600,20050900,20050300
2004-07-23 05:00:00,97.24,,97.48,20050600,20050900,20050300
2004-07-26 05:00:00,97.185,,97.465,20050600,20050900,20050300
2004-07-27 05:00:00,97.155,,97.41,20050600,20050900,20050300
2004-07-28 05:00:00,97.16,,97.405,20050600,20050900,20050300
2004-07-29 05:00:00,97.165,,97.44,20050600,20050900,20050300
2004-07-30 05:00:00,97.275,,97.505,20050600,20050900,20050300
2004-08-02 05:00:00,97.31,,97.55,20050600,20050900,20050300
2004-08-03 05:00:00,97.315,,97.535,20050600,20050900,20050300
2004-08-04 05:00:00,97.35,,97.54,20050600,20050900,20050300
2004-08-05 05:00:00,97.375,,97.585,20050600,20050900,20050300
2004-08-06 05:00:00,97.485,,97.675,20050600,20050900,20050300
2004-08-09 05:00:00,97.475,,97.665,20050600,20050900,20050300
2004-08-10 05:00:00,97.48,,97.685,20050600,20050900,20050300
2004-08-11 05:00:00,97.46,,97.655,20050600,20050900,20050300
2004-08-12 05:00:00,97.475,,97.66,20050600,20050900,20050300
2004-08-13 05:00:00,97.525,,97.695,20050600,20050900,20050300
2004-08-16 05:00:00,97.505,,97.685,20050600,20050900,20050300
2004-08-17 05:00:00,97.51,,97.685,20050600,20050900,20050300
2004-08-18 05:00:00,97.51,,97.71,20050600,20050900,20050300
2004-08-19 05:00:00,97.505,,97.685,20050600,20050900,20050300
2004-08-20 05:00:00,97.53,,97.7,20050600,20050900,20050300
2004-08-23 05:00:00,97.445,,97.665,20050600,20050900,20050300
2004-08-24 05:00:00,97.445,,97.63,20050600,20050900,20050300
2004-08-25 05:00:00,97.495,,97.675,20050600,20050900,20050300
2004-08-26 05:00:00,97.5,97.26,97.67,20050600,20050900,20050300
2004-08-27 05:00:00,97.32,,97.52,20050900,20051200,20050600
2004-08-30 05:00:00,97.31,,97.51,20050900,20051200,20050600
2004-08-31 05:00:00,97.305,,97.56,20050900,20051200,20050600
2004-09-01 05:00:00,97.37,,97.55,20050900,20051200,20050600
2004-09-02 05:00:00,97.295,,97.525,20050900,20051200,20050600
2004-09-03 05:00:00,97.145,,97.345,20050900,20051200,20050600
2004-09-06 05:00:00,97.145,,97.35,20050900,20051200,20050600
2004-09-07 05:00:00,97.09,,97.3,20050900,20051200,20050600
2004-09-08 05:00:00,97.11,,97.325,20050900,20051200,20050600
2004-09-09 05:00:00,97.165,,97.355,20050900,20051200,20050600
2004-09-10 05:00:00,97.24,,97.415,20050900,20051200,20050600
2004-09-13 05:00:00,97.165,,97.36,20050900,20051200,20050600
2004-09-14 05:00:00,97.2,,97.395,20050900,20051200,20050600
2004-09-15 05:00:00,97.215,,97.39,20050900,20051200,20050600
2004-09-16 05:00:00,97.165,,97.355,20050900,20051200,20050600
2004-09-17 05:00:00,97.265,,97.44,20050900,20051200,20050600
2004-09-20 05:00:00,97.245,,97.415,20050900,20051200,20050600
2004-09-21 05:00:00,97.23,,97.39,20050900,20051200,20050600
2004-09-22 05:00:00,97.25,,97.42,20050900,20051200,20050600
2004-09-23 05:00:00,97.31,,97.47,20050900,20051200,20050600
2004-09-24 05:00:00,97.29,,97.43,20050900,20051200,20050600
2004-09-27 05:00:00,97.275,,97.44,20050900,20051200,20050600
2004-09-28 05:00:00,97.29,,97.445,20050900,20051200,20050600
2004-09-29 05:00:00,97.26,,97.415,20050900,20051200,20050600
2004-09-30 05:00:00,97.26,,97.455,20050900,20051200,20050600
2004-10-01 05:00:00,97.305,,97.445,20050900,20051200,20050600
2004-10-04 05:00:00,97.25,,97.42,20050900,20051200,20050600
2004-10-05 05:00:00,97.3,,97.46,20050900,20051200,20050600
2004-10-06 05:00:00,97.305,,97.46,20050900,20051200,20050600
2004-10-07 05:00:00,97.3,,97.455,20050900,20051200,20050600
2004-10-08 05:00:00,97.4,,97.54,20050900,20051200,20050600
2004-10-11 05:00:00,97.4,,97.55,20050900,20051200,20050600
2004-10-12 05:00:00,97.445,,97.59,20050900,20051200,20050600
2004-10-13 05:00:00,97.445,,97.59,20050900,20051200,20050600
2004-10-14 05:00:00,97.475,,97.615,20050900,20051200,20050600
2004-10-15 05:00:00,97.515,,97.645,20050900,20051200,20050600
2004-10-18 05:00:00,97.515,,97.645,20050900,20051200,20050600
2004-10-19 05:00:00,97.495,,97.615,20050900,20051200,20050600
2004-10-20 05:00:00,97.56,,97.675,20050900,20051200,20050600
2004-10-21 05:00:00,97.545,,97.66,20050900,20051200,20050600
2004-10-22 05:00:00,97.515,,97.65,20050900,20051200,20050600
2004-10-25 05:00:00,97.565,,97.69,20050900,20051200,20050600
2004-10-26 05:00:00,97.57,,97.67,20050900,20051200,20050600
2004-10-27 05:00:00,97.575,,97.68,20050900,20051200,20050600
2004-10-28 05:00:00,97.5,,97.615,20050900,20051200,20050600
2004-10-29 05:00:00,97.51,,97.62,20050900,20051200,20050600
2004-11-01 06:00:00,97.525,,97.655,20050900,20051200,20050600
2004-11-02 06:00:00,97.48,,97.595,20050900,20051200,20050600
2004-11-03 06:00:00,97.485,,97.6,20050900,20051200,20050600
2004-11-04 06:00:00,97.53,,97.635,20050900,20051200,20050600
2004-11-05 06:00:00,97.445,,97.56,20050900,20051200,20050600
2004-11-08 06:00:00,97.415,,97.53,20050900,20051200,20050600
2004-11-09 06:00:00,97.46,,97.595,20050900,20051200,20050600
2004-11-10 06:00:00,97.475,,97.58,20050900,20051200,20050600
2004-11-11 06:00:00,97.555,,97.645,20050900,20051200,20050600
2004-11-12 06:00:00,97.54,,97.68,20050900,20051200,20050600
2004-11-15 06:00:00,97.595,,97.625,20050900,20051200,20050600
2004-11-16 06:00:00,97.52,,97.61,20050900,20051200,20050600
2004-11-17 06:00:00,97.53,,97.63,20050900,20051200,20050600
2004-11-18 06:00:00,97.465,,97.58,20050900,20051200,20050600
2004-11-19 06:00:00,97.495,,97.615,20050900,20051200,20050600
2004-11-22 06:00:00,97.535,,97.625,20050900,20051200,20050600
2004-11-23 06:00:00,97.56,,97.64,20050900,20051200,20050600
2004-11-24 06:00:00,97.585,,97.665,20050900,20051200,20050600
2004-11-25 06:00:00,97.635,,97.72,20050900,20051200,20050600
2004-11-26 06:00:00,97.625,97.5,97.715,20050900,20051200,20050600
2004-11-29 06:00:00,97.46,,97.58,20051200,20060300,20050900
2004-11-30 06:00:00,97.485,,97.62,20051200,20060300,20050900
2004-12-01 06:00:00,97.525,,97.635,20051200,20060300,20050900
2004-12-02 06:00:00,97.47,,97.555,20051200,20060300,20050900
2004-12-03 06:00:00,97.495,,97.615,20051200,20060300,20050900
2004-12-06 06:00:00,97.57,,97.68,20051200,20060300,20050900
2004-12-07 06:00:00,97.585,,97.69,20051200,20060300,20050900
2004-12-08 06:00:00,97.545,,97.655,20051200,20060300,20050900
2004-12-09 06:00:00,97.565,,97.665,20051200,20060300,20050900
2004-12-10 06:00:00,97.56,,97.665,20051200,20060300,20050900
2004-12-13 06:00:00,97.585,,97.685,20051200,20060300,20050900
2004-12-14 06:00:00,97.57,,97.665,20051200,20060300,20050900
2004-12-15 06:00:00,97.6,,97.69,20051200,20060300,20050900
2004-12-16 06:00:00,97.565,,97.66,20051200,20060300,20050900
2004-12-17 06:00:00,97.475,,97.585,20051200,20060300,20050900
2004-12-20 06:00:00,97.505,,97.6,20051200,20060300,20050900
2004-12-21 06:00:00,97.425,,97.54,20051200,20060300,20050900
2004-12-22 06:00:00,97.39,,97.535,20051200,20060300,20050900
2004-12-23 06:00:00,97.44,,97.565,20051200,20060300,20050900
2004-12-27 06:00:00,97.43,,97.545,20051200,20060300,20050900
2004-12-28 06:00:00,97.38,,97.51,20051200,20060300,20050900
2004-12-29 06:00:00,97.325,,97.47,20051200,20060300,20050900
2004-12-30 06:00:00,97.36,,97.505,20051200,20060300,20050900
2005-01-03 06:00:00,97.39,,97.52,20051200,20060300,20050900
2005-01-04 06:00:00,97.375,,97.51,20051200,20060300,20050900
2005-01-05 06:00:00,97.345,,97.51,20051200,20060300,20050900
2005-01-06 06:00:00,97.43,,97.545,20051200,20060300,20050900
2005-01-07 06:00:00,97.425,,97.615,20051200,20060300,20050900
2005-01-10 06:00:00,97.465,,97.6,20051200,20060300,20050900
2005-01-11 06:00:00,97.44,,97.585,20051200,20060300,20050900
2005-01-12 06:00:00,97.455,,97.585,20051200,20060300,20050900
2005-01-13 06:00:00,97.52,,97.64,20051200,20060300,20050900
2005-01-14 06:00:00,97.5,,97.625,20051200,20060300,20050900
2005-01-17 06:00:00,97.51,,97.63,20051200,20060300,20050900
2005-01-18 06:00:00,97.505,,97.625,20051200,20060300,20050900
2005-01-19 06:00:00,97.5,,97.625,20051200,20060300,20050900
2005-01-20 06:00:00,97.46,,97.595,20051200,20060300,20050900
2005-01-21 06:00:00,97.49,,97.62,20051200,20060300,20050900
2005-01-24 06:00:00,97.525,,97.645,20051200,20060300,20050900
2005-01-25 06:00:00,97.525,,97.65,20051200,20060300,20050900
2005-01-26 06:00:00,97.505,,97.64,20051200,20060300,20050900
2005-01-27 06:00:00,97.46,,97.61,20051200,20060300,20050900
2005-01-28 06:00:00,97.52,,97.655,20051200,20060300,20050900
2005-01-31 06:00:00,97.515,,97.645,20051200,20060300,20050900
2005-02-01 06:00:00,97.51,,97.645,20051200,20060300,20050900
2005-02-02 06:00:00,97.485,,97.625,20051200,20060300,20050900
2005-02-03 06:00:00,97.47,,97.61,20051200,20060300,20050900
2005-02-04 06:00:00,97.51,,97.65,20051200,20060300,20050900
2005-02-07 06:00:00,97.485,,97.63,20051200,20060300,20050900
2005-02-08 06:00:00,97.45,,97.615,20051200,20060300,20050900
2005-02-09 06:00:00,97.505,,97.645,20051200,20060300,20050900
2005-02-10 06:00:00,97.545,,97.67,20051200,20060300,20050900
2005-02-11 06:00:00,97.55,,97.675,20051200,20060300,20050900
2005-02-14 06:00:00,97.52,,97.66,20051200,20060300,20050900
2005-02-15 06:00:00,97.49,,97.64,20051200,20060300,20050900
2005-02-16 06:00:00,97.48,,97.63,20051200,20060300,20050900
2005-02-17 06:00:00,97.47,,97.63,20051200,20060300,20050900
2005-02-18 06:00:00,97.43,,97.605,20051200,20060300,20050900
2005-02-21 06:00:00,97.42,,97.6,20051200,20060300,20050900
2005-02-22 06:00:00,97.44,,97.605,20051200,20060300,20050900
2005-02-23 06:00:00,97.45,,97.605,20051200,20060300,20050900
2005-02-24 06:00:00,97.445,97.3,97.61,20051200,20060300,20050900
2005-02-25 06:00:00,97.295,,97.43,20060300,20060600,20051200
2005-02-28 06:00:00,97.32,,97.435,20060300,20060600,20051200
2005-03-01 06:00:00,97.305,,97.445,20060300,20060600,20051200
2005-03-02 06:00:00,97.295,,97.445,20060300,20060600,20051200
2005-03-03 06:00:00,97.3,,97.47,20060300,20060600,20051200
2005-03-04 06:00:00,97.38,,97.525,20060300,20060600,20051200
2005-03-07 06:00:00,97.435,,97.575,20060300,20060600,20051200
2005-03-08 06:00:00,97.405,,97.535,20060300,20060600,20051200
2005-03-09 06:00:00,97.365,,97.515,20060300,20060600,20051200
2005-03-10 06:00:00,97.36,,97.5,20060300,20060600,20051200
2005-03-11 06:00:00,97.385,,97.525,20060300,20060600,20051200
2005-03-14 06:00:00,97.365,,97.52,20060300,20060600,20051200
2005-03-15 06:00:00,97.395,,97.535,20060300,20060600,20051200
2005-03-16 06:00:00,97.31,,97.46,20060300,20060600,20051200
2005-03-17 06:00:00,97.33,,97.485,20060300,20060600,20051200
2005-03-18 06:00:00,97.31,,97.465,20060300,20060600,20051200
2005-03-21 06:00:00,97.27,,97.425,20060300,20060600,20051200
2005-03-22 06:00:00,97.295,,97.45,20060300,20060600,20051200
2005-03-23 06:00:00,97.24,,97.405,20060300,20060600,20051200
2005-03-24 06:00:00,97.245,,97.41,20060300,20060600,20051200
2005-03-29 06:00:00,97.25,,97.405,20060300,20060600,20051200
2005-03-30 06:00:00,97.3,,97.455,20060300,20060600,20051200
2005-03-31 06:00:00,97.37,,97.51,20060300,20060600,20051200
2005-04-01 06:00:00,97.425,,97.53,20060300,20060600,20051200
2005-04-04 05:00:00,97.42,,97.55,20060300,20060600,20051200
2005-04-05 05:00:00,97.43,,97.555,20060300,20060600,20051200
2005-04-06 05:00:00,97.45,,97.575,20060300,20060600,20051200
2005-04-07 05:00:00,97.49,,97.61,20060300,20060600,20051200
2005-04-08 05:00:00,97.475,,97.605,20060300,20060600,20051200
2005-04-11 05:00:00,97.5,,97.625,20060300,20060600,20051200
2005-04-12 05:00:00,97.49,,97.62,20060300,20060600,20051200
2005-04-13 05:00:00,97.53,,97.645,20060300,20060600,20051200
2005-04-14 05:00:00,97.53,,97.645,20060300,20060600,20051200
2005-04-15 05:00:00,97.58,,97.685,20060300,20060600,20051200
2005-04-18 05:00:00,97.61,,97.71,20060300,20060600,20051200
2005-04-19 05:00:00,97.635,,97.735,20060300,20060600,20051200
2005-04-20 05:00:00,97.625,,97.715,20060300,20060600,20051200
2005-04-21 05:00:00,97.63,,97.735,20060300,20060600,20051200
2005-04-22 05:00:00,97.64,,97.74,20060300,20060600,20051200
2005-04-25 05:00:00,97.645,,97.745,20060300,20060600,20051200
2005-04-26 05:00:00,97.65,,97.745,20060300,20060600,20051200
2005-04-27 05:00:00,97.67,,97.77,20060300,20060600,20051200
2005-04-28 05:00:00,97.705,,97.8,20060300,20060600,20051200
2005-04-29 05:00:00,97.725,,97.795,20060300,20060600,20051200
2005-05-02 05:00:00,97.715,,97.805,20060300,20060600,20051200
2005-05-03 05:00:00,97.755,,97.84,20060300,20060600,20051200
2005-05-04 05:00:00,97.735,,97.82,20060300,20060600,20051200
2005-05-05 05:00:00,97.755,,97.835,20060300,20060600,20051200
2005-05-06 05:00:00,97.7,,97.79,20060300,20060600,20051200
2005-05-09 05:00:00,97.725,,97.815,20060300,20060600,20051200
2005-05-10 05:00:00,97.78,,97.855,20060300,20060600,20051200
2005-05-11 05:00:00,97.78,,97.845,20060300,20060600,20051200
2005-05-12 05:00:00,97.755,,97.83,20060300,20060600,20051200
2005-05-13 05:00:00,97.745,,97.825,20060300,20060600,20051200
2005-05-16 05:00:00,97.735,,97.815,20060300,20060600,20051200
2005-05-17 05:00:00,97.735,,97.815,20060300,20060600,20051200
2005-05-18 05:00:00,97.755,,97.825,20060300,20060600,20051200
2005-05-19 05:00:00,97.74,,97.82,20060300,20060600,20051200
2005-05-20 05:00:00,97.69,,97.79,20060300,20060600,20051200
2005-05-23 05:00:00,97.705,,97.8,20060300,20060600,20051200
2005-05-24 05:00:00,97.765,,97.835,20060300,20060600,20051200
2005-05-25 05:00:00,97.805,,97.85,20060300,20060600,20051200
2005-05-26 05:00:00,97.8,97.705,97.86,20060300,20060600,20051200
2005-05-27 05:00:00,97.71,,97.805,20060600,20060900,20060300
2005-05-30 05:00:00,97.715,,97.81,20060600,20060900,20060300
2005-05-31 05:00:00,97.78,,97.87,20060600,20060900,20060300
2005-06-01 05:00:00,97.78,,97.95,20060600,20060900,20060300
2005-06-02 05:00:00,97.825,,97.9,20060600,20060900,20060300
2005-06-03 05:00:00,97.81,,97.915,20060600,20060900,20060300
2005-06-06 05:00:00,97.85,,97.92,20060600,20060900,20060300
2005-06-07 05:00:00,97.9,,97.94,20060600,20060900,20060300
2005-06-08 05:00:00,97.93,,97.985,20060600,20060900,20060300
2005-06-09 05:00:00,97.915,,97.95,20060600,20060900,20060300
2005-06-10 05:00:00,97.88,,97.93,20060600,20060900,20060300
2005-06-13 05:00:00,97.885,,97.95,20060600,20060900,20060300
2005-06-14 05:00:00,97.865,,97.945,20060600,20060900,20060300
2005-06-15 05:00:00,97.785,,97.875,20060600,20060900,20060300
2005-06-16 05:00:00,97.75,,97.855,20060600,20060900,20060300
2005-06-17 05:00:00,97.77,,97.86,20060600,20060900,20060300
2005-06-20 05:00:00,97.815,,97.91,20060600,20060900,20060300
2005-06-21 05:00:00,97.91,,97.985,20060600,20060900,20060300
2005-06-22 05:00:00,97.965,,98.035,20060600,20060900,20060300
2005-06-23 05:00:00,97.955,,98.025,20060600,20060900,20060300
2005-06-24 05:00:00,97.955,,98.025,20060600,20060900,20060300
2005-06-27 05:00:00,97.99,,98.04,20060600,20060900,20060300
2005-06-28 05:00:00,97.945,,98.005,20060600,20060900,20060300
2005-06-29 05:00:00,97.975,,98.005,20060600,20060900,20060300
2005-06-30 05:00:00,97.96,,98.01,20060600,20060900,20060300
2005-07-01 05:00:00,97.915,,97.97,20060600,20060900,20060300
2005-07-04 05:00:00,97.85,,97.925,20060600,20060900,20060300
2005-07-05 05:00:00,97.78,,97.875,20060600,20060900,20060300
2005-07-06 05:00:00,97.775,,97.865,20060600,20060900,20060300
2005-07-07 05:00:00,97.83,,97.96,20060600,20060900,20060300
2005-07-08 05:00:00,97.815,,97.885,20060600,20060900,20060300
2005-07-11 05:00:00,97.755,,97.85,20060600,20060900,20060300
2005-07-12 05:00:00,97.75,,97.84,20060600,20060900,20060300
2005-07-13 05:00:00,97.74,,97.83,20060600,20060900,20060300
2005-07-14 05:00:00,97.715,,97.815,20060600,20060900,20060300
2005-07-15 05:00:00,97.7,,97.795,20060600,20060900,20060300
2005-07-18 05:00:00,97.725,,97.81,20060600,20060900,20060300
2005-07-19 05:00:00,97.695,,97.785,20060600,20060900,20060300
2005-07-20 05:00:00,97.705,,97.79,20060600,20060900,20060300
2005-07-21 05:00:00,97.71,,97.8,20060600,20060900,20060300
2005-07-22 05:00:00,97.77,,97.84,20060600,20060900,20060300
2005-07-25 05:00:00,97.775,,97.835,20060600,20060900,20060300
2005-07-26 05:00:00,97.73,,97.815,20060600,20060900,20060300
2005-07-27 05:00:00,97.74,,97.81,20060600,20060900,20060300
2005-07-28 05:00:00,97.72,,97.795,20060600,20060900,20060300
2005-07-29 05:00:00,97.69,,97.78,20060600,20060900,20060300
2005-08-01 05:00:00,97.655,,97.74,20060600,20060900,20060300
2005-08-02 05:00:00,97.64,,97.745,20060600,20060900,20060300
2005-08-03 05:00:00,97.645,,97.74,20060600,20060900,20060300
2005-08-04 05:00:00,97.63,,97.73,20060600,20060900,20060300
2005-08-05 05:00:00,97.59,,97.7,20060600,20060900,20060300
2005-08-08 05:00:00,97.595,,97.705,20060600,20060900,20060300
2005-08-09 05:00:00,97.58,,97.695,20060600,20060900,20060300
2005-08-10 05:00:00,97.605,,97.7,20060600,20060900,20060300
2005-08-11 05:00:00,97.615,,97.715,20060600,20060900,20060300
2005-08-12 05:00:00,97.685,,97.76,20060600,20060900,20060300
2005-08-15 05:00:00,97.72,,97.79,20060600,20060900,20060300
2005-08-16 05:00:00,97.705,,97.805,20060600,20060900,20060300
2005-08-17 05:00:00,97.755,,97.815,20060600,20060900,20060300
2005-08-18 05:00:00,97.77,,97.83,20060600,20060900,20060300
2005-08-19 05:00:00,97.76,,97.825,20060600,20060900,20060300
2005-08-22 05:00:00,97.765,,97.825,20060600,20060900,20060300
2005-08-23 05:00:00,97.74,,97.81,20060600,20060900,20060300
2005-08-24 05:00:00,97.735,,97.8,20060600,20060900,20060300
2005-08-25 05:00:00,97.755,,97.815,20060600,20060900,20060300
2005-08-26 05:00:00,97.72,97.66,97.79,20060600,20060900,20060300
2005-08-29 05:00:00,97.64,,97.72,20060900,20061200,20060600
2005-08-30 05:00:00,97.625,,97.71,20060900,20061200,20060600
2005-08-31 05:00:00,97.685,,97.765,20060900,20061200,20060600
2005-09-01 05:00:00,97.75,,97.81,20060900,20061200,20060600
2005-09-02 05:00:00,97.805,,97.86,20060900,20061200,20060600
2005-09-05 05:00:00,97.8,,97.86,20060900,20061200,20060600
2005-09-06 05:00:00,97.755,,97.81,20060900,20061200,20060600
2005-09-07 05:00:00,97.745,,97.82,20060900,20061200,20060600
2005-09-08 05:00:00,97.765,,97.81,20060900,20061200,20060600
2005-09-09 05:00:00,97.75,,97.805,20060900,20061200,20060600
2005-09-12 05:00:00,97.67,,97.755,20060900,20061200,20060600
2005-09-13 05:00:00,97.685,,97.76,20060900,20061200,20060600
2005-09-14 05:00:00,97.665,,97.735,20060900,20061200,20060600
2005-09-15 05:00:00,97.635,,97.71,20060900,20061200,20060600
2005-09-16 05:00:00,97.62,,97.705,20060900,20061200,20060600
2005-09-19 05:00:00,97.65,,97.72,20060900,20061200,20060600
2005-09-20 05:00:00,97.66,,97.74,20060900,20061200,20060600
2005-09-21 05:00:00,97.695,,97.78,20060900,20061200,20060600
2005-09-22 05:00:00,97.71,,97.78,20060900,20061200,20060600
2005-09-23 05:00:00,97.645,,97.72,20060900,20061200,20060600
2005-09-26 05:00:00,97.585,,97.66,20060900,20061200,20060600
2005-09-27 05:00:00,97.585,,97.65,20060900,20061200,20060600
2005-09-28 05:00:00,97.535,,97.63,20060900,20061200,20060600
2005-09-29 05:00:00,97.495,,97.585,20060900,20061200,20060600
2005-09-30 05:00:00,97.49,,97.57,20060900,20061200,20060600
2005-10-03 05:00:00,97.46,,97.545,20060900,20061200,20060600
2005-10-04 05:00:00,97.465,,97.565,20060900,20061200,20060600
2005-10-05 05:00:00,97.475,,97.565,20060900,20061200,20060600
2005-10-06 05:00:00,97.42,,97.51,20060900,20061200,20060600
2005-10-07 05:00:00,97.42,,97.5,20060900,20061200,20060600
2005-10-10 05:00:00,97.435,,97.51,20060900,20061200,20060600
2005-10-11 05:00:00,97.415,,97.505,20060900,20061200,20060600
2005-10-12 05:00:00,97.38,,97.495,20060900,20061200,20060600
2005-10-13 05:00:00,97.375,,97.49,20060900,20061200,20060600
2005-10-14 05:00:00,97.39,,97.495,20060900,20061200,20060600
2005-10-17 05:00:00,97.34,,97.44,20060900,20061200,20060600
2005-10-18 05:00:00,97.35,,97.45,20060900,20061200,20060600
2005-10-19 05:00:00,97.405,,97.495,20060900,20061200,20060600
2005-10-20 05:00:00,97.34,,97.44,20060900,20061200,20060600
2005-10-21 05:00:00,97.35,,97.455,20060900,20061200,20060600
2005-10-24 05:00:00,97.38,,97.48,20060900,20061200,20060600
2005-10-25 05:00:00,97.285,,97.385,20060900,20061200,20060600
2005-10-26 05:00:00,97.24,,97.37,20060900,20061200,20060600
2005-10-27 05:00:00,97.215,,97.315,20060900,20061200,20060600
2005-10-28 05:00:00,97.22,,97.325,20060900,20061200,20060600
2005-10-31 06:00:00,97.205,,97.305,20060900,20061200,20060600
2005-11-01 06:00:00,97.19,,97.29,20060900,20061200,20060600
2005-11-02 06:00:00,97.145,,97.24,20060900,20061200,20060600
2005-11-03 06:00:00,97.15,,97.265,20060900,20061200,20060600
2005-11-04 06:00:00,97.165,,97.265,20060900,20061200,20060600
2005-11-07 06:00:00,97.095,,97.195,20060900,20061200,20060600
2005-11-08 06:00:00,97.115,,97.22,20060900,20061200,20060600
2005-11-09 06:00:00,97.12,,97.19,20060900,20061200,20060600
2005-11-10 06:00:00,97.085,,97.185,20060900,20061200,20060600
2005-11-11 06:00:00,97.08,,97.185,20060900,20061200,20060600
2005-11-14 06:00:00,97.08,,97.17,20060900,20061200,20060600
2005-11-15 06:00:00,97.11,,97.195,20060900,20061200,20060600
2005-11-16 06:00:00,97.18,,97.245,20060900,20061200,20060600
2005-11-17 06:00:00,97.115,,97.2,20060900,20061200,20060600
2005-11-18 06:00:00,96.995,,97.08,20060900,20061200,20060600
2005-11-21 06:00:00,97.015,,97.15,20060900,20061200,20060600
2005-11-22 06:00:00,97.065,,97.15,20060900,20061200,20060600
2005-11-23 06:00:00,97.08,,97.15,20060900,20061200,20060600
2005-11-24 06:00:00,97.14,,97.205,20060900,20061200,20060600
2005-11-25 06:00:00,97.14,,97.2,20060900,20061200,20060600
2005-11-28 06:00:00,97.11,97.045,97.17,20060900,20061200,20060600
2005-11-29 06:00:00,97.02,,97.07,20061200,20070300,20060900
2005-11-30 06:00:00,97.015,,97.07,20061200,20070300,20060900
2005-12-01 06:00:00,97.06,,97.105,20061200,20070300,20060900
2005-12-02 06:00:00,97.125,,97.175,20061200,20070300,20060900
2005-12-05 06:00:00,97.09,,97.14,20061200,20070300,20060900
2005-12-06 06:00:00,97.105,,97.16,20061200,20070300,20060900
2005-12-07 06:00:00,97.07,,97.125,20061200,20070300,20060900
2005-12-08 06:00:00,97.06,,97.115,20061200,20070300,20060900
2005-12-09 06:00:00,96.975,,97.04,20061200,20070300,20060900
2005-12-12 06:00:00,96.99,,97.045,20061200,20070300,20060900
2005-12-13 06:00:00,96.965,,97.03,20061200,20070300,20060900
2005-12-14 06:00:00,96.97,,97.035,20061200,20070300,20060900
2005-12-15 06:00:00,96.96,,97.025,20061200,20070300,20060900
2005-12-16 06:00:00,96.975,,97.025,20061200,20070300,20060900
2005-12-19 06:00:00,96.965,,97.015,20061200,20070300,20060900
2005-12-20 06:00:00,96.945,,97.005,20061200,20070300,20060900
2005-12-21 06:00:00,96.9,,96.965,20061200,20070300,20060900
2005-12-22 06:00:00,96.895,,96.955,20061200,20070300,20060900
2005-12-23 06:00:00,96.93,,96.99,20061200,20070300,20060900
2005-12-27 06:00:00,96.92,,96.975,20061200,20070300,20060900
2005-12-28 06:00:00,96.95,,97.005,20061200,20070300,20060900
2005-12-29 06:00:00,96.91,,96.965,20061200,20070300,20060900
2005-12-30 06:00:00,96.925,,96.99,20061200,20070300,20060900
2006-01-02 06:00:00,96.88,,96.95,20061200,20070300,20060900
2006-01-03 06:00:00,96.91,,96.975,20061200,20070300,20060900
2006-01-04 06:00:00,97.035,,97.095,20061200,20070300,20060900
2006-01-05 06:00:00,97.06,,97.12,20061200,20070300,20060900
2006-01-06 06:00:00,97.06,,97.13,20061200,20070300,20060900
2006-01-09 06:00:00,97.015,,97.09,20061200,20070300,20060900
2006-01-10 06:00:00,96.965,,97.045,20061200,20070300,20060900
2006-01-11 06:00:00,96.94,,97.02,20061200,20070300,20060900
2006-01-12 06:00:00,96.98,,97.05,20061200,20070300,20060900
2006-01-13 06:00:00,96.98,,97.06,20061200,20070300,20060900
2006-01-16 06:00:00,97.0,,97.07,20061200,20070300,20060900
2006-01-17 06:00:00,97.02,,97.1,20061200,20070300,20060900
2006-01-18 06:00:00,97.01,,97.09,20061200,20070300,20060900
2006-01-19 06:00:00,96.93,,97.02,20061200,20070300,20060900
2006-01-20 06:00:00,96.91,,97.01,20061200,20070300,20060900
2006-01-23 06:00:00,96.9,,97.0,20061200,20070300,20060900
2006-01-24 06:00:00,96.92,,97.02,20061200,20070300,20060900
2006-01-25 06:00:00,96.9,,97.0,20061200,20070300,20060900
2006-01-26 06:00:00,96.88,,96.99,20061200,20070300,20060900
2006-01-27 06:00:00,96.87,,96.98,20061200,20070300,20060900
2006-01-30 06:00:00,96.84,,96.96,20061200,20070300,20060900
2006-01-31 06:00:00,96.85,,96.96,20061200,20070300,20060900
2006-02-01 06:00:00,96.81,,96.93,20061200,20070300,20060900
2006-02-02 06:00:00,96.82,,96.94,20061200,20070300,20060900
2006-02-03 06:00:00,96.85,,96.97,20061200,20070300,20060900
2006-02-06 06:00:00,96.84,,96.96,20061200,20070300,20060900
2006-02-07 06:00:00,96.85,,96.96,20061200,20070300,20060900
2006-02-08 06:00:00,96.88,,96.98,20061200,20070300,20060900
2006-02-09 06:00:00,96.91,,97.0,20061200,20070300,20060900
2006-02-10 06:00:00,96.92,,97.02,20061200,20070300,20060900
2006-02-13 06:00:00,96.89,,96.99,20061200,20070300,20060900
2006-02-14 06:00:00,96.91,,97.01,20061200,20070300,20060900
2006-02-15 06:00:00,96.91,,97.01,20061200,20070300,20060900
2006-02-16 06:00:00,96.9,,97.01,20061200,20070300,20060900
2006-02-17 06:00:00,96.95,,97.04,20061200,20070300,20060900
2006-02-20 06:00:00,96.96,,97.05,20061200,20070300,20060900
2006-02-21 06:00:00,96.92,,97.015,20061200,20070300,20060900
2006-02-22 06:00:00,96.905,,97.005,20061200,20070300,20060900
2006-02-23 06:00:00,96.84,,96.955,20061200,20070300,20060900
2006-02-24 06:00:00,96.82,96.76,96.94,20061200,20070300,20060900
2006-02-27 06:00:00,96.71,,96.78,20070300,20070600,20061200
2006-02-28 06:00:00,96.745,,96.805,20070300,20070600,20061200
2006-03-01 06:00:00,96.72,,96.78,20070300,20070600,20061200
2006-03-02 06:00:00,96.66,,96.73,20070300,20070600,20061200
2006-03-03 06:00:00,96.635,,96.705,20070300,20070600,20061200
2006-03-06 06:00:00,96.635,,96.715,20070300,20070600,20061200
2006-03-07 06:00:00,96.63,,96.705,20070300,20070600,20061200
2006-03-08 06:00:00,96.6,,96.68,20070300,20070600,20061200
2006-03-09 06:00:00,96.61,,96.69,20070300,20070600,20061200
2006-03-10 06:00:00,96.565,,96.65,20070300,20070600,20061200
2006-03-13 06:00:00,96.55,,96.64,20070300,20070600,20061200
2006-03-14 06:00:00,96.595,,96.675,20070300,20070600,20061200
2006-03-15 06:00:00,96.56,,96.65,20070300,20070600,20061200
2006-03-16 06:00:00,96.55,,96.64,20070300,20070600,20061200
2006-03-17 06:00:00,96.52,,96.61,20070300,20070600,20061200
2006-03-20 06:00:00,96.555,,96.635,20070300,20070600,20061200
2006-03-21 06:00:00,96.54,,96.62,20070300,20070600,20061200
2006-03-22 06:00:00,96.56,,96.63,20070300,20070600,20061200
2006-03-23 06:00:00,96.545,,96.625,20070300,20070600,20061200
2006-03-24 06:00:00,96.595,,96.66,20070300,20070600,20061200
2006-03-27 06:00:00,96.6,,96.665,20070300,20070600,20061200
2006-03-28 06:00:00,96.495,,96.57,20070300,20070600,20061200
2006-03-29 06:00:00,96.465,,96.545,20070300,20070600,20061200
2006-03-30 06:00:00,96.445,,96.525,20070300,20070600,20061200
2006-03-31 06:00:00,96.445,,96.52,20070300,20070600,20061200
2006-04-03 05:00:00,96.405,,96.485,20070300,20070600,20061200
2006-04-04 05:00:00,96.405,,96.485,20070300,20070600,20061200
2006-04-05 05:00:00,96.425,,96.51,20070300,20070600,20061200
2006-04-06 05:00:00,96.455,,96.565,20070300,20070600,20061200
2006-04-07 05:00:00,96.49,,96.595,20070300,20070600,20061200
2006-04-10 05:00:00,96.455,,96.57,20070300,20070600,20061200
2006-04-11 05:00:00,96.47,,96.585,20070300,20070600,20061200
2006-04-12 05:00:00,96.47,,96.59,20070300,20070600,20061200
2006-04-13 05:00:00,96.41,,96.54,20070300,20070600,20061200
2006-04-18 05:00:00,96.435,,96.56,20070300,20070600,20061200
2006-04-19 05:00:00,96.435,,96.57,20070300,20070600,20061200
2006-04-20 05:00:00,96.445,,96.575,20070300,20070600,20061200
2006-04-21 05:00:00,96.45,,96.58,20070300,20070600,20061200
2006-04-24 05:00:00,96.445,,96.575,20070300,20070600,20061200
2006-04-25 05:00:00,96.365,,96.505,20070300,20070600,20061200
2006-04-26 05:00:00,96.345,,96.475,20070300,20070600,20061200
2006-04-27 05:00:00,96.36,,96.485,20070300,20070600,20061200
2006-04-28 05:00:00,96.37,,96.49,20070300,20070600,20061200
2006-05-02 05:00:00,96.345,,96.475,20070300,20070600,20061200
2006-05-03 05:00:00,96.35,,96.48,20070300,20070600,20061200
2006-05-04 05:00:00,96.335,,96.465,20070300,20070600,20061200
2006-05-05 05:00:00,96.355,,96.48,20070300,20070600,20061200
2006-05-08 05:00:00,96.33,,96.46,20070300,20070600,20061200
2006-05-09 05:00:00,96.33,,96.45,20070300,20070600,20061200
2006-05-10 05:00:00,96.35,,96.47,20070300,20070600,20061200
2006-05-11 05:00:00,96.32,,96.44,20070300,20070600,20061200
2006-05-12 05:00:00,96.35,,96.465,20070300,20070600,20061200
2006-05-15 05:00:00,96.44,,96.54,20070300,20070600,20061200
2006-05-16 05:00:00,96.48,,96.57,20070300,20070600,20061200
2006-05-17 05:00:00,96.44,,96.535,20070300,20070600,20061200
2006-05-18 05:00:00,96.47,,96.56,20070300,20070600,20061200
2006-05-19 05:00:00,96.485,,96.57,20070300,20070600,20061200
2006-05-22 05:00:00,96.53,,96.61,20070300,20070600,20061200
2006-05-23 05:00:00,96.505,,96.59,20070300,20070600,20061200
2006-05-24 05:00:00,96.535,,96.615,20070300,20070600,20061200
2006-05-25 05:00:00,96.545,,96.62,20070300,20070600,20061200
2006-05-26 05:00:00,96.53,96.465,96.615,20070300,20070600,20061200
2006-05-29 05:00:00,96.44,,96.505,20070600,20070900,20070300
2006-05-30 05:00:00,96.39,,96.46,20070600,20070900,20070300
2006-05-31 05:00:00,96.34,,96.42,20070600,20070900,20070300
2006-06-01 05:00:00,96.33,,96.41,20070600,20070900,20070300
2006-06-02 05:00:00,96.38,,96.455,20070600,20070900,20070300
2006-06-05 05:00:00,96.325,,96.395,20070600,20070900,20070300
2006-06-06 05:00:00,96.29,,96.37,20070600,20070900,20070300
2006-06-07 05:00:00,96.28,,96.365,20070600,20070900,20070300
2006-06-08 05:00:00,96.385,,96.455,20070600,20070900,20070300
2006-06-09 05:00:00,96.415,,96.48,20070600,20070900,20070300
2006-06-12 05:00:00,96.44,,96.5,20070600,20070900,20070300
2006-06-13 05:00:00,96.465,,96.525,20070600,20070900,20070300
2006-06-14 05:00:00,96.415,,96.48,20070600,20070900,20070300
2006-06-15 05:00:00,96.36,,96.435,20070600,20070900,20070300
2006-06-16 05:00:00,96.375,,96.445,20070600,20070900,20070300
2006-06-19 05:00:00,96.32,,96.395,20070600,20070900,20070300
2006-06-20 05:00:00,96.275,,96.36,20070600,20070900,20070300
2006-06-21 05:00:00,96.26,,96.34,20070600,20070900,20070300
2006-06-22 05:00:00,96.235,,96.33,20070600,20070900,20070300
2006-06-23 05:00:00,96.2,,96.295,20070600,20070900,20070300
2006-06-26 05:00:00,96.16,,96.255,20070600,20070900,20070300
2006-06-27 05:00:00,96.145,,96.235,20070600,20070900,20070300
2006-06-28 05:00:00,96.135,,96.23,20070600,20070900,20070300
2006-06-29 05:00:00,96.185,,96.27,20070600,20070900,20070300
2006-06-30 05:00:00,96.165,,96.245,20070600,20070900,20070300
2006-07-03 05:00:00,96.135,,96.225,20070600,20070900,20070300
2006-07-04 05:00:00,96.145,,96.235,20070600,20070900,20070300
2006-07-05 05:00:00,96.095,,96.19,20070600,20070900,20070300
2006-07-06 05:00:00,96.08,,96.17,20070600,20070900,20070300
2006-07-07 05:00:00,96.125,,96.195,20070600,20070900,20070300
2006-07-10 05:00:00,96.095,,96.17,20070600,20070900,20070300
2006-07-11 05:00:00,96.15,,96.22,20070600,20070900,20070300
2006-07-12 05:00:00,96.1,,96.18,20070600,20070900,20070300
2006-07-13 05:00:00,96.17,,96.235,20070600,20070900,20070300
2006-07-14 05:00:00,96.245,,96.31,20070600,20070900,20070300
2006-07-17 05:00:00,96.235,,96.3,20070600,20070900,20070300
2006-07-18 05:00:00,96.195,,96.265,20070600,20070900,20070300
2006-07-19 05:00:00,96.215,,96.275,20070600,20070900,20070300
2006-07-20 05:00:00,96.22,,96.285,20070600,20070900,20070300
2006-07-21 05:00:00,96.26,,96.315,20070600,20070900,20070300
2006-07-24 05:00:00,96.255,,96.305,20070600,20070900,20070300
2006-07-25 05:00:00,96.265,,96.315,20070600,20070900,20070300
2006-07-26 05:00:00,96.215,,96.275,20070600,20070900,20070300
2006-07-27 05:00:00,96.26,,96.32,20070600,20070900,20070300
2006-07-28 05:00:00,96.29,,96.335,20070600,20070900,20070300
2006-07-31 05:00:00,96.27,,96.32,20070600,20070900,20070300
2006-08-01 05:00:00,96.3,,96.345,20070600,20070900,20070300
2006-08-02 05:00:00,96.275,,96.335,20070600,20070900,20070300
2006-08-03 05:00:00,96.2,,96.26,20070600,20070900,20070300
2006-08-04 05:00:00,96.235,,96.285,20070600,20070900,20070300
2006-08-07 05:00:00,96.245,,96.29,20070600,20070900,20070300
2006-08-08 05:00:00,96.255,,96.295,20070600,20070900,20070300
2006-08-09 05:00:00,96.22,,96.265,20070600,20070900,20070300
2006-08-10 05:00:00,96.23,,96.275,20070600,20070900,20070300
2006-08-11 05:00:00,96.175,,96.235,20070600,20070900,20070300
2006-08-14 05:00:00,96.13,,96.195,20070600,20070900,20070300
2006-08-15 05:00:00,96.145,,96.205,20070600,20070900,20070300
2006-08-16 05:00:00,96.16,,96.21,20070600,20070900,20070300
2006-08-17 05:00:00,96.15,,96.195,20070600,20070900,20070300
2006-08-18 05:00:00,96.145,,96.185,20070600,20070900,20070300
2006-08-21 05:00:00,96.17,,96.205,20070600,20070900,20070300
2006-08-22 05:00:00,96.3,,96.31,20070600,20070900,20070300
2006-08-23 05:00:00,96.285,,96.295,20070600,20070900,20070300
2006-08-24 05:00:00,96.29,,96.295,20070600,20070900,20070300
2006-08-25 05:00:00,96.31,,96.315,20070600,20070900,20070300
2006-08-28 05:00:00,96.315,96.325,96.32,20070600,20070900,20070300
2006-08-29 05:00:00,96.265,,96.26,20070900,20071200,20070600
2006-08-30 05:00:00,96.29,,96.28,20070900,20071200,20070600
2006-08-31 05:00:00,96.305,,96.285,20070900,20071200,20070600
2006-09-01 05:00:00,96.31,,96.275,20070900,20071200,20070600
2006-09-04 05:00:00,96.3,,96.27,20070900,20071200,20070600
2006-09-05 05:00:00,96.24,,96.22,20070900,20071200,20070600
2006-09-06 05:00:00,96.19,,96.175,20070900,20071200,20070600
2006-09-07 05:00:00,96.185,,96.175,20070900,20071200,20070600
2006-09-08 05:00:00,96.18,,96.17,20070900,20071200,20070600
2006-09-11 05:00:00,96.135,,96.13,20070900,20071200,20070600
2006-09-12 05:00:00,96.12,,96.115,20070900,20071200,20070600
2006-09-13 05:00:00,96.14,,96.13,20070900,20071200,20070600
2006-09-14 05:00:00,96.125,,96.13,20070900,20071200,20070600
2006-09-15 05:00:00,96.135,,96.135,20070900,20071200,20070600
2006-09-18 05:00:00,96.085,,96.095,20070900,20071200,20070600
2006-09-19 05:00:00,96.145,,96.14,20070900,20071200,20070600
2006-09-20 05:00:00,96.15,,96.135,20070900,20071200,20070600
2006-09-21 05:00:00,96.185,,96.165,20070900,20071200,20070600
2006-09-22 05:00:00,96.3,,96.265,20070900,20071200,20070600
2006-09-25 05:00:00,96.36,,96.325,20070900,20071200,20070600
2006-09-26 05:00:00,96.325,,96.29,20070900,20071200,20070600
2006-09-27 05:00:00,96.3,,96.26,20070900,20071200,20070600
2006-09-28 05:00:00,96.27,,96.235,20070900,20071200,20070600
2006-09-29 05:00:00,96.24,,96.21,20070900,20071200,20070600
2006-10-02 05:00:00,96.26,,96.23,20070900,20071200,20070600
2006-10-03 05:00:00,96.215,,96.195,20070900,20071200,20070600
2006-10-04 05:00:00,96.24,,96.21,20070900,20071200,20070600
2006-10-05 05:00:00,96.235,,96.21,20070900,20071200,20070600
2006-10-06 05:00:00,96.225,,96.2,20070900,20071200,20070600
2006-10-09 05:00:00,96.2,,96.185,20070900,20071200,20070600
2006-10-10 05:00:00,96.14,,96.13,20070900,20071200,20070600
2006-10-11 05:00:00,96.145,,96.135,20070900,20071200,20070600
2006-10-12 05:00:00,96.16,,96.15,20070900,20071200,20070600
2006-10-13 05:00:00,96.135,,96.125,20070900,20071200,20070600
2006-10-16 05:00:00,96.14,,96.13,20070900,20071200,20070600
2006-10-17 05:00:00,96.175,,96.16,20070900,20071200,20070600
2006-10-18 05:00:00,96.165,,96.16,20070900,20071200,20070600
2006-10-19 05:00:00,96.15,,96.15,20070900,20071200,20070600
2006-10-20 05:00:00,96.125,,96.125,20070900,20071200,20070600
2006-10-23 05:00:00,96.085,,96.095,20070900,20071200,20070600
2006-10-24 05:00:00,96.085,,96.09,20070900,20071200,20070600
2006-10-25 05:00:00,96.07,,96.07,20070900,20071200,20070600
2006-10-26 05:00:00,96.075,,96.07,20070900,20071200,20070600
2006-10-27 05:00:00,96.095,,96.08,20070900,20071200,20070600
2006-10-30 06:00:00,96.09,,96.07,20070900,20071200,20070600
2006-10-31 06:00:00,96.15,,96.125,20070900,20071200,20070600
2006-11-01 06:00:00,96.21,,96.165,20070900,20071200,20070600
2006-11-02 06:00:00,96.17,,96.125,20070900,20071200,20070600
2006-11-03 06:00:00,96.105,,96.07,20070900,20071200,20070600
2006-11-06 06:00:00,96.075,,96.06,20070900,20071200,20070600
2006-11-07 06:00:00,96.095,,96.06,20070900,20071200,20070600
2006-11-08 06:00:00,96.06,,96.03,20070900,20071200,20070600
2006-11-09 06:00:00,96.07,,96.04,20070900,20071200,20070600
2006-11-10 06:00:00,96.135,,96.095,20070900,20071200,20070600
2006-11-13 06:00:00,96.11,,96.085,20070900,20071200,20070600
2006-11-14 06:00:00,96.125,,96.095,20070900,20071200,20070600
2006-11-15 06:00:00,96.095,,96.075,20070900,20071200,20070600
2006-11-16 06:00:00,96.085,,96.07,20070900,20071200,20070600
2006-11-17 06:00:00,96.11,,96.105,20070900,20071200,20070600
2006-11-20 06:00:00,96.165,,96.145,20070900,20071200,20070600
2006-11-21 06:00:00,96.14,,96.125,20070900,20071200,20070600
2006-11-22 06:00:00,96.165,,96.15,20070900,20071200,20070600
2006-11-23 06:00:00,96.105,,96.095,20070900,20071200,20070600
2006-11-24 06:00:00,96.155,,96.13,20070900,20071200,20070600
2006-11-27 06:00:00,96.17,96.21,96.145,20070900,20071200,20070600
2006-11-28 06:00:00,96.22,,96.18,20071200,20080300,20070900
2006-11-29 06:00:00,96.19,,96.155,20071200,20080300,20070900
2006-11-30 06:00:00,96.225,,96.18,20071200,20080300,20070900
2006-12-01 06:00:00,96.275,,96.23,20071200,20080300,20070900
2006-12-04 06:00:00,96.295,,96.255,20071200,20080300,20070900
2006-12-05 06:00:00,96.26,,96.22,20071200,20080300,20070900
2006-12-06 06:00:00,96.235,,96.195,20071200,20080300,20070900
2006-12-07 06:00:00,96.175,,96.13,20071200,20080300,20070900
2006-12-08 06:00:00,96.165,,96.13,20071200,20080300,20070900
2006-12-11 06:00:00,96.13,,96.095,20071200,20080300,20070900
2006-12-12 06:00:00,96.115,,96.085,20071200,20080300,20070900
2006-12-13 06:00:00,96.105,,96.075,20071200,20080300,20070900
2006-12-14 06:00:00,96.065,,96.045,20071200,20080300,20070900
2006-12-15 06:00:00,96.04,,96.02,20071200,20080300,20070900
2006-12-18 06:00:00,96.015,,95.995,20071200,20080300,20070900
2006-12-19 06:00:00,95.985,,95.965,20071200,20080300,20070900
2006-12-20 06:00:00,95.985,,95.965,20071200,20080300,20070900
2006-12-21 06:00:00,95.97,,95.95,20071200,20080300,20070900
2006-12-22 06:00:00,95.945,,95.93,20071200,20080300,20070900
2006-12-27 06:00:00,95.91,,95.905,20071200,20080300,20070900
2006-12-28 06:00:00,95.9,,95.905,20071200,20080300,20070900
2006-12-29 06:00:00,95.9,,95.9,20071200,20080300,20070900
2007-01-02 06:00:00,95.925,,95.92,20071200,20080300,20070900
2007-01-03 06:00:00,95.92,,95.915,20071200,20080300,20070900
2007-01-04 06:00:00,95.925,,95.92,20071200,20080300,20070900
2007-01-05 06:00:00,95.885,,95.885,20071200,20080300,20070900
2007-01-08 06:00:00,95.895,,95.89,20071200,20080300,20070900
2007-01-09 06:00:00,95.87,,95.865,20071200,20080300,20070900
2007-01-10 06:00:00,95.855,,95.85,20071200,20080300,20070900
2007-01-11 06:00:00,95.89,,95.89,20071200,20080300,20070900
2007-01-12 06:00:00,95.85,,95.855,20071200,20080300,20070900
2007-01-15 06:00:00,95.855,,95.86,20071200,20080300,20070900
2007-01-16 06:00:00,95.855,,95.86,20071200,20080300,20070900
2007-01-17 06:00:00,95.865,,95.87,20071200,20080300,20070900
2007-01-18 06:00:00,95.84,,95.845,20071200,20080300,20070900
2007-01-19 06:00:00,95.83,,95.84,20071200,20080300,20070900
2007-01-22 06:00:00,95.87,,95.87,20071200,20080300,20070900
2007-01-23 06:00:00,95.86,,95.86,20071200,20080300,20070900
2007-01-24 06:00:00,95.835,,95.84,20071200,20080300,20070900
2007-01-25 06:00:00,95.825,,95.84,20071200,20080300,20070900
2007-01-26 06:00:00,95.83,,95.845,20071200,20080300,20070900
2007-01-29 06:00:00,95.81,,95.825,20071200,20080300,20070900
2007-01-30 06:00:00,95.82,,95.835,20071200,20080300,20070900
2007-01-31 06:00:00,95.83,,95.845,20071200,20080300,20070900
2007-02-01 06:00:00,95.855,,95.87,20071200,20080300,20070900
2007-02-02 06:00:00,95.905,,95.91,20071200,20080300,20070900
2007-02-05 06:00:00,95.93,,95.92,20071200,20080300,20070900
2007-02-06 06:00:00,95.915,,95.91,20071200,20080300,20070900
2007-02-07 06:00:00,95.89,,95.88,20071200,20080300,20070900
2007-02-08 06:00:00,95.855,,95.86,20071200,20080300,20070900
2007-02-09 06:00:00,95.84,,95.85,20071200,20080300,20070900
2007-02-12 06:00:00,95.84,,95.86,20071200,20080300,20070900
2007-02-13 06:00:00,95.825,,95.845,20071200,20080300,20070900
2007-02-14 06:00:00,95.835,,95.85,20071200,20080300,20070900
2007-02-15 06:00:00,95.89,,95.885,20071200,20080300,20070900
2007-02-16 06:00:00,95.85,,95.85,20071200,20080300,20070900
2007-02-19 06:00:00,95.83,,95.84,20071200,20080300,20070900
2007-02-20 06:00:00,95.84,,95.845,20071200,20080300,20070900
2007-02-21 06:00:00,95.855,,95.855,20071200,20080300,20070900
2007-02-22 06:00:00,95.825,,95.84,20071200,20080300,20070900
2007-02-23 06:00:00,95.84,,95.845,20071200,20080300,20070900
2007-02-26 06:00:00,95.88,95.925,95.88,20071200,20080300,20070900
2007-02-27 06:00:00,95.965,,95.915,20080300,20080600,20071200
2007-02-28 06:00:00,96.0,,95.95,20080300,20080600,20071200
2007-03-01 06:00:00,96.005,,95.97,20080300,20080600,20071200
2007-03-02 06:00:00,96.045,,96.01,20080300,20080600,20071200
2007-03-05 06:00:00,96.055,,96.015,20080300,20080600,20071200
2007-03-06 06:00:00,96.03,,95.99,20080300,20080600,20071200
2007-03-07 06:00:00,96.025,,95.985,20080300,20080600,20071200
2007-03-08 06:00:00,96.0,,95.945,20080300,20080600,20071200
2007-03-09 06:00:00,95.95,,95.895,20080300,20080600,20071200
2007-03-12 05:00:00,95.955,,95.9,20080300,20080600,20071200
2007-03-13 05:00:00,95.98,,95.915,20080300,20080600,20071200
2007-03-14 05:00:00,96.01,,95.94,20080300,20080600,20071200
2007-03-15 05:00:00,95.955,,95.9,20080300,20080600,20071200
2007-03-16 05:00:00,95.95,,95.895,20080300,20080600,20071200
2007-03-19 05:00:00,95.915,,95.865,20080300,20080600,20071200
2007-03-20 05:00:00,95.92,,95.865,20080300,20080600,20071200
2007-03-21 05:00:00,95.91,,95.865,20080300,20080600,20071200
2007-03-22 05:00:00,95.92,,95.865,20080300,20080600,20071200
2007-03-23 05:00:00,95.89,,95.855,20080300,20080600,20071200
2007-03-26 05:00:00,95.88,,95.835,20080300,20080600,20071200
2007-03-27 05:00:00,95.86,,95.82,20080300,20080600,20071200
2007-03-28 05:00:00,95.87,,95.83,20080300,20080600,20071200
2007-03-29 05:00:00,95.835,,95.8,20080300,20080600,20071200
2007-03-30 05:00:00,95.825,,95.795,20080300,20080600,20071200
2007-04-02 05:00:00,95.79,,95.755,20080300,20080600,20071200
2007-04-03 05:00:00,95.785,,95.75,20080300,20080600,20071200
2007-04-04 05:00:00,95.805,,95.775,20080300,20080600,20071200
2007-04-05 05:00:00,95.785,,95.75,20080300,20080600,20071200
2007-04-10 05:00:00,95.745,,95.72,20080300,20080600,20071200
2007-04-11 05:00:00,95.74,,95.71,20080300,20080600,20071200
2007-04-12 05:00:00,95.715,,95.69,20080300,20080600,20071200
2007-04-13 05:00:00,95.665,,95.65,20080300,20080600,20071200
2007-04-16 05:00:00,95.685,,95.67,20080300,20080600,20071200
2007-04-17 05:00:00,95.695,,95.68,20080300,20080600,20071200
2007-04-18 05:00:00,95.7,,95.685,20080300,20080600,20071200
2007-04-19 05:00:00,95.68,,95.67,20080300,20080600,20071200
2007-04-20 05:00:00,95.67,,95.66,20080300,20080600,20071200
2007-04-23 05:00:00,95.69,,95.68,20080300,20080600,20071200
2007-04-24 05:00:00,95.7,,95.685,20080300,20080600,20071200
2007-04-25 05:00:00,95.675,,95.665,20080300,20080600,20071200
2007-04-26 05:00:00,95.645,,95.645,20080300,20080600,20071200
2007-04-27 05:00:00,95.635,,95.645,20080300,20080600,20071200
2007-04-30 05:00:00,95.675,,95.675,20080300,20080600,20071200
2007-05-02 05:00:00,95.62,,95.625,20080300,20080600,20071200
2007-05-03 05:00:00,95.62,,95.625,20080300,20080600,20071200
2007-05-04 05:00:00,95.64,,95.64,20080300,20080600,20071200
2007-05-07 05:00:00,95.615,,95.625,20080300,20080600,20071200
2007-05-08 05:00:00,95.635,,95.64,20080300,20080600,20071200
2007-05-09 05:00:00,95.63,,95.635,20080300,20080600,20071200
2007-05-10 05:00:00,95.635,,95.64,20080300,20080600,20071200
2007-05-11 05:00:00,95.65,,95.655,20080300,20080600,20071200
2007-05-14 05:00:00,95.6,,95.615,20080300,20080600,20071200
2007-05-15 05:00:00,95.56,,95.585,20080300,20080600,20071200
2007-05-16 05:00:00,95.52,,95.54,20080300,20080600,20071200
2007-05-17 05:00:00,95.52,,95.545,20080300,20080600,20071200
2007-05-18 05:00:00,95.53,,95.55,20080300,20080600,20071200
2007-05-21 05:00:00,95.51,,95.535,20080300,20080600,20071200
2007-05-22 05:00:00,95.5,,95.535,20080300,20080600,20071200
2007-05-23 05:00:00,95.465,,95.505,20080300,20080600,20071200
2007-05-24 05:00:00,95.5,,95.55,20080300,20080600,20071200
2007-05-25 05:00:00,95.46,,95.51,20080300,20080600,20071200
2007-05-29 05:00:00,95.435,95.42,95.49,20080300,20080600,20071200
2007-05-30 05:00:00,95.42,,95.43,20080600,20080900,20080300
2007-05-31 05:00:00,95.385,,95.395,20080600,20080900,20080300
2007-06-01 05:00:00,95.345,,95.36,20080600,20080900,20080300
2007-06-04 05:00:00,95.355,,95.37,20080600,20080900,20080300
2007-06-05 05:00:00,95.33,,95.355,20080600,20080900,20080300
2007-06-06 05:00:00,95.395,,95.42,20080600,20080900,20080300
2007-06-07 05:00:00,95.325,,95.36,20080600,20080900,20080300
2007-06-08 05:00:00,95.315,,95.36,20080600,20080900,20080300
2007-06-11 05:00:00,95.32,,95.36,20080600,20080900,20080300
2007-06-12 05:00:00,95.285,,95.34,20080600,20080900,20080300
2007-06-13 05:00:00,95.25,,95.325,20080600,20080900,20080300
2007-06-14 05:00:00,95.275,,95.34,20080600,20080900,20080300
2007-06-15 05:00:00,95.275,,95.33,20080600,20080900,20080300
2007-06-18 05:00:00,95.275,,95.33,20080600,20080900,20080300
2007-06-19 05:00:00,95.33,,95.375,20080600,20080900,20080300
2007-06-20 05:00:00,95.275,,95.33,20080600,20080900,20080300
2007-06-21 05:00:00,95.295,,95.335,20080600,20080900,20080300
2007-06-22 05:00:00,95.305,,95.345,20080600,20080900,20080300
2007-06-25 05:00:00,95.33,,95.36,20080600,20080900,20080300
2007-06-26 05:00:00,95.345,,95.37,20080600,20080900,20080300
2007-06-27 05:00:00,95.375,,95.395,20080600,20080900,20080300
2007-06-28 05:00:00,95.33,,95.36,20080600,20080900,20080300
2007-06-29 05:00:00,95.29,,95.335,20080600,20080900,20080300
2007-07-02 05:00:00,95.345,,95.36,20080600,20080900,20080300
2007-07-03 05:00:00,95.305,,95.335,20080600,20080900,20080300
2007-07-04 05:00:00,95.275,,95.32,20080600,20080900,20080300
2007-07-05 05:00:00,95.23,,95.285,20080600,20080900,20080300
2007-07-06 05:00:00,95.205,,95.265,20080600,20080900,20080300
2007-07-09 05:00:00,95.23,,95.285,20080600,20080900,20080300
2007-07-10 05:00:00,95.29,,95.335,20080600,20080900,20080300
2007-07-11 05:00:00,95.275,,95.315,20080600,20080900,20080300
2007-07-12 05:00:00,95.24,,95.29,20080600,20080900,20080300
2007-07-13 05:00:00,95.225,,95.285,20080600,20080900,20080300
2007-07-16 05:00:00,95.25,,95.3,20080600,20080900,20080300
2007-07-17 05:00:00,95.23,,95.28,20080600,20080900,20080300
2007-07-18 05:00:00,95.255,,95.305,20080600,20080900,20080300
2007-07-19 05:00:00,95.265,,95.31,20080600,20080900,20080300
2007-07-20 05:00:00,95.34,,95.37,20080600,20080900,20080300
2007-07-23 05:00:00,95.335,,95.36,20080600,20080900,20080300
2007-07-24 05:00:00,95.345,,95.37,20080600,20080900,20080300
2007-07-25 05:00:00,95.385,,95.395,20080600,20080900,20080300
2007-07-26 05:00:00,95.455,,95.455,20080600,20080900,20080300
2007-07-27 05:00:00,95.46,,95.465,20080600,20080900,20080300
2007-07-30 05:00:00,95.485,,95.5,20080600,20080900,20080300
2007-07-31 05:00:00,95.435,,95.45,20080600,20080900,20080300
2007-08-01 05:00:00,95.455,,95.47,20080600,20080900,20080300
2007-08-02 05:00:00,95.43,,95.435,20080600,20080900,20080300
2007-08-03 05:00:00,95.48,,95.485,20080600,20080900,20080300
2007-08-06 05:00:00,95.49,,95.5,20080600,20080900,20080300
2007-08-07 05:00:00,95.46,,95.47,20080600,20080900,20080300
2007-08-08 05:00:00,95.385,,95.41,20080600,20080900,20080300
2007-08-09 05:00:00,95.46,,95.485,20080600,20080900,20080300
2007-08-10 05:00:00,95.58,,95.59,20080600,20080900,20080300
2007-08-13 05:00:00,95.565,,95.57,20080600,20080900,20080300
2007-08-14 05:00:00,95.58,,95.585,20080600,20080900,20080300
2007-08-15 05:00:00,95.345,,95.37,20080600,20080900,20080300
2007-08-16 05:00:00,95.805,,95.785,20080600,20080900,20080300
2007-08-17 05:00:00,95.88,,95.855,20080600,20080900,20080300
2007-08-20 05:00:00,95.895,,95.855,20080600,20080900,20080300
2007-08-21 05:00:00,95.905,,95.85,20080600,20080900,20080300
2007-08-22 05:00:00,95.745,,95.695,20080600,20080900,20080300
2007-08-23 05:00:00,95.725,,95.64,20080600,20080900,20080300
2007-08-24 05:00:00,95.735,,95.635,20080600,20080900,20080300
2007-08-27 05:00:00,95.765,95.81,95.69,20080600,20080900,20080300
2007-08-28 05:00:00,95.825,,95.785,20080900,20081200,20080600
2007-08-29 05:00:00,95.805,,95.765,20080900,20081200,20080600
2007-08-30 05:00:00,95.79,,95.735,20080900,20081200,20080600
2007-08-31 05:00:00,95.75,,95.7,20080900,20081200,20080600
2007-09-03 05:00:00,95.73,,95.68,20080900,20081200,20080600
2007-09-04 05:00:00,95.735,,95.68,20080900,20081200,20080600
2007-09-05 05:00:00,95.785,,95.735,20080900,20081200,20080600
2007-09-06 05:00:00,95.795,,95.76,20080900,20081200,20080600
2007-09-07 05:00:00,95.93,,95.89,20080900,20081200,20080600
2007-09-10 05:00:00,95.93,,95.89,20080900,20081200,20080600
2007-09-11 05:00:00,95.935,,95.88,20080900,20081200,20080600
2007-09-12 05:00:00,95.89,,95.84,20080900,20081200,20080600
2007-09-13 05:00:00,95.83,,95.8,20080900,20081200,20080600
2007-09-14 05:00:00,95.865,,95.82,20080900,20081200,20080600
2007-09-17 05:00:00,95.845,,95.795,20080900,20081200,20080600
2007-09-18 05:00:00,95.765,,95.725,20080900,20081200,20080600
2007-09-19 05:00:00,95.78,,95.76,20080900,20081200,20080600
2007-09-20 05:00:00,95.72,,95.72,20080900,20081200,20080600
2007-09-21 05:00:00,95.755,,95.755,20080900,20081200,20080600
2007-09-24 05:00:00,95.765,,95.755,20080900,20081200,20080600
2007-09-25 05:00:00,95.815,,95.785,20080900,20081200,20080600
2007-09-26 05:00:00,95.73,,95.72,20080900,20081200,20080600
2007-09-27 05:00:00,95.73,,95.71,20080900,20081200,20080600
2007-09-28 05:00:00,95.765,,95.73,20080900,20081200,20080600
2007-10-01 05:00:00,95.79,,95.74,20080900,20081200,20080600
2007-10-02 05:00:00,95.785,,95.725,20080900,20081200,20080600
2007-10-03 05:00:00,95.76,,95.71,20080900,20081200,20080600
2007-10-04 05:00:00,95.785,,95.73,20080900,20081200,20080600
2007-10-05 05:00:00,95.765,,95.725,20080900,20081200,20080600
2007-10-08 05:00:00,95.75,,95.72,20080900,20081200,20080600
2007-10-09 05:00:00,95.75,,95.72,20080900,20081200,20080600
2007-10-10 05:00:00,95.7,,95.675,20080900,20081200,20080600
2007-10-11 05:00:00,95.685,,95.67,20080900,20081200,20080600
2007-10-12 05:00:00,95.605,,95.605,20080900,20081200,20080600
2007-10-15 05:00:00,95.56,,95.555,20080900,20081200,20080600
2007-10-16 05:00:00,95.58,,95.57,20080900,20081200,20080600
2007-10-17 05:00:00,95.595,,95.585,20080900,20081200,20080600
2007-10-18 05:00:00,95.67,,95.625,20080900,20081200,20080600
2007-10-19 05:00:00,95.745,,95.695,20080900,20081200,20080600
2007-10-22 05:00:00,95.8,,95.745,20080900,20081200,20080600
2007-10-23 05:00:00,95.8,,95.745,20080900,20081200,20080600
2007-10-24 05:00:00,95.87,,95.81,20080900,20081200,20080600
2007-10-25 05:00:00,95.855,,95.8,20080900,20081200,20080600
2007-10-26 05:00:00,95.82,,95.765,20080900,20081200,20080600
2007-10-29 05:00:00,95.81,,95.76,20080900,20081200,20080600
2007-10-30 05:00:00,95.76,,95.71,20080900,20081200,20080600
2007-10-31 05:00:00,95.66,,95.625,20080900,20081200,20080600
2007-11-01 05:00:00,95.705,,95.67,20080900,20081200,20080600
2007-11-02 05:00:00,95.73,,95.685,20080900,20081200,20080600
2007-11-05 06:00:00,95.75,,95.705,20080900,20081200,20080600
2007-11-06 06:00:00,95.73,,95.685,20080900,20081200,20080600
2007-11-07 06:00:00,95.775,,95.72,20080900,20081200,20080600
2007-11-08 06:00:00,95.845,,95.78,20080900,20081200,20080600
2007-11-09 06:00:00,95.895,,95.82,20080900,20081200,20080600
2007-11-12 06:00:00,95.895,,95.82,20080900,20081200,20080600
2007-11-13 06:00:00,95.87,,95.805,20080900,20081200,20080600
2007-11-14 06:00:00,95.835,,95.775,20080900,20081200,20080600
2007-11-15 06:00:00,95.865,,95.8,20080900,20081200,20080600
2007-11-16 06:00:00,95.89,,95.815,20080900,20081200,20080600
2007-11-19 06:00:00,95.935,,95.845,20080900,20081200,20080600
2007-11-20 06:00:00,95.915,,95.815,20080900,20081200,20080600
2007-11-21 06:00:00,95.975,,95.88,20080900,20081200,20080600
2007-11-22 06:00:00,96.0,,95.89,20080900,20081200,20080600
2007-11-23 06:00:00,95.98,,95.865,20080900,20081200,20080600
2007-11-26 06:00:00,95.995,,95.875,20080900,20081200,20080600
2007-11-27 06:00:00,95.985,96.01,95.865,20080900,20081200,20080600
2007-11-28 06:00:00,95.945,,95.915,20081200,20090300,20080900
2007-11-29 06:00:00,95.98,,95.94,20081200,20090300,20080900
2007-11-30 06:00:00,95.935,,95.875,20081200,20090300,20080900
2007-12-03 06:00:00,95.96,,95.9,20081200,20090300,20080900
2007-12-04 06:00:00,96.015,,95.935,20081200,20090300,20080900
2007-12-05 06:00:00,96.0,,95.915,20081200,20090300,20080900
2007-12-06 06:00:00,95.97,,95.87,20081200,20090300,20080900
2007-12-07 06:00:00,95.8,,95.73,20081200,20090300,20080900
2007-12-10 06:00:00,95.72,,95.645,20081200,20090300,20080900
2007-12-11 06:00:00,95.73,,95.645,20081200,20090300,20080900
2007-12-12 06:00:00,95.645,,95.585,20081200,20090300,20080900
2007-12-13 06:00:00,95.65,,95.59,20081200,20090300,20080900
2007-12-14 06:00:00,95.605,,95.535,20081200,20090300,20080900
2007-12-17 06:00:00,95.64,,95.58,20081200,20090300,20080900
2007-12-18 06:00:00,95.645,,95.59,20081200,20090300,20080900
2007-12-19 06:00:00,95.66,,95.605,20081200,20090300,20080900
2007-12-20 06:00:00,95.695,,95.645,20081200,20090300,20080900
2007-12-21 06:00:00,95.64,,95.6,20081200,20090300,20080900
2007-12-27 06:00:00,95.64,,95.585,20081200,20090300,20080900
2007-12-28 06:00:00,95.705,,95.63,20081200,20090300,20080900
2008-01-02 06:00:00,95.815,,95.735,20081200,20090300,20080900
2008-01-03 06:00:00,95.86,,95.775,20081200,20090300,20080900
2008-01-04 06:00:00,95.915,,95.815,20081200,20090300,20080900
2008-01-07 06:00:00,95.92,,95.805,20081200,20090300,20080900
2008-01-08 06:00:00,95.865,,95.76,20081200,20090300,20080900
2008-01-09 06:00:00,95.935,,95.825,20081200,20090300,20080900
2008-01-10 06:00:00,95.925,,95.8,20081200,20090300,20080900
2008-01-11 06:00:00,95.975,,95.825,20081200,20090300,20080900
2008-01-14 06:00:00,96.07,,95.925,20081200,20090300,20080900
2008-01-15 06:00:00,96.08,,95.95,20081200,20090300,20080900
2008-01-16 06:00:00,96.24,,96.12,20081200,20090300,20080900
2008-01-17 06:00:00,96.305,,96.16,20081200,20090300,20080900
2008-01-18 06:00:00,96.305,,96.17,20081200,20090300,20080900
2008-01-21 06:00:00,96.4,,96.29,20081200,20090300,20080900
2008-01-22 06:00:00,96.39,,96.32,20081200,20090300,20080900
2008-01-23 06:00:00,96.55,,96.49,20081200,20090300,20080900
2008-01-24 06:00:00,96.255,,96.195,20081200,20090300,20080900
2008-01-25 06:00:00,96.285,,96.235,20081200,20090300,20080900
2008-01-28 06:00:00,96.3,,96.21,20081200,20090300,20080900
2008-01-29 06:00:00,96.26,,96.175,20081200,20090300,20080900
2008-01-30 06:00:00,96.265,,96.19,20081200,20090300,20080900
2008-01-31 06:00:00,96.4,,96.315,20081200,20090300,20080900
2008-02-01 06:00:00,96.405,,96.295,20081200,20090300,20080900
2008-02-04 06:00:00,96.365,,96.245,20081200,20090300,20080900
2008-02-05 06:00:00,96.51,,96.375,20081200,20090300,20080900
2008-02-06 06:00:00,96.48,,96.345,20081200,20090300,20080900
2008-02-07 06:00:00,96.665,,96.55,20081200,20090300,20080900
2008-02-08 06:00:00,96.68,,96.57,20081200,20090300,20080900
2008-02-11 06:00:00,96.695,,96.555,20081200,20090300,20080900
2008-02-12 06:00:00,96.62,,96.48,20081200,20090300,20080900
2008-02-13 06:00:00,96.595,,96.455,20081200,20090300,20080900
2008-02-14 06:00:00,96.545,,96.4,20081200,20090300,20080900
2008-02-15 06:00:00,96.58,,96.415,20081200,20090300,20080900
2008-02-18 06:00:00,96.48,,96.32,20081200,20090300,20080900
2008-02-19 06:00:00,96.515,,96.34,20081200,20090300,20080900
2008-02-20 06:00:00,96.435,,96.265,20081200,20090300,20080900
2008-02-21 06:00:00,96.35,,96.17,20081200,20090300,20080900
2008-02-22 06:00:00,96.4,,96.205,20081200,20090300,20080900
2008-02-25 06:00:00,96.37,96.47,96.19,20081200,20090300,20080900
2008-02-26 06:00:00,96.415,,96.31,20090300,20090600,20081200
2008-02-27 06:00:00,96.45,,96.33,20090300,20090600,20081200
2008-02-28 06:00:00,96.57,,96.425,20090300,20090600,20081200
2008-02-29 06:00:00,96.65,,96.5,20090300,20090600,20081200
2008-03-03 06:00:00,96.61,,96.455,20090300,20090600,20081200
2008-03-04 06:00:00,96.635,,96.46,20090300,20090600,20081200
2008-03-05 06:00:00,96.545,,96.37,20090300,20090600,20081200
2008-03-06 06:00:00,96.5,,96.305,20090300,20090600,20081200
2008-03-07 06:00:00,96.545,,96.345,20090300,20090600,20081200
2008-03-10 05:00:00,96.61,,96.41,20090300,20090600,20081200
2008-03-11 05:00:00,96.46,,96.275,20090300,20090600,20081200
2008-03-12 05:00:00,96.395,,96.23,20090300,20090600,20081200
2008-03-13 05:00:00,96.43,,96.255,20090300,20090600,20081200
2008-03-14 05:00:00,96.415,,96.21,20090300,20090600,20081200
2008-03-17 05:00:00,96.58,,96.415,20090300,20090600,20081200
2008-03-18 05:00:00,96.43,,96.275,20090300,20090600,20081200
2008-03-19 05:00:00,96.365,,96.195,20090300,20090600,20081200
2008-03-20 05:00:00,96.275,,96.105,20090300,20090600,20081200
2008-03-25 05:00:00,96.09,,95.945,20090300,20090600,20081200
2008-03-26 05:00:00,96.125,,95.965,20090300,20090600,20081200
2008-03-27 05:00:00,96.155,,95.99,20090300,20090600,20081200
2008-03-28 05:00:00,96.155,,96.01,20090300,20090600,20081200
2008-03-31 05:00:00,96.185,,96.02,20090300,20090600,20081200
2008-04-01 05:00:00,96.11,,95.94,20090300,20090600,20081200
2008-04-02 05:00:00,96.02,,95.835,20090300,20090600,20081200
2008-04-03 05:00:00,96.075,,95.875,20090300,20090600,20081200
2008-04-04 05:00:00,96.09,,95.9,20090300,20090600,20081200
2008-04-07 05:00:00,96.05,,95.865,20090300,20090600,20081200
2008-04-08 05:00:00,96.08,,95.875,20090300,20090600,20081200
2008-04-09 05:00:00,96.11,,95.88,20090300,20090600,20081200
2008-04-10 05:00:00,96.115,,95.875,20090300,20090600,20081200
2008-04-11 05:00:00,96.19,,95.905,20090300,20090600,20081200
2008-04-14 05:00:00,96.18,,95.87,20090300,20090600,20081200
2008-04-15 05:00:00,96.09,,95.79,20090300,20090600,20081200
2008-04-16 05:00:00,95.95,,95.675,20090300,20090600,20081200
2008-04-17 05:00:00,95.865,,95.62,20090300,20090600,20081200
2008-04-18 05:00:00,95.66,,95.455,20090300,20090600,20081200
2008-04-21 05:00:00,95.735,,95.53,20090300,20090600,20081200
2008-04-22 05:00:00,95.6,,95.37,20090300,20090600,20081200
2008-04-23 05:00:00,95.64,,95.405,20090300,20090600,20081200
2008-04-24 05:00:00,95.615,,95.385,20090300,20090600,20081200
2008-04-25 05:00:00,95.615,,95.395,20090300,20090600,20081200
2008-04-28 05:00:00,95.655,,95.445,20090300,20090600,20081200
2008-04-29 05:00:00,95.73,,95.51,20090300,20090600,20081200
2008-04-30 05:00:00,95.75,,95.51,20090300,20090600,20081200
2008-05-02 05:00:00,95.705,,95.5,20090300,20090600,20081200
2008-05-05 05:00:00,95.65,,95.445,20090300,20090600,20081200
2008-05-06 05:00:00,95.71,,95.495,20090300,20090600,20081200
2008-05-07 05:00:00,95.745,,95.53,20090300,20090600,20081200
2008-05-08 05:00:00,95.81,,95.575,20090300,20090600,20081200
2008-05-09 05:00:00,95.845,,95.58,20090300,20090600,20081200
2008-05-12 05:00:00,95.75,,95.495,20090300,20090600,20081200
2008-05-13 05:00:00,95.65,,95.42,20090300,20090600,20081200
2008-05-14 05:00:00,95.52,,95.34,20090300,20090600,20081200
2008-05-15 05:00:00,95.45,,95.29,20090300,20090600,20081200
2008-05-16 05:00:00,95.49,,95.33,20090300,20090600,20081200
2008-05-19 05:00:00,95.45,,95.31,20090300,20090600,20081200
2008-05-20 05:00:00,95.475,,95.325,20090300,20090600,20081200
2008-05-21 05:00:00,95.365,,95.26,20090300,20090600,20081200
2008-05-22 05:00:00,95.26,,95.185,20090300,20090600,20081200
2008-05-23 05:00:00,95.25,,95.155,20090300,20090600,20081200
2008-05-26 05:00:00,95.235,95.325,95.155,20090300,20090600,20081200
2008-05-27 05:00:00,95.315,,95.225,20090600,20090900,20090300
2008-05-28 05:00:00,95.295,,95.21,20090600,20090900,20090300
2008-05-29 05:00:00,95.155,,95.08,20090600,20090900,20090300
2008-05-30 05:00:00,95.18,,95.09,20090600,20090900,20090300
2008-06-02 05:00:00,95.235,,95.125,20090600,20090900,20090300
2008-06-03 05:00:00,95.13,,95.035,20090600,20090900,20090300
2008-06-04 05:00:00,95.165,,95.07,20090600,20090900,20090300
2008-06-05 05:00:00,94.865,,94.74,20090600,20090900,20090300
2008-06-06 05:00:00,94.75,,94.68,20090600,20090900,20090300
2008-06-09 05:00:00,94.555,,94.545,20090600,20090900,20090300
2008-06-10 05:00:00,94.645,,94.635,20090600,20090900,20090300
2008-06-11 05:00:00,94.795,,94.74,20090600,20090900,20090300
2008-06-12 05:00:00,94.71,,94.705,20090600,20090900,20090300
2008-06-13 05:00:00,94.64,,94.62,20090600,20090900,20090300
2008-06-16 05:00:00,94.6,,94.58,20090600,20090900,20090300
2008-06-17 05:00:00,94.695,,94.66,20090600,20090900,20090300
2008-06-18 05:00:00,94.73,,94.705,20090600,20090900,20090300
2008-06-19 05:00:00,94.655,,94.645,20090600,20090900,20090300
2008-06-20 05:00:00,94.705,,94.67,20090600,20090900,20090300
2008-06-23 05:00:00,94.765,,94.715,20090600,20090900,20090300
2008-06-24 05:00:00,94.79,,94.735,20090600,20090900,20090300
2008-06-25 05:00:00,94.785,,94.725,20090600,20090900,20090300
2008-06-26 05:00:00,94.9,,94.82,20090600,20090900,20090300
2008-06-27 05:00:00,94.925,,94.845,20090600,20090900,20090300
2008-06-30 05:00:00,94.75,,94.72,20090600,20090900,20090300
2008-07-01 05:00:00,94.76,,94.74,20090600,20090900,20090300
2008-07-02 05:00:00,94.7,,94.69,20090600,20090900,20090300
2008-07-03 05:00:00,94.895,,94.865,20090600,20090900,20090300
2008-07-04 05:00:00,94.945,,94.875,20090600,20090900,20090300
2008-07-07 05:00:00,95.01,,94.935,20090600,20090900,20090300
2008-07-08 05:00:00,95.02,,94.94,20090600,20090900,20090300
2008-07-09 05:00:00,94.995,,94.92,20090600,20090900,20090300
2008-07-10 05:00:00,95.035,,94.955,20090600,20090900,20090300
2008-07-11 05:00:00,95.07,,94.985,20090600,20090900,20090300
2008-07-14 05:00:00,95.12,,95.03,20090600,20090900,20090300
2008-07-15 05:00:00,95.16,,95.065,20090600,20090900,20090300
2008-07-16 05:00:00,95.15,,95.07,20090600,20090900,20090300
2008-07-17 05:00:00,95.11,,95.04,20090600,20090900,20090300
2008-07-18 05:00:00,94.935,,94.885,20090600,20090900,20090300
2008-07-21 05:00:00,94.8,,94.78,20090600,20090900,20090300
2008-07-22 05:00:00,94.825,,94.805,20090600,20090900,20090300
2008-07-23 05:00:00,94.83,,94.8,20090600,20090900,20090300
2008-07-24 05:00:00,95.015,,94.94,20090600,20090900,20090300
2008-07-25 05:00:00,95.03,,94.945,20090600,20090900,20090300
2008-07-28 05:00:00,95.105,,94.995,20090600,20090900,20090300
2008-07-29 05:00:00,95.17,,95.065,20090600,20090900,20090300
2008-07-30 05:00:00,95.245,,95.13,20090600,20090900,20090300
2008-07-31 05:00:00,95.285,,95.145,20090600,20090900,20090300
2008-08-01 05:00:00,95.295,,95.13,20090600,20090900,20090300
2008-08-04 05:00:00,95.295,,95.115,20090600,20090900,20090300
2008-08-05 05:00:00,95.28,,95.115,20090600,20090900,20090300
2008-08-06 05:00:00,95.315,,95.155,20090600,20090900,20090300
2008-08-07 05:00:00,95.465,,95.28,20090600,20090900,20090300
2008-08-08 05:00:00,95.535,,95.315,20090600,20090900,20090300
2008-08-11 05:00:00,95.475,,95.265,20090600,20090900,20090300
2008-08-12 05:00:00,95.525,,95.32,20090600,20090900,20090300
2008-08-13 05:00:00,95.59,,95.37,20090600,20090900,20090300
2008-08-14 05:00:00,95.575,,95.355,20090600,20090900,20090300
2008-08-15 05:00:00,95.605,,95.345,20090600,20090900,20090300
2008-08-18 05:00:00,95.61,,95.35,20090600,20090900,20090300
2008-08-19 05:00:00,95.6,,95.335,20090600,20090900,20090300
2008-08-20 05:00:00,95.555,,95.305,20090600,20090900,20090300
2008-08-21 05:00:00,95.475,,95.255,20090600,20090900,20090300
2008-08-22 05:00:00,95.395,,95.205,20090600,20090900,20090300
2008-08-25 05:00:00,95.485,,95.275,20090600,20090900,20090300
2008-08-26 05:00:00,95.53,95.68,95.305,20090600,20090900,20090300
2008-08-27 05:00:00,95.54,,95.41,20090900,20091200,20090600
2008-08-28 05:00:00,95.48,,95.365,20090900,20091200,20090600
2008-08-29 05:00:00,95.515,,95.4,20090900,20091200,20090600
2008-09-01 05:00:00,95.62,,95.485,20090900,20091200,20090600
2008-09-02 05:00:00,95.565,,95.425,20090900,20091200,20090600
2008-09-03 05:00:00,95.575,,95.42,20090900,20091200,20090600
2008-09-04 05:00:00,95.635,,95.445,20090900,20091200,20090600
2008-09-05 05:00:00,95.745,,95.54,20090900,20091200,20090600
2008-09-08 05:00:00,95.665,,95.465,20090900,20091200,20090600
2008-09-09 05:00:00,95.72,,95.52,20090900,20091200,20090600
2008-09-10 05:00:00,95.695,,95.505,20090900,20091200,20090600
2008-09-11 05:00:00,95.66,,95.465,20090900,20091200,20090600
2008-09-12 05:00:00,95.605,,95.395,20090900,20091200,20090600
2008-09-15 05:00:00,95.805,,95.61,20090900,20091200,20090600
2008-09-16 05:00:00,95.78,,95.59,20090900,20091200,20090600
2008-09-17 05:00:00,95.685,,95.455,20090900,20091200,20090600
2008-09-18 05:00:00,95.68,,95.43,20090900,20091200,20090600
2008-09-19 05:00:00,95.48,,95.275,20090900,20091200,20090600
2008-09-22 05:00:00,95.43,,95.265,20090900,20091200,20090600
2008-09-23 05:00:00,95.46,,95.265,20090900,20091200,20090600
2008-09-24 05:00:00,95.55,,95.365,20090900,20091200,20090600
2008-09-25 05:00:00,95.54,,95.365,20090900,20091200,20090600
2008-09-26 05:00:00,95.735,,95.56,20090900,20091200,20090600
2008-09-29 05:00:00,96.07,,95.88,20090900,20091200,20090600
2008-09-30 05:00:00,96.04,,95.845,20090900,20091200,20090600
2008-10-01 05:00:00,96.135,,95.93,20090900,20091200,20090600
2008-10-02 05:00:00,96.285,,96.12,20090900,20091200,20090600
2008-10-03 05:00:00,96.32,,96.205,20090900,20091200,20090600
2008-10-06 05:00:00,96.505,,96.43,20090900,20091200,20090600
2008-10-07 05:00:00,96.505,,96.45,20090900,20091200,20090600
2008-10-08 05:00:00,96.635,,96.565,20090900,20091200,20090600
2008-10-09 05:00:00,96.475,,96.425,20090900,20091200,20090600
2008-10-10 05:00:00,96.515,,96.585,20090900,20091200,20090600
2008-10-13 05:00:00,96.5,,96.605,20090900,20091200,20090600
2008-10-14 05:00:00,96.455,,96.525,20090900,20091200,20090600
2008-10-15 05:00:00,96.465,,96.505,20090900,20091200,20090600
2008-10-16 05:00:00,96.645,,96.685,20090900,20091200,20090600
2008-10-17 05:00:00,96.65,,96.7,20090900,20091200,20090600
2008-10-20 05:00:00,96.715,,96.745,20090900,20091200,20090600
2008-10-21 05:00:00,96.75,,96.76,20090900,20091200,20090600
2008-10-22 05:00:00,96.835,,96.825,20090900,20091200,20090600
2008-10-23 05:00:00,96.85,,96.845,20090900,20091200,20090600
2008-10-24 05:00:00,96.9,,96.88,20090900,20091200,20090600
2008-10-27 05:00:00,97.0,,96.995,20090900,20091200,20090600
2008-10-28 05:00:00,97.005,,96.995,20090900,20091200,20090600
2008-10-29 05:00:00,97.12,,97.075,20090900,20091200,20090600
2008-10-30 05:00:00,97.215,,97.165,20090900,20091200,20090600
2008-10-31 05:00:00,97.135,,97.105,20090900,20091200,20090600
2008-11-03 06:00:00,97.125,,97.075,20090900,20091200,20090600
2008-11-04 06:00:00,97.115,,97.06,20090900,20091200,20090600
2008-11-05 06:00:00,97.12,,97.055,20090900,20091200,20090600
2008-11-06 06:00:00,97.215,,97.225,20090900,20091200,20090600
2008-11-07 06:00:00,97.205,,97.225,20090900,20091200,20090600
2008-11-10 06:00:00,97.29,,97.315,20090900,20091200,20090600
2008-11-11 06:00:00,97.355,,97.395,20090900,20091200,20090600
2008-11-12 06:00:00,97.37,,97.385,20090900,20091200,20090600
2008-11-13 06:00:00,97.335,,97.32,20090900,20091200,20090600
2008-11-14 06:00:00,97.345,,97.335,20090900,20091200,20090600
2008-11-17 06:00:00,97.42,,97.445,20090900,20091200,20090600
2008-11-18 06:00:00,97.38,,97.41,20090900,20091200,20090600
2008-11-19 06:00:00,97.415,,97.45,20090900,20091200,20090600
2008-11-20 06:00:00,97.575,,97.59,20090900,20091200,20090600
2008-11-21 06:00:00,97.55,,97.595,20090900,20091200,20090600
2008-11-24 06:00:00,97.47,,97.525,20090900,20091200,20090600
2008-11-25 06:00:00,97.455,,97.5,20090900,20091200,20090600
2008-11-26 06:00:00,97.535,97.285,97.555,20090900,20091200,20090600
2008-11-27 06:00:00,97.285,,97.535,20091200,20100300,20090900
2008-11-28 06:00:00,97.275,,97.55,20091200,20100300,20090900
2008-12-01 06:00:00,97.365,,97.585,20091200,20100300,20090900
2008-12-02 06:00:00,97.4,,97.62,20091200,20100300,20090900
2008-12-03 06:00:00,97.495,,97.715,20091200,20100300,20090900
2008-12-04 06:00:00,97.325,,97.56,20091200,20100300,20090900
2008-12-05 06:00:00,97.435,,97.635,20091200,20100300,20090900
2008-12-08 06:00:00,97.175,,97.395,20091200,20100300,20090900
2008-12-09 06:00:00,97.095,,97.31,20091200,20100300,20090900
2008-12-10 06:00:00,97.2,,97.41,20091200,20100300,20090900
2008-12-11 06:00:00,97.275,,97.475,20091200,20100300,20090900
2008-12-12 06:00:00,97.22,,97.39,20091200,20100300,20090900
2008-12-15 06:00:00,97.22,,97.39,20091200,20100300,20090900
2008-12-16 06:00:00,97.335,,97.53,20091200,20100300,20090900
2008-12-17 06:00:00,97.545,,97.725,20091200,20100300,20090900
2008-12-18 06:00:00,97.58,,97.765,20091200,20100300,20090900
2008-12-19 06:00:00,97.555,,97.755,20091200,20100300,20090900
2008-12-22 06:00:00,97.595,,97.815,20091200,20100300,20090900
2008-12-23 06:00:00,97.585,,97.815,20091200,20100300,20090900
2008-12-29 06:00:00,97.715,,97.96,20091200,20100300,20090900
2008-12-30 06:00:00,97.68,,97.94,20091200,20100300,20090900
2009-01-02 06:00:00,97.795,,98.02,20091200,20100300,20090900
2009-01-05 06:00:00,97.78,,98.02,20091200,20100300,20090900
2009-01-06 06:00:00,97.725,,97.975,20091200,20100300,20090900
2009-01-07 06:00:00,97.84,,98.08,20091200,20100300,20090900
2009-01-08 06:00:00,97.93,,98.155,20091200,20100300,20090900
2009-01-09 06:00:00,98.02,,98.245,20091200,20100300,20090900
2009-01-12 06:00:00,98.055,,98.275,20091200,20100300,20090900
2009-01-13 06:00:00,98.085,,98.275,20091200,20100300,20090900
2009-01-14 06:00:00,98.065,,98.24,20091200,20100300,20090900
2009-01-15 06:00:00,97.98,,98.165,20091200,20100300,20090900
2009-01-16 06:00:00,98.08,,98.265,20091200,20100300,20090900
2009-01-19 06:00:00,98.03,,98.23,20091200,20100300,20090900
2009-01-20 06:00:00,98.065,,98.285,20091200,20100300,20090900
2009-01-21 06:00:00,98.14,,98.34,20091200,20100300,20090900
2009-01-22 06:00:00,98.135,,98.325,20091200,20100300,20090900
2009-01-23 06:00:00,98.11,,98.29,20091200,20100300,20090900
2009-01-26 06:00:00,97.91,,98.09,20091200,20100300,20090900
2009-01-27 06:00:00,97.895,,98.09,20091200,20100300,20090900
2009-01-28 06:00:00,97.97,,98.155,20091200,20100300,20090900
2009-01-29 06:00:00,98.03,,98.21,20091200,20100300,20090900
2009-01-30 06:00:00,98.065,,98.225,20091200,20100300,20090900
2009-02-02 06:00:00,98.05,,98.21,20091200,20100300,20090900
2009-02-03 06:00:00,98.09,,98.25,20091200,20100300,20090900
2009-02-04 06:00:00,98.135,,98.295,20091200,20100300,20090900
2009-02-05 06:00:00,98.175,,98.345,20091200,20100300,20090900
2009-02-06 06:00:00,98.2,,98.365,20091200,20100300,20090900
2009-02-09 06:00:00,98.18,,98.345,20091200,20100300,20090900
2009-02-10 06:00:00,98.135,,98.295,20091200,20100300,20090900
2009-02-11 06:00:00,98.205,,98.34,20091200,20100300,20090900
2009-02-12 06:00:00,98.245,,98.38,20091200,20100300,20090900
2009-02-13 06:00:00,98.225,,98.365,20091200,20100300,20090900
2009-02-16 06:00:00,98.25,,98.385,20091200,20100300,20090900
2009-02-17 06:00:00,98.305,,98.42,20091200,20100300,20090900
2009-02-18 06:00:00,98.245,,98.37,20091200,20100300,20090900
2009-02-19 06:00:00,98.155,,98.3,20091200,20100300,20090900
2009-02-20 06:00:00,98.22,,98.36,20091200,20100300,20090900
2009-02-23 06:00:00,98.195,,98.34,20091200,20100300,20090900
2009-02-24 06:00:00,98.22,98.14,98.365,20091200,20100300,20090900
2009-02-25 06:00:00,98.19,,98.265,20100300,20100600,20091200
2009-02-26 06:00:00,98.12,,98.215,20100300,20100600,20091200
2009-02-27 06:00:00,98.145,,98.245,20100300,20100600,20091200
2009-03-02 06:00:00,98.24,,98.32,20100300,20100600,20091200
2009-03-03 06:00:00,98.28,,98.365,20100300,20100600,20091200
2009-03-04 06:00:00,98.275,,98.37,20100300,20100600,20091200
2009-03-05 06:00:00,98.31,,98.39,20100300,20100600,20091200
2009-03-06 06:00:00,98.33,,98.38,20100300,20100600,20091200
2009-03-09 05:00:00,98.22,,98.26,20100300,20100600,20091200
2009-03-10 05:00:00,98.21,,98.26,20100300,20100600,20091200
2009-03-11 05:00:00,98.155,,98.22,20100300,20100600,20091200
2009-03-12 05:00:00,98.23,,98.29,20100300,20100600,20091200
2009-03-13 05:00:00,98.23,,98.28,20100300,20100600,20091200
2009-03-16 05:00:00,98.245,,98.31,20100300,20100600,20091200
2009-03-17 05:00:00,98.205,,98.285,20100300,20100600,20091200
2009-03-18 05:00:00,98.215,,98.325,20100300,20100600,20091200
2009-03-19 05:00:00,98.3,,98.39,20100300,20100600,20091200
2009-03-20 05:00:00,98.375,,98.455,20100300,20100600,20091200
2009-03-23 05:00:00,98.35,,98.435,20100300,20100600,20091200
2009-03-24 05:00:00,98.3,,98.395,20100300,20100600,20091200
2009-03-25 05:00:00,98.275,,98.385,20100300,20100600,20091200
2009-03-26 05:00:00,98.265,,98.39,20100300,20100600,20091200
2009-03-27 05:00:00,98.395,,98.505,20100300,20100600,20091200
2009-03-30 05:00:00,98.47,,98.555,20100300,20100600,20091200
2009-03-31 05:00:00,98.49,,98.565,20100300,20100600,20091200
2009-04-01 05:00:00,98.505,,98.57,20100300,20100600,20091200
2009-04-02 05:00:00,98.31,,98.415,20100300,20100600,20091200
2009-04-03 05:00:00,98.215,,98.335,20100300,20100600,20091200
2009-04-06 05:00:00,98.205,,98.36,20100300,20100600,20091200
2009-04-07 05:00:00,98.255,,98.405,20100300,20100600,20091200
2009-04-08 05:00:00,98.285,,98.43,20100300,20100600,20091200
2009-04-09 05:00:00,98.285,,98.43,20100300,20100600,20091200
2009-04-14 05:00:00,98.34,,98.47,20100300,20100600,20091200
2009-04-15 05:00:00,98.395,,98.52,20100300,20100600,20091200
2009-04-16 05:00:00,98.38,,98.5,20100300,20100600,20091200
2009-04-17 05:00:00,98.285,,98.42,20100300,20100600,20091200
2009-04-20 05:00:00,98.345,,98.46,20100300,20100600,20091200
2009-04-21 05:00:00,98.315,,98.43,20100300,20100600,20091200
2009-04-22 05:00:00,98.285,,98.405,20100300,20100600,20091200
2009-04-23 05:00:00,98.315,,98.435,20100300,20100600,20091200
2009-04-24 05:00:00,98.315,,98.435,20100300,20100600,20091200
2009-04-27 05:00:00,98.405,,98.52,20100300,20100600,20091200
2009-04-28 05:00:00,98.47,,98.555,20100300,20100600,20091200
2009-04-29 05:00:00,98.49,,98.565,20100300,20100600,20091200
2009-04-30 05:00:00,98.49,,98.565,20100300,20100600,20091200
2009-05-04 05:00:00,98.455,,98.54,20100300,20100600,20091200
2009-05-05 05:00:00,98.48,,98.56,20100300,20100600,20091200
2009-05-06 05:00:00,98.515,,98.605,20100300,20100600,20091200
2009-05-07 05:00:00,98.56,,98.675,20100300,20100600,20091200
2009-05-08 05:00:00,98.625,,98.73,20100300,20100600,20091200
2009-05-11 05:00:00,98.6,,98.7,20100300,20100600,20091200
2009-05-12 05:00:00,98.59,,98.695,20100300,20100600,20091200
2009-05-13 05:00:00,98.655,,98.74,20100300,20100600,20091200
2009-05-14 05:00:00,98.68,,98.76,20100300,20100600,20091200
2009-05-15 05:00:00,98.705,,98.795,20100300,20100600,20091200
2009-05-18 05:00:00,98.765,,98.845,20100300,20100600,20091200
2009-05-19 05:00:00,98.695,,98.78,20100300,20100600,20091200
2009-05-20 05:00:00,98.66,,98.75,20100300,20100600,20091200
2009-05-21 05:00:00,98.71,,98.785,20100300,20100600,20091200
2009-05-22 05:00:00,98.66,,98.735,20100300,20100600,20091200
2009-05-25 05:00:00,98.6,,98.69,20100300,20100600,20091200
2009-05-26 05:00:00,98.625,98.405,98.72,20100300,20100600,20091200
2009-05-27 05:00:00,98.375,,98.6,20100600,20100900,20100300
2009-05-28 05:00:00,98.4,,98.625,20100600,20100900,20100300
2009-05-29 05:00:00,98.48,,98.7,20100600,20100900,20100300
2009-06-01 05:00:00,98.46,,98.675,20100600,20100900,20100300
2009-06-02 05:00:00,98.495,,98.715,20100600,20100900,20100300
2009-06-03 05:00:00,98.495,,98.71,20100600,20100900,20100300
2009-06-04 05:00:00,98.345,,98.565,20100600,20100900,20100300
2009-06-05 05:00:00,98.12,,98.365,20100600,20100900,20100300
2009-06-08 05:00:00,98.005,,98.28,20100600,20100900,20100300
2009-06-09 05:00:00,98.065,,98.345,20100600,20100900,20100300
2009-06-10 05:00:00,98.08,,98.37,20100600,20100900,20100300
2009-06-11 05:00:00,98.035,,98.355,20100600,20100900,20100300
2009-06-12 05:00:00,98.07,,98.365,20100600,20100900,20100300
2009-06-15 05:00:00,98.16,,98.455,20100600,20100900,20100300
2009-06-16 05:00:00,98.175,,98.47,20100600,20100900,20100300
2009-06-17 05:00:00,98.24,,98.525,20100600,20100900,20100300
2009-06-18 05:00:00,98.265,,98.56,20100600,20100900,20100300
2009-06-19 05:00:00,98.33,,98.625,20100600,20100900,20100300
2009-06-22 05:00:00,98.345,,98.625,20100600,20100900,20100300
2009-06-23 05:00:00,98.33,,98.62,20100600,20100900,20100300
2009-06-24 05:00:00,98.41,,98.7,20100600,20100900,20100300
2009-06-25 05:00:00,98.45,,98.745,20100600,20100900,20100300
2009-06-26 05:00:00,98.46,,98.75,20100600,20100900,20100300
2009-06-29 05:00:00,98.41,,98.695,20100600,20100900,20100300
2009-06-30 05:00:00,98.41,,98.695,20100600,20100900,20100300
2009-07-01 05:00:00,98.43,,98.715,20100600,20100900,20100300
2009-07-02 05:00:00,98.57,,98.83,20100600,20100900,20100300
2009-07-03 05:00:00,98.58,,98.825,20100600,20100900,20100300
2009-07-06 05:00:00,98.595,,98.835,20100600,20100900,20100300
2009-07-07 05:00:00,98.605,,98.845,20100600,20100900,20100300
2009-07-08 05:00:00,98.595,,98.835,20100600,20100900,20100300
2009-07-09 05:00:00,98.585,,98.83,20100600,20100900,20100300
2009-07-10 05:00:00,98.595,,98.84,20100600,20100900,20100300
2009-07-13 05:00:00,98.57,,98.825,20100600,20100900,20100300
2009-07-14 05:00:00,98.535,,98.8,20100600,20100900,20100300
2009-07-15 05:00:00,98.49,,98.77,20100600,20100900,20100300
2009-07-16 05:00:00,98.55,,98.83,20100600,20100900,20100300
2009-07-17 05:00:00,98.53,,98.815,20100600,20100900,20100300
2009-07-20 05:00:00,98.5,,98.8,20100600,20100900,20100300
2009-07-21 05:00:00,98.57,,98.85,20100600,20100900,20100300
2009-07-22 05:00:00,98.56,,98.84,20100600,20100900,20100300
2009-07-23 05:00:00,98.505,,98.81,20100600,20100900,20100300
2009-07-24 05:00:00,98.48,,98.795,20100600,20100900,20100300
2009-07-27 05:00:00,98.45,,98.785,20100600,20100900,20100300
2009-07-28 05:00:00,98.49,,98.835,20100600,20100900,20100300
2009-07-29 05:00:00,98.495,,98.84,20100600,20100900,20100300
2009-07-30 05:00:00,98.49,,98.855,20100600,20100900,20100300
2009-07-31 05:00:00,98.605,,98.93,20100600,20100900,20100300
2009-08-03 05:00:00,98.495,,98.85,20100600,20100900,20100300
2009-08-04 05:00:00,98.41,,98.785,20100600,20100900,20100300
2009-08-05 05:00:00,98.365,,98.745,20100600,20100900,20100300
2009-08-06 05:00:00,98.355,,98.745,20100600,20100900,20100300
2009-08-07 05:00:00,98.19,,98.625,20100600,20100900,20100300
2009-08-10 05:00:00,98.245,,98.675,20100600,20100900,20100300
2009-08-11 05:00:00,98.32,,98.73,20100600,20100900,20100300
2009-08-12 05:00:00,98.365,,98.765,20100600,20100900,20100300
2009-08-13 05:00:00,98.435,,98.82,20100600,20100900,20100300
2009-08-14 05:00:00,98.5,,98.86,20100600,20100900,20100300
2009-08-17 05:00:00,98.505,,98.85,20100600,20100900,20100300
2009-08-18 05:00:00,98.49,,98.83,20100600,20100900,20100300
2009-08-19 05:00:00,98.52,,98.85,20100600,20100900,20100300
2009-08-20 05:00:00,98.53,,98.87,20100600,20100900,20100300
2009-08-21 05:00:00,98.435,,98.825,20100600,20100900,20100300
2009-08-24 05:00:00,98.485,,98.86,20100600,20100900,20100300
2009-08-25 05:00:00,98.51,,98.88,20100600,20100900,20100300
2009-08-26 05:00:00,98.54,98.18,98.885,20100600,20100900,20100300
2009-08-27 05:00:00,98.2,,98.55,20100900,20101200,20100600
2009-08-28 05:00:00,98.195,,98.56,20100900,20101200,20100600
2009-08-31 05:00:00,98.24,,98.59,20100900,20101200,20100600
2009-09-01 05:00:00,98.275,,98.605,20100900,20101200,20100600
2009-09-02 05:00:00,98.315,,98.63,20100900,20101200,20100600
2009-09-03 05:00:00,98.35,,98.685,20100900,20101200,20100600
2009-09-04 05:00:00,98.38,,98.72,20100900,20101200,20100600
2009-09-07 05:00:00,98.435,,98.785,20100900,20101200,20100600
2009-09-08 05:00:00,98.44,,98.795,20100900,20101200,20100600
2009-09-09 05:00:00,98.41,,98.77,20100900,20101200,20100600
2009-09-10 05:00:00,98.475,,98.825,20100900,20101200,20100600
2009-09-11 05:00:00,98.515,,98.835,20100900,20101200,20100600
2009-09-14 05:00:00,98.48,,98.81,20100900,20101200,20100600
2009-09-15 05:00:00,98.455,,98.785,20100900,20101200,20100600
2009-09-16 05:00:00,98.445,,98.775,20100900,20101200,20100600
2009-09-17 05:00:00,98.4,,98.74,20100900,20101200,20100600
2009-09-18 05:00:00,98.415,,98.75,20100900,20101200,20100600
2009-09-21 05:00:00,98.43,,98.765,20100900,20101200,20100600
2009-09-22 05:00:00,98.43,,98.775,20100900,20101200,20100600
2009-09-23 05:00:00,98.465,,98.805,20100900,20101200,20100600
2009-09-24 05:00:00,98.53,,98.85,20100900,20101200,20100600
2009-09-25 05:00:00,98.495,,98.815,20100900,20101200,20100600
2009-09-28 05:00:00,98.5,,98.825,20100900,20101200,20100600
2009-09-29 05:00:00,98.455,,98.79,20100900,20101200,20100600
2009-09-30 05:00:00,98.435,,98.77,20100900,20101200,20100600
2009-10-01 05:00:00,98.48,,98.795,20100900,20101200,20100600
2009-10-02 05:00:00,98.505,,98.815,20100900,20101200,20100600
2009-10-05 05:00:00,98.51,,98.825,20100900,20101200,20100600
2009-10-06 05:00:00,98.495,,98.805,20100900,20101200,20100600
2009-10-07 05:00:00,98.485,,98.775,20100900,20101200,20100600
2009-10-08 05:00:00,98.475,,98.76,20100900,20101200,20100600
2009-10-09 05:00:00,98.33,,98.65,20100900,20101200,20100600
2009-10-12 05:00:00,98.375,,98.69,20100900,20101200,20100600
2009-10-13 05:00:00,98.42,,98.725,20100900,20101200,20100600
2009-10-14 05:00:00,98.375,,98.685,20100900,20101200,20100600
2009-10-15 05:00:00,98.315,,98.645,20100900,20101200,20100600
2009-10-16 05:00:00,98.29,,98.615,20100900,20101200,20100600
2009-10-19 05:00:00,98.265,,98.6,20100900,20101200,20100600
2009-10-20 05:00:00,98.325,,98.635,20100900,20101200,20100600
2009-10-21 05:00:00,98.28,,98.615,20100900,20101200,20100600
2009-10-22 05:00:00,98.305,,98.64,20100900,20101200,20100600
2009-10-23 05:00:00,98.28,,98.625,20100900,20101200,20100600
2009-10-26 05:00:00,98.32,,98.67,20100900,20101200,20100600
2009-10-27 05:00:00,98.39,,98.725,20100900,20101200,20100600
2009-10-28 05:00:00,98.42,,98.755,20100900,20101200,20100600
2009-10-29 05:00:00,98.345,,98.69,20100900,20101200,20100600
2009-10-30 05:00:00,98.4,,98.73,20100900,20101200,20100600
2009-11-02 06:00:00,98.385,,98.72,20100900,20101200,20100600
2009-11-03 06:00:00,98.405,,98.745,20100900,20101200,20100600
2009-11-04 06:00:00,98.38,,98.73,20100900,20101200,20100600
2009-11-05 06:00:00,98.365,,98.73,20100900,20101200,20100600
2009-11-06 06:00:00,98.41,,98.78,20100900,20101200,20100600
2009-11-09 06:00:00,98.47,,98.815,20100900,20101200,20100600
2009-11-10 06:00:00,98.495,,98.83,20100900,20101200,20100600
2009-11-11 06:00:00,98.52,,98.855,20100900,20101200,20100600
2009-11-12 06:00:00,98.55,,98.89,20100900,20101200,20100600
2009-11-13 06:00:00,98.575,,98.91,20100900,20101200,20100600
2009-11-16 06:00:00,98.61,,98.93,20100900,20101200,20100600
2009-11-17 06:00:00,98.61,,98.925,20100900,20101200,20100600
2009-11-18 06:00:00,98.605,,98.915,20100900,20101200,20100600
2009-11-19 06:00:00,98.63,,98.935,20100900,20101200,20100600
2009-11-20 06:00:00,98.555,,98.865,20100900,20101200,20100600
2009-11-23 06:00:00,98.505,,98.825,20100900,20101200,20100600
2009-11-24 06:00:00,98.53,,98.835,20100900,20101200,20100600
2009-11-25 06:00:00,98.475,,98.785,20100900,20101200,20100600
2009-11-26 06:00:00,98.57,98.275,98.86,20100900,20101200,20100600
2009-11-27 06:00:00,98.25,,98.53,20101200,20110300,20100900
2009-11-30 06:00:00,98.265,,98.53,20101200,20110300,20100900
2009-12-01 06:00:00,98.3,,98.56,20101200,20110300,20100900
2009-12-02 06:00:00,98.305,,98.57,20101200,20110300,20100900
2009-12-03 06:00:00,98.225,,98.515,20101200,20110300,20100900
2009-12-04 06:00:00,98.125,,98.45,20101200,20110300,20100900
2009-12-07 06:00:00,98.16,,98.485,20101200,20110300,20100900
2009-12-08 06:00:00,98.265,,98.58,20101200,20110300,20100900
2009-12-09 06:00:00,98.285,,98.585,20101200,20110300,20100900
2009-12-10 06:00:00,98.235,,98.53,20101200,20110300,20100900
2009-12-11 06:00:00,98.215,,98.505,20101200,20110300,20100900
2009-12-14 06:00:00,98.26,,98.54,20101200,20110300,20100900
2009-12-15 06:00:00,98.225,,98.51,20101200,20110300,20100900
2009-12-16 06:00:00,98.295,,98.58,20101200,20110300,20100900
2009-12-17 06:00:00,98.36,,98.64,20101200,20110300,20100900
2009-12-18 06:00:00,98.385,,98.65,20101200,20110300,20100900
2009-12-21 06:00:00,98.355,,98.625,20101200,20110300,20100900
2009-12-22 06:00:00,98.335,,98.61,20101200,20110300,20100900
2009-12-23 06:00:00,98.33,,98.61,20101200,20110300,20100900
2009-12-28 06:00:00,98.275,,98.57,20101200,20110300,20100900
2009-12-29 06:00:00,98.215,,98.52,20101200,20110300,20100900
2009-12-30 06:00:00,98.18,,98.5,20101200,20110300,20100900
2010-01-04 06:00:00,98.18,,98.51,20101200,20110300,20100900
2010-01-05 06:00:00,98.235,,98.56,20101200,20110300,20100900
2010-01-06 06:00:00,98.255,,98.58,20101200,20110300,20100900
2010-01-07 06:00:00,98.305,,98.63,20101200,20110300,20100900
2010-01-08 06:00:00,98.34,,98.655,20101200,20110300,20100900
2010-01-11 06:00:00,98.39,,98.695,20101200,20110300,20100900
2010-01-12 06:00:00,98.415,,98.715,20101200,20110300,20100900
2010-01-13 06:00:00,98.43,,98.725,20101200,20110300,20100900
2010-01-14 06:00:00,98.46,,98.755,20101200,20110300,20100900
2010-01-15 06:00:00,98.495,,98.775,20101200,20110300,20100900
2010-01-18 06:00:00,98.505,,98.785,20101200,20110300,20100900
2010-01-19 06:00:00,98.455,,98.74,20101200,20110300,20100900
2010-01-20 06:00:00,98.49,,98.775,20101200,20110300,20100900
2010-01-21 06:00:00,98.51,,98.795,20101200,20110300,20100900
2010-01-22 06:00:00,98.535,,98.815,20101200,20110300,20100900
2010-01-25 06:00:00,98.545,,98.83,20101200,20110300,20100900
2010-01-26 06:00:00,98.535,,98.81,20101200,20110300,20100900
2010-01-27 06:00:00,98.5,,98.775,20101200,20110300,20100900
2010-01-28 06:00:00,98.505,,98.775,20101200,20110300,20100900
2010-01-29 06:00:00,98.495,,98.765,20101200,20110300,20100900
2010-02-01 06:00:00,98.5,,98.76,20101200,20110300,20100900
2010-02-02 06:00:00,98.5,,98.76,20101200,20110300,20100900
2010-02-03 06:00:00,98.49,,98.755,20101200,20110300,20100900
2010-02-04 06:00:00,98.555,,98.81,20101200,20110300,20100900
2010-02-05 06:00:00,98.635,,98.85,20101200,20110300,20100900
2010-02-08 06:00:00,98.615,,98.825,20101200,20110300,20100900
2010-02-09 06:00:00,98.625,,98.845,20101200,20110300,20100900
2010-02-10 06:00:00,98.62,,98.84,20101200,20110300,20100900
2010-02-11 06:00:00,98.635,,98.875,20101200,20110300,20100900
2010-02-12 06:00:00,98.71,,98.92,20101200,20110300,20100900
2010-02-15 06:00:00,98.725,,98.945,20101200,20110300,20100900
2010-02-16 06:00:00,98.73,,98.94,20101200,20110300,20100900
2010-02-17 06:00:00,98.75,,98.96,20101200,20110300,20100900
2010-02-18 06:00:00,98.745,,98.965,20101200,20110300,20100900
2010-02-19 06:00:00,98.705,,98.93,20101200,20110300,20100900
2010-02-22 06:00:00,98.72,,98.94,20101200,20110300,20100900
2010-02-23 06:00:00,98.78,,98.98,20101200,20110300,20100900
2010-02-24 06:00:00,98.82,98.62,99.02,20101200,20110300,20100900
2010-02-25 06:00:00,98.68,,98.88,20110300,20110600,20101200
2010-02-26 06:00:00,98.675,,98.865,20110300,20110600,20101200
2010-03-01 06:00:00,98.675,,98.86,20110300,20110600,20101200
2010-03-02 06:00:00,98.67,,98.85,20110300,20110600,20101200
2010-03-03 06:00:00,98.635,,98.83,20110300,20110600,20101200
2010-03-04 06:00:00,98.61,,98.815,20110300,20110600,20101200
2010-03-05 06:00:00,98.59,,98.795,20110300,20110600,20101200
2010-03-08 06:00:00,98.595,,98.8,20110300,20110600,20101200
2010-03-09 06:00:00,98.62,,98.825,20110300,20110600,20101200
2010-03-10 06:00:00,98.595,,98.805,20110300,20110600,20101200
2010-03-11 06:00:00,98.56,,98.785,20110300,20110600,20101200
2010-03-12 06:00:00,98.535,,98.765,20110300,20110600,20101200
2010-03-15 05:00:00,98.57,,98.8,20110300,20110600,20101200
2010-03-16 05:00:00,98.595,,98.815,20110300,20110600,20101200
2010-03-17 05:00:00,98.655,,98.86,20110300,20110600,20101200
2010-03-18 05:00:00,98.645,,98.855,20110300,20110600,20101200
2010-03-19 05:00:00,98.64,,98.85,20110300,20110600,20101200
2010-03-22 05:00:00,98.68,,98.88,20110300,20110600,20101200
2010-03-23 05:00:00,98.7,,98.9,20110300,20110600,20101200
2010-03-24 05:00:00,98.71,,98.915,20110300,20110600,20101200
2010-03-25 05:00:00,98.71,,98.925,20110300,20110600,20101200
2010-03-26 05:00:00,98.68,,98.89,20110300,20110600,20101200
2010-03-29 05:00:00,98.695,,98.9,20110300,20110600,20101200
2010-03-30 05:00:00,98.705,,98.9,20110300,20110600,20101200
2010-03-31 05:00:00,98.725,,98.915,20110300,20110600,20101200
2010-04-01 05:00:00,98.725,,98.9,20110300,20110600,20101200
2010-04-06 05:00:00,98.675,,98.86,20110300,20110600,20101200
2010-04-07 05:00:00,98.71,,98.895,20110300,20110600,20101200
2010-04-08 05:00:00,98.755,,98.935,20110300,20110600,20101200
2010-04-09 05:00:00,98.7,,98.895,20110300,20110600,20101200
2010-04-12 05:00:00,98.665,,98.86,20110300,20110600,20101200
2010-04-13 05:00:00,98.685,,98.875,20110300,20110600,20101200
2010-04-14 05:00:00,98.715,,98.9,20110300,20110600,20101200
2010-04-15 05:00:00,98.735,,98.91,20110300,20110600,20101200
2010-04-16 05:00:00,98.805,,98.965,20110300,20110600,20101200
2010-04-19 05:00:00,98.82,,98.98,20110300,20110600,20101200
2010-04-20 05:00:00,98.8,,98.97,20110300,20110600,20101200
2010-04-21 05:00:00,98.81,,98.975,20110300,20110600,20101200
2010-04-22 05:00:00,98.81,,98.97,20110300,20110600,20101200
2010-04-23 05:00:00,98.76,,98.92,20110300,20110600,20101200
2010-04-26 05:00:00,98.78,,98.94,20110300,20110600,20101200
2010-04-27 05:00:00,98.8,,98.94,20110300,20110600,20101200
2010-04-28 05:00:00,98.825,,98.93,20110300,20110600,20101200
2010-04-29 05:00:00,98.85,,98.965,20110300,20110600,20101200
2010-04-30 05:00:00,98.855,,98.965,20110300,20110600,20101200
2010-05-03 05:00:00,98.82,,98.93,20110300,20110600,20101200
2010-05-04 05:00:00,98.875,,98.935,20110300,20110600,20101200
2010-05-05 05:00:00,98.99,,99.025,20110300,20110600,20101200
2010-05-06 05:00:00,99.01,,99.025,20110300,20110600,20101200
2010-05-07 05:00:00,98.93,,98.965,20110300,20110600,20101200
2010-05-10 05:00:00,98.995,,99.065,20110300,20110600,20101200
2010-05-11 05:00:00,99.005,,99.065,20110300,20110600,20101200
2010-05-12 05:00:00,99.03,,99.095,20110300,20110600,20101200
2010-05-13 05:00:00,99.055,,99.115,20110300,20110600,20101200
2010-05-14 05:00:00,99.035,,99.06,20110300,20110600,20101200
2010-05-17 05:00:00,99.005,,99.045,20110300,20110600,20101200
2010-05-18 05:00:00,99.03,,99.08,20110300,20110600,20101200
2010-05-19 05:00:00,99.02,,99.05,20110300,20110600,20101200
2010-05-20 05:00:00,99.015,,99.025,20110300,20110600,20101200
2010-05-21 05:00:00,98.96,,98.98,20110300,20110600,20101200
2010-05-24 05:00:00,98.935,,98.95,20110300,20110600,20101200
2010-05-25 05:00:00,98.905,,98.92,20110300,20110600,20101200
2010-05-26 05:00:00,98.94,98.885,98.965,20110300,20110600,20101200
2010-05-27 05:00:00,98.855,,98.93,20110600,20110900,20110300
2010-05-28 05:00:00,98.835,,98.92,20110600,20110900,20110300
2010-05-31 05:00:00,98.84,,98.92,20110600,20110900,20110300
2010-06-01 05:00:00,98.82,,98.895,20110600,20110900,20110300
2010-06-02 05:00:00,98.825,,98.905,20110600,20110900,20110300
2010-06-03 05:00:00,98.825,,98.91,20110600,20110900,20110300
2010-06-04 05:00:00,98.9,,98.97,20110600,20110900,20110300
2010-06-07 05:00:00,98.945,,99.015,20110600,20110900,20110300
2010-06-08 05:00:00,99.0,,99.075,20110600,20110900,20110300
2010-06-09 05:00:00,98.98,,99.07,20110600,20110900,20110300
2010-06-10 05:00:00,98.95,,99.04,20110600,20110900,20110300
2010-06-11 05:00:00,98.99,,99.06,20110600,20110900,20110300
2010-06-14 05:00:00,98.94,,99.015,20110600,20110900,20110300
2010-06-15 05:00:00,98.92,,98.99,20110600,20110900,20110300
2010-06-16 05:00:00,98.935,,99.005,20110600,20110900,20110300
2010-06-17 05:00:00,98.9,,98.965,20110600,20110900,20110300
2010-06-18 05:00:00,98.835,,98.91,20110600,20110900,20110300
2010-06-21 05:00:00,98.8,,98.875,20110600,20110900,20110300
2010-06-22 05:00:00,98.86,,98.925,20110600,20110900,20110300
2010-06-23 05:00:00,98.87,,98.925,20110600,20110900,20110300
2010-06-24 05:00:00,98.9,,98.95,20110600,20110900,20110300
2010-06-25 05:00:00,98.855,,98.91,20110600,20110900,20110300
2010-06-28 05:00:00,98.855,,98.915,20110600,20110900,20110300
2010-06-29 05:00:00,98.88,,98.94,20110600,20110900,20110300
2010-06-30 05:00:00,98.835,,98.895,20110600,20110900,20110300
2010-07-01 05:00:00,98.74,,98.805,20110600,20110900,20110300
2010-07-02 05:00:00,98.735,,98.81,20110600,20110900,20110300
2010-07-05 05:00:00,98.79,,98.86,20110600,20110900,20110300
2010-07-06 05:00:00,98.765,,98.84,20110600,20110900,20110300
2010-07-07 05:00:00,98.755,,98.83,20110600,20110900,20110300
2010-07-08 05:00:00,98.71,,98.785,20110600,20110900,20110300
2010-07-09 05:00:00,98.73,,98.81,20110600,20110900,20110300
2010-07-12 05:00:00,98.815,,98.885,20110600,20110900,20110300
2010-07-13 05:00:00,98.8,,98.86,20110600,20110900,20110300
2010-07-14 05:00:00,98.76,,98.83,20110600,20110900,20110300
2010-07-15 05:00:00,98.765,,98.83,20110600,20110900,20110300
2010-07-16 05:00:00,98.765,,98.825,20110600,20110900,20110300
2010-07-19 05:00:00,98.745,,98.805,20110600,20110900,20110300
2010-07-20 05:00:00,98.79,,98.84,20110600,20110900,20110300
2010-07-21 05:00:00,98.85,,98.9,20110600,20110900,20110300
2010-07-22 05:00:00,98.88,,98.925,20110600,20110900,20110300
2010-07-23 05:00:00,98.82,,98.89,20110600,20110900,20110300
2010-07-26 05:00:00,98.735,,98.835,20110600,20110900,20110300
2010-07-27 05:00:00,98.7,,98.81,20110600,20110900,20110300
2010-07-28 05:00:00,98.73,,98.83,20110600,20110900,20110300
2010-07-29 05:00:00,98.745,,98.85,20110600,20110900,20110300
2010-07-30 05:00:00,98.81,,98.91,20110600,20110900,20110300
2010-08-02 05:00:00,98.815,,98.915,20110600,20110900,20110300
2010-08-03 05:00:00,98.845,,98.93,20110600,20110900,20110300
2010-08-04 05:00:00,98.83,,98.91,20110600,20110900,20110300
2010-08-05 05:00:00,98.81,,98.885,20110600,20110900,20110300
2010-08-06 05:00:00,98.795,,98.86,20110600,20110900,20110300
2010-08-09 05:00:00,98.815,,98.875,20110600,20110900,20110300
2010-08-10 05:00:00,98.835,,98.9,20110600,20110900,20110300
2010-08-11 05:00:00,98.935,,98.985,20110600,20110900,20110300
2010-08-12 05:00:00,98.965,,99.01,20110600,20110900,20110300
2010-08-13 05:00:00,98.98,,99.02,20110600,20110900,20110300
2010-08-16 05:00:00,98.995,,99.03,20110600,20110900,20110300
2010-08-17 05:00:00,98.945,,98.995,20110600,20110900,20110300
2010-08-18 05:00:00,98.945,,98.985,20110600,20110900,20110300
2010-08-19 05:00:00,98.935,,98.975,20110600,20110900,20110300
2010-08-20 05:00:00,98.98,,99.025,20110600,20110900,20110300
2010-08-23 05:00:00,98.975,,99.035,20110600,20110900,20110300
2010-08-24 05:00:00,99.0,,99.045,20110600,20110900,20110300
2010-08-25 05:00:00,98.98,,99.03,20110600,20110900,20110300
2010-08-26 05:00:00,98.965,98.92,99.015,20110600,20110900,20110300
2010-08-27 05:00:00,98.91,,98.96,20110900,20111200,20110600
2010-08-30 05:00:00,98.96,,98.995,20110900,20111200,20110600
2010-08-31 05:00:00,98.975,,99.015,20110900,20111200,20110600
2010-09-01 05:00:00,98.935,,98.99,20110900,20111200,20110600
2010-09-02 05:00:00,98.91,,98.965,20110900,20111200,20110600
2010-09-03 05:00:00,98.87,,98.935,20110900,20111200,20110600
2010-09-06 05:00:00,98.89,,98.95,20110900,20111200,20110600
2010-09-07 05:00:00,98.94,,98.99,20110900,20111200,20110600
2010-09-08 05:00:00,98.895,,98.955,20110900,20111200,20110600
2010-09-09 05:00:00,98.84,,98.905,20110900,20111200,20110600
2010-09-10 05:00:00,98.77,,98.845,20110900,20111200,20110600
2010-09-13 05:00:00,98.745,,98.825,20110900,20111200,20110600
2010-09-14 05:00:00,98.78,,98.85,20110900,20111200,20110600
2010-09-15 05:00:00,98.74,,98.82,20110900,20111200,20110600
2010-09-16 05:00:00,98.7,,98.79,20110900,20111200,20110600
2010-09-17 05:00:00,98.725,,98.8,20110900,20111200,20110600
2010-09-20 05:00:00,98.695,,98.775,20110900,20111200,20110600
2010-09-21 05:00:00,98.71,,98.79,20110900,20111200,20110600
2010-09-22 05:00:00,98.765,,98.835,20110900,20111200,20110600
2010-09-23 05:00:00,98.83,,98.895,20110900,20111200,20110600
2010-09-24 05:00:00,98.795,,98.87,20110900,20111200,20110600
2010-09-27 05:00:00,98.795,,98.86,20110900,20111200,20110600
2010-09-28 05:00:00,98.77,,98.835,20110900,20111200,20110600
2010-09-29 05:00:00,98.725,,98.8,20110900,20111200,20110600
2010-09-30 05:00:00,98.675,,98.745,20110900,20111200,20110600
2010-10-01 05:00:00,98.695,,98.76,20110900,20111200,20110600
2010-10-04 05:00:00,98.725,,98.785,20110900,20111200,20110600
2010-10-05 05:00:00,98.74,,98.795,20110900,20111200,20110600
2010-10-06 05:00:00,98.785,,98.83,20110900,20111200,20110600
2010-10-07 05:00:00,98.76,,98.805,20110900,20111200,20110600
2010-10-08 05:00:00,98.78,,98.825,20110900,20111200,20110600
2010-10-11 05:00:00,98.805,,98.845,20110900,20111200,20110600
2010-10-12 05:00:00,98.825,,98.865,20110900,20111200,20110600
2010-10-13 05:00:00,98.8,,98.845,20110900,20111200,20110600
2010-10-14 05:00:00,98.775,,98.82,20110900,20111200,20110600
2010-10-15 05:00:00,98.76,,98.805,20110900,20111200,20110600
2010-10-18 05:00:00,98.695,,98.75,20110900,20111200,20110600
2010-10-19 05:00:00,98.66,,98.72,20110900,20111200,20110600
2010-10-20 05:00:00,98.615,,98.675,20110900,20111200,20110600
2010-10-21 05:00:00,98.595,,98.665,20110900,20111200,20110600
2010-10-22 05:00:00,98.585,,98.655,20110900,20111200,20110600
2010-10-25 05:00:00,98.615,,98.68,20110900,20111200,20110600
2010-10-26 05:00:00,98.57,,98.64,20110900,20111200,20110600
2010-10-27 05:00:00,98.555,,98.635,20110900,20111200,20110600
2010-10-28 05:00:00,98.55,,98.635,20110900,20111200,20110600
2010-10-29 05:00:00,98.575,,98.66,20110900,20111200,20110600
2010-11-01 05:00:00,98.59,,98.675,20110900,20111200,20110600
2010-11-02 05:00:00,98.565,,98.655,20110900,20111200,20110600
2010-11-03 05:00:00,98.595,,98.68,20110900,20111200,20110600
2010-11-04 05:00:00,98.615,,98.69,20110900,20111200,20110600
2010-11-05 05:00:00,98.605,,98.675,20110900,20111200,20110600
2010-11-08 06:00:00,98.57,,98.64,20110900,20111200,20110600
2010-11-09 06:00:00,98.57,,98.645,20110900,20111200,20110600
2010-11-10 06:00:00,98.54,,98.62,20110900,20111200,20110600
2010-11-11 06:00:00,98.545,,98.625,20110900,20111200,20110600
2010-11-12 06:00:00,98.525,,98.615,20110900,20111200,20110600
2010-11-15 06:00:00,98.52,,98.625,20110900,20111200,20110600
2010-11-16 06:00:00,98.495,,98.615,20110900,20111200,20110600
2010-11-17 06:00:00,98.53,,98.645,20110900,20111200,20110600
2010-11-18 06:00:00,98.5,,98.63,20110900,20111200,20110600
2010-11-19 06:00:00,98.505,,98.625,20110900,20111200,20110600
2010-11-22 06:00:00,98.575,,98.685,20110900,20111200,20110600
2010-11-23 06:00:00,98.645,,98.735,20110900,20111200,20110600
2010-11-24 06:00:00,98.615,,98.705,20110900,20111200,20110600
2010-11-25 06:00:00,98.61,,98.7,20110900,20111200,20110600
2010-11-26 06:00:00,98.615,98.5,98.7,20110900,20111200,20110600
2010-11-29 06:00:00,98.5,,98.62,20111200,20120300,20110900
2010-11-30 06:00:00,98.575,,98.69,20111200,20120300,20110900
2010-12-01 06:00:00,98.565,,98.68,20111200,20120300,20110900
2010-12-02 06:00:00,98.555,,98.685,20111200,20120300,20110900
2010-12-03 06:00:00,98.565,,98.685,20111200,20120300,20110900
2010-12-06 06:00:00,98.62,,98.72,20111200,20120300,20110900
2010-12-07 06:00:00,98.585,,98.695,20111200,20120300,20110900
2010-12-08 06:00:00,98.495,,98.625,20111200,20120300,20110900
2010-12-09 06:00:00,98.46,,98.605,20111200,20120300,20110900
2010-12-10 06:00:00,98.385,,98.545,20111200,20120300,20110900
2010-12-13 06:00:00,98.395,,98.555,20111200,20120300,20110900
2010-12-14 06:00:00,98.38,,98.56,20111200,20120300,20110900
2010-12-15 06:00:00,98.395,,98.58,20111200,20120300,20110900
2010-12-16 06:00:00,98.365,,98.555,20111200,20120300,20110900
2010-12-17 06:00:00,98.39,,98.57,20111200,20120300,20110900
2010-12-20 06:00:00,98.415,,98.58,20111200,20120300,20110900
2010-12-21 06:00:00,98.405,,98.58,20111200,20120300,20110900
2010-12-22 06:00:00,98.49,,98.655,20111200,20120300,20110900
2010-12-23 06:00:00,98.495,,98.665,20111200,20120300,20110900
2010-12-27 06:00:00,98.595,,98.745,20111200,20120300,20110900
2010-12-28 06:00:00,98.585,,98.74,20111200,20120300,20110900
2010-12-29 06:00:00,98.575,,98.73,20111200,20120300,20110900
2010-12-30 06:00:00,98.635,,98.775,20111200,20120300,20110900
2011-01-03 06:00:00,98.675,,98.805,20111200,20120300,20110900
2011-01-04 06:00:00,98.64,,98.77,20111200,20120300,20110900
2011-01-05 06:00:00,98.55,,98.7,20111200,20120300,20110900
2011-01-06 06:00:00,98.555,,98.71,20111200,20120300,20110900
2011-01-07 06:00:00,98.59,,98.735,20111200,20120300,20110900
2011-01-10 06:00:00,98.59,,98.73,20111200,20120300,20110900
2011-01-11 06:00:00,98.55,,98.695,20111200,20120300,20110900
2011-01-12 06:00:00,98.485,,98.645,20111200,20120300,20110900
2011-01-13 06:00:00,98.385,,98.56,20111200,20120300,20110900
2011-01-14 06:00:00,98.335,,98.525,20111200,20120300,20110900
2011-01-17 06:00:00,98.345,,98.54,20111200,20120300,20110900
2011-01-18 06:00:00,98.27,,98.47,20111200,20120300,20110900
2011-01-19 06:00:00,98.315,,98.515,20111200,20120300,20110900
2011-01-20 06:00:00,98.23,,98.445,20111200,20120300,20110900
2011-01-21 06:00:00,98.195,,98.415,20111200,20120300,20110900
2011-01-24 06:00:00,98.22,,98.44,20111200,20120300,20110900
2011-01-25 06:00:00,98.24,,98.455,20111200,20120300,20110900
2011-01-26 06:00:00,98.21,,98.43,20111200,20120300,20110900
2011-01-27 06:00:00,98.145,,98.38,20111200,20120300,20110900
2011-01-28 06:00:00,98.14,,98.37,20111200,20120300,20110900
2011-01-31 06:00:00,98.145,,98.37,20111200,20120300,20110900
2011-02-01 06:00:00,98.11,,98.335,20111200,20120300,20110900
2011-02-02 06:00:00,98.06,,98.29,20111200,20120300,20110900
2011-02-03 06:00:00,98.165,,98.385,20111200,20120300,20110900
2011-02-04 06:00:00,98.095,,98.335,20111200,20120300,20110900
2011-02-07 06:00:00,98.145,,98.385,20111200,20120300,20110900
2011-02-08 06:00:00,98.08,,98.325,20111200,20120300,20110900
2011-02-09 06:00:00,98.045,,98.3,20111200,20120300,20110900
2011-02-10 06:00:00,98.06,,98.31,20111200,20120300,20110900
2011-02-11 06:00:00,98.105,,98.35,20111200,20120300,20110900
2011-02-14 06:00:00,98.12,,98.36,20111200,20120300,20110900
2011-02-15 06:00:00,98.1,,98.345,20111200,20120300,20110900
2011-02-16 06:00:00,98.12,,98.36,20111200,20120300,20110900
2011-02-17 06:00:00,98.2,,98.41,20111200,20120300,20110900
2011-02-18 06:00:00,98.105,,98.335,20111200,20120300,20110900
2011-02-21 06:00:00,98.1,,98.315,20111200,20120300,20110900
2011-02-22 06:00:00,98.04,,98.26,20111200,20120300,20110900
2011-02-23 06:00:00,98.03,,98.255,20111200,20120300,20110900
2011-02-24 06:00:00,98.055,,98.27,20111200,20120300,20110900
2011-02-25 06:00:00,98.06,97.86,98.275,20111200,20120300,20110900
2011-02-28 06:00:00,97.865,,98.065,20120300,20120600,20111200
2011-03-01 06:00:00,97.855,,98.06,20120300,20120600,20111200
2011-03-02 06:00:00,97.86,,98.06,20120300,20120600,20111200
2011-03-03 06:00:00,97.625,,97.835,20120300,20120600,20111200
2011-03-04 06:00:00,97.62,,97.825,20120300,20120600,20111200
2011-03-07 06:00:00,97.64,,97.855,20120300,20120600,20111200
2011-03-08 06:00:00,97.66,,97.87,20120300,20120600,20111200
2011-03-09 06:00:00,97.67,,97.87,20120300,20120600,20111200
2011-03-10 06:00:00,97.7,,97.895,20120300,20120600,20111200
2011-03-11 06:00:00,97.78,,97.96,20120300,20120600,20111200
2011-03-14 05:00:00,97.795,,97.975,20120300,20120600,20111200
2011-03-15 05:00:00,97.92,,98.085,20120300,20120600,20111200
2011-03-16 05:00:00,98.015,,98.175,20120300,20120600,20111200
2011-03-17 05:00:00,97.87,,98.06,20120300,20120600,20111200
2011-03-18 05:00:00,97.77,,97.96,20120300,20120600,20111200
2011-03-21 05:00:00,97.715,,97.92,20120300,20120600,20111200
2011-03-22 05:00:00,97.735,,97.94,20120300,20120600,20111200
2011-03-23 05:00:00,97.78,,97.98,20120300,20120600,20111200
2011-03-24 05:00:00,97.775,,97.965,20120300,20120600,20111200
2011-03-25 05:00:00,97.75,,97.95,20120300,20120600,20111200
2011-03-28 05:00:00,97.725,,97.93,20120300,20120600,20111200
2011-03-29 05:00:00,97.7,,97.915,20120300,20120600,20111200
2011-03-30 05:00:00,97.725,,97.945,20120300,20120600,20111200
2011-03-31 05:00:00,97.68,,97.9,20120300,20120600,20111200
2011-04-01 05:00:00,97.645,,97.88,20120300,20120600,20111200
2011-04-04 05:00:00,97.66,,97.895,20120300,20120600,20111200
2011-04-05 05:00:00,97.655,,97.89,20120300,20120600,20111200
2011-04-06 05:00:00,97.63,,97.87,20120300,20120600,20111200
2011-04-07 05:00:00,97.645,,97.87,20120300,20120600,20111200
2011-04-08 05:00:00,97.57,,97.805,20120300,20120600,20111200
2011-04-11 05:00:00,97.555,,97.785,20120300,20120600,20111200
2011-04-12 05:00:00,97.635,,97.855,20120300,20120600,20111200
2011-04-13 05:00:00,97.625,,97.84,20120300,20120600,20111200
2011-04-14 05:00:00,97.645,,97.855,20120300,20120600,20111200
2011-04-15 05:00:00,97.655,,97.855,20120300,20120600,20111200
2011-04-18 05:00:00,97.775,,97.95,20120300,20120600,20111200
2011-04-19 05:00:00,97.725,,97.91,20120300,20120600,20111200
2011-04-20 05:00:00,97.705,,97.895,20120300,20120600,20111200
2011-04-21 05:00:00,97.78,,97.97,20120300,20120600,20111200
2011-04-26 05:00:00,97.805,,97.995,20120300,20120600,20111200
2011-04-27 05:00:00,97.745,,97.94,20120300,20120600,20111200
2011-04-28 05:00:00,97.78,,97.97,20120300,20120600,20111200
2011-04-29 05:00:00,97.785,,97.965,20120300,20120600,20111200
2011-05-02 05:00:00,97.74,,97.935,20120300,20120600,20111200
2011-05-03 05:00:00,97.69,,97.89,20120300,20120600,20111200
2011-05-04 05:00:00,97.63,,97.83,20120300,20120600,20111200
2011-05-05 05:00:00,97.8,,97.99,20120300,20120600,20111200
2011-05-06 05:00:00,97.8,,97.97,20120300,20120600,20111200
2011-05-09 05:00:00,97.865,,98.015,20120300,20120600,20111200
2011-05-10 05:00:00,97.85,,98.005,20120300,20120600,20111200
2011-05-11 05:00:00,97.845,,98.0,20120300,20120600,20111200
2011-05-12 05:00:00,97.885,,98.03,20120300,20120600,20111200
2011-05-13 05:00:00,97.86,,98.0,20120300,20120600,20111200
2011-05-16 05:00:00,97.82,,97.965,20120300,20120600,20111200
2011-05-17 05:00:00,97.85,,97.995,20120300,20120600,20111200
2011-05-18 05:00:00,97.825,,97.975,20120300,20120600,20111200
2011-05-19 05:00:00,97.8,,97.955,20120300,20120600,20111200
2011-05-20 05:00:00,97.86,,98.005,20120300,20120600,20111200
2011-05-23 05:00:00,97.935,,98.065,20120300,20120600,20111200
2011-05-24 05:00:00,97.925,,98.055,20120300,20120600,20111200
2011-05-25 05:00:00,97.99,,98.11,20120300,20120600,20111200
2011-05-25 06:00:00,,,98.1,20120300,20120600,20111200
2011-05-25 07:00:00,97.995,,98.1,20120300,20120600,20111200
2011-05-25 09:00:00,98.0,,,20120300,20120600,20111200
2011-05-26 05:00:00,98.025,,98.135,20120300,20120600,20111200
2011-05-26 09:00:00,,,98.085,20120300,20120600,20111200
2011-05-26 10:00:00,97.955,,98.085,20120300,20120600,20111200
2011-05-26 12:00:00,97.99,,98.11,20120300,20120600,20111200
2011-05-26 13:00:00,,,98.11,20120300,20120600,20111200
2011-05-27 05:00:00,98.05,97.945,98.16,20120300,20120600,20111200
2011-05-27 06:00:00,,,98.035,20120600,20120900,20120300
2011-05-27 08:00:00,97.96,,98.04,20120600,20120900,20120300
2011-05-27 10:00:00,97.95,,98.055,20120600,20120900,20120300
2011-05-30 05:00:00,97.955,,98.06,20120600,20120900,20120300
2011-05-31 05:00:00,97.925,,98.035,20120600,20120900,20120300
2011-05-31 14:00:00,97.915,,98.03,20120600,20120900,20120300
2011-05-31 15:00:00,,,98.03,20120600,20120900,20120300
2011-06-01 05:00:00,97.92,,98.025,20120600,20120900,20120300
2011-06-01 06:00:00,,,98.01,20120600,20120900,20120300
2011-06-01 13:00:00,97.915,,98.025,20120600,20120900,20120300
2011-06-02 05:00:00,97.9,,98.01,20120600,20120900,20120300
2011-06-02 12:00:00,97.9,,98.01,20120600,20120900,20120300
2011-06-03 05:00:00,97.865,,97.98,20120600,20120900,20120300
2011-06-03 08:00:00,97.875,,97.995,20120600,20120900,20120300
2011-06-06 05:00:00,97.87,,97.98,20120600,20120900,20120300
2011-06-07 05:00:00,97.815,,97.935,20120600,20120900,20120300
2011-06-08 05:00:00,97.86,,97.97,20120600,20120900,20120300
2011-06-08 07:00:00,,,97.945,20120600,20120900,20120300
2011-06-08 09:00:00,97.835,,97.945,20120600,20120900,20120300
2011-06-08 13:00:00,97.85,,,20120600,20120900,20120300
2011-06-08 14:00:00,97.86,,97.965,20120600,20120900,20120300
2011-06-09 05:00:00,97.93,,98.03,20120600,20120900,20120300
2011-06-09 08:00:00,,,97.96,20120600,20120900,20120300
2011-06-09 12:00:00,,,98.035,20120600,20120900,20120300
2011-06-09 13:00:00,,,98.03,20120600,20120900,20120300
2011-06-10 05:00:00,98.025,,98.11,20120600,20120900,20120300
2011-06-10 08:00:00,97.98,,,20120600,20120900,20120300
2011-06-10 10:00:00,97.975,,,20120600,20120900,20120300
2011-06-10 11:00:00,97.955,,98.05,20120600,20120900,20120300
2011-06-13 05:00:00,98.025,,98.11,20120600,20120900,20120300
2011-06-14 05:00:00,97.975,,98.065,20120600,20120900,20120300
2011-06-14 07:00:00,98.015,,98.1,20120600,20120900,20120300
2011-06-14 11:00:00,,,98.1,20120600,20120900,20120300
2011-06-15 05:00:00,98.045,,98.11,20120600,20120900,20120300
2011-06-16 05:00:00,98.105,,98.155,20120600,20120900,20120300
2011-06-16 07:00:00,98.085,,,20120600,20120900,20120300
2011-06-16 13:00:00,98.08,,,20120600,20120900,20120300
2011-06-16 14:00:00,98.095,,98.15,20120600,20120900,20120300
2011-06-17 05:00:00,98.035,,98.105,20120600,20120900,20120300
2011-06-17 09:00:00,98.075,,,20120600,20120900,20120300
2011-06-20 05:00:00,98.035,,98.1,20120600,20120900,20120300
2011-06-21 05:00:00,98.015,,98.08,20120600,20120900,20120300
2011-06-22 05:00:00,98.06,,98.12,20120600,20120900,20120300
2011-06-23 05:00:00,98.175,,98.21,20120600,20120900,20120300
2011-06-23 14:00:00,,,98.21,20120600,20120900,20120300
2011-06-23 15:00:00,,,98.21,20120600,20120900,20120300
2011-06-24 05:00:00,98.17,,98.215,20120600,20120900,20120300
2011-06-24 07:00:00,98.14,,98.185,20120600,20120900,20120300
2011-06-27 05:00:00,98.125,,98.175,20120600,20120900,20120300
2011-06-27 10:00:00,,,98.2,20120600,20120900,20120300
2011-06-27 14:00:00,98.13,,98.18,20120600,20120900,20120300
2011-06-28 05:00:00,98.08,,98.135,20120600,20120900,20120300
2011-06-28 07:00:00,,,98.16,20120600,20120900,20120300
2011-06-29 05:00:00,98.0,,98.065,20120600,20120900,20120300
2011-06-29 07:00:00,98.035,,98.1,20120600,20120900,20120300
2011-06-29 08:00:00,,,98.095,20120600,20120900,20120300
2011-06-30 05:00:00,97.95,,98.03,20120600,20120900,20120300
2011-06-30 06:00:00,98.005,,98.065,20120600,20120900,20120300
2011-07-01 05:00:00,97.915,,98.0,20120600,20120900,20120300
2011-07-01 09:00:00,,,98.0,20120600,20120900,20120300
2011-07-01 10:00:00,,,98.0,20120600,20120900,20120300
2011-07-01 14:00:00,,,97.98,20120600,20120900,20120300
2011-07-04 05:00:00,97.89,,97.97,20120600,20120900,20120300
2011-07-04 06:00:00,97.93,,98.005,20120600,20120900,20120300
2011-07-05 05:00:00,97.885,,97.965,20120600,20120900,20120300
2011-07-06 05:00:00,97.95,,98.015,20120600,20120900,20120300
2011-07-07 05:00:00,97.92,,97.985,20120600,20120900,20120300
2011-07-07 14:00:00,97.915,,97.985,20120600,20120900,20120300
2011-07-08 05:00:00,98.04,,98.09,20120600,20120900,20120300
2011-07-08 06:00:00,97.91,,,20120600,20120900,20120300
2011-07-11 05:00:00,98.22,,98.25,20120600,20120900,20120300
2011-07-11 09:00:00,98.095,,,20120600,20120900,20120300
2011-07-11 11:00:00,98.125,,,20120600,20120900,20120300
2011-07-11 12:00:00,,,98.185,20120600,20120900,20120300
2011-07-11 13:00:00,98.155,,,20120600,20120900,20120300
2011-07-12 05:00:00,98.24,,98.27,20120600,20120900,20120300
2011-07-12 07:00:00,98.29,,,20120600,20120900,20120300
2011-07-12 09:00:00,98.305,,,20120600,20120900,20120300
2011-07-12 10:00:00,98.28,,,20120600,20120900,20120300
2011-07-12 11:00:00,98.305,,98.33,20120600,20120900,20120300
2011-07-12 12:00:00,,,98.24,20120600,20120900,20120300
2011-07-12 13:00:00,98.245,,,20120600,20120900,20120300
2011-07-13 05:00:00,98.255,,98.28,20120600,20120900,20120300
2011-07-13 06:00:00,,,98.295,20120600,20120900,20120300
2011-07-14 05:00:00,98.255,,98.285,20120600,20120900,20120300
2011-07-15 05:00:00,98.29,,98.315,20120600,20120900,20120300
2011-07-15 07:00:00,98.32,,98.335,20120600,20120900,20120300
2011-07-15 14:00:00,,,98.32,20120600,20120900,20120300
2011-07-18 05:00:00,98.32,,98.335,20120600,20120900,20120300
2011-07-19 05:00:00,98.28,,98.305,20120600,20120900,20120300
2011-07-19 07:00:00,98.285,,98.315,20120600,20120900,20120300
2011-07-20 05:00:00,98.225,,98.26,20120600,20120900,20120300
2011-07-20 08:00:00,98.265,,,20120600,20120900,20120300
2011-07-20 09:00:00,,,98.275,20120600,20120900,20120300
2011-07-20 11:00:00,,,98.28,20120600,20120900,20120300
2011-07-20 12:00:00,,,98.29,20120600,20120900,20120300
2011-07-20 13:00:00,98.265,,,20120600,20120900,20120300
2011-07-21 05:00:00,98.14,,98.185,20120600,20120900,20120300
2011-07-21 08:00:00,98.235,,98.27,20120600,20120900,20120300
2011-07-22 05:00:00,98.16,,98.195,20120600,20120900,20120300
2011-07-22 09:00:00,98.11,,98.16,20120600,20120900,20120300
2011-07-25 05:00:00,98.205,,98.235,20120600,20120900,20120300
2011-07-25 11:00:00,98.17,,98.2,20120600,20120900,20120300
2011-07-26 05:00:00,98.18,,98.21,20120600,20120900,20120300
2011-07-26 08:00:00,,,98.205,20120600,20120900,20120300
2011-07-26 09:00:00,98.2,,98.225,20120600,20120900,20120300
2011-07-27 05:00:00,98.255,,98.275,20120600,20120900,20120300
2011-07-27 14:00:00,98.245,,98.265,20120600,20120900,20120300
2011-07-28 05:00:00,98.265,,98.285,20120600,20120900,20120300
2011-07-29 05:00:00,98.31,,98.32,20120600,20120900,20120300
2011-07-29 12:00:00,98.31,,98.33,20120600,20120900,20120300
2011-08-01 05:00:00,98.325,,98.335,20120600,20120900,20120300
2011-08-02 05:00:00,98.395,,98.395,20120600,20120900,20120300
2011-08-03 05:00:00,98.425,,98.43,20120600,20120900,20120300
2011-08-04 05:00:00,98.635,,98.625,20120600,20120900,20120300
2011-08-04 10:00:00,98.44,,98.435,20120600,20120900,20120300
2011-08-05 05:00:00,98.745,,98.75,20120600,20120900,20120300
2011-08-05 12:00:00,98.72,,,20120600,20120900,20120300
2011-08-05 13:00:00,,,98.71,20120600,20120900,20120300
2011-08-08 05:00:00,98.83,,98.83,20120600,20120900,20120300
2011-08-08 13:00:00,98.805,,98.805,20120600,20120900,20120300
2011-08-09 05:00:00,98.835,,98.835,20120600,20120900,20120300
2011-08-09 08:00:00,,,98.875,20120600,20120900,20120300
2011-08-09 09:00:00,98.88,,,20120600,20120900,20120300
2011-08-09 10:00:00,98.86,,,20120600,20120900,20120300
2011-08-09 12:00:00,98.855,,,20120600,20120900,20120300
2011-08-09 13:00:00,98.85,,,20120600,20120900,20120300
2011-08-10 05:00:00,99.015,,98.995,20120600,20120900,20120300
2011-08-10 09:00:00,98.85,,,20120600,20120900,20120300
2011-08-10 12:00:00,98.92,,,20120600,20120900,20120300
2011-08-10 13:00:00,98.995,,98.955,20120600,20120900,20120300
2011-08-10 14:00:00,98.99,,98.995,20120600,20120900,20120300
2011-08-11 05:00:00,98.965,,98.945,20120600,20120900,20120300
2011-08-11 07:00:00,99.04,,,20120600,20120900,20120300
2011-08-11 09:00:00,98.985,,98.97,20120600,20120900,20120300
2011-08-11 11:00:00,98.98,,,20120600,20120900,20120300
2011-08-11 14:00:00,,,98.905,20120600,20120900,20120300
2011-08-12 05:00:00,98.915,,98.88,20120600,20120900,20120300
2011-08-12 10:00:00,98.895,,98.865,20120600,20120900,20120300
2011-08-12 11:00:00,,,98.825,20120600,20120900,20120300
2011-08-12 13:00:00,,,98.855,20120600,20120900,20120300
2011-08-15 05:00:00,98.86,,98.815,20120600,20120900,20120300
2011-08-15 09:00:00,,,98.785,20120600,20120900,20120300
2011-08-15 13:00:00,98.875,,98.825,20120600,20120900,20120300
2011-08-15 14:00:00,,,98.81,20120600,20120900,20120300
2011-08-16 05:00:00,98.85,,98.815,20120600,20120900,20120300
2011-08-16 08:00:00,,,98.81,20120600,20120900,20120300
2011-08-17 05:00:00,98.875,,98.845,20120600,20120900,20120300
2011-08-17 13:00:00,98.86,,98.83,20120600,20120900,20120300
2011-08-18 05:00:00,99.055,,98.99,20120600,20120900,20120300
2011-08-18 13:00:00,,,98.95,20120600,20120900,20120300
2011-08-18 14:00:00,99.05,,,20120600,20120900,20120300
2011-08-19 05:00:00,98.965,,98.925,20120600,20120900,20120300
2011-08-19 07:00:00,,,99.0,20120600,20120900,20120300
2011-08-19 12:00:00,,,98.945,20120600,20120900,20120300
2011-08-19 14:00:00,,,98.93,20120600,20120900,20120300
2011-08-22 05:00:00,98.92,,98.89,20120600,20120900,20120300
2011-08-22 11:00:00,,,98.885,20120600,20120900,20120300
2011-08-22 15:00:00,98.92,,98.89,20120600,20120900,20120300
2011-08-23 05:00:00,98.89,,98.845,20120600,20120900,20120300
2011-08-23 12:00:00,98.895,,98.855,20120600,20120900,20120300
2011-08-23 13:00:00,98.905,,,20120600,20120900,20120300
2011-08-24 05:00:00,98.835,,98.8,20120600,20120900,20120300
2011-08-24 10:00:00,98.885,,98.835,20120600,20120900,20120300
2011-08-24 11:00:00,98.885,,98.84,20120600,20120900,20120300
2011-08-24 13:00:00,,,98.835,20120600,20120900,20120300
2011-08-24 14:00:00,,,98.79,20120600,20120900,20120300
2011-08-25 05:00:00,98.865,,98.83,20120600,20120900,20120300
2011-08-25 11:00:00,,,98.775,20120600,20120900,20120300
2011-08-25 13:00:00,98.825,,,20120600,20120900,20120300
2011-08-26 05:00:00,98.865,,98.83,20120600,20120900,20120300
2011-08-26 07:00:00,98.855,,,20120600,20120900,20120300
2011-08-26 11:00:00,98.875,,,20120600,20120900,20120300
2011-08-26 12:00:00,98.885,,98.845,20120600,20120900,20120300
2011-08-26 13:00:00,98.885,,98.845,20120600,20120900,20120300
2011-08-26 14:00:00,98.89,,98.855,20120600,20120900,20120300
2011-08-29 05:00:00,98.78,98.745,98.755,20120600,20120900,20120300
2011-08-30 05:00:00,98.835,,98.86,20120900,20121200,20120600
2011-08-30 07:00:00,98.775,,98.815,20120900,20121200,20120600
2011-08-31 05:00:00,98.78,,98.81,20120900,20121200,20120600
2011-08-31 08:00:00,98.795,,98.825,20120900,20121200,20120600
2011-08-31 14:00:00,98.81,,98.835,20120900,20121200,20120600
2011-09-01 05:00:00,98.855,,98.87,20120900,20121200,20120600
2011-09-01 06:00:00,98.775,,98.81,20120900,20121200,20120600
2011-09-01 07:00:00,98.81,,,20120900,20121200,20120600
2011-09-02 05:00:00,98.93,,98.945,20120900,20121200,20120600
2011-09-02 12:00:00,98.94,,,20120900,20121200,20120600
2011-09-05 05:00:00,98.98,,98.99,20120900,20121200,20120600
2011-09-05 06:00:00,,,99.005,20120900,20121200,20120600
2011-09-05 08:00:00,98.98,,98.99,20120900,20121200,20120600
2011-09-06 05:00:00,98.98,,98.99,20120900,20121200,20120600
2011-09-06 09:00:00,98.96,,98.97,20120900,20121200,20120600
2011-09-07 05:00:00,98.915,,98.935,20120900,20121200,20120600
2011-09-07 07:00:00,98.945,,98.96,20120900,20121200,20120600
2011-09-08 05:00:00,98.97,,98.99,20120900,20121200,20120600
2011-09-09 05:00:00,99.035,,99.05,20120900,20121200,20120600
2011-09-09 12:00:00,99.0,,99.025,20120900,20121200,20120600
2011-09-12 05:00:00,98.98,,98.995,20120900,20121200,20120600
2011-09-12 14:00:00,,,98.985,20120900,20121200,20120600
2011-09-13 05:00:00,98.9,,98.91,20120900,20121200,20120600
2011-09-13 08:00:00,99.015,,99.025,20120900,20121200,20120600
2011-09-13 13:00:00,98.92,,98.93,20120900,20121200,20120600
2011-09-14 05:00:00,98.855,,98.855,20120900,20121200,20120600
2011-09-14 07:00:00,,,98.89,20120900,20121200,20120600
2011-09-14 08:00:00,,,98.9,20120900,20121200,20120600
2011-09-14 11:00:00,,,98.88,20120900,20121200,20120600
2011-09-15 05:00:00,98.81,,98.825,20120900,20121200,20120600
2011-09-15 07:00:00,98.81,,98.81,20120900,20121200,20120600
2011-09-15 08:00:00,,,98.8,20120900,20121200,20120600
2011-09-15 09:00:00,98.8,,98.8,20120900,20121200,20120600
2011-09-15 14:00:00,,,98.805,20120900,20121200,20120600
2011-09-16 05:00:00,98.9,,98.9,20120900,20121200,20120600
2011-09-19 05:00:00,98.95,,98.95,20120900,20121200,20120600
2011-09-19 12:00:00,,,98.96,20120900,20121200,20120600
2011-09-19 13:00:00,98.965,,98.965,20120900,20121200,20120600
2011-09-20 05:00:00,98.94,,98.945,20120900,20121200,20120600
2011-09-20 13:00:00,,,98.96,20120900,20121200,20120600
2011-09-21 05:00:00,98.955,,98.96,20120900,20121200,20120600
2011-09-21 12:00:00,98.95,,98.96,20120900,20121200,20120600
2011-09-21 14:00:00,,,98.96,20120900,20121200,20120600
2011-09-22 05:00:00,98.98,,98.985,20120900,20121200,20120600
2011-09-23 05:00:00,99.025,,99.035,20120900,20121200,20120600
2011-09-23 09:00:00,,,99.04,20120900,20121200,20120600
2011-09-23 11:00:00,,,99.055,20120900,20121200,20120600
2011-09-26 05:00:00,99.01,,99.025,20120900,20121200,20120600
2011-09-27 05:00:00,98.93,,98.935,20120900,20121200,20120600
2011-09-27 10:00:00,98.97,,,20120900,20121200,20120600
2011-09-27 13:00:00,,,98.905,20120900,20121200,20120600
2011-09-27 14:00:00,98.925,,,20120900,20121200,20120600
2011-09-28 05:00:00,98.86,,98.86,20120900,20121200,20120600
2011-09-28 12:00:00,98.85,,98.855,20120900,20121200,20120600
2011-09-29 05:00:00,98.825,,98.835,20120900,20121200,20120600
2011-09-29 09:00:00,98.865,,98.865,20120900,20121200,20120600
2011-09-30 05:00:00,98.885,,98.885,20120900,20121200,20120600
2011-09-30 07:00:00,98.87,,98.875,20120900,20121200,20120600
2011-09-30 08:00:00,98.84,,98.85,20120900,20121200,20120600
2011-10-03 05:00:00,98.94,,98.925,20120900,20121200,20120600
2011-10-03 10:00:00,98.92,,98.915,20120900,20121200,20120600
2011-10-03 14:00:00,98.935,,,20120900,20121200,20120600
2011-10-04 05:00:00,98.975,,98.955,20120900,20121200,20120600
2011-10-04 08:00:00,98.98,,98.97,20120900,20121200,20120600
2011-10-05 05:00:00,98.94,,98.935,20120900,20121200,20120600
2011-10-06 05:00:00,98.795,,98.795,20120900,20121200,20120600
2011-10-06 06:00:00,98.95,,98.95,20120900,20121200,20120600
2011-10-06 07:00:00,98.97,,98.965,20120900,20121200,20120600
2011-10-06 11:00:00,98.99,,98.99,20120900,20121200,20120600
2011-10-07 05:00:00,98.81,,98.8,20120900,20121200,20120600
2011-10-10 05:00:00,98.795,,98.785,20120900,20121200,20120600
2011-10-11 05:00:00,98.815,,98.805,20120900,20121200,20120600
2011-10-12 05:00:00,98.76,,98.77,20120900,20121200,20120600
2011-10-12 10:00:00,,,98.78,20120900,20121200,20120600
2011-10-12 14:00:00,98.765,,98.775,20120900,20121200,20120600
2011-10-13 05:00:00,98.815,,98.81,20120900,20121200,20120600
2011-10-13 07:00:00,,,98.74,20120900,20121200,20120600
2011-10-13 10:00:00,,,98.79,20120900,20121200,20120600
2011-10-13 13:00:00,,,98.81,20120900,20121200,20120600
2011-10-14 05:00:00,98.775,,98.775,20120900,20121200,20120600
2011-10-14 08:00:00,,,98.775,20120900,20121200,20120600
2011-10-17 05:00:00,98.875,,98.86,20120900,20121200,20120600
2011-10-18 05:00:00,98.885,,98.865,20120900,20121200,20120600
2011-10-19 05:00:00,98.855,,98.84,20120900,20121200,20120600
2011-10-20 05:00:00,98.835,,98.83,20120900,20121200,20120600
2011-10-21 05:00:00,98.805,,98.805,20120900,20121200,20120600
2011-10-24 05:00:00,98.805,,98.805,20120900,20121200,20120600
2011-10-24 12:00:00,,,98.84,20120900,20121200,20120600
2011-10-25 05:00:00,98.87,,98.855,20120900,20121200,20120600
2011-10-25 14:00:00,,,98.82,20120900,20121200,20120600
2011-10-26 05:00:00,98.925,,98.905,20120900,20121200,20120600
2011-10-26 09:00:00,,,98.86,20120900,20121200,20120600
2011-10-27 05:00:00,98.79,,98.795,20120900,20121200,20120600
2011-10-27 13:00:00,,,98.81,20120900,20121200,20120600
2011-10-28 05:00:00,98.815,,98.82,20120900,20121200,20120600
2011-10-28 07:00:00,98.805,,,20120900,20121200,20120600
2011-10-28 08:00:00,,,98.78,20120900,20121200,20120600
2011-10-31 05:00:00,98.875,,98.88,20120900,20121200,20120600
2011-10-31 08:00:00,98.87,,98.865,20120900,20121200,20120600
2011-10-31 10:00:00,98.865,,98.86,20120900,20121200,20120600
2011-11-01 05:00:00,98.975,,98.96,20120900,20121200,20120600
2011-11-02 05:00:00,98.96,,98.95,20120900,20121200,20120600
2011-11-02 08:00:00,98.94,,,20120900,20121200,20120600
2011-11-02 09:00:00,98.965,,98.95,20120900,20121200,20120600
2011-11-02 10:00:00,98.95,,98.94,20120900,20121200,20120600
2011-11-03 05:00:00,99.0,,98.995,20120900,20121200,20120600
2011-11-03 15:00:00,99.005,,,20120900,20121200,20120600
2011-11-04 05:00:00,98.94,,98.935,20120900,20121200,20120600
2011-11-04 13:00:00,,,98.985,20120900,20121200,20120600
2011-11-07 06:00:00,98.955,,98.945,20120900,20121200,20120600
2011-11-07 08:00:00,,,98.96,20120900,20121200,20120600
2011-11-07 22:00:00,,,98.96,20120900,20121200,20120600
2011-11-07 23:00:00,,,98.96,20120900,20121200,20120600
2011-11-08 06:00:00,98.94,,98.925,20120900,20121200,20120600
2011-11-08 10:00:00,98.94,,98.93,20120900,20121200,20120600
2011-11-08 12:00:00,98.925,,98.91,20120900,20121200,20120600
2011-11-09 06:00:00,98.95,,98.935,20120900,20121200,20120600
2011-11-09 11:00:00,98.95,,98.93,20120900,20121200,20120600
2011-11-10 06:00:00,98.97,,98.955,20120900,20121200,20120600
2011-11-10 08:00:00,98.95,,98.935,20120900,20121200,20120600
2011-11-10 11:00:00,98.94,,98.93,20120900,20121200,20120600
2011-11-11 06:00:00,98.935,,98.93,20120900,20121200,20120600
2011-11-11 14:00:00,,,98.92,20120900,20121200,20120600
2011-11-14 06:00:00,98.98,,98.975,20120900,20121200,20120600
2011-11-15 06:00:00,99.0,,98.99,20120900,20121200,20120600
2011-11-15 09:00:00,98.995,,98.985,20120900,20121200,20120600
2011-11-16 06:00:00,98.935,,98.93,20120900,20121200,20120600
2011-11-16 13:00:00,98.95,,98.945,20120900,20121200,20120600
2011-11-16 15:00:00,,,98.94,20120900,20121200,20120600
2011-11-17 06:00:00,98.8,,98.79,20120900,20121200,20120600
2011-11-17 10:00:00,,,98.86,20120900,20121200,20120600
2011-11-17 11:00:00,98.95,,,20120900,20121200,20120600
2011-11-17 12:00:00,98.81,,98.81,20120900,20121200,20120600
2011-11-17 13:00:00,98.84,,98.845,20120900,20121200,20120600
2011-11-17 14:00:00,,,98.825,20120900,20121200,20120600
2011-11-17 23:00:00,98.84,,98.825,20120900,20121200,20120600
2011-11-18 06:00:00,98.79,,98.795,20120900,20121200,20120600
2011-11-21 06:00:00,98.815,,98.81,20120900,20121200,20120600
2011-11-21 15:00:00,98.83,,98.81,20120900,20121200,20120600
2011-11-22 06:00:00,98.845,,98.83,20120900,20121200,20120600
2011-11-22 09:00:00,,,98.825,20120900,20121200,20120600
2011-11-22 10:00:00,98.83,,,20120900,20121200,20120600
2011-11-22 13:00:00,98.84,,98.825,20120900,20121200,20120600
2011-11-22 14:00:00,98.845,,98.83,20120900,20121200,20120600
2011-11-23 06:00:00,98.805,,98.8,20120900,20121200,20120600
2011-11-23 12:00:00,,,98.815,20120900,20121200,20120600
2011-11-23 14:00:00,,,98.79,20120900,20121200,20120600
2011-11-24 06:00:00,98.805,,98.81,20120900,20121200,20120600
2011-11-24 10:00:00,,,98.795,20120900,20121200,20120600
2011-11-25 06:00:00,98.815,,98.825,20120900,20121200,20120600
2011-11-28 06:00:00,98.82,98.76,98.83,20120900,20121200,20120600
2011-11-28 15:00:00,98.745,,,20121200,20130300,20120900
2011-11-29 06:00:00,98.805,,98.875,20121200,20130300,20120900
2011-11-29 16:00:00,98.805,,98.875,20121200,20130300,20120900
2011-11-30 06:00:00,98.96,,99.025,20121200,20130300,20120900
2011-11-30 12:00:00,98.935,,,20121200,20130300,20120900
2011-11-30 13:00:00,98.925,,,20121200,20130300,20120900
2011-11-30 14:00:00,98.95,,,20121200,20130300,20120900
2011-11-30 15:00:00,98.97,,,20121200,20130300,20120900
2011-11-30 17:00:00,98.94,,,20121200,20130300,20120900
2011-12-01 06:00:00,98.975,,99.035,20121200,20130300,20120900
2011-12-02 06:00:00,98.975,,99.01,20121200,20130300,20120900
2011-12-02 07:00:00,,,98.875,20121200,20130300,20120900
2011-12-02 10:00:00,,,98.995,20121200,20130300,20120900
2011-12-05 06:00:00,98.95,,98.99,20121200,20130300,20120900
2011-12-05 14:00:00,98.95,,98.99,20121200,20130300,20120900
2011-12-06 06:00:00,98.945,,98.99,20121200,20130300,20120900
2011-12-07 06:00:00,98.975,,99.025,20121200,20130300,20120900
2011-12-07 13:00:00,,,99.03,20121200,20130300,20120900
2011-12-08 06:00:00,99.025,,99.045,20121200,20130300,20120900
2011-12-08 09:00:00,99.03,,,20121200,20130300,20120900
2011-12-08 10:00:00,99.03,,,20121200,20130300,20120900
2011-12-08 16:00:00,99.0,,,20121200,20130300,20120900
2011-12-09 06:00:00,98.975,,98.99,20121200,20130300,20120900
2011-12-09 09:00:00,,,99.03,20121200,20130300,20120900
2011-12-09 10:00:00,98.95,,,20121200,20130300,20120900
2011-12-12 06:00:00,99.015,,99.02,20121200,20130300,20120900
2011-12-12 15:00:00,99.025,,,20121200,20130300,20120900
2011-12-13 06:00:00,98.99,,98.995,20121200,20130300,20120900
2011-12-14 06:00:00,98.96,,98.96,20121200,20130300,20120900
2011-12-14 10:00:00,98.975,,98.985,20121200,20130300,20120900
2011-12-15 06:00:00,98.995,,99.005,20121200,20130300,20120900
2011-12-15 12:00:00,98.995,,99.0,20121200,20130300,20120900
2011-12-15 14:00:00,,,99.0,20121200,20130300,20120900
2011-12-15 16:00:00,98.985,,,20121200,20130300,20120900
2011-12-16 06:00:00,99.055,,99.055,20121200,20130300,20120900
2011-12-16 11:00:00,99.04,,99.05,20121200,20130300,20120900
2011-12-19 06:00:00,99.03,,99.035,20121200,20130300,20120900
2011-12-19 09:00:00,99.035,,,20121200,20130300,20120900
2011-12-19 10:00:00,,,99.045,20121200,20130300,20120900
2011-12-19 14:00:00,99.04,,99.04,20121200,20130300,20120900
2011-12-19 16:00:00,99.03,,99.03,20121200,20130300,20120900
2011-12-20 06:00:00,99.025,,99.04,20121200,20130300,20120900
2011-12-20 09:00:00,,,99.025,20121200,20130300,20120900
2011-12-21 06:00:00,99.0,,99.005,20121200,20130300,20120900
2011-12-21 12:00:00,99.005,,99.005,20121200,20130300,20120900
2011-12-22 06:00:00,99.0,,99.0,20121200,20130300,20120900
2011-12-22 21:00:00,99.005,,99.005,20121200,20130300,20120900
2011-12-23 06:00:00,99.01,,99.01,20121200,20130300,20120900
2011-12-27 06:00:00,99.09,,99.09,20121200,20130300,20120900
2011-12-27 13:00:00,99.08,,,20121200,20130300,20120900
2011-12-27 14:00:00,99.09,,,20121200,20130300,20120900
2011-12-28 06:00:00,99.08,,99.085,20121200,20130300,20120900
2011-12-28 13:00:00,99.08,,,20121200,20130300,20120900
2011-12-29 06:00:00,99.08,,99.1,20121200,20130300,20120900
2011-12-29 16:00:00,99.075,,,20121200,20130300,20120900
2011-12-30 06:00:00,99.085,,99.105,20121200,20130300,20120900
2012-01-02 06:00:00,99.055,,99.075,20121200,20130300,20120900
2012-01-02 13:00:00,99.06,,,20121200,20130300,20120900
2012-01-02 16:00:00,99.06,,,20121200,20130300,20120900
2012-01-03 06:00:00,99.08,,99.095,20121200,20130300,20120900
2012-01-03 07:00:00,99.05,,,20121200,20130300,20120900
2012-01-03 08:00:00,99.07,,,20121200,20130300,20120900
2012-01-03 11:00:00,99.08,,,20121200,20130300,20120900
2012-01-03 16:00:00,99.08,,99.095,20121200,20130300,20120900
2012-01-04 06:00:00,99.08,,99.095,20121200,20130300,20120900
2012-01-05 06:00:00,99.095,,99.11,20121200,20130300,20120900
2012-01-05 09:00:00,99.1,,,20121200,20130300,20120900
2012-01-05 13:00:00,,,99.105,20121200,20130300,20120900
2012-01-05 15:00:00,99.105,,,20121200,20130300,20120900
2012-01-05 16:00:00,99.1,,99.115,20121200,20130300,20120900
2012-01-06 06:00:00,99.09,,99.1,20121200,20130300,20120900
2012-01-09 06:00:00,99.115,,99.115,20121200,20130300,20120900
2012-01-09 14:00:00,99.1,,,20121200,20130300,20120900
2012-01-09 15:00:00,99.115,,,20121200,20130300,20120900
2012-01-10 06:00:00,99.1,,99.1,20121200,20130300,20120900
2012-01-10 14:00:00,99.09,,,20121200,20130300,20120900
2012-01-11 06:00:00,99.135,,99.135,20121200,20130300,20120900
2012-01-11 15:00:00,99.145,,,20121200,20130300,20120900
2012-01-12 06:00:00,99.17,,99.17,20121200,20130300,20120900
2012-01-12 17:00:00,99.175,,,20121200,20130300,20120900
2012-01-13 06:00:00,99.215,,99.215,20121200,20130300,20120900
2012-01-13 07:00:00,99.165,,99.175,20121200,20130300,20120900
2012-01-13 09:00:00,99.225,,,20121200,20130300,20120900
2012-01-13 15:00:00,99.21,,,20121200,20130300,20120900
2012-01-13 16:00:00,99.21,,,20121200,20130300,20120900
2012-01-16 06:00:00,99.225,,99.235,20121200,20130300,20120900
2012-01-16 09:00:00,99.245,,99.25,20121200,20130300,20120900
2012-01-17 06:00:00,99.18,,99.185,20121200,20130300,20120900
2012-01-17 10:00:00,99.2,,,20121200,20130300,20120900
2012-01-17 11:00:00,99.19,,99.205,20121200,20130300,20120900
2012-01-17 16:00:00,99.185,,,20121200,20130300,20120900
2012-01-18 06:00:00,99.17,,99.18,20121200,20130300,20120900
2012-01-18 16:00:00,99.17,,,20121200,20130300,20120900
2012-01-19 06:00:00,99.16,,99.175,20121200,20130300,20120900
2012-01-19 13:00:00,,,99.18,20121200,20130300,20120900
2012-01-20 01:00:00,99.17,,99.18,20121200,20130300,20120900
2012-01-20 06:00:00,99.2,,99.21,20121200,20130300,20120900
2012-01-20 08:00:00,,,99.195,20121200,20130300,20120900
2012-01-20 19:00:00,99.17,,99.195,20121200,20130300,20120900
2012-01-20 22:00:00,99.17,,99.195,20121200,20130300,20120900
2012-01-23 06:00:00,99.23,,99.245,20121200,20130300,20120900
2012-01-24 06:00:00,99.185,,99.195,20121200,20130300,20120900
2012-01-24 09:00:00,99.225,,,20121200,20130300,20120900
2012-01-24 15:00:00,99.185,,99.195,20121200,20130300,20120900
2012-01-24 16:00:00,99.18,,99.195,20121200,20130300,20120900
2012-01-25 06:00:00,99.18,,99.19,20121200,20130300,20120900
2012-01-25 08:00:00,99.175,,99.19,20121200,20130300,20120900
2012-01-25 10:00:00,99.18,,,20121200,20130300,20120900
2012-01-25 13:00:00,99.19,,,20121200,20130300,20120900
2012-01-25 14:00:00,,,99.195,20121200,20130300,20120900
2012-01-25 15:00:00,,,99.19,20121200,20130300,20120900
2012-01-26 06:00:00,99.21,,99.205,20121200,20130300,20120900
2012-01-27 06:00:00,99.18,,99.175,20121200,20130300,20120900
2012-01-27 09:00:00,99.2,,99.195,20121200,20130300,20120900
2012-01-27 11:00:00,99.175,,,20121200,20130300,20120900
2012-01-27 13:00:00,99.18,,99.17,20121200,20130300,20120900
2012-01-27 14:00:00,,,99.175,20121200,20130300,20120900
2012-01-30 06:00:00,99.19,,99.19,20121200,20130300,20120900
2012-01-30 12:00:00,,,99.2,20121200,20130300,20120900
2012-01-30 14:00:00,,,99.195,20121200,20130300,20120900
2012-01-31 06:00:00,99.26,,99.26,20121200,20130300,20120900
2012-01-31 16:00:00,99.26,,,20121200,20130300,20120900
2012-02-01 06:00:00,99.275,,99.28,20121200,20130300,20120900
2012-02-01 10:00:00,99.295,,99.295,20121200,20130300,20120900
2012-02-01 12:00:00,,,99.295,20121200,20130300,20120900
2012-02-01 15:00:00,99.285,,99.29,20121200,20130300,20120900
2012-02-02 06:00:00,99.265,,99.27,20121200,20130300,20120900
2012-02-02 11:00:00,99.295,,,20121200,20130300,20120900
2012-02-02 13:00:00,99.29,,99.29,20121200,20130300,20120900
2012-02-03 06:00:00,99.25,,99.255,20121200,20130300,20120900
2012-02-03 11:00:00,99.24,,99.245,20121200,20130300,20120900
2012-02-03 16:00:00,99.24,,99.245,20121200,20130300,20120900
2012-02-06 06:00:00,99.27,,99.275,20121200,20130300,20120900
2012-02-06 08:00:00,,,99.275,20121200,20130300,20120900
2012-02-06 09:00:00,99.275,,,20121200,20130300,20120900
2012-02-07 06:00:00,99.245,,99.26,20121200,20130300,20120900
2012-02-08 06:00:00,99.225,,99.245,20121200,20130300,20120900
2012-02-08 09:00:00,99.235,,99.25,20121200,20130300,20120900
2012-02-08 15:00:00,99.23,,99.25,20121200,20130300,20120900
2012-02-09 06:00:00,99.21,,99.225,20121200,20130300,20120900
2012-02-09 13:00:00,99.21,,,20121200,20130300,20120900
2012-02-09 14:00:00,99.23,,,20121200,20130300,20120900
2012-02-09 15:00:00,99.215,,99.23,20121200,20130300,20120900
2012-02-09 18:00:00,99.215,,99.23,20121200,20130300,20120900
2012-02-10 00:00:00,99.215,,99.23,20121200,20130300,20120900
2012-02-10 03:00:00,99.215,,99.23,20121200,20130300,20120900
2012-02-10 06:00:00,99.195,,99.2,20121200,20130300,20120900
2012-02-10 11:00:00,99.2,,99.21,20121200,20130300,20120900
2012-02-10 13:00:00,99.205,,,20121200,20130300,20120900
2012-02-10 16:00:00,99.205,,99.21,20121200,20130300,20120900
2012-02-10 18:00:00,99.205,,99.21,20121200,20130300,20120900
2012-02-10 20:00:00,99.205,,99.21,20121200,20130300,20120900
2012-02-13 06:00:00,99.195,,99.2,20121200,20130300,20120900
2012-02-14 06:00:00,99.205,,99.215,20121200,20130300,20120900
2012-02-15 06:00:00,99.215,,99.215,20121200,20130300,20120900
2012-02-16 06:00:00,99.19,,99.195,20121200,20130300,20120900
2012-02-17 06:00:00,99.175,,99.19,20121200,20130300,20120900
2012-02-17 15:00:00,,,99.195,20121200,20130300,20120900
2012-02-17 22:00:00,,,99.195,20121200,20130300,20120900
2012-02-20 06:00:00,99.185,,99.205,20121200,20130300,20120900
2012-02-21 06:00:00,99.19,,99.21,20121200,20130300,20120900
2012-02-22 06:00:00,99.175,,99.19,20121200,20130300,20120900
2012-02-22 08:00:00,,,99.2,20121200,20130300,20120900
2012-02-23 06:00:00,99.18,,99.195,20121200,20130300,20120900
2012-02-24 06:00:00,99.21,,99.23,20121200,20130300,20120900
2012-02-27 06:00:00,99.265,99.245,99.28,20121200,20130300,20120900
2012-02-28 06:00:00,99.245,,99.265,20130300,20130600,20121200
2012-02-29 06:00:00,99.26,,99.29,20130300,20130600,20121200
2012-02-29 12:00:00,,,99.29,20130300,20130600,20121200
2012-02-29 16:00:00,,,99.285,20130300,20130600,20121200
2012-03-01 06:00:00,99.28,,99.305,20130300,20130600,20121200
2012-03-01 11:00:00,99.275,,,20130300,20130600,20121200
2012-03-01 14:00:00,99.27,,,20130300,20130600,20121200
2012-03-01 15:00:00,99.285,,,20130300,20130600,20121200
2012-03-02 06:00:00,99.35,,99.37,20130300,20130600,20121200
2012-03-02 11:00:00,,,99.285,20130300,20130600,20121200
2012-03-02 14:00:00,,,99.36,20130300,20130600,20121200
2012-03-05 06:00:00,99.32,,99.335,20130300,20130600,20121200
2012-03-05 15:00:00,,,99.335,20130300,20130600,20121200
2012-03-05 16:00:00,,,99.335,20130300,20130600,20121200
2012-03-05 17:00:00,,,99.335,20130300,20130600,20121200
2012-03-06 06:00:00,99.32,,99.335,20130300,20130600,20121200
2012-03-07 06:00:00,99.305,,99.325,20130300,20130600,20121200
2012-03-07 23:00:00,99.31,,99.335,20130300,20130600,20121200
2012-03-08 06:00:00,99.285,,99.315,20130300,20130600,20121200
2012-03-08 07:00:00,,,99.335,20130300,20130600,20121200
2012-03-08 10:00:00,99.29,,,20130300,20130600,20121200
2012-03-09 02:00:00,99.29,,99.335,20130300,20130600,20121200
2012-03-09 06:00:00,99.29,,99.32,20130300,20130600,20121200
2012-03-09 07:00:00,,,99.335,20130300,20130600,20121200
2012-03-09 09:00:00,99.29,,,20130300,20130600,20121200
2012-03-09 16:00:00,99.295,,,20130300,20130600,20121200
2012-03-12 05:00:00,99.295,,99.32,20130300,20130600,20121200
2012-03-13 05:00:00,99.28,,99.31,20130300,20130600,20121200
2012-03-13 12:00:00,,,99.32,20130300,20130600,20121200
2012-03-13 21:00:00,,,99.32,20130300,20130600,20121200
2012-03-14 05:00:00,99.22,,99.26,20130300,20130600,20121200
2012-03-14 09:00:00,99.245,,99.28,20130300,20130600,20121200
2012-03-14 10:00:00,,,99.275,20130300,20130600,20121200
2012-03-14 14:00:00,,,99.27,20130300,20130600,20121200
2012-03-15 05:00:00,99.195,,99.245,20130300,20130600,20121200
2012-03-15 08:00:00,,,99.25,20130300,20130600,20121200
2012-03-15 10:00:00,,,99.26,20130300,20130600,20121200
2012-03-15 11:00:00,,,99.26,20130300,20130600,20121200
2012-03-16 05:00:00,99.16,,99.225,20130300,20130600,20121200
2012-03-16 16:00:00,,,99.225,20130300,20130600,20121200
2012-03-19 05:00:00,99.185,,99.26,20130300,20130600,20121200
2012-03-19 10:00:00,,,99.255,20130300,20130600,20121200
2012-03-19 16:00:00,,,99.26,20130300,20130600,20121200
2012-03-20 05:00:00,99.205,,99.275,20130300,20130600,20121200
2012-03-20 07:00:00,,,99.26,20130300,20130600,20121200
2012-03-20 08:00:00,,,99.275,20130300,20130600,20121200
2012-03-20 11:00:00,99.21,,,20130300,20130600,20121200
2012-03-20 16:00:00,,,99.28,20130300,20130600,20121200
2012-03-20 17:00:00,,,99.28,20130300,20130600,20121200
2012-03-21 05:00:00,99.245,,99.305,20130300,20130600,20121200
2012-03-21 07:00:00,,,99.28,20130300,20130600,20121200
2012-03-21 09:00:00,99.24,,,20130300,20130600,20121200
2012-03-21 10:00:00,,,99.3,20130300,20130600,20121200
2012-03-21 15:00:00,,,99.31,20130300,20130600,20121200
2012-03-22 05:00:00,99.26,,99.31,20130300,20130600,20121200
2012-03-22 07:00:00,99.23,,99.325,20130300,20130600,20121200
2012-03-22 15:00:00,,,99.315,20130300,20130600,20121200
2012-03-23 05:00:00,99.27,,99.315,20130300,20130600,20121200
2012-03-23 09:00:00,99.26,,,20130300,20130600,20121200
2012-03-23 11:00:00,99.26,,,20130300,20130600,20121200
2012-03-26 05:00:00,99.27,,99.32,20130300,20130600,20121200
2012-03-27 05:00:00,99.275,,99.32,20130300,20130600,20121200
2012-03-27 07:00:00,,,99.34,20130300,20130600,20121200
2012-03-27 10:00:00,,,99.315,20130300,20130600,20121200
2012-03-28 05:00:00,99.275,,99.32,20130300,20130600,20121200
2012-03-28 12:00:00,,,99.32,20130300,20130600,20121200
2012-03-28 13:00:00,99.27,,99.315,20130300,20130600,20121200
2012-03-28 14:00:00,,,99.32,20130300,20130600,20121200
2012-03-29 05:00:00,99.26,,99.3,20130300,20130600,20121200
2012-03-29 06:00:00,99.27,,,20130300,20130600,20121200
2012-03-30 05:00:00,99.25,,99.295,20130300,20130600,20121200
2012-04-02 05:00:00,99.245,,99.295,20130300,20130600,20121200
2012-04-03 05:00:00,99.22,,99.27,20130300,20130600,20121200
2012-04-03 07:00:00,99.24,,,20130300,20130600,20121200
2012-04-04 05:00:00,99.235,,99.27,20130300,20130600,20121200
2012-04-04 21:00:00,99.24,,,20130300,20130600,20121200
2012-04-05 05:00:00,99.265,,99.29,20130300,20130600,20121200
2012-04-05 09:00:00,99.26,,,20130300,20130600,20121200
2012-04-05 11:00:00,99.26,,,20130300,20130600,20121200
2012-04-05 14:00:00,99.26,,,20130300,20130600,20121200
2012-04-05 15:00:00,,,99.29,20130300,20130600,20121200
2012-04-10 05:00:00,99.295,,99.305,20130300,20130600,20121200
2012-04-11 05:00:00,99.26,,99.285,20130300,20130600,20121200
2012-04-11 12:00:00,99.26,,99.28,20130300,20130600,20121200
2012-04-11 14:00:00,,,99.28,20130300,20130600,20121200
2012-04-12 05:00:00,99.275,,99.3,20130300,20130600,20121200
2012-04-12 12:00:00,,,99.28,20130300,20130600,20121200
2012-04-13 05:00:00,99.305,,99.32,20130300,20130600,20121200
2012-04-13 07:00:00,99.285,,,20130300,20130600,20121200
2012-04-16 05:00:00,99.255,,99.275,20130300,20130600,20121200
2012-04-17 05:00:00,99.265,,99.29,20130300,20130600,20121200
2012-04-18 05:00:00,99.3,,99.315,20130300,20130600,20121200
2012-04-18 07:00:00,99.29,,,20130300,20130600,20121200
2012-04-18 13:00:00,99.295,,,20130300,20130600,20121200
2012-04-19 05:00:00,99.275,,99.3,20130300,20130600,20121200
2012-04-19 14:00:00,,,99.3,20130300,20130600,20121200
2012-04-20 05:00:00,99.245,,99.28,20130300,20130600,20121200
2012-04-20 13:00:00,,,99.285,20130300,20130600,20121200
2012-04-23 05:00:00,99.265,,99.295,20130300,20130600,20121200
2012-04-23 11:00:00,,,99.295,20130300,20130600,20121200
2012-04-24 05:00:00,99.26,,99.295,20130300,20130600,20121200
2012-04-24 13:00:00,,,99.29,20130300,20130600,20121200
2012-04-24 14:00:00,,,99.29,20130300,20130600,20121200
2012-04-25 05:00:00,99.31,,99.34,20130300,20130600,20121200
2012-04-25 06:00:00,,,99.29,20130300,20130600,20121200
2012-04-25 08:00:00,,,99.29,20130300,20130600,20121200
2012-04-25 14:00:00,99.305,,,20130300,20130600,20121200
2012-04-25 21:00:00,99.305,,99.29,20130300,20130600,20121200
2012-04-26 05:00:00,99.365,,99.39,20130300,20130600,20121200
2012-04-26 06:00:00,,,99.29,20130300,20130600,20121200
2012-04-26 07:00:00,99.32,,,20130300,20130600,20121200
2012-04-26 08:00:00,,,99.355,20130300,20130600,20121200
2012-04-26 10:00:00,99.335,,99.36,20130300,20130600,20121200
2012-04-26 12:00:00,99.345,,,20130300,20130600,20121200
2012-04-26 14:00:00,99.37,,,20130300,20130600,20121200
2012-04-27 05:00:00,99.365,,99.39,20130300,20130600,20121200
2012-04-30 05:00:00,99.42,,99.435,20130300,20130600,20121200
2012-04-30 11:00:00,,,99.44,20130300,20130600,20121200
2012-04-30 14:00:00,,,99.435,20130300,20130600,20121200
2012-05-01 13:00:00,,,99.435,20130300,20130600,20121200
2012-05-02 05:00:00,99.44,,99.45,20130300,20130600,20121200
2012-05-02 06:00:00,99.41,,,20130300,20130600,20121200
2012-05-02 10:00:00,,,99.45,20130300,20130600,20121200
2012-05-02 11:00:00,,,99.46,20130300,20130600,20121200
2012-05-02 12:00:00,99.45,,,20130300,20130600,20121200
2012-05-03 05:00:00,99.435,,99.445,20130300,20130600,20121200
2012-05-03 09:00:00,,,99.455,20130300,20130600,20121200
2012-05-04 05:00:00,99.44,,99.45,20130300,20130600,20121200
2012-05-04 13:00:00,,,99.455,20130300,20130600,20121200
2012-05-07 05:00:00,99.445,,99.455,20130300,20130600,20121200
2012-05-08 05:00:00,99.385,,99.395,20130300,20130600,20121200
2012-05-08 07:00:00,99.445,,,20130300,20130600,20121200
2012-05-09 05:00:00,99.34,,99.345,20130300,20130600,20121200
2012-05-09 14:00:00,,,99.345,20130300,20130600,20121200
2012-05-09 15:00:00,,,99.345,20130300,20130600,20121200
2012-05-10 05:00:00,99.37,,99.385,20130300,20130600,20121200
2012-05-10 06:00:00,99.445,,,20130300,20130600,20121200
2012-05-10 14:00:00,,,99.39,20130300,20130600,20121200
2012-05-11 05:00:00,99.35,,99.355,20130300,20130600,20121200
2012-05-11 09:00:00,,,99.36,20130300,20130600,20121200
2012-05-11 13:00:00,,,99.35,20130300,20130600,20121200
2012-05-14 05:00:00,99.305,,99.31,20130300,20130600,20121200
2012-05-14 08:00:00,99.305,,99.31,20130300,20130600,20121200
2012-05-14 15:00:00,,,99.31,20130300,20130600,20121200
2012-05-15 05:00:00,99.32,,99.325,20130300,20130600,20121200
2012-05-15 10:00:00,99.305,,,20130300,20130600,20121200
2012-05-16 05:00:00,99.345,,99.36,20130300,20130600,20121200
2012-05-16 13:00:00,,,99.31,20130300,20130600,20121200
2012-05-17 05:00:00,99.315,,99.33,20130300,20130600,20121200
2012-05-18 05:00:00,99.315,,99.33,20130300,20130600,20121200
2012-05-18 06:00:00,99.305,,99.31,20130300,20130600,20121200
2012-05-18 15:00:00,,,99.33,20130300,20130600,20121200
2012-05-21 05:00:00,99.33,,99.34,20130300,20130600,20121200
2012-05-22 05:00:00,99.37,,99.375,20130300,20130600,20121200
2012-05-23 05:00:00,99.395,,99.395,20130300,20130600,20121200
2012-05-24 05:00:00,99.44,,99.44,20130300,20130600,20121200
2012-05-25 05:00:00,99.43,,99.435,20130300,20130600,20121200
2012-05-28 05:00:00,99.445,99.425,99.445,20130300,20130600,20121200
2012-05-29 05:00:00,99.395,,99.42,20130600,20130900,20130300
2012-05-29 13:00:00,,,99.42,20130600,20130900,20130300
2012-05-30 05:00:00,99.45,,99.465,20130600,20130900,20130300
2012-05-30 07:00:00,,,99.42,20130600,20130900,20130300
2012-05-30 21:00:00,,,99.42,20130600,20130900,20130300
2012-05-31 05:00:00,99.44,,99.455,20130600,20130900,20130300
2012-05-31 14:00:00,,,99.46,20130600,20130900,20130300
2012-05-31 21:00:00,,,99.46,20130600,20130900,20130300
2012-05-31 22:00:00,,,99.46,20130600,20130900,20130300
2012-05-31 23:00:00,,,99.46,20130600,20130900,20130300
2012-06-01 05:00:00,99.46,,99.465,20130600,20130900,20130300
2012-06-01 11:00:00,,,99.46,20130600,20130900,20130300
2012-06-04 05:00:00,99.47,,99.47,20130600,20130900,20130300
2012-06-05 05:00:00,99.465,,99.47,20130600,20130900,20130300
2012-06-05 12:00:00,,,99.47,20130600,20130900,20130300
2012-06-06 05:00:00,99.415,,99.43,20130600,20130900,20130300
2012-06-06 06:00:00,99.46,,99.47,20130600,20130900,20130300
2012-06-06 07:00:00,99.485,,99.475,20130600,20130900,20130300
2012-06-06 14:00:00,,,99.435,20130600,20130900,20130300
2012-06-06 15:00:00,99.41,,,20130600,20130900,20130300
2012-06-07 05:00:00,99.38,,99.4,20130600,20130900,20130300
2012-06-07 06:00:00,99.41,,99.435,20130600,20130900,20130300
2012-06-07 09:00:00,,,99.435,20130600,20130900,20130300
2012-06-07 11:00:00,,,99.435,20130600,20130900,20130300
2012-06-08 05:00:00,99.425,,99.44,20130600,20130900,20130300
2012-06-08 11:00:00,99.41,,,20130600,20130900,20130300
2012-06-11 05:00:00,99.425,,99.44,20130600,20130900,20130300
2012-06-12 05:00:00,99.39,,99.41,20130600,20130900,20130300
2012-06-13 05:00:00,99.34,,99.365,20130600,20130900,20130300
2012-06-13 07:00:00,99.38,,,20130600,20130900,20130300
2012-06-13 09:00:00,,,99.4,20130600,20130900,20130300
2012-06-13 14:00:00,,,99.385,20130600,20130900,20130300
2012-06-14 05:00:00,99.375,,99.4,20130600,20130900,20130300
2012-06-14 09:00:00,99.34,,,20130600,20130900,20130300
2012-06-15 05:00:00,99.46,,99.475,20130600,20130900,20130300
2012-06-15 07:00:00,,,99.445,20130600,20130900,20130300
2012-06-15 10:00:00,99.415,,,20130600,20130900,20130300
2012-06-15 13:00:00,99.45,,,20130600,20130900,20130300
2012-06-18 05:00:00,99.48,,99.495,20130600,20130900,20130300
2012-06-19 05:00:00,99.425,,99.45,20130600,20130900,20130300
2012-06-19 13:00:00,99.455,,99.47,20130600,20130900,20130300
2012-06-19 14:00:00,99.435,,99.46,20130600,20130900,20130300
2012-06-19 21:00:00,99.435,,99.46,20130600,20130900,20130300
2012-06-20 05:00:00,99.415,,99.445,20130600,20130900,20130300
2012-06-20 06:00:00,99.435,,,20130600,20130900,20130300
2012-06-20 14:00:00,,,99.46,20130600,20130900,20130300
2012-06-20 15:00:00,99.415,,99.46,20130600,20130900,20130300
2012-06-20 21:00:00,99.415,,99.46,20130600,20130900,20130300
2012-06-21 05:00:00,99.47,,99.495,20130600,20130900,20130300
2012-06-21 08:00:00,99.435,,,20130600,20130900,20130300
2012-06-21 10:00:00,,,99.46,20130600,20130900,20130300
2012-06-22 05:00:00,99.475,,99.5,20130600,20130900,20130300
2012-06-22 06:00:00,,,99.46,20130600,20130900,20130300
2012-06-22 09:00:00,99.435,,,20130600,20130900,20130300
2012-06-25 05:00:00,99.5,,99.52,20130600,20130900,20130300
2012-06-25 15:00:00,99.5,,99.52,20130600,20130900,20130300
2012-06-25 16:00:00,99.5,,,20130600,20130900,20130300
2012-06-26 05:00:00,99.465,,99.49,20130600,20130900,20130300
2012-06-26 09:00:00,99.5,,,20130600,20130900,20130300
2012-06-26 11:00:00,,,99.52,20130600,20130900,20130300
2012-06-27 05:00:00,99.465,,99.495,20130600,20130900,20130300
2012-06-27 06:00:00,,,99.52,20130600,20130900,20130300
2012-06-28 05:00:00,99.475,,99.5,20130600,20130900,20130300
2012-06-29 05:00:00,99.475,,99.505,20130600,20130900,20130300
2012-07-02 05:00:00,99.5,,99.52,20130600,20130900,20130300
2012-07-02 11:00:00,,,99.51,20130600,20130900,20130300
2012-07-02 12:00:00,,,99.52,20130600,20130900,20130300
2012-07-03 05:00:00,99.51,,99.525,20130600,20130900,20130300
2012-07-03 07:00:00,99.495,,,20130600,20130900,20130300
2012-07-03 12:00:00,99.51,,99.53,20130600,20130900,20130300
2012-07-04 05:00:00,99.525,,99.54,20130600,20130900,20130300
2012-07-04 06:00:00,99.51,,,20130600,20130900,20130300
2012-07-05 05:00:00,99.57,,99.58,20130600,20130900,20130300
2012-07-05 09:00:00,99.525,,99.54,20130600,20130900,20130300
2012-07-05 14:00:00,99.58,,,20130600,20130900,20130300
2012-07-05 21:00:00,99.58,,99.54,20130600,20130900,20130300
2012-07-06 05:00:00,99.585,,99.59,20130600,20130900,20130300
2012-07-06 16:00:00,99.58,,,20130600,20130900,20130300
2012-07-09 05:00:00,99.54,,99.55,20130600,20130900,20130300
2012-07-10 05:00:00,99.555,,99.565,20130600,20130900,20130300
2012-07-11 05:00:00,99.575,,99.59,20130600,20130900,20130300
2012-07-12 05:00:00,99.61,,99.625,20130600,20130900,20130300
2012-07-12 10:00:00,99.6,,99.615,20130600,20130900,20130300
2012-07-13 05:00:00,99.615,,99.635,20130600,20130900,20130300
2012-07-13 08:00:00,99.6,,,20130600,20130900,20130300
2012-07-13 12:00:00,99.615,,,20130600,20130900,20130300
2012-07-13 13:00:00,,,99.64,20130600,20130900,20130300
2012-07-16 05:00:00,99.62,,99.635,20130600,20130900,20130300
2012-07-17 05:00:00,99.625,,99.64,20130600,20130900,20130300
2012-07-18 05:00:00,99.64,,99.655,20130600,20130900,20130300
2012-07-18 09:00:00,,,99.625,20130600,20130900,20130300
2012-07-18 14:00:00,99.635,,,20130600,20130900,20130300
2012-07-18 15:00:00,99.64,,,20130600,20130900,20130300
2012-07-19 05:00:00,99.64,,99.655,20130600,20130900,20130300
2012-07-19 06:00:00,,,99.625,20130600,20130900,20130300
2012-07-19 11:00:00,99.63,,,20130600,20130900,20130300
2012-07-19 21:00:00,99.63,,99.625,20130600,20130900,20130300
2012-07-20 03:00:00,99.63,,99.625,20130600,20130900,20130300
2012-07-20 05:00:00,99.675,,99.69,20130600,20130900,20130300
2012-07-20 06:00:00,,,99.625,20130600,20130900,20130300
2012-07-20 14:00:00,99.66,,,20130600,20130900,20130300
2012-07-20 16:00:00,99.675,,,20130600,20130900,20130300
2012-07-23 05:00:00,99.66,,99.675,20130600,20130900,20130300
2012-07-24 05:00:00,99.645,,99.66,20130600,20130900,20130300
2012-07-25 05:00:00,99.625,,99.645,20130600,20130900,20130300
2012-07-25 09:00:00,,,99.645,20130600,20130900,20130300
2012-07-25 12:00:00,99.63,,,20130600,20130900,20130300
2012-07-25 13:00:00,,,99.645,20130600,20130900,20130300
2012-07-26 05:00:00,99.62,,99.645,20130600,20130900,20130300
2012-07-27 05:00:00,99.63,,99.66,20130600,20130900,20130300
2012-07-30 05:00:00,99.725,,99.74,20130600,20130900,20130300
2012-07-30 06:00:00,,,99.725,20130600,20130900,20130300
2012-07-30 09:00:00,,,99.73,20130600,20130900,20130300
2012-07-30 10:00:00,99.71,,,20130600,20130900,20130300
2012-07-30 13:00:00,,,99.73,20130600,20130900,20130300
2012-07-30 14:00:00,,,99.73,20130600,20130900,20130300
2012-07-31 05:00:00,99.71,,99.73,20130600,20130900,20130300
2012-07-31 06:00:00,99.71,,,20130600,20130900,20130300
2012-07-31 21:00:00,99.71,,99.73,20130600,20130900,20130300
2012-08-01 05:00:00,99.685,,99.71,20130600,20130900,20130300
2012-08-02 05:00:00,99.7,,99.71,20130600,20130900,20130300
2012-08-02 10:00:00,99.72,,,20130600,20130900,20130300
2012-08-02 14:00:00,,,99.71,20130600,20130900,20130300
2012-08-03 05:00:00,99.665,,99.68,20130600,20130900,20130300
2012-08-03 06:00:00,99.72,,99.71,20130600,20130900,20130300
2012-08-06 05:00:00,99.7,,99.715,20130600,20130900,20130300
2012-08-07 05:00:00,99.675,,99.7,20130600,20130900,20130300
2012-08-07 14:00:00,99.68,,99.71,20130600,20130900,20130300
2012-08-08 05:00:00,99.7,,99.72,20130600,20130900,20130300
2012-08-09 05:00:00,99.725,,99.745,20130600,20130900,20130300
2012-08-10 05:00:00,99.75,,99.76,20130600,20130900,20130300
2012-08-10 09:00:00,99.745,,,20130600,20130900,20130300
2012-08-13 05:00:00,99.725,,99.735,20130600,20130900,20130300
2012-08-14 05:00:00,99.715,,99.735,20130600,20130900,20130300
2012-08-15 05:00:00,99.71,,99.73,20130600,20130900,20130300
2012-08-16 05:00:00,99.73,,99.74,20130600,20130900,20130300
2012-08-17 05:00:00,99.76,,99.765,20130600,20130900,20130300
2012-08-20 05:00:00,99.78,,99.78,20130600,20130900,20130300
2012-08-20 07:00:00,,,99.765,20130600,20130900,20130300
2012-08-20 09:00:00,99.77,,,20130600,20130900,20130300
2012-08-20 21:00:00,99.77,,99.765,20130600,20130900,20130300
2012-08-21 05:00:00,99.74,,99.755,20130600,20130900,20130300
2012-08-21 06:00:00,,,99.765,20130600,20130900,20130300
2012-08-21 12:00:00,99.755,,,20130600,20130900,20130300
2012-08-22 05:00:00,99.75,,99.765,20130600,20130900,20130300
2012-08-22 12:00:00,99.755,,,20130600,20130900,20130300
2012-08-23 05:00:00,99.775,,99.785,20130600,20130900,20130300
2012-08-24 05:00:00,99.775,,99.785,20130600,20130900,20130300
2012-08-24 12:00:00,,,99.785,20130600,20130900,20130300
2012-08-27 05:00:00,99.75,99.725,99.77,20130600,20130900,20130300
2012-08-28 05:00:00,99.725,,99.745,20130900,20131200,20130600
2012-08-29 05:00:00,99.73,,99.745,20130900,20131200,20130600
2012-08-29 13:00:00,99.735,,99.75,20130900,20131200,20130600
2012-08-30 05:00:00,99.76,,99.775,20130900,20131200,20130600
2012-08-30 07:00:00,,,99.755,20130900,20131200,20130600
2012-08-30 21:00:00,99.735,,99.755,20130900,20131200,20130600
2012-08-31 05:00:00,99.755,,99.765,20130900,20131200,20130600
2012-08-31 06:00:00,,,99.755,20130900,20131200,20130600
2012-08-31 13:00:00,99.74,,,20130900,20131200,20130600
2012-09-03 05:00:00,99.745,,99.76,20130900,20131200,20130600
2012-09-04 05:00:00,99.75,,99.765,20130900,20131200,20130600
2012-09-05 05:00:00,99.755,,99.775,20130900,20131200,20130600
2012-09-06 05:00:00,99.72,,99.745,20130900,20131200,20130600
2012-09-07 05:00:00,99.725,,99.745,20130900,20131200,20130600
2012-09-10 05:00:00,99.735,,99.755,20130900,20131200,20130600
2012-09-11 05:00:00,99.73,,99.755,20130900,20131200,20130600
2012-09-12 05:00:00,99.685,,99.715,20130900,20131200,20130600
2012-09-13 05:00:00,99.705,,99.735,20130900,20131200,20130600
2012-09-14 05:00:00,99.68,,99.715,20130900,20131200,20130600
2012-09-17 05:00:00,99.69,,99.725,20130900,20131200,20130600
2012-09-18 05:00:00,99.715,,99.745,20130900,20131200,20130600
2012-09-19 05:00:00,99.74,,99.77,20130900,20131200,20130600
2012-09-19 15:00:00,99.745,,99.76,20130900,20131200,20130600
2012-09-20 05:00:00,99.78,,99.805,20130900,20131200,20130600
2012-09-20 08:00:00,99.76,,,20130900,20131200,20130600
2012-09-20 14:00:00,99.78,,99.805,20130900,20131200,20130600
2012-09-20 15:00:00,,,99.81,20130900,20131200,20130600
2012-09-21 05:00:00,99.795,,99.815,20130900,20131200,20130600
2012-09-21 11:00:00,,,99.815,20130900,20131200,20130600
2012-09-21 14:00:00,,,99.815,20130900,20131200,20130600
2012-09-24 05:00:00,99.78,,99.805,20130900,20131200,20130600
2012-09-24 08:00:00,,,99.825,20130900,20131200,20130600
2012-09-25 05:00:00,99.725,,99.76,20130900,20131200,20130600
2012-09-26 05:00:00,99.725,,99.755,20130900,20131200,20130600
2012-09-27 05:00:00,99.75,,99.78,20130900,20131200,20130600
2012-09-27 09:00:00,,,99.755,20130900,20131200,20130600
2012-09-28 05:00:00,99.76,,99.785,20130900,20131200,20130600
2012-10-01 05:00:00,99.72,,99.75,20130900,20131200,20130600
2012-10-01 12:00:00,,,99.76,20130900,20131200,20130600
2012-10-01 15:00:00,,,99.75,20130900,20131200,20130600
2012-10-02 05:00:00,99.73,,99.76,20130900,20131200,20130600
2012-10-03 05:00:00,99.75,,99.78,20130900,20131200,20130600
2012-10-03 09:00:00,,,99.77,20130900,20131200,20130600
2012-10-04 05:00:00,99.735,,99.765,20130900,20131200,20130600
2012-10-05 05:00:00,99.73,,99.765,20130900,20131200,20130600
2012-10-05 08:00:00,,,99.78,20130900,20131200,20130600
2012-10-08 05:00:00,99.76,,99.785,20130900,20131200,20130600
2012-10-08 16:00:00,,,99.785,20130900,20131200,20130600
2012-10-09 05:00:00,99.76,,99.79,20130900,20131200,20130600
2012-10-09 14:00:00,,,99.785,20130900,20131200,20130600
2012-10-09 15:00:00,,,99.785,20130900,20131200,20130600
2012-10-10 05:00:00,99.75,,99.785,20130900,20131200,20130600
2012-10-10 14:00:00,,,99.785,20130900,20131200,20130600
2012-10-11 05:00:00,99.74,,99.77,20130900,20131200,20130600
2012-10-11 07:00:00,99.755,,,20130900,20131200,20130600
2012-10-12 05:00:00,99.73,,99.765,20130900,20131200,20130600
2012-10-15 05:00:00,99.72,,99.755,20130900,20131200,20130600
2012-10-15 12:00:00,,,99.76,20130900,20131200,20130600
2012-10-16 05:00:00,99.695,,99.735,20130900,20131200,20130600
2012-10-16 15:00:00,,,99.735,20130900,20131200,20130600
2012-10-17 05:00:00,99.69,,99.73,20130900,20131200,20130600
2012-10-17 09:00:00,,,99.735,20130900,20131200,20130600
2012-10-18 05:00:00,99.69,,99.735,20130900,20131200,20130600
2012-10-18 07:00:00,99.695,,99.73,20130900,20131200,20130600
2012-10-18 09:00:00,,,99.735,20130900,20131200,20130600
2012-10-19 05:00:00,99.69,,99.735,20130900,20131200,20130600
2012-10-22 05:00:00,99.67,,99.715,20130900,20131200,20130600
2012-10-23 05:00:00,99.685,,99.73,20130900,20131200,20130600
2012-10-24 05:00:00,99.705,,99.745,20130900,20131200,20130600
2012-10-25 05:00:00,99.705,,99.745,20130900,20131200,20130600
2012-10-25 11:00:00,,,99.735,20130900,20131200,20130600
2012-10-26 05:00:00,99.725,,99.76,20130900,20131200,20130600
2012-10-29 05:00:00,99.74,,99.77,20130900,20131200,20130600
2012-10-29 16:00:00,99.74,,,20130900,20131200,20130600
2012-10-29 17:00:00,,,99.77,20130900,20131200,20130600
2012-10-30 05:00:00,99.735,,99.765,20130900,20131200,20130600
2012-10-30 12:00:00,,,99.765,20130900,20131200,20130600
2012-10-31 05:00:00,99.73,,99.76,20130900,20131200,20130600
2012-11-01 05:00:00,99.74,,99.765,20130900,20131200,20130600
2012-11-02 05:00:00,99.755,,99.78,20130900,20131200,20130600
2012-11-05 06:00:00,99.77,,99.795,20130900,20131200,20130600
2012-11-05 16:00:00,99.77,,,20130900,20131200,20130600
2012-11-06 06:00:00,99.77,,99.795,20130900,20131200,20130600
2012-11-07 06:00:00,99.805,,99.825,20130900,20131200,20130600
2012-11-08 06:00:00,99.805,,99.82,20130900,20131200,20130600
2012-11-08 09:00:00,,,99.82,20130900,20131200,20130600
2012-11-08 13:00:00,99.805,,99.82,20130900,20131200,20130600
2012-11-08 15:00:00,99.8,,99.815,20130900,20131200,20130600
2012-11-09 06:00:00,99.815,,99.83,20130900,20131200,20130600
2012-11-09 12:00:00,99.815,,,20130900,20131200,20130600
2012-11-09 13:00:00,,,99.835,20130900,20131200,20130600
2012-11-09 14:00:00,,,99.83,20130900,20131200,20130600
2012-11-09 16:00:00,99.81,,,20130900,20131200,20130600
2012-11-12 06:00:00,99.815,,99.835,20130900,20131200,20130600
2012-11-13 06:00:00,99.82,,99.835,20130900,20131200,20130600
2012-11-14 06:00:00,99.815,,99.835,20130900,20131200,20130600
2012-11-15 06:00:00,99.82,,99.835,20130900,20131200,20130600
2012-11-15 16:00:00,,,99.84,20130900,20131200,20130600
2012-11-16 06:00:00,99.815,,99.83,20130900,20131200,20130600
2012-11-16 07:00:00,99.825,,,20130900,20131200,20130600
2012-11-16 13:00:00,,,99.825,20130900,20131200,20130600
2012-11-19 06:00:00,99.815,,99.83,20130900,20131200,20130600
2012-11-20 06:00:00,99.795,,99.815,20130900,20131200,20130600
2012-11-20 14:00:00,99.81,,99.825,20130900,20131200,20130600
2012-11-21 06:00:00,99.785,,99.81,20130900,20131200,20130600
2012-11-22 06:00:00,99.785,,99.805,20130900,20131200,20130600
2012-11-23 06:00:00,99.775,,99.8,20130900,20131200,20130600
2012-11-26 06:00:00,99.78,99.74,99.8,20130900,20131200,20130600
2012-11-27 06:00:00,99.735,,99.775,20131200,20140300,20130900
2012-11-28 06:00:00,99.765,,99.805,20131200,20140300,20130900
2012-11-28 11:00:00,,,99.8,20131200,20140300,20130900
2012-11-28 15:00:00,99.765,,,20131200,20140300,20130900
2012-11-29 06:00:00,99.75,,99.785,20131200,20140300,20130900
2012-11-29 11:00:00,99.75,,99.785,20131200,20140300,20130900
2012-11-30 06:00:00,99.75,,99.785,20131200,20140300,20130900
2012-11-30 08:00:00,99.75,,,20131200,20140300,20130900
2012-12-03 06:00:00,99.735,,99.775,20131200,20140300,20130900
2012-12-04 06:00:00,99.76,,99.795,20131200,20140300,20130900
2012-12-05 06:00:00,99.785,,99.82,20131200,20140300,20130900
2012-12-05 07:00:00,99.755,,,20131200,20140300,20130900
2012-12-06 06:00:00,99.85,,99.87,20131200,20140300,20130900
2012-12-06 14:00:00,99.82,,,20131200,20140300,20130900
2012-12-06 16:00:00,,,99.87,20131200,20140300,20130900
2012-12-07 06:00:00,99.87,,99.895,20131200,20140300,20130900
2012-12-07 13:00:00,99.88,,,20131200,20140300,20130900
2012-12-07 17:00:00,,,99.885,20131200,20140300,20130900
2012-12-10 06:00:00,99.855,,99.88,20131200,20140300,20130900
2012-12-10 08:00:00,99.87,,,20131200,20140300,20130900
2012-12-10 17:00:00,,,99.88,20131200,20140300,20130900
2012-12-11 06:00:00,99.84,,99.87,20131200,20140300,20130900
2012-12-11 12:00:00,,,99.87,20131200,20140300,20130900
2012-12-12 06:00:00,99.825,,99.855,20131200,20140300,20130900
2012-12-12 08:00:00,99.815,,99.85,20131200,20140300,20130900
2012-12-12 14:00:00,99.82,,,20131200,20140300,20130900
2012-12-12 16:00:00,,,99.855,20131200,20140300,20130900
2012-12-13 06:00:00,99.82,,99.85,20131200,20140300,20130900
2012-12-13 08:00:00,,,99.855,20131200,20140300,20130900
2012-12-14 06:00:00,99.81,,99.845,20131200,20140300,20130900
2012-12-17 06:00:00,99.79,,99.825,20131200,20140300,20130900
2012-12-17 09:00:00,,,99.84,20131200,20140300,20130900
2012-12-18 06:00:00,99.795,,99.83,20131200,20140300,20130900
2012-12-19 06:00:00,99.78,,99.82,20131200,20140300,20130900
2012-12-20 06:00:00,99.775,,99.815,20131200,20140300,20130900
2012-12-21 06:00:00,99.775,,99.82,20131200,20140300,20130900
2012-12-27 06:00:00,99.75,,99.785,20131200,20140300,20130900
2012-12-28 06:00:00,99.775,,99.805,20131200,20140300,20130900
2012-12-28 11:00:00,99.765,,,20131200,20140300,20130900
2012-12-28 15:00:00,,,99.8,20131200,20140300,20130900
2013-01-02 06:00:00,99.75,,99.79,20131200,20140300,20130900
2013-01-03 06:00:00,99.74,,99.78,20131200,20140300,20130900
2013-01-03 08:00:00,,,99.79,20131200,20140300,20130900
2013-01-03 09:00:00,99.74,,,20131200,20140300,20130900
2013-01-03 11:00:00,99.75,,,20131200,20140300,20130900
2013-01-03 14:00:00,,,99.79,20131200,20140300,20130900
2013-01-04 06:00:00,99.7,,99.74,20131200,20140300,20130900
2013-01-04 11:00:00,99.69,,,20131200,20140300,20130900
2013-01-04 15:00:00,99.705,,,20131200,20140300,20130900
2013-01-07 06:00:00,99.715,,99.755,20131200,20140300,20130900
2013-01-08 06:00:00,99.735,,99.77,20131200,20140300,20130900
2013-01-08 15:00:00,99.735,,99.775,20131200,20140300,20130900
2013-01-09 06:00:00,99.755,,99.79,20131200,20140300,20130900
2013-01-09 08:00:00,99.735,,,20131200,20140300,20130900
2013-01-09 10:00:00,,,99.78,20131200,20140300,20130900
2013-01-09 11:00:00,99.75,,,20131200,20140300,20130900
2013-01-09 15:00:00,99.755,,,20131200,20140300,20130900
2013-01-10 06:00:00,99.69,,99.73,20131200,20140300,20130900
2013-01-10 09:00:00,,,99.785,20131200,20140300,20130900
2013-01-10 13:00:00,,,99.775,20131200,20140300,20130900
2013-01-10 15:00:00,,,99.73,20131200,20140300,20130900
2013-01-11 06:00:00,99.63,,99.68,20131200,20140300,20130900
2013-01-11 07:00:00,,,99.695,20131200,20140300,20130900
2013-01-14 06:00:00,99.625,,99.665,20131200,20140300,20130900
2013-01-14 09:00:00,99.625,,,20131200,20140300,20130900
2013-01-14 10:00:00,,,99.67,20131200,20140300,20130900
2013-01-15 06:00:00,99.63,,99.675,20131200,20140300,20130900
2013-01-15 14:00:00,99.635,,99.675,20131200,20140300,20130900
2013-01-15 15:00:00,99.625,,99.675,20131200,20140300,20130900
2013-01-16 06:00:00,99.645,,99.69,20131200,20140300,20130900
2013-01-16 11:00:00,99.65,,99.695,20131200,20140300,20130900
2013-01-16 16:00:00,,,99.69,20131200,20140300,20130900
2013-01-17 06:00:00,99.545,,99.605,20131200,20140300,20130900
2013-01-17 11:00:00,,,99.625,20131200,20140300,20130900
2013-01-17 13:00:00,,,99.615,20131200,20140300,20130900
2013-01-17 17:00:00,,,99.585,20131200,20140300,20130900
2013-01-18 06:00:00,99.56,,99.615,20131200,20140300,20130900
2013-01-18 14:00:00,99.54,,99.6,20131200,20140300,20130900
2013-01-18 16:00:00,,,99.62,20131200,20140300,20130900
2013-01-21 06:00:00,99.56,,99.62,20131200,20140300,20130900
2013-01-21 14:00:00,99.56,,,20131200,20140300,20130900
2013-01-22 06:00:00,99.585,,99.64,20131200,20140300,20130900
2013-01-22 14:00:00,,,99.635,20131200,20140300,20130900
2013-01-23 06:00:00,99.6,,99.65,20131200,20140300,20130900
2013-01-23 16:00:00,,,99.65,20131200,20140300,20130900
2013-01-24 06:00:00,99.575,,99.625,20131200,20140300,20130900
2013-01-25 06:00:00,99.46,,99.52,20131200,20140300,20130900
2013-01-25 09:00:00,99.595,,,20131200,20140300,20130900
2013-01-25 12:00:00,,,99.54,20131200,20140300,20130900
2013-01-25 13:00:00,99.445,,99.51,20131200,20140300,20130900
2013-01-25 14:00:00,,,99.51,20131200,20140300,20130900
2013-01-25 15:00:00,,,99.52,20131200,20140300,20130900
2013-01-25 16:00:00,,,99.525,20131200,20140300,20130900
2013-01-28 06:00:00,99.425,,99.505,20131200,20140300,20130900
2013-01-28 10:00:00,99.445,,99.51,20131200,20140300,20130900
2013-01-28 12:00:00,,,99.515,20131200,20140300,20130900
2013-01-28 13:00:00,99.41,,,20131200,20140300,20130900
2013-01-29 06:00:00,99.465,,99.54,20131200,20140300,20130900
2013-01-29 08:00:00,99.45,,,20131200,20140300,20130900
2013-01-29 13:00:00,99.47,,,20131200,20140300,20130900
2013-01-30 06:00:00,99.425,,99.515,20131200,20140300,20130900
2013-01-30 11:00:00,99.43,,,20131200,20140300,20130900
2013-01-31 06:00:00,99.445,,99.53,20131200,20140300,20130900
2013-01-31 08:00:00,99.46,,,20131200,20140300,20130900
2013-01-31 09:00:00,99.45,,,20131200,20140300,20130900
2013-01-31 16:00:00,99.445,,,20131200,20140300,20130900
2013-02-01 06:00:00,99.465,,99.545,20131200,20140300,20130900
2013-02-04 06:00:00,99.52,,99.59,20131200,20140300,20130900
2013-02-05 06:00:00,99.49,,99.565,20131200,20140300,20130900
2013-02-05 16:00:00,,,99.57,20131200,20140300,20130900
2013-02-06 06:00:00,99.515,,99.59,20131200,20140300,20130900
2013-02-07 06:00:00,99.56,,99.625,20131200,20140300,20130900
2013-02-07 12:00:00,99.5,,,20131200,20140300,20130900
2013-02-07 15:00:00,99.57,,,20131200,20140300,20130900
2013-02-08 06:00:00,99.575,,99.64,20131200,20140300,20130900
2013-02-08 08:00:00,99.575,,,20131200,20140300,20130900
2013-02-11 06:00:00,99.565,,99.63,20131200,20140300,20130900
2013-02-12 06:00:00,99.56,,99.63,20131200,20140300,20130900
2013-02-12 09:00:00,,,99.635,20131200,20140300,20130900
2013-02-12 11:00:00,99.57,,,20131200,20140300,20130900
2013-02-13 06:00:00,99.555,,99.63,20131200,20140300,20130900
2013-02-13 10:00:00,99.55,,,20131200,20140300,20130900
2013-02-14 06:00:00,99.6,,99.67,20131200,20140300,20130900
2013-02-14 07:00:00,,,99.65,20131200,20140300,20130900
2013-02-14 11:00:00,,,99.665,20131200,20140300,20130900
2013-02-14 14:00:00,,,99.67,20131200,20140300,20130900
2013-02-15 06:00:00,99.605,,99.67,20131200,20140300,20130900
2013-02-15 10:00:00,99.61,,,20131200,20140300,20130900
2013-02-15 15:00:00,99.605,,,20131200,20140300,20130900
2013-02-18 06:00:00,99.61,,99.67,20131200,20140300,20130900
2013-02-18 09:00:00,99.615,,,20131200,20140300,20130900
2013-02-19 06:00:00,99.605,,99.665,20131200,20140300,20130900
2013-02-19 12:00:00,99.615,,99.67,20131200,20140300,20130900
2013-02-20 06:00:00,99.585,,99.65,20131200,20140300,20130900
2013-02-20 11:00:00,,,99.655,20131200,20140300,20130900
2013-02-20 12:00:00,99.585,,,20131200,20140300,20130900
2013-02-20 15:00:00,,,99.655,20131200,20140300,20130900
2013-02-21 06:00:00,99.615,,99.675,20131200,20140300,20130900
2013-02-22 06:00:00,99.675,,99.73,20131200,20140300,20130900
2013-02-22 16:00:00,99.675,,99.73,20131200,20140300,20130900
2013-02-25 06:00:00,99.67,99.61,99.725,20131200,20140300,20130900
2013-02-25 13:00:00,99.6,,99.66,20140300,20140600,20131200
2013-02-25 16:00:00,99.61,,,20140300,20140600,20131200
2013-02-26 06:00:00,99.645,,99.695,20140300,20140600,20131200
2013-02-26 07:00:00,99.66,,,20140300,20140600,20131200
2013-02-26 10:00:00,,,99.7,20140300,20140600,20131200
2013-02-26 16:00:00,99.645,,,20140300,20140600,20131200
2013-02-27 06:00:00,99.655,,99.705,20140300,20140600,20131200
2013-02-27 10:00:00,,,99.7,20140300,20140600,20131200
2013-02-27 13:00:00,99.665,,,20140300,20140600,20131200
2013-02-27 15:00:00,99.665,,,20140300,20140600,20131200
2013-02-28 06:00:00,99.69,,99.74,20140300,20140600,20131200
2013-03-01 06:00:00,99.7,,99.745,20140300,20140600,20131200
2013-03-01 13:00:00,,,99.76,20140300,20140600,20131200
2013-03-04 06:00:00,99.7,,99.745,20140300,20140600,20131200
2013-03-05 06:00:00,99.67,,99.72,20140300,20140600,20131200
2013-03-05 07:00:00,99.69,,,20140300,20140600,20131200
2013-03-06 06:00:00,99.695,,99.745,20140300,20140600,20131200
2013-03-06 13:00:00,,,99.735,20140300,20140600,20131200
2013-03-06 16:00:00,,,99.75,20140300,20140600,20131200
2013-03-07 06:00:00,99.655,,99.705,20140300,20140600,20131200
2013-03-07 11:00:00,,,99.755,20140300,20140600,20131200
2013-03-07 13:00:00,,,99.74,20140300,20140600,20131200
2013-03-08 06:00:00,99.66,,99.715,20140300,20140600,20131200
2013-03-08 12:00:00,,,99.705,20140300,20140600,20131200
2013-03-08 14:00:00,,,99.705,20140300,20140600,20131200
2013-03-11 05:00:00,99.675,,99.725,20140300,20140600,20131200
2013-03-11 09:00:00,99.665,,99.715,20140300,20140600,20131200
2013-03-12 05:00:00,99.68,,99.73,20140300,20140600,20131200
2013-03-12 13:00:00,,,99.73,20140300,20140600,20131200
2013-03-12 14:00:00,,,99.735,20140300,20140600,20131200
2013-03-13 05:00:00,99.69,,99.735,20140300,20140600,20131200
2013-03-13 12:00:00,,,99.74,20140300,20140600,20131200
2013-03-14 05:00:00,99.685,,99.725,20140300,20140600,20131200
2013-03-14 14:00:00,,,99.73,20140300,20140600,20131200
2013-03-15 05:00:00,99.705,,99.745,20140300,20140600,20131200
2013-03-18 05:00:00,99.715,,99.745,20140300,20140600,20131200
2013-03-18 11:00:00,99.715,,,20140300,20140600,20131200
2013-03-18 16:00:00,99.715,,,20140300,20140600,20131200
2013-03-19 05:00:00,99.655,,99.675,20140300,20140600,20131200
2013-03-19 13:00:00,99.675,,,20140300,20140600,20131200
2013-03-20 05:00:00,99.63,,99.66,20140300,20140600,20131200
2013-03-20 10:00:00,99.645,,,20140300,20140600,20131200
2013-03-20 13:00:00,,,99.68,20140300,20140600,20131200
2013-03-20 14:00:00,,,99.675,20140300,20140600,20131200
2013-03-20 15:00:00,99.64,,,20140300,20140600,20131200
2013-03-21 05:00:00,99.645,,99.67,20140300,20140600,20131200
2013-03-21 08:00:00,99.66,,,20140300,20140600,20131200
2013-03-21 09:00:00,,,99.685,20140300,20140600,20131200
2013-03-21 13:00:00,99.65,,,20140300,20140600,20131200
2013-03-21 15:00:00,99.64,,,20140300,20140600,20131200
2013-03-22 05:00:00,99.645,,99.665,20140300,20140600,20131200
2013-03-22 08:00:00,99.63,,,20140300,20140600,20131200
2013-03-22 17:00:00,99.64,,,20140300,20140600,20131200
2013-03-25 05:00:00,99.66,,99.68,20140300,20140600,20131200
2013-03-25 14:00:00,99.675,,,20140300,20140600,20131200
2013-03-26 05:00:00,99.665,,99.69,20140300,20140600,20131200
2013-03-26 15:00:00,99.665,,,20140300,20140600,20131200
2013-03-26 17:00:00,99.665,,,20140300,20140600,20131200
2013-03-27 05:00:00,99.65,,99.675,20140300,20140600,20131200
2013-03-27 08:00:00,,,99.705,20140300,20140600,20131200
2013-03-28 05:00:00,99.645,,99.67,20140300,20140600,20131200
2013-03-28 09:00:00,99.645,,,20140300,20140600,20131200
2013-03-28 15:00:00,,,99.675,20140300,20140600,20131200
2013-04-02 05:00:00,99.695,,99.72,20140300,20140600,20131200
2013-04-02 12:00:00,99.68,,,20140300,20140600,20131200
2013-04-03 05:00:00,99.695,,99.725,20140300,20140600,20131200
2013-04-03 16:00:00,,,99.71,20140300,20140600,20131200
2013-04-04 05:00:00,99.73,,99.755,20140300,20140600,20131200
2013-04-04 10:00:00,99.695,,,20140300,20140600,20131200
2013-04-04 11:00:00,99.69,,,20140300,20140600,20131200
2013-04-04 15:00:00,99.725,,,20140300,20140600,20131200
2013-04-05 05:00:00,99.715,,99.74,20140300,20140600,20131200
2013-04-08 05:00:00,99.7,,99.73,20140300,20140600,20131200
2013-04-08 16:00:00,99.705,,,20140300,20140600,20131200
2013-04-09 05:00:00,99.685,,99.715,20140300,20140600,20131200
2013-04-09 07:00:00,,,99.73,20140300,20140600,20131200
2013-04-10 05:00:00,99.685,,99.715,20140300,20140600,20131200
2013-04-11 05:00:00,99.69,,99.72,20140300,20140600,20131200
2013-04-11 15:00:00,,,99.715,20140300,20140600,20131200
2013-04-12 05:00:00,99.71,,99.735,20140300,20140600,20131200
2013-04-15 05:00:00,99.735,,99.755,20140300,20140600,20131200
2013-04-15 15:00:00,,,99.755,20140300,20140600,20131200
2013-04-16 05:00:00,99.725,,99.75,20140300,20140600,20131200
2013-04-16 07:00:00,,,99.765,20140300,20140600,20131200
2013-04-16 16:00:00,,,99.745,20140300,20140600,20131200
2013-04-17 05:00:00,99.75,,99.77,20140300,20140600,20131200
2013-04-18 05:00:00,99.745,,99.77,20140300,20140600,20131200
2013-04-18 11:00:00,,,99.78,20140300,20140600,20131200
2013-04-18 13:00:00,,,99.77,20140300,20140600,20131200
2013-04-19 05:00:00,99.735,,99.76,20140300,20140600,20131200
2013-04-19 09:00:00,99.745,,,20140300,20140600,20131200
2013-04-19 15:00:00,,,99.755,20140300,20140600,20131200
2013-04-22 05:00:00,99.755,,99.78,20140300,20140600,20131200
2013-04-22 13:00:00,,,99.775,20140300,20140600,20131200
2013-04-23 05:00:00,99.755,,99.78,20140300,20140600,20131200
2013-04-24 05:00:00,99.765,,99.79,20140300,20140600,20131200
2013-04-24 06:00:00,,,99.785,20140300,20140600,20131200
2013-04-24 10:00:00,99.75,,,20140300,20140600,20131200
2013-04-24 12:00:00,,,99.795,20140300,20140600,20131200
2013-04-24 16:00:00,,,99.785,20140300,20140600,20131200
2013-04-25 05:00:00,99.76,,99.785,20140300,20140600,20131200
2013-04-26 05:00:00,99.765,,99.79,20140300,20140600,20131200
2013-04-26 10:00:00,99.76,,,20140300,20140600,20131200
2013-04-29 05:00:00,99.775,,99.795,20140300,20140600,20131200
2013-04-30 05:00:00,99.765,,99.79,20140300,20140600,20131200
2013-05-02 05:00:00,99.815,,99.83,20140300,20140600,20131200
2013-05-03 05:00:00,99.78,,99.805,20140300,20140600,20131200
2013-05-03 16:00:00,99.78,,,20140300,20140600,20131200
2013-05-06 05:00:00,99.79,,99.815,20140300,20140600,20131200
2013-05-06 07:00:00,,,99.8,20140300,20140600,20131200
2013-05-07 05:00:00,99.755,,99.785,20140300,20140600,20131200
2013-05-07 09:00:00,99.765,,,20140300,20140600,20131200
2013-05-07 14:00:00,,,99.79,20140300,20140600,20131200
2013-05-08 05:00:00,99.775,,99.8,20140300,20140600,20131200
2013-05-09 05:00:00,99.79,,99.81,20140300,20140600,20131200
2013-05-10 05:00:00,99.75,,99.775,20140300,20140600,20131200
2013-05-10 15:00:00,99.745,,,20140300,20140600,20131200
2013-05-13 05:00:00,99.77,,99.79,20140300,20140600,20131200
2013-05-13 07:00:00,,,99.77,20140300,20140600,20131200
2013-05-14 05:00:00,99.755,,99.78,20140300,20140600,20131200
2013-05-15 05:00:00,99.77,,99.795,20140300,20140600,20131200
2013-05-15 08:00:00,,,99.79,20140300,20140600,20131200
2013-05-15 09:00:00,99.77,,,20140300,20140600,20131200
2013-05-15 13:00:00,99.78,,99.8,20140300,20140600,20131200
2013-05-15 14:00:00,99.775,,,20140300,20140600,20131200
2013-05-15 15:00:00,99.775,,99.805,20140300,20140600,20131200
2013-05-15 16:00:00,99.77,,,20140300,20140600,20131200
2013-05-16 05:00:00,99.8,,99.82,20140300,20140600,20131200
2013-05-16 07:00:00,,,99.805,20140300,20140600,20131200
2013-05-16 08:00:00,99.79,,,20140300,20140600,20131200
2013-05-16 12:00:00,,,99.82,20140300,20140600,20131200
2013-05-16 13:00:00,,,99.82,20140300,20140600,20131200
2013-05-17 05:00:00,99.815,,99.83,20140300,20140600,20131200
2013-05-17 15:00:00,,,99.83,20140300,20140600,20131200
2013-05-20 05:00:00,99.785,,99.805,20140300,20140600,20131200
2013-05-21 05:00:00,99.77,,99.8,20140300,20140600,20131200
2013-05-21 06:00:00,,,99.805,20140300,20140600,20131200
2013-05-21 14:00:00,99.77,,,20140300,20140600,20131200
2013-05-22 05:00:00,99.785,,99.805,20140300,20140600,20131200
2013-05-23 05:00:00,99.765,,99.795,20140300,20140600,20131200
2013-05-23 12:00:00,99.78,,,20140300,20140600,20131200
2013-05-24 05:00:00,99.755,,99.785,20140300,20140600,20131200
2013-05-24 08:00:00,,,99.78,20140300,20140600,20131200
2013-05-27 05:00:00,99.745,99.7,99.78,20140300,20140600,20131200
2013-05-28 05:00:00,99.7,,99.745,20140600,20140900,20140300
2013-05-29 05:00:00,99.65,,99.705,20140600,20140900,20140300
2013-05-30 05:00:00,99.65,,99.7,20140600,20140900,20140300
2013-05-30 08:00:00,,,99.7,20140600,20140900,20140300
2013-05-31 05:00:00,99.675,,99.725,20140600,20140900,20140300
2013-05-31 08:00:00,99.675,,99.725,20140600,20140900,20140300
2013-05-31 09:00:00,99.68,,99.74,20140600,20140900,20140300
2013-06-03 05:00:00,99.64,,99.695,20140600,20140900,20140300
2013-06-04 05:00:00,99.64,,99.7,20140600,20140900,20140300
2013-06-05 05:00:00,99.65,,99.71,20140600,20140900,20140300
2013-06-05 07:00:00,99.65,,,20140600,20140900,20140300
2013-06-05 09:00:00,99.645,,,20140600,20140900,20140300
2013-06-06 05:00:00,99.58,,99.65,20140600,20140900,20140300
2013-06-06 16:00:00,,,99.665,20140600,20140900,20140300
2013-06-07 05:00:00,99.56,,99.625,20140600,20140900,20140300
2013-06-10 05:00:00,99.54,,99.61,20140600,20140900,20140300
2013-06-10 13:00:00,,,99.61,20140600,20140900,20140300
2013-06-11 05:00:00,99.53,,99.61,20140600,20140900,20140300
2013-06-12 05:00:00,99.555,,99.63,20140600,20140900,20140300
2013-06-12 07:00:00,99.52,,,20140600,20140900,20140300
2013-06-12 16:00:00,,,99.635,20140600,20140900,20140300
2013-06-13 05:00:00,99.58,,99.645,20140600,20140900,20140300
2013-06-13 07:00:00,99.58,,99.645,20140600,20140900,20140300
2013-06-13 08:00:00,,,99.65,20140600,20140900,20140300
2013-06-14 05:00:00,99.625,,99.685,20140600,20140900,20140300
2013-06-17 05:00:00,99.625,,99.685,20140600,20140900,20140300
2013-06-17 11:00:00,99.63,,,20140600,20140900,20140300
2013-06-18 05:00:00,99.575,,99.645,20140600,20140900,20140300
2013-06-19 05:00:00,99.585,,99.65,20140600,20140900,20140300
2013-06-20 05:00:00,99.485,,99.57,20140600,20140900,20140300
2013-06-20 09:00:00,,,99.6,20140600,20140900,20140300
2013-06-21 05:00:00,99.435,,99.515,20140600,20140900,20140300
2013-06-24 05:00:00,99.36,,99.435,20140600,20140900,20140300
2013-06-24 14:00:00,,,99.425,20140600,20140900,20140300
2013-06-25 05:00:00,99.45,,99.52,20140600,20140900,20140300
2013-06-25 09:00:00,,,99.5,20140600,20140900,20140300
2013-06-25 15:00:00,99.425,,99.51,20140600,20140900,20140300
2013-06-25 16:00:00,,,99.51,20140600,20140900,20140300
2013-06-26 05:00:00,99.52,,99.585,20140600,20140900,20140300
2013-06-26 13:00:00,,,99.58,20140600,20140900,20140300
2013-06-27 05:00:00,99.53,,99.595,20140600,20140900,20140300
2013-06-27 10:00:00,,,99.605,20140600,20140900,20140300
2013-06-27 11:00:00,,,99.6,20140600,20140900,20140300
2013-06-28 05:00:00,99.52,,99.585,20140600,20140900,20140300
2013-06-28 07:00:00,99.55,,,20140600,20140900,20140300
2013-06-28 12:00:00,99.52,,,20140600,20140900,20140300
2013-06-28 14:00:00,99.49,,,20140600,20140900,20140300
2013-07-01 05:00:00,99.495,,99.565,20140600,20140900,20140300
2013-07-02 05:00:00,99.535,,99.6,20140600,20140900,20140300
2013-07-03 05:00:00,99.52,,99.58,20140600,20140900,20140300
2013-07-03 08:00:00,99.525,,,20140600,20140900,20140300
2013-07-03 13:00:00,99.52,,,20140600,20140900,20140300
2013-07-04 05:00:00,99.605,,99.655,20140600,20140900,20140300
2013-07-04 08:00:00,99.52,,,20140600,20140900,20140300
2013-07-04 13:00:00,99.615,,99.665,20140600,20140900,20140300
2013-07-05 05:00:00,99.615,,99.67,20140600,20140900,20140300
2013-07-08 05:00:00,99.665,,99.71,20140600,20140900,20140300
2013-07-08 13:00:00,99.66,,99.7,20140600,20140900,20140300
2013-07-08 14:00:00,,,99.705,20140600,20140900,20140300
2013-07-08 15:00:00,,,99.7,20140600,20140900,20140300
2013-07-09 05:00:00,99.675,,99.705,20140600,20140900,20140300
2013-07-10 05:00:00,99.63,,99.67,20140600,20140900,20140300
2013-07-10 06:00:00,99.68,,,20140600,20140900,20140300
2013-07-10 08:00:00,,,99.695,20140600,20140900,20140300
2013-07-11 05:00:00,99.6,,99.65,20140600,20140900,20140300
2013-07-12 05:00:00,99.59,,99.64,20140600,20140900,20140300
2013-07-12 10:00:00,,,99.64,20140600,20140900,20140300
2013-07-15 05:00:00,99.565,,99.62,20140600,20140900,20140300
2013-07-16 05:00:00,99.6,,99.65,20140600,20140900,20140300
2013-07-17 05:00:00,99.625,,99.665,20140600,20140900,20140300
2013-07-17 13:00:00,99.625,,,20140600,20140900,20140300
2013-07-18 05:00:00,99.64,,99.68,20140600,20140900,20140300
2013-07-19 05:00:00,99.615,,99.655,20140600,20140900,20140300
2013-07-19 10:00:00,99.635,,,20140600,20140900,20140300
2013-07-19 11:00:00,99.63,,,20140600,20140900,20140300
2013-07-19 14:00:00,99.625,,99.67,20140600,20140900,20140300
2013-07-22 05:00:00,99.585,,99.635,20140600,20140900,20140300
2013-07-22 07:00:00,99.62,,,20140600,20140900,20140300
2013-07-23 05:00:00,99.56,,99.61,20140600,20140900,20140300
2013-07-24 05:00:00,99.545,,99.605,20140600,20140900,20140300
2013-07-24 14:00:00,,,99.61,20140600,20140900,20140300
2013-07-25 05:00:00,99.565,,99.625,20140600,20140900,20140300
2013-07-26 05:00:00,99.575,,99.63,20140600,20140900,20140300
2013-07-26 13:00:00,99.58,,,20140600,20140900,20140300
2013-07-29 05:00:00,99.565,,99.625,20140600,20140900,20140300
2013-07-30 05:00:00,99.575,,99.63,20140600,20140900,20140300
2013-07-30 13:00:00,,,99.63,20140600,20140900,20140300
2013-07-31 05:00:00,99.58,,99.64,20140600,20140900,20140300
2013-08-01 05:00:00,99.575,,99.635,20140600,20140900,20140300
2013-08-01 11:00:00,99.625,,,20140600,20140900,20140300
2013-08-01 14:00:00,99.57,,,20140600,20140900,20140300
2013-08-01 15:00:00,99.575,,,20140600,20140900,20140300
2013-08-02 05:00:00,99.58,,99.635,20140600,20140900,20140300
2013-08-02 13:00:00,,,99.625,20140600,20140900,20140300
2013-08-02 14:00:00,99.58,,,20140600,20140900,20140300
2013-08-05 05:00:00,99.57,,99.63,20140600,20140900,20140300
2013-08-06 05:00:00,99.57,,99.63,20140600,20140900,20140300
2013-08-07 05:00:00,99.575,,99.635,20140600,20140900,20140300
2013-08-07 11:00:00,99.58,,99.64,20140600,20140900,20140300
2013-08-08 05:00:00,99.58,,99.64,20140600,20140900,20140300
2013-08-08 15:00:00,99.58,,,20140600,20140900,20140300
2013-08-09 05:00:00,99.585,,99.645,20140600,20140900,20140300
2013-08-09 12:00:00,99.585,,,20140600,20140900,20140300
2013-08-09 14:00:00,99.585,,,20140600,20140900,20140300
2013-08-09 15:00:00,99.58,,99.635,20140600,20140900,20140300
2013-08-12 05:00:00,99.59,,99.65,20140600,20140900,20140300
2013-08-13 05:00:00,99.525,,99.6,20140600,20140900,20140300
2013-08-13 13:00:00,99.555,,,20140600,20140900,20140300
2013-08-14 05:00:00,99.545,,99.615,20140600,20140900,20140300
2013-08-15 05:00:00,99.515,,99.59,20140600,20140900,20140300
2013-08-16 05:00:00,99.535,,99.61,20140600,20140900,20140300
2013-08-19 05:00:00,99.52,,99.6,20140600,20140900,20140300
2013-08-20 05:00:00,99.545,,99.615,20140600,20140900,20140300
2013-08-20 15:00:00,99.545,,,20140600,20140900,20140300
2013-08-21 05:00:00,99.53,,99.605,20140600,20140900,20140300
2013-08-21 09:00:00,99.55,,99.615,20140600,20140900,20140300
2013-08-21 14:00:00,,,99.61,20140600,20140900,20140300
2013-08-22 05:00:00,99.525,,99.605,20140600,20140900,20140300
2013-08-23 05:00:00,99.505,,99.59,20140600,20140900,20140300
2013-08-23 08:00:00,99.5,,,20140600,20140900,20140300
2013-08-26 05:00:00,99.52,99.44,99.605,20140600,20140900,20140300
2013-08-27 05:00:00,99.475,,99.55,20140900,20141200,20140600
2013-08-28 05:00:00,99.46,,99.54,20140900,20141200,20140600
2013-08-29 05:00:00,99.475,,99.55,20140900,20141200,20140600
2013-08-29 07:00:00,99.455,,,20140900,20141200,20140600
2013-08-29 09:00:00,,,99.55,20140900,20141200,20140600
2013-08-29 15:00:00,,,99.55,20140900,20141200,20140600
2013-08-30 05:00:00,99.48,,99.555,20140900,20141200,20140600
2013-09-02 05:00:00,99.455,,99.54,20140900,20141200,20140600
2013-09-03 05:00:00,99.44,,99.53,20140900,20141200,20140600
2013-09-04 05:00:00,99.455,,99.54,20140900,20141200,20140600
2013-09-05 05:00:00,99.4,,99.505,20140900,20141200,20140600
2013-09-05 11:00:00,99.395,,99.495,20140900,20141200,20140600
2013-09-05 14:00:00,99.39,,99.5,20140900,20141200,20140600
2013-09-05 16:00:00,99.395,,99.5,20140900,20141200,20140600
2013-09-06 05:00:00,99.47,,99.56,20140900,20141200,20140600
2013-09-06 09:00:00,99.44,,99.54,20140900,20141200,20140600
2013-09-09 05:00:00,99.48,,99.57,20140900,20141200,20140600
2013-09-09 10:00:00,99.47,,99.565,20140900,20141200,20140600
2013-09-10 05:00:00,99.455,,99.55,20140900,20141200,20140600
2013-09-11 05:00:00,99.475,,99.57,20140900,20141200,20140600
2013-09-12 05:00:00,99.505,,99.59,20140900,20141200,20140600
2013-09-12 12:00:00,,,99.59,20140900,20141200,20140600
2013-09-13 05:00:00,99.51,,99.59,20140900,20141200,20140600
2013-09-16 05:00:00,99.525,,99.6,20140900,20141200,20140600
2013-09-16 15:00:00,99.52,,99.595,20140900,20141200,20140600
2013-09-17 05:00:00,99.515,,99.595,20140900,20141200,20140600
2013-09-17 14:00:00,,,99.59,20140900,20141200,20140600
2013-09-18 05:00:00,99.505,,99.585,20140900,20141200,20140600
2013-09-18 07:00:00,,,99.595,20140900,20141200,20140600
2013-09-19 05:00:00,99.56,,99.625,20140900,20141200,20140600
2013-09-20 05:00:00,99.55,,99.62,20140900,20141200,20140600
2013-09-20 10:00:00,,,99.625,20140900,20141200,20140600
2013-09-20 11:00:00,,,99.61,20140900,20141200,20140600
2013-09-20 12:00:00,99.535,,,20140900,20141200,20140600
2013-09-23 05:00:00,99.57,,99.63,20140900,20141200,20140600
2013-09-23 10:00:00,,,99.615,20140900,20141200,20140600
2013-09-23 11:00:00,99.55,,,20140900,20141200,20140600
2013-09-24 05:00:00,99.585,,99.64,20140900,20141200,20140600
2013-09-24 08:00:00,99.585,,,20140900,20141200,20140600
2013-09-24 13:00:00,,,99.64,20140900,20141200,20140600
2013-09-25 05:00:00,99.56,,99.615,20140900,20141200,20140600
2013-09-25 08:00:00,,,99.625,20140900,20141200,20140600
2013-09-25 15:00:00,99.56,,99.615,20140900,20141200,20140600
2013-09-26 05:00:00,99.555,,99.615,20140900,20141200,20140600
2013-09-26 13:00:00,,,99.61,20140900,20141200,20140600
2013-09-26 14:00:00,,,99.61,20140900,20141200,20140600
2013-09-27 05:00:00,99.575,,99.625,20140900,20141200,20140600
2013-09-27 09:00:00,99.565,,,20140900,20141200,20140600
2013-09-30 05:00:00,99.58,,99.63,20140900,20141200,20140600
2013-09-30 15:00:00,,,99.625,20140900,20141200,20140600
2013-10-01 05:00:00,99.57,,99.625,20140900,20141200,20140600
2013-10-01 07:00:00,99.58,,,20140900,20141200,20140600
2013-10-02 05:00:00,99.58,,99.635,20140900,20141200,20140600
2013-10-02 15:00:00,,,99.635,20140900,20141200,20140600
2013-10-03 05:00:00,99.575,,99.63,20140900,20141200,20140600
2013-10-04 05:00:00,99.565,,99.62,20140900,20141200,20140600
2013-10-04 11:00:00,99.56,,,20140900,20141200,20140600
2013-10-04 13:00:00,,,99.625,20140900,20141200,20140600
2013-10-04 15:00:00,99.565,,,20140900,20141200,20140600
2013-10-07 05:00:00,99.58,,99.63,20140900,20141200,20140600
2013-10-08 05:00:00,99.555,,99.605,20140900,20141200,20140600
2013-10-08 08:00:00,99.56,,99.615,20140900,20141200,20140600
2013-10-08 14:00:00,,,99.605,20140900,20141200,20140600
2013-10-08 15:00:00,,,99.605,20140900,20141200,20140600
2013-10-08 16:00:00,,,99.585,20140900,20141200,20140600
2013-10-09 05:00:00,99.535,,99.59,20140900,20141200,20140600
2013-10-10 05:00:00,99.555,,99.61,20140900,20141200,20140600
2013-10-10 07:00:00,,,99.605,20140900,20141200,20140600
2013-10-10 08:00:00,,,99.6,20140900,20141200,20140600
2013-10-10 09:00:00,99.535,,99.59,20140900,20141200,20140600
2013-10-10 12:00:00,,,99.595,20140900,20141200,20140600
2013-10-11 05:00:00,99.56,,99.615,20140900,20141200,20140600
2013-10-11 08:00:00,,,99.615,20140900,20141200,20140600
2013-10-11 12:00:00,,,99.62,20140900,20141200,20140600
2013-10-14 05:00:00,99.565,,99.615,20140900,20141200,20140600
2013-10-15 05:00:00,99.55,,99.61,20140900,20141200,20140600
2013-10-15 06:00:00,99.555,,,20140900,20141200,20140600
2013-10-16 05:00:00,99.54,,99.6,20140900,20141200,20140600
2013-10-16 08:00:00,,,99.61,20140900,20141200,20140600
2013-10-17 05:00:00,99.57,,99.625,20140900,20141200,20140600
2013-10-18 05:00:00,99.585,,99.635,20140900,20141200,20140600
2013-10-21 05:00:00,99.58,,99.635,20140900,20141200,20140600
2013-10-21 09:00:00,99.58,,,20140900,20141200,20140600
2013-10-21 10:00:00,99.585,,,20140900,20141200,20140600
2013-10-22 05:00:00,99.615,,99.66,20140900,20141200,20140600
2013-10-22 08:00:00,99.585,,,20140900,20141200,20140600
2013-10-22 10:00:00,99.585,,,20140900,20141200,20140600
2013-10-22 13:00:00,99.615,,,20140900,20141200,20140600
2013-10-22 15:00:00,99.61,,99.655,20140900,20141200,20140600
2013-10-23 05:00:00,99.6,,99.65,20140900,20141200,20140600
2013-10-24 05:00:00,99.575,,99.625,20140900,20141200,20140600
2013-10-24 13:00:00,99.585,,,20140900,20141200,20140600
2013-10-24 14:00:00,99.575,,,20140900,20141200,20140600
2013-10-25 05:00:00,99.56,,99.61,20140900,20141200,20140600
2013-10-25 07:00:00,99.58,,,20140900,20141200,20140600
2013-10-25 08:00:00,99.565,,,20140900,20141200,20140600
2013-10-28 05:00:00,99.555,,99.61,20140900,20141200,20140600
2013-10-28 07:00:00,99.545,,99.6,20140900,20141200,20140600
2013-10-28 12:00:00,99.555,,,20140900,20141200,20140600
2013-10-28 14:00:00,,,99.615,20140900,20141200,20140600
2013-10-28 15:00:00,,,99.61,20140900,20141200,20140600
2013-10-28 16:00:00,99.555,,99.61,20140900,20141200,20140600
2013-10-29 05:00:00,99.56,,99.61,20140900,20141200,20140600
2013-10-29 15:00:00,99.565,,99.615,20140900,20141200,20140600
2013-10-29 16:00:00,99.565,,,20140900,20141200,20140600
2013-10-30 05:00:00,99.595,,99.64,20140900,20141200,20140600
2013-10-30 10:00:00,99.595,,,20140900,20141200,20140600
2013-10-31 05:00:00,99.65,,99.69,20140900,20141200,20140600
2013-10-31 10:00:00,99.635,,,20140900,20141200,20140600
2013-10-31 15:00:00,99.65,,,20140900,20141200,20140600
2013-11-01 05:00:00,99.66,,99.7,20140900,20141200,20140600
2013-11-01 08:00:00,99.685,,99.72,20140900,20141200,20140600
2013-11-01 14:00:00,99.665,,99.7,20140900,20141200,20140600
2013-11-04 06:00:00,99.66,,99.7,20140900,20141200,20140600
2013-11-04 13:00:00,,,99.7,20140900,20141200,20140600
2013-11-05 06:00:00,99.625,,99.675,20140900,20141200,20140600
2013-11-06 06:00:00,99.645,,99.685,20140900,20141200,20140600
2013-11-06 13:00:00,,,99.695,20140900,20141200,20140600
2013-11-06 14:00:00,99.64,,99.695,20140900,20141200,20140600
2013-11-06 15:00:00,99.64,,,20140900,20141200,20140600
2013-11-06 16:00:00,99.645,,,20140900,20141200,20140600
2013-11-07 06:00:00,99.705,,99.745,20140900,20141200,20140600
2013-11-07 09:00:00,,,99.695,20140900,20141200,20140600
2013-11-07 10:00:00,,,99.7,20140900,20141200,20140600
2013-11-07 15:00:00,99.705,,,20140900,20141200,20140600
2013-11-08 06:00:00,99.685,,99.73,20140900,20141200,20140600
2013-11-08 13:00:00,99.68,,,20140900,20141200,20140600
2013-11-08 15:00:00,99.675,,,20140900,20141200,20140600
2013-11-11 06:00:00,99.695,,99.73,20140900,20141200,20140600
2013-11-11 14:00:00,,,99.735,20140900,20141200,20140600
2013-11-11 15:00:00,99.7,,,20140900,20141200,20140600
2013-11-11 17:00:00,99.69,,,20140900,20141200,20140600
2013-11-12 06:00:00,99.695,,99.73,20140900,20141200,20140600
2013-11-13 06:00:00,99.715,,99.745,20140900,20141200,20140600
2013-11-13 07:00:00,,,99.735,20140900,20141200,20140600
2013-11-13 13:00:00,99.71,,,20140900,20141200,20140600
2013-11-13 15:00:00,99.715,,,20140900,20141200,20140600
2013-11-14 06:00:00,99.71,,99.745,20140900,20141200,20140600
2013-11-14 15:00:00,99.7,,,20140900,20141200,20140600
2013-11-15 06:00:00,99.7,,99.74,20140900,20141200,20140600
2013-11-15 15:00:00,99.695,,,20140900,20141200,20140600
2013-11-18 06:00:00,99.705,,99.74,20140900,20141200,20140600
2013-11-18 15:00:00,99.7,,,20140900,20141200,20140600
2013-11-18 16:00:00,99.71,,,20140900,20141200,20140600
2013-11-19 06:00:00,99.695,,99.73,20140900,20141200,20140600
2013-11-19 15:00:00,,,99.735,20140900,20141200,20140600
2013-11-19 16:00:00,,,99.735,20140900,20141200,20140600
2013-11-20 06:00:00,99.73,,99.76,20140900,20141200,20140600
2013-11-20 15:00:00,99.725,,,20140900,20141200,20140600
2013-11-21 06:00:00,99.735,,99.76,20140900,20141200,20140600
2013-11-21 15:00:00,99.73,,,20140900,20141200,20140600
2013-11-22 06:00:00,99.715,,99.74,20140900,20141200,20140600
2013-11-22 09:00:00,99.72,,,20140900,20141200,20140600
2013-11-22 10:00:00,99.72,,,20140900,20141200,20140600
2013-11-22 15:00:00,99.715,,,20140900,20141200,20140600
2013-11-25 06:00:00,99.715,,99.735,20140900,20141200,20140600
2013-11-25 13:00:00,99.715,,,20140900,20141200,20140600
2013-11-25 14:00:00,99.715,,,20140900,20141200,20140600
2013-11-25 15:00:00,99.72,,,20140900,20141200,20140600
2013-11-25 16:00:00,99.715,,,20140900,20141200,20140600
2013-11-25 17:00:00,99.71,,,20140900,20141200,20140600
2013-11-26 06:00:00,99.73,99.695,99.75,20140900,20141200,20140600
2013-11-26 07:00:00,,,99.71,20141200,20150300,20140900
2013-11-26 08:00:00,99.675,,,20141200,20150300,20140900
2013-11-26 09:00:00,,,99.715,20141200,20150300,20140900
2013-11-26 10:00:00,,,99.72,20141200,20150300,20140900
2013-11-26 12:00:00,,,99.725,20141200,20150300,20140900
2013-11-26 13:00:00,,,99.72,20141200,20150300,20140900
2013-11-26 14:00:00,99.695,,99.725,20141200,20150300,20140900
2013-11-26 15:00:00,,,99.73,20141200,20150300,20140900
2013-11-26 17:00:00,,,99.725,20141200,20150300,20140900
2013-11-27 06:00:00,99.7,,99.73,20141200,20150300,20140900
2013-11-27 08:00:00,,,99.73,20141200,20150300,20140900
2013-11-27 15:00:00,,,99.735,20141200,20150300,20140900
2013-11-27 16:00:00,,,99.73,20141200,20150300,20140900
2013-11-28 06:00:00,99.695,,99.725,20141200,20150300,20140900
2013-11-28 08:00:00,,,99.72,20141200,20150300,20140900
2013-11-28 09:00:00,,,99.715,20141200,20150300,20140900
2013-11-28 10:00:00,,,99.725,20141200,20150300,20140900
2013-11-28 12:00:00,,,99.725,20141200,20150300,20140900
2013-11-28 15:00:00,,,99.73,20141200,20150300,20140900
2013-11-29 06:00:00,99.7,,99.73,20141200,20150300,20140900
2013-11-29 08:00:00,,,99.725,20141200,20150300,20140900
2013-11-29 15:00:00,,,99.73,20141200,20150300,20140900
2013-11-29 16:00:00,,,99.735,20141200,20150300,20140900
2013-12-02 06:00:00,99.695,,99.725,20141200,20150300,20140900
2013-12-02 09:00:00,,,99.73,20141200,20150300,20140900
2013-12-02 15:00:00,,,99.725,20141200,20150300,20140900
2013-12-02 16:00:00,99.695,,,20141200,20150300,20140900
2013-12-03 06:00:00,99.7,,99.73,20141200,20150300,20140900
2013-12-03 16:00:00,99.705,,,20141200,20150300,20140900
2013-12-04 06:00:00,99.675,,99.71,20141200,20150300,20140900
2013-12-04 07:00:00,,,99.73,20141200,20150300,20140900
2013-12-04 08:00:00,,,99.73,20141200,20150300,20140900
2013-12-04 13:00:00,99.69,,,20141200,20150300,20140900
2013-12-04 14:00:00,,,99.72,20141200,20150300,20140900
2013-12-04 15:00:00,99.68,,99.715,20141200,20150300,20140900
2013-12-05 06:00:00,99.65,,99.685,20141200,20150300,20140900
2013-12-05 07:00:00,,,99.71,20141200,20150300,20140900
2013-12-05 08:00:00,,,99.72,20141200,20150300,20140900
2013-12-05 12:00:00,,,99.715,20141200,20150300,20140900
2013-12-05 15:00:00,99.645,,,20141200,20150300,20140900
2013-12-06 06:00:00,99.645,,99.675,20141200,20150300,20140900
2013-12-06 09:00:00,99.64,,,20141200,20150300,20140900
2013-12-06 15:00:00,99.645,,,20141200,20150300,20140900
2013-12-09 06:00:00,99.635,,99.665,20141200,20150300,20140900
2013-12-10 06:00:00,99.635,,99.67,20141200,20150300,20140900
2013-12-10 16:00:00,,,99.675,20141200,20150300,20140900
2013-12-11 06:00:00,99.615,,99.65,20141200,20150300,20140900
2013-12-12 06:00:00,99.605,,99.635,20141200,20150300,20140900
2013-12-12 10:00:00,,,99.65,20141200,20150300,20140900
2013-12-12 17:00:00,,,99.635,20141200,20150300,20140900
2013-12-13 06:00:00,99.62,,99.645,20141200,20150300,20140900
2013-12-13 11:00:00,,,99.645,20141200,20150300,20140900
2013-12-16 06:00:00,99.62,,99.645,20141200,20150300,20140900
2013-12-17 06:00:00,99.64,,99.67,20141200,20150300,20140900
2013-12-18 06:00:00,99.64,,99.675,20141200,20150300,20140900
2013-12-18 11:00:00,,,99.695,20141200,20150300,20140900
2013-12-19 06:00:00,99.665,,99.7,20141200,20150300,20140900
2013-12-19 08:00:00,,,99.7,20141200,20150300,20140900
2013-12-19 12:00:00,,,99.7,20141200,20150300,20140900
2013-12-19 15:00:00,,,99.7,20141200,20150300,20140900
2013-12-20 06:00:00,99.645,,99.685,20141200,20150300,20140900
2013-12-20 11:00:00,,,99.685,20141200,20150300,20140900
2013-12-23 06:00:00,99.625,,99.67,20141200,20150300,20140900
2013-12-23 15:00:00,99.625,,,20141200,20150300,20140900
2013-12-27 06:00:00,99.645,,99.695,20141200,20150300,20140900
2013-12-27 11:00:00,,,99.69,20141200,20150300,20140900
2013-12-27 15:00:00,99.65,,,20141200,20150300,20140900
2013-12-30 06:00:00,99.66,,99.705,20141200,20150300,20140900
2013-12-30 09:00:00,99.66,,,20141200,20150300,20140900
2014-01-02 06:00:00,99.64,,99.69,20141200,20150300,20140900
2014-01-02 15:00:00,,,99.7,20141200,20150300,20140900
2014-01-03 06:00:00,99.645,,99.69,20141200,20150300,20140900
2014-01-03 10:00:00,99.645,,,20141200,20150300,20140900
2014-01-03 13:00:00,99.64,,,20141200,20150300,20140900
2014-01-03 14:00:00,,,99.695,20141200,20150300,20140900
2014-01-03 15:00:00,,,99.695,20141200,20150300,20140900
2014-01-06 06:00:00,99.645,,99.69,20141200,20150300,20140900
2014-01-07 06:00:00,99.635,,99.675,20141200,20150300,20140900
2014-01-07 10:00:00,,,99.69,20141200,20150300,20140900
2014-01-08 06:00:00,99.615,,99.655,20141200,20150300,20140900
2014-01-08 10:00:00,,,99.675,20141200,20150300,20140900
2014-01-08 11:00:00,99.635,,99.685,20141200,20150300,20140900
2014-01-08 13:00:00,,,99.675,20141200,20150300,20140900
2014-01-09 06:00:00,99.64,,99.68,20141200,20150300,20140900
2014-01-10 06:00:00,99.66,,99.69,20141200,20150300,20140900
2014-01-10 10:00:00,99.645,,,20141200,20150300,20140900
2014-01-10 11:00:00,,,99.685,20141200,20150300,20140900
2014-01-10 13:00:00,,,99.695,20141200,20150300,20140900
2014-01-13 06:00:00,99.665,,99.695,20141200,20150300,20140900
2014-01-14 06:00:00,99.64,,99.67,20141200,20150300,20140900
2014-01-14 09:00:00,,,99.7,20141200,20150300,20140900
2014-01-14 13:00:00,,,99.685,20141200,20150300,20140900
2014-01-15 06:00:00,99.63,,99.66,20141200,20150300,20140900
2014-01-15 12:00:00,,,99.675,20141200,20150300,20140900
2014-01-16 06:00:00,99.655,,99.68,20141200,20150300,20140900
2014-01-17 06:00:00,99.68,,99.705,20141200,20150300,20140900
2014-01-20 06:00:00,99.68,,99.705,20141200,20150300,20140900
2014-01-20 16:00:00,99.68,,99.7,20141200,20150300,20140900
2014-01-21 06:00:00,99.68,,99.7,20141200,20150300,20140900
2014-01-21 07:00:00,99.675,,,20141200,20150300,20140900
2014-01-21 13:00:00,,,99.7,20141200,20150300,20140900
2014-01-22 06:00:00,99.67,,99.7,20141200,20150300,20140900
2014-01-23 06:00:00,99.68,,99.71,20141200,20150300,20140900
2014-01-24 06:00:00,99.685,,99.71,20141200,20150300,20140900
2014-01-24 07:00:00,99.69,,99.715,20141200,20150300,20140900
2014-01-24 08:00:00,,,99.715,20141200,20150300,20140900
2014-01-24 09:00:00,99.685,,,20141200,20150300,20140900
2014-01-24 12:00:00,,,99.715,20141200,20150300,20140900
2014-01-27 06:00:00,99.67,,99.69,20141200,20150300,20140900
2014-01-27 10:00:00,99.66,,,20141200,20150300,20140900
2014-01-27 13:00:00,99.66,,,20141200,20150300,20140900
2014-01-27 15:00:00,99.665,,,20141200,20150300,20140900
2014-01-27 16:00:00,99.665,,,20141200,20150300,20140900
2014-01-28 06:00:00,99.68,,99.7,20141200,20150300,20140900
2014-01-28 08:00:00,,,99.69,20141200,20150300,20140900
2014-01-28 09:00:00,,,99.69,20141200,20150300,20140900
2014-01-28 11:00:00,99.665,,99.69,20141200,20150300,20140900
2014-01-28 13:00:00,,,99.695,20141200,20150300,20140900
2014-01-29 06:00:00,99.69,,99.71,20141200,20150300,20140900
2014-01-29 07:00:00,,,99.705,20141200,20150300,20140900
2014-01-29 14:00:00,99.685,,,20141200,20150300,20140900
2014-01-30 06:00:00,99.72,,99.74,20141200,20150300,20140900
2014-01-30 11:00:00,99.705,,,20141200,20150300,20140900
2014-01-31 06:00:00,99.75,,99.77,20141200,20150300,20140900
2014-01-31 11:00:00,99.74,,,20141200,20150300,20140900
2014-01-31 13:00:00,99.755,,,20141200,20150300,20140900
2014-02-03 06:00:00,99.735,,99.76,20141200,20150300,20140900
2014-02-03 14:00:00,,,99.755,20141200,20150300,20140900
2014-02-04 06:00:00,99.745,,99.765,20141200,20150300,20140900
2014-02-04 09:00:00,99.74,,99.765,20141200,20150300,20140900
2014-02-04 15:00:00,,,99.765,20141200,20150300,20140900
2014-02-05 06:00:00,99.74,,99.76,20141200,20150300,20140900
2014-02-05 13:00:00,99.75,,,20141200,20150300,20140900
2014-02-05 15:00:00,99.74,,99.765,20141200,20150300,20140900
2014-02-06 06:00:00,99.71,,99.73,20141200,20150300,20140900
2014-02-06 13:00:00,,,99.76,20141200,20150300,20140900
2014-02-06 16:00:00,,,99.73,20141200,20150300,20140900
2014-02-07 06:00:00,99.74,,99.755,20141200,20150300,20140900
2014-02-07 09:00:00,,,99.74,20141200,20150300,20140900
2014-02-07 13:00:00,99.735,,,20141200,20150300,20140900
2014-02-07 14:00:00,99.735,,,20141200,20150300,20140900
2014-02-10 06:00:00,99.72,,99.74,20141200,20150300,20140900
2014-02-11 06:00:00,99.73,,99.745,20141200,20150300,20140900
2014-02-11 08:00:00,99.71,,,20141200,20150300,20140900
2014-02-11 14:00:00,99.725,,,20141200,20150300,20140900
2014-02-12 06:00:00,99.725,,99.745,20141200,20150300,20140900
2014-02-12 10:00:00,,,99.74,20141200,20150300,20140900
2014-02-12 11:00:00,,,99.75,20141200,20150300,20140900
2014-02-12 12:00:00,,,99.75,20141200,20150300,20140900
2014-02-12 14:00:00,,,99.75,20141200,20150300,20140900
2014-02-12 15:00:00,,,99.75,20141200,20150300,20140900
2014-02-12 17:00:00,,,99.75,20141200,20150300,20140900
2014-02-13 06:00:00,99.745,,99.765,20141200,20150300,20140900
2014-02-13 07:00:00,,,99.755,20141200,20150300,20140900
2014-02-13 08:00:00,,,99.76,20141200,20150300,20140900
2014-02-13 09:00:00,,,99.765,20141200,20150300,20140900
2014-02-13 10:00:00,,,99.765,20141200,20150300,20140900
2014-02-13 11:00:00,,,99.76,20141200,20150300,20140900
2014-02-13 12:00:00,,,99.76,20141200,20150300,20140900
2014-02-13 13:00:00,,,99.765,20141200,20150300,20140900
2014-02-13 14:00:00,,,99.76,20141200,20150300,20140900
2014-02-13 15:00:00,,,99.76,20141200,20150300,20140900
2014-02-13 16:00:00,,,99.76,20141200,20150300,20140900
2014-02-14 06:00:00,99.735,,99.755,20141200,20150300,20140900
2014-02-14 07:00:00,,,99.755,20141200,20150300,20140900
2014-02-14 08:00:00,,,99.75,20141200,20150300,20140900
2014-02-14 09:00:00,99.735,,99.755,20141200,20150300,20140900
2014-02-14 10:00:00,,,99.755,20141200,20150300,20140900
2014-02-14 16:00:00,,,99.755,20141200,20150300,20140900
2014-02-17 06:00:00,99.73,,99.75,20141200,20150300,20140900
2014-02-17 10:00:00,99.73,,,20141200,20150300,20140900
2014-02-18 06:00:00,99.73,,99.75,20141200,20150300,20140900
2014-02-18 08:00:00,99.735,,,20141200,20150300,20140900
2014-02-18 11:00:00,,,99.75,20141200,20150300,20140900
2014-02-18 13:00:00,,,99.745,20141200,20150300,20140900
2014-02-18 14:00:00,,,99.745,20141200,20150300,20140900
2014-02-19 06:00:00,99.745,,99.76,20141200,20150300,20140900
2014-02-19 07:00:00,,,99.755,20141200,20150300,20140900
2014-02-19 10:00:00,,,99.765,20141200,20150300,20140900
2014-02-19 12:00:00,,,99.76,20141200,20150300,20140900
2014-02-19 15:00:00,,,99.76,20141200,20150300,20140900
2014-02-20 06:00:00,99.735,,99.755,20141200,20150300,20140900
2014-02-20 08:00:00,,,99.775,20141200,20150300,20140900
2014-02-20 11:00:00,,,99.76,20141200,20150300,20140900
2014-02-20 12:00:00,,,99.76,20141200,20150300,20140900
2014-02-20 13:00:00,,,99.755,20141200,20150300,20140900
2014-02-20 14:00:00,,,99.755,20141200,20150300,20140900
2014-02-21 06:00:00,99.735,,99.755,20141200,20150300,20140900
2014-02-21 12:00:00,,,99.755,20141200,20150300,20140900
2014-02-21 15:00:00,99.735,,,20141200,20150300,20140900
2014-02-24 06:00:00,99.73,99.7,99.75,20141200,20150300,20140900
2014-02-24 14:00:00,99.7,,,20150300,20150600,20141200
2014-02-24 16:00:00,99.695,,99.73,20150300,20150600,20141200
2014-02-25 06:00:00,99.695,,99.725,20150300,20150600,20141200
2014-02-25 12:00:00,,,99.715,20150300,20150600,20141200
2014-02-26 06:00:00,99.715,,99.74,20150300,20150600,20141200
2014-02-27 06:00:00,99.71,,99.74,20150300,20150600,20141200
2014-02-28 06:00:00,99.68,,99.71,20150300,20150600,20141200
2014-02-28 13:00:00,99.685,,,20150300,20150600,20141200
2014-03-03 06:00:00,99.69,,99.72,20150300,20150600,20141200
2014-03-03 09:00:00,99.685,,,20150300,20150600,20141200
2014-03-03 11:00:00,,,99.715,20150300,20150600,20141200
2014-03-03 17:00:00,,,99.72,20150300,20150600,20141200
2014-03-04 06:00:00,99.705,,99.735,20150300,20150600,20141200
2014-03-05 06:00:00,99.7,,99.73,20150300,20150600,20141200
2014-03-05 08:00:00,99.695,,,20150300,20150600,20141200
2014-03-06 06:00:00,99.66,,99.69,20150300,20150600,20141200
2014-03-06 08:00:00,,,99.725,20150300,20150600,20141200
2014-03-06 15:00:00,,,99.695,20150300,20150600,20141200
2014-03-07 06:00:00,99.64,,99.67,20150300,20150600,20141200
2014-03-10 05:00:00,99.655,,99.68,20150300,20150600,20141200
2014-03-10 09:00:00,99.635,,,20150300,20150600,20141200
2014-03-11 05:00:00,99.665,,99.69,20150300,20150600,20141200
2014-03-12 05:00:00,99.67,,99.69,20150300,20150600,20141200
2014-03-12 10:00:00,99.67,,,20150300,20150600,20141200
2014-03-12 13:00:00,99.675,,,20150300,20150600,20141200
2014-03-13 05:00:00,99.695,,99.715,20150300,20150600,20141200
2014-03-13 15:00:00,99.685,,,20150300,20150600,20141200
2014-03-14 05:00:00,99.67,,99.695,20150300,20150600,20141200
2014-03-14 16:00:00,99.67,,,20150300,20150600,20141200
2014-03-17 05:00:00,99.665,,99.69,20150300,20150600,20141200
2014-03-17 07:00:00,99.67,,,20150300,20150600,20141200
2014-03-17 08:00:00,99.67,,,20150300,20150600,20141200
2014-03-17 09:00:00,99.67,,,20150300,20150600,20141200
2014-03-18 05:00:00,99.665,,99.69,20150300,20150600,20141200
2014-03-18 10:00:00,99.665,,,20150300,20150600,20141200
2014-03-18 11:00:00,99.67,,,20150300,20150600,20141200
2014-03-18 13:00:00,99.66,,,20150300,20150600,20141200
2014-03-18 16:00:00,99.66,,,20150300,20150600,20141200
2014-03-19 05:00:00,99.655,,99.68,20150300,20150600,20141200
2014-03-19 12:00:00,99.655,,,20150300,20150600,20141200
2014-03-19 13:00:00,99.655,,,20150300,20150600,20141200
2014-03-19 15:00:00,99.66,,,20150300,20150600,20141200
2014-03-19 16:00:00,99.655,,,20150300,20150600,20141200
2014-03-20 05:00:00,99.63,,99.66,20150300,20150600,20141200
2014-03-20 08:00:00,99.635,,,20150300,20150600,20141200
2014-03-20 10:00:00,99.625,,,20150300,20150600,20141200
2014-03-20 14:00:00,99.625,,99.655,20150300,20150600,20141200
2014-03-20 15:00:00,99.625,,,20150300,20150600,20141200
2014-03-20 16:00:00,99.625,,,20150300,20150600,20141200
2014-03-20 17:00:00,99.625,,,20150300,20150600,20141200
2014-03-21 05:00:00,99.625,,99.65,20150300,20150600,20141200
2014-03-21 10:00:00,99.63,,99.66,20150300,20150600,20141200
2014-03-24 05:00:00,99.645,,99.67,20150300,20150600,20141200
2014-03-24 11:00:00,99.615,,99.64,20150300,20150600,20141200
2014-03-24 12:00:00,,,99.65,20150300,20150600,20141200
2014-03-24 14:00:00,99.635,,,20150300,20150600,20141200
2014-03-24 15:00:00,99.64,,,20150300,20150600,20141200
2014-03-24 16:00:00,99.645,,,20150300,20150600,20141200
2014-03-25 05:00:00,99.67,,99.695,20150300,20150600,20141200
2014-03-25 07:00:00,99.65,,,20150300,20150600,20141200
2014-03-25 09:00:00,99.645,,,20150300,20150600,20141200
2014-03-25 15:00:00,,,99.685,20150300,20150600,20141200
2014-03-25 16:00:00,99.67,,,20150300,20150600,20141200
2014-03-25 17:00:00,99.67,,,20150300,20150600,20141200
2014-03-26 05:00:00,99.685,,99.71,20150300,20150600,20141200
2014-03-26 09:00:00,99.675,,,20150300,20150600,20141200
2014-03-26 11:00:00,,,99.7,20150300,20150600,20141200
2014-03-26 14:00:00,,,99.705,20150300,20150600,20141200
2014-03-27 05:00:00,99.705,,99.73,20150300,20150600,20141200
2014-03-27 13:00:00,,,99.72,20150300,20150600,20141200
2014-03-27 16:00:00,99.7,,,20150300,20150600,20141200
2014-03-27 17:00:00,,,99.725,20150300,20150600,20141200
2014-03-28 05:00:00,99.685,,99.71,20150300,20150600,20141200
2014-03-28 09:00:00,99.71,,,20150300,20150600,20141200
2014-03-28 10:00:00,,,99.73,20150300,20150600,20141200
2014-03-31 05:00:00,99.68,,99.705,20150300,20150600,20141200
2014-03-31 09:00:00,99.69,,,20150300,20150600,20141200
2014-03-31 12:00:00,99.67,,,20150300,20150600,20141200
2014-03-31 14:00:00,99.67,,,20150300,20150600,20141200
2014-04-01 05:00:00,99.665,,99.695,20150300,20150600,20141200
2014-04-01 12:00:00,99.675,,,20150300,20150600,20141200
2014-04-01 13:00:00,99.66,,,20150300,20150600,20141200
2014-04-01 15:00:00,99.665,,99.69,20150300,20150600,20141200
2014-04-02 05:00:00,99.66,,99.69,20150300,20150600,20141200
2014-04-02 08:00:00,99.66,,99.695,20150300,20150600,20141200
2014-04-02 11:00:00,99.66,,,20150300,20150600,20141200
2014-04-02 14:00:00,,,99.695,20150300,20150600,20141200
2014-04-02 15:00:00,99.66,,,20150300,20150600,20141200
2014-04-03 05:00:00,99.675,,99.695,20150300,20150600,20141200
2014-04-03 08:00:00,99.66,,,20150300,20150600,20141200
2014-04-03 11:00:00,99.67,,,20150300,20150600,20141200
2014-04-04 05:00:00,99.7,,99.72,20150300,20150600,20141200
2014-04-04 07:00:00,99.67,,,20150300,20150600,20141200
2014-04-04 10:00:00,99.67,,,20150300,20150600,20141200
2014-04-07 05:00:00,99.7,,99.72,20150300,20150600,20141200
2014-04-07 06:00:00,99.7,,,20150300,20150600,20141200
2014-04-07 09:00:00,99.69,,,20150300,20150600,20141200
2014-04-07 10:00:00,99.69,,,20150300,20150600,20141200
2014-04-07 11:00:00,99.69,,,20150300,20150600,20141200
2014-04-08 05:00:00,99.69,,99.715,20150300,20150600,20141200
2014-04-08 14:00:00,99.69,,,20150300,20150600,20141200
2014-04-09 05:00:00,99.685,,99.715,20150300,20150600,20141200
2014-04-09 15:00:00,99.685,,,20150300,20150600,20141200
2014-04-10 05:00:00,99.71,,99.73,20150300,20150600,20141200
2014-04-10 06:00:00,99.7,,,20150300,20150600,20141200
2014-04-10 08:00:00,99.705,,,20150300,20150600,20141200
2014-04-10 09:00:00,99.705,,,20150300,20150600,20141200
2014-04-10 11:00:00,99.705,,,20150300,20150600,20141200
2014-04-10 12:00:00,99.705,,,20150300,20150600,20141200
2014-04-10 13:00:00,99.705,,,20150300,20150600,20141200
2014-04-10 14:00:00,99.705,,,20150300,20150600,20141200
2014-04-11 05:00:00,99.7,,99.72,20150300,20150600,20141200
2014-04-11 09:00:00,99.705,,,20150300,20150600,20141200
2014-04-11 11:00:00,99.705,,,20150300,20150600,20141200
2014-04-11 15:00:00,99.69,,,20150300,20150600,20141200
2014-04-14 05:00:00,99.71,,99.73,20150300,20150600,20141200
2014-04-14 07:00:00,99.715,,,20150300,20150600,20141200
2014-04-14 08:00:00,99.715,,,20150300,20150600,20141200
2014-04-14 09:00:00,99.715,,,20150300,20150600,20141200
2014-04-14 11:00:00,99.71,,,20150300,20150600,20141200
2014-04-14 12:00:00,99.71,,,20150300,20150600,20141200
2014-04-14 15:00:00,,,99.73,20150300,20150600,20141200
2014-04-15 05:00:00,99.73,,99.745,20150300,20150600,20141200
2014-04-15 06:00:00,99.71,,,20150300,20150600,20141200
2014-04-15 07:00:00,99.715,,,20150300,20150600,20141200
2014-04-15 14:00:00,99.73,,,20150300,20150600,20141200
2014-04-15 15:00:00,99.73,,,20150300,20150600,20141200
2014-04-15 16:00:00,99.73,,,20150300,20150600,20141200
2014-04-16 05:00:00,99.72,,99.735,20150300,20150600,20141200
2014-04-16 06:00:00,99.725,,,20150300,20150600,20141200
2014-04-16 07:00:00,99.725,,,20150300,20150600,20141200
2014-04-16 08:00:00,99.72,,,20150300,20150600,20141200
2014-04-16 09:00:00,99.715,,,20150300,20150600,20141200
2014-04-16 10:00:00,99.72,,,20150300,20150600,20141200
2014-04-16 11:00:00,99.72,,,20150300,20150600,20141200
2014-04-17 05:00:00,99.7,,99.72,20150300,20150600,20141200
2014-04-17 07:00:00,99.72,,,20150300,20150600,20141200
2014-04-17 09:00:00,99.71,,,20150300,20150600,20141200
2014-04-17 11:00:00,99.7,,,20150300,20150600,20141200
2014-04-17 12:00:00,99.7,,,20150300,20150600,20141200
2014-04-17 13:00:00,99.705,,,20150300,20150600,20141200
2014-04-17 14:00:00,,,99.72,20150300,20150600,20141200
2014-04-22 05:00:00,99.695,,99.715,20150300,20150600,20141200
2014-04-22 13:00:00,99.69,,,20150300,20150600,20141200
2014-04-23 05:00:00,99.695,,99.715,20150300,20150600,20141200
2014-04-23 07:00:00,99.69,,,20150300,20150600,20141200
2014-04-23 12:00:00,99.695,,,20150300,20150600,20141200
2014-04-23 13:00:00,99.69,,,20150300,20150600,20141200
2014-04-24 05:00:00,99.685,,99.705,20150300,20150600,20141200
2014-04-24 08:00:00,99.675,,99.705,20150300,20150600,20141200
2014-04-24 10:00:00,99.68,,,20150300,20150600,20141200
2014-04-24 14:00:00,99.685,,,20150300,20150600,20141200
2014-04-25 05:00:00,99.695,,99.71,20150300,20150600,20141200
2014-04-25 08:00:00,99.685,,,20150300,20150600,20141200
2014-04-25 12:00:00,99.695,,,20150300,20150600,20141200
2014-04-25 15:00:00,99.69,,,20150300,20150600,20141200
2014-04-28 05:00:00,99.69,,99.71,20150300,20150600,20141200
2014-04-28 10:00:00,99.685,,,20150300,20150600,20141200
2014-04-29 05:00:00,99.715,,99.73,20150300,20150600,20141200
2014-04-29 11:00:00,99.7,,,20150300,20150600,20141200
2014-04-29 12:00:00,99.71,,,20150300,20150600,20141200
2014-04-29 13:00:00,99.71,,,20150300,20150600,20141200
2014-04-29 15:00:00,99.71,,99.73,20150300,20150600,20141200
2014-04-30 05:00:00,99.73,,99.745,20150300,20150600,20141200
2014-05-02 05:00:00,99.73,,99.74,20150300,20150600,20141200
2014-05-02 13:00:00,99.72,,,20150300,20150600,20141200
2014-05-02 14:00:00,99.73,,99.74,20150300,20150600,20141200
2014-05-05 05:00:00,99.72,,99.735,20150300,20150600,20141200
2014-05-06 05:00:00,99.71,,99.725,20150300,20150600,20141200
2014-05-07 05:00:00,99.705,,99.72,20150300,20150600,20141200
2014-05-08 05:00:00,99.75,,99.76,20150300,20150600,20141200
2014-05-09 05:00:00,99.735,,99.75,20150300,20150600,20141200
2014-05-12 05:00:00,99.735,,99.745,20150300,20150600,20141200
2014-05-12 15:00:00,99.735,,99.745,20150300,20150600,20141200
2014-05-13 05:00:00,99.76,,99.77,20150300,20150600,20141200
2014-05-13 15:00:00,,,99.77,20150300,20150600,20141200
2014-05-14 05:00:00,99.775,,99.785,20150300,20150600,20141200
2014-05-14 15:00:00,99.775,,99.785,20150300,20150600,20141200
2014-05-15 05:00:00,99.795,,99.805,20150300,20150600,20141200
2014-05-15 08:00:00,99.795,,,20150300,20150600,20141200
2014-05-15 13:00:00,99.795,,99.8,20150300,20150600,20141200
2014-05-16 05:00:00,99.78,,99.79,20150300,20150600,20141200
2014-05-16 06:00:00,99.78,,,20150300,20150600,20141200
2014-05-16 13:00:00,99.785,,,20150300,20150600,20141200
2014-05-19 05:00:00,99.775,,99.785,20150300,20150600,20141200
2014-05-19 11:00:00,99.775,,,20150300,20150600,20141200
2014-05-19 14:00:00,99.775,,,20150300,20150600,20141200
2014-05-19 15:00:00,99.78,,99.79,20150300,20150600,20141200
2014-05-20 05:00:00,99.79,,99.795,20150300,20150600,20141200
2014-05-21 05:00:00,99.785,,99.79,20150300,20150600,20141200
2014-05-21 13:00:00,99.78,,,20150300,20150600,20141200
2014-05-21 15:00:00,99.785,,99.79,20150300,20150600,20141200
2014-05-22 05:00:00,99.8,,99.8,20150300,20150600,20141200
2014-05-23 05:00:00,99.8,,99.805,20150300,20150600,20141200
2014-05-26 05:00:00,99.82,99.81,99.82,20150300,20150600,20141200
2014-05-27 05:00:00,99.8,,99.815,20150600,20150900,20150300
2014-05-27 06:00:00,,,99.825,20150600,20150900,20150300
2014-05-27 08:00:00,99.81,,99.82,20150600,20150900,20150300
2014-05-27 09:00:00,99.805,,99.815,20150600,20150900,20150300
2014-05-27 10:00:00,,,99.82,20150600,20150900,20150300
2014-05-27 15:00:00,99.795,,,20150600,20150900,20150300
2014-05-28 05:00:00,99.8,,99.815,20150600,20150900,20150300
2014-05-28 07:00:00,99.795,,99.805,20150600,20150900,20150300
2014-05-28 09:00:00,,,99.805,20150600,20150900,20150300
2014-05-28 12:00:00,,,99.81,20150600,20150900,20150300
2014-05-28 13:00:00,99.8,,99.81,20150600,20150900,20150300
2014-05-28 14:00:00,,,99.81,20150600,20150900,20150300
2014-05-28 15:00:00,,,99.815,20150600,20150900,20150300
2014-05-29 05:00:00,99.8,,99.81,20150600,20150900,20150300
2014-05-30 05:00:00,99.79,,99.805,20150600,20150900,20150300
2014-05-30 13:00:00,99.79,,,20150600,20150900,20150300
2014-06-02 05:00:00,99.8,,99.815,20150600,20150900,20150300
2014-06-02 09:00:00,,,99.81,20150600,20150900,20150300
2014-06-02 10:00:00,,,99.81,20150600,20150900,20150300
2014-06-03 05:00:00,99.805,,99.82,20150600,20150900,20150300
2014-06-03 10:00:00,,,99.81,20150600,20150900,20150300
2014-06-03 12:00:00,,,99.81,20150600,20150900,20150300
2014-06-03 13:00:00,99.795,,99.805,20150600,20150900,20150300
2014-06-03 15:00:00,99.805,,99.82,20150600,20150900,20150300
2014-06-03 16:00:00,99.805,,,20150600,20150900,20150300
2014-06-04 05:00:00,99.82,,99.83,20150600,20150900,20150300
2014-06-04 08:00:00,99.815,,,20150600,20150900,20150300
2014-06-04 14:00:00,99.815,,,20150600,20150900,20150300
2014-06-04 16:00:00,99.825,,,20150600,20150900,20150300
2014-06-05 05:00:00,99.81,,99.82,20150600,20150900,20150300
2014-06-05 14:00:00,,,99.81,20150600,20150900,20150300
2014-06-06 05:00:00,99.795,,99.81,20150600,20150900,20150300
2014-06-06 08:00:00,99.815,,,20150600,20150900,20150300
2014-06-06 11:00:00,,,99.81,20150600,20150900,20150300
2014-06-06 13:00:00,,,99.81,20150600,20150900,20150300
2014-06-06 16:00:00,99.79,,99.8,20150600,20150900,20150300
2014-06-09 05:00:00,99.785,,99.8,20150600,20150900,20150300
2014-06-09 16:00:00,,,99.8,20150600,20150900,20150300
2014-06-10 05:00:00,99.785,,99.8,20150600,20150900,20150300
2014-06-10 15:00:00,99.79,,,20150600,20150900,20150300
2014-06-11 05:00:00,99.805,,99.815,20150600,20150900,20150300
2014-06-11 14:00:00,,,99.82,20150600,20150900,20150300
2014-06-11 15:00:00,99.805,,,20150600,20150900,20150300
2014-06-12 05:00:00,99.81,,99.82,20150600,20150900,20150300
2014-06-13 05:00:00,99.815,,99.835,20150600,20150900,20150300
2014-06-13 10:00:00,,,99.83,20150600,20150900,20150300
2014-06-13 11:00:00,99.815,,99.825,20150600,20150900,20150300
2014-06-13 15:00:00,99.82,,99.835,20150600,20150900,20150300
2014-06-16 05:00:00,99.82,,99.835,20150600,20150900,20150300
2014-06-16 06:00:00,,,99.83,20150600,20150900,20150300
2014-06-16 07:00:00,,,99.83,20150600,20150900,20150300
2014-06-16 10:00:00,,,99.835,20150600,20150900,20150300
2014-06-17 05:00:00,99.805,,99.82,20150600,20150900,20150300
2014-06-17 12:00:00,99.81,,,20150600,20150900,20150300
2014-06-17 13:00:00,99.81,,,20150600,20150900,20150300
2014-06-17 15:00:00,,,99.815,20150600,20150900,20150300
2014-06-18 05:00:00,99.81,,99.825,20150600,20150900,20150300
2014-06-18 09:00:00,,,99.825,20150600,20150900,20150300
2014-06-18 10:00:00,,,99.825,20150600,20150900,20150300
2014-06-18 11:00:00,,,99.825,20150600,20150900,20150300
2014-06-18 15:00:00,99.805,,99.825,20150600,20150900,20150300
2014-06-19 05:00:00,99.815,,99.83,20150600,20150900,20150300
2014-06-19 07:00:00,,,99.82,20150600,20150900,20150300
2014-06-19 09:00:00,,,99.825,20150600,20150900,20150300
2014-06-19 10:00:00,99.815,,,20150600,20150900,20150300
2014-06-19 13:00:00,,,99.83,20150600,20150900,20150300
2014-06-19 15:00:00,,,99.82,20150600,20150900,20150300
2014-06-20 05:00:00,99.805,,99.82,20150600,20150900,20150300
2014-06-23 05:00:00,99.81,,99.82,20150600,20150900,20150300
2014-06-23 12:00:00,99.81,,,20150600,20150900,20150300
2014-06-24 05:00:00,99.81,,99.82,20150600,20150900,20150300
2014-06-25 05:00:00,99.815,,99.825,20150600,20150900,20150300
2014-06-26 05:00:00,99.82,,99.835,20150600,20150900,20150300
2014-06-26 09:00:00,,,99.825,20150600,20150900,20150300
2014-06-26 11:00:00,,,99.825,20150600,20150900,20150300
2014-06-26 15:00:00,99.825,,99.835,20150600,20150900,20150300
2014-06-27 05:00:00,99.815,,99.825,20150600,20150900,20150300
2014-06-30 05:00:00,99.825,,99.83,20150600,20150900,20150300
2014-07-01 05:00:00,99.83,,99.835,20150600,20150900,20150300
2014-07-01 08:00:00,99.825,,,20150600,20150900,20150300
2014-07-02 05:00:00,99.82,,99.83,20150600,20150900,20150300
2014-07-03 05:00:00,99.83,,99.835,20150600,20150900,20150300
2014-07-03 10:00:00,99.825,,99.835,20150600,20150900,20150300
2014-07-04 05:00:00,99.835,,99.84,20150600,20150900,20150300
2014-07-04 11:00:00,99.835,,,20150600,20150900,20150300
2014-07-07 05:00:00,99.83,,99.835,20150600,20150900,20150300
2014-07-08 05:00:00,99.835,,99.84,20150600,20150900,20150300
2014-07-08 15:00:00,99.83,,,20150600,20150900,20150300
2014-07-09 05:00:00,99.83,,99.83,20150600,20150900,20150300
2014-07-10 05:00:00,99.83,,99.83,20150600,20150900,20150300
2014-07-10 16:00:00,,,99.83,20150600,20150900,20150300
2014-07-11 05:00:00,99.825,,99.825,20150600,20150900,20150300
2014-07-14 05:00:00,99.82,,99.82,20150600,20150900,20150300
2014-07-15 05:00:00,99.82,,99.82,20150600,20150900,20150300
2014-07-16 05:00:00,99.825,,99.825,20150600,20150900,20150300
2014-07-16 07:00:00,99.825,,,20150600,20150900,20150300
2014-07-17 05:00:00,99.83,,99.83,20150600,20150900,20150300
2014-07-17 10:00:00,99.825,,,20150600,20150900,20150300
2014-07-17 14:00:00,,,99.825,20150600,20150900,20150300
2014-07-18 05:00:00,99.825,,99.825,20150600,20150900,20150300
2014-07-21 05:00:00,99.82,,99.82,20150600,20150900,20150300
2014-07-22 05:00:00,99.815,,99.815,20150600,20150900,20150300
2014-07-22 13:00:00,99.81,,,20150600,20150900,20150300
2014-07-22 15:00:00,,,99.81,20150600,20150900,20150300
2014-07-23 05:00:00,99.815,,99.815,20150600,20150900,20150300
2014-07-24 05:00:00,99.81,,99.81,20150600,20150900,20150300
2014-07-24 10:00:00,,,99.815,20150600,20150900,20150300
2014-07-24 11:00:00,99.81,,99.81,20150600,20150900,20150300
2014-07-25 05:00:00,99.82,,99.815,20150600,20150900,20150300
2014-07-28 05:00:00,99.815,,99.81,20150600,20150900,20150300
2014-07-28 13:00:00,,,99.81,20150600,20150900,20150300
2014-07-29 05:00:00,99.815,,99.815,20150600,20150900,20150300
2014-07-29 08:00:00,99.81,,,20150600,20150900,20150300
2014-07-29 15:00:00,,,99.815,20150600,20150900,20150300
2014-07-30 05:00:00,99.805,,99.81,20150600,20150900,20150300
2014-07-30 09:00:00,99.815,,,20150600,20150900,20150300
2014-07-31 05:00:00,99.81,,99.81,20150600,20150900,20150300
2014-08-01 05:00:00,99.81,,99.81,20150600,20150900,20150300
2014-08-04 05:00:00,99.81,,99.81,20150600,20150900,20150300
2014-08-05 05:00:00,99.805,,99.805,20150600,20150900,20150300
2014-08-06 05:00:00,99.82,,99.82,20150600,20150900,20150300
2014-08-06 09:00:00,,,99.815,20150600,20150900,20150300
2014-08-07 05:00:00,99.82,,99.82,20150600,20150900,20150300
2014-08-07 08:00:00,99.82,,,20150600,20150900,20150300
2014-08-07 13:00:00,,,99.82,20150600,20150900,20150300
2014-08-08 05:00:00,99.815,,99.815,20150600,20150900,20150300
2014-08-08 14:00:00,,,99.81,20150600,20150900,20150300
2014-08-11 05:00:00,99.82,,99.82,20150600,20150900,20150300
2014-08-12 05:00:00,99.825,,99.82,20150600,20150900,20150300
2014-08-13 05:00:00,99.83,,99.825,20150600,20150900,20150300
2014-08-14 05:00:00,99.83,,99.83,20150600,20150900,20150300
2014-08-15 05:00:00,99.835,,99.83,20150600,20150900,20150300
2014-08-18 05:00:00,99.835,,99.835,20150600,20150900,20150300
2014-08-18 08:00:00,,,99.83,20150600,20150900,20150300
2014-08-18 09:00:00,99.835,,,20150600,20150900,20150300
2014-08-19 05:00:00,99.845,,99.845,20150600,20150900,20150300
2014-08-19 16:00:00,,,99.84,20150600,20150900,20150300
2014-08-20 05:00:00,99.845,,99.85,20150600,20150900,20150300
2014-08-21 05:00:00,99.85,,99.85,20150600,20150900,20150300
2014-08-22 05:00:00,99.85,,99.85,20150600,20150900,20150300
2014-08-25 05:00:00,99.895,,99.895,20150600,20150900,20150300
2014-08-25 07:00:00,99.885,,,20150600,20150900,20150300
2014-08-25 11:00:00,,,99.91,20150600,20150900,20150300
2014-08-25 12:00:00,,,99.895,20150600,20150900,20150300
2014-08-25 14:00:00,,,99.895,20150600,20150900,20150300
2014-08-26 05:00:00,99.885,99.87,99.89,20150600,20150900,20150300
2014-08-26 07:00:00,,,99.895,20150900,20151200,20150600
2014-08-26 08:00:00,99.88,,,20150900,20151200,20150600
2014-08-26 14:00:00,99.87,,,20150900,20151200,20150600
2014-08-26 15:00:00,,,99.88,20150900,20151200,20150600
2014-08-27 05:00:00,99.865,,99.875,20150900,20151200,20150600
2014-08-27 06:00:00,99.875,,99.885,20150900,20151200,20150600
2014-08-27 07:00:00,,,99.89,20150900,20151200,20150600
2014-08-28 05:00:00,99.85,,99.865,20150900,20151200,20150600
2014-08-28 06:00:00,,,99.875,20150900,20151200,20150600
2014-08-28 07:00:00,,,99.875,20150900,20151200,20150600
2014-08-28 11:00:00,99.86,,,20150900,20151200,20150600
2014-08-28 13:00:00,99.855,,,20150900,20151200,20150600
2014-08-29 05:00:00,99.87,,99.88,20150900,20151200,20150600
2014-08-29 14:00:00,99.87,,,20150900,20151200,20150600
2014-09-01 05:00:00,99.885,,99.895,20150900,20151200,20150600
2014-09-02 05:00:00,99.88,,99.89,20150900,20151200,20150600
2014-09-02 09:00:00,,,99.895,20150900,20151200,20150600
2014-09-03 05:00:00,99.87,,99.88,20150900,20151200,20150600
2014-09-04 05:00:00,99.925,,99.93,20150900,20151200,20150600
2014-09-04 15:00:00,99.925,,99.93,20150900,20151200,20150600
2014-09-05 05:00:00,99.925,,99.935,20150900,20151200,20150600
2014-09-05 07:00:00,99.935,,,20150900,20151200,20150600
2014-09-05 11:00:00,,,99.93,20150900,20151200,20150600
2014-09-08 05:00:00,99.93,,99.935,20150900,20151200,20150600
2014-09-08 09:00:00,99.93,,,20150900,20151200,20150600
2014-09-08 15:00:00,99.92,,99.93,20150900,20151200,20150600
2014-09-09 05:00:00,99.92,,99.93,20150900,20151200,20150600
2014-09-09 12:00:00,99.92,,,20150900,20151200,20150600
2014-09-10 05:00:00,99.915,,99.93,20150900,20151200,20150600
2014-09-10 07:00:00,99.91,,,20150900,20151200,20150600
2014-09-10 09:00:00,,,99.925,20150900,20151200,20150600
2014-09-10 11:00:00,99.91,,,20150900,20151200,20150600
2014-09-11 05:00:00,99.925,,99.935,20150900,20151200,20150600
2014-09-12 05:00:00,99.915,,99.925,20150900,20151200,20150600
2014-09-12 12:00:00,99.915,,,20150900,20151200,20150600
2014-09-12 13:00:00,99.915,,,20150900,20151200,20150600
2014-09-15 05:00:00,99.925,,99.935,20150900,20151200,20150600
2014-09-15 12:00:00,99.92,,,20150900,20151200,20150600
2014-09-16 05:00:00,99.91,,99.925,20150900,20151200,20150600
2014-09-16 11:00:00,,,99.93,20150900,20151200,20150600
2014-09-17 05:00:00,99.925,,99.935,20150900,20151200,20150600
2014-09-17 13:00:00,99.92,,,20150900,20151200,20150600
2014-09-18 05:00:00,99.905,,99.92,20150900,20151200,20150600
2014-09-19 05:00:00,99.92,,99.935,20150900,20151200,20150600
2014-09-19 09:00:00,99.91,,,20150900,20151200,20150600
2014-09-22 05:00:00,99.92,,99.935,20150900,20151200,20150600
2014-09-23 05:00:00,99.91,,99.925,20150900,20151200,20150600
2014-09-23 14:00:00,99.91,,,20150900,20151200,20150600
2014-09-24 05:00:00,99.915,,99.93,20150900,20151200,20150600
2014-09-24 07:00:00,,,99.92,20150900,20151200,20150600
2014-09-25 05:00:00,99.92,,99.93,20150900,20151200,20150600
2014-09-25 10:00:00,99.92,,,20150900,20151200,20150600
2014-09-26 05:00:00,99.925,,99.935,20150900,20151200,20150600
2014-09-29 05:00:00,99.925,,99.935,20150900,20151200,20150600
2014-09-30 05:00:00,99.93,,99.94,20150900,20151200,20150600
2014-09-30 12:00:00,99.93,,,20150900,20151200,20150600
2014-09-30 13:00:00,99.935,,99.94,20150900,20151200,20150600
2014-10-01 05:00:00,99.94,,99.945,20150900,20151200,20150600
2014-10-01 09:00:00,,,99.945,20150900,20151200,20150600
2014-10-01 11:00:00,99.94,,99.95,20150900,20151200,20150600
2014-10-02 05:00:00,99.93,,99.94,20150900,20151200,20150600
2014-10-02 08:00:00,99.94,,99.95,20150900,20151200,20150600
2014-10-02 11:00:00,99.925,,,20150900,20151200,20150600
2014-10-02 12:00:00,99.93,,,20150900,20151200,20150600
2014-10-02 13:00:00,99.93,,99.94,20150900,20151200,20150600
2014-10-03 05:00:00,99.92,,99.93,20150900,20151200,20150600
2014-10-03 10:00:00,,,99.935,20150900,20151200,20150600
2014-10-03 11:00:00,99.92,,99.93,20150900,20151200,20150600
2014-10-06 05:00:00,99.93,,99.94,20150900,20151200,20150600
2014-10-06 15:00:00,99.925,,99.935,20150900,20151200,20150600
2014-10-06 16:00:00,99.93,,,20150900,20151200,20150600
2014-10-07 05:00:00,99.93,,99.94,20150900,20151200,20150600
2014-10-07 06:00:00,99.92,,,20150900,20151200,20150600
2014-10-07 08:00:00,99.925,,99.93,20150900,20151200,20150600
2014-10-07 13:00:00,99.925,,,20150900,20151200,20150600
2014-10-08 05:00:00,99.93,,99.935,20150900,20151200,20150600
2014-10-09 05:00:00,99.925,,99.93,20150900,20151200,20150600
2014-10-09 06:00:00,99.93,,,20150900,20151200,20150600
2014-10-10 05:00:00,99.91,,99.92,20150900,20151200,20150600
2014-10-10 14:00:00,99.91,,,20150900,20151200,20150600
2014-10-13 05:00:00,99.9,,99.91,20150900,20151200,20150600
2014-10-13 15:00:00,99.9,,,20150900,20151200,20150600
2014-10-14 05:00:00,99.91,,99.92,20150900,20151200,20150600
2014-10-15 05:00:00,99.915,,99.915,20150900,20151200,20150600
2014-10-16 05:00:00,99.885,,99.885,20150900,20151200,20150600
2014-10-16 09:00:00,99.9,,,20150900,20151200,20150600
2014-10-17 05:00:00,99.895,,99.905,20150900,20151200,20150600
2014-10-20 05:00:00,99.905,,99.91,20150900,20151200,20150600
2014-10-21 05:00:00,99.9,,99.905,20150900,20151200,20150600
2014-10-21 07:00:00,99.905,,,20150900,20151200,20150600
2014-10-21 15:00:00,99.9,,,20150900,20151200,20150600
2014-10-22 05:00:00,99.89,,99.9,20150900,20151200,20150600
2014-10-22 10:00:00,99.885,,99.895,20150900,20151200,20150600
2014-10-22 12:00:00,99.89,,,20150900,20151200,20150600
2014-10-23 05:00:00,99.895,,99.905,20150900,20151200,20150600
2014-10-23 14:00:00,99.895,,,20150900,20151200,20150600
2014-10-24 05:00:00,99.895,,99.9,20150900,20151200,20150600
2014-10-24 07:00:00,99.9,,,20150900,20151200,20150600
2014-10-24 11:00:00,99.9,,,20150900,20151200,20150600
2014-10-27 05:00:00,99.89,,99.9,20150900,20151200,20150600
2014-10-28 05:00:00,99.895,,99.905,20150900,20151200,20150600
2014-10-28 13:00:00,,,99.905,20150900,20151200,20150600
2014-10-28 16:00:00,99.89,,,20150900,20151200,20150600
2014-10-29 05:00:00,99.895,,99.905,20150900,20151200,20150600
2014-10-30 05:00:00,99.9,,99.91,20150900,20151200,20150600
2014-10-30 17:00:00,99.905,,,20150900,20151200,20150600
2014-10-31 05:00:00,99.91,,99.915,20150900,20151200,20150600
2014-10-31 15:00:00,99.91,,,20150900,20151200,20150600
2014-10-31 16:00:00,99.91,,,20150900,20151200,20150600
2014-11-03 06:00:00,99.91,,99.915,20150900,20151200,20150600
2014-11-03 07:00:00,,,99.915,20150900,20151200,20150600
2014-11-03 15:00:00,,,99.92,20150900,20151200,20150600
2014-11-03 17:00:00,,,99.92,20150900,20151200,20150600
2014-11-04 06:00:00,99.915,,99.925,20150900,20151200,20150600
2014-11-04 10:00:00,99.92,,,20150900,20151200,20150600
2014-11-04 12:00:00,99.92,,,20150900,20151200,20150600
2014-11-04 14:00:00,99.92,,,20150900,20151200,20150600
2014-11-05 06:00:00,99.915,,99.925,20150900,20151200,20150600
2014-11-06 06:00:00,99.92,,99.925,20150900,20151200,20150600
2014-11-06 12:00:00,99.915,,,20150900,20151200,20150600
2014-11-07 06:00:00,99.925,,99.93,20150900,20151200,20150600
2014-11-07 15:00:00,99.925,,,20150900,20151200,20150600
2014-11-10 06:00:00,99.92,,99.925,20150900,20151200,20150600
2014-11-10 09:00:00,99.925,,,20150900,20151200,20150600
2014-11-10 16:00:00,,,99.92,20150900,20151200,20150600
2014-11-11 06:00:00,99.92,,99.925,20150900,20151200,20150600
2014-11-12 06:00:00,99.925,,99.925,20150900,20151200,20150600
2014-11-13 06:00:00,99.925,,99.925,20150900,20151200,20150600
2014-11-13 13:00:00,99.925,,,20150900,20151200,20150600
2014-11-14 06:00:00,99.92,,99.92,20150900,20151200,20150600
2014-11-17 06:00:00,99.92,,99.92,20150900,20151200,20150600
2014-11-17 12:00:00,99.915,,,20150900,20151200,20150600
2014-11-18 06:00:00,99.915,,99.915,20150900,20151200,20150600
2014-11-18 11:00:00,99.915,,,20150900,20151200,20150600
2014-11-19 06:00:00,99.905,,99.91,20150900,20151200,20150600
2014-11-19 14:00:00,99.9,,,20150900,20151200,20150600
2014-11-20 06:00:00,99.915,,99.92,20150900,20151200,20150600
2014-11-20 14:00:00,99.915,,,20150900,20151200,20150600
2014-11-21 06:00:00,99.93,,99.935,20150900,20151200,20150600
2014-11-21 08:00:00,99.92,,,20150900,20151200,20150600
2014-11-21 09:00:00,99.925,,99.925,20150900,20151200,20150600
2014-11-24 06:00:00,99.93,,99.93,20150900,20151200,20150600
2014-11-24 12:00:00,99.93,,,20150900,20151200,20150600
2014-11-24 13:00:00,99.93,,,20150900,20151200,20150600
2014-11-24 15:00:00,99.925,,,20150900,20151200,20150600
2014-11-24 16:00:00,99.93,,,20150900,20151200,20150600
2014-11-24 17:00:00,99.93,,,20150900,20151200,20150600
2014-11-25 06:00:00,99.925,,99.93,20150900,20151200,20150600
2014-11-25 07:00:00,99.93,,,20150900,20151200,20150600
2014-11-25 08:00:00,99.93,,,20150900,20151200,20150600
2014-11-25 10:00:00,99.93,,,20150900,20151200,20150600
2014-11-25 13:00:00,99.925,,,20150900,20151200,20150600
2014-11-25 14:00:00,99.925,,,20150900,20151200,20150600
2014-11-26 06:00:00,99.925,99.915,99.93,20150900,20151200,20150600
2014-11-26 08:00:00,,,99.925,20151200,20160300,20150900
2014-11-26 09:00:00,,,99.925,20151200,20160300,20150900
2014-11-26 10:00:00,,,99.925,20151200,20160300,20150900
2014-11-26 11:00:00,,,99.925,20151200,20160300,20150900
2014-11-26 14:00:00,99.91,,,20151200,20160300,20150900
2014-11-27 06:00:00,99.91,,99.925,20151200,20160300,20150900
2014-11-27 10:00:00,,,99.925,20151200,20160300,20150900
2014-11-28 06:00:00,99.915,,99.925,20151200,20160300,20150900
2014-12-01 06:00:00,99.905,,99.915,20151200,20160300,20150900
2014-12-02 06:00:00,99.905,,99.92,20151200,20160300,20150900
2014-12-02 12:00:00,,,99.92,20151200,20160300,20150900
2014-12-02 13:00:00,,,99.92,20151200,20160300,20150900
2014-12-03 06:00:00,99.915,,99.93,20151200,20160300,20150900
2014-12-03 14:00:00,,,99.93,20151200,20160300,20150900
2014-12-03 16:00:00,,,99.935,20151200,20160300,20150900
2014-12-04 06:00:00,99.9,,99.915,20151200,20160300,20150900
2014-12-04 09:00:00,99.92,,,20151200,20160300,20150900
2014-12-04 10:00:00,,,99.93,20151200,20160300,20150900
2014-12-04 12:00:00,,,99.93,20151200,20160300,20150900
2014-12-04 15:00:00,,,99.92,20151200,20160300,20150900
2014-12-05 06:00:00,99.9,,99.915,20151200,20160300,20150900
2014-12-08 06:00:00,99.905,,99.92,20151200,20160300,20150900
2014-12-08 11:00:00,,,99.92,20151200,20160300,20150900
2014-12-08 16:00:00,99.905,,,20151200,20160300,20150900
2014-12-09 06:00:00,99.905,,99.92,20151200,20160300,20150900
2014-12-09 08:00:00,,,99.925,20151200,20160300,20150900
2014-12-09 10:00:00,,,99.92,20151200,20160300,20150900
2014-12-09 14:00:00,,,99.92,20151200,20160300,20150900
2014-12-10 06:00:00,99.9,,99.915,20151200,20160300,20150900
2014-12-10 09:00:00,,,99.91,20151200,20160300,20150900
2014-12-10 12:00:00,,,99.91,20151200,20160300,20150900
2014-12-10 14:00:00,99.9,,,20151200,20160300,20150900
2014-12-11 06:00:00,99.905,,99.915,20151200,20160300,20150900
2014-12-11 10:00:00,,,99.92,20151200,20160300,20150900
2014-12-12 06:00:00,99.91,,99.92,20151200,20160300,20150900
2014-12-12 08:00:00,,,99.915,20151200,20160300,20150900
2014-12-12 13:00:00,,,99.92,20151200,20160300,20150900
2014-12-15 06:00:00,99.915,,99.925,20151200,20160300,20150900
2014-12-15 07:00:00,,,99.915,20151200,20160300,20150900
2014-12-15 08:00:00,,,99.91,20151200,20160300,20150900
2014-12-15 15:00:00,,,99.92,20151200,20160300,20150900
2014-12-16 06:00:00,99.91,,99.915,20151200,20160300,20150900
2014-12-16 08:00:00,99.91,,,20151200,20160300,20150900
2014-12-16 11:00:00,,,99.92,20151200,20160300,20150900
2014-12-17 06:00:00,99.915,,99.92,20151200,20160300,20150900
2014-12-17 10:00:00,,,99.92,20151200,20160300,20150900
2014-12-18 06:00:00,99.92,,99.925,20151200,20160300,20150900
2014-12-18 07:00:00,,,99.935,20151200,20160300,20150900
2014-12-18 12:00:00,,,99.925,20151200,20160300,20150900
2014-12-19 06:00:00,99.93,,99.94,20151200,20160300,20150900
2014-12-19 10:00:00,,,99.93,20151200,20160300,20150900
2014-12-22 06:00:00,99.935,,99.94,20151200,20160300,20150900
2014-12-22 14:00:00,,,99.94,20151200,20160300,20150900
2014-12-22 16:00:00,,,99.94,20151200,20160300,20150900
2014-12-23 06:00:00,99.935,,99.94,20151200,20160300,20150900
2014-12-23 16:00:00,99.93,,,20151200,20160300,20150900
2014-12-29 06:00:00,99.94,,99.945,20151200,20160300,20150900
2014-12-30 06:00:00,99.94,,99.94,20151200,20160300,20150900
2015-01-02 06:00:00,99.96,,99.965,20151200,20160300,20150900
2015-01-05 06:00:00,99.96,,99.96,20151200,20160300,20150900
2015-01-05 09:00:00,,,99.96,20151200,20160300,20150900
2015-01-06 06:00:00,99.96,,99.96,20151200,20160300,20150900
2015-01-06 12:00:00,,,99.965,20151200,20160300,20150900
2015-01-07 06:00:00,99.955,,99.96,20151200,20160300,20150900
2015-01-07 11:00:00,,,99.96,20151200,20160300,20150900
2015-01-08 06:00:00,99.955,,99.955,20151200,20160300,20150900
2015-01-09 06:00:00,99.96,,99.965,20151200,20160300,20150900
2015-01-09 12:00:00,,,99.96,20151200,20160300,20150900
2015-01-09 16:00:00,,,99.965,20151200,20160300,20150900
2015-01-12 06:00:00,99.96,,99.965,20151200,20160300,20150900
2015-01-13 06:00:00,99.96,,99.965,20151200,20160300,20150900
2015-01-14 06:00:00,99.97,,99.97,20151200,20160300,20150900
2015-01-14 15:00:00,,,99.97,20151200,20160300,20150900
2015-01-15 06:00:00,99.96,,99.96,20151200,20160300,20150900
2015-01-15 11:00:00,,,100.0,20151200,20160300,20150900
2015-01-15 14:00:00,,,99.995,20151200,20160300,20150900
2015-01-16 06:00:00,100.0,,100.005,20151200,20160300,20150900
2015-01-16 11:00:00,,,100.0,20151200,20160300,20150900
2015-01-19 06:00:00,100.0,,100.0,20151200,20160300,20150900
2015-01-19 16:00:00,,,100.005,20151200,20160300,20150900
2015-01-20 06:00:00,99.985,,99.99,20151200,20160300,20150900
2015-01-20 08:00:00,,,100.0,20151200,20160300,20150900
2015-01-20 09:00:00,,,100.0,20151200,20160300,20150900
2015-01-20 17:00:00,,,99.99,20151200,20160300,20150900
2015-01-21 06:00:00,99.98,,99.99,20151200,20160300,20150900
2015-01-21 08:00:00,,,99.995,20151200,20160300,20150900
2015-01-22 06:00:00,100.0,,100.0,20151200,20160300,20150900
2015-01-22 08:00:00,,,99.985,20151200,20160300,20150900
2015-01-22 10:00:00,,,99.98,20151200,20160300,20150900
2015-01-22 14:00:00,,,100.0,20151200,20160300,20150900
2015-01-23 06:00:00,100.0,,100.005,20151200,20160300,20150900
2015-01-23 12:00:00,,,100.005,20151200,20160300,20150900
2015-01-23 15:00:00,,,100.005,20151200,20160300,20150900
2015-01-23 16:00:00,,,100.0,20151200,20160300,20150900
2015-01-26 06:00:00,99.98,,99.98,20151200,20160300,20150900
2015-01-26 14:00:00,99.985,,,20151200,20160300,20150900
2015-01-27 06:00:00,100.0,,100.0,20151200,20160300,20150900
2015-01-28 06:00:00,99.995,,99.99,20151200,20160300,20150900
2015-01-28 11:00:00,,,99.99,20151200,20160300,20150900
2015-01-28 12:00:00,99.99,,99.99,20151200,20160300,20150900
2015-01-28 13:00:00,,,99.99,20151200,20160300,20150900
2015-01-28 14:00:00,,,99.99,20151200,20160300,20150900
2015-01-29 06:00:00,99.97,,99.975,20151200,20160300,20150900
2015-01-29 07:00:00,99.98,,,20151200,20160300,20150900
2015-01-29 09:00:00,99.975,,,20151200,20160300,20150900
2015-01-29 14:00:00,99.975,,99.975,20151200,20160300,20150900
2015-01-29 15:00:00,99.975,,99.975,20151200,20160300,20150900
2015-01-29 16:00:00,,,99.975,20151200,20160300,20150900
2015-01-29 17:00:00,99.97,,,20151200,20160300,20150900
2015-01-30 06:00:00,99.955,,99.955,20151200,20160300,20150900
2015-01-30 09:00:00,,,99.975,20151200,20160300,20150900
2015-01-30 10:00:00,,,99.97,20151200,20160300,20150900
2015-01-30 11:00:00,99.97,,,20151200,20160300,20150900
2015-01-30 12:00:00,99.97,,99.97,20151200,20160300,20150900
2015-02-02 06:00:00,99.965,,99.96,20151200,20160300,20150900
2015-02-03 06:00:00,99.975,,99.97,20151200,20160300,20150900
2015-02-03 12:00:00,,,99.97,20151200,20160300,20150900
2015-02-04 06:00:00,99.965,,99.96,20151200,20160300,20150900
2015-02-04 08:00:00,99.965,,99.96,20151200,20160300,20150900
2015-02-05 06:00:00,99.965,,99.96,20151200,20160300,20150900
2015-02-05 12:00:00,,,99.96,20151200,20160300,20150900
2015-02-05 13:00:00,,,99.96,20151200,20160300,20150900
2015-02-06 06:00:00,99.96,,99.96,20151200,20160300,20150900
2015-02-06 08:00:00,,,99.95,20151200,20160300,20150900
2015-02-06 10:00:00,,,99.96,20151200,20160300,20150900
2015-02-09 06:00:00,99.955,,99.945,20151200,20160300,20150900
2015-02-10 06:00:00,99.96,,99.96,20151200,20160300,20150900
2015-02-10 10:00:00,99.96,,,20151200,20160300,20150900
2015-02-10 13:00:00,,,99.955,20151200,20160300,20150900
2015-02-11 06:00:00,99.96,,99.955,20151200,20160300,20150900
2015-02-11 11:00:00,,,99.955,20151200,20160300,20150900
2015-02-12 06:00:00,99.97,,99.965,20151200,20160300,20150900
2015-02-12 09:00:00,,,99.96,20151200,20160300,20150900
2015-02-12 13:00:00,,,99.96,20151200,20160300,20150900
2015-02-12 15:00:00,,,99.965,20151200,20160300,20150900
2015-02-12 16:00:00,,,99.965,20151200,20160300,20150900
2015-02-13 06:00:00,99.975,,99.965,20151200,20160300,20150900
2015-02-16 06:00:00,99.975,,99.965,20151200,20160300,20150900
2015-02-17 06:00:00,99.97,,99.96,20151200,20160300,20150900
2015-02-18 06:00:00,99.975,,99.965,20151200,20160300,20150900
2015-02-19 06:00:00,99.97,,99.965,20151200,20160300,20150900
2015-02-20 06:00:00,99.96,,99.945,20151200,20160300,20150900
2015-02-20 12:00:00,,,99.95,20151200,20160300,20150900
2015-02-20 16:00:00,,,99.945,20151200,20160300,20150900
2015-02-23 06:00:00,99.98,,99.97,20151200,20160300,20150900
2015-02-23 10:00:00,99.98,,,20151200,20160300,20150900
2015-02-23 14:00:00,,,99.97,20151200,20160300,20150900
2015-02-23 16:00:00,,,99.97,20151200,20160300,20150900
2015-02-24 06:00:00,99.985,,99.975,20151200,20160300,20150900
2015-02-24 13:00:00,,,99.975,20151200,20160300,20150900
2015-02-25 06:00:00,99.995,99.995,99.985,20151200,20160300,20150900
2015-02-25 13:00:00,99.995,,,20160300,20160600,20151200
2015-02-25 14:00:00,99.995,,,20160300,20160600,20151200
2015-02-26 06:00:00,100.005,,100.005,20160300,20160600,20151200
2015-02-26 07:00:00,100.0,,,20160300,20160600,20151200
2015-02-26 08:00:00,,,100.0,20160300,20160600,20151200
2015-02-26 09:00:00,,,100.0,20160300,20160600,20151200
2015-02-26 13:00:00,,,99.995,20160300,20160600,20151200
2015-02-27 06:00:00,100.0,,100.0,20160300,20160600,20151200
2015-02-27 07:00:00,,,100.01,20160300,20160600,20151200
2015-03-02 06:00:00,100.0,,100.0,20160300,20160600,20151200
2015-03-02 16:00:00,100.0,,,20160300,20160600,20151200
2015-03-02 17:00:00,100.0,,,20160300,20160600,20151200
2015-03-03 06:00:00,99.995,,99.995,20160300,20160600,20151200
2015-03-03 08:00:00,,,99.995,20160300,20160600,20151200
2015-03-03 16:00:00,99.995,,,20160300,20160600,20151200
2015-03-04 06:00:00,99.99,,99.99,20160300,20160600,20151200
2015-03-04 14:00:00,99.995,,,20160300,20160600,20151200
2015-03-05 06:00:00,99.99,,99.995,20160300,20160600,20151200
2015-03-05 14:00:00,,,99.985,20160300,20160600,20151200
2015-03-06 06:00:00,99.985,,99.99,20160300,20160600,20151200
2015-03-09 05:00:00,99.99,,99.995,20160300,20160600,20151200
2015-03-09 08:00:00,,,99.995,20160300,20160600,20151200
2015-03-09 10:00:00,,,99.995,20160300,20160600,20151200
2015-03-09 12:00:00,,,99.995,20160300,20160600,20151200
2015-03-10 05:00:00,100.005,,100.005,20160300,20160600,20151200
2015-03-10 11:00:00,100.0,,,20160300,20160600,20151200
2015-03-11 05:00:00,100.01,,100.01,20160300,20160600,20151200
2015-03-11 08:00:00,100.005,,100.005,20160300,20160600,20151200
2015-03-11 09:00:00,,,100.005,20160300,20160600,20151200
2015-03-12 05:00:00,100.005,,100.01,20160300,20160600,20151200
2015-03-12 11:00:00,,,100.01,20160300,20160600,20151200
2015-03-13 05:00:00,100.005,,100.01,20160300,20160600,20151200
2015-03-16 05:00:00,100.005,,100.005,20160300,20160600,20151200
2015-03-16 10:00:00,100.005,,,20160300,20160600,20151200
2015-03-16 12:00:00,100.01,,100.01,20160300,20160600,20151200
2015-03-16 15:00:00,100.005,,,20160300,20160600,20151200
2015-03-17 05:00:00,99.99,,99.99,20160300,20160600,20151200
2015-03-17 09:00:00,,,100.005,20160300,20160600,20151200
2015-03-18 05:00:00,100.0,,100.0,20160300,20160600,20151200
2015-03-19 05:00:00,100.0,,100.0,20160300,20160600,20151200
2015-03-19 10:00:00,,,100.005,20160300,20160600,20151200
2015-03-19 11:00:00,,,100.005,20160300,20160600,20151200
2015-03-19 12:00:00,,,100.0,20160300,20160600,20151200
2015-03-20 05:00:00,100.005,,100.0,20160300,20160600,20151200
2015-03-20 10:00:00,,,100.0,20160300,20160600,20151200
2015-03-20 17:00:00,100.005,,,20160300,20160600,20151200
2015-03-23 05:00:00,99.99,,99.99,20160300,20160600,20151200
2015-03-23 13:00:00,,,99.995,20160300,20160600,20151200
2015-03-23 15:00:00,99.99,,99.995,20160300,20160600,20151200
2015-03-24 05:00:00,100.0,,99.995,20160300,20160600,20151200
2015-03-24 16:00:00,,,99.995,20160300,20160600,20151200
2015-03-25 05:00:00,100.0,,100.0,20160300,20160600,20151200
2015-03-25 16:00:00,,,100.0,20160300,20160600,20151200
2015-03-26 05:00:00,100.0,,100.0,20160300,20160600,20151200
2015-03-26 13:00:00,,,100.0,20160300,20160600,20151200
2015-03-26 14:00:00,100.0,,,20160300,20160600,20151200
2015-03-27 05:00:00,100.0,,100.0,20160300,20160600,20151200
2015-03-27 08:00:00,100.005,,,20160300,20160600,20151200
2015-03-27 09:00:00,100.005,,,20160300,20160600,20151200
2015-03-27 10:00:00,100.005,,,20160300,20160600,20151200
2015-03-27 13:00:00,100.005,,,20160300,20160600,20151200
2015-03-30 05:00:00,100.005,,100.005,20160300,20160600,20151200
2015-03-31 05:00:00,100.01,,100.01,20160300,20160600,20151200
2015-03-31 12:00:00,,,100.005,20160300,20160600,20151200
2015-03-31 13:00:00,,,100.005,20160300,20160600,20151200
2015-03-31 14:00:00,,,100.005,20160300,20160600,20151200
2015-03-31 15:00:00,,,100.005,20160300,20160600,20151200
2015-04-01 05:00:00,100.005,,100.005,20160300,20160600,20151200
2015-04-02 05:00:00,100.0,,99.995,20160300,20160600,20151200
2015-04-07 05:00:00,100.0,,100.0,20160300,20160600,20151200
2015-04-07 07:00:00,,,100.0,20160300,20160600,20151200
2015-04-07 12:00:00,100.0,,99.995,20160300,20160600,20151200
2015-04-08 05:00:00,100.01,,100.01,20160300,20160600,20151200
2015-04-08 13:00:00,,,100.005,20160300,20160600,20151200
2015-04-08 15:00:00,100.01,,100.01,20160300,20160600,20151200
2015-04-09 05:00:00,100.015,,100.01,20160300,20160600,20151200
2015-04-09 14:00:00,,,100.01,20160300,20160600,20151200
2015-04-09 15:00:00,100.01,,100.01,20160300,20160600,20151200
2015-04-10 05:00:00,100.015,,100.01,20160300,20160600,20151200
2015-04-10 15:00:00,,,100.01,20160300,20160600,20151200
2015-04-13 05:00:00,100.015,,100.01,20160300,20160600,20151200
2015-04-14 05:00:00,100.025,,100.02,20160300,20160600,20151200
2015-04-14 15:00:00,,,100.015,20160300,20160600,20151200
2015-04-15 05:00:00,100.025,,100.02,20160300,20160600,20151200
2015-04-15 15:00:00,100.02,,,20160300,20160600,20151200
2015-04-16 05:00:00,100.02,,100.02,20160300,20160600,20151200
2015-04-16 08:00:00,,,100.02,20160300,20160600,20151200
2015-04-17 05:00:00,100.01,,100.005,20160300,20160600,20151200
2015-04-17 06:00:00,100.015,,,20160300,20160600,20151200
2015-04-17 11:00:00,100.015,,100.01,20160300,20160600,20151200
2015-04-17 12:00:00,100.01,,100.01,20160300,20160600,20151200
2015-04-17 13:00:00,100.015,,100.01,20160300,20160600,20151200
2015-04-17 14:00:00,100.01,,100.01,20160300,20160600,20151200
2015-04-17 15:00:00,,,100.0,20160300,20160600,20151200
2015-04-20 05:00:00,100.005,,100.0,20160300,20160600,20151200
2015-04-20 06:00:00,100.005,,100.005,20160300,20160600,20151200
2015-04-20 07:00:00,100.01,,100.005,20160300,20160600,20151200
2015-04-20 08:00:00,,,100.005,20160300,20160600,20151200
2015-04-20 09:00:00,100.005,,,20160300,20160600,20151200
2015-04-20 10:00:00,,,100.0,20160300,20160600,20151200
2015-04-20 11:00:00,,,100.0,20160300,20160600,20151200
2015-04-20 12:00:00,,,100.0,20160300,20160600,20151200
2015-04-20 13:00:00,,,100.0,20160300,20160600,20151200
2015-04-20 14:00:00,100.005,,100.0,20160300,20160600,20151200
2015-04-20 15:00:00,100.005,,,20160300,20160600,20151200
2015-04-21 05:00:00,100.01,,100.01,20160300,20160600,20151200
2015-04-22 05:00:00,100.005,,100.005,20160300,20160600,20151200
2015-04-22 14:00:00,100.005,,100.0,20160300,20160600,20151200
2015-04-22 16:00:00,,,100.0,20160300,20160600,20151200
2015-04-23 05:00:00,100.01,,100.01,20160300,20160600,20151200
2015-04-23 07:00:00,100.01,,,20160300,20160600,20151200
2015-04-24 05:00:00,100.01,,100.005,20160300,20160600,20151200
2015-04-24 14:00:00,,,100.005,20160300,20160600,20151200
2015-04-27 05:00:00,100.015,,100.01,20160300,20160600,20151200
2015-04-27 11:00:00,100.005,,,20160300,20160600,20151200
2015-04-28 05:00:00,100.02,,100.02,20160300,20160600,20151200
2015-04-28 08:00:00,100.02,,,20160300,20160600,20151200
2015-04-29 05:00:00,100.005,,100.01,20160300,20160600,20151200
2015-04-29 08:00:00,100.015,,100.015,20160300,20160600,20151200
2015-04-29 09:00:00,100.01,,100.015,20160300,20160600,20151200
2015-04-29 10:00:00,100.01,,,20160300,20160600,20151200
2015-04-29 13:00:00,100.01,,100.015,20160300,20160600,20151200
2015-04-29 14:00:00,100.005,,,20160300,20160600,20151200
2015-04-30 05:00:00,99.99,,100.0,20160300,20160600,20151200
2015-04-30 07:00:00,100.0,,,20160300,20160600,20151200
2015-04-30 09:00:00,,,100.005,20160300,20160600,20151200
2015-04-30 12:00:00,,,100.0,20160300,20160600,20151200
2015-04-30 14:00:00,99.985,,99.995,20160300,20160600,20151200
2015-05-04 05:00:00,99.99,,100.005,20160300,20160600,20151200
2015-05-05 05:00:00,99.99,,100.0,20160300,20160600,20151200
2015-05-05 08:00:00,,,100.015,20160300,20160600,20151200
2015-05-05 09:00:00,100.0,,,20160300,20160600,20151200
2015-05-05 15:00:00,99.985,,99.995,20160300,20160600,20151200
2015-05-06 05:00:00,99.99,,100.0,20160300,20160600,20151200
2015-05-06 06:00:00,99.985,,99.995,20160300,20160600,20151200
2015-05-06 07:00:00,,,99.995,20160300,20160600,20151200
2015-05-06 08:00:00,,,100.0,20160300,20160600,20151200
2015-05-06 12:00:00,,,100.0,20160300,20160600,20151200
2015-05-06 14:00:00,99.99,,,20160300,20160600,20151200
2015-05-07 05:00:00,99.995,,100.005,20160300,20160600,20151200
2015-05-07 08:00:00,,,100.005,20160300,20160600,20151200
2015-05-07 09:00:00,,,100.0,20160300,20160600,20151200
2015-05-07 10:00:00,,,100.0,20160300,20160600,20151200
2015-05-07 11:00:00,,,100.005,20160300,20160600,20151200
2015-05-07 15:00:00,,,100.0,20160300,20160600,20151200
2015-05-08 05:00:00,100.0,,100.005,20160300,20160600,20151200
2015-05-08 06:00:00,,,100.005,20160300,20160600,20151200
2015-05-08 07:00:00,99.995,,,20160300,20160600,20151200
2015-05-08 08:00:00,,,100.005,20160300,20160600,20151200
2015-05-11 05:00:00,99.995,,100.005,20160300,20160600,20151200
2015-05-11 06:00:00,100.005,,,20160300,20160600,20151200
2015-05-11 16:00:00,99.995,,,20160300,20160600,20151200
2015-05-12 05:00:00,99.985,,100.0,20160300,20160600,20151200
2015-05-12 06:00:00,99.995,,100.005,20160300,20160600,20151200
2015-05-12 07:00:00,99.99,,,20160300,20160600,20151200
2015-05-12 12:00:00,99.99,,100.0,20160300,20160600,20151200
2015-05-13 05:00:00,99.985,,99.995,20160300,20160600,20151200
2015-05-13 07:00:00,99.99,,,20160300,20160600,20151200
2015-05-13 08:00:00,99.995,,,20160300,20160600,20151200
2015-05-13 13:00:00,99.985,,99.995,20160300,20160600,20151200
2015-05-13 15:00:00,99.975,,,20160300,20160600,20151200
2015-05-13 16:00:00,99.975,,,20160300,20160600,20151200
2015-05-14 05:00:00,99.975,,99.99,20160300,20160600,20151200
2015-05-14 10:00:00,99.975,,99.985,20160300,20160600,20151200
2015-05-14 12:00:00,99.975,,,20160300,20160600,20151200
2015-05-14 13:00:00,99.975,,,20160300,20160600,20151200
2015-05-15 05:00:00,99.98,,99.99,20160300,20160600,20151200
2015-05-15 06:00:00,99.98,,,20160300,20160600,20151200
2015-05-18 05:00:00,99.975,,99.99,20160300,20160600,20151200
2015-05-18 06:00:00,,,99.99,20160300,20160600,20151200
2015-05-19 05:00:00,99.985,,99.995,20160300,20160600,20151200
2015-05-19 07:00:00,99.985,,99.995,20160300,20160600,20151200
2015-05-19 12:00:00,,,99.995,20160300,20160600,20151200
2015-05-20 05:00:00,99.99,,100.0,20160300,20160600,20151200
2015-05-20 13:00:00,,,100.0,20160300,20160600,20151200
2015-05-21 05:00:00,99.99,,99.995,20160300,20160600,20151200
2015-05-21 07:00:00,,,100.0,20160300,20160600,20151200
2015-05-21 08:00:00,,,100.0,20160300,20160600,20151200
2015-05-21 09:00:00,99.99,,100.0,20160300,20160600,20151200
2015-05-22 05:00:00,99.98,,99.99,20160300,20160600,20151200
2015-05-22 11:00:00,,,99.995,20160300,20160600,20151200
2015-05-22 12:00:00,,,99.995,20160300,20160600,20151200
2015-05-26 05:00:00,99.985,,99.99,20160300,20160600,20151200
2015-05-27 05:00:00,99.99,99.98,100.0,20160300,20160600,20151200
2015-05-28 05:00:00,99.975,,99.985,20160600,20160900,20160300
2015-05-29 05:00:00,99.975,,99.985,20160600,20160900,20160300
2015-05-29 09:00:00,,,99.985,20160600,20160900,20160300
2015-06-01 05:00:00,99.98,,99.985,20160600,20160900,20160300
2015-06-01 12:00:00,,,99.985,20160600,20160900,20160300
2015-06-01 13:00:00,,,99.985,20160600,20160900,20160300
2015-06-01 15:00:00,99.975,,99.98,20160600,20160900,20160300
2015-06-02 05:00:00,99.965,,99.975,20160600,20160900,20160300
2015-06-02 06:00:00,,,99.98,20160600,20160900,20160300
2015-06-02 09:00:00,99.97,,,20160600,20160900,20160300
2015-06-02 12:00:00,99.97,,99.98,20160600,20160900,20160300
2015-06-02 13:00:00,99.965,,99.975,20160600,20160900,20160300
2015-06-03 05:00:00,99.96,,99.97,20160600,20160900,20160300
2015-06-03 06:00:00,,,99.98,20160600,20160900,20160300
2015-06-03 08:00:00,99.965,,,20160600,20160900,20160300
2015-06-04 05:00:00,99.955,,99.975,20160600,20160900,20160300
2015-06-04 06:00:00,99.95,,,20160600,20160900,20160300
2015-06-04 07:00:00,99.95,,,20160600,20160900,20160300
2015-06-04 09:00:00,99.945,,99.965,20160600,20160900,20160300
2015-06-05 05:00:00,99.95,,99.97,20160600,20160900,20160300
2015-06-08 05:00:00,99.935,,99.96,20160600,20160900,20160300
2015-06-09 05:00:00,99.925,,99.95,20160600,20160900,20160300
2015-06-09 07:00:00,99.93,,,20160600,20160900,20160300
2015-06-09 12:00:00,,,99.95,20160600,20160900,20160300
2015-06-09 13:00:00,,,99.95,20160600,20160900,20160300
2015-06-10 05:00:00,99.93,,99.95,20160600,20160900,20160300
2015-06-10 07:00:00,99.91,,99.935,20160600,20160900,20160300
2015-06-10 14:00:00,99.94,,,20160600,20160900,20160300
2015-06-11 05:00:00,99.93,,99.945,20160600,20160900,20160300
2015-06-11 09:00:00,,,99.96,20160600,20160900,20160300
2015-06-12 05:00:00,99.92,,99.935,20160600,20160900,20160300
2015-06-12 06:00:00,,,99.95,20160600,20160900,20160300
2015-06-15 05:00:00,99.91,,99.925,20160600,20160900,20160300
2015-06-15 13:00:00,99.91,,,20160600,20160900,20160300
2015-06-16 05:00:00,99.915,,99.93,20160600,20160900,20160300
2015-06-16 06:00:00,99.91,,,20160600,20160900,20160300
2015-06-16 07:00:00,99.905,,99.92,20160600,20160900,20160300
2015-06-16 08:00:00,99.905,,,20160600,20160900,20160300
2015-06-16 15:00:00,99.915,,,20160600,20160900,20160300
2015-06-17 05:00:00,99.925,,99.94,20160600,20160900,20160300
2015-06-17 07:00:00,99.925,,99.94,20160600,20160900,20160300
2015-06-17 09:00:00,99.92,,,20160600,20160900,20160300
2015-06-18 05:00:00,99.94,,99.95,20160600,20160900,20160300
2015-06-18 08:00:00,99.94,,,20160600,20160900,20160300
2015-06-18 09:00:00,99.94,,,20160600,20160900,20160300
2015-06-18 10:00:00,99.945,,99.955,20160600,20160900,20160300
2015-06-19 05:00:00,99.94,,99.955,20160600,20160900,20160300
2015-06-22 05:00:00,99.96,,99.98,20160600,20160900,20160300
2015-06-23 05:00:00,99.965,,99.985,20160600,20160900,20160300
2015-06-23 06:00:00,99.97,,99.99,20160600,20160900,20160300
2015-06-24 05:00:00,99.965,,99.98,20160600,20160900,20160300
2015-06-24 08:00:00,99.97,,,20160600,20160900,20160300
2015-06-24 13:00:00,99.965,,99.98,20160600,20160900,20160300
2015-06-25 05:00:00,99.97,,99.98,20160600,20160900,20160300
2015-06-25 08:00:00,99.965,,,20160600,20160900,20160300
2015-06-26 05:00:00,99.965,,99.975,20160600,20160900,20160300
2015-06-26 09:00:00,99.97,,99.98,20160600,20160900,20160300
2015-06-29 05:00:00,99.965,,99.975,20160600,20160900,20160300
2015-06-29 07:00:00,99.96,,,20160600,20160900,20160300
2015-06-29 10:00:00,99.96,,,20160600,20160900,20160300
2015-06-30 05:00:00,99.97,,99.975,20160600,20160900,20160300
2015-07-01 05:00:00,99.975,,99.98,20160600,20160900,20160300
2015-07-02 05:00:00,99.98,,99.99,20160600,20160900,20160300
2015-07-02 11:00:00,,,99.985,20160600,20160900,20160300
2015-07-02 13:00:00,99.98,,,20160600,20160900,20160300
2015-07-03 05:00:00,99.975,,99.98,20160600,20160900,20160300
2015-07-06 05:00:00,99.975,,99.98,20160600,20160900,20160300
2015-07-06 10:00:00,99.975,,,20160600,20160900,20160300
2015-07-06 12:00:00,99.975,,,20160600,20160900,20160300
2015-07-06 13:00:00,99.975,,,20160600,20160900,20160300
2015-07-07 05:00:00,99.98,,99.99,20160600,20160900,20160300
2015-07-07 11:00:00,99.975,,99.98,20160600,20160900,20160300
2015-07-08 05:00:00,99.99,,99.99,20160600,20160900,20160300
2015-07-08 07:00:00,99.98,,99.985,20160600,20160900,20160300
2015-07-09 05:00:00,99.99,,99.995,20160600,20160900,20160300
2015-07-09 13:00:00,,,99.995,20160600,20160900,20160300
2015-07-10 05:00:00,99.975,,99.99,20160600,20160900,20160300
2015-07-13 05:00:00,99.995,,100.015,20160600,20160900,20160300
2015-07-13 06:00:00,,,99.99,20160600,20160900,20160300
2015-07-13 07:00:00,,,100.0,20160600,20160900,20160300
2015-07-13 08:00:00,,,100.0,20160600,20160900,20160300
2015-07-13 12:00:00,99.985,,100.0,20160600,20160900,20160300
2015-07-13 13:00:00,99.985,,,20160600,20160900,20160300
2015-07-13 14:00:00,99.98,,100.0,20160600,20160900,20160300
2015-07-14 05:00:00,100.0,,100.02,20160600,20160900,20160300
2015-07-15 05:00:00,100.005,,100.02,20160600,20160900,20160300
2015-07-15 09:00:00,,,100.02,20160600,20160900,20160300
2015-07-16 05:00:00,100.005,,100.015,20160600,20160900,20160300
2015-07-17 05:00:00,100.005,,100.015,20160600,20160900,20160300
2015-07-17 08:00:00,100.005,,,20160600,20160900,20160300
2015-07-20 05:00:00,100.0,,100.01,20160600,20160900,20160300
2015-07-20 14:00:00,,,100.015,20160600,20160900,20160300
2015-07-21 05:00:00,100.005,,100.015,20160600,20160900,20160300
2015-07-22 05:00:00,100.005,,100.01,20160600,20160900,20160300
2015-07-22 11:00:00,100.005,,,20160600,20160900,20160300
2015-07-22 13:00:00,100.005,,,20160600,20160900,20160300
2015-07-23 05:00:00,100.0,,100.005,20160600,20160900,20160300
2015-07-23 10:00:00,99.995,,,20160600,20160900,20160300
2015-07-23 12:00:00,100.0,,,20160600,20160900,20160300
2015-07-23 15:00:00,100.0,,100.01,20160600,20160900,20160300
2015-07-24 05:00:00,100.0,,100.005,20160600,20160900,20160300
2015-07-27 05:00:00,99.995,,100.005,20160600,20160900,20160300
2015-07-27 07:00:00,99.995,,,20160600,20160900,20160300
2015-07-27 11:00:00,99.995,,,20160600,20160900,20160300
2015-07-28 05:00:00,100.005,,100.015,20160600,20160900,20160300
2015-07-28 10:00:00,100.0,,,20160600,20160900,20160300
2015-07-28 11:00:00,100.0,,,20160600,20160900,20160300
2015-07-28 12:00:00,100.0,,,20160600,20160900,20160300
2015-07-28 13:00:00,,,100.01,20160600,20160900,20160300
2015-07-28 14:00:00,100.0,,,20160600,20160900,20160300
2015-07-29 05:00:00,100.01,,100.02,20160600,20160900,20160300
2015-07-29 10:00:00,100.0,,100.01,20160600,20160900,20160300
2015-07-29 12:00:00,100.0,,100.01,20160600,20160900,20160300
2015-07-29 13:00:00,100.005,,100.015,20160600,20160900,20160300
2015-07-30 05:00:00,100.01,,100.02,20160600,20160900,20160300
2015-07-31 05:00:00,100.015,,100.02,20160600,20160900,20160300
2015-07-31 09:00:00,,,100.02,20160600,20160900,20160300
2015-07-31 12:00:00,100.005,,100.015,20160600,20160900,20160300
2015-08-03 05:00:00,100.015,,100.025,20160600,20160900,20160300
2015-08-03 12:00:00,100.015,,,20160600,20160900,20160300
2015-08-03 13:00:00,100.015,,,20160600,20160900,20160300
2015-08-03 14:00:00,100.015,,,20160600,20160900,20160300
2015-08-04 05:00:00,100.015,,100.025,20160600,20160900,20160300
2015-08-04 09:00:00,,,100.025,20160600,20160900,20160300
2015-08-05 05:00:00,100.015,,100.02,20160600,20160900,20160300
2015-08-05 09:00:00,100.015,,,20160600,20160900,20160300
2015-08-05 14:00:00,,,100.02,20160600,20160900,20160300
2015-08-06 05:00:00,100.015,,100.02,20160600,20160900,20160300
2015-08-06 12:00:00,100.01,,,20160600,20160900,20160300
2015-08-07 05:00:00,100.02,,100.025,20160600,20160900,20160300
2015-08-07 15:00:00,,,100.025,20160600,20160900,20160300
2015-08-10 05:00:00,100.02,,100.03,20160600,20160900,20160300
2015-08-10 07:00:00,100.02,,,20160600,20160900,20160300
2015-08-10 08:00:00,100.02,,,20160600,20160900,20160300
2015-08-10 14:00:00,,,100.025,20160600,20160900,20160300
2015-08-10 15:00:00,100.02,,,20160600,20160900,20160300
2015-08-11 05:00:00,100.025,,100.03,20160600,20160900,20160300
2015-08-11 07:00:00,,,100.03,20160600,20160900,20160300
2015-08-12 05:00:00,100.03,,100.035,20160600,20160900,20160300
2015-08-12 06:00:00,100.025,,100.03,20160600,20160900,20160300
2015-08-12 07:00:00,100.03,,,20160600,20160900,20160300
2015-08-12 14:00:00,100.03,,100.035,20160600,20160900,20160300
2015-08-12 15:00:00,100.025,,100.035,20160600,20160900,20160300
2015-08-13 05:00:00,100.03,,100.035,20160600,20160900,20160300
2015-08-13 08:00:00,100.03,,,20160600,20160900,20160300
2015-08-13 15:00:00,100.025,,,20160600,20160900,20160300
2015-08-13 16:00:00,100.025,,,20160600,20160900,20160300
2015-08-14 05:00:00,100.025,,100.03,20160600,20160900,20160300
2015-08-14 13:00:00,,,100.035,20160600,20160900,20160300
2015-08-14 15:00:00,100.025,,100.03,20160600,20160900,20160300
2015-08-17 05:00:00,100.025,,100.03,20160600,20160900,20160300
2015-08-17 09:00:00,,,100.03,20160600,20160900,20160300
2015-08-17 11:00:00,100.02,,,20160600,20160900,20160300
2015-08-17 12:00:00,100.02,,,20160600,20160900,20160300
2015-08-17 13:00:00,,,100.03,20160600,20160900,20160300
2015-08-17 14:00:00,,,100.03,20160600,20160900,20160300
2015-08-17 15:00:00,100.02,,,20160600,20160900,20160300
2015-08-18 05:00:00,100.02,,100.03,20160600,20160900,20160300
2015-08-18 08:00:00,100.025,,100.035,20160600,20160900,20160300
2015-08-18 12:00:00,,,100.03,20160600,20160900,20160300
2015-08-19 05:00:00,100.025,,100.03,20160600,20160900,20160300
2015-08-19 06:00:00,,,100.03,20160600,20160900,20160300
2015-08-19 12:00:00,,,100.03,20160600,20160900,20160300
2015-08-19 13:00:00,100.025,,100.03,20160600,20160900,20160300
2015-08-20 05:00:00,100.03,,100.035,20160600,20160900,20160300
2015-08-20 11:00:00,100.025,,,20160600,20160900,20160300
2015-08-20 12:00:00,100.025,,100.03,20160600,20160900,20160300
2015-08-20 15:00:00,100.025,,100.035,20160600,20160900,20160300
2015-08-21 05:00:00,100.03,,100.035,20160600,20160900,20160300
2015-08-24 05:00:00,100.02,,100.025,20160600,20160900,20160300
2015-08-24 07:00:00,,,100.03,20160600,20160900,20160300
2015-08-24 08:00:00,100.02,,,20160600,20160900,20160300
2015-08-25 05:00:00,100.02,,100.03,20160600,20160900,20160300
2015-08-25 15:00:00,100.015,,,20160600,20160900,20160300
2015-08-26 05:00:00,100.02,,100.03,20160600,20160900,20160300
2015-08-26 12:00:00,100.02,,,20160600,20160900,20160300
2015-08-26 14:00:00,100.02,,,20160600,20160900,20160300
2015-08-26 15:00:00,100.02,,,20160600,20160900,20160300
2015-08-27 05:00:00,100.025,100.0,100.03,20160600,20160900,20160300
2015-08-27 07:00:00,,,100.025,20160900,20161200,20160600
2015-08-28 05:00:00,100.005,,100.02,20160900,20161200,20160600
2015-08-28 08:00:00,,,100.02,20160900,20161200,20160600
2015-08-28 12:00:00,,,100.02,20160900,20161200,20160600
2015-08-31 05:00:00,100.0,,100.02,20160900,20161200,20160600
2015-08-31 10:00:00,100.0,,,20160900,20161200,20160600
2015-09-01 05:00:00,100.0,,100.02,20160900,20161200,20160600
2015-09-01 10:00:00,100.0,,,20160900,20161200,20160600
2015-09-02 05:00:00,100.005,,100.025,20160900,20161200,20160600
2015-09-03 05:00:00,100.02,,100.035,20160900,20161200,20160600
2015-09-03 10:00:00,,,100.03,20160900,20161200,20160600
2015-09-04 05:00:00,100.02,,100.035,20160900,20161200,20160600
2015-09-04 06:00:00,100.025,,,20160900,20161200,20160600
2015-09-07 05:00:00,100.015,,100.03,20160900,20161200,20160600
2015-09-07 06:00:00,100.02,,100.035,20160900,20161200,20160600
2015-09-07 07:00:00,100.02,,100.035,20160900,20161200,20160600
2015-09-08 05:00:00,100.015,,100.035,20160900,20161200,20160600
2015-09-08 06:00:00,,,100.03,20160900,20161200,20160600
2015-09-08 15:00:00,,,100.035,20160900,20161200,20160600
2015-09-09 05:00:00,100.015,,100.035,20160900,20161200,20160600
2015-09-10 05:00:00,100.02,,100.035,20160900,20161200,20160600
2015-09-10 07:00:00,,,100.035,20160900,20161200,20160600
2015-09-10 09:00:00,,,100.035,20160900,20161200,20160600
2015-09-11 05:00:00,100.025,,100.035,20160900,20161200,20160600
2015-09-11 06:00:00,100.02,,,20160900,20161200,20160600
2015-09-11 07:00:00,,,100.03,20160900,20161200,20160600
2015-09-11 08:00:00,,,100.03,20160900,20161200,20160600
2015-09-11 13:00:00,,,100.035,20160900,20161200,20160600
2015-09-14 05:00:00,100.025,,100.035,20160900,20161200,20160600
2015-09-14 08:00:00,,,100.035,20160900,20161200,20160600
2015-09-14 11:00:00,,,100.035,20160900,20161200,20160600
2015-09-15 05:00:00,100.025,,100.04,20160900,20161200,20160600
2015-09-15 11:00:00,100.03,,,20160900,20161200,20160600
2015-09-16 05:00:00,100.02,,100.035,20160900,20161200,20160600
2015-09-16 12:00:00,100.02,,100.035,20160900,20161200,20160600
2015-09-17 05:00:00,100.015,,100.03,20160900,20161200,20160600
2015-09-17 09:00:00,100.015,,,20160900,20161200,20160600
2015-09-18 05:00:00,100.035,,100.045,20160900,20161200,20160600
2015-09-18 10:00:00,100.03,,100.04,20160900,20161200,20160600
2015-09-18 14:00:00,100.035,,100.045,20160900,20161200,20160600
2015-09-21 05:00:00,100.035,,100.045,20160900,20161200,20160600
2015-09-21 07:00:00,100.035,,100.04,20160900,20161200,20160600
2015-09-21 08:00:00,,,100.04,20160900,20161200,20160600
2015-09-21 11:00:00,100.035,,,20160900,20161200,20160600
2015-09-22 05:00:00,100.065,,100.07,20160900,20161200,20160600
2015-09-22 06:00:00,100.04,,,20160900,20161200,20160600
2015-09-22 07:00:00,100.045,,100.05,20160900,20161200,20160600
2015-09-22 08:00:00,,,100.055,20160900,20161200,20160600
2015-09-22 09:00:00,100.05,,,20160900,20161200,20160600
2015-09-22 10:00:00,100.055,,,20160900,20161200,20160600
2015-09-22 11:00:00,,,100.06,20160900,20161200,20160600
2015-09-22 12:00:00,100.06,,100.06,20160900,20161200,20160600
2015-09-22 14:00:00,,,100.065,20160900,20161200,20160600
2015-09-23 05:00:00,100.055,,100.06,20160900,20161200,20160600
2015-09-24 05:00:00,100.055,,100.06,20160900,20161200,20160600
2015-09-24 06:00:00,100.055,,100.06,20160900,20161200,20160600
2015-09-24 10:00:00,100.055,,,20160900,20161200,20160600
2015-09-25 05:00:00,100.045,,100.055,20160900,20161200,20160600
2015-09-28 05:00:00,100.05,,100.06,20160900,20161200,20160600
2015-09-28 06:00:00,,,100.055,20160900,20161200,20160600
2015-09-28 07:00:00,,,100.055,20160900,20161200,20160600
2015-09-28 12:00:00,100.05,,,20160900,20161200,20160600
2015-09-29 05:00:00,100.06,,100.065,20160900,20161200,20160600
2015-09-29 10:00:00,,,100.065,20160900,20161200,20160600
2015-09-30 05:00:00,100.065,,100.065,20160900,20161200,20160600
2015-10-01 05:00:00,100.07,,100.07,20160900,20161200,20160600
2015-10-01 08:00:00,,,100.075,20160900,20161200,20160600
2015-10-01 13:00:00,100.07,,,20160900,20161200,20160600
2015-10-01 14:00:00,,,100.07,20160900,20161200,20160600
2015-10-01 15:00:00,,,100.07,20160900,20161200,20160600
2015-10-02 05:00:00,100.08,,100.08,20160900,20161200,20160600
2015-10-02 09:00:00,100.07,,,20160900,20161200,20160600
2015-10-02 11:00:00,,,100.07,20160900,20161200,20160600
2015-10-02 13:00:00,100.08,,100.08,20160900,20161200,20160600
2015-10-02 14:00:00,,,100.08,20160900,20161200,20160600
2015-10-05 05:00:00,100.07,,100.08,20160900,20161200,20160600
2015-10-05 06:00:00,100.08,,100.08,20160900,20161200,20160600
2015-10-06 05:00:00,100.06,,100.065,20160900,20161200,20160600
2015-10-06 07:00:00,100.07,,,20160900,20161200,20160600
2015-10-06 15:00:00,100.055,,100.065,20160900,20161200,20160600
2015-10-07 05:00:00,100.05,,100.06,20160900,20161200,20160600
2015-10-07 14:00:00,100.05,,,20160900,20161200,20160600
2015-10-07 15:00:00,100.05,,100.055,20160900,20161200,20160600
2015-10-08 05:00:00,100.055,,100.065,20160900,20161200,20160600
2015-10-09 05:00:00,100.055,,100.065,20160900,20161200,20160600
2015-10-12 05:00:00,100.055,,100.065,20160900,20161200,20160600
2015-10-12 13:00:00,100.055,,,20160900,20161200,20160600
2015-10-13 05:00:00,100.065,,100.07,20160900,20161200,20160600
2015-10-13 12:00:00,100.06,,,20160900,20161200,20160600
2015-10-13 13:00:00,100.06,,100.065,20160900,20161200,20160600
2015-10-14 05:00:00,100.07,,100.075,20160900,20161200,20160600
2015-10-14 12:00:00,100.065,,,20160900,20161200,20160600
2015-10-14 13:00:00,100.07,,100.07,20160900,20161200,20160600
2015-10-15 05:00:00,100.075,,100.08,20160900,20161200,20160600
2015-10-15 07:00:00,100.085,,,20160900,20161200,20160600
2015-10-15 08:00:00,,,100.085,20160900,20161200,20160600
2015-10-16 05:00:00,100.09,,100.095,20160900,20161200,20160600
2015-10-16 09:00:00,100.08,,100.09,20160900,20161200,20160600
2015-10-16 15:00:00,,,100.09,20160900,20161200,20160600
2015-10-19 05:00:00,100.085,,100.09,20160900,20161200,20160600
2015-10-19 12:00:00,100.085,,,20160900,20161200,20160600
2015-10-20 05:00:00,100.07,,100.08,20160900,20161200,20160600
2015-10-20 07:00:00,,,100.09,20160900,20161200,20160600
2015-10-20 08:00:00,100.085,,,20160900,20161200,20160600
2015-10-20 11:00:00,100.07,,,20160900,20161200,20160600
2015-10-20 15:00:00,,,100.075,20160900,20161200,20160600
2015-10-21 05:00:00,100.075,,100.08,20160900,20161200,20160600
2015-10-21 11:00:00,,,100.08,20160900,20161200,20160600
2015-10-22 05:00:00,100.135,,100.14,20160900,20161200,20160600
2015-10-22 09:00:00,100.075,,100.08,20160900,20161200,20160600
2015-10-22 12:00:00,100.1,,,20160900,20161200,20160600
2015-10-22 13:00:00,100.13,,,20160900,20161200,20160600
2015-10-23 05:00:00,100.15,,100.15,20160900,20161200,20160600
2015-10-23 09:00:00,100.145,,,20160900,20161200,20160600
2015-10-23 14:00:00,,,100.15,20160900,20161200,20160600
2015-10-23 15:00:00,,,100.16,20160900,20161200,20160600
2015-10-26 05:00:00,100.165,,100.16,20160900,20161200,20160600
2015-10-26 09:00:00,100.155,,100.155,20160900,20161200,20160600
2015-10-26 10:00:00,100.155,,,20160900,20161200,20160600
2015-10-26 12:00:00,100.16,,,20160900,20161200,20160600
2015-10-27 05:00:00,100.18,,100.175,20160900,20161200,20160600
2015-10-28 05:00:00,100.185,,100.18,20160900,20161200,20160600
2015-10-28 08:00:00,,,100.17,20160900,20161200,20160600
2015-10-29 05:00:00,100.155,,100.155,20160900,20161200,20160600
2015-10-29 08:00:00,,,100.17,20160900,20161200,20160600
2015-10-29 11:00:00,100.17,,100.165,20160900,20161200,20160600
2015-10-30 05:00:00,100.155,,100.155,20160900,20161200,20160600
2015-10-30 11:00:00,100.155,,,20160900,20161200,20160600
2015-10-30 16:00:00,100.15,,,20160900,20161200,20160600
2015-11-02 06:00:00,100.145,,100.15,20160900,20161200,20160600
2015-11-02 12:00:00,100.135,,100.14,20160900,20161200,20160600
2015-11-03 06:00:00,100.16,,100.16,20160900,20161200,20160600
2015-11-04 06:00:00,100.16,,100.165,20160900,20161200,20160600
2015-11-04 10:00:00,100.165,,100.165,20160900,20161200,20160600
2015-11-04 13:00:00,100.165,,,20160900,20161200,20160600
2015-11-04 14:00:00,,,100.17,20160900,20161200,20160600
2015-11-05 06:00:00,100.165,,100.165,20160900,20161200,20160600
2015-11-05 10:00:00,100.16,,100.165,20160900,20161200,20160600
2015-11-05 14:00:00,,,100.17,20160900,20161200,20160600
2015-11-06 06:00:00,100.145,,100.15,20160900,20161200,20160600
2015-11-09 06:00:00,100.17,,100.17,20160900,20161200,20160600
2015-11-09 16:00:00,100.175,,100.17,20160900,20161200,20160600
2015-11-10 06:00:00,100.205,,100.195,20160900,20161200,20160600
2015-11-10 16:00:00,100.205,,,20160900,20161200,20160600
2015-11-11 06:00:00,100.205,,100.205,20160900,20161200,20160600
2015-11-12 06:00:00,100.21,,100.205,20160900,20161200,20160600
2015-11-12 16:00:00,,,100.205,20160900,20161200,20160600
2015-11-13 06:00:00,100.21,,100.21,20160900,20161200,20160600
2015-11-13 11:00:00,100.21,,,20160900,20161200,20160600
2015-11-13 15:00:00,100.22,,,20160900,20161200,20160600
2015-11-16 06:00:00,100.21,,100.205,20160900,20161200,20160600
2015-11-16 10:00:00,100.21,,,20160900,20161200,20160600
2015-11-16 15:00:00,100.21,,,20160900,20161200,20160600
2015-11-16 16:00:00,,,100.21,20160900,20161200,20160600
2015-11-17 06:00:00,100.225,,100.21,20160900,20161200,20160600
2015-11-18 06:00:00,100.225,,100.21,20160900,20161200,20160600
2015-11-18 16:00:00,100.22,,100.21,20160900,20161200,20160600
2015-11-19 06:00:00,100.22,,100.21,20160900,20161200,20160600
2015-11-19 09:00:00,100.21,,100.2,20160900,20161200,20160600
2015-11-19 10:00:00,100.21,,,20160900,20161200,20160600
2015-11-19 15:00:00,100.22,,100.215,20160900,20161200,20160600
2015-11-20 06:00:00,100.25,,100.235,20160900,20161200,20160600
2015-11-20 16:00:00,,,100.235,20160900,20161200,20160600
2015-11-23 06:00:00,100.25,,100.235,20160900,20161200,20160600
2015-11-23 13:00:00,100.245,,100.225,20160900,20161200,20160600
2015-11-24 06:00:00,100.235,,100.22,20160900,20161200,20160600
2015-11-24 10:00:00,100.26,,,20160900,20161200,20160600
2015-11-25 06:00:00,100.255,,100.245,20160900,20161200,20160600
2015-11-25 09:00:00,100.25,,100.225,20160900,20161200,20160600
2015-11-26 06:00:00,100.255,,100.25,20160900,20161200,20160600
2015-11-26 11:00:00,,,100.245,20160900,20161200,20160600
2015-11-27 06:00:00,100.265,100.26,100.255,20160900,20161200,20160600
2015-11-27 08:00:00,100.265,,,20161200,20170300,20160900
2015-11-30 06:00:00,100.26,,100.265,20161200,20170300,20160900
2015-12-01 06:00:00,100.28,,100.28,20161200,20170300,20160900
2015-12-01 09:00:00,100.26,,100.265,20161200,20170300,20160900
2015-12-01 10:00:00,,,100.27,20161200,20170300,20160900
2015-12-01 11:00:00,100.265,,,20161200,20170300,20160900
2015-12-01 14:00:00,,,100.275,20161200,20170300,20160900
2015-12-02 06:00:00,100.29,,100.285,20161200,20170300,20160900
2015-12-02 16:00:00,100.29,,,20161200,20170300,20160900
2015-12-03 06:00:00,100.125,,100.13,20161200,20170300,20160900
2015-12-03 10:00:00,100.28,,100.28,20161200,20170300,20160900
2015-12-04 06:00:00,100.14,,100.145,20161200,20170300,20160900
2015-12-04 13:00:00,,,100.145,20161200,20170300,20160900
2015-12-04 14:00:00,100.15,,100.15,20161200,20170300,20160900
2015-12-04 15:00:00,100.145,,100.15,20161200,20170300,20160900
2015-12-07 06:00:00,100.17,,100.17,20161200,20170300,20160900
2015-12-07 09:00:00,100.165,,,20161200,20170300,20160900
2015-12-08 06:00:00,100.175,,100.18,20161200,20170300,20160900
2015-12-09 06:00:00,100.175,,100.18,20161200,20170300,20160900
2015-12-09 10:00:00,,,100.18,20161200,20170300,20160900
2015-12-09 11:00:00,100.17,,,20161200,20170300,20160900
2015-12-09 16:00:00,100.18,,100.18,20161200,20170300,20160900
2015-12-10 06:00:00,100.18,,100.18,20161200,20170300,20160900
2015-12-10 08:00:00,100.175,,,20161200,20170300,20160900
2015-12-10 11:00:00,100.17,,100.175,20161200,20170300,20160900
2015-12-10 12:00:00,100.185,,100.185,20161200,20170300,20160900
2015-12-11 06:00:00,100.195,,100.195,20161200,20170300,20160900
2015-12-11 10:00:00,,,100.185,20161200,20170300,20160900
2015-12-11 12:00:00,,,100.19,20161200,20170300,20160900
2015-12-11 17:00:00,100.205,,100.2,20161200,20170300,20160900
2015-12-14 06:00:00,100.195,,100.195,20161200,20170300,20160900
2015-12-14 16:00:00,100.19,,100.19,20161200,20170300,20160900
2015-12-15 06:00:00,100.18,,100.185,20161200,20170300,20160900
2015-12-15 10:00:00,100.18,,,20161200,20170300,20160900
2015-12-15 12:00:00,100.18,,100.185,20161200,20170300,20160900
2015-12-16 06:00:00,100.18,,100.185,20161200,20170300,20160900
2015-12-16 14:00:00,100.185,,,20161200,20170300,20160900
2015-12-17 06:00:00,100.19,,100.195,20161200,20170300,20160900
2015-12-18 06:00:00,100.195,,100.2,20161200,20170300,20160900
2015-12-18 08:00:00,,,100.205,20161200,20170300,20160900
2015-12-18 10:00:00,100.195,,100.2,20161200,20170300,20160900
2015-12-18 15:00:00,,,100.2,20161200,20170300,20160900
2015-12-18 16:00:00,100.2,,,20161200,20170300,20160900
2015-12-21 06:00:00,100.19,,100.195,20161200,20170300,20160900
2015-12-22 06:00:00,100.17,,100.18,20161200,20170300,20160900
2015-12-23 06:00:00,100.17,,100.18,20161200,20170300,20160900
2015-12-28 06:00:00,100.175,,100.185,20161200,20170300,20160900
2015-12-29 06:00:00,100.175,,100.185,20161200,20170300,20160900
2015-12-30 06:00:00,100.18,,100.19,20161200,20170300,20160900
2016-01-04 06:00:00,100.195,,100.2,20161200,20170300,20160900
2016-01-05 06:00:00,100.215,,100.215,20161200,20170300,20160900
2016-01-06 06:00:00,100.23,,100.23,20161200,20170300,20160900
2016-01-07 06:00:00,100.225,,100.225,20161200,20170300,20160900
2016-01-08 06:00:00,100.235,,100.235,20161200,20170300,20160900
2016-01-11 06:00:00,100.23,,100.235,20161200,20170300,20160900
2016-01-12 06:00:00,100.235,,100.235,20161200,20170300,20160900
2016-01-13 06:00:00,100.235,,100.23,20161200,20170300,20160900
2016-01-14 06:00:00,100.235,,100.23,20161200,20170300,20160900
2016-01-15 06:00:00,100.24,,100.235,20161200,20170300,20160900
2016-01-18 06:00:00,100.24,,100.24,20161200,20170300,20160900
2016-01-19 06:00:00,100.24,,100.235,20161200,20170300,20160900
2016-01-19 11:00:00,,,100.235,20161200,20170300,20160900
2016-01-19 15:00:00,100.24,,100.235,20161200,20170300,20160900
2016-01-20 06:00:00,100.25,,100.245,20161200,20170300,20160900
2016-01-20 10:00:00,100.24,,100.24,20161200,20170300,20160900
2016-01-21 06:00:00,100.285,,100.28,20161200,20170300,20160900
2016-01-21 09:00:00,100.25,,,20161200,20170300,20160900
2016-01-21 11:00:00,100.24,,,20161200,20170300,20160900
2016-01-21 14:00:00,100.29,,,20161200,20170300,20160900
2016-01-22 06:00:00,100.29,,100.285,20161200,20170300,20160900
2016-01-22 07:00:00,,,100.285,20161200,20170300,20160900
2016-01-25 06:00:00,100.29,,100.29,20161200,20170300,20160900
2016-01-26 06:00:00,100.3,,100.3,20161200,20170300,20160900
2016-01-27 06:00:00,100.295,,100.29,20161200,20170300,20160900
2016-01-27 12:00:00,,,100.29,20161200,20170300,20160900
2016-01-28 06:00:00,100.295,,100.295,20161200,20170300,20160900
2016-01-28 14:00:00,100.295,,100.3,20161200,20170300,20160900
2016-01-29 06:00:00,100.34,,100.335,20161200,20170300,20160900
2016-01-29 08:00:00,100.325,,,20161200,20170300,20160900
2016-01-29 14:00:00,100.33,,100.33,20161200,20170300,20160900
2016-02-01 06:00:00,100.33,,100.325,20161200,20170300,20160900
2016-02-01 11:00:00,100.335,,,20161200,20170300,20160900
2016-02-01 13:00:00,100.335,,100.335,20161200,20170300,20160900
2016-02-02 06:00:00,100.35,,100.345,20161200,20170300,20160900
2016-02-02 10:00:00,,,100.33,20161200,20170300,20160900
2016-02-02 14:00:00,100.35,,100.345,20161200,20170300,20160900
2016-02-03 06:00:00,100.365,,100.355,20161200,20170300,20160900
2016-02-03 14:00:00,,,100.345,20161200,20170300,20160900
2016-02-03 15:00:00,,,100.365,20161200,20170300,20160900
2016-02-03 16:00:00,100.36,,100.355,20161200,20170300,20160900
2016-02-04 06:00:00,100.345,,100.34,20161200,20170300,20160900
2016-02-04 09:00:00,100.365,,100.355,20161200,20170300,20160900
2016-02-05 06:00:00,100.345,,100.34,20161200,20170300,20160900
2016-02-05 10:00:00,100.345,,100.335,20161200,20170300,20160900
2016-02-05 12:00:00,,,100.335,20161200,20170300,20160900
2016-02-08 06:00:00,100.335,,100.3,20161200,20170300,20160900
2016-02-08 09:00:00,100.35,,100.34,20161200,20170300,20160900
2016-02-08 14:00:00,100.355,,100.345,20161200,20170300,20160900
2016-02-09 06:00:00,100.32,,100.31,20161200,20170300,20160900
2016-02-09 07:00:00,100.325,,100.315,20161200,20170300,20160900
2016-02-09 08:00:00,,,100.305,20161200,20170300,20160900
2016-02-10 06:00:00,100.32,,100.315,20161200,20170300,20160900
2016-02-11 06:00:00,100.345,,100.335,20161200,20170300,20160900
2016-02-11 08:00:00,100.34,,,20161200,20170300,20160900
2016-02-11 12:00:00,,,100.335,20161200,20170300,20160900
2016-02-11 14:00:00,,,100.325,20161200,20170300,20160900
2016-02-11 16:00:00,100.345,,100.33,20161200,20170300,20160900
2016-02-12 06:00:00,100.305,,100.305,20161200,20170300,20160900
2016-02-12 14:00:00,100.325,,,20161200,20170300,20160900
2016-02-12 15:00:00,,,100.31,20161200,20170300,20160900
2016-02-15 06:00:00,100.315,,100.31,20161200,20170300,20160900
2016-02-15 14:00:00,100.31,,,20161200,20170300,20160900
2016-02-16 06:00:00,100.32,,100.315,20161200,20170300,20160900
2016-02-16 11:00:00,,,100.315,20161200,20170300,20160900
2016-02-17 06:00:00,100.31,,100.305,20161200,20170300,20160900
2016-02-17 11:00:00,100.315,,100.31,20161200,20170300,20160900
2016-02-17 16:00:00,100.31,,,20161200,20170300,20160900
2016-02-18 06:00:00,100.325,,100.32,20161200,20170300,20160900
2016-02-19 06:00:00,100.335,,100.33,20161200,20170300,20160900
2016-02-22 06:00:00,100.34,,100.325,20161200,20170300,20160900
2016-02-23 06:00:00,100.335,,100.32,20161200,20170300,20160900
2016-02-23 10:00:00,,,100.315,20161200,20170300,20160900
2016-02-24 06:00:00,100.32,,100.305,20161200,20170300,20160900
2016-02-24 14:00:00,100.33,,100.315,20161200,20170300,20160900
2016-02-25 06:00:00,100.335,100.335,100.32,20161200,20170300,20160900
2016-02-26 06:00:00,100.345,,100.345,20170300,20170600,20161200
2016-02-29 06:00:00,100.385,,100.385,20170300,20170600,20161200
2016-02-29 16:00:00,,,100.385,20170300,20170600,20161200
2016-03-01 06:00:00,100.37,,100.365,20170300,20170600,20161200
2016-03-02 06:00:00,100.365,,100.36,20170300,20170600,20161200
2016-03-02 08:00:00,,,100.355,20170300,20170600,20161200
2016-03-02 09:00:00,100.355,,,20170300,20170600,20161200
2016-03-02 11:00:00,,,100.355,20170300,20170600,20161200
2016-03-03 06:00:00,100.39,,100.385,20170300,20170600,20161200
2016-03-03 07:00:00,,,100.355,20170300,20170600,20161200
2016-03-03 10:00:00,,,100.375,20170300,20170600,20161200
2016-03-03 12:00:00,100.385,,100.38,20170300,20170600,20161200
2016-03-03 16:00:00,100.39,,,20170300,20170600,20161200
2016-03-04 06:00:00,100.355,,100.355,20170300,20170600,20161200
2016-03-07 06:00:00,100.35,,100.34,20170300,20170600,20161200
2016-03-07 16:00:00,,,100.345,20170300,20170600,20161200
2016-03-08 06:00:00,100.365,,100.365,20170300,20170600,20161200
2016-03-08 08:00:00,,,100.365,20170300,20170600,20161200
2016-03-09 06:00:00,100.34,,100.34,20170300,20170600,20161200
2016-03-09 09:00:00,100.35,,100.35,20170300,20170600,20161200
2016-03-09 16:00:00,100.345,,100.345,20170300,20170600,20161200
2016-03-10 06:00:00,100.265,,100.27,20170300,20170600,20161200
2016-03-10 17:00:00,100.27,,100.27,20170300,20170600,20161200
2016-03-11 06:00:00,100.275,,100.28,20170300,20170600,20161200
2016-03-14 05:00:00,100.285,,100.285,20170300,20170600,20161200
2016-03-15 05:00:00,100.27,,100.27,20170300,20170600,20161200
2016-03-16 05:00:00,100.275,,100.28,20170300,20170600,20161200
2016-03-16 09:00:00,100.27,,100.27,20170300,20170600,20161200
2016-03-16 16:00:00,100.275,,100.275,20170300,20170600,20161200
2016-03-17 05:00:00,100.285,,100.285,20170300,20170600,20161200
2016-03-17 13:00:00,100.28,,,20170300,20170600,20161200
2016-03-17 14:00:00,100.285,,,20170300,20170600,20161200
2016-03-18 05:00:00,100.295,,100.295,20170300,20170600,20161200
2016-03-21 05:00:00,100.295,,100.295,20170300,20170600,20161200
2016-03-21 15:00:00,,,100.295,20170300,20170600,20161200
2016-03-22 05:00:00,100.295,,100.295,20170300,20170600,20161200
2016-03-22 07:00:00,,,100.295,20170300,20170600,20161200
2016-03-22 10:00:00,,,100.295,20170300,20170600,20161200
2016-03-22 15:00:00,,,100.295,20170300,20170600,20161200
2016-03-23 05:00:00,100.295,,100.295,20170300,20170600,20161200
2016-03-23 10:00:00,100.295,,,20170300,20170600,20161200
2016-03-24 05:00:00,100.29,,100.295,20170300,20170600,20161200
2016-03-29 05:00:00,100.295,,100.3,20170300,20170600,20161200
2016-03-30 05:00:00,100.29,,100.295,20170300,20170600,20161200
2016-03-30 12:00:00,100.295,,100.295,20170300,20170600,20161200
2016-03-31 05:00:00,100.295,,100.295,20170300,20170600,20161200
2016-03-31 11:00:00,,,100.3,20170300,20170600,20161200
2016-03-31 12:00:00,,,100.295,20170300,20170600,20161200
2016-03-31 14:00:00,100.295,,100.29,20170300,20170600,20161200
2016-04-01 05:00:00,100.29,,100.29,20170300,20170600,20161200
2016-04-04 05:00:00,100.285,,100.285,20170300,20170600,20161200
2016-04-04 12:00:00,100.28,,100.28,20170300,20170600,20161200
2016-04-05 05:00:00,100.295,,100.29,20170300,20170600,20161200
2016-04-05 12:00:00,100.3,,100.3,20170300,20170600,20161200
2016-04-06 05:00:00,100.3,,100.295,20170300,20170600,20161200
2016-04-07 05:00:00,100.305,,100.3,20170300,20170600,20161200
2016-04-08 05:00:00,100.305,,100.3,20170300,20170600,20161200
2016-04-11 05:00:00,100.31,,100.3,20170300,20170600,20161200
2016-04-12 05:00:00,100.31,,100.305,20170300,20170600,20161200
2016-04-12 13:00:00,,,100.305,20170300,20170600,20161200
2016-04-13 05:00:00,100.31,,100.305,20170300,20170600,20161200
2016-04-13 12:00:00,,,100.31,20170300,20170600,20161200
2016-04-14 05:00:00,100.305,,100.3,20170300,20170600,20161200
2016-04-14 15:00:00,100.305,,100.3,20170300,20170600,20161200
2016-04-15 05:00:00,100.305,,100.295,20170300,20170600,20161200
2016-04-15 15:00:00,100.3,,100.295,20170300,20170600,20161200
2016-04-18 05:00:00,100.3,,100.29,20170300,20170600,20161200
2016-04-18 13:00:00,100.295,,,20170300,20170600,20161200
2016-04-18 14:00:00,100.3,,100.295,20170300,20170600,20161200
2016-04-18 15:00:00,,,100.29,20170300,20170600,20161200
2016-04-19 05:00:00,100.295,,100.29,20170300,20170600,20161200
2016-04-19 15:00:00,100.3,,100.29,20170300,20170600,20161200
2016-04-20 05:00:00,100.295,,100.29,20170300,20170600,20161200
2016-04-20 14:00:00,,,100.29,20170300,20170600,20161200
2016-04-21 05:00:00,100.29,,100.285,20170300,20170600,20161200
2016-04-21 07:00:00,100.295,,,20170300,20170600,20161200
2016-04-21 08:00:00,100.29,,100.285,20170300,20170600,20161200
2016-04-21 15:00:00,100.29,,100.285,20170300,20170600,20161200
2016-04-22 05:00:00,100.295,,100.29,20170300,20170600,20161200
2016-04-22 15:00:00,100.3,,,20170300,20170600,20161200
2016-04-25 05:00:00,100.295,,100.295,20170300,20170600,20161200
2016-04-26 05:00:00,100.295,,100.295,20170300,20170600,20161200
2016-04-26 10:00:00,,,100.295,20170300,20170600,20161200
2016-04-27 05:00:00,100.29,,100.29,20170300,20170600,20161200
2016-04-27 08:00:00,100.295,,,20170300,20170600,20161200
2016-04-27 15:00:00,100.295,,100.29,20170300,20170600,20161200
2016-04-28 05:00:00,100.295,,100.29,20170300,20170600,20161200
2016-04-28 15:00:00,100.295,,,20170300,20170600,20161200
2016-04-29 05:00:00,100.28,,100.275,20170300,20170600,20161200
2016-04-29 15:00:00,,,100.28,20170300,20170600,20161200
2016-05-02 05:00:00,100.27,,100.27,20170300,20170600,20161200
2016-05-03 05:00:00,100.28,,100.28,20170300,20170600,20161200
2016-05-03 06:00:00,100.275,,100.275,20170300,20170600,20161200
2016-05-03 09:00:00,100.285,,,20170300,20170600,20161200
2016-05-03 10:00:00,,,100.285,20170300,20170600,20161200
2016-05-03 13:00:00,100.285,,,20170300,20170600,20161200
2016-05-03 15:00:00,,,100.285,20170300,20170600,20161200
2016-05-04 05:00:00,100.29,,100.285,20170300,20170600,20161200
2016-05-05 05:00:00,100.295,,100.29,20170300,20170600,20161200
2016-05-05 10:00:00,100.29,,,20170300,20170600,20161200
2016-05-06 05:00:00,100.3,,100.295,20170300,20170600,20161200
2016-05-06 15:00:00,,,100.29,20170300,20170600,20161200
2016-05-09 05:00:00,100.305,,100.295,20170300,20170600,20161200
2016-05-09 12:00:00,,,100.29,20170300,20170600,20161200
2016-05-09 14:00:00,,,100.29,20170300,20170600,20161200
2016-05-10 05:00:00,100.305,,100.3,20170300,20170600,20161200
2016-05-11 05:00:00,100.3,,100.295,20170300,20170600,20161200
2016-05-12 05:00:00,100.305,,100.295,20170300,20170600,20161200
2016-05-13 05:00:00,100.295,,100.29,20170300,20170600,20161200
2016-05-13 09:00:00,,,100.29,20170300,20170600,20161200
2016-05-13 15:00:00,100.295,,100.285,20170300,20170600,20161200
2016-05-16 05:00:00,100.295,,100.285,20170300,20170600,20161200
2016-05-17 05:00:00,100.29,,100.28,20170300,20170600,20161200
2016-05-18 05:00:00,100.285,,100.28,20170300,20170600,20161200
2016-05-18 09:00:00,,,100.28,20170300,20170600,20161200
2016-05-18 12:00:00,100.28,,,20170300,20170600,20161200
2016-05-18 15:00:00,100.28,,100.275,20170300,20170600,20161200
2016-05-19 05:00:00,100.285,,100.28,20170300,20170600,20161200
2016-05-19 08:00:00,,,100.275,20170300,20170600,20161200
2016-05-19 09:00:00,,,100.275,20170300,20170600,20161200
2016-05-19 11:00:00,100.28,,100.275,20170300,20170600,20161200
2016-05-19 12:00:00,100.28,,,20170300,20170600,20161200
2016-05-20 05:00:00,100.285,,100.28,20170300,20170600,20161200
2016-05-20 15:00:00,100.285,,100.28,20170300,20170600,20161200
2016-05-23 05:00:00,100.285,,100.285,20170300,20170600,20161200
2016-05-23 15:00:00,100.29,,100.285,20170300,20170600,20161200
2016-05-24 05:00:00,100.29,,100.285,20170300,20170600,20161200
2016-05-24 15:00:00,,,100.285,20170300,20170600,20161200
2016-05-25 05:00:00,100.295,,100.29,20170300,20170600,20161200
2016-05-25 10:00:00,,,100.285,20170300,20170600,20161200
2016-05-25 11:00:00,100.29,,,20170300,20170600,20161200
2016-05-25 15:00:00,100.295,,100.29,20170300,20170600,20161200
2016-05-26 05:00:00,100.3,100.3,100.295,20170300,20170600,20161200
2016-05-27 05:00:00,100.3,,100.3,20170600,20170900,20170300
2016-05-30 05:00:00,100.3,,100.3,20170600,20170900,20170300
2016-05-31 05:00:00,100.3,,100.3,20170600,20170900,20170300
2016-06-01 05:00:00,100.305,,100.3,20170600,20170900,20170300
2016-06-02 05:00:00,100.295,,100.29,20170600,20170900,20170300
2016-06-02 07:00:00,,,100.29,20170600,20170900,20170300
2016-06-03 05:00:00,100.305,,100.295,20170600,20170900,20170300
2016-06-03 15:00:00,100.305,,,20170600,20170900,20170300
2016-06-06 05:00:00,100.305,,100.295,20170600,20170900,20170300
2016-06-07 05:00:00,100.305,,100.295,20170600,20170900,20170300
2016-06-07 12:00:00,100.3,,,20170600,20170900,20170300
2016-06-08 05:00:00,100.295,,100.285,20170600,20170900,20170300
2016-06-08 11:00:00,,,100.285,20170600,20170900,20170300
2016-06-09 05:00:00,100.295,,100.285,20170600,20170900,20170300
2016-06-09 15:00:00,100.29,,100.28,20170600,20170900,20170300
2016-06-10 05:00:00,100.3,,100.29,20170600,20170900,20170300
2016-06-10 14:00:00,100.3,,,20170600,20170900,20170300
2016-06-10 15:00:00,100.295,,,20170600,20170900,20170300
2016-06-13 05:00:00,100.29,,100.285,20170600,20170900,20170300
2016-06-13 08:00:00,100.295,,,20170600,20170900,20170300
2016-06-13 15:00:00,,,100.285,20170600,20170900,20170300
2016-06-14 05:00:00,100.305,,100.29,20170600,20170900,20170300
2016-06-14 15:00:00,,,100.29,20170600,20170900,20170300
2016-06-15 05:00:00,100.315,,100.3,20170600,20170900,20170300
2016-06-15 14:00:00,,,100.3,20170600,20170900,20170300
2016-06-16 05:00:00,100.33,,100.31,20170600,20170900,20170300
2016-06-16 14:00:00,100.33,,100.31,20170600,20170900,20170300
2016-06-16 15:00:00,100.325,,,20170600,20170900,20170300
2016-06-17 05:00:00,100.34,,100.32,20170600,20170900,20170300
2016-06-17 07:00:00,100.32,,100.3,20170600,20170900,20170300
2016-06-17 13:00:00,,,100.315,20170600,20170900,20170300
2016-06-17 14:00:00,,,100.315,20170600,20170900,20170300
2016-06-17 15:00:00,100.345,,,20170600,20170900,20170300
2016-06-20 05:00:00,100.335,,100.315,20170600,20170900,20170300
2016-06-20 16:00:00,,,100.32,20170600,20170900,20170300
2016-06-21 05:00:00,100.33,,100.315,20170600,20170900,20170300
2016-06-21 15:00:00,100.335,,,20170600,20170900,20170300
2016-06-22 05:00:00,100.33,,100.315,20170600,20170900,20170300
2016-06-22 15:00:00,100.33,,100.315,20170600,20170900,20170300
2016-06-23 05:00:00,100.32,,100.31,20170600,20170900,20170300
2016-06-23 12:00:00,100.32,,100.305,20170600,20170900,20170300
2016-06-23 14:00:00,100.32,,,20170600,20170900,20170300
2016-06-23 15:00:00,,,100.305,20170600,20170900,20170300
2016-06-24 05:00:00,100.37,,100.35,20170600,20170900,20170300
2016-06-24 12:00:00,100.37,,,20170600,20170900,20170300
2016-06-24 13:00:00,,,100.355,20170600,20170900,20170300
2016-06-27 05:00:00,100.365,,100.35,20170600,20170900,20170300
2016-06-27 15:00:00,100.36,,100.34,20170600,20170900,20170300
2016-06-28 05:00:00,100.37,,100.355,20170600,20170900,20170300
2016-06-29 05:00:00,100.375,,100.355,20170600,20170900,20170300
2016-06-29 12:00:00,,,100.36,20170600,20170900,20170300
2016-06-29 13:00:00,,,100.355,20170600,20170900,20170300
2016-06-29 15:00:00,100.375,,,20170600,20170900,20170300
2016-06-29 16:00:00,,,100.36,20170600,20170900,20170300
2016-06-30 05:00:00,100.37,,100.35,20170600,20170900,20170300
2016-07-01 05:00:00,100.375,,100.36,20170600,20170900,20170300
2016-07-01 09:00:00,100.37,,,20170600,20170900,20170300
2016-07-01 15:00:00,,,100.365,20170600,20170900,20170300
2016-07-04 05:00:00,100.385,,100.375,20170600,20170900,20170300
2016-07-05 05:00:00,100.395,,100.38,20170600,20170900,20170300
2016-07-05 11:00:00,,,100.38,20170600,20170900,20170300
2016-07-05 15:00:00,,,100.38,20170600,20170900,20170300
2016-07-06 05:00:00,100.395,,100.385,20170600,20170900,20170300
2016-07-07 05:00:00,100.395,,100.385,20170600,20170900,20170300
2016-07-07 15:00:00,100.395,,100.385,20170600,20170900,20170300
2016-07-08 05:00:00,100.41,,100.39,20170600,20170900,20170300
2016-07-08 15:00:00,,,100.39,20170600,20170900,20170300
2016-07-11 05:00:00,100.405,,100.39,20170600,20170900,20170300
2016-07-11 15:00:00,100.41,,100.39,20170600,20170900,20170300
2016-07-12 05:00:00,100.395,,100.375,20170600,20170900,20170300
2016-07-12 14:00:00,,,100.38,20170600,20170900,20170300
2016-07-12 15:00:00,100.39,,,20170600,20170900,20170300
2016-07-13 05:00:00,100.395,,100.38,20170600,20170900,20170300
2016-07-13 14:00:00,100.385,,100.375,20170600,20170900,20170300
2016-07-13 15:00:00,100.395,,100.38,20170600,20170900,20170300
2016-07-14 05:00:00,100.38,,100.365,20170600,20170900,20170300
2016-07-14 15:00:00,100.38,,,20170600,20170900,20170300
2016-07-14 16:00:00,,,100.365,20170600,20170900,20170300
2016-07-15 05:00:00,100.37,,100.36,20170600,20170900,20170300
2016-07-18 05:00:00,100.375,,100.36,20170600,20170900,20170300
2016-07-18 07:00:00,100.37,,100.36,20170600,20170900,20170300
2016-07-18 13:00:00,100.375,,100.36,20170600,20170900,20170300
2016-07-19 05:00:00,100.37,,100.36,20170600,20170900,20170300
2016-07-20 05:00:00,100.36,,100.35,20170600,20170900,20170300
2016-07-20 13:00:00,100.36,,,20170600,20170900,20170300
2016-07-21 05:00:00,100.355,,100.345,20170600,20170900,20170300
2016-07-21 12:00:00,100.355,,100.345,20170600,20170900,20170300
2016-07-22 05:00:00,100.35,,100.34,20170600,20170900,20170300
2016-07-25 05:00:00,100.35,,100.34,20170600,20170900,20170300
2016-07-26 05:00:00,100.345,,100.335,20170600,20170900,20170300
2016-07-26 14:00:00,100.345,,100.335,20170600,20170900,20170300
2016-07-27 05:00:00,100.35,,100.34,20170600,20170900,20170300
2016-07-28 05:00:00,100.345,,100.335,20170600,20170900,20170300
2016-07-29 05:00:00,100.35,,100.34,20170600,20170900,20170300
2016-08-01 05:00:00,100.35,,100.34,20170600,20170900,20170300
2016-08-02 05:00:00,100.335,,100.325,20170600,20170900,20170300
2016-08-02 14:00:00,,,100.33,20170600,20170900,20170300
2016-08-03 05:00:00,100.34,,100.33,20170600,20170900,20170300
2016-08-03 08:00:00,,,100.325,20170600,20170900,20170300
2016-08-03 11:00:00,,,100.33,20170600,20170900,20170300
2016-08-04 05:00:00,100.35,,100.34,20170600,20170900,20170300
2016-08-05 05:00:00,100.35,,100.34,20170600,20170900,20170300
2016-08-08 05:00:00,100.355,,100.345,20170600,20170900,20170300
2016-08-09 05:00:00,100.36,,100.35,20170600,20170900,20170300
2016-08-10 05:00:00,100.37,,100.35,20170600,20170900,20170300
2016-08-11 05:00:00,100.365,,100.35,20170600,20170900,20170300
2016-08-12 05:00:00,100.37,,100.355,20170600,20170900,20170300
2016-08-15 05:00:00,100.36,,100.35,20170600,20170900,20170300
2016-08-16 05:00:00,100.35,,100.34,20170600,20170900,20170300
2016-08-16 12:00:00,,,100.35,20170600,20170900,20170300
2016-08-17 05:00:00,100.35,,100.345,20170600,20170900,20170300
2016-08-18 05:00:00,100.35,,100.345,20170600,20170900,20170300
2016-08-18 15:00:00,,,100.34,20170600,20170900,20170300
2016-08-19 05:00:00,100.345,,100.335,20170600,20170900,20170300
2016-08-22 05:00:00,100.345,,100.34,20170600,20170900,20170300
2016-08-23 05:00:00,100.345,,100.335,20170600,20170900,20170300
2016-08-24 05:00:00,100.335,,100.33,20170600,20170900,20170300
2016-08-24 08:00:00,,,100.335,20170600,20170900,20170300
2016-08-25 05:00:00,100.33,,100.325,20170600,20170900,20170300
2016-08-25 09:00:00,,,100.325,20170600,20170900,20170300
2016-08-25 12:00:00,,,100.325,20170600,20170900,20170300
2016-08-26 05:00:00,100.335,100.34,100.325,20170600,20170900,20170300
2016-08-26 09:00:00,,,100.33,20170900,20171200,20170600
2016-08-26 12:00:00,,,100.33,20170900,20171200,20170600
2016-08-26 14:00:00,,,100.33,20170900,20171200,20170600
2016-08-26 15:00:00,100.335,,100.33,20170900,20171200,20170600
2016-08-26 16:00:00,,,100.33,20170900,20171200,20170600
2016-08-29 05:00:00,100.34,,100.335,20170900,20171200,20170600
2016-08-29 10:00:00,,,100.33,20170900,20171200,20170600
2016-08-29 11:00:00,,,100.33,20170900,20171200,20170600
2016-08-29 15:00:00,,,100.335,20170900,20171200,20170600
2016-08-30 05:00:00,100.345,,100.34,20170900,20171200,20170600
2016-08-30 07:00:00,,,100.335,20170900,20171200,20170600
2016-08-30 10:00:00,,,100.335,20170900,20171200,20170600
2016-08-30 16:00:00,100.345,,,20170900,20171200,20170600
2016-08-31 05:00:00,100.35,,100.345,20170900,20171200,20170600
2016-08-31 09:00:00,100.355,,,20170900,20171200,20170600
2016-08-31 10:00:00,100.355,,100.35,20170900,20171200,20170600
2016-08-31 14:00:00,100.355,,,20170900,20171200,20170600
2016-08-31 15:00:00,100.35,,,20170900,20171200,20170600
2016-09-01 05:00:00,100.355,,100.345,20170900,20171200,20170600
2016-09-01 16:00:00,100.355,,100.345,20170900,20171200,20170600
2016-09-02 05:00:00,100.35,,100.345,20170900,20171200,20170600
2016-09-02 06:00:00,100.355,,,20170900,20171200,20170600
2016-09-02 12:00:00,100.355,,,20170900,20171200,20170600
2016-09-02 13:00:00,100.355,,100.345,20170900,20171200,20170600
2016-09-05 05:00:00,100.36,,100.35,20170900,20171200,20170600
2016-09-06 05:00:00,100.385,,100.37,20170900,20171200,20170600
2016-09-06 14:00:00,,,100.37,20170900,20171200,20170600
2016-09-06 15:00:00,,,100.37,20170900,20171200,20170600
2016-09-07 05:00:00,100.39,,100.375,20170900,20171200,20170600
2016-09-08 05:00:00,100.365,,100.355,20170900,20171200,20170600
2016-09-08 10:00:00,100.39,,,20170900,20171200,20170600
2016-09-08 13:00:00,100.365,,100.355,20170900,20171200,20170600
2016-09-08 15:00:00,,,100.355,20170900,20171200,20170600
2016-09-09 05:00:00,100.355,,100.35,20170900,20171200,20170600
2016-09-09 13:00:00,100.355,,100.345,20170900,20171200,20170600
2016-09-12 05:00:00,100.355,,100.345,20170900,20171200,20170600
2016-09-12 15:00:00,100.35,,100.345,20170900,20171200,20170600
2016-09-13 05:00:00,100.35,,100.345,20170900,20171200,20170600
2016-09-13 08:00:00,100.355,,100.34,20170900,20171200,20170600
2016-09-14 05:00:00,100.365,,100.355,20170900,20171200,20170600
2016-09-15 05:00:00,100.36,,100.35,20170900,20171200,20170600
2016-09-15 09:00:00,,,100.35,20170900,20171200,20170600
2016-09-15 15:00:00,100.36,,,20170900,20171200,20170600
2016-09-16 05:00:00,100.365,,100.35,20170900,20171200,20170600
2016-09-19 05:00:00,100.36,,100.35,20170900,20171200,20170600
2016-09-20 05:00:00,100.37,,100.355,20170900,20171200,20170600
2016-09-21 05:00:00,100.36,,100.35,20170900,20171200,20170600
2016-09-22 05:00:00,100.37,,100.355,20170900,20171200,20170600
2016-09-23 05:00:00,100.37,,100.355,20170900,20171200,20170600
2016-09-23 15:00:00,,,100.36,20170900,20171200,20170600
2016-09-26 05:00:00,100.375,,100.36,20170900,20171200,20170600
2016-09-27 05:00:00,100.375,,100.35,20170900,20171200,20170600
2016-09-27 09:00:00,,,100.345,20170900,20171200,20170600
2016-09-27 10:00:00,100.365,,,20170900,20171200,20170600
2016-09-27 13:00:00,100.37,,100.35,20170900,20171200,20170600
2016-09-28 05:00:00,100.375,,100.355,20170900,20171200,20170600
2016-09-28 15:00:00,100.37,,,20170900,20171200,20170600
2016-09-29 05:00:00,100.365,,100.35,20170900,20171200,20170600
2016-09-29 09:00:00,,,100.35,20170900,20171200,20170600
2016-09-29 10:00:00,100.365,,,20170900,20171200,20170600
2016-09-30 05:00:00,100.355,,100.335,20170900,20171200,20170600
2016-09-30 15:00:00,,,100.335,20170900,20171200,20170600
2016-10-03 05:00:00,100.35,,100.335,20170900,20171200,20170600
2016-10-04 05:00:00,100.35,,100.33,20170900,20171200,20170600
2016-10-05 05:00:00,100.34,,100.33,20170900,20171200,20170600
2016-10-06 05:00:00,100.34,,100.33,20170900,20171200,20170600
2016-10-07 05:00:00,100.335,,100.32,20170900,20171200,20170600
2016-10-07 15:00:00,100.33,,100.32,20170900,20171200,20170600
2016-10-10 05:00:00,100.325,,100.315,20170900,20171200,20170600
2016-10-10 10:00:00,,,100.31,20170900,20171200,20170600
2016-10-10 13:00:00,,,100.315,20170900,20171200,20170600
2016-10-10 15:00:00,,,100.315,20170900,20171200,20170600
2016-10-11 05:00:00,100.33,,100.32,20170900,20171200,20170600
2016-10-11 16:00:00,100.33,,,20170900,20171200,20170600
2016-10-12 05:00:00,100.325,,100.32,20170900,20171200,20170600
2016-10-12 15:00:00,,,100.32,20170900,20171200,20170600
2016-10-13 05:00:00,100.325,,100.315,20170900,20171200,20170600
2016-10-13 14:00:00,100.325,,100.32,20170900,20171200,20170600
2016-10-14 05:00:00,100.32,,100.315,20170900,20171200,20170600
2016-10-14 14:00:00,,,100.315,20170900,20171200,20170600
2016-10-17 05:00:00,100.315,,100.31,20170900,20171200,20170600
2016-10-17 13:00:00,100.315,,,20170900,20171200,20170600
2016-10-17 15:00:00,100.315,,,20170900,20171200,20170600
2016-10-18 05:00:00,100.32,,100.315,20170900,20171200,20170600
2016-10-18 15:00:00,100.325,,100.32,20170900,20171200,20170600
2016-10-19 05:00:00,100.32,,100.32,20170900,20171200,20170600
2016-10-20 05:00:00,100.32,,100.32,20170900,20171200,20170600
2016-10-20 08:00:00,,,100.315,20170900,20171200,20170600
2016-10-20 12:00:00,100.315,,,20170900,20171200,20170600
2016-10-21 05:00:00,100.31,,100.305,20170900,20171200,20170600
2016-10-21 07:00:00,,,100.32,20170900,20171200,20170600
2016-10-21 15:00:00,,,100.31,20170900,20171200,20170600
2016-10-21 16:00:00,100.31,,,20170900,20171200,20170600
2016-10-24 05:00:00,100.305,,100.305,20170900,20171200,20170600
2016-10-25 05:00:00,100.3,,100.3,20170900,20171200,20170600
2016-10-25 14:00:00,100.3,,,20170900,20171200,20170600
2016-10-26 05:00:00,100.29,,100.295,20170900,20171200,20170600
2016-10-27 05:00:00,100.28,,100.29,20170900,20171200,20170600
2016-10-27 14:00:00,100.285,,,20170900,20171200,20170600
2016-10-27 15:00:00,,,100.29,20170900,20171200,20170600
2016-10-28 05:00:00,100.275,,100.285,20170900,20171200,20170600
2016-10-28 15:00:00,100.28,,,20170900,20171200,20170600
2016-10-31 05:00:00,100.275,,100.285,20170900,20171200,20170600
2016-10-31 10:00:00,100.28,,,20170900,20171200,20170600
2016-10-31 13:00:00,100.275,,100.285,20170900,20171200,20170600
2016-10-31 17:00:00,100.275,,,20170900,20171200,20170600
2016-11-01 05:00:00,100.265,,100.275,20170900,20171200,20170600
2016-11-01 13:00:00,,,100.275,20170900,20171200,20170600
2016-11-01 17:00:00,100.265,,,20170900,20171200,20170600
2016-11-02 05:00:00,100.27,,100.28,20170900,20171200,20170600
2016-11-02 16:00:00,100.275,,100.28,20170900,20171200,20170600
2016-11-03 05:00:00,100.265,,100.27,20170900,20171200,20170600
2016-11-03 16:00:00,,,100.27,20170900,20171200,20170600
2016-11-04 05:00:00,100.265,,100.275,20170900,20171200,20170600
2016-11-07 06:00:00,100.265,,100.275,20170900,20171200,20170600
2016-11-07 16:00:00,,,100.27,20170900,20171200,20170600
2016-11-08 06:00:00,100.255,,100.27,20170900,20171200,20170600
2016-11-08 16:00:00,100.26,,100.27,20170900,20171200,20170600
2016-11-09 06:00:00,100.265,,100.275,20170900,20171200,20170600
2016-11-09 16:00:00,100.26,,100.27,20170900,20171200,20170600
2016-11-10 06:00:00,100.245,,100.26,20170900,20171200,20170600
2016-11-10 16:00:00,100.255,,,20170900,20171200,20170600
2016-11-11 06:00:00,100.24,,100.26,20170900,20171200,20170600
2016-11-11 16:00:00,,,100.265,20170900,20171200,20170600
2016-11-14 06:00:00,100.24,,100.26,20170900,20171200,20170600
2016-11-15 06:00:00,100.25,,100.27,20170900,20171200,20170600
2016-11-16 06:00:00,100.255,,100.27,20170900,20171200,20170600
2016-11-16 16:00:00,100.26,,100.275,20170900,20171200,20170600
2016-11-17 06:00:00,100.26,,100.275,20170900,20171200,20170600
2016-11-17 15:00:00,100.26,,,20170900,20171200,20170600
2016-11-17 16:00:00,100.265,,100.28,20170900,20171200,20170600
2016-11-18 06:00:00,100.27,,100.285,20170900,20171200,20170600
2016-11-18 15:00:00,100.27,,100.285,20170900,20171200,20170600
2016-11-21 06:00:00,100.27,,100.285,20170900,20171200,20170600
2016-11-21 16:00:00,,,100.29,20170900,20171200,20170600
2016-11-22 06:00:00,100.275,,100.28,20170900,20171200,20170600
2016-11-22 16:00:00,100.26,,100.28,20170900,20171200,20170600
2016-11-23 06:00:00,100.26,,100.275,20170900,20171200,20170600
2016-11-23 07:00:00,100.27,,,20170900,20171200,20170600
2016-11-24 06:00:00,100.27,,100.285,20170900,20171200,20170600
2016-11-24 08:00:00,100.27,,100.28,20170900,20171200,20170600
2016-11-24 10:00:00,100.27,,,20170900,20171200,20170600
2016-11-24 17:00:00,,,100.285,20170900,20171200,20170600
2016-11-25 06:00:00,100.26,,100.275,20170900,20171200,20170600
2016-11-25 13:00:00,100.27,,,20170900,20171200,20170600
2016-11-25 15:00:00,,,100.28,20170900,20171200,20170600
2016-11-28 06:00:00,100.275,100.265,100.285,20170900,20171200,20170600
2016-11-28 09:00:00,100.255,,,20171200,20180300,20170900
2016-11-29 06:00:00,100.27,,100.275,20171200,20180300,20170900
2016-11-29 16:00:00,,,100.28,20171200,20180300,20170900
2016-11-30 06:00:00,100.27,,100.275,20171200,20180300,20170900
2016-11-30 16:00:00,100.265,,,20171200,20180300,20170900
2016-12-01 06:00:00,100.255,,100.265,20171200,20180300,20170900
2016-12-01 16:00:00,100.25,,100.265,20171200,20180300,20170900
2016-12-02 06:00:00,100.26,,100.265,20171200,20180300,20170900
2016-12-02 08:00:00,100.25,,,20171200,20180300,20170900
2016-12-02 17:00:00,100.26,,,20171200,20180300,20170900
2016-12-05 06:00:00,100.255,,100.27,20171200,20180300,20170900
2016-12-06 06:00:00,100.25,,100.26,20171200,20180300,20170900
2016-12-06 15:00:00,,,100.265,20171200,20180300,20170900
2016-12-06 16:00:00,,,100.26,20171200,20180300,20170900
2016-12-07 06:00:00,100.25,,100.26,20171200,20180300,20170900
2016-12-07 07:00:00,100.24,,100.255,20171200,20180300,20170900
2016-12-08 06:00:00,100.265,,100.275,20171200,20180300,20170900
2016-12-08 07:00:00,,,100.26,20171200,20180300,20170900
2016-12-08 16:00:00,100.265,,100.28,20171200,20180300,20170900
2016-12-09 06:00:00,100.27,,100.285,20171200,20180300,20170900
2016-12-09 16:00:00,,,100.28,20171200,20180300,20170900
2016-12-12 06:00:00,100.265,,100.28,20171200,20180300,20170900
2016-12-12 16:00:00,,,100.28,20171200,20180300,20170900
2016-12-13 06:00:00,100.265,,100.275,20171200,20180300,20170900
2016-12-13 07:00:00,,,100.27,20171200,20180300,20170900
2016-12-13 10:00:00,100.26,,,20171200,20180300,20170900
2016-12-13 16:00:00,,,100.275,20171200,20180300,20170900
2016-12-14 06:00:00,100.27,,100.28,20171200,20180300,20170900
2016-12-14 16:00:00,100.27,,,20171200,20180300,20170900
2016-12-14 17:00:00,,,100.28,20171200,20180300,20170900
2016-12-15 06:00:00,100.265,,100.275,20171200,20180300,20170900
2016-12-15 15:00:00,,,100.275,20171200,20180300,20170900
2016-12-15 16:00:00,100.265,,100.28,20171200,20180300,20170900
2016-12-16 06:00:00,100.26,,100.27,20171200,20180300,20170900
2016-12-16 15:00:00,,,100.27,20171200,20180300,20170900
2016-12-16 16:00:00,,,100.275,20171200,20180300,20170900
2016-12-19 06:00:00,100.26,,100.275,20171200,20180300,20170900
2016-12-19 09:00:00,,,100.265,20171200,20180300,20170900
2016-12-19 11:00:00,,,100.275,20171200,20180300,20170900
2016-12-19 12:00:00,100.265,,,20171200,20180300,20170900
2016-12-19 14:00:00,100.26,,,20171200,20180300,20170900
2016-12-19 16:00:00,100.265,,100.275,20171200,20180300,20170900
2016-12-20 06:00:00,100.26,,100.27,20171200,20180300,20170900
2016-12-20 16:00:00,,,100.27,20171200,20180300,20170900
2016-12-21 06:00:00,100.26,,100.27,20171200,20180300,20170900
2016-12-21 16:00:00,100.255,,,20171200,20180300,20170900
2016-12-22 06:00:00,100.245,,100.265,20171200,20180300,20170900
2016-12-23 06:00:00,100.24,,100.26,20171200,20180300,20170900
2016-12-27 06:00:00,100.25,,100.26,20171200,20180300,20170900
2016-12-27 14:00:00,,,100.265,20171200,20180300,20170900
2016-12-28 06:00:00,100.255,,100.27,20171200,20180300,20170900
2016-12-28 16:00:00,100.255,,100.27,20171200,20180300,20170900
2016-12-29 06:00:00,100.265,,100.28,20171200,20180300,20170900
2016-12-29 08:00:00,100.26,,,20171200,20180300,20170900
2016-12-29 15:00:00,100.265,,,20171200,20180300,20170900
2016-12-30 06:00:00,100.26,,100.28,20171200,20180300,20170900
2016-12-30 12:00:00,100.26,,100.275,20171200,20180300,20170900
2017-01-02 06:00:00,100.28,,100.285,20171200,20180300,20170900
2017-01-03 06:00:00,100.27,,100.28,20171200,20180300,20170900
2017-01-03 08:00:00,,,100.29,20171200,20180300,20170900
2017-01-03 13:00:00,,,100.285,20171200,20180300,20170900
2017-01-03 15:00:00,100.27,,,20171200,20180300,20170900
2017-01-03 16:00:00,,,100.28,20171200,20180300,20170900
2017-01-04 06:00:00,100.27,,100.28,20171200,20180300,20170900
2017-01-04 16:00:00,100.27,,100.28,20171200,20180300,20170900
2017-01-05 06:00:00,100.265,,100.28,20171200,20180300,20170900
2017-01-05 15:00:00,100.265,,100.285,20171200,20180300,20170900
2017-01-05 16:00:00,100.27,,100.28,20171200,20180300,20170900
2017-01-06 06:00:00,100.27,,100.285,20171200,20180300,20170900
2017-01-06 13:00:00,,,100.285,20171200,20180300,20170900
2017-01-06 15:00:00,,,100.285,20171200,20180300,20170900
2017-01-09 06:00:00,100.27,,100.29,20171200,20180300,20170900
2017-01-09 15:00:00,,,100.29,20171200,20180300,20170900
2017-01-09 16:00:00,,,100.285,20171200,20180300,20170900
2017-01-10 06:00:00,100.275,,100.295,20171200,20180300,20170900
2017-01-10 16:00:00,,,100.295,20171200,20180300,20170900
2017-01-11 06:00:00,100.29,,100.305,20171200,20180300,20170900
2017-01-11 14:00:00,,,100.305,20171200,20180300,20170900
2017-01-11 16:00:00,,,100.305,20171200,20180300,20170900
2017-01-12 06:00:00,100.29,,100.305,20171200,20180300,20170900
2017-01-12 16:00:00,100.29,,100.305,20171200,20180300,20170900
2017-01-13 06:00:00,100.285,,100.3,20171200,20180300,20170900
2017-01-13 09:00:00,,,100.31,20171200,20180300,20170900
2017-01-13 16:00:00,,,100.305,20171200,20180300,20170900
2017-01-16 06:00:00,100.29,,100.305,20171200,20180300,20170900
2017-01-16 12:00:00,100.29,,,20171200,20180300,20170900
2017-01-16 16:00:00,100.29,,100.305,20171200,20180300,20170900
2017-01-17 06:00:00,100.29,,100.305,20171200,20180300,20170900
2017-01-17 08:00:00,100.3,,,20171200,20180300,20170900
2017-01-17 16:00:00,,,100.305,20171200,20180300,20170900
2017-01-18 06:00:00,100.29,,100.305,20171200,20180300,20170900
2017-01-18 16:00:00,,,100.305,20171200,20180300,20170900
2017-01-19 06:00:00,100.275,,100.3,20171200,20180300,20170900
2017-01-19 07:00:00,100.28,,,20171200,20180300,20170900
2017-01-19 15:00:00,100.275,,100.3,20171200,20180300,20170900
2017-01-20 06:00:00,100.265,,100.29,20171200,20180300,20170900
2017-01-20 11:00:00,100.275,,,20171200,20180300,20170900
2017-01-20 16:00:00,100.265,,,20171200,20180300,20170900
2017-01-20 17:00:00,,,100.295,20171200,20180300,20170900
2017-01-23 06:00:00,100.27,,100.295,20171200,20180300,20170900
2017-01-23 15:00:00,,,100.3,20171200,20180300,20170900
2017-01-23 16:00:00,100.27,,100.295,20171200,20180300,20170900
2017-01-24 06:00:00,100.265,,100.295,20171200,20180300,20170900
2017-01-24 16:00:00,,,100.295,20171200,20180300,20170900
2017-01-25 06:00:00,100.255,,100.29,20171200,20180300,20170900
2017-01-25 16:00:00,100.255,,100.29,20171200,20180300,20170900
2017-01-25 17:00:00,,,100.285,20171200,20180300,20170900
2017-01-26 06:00:00,100.245,,100.28,20171200,20180300,20170900
2017-01-26 08:00:00,,,100.285,20171200,20180300,20170900
2017-01-26 16:00:00,100.245,,,20171200,20180300,20170900
2017-01-27 06:00:00,100.25,,100.285,20171200,20180300,20170900
2017-01-27 16:00:00,,,100.28,20171200,20180300,20170900
2017-01-30 06:00:00,100.245,,100.275,20171200,20180300,20170900
2017-01-30 09:00:00,,,100.265,20171200,20180300,20170900
2017-01-30 10:00:00,,,100.275,20171200,20180300,20170900
2017-01-30 11:00:00,100.245,,100.275,20171200,20180300,20170900
2017-01-30 16:00:00,100.25,,100.28,20171200,20180300,20170900
2017-01-31 06:00:00,100.25,,100.28,20171200,20180300,20170900
2017-01-31 08:00:00,100.24,,,20171200,20180300,20170900
2017-01-31 09:00:00,100.24,,,20171200,20180300,20170900
2017-01-31 16:00:00,,,100.28,20171200,20180300,20170900
2017-02-01 06:00:00,100.245,,100.28,20171200,20180300,20170900
2017-02-01 16:00:00,,,100.275,20171200,20180300,20170900
2017-02-02 06:00:00,100.255,,100.285,20171200,20180300,20170900
2017-02-02 14:00:00,,,100.285,20171200,20180300,20170900
2017-02-02 17:00:00,,,100.285,20171200,20180300,20170900
2017-02-03 06:00:00,100.25,,100.28,20171200,20180300,20170900
2017-02-03 08:00:00,100.25,,,20171200,20180300,20170900
2017-02-03 15:00:00,,,100.28,20171200,20180300,20170900
2017-02-03 16:00:00,100.25,,100.275,20171200,20180300,20170900
2017-02-06 06:00:00,100.245,,100.27,20171200,20180300,20170900
2017-02-06 14:00:00,100.245,,100.275,20171200,20180300,20170900
2017-02-06 16:00:00,,,100.27,20171200,20180300,20170900
2017-02-07 06:00:00,100.235,,100.265,20171200,20180300,20170900
2017-02-07 13:00:00,,,100.26,20171200,20180300,20170900
2017-02-07 16:00:00,100.235,,100.26,20171200,20180300,20170900
2017-02-08 06:00:00,100.245,,100.265,20171200,20180300,20170900
2017-02-08 15:00:00,,,100.27,20171200,20180300,20170900
2017-02-09 06:00:00,100.24,,100.265,20171200,20180300,20170900
2017-02-09 15:00:00,100.24,,100.265,20171200,20180300,20170900
2017-02-09 16:00:00,,,100.26,20171200,20180300,20170900
2017-02-10 06:00:00,100.24,,100.265,20171200,20180300,20170900
2017-02-10 16:00:00,,,100.265,20171200,20180300,20170900
2017-02-13 06:00:00,100.235,,100.265,20171200,20180300,20170900
2017-02-13 15:00:00,100.23,,,20171200,20180300,20170900
2017-02-13 16:00:00,100.235,,100.265,20171200,20180300,20170900
2017-02-14 06:00:00,100.24,,100.265,20171200,20180300,20170900
2017-02-14 07:00:00,,,100.265,20171200,20180300,20170900
2017-02-14 16:00:00,,,100.27,20171200,20180300,20170900
2017-02-15 06:00:00,100.24,,100.27,20171200,20180300,20170900
2017-02-15 17:00:00,100.24,,,20171200,20180300,20170900
2017-02-16 06:00:00,100.24,,100.27,20171200,20180300,20170900
2017-02-16 16:00:00,,,100.27,20171200,20180300,20170900
2017-02-17 06:00:00,100.25,,100.27,20171200,20180300,20170900
2017-02-20 06:00:00,100.25,,100.27,20171200,20180300,20170900
2017-02-20 17:00:00,,,100.27,20171200,20180300,20170900
2017-02-21 06:00:00,100.25,,100.27,20171200,20180300,20170900
2017-02-22 06:00:00,100.245,,100.27,20171200,20180300,20170900
2017-02-22 16:00:00,100.245,,,20171200,20180300,20170900
2017-02-23 06:00:00,100.26,,100.28,20171200,20180300,20170900
2017-02-23 16:00:00,100.255,,100.275,20171200,20180300,20170900
2017-02-23 17:00:00,100.26,,100.275,20171200,20180300,20170900
2017-02-24 06:00:00,100.255,100.235,100.275,20171200,20180300,20170900
2017-02-24 13:00:00,,,100.255,20180300,20180600,20171200
2017-02-24 16:00:00,,,100.26,20180300,20180600,20171200
2017-02-24 17:00:00,100.24,,,20180300,20180600,20171200
2017-02-27 06:00:00,100.24,,100.26,20180300,20180600,20171200
2017-02-27 16:00:00,100.24,,100.26,20180300,20180600,20171200
2017-02-28 06:00:00,100.25,,100.265,20180300,20180600,20171200
2017-02-28 10:00:00,,,100.26,20180300,20180600,20171200
2017-02-28 15:00:00,100.255,,,20180300,20180600,20171200
2017-02-28 16:00:00,,,100.265,20180300,20180600,20171200
2017-03-01 06:00:00,100.24,,100.265,20180300,20180600,20171200
2017-03-01 11:00:00,,,100.26,20180300,20180600,20171200
2017-03-02 06:00:00,100.235,,100.26,20180300,20180600,20171200
2017-03-02 16:00:00,100.235,,100.265,20180300,20180600,20171200
2017-03-03 06:00:00,100.19,,100.225,20180300,20180600,20171200
2017-03-06 06:00:00,100.19,,100.22,20180300,20180600,20171200
2017-03-06 10:00:00,100.185,,100.22,20180300,20180600,20171200
2017-03-06 12:00:00,100.19,,,20180300,20180600,20171200
2017-03-06 15:00:00,,,100.22,20180300,20180600,20171200
2017-03-06 16:00:00,100.19,,,20180300,20180600,20171200
2017-03-07 06:00:00,100.2,,100.225,20180300,20180600,20171200
2017-03-07 16:00:00,,,100.225,20180300,20180600,20171200
2017-03-08 06:00:00,100.19,,100.225,20180300,20180600,20171200
2017-03-08 12:00:00,100.2,,100.23,20180300,20180600,20171200
2017-03-08 14:00:00,100.19,,,20180300,20180600,20171200
2017-03-09 06:00:00,100.175,,100.225,20180300,20180600,20171200
2017-03-09 16:00:00,100.175,,,20180300,20180600,20171200
2017-03-09 17:00:00,,,100.22,20180300,20180600,20171200
2017-03-10 06:00:00,100.18,,100.2,20180300,20180600,20171200
2017-03-10 16:00:00,100.145,,,20180300,20180600,20171200
2017-03-13 05:00:00,100.165,,100.215,20180300,20180600,20171200
2017-03-13 07:00:00,100.14,,,20180300,20180600,20171200
2017-03-13 11:00:00,100.165,,100.22,20180300,20180600,20171200
2017-03-13 13:00:00,100.155,,100.215,20180300,20180600,20171200
2017-03-13 15:00:00,100.16,,,20180300,20180600,20171200
2017-03-13 16:00:00,100.165,,100.22,20180300,20180600,20171200
2017-03-14 05:00:00,100.175,,100.225,20180300,20180600,20171200
2017-03-14 12:00:00,,,100.225,20180300,20180600,20171200
2017-03-14 16:00:00,100.175,,100.225,20180300,20180600,20171200
2017-03-15 05:00:00,100.18,,100.23,20180300,20180600,20171200
2017-03-15 16:00:00,,,100.23,20180300,20180600,20171200
2017-03-15 17:00:00,100.19,,,20180300,20180600,20171200
2017-03-16 05:00:00,100.18,,100.225,20180300,20180600,20171200
2017-03-16 14:00:00,,,100.22,20180300,20180600,20171200
2017-03-16 16:00:00,100.18,,100.225,20180300,20180600,20171200
2017-03-17 05:00:00,100.165,,100.215,20180300,20180600,20171200
2017-03-17 17:00:00,,,100.215,20180300,20180600,20171200
2017-03-20 05:00:00,100.16,,100.21,20180300,20180600,20171200
2017-03-20 14:00:00,100.15,,100.2,20180300,20180600,20171200
2017-03-20 16:00:00,100.16,,,20180300,20180600,20171200
2017-03-21 05:00:00,100.15,,100.205,20180300,20180600,20171200
2017-03-21 16:00:00,,,100.205,20180300,20180600,20171200
2017-03-22 05:00:00,100.165,,100.215,20180300,20180600,20171200
2017-03-22 14:00:00,100.165,,,20180300,20180600,20171200
2017-03-22 16:00:00,100.165,,100.215,20180300,20180600,20171200
2017-03-23 05:00:00,100.16,,100.215,20180300,20180600,20171200
2017-03-23 12:00:00,100.165,,,20180300,20180600,20171200
2017-03-23 16:00:00,100.165,,100.215,20180300,20180600,20171200
2017-03-24 05:00:00,100.165,,100.215,20180300,20180600,20171200
2017-03-24 16:00:00,100.165,,100.215,20180300,20180600,20171200
2017-03-27 05:00:00,100.175,,100.22,20180300,20180600,20171200
2017-03-27 15:00:00,100.17,,100.22,20180300,20180600,20171200
2017-03-28 05:00:00,100.195,,100.24,20180300,20180600,20171200
2017-03-28 14:00:00,,,100.24,20180300,20180600,20171200
2017-03-28 15:00:00,,,100.235,20180300,20180600,20171200
2017-03-29 05:00:00,100.21,,100.25,20180300,20180600,20171200
2017-03-30 05:00:00,100.22,,100.26,20180300,20180600,20171200
2017-03-30 15:00:00,,,100.26,20180300,20180600,20171200
2017-03-30 16:00:00,100.225,,,20180300,20180600,20171200
2017-03-31 05:00:00,100.225,,100.265,20180300,20180600,20171200
2017-03-31 15:00:00,100.225,,100.26,20180300,20180600,20171200
2017-03-31 16:00:00,100.225,,,20180300,20180600,20171200
2017-04-03 05:00:00,100.24,,100.275,20180300,20180600,20171200
2017-04-03 15:00:00,,,100.275,20180300,20180600,20171200
2017-04-04 05:00:00,100.25,,100.28,20180300,20180600,20171200
2017-04-04 15:00:00,100.25,,,20180300,20180600,20171200
2017-04-05 05:00:00,100.25,,100.28,20180300,20180600,20171200
2017-04-05 15:00:00,100.255,,100.28,20180300,20180600,20171200
2017-04-06 05:00:00,100.24,,100.275,20180300,20180600,20171200
2017-04-06 15:00:00,100.24,,,20180300,20180600,20171200
2017-04-07 05:00:00,100.25,,100.28,20180300,20180600,20171200
2017-04-07 15:00:00,100.25,,100.275,20180300,20180600,20171200
2017-04-10 05:00:00,100.255,,100.285,20180300,20180600,20171200
2017-04-10 15:00:00,100.255,,100.28,20180300,20180600,20171200
2017-04-11 05:00:00,100.26,,100.285,20180300,20180600,20171200
2017-04-11 15:00:00,,,100.28,20180300,20180600,20171200
2017-04-12 05:00:00,100.25,,100.275,20180300,20180600,20171200
2017-04-12 15:00:00,100.25,,100.28,20180300,20180600,20171200
2017-04-13 05:00:00,100.255,,100.28,20180300,20180600,20171200
2017-04-13 14:00:00,,,100.28,20180300,20180600,20171200
2017-04-18 05:00:00,100.26,,100.28,20180300,20180600,20171200
2017-04-18 14:00:00,100.255,,,20180300,20180600,20171200
2017-04-19 05:00:00,100.255,,100.28,20180300,20180600,20171200
2017-04-19 12:00:00,100.255,,,20180300,20180600,20171200
2017-04-19 14:00:00,100.255,,,20180300,20180600,20171200
2017-04-19 16:00:00,100.26,,100.275,20180300,20180600,20171200
2017-04-20 05:00:00,100.25,,100.275,20180300,20180600,20171200
2017-04-20 15:00:00,100.25,,100.275,20180300,20180600,20171200
2017-04-21 05:00:00,100.245,,100.265,20180300,20180600,20171200
2017-04-21 15:00:00,100.235,,,20180300,20180600,20171200
2017-04-24 05:00:00,100.235,,100.27,20180300,20180600,20171200
2017-04-24 15:00:00,,,100.27,20180300,20180600,20171200
2017-04-25 05:00:00,100.225,,100.265,20180300,20180600,20171200
2017-04-25 12:00:00,100.225,,100.265,20180300,20180600,20171200
2017-04-25 14:00:00,100.22,,100.265,20180300,20180600,20171200
2017-04-26 05:00:00,100.23,,100.265,20180300,20180600,20171200
2017-04-26 09:00:00,,,100.265,20180300,20180600,20171200
2017-04-26 14:00:00,100.225,,100.265,20180300,20180600,20171200
2017-04-27 05:00:00,100.255,,100.285,20180300,20180600,20171200
2017-04-27 14:00:00,100.245,,,20180300,20180600,20171200
2017-04-27 15:00:00,,,100.29,20180300,20180600,20171200
2017-04-28 05:00:00,100.25,,100.285,20180300,20180600,20171200
2017-04-28 15:00:00,100.25,,100.285,20180300,20180600,20171200
2017-05-02 05:00:00,100.265,,100.305,20180300,20180600,20171200
2017-05-02 13:00:00,,,100.305,20180300,20180600,20171200
2017-05-02 14:00:00,100.265,,,20180300,20180600,20171200
2017-05-02 15:00:00,,,100.305,20180300,20180600,20171200
2017-05-03 05:00:00,100.27,,100.31,20180300,20180600,20171200
2017-05-03 14:00:00,100.275,,100.315,20180300,20180600,20171200
2017-05-03 15:00:00,,,100.315,20180300,20180600,20171200
2017-05-04 05:00:00,100.265,,100.31,20180300,20180600,20171200
2017-05-04 08:00:00,,,100.315,20180300,20180600,20171200
2017-05-04 09:00:00,100.265,,100.31,20180300,20180600,20171200
2017-05-04 10:00:00,100.27,,,20180300,20180600,20171200
2017-05-04 12:00:00,,,100.305,20180300,20180600,20171200
2017-05-04 13:00:00,,,100.31,20180300,20180600,20171200
2017-05-04 14:00:00,100.265,,100.31,20180300,20180600,20171200
2017-05-04 15:00:00,100.265,,100.31,20180300,20180600,20171200
2017-05-05 05:00:00,100.24,,100.28,20180300,20180600,20171200
2017-05-05 10:00:00,100.245,,,20180300,20180600,20171200
2017-05-05 15:00:00,100.24,,,20180300,20180600,20171200
2017-05-08 05:00:00,100.23,,100.28,20180300,20180600,20171200
2017-05-08 15:00:00,100.23,,100.28,20180300,20180600,20171200
2017-05-09 05:00:00,100.235,,100.28,20180300,20180600,20171200
2017-05-09 06:00:00,,,100.275,20180300,20180600,20171200
2017-05-09 07:00:00,100.23,,,20180300,20180600,20171200
2017-05-09 15:00:00,,,100.28,20180300,20180600,20171200
2017-05-10 05:00:00,100.245,,100.285,20180300,20180600,20171200
2017-05-10 15:00:00,100.24,,,20180300,20180600,20171200
2017-05-11 05:00:00,100.245,,100.285,20180300,20180600,20171200
2017-05-11 07:00:00,,,100.28,20180300,20180600,20171200
2017-05-11 08:00:00,100.235,,,20180300,20180600,20171200
2017-05-11 15:00:00,100.24,,100.285,20180300,20180600,20171200
2017-05-12 05:00:00,100.255,,100.295,20180300,20180600,20171200
2017-05-15 05:00:00,100.255,,100.295,20180300,20180600,20171200
2017-05-15 15:00:00,,,100.295,20180300,20180600,20171200
2017-05-16 05:00:00,100.26,,100.295,20180300,20180600,20171200
2017-05-16 09:00:00,,,100.29,20180300,20180600,20171200
2017-05-16 14:00:00,100.255,,,20180300,20180600,20171200
2017-05-16 16:00:00,,,100.29,20180300,20180600,20171200
2017-05-17 05:00:00,100.26,,100.3,20180300,20180600,20171200
2017-05-17 16:00:00,100.265,,,20180300,20180600,20171200
2017-05-18 05:00:00,100.26,,100.295,20180300,20180600,20171200
2017-05-18 15:00:00,100.26,,100.295,20180300,20180600,20171200
2017-05-18 16:00:00,,,100.295,20180300,20180600,20171200
2017-05-19 05:00:00,100.255,,100.29,20180300,20180600,20171200
2017-05-19 14:00:00,100.25,,,20180300,20180600,20171200
2017-05-19 15:00:00,100.255,,100.29,20180300,20180600,20171200
2017-05-22 05:00:00,100.25,,100.285,20180300,20180600,20171200
2017-05-22 15:00:00,100.245,,100.285,20180300,20180600,20171200
2017-05-23 05:00:00,100.25,,100.285,20180300,20180600,20171200
2017-05-23 15:00:00,100.245,,100.285,20180300,20180600,20171200
2017-05-24 05:00:00,100.255,,100.295,20180300,20180600,20171200
2017-05-24 07:00:00,,,100.29,20180300,20180600,20171200
2017-05-24 14:00:00,,,100.29,20180300,20180600,20171200
2017-05-24 15:00:00,100.255,,,20180300,20180600,20171200
2017-05-25 05:00:00,100.26,,100.295,20180300,20180600,20171200
2017-05-26 05:00:00,100.27,100.23,100.3,20180300,20180600,20171200
2017-05-26 15:00:00,100.23,,,20180600,20180900,20180300
2017-05-29 05:00:00,100.24,,100.24,20180600,20180900,20180300
2017-05-30 05:00:00,100.24,,100.28,20180600,20180900,20180300
2017-05-31 05:00:00,100.25,,100.285,20180600,20180900,20180300
2017-05-31 15:00:00,100.25,,100.28,20180600,20180900,20180300
2017-06-01 05:00:00,100.25,,100.285,20180600,20180900,20180300
2017-06-01 07:00:00,,,100.275,20180600,20180900,20180300
2017-06-02 05:00:00,100.245,,100.275,20180600,20180900,20180300
2017-06-02 15:00:00,,,100.275,20180600,20180900,20180300
2017-06-05 05:00:00,100.24,,100.275,20180600,20180900,20180300
2017-06-06 05:00:00,100.24,,100.27,20180600,20180900,20180300
2017-06-06 15:00:00,100.235,,100.27,20180600,20180900,20180300
2017-06-07 05:00:00,100.255,,100.28,20180600,20180900,20180300
2017-06-07 15:00:00,,,100.28,20180600,20180900,20180300
2017-06-08 05:00:00,100.26,,100.29,20180600,20180900,20180300
2017-06-08 07:00:00,,,100.28,20180600,20180900,20180300
2017-06-08 15:00:00,,,100.29,20180600,20180900,20180300
2017-06-09 05:00:00,100.265,,100.29,20180600,20180900,20180300
2017-06-09 09:00:00,100.27,,100.295,20180600,20180900,20180300
2017-06-09 15:00:00,100.265,,100.29,20180600,20180900,20180300
2017-06-12 05:00:00,100.27,,100.295,20180600,20180900,20180300
2017-06-13 05:00:00,100.27,,100.295,20180600,20180900,20180300
2017-06-13 09:00:00,,,100.295,20180600,20180900,20180300
2017-06-13 15:00:00,,,100.295,20180600,20180900,20180300
2017-06-14 05:00:00,100.28,,100.3,20180600,20180900,20180300
2017-06-14 14:00:00,,,100.3,20180600,20180900,20180300
2017-06-14 15:00:00,100.275,,100.295,20180600,20180900,20180300
2017-06-15 05:00:00,100.265,,100.29,20180600,20180900,20180300
2017-06-15 08:00:00,100.27,,,20180600,20180900,20180300
2017-06-15 09:00:00,,,100.295,20180600,20180900,20180300
2017-06-15 15:00:00,100.265,,100.29,20180600,20180900,20180300
2017-06-16 05:00:00,100.265,,100.29,20180600,20180900,20180300
2017-06-16 12:00:00,100.26,,100.285,20180600,20180900,20180300
2017-06-16 15:00:00,100.265,,100.29,20180600,20180900,20180300
2017-06-19 05:00:00,100.265,,100.29,20180600,20180900,20180300
2017-06-19 11:00:00,100.27,,,20180600,20180900,20180300
2017-06-20 05:00:00,100.27,,100.295,20180600,20180900,20180300
2017-06-21 05:00:00,100.27,,100.295,20180600,20180900,20180300
2017-06-21 15:00:00,,,100.29,20180600,20180900,20180300
2017-06-22 05:00:00,100.27,,100.295,20180600,20180900,20180300
2017-06-22 15:00:00,100.27,,100.295,20180600,20180900,20180300
2017-06-23 05:00:00,100.265,,100.295,20180600,20180900,20180300
2017-06-23 15:00:00,,,100.29,20180600,20180900,20180300
2017-06-26 05:00:00,100.265,,100.29,20180600,20180900,20180300
2017-06-26 15:00:00,100.26,,100.29,20180600,20180900,20180300
2017-06-27 05:00:00,100.235,,100.275,20180600,20180900,20180300
2017-06-27 14:00:00,,,100.275,20180600,20180900,20180300
2017-06-28 05:00:00,100.235,,100.275,20180600,20180900,20180300
2017-06-28 07:00:00,,,100.265,20180600,20180900,20180300
2017-06-28 12:00:00,,,100.275,20180600,20180900,20180300
2017-06-28 15:00:00,,,100.27,20180600,20180900,20180300
2017-06-29 05:00:00,100.215,,100.26,20180600,20180900,20180300
2017-06-29 14:00:00,,,100.26,20180600,20180900,20180300
2017-06-29 15:00:00,100.22,,100.26,20180600,20180900,20180300
2017-06-30 05:00:00,100.21,,100.25,20180600,20180900,20180300
2017-06-30 12:00:00,,,100.26,20180600,20180900,20180300
2017-06-30 14:00:00,100.21,,,20180600,20180900,20180300
2017-06-30 15:00:00,100.205,,,20180600,20180900,20180300
2017-07-03 05:00:00,100.21,,100.255,20180600,20180900,20180300
2017-07-04 05:00:00,100.22,,100.265,20180600,20180900,20180300
2017-07-04 14:00:00,,,100.27,20180600,20180900,20180300
2017-07-04 15:00:00,100.225,,,20180600,20180900,20180300
2017-07-05 05:00:00,100.215,,100.26,20180600,20180900,20180300
2017-07-05 15:00:00,100.21,,100.255,20180600,20180900,20180300
2017-07-06 05:00:00,100.205,,100.255,20180600,20180900,20180300
2017-07-06 12:00:00,100.2,,,20180600,20180900,20180300
2017-07-06 13:00:00,,,100.255,20180600,20180900,20180300
2017-07-06 15:00:00,100.2,,,20180600,20180900,20180300
2017-07-07 05:00:00,100.21,,100.255,20180600,20180900,20180300
2017-07-07 08:00:00,100.205,,100.255,20180600,20180900,20180300
2017-07-07 14:00:00,100.21,,100.255,20180600,20180900,20180300
2017-07-07 15:00:00,,,100.255,20180600,20180900,20180300
2017-07-10 05:00:00,100.21,,100.255,20180600,20180900,20180300
2017-07-10 15:00:00,,,100.255,20180600,20180900,20180300
2017-07-11 05:00:00,100.2,,100.25,20180600,20180900,20180300
2017-07-11 15:00:00,,,100.25,20180600,20180900,20180300
2017-07-12 05:00:00,100.215,,100.26,20180600,20180900,20180300
2017-07-12 15:00:00,100.215,,,20180600,20180900,20180300
2017-07-13 05:00:00,100.215,,100.265,20180600,20180900,20180300
2017-07-13 07:00:00,,,100.26,20180600,20180900,20180300
2017-07-14 05:00:00,100.215,,100.265,20180600,20180900,20180300
2017-07-17 05:00:00,100.225,,100.27,20180600,20180900,20180300
2017-07-17 15:00:00,100.22,,100.27,20180600,20180900,20180300
2017-07-18 05:00:00,100.23,,100.28,20180600,20180900,20180300
2017-07-19 05:00:00,100.24,,100.285,20180600,20180900,20180300
2017-07-19 10:00:00,100.23,,100.275,20180600,20180900,20180300
2017-07-20 05:00:00,100.245,,100.285,20180600,20180900,20180300
2017-07-20 15:00:00,,,100.285,20180600,20180900,20180300
2017-07-21 05:00:00,100.255,,100.295,20180600,20180900,20180300
2017-07-21 15:00:00,,,100.29,20180600,20180900,20180300
2017-07-24 05:00:00,100.26,,100.295,20180600,20180900,20180300
2017-07-25 05:00:00,100.255,,100.29,20180600,20180900,20180300
2017-07-25 15:00:00,,,100.29,20180600,20180900,20180300
2017-07-26 05:00:00,100.26,,100.295,20180600,20180900,20180300
2017-07-27 05:00:00,100.255,,100.29,20180600,20180900,20180300
2017-07-28 05:00:00,100.26,,100.29,20180600,20180900,20180300
2017-07-28 15:00:00,100.255,,100.285,20180600,20180900,20180300
2017-07-31 05:00:00,100.255,,100.29,20180600,20180900,20180300
2017-07-31 15:00:00,100.255,,,20180600,20180900,20180300
2017-08-01 05:00:00,100.265,,100.295,20180600,20180900,20180300
2017-08-01 10:00:00,,,100.29,20180600,20180900,20180300
2017-08-02 05:00:00,100.265,,100.295,20180600,20180900,20180300
2017-08-03 05:00:00,100.265,,100.295,20180600,20180900,20180300
2017-08-04 05:00:00,100.26,,100.295,20180600,20180900,20180300
2017-08-07 05:00:00,100.26,,100.295,20180600,20180900,20180300
2017-08-08 05:00:00,100.26,,100.29,20180600,20180900,20180300
2017-08-08 09:00:00,100.26,,,20180600,20180900,20180300
2017-08-08 10:00:00,100.26,,100.295,20180600,20180900,20180300
2017-08-09 05:00:00,100.27,,100.295,20180600,20180900,20180300
2017-08-09 07:00:00,,,100.295,20180600,20180900,20180300
2017-08-09 08:00:00,,,100.295,20180600,20180900,20180300
2017-08-09 09:00:00,100.265,,,20180600,20180900,20180300
2017-08-09 15:00:00,100.265,,100.295,20180600,20180900,20180300
2017-08-10 05:00:00,100.275,,100.3,20180600,20180900,20180300
2017-08-10 15:00:00,,,100.3,20180600,20180900,20180300
2017-08-11 05:00:00,100.28,,100.31,20180600,20180900,20180300
2017-08-11 14:00:00,100.275,,100.3,20180600,20180900,20180300
2017-08-14 05:00:00,100.285,,100.31,20180600,20180900,20180300
2017-08-14 15:00:00,,,100.31,20180600,20180900,20180300
2017-08-15 05:00:00,100.28,,100.31,20180600,20180900,20180300
2017-08-15 12:00:00,100.275,,,20180600,20180900,20180300
2017-08-15 13:00:00,,,100.305,20180600,20180900,20180300
2017-08-16 05:00:00,100.28,,100.305,20180600,20180900,20180300
2017-08-16 16:00:00,100.285,,100.31,20180600,20180900,20180300
2017-08-17 05:00:00,100.28,,100.305,20180600,20180900,20180300
2017-08-18 05:00:00,100.28,,100.31,20180600,20180900,20180300
2017-08-21 05:00:00,100.285,,100.31,20180600,20180900,20180300
2017-08-21 15:00:00,100.285,,,20180600,20180900,20180300
2017-08-22 05:00:00,100.285,,100.31,20180600,20180900,20180300
2017-08-22 15:00:00,100.285,,100.31,20180600,20180900,20180300
2017-08-23 05:00:00,100.285,,100.31,20180600,20180900,20180300
2017-08-24 05:00:00,100.285,,100.31,20180600,20180900,20180300
2017-08-25 05:00:00,100.285,,100.31,20180600,20180900,20180300
2017-08-28 05:00:00,100.29,100.255,100.315,20180600,20180900,20180300
2017-08-29 05:00:00,100.26,,100.29,20180900,20181200,20180600
2017-08-29 10:00:00,100.25,,,20180900,20181200,20180600
2017-08-30 05:00:00,100.255,,100.29,20180900,20181200,20180600
2017-08-30 12:00:00,100.255,,,20180900,20181200,20180600
2017-08-30 14:00:00,100.25,,100.285,20180900,20181200,20180600
2017-08-31 05:00:00,100.26,,100.295,20180900,20181200,20180600
2017-09-01 05:00:00,100.26,,100.29,20180900,20181200,20180600
2017-09-01 15:00:00,100.26,,,20180900,20181200,20180600
2017-09-04 05:00:00,100.265,,100.295,20180900,20181200,20180600
2017-09-04 15:00:00,100.265,,100.295,20180900,20181200,20180600
2017-09-05 05:00:00,100.28,,100.305,20180900,20181200,20180600
2017-09-05 15:00:00,,,100.305,20180900,20181200,20180600
2017-09-06 05:00:00,100.265,,100.295,20180900,20181200,20180600
2017-09-06 13:00:00,100.27,,,20180900,20181200,20180600
2017-09-06 14:00:00,100.265,,,20180900,20181200,20180600
2017-09-07 05:00:00,100.285,,100.31,20180900,20181200,20180600
2017-09-07 07:00:00,100.265,,100.295,20180900,20181200,20180600
2017-09-07 15:00:00,,,100.305,20180900,20181200,20180600
2017-09-08 05:00:00,100.28,,100.305,20180900,20181200,20180600
2017-09-11 05:00:00,100.275,,100.305,20180900,20181200,20180600
2017-09-11 14:00:00,100.27,,,20180900,20181200,20180600
2017-09-12 05:00:00,100.265,,100.3,20180900,20181200,20180600
2017-09-12 13:00:00,,,100.305,20180900,20181200,20180600
2017-09-13 05:00:00,100.265,,100.295,20180900,20181200,20180600
2017-09-13 15:00:00,100.265,,100.295,20180900,20181200,20180600
2017-09-14 05:00:00,100.265,,100.295,20180900,20181200,20180600
2017-09-14 14:00:00,100.26,,,20180900,20181200,20180600
2017-09-14 15:00:00,,,100.295,20180900,20181200,20180600
2017-09-15 05:00:00,100.255,,100.29,20180900,20181200,20180600
2017-09-15 15:00:00,,,100.29,20180900,20181200,20180600
2017-09-18 05:00:00,100.25,,100.285,20180900,20181200,20180600
2017-09-18 12:00:00,100.245,,,20180900,20181200,20180600
2017-09-19 05:00:00,100.255,,100.29,20180900,20181200,20180600
2017-09-20 05:00:00,100.26,,100.29,20180900,20181200,20180600
2017-09-20 15:00:00,,,100.285,20180900,20181200,20180600
2017-09-21 05:00:00,100.255,,100.29,20180900,20181200,20180600
2017-09-21 15:00:00,,,100.29,20180900,20181200,20180600
2017-09-22 05:00:00,100.255,,100.285,20180900,20181200,20180600
2017-09-25 05:00:00,100.26,,100.295,20180900,20181200,20180600
2017-09-26 05:00:00,100.26,,100.29,20180900,20181200,20180600
2017-09-27 05:00:00,100.25,,100.285,20180900,20181200,20180600
2017-09-27 09:00:00,,,100.285,20180900,20181200,20180600
2017-09-27 15:00:00,100.25,,100.285,20180900,20181200,20180600
2017-09-28 05:00:00,100.255,,100.29,20180900,20181200,20180600
2017-09-29 05:00:00,100.255,,100.29,20180900,20181200,20180600
2017-09-29 15:00:00,100.255,,100.295,20180900,20181200,20180600
2017-10-02 05:00:00,100.255,,100.29,20180900,20181200,20180600
2017-10-03 05:00:00,100.255,,100.29,20180900,20181200,20180600
2017-10-04 05:00:00,100.26,,100.29,20180900,20181200,20180600
2017-10-05 05:00:00,100.255,,100.29,20180900,20181200,20180600
2017-10-05 13:00:00,,,100.29,20180900,20181200,20180600
2017-10-05 15:00:00,100.26,,100.29,20180900,20181200,20180600
2017-10-06 05:00:00,100.255,,100.285,20180900,20181200,20180600
2017-10-09 05:00:00,100.26,,100.295,20180900,20181200,20180600
2017-10-10 05:00:00,100.265,,100.295,20180900,20181200,20180600
2017-10-10 15:00:00,100.265,,100.295,20180900,20181200,20180600
2017-10-11 05:00:00,100.26,,100.29,20180900,20181200,20180600
2017-10-11 15:00:00,100.26,,100.29,20180900,20181200,20180600
2017-10-12 05:00:00,100.265,,100.295,20180900,20181200,20180600
2017-10-13 05:00:00,100.275,,100.3,20180900,20181200,20180600
2017-10-13 15:00:00,,,100.3,20180900,20181200,20180600
2017-10-16 05:00:00,100.28,,100.305,20180900,20181200,20180600
2017-10-16 15:00:00,100.28,,100.3,20180900,20181200,20180600
2017-10-17 05:00:00,100.28,,100.305,20180900,20181200,20180600
2017-10-18 05:00:00,100.285,,100.305,20180900,20181200,20180600
2017-10-19 05:00:00,100.285,,100.31,20180900,20181200,20180600
2017-10-19 15:00:00,100.285,,100.31,20180900,20181200,20180600
2017-10-20 05:00:00,100.28,,100.305,20180900,20181200,20180600
2017-10-23 05:00:00,100.285,,100.31,20180900,20181200,20180600
2017-10-23 15:00:00,100.285,,100.31,20180900,20181200,20180600
2017-10-24 05:00:00,100.28,,100.305,20180900,20181200,20180600
2017-10-24 11:00:00,,,100.31,20180900,20181200,20180600
2017-10-24 14:00:00,,,100.305,20180900,20181200,20180600
2017-10-25 05:00:00,100.275,,100.305,20180900,20181200,20180600
2017-10-26 05:00:00,100.295,,100.315,20180900,20181200,20180600
2017-10-26 07:00:00,100.27,,,20180900,20181200,20180600
2017-10-26 14:00:00,100.295,,,20180900,20181200,20180600
2017-10-27 05:00:00,100.3,,100.315,20180900,20181200,20180600
2017-10-27 15:00:00,,,100.315,20180900,20181200,20180600
2017-10-30 05:00:00,100.3,,100.315,20180900,20181200,20180600
2017-10-31 05:00:00,100.3,,100.315,20180900,20181200,20180600
2017-11-01 05:00:00,100.3,,100.315,20180900,20181200,20180600
2017-11-01 15:00:00,100.3,,,20180900,20181200,20180600
2017-11-02 05:00:00,100.3,,100.315,20180900,20181200,20180600
2017-11-02 14:00:00,,,100.315,20180900,20181200,20180600
2017-11-02 15:00:00,100.3,,,20180900,20181200,20180600
2017-11-03 05:00:00,100.305,,100.315,20180900,20181200,20180600
2017-11-06 06:00:00,100.31,,100.32,20180900,20181200,20180600
2017-11-06 16:00:00,100.305,,,20180900,20181200,20180600
2017-11-07 06:00:00,100.31,,100.32,20180900,20181200,20180600
2017-11-07 16:00:00,100.305,,,20180900,20181200,20180600
2017-11-08 06:00:00,100.31,,100.32,20180900,20181200,20180600
2017-11-08 16:00:00,100.31,,,20180900,20181200,20180600
2017-11-09 06:00:00,100.305,,100.315,20180900,20181200,20180600
2017-11-10 06:00:00,100.305,,100.315,20180900,20181200,20180600
2017-11-10 09:00:00,,,100.31,20180900,20181200,20180600
2017-11-13 06:00:00,100.305,,100.315,20180900,20181200,20180600
2017-11-13 10:00:00,100.305,,100.31,20180900,20181200,20180600
2017-11-13 13:00:00,100.31,,100.315,20180900,20181200,20180600
2017-11-14 06:00:00,100.305,,100.315,20180900,20181200,20180600
2017-11-15 06:00:00,100.305,,100.315,20180900,20181200,20180600
2017-11-16 06:00:00,100.305,,100.315,20180900,20181200,20180600
2017-11-16 16:00:00,,,100.31,20180900,20181200,20180600
2017-11-17 06:00:00,100.305,,100.315,20180900,20181200,20180600
2017-11-20 06:00:00,100.305,,100.315,20180900,20181200,20180600
2017-11-20 16:00:00,100.3,,,20180900,20181200,20180600
2017-11-21 06:00:00,100.305,,100.315,20180900,20181200,20180600
2017-11-22 06:00:00,100.3,,100.315,20180900,20181200,20180600
2017-11-22 16:00:00,100.3,,,20180900,20181200,20180600
2017-11-23 06:00:00,100.3,,100.31,20180900,20181200,20180600
2017-11-23 16:00:00,100.3,,100.31,20180900,20181200,20180600
2017-11-24 06:00:00,100.3,,100.31,20180900,20181200,20180600
2017-11-27 06:00:00,100.3,100.265,100.315,20180900,20181200,20180600
2017-11-27 15:00:00,100.265,,,20181200,20190300,20180900
2017-11-28 06:00:00,100.265,,100.3,20181200,20190300,20180900
2017-11-29 06:00:00,100.265,,100.3,20181200,20190300,20180900
2017-11-29 15:00:00,,,100.3,20181200,20190300,20180900
2017-11-29 16:00:00,,,100.3,20181200,20190300,20180900
2017-11-30 06:00:00,100.265,,100.295,20181200,20190300,20180900
2017-11-30 17:00:00,100.265,,,20181200,20190300,20180900
2017-12-01 06:00:00,100.275,,100.305,20181200,20190300,20180900
2017-12-01 17:00:00,100.27,,,20181200,20190300,20180900
2017-12-04 06:00:00,100.27,,100.3,20181200,20190300,20180900
2017-12-04 12:00:00,,,100.3,20181200,20190300,20180900
2017-12-05 06:00:00,100.27,,100.3,20181200,20190300,20180900
2017-12-05 08:00:00,100.27,,,20181200,20190300,20180900
2017-12-05 15:00:00,,,100.3,20181200,20190300,20180900
2017-12-06 06:00:00,100.275,,100.305,20181200,20190300,20180900
2017-12-06 16:00:00,100.275,,,20181200,20190300,20180900
2017-12-07 06:00:00,100.28,,100.305,20181200,20190300,20180900
2017-12-08 06:00:00,100.28,,100.31,20181200,20190300,20180900
2017-12-08 16:00:00,100.275,,,20181200,20190300,20180900
2017-12-11 06:00:00,100.275,,100.31,20181200,20190300,20180900
2017-12-12 06:00:00,100.27,,100.305,20181200,20190300,20180900
2017-12-12 10:00:00,,,100.305,20181200,20190300,20180900
2017-12-13 06:00:00,100.27,,100.305,20181200,20190300,20180900
2017-12-13 08:00:00,100.265,,100.3,20181200,20190300,20180900
2017-12-13 09:00:00,100.265,,,20181200,20190300,20180900
2017-12-13 12:00:00,,,100.3,20181200,20190300,20180900
2017-12-14 06:00:00,100.275,,100.305,20181200,20190300,20180900
2017-12-14 11:00:00,,,100.3,20181200,20190300,20180900
2017-12-14 12:00:00,100.265,,100.295,20181200,20190300,20180900
2017-12-14 14:00:00,100.27,,,20181200,20190300,20180900
2017-12-15 06:00:00,100.275,,100.305,20181200,20190300,20180900
2017-12-15 16:00:00,100.275,,,20181200,20190300,20180900
2017-12-18 06:00:00,100.275,,100.305,20181200,20190300,20180900
2017-12-18 12:00:00,100.275,,100.305,20181200,20190300,20180900
2017-12-18 14:00:00,100.275,,100.305,20181200,20190300,20180900
2017-12-18 17:00:00,,,100.3,20181200,20190300,20180900
2017-12-19 06:00:00,100.265,,100.3,20181200,20190300,20180900
2017-12-20 06:00:00,100.25,,100.295,20181200,20190300,20180900
2017-12-21 06:00:00,100.255,,100.295,20181200,20190300,20180900
2017-12-21 14:00:00,100.25,,,20181200,20190300,20180900
2017-12-21 15:00:00,100.255,,100.29,20181200,20190300,20180900
2017-12-22 06:00:00,100.25,,100.29,20181200,20190300,20180900
2017-12-27 06:00:00,100.255,,100.29,20181200,20190300,20180900
2017-12-28 06:00:00,100.25,,100.29,20181200,20190300,20180900
2017-12-29 06:00:00,100.25,,100.29,20181200,20190300,20180900
2017-12-29 12:00:00,100.25,,,20181200,20190300,20180900
2017-12-29 16:00:00,100.245,,,20181200,20190300,20180900
2018-01-02 06:00:00,100.25,,100.29,20181200,20190300,20180900
2018-01-02 11:00:00,,,100.285,20181200,20190300,20180900
2018-01-02 14:00:00,100.25,,,20181200,20190300,20180900
2018-01-03 06:00:00,100.25,,100.285,20181200,20190300,20180900
2018-01-03 10:00:00,100.25,,,20181200,20190300,20180900
2018-01-03 15:00:00,,,100.285,20181200,20190300,20180900
2018-01-04 06:00:00,100.25,,100.285,20181200,20190300,20180900
2018-01-04 08:00:00,,,100.285,20181200,20190300,20180900
2018-01-04 10:00:00,100.25,,,20181200,20190300,20180900
2018-01-05 06:00:00,100.25,,100.285,20181200,20190300,20180900
2018-01-05 15:00:00,100.245,,100.28,20181200,20190300,20180900
2018-01-08 06:00:00,100.25,,100.285,20181200,20190300,20180900
2018-01-08 15:00:00,100.255,,,20181200,20190300,20180900
2018-01-09 06:00:00,100.255,,100.285,20181200,20190300,20180900
2018-01-10 06:00:00,100.255,,100.29,20181200,20190300,20180900
2018-01-10 09:00:00,,,100.29,20181200,20190300,20180900
2018-01-11 06:00:00,100.235,,100.285,20181200,20190300,20180900
2018-01-11 12:00:00,100.24,,,20181200,20190300,20180900
2018-01-11 16:00:00,100.23,,,20181200,20190300,20180900
2018-01-12 06:00:00,100.235,,100.28,20181200,20190300,20180900
2018-01-12 15:00:00,100.23,,,20181200,20190300,20180900
2018-01-12 16:00:00,100.23,,,20181200,20190300,20180900
2018-01-15 06:00:00,100.23,,100.28,20181200,20190300,20180900
2018-01-15 16:00:00,,,100.28,20181200,20190300,20180900
2018-01-16 06:00:00,100.24,,100.285,20181200,20190300,20180900
2018-01-16 14:00:00,100.235,,100.285,20181200,20190300,20180900
2018-01-16 15:00:00,,,100.285,20181200,20190300,20180900
2018-01-17 06:00:00,100.245,,100.29,20181200,20190300,20180900
2018-01-18 06:00:00,100.245,,100.295,20181200,20190300,20180900
2018-01-18 08:00:00,100.245,,,20181200,20190300,20180900
2018-01-18 14:00:00,,,100.295,20181200,20190300,20180900
2018-01-19 06:00:00,100.255,,100.295,20181200,20190300,20180900
2018-01-22 06:00:00,100.255,,100.295,20181200,20190300,20180900
2018-01-22 15:00:00,100.255,,,20181200,20190300,20180900
2018-01-23 06:00:00,100.255,,100.295,20181200,20190300,20180900
2018-01-23 10:00:00,100.25,,,20181200,20190300,20180900
2018-01-23 15:00:00,100.25,,,20181200,20190300,20180900
2018-01-24 06:00:00,100.25,,100.295,20181200,20190300,20180900
2018-01-24 08:00:00,100.255,,,20181200,20190300,20180900
2018-01-24 14:00:00,100.255,,,20181200,20190300,20180900
2018-01-24 16:00:00,100.255,,,20181200,20190300,20180900
2018-01-25 06:00:00,100.255,,100.3,20181200,20190300,20180900
2018-01-25 08:00:00,100.25,,,20181200,20190300,20180900
2018-01-25 13:00:00,100.255,,,20181200,20190300,20180900
2018-01-26 06:00:00,100.255,,100.3,20181200,20190300,20180900
2018-01-26 15:00:00,,,100.305,20181200,20190300,20180900
2018-01-26 16:00:00,100.255,,,20181200,20190300,20180900
2018-01-29 06:00:00,100.245,,100.3,20181200,20190300,20180900
2018-01-30 06:00:00,100.255,,100.3,20181200,20190300,20180900
2018-01-30 09:00:00,,,100.295,20181200,20190300,20180900
2018-01-30 16:00:00,100.25,,,20181200,20190300,20180900
2018-01-31 06:00:00,100.26,,100.305,20181200,20190300,20180900
2018-01-31 14:00:00,,,100.295,20181200,20190300,20180900
2018-02-01 06:00:00,100.26,,100.305,20181200,20190300,20180900
2018-02-02 06:00:00,100.26,,100.305,20181200,20190300,20180900
2018-02-02 14:00:00,,,100.295,20181200,20190300,20180900
2018-02-02 16:00:00,100.26,,,20181200,20190300,20180900
2018-02-05 06:00:00,100.265,,100.305,20181200,20190300,20180900
2018-02-05 16:00:00,100.26,,100.305,20181200,20190300,20180900
2018-02-06 06:00:00,100.27,,100.31,20181200,20190300,20180900
2018-02-06 10:00:00,100.27,,100.31,20181200,20190300,20180900
2018-02-06 14:00:00,100.265,,,20181200,20190300,20180900
2018-02-06 16:00:00,,,100.305,20181200,20190300,20180900
2018-02-07 06:00:00,100.265,,100.31,20181200,20190300,20180900
2018-02-08 06:00:00,100.255,,100.305,20181200,20190300,20180900
2018-02-08 10:00:00,100.26,,100.3,20181200,20190300,20180900
2018-02-08 16:00:00,100.255,,100.305,20181200,20190300,20180900
2018-02-09 06:00:00,100.255,,100.305,20181200,20190300,20180900
2018-02-09 16:00:00,100.265,,100.305,20181200,20190300,20180900
2018-02-12 06:00:00,100.265,,100.305,20181200,20190300,20180900
2018-02-12 16:00:00,100.265,,100.305,20181200,20190300,20180900
2018-02-13 06:00:00,100.265,,100.305,20181200,20190300,20180900
2018-02-14 06:00:00,100.265,,100.305,20181200,20190300,20180900
2018-02-14 16:00:00,100.265,,100.305,20181200,20190300,20180900
2018-02-15 06:00:00,100.26,,100.3,20181200,20190300,20180900
2018-02-16 06:00:00,100.26,,100.3,20181200,20190300,20180900
2018-02-16 16:00:00,100.26,,,20181200,20190300,20180900
2018-02-16 17:00:00,100.26,,,20181200,20190300,20180900
2018-02-19 06:00:00,100.26,,100.3,20181200,20190300,20180900
2018-02-20 06:00:00,100.26,,100.295,20181200,20190300,20180900
2018-02-21 06:00:00,100.26,,100.3,20181200,20190300,20180900
2018-02-21 16:00:00,100.26,,100.3,20181200,20190300,20180900
2018-02-22 06:00:00,100.255,,100.295,20181200,20190300,20180900
2018-02-22 16:00:00,100.255,,,20181200,20190300,20180900
2018-02-23 06:00:00,100.26,,100.29,20181200,20190300,20180900
2018-02-23 08:00:00,100.26,,,20181200,20190300,20180900
2018-02-26 06:00:00,100.255,100.19,100.29,20181200,20190300,20180900
2018-02-27 06:00:00,100.195,,100.26,20190300,20190600,20181200
2018-02-27 13:00:00,100.185,,100.255,20190300,20190600,20181200
2018-02-27 16:00:00,,,100.26,20190300,20190600,20181200
2018-02-27 17:00:00,100.19,,,20190300,20190600,20181200
2018-02-28 06:00:00,100.195,,100.26,20190300,20190600,20181200
2018-03-01 06:00:00,100.2,,100.265,20190300,20190600,20181200
2018-03-01 11:00:00,100.205,,,20190300,20190600,20181200
2018-03-01 13:00:00,,,100.26,20190300,20190600,20181200
2018-03-01 15:00:00,100.205,,,20190300,20190600,20181200
2018-03-01 16:00:00,100.2,,100.265,20190300,20190600,20181200
2018-03-02 06:00:00,100.21,,100.265,20190300,20190600,20181200
2018-03-02 16:00:00,100.2,,100.265,20190300,20190600,20181200
2018-03-05 06:00:00,100.21,,100.27,20190300,20190600,20181200
2018-03-06 06:00:00,100.21,,100.27,20190300,20190600,20181200
2018-03-07 06:00:00,100.21,,100.275,20190300,20190600,20181200
2018-03-07 10:00:00,100.21,,,20190300,20190600,20181200
2018-03-07 12:00:00,100.21,,,20190300,20190600,20181200
2018-03-08 06:00:00,100.215,,100.28,20190300,20190600,20181200
2018-03-09 06:00:00,100.215,,100.275,20190300,20190600,20181200
2018-03-12 05:00:00,100.225,,100.285,20190300,20190600,20181200
2018-03-13 05:00:00,100.225,,100.285,20190300,20190600,20181200
2018-03-14 05:00:00,100.24,,100.29,20190300,20190600,20181200
2018-03-15 05:00:00,100.245,,100.295,20190300,20190600,20181200
2018-03-15 07:00:00,100.24,,,20190300,20190600,20181200
2018-03-15 08:00:00,100.24,,100.29,20190300,20190600,20181200
2018-03-15 16:00:00,,,100.295,20190300,20190600,20181200
2018-03-16 05:00:00,100.25,,100.3,20190300,20190600,20181200
2018-03-16 16:00:00,100.25,,,20190300,20190600,20181200
2018-03-19 05:00:00,100.23,,100.3,20190300,20190600,20181200
2018-03-19 12:00:00,100.25,,100.3,20190300,20190600,20181200
2018-03-20 05:00:00,100.255,,100.305,20190300,20190600,20181200
2018-03-20 15:00:00,100.255,,100.3,20190300,20190600,20181200
2018-03-20 16:00:00,100.25,,,20190300,20190600,20181200
2018-03-21 05:00:00,100.25,,100.3,20190300,20190600,20181200
2018-03-21 15:00:00,100.25,,,20190300,20190600,20181200
2018-03-21 16:00:00,,,100.295,20190300,20190600,20181200
2018-03-22 05:00:00,100.26,,100.3,20190300,20190600,20181200
2018-03-22 14:00:00,100.26,,,20190300,20190600,20181200
2018-03-23 05:00:00,100.26,,100.305,20190300,20190600,20181200
2018-03-23 12:00:00,100.26,,100.3,20190300,20190600,20181200
2018-03-26 05:00:00,100.255,,100.305,20190300,20190600,20181200
2018-03-26 16:00:00,100.26,,,20190300,20190600,20181200
2018-03-27 05:00:00,100.27,,100.3,20190300,20190600,20181200
2018-03-27 15:00:00,,,100.295,20190300,20190600,20181200
2018-03-28 05:00:00,100.26,,100.305,20190300,20190600,20181200
2018-03-28 14:00:00,,,100.305,20190300,20190600,20181200
2018-03-29 05:00:00,100.26,,100.305,20190300,20190600,20181200
2018-04-03 05:00:00,100.26,,100.305,20190300,20190600,20181200
2018-04-03 08:00:00,,,100.3,20190300,20190600,20181200
2018-04-03 13:00:00,100.265,,100.305,20190300,20190600,20181200
2018-04-04 05:00:00,100.26,,100.305,20190300,20190600,20181200
2018-04-05 05:00:00,100.26,,100.3,20190300,20190600,20181200
2018-04-06 05:00:00,100.26,,100.3,20190300,20190600,20181200
2018-04-06 10:00:00,100.265,,100.305,20190300,20190600,20181200
2018-04-09 05:00:00,100.265,,100.305,20190300,20190600,20181200
2018-04-10 05:00:00,100.255,,100.295,20190300,20190600,20181200
2018-04-11 05:00:00,100.255,,100.305,20190300,20190600,20181200
2018-04-12 05:00:00,100.255,,100.305,20190300,20190600,20181200
2018-04-13 05:00:00,100.265,,100.305,20190300,20190600,20181200
2018-04-13 10:00:00,,,100.295,20190300,20190600,20181200
2018-04-13 13:00:00,,,100.3,20190300,20190600,20181200
2018-04-13 15:00:00,,,100.305,20190300,20190600,20181200
2018-04-13 16:00:00,100.27,,,20190300,20190600,20181200
2018-04-16 05:00:00,100.265,,100.31,20190300,20190600,20181200
2018-04-16 14:00:00,,,100.31,20190300,20190600,20181200
2018-04-17 05:00:00,100.27,,100.31,20190300,20190600,20181200
2018-04-18 05:00:00,100.265,,100.31,20190300,20190600,20181200
2018-04-18 08:00:00,,,100.315,20190300,20190600,20181200
2018-04-19 05:00:00,100.27,,100.31,20190300,20190600,20181200
2018-04-19 15:00:00,,,100.31,20190300,20190600,20181200
2018-04-20 05:00:00,100.27,,100.31,20190300,20190600,20181200
2018-04-20 11:00:00,100.245,,100.3,20190300,20190600,20181200
2018-04-20 15:00:00,100.27,,,20190300,20190600,20181200
2018-04-23 05:00:00,100.265,,100.305,20190300,20190600,20181200
2018-04-23 14:00:00,,,100.315,20190300,20190600,20181200
2018-04-24 05:00:00,100.26,,100.31,20190300,20190600,20181200
2018-04-24 09:00:00,,,100.305,20190300,20190600,20181200
2018-04-25 05:00:00,100.255,,100.3,20190300,20190600,20181200
2018-04-25 12:00:00,,,100.305,20190300,20190600,20181200
2018-04-26 05:00:00,100.26,,100.305,20190300,20190600,20181200
2018-04-26 07:00:00,,,100.305,20190300,20190600,20181200
2018-04-27 05:00:00,100.265,,100.305,20190300,20190600,20181200
2018-04-27 08:00:00,,,100.31,20190300,20190600,20181200
2018-04-30 05:00:00,100.27,,100.305,20190300,20190600,20181200
2018-05-02 05:00:00,100.27,,100.31,20190300,20190600,20181200
2018-05-02 11:00:00,,,100.315,20190300,20190600,20181200
2018-05-03 05:00:00,100.28,,100.305,20190300,20190600,20181200
2018-05-03 12:00:00,,,100.305,20190300,20190600,20181200
2018-05-04 05:00:00,100.28,,100.31,20190300,20190600,20181200
2018-05-07 05:00:00,100.275,,100.31,20190300,20190600,20181200
2018-05-07 13:00:00,,,100.3,20190300,20190600,20181200
2018-05-08 05:00:00,100.28,,100.31,20190300,20190600,20181200
2018-05-08 08:00:00,,,100.3,20190300,20190600,20181200
2018-05-09 05:00:00,100.27,,100.305,20190300,20190600,20181200
2018-05-09 07:00:00,,,100.3,20190300,20190600,20181200
2018-05-09 11:00:00,,,100.305,20190300,20190600,20181200
2018-05-10 05:00:00,100.26,,100.3,20190300,20190600,20181200
2018-05-10 06:00:00,,,100.3,20190300,20190600,20181200
2018-05-11 05:00:00,100.265,,100.3,20190300,20190600,20181200
2018-05-11 12:00:00,,,100.295,20190300,20190600,20181200
2018-05-14 05:00:00,100.255,,100.295,20190300,20190600,20181200
2018-05-14 14:00:00,,,100.29,20190300,20190600,20181200
2018-05-14 15:00:00,,,100.29,20190300,20190600,20181200
2018-05-15 05:00:00,100.255,,100.29,20190300,20190600,20181200
2018-05-15 14:00:00,,,100.285,20190300,20190600,20181200
2018-05-16 05:00:00,100.26,,100.295,20190300,20190600,20181200
2018-05-16 15:00:00,,,100.295,20190300,20190600,20181200
2018-05-17 05:00:00,100.255,,100.29,20190300,20190600,20181200
2018-05-17 08:00:00,,,100.29,20190300,20190600,20181200
2018-05-18 05:00:00,100.255,,100.29,20190300,20190600,20181200
2018-05-18 14:00:00,,,100.295,20190300,20190600,20181200
2018-05-21 05:00:00,100.255,,100.29,20190300,20190600,20181200
2018-05-21 12:00:00,,,100.285,20190300,20190600,20181200
2018-05-21 13:00:00,100.255,,,20190300,20190600,20181200
2018-05-22 05:00:00,100.255,,100.29,20190300,20190600,20181200
2018-05-22 13:00:00,100.255,,,20190300,20190600,20181200
2018-05-22 15:00:00,100.25,,,20190300,20190600,20181200
2018-05-23 05:00:00,100.26,,100.285,20190300,20190600,20181200
2018-05-23 07:00:00,100.25,,,20190300,20190600,20181200
2018-05-23 13:00:00,,,100.285,20190300,20190600,20181200
2018-05-23 15:00:00,100.255,,100.28,20190300,20190600,20181200
2018-05-24 05:00:00,100.26,,100.285,20190300,20190600,20181200
2018-05-24 08:00:00,100.255,,,20190300,20190600,20181200
2018-05-25 05:00:00,100.25,,100.275,20190300,20190600,20181200
2018-05-25 13:00:00,,,100.28,20190300,20190600,20181200
2018-05-25 15:00:00,100.25,,100.27,20190300,20190600,20181200
2018-05-28 05:00:00,100.25,100.215,100.27,20190300,20190600,20181200
2018-05-28 09:00:00,,,100.245,20190600,20190900,20190300
2018-05-28 12:00:00,,,100.245,20190600,20190900,20190300
2018-05-29 05:00:00,100.215,,100.245,20190600,20190900,20190300
2018-05-29 06:00:00,,,100.24,20190600,20190900,20190300
2018-05-29 08:00:00,100.225,,100.255,20190600,20190900,20190300
2018-05-30 05:00:00,100.19,,100.225,20190600,20190900,20190300
2018-05-31 05:00:00,100.2,,100.24,20190600,20190900,20190300
2018-05-31 06:00:00,,,100.23,20190600,20190900,20190300
2018-06-01 05:00:00,100.21,,100.26,20190600,20190900,20190300
2018-06-01 14:00:00,,,100.25,20190600,20190900,20190300
2018-06-01 15:00:00,,,100.255,20190600,20190900,20190300
2018-06-04 05:00:00,100.215,,100.265,20190600,20190900,20190300
2018-06-05 05:00:00,100.21,,100.265,20190600,20190900,20190300
2018-06-05 13:00:00,100.21,,,20190600,20190900,20190300
2018-06-06 05:00:00,100.18,,100.25,20190600,20190900,20190300
2018-06-06 15:00:00,,,100.24,20190600,20190900,20190300
2018-06-07 05:00:00,100.18,,100.24,20190600,20190900,20190300
2018-06-07 07:00:00,,,100.23,20190600,20190900,20190300
2018-06-08 05:00:00,100.185,,100.24,20190600,20190900,20190300
2018-06-11 05:00:00,100.185,,100.245,20190600,20190900,20190300
2018-06-12 05:00:00,100.19,,100.25,20190600,20190900,20190300
2018-06-12 08:00:00,,,100.255,20190600,20190900,20190300
2018-06-13 05:00:00,100.195,,100.255,20190600,20190900,20190300
2018-06-13 07:00:00,,,100.255,20190600,20190900,20190300
2018-06-13 08:00:00,100.19,,,20190600,20190900,20190300
2018-06-13 13:00:00,,,100.245,20190600,20190900,20190300
2018-06-13 14:00:00,,,100.25,20190600,20190900,20190300
2018-06-14 05:00:00,100.255,,100.29,20190600,20190900,20190300
2018-06-14 12:00:00,100.235,,,20190600,20190900,20190300
2018-06-14 15:00:00,,,100.285,20190600,20190900,20190300
2018-06-15 05:00:00,100.26,,100.29,20190600,20190900,20190300
2018-06-15 14:00:00,100.265,,,20190600,20190900,20190300
2018-06-18 05:00:00,100.26,,100.285,20190600,20190900,20190300
2018-06-19 05:00:00,100.26,,100.28,20190600,20190900,20190300
2018-06-20 05:00:00,100.26,,100.28,20190600,20190900,20190300
2018-06-20 14:00:00,,,100.29,20190600,20190900,20190300
2018-06-21 05:00:00,100.26,,100.28,20190600,20190900,20190300
2018-06-21 06:00:00,,,100.26,20190600,20190900,20190300
2018-06-21 11:00:00,,,100.275,20190600,20190900,20190300
2018-06-21 15:00:00,100.265,,,20190600,20190900,20190300
2018-06-22 05:00:00,100.26,,100.275,20190600,20190900,20190300
2018-06-25 05:00:00,100.26,,100.275,20190600,20190900,20190300
2018-06-26 05:00:00,100.265,,100.28,20190600,20190900,20190300
2018-06-26 12:00:00,,,100.275,20190600,20190900,20190300
2018-06-27 05:00:00,100.26,,100.275,20190600,20190900,20190300
2018-06-27 07:00:00,100.265,,100.285,20190600,20190900,20190300
2018-06-28 05:00:00,100.26,,100.28,20190600,20190900,20190300
2018-06-29 05:00:00,100.265,,100.28,20190600,20190900,20190300
2018-06-29 07:00:00,,,100.265,20190600,20190900,20190300
2018-07-02 05:00:00,100.275,,100.28,20190600,20190900,20190300
2018-07-03 05:00:00,100.27,,100.28,20190600,20190900,20190300
2018-07-04 05:00:00,100.27,,100.285,20190600,20190900,20190300
2018-07-04 08:00:00,100.26,,,20190600,20190900,20190300
2018-07-05 05:00:00,100.27,,100.285,20190600,20190900,20190300
2018-07-05 15:00:00,,,100.28,20190600,20190900,20190300
2018-07-06 05:00:00,100.27,,100.29,20190600,20190900,20190300
2018-07-09 05:00:00,100.27,,100.29,20190600,20190900,20190300
2018-07-10 05:00:00,100.27,,100.29,20190600,20190900,20190300
2018-07-11 05:00:00,100.27,,100.29,20190600,20190900,20190300
2018-07-12 05:00:00,100.27,,100.29,20190600,20190900,20190300
2018-07-13 05:00:00,100.27,,100.29,20190600,20190900,20190300
2018-07-13 07:00:00,,,100.285,20190600,20190900,20190300
2018-07-13 10:00:00,,,100.29,20190600,20190900,20190300
2018-07-13 13:00:00,,,100.29,20190600,20190900,20190300
2018-07-16 05:00:00,100.27,,100.29,20190600,20190900,20190300
2018-07-17 05:00:00,100.27,,100.29,20190600,20190900,20190300
2018-07-18 05:00:00,100.27,,100.295,20190600,20190900,20190300
2018-07-18 15:00:00,,,100.295,20190600,20190900,20190300
2018-07-19 05:00:00,100.27,,100.29,20190600,20190900,20190300
2018-07-20 05:00:00,100.265,,100.29,20190600,20190900,20190300
2018-07-23 05:00:00,100.265,,100.285,20190600,20190900,20190300
2018-07-24 05:00:00,100.265,,100.29,20190600,20190900,20190300
2018-07-24 15:00:00,,,100.29,20190600,20190900,20190300
2018-07-25 05:00:00,100.27,,100.29,20190600,20190900,20190300
2018-07-26 05:00:00,100.265,,100.29,20190600,20190900,20190300
2018-07-26 14:00:00,,,100.29,20190600,20190900,20190300
2018-07-27 05:00:00,100.26,,100.29,20190600,20190900,20190300
2018-07-30 05:00:00,100.255,,100.28,20190600,20190900,20190300
2018-07-31 05:00:00,100.25,,100.285,20190600,20190900,20190300
2018-08-01 05:00:00,100.25,,100.275,20190600,20190900,20190300
2018-08-01 08:00:00,,,100.275,20190600,20190900,20190300
2018-08-01 15:00:00,,,100.275,20190600,20190900,20190300
2018-08-02 05:00:00,100.255,,100.275,20190600,20190900,20190300
2018-08-03 05:00:00,100.25,,100.27,20190600,20190900,20190300
2018-08-03 14:00:00,,,100.27,20190600,20190900,20190300
2018-08-06 05:00:00,100.25,,100.265,20190600,20190900,20190300
2018-08-07 05:00:00,100.245,,100.265,20190600,20190900,20190300
2018-08-08 05:00:00,100.25,,100.265,20190600,20190900,20190300
2018-08-08 13:00:00,,,100.26,20190600,20190900,20190300
2018-08-09 05:00:00,100.245,,100.26,20190600,20190900,20190300
2018-08-10 05:00:00,100.24,,100.255,20190600,20190900,20190300
2018-08-13 05:00:00,100.245,,100.26,20190600,20190900,20190300
2018-08-13 10:00:00,,,100.26,20190600,20190900,20190300
2018-08-14 05:00:00,100.25,,100.265,20190600,20190900,20190300
2018-08-15 05:00:00,100.255,,100.27,20190600,20190900,20190300
2018-08-15 08:00:00,,,100.27,20190600,20190900,20190300
2018-08-16 05:00:00,100.255,,100.27,20190600,20190900,20190300
2018-08-17 05:00:00,100.255,,100.27,20190600,20190900,20190300
2018-08-20 05:00:00,100.26,,100.275,20190600,20190900,20190300
2018-08-21 05:00:00,100.255,,100.275,20190600,20190900,20190300
2018-08-22 05:00:00,100.255,,100.275,20190600,20190900,20190300
2018-08-23 05:00:00,100.255,,100.275,20190600,20190900,20190300
2018-08-23 08:00:00,,,100.28,20190600,20190900,20190300
2018-08-24 05:00:00,100.26,,100.275,20190600,20190900,20190300
2018-08-27 05:00:00,100.255,100.195,100.275,20190600,20190900,20190300
2018-08-28 05:00:00,100.195,,100.255,20190900,20191200,20190600
2018-08-29 05:00:00,100.19,,100.255,20190900,20191200,20190600
2018-08-30 05:00:00,100.19,,100.25,20190900,20191200,20190600
2018-08-31 05:00:00,100.195,,100.255,20190900,20191200,20190600
2018-09-03 05:00:00,100.195,,100.255,20190900,20191200,20190600
2018-09-04 05:00:00,100.195,,100.26,20190900,20191200,20190600
2018-09-04 12:00:00,,,100.26,20190900,20191200,20190600
2018-09-05 05:00:00,100.195,,100.255,20190900,20191200,20190600
2018-09-06 05:00:00,100.2,,100.26,20190900,20191200,20190600
2018-09-07 05:00:00,100.195,,100.26,20190900,20191200,20190600
2018-09-07 09:00:00,,,100.26,20190900,20191200,20190600
2018-09-10 05:00:00,100.2,,100.26,20190900,20191200,20190600
2018-09-11 05:00:00,100.2,,100.27,20190900,20191200,20190600
2018-09-12 05:00:00,100.21,,100.27,20190900,20191200,20190600
2018-09-12 08:00:00,,,100.27,20190900,20191200,20190600
2018-09-13 05:00:00,100.205,,100.27,20190900,20191200,20190600
2018-09-14 05:00:00,100.205,,100.27,20190900,20191200,20190600
2018-09-17 05:00:00,100.205,,100.27,20190900,20191200,20190600
2018-09-18 05:00:00,100.195,,100.27,20190900,20191200,20190600
2018-09-18 13:00:00,,,100.27,20190900,20191200,20190600
2018-09-18 14:00:00,,,100.27,20190900,20191200,20190600
2018-09-19 05:00:00,100.195,,100.265,20190900,20191200,20190600
2018-09-20 05:00:00,100.195,,100.265,20190900,20191200,20190600
2018-09-20 07:00:00,100.195,,,20190900,20191200,20190600
2018-09-20 09:00:00,100.195,,,20190900,20191200,20190600
2018-09-21 05:00:00,100.195,,100.265,20190900,20191200,20190600
2018-09-24 05:00:00,100.18,,100.255,20190900,20191200,20190600
2018-09-25 05:00:00,100.18,,100.255,20190900,20191200,20190600
2018-09-25 13:00:00,,,100.25,20190900,20191200,20190600
2018-09-26 05:00:00,100.18,,100.255,20190900,20191200,20190600
2018-09-27 05:00:00,100.17,,100.25,20190900,20191200,20190600
2018-09-28 05:00:00,100.18,,100.255,20190900,20191200,20190600
2018-10-01 05:00:00,100.175,,100.255,20190900,20191200,20190600
2018-10-02 05:00:00,100.19,,100.255,20190900,20191200,20190600
2018-10-02 07:00:00,100.185,,100.255,20190900,20191200,20190600
2018-10-03 05:00:00,100.185,,100.255,20190900,20191200,20190600
2018-10-04 05:00:00,100.15,,100.255,20190900,20191200,20190600
2018-10-05 05:00:00,100.175,,100.255,20190900,20191200,20190600
2018-10-05 15:00:00,100.165,,,20190900,20191200,20190600
2018-10-08 05:00:00,100.175,,100.255,20190900,20191200,20190600
2018-10-09 05:00:00,100.175,,100.25,20190900,20191200,20190600
2018-10-10 05:00:00,100.17,,100.245,20190900,20191200,20190600
2018-10-11 05:00:00,100.175,,100.245,20190900,20191200,20190600
2018-10-11 16:00:00,,,100.245,20190900,20191200,20190600
2018-10-12 05:00:00,100.18,,100.25,20190900,20191200,20190600
2018-10-15 05:00:00,100.185,,100.255,20190900,20191200,20190600
2018-10-16 05:00:00,100.195,,100.265,20190900,20191200,20190600
2018-10-17 05:00:00,100.195,,100.265,20190900,20191200,20190600
2018-10-18 05:00:00,100.205,,100.275,20190900,20191200,20190600
2018-10-19 05:00:00,100.195,,100.265,20190900,20191200,20190600
2018-10-22 05:00:00,100.195,,100.265,20190900,20191200,20190600
2018-10-23 05:00:00,100.2,,100.265,20190900,20191200,20190600
2018-10-24 05:00:00,100.215,,100.265,20190900,20191200,20190600
2018-10-24 07:00:00,100.205,,,20190900,20191200,20190600
2018-10-24 14:00:00,,,100.26,20190900,20191200,20190600
2018-10-25 05:00:00,100.215,,100.275,20190900,20191200,20190600
2018-10-26 05:00:00,100.22,,100.275,20190900,20191200,20190600
2018-10-29 05:00:00,100.22,,100.28,20190900,20191200,20190600
2018-10-30 05:00:00,100.22,,100.28,20190900,20191200,20190600
2018-10-30 08:00:00,100.215,,,20190900,20191200,20190600
2018-10-31 05:00:00,100.225,,100.285,20190900,20191200,20190600
2018-11-01 05:00:00,100.22,,100.28,20190900,20191200,20190600
2018-11-01 08:00:00,100.225,,,20190900,20191200,20190600
2018-11-01 09:00:00,100.22,,,20190900,20191200,20190600
2018-11-01 10:00:00,100.215,,,20190900,20191200,20190600
2018-11-01 14:00:00,100.215,,,20190900,20191200,20190600
2018-11-02 05:00:00,100.235,,100.29,20190900,20191200,20190600
2018-11-05 06:00:00,100.235,,100.285,20190900,20191200,20190600
2018-11-06 06:00:00,100.235,,100.285,20190900,20191200,20190600
2018-11-07 06:00:00,100.235,,100.285,20190900,20191200,20190600
2018-11-08 06:00:00,100.225,,100.28,20190900,20191200,20190600
2018-11-09 06:00:00,100.235,,100.285,20190900,20191200,20190600
2018-11-12 06:00:00,100.23,,100.28,20190900,20191200,20190600
2018-11-12 11:00:00,100.23,,,20190900,20191200,20190600
2018-11-12 12:00:00,100.23,,,20190900,20191200,20190600
2018-11-13 06:00:00,100.225,,100.28,20190900,20191200,20190600
2018-11-14 06:00:00,100.23,,100.28,20190900,20191200,20190600
2018-11-15 06:00:00,100.24,,100.28,20190900,20191200,20190600
2018-11-16 06:00:00,100.235,,100.28,20190900,20191200,20190600
2018-11-16 17:00:00,100.245,,,20190900,20191200,20190600
2018-11-19 06:00:00,100.23,,100.28,20190900,20191200,20190600
2018-11-20 06:00:00,100.24,,100.28,20190900,20191200,20190600
2018-11-21 06:00:00,100.245,,100.285,20190900,20191200,20190600
2018-11-22 06:00:00,100.245,,100.285,20190900,20191200,20190600
2018-11-23 06:00:00,100.25,,100.285,20190900,20191200,20190600
2018-11-23 10:00:00,100.255,,,20190900,20191200,20190600
2018-11-23 15:00:00,100.255,,,20190900,20191200,20190600
2018-11-23 17:00:00,100.25,,,20190900,20191200,20190600
2018-11-26 06:00:00,100.25,100.19,100.29,20190900,20191200,20190600
2018-11-27 06:00:00,100.195,,100.25,20191200,20200300,20190900
2018-11-28 06:00:00,100.195,,100.255,20191200,20200300,20190900
2018-11-29 06:00:00,100.205,,100.26,20191200,20200300,20190900
2018-11-30 06:00:00,100.215,,100.26,20191200,20200300,20190900
2018-12-03 06:00:00,100.215,,100.26,20191200,20200300,20190900
2018-12-04 06:00:00,100.215,,100.26,20191200,20200300,20190900
2018-12-05 06:00:00,100.205,,100.255,20191200,20200300,20190900
2018-12-05 12:00:00,100.21,,100.26,20191200,20200300,20190900
2018-12-06 06:00:00,100.205,,100.255,20191200,20200300,20190900
2018-12-07 06:00:00,100.195,,100.245,20191200,20200300,20190900
2018-12-10 06:00:00,100.195,,100.245,20191200,20200300,20190900
2018-12-11 06:00:00,100.195,,100.245,20191200,20200300,20190900
2018-12-12 06:00:00,100.195,,100.25,20191200,20200300,20190900
2018-12-12 08:00:00,100.205,,100.25,20191200,20200300,20190900
2018-12-12 15:00:00,100.19,,,20191200,20200300,20190900
2018-12-13 06:00:00,100.195,,100.25,20191200,20200300,20190900
2018-12-13 14:00:00,,,100.245,20191200,20200300,20190900
2018-12-14 06:00:00,100.21,,100.25,20191200,20200300,20190900
2018-12-14 12:00:00,100.205,,,20191200,20200300,20190900
2018-12-14 13:00:00,100.205,,,20191200,20200300,20190900
2018-12-17 06:00:00,100.21,,100.255,20191200,20200300,20190900
2018-12-17 13:00:00,100.21,,,20191200,20200300,20190900
2018-12-18 06:00:00,100.22,,100.265,20191200,20200300,20190900
2018-12-18 14:00:00,,,100.26,20191200,20200300,20190900
2018-12-18 16:00:00,,,100.26,20191200,20200300,20190900
2018-12-19 06:00:00,100.225,,100.26,20191200,20200300,20190900
2018-12-19 08:00:00,100.215,,,20191200,20200300,20190900
2018-12-19 13:00:00,100.23,,,20191200,20200300,20190900
2018-12-20 06:00:00,100.225,,100.265,20191200,20200300,20190900
2018-12-20 07:00:00,100.23,,,20191200,20200300,20190900
2018-12-20 08:00:00,100.22,,,20191200,20200300,20190900
2018-12-20 16:00:00,100.23,,,20191200,20200300,20190900
2018-12-21 06:00:00,100.23,,100.27,20191200,20200300,20190900
2018-12-21 07:00:00,100.225,,,20191200,20200300,20190900
2018-12-27 06:00:00,100.245,,100.28,20191200,20200300,20190900
2018-12-28 06:00:00,100.25,,100.28,20191200,20200300,20190900
2019-01-02 06:00:00,100.25,,100.28,20191200,20200300,20190900
2019-01-03 06:00:00,100.25,,100.275,20191200,20200300,20190900
2019-01-03 12:00:00,100.245,,,20191200,20200300,20190900
2019-01-04 06:00:00,100.235,,100.27,20191200,20200300,20190900
2019-01-07 06:00:00,100.235,,100.265,20191200,20200300,20190900
2019-01-08 06:00:00,100.22,,100.26,20191200,20200300,20190900
2019-01-09 06:00:00,100.22,,100.255,20191200,20200300,20190900
2019-01-10 06:00:00,100.225,,100.26,20191200,20200300,20190900
2019-01-11 06:00:00,100.225,,100.26,20191200,20200300,20190900
2019-01-14 06:00:00,100.24,,100.27,20191200,20200300,20190900
2019-01-15 06:00:00,100.25,,100.275,20191200,20200300,20190900
2019-01-16 06:00:00,100.24,,100.27,20191200,20200300,20190900
2019-01-17 06:00:00,100.245,,100.27,20191200,20200300,20190900
2019-01-17 10:00:00,100.245,,,20191200,20200300,20190900
2019-01-17 17:00:00,100.245,,,20191200,20200300,20190900
2019-01-18 06:00:00,100.235,,100.27,20191200,20200300,20190900
2019-01-18 17:00:00,100.235,,,20191200,20200300,20190900
2019-01-21 06:00:00,100.23,,100.27,20191200,20200300,20190900
2019-01-22 06:00:00,100.24,,100.27,20191200,20200300,20190900
2019-01-23 06:00:00,100.24,,100.27,20191200,20200300,20190900
2019-01-24 06:00:00,100.245,,100.275,20191200,20200300,20190900
2019-01-25 06:00:00,100.24,,100.27,20191200,20200300,20190900
2019-01-28 06:00:00,100.24,,100.27,20191200,20200300,20190900
2019-01-28 13:00:00,100.24,,,20191200,20200300,20190900
2019-01-29 06:00:00,100.245,,100.27,20191200,20200300,20190900
2019-01-30 06:00:00,100.245,,100.27,20191200,20200300,20190900
2019-01-31 06:00:00,100.25,,100.275,20191200,20200300,20190900
2019-01-31 10:00:00,,,100.265,20191200,20200300,20190900
2019-01-31 12:00:00,100.24,,100.27,20191200,20200300,20190900
2019-02-01 06:00:00,100.245,,100.275,20191200,20200300,20190900
2019-02-04 06:00:00,100.24,,100.275,20191200,20200300,20190900
2019-02-04 15:00:00,,,100.275,20191200,20200300,20190900
2019-02-04 16:00:00,100.24,,,20191200,20200300,20190900
2019-02-05 06:00:00,100.24,,100.27,20191200,20200300,20190900
2019-02-06 06:00:00,100.235,,100.27,20191200,20200300,20190900
2019-02-06 14:00:00,100.235,,,20191200,20200300,20190900
2019-02-07 06:00:00,100.24,,100.265,20191200,20200300,20190900
2019-02-08 06:00:00,100.245,,100.27,20191200,20200300,20190900
2019-02-08 11:00:00,,,100.275,20191200,20200300,20190900
2019-02-11 06:00:00,100.245,,100.27,20191200,20200300,20190900
2019-02-11 17:00:00,100.245,,,20191200,20200300,20190900
2019-02-12 06:00:00,100.255,,100.275,20191200,20200300,20190900
2019-02-13 06:00:00,100.255,,100.275,20191200,20200300,20190900
2019-02-14 06:00:00,100.25,,100.275,20191200,20200300,20190900
2019-02-15 06:00:00,100.255,,100.275,20191200,20200300,20190900
2019-02-15 13:00:00,100.25,,,20191200,20200300,20190900
2019-02-18 06:00:00,100.26,,100.28,20191200,20200300,20190900
2019-02-19 06:00:00,100.27,,100.29,20191200,20200300,20190900
2019-02-19 11:00:00,,,100.295,20191200,20200300,20190900
2019-02-20 06:00:00,100.265,,100.29,20191200,20200300,20190900
2019-02-20 09:00:00,100.275,,,20191200,20200300,20190900
2019-02-20 15:00:00,100.265,,,20191200,20200300,20190900
2019-02-21 06:00:00,100.26,,100.285,20191200,20200300,20190900
2019-02-22 06:00:00,100.26,,100.285,20191200,20200300,20190900
2019-02-25 06:00:00,100.26,100.225,100.285,20191200,20200300,20190900
2019-02-26 06:00:00,100.22,,100.255,20200300,20200600,20191200
2019-02-27 06:00:00,100.215,,100.25,20200300,20200600,20191200
2019-02-28 06:00:00,100.215,,100.25,20200300,20200600,20191200
2019-03-01 06:00:00,100.21,,100.245,20200300,20200600,20191200
2019-03-04 06:00:00,100.215,,100.25,20200300,20200600,20191200
2019-03-05 06:00:00,100.22,,100.255,20200300,20200600,20191200
2019-03-06 06:00:00,100.24,,100.27,20200300,20200600,20191200
2019-03-07 06:00:00,100.26,,100.29,20200300,20200600,20191200
2019-03-08 06:00:00,100.26,,100.29,20200300,20200600,20191200
2019-03-11 05:00:00,100.255,,100.285,20200300,20200600,20191200
2019-03-12 05:00:00,100.255,,100.285,20200300,20200600,20191200
2019-03-13 05:00:00,100.26,,100.285,20200300,20200600,20191200
2019-03-14 05:00:00,100.26,,100.285,20200300,20200600,20191200
2019-03-15 05:00:00,100.255,,100.285,20200300,20200600,20191200
2019-03-18 05:00:00,100.26,,100.285,20200300,20200600,20191200
2019-03-19 05:00:00,100.255,,100.285,20200300,20200600,20191200
2019-03-20 05:00:00,100.255,,100.28,20200300,20200600,20191200
2019-03-20 10:00:00,,,100.28,20200300,20200600,20191200
2019-03-21 05:00:00,100.26,,100.285,20200300,20200600,20191200
2019-03-22 05:00:00,100.27,,100.29,20200300,20200600,20191200
2019-03-25 05:00:00,100.27,,100.29,20200300,20200600,20191200
2019-03-26 05:00:00,100.26,,100.285,20200300,20200600,20191200
2019-03-26 08:00:00,,,100.29,20200300,20200600,20191200
2019-03-26 11:00:00,,,100.285,20200300,20200600,20191200
2019-03-26 14:00:00,100.26,,,20200300,20200600,20191200
2019-03-27 05:00:00,100.305,,100.31,20200300,20200600,20191200
2019-03-28 05:00:00,100.29,,100.305,20200300,20200600,20191200
2019-03-29 05:00:00,100.295,,100.31,20200300,20200600,20191200
2019-03-29 11:00:00,100.295,,,20200300,20200600,20191200
2019-03-29 15:00:00,,,100.305,20200300,20200600,20191200
2019-04-01 05:00:00,100.29,,100.31,20200300,20200600,20191200
2019-04-01 13:00:00,100.295,,,20200300,20200600,20191200
2019-04-02 05:00:00,100.3,,100.315,20200300,20200600,20191200
2019-04-03 05:00:00,100.29,,100.31,20200300,20200600,20191200
2019-04-03 11:00:00,100.29,,,20200300,20200600,20191200
2019-04-04 05:00:00,100.3,,100.315,20200300,20200600,20191200
2019-04-05 05:00:00,100.3,,100.315,20200300,20200600,20191200
2019-04-05 13:00:00,,,100.31,20200300,20200600,20191200
2019-04-08 05:00:00,100.3,,100.315,20200300,20200600,20191200
2019-04-08 15:00:00,,,100.32,20200300,20200600,20191200
2019-04-09 05:00:00,100.3,,100.315,20200300,20200600,20191200
2019-04-10 05:00:00,100.32,,100.32,20200300,20200600,20191200
2019-04-11 05:00:00,100.31,,100.32,20200300,20200600,20191200
2019-04-11 13:00:00,100.32,,,20200300,20200600,20191200
2019-04-12 05:00:00,100.3,,100.31,20200300,20200600,20191200
2019-04-12 09:00:00,100.315,,,20200300,20200600,20191200
2019-04-15 05:00:00,100.3,,100.315,20200300,20200600,20191200
2019-04-15 07:00:00,100.295,,,20200300,20200600,20191200
2019-04-15 15:00:00,,,100.315,20200300,20200600,20191200
2019-04-16 05:00:00,100.3,,100.315,20200300,20200600,20191200
2019-04-16 07:00:00,,,100.315,20200300,20200600,20191200
2019-04-17 05:00:00,100.3,,100.315,20200300,20200600,20191200
2019-04-17 08:00:00,,,100.31,20200300,20200600,20191200
2019-04-17 09:00:00,100.295,,,20200300,20200600,20191200
2019-04-17 13:00:00,100.295,,,20200300,20200600,20191200
2019-04-18 05:00:00,100.305,,100.315,20200300,20200600,20191200
2019-04-23 05:00:00,100.3,,100.31,20200300,20200600,20191200
2019-04-24 05:00:00,100.305,,100.315,20200300,20200600,20191200
2019-04-25 05:00:00,100.3,,100.31,20200300,20200600,20191200
2019-04-26 05:00:00,100.3,,100.31,20200300,20200600,20191200
2019-04-29 05:00:00,100.295,,100.31,20200300,20200600,20191200
2019-04-29 08:00:00,100.295,,,20200300,20200600,20191200
2019-04-30 05:00:00,100.295,,100.31,20200300,20200600,20191200
2019-05-02 05:00:00,100.3,,100.31,20200300,20200600,20191200
2019-05-03 05:00:00,100.305,,100.315,20200300,20200600,20191200
2019-05-06 05:00:00,100.305,,100.315,20200300,20200600,20191200
2019-05-07 05:00:00,100.31,,100.315,20200300,20200600,20191200
2019-05-08 05:00:00,100.31,,100.315,20200300,20200600,20191200
2019-05-08 08:00:00,,,100.32,20200300,20200600,20191200
2019-05-08 14:00:00,100.305,,,20200300,20200600,20191200
2019-05-09 05:00:00,100.315,,100.32,20200300,20200600,20191200
2019-05-10 05:00:00,100.315,,100.32,20200300,20200600,20191200
2019-05-13 05:00:00,100.32,,100.325,20200300,20200600,20191200
2019-05-13 10:00:00,100.32,,,20200300,20200600,20191200
2019-05-14 05:00:00,100.325,,100.33,20200300,20200600,20191200
2019-05-14 06:00:00,100.32,,,20200300,20200600,20191200
2019-05-15 05:00:00,100.34,,100.34,20200300,20200600,20191200
2019-05-15 11:00:00,100.345,,,20200300,20200600,20191200
2019-05-15 13:00:00,100.335,,100.335,20200300,20200600,20191200
2019-05-16 05:00:00,100.34,,100.345,20200300,20200600,20191200
2019-05-17 05:00:00,100.35,,100.35,20200300,20200600,20191200
2019-05-17 10:00:00,100.345,,,20200300,20200600,20191200
2019-05-20 05:00:00,100.35,,100.355,20200300,20200600,20191200
2019-05-21 05:00:00,100.35,,100.35,20200300,20200600,20191200
2019-05-22 05:00:00,100.35,,100.35,20200300,20200600,20191200
2019-05-23 05:00:00,100.35,,100.35,20200300,20200600,20191200
2019-05-24 05:00:00,100.35,,100.35,20200300,20200600,20191200
2019-05-27 05:00:00,100.35,100.34,100.35,20200300,20200600,20191200
2019-05-28 05:00:00,100.35,,100.355,20200600,20200900,20200300
2019-05-28 06:00:00,100.345,,,20200600,20200900,20200300
2019-05-28 08:00:00,,,100.355,20200600,20200900,20200300
2019-05-29 05:00:00,100.355,,100.365,20200600,20200900,20200300
2019-05-30 05:00:00,100.36,,100.365,20200600,20200900,20200300
2019-05-31 05:00:00,100.37,,100.38,20200600,20200900,20200300
2019-05-31 11:00:00,100.365,,,20200600,20200900,20200300
2019-05-31 15:00:00,,,100.375,20200600,20200900,20200300
2019-06-03 05:00:00,100.375,,100.38,20200600,20200900,20200300
2019-06-04 05:00:00,100.38,,100.38,20200600,20200900,20200300
2019-06-05 05:00:00,100.405,,100.405,20200600,20200900,20200300
2019-06-06 05:00:00,100.385,,100.385,20200600,20200900,20200300
2019-06-06 10:00:00,100.415,,100.415,20200600,20200900,20200300
2019-06-06 12:00:00,,,100.385,20200600,20200900,20200300
2019-06-07 05:00:00,100.405,,100.405,20200600,20200900,20200300
2019-06-07 10:00:00,100.38,,,20200600,20200900,20200300
2019-06-10 05:00:00,100.405,,100.4,20200600,20200900,20200300
2019-06-11 05:00:00,100.4,,100.395,20200600,20200900,20200300
2019-06-12 05:00:00,100.415,,100.41,20200600,20200900,20200300
2019-06-12 14:00:00,100.405,,100.405,20200600,20200900,20200300
2019-06-12 15:00:00,,,100.41,20200600,20200900,20200300
2019-06-13 05:00:00,100.42,,100.415,20200600,20200900,20200300
2019-06-14 05:00:00,100.435,,100.425,20200600,20200900,20200300
2019-06-14 11:00:00,100.435,,,20200600,20200900,20200300
2019-06-14 12:00:00,100.435,,100.425,20200600,20200900,20200300
2019-06-17 05:00:00,100.425,,100.42,20200600,20200900,20200300
2019-06-17 07:00:00,100.435,,,20200600,20200900,20200300
2019-06-18 05:00:00,100.495,,100.49,20200600,20200900,20200300
2019-06-18 11:00:00,100.48,,,20200600,20200900,20200300
2019-06-18 12:00:00,,,100.49,20200600,20200900,20200300
2019-06-18 13:00:00,,,100.5,20200600,20200900,20200300
2019-06-18 15:00:00,,,100.49,20200600,20200900,20200300
2019-06-19 05:00:00,100.475,,100.475,20200600,20200900,20200300
2019-06-19 06:00:00,100.495,,,20200600,20200900,20200300
2019-06-19 10:00:00,100.475,,,20200600,20200900,20200300
2019-06-20 05:00:00,100.48,,100.48,20200600,20200900,20200300
2019-06-20 13:00:00,,,100.49,20200600,20200900,20200300
2019-06-21 05:00:00,100.46,,100.46,20200600,20200900,20200300
2019-06-24 05:00:00,100.475,,100.48,20200600,20200900,20200300
2019-06-25 05:00:00,100.475,,100.48,20200600,20200900,20200300
2019-06-26 05:00:00,100.475,,100.475,20200600,20200900,20200300
2019-06-26 09:00:00,,,100.475,20200600,20200900,20200300
2019-06-26 13:00:00,,,100.475,20200600,20200900,20200300
2019-06-27 05:00:00,100.48,,100.475,20200600,20200900,20200300
2019-06-28 05:00:00,100.495,,100.49,20200600,20200900,20200300
2019-06-28 13:00:00,100.49,,,20200600,20200900,20200300
2019-07-01 05:00:00,100.51,,100.505,20200600,20200900,20200300
2019-07-02 05:00:00,100.52,,100.51,20200600,20200900,20200300
2019-07-02 08:00:00,,,100.51,20200600,20200900,20200300
2019-07-02 09:00:00,100.52,,100.51,20200600,20200900,20200300
2019-07-03 05:00:00,100.525,,100.52,20200600,20200900,20200300
2019-07-03 08:00:00,,,100.53,20200600,20200900,20200300
2019-07-04 05:00:00,100.52,,100.51,20200600,20200900,20200300
2019-07-05 05:00:00,100.505,,100.5,20200600,20200900,20200300
2019-07-05 15:00:00,,,100.505,20200600,20200900,20200300
2019-07-08 05:00:00,100.51,,100.505,20200600,20200900,20200300
2019-07-09 05:00:00,100.5,,100.5,20200600,20200900,20200300
2019-07-10 05:00:00,100.505,,100.505,20200600,20200900,20200300
2019-07-11 05:00:00,100.505,,100.5,20200600,20200900,20200300
2019-07-12 05:00:00,100.51,,100.505,20200600,20200900,20200300
2019-07-15 05:00:00,100.52,,100.51,20200600,20200900,20200300
2019-07-16 05:00:00,100.525,,100.525,20200600,20200900,20200300
2019-07-16 07:00:00,,,100.52,20200600,20200900,20200300
2019-07-17 05:00:00,100.535,,100.53,20200600,20200900,20200300
2019-07-17 06:00:00,100.53,,,20200600,20200900,20200300
2019-07-18 05:00:00,100.54,,100.53,20200600,20200900,20200300
2019-07-19 05:00:00,100.56,,100.54,20200600,20200900,20200300
2019-07-19 09:00:00,100.55,,,20200600,20200900,20200300
2019-07-19 13:00:00,100.56,,,20200600,20200900,20200300
2019-07-22 05:00:00,100.56,,100.54,20200600,20200900,20200300
2019-07-22 10:00:00,100.565,,,20200600,20200900,20200300
2019-07-22 15:00:00,,,100.55,20200600,20200900,20200300
2019-07-23 05:00:00,100.56,,100.55,20200600,20200900,20200300
2019-07-24 05:00:00,100.565,,100.55,20200600,20200900,20200300
2019-07-25 05:00:00,100.56,,100.55,20200600,20200900,20200300
2019-07-25 11:00:00,100.585,,,20200600,20200900,20200300
2019-07-26 05:00:00,100.54,,100.535,20200600,20200900,20200300
2019-07-29 05:00:00,100.545,,100.535,20200600,20200900,20200300
2019-07-29 10:00:00,,,100.54,20200600,20200900,20200300
2019-07-29 16:00:00,100.545,,,20200600,20200900,20200300
2019-07-30 05:00:00,100.535,,100.53,20200600,20200900,20200300
2019-07-31 05:00:00,100.555,,100.54,20200600,20200900,20200300
2019-07-31 09:00:00,,,100.525,20200600,20200900,20200300
2019-08-01 05:00:00,100.555,,100.54,20200600,20200900,20200300
2019-08-01 06:00:00,100.555,,,20200600,20200900,20200300
2019-08-02 05:00:00,100.565,,100.55,20200600,20200900,20200300
2019-08-05 05:00:00,100.575,,100.565,20200600,20200900,20200300
2019-08-06 05:00:00,100.585,,100.565,20200600,20200900,20200300
2019-08-06 06:00:00,100.595,,,20200600,20200900,20200300
2019-08-06 15:00:00,,,100.56,20200600,20200900,20200300
2019-08-07 05:00:00,100.615,,100.585,20200600,20200900,20200300
2019-08-07 10:00:00,100.6,,,20200600,20200900,20200300
2019-08-07 11:00:00,100.6,,,20200600,20200900,20200300
2019-08-07 13:00:00,,,100.585,20200600,20200900,20200300
2019-08-07 14:00:00,100.61,,,20200600,20200900,20200300
2019-08-08 05:00:00,100.605,,100.575,20200600,20200900,20200300
2019-08-09 05:00:00,100.62,,100.59,20200600,20200900,20200300
2019-08-12 05:00:00,100.62,,100.59,20200600,20200900,20200300
2019-08-13 05:00:00,100.62,,100.595,20200600,20200900,20200300
2019-08-13 06:00:00,100.62,,100.59,20200600,20200900,20200300
2019-08-13 14:00:00,,,100.595,20200600,20200900,20200300
2019-08-14 05:00:00,100.625,,100.595,20200600,20200900,20200300
2019-08-15 05:00:00,100.69,,100.65,20200600,20200900,20200300
2019-08-16 05:00:00,100.69,,100.635,20200600,20200900,20200300
2019-08-19 05:00:00,100.665,,100.625,20200600,20200900,20200300
2019-08-20 05:00:00,100.675,,100.635,20200600,20200900,20200300
2019-08-20 08:00:00,,,100.63,20200600,20200900,20200300
2019-08-21 05:00:00,100.645,,100.61,20200600,20200900,20200300
2019-08-22 05:00:00,100.6,,100.565,20200600,20200900,20200300
2019-08-22 13:00:00,,,100.565,20200600,20200900,20200300
2019-08-23 05:00:00,100.63,,100.59,20200600,20200900,20200300
2019-08-23 07:00:00,100.595,,,20200600,20200900,20200300
2019-08-23 08:00:00,100.59,,,20200600,20200900,20200300
2019-08-23 16:00:00,100.65,,,20200600,20200900,20200300
2019-08-26 05:00:00,100.63,,100.59,20200600,20200900,20200300
2019-08-26 13:00:00,,,100.59,20200600,20200900,20200300
2019-08-27 05:00:00,100.635,100.66,100.595,20200600,20200900,20200300
2019-08-28 05:00:00,100.665,,100.64,20200900,20201200,20200600
2019-08-29 05:00:00,100.68,,100.65,20200900,20201200,20200600
2019-08-29 06:00:00,,,100.64,20200900,20201200,20200600
2019-08-30 05:00:00,100.695,,100.66,20200900,20201200,20200600
2019-08-30 07:00:00,100.675,,100.645,20200900,20201200,20200600
2019-09-02 05:00:00,100.69,,100.66,20200900,20201200,20200600
2019-09-03 05:00:00,100.69,,100.66,20200900,20201200,20200600
2019-09-03 07:00:00,100.7,,,20200900,20201200,20200600
2019-09-03 10:00:00,100.7,,100.67,20200900,20201200,20200600
2019-09-04 05:00:00,100.66,,100.635,20200900,20201200,20200600
2019-09-04 07:00:00,100.68,,100.65,20200900,20201200,20200600
2019-09-04 11:00:00,100.65,,,20200900,20201200,20200600
2019-09-05 05:00:00,100.635,,100.615,20200900,20201200,20200600
2019-09-05 06:00:00,100.66,,,20200900,20201200,20200600
2019-09-05 10:00:00,,,100.625,20200900,20201200,20200600
2019-09-05 11:00:00,100.645,,,20200900,20201200,20200600
2019-09-06 05:00:00,100.635,,100.61,20200900,20201200,20200600
2019-09-09 05:00:00,100.625,,100.6,20200900,20201200,20200600
2019-09-09 08:00:00,100.625,,,20200900,20201200,20200600
2019-09-10 05:00:00,100.625,,100.605,20200900,20201200,20200600
2019-09-10 09:00:00,100.635,,,20200900,20201200,20200600
2019-09-11 05:00:00,100.615,,100.6,20200900,20201200,20200600
2019-09-12 05:00:00,100.54,,100.525,20200900,20201200,20200600
2019-09-12 11:00:00,100.605,,100.575,20200900,20201200,20200600
2019-09-12 13:00:00,,,100.535,20200900,20201200,20200600
2019-09-13 05:00:00,100.52,,100.51,20200900,20201200,20200600
2019-09-13 08:00:00,100.54,,,20200900,20201200,20200600
2019-09-13 11:00:00,100.51,,,20200900,20201200,20200600
2019-09-16 05:00:00,100.52,,100.505,20200900,20201200,20200600
2019-09-17 05:00:00,100.52,,100.505,20200900,20201200,20200600
2019-09-18 05:00:00,100.525,,100.51,20200900,20201200,20200600
2019-09-19 05:00:00,100.51,,100.505,20200900,20201200,20200600
2019-09-20 05:00:00,100.51,,100.5,20200900,20201200,20200600
2019-09-20 13:00:00,,,100.5,20200900,20201200,20200600
2019-09-23 05:00:00,100.535,,100.52,20200900,20201200,20200600
2019-09-24 05:00:00,100.54,,100.525,20200900,20201200,20200600
2019-09-25 05:00:00,100.535,,100.525,20200900,20201200,20200600
2019-09-26 05:00:00,100.54,,100.525,20200900,20201200,20200600
2019-09-27 05:00:00,100.54,,100.53,20200900,20201200,20200600
2019-09-30 05:00:00,100.545,,100.535,20200900,20201200,20200600
2019-09-30 13:00:00,100.545,,,20200900,20201200,20200600
2019-10-01 05:00:00,100.55,,100.535,20200900,20201200,20200600
2019-10-02 05:00:00,100.56,,100.54,20200900,20201200,20200600
2019-10-03 05:00:00,100.57,,100.555,20200900,20201200,20200600
2019-10-03 09:00:00,100.565,,,20200900,20201200,20200600
2019-10-04 05:00:00,100.575,,100.565,20200900,20201200,20200600
2019-10-07 05:00:00,100.57,,100.555,20200900,20201200,20200600
2019-10-08 05:00:00,100.59,,100.565,20200900,20201200,20200600
2019-10-09 05:00:00,100.57,,100.55,20200900,20201200,20200600
2019-10-10 05:00:00,100.54,,100.52,20200900,20201200,20200600
2019-10-11 05:00:00,100.535,,100.515,20200900,20201200,20200600
2019-10-11 14:00:00,100.525,,,20200900,20201200,20200600
2019-10-14 05:00:00,100.52,,100.505,20200900,20201200,20200600
2019-10-15 05:00:00,100.495,,100.48,20200900,20201200,20200600
2019-10-15 06:00:00,100.505,,,20200900,20201200,20200600
2019-10-15 14:00:00,100.505,,,20200900,20201200,20200600
2019-10-16 05:00:00,100.485,,100.475,20200900,20201200,20200600
2019-10-16 06:00:00,100.485,,100.475,20200900,20201200,20200600
2019-10-16 15:00:00,100.485,,,20200900,20201200,20200600
2019-10-17 05:00:00,100.475,,100.47,20200900,20201200,20200600
2019-10-17 13:00:00,100.475,,,20200900,20201200,20200600
2019-10-18 05:00:00,100.47,,100.465,20200900,20201200,20200600
2019-10-21 05:00:00,100.455,,100.445,20200900,20201200,20200600
2019-10-22 05:00:00,100.455,,100.445,20200900,20201200,20200600
2019-10-23 05:00:00,100.46,,100.445,20200900,20201200,20200600
2019-10-23 13:00:00,100.46,,,20200900,20201200,20200600
2019-10-24 05:00:00,100.455,,100.445,20200900,20201200,20200600
2019-10-24 12:00:00,100.455,,,20200900,20201200,20200600
2019-10-25 05:00:00,100.445,,100.435,20200900,20201200,20200600
2019-10-25 15:00:00,100.445,,,20200900,20201200,20200600
2019-10-28 05:00:00,100.435,,100.43,20200900,20201200,20200600
2019-10-28 14:00:00,100.44,,,20200900,20201200,20200600
2019-10-29 05:00:00,100.44,,100.435,20200900,20201200,20200600
2019-10-29 10:00:00,100.44,,,20200900,20201200,20200600
2019-10-30 05:00:00,100.435,,100.43,20200900,20201200,20200600
2019-10-31 05:00:00,100.45,,100.445,20200900,20201200,20200600
2019-11-01 05:00:00,100.445,,100.44,20200900,20201200,20200600
2019-11-04 06:00:00,100.445,,100.44,20200900,20201200,20200600
2019-11-05 06:00:00,100.445,,100.435,20200900,20201200,20200600
2019-11-05 08:00:00,100.44,,,20200900,20201200,20200600
2019-11-06 06:00:00,100.44,,100.43,20200900,20201200,20200600
2019-11-07 06:00:00,100.415,,100.415,20200900,20201200,20200600
2019-11-07 11:00:00,,,100.41,20200900,20201200,20200600
2019-11-07 14:00:00,100.42,,,20200900,20201200,20200600
2019-11-08 06:00:00,100.415,,100.41,20200900,20201200,20200600
2019-11-08 14:00:00,100.42,,,20200900,20201200,20200600
2019-11-11 06:00:00,100.42,,100.415,20200900,20201200,20200600
2019-11-12 06:00:00,100.425,,100.415,20200900,20201200,20200600
2019-11-12 08:00:00,100.415,,,20200900,20201200,20200600
2019-11-12 09:00:00,,,100.41,20200900,20201200,20200600
2019-11-13 06:00:00,100.435,,100.425,20200900,20201200,20200600
2019-11-13 09:00:00,100.43,,,20200900,20201200,20200600
2019-11-13 15:00:00,100.435,,,20200900,20201200,20200600
2019-11-14 06:00:00,100.43,,100.415,20200900,20201200,20200600
2019-11-14 10:00:00,,,100.43,20200900,20201200,20200600
2019-11-15 06:00:00,100.425,,100.415,20200900,20201200,20200600
2019-11-18 06:00:00,100.415,,100.41,20200900,20201200,20200600
2019-11-19 06:00:00,100.415,,100.41,20200900,20201200,20200600
2019-11-19 13:00:00,100.41,,,20200900,20201200,20200600
2019-11-20 06:00:00,100.43,,100.425,20200900,20201200,20200600
2019-11-21 06:00:00,100.425,,100.415,20200900,20201200,20200600
2019-11-22 06:00:00,100.43,,100.42,20200900,20201200,20200600
2019-11-25 06:00:00,100.43,,100.42,20200900,20201200,20200600
2019-11-26 06:00:00,100.425,,100.42,20200900,20201200,20200600
2019-11-27 06:00:00,100.425,100.43,100.42,20200900,20201200,20200600
2019-11-27 14:00:00,,,100.43,20201200,20210300,20200900
2019-11-28 06:00:00,100.43,,100.425,20201200,20210300,20200900
2019-11-28 13:00:00,100.43,,100.43,20201200,20210300,20200900
2019-11-29 06:00:00,100.415,,100.415,20201200,20210300,20200900
2019-12-02 06:00:00,100.4,,100.405,20201200,20210300,20200900
2019-12-02 16:00:00,,,100.41,20201200,20210300,20200900
2019-12-03 06:00:00,100.415,,100.42,20201200,20210300,20200900
2019-12-04 06:00:00,100.415,,100.42,20201200,20210300,20200900
2019-12-05 06:00:00,100.405,,100.41,20201200,20210300,20200900
2019-12-05 09:00:00,,,100.405,20201200,20210300,20200900
2019-12-05 10:00:00,100.4,,,20201200,20210300,20200900
2019-12-06 06:00:00,100.405,,100.415,20201200,20210300,20200900
2019-12-09 06:00:00,100.41,,100.415,20201200,20210300,20200900
2019-12-10 06:00:00,100.415,,100.415,20201200,20210300,20200900
2019-12-11 06:00:00,100.41,,100.415,20201200,20210300,20200900
2019-12-12 06:00:00,100.4,,100.405,20201200,20210300,20200900
2019-12-12 07:00:00,100.41,,,20201200,20210300,20200900
2019-12-12 10:00:00,,,100.415,20201200,20210300,20200900
2019-12-13 06:00:00,100.4,,100.4,20201200,20210300,20200900
2019-12-13 07:00:00,100.39,,,20201200,20210300,20200900
2019-12-16 06:00:00,100.4,,100.405,20201200,20210300,20200900
2019-12-17 06:00:00,100.4,,100.4,20201200,20210300,20200900
2019-12-17 14:00:00,,,100.4,20201200,20210300,20200900
2019-12-18 06:00:00,100.385,,100.4,20201200,20210300,20200900
2019-12-19 06:00:00,100.385,,100.395,20201200,20210300,20200900
2019-12-19 13:00:00,,,100.39,20201200,20210300,20200900
2019-12-20 06:00:00,100.385,,100.395,20201200,20210300,20200900
2019-12-20 07:00:00,100.365,,,20201200,20210300,20200900
2019-12-23 06:00:00,100.38,,100.39,20201200,20210300,20200900
2019-12-23 11:00:00,100.38,,100.39,20201200,20210300,20200900
2019-12-27 06:00:00,100.375,,100.38,20201200,20210300,20200900
2019-12-27 16:00:00,,,100.38,20201200,20210300,20200900
2019-12-30 06:00:00,100.37,,100.38,20201200,20210300,20200900
2020-01-02 06:00:00,100.375,,100.385,20201200,20210300,20200900
2020-01-03 06:00:00,100.385,,100.395,20201200,20210300,20200900
2020-01-06 06:00:00,100.39,,100.4,20201200,20210300,20200900
2020-01-07 06:00:00,100.4,,100.405,20201200,20210300,20200900
2020-01-08 06:00:00,100.395,,100.4,20201200,20210300,20200900
2020-01-09 06:00:00,100.38,,100.39,20201200,20210300,20200900
2020-01-10 06:00:00,100.38,,100.385,20201200,20210300,20200900
2020-01-13 06:00:00,100.375,,100.38,20201200,20210300,20200900
2020-01-14 06:00:00,100.375,,100.385,20201200,20210300,20200900
2020-01-14 11:00:00,,,100.385,20201200,20210300,20200900
2020-01-15 06:00:00,100.38,,100.385,20201200,20210300,20200900
2020-01-16 06:00:00,100.375,,100.385,20201200,20210300,20200900
2020-01-16 11:00:00,100.37,,,20201200,20210300,20200900
2020-01-17 06:00:00,100.38,,100.385,20201200,20210300,20200900
2020-01-20 06:00:00,100.375,,100.385,20201200,20210300,20200900
2020-01-20 10:00:00,100.38,,100.39,20201200,20210300,20200900
2020-01-21 06:00:00,100.375,,100.385,20201200,20210300,20200900
2020-01-22 06:00:00,100.375,,100.38,20201200,20210300,20200900
2020-01-23 06:00:00,100.385,,100.385,20201200,20210300,20200900
2020-01-24 06:00:00,100.395,,100.395,20201200,20210300,20200900
2020-01-27 06:00:00,100.415,,100.415,20201200,20210300,20200900
2020-01-27 08:00:00,,,100.4,20201200,20210300,20200900
2020-01-28 06:00:00,100.415,,100.415,20201200,20210300,20200900
2020-01-28 10:00:00,100.42,,100.42,20201200,20210300,20200900
2020-01-29 06:00:00,100.43,,100.43,20201200,20210300,20200900
2020-01-30 06:00:00,100.445,,100.445,20201200,20210300,20200900
2020-01-31 06:00:00,100.46,,100.45,20201200,20210300,20200900
2020-02-03 06:00:00,100.45,,100.445,20201200,20210300,20200900
2020-02-04 06:00:00,100.445,,100.435,20201200,20210300,20200900
2020-02-05 06:00:00,100.435,,100.435,20201200,20210300,20200900
2020-02-05 07:00:00,,,100.44,20201200,20210300,20200900
2020-02-05 15:00:00,,,100.425,20201200,20210300,20200900
2020-02-06 06:00:00,100.43,,100.43,20201200,20210300,20200900
2020-02-07 06:00:00,100.435,,100.435,20201200,20210300,20200900
2020-02-10 06:00:00,100.44,,100.44,20201200,20210300,20200900
2020-02-11 06:00:00,100.445,,100.445,20201200,20210300,20200900
2020-02-12 06:00:00,100.445,,100.445,20201200,20210300,20200900
2020-02-12 08:00:00,,,100.435,20201200,20210300,20200900
2020-02-12 14:00:00,,,100.445,20201200,20210300,20200900
2020-02-13 06:00:00,100.45,,100.45,20201200,20210300,20200900
2020-02-14 06:00:00,100.46,,100.455,20201200,20210300,20200900
2020-02-17 06:00:00,100.465,,100.46,20201200,20210300,20200900
2020-02-18 06:00:00,100.465,,100.45,20201200,20210300,20200900
2020-02-19 06:00:00,100.45,,100.445,20201200,20210300,20200900
2020-02-20 06:00:00,100.45,,100.445,20201200,20210300,20200900
2020-02-20 13:00:00,,,100.45,20201200,20210300,20200900
2020-02-21 06:00:00,100.445,,100.445,20201200,20210300,20200900
2020-02-24 06:00:00,100.47,,100.465,20201200,20210300,20200900
2020-02-24 08:00:00,,,100.475,20201200,20210300,20200900
2020-02-25 06:00:00,100.48,100.48,100.475,20201200,20210300,20200900
2020-02-26 06:00:00,100.48,,100.48,20210300,20210600,20201200
2020-02-26 09:00:00,100.5,,,20210300,20210600,20201200
2020-02-27 06:00:00,100.495,,100.495,20210300,20210600,20201200
2020-02-27 12:00:00,100.495,,,20210300,20210600,20201200
2020-02-28 06:00:00,100.525,,100.525,20210300,20210600,20201200
2020-02-28 09:00:00,100.525,,100.52,20210300,20210600,20201200
2020-03-02 06:00:00,100.565,,100.57,20210300,20210600,20201200
2020-03-02 13:00:00,,,100.555,20210300,20210600,20201200
2020-03-03 06:00:00,100.57,,100.57,20210300,20210600,20201200
2020-03-04 06:00:00,100.59,,100.59,20210300,20210600,20201200
2020-03-04 09:00:00,,,100.565,20210300,20210600,20201200
2020-03-05 06:00:00,100.57,,100.565,20210300,20210600,20201200
2020-03-06 06:00:00,100.555,,100.555,20210300,20210600,20201200
2020-03-09 05:00:00,100.59,,100.585,20210300,20210600,20201200
2020-03-10 05:00:00,100.57,,100.57,20210300,20210600,20201200
2020-03-11 05:00:00,100.6,,100.6,20210300,20210600,20201200
2020-03-12 05:00:00,100.53,,100.525,20210300,20210600,20201200
2020-03-13 05:00:00,100.475,,100.475,20210300,20210600,20201200
2020-03-13 08:00:00,,,100.49,20210300,20210600,20201200
2020-03-16 05:00:00,100.475,,100.47,20210300,20210600,20201200
2020-03-17 05:00:00,100.475,,100.475,20210300,20210600,20201200
2020-03-18 05:00:00,100.415,,100.43,20210300,20210600,20201200
2020-03-19 05:00:00,100.365,,100.38,20210300,20210600,20201200
2020-03-20 05:00:00,100.395,,100.405,20210300,20210600,20201200
2020-03-23 05:00:00,100.4,,100.405,20210300,20210600,20201200
2020-03-24 05:00:00,100.37,,100.375,20210300,20210600,20201200
2020-03-25 05:00:00,100.35,,100.355,20210300,20210600,20201200
2020-03-26 05:00:00,100.385,,100.395,20210300,20210600,20201200
2020-03-26 13:00:00,,,100.39,20210300,20210600,20201200
2020-03-27 05:00:00,100.415,,100.415,20210300,20210600,20201200
2020-03-27 07:00:00,,,100.41,20210300,20210600,20201200
2020-03-30 05:00:00,100.425,,100.425,20210300,20210600,20201200
2020-03-31 05:00:00,100.415,,100.415,20210300,20210600,20201200
2020-03-31 14:00:00,100.42,,,20210300,20210600,20201200
2020-04-01 05:00:00,100.41,,100.41,20210300,20210600,20201200
2020-04-02 05:00:00,100.4,,100.395,20210300,20210600,20201200
2020-04-03 05:00:00,100.405,,100.4,20210300,20210600,20201200
2020-04-06 05:00:00,100.39,,100.38,20210300,20210600,20201200
2020-04-07 05:00:00,100.37,,100.355,20210300,20210600,20201200
2020-04-08 05:00:00,100.37,,100.355,20210300,20210600,20201200
2020-04-08 08:00:00,,,100.35,20210300,20210600,20201200
2020-04-09 05:00:00,100.41,,100.39,20210300,20210600,20201200
2020-04-09 07:00:00,,,100.34,20210300,20210600,20201200
2020-04-14 05:00:00,100.425,,100.41,20210300,20210600,20201200
2020-04-15 05:00:00,100.42,,100.4,20210300,20210600,20201200
2020-04-15 07:00:00,,,100.41,20210300,20210600,20201200
2020-04-16 05:00:00,100.42,,100.385,20210300,20210600,20201200
2020-04-17 05:00:00,100.41,,100.375,20210300,20210600,20201200
2020-04-20 05:00:00,100.375,,100.35,20210300,20210600,20201200
2020-04-21 05:00:00,100.32,,100.3,20210300,20210600,20201200
2020-04-22 05:00:00,100.285,,100.26,20210300,20210600,20201200
2020-04-23 05:00:00,100.32,,100.3,20210300,20210600,20201200
2020-04-24 05:00:00,100.37,,100.355,20210300,20210600,20201200
2020-04-27 05:00:00,100.385,,100.375,20210300,20210600,20201200
2020-04-27 08:00:00,,,100.38,20210300,20210600,20201200
2020-04-28 05:00:00,100.425,,100.41,20210300,20210600,20201200
2020-04-29 05:00:00,100.43,,100.415,20210300,20210600,20201200
2020-04-30 05:00:00,100.465,,100.44,20210300,20210600,20201200
2020-05-04 05:00:00,100.465,,100.44,20210300,20210600,20201200
2020-05-05 05:00:00,100.47,,100.44,20210300,20210600,20201200
2020-05-05 11:00:00,100.46,,100.435,20210300,20210600,20201200
2020-05-06 05:00:00,100.445,,100.415,20210300,20210600,20201200
2020-05-07 05:00:00,100.44,,100.415,20210300,20210600,20201200
2020-05-08 05:00:00,100.445,,100.415,20210300,20210600,20201200
2020-05-08 07:00:00,,,100.41,20210300,20210600,20201200
2020-05-08 09:00:00,100.465,,,20210300,20210600,20201200
2020-05-11 05:00:00,100.44,,100.41,20210300,20210600,20201200
2020-05-12 05:00:00,100.425,,100.39,20210300,20210600,20201200
2020-05-12 06:00:00,100.44,,,20210300,20210600,20201200
2020-05-13 05:00:00,100.425,,100.39,20210300,20210600,20201200
2020-05-14 05:00:00,100.415,,100.385,20210300,20210600,20201200
2020-05-14 14:00:00,100.41,,,20210300,20210600,20201200
2020-05-15 05:00:00,100.41,,100.385,20210300,20210600,20201200
2020-05-15 07:00:00,,,100.395,20210300,20210600,20201200
2020-05-18 05:00:00,100.405,,100.385,20210300,20210600,20201200
2020-05-19 05:00:00,100.4,,100.38,20210300,20210600,20201200
2020-05-20 05:00:00,100.41,,100.39,20210300,20210600,20201200
2020-05-21 05:00:00,100.415,,100.4,20210300,20210600,20201200
2020-05-22 05:00:00,100.415,,100.395,20210300,20210600,20201200
2020-05-25 05:00:00,100.41,,100.385,20210300,20210600,20201200
2020-05-26 05:00:00,100.4,100.415,100.38,20210300,20210600,20201200
2020-05-27 05:00:00,100.415,,100.405,20210600,20210900,20210300
2020-05-27 06:00:00,100.41,,,20210600,20210900,20210300
2020-05-27 12:00:00,,,100.405,20210600,20210900,20210300
2020-05-28 05:00:00,100.415,,100.405,20210600,20210900,20210300
2020-05-29 05:00:00,100.43,,100.415,20210600,20210900,20210300
2020-06-01 05:00:00,100.42,,100.415,20210600,20210900,20210300
2020-06-02 05:00:00,100.425,,100.415,20210600,20210900,20210300
2020-06-03 05:00:00,100.41,,100.41,20210600,20210900,20210300
2020-06-04 05:00:00,100.415,,100.415,20210600,20210900,20210300
2020-06-05 05:00:00,100.41,,100.41,20210600,20210900,20210300
2020-06-08 05:00:00,100.42,,100.42,20210600,20210900,20210300
2020-06-08 10:00:00,,,100.42,20210600,20210900,20210300
2020-06-09 05:00:00,100.415,,100.41,20210600,20210900,20210300
2020-06-09 15:00:00,,,100.405,20210600,20210900,20210300
2020-06-10 05:00:00,100.41,,100.41,20210600,20210900,20210300
2020-06-11 05:00:00,100.43,,100.425,20210600,20210900,20210300
2020-06-12 05:00:00,100.445,,100.435,20210600,20210900,20210300
2020-06-15 05:00:00,100.44,,100.435,20210600,20210900,20210300
2020-06-15 10:00:00,,,100.43,20210600,20210900,20210300
2020-06-15 14:00:00,100.435,,,20210600,20210900,20210300
2020-06-16 05:00:00,100.44,,100.435,20210600,20210900,20210300
2020-06-17 05:00:00,100.455,,100.445,20210600,20210900,20210300
2020-06-18 05:00:00,100.47,,100.46,20210600,20210900,20210300
2020-06-19 05:00:00,100.48,,100.47,20210600,20210900,20210300
2020-06-19 12:00:00,100.475,,100.465,20210600,20210900,20210300
2020-06-22 05:00:00,100.495,,100.475,20210600,20210900,20210300
2020-06-23 05:00:00,100.48,,100.47,20210600,20210900,20210300
2020-06-24 05:00:00,100.48,,100.47,20210600,20210900,20210300
2020-06-25 05:00:00,100.49,,100.47,20210600,20210900,20210300
2020-06-25 12:00:00,100.495,,100.475,20210600,20210900,20210300
2020-06-26 05:00:00,100.495,,100.48,20210600,20210900,20210300
2020-06-29 05:00:00,100.495,,100.48,20210600,20210900,20210300
2020-06-30 05:00:00,100.495,,100.48,20210600,20210900,20210300
2020-07-01 05:00:00,100.48,,100.47,20210600,20210900,20210300
2020-07-02 05:00:00,100.49,,100.475,20210600,20210900,20210300
2020-07-02 09:00:00,,,100.48,20210600,20210900,20210300
2020-07-03 05:00:00,100.49,,100.475,20210600,20210900,20210300
2020-07-06 05:00:00,100.48,,100.475,20210600,20210900,20210300
2020-07-06 14:00:00,100.475,,100.465,20210600,20210900,20210300
2020-07-07 05:00:00,100.475,,100.465,20210600,20210900,20210300
2020-07-08 05:00:00,100.47,,100.465,20210600,20210900,20210300
2020-07-09 05:00:00,100.475,,100.46,20210600,20210900,20210300
2020-07-10 05:00:00,100.48,,100.47,20210600,20210900,20210300
2020-07-10 10:00:00,100.48,,,20210600,20210900,20210300
2020-07-13 05:00:00,100.45,,100.44,20210600,20210900,20210300
2020-07-14 05:00:00,100.455,,100.44,20210600,20210900,20210300
2020-07-15 05:00:00,100.46,,100.45,20210600,20210900,20210300
2020-07-16 05:00:00,100.47,,100.46,20210600,20210900,20210300
2020-07-17 05:00:00,100.47,,100.475,20210600,20210900,20210300
2020-07-17 15:00:00,,,100.475,20210600,20210900,20210300
2020-07-20 05:00:00,100.47,,100.46,20210600,20210900,20210300
2020-07-21 05:00:00,100.48,,100.47,20210600,20210900,20210300
2020-07-22 05:00:00,100.49,,100.475,20210600,20210900,20210300
2020-07-23 05:00:00,100.48,,100.47,20210600,20210900,20210300
2020-07-24 05:00:00,100.47,,100.46,20210600,20210900,20210300
2020-07-27 05:00:00,100.475,,100.465,20210600,20210900,20210300
2020-07-28 05:00:00,100.48,,100.47,20210600,20210900,20210300
2020-07-29 05:00:00,100.48,,100.47,20210600,20210900,20210300
2020-07-30 05:00:00,100.5,,100.48,20210600,20210900,20210300
2020-07-30 14:00:00,100.5,,100.485,20210600,20210900,20210300
2020-07-31 05:00:00,100.495,,100.48,20210600,20210900,20210300
2020-08-03 05:00:00,100.485,,100.475,20210600,20210900,20210300
2020-08-03 14:00:00,100.49,,100.475,20210600,20210900,20210300
2020-08-04 05:00:00,100.49,,100.475,20210600,20210900,20210300
2020-08-05 05:00:00,100.48,,100.475,20210600,20210900,20210300
2020-08-06 05:00:00,100.48,,100.475,20210600,20210900,20210300
2020-08-06 06:00:00,100.48,,,20210600,20210900,20210300
2020-08-06 07:00:00,,,100.47,20210600,20210900,20210300
2020-08-06 10:00:00,100.485,,100.475,20210600,20210900,20210300
2020-08-07 05:00:00,100.475,,100.47,20210600,20210900,20210300
2020-08-10 05:00:00,100.48,,100.475,20210600,20210900,20210300
2020-08-11 05:00:00,100.475,,100.47,20210600,20210900,20210300
2020-08-11 10:00:00,,,100.47,20210600,20210900,20210300
2020-08-12 05:00:00,100.465,,100.465,20210600,20210900,20210300
2020-08-13 05:00:00,100.46,,100.46,20210600,20210900,20210300
2020-08-14 05:00:00,100.465,,100.465,20210600,20210900,20210300
2020-08-17 05:00:00,100.475,,100.47,20210600,20210900,20210300
2020-08-17 11:00:00,,,100.47,20210600,20210900,20210300
2020-08-18 05:00:00,100.475,,100.47,20210600,20210900,20210300
2020-08-19 05:00:00,100.48,,100.475,20210600,20210900,20210300
2020-08-19 09:00:00,100.485,,100.475,20210600,20210900,20210300
2020-08-20 05:00:00,100.495,,100.48,20210600,20210900,20210300
2020-08-21 05:00:00,100.5,,100.49,20210600,20210900,20210300
2020-08-21 08:00:00,,,100.485,20210600,20210900,20210300
2020-08-24 05:00:00,100.5,,100.485,20210600,20210900,20210300
2020-08-25 05:00:00,100.485,,100.475,20210600,20210900,20210300
2020-08-26 05:00:00,100.475,100.475,100.47,20210600,20210900,20210300
2020-08-27 05:00:00,100.475,,100.475,20210900,20211200,20210600
2020-08-28 05:00:00,100.485,,100.485,20210900,20211200,20210600
2020-08-31 05:00:00,100.48,,100.48,20210900,20211200,20210600
2020-09-01 05:00:00,100.5,,100.495,20210900,20211200,20210600
2020-09-02 05:00:00,100.515,,100.51,20210900,20211200,20210600
2020-09-02 10:00:00,,,100.505,20210900,20211200,20210600
2020-09-03 05:00:00,100.53,,100.525,20210900,20211200,20210600
2020-09-04 05:00:00,100.53,,100.525,20210900,20211200,20210600
2020-09-07 05:00:00,100.525,,100.52,20210900,20211200,20210600
2020-09-08 05:00:00,100.53,,100.525,20210900,20211200,20210600
2020-09-09 05:00:00,100.52,,100.515,20210900,20211200,20210600
2020-09-10 05:00:00,100.51,,100.505,20210900,20211200,20210600
2020-09-11 05:00:00,100.525,,100.515,20210900,20211200,20210600
2020-09-11 10:00:00,,,100.515,20210900,20211200,20210600
2020-09-11 11:00:00,,,100.515,20210900,20211200,20210600
2020-09-11 15:00:00,100.53,,,20210900,20211200,20210600
2020-09-14 05:00:00,100.535,,100.525,20210900,20211200,20210600
2020-09-14 15:00:00,100.54,,,20210900,20211200,20210600
2020-09-15 05:00:00,100.53,,100.525,20210900,20211200,20210600
2020-09-15 06:00:00,100.53,,,20210900,20211200,20210600
2020-09-16 05:00:00,100.535,,100.53,20210900,20211200,20210600
2020-09-17 05:00:00,100.54,,100.535,20210900,20211200,20210600
2020-09-17 15:00:00,100.54,,,20210900,20211200,20210600
2020-09-18 05:00:00,100.54,,100.535,20210900,20211200,20210600
2020-09-21 05:00:00,100.56,,100.55,20210900,20211200,20210600
2020-09-22 05:00:00,100.55,,100.54,20210900,20211200,20210600
2020-09-23 05:00:00,100.54,,100.535,20210900,20211200,20210600
2020-09-24 05:00:00,100.54,,100.54,20210900,20211200,20210600
2020-09-25 05:00:00,100.54,,100.535,20210900,20211200,20210600
2020-09-28 05:00:00,100.545,,100.535,20210900,20211200,20210600
2020-09-29 05:00:00,100.54,,100.535,20210900,20211200,20210600
2020-09-29 14:00:00,100.54,,,20210900,20211200,20210600
2020-09-30 05:00:00,100.53,,100.525,20210900,20211200,20210600
2020-09-30 15:00:00,100.53,,,20210900,20211200,20210600
2020-10-01 05:00:00,100.54,,100.53,20210900,20211200,20210600
2020-10-02 05:00:00,100.54,,100.535,20210900,20211200,20210600
2020-10-05 05:00:00,100.54,,100.535,20210900,20211200,20210600
2020-10-06 05:00:00,100.54,,100.535,20210900,20211200,20210600
2020-10-07 05:00:00,100.54,,100.535,20210900,20211200,20210600
2020-10-08 05:00:00,100.54,,100.54,20210900,20211200,20210600
2020-10-09 05:00:00,100.55,,100.54,20210900,20211200,20210600
2020-10-12 05:00:00,100.55,,100.54,20210900,20211200,20210600
2020-10-13 05:00:00,100.555,,100.545,20210900,20211200,20210600
2020-10-14 05:00:00,100.56,,100.545,20210900,20211200,20210600
2020-10-15 05:00:00,100.56,,100.55,20210900,20211200,20210600
2020-10-16 05:00:00,100.565,,100.555,20210900,20211200,20210600
2020-10-19 05:00:00,100.57,,100.555,20210900,20211200,20210600
2020-10-20 05:00:00,100.56,,100.545,20210900,20211200,20210600
2020-10-21 05:00:00,100.555,,100.54,20210900,20211200,20210600
2020-10-21 13:00:00,100.555,,,20210900,20211200,20210600
2020-10-22 05:00:00,100.55,,100.54,20210900,20211200,20210600
2020-10-23 05:00:00,100.55,,100.54,20210900,20211200,20210600
2020-10-26 05:00:00,100.55,,100.54,20210900,20211200,20210600
2020-10-27 05:00:00,100.56,,100.545,20210900,20211200,20210600
2020-10-27 13:00:00,100.545,,,20210900,20211200,20210600
2020-10-27 14:00:00,100.55,,,20210900,20211200,20210600
2020-10-28 05:00:00,100.565,,100.55,20210900,20211200,20210600
2020-10-29 05:00:00,100.575,,100.565,20210900,20211200,20210600
2020-10-30 05:00:00,100.57,,100.56,20210900,20211200,20210600
2020-11-02 06:00:00,100.57,,100.56,20210900,20211200,20210600
2020-11-03 06:00:00,100.57,,100.56,20210900,20211200,20210600
2020-11-04 06:00:00,100.565,,100.555,20210900,20211200,20210600
2020-11-05 06:00:00,100.565,,100.56,20210900,20211200,20210600
2020-11-05 10:00:00,100.56,,,20210900,20211200,20210600
2020-11-06 06:00:00,100.57,,100.555,20210900,20211200,20210600
2020-11-09 06:00:00,100.535,,100.53,20210900,20211200,20210600
2020-11-10 06:00:00,100.53,,100.53,20210900,20211200,20210600
2020-11-10 08:00:00,100.53,,100.53,20210900,20211200,20210600
2020-11-10 15:00:00,100.53,,,20210900,20211200,20210600
2020-11-11 06:00:00,100.53,,100.525,20210900,20211200,20210600
2020-11-11 13:00:00,100.535,,,20210900,20211200,20210600
2020-11-12 06:00:00,100.535,,100.53,20210900,20211200,20210600
2020-11-13 06:00:00,100.54,,100.535,20210900,20211200,20210600
2020-11-13 10:00:00,100.54,,,20210900,20211200,20210600
2020-11-16 06:00:00,100.54,,100.535,20210900,20211200,20210600
2020-11-17 06:00:00,100.54,,100.54,20210900,20211200,20210600
2020-11-18 06:00:00,100.55,,100.545,20210900,20211200,20210600
2020-11-18 10:00:00,100.55,,100.545,20210900,20211200,20210600
2020-11-19 06:00:00,100.55,,100.545,20210900,20211200,20210600
2020-11-19 08:00:00,100.555,,,20210900,20211200,20210600
2020-11-20 06:00:00,100.56,,100.55,20210900,20211200,20210600
2020-11-23 06:00:00,100.545,,100.545,20210900,20211200,20210600
2020-11-24 06:00:00,100.545,,100.54,20210900,20211200,20210600
2020-11-24 11:00:00,100.55,,,20210900,20211200,20210600
2020-11-25 06:00:00,100.545,,100.54,20210900,20211200,20210600
2020-11-26 06:00:00,100.545,100.555,100.54,20210900,20211200,20210600
2020-11-27 06:00:00,100.55,,100.545,20211200,20220300,20210900
2020-11-30 06:00:00,100.555,,100.55,20211200,20220300,20210900
2020-12-01 06:00:00,100.54,,100.54,20211200,20220300,20210900
2020-12-02 06:00:00,100.545,,100.54,20211200,20220300,20210900
2020-12-03 06:00:00,100.555,,100.55,20211200,20220300,20210900
2020-12-04 06:00:00,100.57,,100.56,20211200,20220300,20210900
2020-12-07 06:00:00,100.575,,100.57,20211200,20220300,20210900
2020-12-08 06:00:00,100.585,,100.57,20211200,20220300,20210900
2020-12-08 14:00:00,,,100.57,20211200,20220300,20210900
2020-12-09 06:00:00,100.585,,100.575,20211200,20220300,20210900
2020-12-10 06:00:00,100.58,,100.575,20211200,20220300,20210900
2020-12-11 06:00:00,100.595,,100.585,20211200,20220300,20210900
2020-12-14 06:00:00,100.59,,100.575,20211200,20220300,20210900
2020-12-14 11:00:00,100.585,,100.575,20211200,20220300,20210900
2020-12-15 06:00:00,100.585,,100.575,20211200,20220300,20210900
2020-12-16 06:00:00,100.565,,100.555,20211200,20220300,20210900
2020-12-17 06:00:00,100.56,,100.55,20211200,20220300,20210900
2020-12-17 10:00:00,,,100.555,20211200,20220300,20210900
2020-12-18 06:00:00,100.555,,100.55,20211200,20220300,20210900
2020-12-18 08:00:00,100.555,,,20211200,20220300,20210900
2020-12-18 13:00:00,100.56,,,20211200,20220300,20210900
2020-12-18 14:00:00,,,100.555,20211200,20220300,20210900
2020-12-18 17:00:00,,,100.55,20211200,20220300,20210900
2020-12-21 06:00:00,100.555,,100.55,20211200,20220300,20210900
2020-12-21 09:00:00,100.56,,100.555,20211200,20220300,20210900
2020-12-22 06:00:00,100.55,,100.54,20211200,20220300,20210900
2020-12-23 06:00:00,100.535,,100.53,20211200,20220300,20210900
2020-12-28 06:00:00,100.54,,100.535,20211200,20220300,20210900
2020-12-29 06:00:00,100.55,,100.54,20211200,20220300,20210900
2020-12-29 10:00:00,,,100.54,20211200,20220300,20210900
2020-12-30 06:00:00,100.555,,100.55,20211200,20220300,20210900
2021-01-04 06:00:00,100.57,,100.565,20211200,20220300,20210900
2021-01-05 06:00:00,100.575,,100.57,20211200,20220300,20210900
2021-01-06 06:00:00,100.57,,100.56,20211200,20220300,20210900
2021-01-07 06:00:00,100.56,,100.555,20211200,20220300,20210900
2021-01-08 06:00:00,100.555,,100.55,20211200,20220300,20210900
2021-01-11 06:00:00,100.555,,100.55,20211200,20220300,20210900
2021-01-12 06:00:00,100.54,,100.54,20211200,20220300,20210900
2021-01-13 06:00:00,100.555,,100.54,20211200,20220300,20210900
2021-01-13 10:00:00,,,100.54,20211200,20220300,20210900
2021-01-14 06:00:00,100.565,,100.555,20211200,20220300,20210900
2021-01-15 06:00:00,100.565,,100.56,20211200,20220300,20210900
2021-01-18 06:00:00,100.565,,100.56,20211200,20220300,20210900
2021-01-19 06:00:00,100.565,,100.555,20211200,20220300,20210900
2021-01-19 16:00:00,100.565,,,20211200,20220300,20210900
2021-01-20 06:00:00,100.56,,100.555,20211200,20220300,20210900
2021-01-21 06:00:00,100.55,,100.545,20211200,20220300,20210900
2021-01-22 06:00:00,100.55,,100.545,20211200,20220300,20210900
2021-01-25 06:00:00,100.565,,100.555,20211200,20220300,20210900
2021-01-26 06:00:00,100.56,,100.55,20211200,20220300,20210900
2021-01-27 06:00:00,100.575,,100.565,20211200,20220300,20210900
2021-01-28 06:00:00,100.585,,100.58,20211200,20220300,20210900
2021-01-29 06:00:00,100.57,,100.565,20211200,20220300,20210900
2021-02-01 06:00:00,100.575,,100.565,20211200,20220300,20210900
2021-02-02 06:00:00,100.57,,100.56,20211200,20220300,20210900
2021-02-03 06:00:00,100.56,,100.555,20211200,20220300,20210900
2021-02-03 10:00:00,100.565,,100.56,20211200,20220300,20210900
2021-02-04 06:00:00,100.56,,100.555,20211200,20220300,20210900
2021-02-05 06:00:00,100.555,,100.545,20211200,20220300,20210900
2021-02-08 06:00:00,100.55,,100.54,20211200,20220300,20210900
2021-02-09 06:00:00,100.555,,100.545,20211200,20220300,20210900
2021-02-09 15:00:00,100.545,,,20211200,20220300,20210900
2021-02-10 06:00:00,100.56,,100.545,20211200,20220300,20210900
2021-02-11 06:00:00,100.56,,100.545,20211200,20220300,20210900
2021-02-12 06:00:00,100.555,,100.545,20211200,20220300,20210900
2021-02-15 06:00:00,100.55,,100.54,20211200,20220300,20210900
2021-02-16 06:00:00,100.545,,100.535,20211200,20220300,20210900
2021-02-17 06:00:00,100.545,,100.54,20211200,20220300,20210900
2021-02-18 06:00:00,100.545,,100.54,20211200,20220300,20210900
2021-02-18 15:00:00,,,100.535,20211200,20220300,20210900
2021-02-19 06:00:00,100.54,,100.535,20211200,20220300,20210900
2021-02-22 06:00:00,100.54,,100.535,20211200,20220300,20210900
2021-02-23 06:00:00,100.54,,100.53,20211200,20220300,20210900
2021-02-24 06:00:00,100.54,100.535,100.535,20211200,20220300,20210900
2021-02-25 06:00:00,100.5,,100.515,20220300,20220600,20211200
2021-02-26 06:00:00,100.485,,100.505,20220300,20220600,20211200
2021-03-01 06:00:00,100.515,,100.525,20220300,20220600,20211200
2021-03-02 06:00:00,100.525,,100.535,20220300,20220600,20211200
2021-03-03 06:00:00,100.515,,100.53,20220300,20220600,20211200
2021-03-03 10:00:00,,,100.54,20220300,20220600,20211200
2021-03-04 06:00:00,100.52,,100.53,20220300,20220600,20211200
2021-03-05 06:00:00,100.515,,100.53,20220300,20220600,20211200
2021-03-08 06:00:00,100.51,,100.53,20220300,20220600,20211200
2021-03-09 06:00:00,100.505,,100.525,20220300,20220600,20211200
2021-03-10 06:00:00,100.51,,100.525,20220300,20220600,20211200
2021-03-11 06:00:00,100.52,,100.53,20220300,20220600,20211200
2021-03-12 06:00:00,100.52,,100.53,20220300,20220600,20211200
2021-03-15 05:00:00,100.53,,100.535,20220300,20220600,20211200
2021-03-16 05:00:00,100.535,,100.54,20220300,20220600,20211200
2021-03-17 05:00:00,100.53,,100.535,20220300,20220600,20211200
2021-03-18 05:00:00,100.525,,100.535,20220300,20220600,20211200
2021-03-19 05:00:00,100.54,,100.545,20220300,20220600,20211200
2021-03-19 14:00:00,100.54,,100.55,20220300,20220600,20211200
2021-03-22 05:00:00,100.545,,100.55,20220300,20220600,20211200
2021-03-23 05:00:00,100.54,,100.55,20220300,20220600,20211200
2021-03-23 16:00:00,,,100.54,20220300,20220600,20211200
2021-03-24 05:00:00,100.545,,100.55,20220300,20220600,20211200
2021-03-25 05:00:00,100.55,,100.555,20220300,20220600,20211200
2021-03-26 05:00:00,100.55,,100.555,20220300,20220600,20211200
2021-03-29 05:00:00,100.545,,100.555,20220300,20220600,20211200
2021-03-30 05:00:00,100.54,,100.545,20220300,20220600,20211200
2021-03-31 05:00:00,100.535,,100.55,20220300,20220600,20211200
2021-03-31 06:00:00,100.54,,,20220300,20220600,20211200
2021-04-01 05:00:00,100.545,,100.555,20220300,20220600,20211200
2021-04-06 05:00:00,100.545,,100.555,20220300,20220600,20211200
2021-04-07 05:00:00,100.55,,100.555,20220300,20220600,20211200
2021-04-08 05:00:00,100.555,,100.56,20220300,20220600,20211200
2021-04-08 12:00:00,,,100.565,20220300,20220600,20211200
2021-04-09 05:00:00,100.55,,100.56,20220300,20220600,20211200
2021-04-12 05:00:00,100.55,,100.55,20220300,20220600,20211200
2021-04-13 05:00:00,100.55,,100.555,20220300,20220600,20211200
2021-04-14 05:00:00,100.54,,100.545,20220300,20220600,20211200
2021-04-15 05:00:00,100.54,,100.545,20220300,20220600,20211200
2021-04-16 05:00:00,100.535,,100.545,20220300,20220600,20211200
2021-04-19 05:00:00,100.525,,100.535,20220300,20220600,20211200
2021-04-20 05:00:00,100.525,,100.535,20220300,20220600,20211200
2021-04-21 05:00:00,100.53,,100.535,20220300,20220600,20211200
2021-04-21 14:00:00,100.535,,100.54,20220300,20220600,20211200
2021-04-22 05:00:00,100.53,,100.54,20220300,20220600,20211200
2021-04-23 05:00:00,100.525,,100.535,20220300,20220600,20211200
2021-04-26 05:00:00,100.525,,100.535,20220300,20220600,20211200
2021-04-27 05:00:00,100.525,,100.535,20220300,20220600,20211200
2021-04-28 05:00:00,100.52,,100.53,20220300,20220600,20211200
2021-04-29 05:00:00,100.52,,100.53,20220300,20220600,20211200
2021-04-30 05:00:00,100.525,,100.535,20220300,20220600,20211200
2021-05-03 05:00:00,100.525,,100.535,20220300,20220600,20211200
2021-05-03 09:00:00,,,100.52,20220300,20220600,20211200
2021-05-04 05:00:00,100.53,,100.54,20220300,20220600,20211200
2021-05-05 05:00:00,100.525,,100.535,20220300,20220600,20211200
2021-05-06 05:00:00,100.525,,100.535,20220300,20220600,20211200
2021-05-07 05:00:00,100.52,,100.53,20220300,20220600,20211200
2021-05-10 05:00:00,100.52,,100.53,20220300,20220600,20211200
2021-05-10 07:00:00,,,100.53,20220300,20220600,20211200
2021-05-11 05:00:00,100.515,,100.525,20220300,20220600,20211200
2021-05-12 05:00:00,100.51,,100.525,20220300,20220600,20211200
2021-05-13 05:00:00,100.515,,100.525,20220300,20220600,20211200
2021-05-14 05:00:00,100.515,,100.53,20220300,20220600,20211200
2021-05-17 05:00:00,100.515,,100.525,20220300,20220600,20211200
2021-05-18 05:00:00,100.515,,100.53,20220300,20220600,20211200
2021-05-18 09:00:00,100.52,,,20220300,20220600,20211200
2021-05-18 11:00:00,100.52,,,20220300,20220600,20211200
2021-05-19 05:00:00,100.515,,100.525,20220300,20220600,20211200
2021-05-20 05:00:00,100.51,,100.52,20220300,20220600,20211200
2021-05-21 05:00:00,100.515,,100.525,20220300,20220600,20211200
2021-05-24 05:00:00,100.515,,100.525,20220300,20220600,20211200
2021-05-25 05:00:00,100.515,,100.525,20220300,20220600,20211200
2021-05-26 05:00:00,100.515,100.505,100.53,20220300,20220600,20211200
2021-05-27 05:00:00,100.5,,100.51,20220600,20220900,20220300
2021-05-28 05:00:00,100.505,,100.515,20220600,20220900,20220300
2021-05-31 05:00:00,100.505,,100.52,20220600,20220900,20220300
2021-06-01 05:00:00,100.505,,100.515,20220600,20220900,20220300
2021-06-02 05:00:00,100.515,,100.52,20220600,20220900,20220300
2021-06-03 05:00:00,100.51,,100.52,20220600,20220900,20220300
2021-06-04 05:00:00,100.51,,100.52,20220600,20220900,20220300
2021-06-07 05:00:00,100.51,,100.515,20220600,20220900,20220300
2021-06-08 05:00:00,100.505,,100.515,20220600,20220900,20220300
2021-06-09 05:00:00,100.515,,100.52,20220600,20220900,20220300
2021-06-10 05:00:00,100.52,,100.525,20220600,20220900,20220300
2021-06-11 05:00:00,100.525,,100.53,20220600,20220900,20220300
2021-06-14 05:00:00,100.52,,100.525,20220600,20220900,20220300
2021-06-14 12:00:00,100.52,,,20220600,20220900,20220300
2021-06-15 05:00:00,100.515,,100.525,20220600,20220900,20220300
2021-06-15 11:00:00,100.515,,,20220600,20220900,20220300
2021-06-16 05:00:00,100.515,,100.52,20220600,20220900,20220300
2021-06-17 05:00:00,100.51,,100.52,20220600,20220900,20220300
2021-06-18 05:00:00,100.5,,100.51,20220600,20220900,20220300
2021-06-21 05:00:00,100.49,,100.505,20220600,20220900,20220300
2021-06-22 05:00:00,100.49,,100.5,20220600,20220900,20220300
2021-06-23 05:00:00,100.485,,100.5,20220600,20220900,20220300
2021-06-24 05:00:00,100.485,,100.5,20220600,20220900,20220300
2021-06-25 05:00:00,100.48,,100.495,20220600,20220900,20220300
2021-06-28 05:00:00,100.485,,100.5,20220600,20220900,20220300
2021-06-29 05:00:00,100.485,,100.5,20220600,20220900,20220300
2021-06-30 05:00:00,100.49,,100.51,20220600,20220900,20220300
2021-06-30 11:00:00,100.48,,100.5,20220600,20220900,20220300
2021-07-01 05:00:00,100.49,,100.51,20220600,20220900,20220300
2021-07-02 05:00:00,100.5,,100.515,20220600,20220900,20220300
2021-07-05 05:00:00,100.495,,100.515,20220600,20220900,20220300
2021-07-06 05:00:00,100.505,,100.515,20220600,20220900,20220300
2021-07-07 05:00:00,100.505,,100.515,20220600,20220900,20220300
2021-07-08 05:00:00,100.505,,100.52,20220600,20220900,20220300
2021-07-09 05:00:00,100.5,,100.515,20220600,20220900,20220300
2021-07-12 05:00:00,100.505,,100.52,20220600,20220900,20220300
2021-07-13 05:00:00,100.5,,100.515,20220600,20220900,20220300
2021-07-14 05:00:00,100.495,,100.51,20220600,20220900,20220300
2021-07-15 05:00:00,100.495,,100.51,20220600,20220900,20220300
2021-07-15 14:00:00,,,100.515,20220600,20220900,20220300
2021-07-16 05:00:00,100.5,,100.51,20220600,20220900,20220300
2021-07-19 05:00:00,100.5,,100.515,20220600,20220900,20220300
2021-07-20 05:00:00,100.495,,100.51,20220600,20220900,20220300
2021-07-21 05:00:00,100.5,,100.51,20220600,20220900,20220300
2021-07-22 05:00:00,100.51,,100.52,20220600,20220900,20220300
2021-07-23 05:00:00,100.52,,100.525,20220600,20220900,20220300
2021-07-26 05:00:00,100.525,,100.53,20220600,20220900,20220300
2021-07-27 05:00:00,100.525,,100.535,20220600,20220900,20220300
2021-07-28 05:00:00,100.525,,100.53,20220600,20220900,20220300
2021-07-29 05:00:00,100.525,,100.53,20220600,20220900,20220300
2021-07-30 05:00:00,100.525,,100.535,20220600,20220900,20220300
2021-08-02 05:00:00,100.535,,100.54,20220600,20220900,20220300
2021-08-03 05:00:00,100.535,,100.545,20220600,20220900,20220300
2021-08-04 05:00:00,100.535,,100.545,20220600,20220900,20220300
2021-08-05 05:00:00,100.53,,100.54,20220600,20220900,20220300
2021-08-06 05:00:00,100.53,,100.535,20220600,20220900,20220300
2021-08-09 05:00:00,100.525,,100.53,20220600,20220900,20220300
2021-08-10 05:00:00,100.525,,100.535,20220600,20220900,20220300
2021-08-11 05:00:00,100.525,,100.535,20220600,20220900,20220300
2021-08-12 05:00:00,100.525,,100.535,20220600,20220900,20220300
2021-08-13 05:00:00,100.525,,100.53,20220600,20220900,20220300
2021-08-16 05:00:00,100.525,,100.53,20220600,20220900,20220300
2021-08-17 05:00:00,100.525,,100.53,20220600,20220900,20220300
2021-08-18 05:00:00,100.525,,100.535,20220600,20220900,20220300
2021-08-18 10:00:00,100.53,,100.535,20220600,20220900,20220300
2021-08-19 05:00:00,100.53,,100.535,20220600,20220900,20220300
2021-08-20 05:00:00,100.525,,100.535,20220600,20220900,20220300
2021-08-23 05:00:00,100.53,,100.535,20220600,20220900,20220300
2021-08-24 05:00:00,100.53,,100.535,20220600,20220900,20220300
2021-08-25 05:00:00,100.525,,100.535,20220600,20220900,20220300
2021-08-26 05:00:00,100.525,100.51,100.535,20220600,20220900,20220300
2021-08-26 15:00:00,100.505,,,20220900,20221200,20220600
2021-08-27 05:00:00,100.51,,100.525,20220900,20221200,20220600
2021-08-30 05:00:00,100.51,,100.525,20220900,20221200,20220600
2021-08-30 15:00:00,100.505,,,20220900,20221200,20220600
2021-08-31 05:00:00,100.495,,100.515,20220900,20221200,20220600
2021-08-31 14:00:00,100.495,,,20220900,20221200,20220600
2021-09-01 05:00:00,100.5,,100.515,20220900,20221200,20220600
2021-09-02 05:00:00,100.505,,100.52,20220900,20221200,20220600
2021-09-03 05:00:00,100.505,,100.515,20220900,20221200,20220600
2021-09-06 05:00:00,100.5,,100.515,20220900,20221200,20220600
2021-09-07 05:00:00,100.49,,100.51,20220900,20221200,20220600
2021-09-08 05:00:00,100.495,,100.505,20220900,20221200,20220600
2021-09-08 13:00:00,100.5,,,20220900,20221200,20220600
2021-09-08 14:00:00,100.49,,,20220900,20221200,20220600
2021-09-09 05:00:00,100.495,,100.51,20220900,20221200,20220600
2021-09-09 08:00:00,,,100.5,20220900,20221200,20220600
2021-09-10 05:00:00,100.49,,100.505,20220900,20221200,20220600
2021-09-13 05:00:00,100.485,,100.505,20220900,20221200,20220600
2021-09-14 05:00:00,100.48,,100.5,20220900,20221200,20220600
2021-09-14 12:00:00,100.49,,100.505,20220900,20221200,20220600
2021-09-15 05:00:00,100.48,,100.5,20220900,20221200,20220600
2021-09-15 11:00:00,,,100.51,20220900,20221200,20220600
2021-09-16 05:00:00,100.48,,100.495,20220900,20221200,20220600
2021-09-17 05:00:00,100.47,,100.495,20220900,20221200,20220600
2021-09-17 12:00:00,100.465,,100.485,20220900,20221200,20220600
2021-09-20 05:00:00,100.47,,100.495,20220900,20221200,20220600
2021-09-21 05:00:00,100.47,,100.495,20220900,20221200,20220600
2021-09-22 05:00:00,100.465,,100.495,20220900,20221200,20220600
2021-09-23 05:00:00,100.455,,100.485,20220900,20221200,20220600
2021-09-24 05:00:00,100.46,,100.485,20220900,20221200,20220600
2021-09-24 08:00:00,100.45,,,20220900,20221200,20220600
2021-09-27 05:00:00,100.45,,100.49,20220900,20221200,20220600
2021-09-27 07:00:00,,,100.49,20220900,20221200,20220600
2021-09-28 05:00:00,100.445,,100.485,20220900,20221200,20220600
2021-09-28 07:00:00,,,100.48,20220900,20221200,20220600
2021-09-29 05:00:00,100.45,,100.485,20220900,20221200,20220600
2021-09-30 05:00:00,100.445,,100.485,20220900,20221200,20220600
2021-10-01 05:00:00,100.455,,100.49,20220900,20221200,20220600
2021-10-01 15:00:00,100.46,,,20220900,20221200,20220600
2021-10-04 05:00:00,100.46,,100.495,20220900,20221200,20220600
2021-10-05 05:00:00,100.455,,100.495,20220900,20221200,20220600
2021-10-05 07:00:00,,,100.495,20220900,20221200,20220600
2021-10-05 10:00:00,100.465,,,20220900,20221200,20220600
2021-10-05 12:00:00,,,100.5,20220900,20221200,20220600
2021-10-05 13:00:00,100.46,,,20220900,20221200,20220600
2021-10-06 05:00:00,100.445,,100.485,20220900,20221200,20220600
2021-10-07 05:00:00,100.445,,100.48,20220900,20221200,20220600
2021-10-08 05:00:00,100.43,,100.47,20220900,20221200,20220600
2021-10-11 05:00:00,100.42,,100.465,20220900,20221200,20220600
2021-10-11 08:00:00,,,100.465,20220900,20221200,20220600
2021-10-11 12:00:00,100.415,,,20220900,20221200,20220600
2021-10-12 05:00:00,100.41,,100.465,20220900,20221200,20220600
2021-10-12 13:00:00,100.42,,,20220900,20221200,20220600
2021-10-13 05:00:00,100.42,,100.465,20220900,20221200,20220600
2021-10-14 05:00:00,100.44,,100.485,20220900,20221200,20220600
2021-10-14 06:00:00,,,100.465,20220900,20221200,20220600
2021-10-14 08:00:00,100.42,,,20220900,20221200,20220600
2021-10-14 10:00:00,100.42,,,20220900,20221200,20220600
2021-10-14 13:00:00,100.435,,,20220900,20221200,20220600
2021-10-14 15:00:00,100.44,,,20220900,20221200,20220600
2021-10-15 05:00:00,100.44,,100.485,20220900,20221200,20220600
2021-10-15 08:00:00,100.44,,,20220900,20221200,20220600
2021-10-18 05:00:00,100.4,,100.47,20220900,20221200,20220600
2021-10-18 12:00:00,100.395,,,20220900,20221200,20220600
2021-10-19 05:00:00,100.4,,100.49,20220900,20221200,20220600
2021-10-20 05:00:00,100.41,,100.47,20220900,20221200,20220600
2021-10-21 05:00:00,100.39,,100.465,20220900,20221200,20220600
2021-10-21 14:00:00,,,100.46,20220900,20221200,20220600
2021-10-22 05:00:00,100.38,,100.46,20220900,20221200,20220600
2021-10-22 13:00:00,100.385,,,20220900,20221200,20220600
2021-10-25 05:00:00,100.395,,100.465,20220900,20221200,20220600
2021-10-26 05:00:00,100.405,,100.47,20220900,20221200,20220600
2021-10-27 05:00:00,100.385,,100.455,20220900,20221200,20220600
2021-10-27 07:00:00,100.385,,100.45,20220900,20221200,20220600
2021-10-28 05:00:00,100.345,,100.43,20220900,20221200,20220600
2021-10-29 05:00:00,100.28,,100.395,20220900,20221200,20220600
2021-11-01 05:00:00,100.295,,100.41,20220900,20221200,20220600
2021-11-01 10:00:00,,,100.4,20220900,20221200,20220600
2021-11-02 05:00:00,100.335,,100.455,20220900,20221200,20220600
2021-11-02 07:00:00,,,100.435,20220900,20221200,20220600
2021-11-02 10:00:00,,,100.435,20220900,20221200,20220600
2021-11-03 05:00:00,100.37,,100.445,20220900,20221200,20220600
2021-11-03 08:00:00,100.38,,,20220900,20221200,20220600
2021-11-03 12:00:00,100.315,,,20220900,20221200,20220600
2021-11-04 05:00:00,100.37,,100.43,20220900,20221200,20220600
2021-11-04 12:00:00,,,100.47,20220900,20221200,20220600
2021-11-05 05:00:00,100.415,,100.435,20220900,20221200,20220600
2021-11-05 10:00:00,100.4,,,20220900,20221200,20220600
2021-11-05 12:00:00,100.41,,,20220900,20221200,20220600
2021-11-05 14:00:00,,,100.47,20220900,20221200,20220600
2021-11-08 06:00:00,100.41,,100.47,20220900,20221200,20220600
2021-11-09 06:00:00,100.43,,100.465,20220900,20221200,20220600
2021-11-10 06:00:00,100.37,,100.45,20220900,20221200,20220600
2021-11-10 07:00:00,100.405,,,20220900,20221200,20220600
2021-11-10 14:00:00,100.375,,,20220900,20221200,20220600
2021-11-11 06:00:00,100.345,,100.44,20220900,20221200,20220600
2021-11-11 08:00:00,100.35,,,20220900,20221200,20220600
2021-11-12 06:00:00,100.385,,100.45,20220900,20221200,20220600
2021-11-15 06:00:00,100.39,,100.46,20220900,20221200,20220600
2021-11-16 06:00:00,100.38,,100.465,20220900,20221200,20220600
2021-11-16 11:00:00,100.41,,,20220900,20221200,20220600
2021-11-16 12:00:00,100.4,,,20220900,20221200,20220600
2021-11-17 06:00:00,100.41,,100.475,20220900,20221200,20220600
2021-11-17 07:00:00,,,100.45,20220900,20221200,20220600
2021-11-18 06:00:00,100.43,,100.49,20220900,20221200,20220600
2021-11-19 06:00:00,100.45,,100.495,20220900,20221200,20220600
2021-11-22 06:00:00,100.435,,100.485,20220900,20221200,20220600
2021-11-23 06:00:00,100.415,,100.47,20220900,20221200,20220600
2021-11-24 06:00:00,100.42,,100.455,20220900,20221200,20220600
2021-11-24 09:00:00,,,100.46,20220900,20221200,20220600
2021-11-25 06:00:00,100.425,,100.46,20220900,20221200,20220600
2021-11-26 06:00:00,100.46,100.375,100.495,20220900,20221200,20220600
2021-11-26 13:00:00,100.37,,100.43,20221200,20230300,20220900
2021-11-26 14:00:00,100.38,,100.44,20221200,20230300,20220900
2021-11-29 06:00:00,100.39,,100.45,20221200,20230300,20220900
2021-11-29 07:00:00,100.395,,,20221200,20230300,20220900
2021-11-30 06:00:00,100.365,,100.435,20221200,20230300,20220900
2021-11-30 13:00:00,100.385,,,20221200,20230300,20220900
2021-12-01 06:00:00,100.365,,100.425,20221200,20230300,20220900
2021-12-02 06:00:00,100.375,,100.445,20221200,20230300,20220900
2021-12-03 06:00:00,100.36,,100.435,20221200,20230300,20220900
2021-12-06 06:00:00,100.36,,100.43,20221200,20230300,20220900
2021-12-07 06:00:00,100.345,,100.415,20221200,20230300,20220900
2021-12-08 06:00:00,100.345,,100.415,20221200,20230300,20220900
2021-12-08 15:00:00,100.345,,,20221200,20230300,20220900
2021-12-09 06:00:00,100.36,,100.415,20221200,20230300,20220900
2021-12-10 06:00:00,100.365,,100.42,20221200,20230300,20220900
2021-12-13 06:00:00,100.37,,100.43,20221200,20230300,20220900
2021-12-14 06:00:00,100.375,,100.43,20221200,20230300,20220900
2021-12-15 06:00:00,100.36,,100.42,20221200,20230300,20220900
2021-12-16 06:00:00,100.37,,100.435,20221200,20230300,20220900
2021-12-17 06:00:00,100.39,,100.455,20221200,20230300,20220900
2021-12-20 06:00:00,100.395,,100.46,20221200,20230300,20220900
2021-12-21 06:00:00,100.38,,100.45,20221200,20230300,20220900
2021-12-22 06:00:00,100.365,,100.45,20221200,20230300,20220900
2021-12-23 06:00:00,100.335,,100.43,20221200,20230300,20220900
2021-12-23 10:00:00,100.355,,,20221200,20230300,20220900
2021-12-27 06:00:00,100.335,,100.42,20221200,20230300,20220900
2021-12-27 13:00:00,100.34,,,20221200,20230300,20220900
2021-12-28 06:00:00,100.32,,100.415,20221200,20230300,20220900
2021-12-29 06:00:00,100.325,,100.41,20221200,20230300,20220900
2021-12-29 08:00:00,100.325,,,20221200,20230300,20220900
2021-12-30 06:00:00,100.32,,100.41,20221200,20230300,20220900
2022-01-03 06:00:00,100.32,,100.41,20221200,20230300,20220900
2022-01-04 06:00:00,100.32,,100.415,20221200,20230300,20220900
2022-01-05 06:00:00,100.335,,100.42,20221200,20230300,20220900
2022-01-06 06:00:00,100.315,,100.42,20221200,20230300,20220900
2022-01-07 06:00:00,100.31,,100.415,20221200,20230300,20220900
2022-01-07 17:00:00,100.31,,,20221200,20230300,20220900
2022-01-10 06:00:00,100.31,,100.415,20221200,20230300,20220900
2022-01-11 06:00:00,100.29,,100.4,20221200,20230300,20220900
2022-01-12 06:00:00,100.3,,100.405,20221200,20230300,20220900
2022-01-13 06:00:00,100.305,,100.4,20221200,20230300,20220900
2022-01-13 07:00:00,,,100.4,20221200,20230300,20220900
2022-01-14 06:00:00,100.3,,100.4,20221200,20230300,20220900
2022-01-17 06:00:00,100.275,,100.385,20221200,20230300,20220900
2022-01-17 10:00:00,,,100.395,20221200,20230300,20220900
2022-01-17 13:00:00,,,100.39,20221200,20230300,20220900
2022-01-17 15:00:00,100.28,,,20221200,20230300,20220900
2022-01-18 06:00:00,100.28,,100.385,20221200,20230300,20220900
2022-01-19 06:00:00,100.285,,100.385,20221200,20230300,20220900
2022-01-20 06:00:00,100.3,,100.395,20221200,20230300,20220900
2022-01-21 06:00:00,100.315,,100.4,20221200,20230300,20220900
2022-01-24 06:00:00,100.315,,100.405,20221200,20230300,20220900
2022-01-25 06:00:00,100.31,,100.405,20221200,20230300,20220900
2022-01-26 06:00:00,100.305,,100.4,20221200,20230300,20220900
2022-01-27 06:00:00,100.27,,100.385,20221200,20230300,20220900
2022-01-27 07:00:00,100.28,,,20221200,20230300,20220900
2022-01-28 06:00:00,100.25,,100.375,20221200,20230300,20220900
2022-01-31 06:00:00,100.195,,100.33,20221200,20230300,20220900
2022-01-31 11:00:00,100.2,,,20221200,20230300,20220900
2022-01-31 12:00:00,100.2,,,20221200,20230300,20220900
2022-02-01 06:00:00,100.175,,100.325,20221200,20230300,20220900
2022-02-01 15:00:00,100.165,,100.315,20221200,20230300,20220900
2022-02-02 06:00:00,100.175,,100.325,20221200,20230300,20220900
2022-02-02 11:00:00,,,100.31,20221200,20230300,20220900
2022-02-03 06:00:00,100.025,,100.225,20221200,20230300,20220900
2022-02-04 06:00:00,99.89,,100.14,20221200,20230300,20220900
2022-02-04 07:00:00,99.91,,,20221200,20230300,20220900
2022-02-07 06:00:00,99.9,,100.15,20221200,20230300,20220900
2022-02-08 06:00:00,99.91,,100.16,20221200,20230300,20220900
2022-02-09 06:00:00,99.945,,100.19,20221200,20230300,20220900
2022-02-09 08:00:00,99.95,,,20221200,20230300,20220900
2022-02-09 11:00:00,99.95,,,20221200,20230300,20220900
2022-02-10 06:00:00,99.9,,100.15,20221200,20230300,20220900
2022-02-10 10:00:00,99.95,,,20221200,20230300,20220900
2022-02-11 06:00:00,99.87,,100.13,20221200,20230300,20220900
2022-02-11 11:00:00,,,100.12,20221200,20230300,20220900
2022-02-14 06:00:00,99.87,,100.135,20221200,20230300,20220900
2022-02-15 06:00:00,99.87,,100.14,20221200,20230300,20220900
2022-02-15 16:00:00,,,100.15,20221200,20230300,20220900
2022-02-16 06:00:00,99.935,,100.185,20221200,20230300,20220900
2022-02-16 11:00:00,,,100.175,20221200,20230300,20220900
2022-02-16 14:00:00,99.925,,,20221200,20230300,20220900
2022-02-17 06:00:00,99.98,,100.21,20221200,20230300,20220900
2022-02-17 16:00:00,99.98,,,20221200,20230300,20220900
2022-02-18 06:00:00,99.985,,100.215,20221200,20230300,20220900
2022-02-21 06:00:00,99.975,,100.215,20221200,20230300,20220900
2022-02-22 06:00:00,99.95,,100.195,20221200,20230300,20220900
2022-02-22 08:00:00,99.985,,,20221200,20230300,20220900
2022-02-23 06:00:00,99.935,,100.195,20221200,20230300,20220900
2022-02-23 10:00:00,99.94,,,20221200,20230300,20220900
2022-02-23 11:00:00,99.935,,,20221200,20230300,20220900
2022-02-24 06:00:00,100.02,99.715,100.25,20221200,20230300,20220900
2022-02-24 09:00:00,,,99.97,20230300,20230600,20221200
2022-02-24 16:00:00,,,100.025,20230300,20230600,20221200
2022-02-25 06:00:00,99.68,,100.0,20230300,20230600,20221200
2022-02-28 06:00:00,99.8,,100.085,20230300,20230600,20221200
2022-03-01 06:00:00,99.98,,100.215,20230300,20230600,20221200
2022-03-01 07:00:00,,,100.12,20230300,20230600,20221200
2022-03-01 14:00:00,,,100.2,20230300,20230600,20221200
2022-03-02 06:00:00,99.855,,100.105,20230300,20230600,20221200
2022-03-03 06:00:00,99.84,,100.1,20230300,20230600,20221200
2022-03-04 06:00:00,99.905,,100.135,20230300,20230600,20221200
2022-03-07 06:00:00,99.86,,100.105,20230300,20230600,20221200
2022-03-08 06:00:00,99.805,,100.055,20230300,20230600,20221200
2022-03-08 13:00:00,,,100.05,20230300,20230600,20221200
2022-03-08 15:00:00,,,100.06,20230300,20230600,20221200
2022-03-09 06:00:00,99.74,,100.01,20230300,20230600,20221200
2022-03-10 06:00:00,99.575,,99.895,20230300,20230600,20221200
2022-03-11 06:00:00,99.53,,99.87,20230300,20230600,20221200
2022-03-14 05:00:00,99.53,,99.88,20230300,20230600,20221200
2022-03-15 05:00:00,99.56,,99.89,20230300,20230600,20221200
2022-03-16 05:00:00,99.555,,99.89,20230300,20230600,20221200
2022-03-17 05:00:00,99.57,,99.91,20230300,20230600,20221200
2022-03-18 05:00:00,99.575,,99.9,20230300,20230600,20221200
2022-03-21 05:00:00,99.54,,99.88,20230300,20230600,20221200
2022-03-21 10:00:00,,,99.895,20230300,20230600,20221200
2022-03-21 12:00:00,,,99.89,20230300,20230600,20221200
2022-03-22 05:00:00,99.45,,99.83,20230300,20230600,20221200
2022-03-23 05:00:00,99.47,,99.845,20230300,20230600,20221200
2022-03-24 05:00:00,99.42,,99.815,20230300,20230600,20221200
2022-03-24 15:00:00,99.42,,,20230300,20230600,20221200
2022-03-24 16:00:00,,,99.825,20230300,20230600,20221200
2022-03-25 05:00:00,99.39,,99.785,20230300,20230600,20221200
2022-03-25 08:00:00,,,99.81,20230300,20230600,20221200
2022-03-28 05:00:00,99.325,,99.725,20230300,20230600,20221200
2022-03-29 05:00:00,99.255,,99.685,20230300,20230600,20221200
2022-03-29 07:00:00,99.27,,99.68,20230300,20230600,20221200
2022-03-29 15:00:00,,,99.68,20230300,20230600,20221200
2022-03-30 05:00:00,99.17,,99.63,20230300,20230600,20221200
2022-03-30 08:00:00,99.18,,,20230300,20230600,20221200
2022-03-31 05:00:00,99.3,,99.725,20230300,20230600,20221200
2022-03-31 13:00:00,,,99.7,20230300,20230600,20221200
2022-04-01 05:00:00,99.265,,99.7,20230300,20230600,20221200
2022-04-01 14:00:00,99.25,,,20230300,20230600,20221200
2022-04-01 15:00:00,99.28,,,20230300,20230600,20221200
2022-04-04 05:00:00,99.305,,99.735,20230300,20230600,20221200
2022-04-05 05:00:00,99.23,,99.69,20230300,20230600,20221200
2022-04-06 05:00:00,99.225,,99.68,20230300,20230600,20221200
2022-04-06 15:00:00,,,99.695,20230300,20230600,20221200
2022-04-07 05:00:00,99.19,,99.655,20230300,20230600,20221200
2022-04-07 11:00:00,,,99.7,20230300,20230600,20221200
2022-04-08 05:00:00,99.14,,99.615,20230300,20230600,20221200
2022-04-11 05:00:00,99.08,,99.57,20230300,20230600,20221200
2022-04-12 05:00:00,99.145,,99.615,20230300,20230600,20221200
2022-04-13 05:00:00,99.16,,99.625,20230300,20230600,20221200
2022-04-14 05:00:00,99.195,,99.66,20230300,20230600,20221200
2022-04-19 05:00:00,99.195,,99.6,20230300,20230600,20221200
2022-04-19 09:00:00,,,99.615,20230300,20230600,20221200
2022-04-20 05:00:00,99.185,,99.62,20230300,20230600,20221200
2022-04-21 05:00:00,99.075,,99.5,20230300,20230600,20221200
2022-04-22 05:00:00,98.96,,99.41,20230300,20230600,20221200
2022-04-25 05:00:00,99.025,,99.455,20230300,20230600,20221200
2022-04-26 05:00:00,99.075,,99.485,20230300,20230600,20221200
2022-04-27 05:00:00,99.07,,99.47,20230300,20230600,20221200
2022-04-28 05:00:00,98.95,,99.38,20230300,20230600,20221200
2022-04-29 05:00:00,98.865,,99.31,20230300,20230600,20221200
2022-05-02 05:00:00,98.85,,99.31,20230300,20230600,20221200
2022-05-02 11:00:00,,,99.31,20230300,20230600,20221200
2022-05-03 05:00:00,98.85,,99.305,20230300,20230600,20221200
2022-05-04 05:00:00,98.825,,99.305,20230300,20230600,20221200
2022-05-05 05:00:00,98.85,,99.325,20230300,20230600,20221200
2022-05-06 05:00:00,98.755,,99.25,20230300,20230600,20221200
2022-05-09 05:00:00,98.765,,99.32,20230300,20230600,20221200
2022-05-10 05:00:00,98.94,,99.37,20230300,20230600,20221200
2022-05-10 09:00:00,,,99.335,20230300,20230600,20221200
2022-05-11 05:00:00,98.965,,99.38,20230300,20230600,20221200
2022-05-12 05:00:00,99.12,,99.475,20230300,20230600,20221200
2022-05-13 05:00:00,99.105,,99.445,20230300,20230600,20221200
2022-05-16 05:00:00,99.055,,99.385,20230300,20230600,20221200
2022-05-17 05:00:00,98.9,,99.26,20230300,20230600,20221200
2022-05-18 05:00:00,98.9,,99.25,20230300,20230600,20221200
2022-05-19 05:00:00,98.9,,99.245,20230300,20230600,20221200
2022-05-20 05:00:00,98.92,,99.25,20230300,20230600,20221200
2022-05-23 05:00:00,98.885,,99.235,20230300,20230600,20221200
2022-05-24 05:00:00,98.9,,99.235,20230300,20230600,20221200
2022-05-25 05:00:00,98.91,,99.245,20230300,20230600,20221200
2022-05-26 05:00:00,98.94,98.71,99.27,20230300,20230600,20221200
2022-05-27 05:00:00,98.67,,98.92,20230600,20230900,20230300
2022-05-30 05:00:00,98.59,,98.84,20230600,20230900,20230300
2022-05-31 05:00:00,98.495,,98.77,20230600,20230900,20230300
2022-06-01 05:00:00,98.43,,98.72,20230600,20230900,20230300
2022-06-02 05:00:00,98.36,,98.66,20230600,20230900,20230300
2022-06-03 05:00:00,98.3,,98.6,20230600,20230900,20230300
2022-06-06 05:00:00,98.265,,98.57,20230600,20230900,20230300
2022-06-07 05:00:00,98.275,,98.57,20230600,20230900,20230300
2022-06-08 05:00:00,98.235,,98.5,20230600,20230900,20230300
2022-06-09 05:00:00,98.07,,98.33,20230600,20230900,20230300
2022-06-10 05:00:00,97.87,,98.12,20230600,20230900,20230300
2022-06-13 05:00:00,97.75,,97.93,20230600,20230900,20230300
2022-06-13 08:00:00,97.75,,,20230600,20230900,20230300
2022-06-14 05:00:00,97.47,,97.78,20230600,20230900,20230300
2022-06-15 05:00:00,97.69,,97.95,20230600,20230900,20230300
2022-06-16 05:00:00,97.63,,97.895,20230600,20230900,20230300
2022-06-17 05:00:00,97.73,,97.98,20230600,20230900,20230300
2022-06-20 05:00:00,97.68,,97.98,20230600,20230900,20230300
2022-06-21 05:00:00,97.68,,97.97,20230600,20230900,20230300
2022-06-22 05:00:00,97.785,,98.03,20230600,20230900,20230300
2022-06-22 10:00:00,,,98.03,20230600,20230900,20230300
2022-06-22 11:00:00,,,98.03,20230600,20230900,20230300
2022-06-23 05:00:00,98.105,,98.315,20230600,20230900,20230300
2022-06-24 05:00:00,98.105,,98.335,20230600,20230900,20230300
2022-06-24 07:00:00,98.14,,98.395,20230600,20230900,20230300
2022-06-24 12:00:00,98.05,,,20230600,20230900,20230300
2022-06-24 14:00:00,,,98.33,20230600,20230900,20230300
2022-06-24 16:00:00,,,98.34,20230600,20230900,20230300
2022-06-27 05:00:00,98.02,,98.265,20230600,20230900,20230300
2022-06-28 05:00:00,97.9,,98.18,20230600,20230900,20230300
2022-06-28 06:00:00,,,98.23,20230600,20230900,20230300
2022-06-28 10:00:00,97.835,,,20230600,20230900,20230300
2022-06-29 05:00:00,98.02,,98.285,20230600,20230900,20230300
2022-06-30 05:00:00,98.25,,98.485,20230600,20230900,20230300
2022-07-01 05:00:00,98.545,,98.755,20230600,20230900,20230300
2022-07-01 11:00:00,98.35,,,20230600,20230900,20230300
2022-07-04 05:00:00,98.345,,98.57,20230600,20230900,20230300
2022-07-05 05:00:00,98.49,,98.69,20230600,20230900,20230300
2022-07-06 05:00:00,98.595,,98.765,20230600,20230900,20230300
2022-07-07 05:00:00,98.395,,98.565,20230600,20230900,20230300
2022-07-08 05:00:00,98.41,,98.575,20230600,20230900,20230300
2022-07-11 05:00:00,98.505,,98.63,20230600,20230900,20230300
2022-07-12 05:00:00,98.62,,98.74,20230600,20230900,20230300
2022-07-13 05:00:00,98.55,,98.645,20230600,20230900,20230300
2022-07-14 05:00:00,98.44,,98.525,20230600,20230900,20230300
2022-07-15 05:00:00,98.52,,98.61,20230600,20230900,20230300
2022-07-18 05:00:00,98.45,,98.55,20230600,20230900,20230300
2022-07-19 05:00:00,98.335,,98.425,20230600,20230900,20230300
2022-07-20 05:00:00,98.36,,98.445,20230600,20230900,20230300
2022-07-21 05:00:00,98.32,,98.395,20230600,20230900,20230300
2022-07-22 05:00:00,98.595,,98.63,20230600,20230900,20230300
2022-07-22 12:00:00,98.56,,,20230600,20230900,20230300
2022-07-25 05:00:00,98.595,,98.645,20230600,20230900,20230300
2022-07-26 05:00:00,98.675,,98.71,20230600,20230900,20230300
2022-07-27 05:00:00,98.63,,98.66,20230600,20230900,20230300
2022-07-28 05:00:00,98.82,,98.825,20230600,20230900,20230300
2022-07-28 13:00:00,,,98.75,20230600,20230900,20230300
2022-07-28 15:00:00,98.81,,98.83,20230600,20230900,20230300
2022-07-29 05:00:00,98.765,,98.8,20230600,20230900,20230300
2022-08-01 05:00:00,98.773,,98.807,20230600,20230900,20230300
2022-08-02 05:00:00,98.717,,98.767,20230600,20230900,20230300
2022-08-03 05:00:00,98.628,,98.693,20230600,20230900,20230300
2022-08-04 05:00:00,98.668,,98.733,20230600,20230900,20230300
2022-08-05 05:00:00,98.505,,98.595,20230600,20230900,20230300
2022-08-08 05:00:00,98.54,,98.62,20230600,20230900,20230300
2022-08-09 05:00:00,98.485,,98.57,20230600,20230900,20230300
2022-08-10 05:00:00,98.535,,98.61,20230600,20230900,20230300
2022-08-11 05:00:00,98.485,,98.58,20230600,20230900,20230300
2022-08-12 05:00:00,98.445,,98.575,20230600,20230900,20230300
2022-08-15 05:00:00,98.55,,98.67,20230600,20230900,20230300
2022-08-16 05:00:00,98.485,,98.615,20230600,20230900,20230300
2022-08-17 05:00:00,98.29,,98.455,20230600,20230900,20230300
2022-08-17 11:00:00,,,98.45,20230600,20230900,20230300
2022-08-18 05:00:00,98.275,,98.44,20230600,20230900,20230300
2022-08-19 05:00:00,98.135,,98.325,20230600,20230900,20230300
2022-08-19 12:00:00,,,98.335,20230600,20230900,20230300
2022-08-22 05:00:00,98.01,,98.24,20230600,20230900,20230300
2022-08-23 05:00:00,97.99,,98.22,20230600,20230900,20230300
2022-08-24 05:00:00,97.91,,98.15,20230600,20230900,20230300
2022-08-25 05:00:00,98.005,,98.215,20230600,20230900,20230300
2022-08-26 05:00:00,97.82,97.785,98.005,20230600,20230900,20230300
2022-08-29 05:00:00,97.61,,97.625,20230900,20231200,20230600
2022-08-30 05:00:00,97.515,,97.54,20230900,20231200,20230600
2022-08-31 05:00:00,97.51,,97.53,20230900,20231200,20230600
2022-09-01 05:00:00,97.555,,97.575,20230900,20231200,20230600
2022-09-02 05:00:00,97.665,,97.68,20230900,20231200,20230600
2022-09-05 05:00:00,97.59,,97.615,20230900,20231200,20230600
2022-09-06 05:00:00,97.6,,97.635,20230900,20231200,20230600
2022-09-07 05:00:00,97.65,,97.68,20230900,20231200,20230600
2022-09-08 05:00:00,97.545,,97.54,20230900,20231200,20230600
2022-09-09 05:00:00,97.555,,97.53,20230900,20231200,20230600
2022-09-12 05:00:00,97.555,,97.525,20230900,20231200,20230600
2022-09-12 07:00:00,97.475,,,20230900,20231200,20230600
2022-09-13 05:00:00,97.405,,97.37,20230900,20231200,20230600
2022-09-14 05:00:00,97.33,,97.295,20230900,20231200,20230600
2022-09-15 05:00:00,97.25,,97.22,20230900,20231200,20230600
2022-09-16 05:00:00,97.21,,97.185,20230900,20231200,20230600
2022-09-19 05:00:00,97.2,,97.175,20230900,20231200,20230600
2022-09-20 05:00:00,97.035,,97.025,20230900,20231200,20230600
2022-09-21 05:00:00,96.96,,96.97,20230900,20231200,20230600
2022-09-22 05:00:00,96.87,,96.89,20230900,20231200,20230600
2022-09-22 10:00:00,96.87,,,20230900,20231200,20230600
2022-09-22 12:00:00,96.87,,,20230900,20231200,20230600
2022-09-22 13:00:00,96.875,,,20230900,20231200,20230600
2022-09-23 05:00:00,96.75,,96.815,20230900,20231200,20230600
2022-09-26 05:00:00,96.66,,96.725,20230900,20231200,20230600
2022-09-27 05:00:00,96.625,,96.71,20230900,20231200,20230600
2022-09-28 05:00:00,96.765,,96.84,20230900,20231200,20230600
2022-09-29 05:00:00,96.8,,96.865,20230900,20231200,20230600
2022-09-30 05:00:00,96.915,,96.96,20230900,20231200,20230600
2022-10-03 05:00:00,97.11,,97.12,20230900,20231200,20230600
2022-10-03 12:00:00,,,97.05,20230900,20231200,20230600
2022-10-04 05:00:00,97.18,,97.2,20230900,20231200,20230600
2022-10-05 05:00:00,97.03,,97.065,20230900,20231200,20230600
2022-10-05 08:00:00,97.1,,,20230900,20231200,20230600
2022-10-06 05:00:00,96.89,,96.935,20230900,20231200,20230600
2022-10-06 14:00:00,96.855,,,20230900,20231200,20230600
2022-10-07 05:00:00,96.765,,96.815,20230900,20231200,20230600
2022-10-10 05:00:00,96.68,,96.76,20230900,20231200,20230600
2022-10-11 05:00:00,96.77,,96.825,20230900,20231200,20230600
2022-10-12 05:00:00,96.775,,96.84,20230900,20231200,20230600
2022-10-13 05:00:00,96.76,,96.83,20230900,20231200,20230600
2022-10-14 05:00:00,96.77,,96.825,20230900,20231200,20230600
2022-10-17 05:00:00,96.745,,96.805,20230900,20231200,20230600
2022-10-18 05:00:00,96.82,,96.86,20230900,20231200,20230600
2022-10-19 05:00:00,96.725,,96.785,20230900,20231200,20230600
2022-10-20 05:00:00,96.675,,96.74,20230900,20231200,20230600
2022-10-21 05:00:00,96.77,,96.835,20230900,20231200,20230600
2022-10-24 05:00:00,96.855,,96.91,20230900,20231200,20230600
2022-10-25 05:00:00,96.96,,97.005,20230900,20231200,20230600
2022-10-26 05:00:00,96.99,,97.04,20230900,20231200,20230600
2022-10-27 05:00:00,97.205,,97.26,20230900,20231200,20230600
2022-10-28 05:00:00,97.035,,97.095,20230900,20231200,20230600
2022-10-31 05:00:00,96.945,,97.0,20230900,20231200,20230600
2022-10-31 11:00:00,96.945,,,20230900,20231200,20230600
2022-11-01 05:00:00,96.95,,97.005,20230900,20231200,20230600
2022-11-02 05:00:00,96.935,,96.985,20230900,20231200,20230600
2022-11-03 05:00:00,96.79,,96.86,20230900,20231200,20230600
2022-11-04 05:00:00,96.76,,96.84,20230900,20231200,20230600
2022-11-07 06:00:00,96.735,,96.805,20230900,20231200,20230600
2022-11-08 06:00:00,96.77,,96.82,20230900,20231200,20230600
2022-11-09 06:00:00,96.87,,96.905,20230900,20231200,20230600
2022-11-09 16:00:00,96.86,,,20230900,20231200,20230600
2022-11-10 06:00:00,97.015,,97.025,20230900,20231200,20230600
2022-11-11 06:00:00,96.905,,96.91,20230900,20231200,20230600
2022-11-14 06:00:00,96.925,,96.925,20230900,20231200,20230600
2022-11-15 06:00:00,96.975,,96.98,20230900,20231200,20230600
2022-11-15 14:00:00,96.97,,,20230900,20231200,20230600
2022-11-15 15:00:00,96.97,,,20230900,20231200,20230600
2022-11-15 16:00:00,96.965,,,20230900,20231200,20230600
2022-11-16 06:00:00,96.975,,96.98,20230900,20231200,20230600
2022-11-17 06:00:00,96.91,,96.925,20230900,20231200,20230600
2022-11-18 06:00:00,96.96,,96.97,20230900,20231200,20230600
2022-11-21 06:00:00,96.965,,96.975,20230900,20231200,20230600
2022-11-22 06:00:00,96.96,,96.965,20230900,20231200,20230600
2022-11-23 06:00:00,96.945,,96.95,20230900,20231200,20230600
2022-11-24 06:00:00,96.995,,96.99,20230900,20231200,20230600
2022-11-25 06:00:00,96.915,,96.925,20230900,20231200,20230600
2022-11-25 15:00:00,96.915,,,20230900,20231200,20230600
2022-11-28 06:00:00,96.935,97.005,96.945,20230900,20231200,20230600
2022-11-28 14:00:00,,,96.95,20231200,20240300,20230900
2022-11-29 06:00:00,97.095,,97.025,20231200,20240300,20230900
2022-11-30 06:00:00,97.05,,96.99,20231200,20240300,20230900
2022-12-01 06:00:00,97.16,,97.08,20231200,20240300,20230900
2022-12-01 16:00:00,,,97.065,20231200,20240300,20230900
2022-12-02 06:00:00,97.09,,97.005,20231200,20240300,20230900
2022-12-05 06:00:00,97.05,,96.975,20231200,20240300,20230900
2022-12-06 06:00:00,97.1,,97.015,20231200,20240300,20230900
2022-12-07 06:00:00,97.145,,97.055,20231200,20240300,20230900
2022-12-08 06:00:00,97.135,,97.05,20231200,20240300,20230900
2022-12-09 06:00:00,97.085,,97.01,20231200,20240300,20230900
2022-12-12 06:00:00,97.05,,96.985,20231200,20240300,20230900
2022-12-13 06:00:00,97.08,,97.01,20231200,20240300,20230900
2022-12-14 06:00:00,97.12,,97.045,20231200,20240300,20230900
2022-12-15 06:00:00,96.855,,96.775,20231200,20240300,20230900
2022-12-16 06:00:00,96.675,,96.58,20231200,20240300,20230900
2022-12-19 06:00:00,96.66,,96.575,20231200,20240300,20230900
2022-12-20 06:00:00,96.58,,96.505,20231200,20240300,20230900
2022-12-21 06:00:00,96.535,,96.46,20231200,20240300,20230900
2022-12-22 06:00:00,96.5,,96.43,20231200,20240300,20230900
2022-12-23 06:00:00,96.45,,96.375,20231200,20240300,20230900
2022-12-27 06:00:00,96.38,,96.305,20231200,20240300,20230900
2022-12-28 06:00:00,96.42,,96.345,20231200,20240300,20230900
2022-12-29 06:00:00,96.455,,96.375,20231200,20240300,20230900
2022-12-30 06:00:00,96.395,,96.33,20231200,20240300,20230900
2023-01-02 06:00:00,96.475,,96.395,20231200,20240300,20230900
2023-01-03 06:00:00,96.535,,96.45,20231200,20240300,20230900
2023-01-03 09:00:00,96.5,,,20231200,20240300,20230900
2023-01-04 06:00:00,96.63,,96.535,20231200,20240300,20230900
2023-01-05 06:00:00,96.55,,96.465,20231200,20240300,20230900
2023-01-06 06:00:00,96.63,,96.53,20231200,20240300,20230900
2023-01-09 06:00:00,96.605,,96.495,20231200,20240300,20230900
2023-01-10 06:00:00,96.565,,96.455,20231200,20240300,20230900
2023-01-11 06:00:00,96.59,,96.47,20231200,20240300,20230900
2023-01-12 06:00:00,96.67,,96.55,20231200,20240300,20230900
2023-01-13 06:00:00,96.675,,96.545,20231200,20240300,20230900
2023-01-16 06:00:00,96.675,,96.545,20231200,20240300,20230900
2023-01-17 06:00:00,96.815,,96.695,20231200,20240300,20230900
2023-01-18 06:00:00,96.83,,96.695,20231200,20240300,20230900
2023-01-19 06:00:00,96.74,,96.61,20231200,20240300,20230900
2023-01-20 06:00:00,96.665,,96.55,20231200,20240300,20230900
2023-01-20 07:00:00,96.75,,,20231200,20240300,20230900
2023-01-23 06:00:00,96.645,,96.535,20231200,20240300,20230900
2023-01-23 10:00:00,,,96.535,20231200,20240300,20230900
2023-01-24 06:00:00,96.655,,96.545,20231200,20240300,20230900
2023-01-25 06:00:00,96.68,,96.565,20231200,20240300,20230900
2023-01-26 06:00:00,96.655,,96.55,20231200,20240300,20230900
2023-01-27 06:00:00,96.645,,96.545,20231200,20240300,20230900
2023-01-30 06:00:00,96.56,,96.47,20231200,20240300,20230900
2023-01-31 06:00:00,96.59,,96.495,20231200,20240300,20230900
2023-02-01 06:00:00,96.55,,96.45,20231200,20240300,20230900
2023-02-01 16:00:00,,,96.44,20231200,20240300,20230900
2023-02-02 06:00:00,96.74,,96.625,20231200,20240300,20230900
2023-02-03 06:00:00,96.685,,96.575,20231200,20240300,20230900
2023-02-06 06:00:00,96.615,,96.52,20231200,20240300,20230900
2023-02-07 06:00:00,96.58,,96.485,20231200,20240300,20230900
2023-02-08 06:00:00,96.545,,96.445,20231200,20240300,20230900
2023-02-09 06:00:00,96.56,,96.455,20231200,20240300,20230900
2023-02-10 06:00:00,96.475,,96.38,20231200,20240300,20230900
2023-02-13 06:00:00,96.445,,96.365,20231200,20240300,20230900
2023-02-14 06:00:00,96.38,,96.32,20231200,20240300,20230900
2023-02-15 06:00:00,96.365,,96.31,20231200,20240300,20230900
2023-02-16 06:00:00,96.36,,96.315,20231200,20240300,20230900
2023-02-16 12:00:00,,,96.34,20231200,20240300,20230900
2023-02-16 15:00:00,,,96.335,20231200,20240300,20230900
2023-02-16 16:00:00,,,96.31,20231200,20240300,20230900
2023-02-17 06:00:00,96.365,,96.315,20231200,20240300,20230900
2023-02-20 06:00:00,96.35,,96.305,20231200,20240300,20230900
2023-02-21 06:00:00,96.275,,96.25,20231200,20240300,20230900
2023-02-22 06:00:00,96.305,,96.285,20231200,20240300,20230900
2023-02-23 06:00:00,96.31,,96.28,20231200,20240300,20230900
2023-02-23 16:00:00,,,96.285,20231200,20240300,20230900
2023-02-24 06:00:00,96.185,,96.185,20231200,20240300,20230900
2023-02-27 06:00:00,96.13,96.205,96.16,20231200,20240300,20230900
2023-02-28 06:00:00,96.13,,96.08,20240300,20240600,20231200
2023-03-01 06:00:00,96.06,,96.015,20240300,20240600,20231200
2023-03-02 06:00:00,96.085,,96.025,20240300,20240600,20231200
2023-03-02 07:00:00,,,95.99,20240300,20240600,20231200
2023-03-03 06:00:00,96.095,,96.015,20240300,20240600,20231200
2023-03-06 06:00:00,96.045,,95.955,20240300,20240600,20231200
2023-03-07 06:00:00,96.015,,95.905,20240300,20240600,20231200
2023-03-08 06:00:00,96.01,,95.885,20240300,20240600,20231200
2023-03-09 06:00:00,96.03,,95.92,20240300,20240600,20231200
2023-03-10 06:00:00,96.25,,96.13,20240300,20240600,20231200
2023-03-13 05:00:00,96.59,,96.575,20240300,20240600,20231200
2023-03-13 14:00:00,96.68,,,20240300,20240600,20231200
2023-03-14 05:00:00,96.37,,96.33,20240300,20240600,20231200
2023-03-14 07:00:00,,,96.75,20240300,20240600,20231200
2023-03-14 10:00:00,96.495,,,20240300,20240600,20231200
2023-03-15 05:00:00,96.835,,96.82,20240300,20240600,20231200
2023-03-16 05:00:00,96.8,,96.735,20240300,20240600,20231200
2023-03-16 09:00:00,96.74,,,20240300,20240600,20231200
2023-03-16 12:00:00,,,96.74,20240300,20240600,20231200
2023-03-16 16:00:00,,,96.73,20240300,20240600,20231200
2023-03-17 05:00:00,96.895,,96.805,20240300,20240600,20231200
2023-03-20 05:00:00,96.97,,96.885,20240300,20240600,20231200
2023-03-21 05:00:00,96.83,,96.71,20240300,20240600,20231200
2023-03-22 05:00:00,96.665,,96.51,20240300,20240600,20231200
2023-03-22 12:00:00,96.64,,,20240300,20240600,20231200
2023-03-23 05:00:00,96.785,,96.625,20240300,20240600,20231200
2023-03-24 05:00:00,96.94,,96.765,20240300,20240600,20231200
2023-03-24 09:00:00,,,96.8,20240300,20240600,20231200
2023-03-24 11:00:00,97.0,,,20240300,20240600,20231200
2023-03-27 05:00:00,96.875,,96.685,20240300,20240600,20231200
2023-03-28 05:00:00,96.79,,96.61,20240300,20240600,20231200
2023-03-29 05:00:00,96.76,,96.595,20240300,20240600,20231200
2023-03-30 05:00:00,96.615,,96.46,20240300,20240600,20231200
2023-03-30 07:00:00,,,96.85,20240300,20240600,20231200
2023-03-30 10:00:00,96.73,,,20240300,20240600,20231200
2023-03-30 11:00:00,96.72,,,20240300,20240600,20231200
2023-03-30 12:00:00,,,96.74,20240300,20240600,20231200
2023-03-31 05:00:00,96.62,,96.46,20240300,20240600,20231200
2023-04-03 05:00:00,96.68,,96.505,20240300,20240600,20231200
2023-04-04 05:00:00,96.71,,96.54,20240300,20240600,20231200
2023-04-05 05:00:00,96.865,,96.675,20240300,20240600,20231200
2023-04-06 05:00:00,96.81,,96.615,20240300,20240600,20231200
2023-04-06 12:00:00,,,96.66,20240300,20240600,20231200
2023-04-11 05:00:00,96.65,,96.45,20240300,20240600,20231200
2023-04-12 05:00:00,96.56,,96.355,20240300,20240600,20231200
2023-04-13 05:00:00,96.585,,96.38,20240300,20240600,20231200
2023-04-14 05:00:00,96.51,,96.315,20240300,20240600,20231200
2023-04-17 05:00:00,96.48,,96.295,20240300,20240600,20231200
2023-04-17 06:00:00,,,96.33,20240300,20240600,20231200
2023-04-18 05:00:00,96.47,,96.3,20240300,20240600,20231200
2023-04-19 05:00:00,96.375,,96.21,20240300,20240600,20231200
2023-04-19 14:00:00,,,96.21,20240300,20240600,20231200
2023-04-20 05:00:00,96.425,,96.255,20240300,20240600,20231200
2023-04-21 05:00:00,96.39,,96.215,20240300,20240600,20231200
2023-04-24 05:00:00,96.365,,96.185,20240300,20240600,20231200
2023-04-25 05:00:00,96.46,,96.26,20240300,20240600,20231200
2023-04-26 05:00:00,96.545,,96.35,20240300,20240600,20231200
2023-04-26 12:00:00,96.52,,,20240300,20240600,20231200
2023-04-26 16:00:00,,,96.33,20240300,20240600,20231200
2023-04-27 05:00:00,96.475,,96.285,20240300,20240600,20231200
2023-04-28 05:00:00,96.57,,96.37,20240300,20240600,20231200
2023-04-28 13:00:00,96.555,,,20240300,20240600,20231200
2023-04-28 15:00:00,96.575,,,20240300,20240600,20231200
2023-05-02 05:00:00,96.595,,96.38,20240300,20240600,20231200
2023-05-03 05:00:00,96.585,,96.36,20240300,20240600,20231200
2023-05-03 09:00:00,,,96.38,20240300,20240600,20231200
2023-05-04 05:00:00,96.72,,96.49,20240300,20240600,20231200
2023-05-04 16:00:00,,,96.5,20240300,20240600,20231200
2023-05-05 05:00:00,96.665,,96.44,20240300,20240600,20231200
2023-05-08 05:00:00,96.625,,96.405,20240300,20240600,20231200
2023-05-09 05:00:00,96.62,,96.4,20240300,20240600,20231200
2023-05-10 05:00:00,96.665,,96.425,20240300,20240600,20231200
2023-05-10 13:00:00,96.64,,96.41,20240300,20240600,20231200
2023-05-11 05:00:00,96.69,,96.425,20240300,20240600,20231200
2023-05-12 05:00:00,96.65,,96.39,20240300,20240600,20231200
2023-05-15 05:00:00,96.63,,96.38,20240300,20240600,20231200
2023-05-16 05:00:00,96.585,,96.35,20240300,20240600,20231200
2023-05-17 05:00:00,96.525,,96.31,20240300,20240600,20231200
2023-05-18 05:00:00,96.45,,96.255,20240300,20240600,20231200
2023-05-19 05:00:00,96.44,,96.255,20240300,20240600,20231200
2023-05-22 05:00:00,96.44,,96.25,20240300,20240600,20231200
2023-05-23 05:00:00,96.405,,96.23,20240300,20240600,20231200
2023-05-24 05:00:00,96.38,,96.205,20240300,20240600,20231200
2023-05-25 05:00:00,96.325,,96.17,20240300,20240600,20231200
2023-05-26 05:00:00,96.285,,96.135,20240300,20240600,20231200
2023-05-29 05:00:00,96.325,96.535,96.175,20240300,20240600,20231200
2023-05-30 05:00:00,96.65,,96.415,20240600,20240900,20240300
2023-05-31 05:00:00,96.74,,96.5,20240600,20240900,20240300
2023-06-01 05:00:00,96.77,,96.52,20240600,20240900,20240300
2023-06-02 05:00:00,96.685,,96.45,20240600,20240900,20240300
2023-06-05 05:00:00,96.615,,96.395,20240600,20240900,20240300
2023-06-06 05:00:00,96.645,,96.41,20240600,20240900,20240300
2023-06-07 05:00:00,96.58,,96.365,20240600,20240900,20240300
2023-06-08 05:00:00,96.6,,96.38,20240600,20240900,20240300
2023-06-09 05:00:00,96.61,,96.395,20240600,20240900,20240300
2023-06-12 05:00:00,96.61,,96.405,20240600,20240900,20240300
2023-06-13 05:00:00,96.545,,96.355,20240600,20240900,20240300
2023-06-14 05:00:00,96.5,,96.32,20240600,20240900,20240300
2023-06-15 05:00:00,96.38,,96.215,20240600,20240900,20240300
2023-06-16 05:00:00,96.38,,96.2,20240600,20240900,20240300
2023-06-19 05:00:00,96.32,,96.14,20240600,20240900,20240300
2023-06-20 05:00:00,96.36,,96.165,20240600,20240900,20240300
2023-06-21 05:00:00,96.335,,96.125,20240600,20240900,20240300
2023-06-22 05:00:00,96.225,,96.04,20240600,20240900,20240300
2023-06-23 05:00:00,96.315,,96.125,20240600,20240900,20240300
2023-06-26 05:00:00,96.335,,96.135,20240600,20240900,20240300
2023-06-27 05:00:00,96.235,,96.065,20240600,20240900,20240300
2023-06-28 05:00:00,96.265,,96.105,20240600,20240900,20240300
2023-06-29 05:00:00,96.205,,96.06,20240600,20240900,20240300
2023-06-30 05:00:00,96.185,,96.045,20240600,20240900,20240300
2023-07-03 05:00:00,96.115,,95.985,20240600,20240900,20240300
2023-07-04 05:00:00,96.165,,96.025,20240600,20240900,20240300
2023-07-05 05:00:00,96.2,,96.06,20240600,20240900,20240300
2023-07-06 05:00:00,96.065,,95.95,20240600,20240900,20240300
2023-07-07 05:00:00,96.135,,96.01,20240600,20240900,20240300
2023-07-10 05:00:00,96.11,,95.98,20240600,20240900,20240300
2023-07-11 05:00:00,96.085,,95.965,20240600,20240900,20240300
2023-07-12 05:00:00,96.165,,96.03,20240600,20240900,20240300
2023-07-13 05:00:00,96.225,,96.065,20240600,20240900,20240300
2023-07-14 05:00:00,96.205,,96.05,20240600,20240900,20240300
2023-07-17 05:00:00,96.21,,96.055,20240600,20240900,20240300
2023-07-18 05:00:00,96.34,,96.155,20240600,20240900,20240300
2023-07-19 05:00:00,96.315,,96.14,20240600,20240900,20240300
2023-07-20 05:00:00,96.245,,96.09,20240600,20240900,20240300
2023-07-21 05:00:00,96.275,,96.11,20240600,20240900,20240300
2023-07-24 05:00:00,96.355,,96.165,20240600,20240900,20240300
2023-07-25 05:00:00,96.33,,96.16,20240600,20240900,20240300
2023-07-26 05:00:00,96.275,,96.12,20240600,20240900,20240300
2023-07-27 05:00:00,96.33,,96.17,20240600,20240900,20240300
2023-07-28 05:00:00,96.37,,96.21,20240600,20240900,20240300
2023-07-31 05:00:00,96.375,,96.195,20240600,20240900,20240300
2023-08-01 05:00:00,96.37,,96.2,20240600,20240900,20240300
2023-08-02 05:00:00,96.41,,96.235,20240600,20240900,20240300
2023-08-03 05:00:00,96.41,,96.235,20240600,20240900,20240300
2023-08-04 05:00:00,96.385,,96.215,20240600,20240900,20240300
2023-08-07 05:00:00,96.37,,96.195,20240600,20240900,20240300
2023-08-08 05:00:00,96.42,,96.23,20240600,20240900,20240300
2023-08-09 05:00:00,96.4,,96.215,20240600,20240900,20240300
2023-08-10 05:00:00,96.385,,96.205,20240600,20240900,20240300
2023-08-11 05:00:00,96.315,,96.16,20240600,20240900,20240300
2023-08-14 05:00:00,96.28,,96.135,20240600,20240900,20240300
2023-08-15 05:00:00,96.245,,96.11,20240600,20240900,20240300
2023-08-16 05:00:00,96.28,,96.13,20240600,20240900,20240300
2023-08-17 05:00:00,96.26,,96.11,20240600,20240900,20240300
2023-08-18 05:00:00,96.31,,96.145,20240600,20240900,20240300
2023-08-21 05:00:00,96.255,,96.105,20240600,20240900,20240300
2023-08-22 05:00:00,96.27,,96.12,20240600,20240900,20240300
2023-08-23 05:00:00,96.39,,96.215,20240600,20240900,20240300
2023-08-24 05:00:00,96.385,,96.215,20240600,20240900,20240300
2023-08-25 05:00:00,96.315,,96.165,20240600,20240900,20240300
2023-08-28 05:00:00,96.29,96.5,96.135,20240600,20240900,20240300
2023-08-29 05:00:00,96.53,,96.315,20240900,20241200,20240600
2023-08-30 05:00:00,96.53,,96.315,20240900,20241200,20240600
2023-08-31 05:00:00,96.65,,96.425,20240900,20241200,20240600
2023-09-01 05:00:00,96.63,,96.41,20240900,20241200,20240600
2023-09-04 05:00:00,96.59,,96.375,20240900,20241200,20240600
2023-09-05 05:00:00,96.58,,96.375,20240900,20241200,20240600
2023-09-06 05:00:00,96.52,,96.325,20240900,20241200,20240600
2023-09-07 05:00:00,96.535,,96.335,20240900,20241200,20240600
2023-09-08 05:00:00,96.555,,96.35,20240900,20241200,20240600
2023-09-11 05:00:00,96.53,,96.325,20240900,20241200,20240600
2023-09-12 05:00:00,96.495,,96.295,20240900,20241200,20240600
2023-09-13 05:00:00,96.43,,96.235,20240900,20241200,20240600
2023-09-14 05:00:00,96.485,,96.26,20240900,20241200,20240600
2023-09-15 05:00:00,96.425,,96.21,20240900,20241200,20240600
2023-09-18 05:00:00,96.36,,96.155,20240900,20241200,20240600
2023-09-19 05:00:00,96.345,,96.155,20240900,20241200,20240600
2023-09-20 05:00:00,96.385,,96.185,20240900,20241200,20240600
2023-09-21 05:00:00,96.365,,96.17,20240900,20241200,20240600
2023-09-22 05:00:00,96.38,,96.175,20240900,20241200,20240600
2023-09-25 05:00:00,96.395,,96.185,20240900,20241200,20240600
2023-09-26 05:00:00,96.39,,96.185,20240900,20241200,20240600
2023-09-27 05:00:00,96.395,,96.19,20240900,20241200,20240600
2023-09-28 05:00:00,96.305,,96.125,20240900,20241200,20240600
2023-09-29 05:00:00,96.395,,96.19,20240900,20241200,20240600
2023-10-02 05:00:00,96.375,,96.18,20240900,20241200,20240600
2023-10-03 05:00:00,96.38,,96.19,20240900,20241200,20240600
2023-10-04 05:00:00,96.4,,96.2,20240900,20241200,20240600
2023-10-05 05:00:00,96.45,,96.235,20240900,20241200,20240600
2023-10-06 05:00:00,96.46,,96.245,20240900,20241200,20240600
2023-10-09 05:00:00,96.545,,96.315,20240900,20241200,20240600
2023-10-10 05:00:00,96.535,,96.3,20240900,20241200,20240600
2023-10-11 05:00:00,96.5,,96.27,20240900,20241200,20240600
2023-10-12 05:00:00,96.425,,96.22,20240900,20241200,20240600
2023-10-13 05:00:00,96.46,,96.25,20240900,20241200,20240600
2023-10-16 05:00:00,96.445,,96.235,20240900,20241200,20240600
2023-10-16 10:00:00,,,96.24,20240900,20241200,20240600
2023-10-17 05:00:00,96.38,,96.19,20240900,20241200,20240600
2023-10-17 07:00:00,,,96.23,20240900,20241200,20240600
2023-10-17 12:00:00,,,96.21,20240900,20241200,20240600
2023-10-18 05:00:00,96.36,,96.175,20240900,20241200,20240600
2023-10-19 05:00:00,96.35,,96.175,20240900,20241200,20240600
2023-10-20 05:00:00,96.455,,96.245,20240900,20241200,20240600
2023-10-23 05:00:00,96.435,,96.225,20240900,20241200,20240600
2023-10-24 05:00:00,96.485,,96.265,20240900,20241200,20240600
2023-10-25 05:00:00,96.465,,96.255,20240900,20241200,20240600
2023-10-26 05:00:00,96.54,,96.31,20240900,20241200,20240600
2023-10-27 05:00:00,96.59,,96.35,20240900,20241200,20240600
2023-10-30 05:00:00,96.625,,96.38,20240900,20241200,20240600
2023-10-30 10:00:00,96.62,,,20240900,20241200,20240600
2023-10-30 12:00:00,96.595,,,20240900,20241200,20240600
2023-10-30 14:00:00,,,96.375,20240900,20241200,20240600
2023-10-30 15:00:00,,,96.375,20240900,20241200,20240600
2023-10-31 05:00:00,96.64,,96.39,20240900,20241200,20240600
2023-11-01 05:00:00,96.7,,96.425,20240900,20241200,20240600
2023-11-01 09:00:00,96.63,,,20240900,20241200,20240600
2023-11-01 14:00:00,,,96.42,20240900,20241200,20240600
2023-11-02 05:00:00,96.695,,96.42,20240900,20241200,20240600
2023-11-02 16:00:00,96.7,,,20240900,20241200,20240600
2023-11-03 05:00:00,96.725,,96.435,20240900,20241200,20240600
2023-11-03 08:00:00,,,96.405,20240900,20241200,20240600
2023-11-03 09:00:00,96.665,,96.405,20240900,20241200,20240600
2023-11-03 11:00:00,96.67,,96.4,20240900,20241200,20240600
2023-11-03 12:00:00,96.67,,96.425,20240900,20241200,20240600
2023-11-03 13:00:00,96.725,,96.435,20240900,20241200,20240600
2023-11-03 15:00:00,96.715,,96.43,20240900,20241200,20240600
2023-11-03 16:00:00,,,96.43,20240900,20241200,20240600
2023-11-06 06:00:00,96.685,,96.405,20240900,20241200,20240600
2023-11-06 08:00:00,,,96.41,20240900,20241200,20240600
2023-11-06 09:00:00,96.69,,96.41,20240900,20241200,20240600
2023-11-06 10:00:00,96.68,,96.4,20240900,20241200,20240600
2023-11-06 12:00:00,96.685,,96.41,20240900,20241200,20240600
2023-11-06 13:00:00,96.685,,96.405,20240900,20241200,20240600
2023-11-06 14:00:00,96.67,,96.4,20240900,20241200,20240600
2023-11-06 15:00:00,96.67,,96.395,20240900,20241200,20240600
2023-11-07 06:00:00,96.695,,96.42,20240900,20241200,20240600
2023-11-07 15:00:00,96.7,,,20240900,20241200,20240600
2023-11-08 06:00:00,96.68,,96.405,20240900,20241200,20240600
2023-11-08 08:00:00,96.71,,96.42,20240900,20241200,20240600
2023-11-08 09:00:00,,,96.415,20240900,20241200,20240600
2023-11-08 12:00:00,,,96.4,20240900,20241200,20240600
2023-11-08 15:00:00,96.68,,96.4,20240900,20241200,20240600
2023-11-09 06:00:00,96.67,,96.395,20240900,20241200,20240600
2023-11-10 06:00:00,96.635,,96.37,20240900,20241200,20240600
2023-11-10 08:00:00,,,96.375,20240900,20241200,20240600
2023-11-10 09:00:00,,,96.37,20240900,20241200,20240600
2023-11-10 10:00:00,96.625,,,20240900,20241200,20240600
2023-11-10 12:00:00,96.63,,96.37,20240900,20241200,20240600
2023-11-13 06:00:00,96.605,,96.345,20240900,20241200,20240600
2023-11-13 10:00:00,,,96.34,20240900,20241200,20240600
2023-11-13 11:00:00,96.61,,96.345,20240900,20241200,20240600
2023-11-13 13:00:00,,,96.35,20240900,20241200,20240600
2023-11-13 14:00:00,,,96.34,20240900,20241200,20240600
2023-11-14 06:00:00,96.695,,96.415,20240900,20241200,20240600
2023-11-14 10:00:00,,,96.345,20240900,20241200,20240600
2023-11-14 13:00:00,96.6,,,20240900,20241200,20240600
2023-11-14 14:00:00,96.695,,96.41,20240900,20241200,20240600
2023-11-14 15:00:00,,,96.405,20240900,20241200,20240600
2023-11-15 06:00:00,96.68,,96.4,20240900,20241200,20240600
2023-11-15 09:00:00,,,96.42,20240900,20241200,20240600
2023-11-15 13:00:00,,,96.4,20240900,20241200,20240600
2023-11-16 06:00:00,96.745,,96.445,20240900,20241200,20240600
2023-11-16 09:00:00,,,96.395,20240900,20241200,20240600
2023-11-16 10:00:00,96.675,,,20240900,20241200,20240600
2023-11-16 13:00:00,96.69,,,20240900,20241200,20240600
2023-11-16 15:00:00,96.73,,96.435,20240900,20241200,20240600
2023-11-16 16:00:00,96.735,,,20240900,20241200,20240600
2023-11-17 06:00:00,96.715,,96.41,20240900,20241200,20240600
2023-11-17 09:00:00,96.77,,96.46,20240900,20241200,20240600
2023-11-17 11:00:00,96.765,,96.445,20240900,20241200,20240600
2023-11-17 13:00:00,96.75,,,20240900,20241200,20240600
2023-11-17 16:00:00,,,96.41,20240900,20241200,20240600
2023-11-20 06:00:00,96.67,,96.38,20240900,20241200,20240600
2023-11-20 08:00:00,96.685,,96.395,20240900,20241200,20240600
2023-11-20 11:00:00,,,96.39,20240900,20241200,20240600
2023-11-20 12:00:00,,,96.38,20240900,20241200,20240600
2023-11-20 15:00:00,96.675,,,20240900,20241200,20240600
2023-11-21 06:00:00,96.695,,96.4,20240900,20241200,20240600
2023-11-21 07:00:00,96.665,,,20240900,20241200,20240600
2023-11-21 09:00:00,96.66,,,20240900,20241200,20240600
2023-11-21 10:00:00,96.655,,96.37,20240900,20241200,20240600
2023-11-21 11:00:00,96.655,,,20240900,20241200,20240600
2023-11-21 12:00:00,,,96.365,20240900,20241200,20240600
2023-11-21 13:00:00,96.665,,96.375,20240900,20241200,20240600
2023-11-21 16:00:00,96.685,,,20240900,20241200,20240600
2023-11-21 17:00:00,96.69,,,20240900,20241200,20240600
2023-11-22 06:00:00,96.65,,96.365,20240900,20241200,20240600
2023-11-22 08:00:00,96.665,,,20240900,20241200,20240600
2023-11-22 09:00:00,,,96.37,20240900,20241200,20240600
2023-11-22 10:00:00,96.66,,,20240900,20241200,20240600
2023-11-22 13:00:00,96.67,,96.38,20240900,20241200,20240600
2023-11-22 15:00:00,,,96.37,20240900,20241200,20240600
2023-11-23 06:00:00,96.59,,96.33,20240900,20241200,20240600
2023-11-23 08:00:00,96.63,,,20240900,20241200,20240600
2023-11-23 09:00:00,96.63,,,20240900,20241200,20240600
2023-11-23 13:00:00,,,96.335,20240900,20241200,20240600
2023-11-23 14:00:00,96.61,,96.335,20240900,20241200,20240600
2023-11-24 06:00:00,96.585,,96.33,20240900,20241200,20240600
2023-11-24 15:00:00,96.585,,,20240900,20241200,20240600
2023-11-27 06:00:00,96.67,96.93,96.385,20240900,20241200,20240600
2023-11-27 08:00:00,,,96.595,20241200,20250300,20240900
2023-11-27 09:00:00,96.83,,,20241200,20250300,20240900
2023-11-27 10:00:00,96.84,,,20241200,20250300,20240900
2023-11-27 11:00:00,96.865,,,20241200,20250300,20240900
2023-11-27 12:00:00,96.885,,96.63,20241200,20250300,20240900
2023-11-27 13:00:00,,,96.63,20241200,20250300,20240900
2023-11-27 15:00:00,96.91,,,20241200,20250300,20240900
2023-11-28 06:00:00,97.0,,96.74,20241200,20250300,20240900
2023-11-28 08:00:00,,,96.69,20241200,20250300,20240900
2023-11-28 12:00:00,,,96.685,20241200,20250300,20240900
2023-11-28 13:00:00,,,96.685,20241200,20250300,20240900
2023-11-28 14:00:00,96.95,,,20241200,20250300,20240900
2023-11-28 16:00:00,,,96.74,20241200,20250300,20240900
2023-11-29 06:00:00,97.12,,96.85,20241200,20250300,20240900
2023-11-29 09:00:00,97.07,,,20241200,20250300,20240900
2023-11-29 10:00:00,97.065,,,20241200,20250300,20240900
2023-11-29 13:00:00,97.09,,96.8,20241200,20250300,20240900
2023-11-29 14:00:00,97.105,,,20241200,20250300,20240900
2023-11-30 06:00:00,97.115,,96.85,20241200,20250300,20240900
2023-11-30 08:00:00,97.15,,,20241200,20250300,20240900
2023-11-30 10:00:00,,,96.895,20241200,20250300,20240900
2023-11-30 11:00:00,97.15,,96.88,20241200,20250300,20240900
2023-11-30 13:00:00,97.14,,96.875,20241200,20250300,20240900
2023-11-30 14:00:00,97.11,,96.845,20241200,20250300,20240900
2023-11-30 15:00:00,,,96.85,20241200,20250300,20240900
2023-11-30 16:00:00,97.12,,96.855,20241200,20250300,20240900
2023-12-01 06:00:00,97.33,,97.08,20241200,20250300,20240900
2023-12-01 08:00:00,,,96.9,20241200,20250300,20240900
2023-12-01 09:00:00,97.21,,,20241200,20250300,20240900
2023-12-01 10:00:00,97.195,,96.925,20241200,20250300,20240900
2023-12-01 11:00:00,97.19,,96.915,20241200,20250300,20240900
2023-12-01 12:00:00,97.195,,96.93,20241200,20250300,20240900
2023-12-01 13:00:00,97.21,,96.95,20241200,20250300,20240900
2023-12-01 14:00:00,97.215,,96.965,20241200,20250300,20240900
2023-12-04 06:00:00,97.35,,97.09,20241200,20250300,20240900
2023-12-04 08:00:00,,,97.075,20241200,20250300,20240900
2023-12-04 09:00:00,97.33,,97.075,20241200,20250300,20240900
2023-12-04 10:00:00,,,97.065,20241200,20250300,20240900
2023-12-04 12:00:00,,,97.06,20241200,20250300,20240900
2023-12-04 13:00:00,97.345,,97.08,20241200,20250300,20240900
2023-12-04 15:00:00,,,97.11,20241200,20250300,20240900
2023-12-04 16:00:00,,,97.095,20241200,20250300,20240900
2023-12-05 06:00:00,97.46,,97.195,20241200,20250300,20240900
2023-12-05 08:00:00,,,97.175,20241200,20250300,20240900
2023-12-05 09:00:00,97.445,,97.155,20241200,20250300,20240900
2023-12-05 10:00:00,97.415,,,20241200,20250300,20240900
2023-12-05 11:00:00,97.435,,,20241200,20250300,20240900
2023-12-05 12:00:00,97.425,,97.16,20241200,20250300,20240900
2023-12-05 13:00:00,97.425,,97.16,20241200,20250300,20240900
2023-12-05 14:00:00,97.43,,97.17,20241200,20250300,20240900
2023-12-05 15:00:00,,,97.19,20241200,20250300,20240900
2023-12-05 16:00:00,97.455,,,20241200,20250300,20240900
2023-12-06 06:00:00,97.445,,97.18,20241200,20250300,20240900
2023-12-06 08:00:00,97.48,,97.205,20241200,20250300,20240900
2023-12-06 09:00:00,97.455,,97.165,20241200,20250300,20240900
2023-12-06 10:00:00,,,97.15,20241200,20250300,20240900
2023-12-06 11:00:00,97.435,,97.185,20241200,20250300,20240900
2023-12-06 12:00:00,97.45,,97.185,20241200,20250300,20240900
2023-12-06 14:00:00,97.455,,97.195,20241200,20250300,20240900
2023-12-06 16:00:00,97.44,,,20241200,20250300,20240900
2023-12-07 06:00:00,97.44,,97.175,20241200,20250300,20240900
2023-12-07 08:00:00,97.44,,,20241200,20250300,20240900
2023-12-07 09:00:00,97.43,,97.165,20241200,20250300,20240900
2023-12-07 11:00:00,,,97.18,20241200,20250300,20240900
2023-12-07 12:00:00,97.44,,97.17,20241200,20250300,20240900
2023-12-07 13:00:00,,,97.155,20241200,20250300,20240900
2023-12-07 14:00:00,,,97.175,20241200,20250300,20240900
2023-12-07 15:00:00,,,97.17,20241200,20250300,20240900
2023-12-08 06:00:00,97.335,,97.065,20241200,20250300,20240900
2023-12-08 08:00:00,,,97.14,20241200,20250300,20240900
2023-12-08 09:00:00,,,97.13,20241200,20250300,20240900
2023-12-08 11:00:00,,,97.14,20241200,20250300,20240900
2023-12-08 12:00:00,97.395,,97.14,20241200,20250300,20240900
2023-12-08 13:00:00,97.345,,97.085,20241200,20250300,20240900
2023-12-08 14:00:00,97.37,,97.08,20241200,20250300,20240900
2023-12-08 15:00:00,,,97.065,20241200,20250300,20240900
2023-12-11 06:00:00,97.35,,97.075,20241200,20250300,20240900
2023-12-11 09:00:00,,,97.08,20241200,20250300,20240900
2023-12-11 11:00:00,97.37,,97.09,20241200,20250300,20240900
2023-12-11 12:00:00,,,97.08,20241200,20250300,20240900
2023-12-11 13:00:00,97.35,,,20241200,20250300,20240900
2023-12-11 15:00:00,97.345,,97.075,20241200,20250300,20240900
2023-12-11 16:00:00,97.345,,97.07,20241200,20250300,20240900
2023-12-12 06:00:00,97.345,,97.065,20241200,20250300,20240900
2023-12-12 08:00:00,97.38,,97.1,20241200,20250300,20240900
2023-12-12 10:00:00,,,97.09,20241200,20250300,20240900
2023-12-12 12:00:00,97.37,,97.09,20241200,20250300,20240900
2023-12-12 13:00:00,97.375,,97.095,20241200,20250300,20240900
2023-12-12 14:00:00,,,97.065,20241200,20250300,20240900
2023-12-12 15:00:00,97.34,,97.06,20241200,20250300,20240900
2023-12-13 06:00:00,97.4,,97.12,20241200,20250300,20240900
2023-12-13 07:00:00,97.335,,,20241200,20250300,20240900
2023-12-13 08:00:00,,,97.065,20241200,20250300,20240900
2023-12-13 09:00:00,97.345,,97.07,20241200,20250300,20240900
2023-12-13 10:00:00,97.35,,97.07,20241200,20250300,20240900
2023-12-13 12:00:00,97.35,,97.075,20241200,20250300,20240900
2023-12-13 13:00:00,,,97.07,20241200,20250300,20240900
2023-12-13 14:00:00,97.38,,97.105,20241200,20250300,20240900
2023-12-13 15:00:00,97.39,,97.115,20241200,20250300,20240900
2023-12-13 16:00:00,97.4,,,20241200,20250300,20240900
2023-12-14 06:00:00,97.52,,97.235,20241200,20250300,20240900
2023-12-14 08:00:00,,,97.335,20241200,20250300,20240900
2023-12-14 09:00:00,97.6,,97.31,20241200,20250300,20240900
2023-12-14 10:00:00,97.59,,97.32,20241200,20250300,20240900
2023-12-14 12:00:00,97.57,,97.3,20241200,20250300,20240900
2023-12-14 15:00:00,,,97.205,20241200,20250300,20240900
2023-12-15 06:00:00,97.595,,97.295,20241200,20250300,20240900
2023-12-15 09:00:00,,,97.29,20241200,20250300,20240900
2023-12-15 10:00:00,,,97.29,20241200,20250300,20240900
2023-12-15 11:00:00,,,97.265,20241200,20250300,20240900
2023-12-15 12:00:00,,,97.28,20241200,20250300,20240900
2023-12-15 13:00:00,97.56,,97.25,20241200,20250300,20240900
2023-12-15 14:00:00,,,97.255,20241200,20250300,20240900
2023-12-15 16:00:00,,,97.32,20241200,20250300,20240900
2023-12-18 06:00:00,97.55,,97.245,20241200,20250300,20240900
2023-12-18 08:00:00,97.595,,,20241200,20250300,20240900
2023-12-18 09:00:00,97.605,,97.3,20241200,20250300,20240900
2023-12-18 10:00:00,97.595,,97.295,20241200,20250300,20240900
2023-12-18 11:00:00,97.59,,97.285,20241200,20250300,20240900
2023-12-18 12:00:00,97.605,,97.29,20241200,20250300,20240900
2023-12-18 13:00:00,97.575,,97.265,20241200,20250300,20240900
2023-12-18 14:00:00,97.54,,97.235,20241200,20250300,20240900
2023-12-18 15:00:00,97.55,,97.245,20241200,20250300,20240900
2023-12-18 16:00:00,,,97.24,20241200,20250300,20240900
2023-12-19 06:00:00,97.595,,97.275,20241200,20250300,20240900
2023-12-19 08:00:00,97.59,,97.27,20241200,20250300,20240900
2023-12-19 09:00:00,97.585,,97.265,20241200,20250300,20240900
2023-12-19 10:00:00,97.59,,97.27,20241200,20250300,20240900
2023-12-19 11:00:00,97.58,,97.265,20241200,20250300,20240900
2023-12-19 13:00:00,97.58,,,20241200,20250300,20240900
2023-12-19 14:00:00,97.595,,97.275,20241200,20250300,20240900
2023-12-19 15:00:00,97.59,,97.27,20241200,20250300,20240900
2023-12-19 16:00:00,97.605,,97.28,20241200,20250300,20240900
2023-12-20 06:00:00,97.645,,97.325,20241200,20250300,20240900
2023-12-20 09:00:00,97.65,,,20241200,20250300,20240900
2023-12-20 10:00:00,97.655,,97.33,20241200,20250300,20240900
2023-12-20 11:00:00,,,97.345,20241200,20250300,20240900
2023-12-20 12:00:00,97.68,,97.345,20241200,20250300,20240900
2023-12-20 13:00:00,97.675,,97.34,20241200,20250300,20240900
2023-12-20 14:00:00,97.665,,,20241200,20250300,20240900
2023-12-20 15:00:00,97.655,,97.335,20241200,20250300,20240900
2023-12-20 16:00:00,97.655,,97.34,20241200,20250300,20240900
2023-12-20 17:00:00,97.65,,,20241200,20250300,20240900
2023-12-21 06:00:00,97.665,,97.33,20241200,20250300,20240900
2023-12-21 08:00:00,97.66,,97.345,20241200,20250300,20240900
2023-12-21 09:00:00,97.67,,97.335,20241200,20250300,20240900
2023-12-21 10:00:00,97.655,,97.32,20241200,20250300,20240900
2023-12-21 11:00:00,,,97.32,20241200,20250300,20240900
2023-12-21 12:00:00,97.64,,97.315,20241200,20250300,20240900
2023-12-21 13:00:00,97.64,,97.335,20241200,20250300,20240900
2023-12-21 14:00:00,97.65,,97.325,20241200,20250300,20240900
2023-12-22 06:00:00,97.705,,97.365,20241200,20250300,20240900
2023-12-22 08:00:00,97.67,,97.345,20241200,20250300,20240900
2023-12-22 10:00:00,,,97.345,20241200,20250300,20240900
2023-12-22 11:00:00,97.68,,,20241200,20250300,20240900
2023-12-22 12:00:00,,,97.35,20241200,20250300,20240900
2023-12-22 13:00:00,97.69,,97.35,20241200,20250300,20240900
2023-12-22 14:00:00,97.7,,97.36,20241200,20250300,20240900
2023-12-22 15:00:00,97.705,,,20241200,20250300,20240900
2023-12-27 06:00:00,97.73,,97.39,20241200,20250300,20240900
2023-12-27 08:00:00,,,97.38,20241200,20250300,20240900
2023-12-27 09:00:00,,,97.375,20241200,20250300,20240900
2023-12-27 10:00:00,,,97.38,20241200,20250300,20240900
2023-12-27 12:00:00,97.74,,97.4,20241200,20250300,20240900
2023-12-27 13:00:00,97.74,,97.395,20241200,20250300,20240900
2023-12-27 15:00:00,,,97.385,20241200,20250300,20240900
2023-12-28 06:00:00,97.75,,97.41,20241200,20250300,20240900
2023-12-28 08:00:00,97.72,,97.38,20241200,20250300,20240900
2023-12-28 10:00:00,97.735,,97.38,20241200,20250300,20240900
2023-12-28 11:00:00,97.735,,,20241200,20250300,20240900
2023-12-28 13:00:00,97.73,,97.39,20241200,20250300,20240900
2023-12-28 14:00:00,97.71,,,20241200,20250300,20240900
2023-12-28 15:00:00,,,97.395,20241200,20250300,20240900
2023-12-29 06:00:00,97.7,,97.365,20241200,20250300,20240900
2023-12-29 08:00:00,97.755,,,20241200,20250300,20240900
2023-12-29 09:00:00,97.72,,,20241200,20250300,20240900
2023-12-29 10:00:00,97.72,,,20241200,20250300,20240900
2023-12-29 11:00:00,,,97.385,20241200,20250300,20240900
2023-12-29 12:00:00,97.7,,97.365,20241200,20250300,20240900
2023-12-29 13:00:00,97.685,,,20241200,20250300,20240900
2023-12-29 14:00:00,,,97.355,20241200,20250300,20240900
2023-12-29 15:00:00,,,97.355,20241200,20250300,20240900
2023-12-29 16:00:00,,,97.37,20241200,20250300,20240900
2024-01-02 06:00:00,97.66,,97.32,20241200,20250300,20240900
2024-01-02 07:00:00,97.65,,,20241200,20250300,20240900
2024-01-02 08:00:00,,,97.325,20241200,20250300,20240900
2024-01-02 09:00:00,97.65,,97.325,20241200,20250300,20240900
2024-01-02 10:00:00,97.67,,97.325,20241200,20250300,20240900
2024-01-02 11:00:00,,,97.335,20241200,20250300,20240900
2024-01-02 12:00:00,97.66,,,20241200,20250300,20240900
2024-01-02 13:00:00,97.655,,97.32,20241200,20250300,20240900
2024-01-02 14:00:00,97.665,,97.325,20241200,20250300,20240900
2024-01-02 16:00:00,,,97.32,20241200,20250300,20240900
2024-01-03 06:00:00,97.705,,97.35,20241200,20250300,20240900
2024-01-03 07:00:00,97.64,,,20241200,20250300,20240900
2024-01-03 08:00:00,,,97.295,20241200,20250300,20240900
2024-01-03 10:00:00,,,97.325,20241200,20250300,20240900
2024-01-03 12:00:00,97.66,,97.32,20241200,20250300,20240900
2024-01-03 13:00:00,97.67,,97.315,20241200,20250300,20240900
2024-01-03 15:00:00,97.665,,97.32,20241200,20250300,20240900
2024-01-03 16:00:00,,,97.36,20241200,20250300,20240900
2024-01-04 06:00:00,97.58,,97.24,20241200,20250300,20240900
2024-01-04 08:00:00,97.69,,97.345,20241200,20250300,20240900
2024-01-04 09:00:00,97.645,,97.295,20241200,20250300,20240900
2024-01-04 10:00:00,97.64,,,20241200,20250300,20240900
2024-01-04 13:00:00,97.62,,97.255,20241200,20250300,20240900
2024-01-05 06:00:00,97.525,,97.19,20241200,20250300,20240900
2024-01-05 07:00:00,97.56,,,20241200,20250300,20240900
2024-01-05 09:00:00,,,97.18,20241200,20250300,20240900
2024-01-05 10:00:00,,,97.155,20241200,20250300,20240900
2024-01-05 11:00:00,97.48,,,20241200,20250300,20240900
2024-01-05 13:00:00,97.455,,,20241200,20250300,20240900
2024-01-05 14:00:00,97.465,,97.145,20241200,20250300,20240900
2024-01-05 15:00:00,97.54,,97.2,20241200,20250300,20240900
2024-01-08 06:00:00,97.52,,97.18,20241200,20250300,20240900
2024-01-08 07:00:00,97.505,,97.18,20241200,20250300,20240900
2024-01-08 08:00:00,97.505,,,20241200,20250300,20240900
2024-01-08 10:00:00,97.5,,,20241200,20250300,20240900
2024-01-08 11:00:00,,,97.165,20241200,20250300,20240900
2024-01-08 12:00:00,,,97.14,20241200,20250300,20240900
2024-01-08 13:00:00,97.46,,,20241200,20250300,20240900
2024-01-08 14:00:00,97.475,,,20241200,20250300,20240900
2024-01-08 15:00:00,97.515,,97.18,20241200,20250300,20240900
2024-01-08 16:00:00,97.545,,97.205,20241200,20250300,20240900
2024-01-09 06:00:00,97.47,,97.145,20241200,20250300,20240900
2024-01-09 07:00:00,97.51,,97.16,20241200,20250300,20240900
2024-01-09 08:00:00,,,97.165,20241200,20250300,20240900
2024-01-09 09:00:00,97.495,,97.17,20241200,20250300,20240900
2024-01-09 10:00:00,97.48,,97.165,20241200,20250300,20240900
2024-01-09 11:00:00,97.48,,97.155,20241200,20250300,20240900
2024-01-09 12:00:00,97.485,,97.155,20241200,20250300,20240900
2024-01-09 13:00:00,97.475,,97.145,20241200,20250300,20240900
2024-01-09 14:00:00,97.47,,97.145,20241200,20250300,20240900
2024-01-09 15:00:00,97.47,,97.145,20241200,20250300,20240900
2024-01-09 16:00:00,97.47,,,20241200,20250300,20240900
2024-01-10 06:00:00,97.44,,97.12,20241200,20250300,20240900
2024-01-10 10:00:00,,,97.145,20241200,20250300,20240900
2024-01-10 11:00:00,97.445,,,20241200,20250300,20240900
2024-01-10 12:00:00,,,97.125,20241200,20250300,20240900
2024-01-10 13:00:00,97.46,,97.13,20241200,20250300,20240900
2024-01-10 14:00:00,97.475,,97.13,20241200,20250300,20240900
2024-01-10 15:00:00,,,97.105,20241200,20250300,20240900
2024-01-10 16:00:00,97.43,,,20241200,20250300,20240900
2024-01-11 06:00:00,97.47,,97.15,20241200,20250300,20240900
2024-01-11 08:00:00,,,97.11,20241200,20250300,20240900
2024-01-11 10:00:00,97.43,,97.105,20241200,20250300,20240900
2024-01-11 11:00:00,97.43,,97.11,20241200,20250300,20240900
2024-01-11 12:00:00,97.44,,97.12,20241200,20250300,20240900
2024-01-11 13:00:00,97.44,,,20241200,20250300,20240900
2024-01-11 14:00:00,97.445,,97.17,20241200,20250300,20240900
2024-01-11 15:00:00,,,97.16,20241200,20250300,20240900
2024-01-11 16:00:00,97.465,,,20241200,20250300,20240900
2024-01-12 06:00:00,97.595,,97.27,20241200,20250300,20240900
2024-01-12 07:00:00,97.525,,,20241200,20250300,20240900
2024-01-12 11:00:00,97.53,,97.2,20241200,20250300,20240900
2024-01-12 12:00:00,97.535,,,20241200,20250300,20240900
2024-01-12 13:00:00,97.575,,,20241200,20250300,20240900
2024-01-12 14:00:00,97.61,,97.28,20241200,20250300,20240900
2024-01-12 16:00:00,97.595,,,20241200,20250300,20240900
2024-01-15 06:00:00,97.545,,97.215,20241200,20250300,20240900
2024-01-15 07:00:00,97.545,,,20241200,20250300,20240900
2024-01-15 08:00:00,,,97.255,20241200,20250300,20240900
2024-01-15 10:00:00,97.57,,97.245,20241200,20250300,20240900
2024-01-15 11:00:00,97.565,,97.235,20241200,20250300,20240900
2024-01-15 12:00:00,97.55,,97.225,20241200,20250300,20240900
2024-01-15 13:00:00,,,97.21,20241200,20250300,20240900
2024-01-15 14:00:00,,,97.205,20241200,20250300,20240900
2024-01-16 06:00:00,97.525,,97.185,20241200,20250300,20240900
2024-01-16 09:00:00,97.54,,97.205,20241200,20250300,20240900
2024-01-16 13:00:00,97.555,,,20241200,20250300,20240900
2024-01-16 14:00:00,,,97.22,20241200,20250300,20240900
2024-01-17 06:00:00,97.425,,97.085,20241200,20250300,20240900
2024-01-17 07:00:00,97.47,,,20241200,20250300,20240900
2024-01-17 08:00:00,97.465,,97.135,20241200,20250300,20240900
2024-01-17 09:00:00,97.47,,97.14,20241200,20250300,20240900
2024-01-17 12:00:00,97.475,,97.14,20241200,20250300,20240900
2024-01-17 13:00:00,97.45,,97.12,20241200,20250300,20240900
2024-01-17 14:00:00,,,97.085,20241200,20250300,20240900
2024-01-17 15:00:00,97.435,,97.08,20241200,20250300,20240900
2024-01-17 16:00:00,97.425,,97.08,20241200,20250300,20240900
2024-01-18 06:00:00,97.42,,97.08,20241200,20250300,20240900
2024-01-18 08:00:00,,,97.09,20241200,20250300,20240900
2024-01-18 11:00:00,97.44,,,20241200,20250300,20240900
2024-01-18 12:00:00,97.45,,97.1,20241200,20250300,20240900
2024-01-18 13:00:00,,,97.085,20241200,20250300,20240900
2024-01-18 14:00:00,97.44,,,20241200,20250300,20240900
2024-01-18 15:00:00,97.43,,97.09,20241200,20250300,20240900
2024-01-18 16:00:00,97.42,,97.085,20241200,20250300,20240900
2024-01-19 06:00:00,97.37,,97.035,20241200,20250300,20240900
2024-01-19 07:00:00,97.42,,97.085,20241200,20250300,20240900
2024-01-19 14:00:00,97.39,,,20241200,20250300,20240900
2024-01-19 15:00:00,97.365,,,20241200,20250300,20240900
2024-01-19 16:00:00,97.355,,,20241200,20250300,20240900
2024-01-22 06:00:00,97.395,,97.055,20241200,20250300,20240900
2024-01-22 08:00:00,97.37,,97.035,20241200,20250300,20240900
2024-01-22 09:00:00,97.38,,97.035,20241200,20250300,20240900
2024-01-22 10:00:00,,,97.05,20241200,20250300,20240900
2024-01-22 11:00:00,97.39,,,20241200,20250300,20240900
2024-01-22 12:00:00,97.39,,,20241200,20250300,20240900
2024-01-22 13:00:00,97.405,,,20241200,20250300,20240900
2024-01-22 14:00:00,97.405,,97.06,20241200,20250300,20240900
2024-01-22 15:00:00,97.4,,,20241200,20250300,20240900
2024-01-23 06:00:00,97.37,,97.025,20241200,20250300,20240900
2024-01-23 10:00:00,,,97.04,20241200,20250300,20240900
2024-01-23 12:00:00,97.395,,,20241200,20250300,20240900
2024-01-23 13:00:00,97.395,,,20241200,20250300,20240900
2024-01-23 14:00:00,97.375,,97.035,20241200,20250300,20240900
2024-01-23 15:00:00,97.365,,,20241200,20250300,20240900
2024-01-24 06:00:00,97.375,,97.035,20241200,20250300,20240900
2024-01-24 07:00:00,,,97.04,20241200,20250300,20240900
2024-01-24 08:00:00,97.415,,97.05,20241200,20250300,20240900
2024-01-24 09:00:00,97.39,,97.055,20241200,20250300,20240900
2024-01-24 13:00:00,,,97.045,20241200,20250300,20240900
2024-01-24 14:00:00,97.385,,97.06,20241200,20250300,20240900
2024-01-24 16:00:00,97.365,,,20241200,20250300,20240900
2024-01-25 06:00:00,97.48,,97.135,20241200,20250300,20240900
2024-01-25 07:00:00,97.36,,,20241200,20250300,20240900
2024-01-25 08:00:00,,,97.025,20241200,20250300,20240900
2024-01-25 09:00:00,97.35,,,20241200,20250300,20240900
2024-01-25 10:00:00,97.345,,,20241200,20250300,20240900
2024-01-25 11:00:00,97.35,,97.015,20241200,20250300,20240900
2024-01-25 12:00:00,97.345,,,20241200,20250300,20240900
2024-01-25 13:00:00,,,97.0,20241200,20250300,20240900
2024-01-25 14:00:00,97.455,,97.13,20241200,20250300,20240900
2024-01-25 15:00:00,97.46,,97.125,20241200,20250300,20240900
2024-01-25 16:00:00,,,97.13,20241200,20250300,20240900
2024-01-26 06:00:00,97.47,,97.135,20241200,20250300,20240900
2024-01-26 07:00:00,97.515,,97.17,20241200,20250300,20240900
2024-01-26 08:00:00,,,97.165,20241200,20250300,20240900
2024-01-26 09:00:00,97.515,,97.16,20241200,20250300,20240900
2024-01-26 10:00:00,97.51,,97.15,20241200,20250300,20240900
2024-01-26 11:00:00,97.48,,97.14,20241200,20250300,20240900
2024-01-26 12:00:00,97.49,,97.14,20241200,20250300,20240900
2024-01-26 13:00:00,97.48,,,20241200,20250300,20240900
2024-01-26 14:00:00,97.47,,97.13,20241200,20250300,20240900
2024-01-26 15:00:00,97.46,,97.13,20241200,20250300,20240900
2024-01-26 16:00:00,,,97.13,20241200,20250300,20240900
2024-01-29 06:00:00,97.53,,97.19,20241200,20250300,20240900
2024-01-29 08:00:00,97.505,,97.17,20241200,20250300,20240900
2024-01-29 09:00:00,,,97.195,20241200,20250300,20240900
2024-01-29 10:00:00,97.545,,97.205,20241200,20250300,20240900
2024-01-29 11:00:00,,,97.19,20241200,20250300,20240900
2024-01-29 12:00:00,,,97.18,20241200,20250300,20240900
2024-01-29 13:00:00,,,97.18,20241200,20250300,20240900
2024-01-29 14:00:00,97.525,,,20241200,20250300,20240900
2024-01-29 15:00:00,97.53,,,20241200,20250300,20240900
2024-01-29 16:00:00,97.52,,,20241200,20250300,20240900
2024-01-30 06:00:00,97.46,,97.115,20241200,20250300,20240900
2024-01-30 07:00:00,97.51,,97.165,20241200,20250300,20240900
2024-01-30 08:00:00,,,97.14,20241200,20250300,20240900
2024-01-30 10:00:00,97.485,,97.14,20241200,20250300,20240900
2024-01-30 12:00:00,97.475,,97.13,20241200,20250300,20240900
2024-01-30 13:00:00,97.48,,97.13,20241200,20250300,20240900
2024-01-30 14:00:00,97.49,,97.14,20241200,20250300,20240900
2024-01-30 15:00:00,97.45,,97.105,20241200,20250300,20240900
2024-01-30 16:00:00,97.455,,97.11,20241200,20250300,20240900
2024-01-31 06:00:00,97.565,,97.225,20241200,20250300,20240900
2024-01-31 07:00:00,97.49,,,20241200,20250300,20240900
2024-01-31 08:00:00,97.53,,97.18,20241200,20250300,20240900
2024-01-31 09:00:00,97.49,,97.14,20241200,20250300,20240900
2024-01-31 10:00:00,97.49,,97.135,20241200,20250300,20240900
2024-01-31 11:00:00,97.48,,97.125,20241200,20250300,20240900
2024-01-31 12:00:00,,,97.14,20241200,20250300,20240900
2024-01-31 13:00:00,97.495,,97.145,20241200,20250300,20240900
2024-01-31 14:00:00,97.525,,97.175,20241200,20250300,20240900
2024-01-31 15:00:00,97.565,,97.225,20241200,20250300,20240900
2024-02-01 06:00:00,97.555,,97.2,20241200,20250300,20240900
2024-02-01 07:00:00,97.515,,97.155,20241200,20250300,20240900
2024-02-01 08:00:00,97.515,,97.195,20241200,20250300,20240900
2024-02-01 09:00:00,,,97.155,20241200,20250300,20240900
2024-02-01 10:00:00,97.49,,97.15,20241200,20250300,20240900
2024-02-01 11:00:00,97.49,,97.155,20241200,20250300,20240900
2024-02-01 13:00:00,,,97.165,20241200,20250300,20240900
2024-02-01 14:00:00,,,97.17,20241200,20250300,20240900
2024-02-01 15:00:00,97.535,,97.165,20241200,20250300,20240900
2024-02-01 16:00:00,97.52,,,20241200,20250300,20240900
2024-02-02 06:00:00,97.37,,97.015,20241200,20250300,20240900
2024-02-02 07:00:00,97.465,,97.105,20241200,20250300,20240900
2024-02-02 08:00:00,97.48,,97.105,20241200,20250300,20240900
2024-02-02 10:00:00,97.46,,97.1,20241200,20250300,20240900
2024-02-02 12:00:00,97.45,,97.09,20241200,20250300,20240900
2024-02-02 13:00:00,97.375,,,20241200,20250300,20240900
2024-02-02 14:00:00,97.37,,,20241200,20250300,20240900
2024-02-05 06:00:00,97.295,,96.955,20241200,20250300,20240900
2024-02-05 08:00:00,97.3,,96.96,20241200,20250300,20240900
2024-02-05 09:00:00,,,96.97,20241200,20250300,20240900
2024-02-05 11:00:00,97.325,,96.985,20241200,20250300,20240900
2024-02-05 12:00:00,97.315,,96.975,20241200,20250300,20240900
2024-02-05 13:00:00,97.32,,,20241200,20250300,20240900
2024-02-05 15:00:00,97.29,,96.96,20241200,20250300,20240900
2024-02-05 16:00:00,97.295,,96.96,20241200,20250300,20240900
2024-02-05 17:00:00,,,96.975,20241200,20250300,20240900
2024-02-06 06:00:00,97.33,,96.99,20241200,20250300,20240900
2024-02-06 07:00:00,97.33,,96.98,20241200,20250300,20240900
2024-02-06 08:00:00,,,96.995,20241200,20250300,20240900
2024-02-06 09:00:00,97.315,,96.985,20241200,20250300,20240900
2024-02-06 10:00:00,97.3,,96.965,20241200,20250300,20240900
2024-02-06 11:00:00,97.295,,,20241200,20250300,20240900
2024-02-06 12:00:00,97.305,,,20241200,20250300,20240900
2024-02-06 13:00:00,97.31,,96.975,20241200,20250300,20240900
2024-02-06 14:00:00,97.31,,96.975,20241200,20250300,20240900
2024-02-06 15:00:00,97.32,,,20241200,20250300,20240900
2024-02-06 16:00:00,97.33,,96.99,20241200,20250300,20240900
2024-02-07 06:00:00,97.32,,96.98,20241200,20250300,20240900
2024-02-07 07:00:00,,,97.0,20241200,20250300,20240900
2024-02-07 08:00:00,97.335,,96.99,20241200,20250300,20240900
2024-02-07 10:00:00,97.315,,96.99,20241200,20250300,20240900
2024-02-07 11:00:00,97.325,,96.975,20241200,20250300,20240900
2024-02-07 12:00:00,97.31,,96.97,20241200,20250300,20240900
2024-02-07 13:00:00,97.315,,96.975,20241200,20250300,20240900
2024-02-07 14:00:00,97.34,,96.985,20241200,20250300,20240900
2024-02-07 15:00:00,97.315,,96.97,20241200,20250300,20240900
2024-02-07 16:00:00,97.295,,,20241200,20250300,20240900
2024-02-07 18:00:00,97.295,,,20241200,20250300,20240900
2024-02-07 20:00:00,97.295,,,20241200,20250300,20240900
2024-02-08 06:00:00,97.265,,96.925,20241200,20250300,20240900
2024-02-08 07:00:00,97.285,,96.95,20241200,20250300,20240900
2024-02-08 08:00:00,97.29,,96.945,20241200,20250300,20240900
2024-02-08 09:00:00,97.29,,96.95,20241200,20250300,20240900
2024-02-08 10:00:00,97.28,,96.94,20241200,20250300,20240900
2024-02-08 11:00:00,97.27,,96.925,20241200,20250300,20240900
2024-02-08 12:00:00,97.275,,96.925,20241200,20250300,20240900
2024-02-08 14:00:00,97.275,,,20241200,20250300,20240900
2024-02-08 15:00:00,97.265,,96.92,20241200,20250300,20240900
2024-02-08 16:00:00,97.25,,96.91,20241200,20250300,20240900
2024-02-09 06:00:00,97.21,,96.875,20241200,20250300,20240900
2024-02-09 07:00:00,97.225,,96.89,20241200,20250300,20240900
2024-02-09 08:00:00,97.21,,96.88,20241200,20250300,20240900
2024-02-09 09:00:00,,,96.895,20241200,20250300,20240900
2024-02-09 10:00:00,,,96.895,20241200,20250300,20240900
2024-02-09 11:00:00,97.24,,,20241200,20250300,20240900
2024-02-09 12:00:00,97.23,,96.89,20241200,20250300,20240900
2024-02-09 13:00:00,97.23,,96.9,20241200,20250300,20240900
2024-02-09 15:00:00,97.215,,96.875,20241200,20250300,20240900
2024-02-09 16:00:00,97.205,,,20241200,20250300,20240900
2024-02-12 06:00:00,97.235,,96.9,20241200,20250300,20240900
2024-02-12 07:00:00,97.215,,96.88,20241200,20250300,20240900
2024-02-12 08:00:00,97.22,,96.885,20241200,20250300,20240900
2024-02-12 09:00:00,97.225,,96.91,20241200,20250300,20240900
2024-02-12 10:00:00,97.24,,96.905,20241200,20250300,20240900
2024-02-12 11:00:00,97.25,,96.915,20241200,20250300,20240900
2024-02-12 12:00:00,97.25,,96.915,20241200,20250300,20240900
2024-02-12 13:00:00,97.25,,96.915,20241200,20250300,20240900
2024-02-12 14:00:00,97.225,,,20241200,20250300,20240900
2024-02-12 15:00:00,97.225,,96.895,20241200,20250300,20240900
2024-02-12 16:00:00,97.245,,96.905,20241200,20250300,20240900
2024-02-12 18:00:00,97.245,,,20241200,20250300,20240900
2024-02-13 06:00:00,97.145,,96.82,20241200,20250300,20240900
2024-02-13 07:00:00,97.23,,96.9,20241200,20250300,20240900
2024-02-13 08:00:00,97.23,,96.92,20241200,20250300,20240900
2024-02-13 09:00:00,97.265,,96.925,20241200,20250300,20240900
2024-02-13 10:00:00,97.25,,96.92,20241200,20250300,20240900
2024-02-13 11:00:00,97.255,,96.93,20241200,20250300,20240900
2024-02-13 12:00:00,97.255,,96.925,20241200,20250300,20240900
2024-02-13 13:00:00,97.17,,,20241200,20250300,20240900
2024-02-13 15:00:00,97.15,,96.83,20241200,20250300,20240900
2024-02-13 19:00:00,,,96.805,20241200,20250300,20240900
2024-02-14 06:00:00,97.18,,96.855,20241200,20250300,20240900
2024-02-14 07:00:00,97.17,,96.845,20241200,20250300,20240900
2024-02-14 08:00:00,97.195,,,20241200,20250300,20240900
2024-02-14 09:00:00,97.18,,96.855,20241200,20250300,20240900
2024-02-14 10:00:00,97.18,,96.85,20241200,20250300,20240900
2024-02-14 11:00:00,97.18,,96.85,20241200,20250300,20240900
2024-02-14 12:00:00,97.175,,96.84,20241200,20250300,20240900
2024-02-14 13:00:00,97.155,,96.835,20241200,20250300,20240900
2024-02-14 14:00:00,97.165,,96.835,20241200,20250300,20240900
2024-02-14 15:00:00,97.17,,,20241200,20250300,20240900
2024-02-14 16:00:00,,,96.85,20241200,20250300,20240900
2024-02-15 06:00:00,97.195,,96.865,20241200,20250300,20240900
2024-02-15 07:00:00,97.2,,96.865,20241200,20250300,20240900
2024-02-15 08:00:00,97.21,,96.88,20241200,20250300,20240900
2024-02-15 09:00:00,97.2,,96.87,20241200,20250300,20240900
2024-02-15 10:00:00,97.2,,96.865,20241200,20250300,20240900
2024-02-15 11:00:00,97.2,,96.87,20241200,20250300,20240900
2024-02-15 12:00:00,,,96.865,20241200,20250300,20240900
2024-02-15 13:00:00,97.22,,96.86,20241200,20250300,20240900
2024-02-15 14:00:00,97.2,,96.86,20241200,20250300,20240900
2024-02-15 15:00:00,97.195,,96.865,20241200,20250300,20240900
2024-02-15 16:00:00,97.19,,96.855,20241200,20250300,20240900
2024-02-16 06:00:00,97.09,,96.775,20241200,20250300,20240900
2024-02-16 07:00:00,97.145,,96.82,20241200,20250300,20240900
2024-02-16 08:00:00,97.14,,,20241200,20250300,20240900
2024-02-16 09:00:00,97.15,,96.83,20241200,20250300,20240900
2024-02-16 10:00:00,97.145,,,20241200,20250300,20240900
2024-02-16 11:00:00,97.15,,96.82,20241200,20250300,20240900
2024-02-16 12:00:00,97.13,,,20241200,20250300,20240900
2024-02-16 13:00:00,97.1,,96.8,20241200,20250300,20240900
2024-02-16 14:00:00,97.09,,96.765,20241200,20250300,20240900
2024-02-16 15:00:00,97.1,,,20241200,20250300,20240900
2024-02-19 06:00:00,97.1,,96.775,20241200,20250300,20240900
2024-02-19 07:00:00,97.095,,96.78,20241200,20250300,20240900
2024-02-19 08:00:00,97.095,,96.78,20241200,20250300,20240900
2024-02-19 09:00:00,97.115,,96.795,20241200,20250300,20240900
2024-02-19 10:00:00,97.11,,96.79,20241200,20250300,20240900
2024-02-19 11:00:00,97.105,,,20241200,20250300,20240900
2024-02-19 12:00:00,97.1,,96.78,20241200,20250300,20240900
2024-02-19 13:00:00,97.09,,96.775,20241200,20250300,20240900
2024-02-19 14:00:00,97.095,,96.775,20241200,20250300,20240900
2024-02-19 15:00:00,97.09,,96.77,20241200,20250300,20240900
2024-02-19 16:00:00,97.095,,96.775,20241200,20250300,20240900
2024-02-20 06:00:00,97.15,,96.82,20241200,20250300,20240900
2024-02-20 07:00:00,97.105,,96.78,20241200,20250300,20240900
2024-02-20 08:00:00,97.115,,96.79,20241200,20250300,20240900
2024-02-20 10:00:00,97.12,,,20241200,20250300,20240900
2024-02-20 11:00:00,97.12,,96.79,20241200,20250300,20240900
2024-02-20 13:00:00,97.12,,96.805,20241200,20250300,20240900
2024-02-20 14:00:00,,,96.805,20241200,20250300,20240900
2024-02-20 15:00:00,97.15,,96.83,20241200,20250300,20240900
2024-02-20 16:00:00,97.145,,96.82,20241200,20250300,20240900
2024-02-21 06:00:00,97.09,,96.77,20241200,20250300,20240900
2024-02-21 07:00:00,97.135,,96.805,20241200,20250300,20240900
2024-02-21 08:00:00,97.12,,96.8,20241200,20250300,20240900
2024-02-21 09:00:00,97.13,,,20241200,20250300,20240900
2024-02-21 10:00:00,97.135,,96.8,20241200,20250300,20240900
2024-02-21 11:00:00,97.135,,96.81,20241200,20250300,20240900
2024-02-21 12:00:00,97.135,,96.805,20241200,20250300,20240900
2024-02-21 13:00:00,97.12,,96.795,20241200,20250300,20240900
2024-02-21 14:00:00,,,96.79,20241200,20250300,20240900
2024-02-21 16:00:00,97.075,,96.76,20241200,20250300,20240900
2024-02-21 17:00:00,97.065,,96.75,20241200,20250300,20240900
2024-02-22 06:00:00,97.015,,96.71,20241200,20250300,20240900
2024-02-22 07:00:00,97.065,,96.745,20241200,20250300,20240900
2024-02-22 08:00:00,97.02,,96.705,20241200,20250300,20240900
2024-02-22 09:00:00,,,96.72,20241200,20250300,20240900
2024-02-22 10:00:00,,,96.73,20241200,20250300,20240900
2024-02-22 11:00:00,97.04,,96.725,20241200,20250300,20240900
2024-02-22 12:00:00,97.04,,96.71,20241200,20250300,20240900
2024-02-22 13:00:00,97.015,,96.705,20241200,20250300,20240900
2024-02-22 14:00:00,,,96.725,20241200,20250300,20240900
2024-02-22 15:00:00,97.015,,96.71,20241200,20250300,20240900
2024-02-22 16:00:00,97.01,,96.7,20241200,20250300,20240900
2024-02-23 06:00:00,97.05,,96.74,20241200,20250300,20240900
2024-02-23 07:00:00,96.955,,96.66,20241200,20250300,20240900
2024-02-23 08:00:00,96.97,,96.665,20241200,20250300,20240900
2024-02-23 09:00:00,96.96,,96.66,20241200,20250300,20240900
2024-02-23 10:00:00,96.965,,96.665,20241200,20250300,20240900
2024-02-23 11:00:00,97.0,,96.69,20241200,20250300,20240900
2024-02-23 12:00:00,97.045,,96.7,20241200,20250300,20240900
2024-02-23 13:00:00,97.02,,96.715,20241200,20250300,20240900
2024-02-23 14:00:00,97.055,,,20241200,20250300,20240900
2024-02-23 15:00:00,97.05,,96.735,20241200,20250300,20240900
2024-02-23 16:00:00,,,96.735,20241200,20250300,20240900
2024-02-26 06:00:00,96.985,97.23,96.68,20241200,20250300,20240900
2024-02-26 07:00:00,97.295,,97.05,20250300,20250600,20241200
2024-02-26 08:00:00,97.31,,97.055,20250300,20250600,20241200
2024-02-26 09:00:00,,,97.03,20250300,20250600,20241200
2024-02-26 10:00:00,,,97.03,20250300,20250600,20241200
2024-02-26 11:00:00,,,97.02,20250300,20250600,20241200
2024-02-26 12:00:00,,,97.015,20250300,20250600,20241200
2024-02-26 13:00:00,,,97.0,20250300,20250600,20241200
2024-02-26 14:00:00,,,96.99,20250300,20250600,20241200
2024-02-26 15:00:00,,,96.99,20250300,20250600,20241200
2024-02-27 06:00:00,97.22,,96.985,20250300,20250600,20241200
2024-02-27 07:00:00,,,96.96,20250300,20250600,20241200
2024-02-27 09:00:00,97.225,,96.985,20250300,20250600,20241200
2024-02-27 10:00:00,,,97.005,20250300,20250600,20241200
2024-02-27 12:00:00,,,97.005,20250300,20250600,20241200
2024-02-27 13:00:00,,,97.0,20250300,20250600,20241200
2024-02-27 14:00:00,,,96.995,20250300,20250600,20241200
2024-02-27 15:00:00,,,96.995,20250300,20250600,20241200
2024-02-27 16:00:00,,,96.965,20250300,20250600,20241200
2024-02-27 17:00:00,,,96.95,20250300,20250600,20241200
2024-02-28 06:00:00,97.205,,96.975,20250300,20250600,20241200
2024-02-28 07:00:00,,,96.965,20250300,20250600,20241200
2024-02-28 08:00:00,,,96.98,20250300,20250600,20241200
2024-02-28 09:00:00,97.22,,96.985,20250300,20250600,20241200
2024-02-28 10:00:00,97.22,,96.985,20250300,20250600,20241200
2024-02-28 12:00:00,,,96.985,20250300,20250600,20241200
2024-02-28 13:00:00,,,96.985,20250300,20250600,20241200
2024-02-28 14:00:00,,,96.975,20250300,20250600,20241200
2024-02-28 15:00:00,,,96.97,20250300,20250600,20241200
2024-02-28 16:00:00,,,96.97,20250300,20250600,20241200
2024-02-29 06:00:00,97.215,,96.98,20250300,20250600,20241200
2024-02-29 07:00:00,97.215,,97.0,20250300,20250600,20241200
2024-02-29 08:00:00,97.19,,96.95,20250300,20250600,20241200
2024-02-29 09:00:00,97.14,,96.93,20250300,20250600,20241200
2024-02-29 10:00:00,,,96.885,20250300,20250600,20241200
2024-02-29 11:00:00,,,96.91,20250300,20250600,20241200
2024-02-29 13:00:00,,,96.905,20250300,20250600,20241200
2024-02-29 14:00:00,,,96.97,20250300,20250600,20241200
2024-03-01 06:00:00,97.235,,97.0,20250300,20250600,20241200
2024-03-01 07:00:00,,,96.945,20250300,20250600,20241200
2024-03-01 08:00:00,,,96.94,20250300,20250600,20241200
2024-03-01 10:00:00,,,96.975,20250300,20250600,20241200
2024-03-01 11:00:00,97.205,,96.97,20250300,20250600,20241200
2024-03-01 12:00:00,97.19,,96.96,20250300,20250600,20241200
2024-03-01 13:00:00,97.195,,96.955,20250300,20250600,20241200
2024-03-01 14:00:00,,,96.945,20250300,20250600,20241200
2024-03-01 15:00:00,97.24,,,20250300,20250600,20241200
2024-03-01 16:00:00,,,96.985,20250300,20250600,20241200
2024-03-04 06:00:00,97.225,,96.985,20250300,20250600,20241200
2024-03-04 07:00:00,,,96.98,20250300,20250600,20241200
2024-03-04 08:00:00,,,96.975,20250300,20250600,20241200
2024-03-04 09:00:00,,,97.0,20250300,20250600,20241200
2024-03-04 10:00:00,97.235,,96.995,20250300,20250600,20241200
2024-03-04 11:00:00,97.22,,96.985,20250300,20250600,20241200
2024-03-04 12:00:00,97.225,,96.99,20250300,20250600,20241200
2024-03-04 13:00:00,,,96.97,20250300,20250600,20241200
2024-03-04 14:00:00,97.205,,96.99,20250300,20250600,20241200
2024-03-04 15:00:00,,,96.975,20250300,20250600,20241200
2024-03-05 06:00:00,97.275,,97.03,20250300,20250600,20241200
2024-03-05 07:00:00,,,96.965,20250300,20250600,20241200
2024-03-05 08:00:00,,,96.975,20250300,20250600,20241200
2024-03-05 09:00:00,,,96.975,20250300,20250600,20241200
2024-03-05 10:00:00,,,96.975,20250300,20250600,20241200
2024-03-05 11:00:00,,,96.98,20250300,20250600,20241200
2024-03-05 12:00:00,,,96.975,20250300,20250600,20241200
2024-03-05 13:00:00,,,97.005,20250300,20250600,20241200
2024-03-05 14:00:00,,,97.005,20250300,20250600,20241200
2024-03-05 15:00:00,,,97.025,20250300,20250600,20241200
2024-03-06 06:00:00,97.245,,97.0,20250300,20250600,20241200
2024-03-06 07:00:00,97.255,,97.01,20250300,20250600,20241200
2024-03-06 08:00:00,97.24,,96.99,20250300,20250600,20241200
2024-03-06 09:00:00,97.235,,96.99,20250300,20250600,20241200
2024-03-06 10:00:00,,,96.985,20250300,20250600,20241200
2024-03-06 12:00:00,,,97.0,20250300,20250600,20241200
2024-03-06 13:00:00,97.245,,96.995,20250300,20250600,20241200
2024-03-06 14:00:00,,,97.015,20250300,20250600,20241200
2024-03-06 15:00:00,,,96.99,20250300,20250600,20241200
2024-03-06 16:00:00,,,96.99,20250300,20250600,20241200
2024-03-07 06:00:00,97.29,,97.04,20250300,20250600,20241200
2024-03-07 07:00:00,,,97.0,20250300,20250600,20241200
2024-03-07 08:00:00,,,97.0,20250300,20250600,20241200
2024-03-07 09:00:00,,,96.985,20250300,20250600,20241200
2024-03-07 10:00:00,,,97.0,20250300,20250600,20241200
2024-03-07 11:00:00,,,97.0,20250300,20250600,20241200
2024-03-07 12:00:00,,,96.99,20250300,20250600,20241200
2024-03-07 13:00:00,97.33,,,20250300,20250600,20241200
2024-03-07 14:00:00,97.305,,97.025,20250300,20250600,20241200
2024-03-07 15:00:00,,,97.03,20250300,20250600,20241200
2024-03-07 16:00:00,,,97.04,20250300,20250600,20241200
2024-03-08 06:00:00,97.38,,97.115,20250300,20250600,20241200
2024-03-08 07:00:00,,,97.085,20250300,20250600,20241200
2024-03-08 09:00:00,97.35,,97.095,20250300,20250600,20241200
2024-03-08 10:00:00,97.35,,97.095,20250300,20250600,20241200
2024-03-08 11:00:00,97.35,,97.09,20250300,20250600,20241200
2024-03-08 13:00:00,,,97.12,20250300,20250600,20241200
2024-03-08 14:00:00,97.38,,97.125,20250300,20250600,20241200
2024-03-08 15:00:00,,,97.125,20250300,20250600,20241200
2024-03-08 16:00:00,97.375,,97.115,20250300,20250600,20241200
2024-03-11 05:00:00,97.33,,97.065,20250300,20250600,20241200
2024-03-11 07:00:00,,,97.1,20250300,20250600,20241200
2024-03-11 08:00:00,,,97.09,20250300,20250600,20241200
2024-03-11 09:00:00,,,97.105,20250300,20250600,20241200
2024-03-11 10:00:00,,,97.105,20250300,20250600,20241200
2024-03-11 11:00:00,,,97.1,20250300,20250600,20241200
2024-03-11 12:00:00,,,97.08,20250300,20250600,20241200
2024-03-11 13:00:00,,,97.07,20250300,20250600,20241200
2024-03-11 14:00:00,,,97.06,20250300,20250600,20241200
2024-03-11 16:00:00,,,97.065,20250300,20250600,20241200
2024-03-12 05:00:00,97.275,,97.015,20250300,20250600,20241200
2024-03-12 07:00:00,,,97.065,20250300,20250600,20241200
2024-03-12 11:00:00,,,97.04,20250300,20250600,20241200
2024-03-12 13:00:00,,,97.035,20250300,20250600,20241200
2024-03-12 14:00:00,,,97.02,20250300,20250600,20241200
2024-03-12 15:00:00,,,97.015,20250300,20250600,20241200
2024-03-12 16:00:00,,,97.015,20250300,20250600,20241200
2024-03-13 05:00:00,97.24,,96.99,20250300,20250600,20241200
2024-03-13 07:00:00,,,97.035,20250300,20250600,20241200
2024-03-13 08:00:00,,,97.035,20250300,20250600,20241200
2024-03-13 09:00:00,,,97.03,20250300,20250600,20241200
2024-03-13 10:00:00,,,97.02,20250300,20250600,20241200
2024-03-13 11:00:00,,,97.005,20250300,20250600,20241200
2024-03-13 12:00:00,,,97.0,20250300,20250600,20241200
2024-03-13 13:00:00,97.26,,97.005,20250300,20250600,20241200
2024-03-13 14:00:00,,,97.0,20250300,20250600,20241200
2024-03-13 15:00:00,97.245,,96.995,20250300,20250600,20241200
2024-03-14 05:00:00,97.195,,96.965,20250300,20250600,20241200
2024-03-14 07:00:00,,,96.965,20250300,20250600,20241200
2024-03-14 08:00:00,,,96.99,20250300,20250600,20241200
2024-03-14 09:00:00,,,96.985,20250300,20250600,20241200
2024-03-14 10:00:00,,,96.99,20250300,20250600,20241200
2024-03-14 11:00:00,,,96.985,20250300,20250600,20241200
2024-03-14 12:00:00,97.22,,96.975,20250300,20250600,20241200
2024-03-14 13:00:00,,,96.965,20250300,20250600,20241200
2024-03-14 14:00:00,97.2,,96.96,20250300,20250600,20241200
2024-03-14 15:00:00,,,96.955,20250300,20250600,20241200
2024-03-14 16:00:00,,,96.96,20250300,20250600,20241200
2024-03-15 05:00:00,97.155,,96.925,20250300,20250600,20241200
2024-03-15 07:00:00,,,96.95,20250300,20250600,20241200
2024-03-15 08:00:00,,,96.925,20250300,20250600,20241200
2024-03-15 09:00:00,97.155,,96.935,20250300,20250600,20241200
2024-03-15 10:00:00,,,96.935,20250300,20250600,20241200
2024-03-15 11:00:00,,,96.945,20250300,20250600,20241200
2024-03-15 12:00:00,,,96.925,20250300,20250600,20241200
2024-03-15 13:00:00,,,96.92,20250300,20250600,20241200
2024-03-15 15:00:00,,,96.92,20250300,20250600,20241200
2024-03-18 05:00:00,97.135,,96.905,20250300,20250600,20241200
2024-03-18 07:00:00,,,96.915,20250300,20250600,20241200
2024-03-18 08:00:00,,,96.92,20250300,20250600,20241200
2024-03-18 09:00:00,,,96.905,20250300,20250600,20241200
2024-03-18 10:00:00,,,96.91,20250300,20250600,20241200
2024-03-18 11:00:00,,,96.91,20250300,20250600,20241200
2024-03-18 12:00:00,,,96.91,20250300,20250600,20241200
2024-03-18 13:00:00,97.145,,96.915,20250300,20250600,20241200
2024-03-18 14:00:00,,,96.915,20250300,20250600,20241200
2024-03-18 15:00:00,,,96.91,20250300,20250600,20241200
2024-03-18 16:00:00,97.13,,96.905,20250300,20250600,20241200
2024-03-19 05:00:00,97.17,,96.94,20250300,20250600,20241200
2024-03-19 07:00:00,97.15,,96.91,20250300,20250600,20241200
2024-03-19 09:00:00,,,96.925,20250300,20250600,20241200
2024-03-19 10:00:00,,,96.935,20250300,20250600,20241200
2024-03-19 11:00:00,97.16,,96.93,20250300,20250600,20241200
2024-03-19 12:00:00,,,96.95,20250300,20250600,20241200
2024-03-19 13:00:00,97.17,,96.945,20250300,20250600,20241200
2024-03-19 14:00:00,,,96.95,20250300,20250600,20241200
2024-03-19 15:00:00,97.17,,96.935,20250300,20250600,20241200
2024-03-19 16:00:00,97.17,,96.94,20250300,20250600,20241200
2024-03-20 05:00:00,97.145,,96.925,20250300,20250600,20241200
2024-03-20 08:00:00,97.175,,96.945,20250300,20250600,20241200
2024-03-20 09:00:00,97.18,,96.94,20250300,20250600,20241200
2024-03-20 11:00:00,,,96.935,20250300,20250600,20241200
2024-03-20 12:00:00,97.15,,96.925,20250300,20250600,20241200
2024-03-20 13:00:00,,,96.92,20250300,20250600,20241200
2024-03-20 14:00:00,97.14,,96.915,20250300,20250600,20241200
2024-03-20 15:00:00,,,96.92,20250300,20250600,20241200
2024-03-20 16:00:00,,,96.915,20250300,20250600,20241200
2024-03-21 05:00:00,97.2,,96.975,20250300,20250600,20241200
2024-03-21 07:00:00,97.195,,96.965,20250300,20250600,20241200
2024-03-21 08:00:00,97.235,,96.99,20250300,20250600,20241200
2024-03-21 09:00:00,97.215,,96.98,20250300,20250600,20241200
2024-03-21 10:00:00,97.21,,96.97,20250300,20250600,20241200
2024-03-21 14:00:00,,,96.955,20250300,20250600,20241200
2024-03-21 15:00:00,,,96.97,20250300,20250600,20241200
2024-03-21 16:00:00,97.2,,96.97,20250300,20250600,20241200
2024-03-22 05:00:00,97.25,,97.01,20250300,20250600,20241200
2024-03-22 07:00:00,,,96.975,20250300,20250600,20241200
2024-03-22 08:00:00,97.215,,96.98,20250300,20250600,20241200
2024-03-22 09:00:00,97.225,,96.985,20250300,20250600,20241200
2024-03-22 10:00:00,97.22,,96.98,20250300,20250600,20241200
2024-03-22 11:00:00,97.22,,,20250300,20250600,20241200
2024-03-22 12:00:00,,,96.995,20250300,20250600,20241200
2024-03-22 14:00:00,97.24,,,20250300,20250600,20241200
2024-03-22 15:00:00,,,97.0,20250300,20250600,20241200
2024-03-25 05:00:00,97.185,,96.95,20250300,20250600,20241200
2024-03-25 07:00:00,,,97.0,20250300,20250600,20241200
2024-03-25 10:00:00,97.22,,96.98,20250300,20250600,20241200
2024-03-25 11:00:00,,,96.975,20250300,20250600,20241200
2024-03-25 12:00:00,,,96.97,20250300,20250600,20241200
2024-03-25 13:00:00,,,96.965,20250300,20250600,20241200
2024-03-25 15:00:00,97.185,,,20250300,20250600,20241200
2024-03-25 16:00:00,97.185,,,20250300,20250600,20241200
2024-03-26 05:00:00,97.195,,96.96,20250300,20250600,20241200
2024-03-26 07:00:00,97.195,,96.955,20250300,20250600,20241200
2024-03-26 09:00:00,97.21,,96.965,20250300,20250600,20241200
2024-03-26 10:00:00,97.21,,96.98,20250300,20250600,20241200
2024-03-26 12:00:00,,,96.965,20250300,20250600,20241200
2024-03-26 13:00:00,97.195,,96.96,20250300,20250600,20241200
2024-03-26 14:00:00,97.19,,96.955,20250300,20250600,20241200
2024-03-26 15:00:00,,,96.96,20250300,20250600,20241200
2024-03-27 05:00:00,97.245,,97.0,20250300,20250600,20241200
2024-03-27 07:00:00,,,96.97,20250300,20250600,20241200
2024-03-27 08:00:00,97.21,,,20250300,20250600,20241200
2024-03-27 09:00:00,97.195,,96.96,20250300,20250600,20241200
2024-03-27 10:00:00,97.21,,96.97,20250300,20250600,20241200
2024-03-27 11:00:00,97.225,,96.985,20250300,20250600,20241200
2024-03-27 12:00:00,,,96.985,20250300,20250600,20241200
2024-03-27 13:00:00,97.22,,96.98,20250300,20250600,20241200
2024-03-27 14:00:00,97.235,,96.995,20250300,20250600,20241200
2024-03-27 15:00:00,97.235,,96.995,20250300,20250600,20241200
2024-03-28 05:00:00,97.22,,96.975,20250300,20250600,20241200
2024-03-28 07:00:00,,,96.96,20250300,20250600,20241200
2024-03-28 08:00:00,,,96.945,20250300,20250600,20241200
2024-03-28 09:00:00,,,96.945,20250300,20250600,20241200
2024-03-28 10:00:00,97.185,,96.95,20250300,20250600,20241200
2024-03-28 11:00:00,97.19,,96.955,20250300,20250600,20241200
2024-03-28 13:00:00,97.21,,,20250300,20250600,20241200
2024-03-28 14:00:00,97.215,,,20250300,20250600,20241200
2024-03-28 15:00:00,,,96.975,20250300,20250600,20241200
2024-03-28 16:00:00,,,96.98,20250300,20250600,20241200
2024-04-02 05:00:00,97.22,,96.985,20250300,20250600,20241200
2024-04-02 06:00:00,97.205,,96.97,20250300,20250600,20241200
2024-04-02 07:00:00,97.185,,96.955,20250300,20250600,20241200
2024-04-02 08:00:00,97.205,,96.99,20250300,20250600,20241200
2024-04-02 09:00:00,,,96.98,20250300,20250600,20241200
2024-04-02 10:00:00,97.195,,96.965,20250300,20250600,20241200
2024-04-02 11:00:00,97.19,,96.97,20250300,20250600,20241200
2024-04-02 12:00:00,97.2,,96.97,20250300,20250600,20241200
2024-04-02 13:00:00,97.2,,96.97,20250300,20250600,20241200
2024-04-02 14:00:00,97.195,,96.965,20250300,20250600,20241200
2024-04-02 15:00:00,,,96.98,20250300,20250600,20241200
2024-04-03 05:00:00,97.175,,96.945,20250300,20250600,20241200
2024-04-03 06:00:00,97.22,,96.99,20250300,20250600,20241200
2024-04-03 07:00:00,97.215,,96.975,20250300,20250600,20241200
2024-04-03 08:00:00,97.205,,96.975,20250300,20250600,20241200
2024-04-03 09:00:00,,,96.98,20250300,20250600,20241200
2024-04-03 10:00:00,97.215,,96.975,20250300,20250600,20241200
2024-04-03 11:00:00,97.215,,96.97,20250300,20250600,20241200
2024-04-03 12:00:00,97.205,,96.955,20250300,20250600,20241200
2024-04-03 13:00:00,,,96.925,20250300,20250600,20241200
2024-04-03 14:00:00,97.175,,96.94,20250300,20250600,20241200
2024-04-03 15:00:00,,,96.94,20250300,20250600,20241200
2024-04-03 16:00:00,,,96.96,20250300,20250600,20241200
2024-04-04 05:00:00,97.185,,96.95,20250300,20250600,20241200
2024-04-04 06:00:00,,,96.96,20250300,20250600,20241200
2024-04-04 07:00:00,,,96.955,20250300,20250600,20241200
2024-04-04 08:00:00,,,96.96,20250300,20250600,20241200
2024-04-04 09:00:00,,,96.96,20250300,20250600,20241200
2024-04-04 10:00:00,97.195,,96.955,20250300,20250600,20241200
2024-04-04 11:00:00,97.185,,96.95,20250300,20250600,20241200
2024-04-04 12:00:00,97.195,,96.95,20250300,20250600,20241200
2024-04-04 13:00:00,97.195,,96.96,20250300,20250600,20241200
2024-04-04 14:00:00,97.195,,96.95,20250300,20250600,20241200
2024-04-05 05:00:00,97.16,,96.935,20250300,20250600,20241200
2024-04-05 06:00:00,,,96.96,20250300,20250600,20241200
2024-04-05 07:00:00,97.2,,,20250300,20250600,20241200
2024-04-05 09:00:00,97.185,,96.95,20250300,20250600,20241200
2024-04-05 10:00:00,97.185,,96.955,20250300,20250600,20241200
2024-04-05 11:00:00,97.185,,96.95,20250300,20250600,20241200
2024-04-05 12:00:00,97.155,,96.935,20250300,20250600,20241200
2024-04-05 14:00:00,97.16,,96.94,20250300,20250600,20241200
2024-04-08 05:00:00,97.11,,96.89,20250300,20250600,20241200
2024-04-08 06:00:00,97.12,,96.9,20250300,20250600,20241200
2024-04-08 07:00:00,,,96.9,20250300,20250600,20241200
2024-04-08 08:00:00,97.115,,96.905,20250300,20250600,20241200
2024-04-08 09:00:00,97.115,,,20250300,20250600,20241200
2024-04-08 12:00:00,,,96.895,20250300,20250600,20241200
2024-04-08 13:00:00,97.12,,96.9,20250300,20250600,20241200
2024-04-08 14:00:00,97.11,,96.895,20250300,20250600,20241200
2024-04-08 15:00:00,97.105,,96.885,20250300,20250600,20241200
2024-04-09 05:00:00,97.14,,96.885,20250300,20250600,20241200
2024-04-09 06:00:00,97.09,,96.88,20250300,20250600,20241200
2024-04-09 07:00:00,97.09,,96.885,20250300,20250600,20241200
2024-04-09 08:00:00,97.1,,96.885,20250300,20250600,20241200
2024-04-09 09:00:00,97.105,,96.885,20250300,20250600,20241200
2024-04-09 11:00:00,,,96.89,20250300,20250600,20241200
2024-04-09 12:00:00,97.115,,96.895,20250300,20250600,20241200
2024-04-09 13:00:00,97.12,,96.9,20250300,20250600,20241200
2024-04-09 14:00:00,97.14,,96.915,20250300,20250600,20241200
2024-04-09 15:00:00,97.135,,96.915,20250300,20250600,20241200
2024-04-10 05:00:00,97.05,,96.835,20250300,20250600,20241200
2024-04-10 06:00:00,97.145,,96.92,20250300,20250600,20241200
2024-04-10 07:00:00,97.14,,,20250300,20250600,20241200
2024-04-10 08:00:00,97.155,,96.92,20250300,20250600,20241200
2024-04-10 09:00:00,97.15,,96.92,20250300,20250600,20241200
2024-04-10 10:00:00,,,96.92,20250300,20250600,20241200
2024-04-10 11:00:00,97.16,,96.93,20250300,20250600,20241200
2024-04-10 12:00:00,97.045,,,20250300,20250600,20241200
2024-04-10 13:00:00,,,96.85,20250300,20250600,20241200
2024-04-10 14:00:00,97.04,,96.835,20250300,20250600,20241200
2024-04-11 05:00:00,97.005,,96.795,20250300,20250600,20241200
2024-04-11 06:00:00,97.02,,96.815,20250300,20250600,20241200
2024-04-11 07:00:00,97.01,,96.805,20250300,20250600,20241200
2024-04-11 08:00:00,96.99,,96.785,20250300,20250600,20241200
2024-04-11 09:00:00,97.02,,96.81,20250300,20250600,20241200
2024-04-11 10:00:00,97.005,,96.79,20250300,20250600,20241200
2024-04-11 11:00:00,97.025,,,20250300,20250600,20241200
2024-04-11 12:00:00,,,96.79,20250300,20250600,20241200
2024-04-11 13:00:00,97.03,,96.82,20250300,20250600,20241200
2024-04-11 14:00:00,97.005,,96.795,20250300,20250600,20241200
2024-04-11 15:00:00,97.005,,96.795,20250300,20250600,20241200
2024-04-12 05:00:00,97.135,,96.91,20250300,20250600,20241200
2024-04-12 06:00:00,97.03,,96.845,20250300,20250600,20241200
2024-04-12 07:00:00,97.095,,96.87,20250300,20250600,20241200
2024-04-12 08:00:00,,,96.87,20250300,20250600,20241200
2024-04-12 09:00:00,97.095,,96.865,20250300,20250600,20241200
2024-04-12 10:00:00,97.095,,96.875,20250300,20250600,20241200
2024-04-12 11:00:00,97.1,,96.88,20250300,20250600,20241200
2024-04-12 12:00:00,97.14,,96.905,20250300,20250600,20241200
2024-04-12 13:00:00,97.12,,,20250300,20250600,20241200
2024-04-12 14:00:00,97.13,,96.9,20250300,20250600,20241200
2024-04-12 16:00:00,97.135,,96.915,20250300,20250600,20241200
2024-04-15 05:00:00,97.075,,96.9,20250300,20250600,20241200
2024-04-15 06:00:00,97.12,,96.895,20250300,20250600,20241200
2024-04-15 07:00:00,97.095,,96.875,20250300,20250600,20241200
2024-04-15 08:00:00,,,96.885,20250300,20250600,20241200
2024-04-15 09:00:00,97.11,,96.89,20250300,20250600,20241200
2024-04-15 10:00:00,97.11,,96.88,20250300,20250600,20241200
2024-04-15 11:00:00,,,96.875,20250300,20250600,20241200
2024-04-15 12:00:00,97.065,,96.855,20250300,20250600,20241200
2024-04-15 13:00:00,97.06,,96.855,20250300,20250600,20241200
2024-04-15 14:00:00,97.06,,,20250300,20250600,20241200
2024-04-15 15:00:00,,,96.86,20250300,20250600,20241200
2024-04-16 05:00:00,97.085,,96.82,20250300,20250600,20241200
2024-04-16 06:00:00,97.07,,96.86,20250300,20250600,20241200
2024-04-16 07:00:00,97.07,,96.855,20250300,20250600,20241200
2024-04-16 08:00:00,97.06,,96.85,20250300,20250600,20241200
2024-04-16 09:00:00,97.06,,96.85,20250300,20250600,20241200
2024-04-16 10:00:00,97.045,,96.84,20250300,20250600,20241200
2024-04-16 11:00:00,97.04,,96.83,20250300,20250600,20241200
2024-04-16 12:00:00,97.04,,,20250300,20250600,20241200
2024-04-16 13:00:00,97.0,,,20250300,20250600,20241200
2024-04-16 14:00:00,97.01,,96.815,20250300,20250600,20241200
2024-04-16 15:00:00,,,96.815,20250300,20250600,20241200
2024-04-17 05:00:00,97.02,,96.82,20250300,20250600,20241200
2024-04-17 06:00:00,96.97,,,20250300,20250600,20241200
2024-04-17 07:00:00,96.995,,96.8,20250300,20250600,20241200
2024-04-17 08:00:00,97.01,,96.81,20250300,20250600,20241200
2024-04-17 09:00:00,97.005,,96.81,20250300,20250600,20241200
2024-04-17 10:00:00,97.0,,96.81,20250300,20250600,20241200
2024-04-17 11:00:00,96.995,,96.8,20250300,20250600,20241200
2024-04-17 12:00:00,97.005,,96.8,20250300,20250600,20241200
2024-04-17 13:00:00,97.005,,96.81,20250300,20250600,20241200
2024-04-17 14:00:00,97.005,,96.805,20250300,20250600,20241200
2024-04-17 15:00:00,97.005,,96.81,20250300,20250600,20241200
2024-04-18 05:00:00,96.975,,96.79,20250300,20250600,20241200
2024-04-18 06:00:00,97.035,,96.83,20250300,20250600,20241200
2024-04-18 07:00:00,97.03,,96.83,20250300,20250600,20241200
2024-04-18 08:00:00,,,96.83,20250300,20250600,20241200
2024-04-18 09:00:00,97.02,,96.825,20250300,20250600,20241200
2024-04-18 10:00:00,97.01,,96.82,20250300,20250600,20241200
2024-04-18 11:00:00,97.0,,96.805,20250300,20250600,20241200
2024-04-18 12:00:00,97.0,,96.8,20250300,20250600,20241200
2024-04-18 13:00:00,96.99,,96.795,20250300,20250600,20241200
2024-04-18 14:00:00,,,96.785,20250300,20250600,20241200
2024-04-18 15:00:00,96.98,,96.79,20250300,20250600,20241200
2024-04-19 05:00:00,96.95,,96.77,20250300,20250600,20241200
2024-04-19 06:00:00,96.985,,96.795,20250300,20250600,20241200
2024-04-19 07:00:00,,,96.8,20250300,20250600,20241200
2024-04-19 08:00:00,96.975,,,20250300,20250600,20241200
2024-04-19 09:00:00,,,96.8,20250300,20250600,20241200
2024-04-19 10:00:00,96.975,,96.795,20250300,20250600,20241200
2024-04-19 11:00:00,96.94,,96.765,20250300,20250600,20241200
2024-04-19 12:00:00,96.93,,96.75,20250300,20250600,20241200
2024-04-19 13:00:00,96.91,,96.745,20250300,20250600,20241200
2024-04-19 14:00:00,96.945,,96.76,20250300,20250600,20241200
2024-04-19 15:00:00,96.955,,96.77,20250300,20250600,20241200
2024-04-22 05:00:00,97.0,,96.815,20250300,20250600,20241200
2024-04-22 06:00:00,96.945,,96.765,20250300,20250600,20241200
2024-04-22 07:00:00,96.96,,96.765,20250300,20250600,20241200
2024-04-22 08:00:00,96.94,,96.76,20250300,20250600,20241200
2024-04-22 09:00:00,96.94,,96.765,20250300,20250600,20241200
2024-04-22 10:00:00,96.95,,96.77,20250300,20250600,20241200
2024-04-22 11:00:00,96.955,,96.76,20250300,20250600,20241200
2024-04-22 12:00:00,96.965,,96.78,20250300,20250600,20241200
2024-04-22 13:00:00,96.975,,96.805,20250300,20250600,20241200
2024-04-22 14:00:00,97.0,,96.805,20250300,20250600,20241200
2024-04-22 15:00:00,,,96.81,20250300,20250600,20241200
2024-04-23 05:00:00,96.99,,96.815,20250300,20250600,20241200
2024-04-23 06:00:00,97.01,,96.82,20250300,20250600,20241200
2024-04-23 07:00:00,,,96.795,20250300,20250600,20241200
2024-04-23 08:00:00,,,96.81,20250300,20250600,20241200
2024-04-23 09:00:00,96.985,,96.795,20250300,20250600,20241200
2024-04-23 10:00:00,96.99,,96.8,20250300,20250600,20241200
2024-04-23 11:00:00,96.975,,96.78,20250300,20250600,20241200
2024-04-23 12:00:00,96.96,,,20250300,20250600,20241200
2024-04-23 13:00:00,96.99,,96.785,20250300,20250600,20241200
2024-04-23 14:00:00,96.995,,96.8,20250300,20250600,20241200
2024-04-23 15:00:00,96.985,,96.795,20250300,20250600,20241200
2024-04-24 05:00:00,96.94,,96.78,20250300,20250600,20241200
2024-04-24 06:00:00,96.96,,96.775,20250300,20250600,20241200
2024-04-24 07:00:00,96.965,,,20250300,20250600,20241200
2024-04-24 08:00:00,96.97,,96.78,20250300,20250600,20241200
2024-04-24 09:00:00,96.965,,96.775,20250300,20250600,20241200
2024-04-24 10:00:00,96.955,,,20250300,20250600,20241200
2024-04-24 11:00:00,96.955,,96.77,20250300,20250600,20241200
2024-04-24 12:00:00,96.945,,96.765,20250300,20250600,20241200
2024-04-24 13:00:00,96.94,,96.755,20250300,20250600,20241200
2024-04-24 14:00:00,96.925,,96.75,20250300,20250600,20241200
2024-04-24 15:00:00,96.935,,96.755,20250300,20250600,20241200
2024-04-25 05:00:00,96.875,,96.7,20250300,20250600,20241200
2024-04-25 06:00:00,96.915,,96.75,20250300,20250600,20241200
2024-04-25 07:00:00,96.945,,96.765,20250300,20250600,20241200
2024-04-25 09:00:00,96.94,,,20250300,20250600,20241200
2024-04-25 10:00:00,96.945,,96.765,20250300,20250600,20241200
2024-04-25 11:00:00,96.94,,,20250300,20250600,20241200
2024-04-25 12:00:00,96.88,,96.71,20250300,20250600,20241200
2024-04-25 13:00:00,96.88,,96.69,20250300,20250600,20241200
2024-04-25 14:00:00,96.865,,96.695,20250300,20250600,20241200
2024-04-25 15:00:00,,,96.7,20250300,20250600,20241200
2024-04-26 05:00:00,96.89,,96.715,20250300,20250600,20241200
2024-04-26 06:00:00,,,96.695,20250300,20250600,20241200
2024-04-26 07:00:00,96.87,,96.695,20250300,20250600,20241200
2024-04-26 08:00:00,96.87,,96.695,20250300,20250600,20241200
2024-04-26 09:00:00,96.88,,96.7,20250300,20250600,20241200
2024-04-26 10:00:00,96.87,,96.71,20250300,20250600,20241200
2024-04-26 11:00:00,,,96.705,20250300,20250600,20241200
2024-04-26 13:00:00,96.895,,96.72,20250300,20250600,20241200
2024-04-29 05:00:00,96.945,,96.765,20250300,20250600,20241200
2024-04-29 06:00:00,96.89,,96.72,20250300,20250600,20241200
2024-04-29 07:00:00,96.905,,96.73,20250300,20250600,20241200
2024-04-29 08:00:00,96.925,,96.745,20250300,20250600,20241200
2024-04-29 09:00:00,,,96.76,20250300,20250600,20241200
2024-04-29 10:00:00,96.93,,,20250300,20250600,20241200
2024-04-29 11:00:00,96.945,,96.765,20250300,20250600,20241200
2024-04-29 12:00:00,96.94,,96.76,20250300,20250600,20241200
2024-04-29 13:00:00,96.925,,96.75,20250300,20250600,20241200
2024-04-29 14:00:00,96.925,,96.755,20250300,20250600,20241200
2024-04-29 15:00:00,96.925,,,20250300,20250600,20241200
2024-04-30 05:00:00,96.935,,96.68,20250300,20250600,20241200
2024-04-30 06:00:00,96.92,,,20250300,20250600,20241200
2024-04-30 07:00:00,96.92,,96.75,20250300,20250600,20241200
2024-04-30 08:00:00,96.91,,96.74,20250300,20250600,20241200
2024-04-30 09:00:00,96.9,,96.73,20250300,20250600,20241200
2024-04-30 10:00:00,96.88,,96.715,20250300,20250600,20241200
2024-04-30 11:00:00,,,96.715,20250300,20250600,20241200
2024-04-30 12:00:00,,,96.695,20250300,20250600,20241200
2024-04-30 13:00:00,96.845,,96.68,20250300,20250600,20241200
2024-04-30 14:00:00,96.845,,96.69,20250300,20250600,20241200
2024-04-30 15:00:00,96.84,,96.685,20250300,20250600,20241200
2024-05-02 05:00:00,96.865,,96.695,20250300,20250600,20241200
2024-05-02 06:00:00,96.86,,96.695,20250300,20250600,20241200
2024-05-02 07:00:00,96.87,,96.705,20250300,20250600,20241200
2024-05-02 08:00:00,96.87,,,20250300,20250600,20241200
2024-05-02 09:00:00,96.87,,96.7,20250300,20250600,20241200
2024-05-02 10:00:00,96.865,,96.7,20250300,20250600,20241200
2024-05-02 11:00:00,96.875,,96.71,20250300,20250600,20241200
2024-05-02 12:00:00,96.855,,96.695,20250300,20250600,20241200
2024-05-02 13:00:00,96.85,,96.69,20250300,20250600,20241200
2024-05-02 14:00:00,96.865,,96.695,20250300,20250600,20241200
2024-05-02 15:00:00,96.865,,,20250300,20250600,20241200
2024-05-02 16:00:00,96.875,,96.715,20250300,20250600,20241200
2024-05-03 05:00:00,96.9,,96.77,20250300,20250600,20241200
2024-05-03 07:00:00,96.89,,,20250300,20250600,20241200
2024-05-03 08:00:00,96.895,,96.725,20250300,20250600,20241200
2024-05-03 09:00:00,96.9,,96.735,20250300,20250600,20241200
2024-05-03 10:00:00,,,96.735,20250300,20250600,20241200
2024-05-03 11:00:00,96.91,,96.745,20250300,20250600,20241200
2024-05-03 12:00:00,96.965,,96.78,20250300,20250600,20241200
2024-05-03 13:00:00,96.965,,96.795,20250300,20250600,20241200
2024-05-03 14:00:00,96.945,,,20250300,20250600,20241200
2024-05-06 05:00:00,96.975,,96.78,20250300,20250600,20241200
2024-05-06 06:00:00,96.995,,96.8,20250300,20250600,20241200
2024-05-06 07:00:00,96.995,,96.8,20250300,20250600,20241200
2024-05-06 08:00:00,97.0,,,20250300,20250600,20241200
2024-05-06 09:00:00,96.995,,96.795,20250300,20250600,20241200
2024-05-06 10:00:00,96.99,,96.8,20250300,20250600,20241200
2024-05-06 11:00:00,96.98,,,20250300,20250600,20241200
2024-05-06 12:00:00,96.98,,,20250300,20250600,20241200
2024-05-06 13:00:00,96.97,,96.78,20250300,20250600,20241200
2024-05-06 14:00:00,,,96.78,20250300,20250600,20241200
2024-05-06 15:00:00,96.97,,,20250300,20250600,20241200
2024-05-07 05:00:00,96.98,,96.78,20250300,20250600,20241200
2024-05-07 06:00:00,96.975,,96.78,20250300,20250600,20241200
2024-05-07 07:00:00,96.97,,96.775,20250300,20250600,20241200
2024-05-07 08:00:00,96.975,,96.78,20250300,20250600,20241200
2024-05-07 09:00:00,96.98,,96.78,20250300,20250600,20241200
2024-05-07 10:00:00,96.97,,96.78,20250300,20250600,20241200
2024-05-07 11:00:00,96.98,,96.775,20250300,20250600,20241200
2024-05-07 12:00:00,96.965,,96.77,20250300,20250600,20241200
2024-05-07 13:00:00,,,96.775,20250300,20250600,20241200
2024-05-07 14:00:00,96.975,,96.78,20250300,20250600,20241200
2024-05-08 05:00:00,96.95,,96.755,20250300,20250600,20241200
2024-05-08 06:00:00,96.96,,96.765,20250300,20250600,20241200
2024-05-08 07:00:00,96.96,,96.765,20250300,20250600,20241200
2024-05-08 08:00:00,96.96,,96.765,20250300,20250600,20241200
2024-05-08 09:00:00,96.95,,96.76,20250300,20250600,20241200
2024-05-08 10:00:00,,,96.76,20250300,20250600,20241200
2024-05-08 11:00:00,96.95,,96.76,20250300,20250600,20241200
2024-05-08 12:00:00,96.95,,96.76,20250300,20250600,20241200
2024-05-08 13:00:00,96.945,,96.755,20250300,20250600,20241200
2024-05-08 14:00:00,96.945,,96.755,20250300,20250600,20241200
2024-05-08 15:00:00,96.945,,96.75,20250300,20250600,20241200
2024-05-09 05:00:00,96.94,,96.75,20250300,20250600,20241200
2024-05-09 06:00:00,96.93,,96.74,20250300,20250600,20241200
2024-05-09 07:00:00,96.925,,96.74,20250300,20250600,20241200
2024-05-09 08:00:00,96.92,,96.73,20250300,20250600,20241200
2024-05-09 09:00:00,96.92,,,20250300,20250600,20241200
2024-05-09 10:00:00,96.92,,96.735,20250300,20250600,20241200
2024-05-09 11:00:00,96.935,,96.745,20250300,20250600,20241200
2024-05-09 12:00:00,96.965,,96.77,20250300,20250600,20241200
2024-05-09 13:00:00,96.94,,96.755,20250300,20250600,20241200
2024-05-09 14:00:00,96.935,,96.755,20250300,20250600,20241200
2024-05-09 15:00:00,96.935,,96.75,20250300,20250600,20241200
2024-05-10 05:00:00,96.895,,96.715,20250300,20250600,20241200
2024-05-10 06:00:00,96.945,,96.755,20250300,20250600,20241200
2024-05-10 07:00:00,96.94,,96.75,20250300,20250600,20241200
2024-05-10 08:00:00,96.95,,96.76,20250300,20250600,20241200
2024-05-10 09:00:00,96.94,,,20250300,20250600,20241200
2024-05-10 11:00:00,96.93,,96.74,20250300,20250600,20241200
2024-05-10 12:00:00,96.915,,96.73,20250300,20250600,20241200
2024-05-10 13:00:00,96.91,,96.725,20250300,20250600,20241200
2024-05-10 14:00:00,96.89,,96.71,20250300,20250600,20241200
2024-05-10 15:00:00,96.9,,96.72,20250300,20250600,20241200
2024-05-13 05:00:00,96.93,,96.74,20250300,20250600,20241200
2024-05-13 06:00:00,96.905,,96.725,20250300,20250600,20241200
2024-05-13 07:00:00,96.9,,96.72,20250300,20250600,20241200
2024-05-13 08:00:00,96.905,,96.725,20250300,20250600,20241200
2024-05-13 09:00:00,96.905,,96.725,20250300,20250600,20241200
2024-05-13 10:00:00,96.92,,96.735,20250300,20250600,20241200
2024-05-13 11:00:00,96.915,,96.73,20250300,20250600,20241200
2024-05-13 12:00:00,96.925,,96.735,20250300,20250600,20241200
2024-05-13 13:00:00,96.925,,96.74,20250300,20250600,20241200
2024-05-13 14:00:00,96.93,,,20250300,20250600,20241200
2024-05-13 15:00:00,96.925,,96.74,20250300,20250600,20241200
2024-05-13 16:00:00,,,96.735,20250300,20250600,20241200
2024-05-14 05:00:00,96.9,,96.715,20250300,20250600,20241200
2024-05-14 06:00:00,96.925,,96.74,20250300,20250600,20241200
2024-05-14 07:00:00,96.935,,96.74,20250300,20250600,20241200
2024-05-14 08:00:00,96.94,,96.745,20250300,20250600,20241200
2024-05-14 09:00:00,96.94,,96.745,20250300,20250600,20241200
2024-05-14 10:00:00,96.935,,96.745,20250300,20250600,20241200
2024-05-14 11:00:00,96.925,,96.735,20250300,20250600,20241200
2024-05-14 12:00:00,96.91,,96.725,20250300,20250600,20241200
2024-05-14 13:00:00,96.915,,96.73,20250300,20250600,20241200
2024-05-14 14:00:00,96.905,,96.715,20250300,20250600,20241200
2024-05-14 15:00:00,96.9,,96.71,20250300,20250600,20241200
2024-05-15 05:00:00,96.895,,96.71,20250300,20250600,20241200
2024-05-15 06:00:00,96.895,,96.71,20250300,20250600,20241200
2024-05-15 07:00:00,96.91,,96.72,20250300,20250600,20241200
2024-05-15 08:00:00,96.915,,96.725,20250300,20250600,20241200
2024-05-15 09:00:00,96.925,,96.73,20250300,20250600,20241200
2024-05-15 10:00:00,96.92,,96.73,20250300,20250600,20241200
2024-05-15 11:00:00,96.93,,96.735,20250300,20250600,20241200
2024-05-15 12:00:00,96.985,,96.775,20250300,20250600,20241200
2024-05-15 13:00:00,96.96,,96.76,20250300,20250600,20241200
2024-05-15 14:00:00,96.955,,,20250300,20250600,20241200
2024-05-15 15:00:00,96.98,,,20250300,20250600,20241200
2024-05-16 05:00:00,96.955,,96.785,20250300,20250600,20241200
2024-05-16 06:00:00,96.99,,96.78,20250300,20250600,20241200
2024-05-16 07:00:00,96.99,,96.78,20250300,20250600,20241200
2024-05-16 08:00:00,96.975,,96.76,20250300,20250600,20241200
2024-05-16 09:00:00,96.97,,96.76,20250300,20250600,20241200
2024-05-16 10:00:00,96.965,,96.76,20250300,20250600,20241200
2024-05-16 11:00:00,96.965,,96.76,20250300,20250600,20241200
2024-05-16 12:00:00,96.955,,96.755,20250300,20250600,20241200
2024-05-16 13:00:00,96.945,,96.75,20250300,20250600,20241200
2024-05-16 14:00:00,96.955,,96.755,20250300,20250600,20241200
2024-05-16 15:00:00,96.955,,96.74,20250300,20250600,20241200
2024-05-17 05:00:00,96.885,,96.705,20250300,20250600,20241200
2024-05-17 06:00:00,96.925,,96.73,20250300,20250600,20241200
2024-05-17 07:00:00,96.92,,96.725,20250300,20250600,20241200
2024-05-17 08:00:00,96.92,,96.73,20250300,20250600,20241200
2024-05-17 09:00:00,96.915,,96.725,20250300,20250600,20241200
2024-05-17 10:00:00,96.91,,96.72,20250300,20250600,20241200
2024-05-17 11:00:00,96.895,,96.705,20250300,20250600,20241200
2024-05-17 12:00:00,96.89,,96.7,20250300,20250600,20241200
2024-05-17 13:00:00,96.88,,96.695,20250300,20250600,20241200
2024-05-17 14:00:00,96.88,,96.7,20250300,20250600,20241200
2024-05-17 15:00:00,96.875,,96.695,20250300,20250600,20241200
2024-05-20 05:00:00,96.865,,96.69,20250300,20250600,20241200
2024-05-20 06:00:00,96.865,,96.685,20250300,20250600,20241200
2024-05-20 07:00:00,96.86,,96.685,20250300,20250600,20241200
2024-05-20 08:00:00,96.865,,96.69,20250300,20250600,20241200
2024-05-20 09:00:00,96.88,,96.7,20250300,20250600,20241200
2024-05-20 10:00:00,96.88,,96.7,20250300,20250600,20241200
2024-05-20 11:00:00,96.885,,96.705,20250300,20250600,20241200
2024-05-20 12:00:00,96.87,,96.695,20250300,20250600,20241200
2024-05-20 13:00:00,96.875,,96.695,20250300,20250600,20241200
2024-05-20 14:00:00,96.865,,96.69,20250300,20250600,20241200
2024-05-20 15:00:00,96.865,,96.69,20250300,20250600,20241200
2024-05-21 05:00:00,96.89,,96.71,20250300,20250600,20241200
2024-05-21 06:00:00,96.87,,96.69,20250300,20250600,20241200
2024-05-21 07:00:00,96.875,,96.695,20250300,20250600,20241200
2024-05-21 08:00:00,96.875,,96.695,20250300,20250600,20241200
2024-05-21 09:00:00,96.875,,96.695,20250300,20250600,20241200
2024-05-21 10:00:00,96.88,,96.7,20250300,20250600,20241200
2024-05-21 11:00:00,96.875,,,20250300,20250600,20241200
2024-05-21 12:00:00,96.875,,96.695,20250300,20250600,20241200
2024-05-21 13:00:00,96.895,,96.7,20250300,20250600,20241200
2024-05-21 14:00:00,96.89,,,20250300,20250600,20241200
2024-05-21 15:00:00,96.885,,96.705,20250300,20250600,20241200
2024-05-22 05:00:00,96.85,,96.67,20250300,20250600,20241200
2024-05-22 06:00:00,96.83,,96.66,20250300,20250600,20241200
2024-05-22 07:00:00,96.84,,96.67,20250300,20250600,20241200
2024-05-22 08:00:00,,,96.67,20250300,20250600,20241200
2024-05-22 09:00:00,96.85,,96.67,20250300,20250600,20241200
2024-05-22 10:00:00,96.845,,96.67,20250300,20250600,20241200
2024-05-22 11:00:00,96.84,,96.665,20250300,20250600,20241200
2024-05-22 12:00:00,96.84,,96.665,20250300,20250600,20241200
2024-05-22 13:00:00,96.84,,96.66,20250300,20250600,20241200
2024-05-22 14:00:00,96.85,,,20250300,20250600,20241200
2024-05-23 05:00:00,96.755,,96.61,20250300,20250600,20241200
2024-05-23 06:00:00,96.825,,96.65,20250300,20250600,20241200
2024-05-23 07:00:00,96.8,,96.635,20250300,20250600,20241200
2024-05-23 08:00:00,96.785,,96.625,20250300,20250600,20241200
2024-05-23 09:00:00,96.81,,96.64,20250300,20250600,20241200
2024-05-23 10:00:00,96.8,,96.64,20250300,20250600,20241200
2024-05-23 11:00:00,96.795,,96.64,20250300,20250600,20241200
2024-05-23 12:00:00,96.785,,96.625,20250300,20250600,20241200
2024-05-23 13:00:00,96.755,,96.61,20250300,20250600,20241200
2024-05-23 14:00:00,96.745,,96.605,20250300,20250600,20241200
2024-05-23 15:00:00,96.76,,96.615,20250300,20250600,20241200
2024-05-24 05:00:00,96.76,,96.6,20250300,20250600,20241200
2024-05-24 06:00:00,96.76,,96.615,20250300,20250600,20241200
2024-05-24 07:00:00,96.76,,96.615,20250300,20250600,20241200
2024-05-24 08:00:00,96.765,,96.615,20250300,20250600,20241200
2024-05-24 09:00:00,96.765,,96.61,20250300,20250600,20241200
2024-05-24 10:00:00,96.75,,96.6,20250300,20250600,20241200
2024-05-24 11:00:00,96.725,,96.565,20250300,20250600,20241200
2024-05-24 12:00:00,96.71,,96.565,20250300,20250600,20241200
2024-05-24 13:00:00,96.715,,96.575,20250300,20250600,20241200
2024-05-24 14:00:00,96.745,,96.595,20250300,20250600,20241200
2024-05-24 15:00:00,,,96.6,20250300,20250600,20241200
2024-05-27 05:00:00,96.75,96.94,96.64,20250300,20250600,20241200
2024-05-27 06:00:00,96.88,,96.745,20250600,20250900,20250300
2024-05-27 07:00:00,96.88,,96.74,20250600,20250900,20250300
2024-05-27 08:00:00,96.88,,96.75,20250600,20250900,20250300
2024-05-27 09:00:00,,,96.74,20250600,20250900,20250300
2024-05-27 10:00:00,96.9,,96.76,20250600,20250900,20250300
2024-05-27 11:00:00,,,96.76,20250600,20250900,20250300
2024-05-27 12:00:00,96.93,,96.795,20250600,20250900,20250300
2024-05-27 13:00:00,96.945,,96.795,20250600,20250900,20250300
2024-05-27 14:00:00,,,96.8,20250600,20250900,20250300
2024-05-27 15:00:00,,,96.79,20250600,20250900,20250300
2024-05-28 05:00:00,96.925,,96.785,20250600,20250900,20250300
2024-05-28 06:00:00,96.94,,96.79,20250600,20250900,20250300
2024-05-28 07:00:00,96.925,,96.78,20250600,20250900,20250300
2024-05-28 08:00:00,96.94,,96.795,20250600,20250900,20250300
2024-05-28 09:00:00,96.925,,96.78,20250600,20250900,20250300
2024-05-28 10:00:00,,,96.78,20250600,20250900,20250300
2024-05-28 11:00:00,,,96.785,20250600,20250900,20250300
2024-05-28 12:00:00,,,96.8,20250600,20250900,20250300
2024-05-28 13:00:00,96.945,,96.8,20250600,20250900,20250300
2024-05-28 14:00:00,96.925,,96.785,20250600,20250900,20250300
2024-05-28 15:00:00,96.925,,96.78,20250600,20250900,20250300
2024-05-29 05:00:00,96.87,,96.745,20250600,20250900,20250300
2024-05-29 06:00:00,96.885,,96.75,20250600,20250900,20250300
2024-05-29 07:00:00,96.885,,96.75,20250600,20250900,20250300
2024-05-29 08:00:00,96.925,,96.79,20250600,20250900,20250300
2024-05-29 09:00:00,96.915,,96.77,20250600,20250900,20250300
2024-05-29 10:00:00,96.895,,96.77,20250600,20250900,20250300
2024-05-29 11:00:00,96.895,,96.75,20250600,20250900,20250300
2024-05-29 12:00:00,,,96.76,20250600,20250900,20250300
2024-05-29 13:00:00,96.88,,96.745,20250600,20250900,20250300
2024-05-29 14:00:00,,,96.745,20250600,20250900,20250300
2024-05-29 15:00:00,96.86,,96.74,20250600,20250900,20250300
2024-05-30 05:00:00,96.89,,96.765,20250600,20250900,20250300
2024-05-30 06:00:00,96.88,,96.75,20250600,20250900,20250300
2024-05-30 07:00:00,96.89,,96.755,20250600,20250900,20250300
2024-05-30 08:00:00,96.875,,96.745,20250600,20250900,20250300
2024-05-30 09:00:00,96.865,,96.745,20250600,20250900,20250300
2024-05-30 10:00:00,,,96.74,20250600,20250900,20250300
2024-05-30 11:00:00,,,96.74,20250600,20250900,20250300
2024-05-30 12:00:00,,,96.755,20250600,20250900,20250300
2024-05-30 13:00:00,,,96.755,20250600,20250900,20250300
2024-05-30 14:00:00,96.88,,96.755,20250600,20250900,20250300
2024-05-30 15:00:00,,,96.76,20250600,20250900,20250300
2024-05-31 05:00:00,96.895,,96.755,20250600,20250900,20250300
2024-05-31 06:00:00,96.89,,96.76,20250600,20250900,20250300
2024-05-31 07:00:00,96.875,,96.745,20250600,20250900,20250300
2024-05-31 08:00:00,96.875,,96.745,20250600,20250900,20250300
2024-05-31 09:00:00,,,96.72,20250600,20250900,20250300
2024-05-31 11:00:00,,,96.73,20250600,20250900,20250300
2024-05-31 12:00:00,,,96.74,20250600,20250900,20250300
2024-05-31 14:00:00,,,96.755,20250600,20250900,20250300
2024-05-31 15:00:00,,,96.75,20250600,20250900,20250300
2024-06-03 05:00:00,96.96,,96.81,20250600,20250900,20250300
2024-06-03 06:00:00,96.88,,96.745,20250600,20250900,20250300
2024-06-03 07:00:00,96.88,,96.745,20250600,20250900,20250300
2024-06-03 08:00:00,96.89,,96.755,20250600,20250900,20250300
2024-06-03 09:00:00,,,96.76,20250600,20250900,20250300
2024-06-03 10:00:00,96.91,,96.775,20250600,20250900,20250300
2024-06-03 11:00:00,96.93,,96.785,20250600,20250900,20250300
2024-06-03 12:00:00,96.94,,96.79,20250600,20250900,20250300
2024-06-03 13:00:00,96.935,,96.79,20250600,20250900,20250300
2024-06-03 14:00:00,96.965,,96.81,20250600,20250900,20250300
2024-06-03 15:00:00,,,96.805,20250600,20250900,20250300
2024-06-04 05:00:00,97.0,,96.795,20250600,20250900,20250300
2024-06-04 06:00:00,96.955,,96.81,20250600,20250900,20250300
2024-06-04 07:00:00,,,96.825,20250600,20250900,20250300
2024-06-04 09:00:00,,,96.82,20250600,20250900,20250300
2024-06-04 10:00:00,,,96.83,20250600,20250900,20250300
2024-06-04 11:00:00,,,96.815,20250600,20250900,20250300
2024-06-04 12:00:00,96.99,,96.83,20250600,20250900,20250300
2024-06-04 13:00:00,97.005,,96.845,20250600,20250900,20250300
2024-06-04 14:00:00,97.005,,96.84,20250600,20250900,20250300
2024-06-04 15:00:00,96.995,,,20250600,20250900,20250300
2024-06-05 05:00:00,97.015,,96.83,20250600,20250900,20250300
2024-06-05 06:00:00,96.98,,96.825,20250600,20250900,20250300
2024-06-05 07:00:00,96.99,,96.825,20250600,20250900,20250300
2024-06-05 08:00:00,96.985,,96.83,20250600,20250900,20250300
2024-06-05 09:00:00,96.98,,96.82,20250600,20250900,20250300
2024-06-05 10:00:00,,,96.83,20250600,20250900,20250300
2024-06-05 11:00:00,96.985,,96.835,20250600,20250900,20250300
2024-06-05 12:00:00,,,96.84,20250600,20250900,20250300
2024-06-05 13:00:00,97.005,,96.86,20250600,20250900,20250300
2024-06-05 14:00:00,97.005,,96.84,20250600,20250900,20250300
2024-06-05 15:00:00,,,96.855,20250600,20250900,20250300
2024-06-06 05:00:00,96.965,,96.855,20250600,20250900,20250300
2024-06-06 06:00:00,97.0,,96.845,20250600,20250900,20250300
2024-06-06 07:00:00,96.995,,96.84,20250600,20250900,20250300
2024-06-06 08:00:00,96.99,,96.845,20250600,20250900,20250300
2024-06-06 09:00:00,97.005,,,20250600,20250900,20250300
2024-06-06 10:00:00,97.01,,96.855,20250600,20250900,20250300
2024-06-06 11:00:00,,,96.85,20250600,20250900,20250300
2024-06-06 12:00:00,96.955,,96.795,20250600,20250900,20250300
2024-06-06 13:00:00,96.95,,96.805,20250600,20250900,20250300
2024-06-06 14:00:00,96.96,,96.81,20250600,20250900,20250300
2024-06-06 15:00:00,,,96.82,20250600,20250900,20250300
2024-06-07 05:00:00,96.89,,96.75,20250600,20250900,20250300
2024-06-07 06:00:00,96.945,,96.79,20250600,20250900,20250300
2024-06-07 07:00:00,,,96.8,20250600,20250900,20250300
2024-06-07 08:00:00,96.955,,96.8,20250600,20250900,20250300
2024-06-07 09:00:00,96.94,,96.785,20250600,20250900,20250300
2024-06-07 10:00:00,,,96.785,20250600,20250900,20250300
2024-06-07 11:00:00,96.93,,96.78,20250600,20250900,20250300
2024-06-07 12:00:00,96.89,,96.75,20250600,20250900,20250300
2024-06-07 13:00:00,,,96.755,20250600,20250900,20250300
2024-06-10 05:00:00,96.87,,96.76,20250600,20250900,20250300
2024-06-10 06:00:00,96.9,,96.76,20250600,20250900,20250300
2024-06-10 07:00:00,96.89,,96.75,20250600,20250900,20250300
2024-06-10 08:00:00,,,96.745,20250600,20250900,20250300
2024-06-10 10:00:00,,,96.74,20250600,20250900,20250300
2024-06-10 12:00:00,96.865,,96.73,20250600,20250900,20250300
2024-06-10 13:00:00,96.87,,,20250600,20250900,20250300
2024-06-10 14:00:00,,,96.73,20250600,20250900,20250300
2024-06-10 15:00:00,,,96.73,20250600,20250900,20250300
2024-06-11 05:00:00,96.92,,96.77,20250600,20250900,20250300
2024-06-11 06:00:00,96.88,,96.735,20250600,20250900,20250300
2024-06-11 07:00:00,96.865,,96.725,20250600,20250900,20250300
2024-06-11 08:00:00,96.87,,96.755,20250600,20250900,20250300
2024-06-11 09:00:00,96.9,,96.74,20250600,20250900,20250300
2024-06-11 10:00:00,96.9,,96.75,20250600,20250900,20250300
2024-06-11 11:00:00,96.89,,96.745,20250600,20250900,20250300
2024-06-11 12:00:00,96.915,,96.755,20250600,20250900,20250300
2024-06-11 13:00:00,96.915,,96.76,20250600,20250900,20250300
2024-06-11 14:00:00,96.92,,96.77,20250600,20250900,20250300
2024-06-11 15:00:00,96.92,,,20250600,20250900,20250300
2024-06-12 05:00:00,97.005,,96.845,20250600,20250900,20250300
2024-06-12 06:00:00,96.925,,96.775,20250600,20250900,20250300
2024-06-12 08:00:00,,,96.765,20250600,20250900,20250300
2024-06-12 09:00:00,96.915,,96.765,20250600,20250900,20250300
2024-06-12 10:00:00,96.915,,96.77,20250600,20250900,20250300
2024-06-12 11:00:00,,,96.77,20250600,20250900,20250300
2024-06-12 12:00:00,,,96.83,20250600,20250900,20250300
2024-06-12 13:00:00,,,96.85,20250600,20250900,20250300
2024-06-12 14:00:00,,,96.845,20250600,20250900,20250300
2024-06-12 15:00:00,,,96.845,20250600,20250900,20250300
2024-06-13 05:00:00,97.03,,96.855,20250600,20250900,20250300
2024-06-13 06:00:00,96.97,,96.82,20250600,20250900,20250300
2024-06-13 07:00:00,96.97,,96.81,20250600,20250900,20250300
2024-06-13 08:00:00,96.965,,96.805,20250600,20250900,20250300
2024-06-13 09:00:00,96.965,,,20250600,20250900,20250300
2024-06-13 10:00:00,96.97,,96.81,20250600,20250900,20250300
2024-06-13 11:00:00,96.975,,96.81,20250600,20250900,20250300
2024-06-13 12:00:00,96.975,,96.845,20250600,20250900,20250300
2024-06-13 13:00:00,,,96.835,20250600,20250900,20250300
2024-06-13 14:00:00,,,96.86,20250600,20250900,20250300
2024-06-13 15:00:00,,,96.86,20250600,20250900,20250300
2024-06-13 16:00:00,,,96.89,20250600,20250900,20250300
2024-06-14 05:00:00,97.13,,96.94,20250600,20250900,20250300
2024-06-14 06:00:00,97.04,,96.895,20250600,20250900,20250300
2024-06-14 07:00:00,97.09,,96.915,20250600,20250900,20250300
2024-06-14 08:00:00,,,96.92,20250600,20250900,20250300
2024-06-14 09:00:00,,,96.935,20250600,20250900,20250300
2024-06-14 10:00:00,97.13,,96.94,20250600,20250900,20250300
2024-06-14 11:00:00,,,96.935,20250600,20250900,20250300
2024-06-14 12:00:00,,,96.965,20250600,20250900,20250300
2024-06-14 13:00:00,,,96.94,20250600,20250900,20250300
2024-06-14 14:00:00,,,96.935,20250600,20250900,20250300
2024-06-14 15:00:00,97.13,,96.935,20250600,20250900,20250300
2024-06-17 05:00:00,97.105,,96.92,20250600,20250900,20250300
2024-06-17 06:00:00,97.145,,96.955,20250600,20250900,20250300
2024-06-17 07:00:00,97.13,,96.95,20250600,20250900,20250300
2024-06-17 08:00:00,97.12,,96.94,20250600,20250900,20250300
2024-06-17 09:00:00,97.115,,96.93,20250600,20250900,20250300
2024-06-17 10:00:00,97.115,,96.93,20250600,20250900,20250300
2024-06-17 11:00:00,97.085,,96.905,20250600,20250900,20250300
2024-06-17 12:00:00,97.085,,96.91,20250600,20250900,20250300
2024-06-17 13:00:00,97.075,,96.91,20250600,20250900,20250300
2024-06-17 14:00:00,97.09,,96.92,20250600,20250900,20250300
2024-06-18 05:00:00,97.12,,96.935,20250600,20250900,20250300
2024-06-18 06:00:00,97.1,,96.915,20250600,20250900,20250300
2024-06-18 07:00:00,97.08,,96.9,20250600,20250900,20250300
2024-06-18 08:00:00,97.085,,96.89,20250600,20250900,20250300
2024-06-18 09:00:00,97.08,,96.895,20250600,20250900,20250300
2024-06-18 10:00:00,97.08,,96.9,20250600,20250900,20250300
2024-06-18 11:00:00,97.09,,96.9,20250600,20250900,20250300
2024-06-18 12:00:00,97.09,,96.94,20250600,20250900,20250300
2024-06-18 13:00:00,97.11,,96.92,20250600,20250900,20250300
2024-06-18 14:00:00,97.115,,96.93,20250600,20250900,20250300
2024-06-18 15:00:00,,,96.935,20250600,20250900,20250300
2024-06-19 05:00:00,97.11,,96.92,20250600,20250900,20250300
2024-06-19 06:00:00,97.095,,96.935,20250600,20250900,20250300
2024-06-19 07:00:00,97.135,,96.935,20250600,20250900,20250300
2024-06-19 08:00:00,97.12,,96.925,20250600,20250900,20250300
2024-06-19 09:00:00,,,96.92,20250600,20250900,20250300
2024-06-19 10:00:00,97.115,,96.92,20250600,20250900,20250300
2024-06-19 11:00:00,97.095,,96.905,20250600,20250900,20250300
2024-06-19 12:00:00,97.095,,96.91,20250600,20250900,20250300
2024-06-19 13:00:00,97.1,,96.91,20250600,20250900,20250300
2024-06-19 14:00:00,97.11,,96.92,20250600,20250900,20250300
2024-06-19 15:00:00,97.115,,96.92,20250600,20250900,20250300
2024-06-20 05:00:00,97.08,,96.895,20250600,20250900,20250300
2024-06-20 06:00:00,97.095,,96.91,20250600,20250900,20250300
2024-06-20 07:00:00,97.08,,,20250600,20250900,20250300
2024-06-20 08:00:00,97.075,,,20250600,20250900,20250300
2024-06-20 09:00:00,97.075,,96.895,20250600,20250900,20250300
2024-06-20 10:00:00,97.07,,96.89,20250600,20250900,20250300
2024-06-20 11:00:00,97.095,,96.91,20250600,20250900,20250300
2024-06-20 12:00:00,97.075,,96.9,20250600,20250900,20250300
2024-06-20 13:00:00,97.08,,96.905,20250600,20250900,20250300
2024-06-20 14:00:00,97.075,,96.9,20250600,20250900,20250300
2024-06-20 15:00:00,97.085,,96.905,20250600,20250900,20250300
2024-06-21 05:00:00,97.13,,96.945,20250600,20250900,20250300
2024-06-21 06:00:00,97.11,,96.935,20250600,20250900,20250300
2024-06-21 07:00:00,97.115,,96.95,20250600,20250900,20250300
2024-06-21 08:00:00,97.16,,96.965,20250600,20250900,20250300
2024-06-21 09:00:00,97.155,,96.965,20250600,20250900,20250300
2024-06-21 10:00:00,97.175,,96.98,20250600,20250900,20250300
2024-06-21 11:00:00,97.16,,96.97,20250600,20250900,20250300
2024-06-21 12:00:00,97.15,,96.96,20250600,20250900,20250300
2024-06-21 13:00:00,97.14,,96.95,20250600,20250900,20250300
2024-06-21 14:00:00,97.12,,,20250600,20250900,20250300
2024-06-21 15:00:00,97.12,,,20250600,20250900,20250300
2024-06-24 05:00:00,97.11,,96.93,20250600,20250900,20250300
2024-06-24 06:00:00,97.125,,96.94,20250600,20250900,20250300
2024-06-24 07:00:00,97.125,,96.945,20250600,20250900,20250300
2024-06-24 08:00:00,97.13,,96.945,20250600,20250900,20250300
2024-06-24 09:00:00,97.11,,96.93,20250600,20250900,20250300
2024-06-24 10:00:00,97.11,,96.93,20250600,20250900,20250300
2024-06-24 11:00:00,97.11,,96.935,20250600,20250900,20250300
2024-06-24 12:00:00,97.115,,96.935,20250600,20250900,20250300
2024-06-24 13:00:00,97.12,,96.94,20250600,20250900,20250300
2024-06-24 14:00:00,97.11,,96.93,20250600,20250900,20250300
2024-06-24 15:00:00,97.115,,96.935,20250600,20250900,20250300
2024-06-25 05:00:00,97.13,,96.95,20250600,20250900,20250300
2024-06-25 06:00:00,97.125,,96.945,20250600,20250900,20250300
2024-06-25 07:00:00,97.13,,96.945,20250600,20250900,20250300
2024-06-25 08:00:00,97.115,,,20250600,20250900,20250300
2024-06-25 09:00:00,97.125,,96.95,20250600,20250900,20250300
2024-06-25 10:00:00,97.145,,96.96,20250600,20250900,20250300
2024-06-25 11:00:00,97.145,,96.965,20250600,20250900,20250300
2024-06-25 12:00:00,,,96.96,20250600,20250900,20250300
2024-06-25 13:00:00,97.13,,96.955,20250600,20250900,20250300
2024-06-25 14:00:00,97.135,,96.95,20250600,20250900,20250300
2024-06-25 15:00:00,97.115,,96.945,20250600,20250900,20250300
2024-06-26 05:00:00,97.105,,96.94,20250600,20250900,20250300
2024-06-26 06:00:00,97.115,,96.945,20250600,20250900,20250300
2024-06-26 07:00:00,97.12,,96.945,20250600,20250900,20250300
2024-06-26 08:00:00,,,96.945,20250600,20250900,20250300
2024-06-26 09:00:00,,,96.95,20250600,20250900,20250300
2024-06-26 10:00:00,,,96.95,20250600,20250900,20250300
2024-06-26 11:00:00,97.11,,,20250600,20250900,20250300
2024-06-26 12:00:00,97.12,,96.955,20250600,20250900,20250300
2024-06-26 13:00:00,97.115,,96.945,20250600,20250900,20250300
2024-06-26 14:00:00,97.105,,96.94,20250600,20250900,20250300
2024-06-26 15:00:00,97.095,,96.935,20250600,20250900,20250300
2024-06-27 05:00:00,97.095,,96.915,20250600,20250900,20250300
2024-06-27 06:00:00,97.085,,96.925,20250600,20250900,20250300
2024-06-27 07:00:00,97.07,,96.915,20250600,20250900,20250300
2024-06-27 08:00:00,97.08,,,20250600,20250900,20250300
2024-06-27 10:00:00,97.09,,96.925,20250600,20250900,20250300
2024-06-27 11:00:00,97.08,,96.92,20250600,20250900,20250300
2024-06-27 12:00:00,97.09,,96.92,20250600,20250900,20250300
2024-06-27 13:00:00,,,96.925,20250600,20250900,20250300
2024-06-27 15:00:00,,,96.93,20250600,20250900,20250300
2024-06-28 05:00:00,97.08,,96.92,20250600,20250900,20250300
2024-06-28 06:00:00,97.09,,96.92,20250600,20250900,20250300
2024-06-28 07:00:00,97.09,,,20250600,20250900,20250300
2024-06-28 08:00:00,97.08,,,20250600,20250900,20250300
2024-06-28 09:00:00,97.08,,96.915,20250600,20250900,20250300
2024-06-28 10:00:00,97.07,,,20250600,20250900,20250300
2024-06-28 11:00:00,,,96.91,20250600,20250900,20250300
2024-06-28 12:00:00,97.095,,96.91,20250600,20250900,20250300
2024-06-28 13:00:00,97.095,,,20250600,20250900,20250300
2024-06-28 14:00:00,97.09,,96.925,20250600,20250900,20250300
2024-07-01 05:00:00,97.015,,96.86,20250600,20250900,20250300
2024-07-01 06:00:00,97.06,,96.895,20250600,20250900,20250300
2024-07-01 07:00:00,97.06,,96.88,20250600,20250900,20250300
2024-07-01 08:00:00,97.02,,96.865,20250600,20250900,20250300
2024-07-01 09:00:00,97.01,,96.85,20250600,20250900,20250300
2024-07-01 10:00:00,97.03,,96.87,20250600,20250900,20250300
2024-07-01 11:00:00,97.03,,96.87,20250600,20250900,20250300
2024-07-01 12:00:00,97.025,,96.865,20250600,20250900,20250300
2024-07-01 13:00:00,97.025,,96.86,20250600,20250900,20250300
2024-07-01 14:00:00,97.015,,96.86,20250600,20250900,20250300
2024-07-01 15:00:00,97.02,,96.865,20250600,20250900,20250300
2024-07-02 05:00:00,97.06,,96.865,20250600,20250900,20250300
2024-07-02 06:00:00,97.035,,96.875,20250600,20250900,20250300
2024-07-02 07:00:00,97.045,,96.89,20250600,20250900,20250300
2024-07-02 08:00:00,97.05,,96.885,20250600,20250900,20250300
2024-07-02 09:00:00,97.045,,96.88,20250600,20250900,20250300
2024-07-02 10:00:00,97.04,,96.875,20250600,20250900,20250300
2024-07-02 11:00:00,97.03,,96.87,20250600,20250900,20250300
2024-07-02 12:00:00,97.05,,96.88,20250600,20250900,20250300
2024-07-02 13:00:00,97.055,,96.895,20250600,20250900,20250300
2024-07-02 14:00:00,,,96.895,20250600,20250900,20250300
2024-07-02 16:00:00,,,96.885,20250600,20250900,20250300
2024-07-03 05:00:00,97.065,,96.88,20250600,20250900,20250300
2024-07-03 06:00:00,97.035,,96.875,20250600,20250900,20250300
2024-07-03 07:00:00,97.025,,96.87,20250600,20250900,20250300
2024-07-03 08:00:00,97.01,,96.85,20250600,20250900,20250300
2024-07-03 09:00:00,97.02,,96.86,20250600,20250900,20250300
2024-07-03 10:00:00,97.025,,96.86,20250600,20250900,20250300
2024-07-03 11:00:00,97.02,,96.86,20250600,20250900,20250300
2024-07-03 12:00:00,97.02,,96.855,20250600,20250900,20250300
2024-07-03 13:00:00,97.02,,96.86,20250600,20250900,20250300
2024-07-03 14:00:00,97.06,,96.89,20250600,20250900,20250300
2024-07-03 15:00:00,,,96.89,20250600,20250900,20250300
2024-07-04 05:00:00,97.015,,96.88,20250600,20250900,20250300
2024-07-04 06:00:00,97.04,,96.875,20250600,20250900,20250300
2024-07-04 07:00:00,97.035,,96.87,20250600,20250900,20250300
2024-07-04 08:00:00,97.03,,96.865,20250600,20250900,20250300
2024-07-04 09:00:00,97.02,,96.86,20250600,20250900,20250300
2024-07-04 10:00:00,97.02,,96.86,20250600,20250900,20250300
2024-07-04 11:00:00,97.025,,96.865,20250600,20250900,20250300
2024-07-04 12:00:00,97.025,,,20250600,20250900,20250300
2024-07-04 14:00:00,97.02,,,20250600,20250900,20250300
2024-07-04 15:00:00,97.015,,96.855,20250600,20250900,20250300
2024-07-05 05:00:00,97.065,,96.895,20250600,20250900,20250300
2024-07-05 06:00:00,97.025,,96.86,20250600,20250900,20250300
2024-07-05 07:00:00,97.02,,96.86,20250600,20250900,20250300
2024-07-05 08:00:00,97.02,,96.86,20250600,20250900,20250300
2024-07-05 09:00:00,97.02,,96.86,20250600,20250900,20250300
2024-07-05 10:00:00,97.025,,96.865,20250600,20250900,20250300
2024-07-05 11:00:00,97.015,,96.855,20250600,20250900,20250300
2024-07-05 12:00:00,97.03,,96.865,20250600,20250900,20250300
2024-07-05 13:00:00,,,96.88,20250600,20250900,20250300
2024-07-05 14:00:00,,,96.88,20250600,20250900,20250300
2024-07-05 15:00:00,,,96.895,20250600,20250900,20250300
2024-07-08 05:00:00,97.065,,96.9,20250600,20250900,20250300
2024-07-08 06:00:00,97.055,,96.885,20250600,20250900,20250300
2024-07-08 07:00:00,97.045,,96.88,20250600,20250900,20250300
2024-07-08 08:00:00,97.045,,96.88,20250600,20250900,20250300
2024-07-08 09:00:00,97.035,,96.875,20250600,20250900,20250300
2024-07-08 10:00:00,97.045,,96.88,20250600,20250900,20250300
2024-07-08 11:00:00,97.045,,96.88,20250600,20250900,20250300
2024-07-08 12:00:00,97.055,,96.885,20250600,20250900,20250300
2024-07-08 13:00:00,97.065,,96.895,20250600,20250900,20250300
2024-07-08 14:00:00,97.065,,96.895,20250600,20250900,20250300
2024-07-08 15:00:00,97.06,,96.895,20250600,20250900,20250300
2024-07-09 05:00:00,97.045,,96.885,20250600,20250900,20250300
2024-07-09 06:00:00,97.05,,96.88,20250600,20250900,20250300
2024-07-09 07:00:00,97.045,,96.875,20250600,20250900,20250300
2024-07-09 08:00:00,97.045,,96.875,20250600,20250900,20250300
2024-07-09 09:00:00,97.045,,,20250600,20250900,20250300
2024-07-09 10:00:00,97.045,,96.875,20250600,20250900,20250300
2024-07-09 11:00:00,97.045,,96.88,20250600,20250900,20250300
2024-07-09 12:00:00,97.045,,96.875,20250600,20250900,20250300
2024-07-09 13:00:00,97.06,,96.89,20250600,20250900,20250300
2024-07-09 14:00:00,97.05,,96.875,20250600,20250900,20250300
2024-07-09 15:00:00,97.04,,96.875,20250600,20250900,20250300
2024-07-10 05:00:00,97.08,,96.9,20250600,20250900,20250300
2024-07-10 06:00:00,97.055,,96.885,20250600,20250900,20250300
2024-07-10 07:00:00,97.06,,96.885,20250600,20250900,20250300
2024-07-10 08:00:00,97.07,,96.895,20250600,20250900,20250300
2024-07-10 09:00:00,97.065,,96.89,20250600,20250900,20250300
2024-07-10 10:00:00,97.07,,96.89,20250600,20250900,20250300
2024-07-10 11:00:00,97.08,,96.9,20250600,20250900,20250300
2024-07-10 12:00:00,97.075,,96.895,20250600,20250900,20250300
2024-07-10 13:00:00,97.07,,96.89,20250600,20250900,20250300
2024-07-10 14:00:00,97.07,,96.895,20250600,20250900,20250300
2024-07-10 15:00:00,,,96.895,20250600,20250900,20250300
2024-07-11 05:00:00,97.19,,96.99,20250600,20250900,20250300
2024-07-11 06:00:00,97.07,,96.89,20250600,20250900,20250300
2024-07-11 07:00:00,,,96.89,20250600,20250900,20250300
2024-07-11 08:00:00,97.065,,96.89,20250600,20250900,20250300
2024-07-11 09:00:00,97.07,,96.89,20250600,20250900,20250300
2024-07-11 10:00:00,97.06,,96.89,20250600,20250900,20250300
2024-07-11 11:00:00,97.06,,,20250600,20250900,20250300
2024-07-11 12:00:00,97.145,,96.955,20250600,20250900,20250300
2024-07-11 13:00:00,97.155,,96.96,20250600,20250900,20250300
2024-07-11 14:00:00,97.17,,96.98,20250600,20250900,20250300
2024-07-11 15:00:00,97.18,,96.99,20250600,20250900,20250300
2024-07-12 05:00:00,97.165,,96.975,20250600,20250900,20250300
2024-07-12 06:00:00,97.165,,96.975,20250600,20250900,20250300
2024-07-12 07:00:00,97.16,,,20250600,20250900,20250300
2024-07-12 08:00:00,97.16,,96.97,20250600,20250900,20250300
2024-07-12 09:00:00,97.16,,96.965,20250600,20250900,20250300
2024-07-12 10:00:00,97.155,,96.965,20250600,20250900,20250300
2024-07-12 11:00:00,97.15,,96.965,20250600,20250900,20250300
2024-07-12 12:00:00,97.17,,96.975,20250600,20250900,20250300
2024-07-12 13:00:00,97.165,,96.975,20250600,20250900,20250300
2024-07-12 14:00:00,97.17,,96.98,20250600,20250900,20250300
2024-07-12 15:00:00,97.17,,,20250600,20250900,20250300
2024-07-15 05:00:00,97.195,,96.99,20250600,20250900,20250300
2024-07-15 06:00:00,97.18,,96.985,20250600,20250900,20250300
2024-07-15 07:00:00,97.2,,97.0,20250600,20250900,20250300
2024-07-15 08:00:00,97.195,,97.0,20250600,20250900,20250300
2024-07-15 09:00:00,97.195,,96.985,20250600,20250900,20250300
2024-07-15 10:00:00,97.175,,96.98,20250600,20250900,20250300
2024-07-15 11:00:00,97.165,,96.97,20250600,20250900,20250300
2024-07-15 12:00:00,97.17,,96.975,20250600,20250900,20250300
2024-07-15 13:00:00,97.18,,,20250600,20250900,20250300
2024-07-15 14:00:00,97.185,,,20250600,20250900,20250300
2024-07-15 15:00:00,,,96.99,20250600,20250900,20250300
2024-07-16 05:00:00,97.24,,97.03,20250600,20250900,20250300
2024-07-16 06:00:00,97.21,,97.005,20250600,20250900,20250300
2024-07-16 07:00:00,97.23,,97.02,20250600,20250900,20250300
2024-07-16 08:00:00,97.235,,,20250600,20250900,20250300
2024-07-16 09:00:00,97.25,,97.035,20250600,20250900,20250300
2024-07-16 10:00:00,97.245,,97.03,20250600,20250900,20250300
2024-07-16 11:00:00,97.25,,97.035,20250600,20250900,20250300
2024-07-16 12:00:00,97.24,,97.015,20250600,20250900,20250300
2024-07-16 13:00:00,97.225,,,20250600,20250900,20250300
2024-07-16 14:00:00,97.235,,97.02,20250600,20250900,20250300
2024-07-16 15:00:00,97.235,,97.025,20250600,20250900,20250300
2024-07-16 16:00:00,97.24,,,20250600,20250900,20250300
2024-07-17 05:00:00,97.225,,97.015,20250600,20250900,20250300
2024-07-17 06:00:00,97.235,,97.025,20250600,20250900,20250300
2024-07-17 07:00:00,97.235,,97.025,20250600,20250900,20250300
2024-07-17 08:00:00,97.245,,97.03,20250600,20250900,20250300
2024-07-17 09:00:00,97.235,,97.025,20250600,20250900,20250300
2024-07-17 10:00:00,97.225,,97.01,20250600,20250900,20250300
2024-07-17 11:00:00,97.22,,97.01,20250600,20250900,20250300
2024-07-17 12:00:00,97.205,,97.0,20250600,20250900,20250300
2024-07-17 13:00:00,97.22,,97.01,20250600,20250900,20250300
2024-07-17 14:00:00,97.225,,97.005,20250600,20250900,20250300
2024-07-17 15:00:00,97.22,,,20250600,20250900,20250300
2024-07-18 05:00:00,97.26,,97.015,20250600,20250900,20250300
2024-07-18 06:00:00,97.23,,97.02,20250600,20250900,20250300
2024-07-18 07:00:00,97.23,,97.015,20250600,20250900,20250300
2024-07-18 08:00:00,97.21,,97.0,20250600,20250900,20250300
2024-07-18 09:00:00,97.205,,96.995,20250600,20250900,20250300
2024-07-18 10:00:00,97.205,,96.995,20250600,20250900,20250300
2024-07-18 11:00:00,97.205,,97.0,20250600,20250900,20250300
2024-07-18 12:00:00,97.225,,97.015,20250600,20250900,20250300
2024-07-18 13:00:00,97.245,,97.025,20250600,20250900,20250300
2024-07-18 14:00:00,97.26,,97.035,20250600,20250900,20250300
2024-07-18 15:00:00,,,97.03,20250600,20250900,20250300
2024-07-19 05:00:00,97.235,,97.015,20250600,20250900,20250300
2024-07-19 06:00:00,97.26,,97.025,20250600,20250900,20250300
2024-07-19 07:00:00,,,97.025,20250600,20250900,20250300
2024-07-19 08:00:00,,,97.03,20250600,20250900,20250300
2024-07-19 09:00:00,97.255,,,20250600,20250900,20250300
2024-07-19 10:00:00,97.25,,97.015,20250600,20250900,20250300
2024-07-19 11:00:00,97.24,,97.015,20250600,20250900,20250300
2024-07-19 12:00:00,97.225,,97.005,20250600,20250900,20250300
2024-07-19 13:00:00,97.22,,97.005,20250600,20250900,20250300
2024-07-19 14:00:00,97.23,,97.01,20250600,20250900,20250300
2024-07-19 15:00:00,97.23,,97.01,20250600,20250900,20250300
2024-07-22 05:00:00,97.19,,96.985,20250600,20250900,20250300
2024-07-22 06:00:00,97.23,,97.01,20250600,20250900,20250300
2024-07-22 07:00:00,97.22,,97.005,20250600,20250900,20250300
2024-07-22 08:00:00,97.2,,96.99,20250600,20250900,20250300
2024-07-22 09:00:00,97.2,,96.99,20250600,20250900,20250300
2024-07-22 10:00:00,97.21,,96.995,20250600,20250900,20250300
2024-07-22 11:00:00,97.205,,96.99,20250600,20250900,20250300
2024-07-22 12:00:00,97.205,,96.99,20250600,20250900,20250300
2024-07-22 13:00:00,97.185,,96.98,20250600,20250900,20250300
2024-07-22 14:00:00,97.185,,96.98,20250600,20250900,20250300
2024-07-22 15:00:00,97.18,,96.98,20250600,20250900,20250300
2024-07-23 05:00:00,97.23,,97.015,20250600,20250900,20250300
2024-07-23 06:00:00,97.185,,96.975,20250600,20250900,20250300
2024-07-23 07:00:00,97.205,,96.995,20250600,20250900,20250300
2024-07-23 08:00:00,97.205,,96.99,20250600,20250900,20250300
2024-07-23 09:00:00,97.21,,96.995,20250600,20250900,20250300
2024-07-23 10:00:00,97.22,,97.0,20250600,20250900,20250300
2024-07-23 11:00:00,97.215,,97.0,20250600,20250900,20250300
2024-07-23 12:00:00,97.22,,97.005,20250600,20250900,20250300
2024-07-23 13:00:00,97.22,,,20250600,20250900,20250300
2024-07-23 14:00:00,97.225,,97.015,20250600,20250900,20250300
2024-07-23 15:00:00,97.225,,,20250600,20250900,20250300
2024-07-24 05:00:00,97.3,,97.08,20250600,20250900,20250300
2024-07-24 06:00:00,97.25,,97.03,20250600,20250900,20250300
2024-07-24 07:00:00,97.28,,97.06,20250600,20250900,20250300
2024-07-24 08:00:00,97.265,,97.05,20250600,20250900,20250300
2024-07-24 09:00:00,97.26,,97.04,20250600,20250900,20250300
2024-07-24 10:00:00,97.275,,97.04,20250600,20250900,20250300
2024-07-24 11:00:00,97.275,,97.05,20250600,20250900,20250300
2024-07-24 12:00:00,97.28,,97.055,20250600,20250900,20250300
2024-07-24 13:00:00,97.29,,97.065,20250600,20250900,20250300
2024-07-24 14:00:00,,,97.07,20250600,20250900,20250300
2024-07-24 15:00:00,97.295,,97.075,20250600,20250900,20250300
2024-07-25 05:00:00,97.34,,97.125,20250600,20250900,20250300
2024-07-25 06:00:00,97.32,,97.09,20250600,20250900,20250300
2024-07-25 07:00:00,97.35,,97.125,20250600,20250900,20250300
2024-07-25 08:00:00,97.36,,97.13,20250600,20250900,20250300
2024-07-25 09:00:00,97.355,,97.13,20250600,20250900,20250300
2024-07-25 10:00:00,97.355,,97.13,20250600,20250900,20250300
2024-07-25 11:00:00,97.35,,97.13,20250600,20250900,20250300
2024-07-25 12:00:00,97.325,,97.105,20250600,20250900,20250300
2024-07-25 13:00:00,,,97.1,20250600,20250900,20250300
2024-07-25 14:00:00,97.34,,,20250600,20250900,20250300
2024-07-25 15:00:00,,,97.12,20250600,20250900,20250300
2024-07-26 05:00:00,97.35,,97.105,20250600,20250900,20250300
2024-07-26 06:00:00,97.32,,97.11,20250600,20250900,20250300
2024-07-26 07:00:00,97.32,,97.105,20250600,20250900,20250300
2024-07-26 08:00:00,97.31,,97.1,20250600,20250900,20250300
2024-07-26 09:00:00,97.32,,,20250600,20250900,20250300
2024-07-26 10:00:00,97.32,,97.105,20250600,20250900,20250300
2024-07-26 11:00:00,97.305,,97.095,20250600,20250900,20250300
2024-07-26 12:00:00,97.32,,97.09,20250600,20250900,20250300
2024-07-26 13:00:00,97.34,,,20250600,20250900,20250300
2024-07-26 14:00:00,97.355,,,20250600,20250900,20250300
2024-07-29 05:00:00,97.365,,97.14,20250600,20250900,20250300
2024-07-29 06:00:00,97.355,,97.13,20250600,20250900,20250300
2024-07-29 07:00:00,97.36,,97.135,20250600,20250900,20250300
2024-07-29 08:00:00,97.38,,97.15,20250600,20250900,20250300
2024-07-29 09:00:00,97.38,,97.15,20250600,20250900,20250300
2024-07-29 10:00:00,97.375,,97.15,20250600,20250900,20250300
2024-07-29 11:00:00,,,97.145,20250600,20250900,20250300
2024-07-29 12:00:00,97.36,,97.135,20250600,20250900,20250300
2024-07-29 13:00:00,97.355,,97.13,20250600,20250900,20250300
2024-07-29 14:00:00,97.355,,97.135,20250600,20250900,20250300
2024-07-29 15:00:00,97.36,,97.14,20250600,20250900,20250300
2024-07-30 05:00:00,97.35,,97.19,20250600,20250900,20250300
2024-07-30 06:00:00,97.365,,97.13,20250600,20250900,20250300
2024-07-30 07:00:00,97.38,,97.15,20250600,20250900,20250300
2024-07-30 08:00:00,97.355,,97.135,20250600,20250900,20250300
2024-07-30 09:00:00,97.36,,97.135,20250600,20250900,20250300
2024-07-30 12:00:00,97.365,,,20250600,20250900,20250300
2024-07-30 13:00:00,97.39,,97.16,20250600,20250900,20250300
2024-07-30 14:00:00,97.405,,97.175,20250600,20250900,20250300
2024-07-30 15:00:00,97.415,,97.18,20250600,20250900,20250300
2024-07-31 05:00:00,97.455,,97.22,20250600,20250900,20250300
2024-07-31 06:00:00,97.435,,97.205,20250600,20250900,20250300
2024-07-31 07:00:00,97.46,,97.225,20250600,20250900,20250300
2024-07-31 08:00:00,97.46,,97.22,20250600,20250900,20250300
2024-07-31 09:00:00,97.44,,97.205,20250600,20250900,20250300
2024-07-31 10:00:00,,,97.21,20250600,20250900,20250300
2024-07-31 12:00:00,97.45,,97.215,20250600,20250900,20250300
2024-07-31 13:00:00,97.46,,,20250600,20250900,20250300
2024-07-31 14:00:00,97.455,,97.225,20250600,20250900,20250300
2024-07-31 15:00:00,97.45,,97.22,20250600,20250900,20250300
2024-08-01 05:00:00,97.53,,97.28,20250600,20250900,20250300
2024-08-01 06:00:00,97.475,,97.235,20250600,20250900,20250300
2024-08-01 07:00:00,97.46,,97.225,20250600,20250900,20250300
2024-08-01 08:00:00,97.465,,97.225,20250600,20250900,20250300
2024-08-01 11:00:00,97.455,,,20250600,20250900,20250300
2024-08-01 12:00:00,,,97.235,20250600,20250900,20250300
2024-08-01 13:00:00,97.48,,97.23,20250600,20250900,20250300
2024-08-01 14:00:00,97.52,,97.275,20250600,20250900,20250300
2024-08-01 15:00:00,97.525,,97.28,20250600,20250900,20250300
2024-08-02 05:00:00,97.625,,97.41,20250600,20250900,20250300
2024-08-02 06:00:00,97.595,,97.36,20250600,20250900,20250300
2024-08-02 07:00:00,97.575,,97.33,20250600,20250900,20250300
2024-08-02 08:00:00,97.545,,97.315,20250600,20250900,20250300
2024-08-02 09:00:00,97.555,,97.3,20250600,20250900,20250300
2024-08-02 10:00:00,97.545,,97.32,20250600,20250900,20250300
2024-08-02 11:00:00,97.54,,97.315,20250600,20250900,20250300
2024-08-02 12:00:00,97.645,,97.375,20250600,20250900,20250300
2024-08-02 13:00:00,97.615,,97.395,20250600,20250900,20250300
2024-08-02 14:00:00,97.655,,97.435,20250600,20250900,20250300
2024-08-02 15:00:00,97.645,,,20250600,20250900,20250300
2024-08-05 05:00:00,97.68,,97.485,20250600,20250900,20250300
2024-08-05 07:00:00,97.665,,97.48,20250600,20250900,20250300
2024-08-05 08:00:00,,,97.475,20250600,20250900,20250300
2024-08-05 09:00:00,97.735,,97.535,20250600,20250900,20250300
2024-08-05 10:00:00,97.745,,97.555,20250600,20250900,20250300
2024-08-05 11:00:00,97.735,,97.555,20250600,20250900,20250300
2024-08-05 12:00:00,97.775,,97.6,20250600,20250900,20250300
2024-08-05 13:00:00,97.735,,97.53,20250600,20250900,20250300
2024-08-05 14:00:00,97.705,,97.49,20250600,20250900,20250300
2024-08-06 05:00:00,97.635,,97.42,20250600,20250900,20250300
2024-08-06 06:00:00,97.605,,97.42,20250600,20250900,20250300
2024-08-06 07:00:00,97.585,,97.395,20250600,20250900,20250300
2024-08-06 08:00:00,,,97.41,20250600,20250900,20250300
2024-08-06 09:00:00,,,97.43,20250600,20250900,20250300
2024-08-06 10:00:00,97.635,,97.435,20250600,20250900,20250300
2024-08-06 11:00:00,97.635,,97.435,20250600,20250900,20250300
2024-08-06 12:00:00,97.645,,97.475,20250600,20250900,20250300
2024-08-06 13:00:00,97.685,,97.455,20250600,20250900,20250300
2024-08-06 14:00:00,97.63,,97.42,20250600,20250900,20250300
2024-08-06 15:00:00,97.64,,97.425,20250600,20250900,20250300
2024-08-07 05:00:00,97.6,,97.38,20250600,20250900,20250300
2024-08-07 06:00:00,97.615,,97.39,20250600,20250900,20250300
2024-08-07 07:00:00,97.585,,97.36,20250600,20250900,20250300
2024-08-07 08:00:00,97.56,,97.345,20250600,20250900,20250300
2024-08-07 09:00:00,97.575,,97.355,20250600,20250900,20250300
2024-08-07 10:00:00,97.575,,97.36,20250600,20250900,20250300
2024-08-07 11:00:00,97.59,,97.375,20250600,20250900,20250300
2024-08-07 12:00:00,97.61,,97.385,20250600,20250900,20250300
2024-08-07 13:00:00,97.59,,97.37,20250600,20250900,20250300
2024-08-07 14:00:00,97.6,,97.375,20250600,20250900,20250300
2024-08-07 15:00:00,97.595,,97.375,20250600,20250900,20250300
2024-08-08 05:00:00,97.6,,97.38,20250600,20250900,20250300
2024-08-08 06:00:00,97.645,,97.41,20250600,20250900,20250300
2024-08-08 07:00:00,97.665,,97.43,20250600,20250900,20250300
2024-08-08 08:00:00,97.65,,97.41,20250600,20250900,20250300
2024-08-08 09:00:00,97.66,,97.425,20250600,20250900,20250300
2024-08-08 10:00:00,97.645,,97.42,20250600,20250900,20250300
2024-08-08 11:00:00,97.64,,97.42,20250600,20250900,20250300
2024-08-08 12:00:00,97.615,,97.38,20250600,20250900,20250300
2024-08-08 13:00:00,97.6,,97.36,20250600,20250900,20250300
2024-08-08 14:00:00,97.59,,97.375,20250600,20250900,20250300
2024-08-08 15:00:00,97.6,,97.37,20250600,20250900,20250300
2024-08-09 05:00:00,97.605,,97.38,20250600,20250900,20250300
2024-08-09 06:00:00,97.61,,97.39,20250600,20250900,20250300
2024-08-09 07:00:00,97.595,,97.375,20250600,20250900,20250300
2024-08-09 08:00:00,97.59,,97.37,20250600,20250900,20250300
2024-08-09 09:00:00,97.585,,97.365,20250600,20250900,20250300
2024-08-09 10:00:00,97.595,,97.365,20250600,20250900,20250300
2024-08-09 11:00:00,97.6,,97.375,20250600,20250900,20250300
2024-08-09 12:00:00,97.605,,97.385,20250600,20250900,20250300
2024-08-09 13:00:00,97.61,,97.385,20250600,20250900,20250300
2024-08-09 14:00:00,97.61,,97.385,20250600,20250900,20250300
2024-08-09 15:00:00,97.605,,97.38,20250600,20250900,20250300
2024-08-09 16:00:00,97.6,,,20250600,20250900,20250300
2024-08-12 05:00:00,97.59,,97.365,20250600,20250900,20250300
2024-08-12 06:00:00,97.575,,97.355,20250600,20250900,20250300
2024-08-12 07:00:00,97.6,,97.36,20250600,20250900,20250300
2024-08-12 08:00:00,97.59,,97.365,20250600,20250900,20250300
2024-08-12 09:00:00,97.58,,97.36,20250600,20250900,20250300
2024-08-12 10:00:00,97.58,,97.36,20250600,20250900,20250300
2024-08-12 11:00:00,97.58,,97.36,20250600,20250900,20250300
2024-08-12 12:00:00,97.585,,97.37,20250600,20250900,20250300
2024-08-12 13:00:00,97.61,,97.385,20250600,20250900,20250300
2024-08-12 14:00:00,97.6,,97.38,20250600,20250900,20250300
2024-08-12 15:00:00,97.595,,97.375,20250600,20250900,20250300
2024-08-13 05:00:00,97.67,,97.44,20250600,20250900,20250300
2024-08-13 06:00:00,97.605,,97.375,20250600,20250900,20250300
2024-08-13 07:00:00,97.61,,97.385,20250600,20250900,20250300
2024-08-13 08:00:00,97.61,,97.385,20250600,20250900,20250300
2024-08-13 09:00:00,97.61,,97.39,20250600,20250900,20250300
2024-08-13 10:00:00,97.625,,97.4,20250600,20250900,20250300
2024-08-13 11:00:00,97.635,,97.41,20250600,20250900,20250300
2024-08-13 12:00:00,97.645,,97.415,20250600,20250900,20250300
2024-08-13 13:00:00,97.64,,97.42,20250600,20250900,20250300
2024-08-13 14:00:00,97.665,,97.43,20250600,20250900,20250300
2024-08-13 15:00:00,97.67,,97.445,20250600,20250900,20250300
2024-08-14 05:00:00,97.665,,97.44,20250600,20250900,20250300
2024-08-14 06:00:00,97.68,,97.45,20250600,20250900,20250300
2024-08-14 07:00:00,97.675,,97.435,20250600,20250900,20250300
2024-08-14 08:00:00,97.655,,97.425,20250600,20250900,20250300
2024-08-14 09:00:00,97.665,,97.43,20250600,20250900,20250300
2024-08-14 10:00:00,97.67,,97.44,20250600,20250900,20250300
2024-08-14 11:00:00,97.66,,97.435,20250600,20250900,20250300
2024-08-14 12:00:00,97.64,,97.425,20250600,20250900,20250300
2024-08-14 13:00:00,97.66,,97.435,20250600,20250900,20250300
2024-08-14 14:00:00,97.66,,97.435,20250600,20250900,20250300
2024-08-14 15:00:00,97.675,,97.445,20250600,20250900,20250300
2024-08-15 05:00:00,97.555,,97.34,20250600,20250900,20250300
2024-08-15 06:00:00,97.66,,97.435,20250600,20250900,20250300
2024-08-15 07:00:00,97.66,,97.435,20250600,20250900,20250300
2024-08-15 08:00:00,97.65,,97.425,20250600,20250900,20250300
2024-08-15 09:00:00,97.65,,97.43,20250600,20250900,20250300
2024-08-15 10:00:00,97.65,,97.43,20250600,20250900,20250300
2024-08-15 11:00:00,97.655,,97.435,20250600,20250900,20250300
2024-08-15 12:00:00,97.615,,97.37,20250600,20250900,20250300
2024-08-15 13:00:00,97.58,,,20250600,20250900,20250300
2024-08-15 14:00:00,97.555,,97.345,20250600,20250900,20250300
2024-08-15 15:00:00,97.55,,97.325,20250600,20250900,20250300
2024-08-16 05:00:00,97.565,,97.35,20250600,20250900,20250300
2024-08-16 06:00:00,97.545,,97.33,20250600,20250900,20250300
2024-08-16 07:00:00,97.535,,97.325,20250600,20250900,20250300
2024-08-16 08:00:00,97.535,,97.335,20250600,20250900,20250300
2024-08-16 09:00:00,97.56,,97.345,20250600,20250900,20250300
2024-08-16 10:00:00,97.58,,97.36,20250600,20250900,20250300
2024-08-16 11:00:00,97.595,,97.375,20250600,20250900,20250300
2024-08-16 12:00:00,97.595,,97.37,20250600,20250900,20250300
2024-08-16 13:00:00,97.585,,97.36,20250600,20250900,20250300
2024-08-16 14:00:00,97.565,,97.345,20250600,20250900,20250300
2024-08-16 15:00:00,97.55,,97.335,20250600,20250900,20250300
2024-08-19 05:00:00,97.56,,97.34,20250600,20250900,20250300
2024-08-19 06:00:00,97.58,,97.36,20250600,20250900,20250300
2024-08-19 07:00:00,97.585,,97.37,20250600,20250900,20250300
2024-08-19 08:00:00,97.595,,97.375,20250600,20250900,20250300
2024-08-19 09:00:00,97.59,,97.37,20250600,20250900,20250300
2024-08-19 10:00:00,97.59,,97.365,20250600,20250900,20250300
2024-08-19 11:00:00,97.585,,97.36,20250600,20250900,20250300
2024-08-19 12:00:00,97.59,,97.35,20250600,20250900,20250300
2024-08-19 13:00:00,97.56,,97.34,20250600,20250900,20250300
2024-08-19 14:00:00,97.56,,97.34,20250600,20250900,20250300
2024-08-19 15:00:00,97.555,,,20250600,20250900,20250300
2024-08-20 05:00:00,97.61,,97.38,20250600,20250900,20250300
2024-08-20 06:00:00,97.56,,97.345,20250600,20250900,20250300
2024-08-20 07:00:00,97.575,,97.355,20250600,20250900,20250300
2024-08-20 08:00:00,97.58,,97.36,20250600,20250900,20250300
2024-08-20 09:00:00,97.575,,97.355,20250600,20250900,20250300
2024-08-20 10:00:00,97.57,,,20250600,20250900,20250300
2024-08-20 11:00:00,,,97.36,20250600,20250900,20250300
2024-08-20 12:00:00,97.585,,97.37,20250600,20250900,20250300
2024-08-20 13:00:00,97.595,,97.37,20250600,20250900,20250300
2024-08-20 14:00:00,97.6,,97.375,20250600,20250900,20250300
2024-08-20 15:00:00,97.605,,97.38,20250600,20250900,20250300
2024-08-21 05:00:00,97.655,,97.425,20250600,20250900,20250300
2024-08-21 06:00:00,97.605,,97.385,20250600,20250900,20250300
2024-08-21 07:00:00,97.615,,97.38,20250600,20250900,20250300
2024-08-21 08:00:00,97.615,,97.385,20250600,20250900,20250300
2024-08-21 09:00:00,97.62,,97.385,20250600,20250900,20250300
2024-08-21 11:00:00,97.615,,97.39,20250600,20250900,20250300
2024-08-21 12:00:00,97.63,,97.395,20250600,20250900,20250300
2024-08-21 13:00:00,97.635,,97.41,20250600,20250900,20250300
2024-08-21 14:00:00,97.63,,97.42,20250600,20250900,20250300
2024-08-21 15:00:00,,,97.415,20250600,20250900,20250300
2024-08-22 05:00:00,97.61,,97.38,20250600,20250900,20250300
2024-08-22 06:00:00,97.66,,97.425,20250600,20250900,20250300
2024-08-22 07:00:00,97.68,,97.445,20250600,20250900,20250300
2024-08-22 08:00:00,97.63,,97.415,20250600,20250900,20250300
2024-08-22 09:00:00,97.645,,97.41,20250600,20250900,20250300
2024-08-22 11:00:00,97.63,,97.38,20250600,20250900,20250300
2024-08-22 12:00:00,97.615,,97.385,20250600,20250900,20250300
2024-08-22 13:00:00,97.62,,97.39,20250600,20250900,20250300
2024-08-22 14:00:00,,,97.38,20250600,20250900,20250300
2024-08-22 15:00:00,,,97.375,20250600,20250900,20250300
2024-08-23 05:00:00,97.645,,97.415,20250600,20250900,20250300
2024-08-23 06:00:00,97.615,,97.385,20250600,20250900,20250300
2024-08-23 07:00:00,97.595,,97.365,20250600,20250900,20250300
2024-08-23 08:00:00,97.585,,97.36,20250600,20250900,20250300
2024-08-23 09:00:00,97.585,,97.36,20250600,20250900,20250300
2024-08-23 10:00:00,97.585,,97.37,20250600,20250900,20250300
2024-08-23 11:00:00,97.585,,97.365,20250600,20250900,20250300
2024-08-23 12:00:00,97.595,,97.37,20250600,20250900,20250300
2024-08-23 13:00:00,97.6,,97.375,20250600,20250900,20250300
2024-08-23 14:00:00,97.635,,97.41,20250600,20250900,20250300
2024-08-23 15:00:00,97.635,,97.42,20250600,20250900,20250300
2024-08-26 05:00:00,97.62,97.75,97.39,20250600,20250900,20250300
2024-08-26 06:00:00,97.77,,97.64,20250900,20251200,20250600
2024-08-26 07:00:00,97.755,,97.625,20250900,20251200,20250600
2024-08-26 08:00:00,,,97.625,20250900,20251200,20250600
2024-08-26 09:00:00,97.745,,97.625,20250900,20251200,20250600
2024-08-26 10:00:00,97.75,,97.625,20250900,20251200,20250600
2024-08-26 11:00:00,97.735,,97.615,20250900,20251200,20250600
2024-08-26 12:00:00,97.75,,97.62,20250900,20251200,20250600
2024-08-26 13:00:00,,,97.62,20250900,20251200,20250600
2024-08-26 14:00:00,97.75,,97.625,20250900,20251200,20250600
2024-08-26 15:00:00,97.74,,97.615,20250900,20251200,20250600
2024-08-27 05:00:00,97.73,,97.605,20250900,20251200,20250600
2024-08-27 06:00:00,97.74,,97.61,20250900,20251200,20250600
2024-08-27 07:00:00,97.74,,97.615,20250900,20251200,20250600
2024-08-27 08:00:00,,,97.6,20250900,20251200,20250600
2024-08-27 09:00:00,97.73,,97.6,20250900,20251200,20250600
2024-08-27 10:00:00,97.725,,97.6,20250900,20251200,20250600
2024-08-27 11:00:00,97.72,,97.595,20250900,20251200,20250600
2024-08-27 12:00:00,97.725,,97.595,20250900,20251200,20250600
2024-08-27 13:00:00,97.71,,97.585,20250900,20251200,20250600
2024-08-27 14:00:00,97.73,,97.605,20250900,20251200,20250600
2024-08-27 15:00:00,97.735,,97.61,20250900,20251200,20250600
2024-08-28 05:00:00,97.76,,97.635,20250900,20251200,20250600
2024-08-28 06:00:00,97.735,,97.605,20250900,20251200,20250600
2024-08-28 07:00:00,97.73,,97.61,20250900,20251200,20250600
2024-08-28 08:00:00,,,97.61,20250900,20251200,20250600
2024-08-28 09:00:00,97.75,,97.625,20250900,20251200,20250600
2024-08-28 10:00:00,97.755,,97.63,20250900,20251200,20250600
2024-08-28 11:00:00,97.76,,97.635,20250900,20251200,20250600
2024-08-28 12:00:00,97.75,,97.63,20250900,20251200,20250600
2024-08-28 13:00:00,97.745,,,20250900,20251200,20250600
2024-08-28 14:00:00,97.755,,97.635,20250900,20251200,20250600
2024-08-28 15:00:00,97.755,,97.635,20250900,20251200,20250600
2024-08-29 05:00:00,97.785,,97.665,20250900,20251200,20250600
2024-08-29 06:00:00,97.745,,97.625,20250900,20251200,20250600
2024-08-29 07:00:00,97.735,,97.61,20250900,20251200,20250600
2024-08-29 08:00:00,97.79,,97.675,20250900,20251200,20250600
2024-08-29 09:00:00,,,97.68,20250900,20251200,20250600
2024-08-29 10:00:00,97.795,,97.68,20250900,20251200,20250600
2024-08-29 11:00:00,97.805,,97.68,20250900,20251200,20250600
2024-08-29 12:00:00,97.78,,97.66,20250900,20251200,20250600
2024-08-29 13:00:00,97.785,,97.66,20250900,20251200,20250600
2024-08-29 14:00:00,97.78,,97.66,20250900,20251200,20250600
2024-08-29 15:00:00,,,97.67,20250900,20251200,20250600
2024-08-30 05:00:00,97.755,,97.635,20250900,20251200,20250600
2024-08-30 06:00:00,97.785,,97.665,20250900,20251200,20250600
2024-08-30 07:00:00,97.795,,97.675,20250900,20251200,20250600
2024-08-30 08:00:00,97.805,,97.675,20250900,20251200,20250600
2024-08-30 09:00:00,,,97.67,20250900,20251200,20250600
2024-08-30 10:00:00,97.795,,97.655,20250900,20251200,20250600
2024-08-30 11:00:00,,,97.65,20250900,20251200,20250600
2024-08-30 12:00:00,97.76,,97.64,20250900,20251200,20250600
2024-08-30 13:00:00,97.75,,97.625,20250900,20251200,20250600
2024-08-30 14:00:00,97.76,,97.63,20250900,20251200,20250600
2024-09-02 05:00:00,97.735,,97.615,20250900,20251200,20250600
2024-09-02 06:00:00,97.73,,97.605,20250900,20251200,20250600
2024-09-02 07:00:00,97.73,,97.605,20250900,20251200,20250600
2024-09-02 08:00:00,97.73,,97.6,20250900,20251200,20250600
2024-09-02 09:00:00,,,97.615,20250900,20251200,20250600
2024-09-02 10:00:00,97.74,,97.62,20250900,20251200,20250600
2024-09-02 11:00:00,97.745,,,20250900,20251200,20250600
2024-09-02 12:00:00,97.745,,97.62,20250900,20251200,20250600
2024-09-02 13:00:00,97.735,,97.605,20250900,20251200,20250600
2024-09-02 14:00:00,,,97.61,20250900,20251200,20250600
2024-09-02 15:00:00,,,97.605,20250900,20251200,20250600
2024-09-03 05:00:00,97.78,,97.65,20250900,20251200,20250600
2024-09-03 06:00:00,97.74,,97.615,20250900,20251200,20250600
2024-09-03 07:00:00,97.73,,97.605,20250900,20251200,20250600
2024-09-03 08:00:00,97.73,,97.61,20250900,20251200,20250600
2024-09-03 09:00:00,97.725,,97.595,20250900,20251200,20250600
2024-09-03 10:00:00,97.725,,97.6,20250900,20251200,20250600
2024-09-03 11:00:00,97.72,,97.585,20250900,20251200,20250600
2024-09-03 12:00:00,97.71,,97.595,20250900,20251200,20250600
2024-09-03 13:00:00,97.75,,97.62,20250900,20251200,20250600
2024-09-03 14:00:00,97.78,,97.645,20250900,20251200,20250600
2024-09-03 15:00:00,,,97.64,20250900,20251200,20250600
2024-09-04 05:00:00,97.84,,97.71,20250900,20251200,20250600
2024-09-04 06:00:00,97.8,,97.66,20250900,20251200,20250600
2024-09-04 07:00:00,97.805,,97.675,20250900,20251200,20250600
2024-09-04 08:00:00,,,97.675,20250900,20251200,20250600
2024-09-04 09:00:00,,,97.68,20250900,20251200,20250600
2024-09-04 10:00:00,97.8,,97.67,20250900,20251200,20250600
2024-09-04 11:00:00,97.8,,97.67,20250900,20251200,20250600
2024-09-04 12:00:00,97.8,,97.67,20250900,20251200,20250600
2024-09-04 13:00:00,97.805,,97.68,20250900,20251200,20250600
2024-09-04 14:00:00,97.84,,97.71,20250900,20251200,20250600
2024-09-04 15:00:00,97.84,,97.7,20250900,20251200,20250600
2024-09-05 05:00:00,97.87,,97.74,20250900,20251200,20250600
2024-09-05 06:00:00,97.86,,97.73,20250900,20251200,20250600
2024-09-05 07:00:00,97.845,,97.71,20250900,20251200,20250600
2024-09-05 08:00:00,97.845,,97.705,20250900,20251200,20250600
2024-09-05 09:00:00,97.84,,97.71,20250900,20251200,20250600
2024-09-05 10:00:00,97.835,,97.71,20250900,20251200,20250600
2024-09-05 11:00:00,,,97.715,20250900,20251200,20250600
2024-09-05 12:00:00,97.885,,97.755,20250900,20251200,20250600
2024-09-05 13:00:00,97.885,,97.74,20250900,20251200,20250600
2024-09-05 14:00:00,97.86,,97.735,20250900,20251200,20250600
2024-09-05 15:00:00,97.87,,97.745,20250900,20251200,20250600
2024-09-06 05:00:00,97.96,,97.835,20250900,20251200,20250600
2024-09-06 06:00:00,97.895,,97.765,20250900,20251200,20250600
2024-09-06 07:00:00,97.92,,97.78,20250900,20251200,20250600
2024-09-06 08:00:00,97.91,,97.775,20250900,20251200,20250600
2024-09-06 10:00:00,,,97.78,20250900,20251200,20250600
2024-09-06 11:00:00,97.9,,97.77,20250900,20251200,20250600
2024-09-06 12:00:00,97.955,,97.77,20250900,20251200,20250600
2024-09-06 13:00:00,97.885,,,20250900,20251200,20250600
2024-09-06 14:00:00,,,97.82,20250900,20251200,20250600
2024-09-06 15:00:00,97.96,,97.83,20250900,20251200,20250600
2024-09-09 05:00:00,97.99,,97.865,20250900,20251200,20250600
2024-09-09 06:00:00,97.925,,97.8,20250900,20251200,20250600
2024-09-09 07:00:00,97.925,,97.8,20250900,20251200,20250600
2024-09-09 08:00:00,97.91,,97.785,20250900,20251200,20250600
2024-09-09 09:00:00,97.915,,97.79,20250900,20251200,20250600
2024-09-09 10:00:00,97.93,,97.805,20250900,20251200,20250600
2024-09-09 11:00:00,97.94,,,20250900,20251200,20250600
2024-09-09 12:00:00,97.955,,97.82,20250900,20251200,20250600
2024-09-09 13:00:00,97.97,,97.835,20250900,20251200,20250600
2024-09-09 14:00:00,97.975,,97.85,20250900,20251200,20250600
2024-09-09 15:00:00,,,97.865,20250900,20251200,20250600
2024-09-10 05:00:00,98.005,,97.865,20250900,20251200,20250600
2024-09-10 06:00:00,97.985,,97.845,20250900,20251200,20250600
2024-09-10 07:00:00,,,97.84,20250900,20251200,20250600
2024-09-10 08:00:00,97.97,,97.835,20250900,20251200,20250600
2024-09-10 09:00:00,,,97.845,20250900,20251200,20250600
2024-09-10 10:00:00,97.985,,97.85,20250900,20251200,20250600
2024-09-10 11:00:00,97.985,,97.85,20250900,20251200,20250600
2024-09-10 12:00:00,97.995,,97.855,20250900,20251200,20250600
2024-09-10 13:00:00,97.98,,97.84,20250900,20251200,20250600
2024-09-10 14:00:00,,,97.86,20250900,20251200,20250600
2024-09-10 15:00:00,,,97.86,20250900,20251200,20250600
2024-09-11 05:00:00,98.085,,97.94,20250900,20251200,20250600
2024-09-11 06:00:00,98.08,,97.93,20250900,20251200,20250600
2024-09-11 07:00:00,98.07,,97.915,20250900,20251200,20250600
2024-09-11 08:00:00,,,97.91,20250900,20251200,20250600
2024-09-11 09:00:00,98.06,,97.905,20250900,20251200,20250600
2024-09-11 10:00:00,,,97.895,20250900,20251200,20250600
2024-09-11 11:00:00,98.045,,97.91,20250900,20251200,20250600
2024-09-11 12:00:00,98.02,,97.875,20250900,20251200,20250600
2024-09-11 13:00:00,98.05,,97.92,20250900,20251200,20250600
2024-09-11 14:00:00,98.085,,97.93,20250900,20251200,20250600
2024-09-11 15:00:00,,,97.935,20250900,20251200,20250600
2024-09-12 05:00:00,97.99,,97.83,20250900,20251200,20250600
2024-09-12 06:00:00,98.04,,97.89,20250900,20251200,20250600
2024-09-12 07:00:00,98.035,,97.88,20250900,20251200,20250600
2024-09-12 08:00:00,98.025,,97.875,20250900,20251200,20250600
2024-09-12 09:00:00,98.02,,,20250900,20251200,20250600
2024-09-12 10:00:00,,,97.865,20250900,20251200,20250600
2024-09-12 11:00:00,98.015,,97.86,20250900,20251200,20250600
2024-09-12 12:00:00,98.03,,97.875,20250900,20251200,20250600
2024-09-12 13:00:00,98.025,,97.835,20250900,20251200,20250600
2024-09-12 14:00:00,97.995,,,20250900,20251200,20250600
2024-09-12 15:00:00,,,97.83,20250900,20251200,20250600
2024-09-13 05:00:00,98.01,,97.865,20250900,20251200,20250600
2024-09-13 06:00:00,98.02,,97.87,20250900,20251200,20250600
2024-09-13 07:00:00,,,97.86,20250900,20251200,20250600
2024-09-13 08:00:00,98.03,,97.87,20250900,20251200,20250600
2024-09-13 09:00:00,98.025,,97.87,20250900,20251200,20250600
2024-09-13 10:00:00,98.02,,97.86,20250900,20251200,20250600
2024-09-13 11:00:00,98.01,,97.855,20250900,20251200,20250600
2024-09-13 12:00:00,98.005,,97.855,20250900,20251200,20250600
2024-09-13 13:00:00,98.01,,97.875,20250900,20251200,20250600
2024-09-13 14:00:00,98.01,,97.86,20250900,20251200,20250600
2024-09-16 05:00:00,98.065,,97.91,20250900,20251200,20250600
2024-09-16 06:00:00,98.035,,97.885,20250900,20251200,20250600
2024-09-16 07:00:00,98.015,,97.865,20250900,20251200,20250600
2024-09-16 08:00:00,98.01,,97.865,20250900,20251200,20250600
2024-09-16 09:00:00,,,97.86,20250900,20251200,20250600
2024-09-16 10:00:00,,,97.86,20250900,20251200,20250600
2024-09-16 11:00:00,98.015,,97.865,20250900,20251200,20250600
2024-09-16 12:00:00,98.035,,97.88,20250900,20251200,20250600
2024-09-16 13:00:00,98.03,,97.885,20250900,20251200,20250600
2024-09-16 14:00:00,98.055,,97.905,20250900,20251200,20250600
2024-09-17 05:00:00,98.005,,97.86,20250900,20251200,20250600
2024-09-17 06:00:00,98.065,,97.92,20250900,20251200,20250600
2024-09-17 07:00:00,,,97.915,20250900,20251200,20250600
2024-09-17 08:00:00,98.055,,97.905,20250900,20251200,20250600
2024-09-17 09:00:00,98.055,,97.905,20250900,20251200,20250600
2024-09-17 10:00:00,98.05,,97.9,20250900,20251200,20250600
2024-09-17 11:00:00,98.055,,,20250900,20251200,20250600
2024-09-17 12:00:00,98.025,,97.885,20250900,20251200,20250600
2024-09-17 13:00:00,98.005,,97.875,20250900,20251200,20250600
2024-09-17 14:00:00,98.005,,97.86,20250900,20251200,20250600
2024-09-17 15:00:00,97.995,,97.86,20250900,20251200,20250600
2024-09-18 05:00:00,97.945,,97.805,20250900,20251200,20250600
2024-09-18 06:00:00,97.99,,97.845,20250900,20251200,20250600
2024-09-18 07:00:00,,,97.84,20250900,20251200,20250600
2024-09-18 08:00:00,97.965,,97.83,20250900,20251200,20250600
2024-09-18 09:00:00,97.97,,97.835,20250900,20251200,20250600
2024-09-18 11:00:00,97.965,,97.83,20250900,20251200,20250600
2024-09-18 12:00:00,97.955,,97.825,20250900,20251200,20250600
2024-09-18 13:00:00,97.95,,97.815,20250900,20251200,20250600
2024-09-18 14:00:00,97.94,,,20250900,20251200,20250600
2024-09-18 15:00:00,97.945,,97.81,20250900,20251200,20250600
2024-09-19 05:00:00,98.0,,97.81,20250900,20251200,20250600
2024-09-19 06:00:00,97.965,,97.825,20250900,20251200,20250600
2024-09-19 07:00:00,97.965,,97.82,20250900,20251200,20250600
2024-09-19 08:00:00,,,97.82,20250900,20251200,20250600
2024-09-19 09:00:00,97.96,,97.805,20250900,20251200,20250600
2024-09-19 10:00:00,97.95,,97.82,20250900,20251200,20250600
2024-09-19 11:00:00,97.95,,97.835,20250900,20251200,20250600
2024-09-19 12:00:00,97.975,,97.815,20250900,20251200,20250600
2024-09-19 13:00:00,97.985,,97.845,20250900,20251200,20250600
2024-09-19 14:00:00,,,97.845,20250900,20251200,20250600
2024-09-19 15:00:00,,,97.86,20250900,20251200,20250600
2024-09-20 05:00:00,97.95,,97.81,20250900,20251200,20250600
2024-09-20 06:00:00,97.995,,97.855,20250900,20251200,20250600
2024-09-20 07:00:00,97.98,,97.85,20250900,20251200,20250600
2024-09-20 08:00:00,98.0,,,20250900,20251200,20250600
2024-09-20 09:00:00,97.995,,97.855,20250900,20251200,20250600
2024-09-20 10:00:00,97.99,,97.845,20250900,20251200,20250600
2024-09-20 11:00:00,97.975,,,20250900,20251200,20250600
2024-09-20 12:00:00,97.985,,97.845,20250900,20251200,20250600
2024-09-20 13:00:00,,,97.825,20250900,20251200,20250600
2024-09-20 14:00:00,97.96,,97.815,20250900,20251200,20250600
2024-09-20 15:00:00,97.95,,97.81,20250900,20251200,20250600
2024-09-23 05:00:00,97.985,,97.84,20250900,20251200,20250600
2024-09-23 06:00:00,97.99,,97.855,20250900,20251200,20250600
2024-09-23 07:00:00,98.025,,97.905,20250900,20251200,20250600
2024-09-23 08:00:00,98.055,,97.915,20250900,20251200,20250600
2024-09-23 09:00:00,98.06,,97.92,20250900,20251200,20250600
2024-09-23 10:00:00,,,97.925,20250900,20251200,20250600
2024-09-23 11:00:00,,,97.915,20250900,20251200,20250600
2024-09-23 12:00:00,,,97.91,20250900,20251200,20250600
2024-09-23 13:00:00,98.045,,97.905,20250900,20251200,20250600
2024-09-23 14:00:00,,,97.9,20250900,20251200,20250600
2024-09-24 05:00:00,98.14,,97.995,20250900,20251200,20250600
2024-09-24 06:00:00,98.085,,97.955,20250900,20251200,20250600
2024-09-24 07:00:00,98.09,,97.96,20250900,20251200,20250600
2024-09-24 08:00:00,98.08,,97.945,20250900,20251200,20250600
2024-09-24 09:00:00,98.08,,97.945,20250900,20251200,20250600
2024-09-24 10:00:00,98.09,,97.955,20250900,20251200,20250600
2024-09-24 11:00:00,98.1,,97.96,20250900,20251200,20250600
2024-09-24 12:00:00,98.08,,,20250900,20251200,20250600
2024-09-24 13:00:00,98.105,,97.955,20250900,20251200,20250600
2024-09-24 14:00:00,98.135,,97.985,20250900,20251200,20250600
2024-09-24 15:00:00,98.145,,97.995,20250900,20251200,20250600
2024-09-25 05:00:00,98.095,,97.985,20250900,20251200,20250600
2024-09-25 06:00:00,98.13,,97.985,20250900,20251200,20250600
2024-09-25 07:00:00,98.125,,97.98,20250900,20251200,20250600
2024-09-25 08:00:00,98.11,,97.97,20250900,20251200,20250600
2024-09-25 09:00:00,98.105,,97.96,20250900,20251200,20250600
2024-09-25 10:00:00,98.105,,97.965,20250900,20251200,20250600
2024-09-25 11:00:00,98.105,,97.96,20250900,20251200,20250600
2024-09-25 12:00:00,98.095,,97.955,20250900,20251200,20250600
2024-09-25 13:00:00,98.085,,97.945,20250900,20251200,20250600
2024-09-25 14:00:00,98.09,,97.955,20250900,20251200,20250600
2024-09-25 15:00:00,98.09,,,20250900,20251200,20250600
2024-09-26 05:00:00,98.125,,97.985,20250900,20251200,20250600
2024-09-26 06:00:00,98.105,,97.96,20250900,20251200,20250600
2024-09-26 07:00:00,98.11,,97.97,20250900,20251200,20250600
2024-09-26 08:00:00,98.125,,97.985,20250900,20251200,20250600
2024-09-26 09:00:00,98.135,,97.99,20250900,20251200,20250600
2024-09-26 10:00:00,98.135,,,20250900,20251200,20250600
2024-09-26 11:00:00,98.145,,98.0,20250900,20251200,20250600
2024-09-26 12:00:00,98.135,,97.995,20250900,20251200,20250600
2024-09-26 13:00:00,98.145,,97.995,20250900,20251200,20250600
2024-09-26 14:00:00,98.115,,97.985,20250900,20251200,20250600
2024-09-27 05:00:00,98.105,,98.02,20250900,20251200,20250600
2024-09-27 06:00:00,98.13,,98.0,20250900,20251200,20250600
2024-09-27 07:00:00,98.16,,,20250900,20251200,20250600
2024-09-27 08:00:00,98.14,,,20250900,20251200,20250600
2024-09-27 09:00:00,98.14,,,20250900,20251200,20250600
2024-09-27 10:00:00,98.135,,,20250900,20251200,20250600
2024-09-27 11:00:00,,,98.015,20250900,20251200,20250600
2024-09-27 12:00:00,98.15,,98.035,20250900,20251200,20250600
2024-09-27 13:00:00,98.17,,98.025,20250900,20251200,20250600
2024-09-27 15:00:00,98.155,,,20250900,20251200,20250600
2024-09-30 05:00:00,98.155,,98.03,20250900,20251200,20250600
2024-09-30 06:00:00,98.165,,98.035,20250900,20251200,20250600
2024-09-30 07:00:00,98.16,,98.03,20250900,20251200,20250600
2024-09-30 08:00:00,98.105,,97.975,20250900,20251200,20250600
2024-09-30 09:00:00,98.12,,97.985,20250900,20251200,20250600
2024-09-30 10:00:00,98.12,,97.99,20250900,20251200,20250600
2024-09-30 11:00:00,98.11,,97.985,20250900,20251200,20250600
2024-09-30 12:00:00,98.1,,97.975,20250900,20251200,20250600
2024-09-30 13:00:00,98.145,,98.015,20250900,20251200,20250600
2024-09-30 14:00:00,98.15,,98.025,20250900,20251200,20250600
2024-09-30 15:00:00,98.165,,98.035,20250900,20251200,20250600
2024-10-01 05:00:00,98.145,,98.06,20250900,20251200,20250600
2024-10-01 06:00:00,98.155,,98.03,20250900,20251200,20250600
2024-10-01 07:00:00,98.175,,,20250900,20251200,20250600
2024-10-01 08:00:00,98.185,,98.045,20250900,20251200,20250600
2024-10-01 09:00:00,98.18,,98.045,20250900,20251200,20250600
2024-10-01 11:00:00,98.195,,98.065,20250900,20251200,20250600
2024-10-01 12:00:00,,,98.06,20250900,20251200,20250600
2024-10-01 13:00:00,,,98.065,20250900,20251200,20250600
2024-10-01 14:00:00,98.195,,,20250900,20251200,20250600
2024-10-02 05:00:00,98.17,,98.04,20250900,20251200,20250600
2024-10-02 06:00:00,98.185,,98.055,20250900,20251200,20250600
2024-10-02 07:00:00,98.18,,98.045,20250900,20251200,20250600
2024-10-02 08:00:00,98.175,,98.04,20250900,20251200,20250600
2024-10-02 09:00:00,98.18,,,20250900,20251200,20250600
2024-10-02 10:00:00,98.175,,98.04,20250900,20251200,20250600
2024-10-02 11:00:00,98.175,,98.045,20250900,20251200,20250600
2024-10-02 12:00:00,98.165,,98.035,20250900,20251200,20250600
2024-10-02 13:00:00,98.165,,,20250900,20251200,20250600
2024-10-02 14:00:00,,,98.045,20250900,20251200,20250600
2024-10-02 15:00:00,98.17,,98.045,20250900,20251200,20250600
2024-10-03 05:00:00,98.135,,98.015,20250900,20251200,20250600
2024-10-03 06:00:00,98.17,,98.04,20250900,20251200,20250600
2024-10-03 07:00:00,98.16,,98.03,20250900,20251200,20250600
2024-10-03 08:00:00,98.155,,98.025,20250900,20251200,20250600
2024-10-03 09:00:00,98.145,,,20250900,20251200,20250600
2024-10-03 10:00:00,98.14,,,20250900,20251200,20250600
2024-10-03 11:00:00,98.145,,98.015,20250900,20251200,20250600
2024-10-03 12:00:00,98.145,,98.015,20250900,20251200,20250600
2024-10-03 13:00:00,98.13,,98.005,20250900,20251200,20250600
2024-10-03 14:00:00,98.13,,,20250900,20251200,20250600
2024-10-04 05:00:00,97.96,,97.985,20250900,20251200,20250600
2024-10-04 06:00:00,98.11,,97.985,20250900,20251200,20250600
2024-10-04 07:00:00,98.095,,97.97,20250900,20251200,20250600
2024-10-04 08:00:00,98.095,,97.97,20250900,20251200,20250600
2024-10-04 09:00:00,,,97.96,20250900,20251200,20250600
2024-10-04 10:00:00,98.065,,97.95,20250900,20251200,20250600
2024-10-04 11:00:00,,,97.935,20250900,20251200,20250600
2024-10-04 12:00:00,98.055,,97.89,20250900,20251200,20250600
2024-10-04 13:00:00,,,97.885,20250900,20251200,20250600
2024-10-04 14:00:00,97.96,,97.855,20250900,20251200,20250600
2024-10-07 05:00:00,97.89,,97.78,20250900,20251200,20250600
2024-10-07 06:00:00,97.91,,97.8,20250900,20251200,20250600
2024-10-07 07:00:00,97.915,,97.795,20250900,20251200,20250600
2024-10-07 08:00:00,,,97.785,20250900,20251200,20250600
2024-10-07 09:00:00,97.895,,97.785,20250900,20251200,20250600
2024-10-07 10:00:00,97.885,,97.77,20250900,20251200,20250600
2024-10-07 11:00:00,97.885,,97.775,20250900,20251200,20250600
2024-10-07 12:00:00,97.9,,97.785,20250900,20251200,20250600
2024-10-07 13:00:00,97.895,,,20250900,20251200,20250600
2024-10-07 14:00:00,97.89,,97.78,20250900,20251200,20250600
2024-10-07 15:00:00,97.885,,,20250900,20251200,20250600
2024-10-08 05:00:00,97.91,,97.78,20250900,20251200,20250600
2024-10-08 06:00:00,97.915,,97.8,20250900,20251200,20250600
2024-10-08 07:00:00,97.915,,97.805,20250900,20251200,20250600
2024-10-08 08:00:00,,,97.785,20250900,20251200,20250600
2024-10-08 09:00:00,,,97.775,20250900,20251200,20250600
2024-10-08 10:00:00,97.895,,97.78,20250900,20251200,20250600
2024-10-08 11:00:00,,,97.785,20250900,20251200,20250600
2024-10-08 13:00:00,97.905,,97.775,20250900,20251200,20250600
2024-10-08 15:00:00,,,97.78,20250900,20251200,20250600
2024-10-09 05:00:00,97.895,,97.78,20250900,20251200,20250600
2024-10-09 06:00:00,97.93,,97.795,20250900,20251200,20250600
2024-10-09 07:00:00,,,97.795,20250900,20251200,20250600
2024-10-09 08:00:00,97.925,,97.795,20250900,20251200,20250600
2024-10-09 09:00:00,97.93,,97.8,20250900,20251200,20250600
2024-10-09 10:00:00,97.93,,97.8,20250900,20251200,20250600
2024-10-09 11:00:00,97.925,,97.795,20250900,20251200,20250600
2024-10-09 12:00:00,97.915,,,20250900,20251200,20250600
2024-10-09 13:00:00,97.9,,97.78,20250900,20251200,20250600
2024-10-09 14:00:00,97.895,,97.765,20250900,20251200,20250600
2024-10-09 15:00:00,97.895,,97.76,20250900,20251200,20250600
2024-10-09 16:00:00,,,97.75,20250900,20251200,20250600
2024-10-10 05:00:00,97.89,,97.74,20250900,20251200,20250600
2024-10-10 06:00:00,97.86,,97.74,20250900,20251200,20250600
2024-10-10 07:00:00,97.875,,97.745,20250900,20251200,20250600
2024-10-10 08:00:00,97.855,,97.725,20250900,20251200,20250600
2024-10-10 10:00:00,97.855,,97.72,20250900,20251200,20250600
2024-10-10 11:00:00,97.83,,97.71,20250900,20251200,20250600
2024-10-10 12:00:00,97.915,,97.76,20250900,20251200,20250600
2024-10-10 13:00:00,97.88,,97.755,20250900,20251200,20250600
2024-10-10 14:00:00,97.895,,,20250900,20251200,20250600
2024-10-11 05:00:00,97.895,,97.76,20250900,20251200,20250600
2024-10-11 06:00:00,97.905,,97.76,20250900,20251200,20250600
2024-10-11 07:00:00,97.9,,97.765,20250900,20251200,20250600
2024-10-11 08:00:00,97.89,,97.755,20250900,20251200,20250600
2024-10-11 09:00:00,97.875,,97.755,20250900,20251200,20250600
2024-10-11 10:00:00,97.875,,97.74,20250900,20251200,20250600
2024-10-11 11:00:00,,,97.74,20250900,20251200,20250600
2024-10-11 12:00:00,,,97.76,20250900,20251200,20250600
2024-10-11 13:00:00,97.885,,97.75,20250900,20251200,20250600
2024-10-11 14:00:00,97.885,,97.75,20250900,20251200,20250600
2024-10-14 05:00:00,97.925,,97.795,20250900,20251200,20250600
2024-10-14 06:00:00,97.95,,97.81,20250900,20251200,20250600
2024-10-14 07:00:00,97.94,,97.81,20250900,20251200,20250600
2024-10-14 08:00:00,,,97.79,20250900,20251200,20250600
2024-10-14 09:00:00,,,97.785,20250900,20251200,20250600
2024-10-14 10:00:00,97.925,,,20250900,20251200,20250600
2024-10-14 12:00:00,,,97.79,20250900,20251200,20250600
2024-10-14 13:00:00,,,97.79,20250900,20251200,20250600
2024-10-14 14:00:00,97.925,,97.79,20250900,20251200,20250600
2024-10-14 15:00:00,,,97.785,20250900,20251200,20250600
2024-10-15 05:00:00,97.995,,97.855,20250900,20251200,20250600
2024-10-15 06:00:00,97.965,,97.835,20250900,20251200,20250600
2024-10-15 07:00:00,97.97,,97.83,20250900,20251200,20250600
2024-10-15 08:00:00,97.965,,97.83,20250900,20251200,20250600
2024-10-15 09:00:00,97.975,,97.835,20250900,20251200,20250600
2024-10-15 11:00:00,97.96,,,20250900,20251200,20250600
2024-10-15 12:00:00,97.98,,97.855,20250900,20251200,20250600
2024-10-15 13:00:00,97.99,,97.85,20250900,20251200,20250600
2024-10-15 14:00:00,97.99,,97.845,20250900,20251200,20250600
2024-10-15 15:00:00,97.995,,97.855,20250900,20251200,20250600
2024-10-16 05:00:00,98.045,,97.905,20250900,20251200,20250600
2024-10-16 06:00:00,98.03,,97.88,20250900,20251200,20250600
2024-10-16 07:00:00,98.01,,97.875,20250900,20251200,20250600
2024-10-16 08:00:00,98.015,,,20250900,20251200,20250600
2024-10-16 09:00:00,98.02,,,20250900,20251200,20250600
2024-10-16 10:00:00,98.02,,,20250900,20251200,20250600
2024-10-16 11:00:00,98.03,,97.885,20250900,20251200,20250600
2024-10-16 12:00:00,98.03,,97.885,20250900,20251200,20250600
2024-10-16 13:00:00,98.03,,97.9,20250900,20251200,20250600
2024-10-16 14:00:00,98.04,,97.895,20250900,20251200,20250600
2024-10-16 15:00:00,,,97.9,20250900,20251200,20250600
2024-10-17 05:00:00,98.07,,97.88,20250900,20251200,20250600
2024-10-17 06:00:00,98.015,,97.88,20250900,20251200,20250600
2024-10-17 07:00:00,98.015,,97.87,20250900,20251200,20250600
2024-10-17 08:00:00,,,97.865,20250900,20251200,20250600
2024-10-17 09:00:00,98.01,,,20250900,20251200,20250600
2024-10-17 10:00:00,98.03,,97.89,20250900,20251200,20250600
2024-10-17 11:00:00,98.025,,97.885,20250900,20251200,20250600
2024-10-17 12:00:00,98.04,,97.895,20250900,20251200,20250600
2024-10-17 13:00:00,98.06,,97.95,20250900,20251200,20250600
2024-10-17 14:00:00,98.07,,,20250900,20251200,20250600
2024-10-17 15:00:00,98.065,,97.945,20250900,20251200,20250600
2024-10-18 05:00:00,98.125,,98.005,20250900,20251200,20250600
2024-10-18 06:00:00,98.07,,97.945,20250900,20251200,20250600
2024-10-18 07:00:00,98.075,,,20250900,20251200,20250600
2024-10-18 08:00:00,98.075,,97.965,20250900,20251200,20250600
2024-10-18 09:00:00,,,98.0,20250900,20251200,20250600
2024-10-18 10:00:00,98.11,,98.0,20250900,20251200,20250600
2024-10-18 11:00:00,98.105,,97.995,20250900,20251200,20250600
2024-10-18 12:00:00,98.095,,97.99,20250900,20251200,20250600
2024-10-18 13:00:00,98.12,,98.0,20250900,20251200,20250600
2024-10-18 14:00:00,98.12,,98.0,20250900,20251200,20250600
2024-10-18 15:00:00,98.11,,,20250900,20251200,20250600
2024-10-21 05:00:00,98.04,,97.93,20250900,20251200,20250600
2024-10-21 06:00:00,98.11,,97.98,20250900,20251200,20250600
2024-10-21 07:00:00,98.115,,97.99,20250900,20251200,20250600
2024-10-21 08:00:00,98.095,,,20250900,20251200,20250600
2024-10-21 09:00:00,98.085,,97.975,20250900,20251200,20250600
2024-10-21 10:00:00,98.07,,97.955,20250900,20251200,20250600
2024-10-21 11:00:00,98.06,,97.95,20250900,20251200,20250600
2024-10-21 12:00:00,98.06,,97.95,20250900,20251200,20250600
2024-10-21 13:00:00,98.045,,97.945,20250900,20251200,20250600
2024-10-21 14:00:00,98.04,,97.935,20250900,20251200,20250600
2024-10-21 15:00:00,98.035,,,20250900,20251200,20250600
2024-10-22 05:00:00,98.02,,97.92,20250900,20251200,20250600
2024-10-22 06:00:00,98.02,,97.915,20250900,20251200,20250600
2024-10-22 07:00:00,98.005,,97.9,20250900,20251200,20250600
2024-10-22 08:00:00,98.02,,97.91,20250900,20251200,20250600
2024-10-22 10:00:00,97.99,,97.885,20250900,20251200,20250600
2024-10-22 11:00:00,98.0,,97.895,20250900,20251200,20250600
2024-10-22 12:00:00,98.03,,97.92,20250900,20251200,20250600
2024-10-22 13:00:00,98.065,,97.95,20250900,20251200,20250600
2024-10-22 14:00:00,98.03,,97.925,20250900,20251200,20250600
2024-10-23 05:00:00,98.075,,97.96,20250900,20251200,20250600
2024-10-23 06:00:00,98.07,,97.98,20250900,20251200,20250600
2024-10-23 07:00:00,98.05,,97.97,20250900,20251200,20250600
2024-10-23 08:00:00,98.07,,97.99,20250900,20251200,20250600
2024-10-23 10:00:00,,,97.995,20250900,20251200,20250600
2024-10-23 11:00:00,98.085,,98.0,20250900,20251200,20250600
2024-10-23 12:00:00,98.085,,97.985,20250900,20251200,20250600
2024-10-23 13:00:00,98.095,,97.995,20250900,20251200,20250600
2024-10-23 14:00:00,98.08,,97.985,20250900,20251200,20250600
2024-10-23 15:00:00,98.075,,,20250900,20251200,20250600
2024-10-24 05:00:00,98.13,,98.035,20250900,20251200,20250600
2024-10-24 06:00:00,98.125,,98.035,20250900,20251200,20250600
2024-10-24 07:00:00,98.12,,98.025,20250900,20251200,20250600
2024-10-24 08:00:00,98.12,,98.02,20250900,20251200,20250600
2024-10-24 09:00:00,98.12,,98.02,20250900,20251200,20250600
2024-10-24 10:00:00,98.125,,98.03,20250900,20251200,20250600
2024-10-24 11:00:00,98.13,,98.03,20250900,20251200,20250600
2024-10-24 12:00:00,98.135,,98.04,20250900,20251200,20250600
2024-10-24 13:00:00,98.125,,98.025,20250900,20251200,20250600
2024-10-24 14:00:00,98.13,,98.025,20250900,20251200,20250600
2024-10-24 15:00:00,98.125,,98.025,20250900,20251200,20250600
2024-10-25 05:00:00,98.085,,97.995,20250900,20251200,20250600
2024-10-25 06:00:00,98.095,,98.0,20250900,20251200,20250600
2024-10-25 07:00:00,98.09,,97.995,20250900,20251200,20250600
2024-10-25 08:00:00,98.08,,97.99,20250900,20251200,20250600
2024-10-25 09:00:00,98.085,,97.995,20250900,20251200,20250600
2024-10-25 10:00:00,98.09,,98.0,20250900,20251200,20250600
2024-10-25 11:00:00,98.1,,98.01,20250900,20251200,20250600
2024-10-25 12:00:00,98.09,,98.0,20250900,20251200,20250600
2024-10-25 13:00:00,98.095,,98.005,20250900,20251200,20250600
2024-10-25 14:00:00,98.08,,97.99,20250900,20251200,20250600
2024-10-25 15:00:00,98.085,,97.995,20250900,20251200,20250600
2024-10-28 05:00:00,98.12,,98.03,20250900,20251200,20250600
2024-10-28 06:00:00,98.04,,,20250900,20251200,20250600
2024-10-28 07:00:00,98.07,,97.985,20250900,20251200,20250600
2024-10-28 08:00:00,98.085,,98.0,20250900,20251200,20250600
2024-10-28 09:00:00,98.095,,98.025,20250900,20251200,20250600
2024-10-28 10:00:00,98.12,,98.03,20250900,20251200,20250600
2024-10-28 11:00:00,98.12,,98.035,20250900,20251200,20250600
2024-10-28 12:00:00,98.145,,98.055,20250900,20251200,20250600
2024-10-28 13:00:00,98.135,,98.04,20250900,20251200,20250600
2024-10-28 14:00:00,98.125,,98.035,20250900,20251200,20250600
2024-10-28 15:00:00,98.115,,98.03,20250900,20251200,20250600
2024-10-28 16:00:00,98.105,,98.02,20250900,20251200,20250600
2024-10-29 05:00:00,98.08,,98.01,20250900,20251200,20250600
2024-10-29 06:00:00,98.13,,98.04,20250900,20251200,20250600
2024-10-29 07:00:00,98.115,,98.03,20250900,20251200,20250600
2024-10-29 08:00:00,98.08,,98.0,20250900,20251200,20250600
2024-10-29 09:00:00,98.09,,98.015,20250900,20251200,20250600
2024-10-29 10:00:00,98.105,,98.025,20250900,20251200,20250600
2024-10-29 11:00:00,98.085,,98.005,20250900,20251200,20250600
2024-10-29 12:00:00,98.095,,98.025,20250900,20251200,20250600
2024-10-29 13:00:00,98.09,,98.025,20250900,20251200,20250600
2024-10-29 14:00:00,98.09,,98.015,20250900,20251200,20250600
2024-10-29 15:00:00,,,98.01,20250900,20251200,20250600
2024-10-29 16:00:00,98.085,,98.01,20250900,20251200,20250600
2024-10-30 05:00:00,97.975,,97.9,20250900,20251200,20250600
2024-10-30 06:00:00,98.105,,98.03,20250900,20251200,20250600
2024-10-30 07:00:00,98.1,,,20250900,20251200,20250600
2024-10-30 08:00:00,98.095,,98.035,20250900,20251200,20250600
2024-10-30 09:00:00,98.04,,97.96,20250900,20251200,20250600
2024-10-30 10:00:00,98.055,,97.97,20250900,20251200,20250600
2024-10-30 11:00:00,98.05,,97.97,20250900,20251200,20250600
2024-10-30 12:00:00,98.04,,97.96,20250900,20251200,20250600
2024-10-30 13:00:00,98.04,,97.955,20250900,20251200,20250600
2024-10-30 14:00:00,97.965,,97.915,20250900,20251200,20250600
2024-10-30 15:00:00,97.985,,97.89,20250900,20251200,20250600
2024-10-30 16:00:00,97.96,,97.895,20250900,20251200,20250600
2024-10-30 17:00:00,97.945,,97.88,20250900,20251200,20250600
2024-10-31 05:00:00,97.91,,97.845,20250900,20251200,20250600
2024-10-31 07:00:00,97.925,,97.84,20250900,20251200,20250600
2024-10-31 08:00:00,97.93,,97.865,20250900,20251200,20250600
2024-10-31 09:00:00,97.9,,97.85,20250900,20251200,20250600
2024-10-31 10:00:00,97.92,,97.86,20250900,20251200,20250600
2024-10-31 11:00:00,97.905,,97.845,20250900,20251200,20250600
2024-10-31 12:00:00,97.895,,97.83,20250900,20251200,20250600
2024-10-31 13:00:00,97.835,,97.795,20250900,20251200,20250600
2024-10-31 14:00:00,,,97.83,20250900,20251200,20250600
2024-10-31 15:00:00,,,97.835,20250900,20251200,20250600
2024-10-31 16:00:00,97.92,,97.855,20250900,20251200,20250600
2024-11-01 05:00:00,97.955,,97.885,20250900,20251200,20250600
2024-11-01 07:00:00,97.925,,97.86,20250900,20251200,20250600
2024-11-01 08:00:00,97.925,,97.85,20250900,20251200,20250600
2024-11-01 09:00:00,97.945,,97.865,20250900,20251200,20250600
2024-11-01 10:00:00,,,97.875,20250900,20251200,20250600
2024-11-01 11:00:00,97.935,,97.875,20250900,20251200,20250600
2024-11-01 12:00:00,97.94,,97.88,20250900,20251200,20250600
2024-11-01 13:00:00,97.96,,97.89,20250900,20251200,20250600
2024-11-01 14:00:00,97.955,,,20250900,20251200,20250600
2024-11-01 15:00:00,97.95,,97.89,20250900,20251200,20250600
2024-11-01 16:00:00,97.945,,97.89,20250900,20251200,20250600
2024-11-04 06:00:00,97.94,,97.875,20250900,20251200,20250600
2024-11-04 07:00:00,97.925,,97.86,20250900,20251200,20250600
2024-11-04 08:00:00,97.925,,97.855,20250900,20251200,20250600
2024-11-04 09:00:00,97.925,,97.845,20250900,20251200,20250600
2024-11-04 11:00:00,,,97.87,20250900,20251200,20250600
2024-11-04 12:00:00,97.945,,97.86,20250900,20251200,20250600
2024-11-04 13:00:00,97.915,,,20250900,20251200,20250600
2024-11-04 14:00:00,97.925,,97.85,20250900,20251200,20250600
2024-11-04 15:00:00,97.935,,97.87,20250900,20251200,20250600
2024-11-04 16:00:00,,,97.87,20250900,20251200,20250600
2024-11-05 06:00:00,97.885,,97.825,20250900,20251200,20250600
2024-11-05 07:00:00,97.905,,97.84,20250900,20251200,20250600
2024-11-05 08:00:00,97.895,,97.845,20250900,20251200,20250600
2024-11-05 09:00:00,97.895,,97.835,20250900,20251200,20250600
2024-11-05 10:00:00,97.895,,97.835,20250900,20251200,20250600
2024-11-05 11:00:00,,,97.835,20250900,20251200,20250600
2024-11-05 12:00:00,,,97.84,20250900,20251200,20250600
2024-11-05 13:00:00,97.915,,97.85,20250900,20251200,20250600
2024-11-05 14:00:00,97.91,,97.85,20250900,20251200,20250600
2024-11-05 15:00:00,97.885,,97.825,20250900,20251200,20250600
2024-11-06 06:00:00,98.035,,97.975,20250900,20251200,20250600
2024-11-06 07:00:00,97.985,,97.93,20250900,20251200,20250600
2024-11-06 08:00:00,98.005,,,20250900,20251200,20250600
2024-11-06 09:00:00,98.0,,97.94,20250900,20251200,20250600
2024-11-06 10:00:00,98.05,,97.95,20250900,20251200,20250600
2024-11-06 11:00:00,,,97.99,20250900,20251200,20250600
2024-11-06 12:00:00,98.04,,97.97,20250900,20251200,20250600
2024-11-06 13:00:00,98.025,,97.96,20250900,20251200,20250600
2024-11-06 14:00:00,,,97.95,20250900,20251200,20250600
2024-11-06 15:00:00,98.035,,97.97,20250900,20251200,20250600
2024-11-06 16:00:00,98.04,,97.97,20250900,20251200,20250600
2024-11-07 06:00:00,98.05,,97.98,20250900,20251200,20250600
2024-11-07 07:00:00,98.055,,97.98,20250900,20251200,20250600
2024-11-07 08:00:00,98.035,,97.96,20250900,20251200,20250600
2024-11-07 09:00:00,98.015,,97.955,20250900,20251200,20250600
2024-11-07 10:00:00,98.0,,97.94,20250900,20251200,20250600
2024-11-07 11:00:00,97.995,,97.935,20250900,20251200,20250600
2024-11-07 12:00:00,98.0,,97.935,20250900,20251200,20250600
2024-11-07 13:00:00,98.025,,97.95,20250900,20251200,20250600
2024-11-07 14:00:00,98.045,,97.97,20250900,20251200,20250600
2024-11-07 15:00:00,98.05,,97.98,20250900,20251200,20250600
2024-11-07 16:00:00,,,97.96,20250900,20251200,20250600
2024-11-08 06:00:00,98.035,,97.96,20250900,20251200,20250600
2024-11-08 07:00:00,98.05,,97.97,20250900,20251200,20250600
2024-11-08 08:00:00,98.04,,97.95,20250900,20251200,20250600
2024-11-08 09:00:00,98.035,,97.965,20250900,20251200,20250600
2024-11-08 10:00:00,,,97.96,20250900,20251200,20250600
2024-11-08 11:00:00,,,97.955,20250900,20251200,20250600
2024-11-08 12:00:00,98.025,,97.95,20250900,20251200,20250600
2024-11-08 13:00:00,98.025,,97.96,20250900,20251200,20250600
2024-11-08 14:00:00,98.025,,97.945,20250900,20251200,20250600
2024-11-08 15:00:00,98.04,,97.96,20250900,20251200,20250600
2024-11-08 16:00:00,98.04,,97.955,20250900,20251200,20250600
2024-11-11 06:00:00,98.1,,98.01,20250900,20251200,20250600
2024-11-11 07:00:00,98.075,,98.0,20250900,20251200,20250600
2024-11-11 08:00:00,98.06,,97.985,20250900,20251200,20250600
2024-11-11 09:00:00,98.08,,97.99,20250900,20251200,20250600
2024-11-11 10:00:00,98.08,,97.985,20250900,20251200,20250600
2024-11-11 11:00:00,98.075,,,20250900,20251200,20250600
2024-11-11 14:00:00,98.08,,,20250900,20251200,20250600
2024-11-11 15:00:00,98.095,,,20250900,20251200,20250600
2024-11-11 16:00:00,98.095,,,20250900,20251200,20250600
2024-11-12 06:00:00,98.11,,98.025,20250900,20251200,20250600
2024-11-12 07:00:00,98.075,,98.005,20250900,20251200,20250600
2024-11-12 08:00:00,98.09,,97.985,20250900,20251200,20250600
2024-11-12 09:00:00,98.09,,97.995,20250900,20251200,20250600
2024-11-12 10:00:00,98.115,,98.03,20250900,20251200,20250600
2024-11-12 11:00:00,,,98.03,20250900,20251200,20250600
2024-11-12 13:00:00,98.115,,,20250900,20251200,20250600
2024-11-12 14:00:00,98.105,,,20250900,20251200,20250600
2024-11-12 15:00:00,98.12,,98.025,20250900,20251200,20250600
2024-11-12 16:00:00,98.11,,,20250900,20251200,20250600
2024-11-13 06:00:00,98.085,,98.005,20250900,20251200,20250600
2024-11-13 07:00:00,98.075,,97.995,20250900,20251200,20250600
2024-11-13 08:00:00,98.075,,97.99,20250900,20251200,20250600
2024-11-13 09:00:00,98.07,,97.99,20250900,20251200,20250600
2024-11-13 10:00:00,98.065,,97.99,20250900,20251200,20250600
2024-11-13 11:00:00,98.05,,97.985,20250900,20251200,20250600
2024-11-13 12:00:00,98.04,,97.985,20250900,20251200,20250600
2024-11-13 13:00:00,98.08,,98.0,20250900,20251200,20250600
2024-11-13 14:00:00,98.075,,98.0,20250900,20251200,20250600
2024-11-13 15:00:00,98.08,,98.0,20250900,20251200,20250600
2024-11-13 16:00:00,98.08,,,20250900,20251200,20250600
2024-11-14 06:00:00,98.145,,98.07,20250900,20251200,20250600
2024-11-14 07:00:00,98.08,,97.995,20250900,20251200,20250600
2024-11-14 08:00:00,98.105,,98.025,20250900,20251200,20250600
2024-11-14 09:00:00,,,98.015,20250900,20251200,20250600
2024-11-14 10:00:00,98.125,,98.045,20250900,20251200,20250600
2024-11-14 11:00:00,98.135,,98.05,20250900,20251200,20250600
2024-11-14 12:00:00,98.12,,98.05,20250900,20251200,20250600
2024-11-14 13:00:00,98.135,,98.04,20250900,20251200,20250600
2024-11-14 14:00:00,98.14,,98.055,20250900,20251200,20250600
2024-11-14 15:00:00,,,98.06,20250900,20251200,20250600
2024-11-14 16:00:00,98.14,,98.075,20250900,20251200,20250600
2024-11-15 06:00:00,98.125,,98.05,20250900,20251200,20250600
2024-11-15 07:00:00,98.135,,98.055,20250900,20251200,20250600
2024-11-15 08:00:00,98.15,,98.06,20250900,20251200,20250600
2024-11-15 09:00:00,98.13,,98.045,20250900,20251200,20250600
2024-11-15 10:00:00,98.135,,98.065,20250900,20251200,20250600
2024-11-15 11:00:00,98.125,,98.045,20250900,20251200,20250600
2024-11-15 12:00:00,98.13,,98.045,20250900,20251200,20250600
2024-11-15 13:00:00,98.12,,98.05,20250900,20251200,20250600
2024-11-15 14:00:00,98.1,,98.02,20250900,20251200,20250600
2024-11-15 15:00:00,98.115,,,20250900,20251200,20250600
2024-11-15 16:00:00,98.13,,,20250900,20251200,20250600
2024-11-18 06:00:00,98.06,,97.975,20250900,20251200,20250600
2024-11-18 07:00:00,98.085,,98.025,20250900,20251200,20250600
2024-11-18 08:00:00,98.08,,98.005,20250900,20251200,20250600
2024-11-18 09:00:00,98.08,,98.005,20250900,20251200,20250600
2024-11-18 10:00:00,98.07,,97.99,20250900,20251200,20250600
2024-11-18 12:00:00,98.05,,97.97,20250900,20251200,20250600
2024-11-18 13:00:00,98.055,,97.965,20250900,20251200,20250600
2024-11-18 14:00:00,98.055,,97.97,20250900,20251200,20250600
2024-11-18 16:00:00,,,97.975,20250900,20251200,20250600
2024-11-19 06:00:00,98.065,,97.975,20250900,20251200,20250600
2024-11-19 07:00:00,98.08,,97.985,20250900,20251200,20250600
2024-11-19 08:00:00,98.095,,98.0,20250900,20251200,20250600
2024-11-19 09:00:00,98.105,,98.005,20250900,20251200,20250600
2024-11-19 10:00:00,98.09,,97.985,20250900,20251200,20250600
2024-11-19 11:00:00,98.08,,,20250900,20251200,20250600
2024-11-19 12:00:00,98.07,,97.975,20250900,20251200,20250600
2024-11-19 13:00:00,98.085,,97.98,20250900,20251200,20250600
2024-11-19 14:00:00,98.06,,97.965,20250900,20251200,20250600
2024-11-19 15:00:00,98.06,,97.975,20250900,20251200,20250600
2024-11-19 16:00:00,,,97.965,20250900,20251200,20250600
2024-11-20 06:00:00,98.045,,97.96,20250900,20251200,20250600
2024-11-20 07:00:00,98.035,,97.945,20250900,20251200,20250600
2024-11-20 08:00:00,98.045,,97.955,20250900,20251200,20250600
2024-11-20 09:00:00,98.05,,97.96,20250900,20251200,20250600
2024-11-20 10:00:00,98.05,,97.945,20250900,20251200,20250600
2024-11-20 11:00:00,98.035,,97.94,20250900,20251200,20250600
2024-11-20 12:00:00,98.025,,97.935,20250900,20251200,20250600
2024-11-20 13:00:00,98.025,,97.94,20250900,20251200,20250600
2024-11-20 14:00:00,98.035,,97.95,20250900,20251200,20250600
2024-11-20 15:00:00,98.05,,97.955,20250900,20251200,20250600
2024-11-20 16:00:00,,,97.96,20250900,20251200,20250600
2024-11-21 06:00:00,98.075,,97.985,20250900,20251200,20250600
2024-11-21 07:00:00,98.025,,97.945,20250900,20251200,20250600
2024-11-21 09:00:00,98.055,,,20250900,20251200,20250600
2024-11-21 11:00:00,98.06,,,20250900,20251200,20250600
2024-11-21 12:00:00,98.065,,97.97,20250900,20251200,20250600
2024-11-21 13:00:00,98.07,,,20250900,20251200,20250600
2024-11-21 14:00:00,98.075,,97.975,20250900,20251200,20250600
2024-11-21 15:00:00,98.075,,97.985,20250900,20251200,20250600
2024-11-21 16:00:00,98.07,,97.975,20250900,20251200,20250600
2024-11-22 06:00:00,98.165,,98.085,20250900,20251200,20250600
2024-11-22 07:00:00,98.045,,97.96,20250900,20251200,20250600
2024-11-22 08:00:00,98.16,,98.075,20250900,20251200,20250600
2024-11-22 09:00:00,98.16,,98.095,20250900,20251200,20250600
2024-11-22 10:00:00,98.16,,,20250900,20251200,20250600
2024-11-22 11:00:00,98.165,,98.095,20250900,20251200,20250600
2024-11-22 12:00:00,98.19,,98.105,20250900,20251200,20250600
2024-11-22 13:00:00,98.17,,98.085,20250900,20251200,20250600
2024-11-22 14:00:00,98.155,,98.06,20250900,20251200,20250600
2024-11-22 15:00:00,98.16,,98.075,20250900,20251200,20250600
2024-11-22 16:00:00,98.18,,98.095,20250900,20251200,20250600
2024-11-25 06:00:00,98.16,,98.07,20250900,20251200,20250600
2024-11-25 07:00:00,98.175,,98.09,20250900,20251200,20250600
2024-11-25 09:00:00,98.165,,98.065,20250900,20251200,20250600
2024-11-25 10:00:00,,,98.06,20250900,20251200,20250600
2024-11-25 11:00:00,,,98.055,20250900,20251200,20250600
2024-11-25 12:00:00,98.15,,98.055,20250900,20251200,20250600
2024-11-25 13:00:00,98.16,,,20250900,20251200,20250600
2024-11-25 14:00:00,98.155,,,20250900,20251200,20250600
2024-11-25 16:00:00,98.155,,,20250900,20251200,20250600
2024-11-26 06:00:00,98.12,98.15,98.03,20250900,20251200,20250600
2024-11-26 07:00:00,98.15,,98.13,20251200,20260300,20250900
2024-11-26 08:00:00,98.175,,98.145,20251200,20260300,20250900
2024-11-26 09:00:00,98.15,,98.13,20251200,20260300,20250900
2024-11-26 10:00:00,98.145,,98.12,20251200,20260300,20250900
2024-11-26 11:00:00,98.15,,98.12,20251200,20260300,20250900
2024-11-26 12:00:00,,,98.135,20251200,20260300,20250900
2024-11-26 13:00:00,98.15,,98.125,20251200,20260300,20250900
2024-11-26 14:00:00,,,98.125,20251200,20260300,20250900
2024-11-26 15:00:00,,,98.12,20251200,20260300,20250900
2024-11-26 16:00:00,98.15,,98.115,20251200,20260300,20250900
2024-11-27 06:00:00,98.175,,98.1,20251200,20260300,20250900
2024-11-27 07:00:00,98.18,,98.15,20251200,20260300,20250900
2024-11-27 08:00:00,98.16,,98.1,20251200,20260300,20250900
2024-11-27 09:00:00,98.155,,98.115,20251200,20260300,20250900
2024-11-27 10:00:00,98.15,,98.12,20251200,20260300,20250900
2024-11-27 11:00:00,,,98.115,20251200,20260300,20250900
2024-11-27 13:00:00,,,98.11,20251200,20260300,20250900
2024-11-27 14:00:00,,,98.115,20251200,20260300,20250900
2024-11-27 15:00:00,,,98.095,20251200,20260300,20250900
2024-11-27 16:00:00,,,98.095,20251200,20260300,20250900
2024-11-28 06:00:00,98.18,,98.15,20251200,20260300,20250900
2024-11-28 07:00:00,98.14,,98.095,20251200,20260300,20250900
2024-11-28 08:00:00,98.165,,98.11,20251200,20260300,20250900
2024-11-28 09:00:00,98.16,,,20251200,20260300,20250900
2024-11-28 10:00:00,,,98.115,20251200,20260300,20250900
2024-11-28 11:00:00,98.155,,98.125,20251200,20260300,20250900
2024-11-28 12:00:00,,,98.13,20251200,20260300,20250900
2024-11-28 13:00:00,98.17,,98.145,20251200,20260300,20250900
2024-11-28 14:00:00,98.175,,98.145,20251200,20260300,20250900
2024-11-28 15:00:00,98.18,,98.15,20251200,20260300,20250900
2024-11-29 06:00:00,98.235,,98.215,20251200,20260300,20250900
2024-11-29 07:00:00,98.185,,98.15,20251200,20260300,20250900
2024-11-29 08:00:00,98.185,,98.14,20251200,20260300,20250900
2024-11-29 09:00:00,98.18,,98.155,20251200,20260300,20250900
2024-11-29 10:00:00,98.18,,98.15,20251200,20260300,20250900
2024-11-29 11:00:00,98.2,,98.175,20251200,20260300,20250900
2024-11-29 12:00:00,98.21,,98.18,20251200,20260300,20250900
2024-11-29 13:00:00,98.2,,98.175,20251200,20260300,20250900
2024-11-29 14:00:00,,,98.195,20251200,20260300,20250900
2024-11-29 15:00:00,98.225,,98.2,20251200,20260300,20250900
2024-11-29 16:00:00,,,98.215,20251200,20260300,20250900
2024-12-02 06:00:00,98.31,,98.285,20251200,20260300,20250900
2024-12-02 07:00:00,98.26,,98.235,20251200,20260300,20250900
2024-12-02 08:00:00,,,98.25,20251200,20260300,20250900
2024-12-02 09:00:00,,,98.25,20251200,20260300,20250900
2024-12-02 10:00:00,98.28,,98.265,20251200,20260300,20250900
2024-12-02 11:00:00,,,98.26,20251200,20260300,20250900
2024-12-02 12:00:00,,,98.26,20251200,20260300,20250900
2024-12-02 13:00:00,,,98.25,20251200,20260300,20250900
2024-12-02 14:00:00,,,98.26,20251200,20260300,20250900
2024-12-02 15:00:00,98.3,,98.275,20251200,20260300,20250900
2024-12-02 16:00:00,,,98.275,20251200,20260300,20250900
2024-12-03 06:00:00,98.26,,98.235,20251200,20260300,20250900
2024-12-03 07:00:00,98.31,,98.275,20251200,20260300,20250900
2024-12-03 08:00:00,,,98.265,20251200,20260300,20250900
2024-12-03 09:00:00,98.275,,98.255,20251200,20260300,20250900
2024-12-03 10:00:00,,,98.245,20251200,20260300,20250900
2024-12-03 11:00:00,98.27,,98.245,20251200,20260300,20250900
2024-12-03 12:00:00,98.265,,98.23,20251200,20260300,20250900
2024-12-03 13:00:00,98.265,,98.26,20251200,20260300,20250900
2024-12-03 14:00:00,,,98.25,20251200,20260300,20250900
2024-12-03 15:00:00,,,98.25,20251200,20260300,20250900
2024-12-03 16:00:00,,,98.23,20251200,20260300,20250900
2024-12-04 06:00:00,98.245,,98.215,20251200,20260300,20250900
2024-12-04 07:00:00,98.26,,98.23,20251200,20260300,20250900
2024-12-04 08:00:00,98.26,,98.23,20251200,20260300,20250900
2024-12-04 09:00:00,98.25,,98.215,20251200,20260300,20250900
2024-12-04 10:00:00,98.235,,98.205,20251200,20260300,20250900
2024-12-04 11:00:00,98.225,,98.195,20251200,20260300,20250900
2024-12-04 12:00:00,98.225,,98.175,20251200,20260300,20250900
2024-12-04 13:00:00,98.21,,98.195,20251200,20260300,20250900
2024-12-04 14:00:00,98.235,,98.205,20251200,20260300,20250900
2024-12-04 15:00:00,,,98.205,20251200,20260300,20250900
2024-12-04 16:00:00,,,98.215,20251200,20260300,20250900
2024-12-05 06:00:00,98.18,,98.155,20251200,20260300,20250900
2024-12-05 07:00:00,98.26,,98.235,20251200,20260300,20250900
2024-12-05 08:00:00,98.23,,98.2,20251200,20260300,20250900
2024-12-05 09:00:00,98.225,,98.19,20251200,20260300,20250900
2024-12-05 10:00:00,98.24,,98.195,20251200,20260300,20250900
2024-12-05 11:00:00,,,98.2,20251200,20260300,20250900
2024-12-05 12:00:00,98.22,,98.19,20251200,20260300,20250900
2024-12-05 13:00:00,,,98.185,20251200,20260300,20250900
2024-12-05 14:00:00,98.195,,98.145,20251200,20260300,20250900
2024-12-05 15:00:00,,,98.15,20251200,20260300,20250900
2024-12-05 16:00:00,,,98.15,20251200,20260300,20250900
2024-12-06 06:00:00,98.185,,98.145,20251200,20260300,20250900
2024-12-06 07:00:00,98.185,,98.145,20251200,20260300,20250900
2024-12-06 08:00:00,,,98.13,20251200,20260300,20250900
2024-12-06 09:00:00,,,98.12,20251200,20260300,20250900
2024-12-06 10:00:00,,,98.11,20251200,20260300,20250900
2024-12-06 11:00:00,,,98.12,20251200,20260300,20250900
2024-12-06 12:00:00,98.16,,98.13,20251200,20260300,20250900
2024-12-06 13:00:00,,,98.14,20251200,20260300,20250900
2024-12-06 14:00:00,98.195,,98.155,20251200,20260300,20250900
2024-12-06 15:00:00,98.195,,98.155,20251200,20260300,20250900
2024-12-06 16:00:00,,,98.15,20251200,20260300,20250900
2024-12-09 06:00:00,98.21,,98.17,20251200,20260300,20250900
2024-12-09 07:00:00,,,98.16,20251200,20260300,20250900
2024-12-09 08:00:00,,,98.15,20251200,20260300,20250900
2024-12-09 09:00:00,,,98.155,20251200,20260300,20250900
2024-12-09 10:00:00,,,98.145,20251200,20260300,20250900
2024-12-09 11:00:00,,,98.165,20251200,20260300,20250900
2024-12-09 12:00:00,,,98.17,20251200,20260300,20250900
2024-12-09 13:00:00,98.225,,98.185,20251200,20260300,20250900
2024-12-09 15:00:00,98.21,,98.17,20251200,20260300,20250900
2024-12-09 16:00:00,,,98.17,20251200,20260300,20250900
2024-12-10 06:00:00,98.235,,98.195,20251200,20260300,20250900
2024-12-10 07:00:00,98.21,,98.165,20251200,20260300,20250900
2024-12-10 08:00:00,98.215,,,20251200,20260300,20250900
2024-12-10 09:00:00,98.22,,98.18,20251200,20260300,20250900
2024-12-10 10:00:00,98.22,,98.18,20251200,20260300,20250900
2024-12-10 11:00:00,98.22,,98.18,20251200,20260300,20250900
2024-12-10 12:00:00,98.225,,98.185,20251200,20260300,20250900
2024-12-10 13:00:00,98.235,,98.195,20251200,20260300,20250900
2024-12-10 14:00:00,98.24,,98.2,20251200,20260300,20250900
2024-12-10 15:00:00,98.235,,98.2,20251200,20260300,20250900
2024-12-10 16:00:00,98.23,,98.195,20251200,20260300,20250900
2024-12-11 06:00:00,98.245,,98.205,20251200,20260300,20250900
2024-12-11 07:00:00,98.23,,98.19,20251200,20260300,20250900
2024-12-11 08:00:00,98.235,,98.19,20251200,20260300,20250900
2024-12-11 09:00:00,98.22,,98.18,20251200,20260300,20250900
2024-12-11 10:00:00,98.245,,98.2,20251200,20260300,20250900
2024-12-11 11:00:00,98.24,,98.2,20251200,20260300,20250900
2024-12-11 12:00:00,98.23,,98.19,20251200,20260300,20250900
2024-12-11 13:00:00,98.25,,98.21,20251200,20260300,20250900
2024-12-11 14:00:00,98.265,,98.215,20251200,20260300,20250900
2024-12-11 15:00:00,98.25,,98.215,20251200,20260300,20250900
2024-12-11 16:00:00,98.245,,98.2,20251200,20260300,20250900
2024-12-12 06:00:00,98.19,,98.155,20251200,20260300,20250900
2024-12-12 07:00:00,98.235,,98.185,20251200,20260300,20250900
2024-12-12 08:00:00,98.235,,98.19,20251200,20260300,20250900
2024-12-12 09:00:00,98.215,,98.175,20251200,20260300,20250900
2024-12-12 10:00:00,98.23,,98.195,20251200,20260300,20250900
2024-12-12 11:00:00,98.22,,98.175,20251200,20260300,20250900
2024-12-12 12:00:00,98.225,,98.185,20251200,20260300,20250900
2024-12-12 13:00:00,98.265,,98.22,20251200,20260300,20250900
2024-12-12 14:00:00,98.205,,98.15,20251200,20260300,20250900
2024-12-12 15:00:00,98.2,,98.155,20251200,20260300,20250900
2024-12-12 16:00:00,,,98.145,20251200,20260300,20250900
2024-12-12 17:00:00,98.165,,,20251200,20260300,20250900
2024-12-13 06:00:00,98.125,,98.095,20251200,20260300,20250900
2024-12-13 07:00:00,98.155,,98.13,20251200,20260300,20250900
2024-12-13 08:00:00,98.155,,98.115,20251200,20260300,20250900
2024-12-13 09:00:00,98.15,,98.12,20251200,20260300,20250900
2024-12-13 10:00:00,,,98.115,20251200,20260300,20250900
2024-12-13 11:00:00,,,98.105,20251200,20260300,20250900
2024-12-13 12:00:00,98.13,,98.1,20251200,20260300,20250900
2024-12-13 13:00:00,98.14,,98.11,20251200,20260300,20250900
2024-12-13 14:00:00,98.14,,98.11,20251200,20260300,20250900
2024-12-13 15:00:00,98.12,,98.1,20251200,20260300,20250900
2024-12-13 16:00:00,98.115,,98.085,20251200,20260300,20250900
2024-12-16 06:00:00,98.1,,98.1,20251200,20260300,20250900
2024-12-16 07:00:00,,,98.075,20251200,20260300,20250900
2024-12-16 08:00:00,98.125,,98.08,20251200,20260300,20250900
2024-12-16 10:00:00,98.12,,,20251200,20260300,20250900
2024-12-16 11:00:00,98.12,,98.085,20251200,20260300,20250900
2024-12-16 12:00:00,,,98.095,20251200,20260300,20250900
2024-12-16 13:00:00,,,98.095,20251200,20260300,20250900
2024-12-16 14:00:00,98.135,,98.095,20251200,20260300,20250900
2024-12-16 15:00:00,,,98.1,20251200,20260300,20250900
2024-12-16 16:00:00,98.125,,,20251200,20260300,20250900
2024-12-17 06:00:00,98.13,,98.095,20251200,20260300,20250900
2024-12-17 07:00:00,98.13,,98.085,20251200,20260300,20250900
2024-12-17 08:00:00,98.12,,,20251200,20260300,20250900
2024-12-17 09:00:00,98.13,,,20251200,20260300,20250900
2024-12-17 10:00:00,98.125,,,20251200,20260300,20250900
2024-12-17 11:00:00,,,98.09,20251200,20260300,20250900
2024-12-17 12:00:00,98.11,,98.08,20251200,20260300,20250900
2024-12-17 13:00:00,98.105,,98.08,20251200,20260300,20250900
2024-12-17 14:00:00,98.11,,98.08,20251200,20260300,20250900
2024-12-17 15:00:00,,,98.09,20251200,20260300,20250900
2024-12-17 16:00:00,,,98.085,20251200,20260300,20250900
2024-12-18 06:00:00,98.115,,98.085,20251200,20260300,20250900
2024-12-18 07:00:00,98.13,,98.085,20251200,20260300,20250900
2024-12-18 08:00:00,,,98.105,20251200,20260300,20250900
2024-12-18 09:00:00,98.125,,,20251200,20260300,20250900
2024-12-18 10:00:00,98.125,,,20251200,20260300,20250900
2024-12-18 11:00:00,98.13,,,20251200,20260300,20250900
2024-12-18 12:00:00,98.125,,98.09,20251200,20260300,20250900
2024-12-18 13:00:00,98.115,,98.08,20251200,20260300,20250900
2024-12-18 14:00:00,98.13,,98.095,20251200,20260300,20250900
2024-12-18 15:00:00,98.13,,98.08,20251200,20260300,20250900
2024-12-19 06:00:00,98.095,,98.06,20251200,20260300,20250900
2024-12-19 07:00:00,98.08,,98.03,20251200,20260300,20250900
2024-12-19 08:00:00,98.095,,98.055,20251200,20260300,20250900
2024-12-19 09:00:00,98.095,,,20251200,20260300,20250900
2024-12-19 10:00:00,98.095,,98.065,20251200,20260300,20250900
2024-12-19 11:00:00,98.09,,98.05,20251200,20260300,20250900
2024-12-19 12:00:00,98.095,,,20251200,20260300,20250900
2024-12-19 13:00:00,98.09,,98.06,20251200,20260300,20250900
2024-12-19 14:00:00,98.08,,98.05,20251200,20260300,20250900
2024-12-19 15:00:00,98.095,,98.055,20251200,20260300,20250900
2024-12-19 16:00:00,98.1,,98.06,20251200,20260300,20250900
2024-12-20 06:00:00,98.11,,98.095,20251200,20260300,20250900
2024-12-20 07:00:00,98.11,,98.085,20251200,20260300,20250900
2024-12-20 08:00:00,98.12,,98.08,20251200,20260300,20250900
2024-12-20 09:00:00,98.135,,,20251200,20260300,20250900
2024-12-20 10:00:00,98.135,,98.09,20251200,20260300,20250900
2024-12-20 11:00:00,98.135,,,20251200,20260300,20250900
2024-12-20 12:00:00,98.14,,98.095,20251200,20260300,20250900
2024-12-20 13:00:00,98.155,,98.11,20251200,20260300,20250900
2024-12-20 14:00:00,98.135,,98.105,20251200,20260300,20250900
2024-12-20 15:00:00,98.14,,98.1,20251200,20260300,20250900
2024-12-20 16:00:00,98.135,,,20251200,20260300,20250900
2024-12-23 06:00:00,98.5,,98.07,20251200,20260300,20250900
2024-12-23 07:00:00,98.105,,98.065,20251200,20260300,20250900
2024-12-23 08:00:00,98.105,,98.07,20251200,20260300,20250900
2024-12-23 09:00:00,98.105,,98.07,20251200,20260300,20250900
2024-12-23 10:00:00,98.12,,98.085,20251200,20260300,20250900
2024-12-23 11:00:00,98.12,,98.085,20251200,20260300,20250900
2024-12-23 12:00:00,98.115,,98.085,20251200,20260300,20250900
2024-12-23 13:00:00,98.11,,98.08,20251200,20260300,20250900
2024-12-23 14:00:00,98.11,,98.08,20251200,20260300,20250900
2024-12-23 15:00:00,98.1,,98.07,20251200,20260300,20250900
2024-12-23 16:00:00,98.095,,98.065,20251200,20260300,20250900
2024-12-27 06:00:00,98.085,,98.06,20251200,20260300,20250900
2024-12-27 07:00:00,98.095,,98.07,20251200,20260300,20250900
2024-12-27 08:00:00,98.08,,98.06,20251200,20260300,20250900
2024-12-27 09:00:00,98.065,,98.045,20251200,20260300,20250900
2024-12-27 10:00:00,98.07,,98.05,20251200,20260300,20250900
2024-12-27 11:00:00,98.065,,98.045,20251200,20260300,20250900
2024-12-27 12:00:00,98.085,,98.06,20251200,20260300,20250900
2024-12-27 13:00:00,98.08,,98.055,20251200,20260300,20250900
2024-12-27 14:00:00,98.07,,98.055,20251200,20260300,20250900
2024-12-27 15:00:00,98.085,,98.06,20251200,20260300,20250900
2024-12-27 16:00:00,98.08,,98.055,20251200,20260300,20250900
2024-12-27 18:00:00,98.0,,,20251200,20260300,20250900
2024-12-30 06:00:00,98.105,,98.075,20251200,20260300,20250900
2024-12-30 07:00:00,98.08,,98.05,20251200,20260300,20250900
2024-12-30 08:00:00,98.07,,98.05,20251200,20260300,20250900
2024-12-30 09:00:00,98.075,,98.045,20251200,20260300,20250900
2024-12-30 10:00:00,98.07,,98.045,20251200,20260300,20250900
2024-12-30 11:00:00,98.08,,98.05,20251200,20260300,20250900
2024-12-30 12:00:00,98.075,,98.05,20251200,20260300,20250900
2024-12-30 13:00:00,98.08,,98.055,20251200,20260300,20250900
2024-12-30 14:00:00,98.085,,,20251200,20260300,20250900
2024-12-30 15:00:00,98.09,,,20251200,20260300,20250900
2024-12-30 16:00:00,98.1,,,20251200,20260300,20250900
2025-01-02 06:00:00,98.095,,98.055,20251200,20260300,20250900
2025-01-02 07:00:00,98.1,,98.07,20251200,20260300,20250900
2025-01-02 08:00:00,98.105,,98.075,20251200,20260300,20250900
2025-01-02 09:00:00,98.115,,98.075,20251200,20260300,20250900
2025-01-02 10:00:00,98.145,,98.1,20251200,20260300,20250900
2025-01-02 11:00:00,98.13,,98.085,20251200,20260300,20250900
2025-01-02 12:00:00,98.135,,98.09,20251200,20260300,20250900
2025-01-02 13:00:00,,,98.08,20251200,20260300,20250900
2025-01-02 14:00:00,98.095,,98.06,20251200,20260300,20250900
2025-01-02 15:00:00,98.1,,98.06,20251200,20260300,20250900
2025-01-02 16:00:00,98.08,,98.04,20251200,20260300,20250900
2025-01-02 17:00:00,98.06,,,20251200,20260300,20250900
2025-01-03 06:00:00,97.995,,97.96,20251200,20260300,20250900
2025-01-03 07:00:00,98.07,,98.03,20251200,20260300,20250900
2025-01-03 08:00:00,98.055,,98.025,20251200,20260300,20250900
2025-01-03 09:00:00,98.02,,97.99,20251200,20260300,20250900
2025-01-03 10:00:00,98.02,,97.985,20251200,20260300,20250900
2025-01-03 11:00:00,98.02,,97.985,20251200,20260300,20250900
2025-01-03 12:00:00,98.015,,97.98,20251200,20260300,20250900
2025-01-03 13:00:00,98.025,,97.985,20251200,20260300,20250900
2025-01-03 14:00:00,98.01,,97.975,20251200,20260300,20250900
2025-01-03 15:00:00,97.995,,97.97,20251200,20260300,20250900
2025-01-03 16:00:00,97.99,,97.955,20251200,20260300,20250900
2025-01-06 06:00:00,97.935,,97.905,20251200,20260300,20250900
2025-01-06 07:00:00,97.975,,97.945,20251200,20260300,20250900
2025-01-06 08:00:00,97.96,,97.92,20251200,20260300,20250900
2025-01-06 09:00:00,97.945,,97.93,20251200,20260300,20250900
2025-01-06 10:00:00,97.95,,97.92,20251200,20260300,20250900
2025-01-06 11:00:00,97.98,,97.93,20251200,20260300,20250900
2025-01-06 12:00:00,97.955,,97.92,20251200,20260300,20250900
2025-01-06 13:00:00,97.93,,97.9,20251200,20260300,20250900
2025-01-06 14:00:00,97.945,,97.905,20251200,20260300,20250900
2025-01-06 15:00:00,97.935,,97.905,20251200,20260300,20250900
2025-01-06 16:00:00,97.94,,97.91,20251200,20260300,20250900
2025-01-07 06:00:00,97.955,,97.925,20251200,20260300,20250900
2025-01-07 07:00:00,97.96,,97.93,20251200,20260300,20250900
2025-01-07 08:00:00,97.955,,,20251200,20260300,20250900
2025-01-07 09:00:00,97.95,,97.915,20251200,20260300,20250900
2025-01-07 10:00:00,97.955,,97.91,20251200,20260300,20250900
2025-01-07 11:00:00,97.955,,97.92,20251200,20260300,20250900
2025-01-07 12:00:00,97.96,,97.93,20251200,20260300,20250900
2025-01-07 13:00:00,97.96,,97.92,20251200,20260300,20250900
2025-01-07 14:00:00,97.97,,97.93,20251200,20260300,20250900
2025-01-07 15:00:00,97.965,,97.925,20251200,20260300,20250900
2025-01-07 16:00:00,97.95,,97.92,20251200,20260300,20250900
2025-01-07 17:00:00,97.96,,,20251200,20260300,20250900
2025-01-08 06:00:00,97.96,,97.925,20251200,20260300,20250900
2025-01-08 07:00:00,97.97,,97.925,20251200,20260300,20250900
2025-01-08 08:00:00,97.955,,97.93,20251200,20260300,20250900
2025-01-08 09:00:00,97.95,,97.915,20251200,20260300,20250900
2025-01-08 10:00:00,97.95,,97.92,20251200,20260300,20250900
2025-01-08 11:00:00,97.94,,,20251200,20260300,20250900
2025-01-08 12:00:00,,,97.91,20251200,20260300,20250900
2025-01-08 13:00:00,,,97.91,20251200,20260300,20250900
2025-01-08 14:00:00,,,97.915,20251200,20260300,20250900
2025-01-08 15:00:00,,,97.92,20251200,20260300,20250900
2025-01-08 16:00:00,97.96,,97.915,20251200,20260300,20250900
2025-01-09 06:00:00,97.935,,97.9,20251200,20260300,20250900
2025-01-09 07:00:00,97.95,,97.91,20251200,20260300,20250900
2025-01-09 08:00:00,97.935,,97.9,20251200,20260300,20250900
2025-01-09 09:00:00,97.915,,97.885,20251200,20260300,20250900
2025-01-09 10:00:00,97.92,,,20251200,20260300,20250900
2025-01-09 11:00:00,97.93,,,20251200,20260300,20250900
2025-01-09 12:00:00,97.94,,,20251200,20260300,20250900
2025-01-09 13:00:00,97.94,,97.905,20251200,20260300,20250900
2025-01-09 14:00:00,97.94,,,20251200,20260300,20250900
2025-01-09 15:00:00,97.93,,,20251200,20260300,20250900
2025-01-09 16:00:00,97.92,,97.885,20251200,20260300,20250900
2025-01-09 17:00:00,,,97.885,20251200,20260300,20250900
2025-01-10 06:00:00,97.87,,97.84,20251200,20260300,20250900
2025-01-10 07:00:00,97.9,,97.875,20251200,20260300,20250900
2025-01-10 08:00:00,97.885,,97.855,20251200,20260300,20250900
2025-01-10 09:00:00,97.9,,97.87,20251200,20260300,20250900
2025-01-10 10:00:00,97.895,,97.865,20251200,20260300,20250900
2025-01-10 11:00:00,97.89,,97.865,20251200,20260300,20250900
2025-01-10 12:00:00,97.895,,97.865,20251200,20260300,20250900
2025-01-10 13:00:00,97.86,,97.84,20251200,20260300,20250900
2025-01-10 14:00:00,97.895,,,20251200,20260300,20250900
2025-01-10 15:00:00,97.895,,97.845,20251200,20260300,20250900
2025-01-10 16:00:00,97.875,,97.835,20251200,20260300,20250900
2025-01-13 06:00:00,97.855,,97.825,20251200,20260300,20250900
2025-01-13 07:00:00,97.84,,97.795,20251200,20260300,20250900
2025-01-13 08:00:00,97.805,,97.79,20251200,20260300,20250900
2025-01-13 09:00:00,97.82,,97.79,20251200,20260300,20250900
2025-01-13 10:00:00,97.825,,97.795,20251200,20260300,20250900
2025-01-13 11:00:00,97.835,,97.8,20251200,20260300,20250900
2025-01-13 12:00:00,97.84,,97.815,20251200,20260300,20250900
2025-01-13 13:00:00,97.845,,97.82,20251200,20260300,20250900
2025-01-13 14:00:00,97.85,,97.82,20251200,20260300,20250900
2025-01-13 15:00:00,97.855,,97.825,20251200,20260300,20250900
2025-01-13 16:00:00,97.84,,97.815,20251200,20260300,20250900
2025-01-13 17:00:00,97.845,,,20251200,20260300,20250900
2025-01-14 06:00:00,97.83,,97.805,20251200,20260300,20250900
2025-01-14 07:00:00,97.87,,97.84,20251200,20260300,20250900
2025-01-14 08:00:00,97.86,,97.845,20251200,20260300,20250900
2025-01-14 09:00:00,97.86,,,20251200,20260300,20250900
2025-01-14 10:00:00,97.85,,97.83,20251200,20260300,20250900
2025-01-14 12:00:00,97.84,,97.82,20251200,20260300,20250900
2025-01-14 13:00:00,97.84,,97.82,20251200,20260300,20250900
2025-01-14 14:00:00,97.83,,97.81,20251200,20260300,20250900
2025-01-14 15:00:00,97.825,,97.805,20251200,20260300,20250900
2025-01-14 16:00:00,97.815,,,20251200,20260300,20250900
2025-01-14 17:00:00,,,97.79,20251200,20260300,20250900
2025-01-15 06:00:00,97.9,,97.86,20251200,20260300,20250900
2025-01-15 07:00:00,97.84,,97.815,20251200,20260300,20250900
2025-01-15 08:00:00,97.835,,97.81,20251200,20260300,20250900
2025-01-15 09:00:00,97.835,,97.81,20251200,20260300,20250900
2025-01-15 10:00:00,97.845,,,20251200,20260300,20250900
2025-01-15 11:00:00,97.84,,97.81,20251200,20260300,20250900
2025-01-15 12:00:00,97.845,,97.815,20251200,20260300,20250900
2025-01-15 13:00:00,97.895,,97.85,20251200,20260300,20250900
2025-01-15 14:00:00,97.9,,,20251200,20260300,20250900
2025-01-15 15:00:00,97.9,,97.865,20251200,20260300,20250900
2025-01-15 16:00:00,97.895,,97.855,20251200,20260300,20250900
2025-01-15 17:00:00,97.9,,,20251200,20260300,20250900
2025-01-16 06:00:00,97.93,97.91,97.89,20251200,20260300,20250900
2025-01-16 07:00:00,97.88,97.86,97.85,20251200,20260300,20250900
2025-01-16 08:00:00,97.88,97.855,97.84,20251200,20260300,20250900
2025-01-16 09:00:00,97.89,,97.855,20251200,20260300,20250900
2025-01-16 10:00:00,97.89,,97.86,20251200,20260300,20250900
2025-01-16 11:00:00,,,97.855,20251200,20260300,20250900
2025-01-16 12:00:00,97.895,97.87,97.86,20251200,20260300,20250900
2025-01-16 13:00:00,97.89,97.875,97.86,20251200,20260300,20250900
2025-01-16 14:00:00,97.89,97.865,97.86,20251200,20260300,20250900
2025-01-16 15:00:00,97.915,97.895,97.875,20251200,20260300,20250900
2025-01-16 16:00:00,97.925,,97.89,20251200,20260300,20250900
2025-01-16 17:00:00,97.925,,97.885,20251200,20260300,20250900
2025-01-17 06:00:00,97.93,97.91,97.895,20251200,20260300,20250900
2025-01-17 07:00:00,97.94,97.925,97.9,20251200,20260300,20250900
2025-01-17 08:00:00,97.925,97.92,97.89,20251200,20260300,20250900
2025-01-17 09:00:00,97.935,,97.9,20251200,20260300,20250900
2025-01-17 10:00:00,97.93,,97.895,20251200,20260300,20250900
2025-01-17 11:00:00,97.935,97.915,97.895,20251200,20260300,20250900
2025-01-17 12:00:00,97.94,,97.9,20251200,20260300,20250900
2025-01-17 13:00:00,97.945,97.925,97.905,20251200,20260300,20250900
2025-01-17 14:00:00,97.93,97.915,,20251200,20260300,20250900
2025-01-17 15:00:00,97.93,97.91,,20251200,20260300,20250900
2025-01-17 16:00:00,97.92,97.905,97.885,20251200,20260300,20250900
2025-01-17 17:00:00,97.93,,,20251200,20260300,20250900
2025-01-20 06:00:00,97.925,97.91,97.885,20251200,20260300,20250900
2025-01-20 07:00:00,97.94,97.92,97.9,20251200,20260300,20250900
2025-01-20 08:00:00,97.93,97.91,97.9,20251200,20260300,20250900
2025-01-20 09:00:00,97.915,97.895,,20251200,20260300,20250900
2025-01-20 10:00:00,97.91,97.89,97.87,20251200,20260300,20250900
2025-01-20 11:00:00,,97.89,97.875,20251200,20260300,20250900
2025-01-20 12:00:00,97.915,97.89,,20251200,20260300,20250900
2025-01-20 13:00:00,97.92,97.9,97.875,20251200,20260300,20250900
2025-01-20 14:00:00,97.915,97.9,97.875,20251200,20260300,20250900
2025-01-20 15:00:00,97.915,,97.87,20251200,20260300,20250900
2025-01-20 16:00:00,97.92,,,20251200,20260300,20250900
2025-01-21 06:00:00,97.935,97.925,97.895,20251200,20260300,20250900
2025-01-21 07:00:00,97.93,97.91,97.88,20251200,20260300,20250900
2025-01-21 08:00:00,97.93,97.915,97.88,20251200,20260300,20250900
2025-01-21 09:00:00,97.915,,97.88,20251200,20260300,20250900
2025-01-21 10:00:00,97.905,97.89,97.87,20251200,20260300,20250900
2025-01-21 11:00:00,97.9,,,20251200,20260300,20250900
2025-01-21 12:00:00,97.915,,97.875,20251200,20260300,20250900
2025-01-21 13:00:00,97.925,97.9,97.88,20251200,20260300,20250900
2025-01-21 14:00:00,97.925,97.91,97.885,20251200,20260300,20250900
2025-01-21 15:00:00,97.935,97.915,97.89,20251200,20260300,20250900
2025-01-21 16:00:00,97.93,97.915,,20251200,20260300,20250900
2025-01-21 17:00:00,97.925,,97.89,20251200,20260300,20250900
2025-01-22 06:00:00,97.92,97.9,97.885,20251200,20260300,20250900
2025-01-22 07:00:00,97.92,97.905,97.88,20251200,20260300,20250900
2025-01-22 08:00:00,97.935,97.93,97.895,20251200,20260300,20250900
2025-01-22 09:00:00,97.94,,97.895,20251200,20260300,20250900
2025-01-22 10:00:00,97.93,,,20251200,20260300,20250900
2025-01-22 11:00:00,97.93,,97.89,20251200,20260300,20250900
2025-01-22 12:00:00,97.93,97.915,97.89,20251200,20260300,20250900
2025-01-22 13:00:00,97.935,97.92,,20251200,20260300,20250900
2025-01-22 14:00:00,97.92,,97.885,20251200,20260300,20250900
2025-01-22 15:00:00,97.92,,97.885,20251200,20260300,20250900
2025-01-22 16:00:00,97.92,,97.875,20251200,20260300,20250900
2025-01-22 17:00:00,97.91,,97.87,20251200,20260300,20250900
2025-01-23 06:00:00,97.89,97.875,97.855,20251200,20260300,20250900
2025-01-23 07:00:00,97.92,97.9,97.875,20251200,20260300,20250900
2025-01-23 08:00:00,97.915,,,20251200,20260300,20250900
2025-01-23 09:00:00,97.895,97.88,97.86,20251200,20260300,20250900
2025-01-23 10:00:00,97.895,97.87,97.86,20251200,20260300,20250900
2025-01-23 11:00:00,97.9,97.875,97.86,20251200,20260300,20250900
2025-01-23 12:00:00,97.9,97.88,,20251200,20260300,20250900
2025-01-23 13:00:00,97.9,97.885,97.865,20251200,20260300,20250900
2025-01-23 14:00:00,97.88,97.86,97.85,20251200,20260300,20250900
2025-01-23 15:00:00,97.895,97.875,97.86,20251200,20260300,20250900
2025-01-23 16:00:00,97.9,97.875,97.86,20251200,20260300,20250900
2025-01-23 17:00:00,97.89,,97.855,20251200,20260300,20250900
2025-01-24 06:00:00,97.835,97.815,97.805,20251200,20260300,20250900
2025-01-24 07:00:00,97.89,97.88,97.85,20251200,20260300,20250900
2025-01-24 08:00:00,97.84,97.81,97.81,20251200,20260300,20250900
2025-01-24 09:00:00,97.84,97.82,97.81,20251200,20260300,20250900
2025-01-24 10:00:00,97.85,,97.82,20251200,20260300,20250900
2025-01-24 11:00:00,97.83,97.81,97.805,20251200,20260300,20250900
2025-01-24 12:00:00,97.825,97.81,97.8,20251200,20260300,20250900
2025-01-24 13:00:00,97.83,97.8,97.805,20251200,20260300,20250900
2025-01-24 14:00:00,97.82,97.79,97.795,20251200,20260300,20250900
2025-01-24 15:00:00,97.835,97.805,97.8,20251200,20260300,20250900
2025-01-24 16:00:00,97.825,97.81,97.795,20251200,20260300,20250900
2025-01-24 17:00:00,97.83,,97.8,20251200,20260300,20250900
2025-01-27 06:00:00,97.855,97.84,97.82,20251200,20260300,20250900
2025-01-27 07:00:00,97.86,97.845,97.825,20251200,20260300,20250900
2025-01-27 08:00:00,97.87,97.86,97.835,20251200,20260300,20250900
2025-01-27 09:00:00,97.88,97.865,97.84,20251200,20260300,20250900
2025-01-27 10:00:00,97.875,,97.84,20251200,20260300,20250900
2025-01-27 11:00:00,97.885,97.875,97.845,20251200,20260300,20250900
2025-01-27 12:00:00,97.875,97.875,97.84,20251200,20260300,20250900
2025-01-27 13:00:00,97.865,97.85,97.83,20251200,20260300,20250900
2025-01-27 14:00:00,97.865,97.85,97.83,20251200,20260300,20250900
2025-01-27 15:00:00,97.855,97.84,97.82,20251200,20260300,20250900
2025-01-27 16:00:00,97.855,,97.825,20251200,20260300,20250900
2025-01-28 06:00:00,97.845,97.83,97.815,20251200,20260300,20250900
2025-01-28 07:00:00,97.86,97.845,97.825,20251200,20260300,20250900
2025-01-28 08:00:00,97.86,97.845,97.82,20251200,20260300,20250900
2025-01-28 09:00:00,97.84,97.825,97.81,20251200,20260300,20250900
2025-01-28 10:00:00,97.845,97.82,97.81,20251200,20260300,20250900
2025-01-28 11:00:00,97.84,97.82,97.81,20251200,20260300,20250900
2025-01-28 12:00:00,97.845,97.82,97.815,20251200,20260300,20250900
2025-01-28 13:00:00,97.845,97.825,97.815,20251200,20260300,20250900
2025-01-28 14:00:00,97.855,,97.82,20251200,20260300,20250900
2025-01-28 15:00:00,97.845,,,20251200,20260300,20250900
2025-01-28 16:00:00,97.845,,97.81,20251200,20260300,20250900
2025-01-28 17:00:00,97.845,,97.815,20251200,20260300,20250900
2025-01-29 06:00:00,97.845,97.825,97.81,20251200,20260300,20250900
2025-01-29 07:00:00,97.86,97.845,97.825,20251200,20260300,20250900
2025-01-29 08:00:00,97.86,,97.825,20251200,20260300,20250900
2025-01-29 09:00:00,97.87,97.855,97.83,20251200,20260300,20250900
2025-01-29 10:00:00,97.87,97.86,97.83,20251200,20260300,20250900
2025-01-29 11:00:00,97.86,,97.825,20251200,20260300,20250900
2025-01-29 12:00:00,97.865,,97.83,20251200,20260300,20250900
2025-01-29 13:00:00,97.87,,97.83,20251200,20260300,20250900
2025-01-29 14:00:00,97.86,,97.825,20251200,20260300,20250900
2025-01-29 15:00:00,97.845,,,20251200,20260300,20250900
2025-01-29 16:00:00,97.84,,97.805,20251200,20260300,20250900
2025-01-30 06:00:00,97.925,97.905,97.89,20251200,20260300,20250900
2025-01-30 07:00:00,97.85,97.835,97.815,20251200,20260300,20250900
2025-01-30 08:00:00,97.86,97.845,97.825,20251200,20260300,20250900
2025-01-30 09:00:00,97.885,97.86,97.845,20251200,20260300,20250900
2025-01-30 10:00:00,97.895,97.87,97.86,20251200,20260300,20250900
2025-01-30 11:00:00,97.9,97.88,97.86,20251200,20260300,20250900
2025-01-30 12:00:00,97.89,97.875,97.86,20251200,20260300,20250900
2025-01-30 13:00:00,97.91,97.9,97.885,20251200,20260300,20250900
2025-01-30 14:00:00,97.925,97.915,97.895,20251200,20260300,20250900
2025-01-30 15:00:00,97.91,97.9,97.885,20251200,20260300,20250900
2025-01-30 16:00:00,97.92,97.905,97.89,20251200,20260300,20250900
2025-01-30 17:00:00,97.91,97.89,97.875,20251200,20260300,20250900
2025-01-31 06:00:00,98.015,98.005,97.975,20251200,20260300,20250900
2025-01-31 07:00:00,97.945,97.925,97.905,20251200,20260300,20250900
2025-01-31 08:00:00,97.95,97.92,97.915,20251200,20260300,20250900
2025-01-31 09:00:00,98.01,97.99,97.975,20251200,20260300,20250900
2025-01-31 10:00:00,97.995,97.975,97.955,20251200,20260300,20250900
2025-01-31 11:00:00,98.0,97.985,,20251200,20260300,20250900
2025-01-31 12:00:00,98.005,97.98,97.97,20251200,20260300,20250900
2025-01-31 13:00:00,97.995,97.96,97.955,20251200,20260300,20250900
2025-01-31 14:00:00,98.015,97.98,97.97,20251200,20260300,20250900
2025-01-31 15:00:00,98.01,98.0,97.97,20251200,20260300,20250900
2025-01-31 16:00:00,98.015,98.01,97.98,20251200,20260300,20250900
2025-01-31 17:00:00,98.015,,,20251200,20260300,20250900
2025-01-31 18:00:00,98.01,,,20251200,20260300,20250900
2025-02-03 06:00:00,98.09,98.08,98.045,20251200,20260300,20250900
2025-02-03 07:00:00,98.07,98.06,98.04,20251200,20260300,20250900
2025-02-03 08:00:00,98.075,98.06,98.035,20251200,20260300,20250900
2025-02-03 09:00:00,98.11,98.07,98.05,20251200,20260300,20250900
2025-02-03 10:00:00,98.08,,98.04,20251200,20260300,20250900
2025-02-03 11:00:00,98.1,98.075,98.045,20251200,20260300,20250900
2025-02-03 12:00:00,98.11,,98.065,20251200,20260300,20250900
2025-02-03 13:00:00,98.095,98.08,98.045,20251200,20260300,20250900
2025-02-03 14:00:00,98.105,98.1,98.055,20251200,20260300,20250900
2025-02-03 15:00:00,98.08,98.07,98.025,20251200,20260300,20250900
2025-02-03 16:00:00,98.095,,98.045,20251200,20260300,20250900
2025-02-03 17:00:00,98.105,,,20251200,20260300,20250900
2025-02-04 06:00:00,98.075,98.07,98.025,20251200,20260300,20250900
2025-02-04 07:00:00,98.075,98.07,98.025,20251200,20260300,20250900
2025-02-04 08:00:00,98.065,98.06,98.02,20251200,20260300,20250900
2025-02-04 09:00:00,98.05,98.045,98.005,20251200,20260300,20250900
2025-02-04 10:00:00,98.05,98.045,98.015,20251200,20260300,20250900
2025-02-04 11:00:00,98.06,98.06,98.015,20251200,20260300,20250900
2025-02-04 12:00:00,98.06,98.05,,20251200,20260300,20250900
2025-02-04 13:00:00,98.045,,98.01,20251200,20260300,20250900
2025-02-04 14:00:00,98.05,98.055,98.005,20251200,20260300,20250900
2025-02-04 15:00:00,98.065,98.06,98.015,20251200,20260300,20250900
2025-02-04 16:00:00,98.075,98.075,98.03,20251200,20260300,20250900
2025-02-04 17:00:00,98.085,,98.03,20251200,20260300,20250900
2025-02-05 06:00:00,98.085,98.08,98.04,20251200,20260300,20250900
2025-02-05 07:00:00,98.095,98.095,98.04,20251200,20260300,20250900
2025-02-05 08:00:00,98.1,98.1,98.05,20251200,20260300,20250900
2025-02-05 09:00:00,98.115,98.11,98.065,20251200,20260300,20250900
2025-02-05 10:00:00,98.105,98.115,98.055,20251200,20260300,20250900
2025-02-05 11:00:00,,,98.06,20251200,20260300,20250900
2025-02-05 12:00:00,98.11,98.105,98.06,20251200,20260300,20250900
2025-02-05 13:00:00,98.105,98.105,98.055,20251200,20260300,20250900
2025-02-05 14:00:00,98.08,98.07,98.03,20251200,20260300,20250900
2025-02-05 15:00:00,98.085,98.08,98.035,20251200,20260300,20250900
2025-02-05 16:00:00,98.085,,,20251200,20260300,20250900
2025-02-05 17:00:00,98.07,,,20251200,20260300,20250900
2025-02-06 06:00:00,98.08,98.075,98.035,20251200,20260300,20250900
2025-02-06 07:00:00,98.055,98.05,98.005,20251200,20260300,20250900
2025-02-06 08:00:00,98.04,,97.995,20251200,20260300,20250900
2025-02-06 09:00:00,98.05,,98.0,20251200,20260300,20250900
2025-02-06 10:00:00,98.055,98.045,98.01,20251200,20260300,20250900
2025-02-06 11:00:00,98.065,98.055,98.02,20251200,20260300,20250900
2025-02-06 12:00:00,98.07,,98.03,20251200,20260300,20250900
2025-02-06 13:00:00,98.065,98.06,98.025,20251200,20260300,20250900
2025-02-06 14:00:00,98.07,,98.025,20251200,20260300,20250900
2025-02-06 15:00:00,98.08,,98.03,20251200,20260300,20250900
2025-02-06 16:00:00,,98.07,98.03,20251200,20260300,20250900
2025-02-06 17:00:00,98.06,98.055,,20251200,20260300,20250900
2025-02-07 06:00:00,98.065,98.06,98.02,20251200,20260300,20250900
2025-02-07 07:00:00,98.065,98.055,98.02,20251200,20260300,20250900
2025-02-07 08:00:00,98.07,98.06,98.025,20251200,20260300,20250900
2025-02-07 09:00:00,98.08,98.07,98.03,20251200,20260300,20250900
2025-02-07 10:00:00,,,98.03,20251200,20260300,20250900
2025-02-07 11:00:00,98.07,,98.025,20251200,20260300,20250900
2025-02-07 12:00:00,98.06,98.055,98.015,20251200,20260300,20250900
2025-02-07 13:00:00,98.055,98.045,98.005,20251200,20260300,20250900
2025-02-07 14:00:00,98.055,98.045,98.01,20251200,20260300,20250900
2025-02-07 15:00:00,98.06,98.055,98.015,20251200,20260300,20250900
2025-02-07 16:00:00,98.08,98.055,98.035,20251200,20260300,20250900
2025-02-07 17:00:00,98.075,98.065,98.03,20251200,20260300,20250900
2025-02-10 06:00:00,98.11,98.11,98.065,20251200,20260300,20250900
2025-02-10 07:00:00,98.085,98.08,98.035,20251200,20260300,20250900
2025-02-10 08:00:00,98.08,98.07,98.02,20251200,20260300,20250900
2025-02-10 09:00:00,98.08,,98.03,20251200,20260300,20250900
2025-02-10 10:00:00,98.08,,98.03,20251200,20260300,20250900
2025-02-10 11:00:00,98.08,,98.03,20251200,20260300,20250900
2025-02-10 12:00:00,,,98.035,20251200,20260300,20250900
2025-02-10 13:00:00,98.09,98.09,,20251200,20260300,20250900
2025-02-10 14:00:00,98.1,,98.05,20251200,20260300,20250900
2025-02-10 15:00:00,98.11,,98.055,20251200,20260300,20250900
2025-02-10 16:00:00,98.1,,98.06,20251200,20260300,20250900
2025-02-10 17:00:00,98.105,,,20251200,20260300,20250900
2025-02-11 06:00:00,98.045,98.04,98.005,20251200,20260300,20250900
2025-02-11 07:00:00,98.09,98.09,98.045,20251200,20260300,20250900
2025-02-11 08:00:00,98.085,98.075,,20251200,20260300,20250900
2025-02-11 09:00:00,98.07,98.07,98.025,20251200,20260300,20250900
2025-02-11 10:00:00,98.06,98.06,98.015,20251200,20260300,20250900
2025-02-11 11:00:00,98.065,,,20251200,20260300,20250900
2025-02-11 12:00:00,98.06,,,20251200,20260300,20250900
2025-02-11 13:00:00,98.06,98.055,98.01,20251200,20260300,20250900
2025-02-11 14:00:00,98.05,98.045,98.005,20251200,20260300,20250900
2025-02-11 15:00:00,98.045,98.03,98.0,20251200,20260300,20250900
2025-02-11 16:00:00,98.045,,98.0,20251200,20260300,20250900
2025-02-11 17:00:00,98.04,,,20251200,20260300,20250900
2025-02-12 06:00:00,97.985,97.97,97.945,20251200,20260300,20250900
2025-02-12 07:00:00,98.03,98.02,97.985,20251200,20260300,20250900
2025-02-12 08:00:00,98.02,98.01,97.97,20251200,20260300,20250900
2025-02-12 09:00:00,98.02,,97.97,20251200,20260300,20250900
2025-02-12 10:00:00,98.0,,97.96,20251200,20260300,20250900
2025-02-12 11:00:00,97.99,,97.955,20251200,20260300,20250900
2025-02-12 12:00:00,98.0,,97.96,20251200,20260300,20250900
2025-02-12 13:00:00,97.985,97.98,97.95,20251200,20260300,20250900
2025-02-12 14:00:00,97.99,,97.945,20251200,20260300,20250900
2025-02-12 15:00:00,97.98,,97.945,20251200,20260300,20250900
2025-02-12 16:00:00,97.98,,97.94,20251200,20260300,20250900
2025-02-12 17:00:00,97.975,,,20251200,20260300,20250900
2025-02-13 06:00:00,98.03,98.025,97.98,20251200,20260300,20250900
2025-02-13 07:00:00,97.985,97.975,97.94,20251200,20260300,20250900
2025-02-13 08:00:00,97.975,97.97,97.935,20251200,20260300,20250900
2025-02-13 09:00:00,97.975,,97.935,20251200,20260300,20250900
2025-02-13 10:00:00,97.985,97.975,97.94,20251200,20260300,20250900
2025-02-13 11:00:00,98.015,98.0,97.965,20251200,20260300,20250900
2025-02-13 12:00:00,98.005,,97.96,20251200,20260300,20250900
2025-02-13 13:00:00,98.01,97.995,97.965,20251200,20260300,20250900
2025-02-13 14:00:00,98.025,98.02,97.98,20251200,20260300,20250900
2025-02-13 15:00:00,98.035,98.015,97.985,20251200,20260300,20250900
2025-02-13 16:00:00,98.025,,97.975,20251200,20260300,20250900
2025-02-14 06:00:00,98.005,98.0,97.955,20251200,20260300,20250900
2025-02-14 07:00:00,98.015,98.01,97.965,20251200,20260300,20250900
2025-02-14 08:00:00,97.995,,97.945,20251200,20260300,20250900
2025-02-14 09:00:00,98.02,,97.97,20251200,20260300,20250900
2025-02-14 10:00:00,98.02,,97.97,20251200,20260300,20250900
2025-02-14 11:00:00,98.01,,97.96,20251200,20260300,20250900
2025-02-14 12:00:00,98.005,98.0,97.96,20251200,20260300,20250900
2025-02-14 13:00:00,98.015,98.0,97.965,20251200,20260300,20250900
2025-02-14 14:00:00,98.0,98.005,97.965,20251200,20260300,20250900
2025-02-14 15:00:00,98.005,97.995,97.95,20251200,20260300,20250900
2025-02-14 16:00:00,98.0,,97.955,20251200,20260300,20250900
2025-02-14 17:00:00,98.0,,97.945,20251200,20260300,20250900
2025-02-17 06:00:00,97.985,97.98,97.94,20251200,20260300,20250900
2025-02-17 07:00:00,97.975,97.96,97.925,20251200,20260300,20250900
2025-02-17 08:00:00,97.98,,97.935,20251200,20260300,20250900
2025-02-17 09:00:00,97.975,97.965,97.935,20251200,20260300,20250900
2025-02-17 10:00:00,97.975,,97.93,20251200,20260300,20250900
2025-02-17 12:00:00,97.975,,97.935,20251200,20260300,20250900
2025-02-17 13:00:00,97.975,,,20251200,20260300,20250900
2025-02-17 14:00:00,97.98,97.975,,20251200,20260300,20250900
2025-02-17 15:00:00,,,97.935,20251200,20260300,20250900
2025-02-17 16:00:00,97.98,,97.94,20251200,20260300,20250900
2025-02-17 17:00:00,,,97.935,20251200,20260300,20250900
2025-02-18 06:00:00,97.99,97.98,97.945,20251200,20260300,20250900
2025-02-18 07:00:00,97.97,97.96,97.925,20251200,20260300,20250900
2025-02-18 08:00:00,97.97,97.955,97.925,20251200,20260300,20250900
2025-02-18 09:00:00,97.97,,,20251200,20260300,20250900
2025-02-18 10:00:00,97.975,,,20251200,20260300,20250900
2025-02-18 11:00:00,97.97,,97.925,20251200,20260300,20250900
2025-02-18 12:00:00,97.97,97.955,97.93,20251200,20260300,20250900
2025-02-18 13:00:00,97.985,97.97,97.94,20251200,20260300,20250900
2025-02-18 14:00:00,97.985,97.97,97.945,20251200,20260300,20250900
2025-02-18 15:00:00,97.985,,97.945,20251200,20260300,20250900
2025-02-18 17:00:00,,97.975,97.94,20251200,20260300,20250900
2025-02-19 06:00:00,97.94,97.935,97.905,20251200,20260300,20250900
2025-02-19 07:00:00,97.97,97.96,97.93,20251200,20260300,20250900
2025-02-19 08:00:00,97.97,97.955,,20251200,20260300,20250900
2025-02-19 09:00:00,97.975,97.955,,20251200,20260300,20250900
2025-02-19 10:00:00,97.97,,97.93,20251200,20260300,20250900
2025-02-19 11:00:00,97.935,97.925,97.895,20251200,20260300,20250900
2025-02-19 12:00:00,97.935,,,20251200,20260300,20250900
2025-02-19 13:00:00,97.93,97.92,,20251200,20260300,20250900
2025-02-19 14:00:00,97.935,97.92,97.89,20251200,20260300,20250900
2025-02-19 15:00:00,97.94,,97.9,20251200,20260300,20250900
2025-02-19 16:00:00,97.935,,97.895,20251200,20260300,20250900
2025-02-19 17:00:00,97.93,,,20251200,20260300,20250900
2025-02-19 18:00:00,97.925,,,20251200,20260300,20250900
2025-02-20 06:00:00,97.965,97.96,97.92,20251200,20260300,20250900
2025-02-20 07:00:00,97.945,97.94,97.905,20251200,20260300,20250900
2025-02-20 08:00:00,,,97.895,20251200,20260300,20250900
2025-02-20 09:00:00,,97.93,97.9,20251200,20260300,20250900
2025-02-20 10:00:00,,,97.895,20251200,20260300,20250900
2025-02-20 11:00:00,97.93,97.92,97.89,20251200,20260300,20250900
2025-02-20 12:00:00,97.94,,97.895,20251200,20260300,20250900
2025-02-20 13:00:00,97.94,97.935,97.905,20251200,20260300,20250900
2025-02-20 14:00:00,97.95,,97.905,20251200,20260300,20250900
2025-02-20 15:00:00,97.955,97.95,97.91,20251200,20260300,20250900
2025-02-20 16:00:00,97.955,,97.915,20251200,20260300,20250900
2025-02-20 17:00:00,97.955,,97.91,20251200,20260300,20250900
2025-02-21 06:00:00,98.005,98.005,97.955,20251200,20260300,20250900
2025-02-21 07:00:00,97.96,97.955,97.915,20251200,20260300,20250900
2025-02-21 08:00:00,98.005,98.005,97.955,20251200,20260300,20250900
2025-02-21 09:00:00,97.99,97.985,97.945,20251200,20260300,20250900
2025-02-21 10:00:00,97.995,,,20251200,20260300,20250900
2025-02-21 11:00:00,97.995,,97.95,20251200,20260300,20250900
2025-02-21 12:00:00,98.0,,97.95,20251200,20260300,20250900
2025-02-21 13:00:00,97.995,,97.95,20251200,20260300,20250900
2025-02-21 14:00:00,98.005,98.0,,20251200,20260300,20250900
2025-02-21 15:00:00,98.0,98.005,97.955,20251200,20260300,20250900
2025-02-21 16:00:00,98.005,98.005,97.955,20251200,20260300,20250900
2025-02-21 17:00:00,97.995,97.99,97.94,20251200,20260300,20250900
2025-02-24 06:00:00,98.025,98.025,97.975,20251200,20260300,20250900
2025-02-24 07:00:00,98.0,97.99,97.95,20251200,20260300,20250900
2025-02-24 08:00:00,98.015,98.0,97.96,20251200,20260300,20250900
2025-02-24 09:00:00,98.01,,,20251200,20260300,20250900
2025-02-24 10:00:00,98.0,,97.95,20251200,20260300,20250900
2025-02-24 13:00:00,98.005,,97.955,20251200,20260300,20250900
2025-02-24 14:00:00,98.02,,97.97,20251200,20260300,20250900
2025-02-24 15:00:00,98.03,,97.975,20251200,20260300,20250900
2025-02-24 16:00:00,98.02,98.02,97.97,20251200,20260300,20250900
2025-02-24 17:00:00,,,97.96,20251200,20260300,20250900
2025-02-25 06:00:00,98.045,98.045,97.99,20251200,20260300,20250900
2025-02-25 07:00:00,98.03,98.02,97.97,20251200,20260300,20250900
2025-02-25 08:00:00,98.045,98.03,,20251200,20260300,20250900
2025-02-25 09:00:00,98.055,98.05,97.995,20251200,20260300,20250900
2025-02-25 10:00:00,98.035,98.045,97.985,20251200,20260300,20250900
2025-02-25 11:00:00,98.03,,97.975,20251200,20260300,20250900
2025-02-25 12:00:00,98.05,,97.99,20251200,20260300,20250900
2025-02-25 13:00:00,98.035,,97.99,20251200,20260300,20250900
2025-02-25 14:00:00,98.045,,97.995,20251200,20260300,20250900
2025-02-25 15:00:00,98.05,98.05,97.985,20251200,20260300,20250900
2025-02-25 16:00:00,98.045,,,20251200,20260300,20250900
2025-02-25 17:00:00,98.045,,,20251200,20260300,20250900
2025-02-26 06:00:00,98.045,98.05,97.98,20251200,20260300,20250900
2025-02-26 07:00:00,98.035,98.03,97.98,20251200,20260300,20250900
2025-02-26 08:00:00,98.03,,,20251200,20260300,20250900
2025-02-26 09:00:00,98.04,98.045,97.98,20251200,20260300,20250900
2025-02-26 10:00:00,98.045,,97.985,20251200,20260300,20250900
2025-02-26 11:00:00,98.045,,97.985,20251200,20260300,20250900
2025-02-26 12:00:00,98.05,,97.985,20251200,20260300,20250900
2025-02-26 13:00:00,98.05,,,20251200,20260300,20250900
2025-02-26 14:00:00,98.035,,,20251200,20260300,20250900
2025-02-26 15:00:00,98.04,,97.975,20251200,20260300,20250900
2025-02-26 16:00:00,,98.045,,20251200,20260300,20250900
2025-02-26 17:00:00,98.04,,97.98,20251200,20260300,20250900
2025-02-27 06:00:00,98.07,98.085,98.005,20251200,20260300,20250900
2025-02-27 07:00:00,98.05,98.065,97.99,20251200,20260300,20250900
2025-02-27 08:00:00,98.045,98.055,97.985,20251200,20260300,20250900
2025-02-27 10:00:00,98.045,,97.99,20251200,20260300,20250900
2025-02-27 11:00:00,98.04,,,20251200,20260300,20250900
2025-02-27 12:00:00,98.045,,,20251200,20260300,20250900
2025-02-27 13:00:00,98.04,98.07,,20251200,20260300,20250900
2025-02-27 14:00:00,98.07,98.075,98.0,20251200,20260300,20250900
2025-02-27 15:00:00,98.07,98.08,98.0,20251200,20260300,20250900
2025-02-27 16:00:00,98.07,,,20251200,20260300,20250900
2025-02-27 17:00:00,98.075,,98.005,20251200,20260300,20250900
2025-02-28 06:00:00,98.075,98.09,98.01,20251200,20260300,20250900
2025-02-28 07:00:00,98.095,98.105,98.025,20251200,20260300,20250900
2025-02-28 08:00:00,98.095,98.11,98.025,20251200,20260300,20250900
2025-02-28 09:00:00,98.09,98.105,98.025,20251200,20260300,20250900
2025-02-28 11:00:00,98.085,,98.025,20251200,20260300,20250900
2025-02-28 12:00:00,98.08,98.09,98.015,20251200,20260300,20250900
2025-02-28 13:00:00,98.065,,98.005,20251200,20260300,20250900
2025-02-28 14:00:00,,,98.01,20251200,20260300,20250900
2025-02-28 15:00:00,98.06,,,20251200,20260300,20250900
2025-02-28 16:00:00,98.075,98.09,,20251200,20260300,20250900
2025-02-28 17:00:00,98.08,,,20251200,20260300,20250900
2025-02-28 20:00:00,98.22,,,20251200,20260300,20250900
2025-03-03 06:00:00,98.01,98.03,97.955,20251200,20260300,20250900
2025-03-03 07:00:00,98.07,98.085,98.005,20251200,20260300,20250900
2025-03-03 08:00:00,98.09,98.105,98.02,20251200,20260300,20250900
2025-03-03 09:00:00,98.065,,98.0,20251200,20260300,20250900
2025-03-03 10:00:00,98.025,98.035,97.965,20251200,20260300,20250900
2025-03-03 11:00:00,98.025,98.03,97.95,20251200,20260300,20250900
2025-03-03 12:00:00,98.015,98.035,97.96,20251200,20260300,20250900
2025-03-03 13:00:00,98.01,98.025,97.945,20251200,20260300,20250900
2025-03-03 14:00:00,98.02,98.025,97.95,20251200,20260300,20250900
2025-03-03 15:00:00,98.0,98.035,97.955,20251200,20260300,20250900
2025-03-03 16:00:00,98.025,,97.965,20251200,20260300,20250900
2025-03-03 17:00:00,98.015,98.03,,20251200,20260300,20250900
2025-03-04 06:00:00,98.08,98.1,98.015,20251200,20260300,20250900
2025-03-04 07:00:00,98.06,98.08,97.995,20251200,20260300,20250900
2025-03-04 08:00:00,98.05,98.085,97.99,20251200,20260300,20250900
2025-03-04 09:00:00,98.075,,98.005,20251200,20260300,20250900
2025-03-04 10:00:00,98.06,98.08,97.99,20251200,20260300,20250900
2025-03-04 11:00:00,98.05,,97.99,20251200,20260300,20250900
2025-03-04 12:00:00,98.075,,98.01,20251200,20260300,20250900
2025-03-04 13:00:00,98.075,,98.005,20251200,20260300,20250900
2025-03-04 14:00:00,98.06,,98.015,20251200,20260300,20250900
2025-03-04 15:00:00,98.08,98.095,98.01,20251200,20260300,20250900
2025-03-04 16:00:00,98.055,,,20251200,20260300,20250900
2025-03-05 06:00:00,97.865,97.84,97.84,20251200,20260300,20250900
2025-03-05 07:00:00,97.96,97.98,97.91,20251200,20260300,20250900
2025-03-05 08:00:00,97.965,97.975,97.92,20251200,20260300,20250900
2025-03-05 09:00:00,97.94,97.94,97.895,20251200,20260300,20250900
2025-03-05 10:00:00,97.94,97.93,97.895,20251200,20260300,20250900
2025-03-05 11:00:00,97.955,97.955,97.91,20251200,20260300,20250900
2025-03-05 12:00:00,97.925,97.925,97.88,20251200,20260300,20250900
2025-03-05 13:00:00,97.95,97.945,97.91,20251200,20260300,20250900
2025-03-05 14:00:00,97.92,,97.885,20251200,20260300,20250900
2025-03-05 15:00:00,97.905,97.86,97.86,20251200,20260300,20250900
2025-03-05 16:00:00,97.88,97.855,97.85,20251200,20260300,20250900
2025-03-05 17:00:00,97.88,,97.855,20251200,20260300,20250900
2025-03-06 06:00:00,97.86,97.83,97.83,20251200,20260300,20250900
2025-03-06 07:00:00,97.84,97.79,97.825,20251200,20260300,20250900
2025-03-06 08:00:00,97.86,97.825,97.84,20251200,20260300,20250900
2025-03-06 09:00:00,97.885,97.845,97.86,20251200,20260300,20250900
2025-03-06 10:00:00,97.91,97.875,97.875,20251200,20260300,20250900
2025-03-06 11:00:00,97.9,97.88,97.87,20251200,20260300,20250900
2025-03-06 12:00:00,97.905,97.88,97.87,20251200,20260300,20250900
2025-03-06 13:00:00,97.88,97.85,97.845,20251200,20260300,20250900
2025-03-06 14:00:00,97.845,97.805,97.855,20251200,20260300,20250900
2025-03-06 15:00:00,97.84,97.805,97.82,20251200,20260300,20250900
2025-03-06 16:00:00,97.87,97.845,97.845,20251200,20260300,20250900
2025-03-06 17:00:00,97.89,97.865,97.86,20251200,20260300,20250900
2025-03-07 06:00:00,97.88,97.875,97.855,20251200,20260300,20250900
2025-03-07 07:00:00,97.885,97.85,97.86,20251200,20260300,20250900
2025-03-07 08:00:00,97.89,97.855,97.855,20251200,20260300,20250900
2025-03-07 09:00:00,97.88,97.86,97.85,20251200,20260300,20250900
2025-03-07 10:00:00,97.875,97.86,97.85,20251200,20260300,20250900
2025-03-07 11:00:00,97.88,97.85,97.845,20251200,20260300,20250900
2025-03-07 12:00:00,97.895,97.875,97.865,20251200,20260300,20250900
2025-03-07 13:00:00,97.91,97.885,97.865,20251200,20260300,20250900
2025-03-07 14:00:00,97.875,97.875,97.87,20251200,20260300,20250900
2025-03-07 15:00:00,97.875,97.86,97.85,20251200,20260300,20250900
2025-03-07 16:00:00,97.87,97.845,97.85,20251200,20260300,20250900
2025-03-07 17:00:00,97.875,,97.84,20251200,20260300,20250900
2025-03-07 19:00:00,98.06,,,20251200,20260300,20250900
2025-03-10 05:00:00,97.92,97.905,97.89,20251200,20260300,20250900
2025-03-10 07:00:00,97.88,97.855,97.85,20251200,20260300,20250900
2025-03-10 08:00:00,97.91,97.89,97.87,20251200,20260300,20250900
2025-03-10 09:00:00,97.885,97.885,97.86,20251200,20260300,20250900
2025-03-10 10:00:00,97.905,97.89,97.865,20251200,20260300,20250900
2025-03-10 11:00:00,97.905,97.885,97.87,20251200,20260300,20250900
2025-03-10 12:00:00,97.905,97.9,97.87,20251200,20260300,20250900
2025-03-10 13:00:00,97.91,97.885,97.875,20251200,20260300,20250900
2025-03-10 14:00:00,97.915,97.895,97.875,20251200,20260300,20250900
2025-03-10 15:00:00,97.91,97.895,97.88,20251200,20260300,20250900
2025-03-10 16:00:00,97.9,97.895,97.865,20251200,20260300,20250900
2025-03-11 05:00:00,97.925,97.905,97.89,20251200,20260300,20250900
2025-03-11 07:00:00,97.91,97.89,97.88,20251200,20260300,20250900
2025-03-11 08:00:00,97.905,97.885,97.88,20251200,20260300,20250900
2025-03-11 09:00:00,97.905,97.875,97.875,20251200,20260300,20250900
2025-03-11 10:00:00,97.905,97.885,97.87,20251200,20260300,20250900
2025-03-11 11:00:00,97.9,97.875,97.87,20251200,20260300,20250900
2025-03-11 12:00:00,97.91,97.895,97.875,20251200,20260300,20250900
2025-03-11 13:00:00,97.905,97.885,97.875,20251200,20260300,20250900
2025-03-11 14:00:00,97.925,97.905,97.89,20251200,20260300,20250900
2025-03-11 15:00:00,97.92,97.895,97.885,20251200,20260300,20250900
2025-03-11 16:00:00,,97.9,97.89,20251200,20260300,20250900
2025-03-12 05:00:00,97.89,97.865,97.865,20251200,20260300,20250900
2025-03-12 06:00:00,97.925,,97.89,20251200,20260300,20250900
2025-03-12 07:00:00,97.91,97.885,97.885,20251200,20260300,20250900
2025-03-12 08:00:00,97.915,,97.88,20251200,20260300,20250900
2025-03-12 09:00:00,97.895,,97.865,20251200,20260300,20250900
2025-03-12 10:00:00,97.885,97.865,97.86,20251200,20260300,20250900
2025-03-12 11:00:00,97.88,97.855,97.855,20251200,20260300,20250900
2025-03-12 12:00:00,97.88,97.85,97.865,20251200,20260300,20250900
2025-03-12 13:00:00,97.89,97.865,97.875,20251200,20260300,20250900
2025-03-12 14:00:00,97.885,97.865,97.86,20251200,20260300,20250900
2025-03-12 15:00:00,97.89,97.865,97.86,20251200,20260300,20250900
2025-03-12 16:00:00,97.89,,97.86,20251200,20260300,20250900
2025-03-12 17:00:00,97.895,,97.865,20251200,20260300,20250900
2025-03-13 05:00:00,97.94,97.92,97.905,20251200,20260300,20250900
2025-03-13 07:00:00,97.9,97.87,97.865,20251200,20260300,20250900
2025-03-13 08:00:00,97.895,97.875,97.87,20251200,20260300,20250900
2025-03-13 09:00:00,97.895,97.88,97.87,20251200,20260300,20250900
2025-03-13 10:00:00,97.885,97.865,97.865,20251200,20260300,20250900
2025-03-13 11:00:00,97.895,97.87,97.87,20251200,20260300,20250900
2025-03-13 12:00:00,97.9,97.87,97.875,20251200,20260300,20250900
2025-03-13 13:00:00,97.925,97.9,97.895,20251200,20260300,20250900
2025-03-13 14:00:00,97.93,,97.895,20251200,20260300,20250900
2025-03-13 15:00:00,97.94,97.92,97.905,20251200,20260300,20250900
2025-03-13 16:00:00,97.93,97.915,97.9,20251200,20260300,20250900
2025-03-13 17:00:00,,,97.905,20251200,20260300,20250900
2025-03-14 05:00:00,97.925,97.905,97.895,20251200,20260300,20250900
2025-03-14 07:00:00,97.94,97.93,97.905,20251200,20260300,20250900
2025-03-14 08:00:00,97.92,97.905,97.895,20251200,20260300,20250900
2025-03-14 09:00:00,97.92,,97.89,20251200,20260300,20250900
2025-03-14 10:00:00,97.905,97.875,97.875,20251200,20260300,20250900
2025-03-14 11:00:00,97.9,,97.88,20251200,20260300,20250900
2025-03-14 12:00:00,97.91,,97.885,20251200,20260300,20250900
2025-03-14 13:00:00,97.92,97.905,97.89,20251200,20260300,20250900
2025-03-14 14:00:00,97.92,97.9,97.89,20251200,20260300,20250900
2025-03-14 15:00:00,97.92,,97.895,20251200,20260300,20250900
2025-03-14 16:00:00,97.93,,,20251200,20260300,20250900
2025-03-14 17:00:00,97.93,,,20251200,20260300,20250900
2025-03-17 05:00:00,97.93,97.92,97.895,20251200,20260300,20250900
2025-03-17 07:00:00,97.925,97.905,97.895,20251200,20260300,20250900
2025-03-17 08:00:00,97.93,97.92,97.9,20251200,20260300,20250900
2025-03-17 09:00:00,97.93,97.915,97.9,20251200,20260300,20250900
2025-03-17 10:00:00,97.925,97.91,97.895,20251200,20260300,20250900
2025-03-17 11:00:00,97.915,97.905,97.89,20251200,20260300,20250900
2025-03-17 12:00:00,97.91,97.905,97.88,20251200,20260300,20250900
2025-03-17 13:00:00,97.91,97.895,97.885,20251200,20260300,20250900
2025-03-17 14:00:00,97.92,97.9,97.885,20251200,20260300,20250900
2025-03-17 15:00:00,97.93,97.92,97.895,20251200,20260300,20250900
2025-03-17 16:00:00,,97.915,,20251200,20260300,20250900
2025-03-17 17:00:00,97.92,97.905,,20251200,20260300,20250900
2025-03-18 05:00:00,97.93,97.925,97.895,20251200,20260300,20250900
2025-03-18 07:00:00,97.915,97.9,97.88,20251200,20260300,20250900
2025-03-18 08:00:00,97.915,97.9,97.885,20251200,20260300,20250900
2025-03-18 09:00:00,97.915,97.895,97.88,20251200,20260300,20250900
2025-03-18 10:00:00,97.915,97.9,97.885,20251200,20260300,20250900
2025-03-18 11:00:00,,97.895,97.885,20251200,20260300,20250900
2025-03-18 12:00:00,97.915,97.9,97.885,20251200,20260300,20250900
2025-03-18 13:00:00,97.92,97.9,97.89,20251200,20260300,20250900
2025-03-18 14:00:00,97.925,97.91,97.89,20251200,20260300,20250900
2025-03-18 15:00:00,97.925,97.915,97.89,20251200,20260300,20250900
2025-03-18 16:00:00,97.925,97.92,97.89,20251200,20260300,20250900
2025-03-19 05:00:00,97.915,97.905,97.885,20251200,20260300,20250900
2025-03-19 07:00:00,97.94,97.935,97.9,20251200,20260300,20250900
2025-03-19 08:00:00,97.935,97.93,97.895,20251200,20260300,20250900
2025-03-19 09:00:00,97.935,97.925,97.9,20251200,20260300,20250900
2025-03-19 10:00:00,97.93,97.925,97.895,20251200,20260300,20250900
2025-03-19 11:00:00,97.925,97.915,97.89,20251200,20260300,20250900
2025-03-19 12:00:00,97.935,97.92,97.895,20251200,20260300,20250900
2025-03-19 13:00:00,97.925,97.9,97.88,20251200,20260300,20250900
2025-03-19 14:00:00,97.925,97.915,97.88,20251200,20260300,20250900
2025-03-19 15:00:00,97.915,97.9,,20251200,20260300,20250900
2025-03-19 16:00:00,97.91,,97.88,20251200,20260300,20250900
2025-03-19 17:00:00,97.91,,97.88,20251200,20260300,20250900
2025-03-20 05:00:00,97.93,97.925,97.895,20251200,20260300,20250900
2025-03-20 07:00:00,97.93,97.925,97.9,20251200,20260300,20250900
2025-03-20 08:00:00,97.925,97.915,97.895,20251200,20260300,20250900
2025-03-20 09:00:00,97.925,97.915,97.895,20251200,20260300,20250900
2025-03-20 10:00:00,97.95,97.945,,20251200,20260300,20250900
2025-03-20 11:00:00,97.945,97.935,97.91,20251200,20260300,20250900
2025-03-20 12:00:00,97.935,97.925,97.9,20251200,20260300,20250900
2025-03-20 13:00:00,97.93,97.93,97.895,20251200,20260300,20250900
2025-03-20 14:00:00,97.94,97.93,97.905,20251200,20260300,20250900
2025-03-20 15:00:00,97.93,97.915,97.89,20251200,20260300,20250900
2025-03-20 16:00:00,97.93,97.92,97.895,20251200,20260300,20250900
2025-03-20 17:00:00,97.93,,97.89,20251200,20260300,20250900
2025-03-21 05:00:00,97.97,97.97,97.925,20251200,20260300,20250900
2025-03-21 07:00:00,97.94,97.94,97.9,20251200,20260300,20250900
2025-03-21 08:00:00,97.95,97.945,,20251200,20260300,20250900
2025-03-21 09:00:00,97.955,97.95,97.91,20251200,20260300,20250900
2025-03-21 10:00:00,,97.955,97.91,20251200,20260300,20250900
2025-03-21 11:00:00,97.955,97.955,97.91,20251200,20260300,20250900
2025-03-21 12:00:00,97.955,97.955,97.91,20251200,20260300,20250900
2025-03-21 13:00:00,97.96,97.96,97.915,20251200,20260300,20250900
2025-03-21 14:00:00,97.965,97.955,97.915,20251200,20260300,20250900
2025-03-21 15:00:00,97.965,97.965,97.915,20251200,20260300,20250900
2025-03-21 16:00:00,97.965,97.97,97.92,20251200,20260300,20250900
2025-03-21 17:00:00,,97.97,,20251200,20260300,20250900
2025-03-24 05:00:00,97.96,97.96,97.92,20251200,20260300,20250900
2025-03-24 07:00:00,97.95,97.95,97.905,20251200,20260300,20250900
2025-03-24 08:00:00,97.965,97.97,97.92,20251200,20260300,20250900
2025-03-24 09:00:00,97.97,97.965,97.925,20251200,20260300,20250900
2025-03-24 10:00:00,,,97.92,20251200,20260300,20250900
2025-03-24 11:00:00,97.955,,97.915,20251200,20260300,20250900
2025-03-24 12:00:00,97.955,97.95,97.915,20251200,20260300,20250900
2025-03-24 13:00:00,97.96,97.955,97.915,20251200,20260300,20250900
2025-03-24 14:00:00,97.96,97.96,97.92,20251200,20260300,20250900
2025-03-24 15:00:00,97.96,97.955,97.92,20251200,20260300,20250900
2025-03-24 16:00:00,97.965,97.97,97.92,20251200,20260300,20250900
2025-03-24 17:00:00,97.97,97.97,,20251200,20260300,20250900
2025-03-25 05:00:00,97.955,97.95,97.92,20251200,20260300,20250900
2025-03-25 07:00:00,97.965,97.96,97.925,20251200,20260300,20250900
2025-03-25 08:00:00,97.96,97.95,97.92,20251200,20260300,20250900
2025-03-25 09:00:00,97.955,97.93,97.905,20251200,20260300,20250900
2025-03-25 10:00:00,97.945,97.935,97.905,20251200,20260300,20250900
2025-03-25 11:00:00,97.94,97.93,97.91,20251200,20260300,20250900
2025-03-25 12:00:00,97.94,97.93,97.91,20251200,20260300,20250900
2025-03-25 13:00:00,97.94,97.93,97.91,20251200,20260300,20250900
2025-03-25 14:00:00,97.95,97.945,97.915,20251200,20260300,20250900
2025-03-25 15:00:00,97.955,97.945,97.92,20251200,20260300,20250900
2025-03-25 16:00:00,97.955,97.945,97.915,20251200,20260300,20250900
2025-03-25 17:00:00,97.95,97.945,,20251200,20260300,20250900
2025-03-26 05:00:00,97.965,97.955,97.925,20251200,20260300,20250900
2025-03-26 07:00:00,97.96,97.955,97.925,20251200,20260300,20250900
2025-03-26 08:00:00,97.97,97.96,97.925,20251200,20260300,20250900
2025-03-26 09:00:00,97.97,97.96,97.93,20251200,20260300,20250900
2025-03-26 10:00:00,97.965,97.955,97.925,20251200,20260300,20250900
2025-03-26 11:00:00,97.965,97.96,,20251200,20260300,20250900
2025-03-26 12:00:00,97.965,97.96,97.93,20251200,20260300,20250900
2025-03-26 13:00:00,97.975,97.97,97.935,20251200,20260300,20250900
2025-03-26 14:00:00,97.975,97.96,97.93,20251200,20260300,20250900
2025-03-26 15:00:00,97.955,97.95,97.92,20251200,20260300,20250900
2025-03-26 16:00:00,97.97,97.97,97.93,20251200,20260300,20250900
2025-03-26 17:00:00,97.985,97.98,97.94,20251200,20260300,20250900
2025-03-27 05:00:00,98.025,98.025,97.975,20251200,20260300,20250900
2025-03-27 07:00:00,98.01,97.995,97.97,20251200,20260300,20250900
2025-03-27 08:00:00,98.01,98.015,97.96,20251200,20260300,20250900
2025-03-27 09:00:00,97.995,97.99,97.955,20251200,20260300,20250900
2025-03-27 10:00:00,98.005,98.005,97.955,20251200,20260300,20250900
2025-03-27 11:00:00,98.0,97.995,97.955,20251200,20260300,20250900
2025-03-27 12:00:00,98.01,98.005,97.955,20251200,20260300,20250900
2025-03-27 13:00:00,98.02,98.02,97.97,20251200,20260300,20250900
2025-03-27 14:00:00,98.015,98.01,97.965,20251200,20260300,20250900
2025-03-27 15:00:00,98.015,98.01,97.965,20251200,20260300,20250900
2025-03-27 16:00:00,98.025,98.02,97.975,20251200,20260300,20250900
2025-03-27 17:00:00,98.02,98.02,97.97,20251200,20260300,20250900
2025-03-28 05:00:00,98.05,98.055,97.995,20251200,20260300,20250900
2025-03-28 07:00:00,98.05,98.055,97.995,20251200,20260300,20250900
2025-03-28 08:00:00,98.04,98.04,97.99,20251200,20260300,20250900
2025-03-28 09:00:00,98.04,98.04,97.995,20251200,20260300,20250900
2025-03-28 10:00:00,98.05,98.05,97.995,20251200,20260300,20250900
2025-03-28 11:00:00,98.045,98.05,97.995,20251200,20260300,20250900
2025-03-28 12:00:00,98.045,98.045,97.995,20251200,20260300,20250900
2025-03-28 13:00:00,98.05,98.06,98.0,20251200,20260300,20250900
2025-03-28 14:00:00,98.055,98.055,97.995,20251200,20260300,20250900
2025-03-28 15:00:00,98.045,98.045,97.995,20251200,20260300,20250900
2025-03-28 16:00:00,,98.065,98.0,20251200,20260300,20250900
2025-03-28 17:00:00,98.055,98.065,98.0,20251200,20260300,20250900
2025-03-31 05:00:00,98.035,98.045,97.98,20251200,20260300,20250900
2025-03-31 06:00:00,98.095,98.11,98.035,20251200,20260300,20250900
2025-03-31 07:00:00,98.09,98.095,98.03,20251200,20260300,20250900
2025-03-31 08:00:00,98.095,98.105,98.035,20251200,20260300,20250900
2025-03-31 09:00:00,98.095,98.105,98.035,20251200,20260300,20250900
2025-03-31 10:00:00,98.095,98.1,98.03,20251200,20260300,20250900
2025-03-31 11:00:00,98.085,98.095,98.025,20251200,20260300,20250900
2025-03-31 12:00:00,98.085,98.09,98.025,20251200,20260300,20250900
2025-03-31 13:00:00,98.085,98.09,98.025,20251200,20260300,20250900
2025-03-31 14:00:00,98.075,98.08,98.02,20251200,20260300,20250900
2025-03-31 15:00:00,98.04,98.05,97.98,20251200,20260300,20250900
2025-04-01 05:00:00,98.06,98.07,98.0,20251200,20260300,20250900
2025-04-01 06:00:00,98.045,98.06,97.99,20251200,20260300,20250900
2025-04-01 07:00:00,98.06,98.075,97.995,20251200,20260300,20250900
2025-04-01 08:00:00,98.06,98.07,97.995,20251200,20260300,20250900
2025-04-01 09:00:00,98.06,98.075,98.0,20251200,20260300,20250900
2025-04-01 10:00:00,98.075,98.09,98.01,20251200,20260300,20250900
2025-04-01 11:00:00,98.08,98.095,98.02,20251200,20260300,20250900
2025-04-01 12:00:00,98.075,98.085,98.01,20251200,20260300,20250900
2025-04-01 13:00:00,98.065,98.08,98.0,20251200,20260300,20250900
2025-04-01 14:00:00,98.065,98.08,98.0,20251200,20260300,20250900
2025-04-01 15:00:00,98.065,98.065,98.005,20251200,20260300,20250900
2025-04-01 16:00:00,,98.065,98.0,20251200,20260300,20250900
2025-04-02 05:00:00,98.055,98.06,97.995,20251200,20260300,20250900
2025-04-02 06:00:00,98.06,98.075,98.005,20251200,20260300,20250900
2025-04-02 07:00:00,98.075,98.085,98.015,20251200,20260300,20250900
2025-04-02 08:00:00,98.075,98.085,98.015,20251200,20260300,20250900
2025-04-02 09:00:00,98.075,98.09,98.01,20251200,20260300,20250900
2025-04-02 10:00:00,98.08,98.1,98.02,20251200,20260300,20250900
2025-04-02 11:00:00,98.09,98.105,98.025,20251200,20260300,20250900
2025-04-02 12:00:00,98.085,98.1,98.02,20251200,20260300,20250900
2025-04-02 13:00:00,98.08,98.095,98.015,20251200,20260300,20250900
2025-04-02 14:00:00,98.05,98.06,98.0,20251200,20260300,20250900
2025-04-02 15:00:00,98.045,98.05,97.99,20251200,20260300,20250900
2025-04-02 16:00:00,98.04,98.05,97.99,20251200,20260300,20250900
2025-04-02 19:00:00,98.06,,,20251200,20260300,20250900
2025-04-03 05:00:00,98.14,98.165,98.06,20251200,20260300,20250900
2025-04-03 06:00:00,98.125,98.135,98.085,20251200,20260300,20250900
2025-04-03 07:00:00,98.13,98.14,98.075,20251200,20260300,20250900
2025-04-03 08:00:00,98.14,98.145,98.075,20251200,20260300,20250900
2025-04-03 09:00:00,98.155,98.175,98.09,20251200,20260300,20250900
2025-04-03 10:00:00,98.16,98.17,98.085,20251200,20260300,20250900
2025-04-03 11:00:00,98.13,98.135,98.065,20251200,20260300,20250900
2025-04-03 12:00:00,98.13,98.155,98.065,20251200,20260300,20250900
2025-04-03 13:00:00,98.125,98.145,98.035,20251200,20260300,20250900
2025-04-03 14:00:00,98.14,98.16,98.055,20251200,20260300,20250900
2025-04-03 15:00:00,98.135,98.14,98.045,20251200,20260300,20250900
2025-04-03 16:00:00,98.115,,98.04,20251200,20260300,20250900
2025-04-04 05:00:00,98.215,98.235,98.12,20251200,20260300,20250900
2025-04-04 06:00:00,98.17,98.19,98.09,20251200,20260300,20250900
2025-04-04 07:00:00,98.19,98.2,98.11,20251200,20260300,20250900
2025-04-04 08:00:00,98.185,98.205,98.1,20251200,20260300,20250900
2025-04-04 09:00:00,98.2,98.215,98.105,20251200,20260300,20250900
2025-04-04 10:00:00,98.27,98.295,98.135,20251200,20260300,20250900
2025-04-04 11:00:00,98.26,98.29,98.135,20251200,20260300,20250900
2025-04-04 12:00:00,98.23,98.26,98.13,20251200,20260300,20250900
2025-04-04 13:00:00,98.225,98.245,98.13,20251200,20260300,20250900
2025-04-04 14:00:00,98.25,98.275,98.15,20251200,20260300,20250900
2025-04-04 15:00:00,98.215,98.24,98.12,20251200,20260300,20250900
2025-04-04 16:00:00,,98.235,98.115,20251200,20260300,20250900
2025-04-07 05:00:00,98.205,98.22,98.125,20251200,20260300,20250900
2025-04-07 06:00:00,98.26,98.31,98.165,20251200,20260300,20250900
2025-04-07 07:00:00,98.32,98.34,98.205,20251200,20260300,20250900
2025-04-07 08:00:00,98.29,98.31,98.19,20251200,20260300,20250900
2025-04-07 09:00:00,98.3,98.33,98.195,20251200,20260300,20250900
2025-04-07 10:00:00,98.285,98.295,98.19,20251200,20260300,20250900
2025-04-07 11:00:00,98.295,98.305,98.19,20251200,20260300,20250900
2025-04-07 12:00:00,98.245,98.26,98.155,20251200,20260300,20250900
2025-04-07 13:00:00,98.25,98.265,98.17,20251200,20260300,20250900
2025-04-07 14:00:00,98.2,98.23,98.145,20251200,20260300,20250900
2025-04-07 15:00:00,98.245,98.25,98.155,20251200,20260300,20250900
2025-04-07 16:00:00,98.23,,98.145,20251200,20260300,20250900
2025-04-08 05:00:00,98.2,98.21,98.11,20251200,20260300,20250900
2025-04-08 06:00:00,98.215,98.225,98.13,20251200,20260300,20250900
2025-04-08 07:00:00,98.23,98.24,98.135,20251200,20260300,20250900
2025-04-08 08:00:00,98.19,98.205,98.105,20251200,20260300,20250900
2025-04-08 09:00:00,98.205,98.22,98.115,20251200,20260300,20250900
2025-04-08 10:00:00,98.22,98.22,98.14,20251200,20260300,20250900
2025-04-08 11:00:00,98.195,98.2,98.12,20251200,20260300,20250900
2025-04-08 12:00:00,98.195,98.2,98.11,20251200,20260300,20250900
2025-04-08 13:00:00,98.19,98.2,98.105,20251200,20260300,20250900
2025-04-08 14:00:00,98.2,98.205,98.11,20251200,20260300,20250900
2025-04-08 15:00:00,98.205,98.22,98.11,20251200,20260300,20250900
2025-04-08 16:00:00,98.215,98.235,,20251200,20260300,20250900
2025-04-09 05:00:00,98.3,98.31,98.205,20251200,20260300,20250900
2025-04-09 06:00:00,98.265,98.28,98.175,20251200,20260300,20250900
2025-04-09 07:00:00,98.26,98.27,98.17,20251200,20260300,20250900
2025-04-09 08:00:00,98.275,98.295,98.175,20251200,20260300,20250900
2025-04-09 09:00:00,98.275,98.285,98.185,20251200,20260300,20250900
2025-04-09 10:00:00,98.285,,98.195,20251200,20260300,20250900
2025-04-09 11:00:00,98.315,98.325,98.205,20251200,20260300,20250900
2025-04-09 12:00:00,98.31,98.33,98.215,20251200,20260300,20250900
2025-04-09 13:00:00,98.285,98.3,98.19,20251200,20260300,20250900
2025-04-09 14:00:00,98.3,98.32,98.21,20251200,20260300,20250900
2025-04-09 15:00:00,98.3,98.305,98.205,20251200,20260300,20250900
2025-04-09 16:00:00,98.295,,,20251200,20260300,20250900
2025-04-10 05:00:00,98.215,98.24,98.12,20251200,20260300,20250900
2025-04-10 06:00:00,98.165,98.145,98.05,20251200,20260300,20250900
2025-04-10 07:00:00,98.19,98.205,98.105,20251200,20260300,20250900
2025-04-10 08:00:00,98.195,98.22,98.105,20251200,20260300,20250900
2025-04-10 09:00:00,98.195,98.205,98.11,20251200,20260300,20250900
2025-04-10 10:00:00,98.185,98.205,98.095,20251200,20260300,20250900
2025-04-10 11:00:00,98.19,98.215,98.095,20251200,20260300,20250900
2025-04-10 12:00:00,98.19,98.21,98.095,20251200,20260300,20250900
2025-04-10 13:00:00,98.215,98.23,98.12,20251200,20260300,20250900
2025-04-10 14:00:00,98.205,98.22,98.12,20251200,20260300,20250900
2025-04-10 15:00:00,98.235,98.26,98.11,20251200,20260300,20250900
2025-04-10 16:00:00,98.24,98.27,98.135,20251200,20260300,20250900
2025-04-11 05:00:00,98.245,98.255,98.16,20251200,20260300,20250900
2025-04-11 06:00:00,98.235,98.25,98.135,20251200,20260300,20250900
2025-04-11 07:00:00,98.22,98.24,98.125,20251200,20260300,20250900
2025-04-11 08:00:00,98.25,98.26,98.155,20251200,20260300,20250900
2025-04-11 09:00:00,98.24,98.25,98.14,20251200,20260300,20250900
2025-04-11 10:00:00,98.265,98.275,98.165,20251200,20260300,20250900
2025-04-11 11:00:00,98.27,98.29,98.17,20251200,20260300,20250900
2025-04-11 12:00:00,98.28,98.29,98.18,20251200,20260300,20250900
2025-04-11 13:00:00,98.27,98.28,98.17,20251200,20260300,20250900
2025-04-11 14:00:00,98.255,98.27,98.16,20251200,20260300,20250900
2025-04-11 15:00:00,98.215,98.25,98.135,20251200,20260300,20250900
2025-04-11 16:00:00,98.215,98.225,,20251200,20260300,20250900
2025-04-14 05:00:00,98.265,98.285,98.165,20251200,20260300,20250900
2025-04-14 06:00:00,98.22,98.23,98.13,20251200,20260300,20250900
2025-04-14 07:00:00,98.235,98.24,98.145,20251200,20260300,20250900
2025-04-14 08:00:00,98.255,98.27,98.16,20251200,20260300,20250900
2025-04-14 09:00:00,98.265,98.28,98.165,20251200,20260300,20250900
2025-04-14 10:00:00,98.26,98.275,98.165,20251200,20260300,20250900
2025-04-14 11:00:00,98.255,98.275,98.16,20251200,20260300,20250900
2025-04-14 12:00:00,98.25,98.27,98.155,20251200,20260300,20250900
2025-04-14 13:00:00,98.255,98.27,98.15,20251200,20260300,20250900
2025-04-14 14:00:00,98.255,98.27,98.16,20251200,20260300,20250900
2025-04-14 15:00:00,98.27,98.29,98.165,20251200,20260300,20250900
2025-04-14 16:00:00,98.265,98.285,98.17,20251200,20260300,20250900
2025-04-15 05:00:00,98.285,98.305,98.17,20251200,20260300,20250900
2025-04-15 06:00:00,98.255,98.275,98.155,20251200,20260300,20250900
2025-04-15 07:00:00,98.255,98.28,98.145,20251200,20260300,20250900
2025-04-15 08:00:00,98.265,98.29,98.155,20251200,20260300,20250900
2025-04-15 09:00:00,98.26,98.285,98.15,20251200,20260300,20250900
2025-04-15 10:00:00,98.26,98.28,98.15,20251200,20260300,20250900
2025-04-15 11:00:00,98.26,98.29,98.155,20251200,20260300,20250900
2025-04-15 12:00:00,98.27,98.295,98.16,20251200,20260300,20250900
2025-04-15 13:00:00,98.28,98.3,98.17,20251200,20260300,20250900
2025-04-15 14:00:00,98.28,98.305,98.17,20251200,20260300,20250900
2025-04-15 15:00:00,,98.305,98.175,20251200,20260300,20250900
2025-04-16 05:00:00,98.29,98.315,98.18,20251200,20260300,20250900
2025-04-16 06:00:00,98.29,98.32,98.18,20251200,20260300,20250900
2025-04-16 07:00:00,98.305,98.33,98.19,20251200,20260300,20250900
2025-04-16 08:00:00,98.3,98.315,98.185,20251200,20260300,20250900
2025-04-16 09:00:00,98.28,98.305,98.175,20251200,20260300,20250900
2025-04-16 10:00:00,98.285,98.31,98.175,20251200,20260300,20250900
2025-04-16 11:00:00,98.29,98.315,98.18,20251200,20260300,20250900
2025-04-16 12:00:00,98.285,98.305,98.175,20251200,20260300,20250900
2025-04-16 13:00:00,98.29,98.315,98.185,20251200,20260300,20250900
2025-04-16 14:00:00,98.285,98.31,98.18,20251200,20260300,20250900
2025-04-16 15:00:00,98.28,98.305,98.18,20251200,20260300,20250900
2025-04-16 16:00:00,,98.305,98.175,20251200,20260300,20250900
2025-04-16 17:00:00,,98.31,,20251200,20260300,20250900
2025-04-16 18:00:00,98.305,,,20251200,20260300,20250900
2025-04-17 05:00:00,98.375,98.39,98.275,20251200,20260300,20250900
2025-04-17 06:00:00,98.275,98.295,98.175,20251200,20260300,20250900
2025-04-17 07:00:00,98.265,98.28,98.155,20251200,20260300,20250900
2025-04-17 08:00:00,98.245,98.26,98.145,20251200,20260300,20250900
2025-04-17 09:00:00,98.24,98.26,98.145,20251200,20260300,20250900
2025-04-17 10:00:00,98.24,98.255,98.14,20251200,20260300,20250900
2025-04-17 11:00:00,98.24,98.255,98.145,20251200,20260300,20250900
2025-04-17 12:00:00,98.34,98.34,98.205,20251200,20260300,20250900
2025-04-17 13:00:00,98.365,98.385,98.265,20251200,20260300,20250900
2025-04-17 14:00:00,98.375,98.39,98.27,20251200,20260300,20250900
2025-04-17 15:00:00,98.365,98.385,98.265,20251200,20260300,20250900
2025-04-17 16:00:00,98.345,98.37,98.255,20251200,20260300,20250900
2025-04-22 05:00:00,98.4,98.42,98.29,20251200,20260300,20250900
2025-04-22 06:00:00,98.395,98.415,98.3,20251200,20260300,20250900
2025-04-22 07:00:00,98.42,98.435,98.315,20251200,20260300,20250900
2025-04-22 08:00:00,98.405,98.415,98.3,20251200,20260300,20250900
2025-04-22 09:00:00,98.375,98.39,98.28,20251200,20260300,20250900
2025-04-22 10:00:00,98.38,98.39,98.28,20251200,20260300,20250900
2025-04-22 11:00:00,98.385,98.4,98.285,20251200,20260300,20250900
2025-04-22 12:00:00,98.385,98.4,98.285,20251200,20260300,20250900
2025-04-22 13:00:00,98.38,98.395,98.275,20251200,20260300,20250900
2025-04-22 14:00:00,98.39,98.41,98.285,20251200,20260300,20250900
2025-04-22 15:00:00,98.41,98.425,98.29,20251200,20260300,20250900
2025-04-22 16:00:00,,98.415,98.285,20251200,20260300,20250900
2025-04-23 05:00:00,98.33,98.34,98.24,20251200,20260300,20250900
2025-04-23 06:00:00,98.355,98.375,98.255,20251200,20260300,20250900
2025-04-23 07:00:00,98.35,98.365,98.25,20251200,20260300,20250900
2025-04-23 08:00:00,98.35,98.365,98.245,20251200,20260300,20250900
2025-04-23 09:00:00,98.355,98.375,98.245,20251200,20260300,20250900
2025-04-23 10:00:00,98.345,98.36,98.24,20251200,20260300,20250900
2025-04-23 11:00:00,98.355,98.365,98.25,20251200,20260300,20250900
2025-04-23 12:00:00,98.355,98.375,98.25,20251200,20260300,20250900
2025-04-23 13:00:00,98.31,98.33,98.22,20251200,20260300,20250900
2025-04-23 14:00:00,98.32,98.33,98.235,20251200,20260300,20250900
2025-04-23 15:00:00,98.34,98.35,98.235,20251200,20260300,20250900
2025-04-23 16:00:00,98.32,,98.23,20251200,20260300,20250900
2025-04-24 05:00:00,98.375,98.385,98.285,20251200,20260300,20250900
2025-04-24 06:00:00,98.325,98.34,98.235,20251200,20260300,20250900
2025-04-24 07:00:00,98.34,98.355,98.25,20251200,20260300,20250900
2025-04-24 08:00:00,98.365,98.37,98.275,20251200,20260300,20250900
2025-04-24 09:00:00,98.36,98.375,98.275,20251200,20260300,20250900
2025-04-24 10:00:00,98.36,98.365,98.27,20251200,20260300,20250900
2025-04-24 11:00:00,98.36,98.37,98.27,20251200,20260300,20250900
2025-04-24 12:00:00,98.38,98.385,98.285,20251200,20260300,20250900
2025-04-24 13:00:00,98.375,98.385,98.285,20251200,20260300,20250900
2025-04-24 14:00:00,98.37,98.38,98.28,20251200,20260300,20250900
2025-04-24 15:00:00,98.375,98.38,98.28,20251200,20260300,20250900
2025-04-24 16:00:00,98.37,98.38,98.275,20251200,20260300,20250900
2025-04-25 05:00:00,98.34,98.345,98.26,20251200,20260300,20250900
2025-04-25 06:00:00,98.335,98.345,98.255,20251200,20260300,20250900
2025-04-25 07:00:00,98.36,98.365,98.27,20251200,20260300,20250900
2025-04-25 08:00:00,98.355,98.355,98.265,20251200,20260300,20250900
2025-04-25 09:00:00,98.34,98.345,98.265,20251200,20260300,20250900
2025-04-25 10:00:00,98.35,98.355,98.27,20251200,20260300,20250900
2025-04-25 11:00:00,98.35,98.355,,20251200,20260300,20250900
2025-04-25 12:00:00,98.35,98.355,98.27,20251200,20260300,20250900
2025-04-25 13:00:00,98.345,98.35,98.265,20251200,20260300,20250900
2025-04-25 14:00:00,98.335,98.34,98.26,20251200,20260300,20250900
2025-04-25 15:00:00,98.345,98.345,98.265,20251200,20260300,20250900
2025-04-25 16:00:00,98.34,98.35,,20251200,20260300,20250900
2025-04-28 05:00:00,98.345,98.35,98.26,20251200,20260300,20250900
2025-04-28 06:00:00,98.325,98.33,98.25,20251200,20260300,20250900
2025-04-28 07:00:00,98.33,98.335,98.25,20251200,20260300,20250900
2025-04-28 08:00:00,98.33,98.335,98.25,20251200,20260300,20250900
2025-04-28 09:00:00,98.325,98.33,98.245,20251200,20260300,20250900
2025-04-28 10:00:00,98.32,98.33,98.245,20251200,20260300,20250900
2025-04-28 11:00:00,98.335,98.34,98.255,20251200,20260300,20250900
2025-04-28 12:00:00,98.325,98.34,98.25,20251200,20260300,20250900
2025-04-28 13:00:00,98.335,98.34,98.255,20251200,20260300,20250900
2025-04-28 14:00:00,98.335,98.34,98.255,20251200,20260300,20250900
2025-04-28 15:00:00,98.33,98.335,98.255,20251200,20260300,20250900
2025-04-28 16:00:00,98.325,98.335,98.25,20251200,20260300,20250900
2025-04-29 05:00:00,98.34,98.345,98.255,20251200,20260300,20250900
2025-04-29 06:00:00,98.345,98.345,98.26,20251200,20260300,20250900
2025-04-29 07:00:00,98.355,98.36,98.265,20251200,20260300,20250900
2025-04-29 08:00:00,98.35,98.36,98.26,20251200,20260300,20250900
2025-04-29 09:00:00,98.33,98.34,98.25,20251200,20260300,20250900
2025-04-29 10:00:00,98.335,98.345,98.25,20251200,20260300,20250900
2025-04-29 11:00:00,98.33,98.34,98.245,20251200,20260300,20250900
2025-04-29 12:00:00,98.33,98.34,98.25,20251200,20260300,20250900
2025-04-29 13:00:00,98.335,98.345,98.25,20251200,20260300,20250900
2025-04-29 14:00:00,98.335,98.345,98.25,20251200,20260300,20250900
2025-04-29 15:00:00,98.325,98.345,98.245,20251200,20260300,20250900
2025-04-29 16:00:00,98.325,,,20251200,20260300,20250900
2025-04-30 05:00:00,98.36,98.375,98.27,20251200,20260300,20250900
2025-04-30 06:00:00,98.31,98.33,98.23,20251200,20260300,20250900
2025-04-30 07:00:00,98.335,98.345,98.245,20251200,20260300,20250900
2025-04-30 08:00:00,98.34,98.355,98.255,20251200,20260300,20250900
2025-04-30 09:00:00,98.35,98.355,98.26,20251200,20260300,20250900
2025-04-30 11:00:00,98.345,98.355,,20251200,20260300,20250900
2025-04-30 12:00:00,98.35,98.36,98.255,20251200,20260300,20250900
2025-04-30 13:00:00,98.36,98.375,98.265,20251200,20260300,20250900
2025-04-30 14:00:00,98.36,98.375,98.265,20251200,20260300,20250900
2025-04-30 15:00:00,98.36,98.37,98.27,20251200,20260300,20250900
2025-04-30 16:00:00,98.365,,,20251200,20260300,20250900
2025-05-02 05:00:00,98.335,98.32,98.255,20251200,20260300,20250900
2025-05-02 06:00:00,98.315,98.32,98.235,20251200,20260300,20250900
2025-05-02 07:00:00,98.325,98.325,98.24,20251200,20260300,20250900
2025-05-02 08:00:00,98.33,98.34,,20251200,20260300,20250900
2025-05-02 09:00:00,98.325,98.335,98.24,20251200,20260300,20250900
2025-05-02 10:00:00,98.32,98.335,,20251200,20260300,20250900
2025-05-02 11:00:00,98.325,98.335,,20251200,20260300,20250900
2025-05-02 12:00:00,98.31,98.325,98.23,20251200,20260300,20250900
2025-05-02 13:00:00,98.325,98.33,98.24,20251200,20260300,20250900
2025-05-02 14:00:00,98.31,98.32,98.235,20251200,20260300,20250900
2025-05-02 15:00:00,98.305,98.315,98.23,20251200,20260300,20250900
2025-05-02 16:00:00,98.285,98.3,98.22,20251200,20260300,20250900
2025-05-05 05:00:00,98.305,98.315,98.225,20251200,20260300,20250900
2025-05-05 06:00:00,98.295,98.305,98.225,20251200,20260300,20250900
2025-05-05 07:00:00,98.3,98.31,98.23,20251200,20260300,20250900
2025-05-05 08:00:00,98.31,98.32,98.23,20251200,20260300,20250900
2025-05-05 09:00:00,98.315,98.325,98.235,20251200,20260300,20250900
2025-05-05 10:00:00,98.315,98.325,98.235,20251200,20260300,20250900
2025-05-05 11:00:00,98.315,98.33,98.24,20251200,20260300,20250900
2025-05-05 12:00:00,98.325,98.34,98.24,20251200,20260300,20250900
2025-05-05 13:00:00,,98.33,,20251200,20260300,20250900
2025-05-05 14:00:00,98.305,98.315,,20251200,20260300,20250900
2025-05-05 15:00:00,98.31,98.32,,20251200,20260300,20250900
2025-05-05 16:00:00,98.3,,,20251200,20260300,20250900
2025-05-06 05:00:00,98.33,98.34,98.24,20251200,20260300,20250900
2025-05-06 06:00:00,98.3,98.305,98.22,20251200,20260300,20250900
2025-05-06 07:00:00,98.305,98.31,98.225,20251200,20260300,20250900
2025-05-06 08:00:00,98.31,98.32,98.225,20251200,20260300,20250900
2025-05-06 09:00:00,98.31,98.32,98.23,20251200,20260300,20250900
2025-05-06 10:00:00,98.32,98.325,98.23,20251200,20260300,20250900
2025-05-06 11:00:00,98.325,98.335,98.24,20251200,20260300,20250900
2025-05-06 12:00:00,98.325,98.335,98.24,20251200,20260300,20250900
2025-05-06 13:00:00,98.315,98.325,98.235,20251200,20260300,20250900
2025-05-06 14:00:00,98.315,98.33,98.23,20251200,20260300,20250900
2025-05-06 15:00:00,98.335,98.34,98.245,20251200,20260300,20250900
2025-05-06 16:00:00,98.33,,,20251200,20260300,20250900
2025-05-07 05:00:00,98.345,98.36,98.255,20251200,20260300,20250900
2025-05-07 06:00:00,98.325,98.34,98.24,20251200,20260300,20250900
2025-05-07 07:00:00,98.325,98.335,98.235,20251200,20260300,20250900
2025-05-07 08:00:00,98.335,98.335,98.24,20251200,20260300,20250900
2025-05-07 09:00:00,98.34,98.355,98.245,20251200,20260300,20250900
2025-05-07 10:00:00,,98.35,,20251200,20260300,20250900
2025-05-07 11:00:00,98.335,98.345,98.245,20251200,20260300,20250900
2025-05-07 12:00:00,98.34,98.355,,20251200,20260300,20250900
2025-05-07 13:00:00,98.345,98.36,98.25,20251200,20260300,20250900
2025-05-07 14:00:00,98.345,98.355,98.25,20251200,20260300,20250900
2025-05-07 15:00:00,98.355,98.36,98.255,20251200,20260300,20250900
2025-05-07 16:00:00,98.355,98.37,98.255,20251200,20260300,20250900
2025-05-08 05:00:00,98.315,98.325,98.23,20251200,20260300,20250900
2025-05-08 06:00:00,98.34,98.355,98.25,20251200,20260300,20250900
2025-05-08 07:00:00,98.345,,98.25,20251200,20260300,20250900
2025-05-08 08:00:00,98.335,98.345,98.245,20251200,20260300,20250900
2025-05-08 09:00:00,98.33,98.34,98.24,20251200,20260300,20250900
2025-05-08 10:00:00,98.33,98.345,98.24,20251200,20260300,20250900
2025-05-08 11:00:00,98.325,98.335,98.235,20251200,20260300,20250900
2025-05-08 12:00:00,98.33,98.34,98.235,20251200,20260300,20250900
2025-05-08 13:00:00,98.325,98.34,98.235,20251200,20260300,20250900
2025-05-08 14:00:00,98.325,98.33,98.23,20251200,20260300,20250900
2025-05-08 15:00:00,98.3,98.305,,20251200,20260300,20250900
2025-05-08 16:00:00,98.295,98.305,98.21,20251200,20260300,20250900
2025-05-09 05:00:00,98.29,98.3,98.21,20251200,20260300,20250900
2025-05-09 06:00:00,98.28,98.29,98.205,20251200,20260300,20250900
2025-05-09 07:00:00,98.28,98.285,98.205,20251200,20260300,20250900
2025-05-09 08:00:00,98.285,98.295,,20251200,20260300,20250900
2025-05-09 09:00:00,98.29,98.3,98.205,20251200,20260300,20250900
2025-05-09 10:00:00,98.29,98.295,,20251200,20260300,20250900
2025-05-09 11:00:00,98.295,98.305,98.215,20251200,20260300,20250900
2025-05-09 12:00:00,98.295,98.3,,20251200,20260300,20250900
2025-05-09 13:00:00,98.29,98.3,98.205,20251200,20260300,20250900
2025-05-09 14:00:00,98.29,98.3,98.21,20251200,20260300,20250900
2025-05-09 15:00:00,,98.295,98.205,20251200,20260300,20250900
2025-05-09 16:00:00,98.29,98.295,98.21,20251200,20260300,20250900
2025-05-12 05:00:00,98.165,98.165,98.105,20251200,20260300,20250900
2025-05-12 06:00:00,98.25,98.26,98.17,20251200,20260300,20250900
2025-05-12 07:00:00,98.19,98.195,98.13,20251200,20260300,20250900
2025-05-12 08:00:00,98.195,98.2,98.13,20251200,20260300,20250900
2025-05-12 09:00:00,98.18,98.185,98.12,20251200,20260300,20250900
2025-05-12 10:00:00,98.175,98.17,98.11,20251200,20260300,20250900
2025-05-12 11:00:00,98.175,98.18,98.12,20251200,20260300,20250900
2025-05-12 12:00:00,98.165,98.165,98.105,20251200,20260300,20250900
2025-05-12 13:00:00,98.165,98.165,98.1,20251200,20260300,20250900
2025-05-12 14:00:00,98.17,98.17,98.11,20251200,20260300,20250900
2025-05-12 15:00:00,98.17,98.17,98.11,20251200,20260300,20250900
2025-05-12 16:00:00,98.17,98.17,98.1,20251200,20260300,20250900
2025-05-13 05:00:00,98.17,98.175,98.1,20251200,20260300,20250900
2025-05-13 06:00:00,98.16,98.16,98.095,20251200,20260300,20250900
2025-05-13 07:00:00,98.155,98.155,98.09,20251200,20260300,20250900
2025-05-13 08:00:00,98.16,98.16,98.09,20251200,20260300,20250900
2025-05-13 09:00:00,98.155,98.155,98.09,20251200,20260300,20250900
2025-05-13 10:00:00,98.165,98.165,98.095,20251200,20260300,20250900
2025-05-13 11:00:00,98.165,98.17,98.1,20251200,20260300,20250900
2025-05-13 12:00:00,98.17,98.175,98.1,20251200,20260300,20250900
2025-05-13 13:00:00,98.17,98.175,98.1,20251200,20260300,20250900
2025-05-13 14:00:00,98.165,98.165,98.1,20251200,20260300,20250900
2025-05-13 15:00:00,98.165,98.165,98.095,20251200,20260300,20250900
2025-05-13 16:00:00,,98.16,,20251200,20260300,20250900
2025-05-14 05:00:00,98.175,98.185,98.1,20251200,20260300,20250900
2025-05-14 06:00:00,98.15,98.15,98.085,20251200,20260300,20250900
2025-05-14 07:00:00,98.15,98.15,98.085,20251200,20260300,20250900
2025-05-14 08:00:00,98.155,98.155,98.09,20251200,20260300,20250900
2025-05-14 09:00:00,98.17,98.175,98.1,20251200,20260300,20250900
2025-05-14 10:00:00,98.175,98.18,98.1,20251200,20260300,20250900
2025-05-14 11:00:00,98.175,98.18,98.1,20251200,20260300,20250900
2025-05-14 12:00:00,98.17,98.185,98.1,20251200,20260300,20250900
2025-05-14 13:00:00,98.17,98.18,98.095,20251200,20260300,20250900
2025-05-14 14:00:00,98.17,98.18,98.1,20251200,20260300,20250900
2025-05-14 15:00:00,98.15,98.155,98.08,20251200,20260300,20250900
2025-05-14 16:00:00,,,98.08,20251200,20260300,20250900
2025-05-15 05:00:00,98.205,98.22,98.125,20251200,20260300,20250900
2025-05-15 06:00:00,98.16,98.165,98.085,20251200,20260300,20250900
2025-05-15 07:00:00,98.17,98.175,98.095,20251200,20260300,20250900
2025-05-15 08:00:00,98.17,98.18,98.095,20251200,20260300,20250900
2025-05-15 09:00:00,98.185,98.195,98.105,20251200,20260300,20250900
2025-05-15 10:00:00,98.18,98.19,98.105,20251200,20260300,20250900
2025-05-15 11:00:00,98.19,98.2,98.11,20251200,20260300,20250900
2025-05-15 12:00:00,98.205,98.22,98.125,20251200,20260300,20250900
2025-05-15 13:00:00,98.205,98.215,98.12,20251200,20260300,20250900
2025-05-15 14:00:00,98.2,98.215,98.12,20251200,20260300,20250900
2025-05-15 15:00:00,98.205,98.215,,20251200,20260300,20250900
2025-05-15 16:00:00,,98.215,,20251200,20260300,20250900
2025-05-16 05:00:00,98.225,98.24,98.14,20251200,20260300,20250900
2025-05-16 06:00:00,98.225,98.24,98.135,20251200,20260300,20250900
2025-05-16 07:00:00,98.215,98.23,98.13,20251200,20260300,20250900
2025-05-16 08:00:00,98.22,98.235,98.13,20251200,20260300,20250900
2025-05-16 09:00:00,98.23,98.24,98.14,20251200,20260300,20250900
2025-05-16 10:00:00,98.23,98.245,98.14,20251200,20260300,20250900
2025-05-16 11:00:00,98.23,98.245,98.14,20251200,20260300,20250900
2025-05-16 12:00:00,98.23,98.245,98.145,20251200,20260300,20250900
2025-05-16 13:00:00,98.225,98.24,98.145,20251200,20260300,20250900
2025-05-16 14:00:00,98.22,98.235,98.135,20251200,20260300,20250900
2025-05-16 15:00:00,98.22,98.235,98.135,20251200,20260300,20250900
2025-05-16 16:00:00,98.225,98.235,98.135,20251200,20260300,20250900
2025-05-19 05:00:00,98.225,98.24,98.14,20251200,20260300,20250900
2025-05-19 06:00:00,98.22,98.235,98.135,20251200,20260300,20250900
2025-05-19 07:00:00,98.215,98.23,98.13,20251200,20260300,20250900
2025-05-19 08:00:00,98.2,98.21,98.12,20251200,20260300,20250900
2025-05-19 09:00:00,98.185,98.2,98.115,20251200,20260300,20250900
2025-05-19 10:00:00,,98.205,98.115,20251200,20260300,20250900
2025-05-19 11:00:00,98.195,98.21,98.12,20251200,20260300,20250900
2025-05-19 12:00:00,98.205,98.215,98.13,20251200,20260300,20250900
2025-05-19 13:00:00,98.22,98.235,98.135,20251200,20260300,20250900
2025-05-19 14:00:00,98.22,98.24,98.14,20251200,20260300,20250900
2025-05-19 15:00:00,,98.24,,20251200,20260300,20250900
2025-05-19 16:00:00,,,98.135,20251200,20260300,20250900
2025-05-20 05:00:00,98.225,98.24,98.14,20251200,20260300,20250900
2025-05-20 06:00:00,98.225,98.25,98.145,20251200,20260300,20250900
2025-05-20 07:00:00,98.24,98.26,98.15,20251200,20260300,20250900
2025-05-20 08:00:00,,98.25,98.145,20251200,20260300,20250900
2025-05-20 09:00:00,98.23,98.25,98.145,20251200,20260300,20250900
2025-05-20 10:00:00,98.235,98.25,98.145,20251200,20260300,20250900
2025-05-20 11:00:00,98.225,98.235,98.14,20251200,20260300,20250900
2025-05-20 12:00:00,98.225,98.24,,20251200,20260300,20250900
2025-05-20 13:00:00,98.21,98.225,98.13,20251200,20260300,20250900
2025-05-20 14:00:00,98.22,98.23,,20251200,20260300,20250900
2025-05-20 15:00:00,98.23,98.245,98.14,20251200,20260300,20250900
2025-05-20 16:00:00,98.23,,,20251200,20260300,20250900
2025-05-21 05:00:00,98.21,98.225,98.13,20251200,20260300,20250900
2025-05-21 06:00:00,98.205,98.22,98.125,20251200,20260300,20250900
2025-05-21 07:00:00,98.215,98.23,98.13,20251200,20260300,20250900
2025-05-21 08:00:00,98.21,98.22,98.125,20251200,20260300,20250900
2025-05-21 09:00:00,98.205,98.22,98.125,20251200,20260300,20250900
2025-05-21 10:00:00,,98.22,98.125,20251200,20260300,20250900
2025-05-21 11:00:00,,98.22,98.125,20251200,20260300,20250900
2025-05-21 12:00:00,98.21,98.225,98.125,20251200,20260300,20250900
2025-05-21 13:00:00,98.21,98.225,98.125,20251200,20260300,20250900
2025-05-21 14:00:00,98.21,98.22,98.125,20251200,20260300,20250900
2025-05-21 15:00:00,98.205,98.22,98.125,20251200,20260300,20250900
2025-05-21 16:00:00,98.2,98.215,,20251200,20260300,20250900
2025-05-22 05:00:00,98.24,98.26,98.145,20251200,20260300,20250900
2025-05-22 06:00:00,98.21,98.215,98.13,20251200,20260300,20250900
2025-05-22 07:00:00,98.24,98.25,98.15,20251200,20260300,20250900
2025-05-22 08:00:00,98.235,98.245,98.155,20251200,20260300,20250900
2025-05-22 09:00:00,98.235,98.255,98.155,20251200,20260300,20250900
2025-05-22 10:00:00,98.24,98.255,98.155,20251200,20260300,20250900
2025-05-22 11:00:00,98.23,,98.145,20251200,20260300,20250900
2025-05-22 12:00:00,98.235,98.255,98.14,20251200,20260300,20250900
2025-05-22 13:00:00,98.23,98.245,98.135,20251200,20260300,20250900
2025-05-22 14:00:00,98.24,98.255,98.145,20251200,20260300,20250900
2025-05-22 15:00:00,98.24,98.255,98.145,20251200,20260300,20250900
2025-05-22 16:00:00,98.24,,98.145,20251200,20260300,20250900
2025-05-23 05:00:00,98.3,98.32,98.205,20251200,20260300,20250900
2025-05-23 06:00:00,98.24,98.26,98.145,20251200,20260300,20250900
2025-05-23 07:00:00,98.235,,98.135,20251200,20260300,20250900
2025-05-23 08:00:00,98.23,98.245,98.135,20251200,20260300,20250900
2025-05-23 09:00:00,98.24,98.255,,20251200,20260300,20250900
2025-05-23 10:00:00,98.24,98.255,,20251200,20260300,20250900
2025-05-23 11:00:00,98.33,98.36,98.22,20251200,20260300,20250900
2025-05-23 12:00:00,98.32,98.335,98.215,20251200,20260300,20250900
2025-05-23 13:00:00,98.32,98.34,98.215,20251200,20260300,20250900
2025-05-23 14:00:00,98.3,98.315,98.2,20251200,20260300,20250900
2025-05-23 15:00:00,98.29,,98.195,20251200,20260300,20250900
2025-05-26 05:00:00,98.275,98.295,98.175,20251200,20260300,20250900
2025-05-26 06:00:00,98.265,98.275,98.175,20251200,20260300,20250900
2025-05-26 07:00:00,98.27,98.29,98.175,20251200,20260300,20250900
2025-05-26 08:00:00,98.27,98.29,98.175,20251200,20260300,20250900
2025-05-26 09:00:00,98.27,98.285,98.17,20251200,20260300,20250900
2025-05-26 10:00:00,98.27,98.285,,20251200,20260300,20250900
2025-05-26 11:00:00,98.265,98.28,98.165,20251200,20260300,20250900
2025-05-26 12:00:00,98.265,98.285,98.17,20251200,20260300,20250900
2025-05-26 13:00:00,98.27,98.285,98.175,20251200,20260300,20250900
2025-05-26 14:00:00,98.27,98.29,,20251200,20260300,20250900
2025-05-26 15:00:00,98.28,98.29,98.175,20251200,20260300,20250900
2025-05-26 16:00:00,98.285,,,20251200,20260300,20250900
2025-05-27 05:00:00,98.28,98.3,98.18,20251200,20260300,20250900
2025-05-27 06:00:00,98.29,98.305,98.19,20251200,20260300,20250900
2025-05-27 07:00:00,98.29,98.315,98.19,20251200,20260300,20250900
2025-05-27 08:00:00,98.29,98.315,98.185,20251200,20260300,20250900
2025-05-27 10:00:00,,98.305,,20251200,20260300,20250900
2025-05-27 11:00:00,98.275,98.305,98.18,20251200,20260300,20250900
2025-05-27 12:00:00,,98.295,98.175,20251200,20260300,20250900
2025-05-27 13:00:00,,98.295,98.175,20251200,20260300,20250900
2025-05-27 14:00:00,98.275,,,20251200,20260300,20250900
2025-05-27 15:00:00,98.28,,,20251200,20260300,20250900
2025-05-28 05:00:00,98.26,98.285,98.165,20251200,20260300,20250900
2025-05-28 06:00:00,98.265,98.285,98.17,20251200,20260300,20250900
2025-05-28 07:00:00,98.27,98.295,98.17,20251200,20260300,20250900
2025-05-28 08:00:00,98.265,98.295,98.17,20251200,20260300,20250900
2025-05-28 09:00:00,98.26,98.28,98.165,20251200,20260300,20250900
2025-05-28 10:00:00,98.26,98.285,,20251200,20260300,20250900
2025-05-28 11:00:00,98.265,98.285,98.17,20251200,20260300,20250900
2025-05-28 12:00:00,,98.285,98.17,20251200,20260300,20250900
2025-05-28 13:00:00,98.255,98.28,98.165,20251200,20260300,20250900
2025-05-28 14:00:00,,98.28,98.165,20251200,20260300,20250900
2025-05-28 15:00:00,,98.285,98.17,20251200,20260300,20250900
2025-05-29 05:00:00,98.28,98.31,98.18,20251200,20260300,20250900
2025-05-29 06:00:00,98.23,98.255,98.14,20251200,20260300,20250900
2025-05-29 07:00:00,98.24,98.265,98.15,20251200,20260300,20250900
2025-05-29 08:00:00,98.245,98.265,98.15,20251200,20260300,20250900
2025-05-29 09:00:00,98.245,98.26,98.15,20251200,20260300,20250900
2025-05-29 10:00:00,98.245,98.265,98.155,20251200,20260300,20250900
2025-05-29 11:00:00,98.265,98.29,98.17,20251200,20260300,20250900
2025-05-29 12:00:00,98.27,98.295,98.175,20251200,20260300,20250900
2025-05-29 13:00:00,,,98.175,20251200,20260300,20250900
2025-05-29 14:00:00,98.275,,98.175,20251200,20260300,20250900
2025-05-29 15:00:00,98.28,98.305,98.18,20251200,20260300,20250900
2025-05-30 05:00:00,98.255,98.285,98.165,20251200,20260300,20250900
2025-05-30 06:00:00,98.28,98.315,98.18,20251200,20260300,20250900
2025-05-30 07:00:00,98.285,98.315,98.18,20251200,20260300,20250900
2025-05-30 08:00:00,98.265,98.29,98.17,20251200,20260300,20250900
2025-05-30 09:00:00,98.265,98.29,,20251200,20260300,20250900
2025-05-30 10:00:00,98.265,,,20251200,20260300,20250900
2025-05-30 11:00:00,98.26,,98.165,20251200,20260300,20250900
2025-05-30 12:00:00,98.255,98.285,98.165,20251200,20260300,20250900
2025-05-30 13:00:00,98.255,98.28,,20251200,20260300,20250900
2025-05-30 14:00:00,98.255,98.285,98.165,20251200,20260300,20250900
2025-05-30 15:00:00,98.26,98.285,,20251200,20260300,20250900
2025-05-30 16:00:00,98.27,,,20251200,20260300,20250900
2025-06-02 05:00:00,98.26,98.29,98.165,20251200,20260300,20250900
2025-06-02 06:00:00,98.26,98.29,98.17,20251200,20260300,20250900
2025-06-02 07:00:00,98.25,98.285,98.165,20251200,20260300,20250900
2025-06-02 08:00:00,98.245,98.28,,20251200,20260300,20250900
2025-06-02 09:00:00,98.25,98.275,,20251200,20260300,20250900
2025-06-02 10:00:00,98.26,98.28,98.16,20251200,20260300,20250900
2025-06-02 11:00:00,98.26,98.29,98.165,20251200,20260300,20250900
2025-06-02 12:00:00,98.255,98.29,,20251200,20260300,20250900
2025-06-02 13:00:00,98.25,98.28,98.16,20251200,20260300,20250900
2025-06-02 14:00:00,98.25,,98.16,20251200,20260300,20250900
2025-06-02 15:00:00,98.255,,,20251200,20260300,20250900
2025-06-02 16:00:00,98.26,98.29,98.165,20251200,20260300,20250900
2025-06-03 05:00:00,98.275,98.31,98.18,20251200,20260300,20250900
2025-06-03 06:00:00,98.26,98.295,98.165,20251200,20260300,20250900
2025-06-03 07:00:00,98.265,98.305,98.17,20251200,20260300,20250900
2025-06-03 08:00:00,98.265,98.3,98.165,20251200,20260300,20250900
2025-06-03 09:00:00,98.265,98.3,98.17,20251200,20260300,20250900
2025-06-03 10:00:00,98.265,98.3,98.17,20251200,20260300,20250900
2025-06-03 11:00:00,98.27,98.305,98.175,20251200,20260300,20250900
2025-06-03 12:00:00,98.275,98.305,,20251200,20260300,20250900
2025-06-03 13:00:00,98.28,98.305,98.18,20251200,20260300,20250900
2025-06-03 14:00:00,98.275,98.305,98.18,20251200,20260300,20250900
2025-06-03 15:00:00,98.275,98.305,98.175,20251200,20260300,20250900
2025-06-03 16:00:00,98.265,98.3,,20251200,20260300,20250900
2025-06-04 05:00:00,98.265,98.29,98.175,20251200,20260300,20250900
2025-06-04 06:00:00,98.275,98.305,98.175,20251200,20260300,20250900
2025-06-04 07:00:00,98.265,98.3,98.17,20251200,20260300,20250900
2025-06-04 08:00:00,98.265,98.29,98.17,20251200,20260300,20250900
2025-06-04 09:00:00,98.26,98.28,,20251200,20260300,20250900
2025-06-04 10:00:00,98.26,98.29,98.17,20251200,20260300,20250900
2025-06-04 11:00:00,98.265,98.29,98.17,20251200,20260300,20250900
2025-06-04 12:00:00,98.265,98.295,98.175,20251200,20260300,20250900
2025-06-04 13:00:00,98.26,98.28,98.17,20251200,20260300,20250900
2025-06-04 14:00:00,98.265,98.29,98.175,20251200,20260300,20250900
2025-06-04 15:00:00,98.265,98.29,98.175,20251200,20260300,20250900
2025-06-04 16:00:00,98.27,,,20251200,20260300,20250900
2025-06-05 05:00:00,98.195,98.21,98.115,20251200,20260300,20250900
2025-06-05 06:00:00,98.265,98.29,98.17,20251200,20260300,20250900
2025-06-05 07:00:00,98.265,98.29,98.17,20251200,20260300,20250900
2025-06-05 08:00:00,98.265,98.295,,20251200,20260300,20250900
2025-06-05 09:00:00,98.27,98.3,98.18,20251200,20260300,20250900
2025-06-05 10:00:00,98.265,98.295,98.175,20251200,20260300,20250900
2025-06-05 11:00:00,98.26,98.29,98.17,20251200,20260300,20250900
2025-06-05 12:00:00,98.25,98.28,98.16,20251200,20260300,20250900
2025-06-05 13:00:00,98.205,98.225,98.12,20251200,20260300,20250900
2025-06-05 14:00:00,98.195,98.2,98.115,20251200,20260300,20250900
2025-06-05 15:00:00,98.195,98.2,98.115,20251200,20260300,20250900
2025-06-05 16:00:00,98.195,98.205,98.12,20251200,20260300,20250900
2025-06-06 05:00:00,98.195,98.205,98.115,20251200,20260300,20250900
2025-06-06 06:00:00,98.195,98.205,98.12,20251200,20260300,20250900
2025-06-06 07:00:00,98.21,98.225,98.125,20251200,20260300,20250900
2025-06-06 08:00:00,98.215,98.23,98.13,20251200,20260300,20250900
2025-06-06 09:00:00,98.215,98.225,98.13,20251200,20260300,20250900
2025-06-06 10:00:00,98.215,98.23,98.13,20251200,20260300,20250900
2025-06-06 11:00:00,98.205,98.22,98.125,20251200,20260300,20250900
2025-06-06 12:00:00,98.195,98.205,98.12,20251200,20260300,20250900
2025-06-06 13:00:00,98.19,98.2,98.115,20251200,20260300,20250900
2025-06-06 14:00:00,98.195,98.2,98.115,20251200,20260300,20250900
2025-06-06 15:00:00,98.19,98.195,98.115,20251200,20260300,20250900
2025-06-09 05:00:00,98.205,98.215,98.12,20251200,20260300,20250900
2025-06-09 06:00:00,98.205,98.22,98.12,20251200,20260300,20250900
2025-06-09 07:00:00,98.21,98.225,98.12,20251200,20260300,20250900
2025-06-09 08:00:00,98.215,98.23,98.125,20251200,20260300,20250900
2025-06-09 09:00:00,98.215,98.23,,20251200,20260300,20250900
2025-06-09 10:00:00,,98.23,,20251200,20260300,20250900
2025-06-09 11:00:00,98.2,98.21,98.125,20251200,20260300,20250900
2025-06-09 12:00:00,98.195,98.21,98.12,20251200,20260300,20250900
2025-06-09 13:00:00,98.2,98.21,98.12,20251200,20260300,20250900
2025-06-09 14:00:00,98.2,98.21,98.12,20251200,20260300,20250900
2025-06-09 15:00:00,98.205,98.21,,20251200,20260300,20250900
2025-06-10 05:00:00,98.215,98.225,98.13,20251200,20260300,20250900
2025-06-10 06:00:00,98.21,98.22,98.125,20251200,20260300,20250900
2025-06-10 07:00:00,98.21,98.225,98.125,20251200,20260300,20250900
2025-06-10 08:00:00,98.21,98.22,98.125,20251200,20260300,20250900
2025-06-10 09:00:00,98.21,98.225,98.125,20251200,20260300,20250900
2025-06-10 10:00:00,98.215,98.225,,20251200,20260300,20250900
2025-06-10 11:00:00,98.215,98.22,98.125,20251200,20260300,20250900
2025-06-10 12:00:00,98.21,98.22,,20251200,20260300,20250900
2025-06-10 13:00:00,98.215,98.23,98.125,20251200,20260300,20250900
2025-06-10 14:00:00,98.21,98.225,98.125,20251200,20260300,20250900
2025-06-10 15:00:00,98.215,98.23,98.125,20251200,20260300,20250900
2025-06-10 16:00:00,98.215,,,20251200,20260300,20250900
2025-06-11 05:00:00,98.22,98.24,98.13,20251200,20260300,20250900
2025-06-11 06:00:00,98.21,98.225,98.125,20251200,20260300,20250900
2025-06-11 07:00:00,98.21,98.225,98.13,20251200,20260300,20250900
2025-06-11 08:00:00,98.215,98.225,,20251200,20260300,20250900
2025-06-11 09:00:00,98.21,98.225,98.125,20251200,20260300,20250900
2025-06-11 10:00:00,98.21,98.22,98.125,20251200,20260300,20250900
2025-06-11 12:00:00,98.225,98.22,98.135,20251200,20260300,20250900
2025-06-11 13:00:00,98.22,98.235,98.13,20251200,20260300,20250900
2025-06-11 14:00:00,98.215,,,20251200,20260300,20250900
2025-06-11 15:00:00,98.215,98.235,98.125,20251200,20260300,20250900
2025-06-12 05:00:00,98.23,98.255,98.135,20251200,20260300,20250900
2025-06-12 06:00:00,98.23,98.255,98.14,20251200,20260300,20250900
2025-06-12 07:00:00,98.22,98.245,98.135,20251200,20260300,20250900
2025-06-12 08:00:00,98.225,98.25,,20251200,20260300,20250900
2025-06-12 09:00:00,98.22,98.26,98.135,20251200,20260300,20250900
2025-06-12 10:00:00,98.23,98.26,98.135,20251200,20260300,20250900
2025-06-12 11:00:00,98.225,98.255,98.13,20251200,20260300,20250900
2025-06-12 12:00:00,98.23,98.25,98.135,20251200,20260300,20250900
2025-06-12 13:00:00,98.225,98.25,98.13,20251200,20260300,20250900
2025-06-12 14:00:00,98.225,98.25,98.13,20251200,20260300,20250900
2025-06-12 15:00:00,98.23,98.255,98.135,20251200,20260300,20250900
2025-06-12 16:00:00,98.23,,,20251200,20260300,20250900
2025-06-13 05:00:00,98.195,98.215,98.11,20251200,20260300,20250900
2025-06-13 06:00:00,98.24,98.25,98.135,20251200,20260300,20250900
2025-06-13 07:00:00,98.22,98.24,98.13,20251200,20260300,20250900
2025-06-13 08:00:00,98.215,98.235,98.125,20251200,20260300,20250900
2025-06-13 09:00:00,98.205,98.22,98.115,20251200,20260300,20250900
2025-06-13 10:00:00,98.195,98.22,98.11,20251200,20260300,20250900
2025-06-13 11:00:00,98.2,98.215,98.11,20251200,20260300,20250900
2025-06-13 12:00:00,,98.22,98.11,20251200,20260300,20250900
2025-06-13 13:00:00,98.195,98.215,98.11,20251200,20260300,20250900
2025-06-13 14:00:00,98.19,98.21,98.105,20251200,20260300,20250900
2025-06-13 15:00:00,98.185,98.21,,20251200,20260300,20250900
2025-06-13 16:00:00,98.185,,,20251200,20260300,20250900
2025-06-16 05:00:00,98.2,98.225,98.105,20251200,20260300,20250900
2025-06-16 06:00:00,98.18,98.19,98.09,20251200,20260300,20250900
2025-06-16 07:00:00,98.17,98.19,98.09,20251200,20260300,20250900
2025-06-16 08:00:00,98.17,98.195,98.095,20251200,20260300,20250900
2025-06-16 09:00:00,98.175,98.19,98.095,20251200,20260300,20250900
2025-06-16 10:00:00,98.18,98.205,98.095,20251200,20260300,20250900
2025-06-16 11:00:00,98.18,98.2,98.095,20251200,20260300,20250900
2025-06-16 12:00:00,98.18,98.2,98.095,20251200,20260300,20250900
2025-06-16 13:00:00,98.195,98.21,98.1,20251200,20260300,20250900
2025-06-16 14:00:00,98.2,98.22,98.1,20251200,20260300,20250900
2025-06-16 15:00:00,98.2,98.22,98.105,20251200,20260300,20250900
2025-06-17 05:00:00,98.17,98.195,98.085,20251200,20260300,20250900
2025-06-17 06:00:00,98.19,98.21,98.095,20251200,20260300,20250900
2025-06-17 07:00:00,98.185,98.205,98.09,20251200,20260300,20250900
2025-06-17 08:00:00,98.18,98.2,,20251200,20260300,20250900
2025-06-17 09:00:00,98.175,,98.09,20251200,20260300,20250900
2025-06-17 10:00:00,98.175,98.2,,20251200,20260300,20250900
2025-06-17 11:00:00,98.185,98.215,98.095,20251200,20260300,20250900
2025-06-17 12:00:00,98.18,98.205,98.09,20251200,20260300,20250900
2025-06-17 13:00:00,98.175,98.195,98.09,20251200,20260300,20250900
2025-06-17 14:00:00,98.17,98.19,98.085,20251200,20260300,20250900
2025-06-17 15:00:00,98.17,98.195,,20251200,20260300,20250900
2025-06-17 16:00:00,98.165,98.19,,20251200,20260300,20250900
2025-06-18 05:00:00,98.185,98.21,98.09,20251200,20260300,20250900
2025-06-18 06:00:00,98.16,98.185,98.075,20251200,20260300,20250900
2025-06-18 07:00:00,,98.18,98.08,20251200,20260300,20250900
2025-06-18 08:00:00,98.16,98.185,98.075,20251200,20260300,20250900
2025-06-18 09:00:00,98.16,98.185,98.08,20251200,20260300,20250900
2025-06-18 10:00:00,98.17,98.19,98.085,20251200,20260300,20250900
2025-06-18 11:00:00,98.16,98.185,98.08,20251200,20260300,20250900
2025-06-18 12:00:00,98.16,98.185,98.075,20251200,20260300,20250900
2025-06-18 13:00:00,98.17,98.2,98.08,20251200,20260300,20250900
2025-06-18 14:00:00,98.175,98.21,98.085,20251200,20260300,20250900
2025-06-18 15:00:00,,98.21,98.085,20251200,20260300,20250900
2025-06-18 16:00:00,,98.21,,20251200,20260300,20250900
2025-06-19 05:00:00,98.18,98.215,98.085,20251200,20260300,20250900
2025-06-19 06:00:00,98.17,98.195,98.075,20251200,20260300,20250900
2025-06-19 07:00:00,98.17,98.2,98.08,20251200,20260300,20250900
2025-06-19 08:00:00,,98.2,98.08,20251200,20260300,20250900
2025-06-19 09:00:00,,98.2,98.08,20251200,20260300,20250900
2025-06-19 10:00:00,,98.2,98.08,20251200,20260300,20250900
2025-06-19 11:00:00,98.175,98.21,98.08,20251200,20260300,20250900
2025-06-19 12:00:00,98.185,98.215,98.085,20251200,20260300,20250900
2025-06-19 13:00:00,,98.215,98.085,20251200,20260300,20250900
2025-06-19 14:00:00,98.18,98.21,,20251200,20260300,20250900
2025-06-19 15:00:00,98.18,98.21,,20251200,20260300,20250900
2025-06-19 16:00:00,98.18,,,20251200,20260300,20250900
2025-06-20 05:00:00,98.17,98.2,98.08,20251200,20260300,20250900
2025-06-20 06:00:00,98.18,98.22,98.08,20251200,20260300,20250900
2025-06-20 07:00:00,98.18,98.215,98.08,20251200,20260300,20250900
2025-06-20 08:00:00,98.175,98.21,,20251200,20260300,20250900
2025-06-20 09:00:00,,98.205,,20251200,20260300,20250900
2025-06-20 10:00:00,,98.2,98.075,20251200,20260300,20250900
2025-06-20 11:00:00,98.165,98.195,98.075,20251200,20260300,20250900
2025-06-20 12:00:00,98.17,98.2,,20251200,20260300,20250900
2025-06-20 13:00:00,,98.205,,20251200,20260300,20250900
2025-06-20 14:00:00,98.165,98.195,,20251200,20260300,20250900
2025-06-20 15:00:00,,98.2,,20251200,20260300,20250900
2025-06-23 05:00:00,98.17,98.205,98.08,20251200,20260300,20250900
2025-06-23 06:00:00,98.145,98.17,98.06,20251200,20260300,20250900
2025-06-23 07:00:00,98.15,98.18,98.065,20251200,20260300,20250900
2025-06-23 08:00:00,98.155,98.18,,20251200,20260300,20250900
2025-06-23 09:00:00,98.155,98.185,98.07,20251200,20260300,20250900
2025-06-23 10:00:00,98.15,98.18,,20251200,20260300,20250900
2025-06-23 11:00:00,98.155,98.19,,20251200,20260300,20250900
2025-06-23 12:00:00,98.16,98.195,98.075,20251200,20260300,20250900
2025-06-23 13:00:00,98.16,98.19,98.07,20251200,20260300,20250900
2025-06-23 14:00:00,98.165,98.195,98.075,20251200,20260300,20250900
2025-06-23 15:00:00,,98.21,98.08,20251200,20260300,20250900
2025-06-23 16:00:00,98.175,98.21,,20251200,20260300,20250900
2025-06-24 05:00:00,98.185,98.21,98.1,20251200,20260300,20250900
2025-06-24 06:00:00,98.195,98.23,98.1,20251200,20260300,20250900
2025-06-24 07:00:00,,98.225,98.1,20251200,20260300,20250900
2025-06-24 08:00:00,,98.225,,20251200,20260300,20250900
2025-06-24 09:00:00,98.18,98.21,98.09,20251200,20260300,20250900
2025-06-24 10:00:00,98.18,98.205,,20251200,20260300,20250900
2025-06-24 11:00:00,98.18,98.205,98.095,20251200,20260300,20250900
2025-06-24 12:00:00,98.18,,98.095,20251200,20260300,20250900
2025-06-24 13:00:00,98.175,98.2,,20251200,20260300,20250900
2025-06-24 14:00:00,98.18,98.205,98.095,20251200,20260300,20250900
2025-06-24 15:00:00,98.18,98.205,98.095,20251200,20260300,20250900
2025-06-24 16:00:00,,98.21,,20251200,20260300,20250900
2025-06-24 17:00:00,,,98.095,20251200,20260300,20250900
2025-06-25 05:00:00,98.2,98.22,98.12,20251200,20260300,20250900
2025-06-25 06:00:00,98.195,98.22,98.12,20251200,20260300,20250900
2025-06-25 07:00:00,98.205,98.235,,20251200,20260300,20250900
2025-06-25 08:00:00,98.195,98.22,98.115,20251200,20260300,20250900
2025-06-25 09:00:00,98.19,98.215,98.115,20251200,20260300,20250900
2025-06-25 10:00:00,98.19,98.21,98.115,20251200,20260300,20250900
2025-06-25 11:00:00,98.185,98.21,98.11,20251200,20260300,20250900
2025-06-25 12:00:00,,,98.11,20251200,20260300,20250900
2025-06-25 13:00:00,98.18,,98.105,20251200,20260300,20250900
2025-06-25 14:00:00,98.195,98.215,98.115,20251200,20260300,20250900
2025-06-25 15:00:00,,98.22,98.115,20251200,20260300,20250900
2025-06-25 16:00:00,,,98.12,20251200,20260300,20250900
2025-06-26 05:00:00,98.215,98.24,98.13,20251200,20260300,20250900
2025-06-26 06:00:00,98.21,98.23,98.125,20251200,20260300,20250900
2025-06-26 07:00:00,,,98.135,20251200,20260300,20250900
2025-06-26 08:00:00,98.215,98.24,98.13,20251200,20260300,20250900
2025-06-26 09:00:00,,98.235,98.13,20251200,20260300,20250900
2025-06-26 10:00:00,98.215,98.24,98.13,20251200,20260300,20250900
2025-06-26 11:00:00,98.215,98.24,98.13,20251200,20260300,20250900
2025-06-26 12:00:00,98.22,98.245,98.13,20251200,20260300,20250900
2025-06-26 13:00:00,98.215,98.245,,20251200,20260300,20250900
2025-06-26 14:00:00,98.215,98.24,98.13,20251200,20260300,20250900
2025-06-26 15:00:00,,98.245,98.13,20251200,20260300,20250900
2025-06-27 05:00:00,98.185,98.205,98.1,20251200,20260300,20250900
2025-06-27 06:00:00,98.205,98.225,98.12,20251200,20260300,20250900
2025-06-27 07:00:00,98.2,98.225,98.115,20251200,20260300,20250900
2025-06-27 08:00:00,98.2,,98.115,20251200,20260300,20250900
2025-06-27 09:00:00,98.2,98.23,98.12,20251200,20260300,20250900
2025-06-27 10:00:00,98.195,98.215,98.115,20251200,20260300,20250900
2025-06-27 11:00:00,98.19,98.215,,20251200,20260300,20250900
2025-06-27 12:00:00,98.195,98.22,98.115,20251200,20260300,20250900
2025-06-27 13:00:00,,98.215,,20251200,20260300,20250900
2025-06-27 14:00:00,98.185,98.215,98.105,20251200,20260300,20250900
2025-06-27 15:00:00,98.185,98.205,,20251200,20260300,20250900
2025-06-27 16:00:00,98.185,,,20251200,20260300,20250900
2025-06-30 05:00:00,98.195,98.225,98.11,20251200,20260300,20250900
2025-06-30 06:00:00,98.195,98.22,98.105,20251200,20260300,20250900
2025-06-30 07:00:00,98.19,98.21,,20251200,20260300,20250900
2025-06-30 08:00:00,98.205,98.225,98.115,20251200,20260300,20250900
2025-06-30 09:00:00,98.2,,98.115,20251200,20260300,20250900
2025-06-30 10:00:00,98.205,,,20251200,20260300,20250900
2025-06-30 11:00:00,,98.23,,20251200,20260300,20250900
2025-06-30 12:00:00,98.21,,98.12,20251200,20260300,20250900
2025-06-30 13:00:00,98.205,98.23,98.11,20251200,20260300,20250900
2025-06-30 14:00:00,98.2,98.225,98.11,20251200,20260300,20250900
2025-06-30 15:00:00,98.2,98.215,98.105,20251200,20260300,20250900
2025-07-01 05:00:00,98.205,98.225,98.11,20251200,20260300,20250900
2025-07-01 06:00:00,98.195,98.22,,20251200,20260300,20250900
2025-07-01 07:00:00,98.21,98.225,98.115,20251200,20260300,20250900
2025-07-01 08:00:00,98.21,98.24,98.11,20251200,20260300,20250900
2025-07-01 09:00:00,,98.24,98.115,20251200,20260300,20250900
2025-07-01 10:00:00,98.215,98.245,98.115,20251200,20260300,20250900
2025-07-01 11:00:00,98.215,98.24,98.115,20251200,20260300,20250900
2025-07-01 12:00:00,98.215,98.24,98.115,20251200,20260300,20250900
2025-07-01 13:00:00,98.21,98.235,98.11,20251200,20260300,20250900
2025-07-01 14:00:00,98.205,98.23,,20251200,20260300,20250900
2025-07-01 15:00:00,,98.23,,20251200,20260300,20250900
2025-07-01 16:00:00,98.2,98.23,98.105,20251200,20260300,20250900
2025-07-02 05:00:00,98.195,98.22,98.11,20251200,20260300,20250900
2025-07-02 06:00:00,98.2,98.22,98.105,20251200,20260300,20250900
2025-07-02 07:00:00,,98.22,98.1,20251200,20260300,20250900
2025-07-02 08:00:00,98.195,,,20251200,20260300,20250900
2025-07-02 09:00:00,98.195,98.22,,20251200,20260300,20250900
2025-07-02 10:00:00,,98.235,98.105,20251200,20260300,20250900
2025-07-02 11:00:00,,98.23,98.11,20251200,20260300,20250900
2025-07-02 12:00:00,98.205,98.225,98.11,20251200,20260300,20250900
2025-07-02 13:00:00,98.2,,,20251200,20260300,20250900
2025-07-02 14:00:00,98.195,98.215,98.105,20251200,20260300,20250900
2025-07-02 15:00:00,98.195,,98.11,20251200,20260300,20250900
2025-07-03 05:00:00,98.215,98.235,98.125,20251200,20260300,20250900
2025-07-03 06:00:00,98.195,98.215,98.105,20251200,20260300,20250900
2025-07-03 07:00:00,98.195,98.215,98.11,20251200,20260300,20250900
2025-07-03 08:00:00,98.195,98.215,98.11,20251200,20260300,20250900
2025-07-03 09:00:00,98.205,,98.115,20251200,20260300,20250900
2025-07-03 10:00:00,,,98.12,20251200,20260300,20250900
2025-07-03 11:00:00,98.21,98.235,98.12,20251200,20260300,20250900
2025-07-03 12:00:00,98.2,98.215,98.11,20251200,20260300,20250900
2025-07-03 13:00:00,98.205,98.22,98.115,20251200,20260300,20250900
2025-07-03 14:00:00,98.21,98.235,98.12,20251200,20260300,20250900
2025-07-03 15:00:00,98.21,98.235,98.12,20251200,20260300,20250900
2025-07-04 05:00:00,98.225,98.265,98.13,20251200,20260300,20250900
2025-07-04 06:00:00,98.225,98.255,98.13,20251200,20260300,20250900
2025-07-04 07:00:00,98.23,98.255,98.13,20251200,20260300,20250900
2025-07-04 08:00:00,98.23,98.26,,20251200,20260300,20250900
2025-07-04 09:00:00,98.23,98.26,98.13,20251200,20260300,20250900
2025-07-04 10:00:00,98.23,98.26,,20251200,20260300,20250900
2025-07-04 11:00:00,98.235,98.27,98.13,20251200,20260300,20250900
2025-07-04 12:00:00,98.23,98.265,98.13,20251200,20260300,20250900
2025-07-04 13:00:00,98.23,98.265,,20251200,20260300,20250900
2025-07-04 14:00:00,,98.265,98.125,20251200,20260300,20250900
2025-07-04 15:00:00,98.22,98.255,98.125,20251200,20260300,20250900
2025-07-04 16:00:00,,,98.135,20251200,20260300,20250900
2025-07-04 19:00:00,,,98.135,20251200,20260300,20250900
2025-07-07 05:00:00,98.22,98.245,98.13,20251200,20260300,20250900
2025-07-07 06:00:00,98.24,98.275,98.14,20251200,20260300,20250900
2025-07-07 07:00:00,98.22,98.25,98.125,20251200,20260300,20250900
2025-07-07 08:00:00,98.225,98.25,98.13,20251200,20260300,20250900
2025-07-07 09:00:00,,,98.13,20251200,20260300,20250900
2025-07-07 12:00:00,,98.25,,20251200,20260300,20250900
2025-07-07 13:00:00,98.22,,98.125,20251200,20260300,20250900
2025-07-07 14:00:00,,98.245,,20251200,20260300,20250900
2025-07-07 15:00:00,,98.245,98.125,20251200,20260300,20250900
2025-07-07 16:00:00,98.225,98.245,98.13,20251200,20260300,20250900
2025-07-07 17:00:00,,,98.12,20251200,20260300,20250900
2025-07-08 05:00:00,98.195,98.22,98.11,20251200,20260300,20250900
2025-07-08 06:00:00,98.2,98.225,98.11,20251200,20260300,20250900
2025-07-08 07:00:00,98.195,98.22,98.11,20251200,20260300,20250900
2025-07-08 08:00:00,98.19,98.22,98.105,20251200,20260300,20250900
2025-07-08 09:00:00,98.185,98.215,98.1,20251200,20260300,20250900
2025-07-08 10:00:00,98.185,98.21,98.105,20251200,20260300,20250900
2025-07-08 11:00:00,,98.215,98.105,20251200,20260300,20250900
2025-07-08 12:00:00,98.19,98.215,98.105,20251200,20260300,20250900
2025-07-08 13:00:00,98.19,98.215,98.105,20251200,20260300,20250900
2025-07-08 14:00:00,,98.22,98.1,20251200,20260300,20250900
2025-07-08 15:00:00,,98.22,,20251200,20260300,20250900
2025-07-09 05:00:00,98.195,98.235,98.11,20251200,20260300,20250900
2025-07-09 06:00:00,98.19,98.215,98.105,20251200,20260300,20250900
2025-07-09 07:00:00,98.19,98.215,,20251200,20260300,20250900
2025-07-09 08:00:00,98.195,98.215,98.105,20251200,20260300,20250900
2025-07-09 09:00:00,98.185,,,20251200,20260300,20250900
2025-07-09 10:00:00,,98.215,,20251200,20260300,20250900
2025-07-09 11:00:00,98.19,,,20251200,20260300,20250900
2025-07-09 12:00:00,98.19,,,20251200,20260300,20250900
2025-07-09 13:00:00,98.195,98.23,98.105,20251200,20260300,20250900
2025-07-09 14:00:00,98.2,98.23,,20251200,20260300,20250900
2025-07-09 15:00:00,98.2,,,20251200,20260300,20250900
2025-07-09 16:00:00,,,98.105,20251200,20260300,20250900
2025-07-10 05:00:00,98.175,98.205,98.09,20251200,20260300,20250900
2025-07-10 06:00:00,98.19,98.22,98.105,20251200,20260300,20250900
2025-07-10 08:00:00,98.19,98.22,98.1,20251200,20260300,20250900
2025-07-10 09:00:00,98.185,98.215,98.095,20251200,20260300,20250900
2025-07-10 10:00:00,,98.22,98.095,20251200,20260300,20250900
2025-07-10 12:00:00,,98.215,98.095,20251200,20260300,20250900
2025-07-10 13:00:00,98.18,98.21,,20251200,20260300,20250900
2025-07-10 14:00:00,98.175,98.2,98.09,20251200,20260300,20250900
2025-07-10 15:00:00,,98.2,,20251200,20260300,20250900
2025-07-11 05:00:00,98.15,98.175,98.07,20251200,20260300,20250900
2025-07-11 06:00:00,98.18,98.21,98.09,20251200,20260300,20250900
2025-07-11 07:00:00,98.165,98.19,98.08,20251200,20260300,20250900
2025-07-11 08:00:00,98.155,98.18,98.07,20251200,20260300,20250900
2025-07-11 09:00:00,98.15,98.175,,20251200,20260300,20250900
2025-07-11 10:00:00,98.15,98.18,98.07,20251200,20260300,20250900
2025-07-11 11:00:00,98.155,98.18,98.07,20251200,20260300,20250900
2025-07-11 12:00:00,,,98.07,20251200,20260300,20250900
2025-07-11 13:00:00,,98.175,,20251200,20260300,20250900
2025-07-11 14:00:00,,98.175,,20251200,20260300,20250900
2025-07-11 15:00:00,,98.175,98.065,20251200,20260300,20250900
2025-07-14 05:00:00,98.175,98.205,98.085,20251200,20260300,20250900
2025-07-14 06:00:00,98.175,98.205,98.085,20251200,20260300,20250900
2025-07-14 07:00:00,,98.2,98.08,20251200,20260300,20250900
2025-07-14 08:00:00,,98.2,98.08,20251200,20260300,20250900
2025-07-14 09:00:00,98.175,,,20251200,20260300,20250900
2025-07-14 10:00:00,98.175,98.205,,20251200,20260300,20250900
2025-07-14 11:00:00,98.17,98.2,98.08,20251200,20260300,20250900
2025-07-14 12:00:00,,98.195,98.075,20251200,20260300,20250900
2025-07-14 13:00:00,98.17,98.2,98.08,20251200,20260300,20250900
2025-07-14 14:00:00,98.175,98.205,,20251200,20260300,20250900
2025-07-14 15:00:00,98.175,98.205,98.08,20251200,20260300,20250900
2025-07-14 16:00:00,98.175,98.21,98.085,20251200,20260300,20250900
2025-07-15 05:00:00,98.185,98.22,98.09,20251200,20260300,20250900
2025-07-15 06:00:00,98.18,98.21,98.085,20251200,20260300,20250900
2025-07-15 07:00:00,98.185,98.215,98.09,20251200,20260300,20250900
2025-07-15 08:00:00,,98.22,,20251200,20260300,20250900
2025-07-15 09:00:00,,98.22,98.095,20251200,20260300,20250900
2025-07-15 10:00:00,98.195,98.23,98.095,20251200,20260300,20250900
2025-07-15 11:00:00,98.195,98.225,98.095,20251200,20260300,20250900
2025-07-15 12:00:00,98.195,98.225,98.095,20251200,20260300,20250900
2025-07-15 13:00:00,98.195,98.225,98.095,20251200,20260300,20250900
2025-07-15 14:00:00,98.185,98.22,98.09,20251200,20260300,20250900
2025-07-15 15:00:00,98.185,98.22,,20251200,20260300,20250900
2025-07-15 16:00:00,98.185,98.22,98.09,20251200,20260300,20250900
2025-07-16 05:00:00,98.195,98.24,98.1,20251200,20260300,20250900
2025-07-16 06:00:00,98.18,98.215,98.09,20251200,20260300,20250900
2025-07-16 07:00:00,98.175,98.21,98.08,20251200,20260300,20250900
2025-07-16 08:00:00,98.18,98.215,98.085,20251200,20260300,20250900
2025-07-16 09:00:00,98.185,98.215,98.085,20251200,20260300,20250900
2025-07-16 10:00:00,,,98.09,20251200,20260300,20250900
2025-07-16 11:00:00,,,98.09,20251200,20260300,20250900
2025-07-16 12:00:00,98.185,,98.09,20251200,20260300,20250900
2025-07-16 13:00:00,98.19,98.23,98.095,20251200,20260300,20250900
2025-07-16 14:00:00,98.195,98.23,,20251200,20260300,20250900
2025-07-16 15:00:00,98.2,98.24,98.105,20251200,20260300,20250900
2025-07-16 16:00:00,,98.24,,20251200,20260300,20250900
2025-07-17 05:00:00,98.195,98.235,98.095,20251200,20260300,20250900
2025-07-17 06:00:00,98.195,98.23,98.095,20251200,20260300,20250900
2025-07-17 07:00:00,98.195,98.235,98.095,20251200,20260300,20250900
2025-07-17 08:00:00,98.195,98.235,98.095,20251200,20260300,20250900
2025-07-17 09:00:00,,98.23,98.095,20251200,20260300,20250900
2025-07-17 10:00:00,,98.23,,20251200,20260300,20250900
2025-07-17 11:00:00,98.195,98.23,,20251200,20260300,20250900
2025-07-17 12:00:00,98.19,98.225,,20251200,20260300,20250900
2025-07-17 13:00:00,98.195,98.235,98.095,20251200,20260300,20250900
2025-07-17 14:00:00,98.195,98.235,98.095,20251200,20260300,20250900
2025-07-17 15:00:00,98.19,98.225,98.09,20251200,20260300,20250900
2025-07-17 16:00:00,98.185,98.22,,20251200,20260300,20250900
2025-07-18 05:00:00,98.18,98.215,98.09,20251200,20260300,20250900
2025-07-18 06:00:00,98.18,98.21,98.08,20251200,20260300,20250900
2025-07-18 07:00:00,98.17,98.205,98.075,20251200,20260300,20250900
2025-07-18 08:00:00,,98.205,98.08,20251200,20260300,20250900
2025-07-18 09:00:00,98.175,98.21,98.08,20251200,20260300,20250900
2025-07-18 11:00:00,,98.215,98.08,20251200,20260300,20250900
2025-07-18 12:00:00,,,98.08,20251200,20260300,20250900
2025-07-18 13:00:00,98.18,,98.085,20251200,20260300,20250900
2025-07-18 14:00:00,98.18,98.215,,20251200,20260300,20250900
2025-07-18 15:00:00,98.18,98.215,,20251200,20260300,20250900
2025-07-18 16:00:00,98.18,98.215,98.09,20251200,20260300,20250900
2025-07-21 05:00:00,98.21,98.25,98.1,20251200,20260300,20250900
2025-07-21 06:00:00,98.2,98.24,98.105,20251200,20260300,20250900
2025-07-21 08:00:00,98.2,98.24,,20251200,20260300,20250900
2025-07-21 09:00:00,98.195,,98.1,20251200,20260300,20250900
2025-07-21 10:00:00,,98.24,98.1,20251200,20260300,20250900
2025-07-21 11:00:00,98.2,98.24,98.1,20251200,20260300,20250900
2025-07-21 12:00:00,98.2,98.24,,20251200,20260300,20250900
2025-07-21 13:00:00,98.2,98.24,98.1,20251200,20260300,20250900
2025-07-21 14:00:00,98.205,98.245,98.1,20251200,20260300,20250900
2025-07-21 15:00:00,98.205,,,20251200,20260300,20250900
2025-07-21 16:00:00,98.205,98.25,,20251200,20260300,20250900
2025-07-22 05:00:00,98.22,98.265,98.1,20251200,20260300,20250900
2025-07-22 06:00:00,,98.245,,20251200,20260300,20250900
2025-07-22 07:00:00,98.205,98.25,98.1,20251200,20260300,20250900
2025-07-22 08:00:00,98.205,98.25,98.1,20251200,20260300,20250900
2025-07-22 09:00:00,98.205,98.25,98.1,20251200,20260300,20250900
2025-07-22 10:00:00,,98.25,,20251200,20260300,20250900
2025-07-22 11:00:00,98.21,,98.105,20251200,20260300,20250900
2025-07-22 12:00:00,98.21,98.255,98.11,20251200,20260300,20250900
2025-07-22 13:00:00,98.215,98.255,98.11,20251200,20260300,20250900
2025-07-22 14:00:00,,98.26,,20251200,20260300,20250900
2025-07-22 15:00:00,98.215,98.26,98.11,20251200,20260300,20250900
2025-07-23 05:00:00,98.22,98.265,98.11,20251200,20260300,20250900
2025-07-23 06:00:00,98.21,98.25,98.105,20251200,20260300,20250900
2025-07-23 07:00:00,98.21,98.25,98.105,20251200,20260300,20250900
2025-07-23 08:00:00,98.205,98.245,98.1,20251200,20260300,20250900
2025-07-23 09:00:00,,,98.105,20251200,20260300,20250900
2025-07-23 10:00:00,98.21,98.255,98.105,20251200,20260300,20250900
2025-07-23 11:00:00,98.215,,98.11,20251200,20260300,20250900
2025-07-23 12:00:00,,98.255,,20251200,20260300,20250900
2025-07-23 13:00:00,98.215,98.26,,20251200,20260300,20250900
2025-07-23 14:00:00,98.215,98.265,98.105,20251200,20260300,20250900
2025-07-23 15:00:00,98.19,98.26,98.1,20251200,20260300,20250900
2025-07-23 16:00:00,98.19,,98.08,20251200,20260300,20250900
2025-07-24 05:00:00,98.13,98.165,98.045,20251200,20260300,20250900
2025-07-24 06:00:00,98.18,98.215,98.085,20251200,20260300,20250900
2025-07-24 07:00:00,98.175,98.21,98.085,20251200,20260300,20250900
2025-07-24 08:00:00,98.18,,98.085,20251200,20260300,20250900
2025-07-24 09:00:00,98.175,98.21,98.08,20251200,20260300,20250900
2025-07-24 10:00:00,98.175,,,20251200,20260300,20250900
2025-07-24 11:00:00,98.175,,98.08,20251200,20260300,20250900
2025-07-24 12:00:00,98.175,98.21,98.085,20251200,20260300,20250900
2025-07-24 13:00:00,98.13,98.17,98.04,20251200,20260300,20250900
2025-07-24 14:00:00,98.13,98.165,98.045,20251200,20260300,20250900
2025-07-24 15:00:00,98.125,98.155,98.035,20251200,20260300,20250900
2025-07-24 16:00:00,98.12,98.15,,20251200,20260300,20250900
2025-07-25 05:00:00,98.115,98.145,98.03,20251200,20260300,20250900
2025-07-25 06:00:00,98.105,98.14,98.025,20251200,20260300,20250900
2025-07-25 07:00:00,98.1,98.12,98.015,20251200,20260300,20250900
2025-07-25 08:00:00,98.105,98.13,98.03,20251200,20260300,20250900
2025-07-25 09:00:00,98.1,,98.025,20251200,20260300,20250900
2025-07-25 10:00:00,98.11,98.14,98.025,20251200,20260300,20250900
2025-07-25 11:00:00,98.115,98.145,98.03,20251200,20260300,20250900
2025-07-25 12:00:00,98.115,98.14,,20251200,20260300,20250900
2025-07-25 13:00:00,98.11,98.14,98.025,20251200,20260300,20250900
2025-07-25 14:00:00,98.11,98.14,98.025,20251200,20260300,20250900
2025-07-25 15:00:00,98.11,98.14,98.025,20251200,20260300,20250900
2025-07-25 16:00:00,98.11,98.145,98.025,20251200,20260300,20250900
2025-07-25 19:00:00,,,98.02,20251200,20260300,20250900
2025-07-28 05:00:00,98.13,98.17,98.03,20251200,20260300,20250900
2025-07-28 06:00:00,98.11,98.14,98.02,20251200,20260300,20250900
2025-07-28 07:00:00,98.12,98.15,98.025,20251200,20260300,20250900
2025-07-28 08:00:00,,98.155,98.025,20251200,20260300,20250900
2025-07-28 09:00:00,98.115,98.155,98.025,20251200,20260300,20250900
2025-07-28 10:00:00,,98.16,98.025,20251200,20260300,20250900
2025-07-28 11:00:00,98.12,98.16,,20251200,20260300,20250900
2025-07-28 12:00:00,98.115,,98.02,20251200,20260300,20250900
2025-07-28 13:00:00,98.125,98.17,98.025,20251200,20260300,20250900
2025-07-28 14:00:00,98.125,98.17,,20251200,20260300,20250900
2025-07-28 15:00:00,98.125,98.17,,20251200,20260300,20250900
2025-07-28 16:00:00,,98.165,,20251200,20260300,20250900
2025-07-29 05:00:00,98.115,98.16,98.025,20251200,20260300,20250900
2025-07-29 06:00:00,98.125,98.165,98.03,20251200,20260300,20250900
2025-07-29 07:00:00,98.11,98.16,98.02,20251200,20260300,20250900
2025-07-29 08:00:00,98.11,98.15,98.02,20251200,20260300,20250900
2025-07-29 09:00:00,98.11,98.155,98.02,20251200,20260300,20250900
2025-07-29 10:00:00,98.115,98.16,98.02,20251200,20260300,20250900
2025-07-29 11:00:00,98.115,98.16,98.025,20251200,20260300,20250900
2025-07-29 12:00:00,98.115,,98.02,20251200,20260300,20250900
2025-07-29 13:00:00,98.115,98.155,98.025,20251200,20260300,20250900
2025-07-29 14:00:00,98.115,98.155,98.02,20251200,20260300,20250900
2025-07-29 15:00:00,98.11,98.145,98.02,20251200,20260300,20250900
2025-07-29 16:00:00,98.11,98.14,,20251200,20260300,20250900
2025-07-29 17:00:00,,98.15,,20251200,20260300,20250900
2025-07-30 05:00:00,98.1,98.135,98.015,20251200,20260300,20250900
2025-07-30 06:00:00,98.1,98.145,98.015,20251200,20260300,20250900
2025-07-30 07:00:00,98.105,98.15,98.015,20251200,20260300,20250900
2025-07-30 08:00:00,98.105,98.15,98.015,20251200,20260300,20250900
2025-07-30 09:00:00,,98.14,,20251200,20260300,20250900
2025-07-30 10:00:00,98.11,98.15,,20251200,20260300,20250900
2025-07-30 11:00:00,98.105,98.145,98.02,20251200,20260300,20250900
2025-07-30 12:00:00,98.095,98.135,98.015,20251200,20260300,20250900
2025-07-30 13:00:00,98.095,98.13,,20251200,20260300,20250900
2025-07-30 14:00:00,98.1,98.13,,20251200,20260300,20250900
2025-07-30 16:00:00,98.095,98.13,,20251200,20260300,20250900
2025-07-30 18:00:00,,,98.015,20251200,20260300,20250900
2025-07-31 05:00:00,98.08,98.115,98.01,20251200,20260300,20250900
2025-07-31 06:00:00,98.08,98.12,98.005,20251200,20260300,20250900
2025-07-31 07:00:00,98.075,98.11,98.005,20251200,20260300,20250900
2025-07-31 08:00:00,98.07,98.11,98.005,20251200,20260300,20250900
2025-07-31 09:00:00,98.075,98.11,98.005,20251200,20260300,20250900
2025-07-31 10:00:00,98.075,98.105,98.01,20251200,20260300,20250900
2025-07-31 11:00:00,98.07,98.105,,20251200,20260300,20250900
2025-07-31 12:00:00,98.075,98.11,98.005,20251200,20260300,20250900
2025-07-31 13:00:00,98.075,98.11,98.005,20251200,20260300,20250900
2025-07-31 14:00:00,98.07,98.105,98.005,20251200,20260300,20250900
2025-07-31 15:00:00,98.075,98.11,,20251200,20260300,20250900
2025-07-31 16:00:00,98.075,98.11,98.005,20251200,20260300,20250900
2025-08-01 05:00:00,98.115,98.16,98.025,20251200,20260300,20250900
2025-08-01 06:00:00,98.07,98.1,98.005,20251200,20260300,20250900
2025-08-01 07:00:00,98.07,98.105,98.005,20251200,20260300,20250900
2025-08-01 08:00:00,,98.105,98.005,20251200,20260300,20250900
2025-08-01 09:00:00,98.075,98.11,,20251200,20260300,20250900
2025-08-01 10:00:00,98.075,,98.005,20251200,20260300,20250900
2025-08-01 11:00:00,98.08,,98.01,20251200,20260300,20250900
2025-08-01 12:00:00,98.11,98.15,98.025,20251200,20260300,20250900
2025-08-01 13:00:00,98.125,98.17,98.035,20251200,20260300,20250900
2025-08-01 14:00:00,98.12,98.165,98.025,20251200,20260300,20250900
2025-08-01 15:00:00,98.105,98.15,98.02,20251200,20260300,20250900
2025-08-01 16:00:00,,98.155,,20251200,20260300,20250900
2025-08-04 05:00:00,98.125,98.175,98.03,20251200,20260300,20250900
2025-08-04 06:00:00,98.11,,,20251200,20260300,20250900
2025-08-04 07:00:00,98.105,98.145,98.02,20251200,20260300,20250900
2025-08-04 08:00:00,98.105,98.145,,20251200,20260300,20250900
2025-08-04 09:00:00,98.11,98.155,98.02,20251200,20260300,20250900
2025-08-04 10:00:00,98.115,98.165,98.025,20251200,20260300,20250900
2025-08-04 11:00:00,98.125,98.17,,20251200,20260300,20250900
2025-08-04 12:00:00,98.125,,,20251200,20260300,20250900
2025-08-04 13:00:00,98.12,98.17,,20251200,20260300,20250900
2025-08-04 14:00:00,98.125,,,20251200,20260300,20250900
2025-08-04 15:00:00,98.125,98.175,,20251200,20260300,20250900
2025-08-04 16:00:00,,98.175,,20251200,20260300,20250900
2025-08-05 05:00:00,98.12,98.17,98.025,20251200,20260300,20250900
2025-08-05 06:00:00,98.12,98.17,,20251200,20260300,20250900
2025-08-05 07:00:00,98.115,98.165,98.025,20251200,20260300,20250900
2025-08-05 08:00:00,98.11,98.16,98.02,20251200,20260300,20250900
2025-08-05 09:00:00,98.115,,98.02,20251200,20260300,20250900
2025-08-05 10:00:00,98.115,98.16,,20251200,20260300,20250900
2025-08-05 11:00:00,98.11,98.155,,20251200,20260300,20250900
2025-08-05 12:00:00,98.11,98.16,98.02,20251200,20260300,20250900
2025-08-05 13:00:00,,98.16,98.02,20251200,20260300,20250900
2025-08-05 14:00:00,98.115,98.165,,20251200,20260300,20250900
2025-08-05 15:00:00,98.115,98.165,,20251200,20260300,20250900
2025-08-05 16:00:00,98.125,98.17,98.025,20251200,20260300,20250900
2025-08-06 05:00:00,98.115,98.17,98.025,20251200,20260300,20250900
2025-08-06 06:00:00,98.115,98.165,98.02,20251200,20260300,20250900
2025-08-06 07:00:00,98.115,98.165,,20251200,20260300,20250900
2025-08-06 08:00:00,98.115,98.165,,20251200,20260300,20250900
2025-08-06 09:00:00,98.115,,98.02,20251200,20260300,20250900
2025-08-06 10:00:00,,98.16,,20251200,20260300,20250900
2025-08-06 11:00:00,,98.165,,20251200,20260300,20250900
2025-08-06 12:00:00,98.115,98.17,,20251200,20260300,20250900
2025-08-06 13:00:00,98.115,98.17,98.02,20251200,20260300,20250900
2025-08-06 14:00:00,,98.165,98.02,20251200,20260300,20250900
2025-08-06 15:00:00,98.105,98.16,98.02,20251200,20260300,20250900
2025-08-06 16:00:00,98.105,,,20251200,20260300,20250900
2025-08-06 18:00:00,,,98.02,20251200,20260300,20250900
2025-08-07 05:00:00,98.1,98.155,98.015,20251200,20260300,20250900
2025-08-07 06:00:00,98.11,98.165,98.02,20251200,20260300,20250900
2025-08-07 07:00:00,98.105,98.16,98.02,20251200,20260300,20250900
2025-08-07 08:00:00,98.105,98.165,,20251200,20260300,20250900
2025-08-07 09:00:00,98.105,98.16,,20251200,20260300,20250900
2025-08-07 10:00:00,98.1,98.155,98.015,20251200,20260300,20250900
2025-08-07 11:00:00,98.105,98.155,98.015,20251200,20260300,20250900
2025-08-07 12:00:00,98.105,98.155,98.01,20251200,20260300,20250900
2025-08-07 13:00:00,98.105,98.155,98.015,20251200,20260300,20250900
2025-08-07 14:00:00,98.1,98.15,,20251200,20260300,20250900
2025-08-07 15:00:00,98.1,98.155,,20251200,20260300,20250900
2025-08-07 16:00:00,98.1,,98.005,20251200,20260300,20250900
2025-08-08 05:00:00,98.085,98.13,98.01,20251200,20260300,20250900
2025-08-08 06:00:00,,98.145,98.01,20251200,20260300,20250900
2025-08-08 07:00:00,98.095,98.145,98.01,20251200,20260300,20250900
2025-08-08 08:00:00,98.095,98.135,98.01,20251200,20260300,20250900
2025-08-08 09:00:00,98.09,98.14,98.01,20251200,20260300,20250900
2025-08-08 10:00:00,,98.145,98.01,20251200,20260300,20250900
2025-08-08 11:00:00,98.095,98.14,98.01,20251200,20260300,20250900
2025-08-08 12:00:00,98.09,98.135,98.01,20251200,20260300,20250900
2025-08-08 13:00:00,98.085,98.13,,20251200,20260300,20250900
2025-08-08 14:00:00,98.085,98.13,,20251200,20260300,20250900
2025-08-08 15:00:00,98.08,98.125,98.005,20251200,20260300,20250900
2025-08-11 05:00:00,98.07,98.115,98.0,20251200,20260300,20250900
2025-08-11 06:00:00,98.08,98.12,,20251200,20260300,20250900
2025-08-11 07:00:00,98.08,98.125,,20251200,20260300,20250900
2025-08-11 08:00:00,98.08,98.125,98.005,20251200,20260300,20250900
2025-08-11 09:00:00,98.08,98.12,,20251200,20260300,20250900
2025-08-11 10:00:00,98.075,98.115,,20251200,20260300,20250900
2025-08-11 11:00:00,98.08,98.12,98.005,20251200,20260300,20250900
2025-08-11 12:00:00,98.075,98.12,,20251200,20260300,20250900
2025-08-11 13:00:00,98.07,98.115,97.995,20251200,20260300,20250900
2025-08-11 14:00:00,98.07,98.11,,20251200,20260300,20250900
2025-08-11 15:00:00,,98.11,,20251200,20260300,20250900
2025-08-11 16:00:00,98.07,98.11,98.0,20251200,20260300,20250900
2025-08-11 18:00:00,98.075,,,20251200,20260300,20250900
2025-08-12 05:00:00,98.07,98.115,98.0,20251200,20260300,20250900
2025-08-12 06:00:00,98.07,98.11,97.995,20251200,20260300,20250900
2025-08-12 07:00:00,98.075,98.115,98.0,20251200,20260300,20250900
2025-08-12 08:00:00,98.07,98.115,98.0,20251200,20260300,20250900
2025-08-12 09:00:00,98.07,98.115,98.0,20251200,20260300,20250900
2025-08-12 10:00:00,98.065,98.11,97.995,20251200,20260300,20250900
2025-08-12 11:00:00,98.065,98.11,,20251200,20260300,20250900
2025-08-12 12:00:00,98.075,98.12,98.0,20251200,20260300,20250900
2025-08-12 13:00:00,98.07,98.11,,20251200,20260300,20250900
2025-08-12 14:00:00,,98.11,97.995,20251200,20260300,20250900
2025-08-12 15:00:00,,98.115,,20251200,20260300,20250900
2025-08-12 16:00:00,98.065,,,20251200,20260300,20250900
2025-08-13 05:00:00,98.085,98.14,98.005,20251200,20260300,20250900
2025-08-13 06:00:00,98.07,98.115,97.995,20251200,20260300,20250900
2025-08-13 07:00:00,98.07,98.12,,20251200,20260300,20250900
2025-08-13 08:00:00,98.075,98.13,98.0,20251200,20260300,20250900
2025-08-13 09:00:00,98.08,98.135,,20251200,20260300,20250900
2025-08-13 10:00:00,98.08,98.13,,20251200,20260300,20250900
2025-08-13 11:00:00,98.08,98.135,,20251200,20260300,20250900
2025-08-13 12:00:00,98.08,98.135,,20251200,20260300,20250900
2025-08-13 13:00:00,98.08,,,20251200,20260300,20250900
2025-08-13 14:00:00,,98.14,,20251200,20260300,20250900
2025-08-13 15:00:00,98.08,98.135,,20251200,20260300,20250900
2025-08-13 16:00:00,98.08,98.135,,20251200,20260300,20250900
2025-08-14 05:00:00,98.08,98.13,98.0,20251200,20260300,20250900
2025-08-14 06:00:00,98.075,98.135,98.0,20251200,20260300,20250900
2025-08-14 07:00:00,98.08,98.135,98.0,20251200,20260300,20250900
2025-08-14 08:00:00,98.08,98.135,97.995,20251200,20260300,20250900
2025-08-14 09:00:00,98.08,98.14,,20251200,20260300,20250900
2025-08-14 12:00:00,98.08,98.135,98.0,20251200,20260300,20250900
2025-08-14 13:00:00,98.075,98.13,98.0,20251200,20260300,20250900
2025-08-14 14:00:00,98.08,98.13,98.0,20251200,20260300,20250900
2025-08-14 15:00:00,98.08,98.13,98.0,20251200,20260300,20250900
2025-08-14 16:00:00,,98.13,,20251200,20260300,20250900
2025-08-15 05:00:00,98.065,98.115,97.995,20251200,20260300,20250900
2025-08-15 06:00:00,98.08,98.13,97.995,20251200,20260300,20250900
2025-08-15 07:00:00,98.07,98.12,97.995,20251200,20260300,20250900
2025-08-15 08:00:00,98.07,98.125,97.995,20251200,20260300,20250900
2025-08-15 09:00:00,,98.125,97.995,20251200,20260300,20250900
2025-08-15 10:00:00,98.07,,97.995,20251200,20260300,20250900
2025-08-15 11:00:00,98.07,98.12,,20251200,20260300,20250900
2025-08-15 12:00:00,98.07,98.125,,20251200,20260300,20250900
2025-08-15 13:00:00,98.07,98.12,97.995,20251200,20260300,20250900
2025-08-15 14:00:00,98.06,98.115,,20251200,20260300,20250900
2025-08-15 15:00:00,98.06,98.11,97.99,20251200,20260300,20250900
2025-08-15 16:00:00,98.06,98.105,97.99,20251200,20260300,20250900
2025-08-18 05:00:00,98.065,98.115,97.995,20251200,20260300,20250900
2025-08-18 06:00:00,98.06,98.11,,20251200,20260300,20250900
2025-08-18 07:00:00,98.065,98.115,97.995,20251200,20260300,20250900
2025-08-18 08:00:00,98.065,98.115,97.995,20251200,20260300,20250900
2025-08-18 09:00:00,98.065,98.115,97.995,20251200,20260300,20250900
2025-08-18 11:00:00,98.065,98.115,,20251200,20260300,20250900
2025-08-18 12:00:00,98.07,98.12,97.995,20251200,20260300,20250900
2025-08-18 13:00:00,,98.115,,20251200,20260300,20250900
2025-08-18 14:00:00,98.065,98.115,97.995,20251200,20260300,20250900
2025-08-18 15:00:00,98.065,98.115,,20251200,20260300,20250900
2025-08-18 16:00:00,,98.15,,20251200,20260300,20250900
2025-08-19 05:00:00,98.07,98.12,97.995,20251200,20260300,20250900
2025-08-19 06:00:00,98.07,98.115,97.995,20251200,20260300,20250900
2025-08-19 07:00:00,98.065,98.115,,20251200,20260300,20250900
2025-08-19 08:00:00,98.065,98.115,97.995,20251200,20260300,20250900
2025-08-19 09:00:00,98.065,,97.99,20251200,20260300,20250900
2025-08-19 10:00:00,,98.115,97.99,20251200,20260300,20250900
2025-08-19 11:00:00,,98.12,97.99,20251200,20260300,20250900
2025-08-19 12:00:00,,98.115,,20251200,20260300,20250900
2025-08-19 13:00:00,98.065,,,20251200,20260300,20250900
2025-08-19 15:00:00,98.07,,97.99,20251200,20260300,20250900
2025-08-19 16:00:00,,,97.995,20251200,20260300,20250900
2025-08-20 05:00:00,98.09,98.145,98.0,20251200,20260300,20250900
2025-08-20 06:00:00,98.07,98.12,97.99,20251200,20260300,20250900
2025-08-20 07:00:00,98.07,98.12,,20251200,20260300,20250900
2025-08-20 08:00:00,98.07,98.125,97.995,20251200,20260300,20250900
2025-08-20 09:00:00,98.075,,,20251200,20260300,20250900
2025-08-20 12:00:00,98.075,98.13,,20251200,20260300,20250900
2025-08-20 13:00:00,98.08,98.14,97.995,20251200,20260300,20250900
2025-08-20 14:00:00,98.085,98.145,97.995,20251200,20260300,20250900
2025-08-20 15:00:00,98.085,98.14,97.995,20251200,20260300,20250900
2025-08-20 16:00:00,,98.14,,20251200,20260300,20250900
2025-08-21 05:00:00,98.05,98.095,97.995,20251200,20260300,20250900
2025-08-21 06:00:00,98.08,98.14,97.995,20251200,20260300,20250900
2025-08-21 07:00:00,98.065,98.115,97.985,20251200,20260300,20250900
2025-08-21 08:00:00,98.06,98.11,97.985,20251200,20260300,20250900
2025-08-21 09:00:00,98.06,98.11,97.985,20251200,20260300,20250900
2025-08-21 10:00:00,98.055,98.105,97.98,20251200,20260300,20250900
2025-08-21 11:00:00,98.05,98.1,97.98,20251200,20260300,20250900
2025-08-21 12:00:00,98.05,98.1,97.98,20251200,20260300,20250900
2025-08-21 13:00:00,98.05,98.095,,20251200,20260300,20250900
2025-08-21 14:00:00,98.05,98.095,,20251200,20260300,20250900
2025-08-21 15:00:00,98.05,98.095,97.98,20251200,20260300,20250900
2025-08-21 16:00:00,98.045,,97.98,20251200,20260300,20250900
2025-08-22 05:00:00,98.055,98.11,97.985,20251200,20260300,20250900
2025-08-22 06:00:00,98.045,98.095,97.98,20251200,20260300,20250900
2025-08-22 07:00:00,98.045,98.09,97.98,20251200,20260300,20250900
2025-08-22 09:00:00,98.04,98.085,97.98,20251200,20260300,20250900
2025-08-22 10:00:00,98.045,98.09,97.98,20251200,20260300,20250900
2025-08-22 11:00:00,98.045,98.09,,20251200,20260300,20250900
2025-08-22 12:00:00,98.045,,,20251200,20260300,20250900
2025-08-22 13:00:00,98.05,98.095,,20251200,20260300,20250900
2025-08-22 14:00:00,98.055,98.11,97.985,20251200,20260300,20250900
2025-08-22 15:00:00,,98.11,,20251200,20260300,20250900
2025-08-22 16:00:00,98.05,98.11,,20251200,20260300,20250900
2025-08-25 05:00:00,98.04,98.09,97.975,20251200,20260300,20250900
2025-08-25 06:00:00,98.05,98.1,,20251200,20260300,20250900
2025-08-25 07:00:00,98.045,98.095,97.98,20251200,20260300,20250900
2025-08-25 08:00:00,98.045,98.1,97.98,20251200,20260300,20250900
2025-08-25 09:00:00,98.04,98.095,97.975,20251200,20260300,20250900
2025-08-25 11:00:00,98.04,98.09,,20251200,20260300,20250900
2025-08-25 12:00:00,98.035,98.09,97.975,20251200,20260300,20250900
2025-08-25 13:00:00,98.03,98.08,97.97,20251200,20260300,20250900
2025-08-25 14:00:00,98.035,98.085,,20251200,20260300,20250900
2025-08-25 15:00:00,,98.09,,20251200,20260300,20250900
2025-08-25 16:00:00,98.035,,,20251200,20260300,20250900
2025-08-26 05:00:00,98.05,98.115,97.975,20251200,20260300,20250900
2025-08-26 06:00:00,98.05,98.11,97.975,20251200,20260300,20250900
2025-08-26 07:00:00,98.05,98.11,97.975,20251200,20260300,20250900
2025-08-26 08:00:00,98.05,98.11,,20251200,20260300,20250900
2025-08-26 09:00:00,98.05,98.11,97.975,20251200,20260300,20250900
2025-08-26 10:00:00,98.045,98.105,,20251200,20260300,20250900
2025-08-26 12:00:00,,98.105,,20251200,20260300,20250900
2025-08-26 13:00:00,98.045,98.105,97.975,20251200,20260300,20250900
2025-08-26 14:00:00,98.045,98.105,97.975,20251200,20260300,20250900
2025-08-26 15:00:00,,98.11,97.975,20251200,20260300,20250900
2025-08-27 05:00:00,98.055,98.125,97.975,20251200,20260300,20250900
2025-08-27 06:00:00,98.045,98.11,97.975,20251200,20260300,20250900
2025-08-27 07:00:00,98.05,98.115,97.975,20251200,20260300,20250900
2025-08-27 08:00:00,98.05,98.12,97.975,20251200,20260300,20250900
2025-08-27 09:00:00,98.05,98.115,97.975,20251200,20260300,20250900
2025-08-27 10:00:00,,98.115,97.975,20251200,20260300,20250900
2025-08-27 11:00:00,,,97.975,20251200,20260300,20250900
2025-08-27 12:00:00,,98.115,,20251200,20260300,20250900
2025-08-27 13:00:00,98.05,98.115,97.975,20251200,20260300,20250900
2025-08-27 14:00:00,98.05,98.12,97.98,20251200,20260300,20250900
2025-08-27 15:00:00,,98.125,,20251200,20260300,20250900
2025-08-27 16:00:00,98.05,,,20251200,20260300,20250900
2025-08-28 05:00:00,98.045,98.1,97.975,20251200,20260300,20250900
2025-08-28 06:00:00,98.05,98.12,97.975,20251200,20260300,20250900
2025-08-28 07:00:00,98.05,98.12,,20251200,20260300,20250900
2025-08-28 08:00:00,98.045,98.115,97.975,20251200,20260300,20250900
2025-08-28 09:00:00,98.045,98.11,97.975,20251200,20260300,20250900
2025-08-28 10:00:00,98.045,,,20251200,20260300,20250900
2025-08-28 11:00:00,98.045,98.105,97.97,20251200,20260300,20250900
2025-08-28 12:00:00,98.045,98.105,,20251200,20260300,20250900
2025-08-28 14:00:00,,98.105,,20251200,20260300,20250900
2025-08-28 15:00:00,,98.105,,20251200,20260300,20250900
2025-08-29 05:00:00,98.04,98.1,97.97,20251200,20260300,20250900
2025-08-29 06:00:00,98.045,98.11,97.97,20251200,20260300,20250900
2025-08-29 07:00:00,98.045,98.105,97.97,20251200,20260300,20250900
2025-08-29 08:00:00,98.045,98.105,97.975,20251200,20260300,20250900
2025-08-29 09:00:00,98.045,98.105,97.97,20251200,20260300,20250900
2025-08-29 10:00:00,98.04,98.105,,20251200,20260300,20250900
2025-08-29 11:00:00,98.04,,,20251200,20260300,20250900
2025-08-29 12:00:00,,98.105,,20251200,20260300,20250900
2025-08-29 13:00:00,98.035,98.105,97.97,20251200,20260300,20250900
2025-08-29 14:00:00,98.04,98.105,97.97,20251200,20260300,20250900
2025-08-29 15:00:00,98.04,98.1,,20251200,20260300,20250900
2025-08-29 16:00:00,,,97.97,20251200,20260300,20250900
2025-08-29 19:00:00,,,97.97,20251200,20260300,20250900
2025-09-01 05:00:00,98.035,98.095,97.965,20251200,20260300,20250900
2025-09-01 06:00:00,98.035,98.1,97.965,20251200,20260300,20250900
2025-09-01 07:00:00,98.035,98.095,97.97,20251200,20260300,20250900
2025-09-01 08:00:00,98.035,98.095,97.965,20251200,20260300,20250900
2025-09-01 09:00:00,98.035,98.095,97.96,20251200,20260300,20250900
2025-09-01 10:00:00,98.035,98.1,,20251200,20260300,20250900
2025-09-01 11:00:00,98.03,98.09,,20251200,20260300,20250900
2025-09-01 12:00:00,98.03,98.09,,20251200,20260300,20250900
2025-09-01 14:00:00,98.035,98.095,,20251200,20260300,20250900
2025-09-01 15:00:00,,98.095,97.96,20251200,20260300,20250900
2025-09-01 16:00:00,,,97.96,20251200,20260300,20250900
2025-09-01 17:00:00,,,97.96,20251200,20260300,20250900
2025-09-02 05:00:00,98.025,98.08,97.96,20251200,20260300,20250900
2025-09-02 06:00:00,98.02,98.08,97.96,20251200,20260300,20250900
2025-09-02 07:00:00,98.015,98.07,,20251200,20260300,20250900
2025-09-02 08:00:00,98.025,98.085,97.96,20251200,20260300,20250900
2025-09-02 09:00:00,98.025,98.08,97.955,20251200,20260300,20250900
2025-09-02 10:00:00,,98.08,97.955,20251200,20260300,20250900
2025-09-02 11:00:00,98.02,98.075,97.95,20251200,20260300,20250900
2025-09-02 12:00:00,98.02,98.07,,20251200,20260300,20250900
2025-09-02 13:00:00,98.02,98.07,,20251200,20260300,20250900
2025-09-02 14:00:00,98.025,98.08,97.955,20251200,20260300,20250900
2025-09-02 15:00:00,98.025,98.08,,20251200,20260300,20250900
2025-09-03 05:00:00,98.03,98.09,97.96,20251200,20260300,20250900
2025-09-03 06:00:00,98.025,98.08,97.955,20251200,20260300,20250900
2025-09-03 07:00:00,98.025,98.08,97.955,20251200,20260300,20250900
2025-09-03 08:00:00,98.025,98.085,97.96,20251200,20260300,20250900
2025-09-03 09:00:00,98.025,98.08,97.955,20251200,20260300,20250900
2025-09-03 10:00:00,98.025,98.08,,20251200,20260300,20250900
2025-09-03 11:00:00,98.025,98.08,97.955,20251200,20260300,20250900
2025-09-03 13:00:00,98.025,98.085,,20251200,20260300,20250900
2025-09-03 14:00:00,98.025,98.09,97.955,20251200,20260300,20250900
2025-09-03 15:00:00,98.03,98.09,97.955,20251200,20260300,20250900
2025-09-04 05:00:00,98.025,98.085,97.955,20251200,20260300,20250900
2025-09-04 06:00:00,98.03,98.09,97.955,20251200,20260300,20250900
2025-09-04 07:00:00,98.03,98.09,,20251200,20260300,20250900
2025-09-04 08:00:00,98.03,98.09,,20251200,20260300,20250900
2025-09-04 09:00:00,98.03,98.095,97.955,20251200,20260300,20250900
2025-09-04 10:00:00,98.03,98.09,97.955,20251200,20260300,20250900
2025-09-04 12:00:00,98.03,98.09,,20251200,20260300,20250900
2025-09-04 13:00:00,,98.09,,20251200,20260300,20250900
2025-09-04 14:00:00,98.025,98.085,,20251200,20260300,20250900
2025-09-04 15:00:00,98.025,98.085,,20251200,20260300,20250900
2025-09-05 05:00:00,98.045,98.11,97.965,20251200,20260300,20250900
2025-09-05 06:00:00,98.025,98.085,97.95,20251200,20260300,20250900
2025-09-05 07:00:00,98.02,98.085,97.95,20251200,20260300,20250900
2025-09-05 09:00:00,98.025,98.085,97.96,20251200,20260300,20250900
2025-09-05 10:00:00,98.025,,97.96,20251200,20260300,20250900
2025-09-05 11:00:00,98.025,98.08,97.96,20251200,20260300,20250900
2025-09-05 12:00:00,98.035,98.1,97.965,20251200,20260300,20250900
2025-09-05 13:00:00,98.035,98.1,97.96,20251200,20260300,20250900
2025-09-05 14:00:00,98.04,98.11,,20251200,20260300,20250900
2025-09-05 15:00:00,98.04,98.11,,20251200,20260300,20250900
2025-09-08 05:00:00,98.045,98.11,97.97,20251200,20260300,20250900
2025-09-08 06:00:00,98.035,98.1,97.96,20251200,20260300,20250900
2025-09-08 07:00:00,98.035,98.1,,20251200,20260300,20250900
2025-09-08 08:00:00,98.035,98.105,97.96,20251200,20260300,20250900
2025-09-08 09:00:00,98.035,98.105,97.965,20251200,20260300,20250900
2025-09-08 10:00:00,98.04,98.105,,20251200,20260300,20250900
2025-09-08 11:00:00,,98.11,,20251200,20260300,20250900
2025-09-08 12:00:00,98.045,98.11,,20251200,20260300,20250900
2025-09-08 13:00:00,,98.11,,20251200,20260300,20250900
2025-09-08 14:00:00,98.045,98.11,,20251200,20260300,20250900
2025-09-08 15:00:00,,98.105,,20251200,20260300,20250900
2025-09-08 16:00:00,98.04,98.105,,20251200,20260300,20250900
2025-09-09 05:00:00,98.035,98.09,97.97,20251200,20260300,20250900
2025-09-09 06:00:00,98.035,98.095,97.965,20251200,20260300,20250900
2025-09-09 07:00:00,98.035,98.1,,20251200,20260300,20250900
2025-09-09 08:00:00,98.035,98.1,97.97,20251200,20260300,20250900
2025-09-09 09:00:00,98.04,98.1,97.97,20251200,20260300,20250900
2025-09-09 10:00:00,98.04,,,20251200,20260300,20250900
2025-09-09 11:00:00,98.035,98.095,,20251200,20260300,20250900
2025-09-09 12:00:00,98.035,98.095,,20251200,20260300,20250900
2025-09-09 13:00:00,,98.095,,20251200,20260300,20250900
2025-09-09 14:00:00,98.035,98.095,97.965,20251200,20260300,20250900
2025-09-09 15:00:00,98.03,98.09,97.965,20251200,20260300,20250900
2025-09-09 17:00:00,98.035,,97.965,20251200,20260300,20250900
2025-09-10 05:00:00,98.025,98.08,97.965,20251200,20260300,20250900
2025-09-10 06:00:00,98.03,98.09,97.965,20251200,20260300,20250900
2025-09-10 07:00:00,98.03,98.09,97.965,20251200,20260300,20250900
2025-09-10 08:00:00,,98.09,,20251200,20260300,20250900
2025-09-10 09:00:00,98.025,98.085,97.96,20251200,20260300,20250900
2025-09-10 10:00:00,98.025,98.085,,20251200,20260300,20250900
2025-09-10 11:00:00,98.025,,97.965,20251200,20260300,20250900
2025-09-10 12:00:00,98.025,98.085,97.965,20251200,20260300,20250900
2025-09-10 13:00:00,98.03,98.085,,20251200,20260300,20250900
2025-09-10 14:00:00,98.025,98.085,,20251200,20260300,20250900
2025-09-10 15:00:00,98.025,98.08,,20251200,20260300,20250900
2025-09-10 16:00:00,98.02,,97.965,20251200,20260300,20250900
2025-09-11 05:00:00,98.0,98.045,97.975,20251200,20260300,20250900
2025-09-11 06:00:00,,98.075,,20251200,20260300,20250900
2025-09-11 07:00:00,,98.07,97.965,20251200,20260300,20250900
2025-09-11 08:00:00,98.015,98.065,97.965,20251200,20260300,20250900
2025-09-11 09:00:00,98.02,98.07,97.975,20251200,20260300,20250900
2025-09-11 10:00:00,98.02,98.07,,20251200,20260300,20250900
2025-09-11 11:00:00,98.015,98.065,,20251200,20260300,20250900
2025-09-11 12:00:00,98.005,98.065,97.975,20251200,20260300,20250900
2025-09-11 13:00:00,98.005,98.05,97.975,20251200,20260300,20250900
2025-09-11 14:00:00,97.995,98.05,97.975,20251200,20260300,20250900
2025-09-11 15:00:00,98.005,98.05,,20251200,20260300,20250900
2025-09-11 16:00:00,98.005,98.05,,20251200,20260300,20250900
2025-09-12 05:00:00,98.0,97.955,97.995,20251200,20260300,20250900
2025-09-12 06:00:00,97.995,98.04,97.98,20251200,20260300,20250900
2025-09-12 07:00:00,98.0,98.04,,20251200,20260300,20250900
2025-09-12 08:00:00,97.995,98.035,,20251200,20260300,20250900
2025-09-12 09:00:00,97.995,98.035,97.99,20251200,20260300,20250900
2025-09-12 10:00:00,97.995,98.035,,20251200,20260300,20250900
2025-09-12 11:00:00,97.995,98.03,,20251200,20260300,20250900
2025-09-12 12:00:00,97.995,,97.995,20251200,20260300,20250900
2025-09-12 13:00:00,97.995,98.035,97.995,20251200,20260300,20250900
2025-09-12 14:00:00,97.995,98.035,,20251200,20260300,20250900
2025-09-12 15:00:00,98.0,98.035,,20251200,20260300,20250900
2025-09-12 18:00:00,,,98.0,20251200,20260300,20250900
2025-09-15 05:00:00,97.99,98.035,97.967,20251200,20260300,20250900
2025-09-15 06:00:00,98.0,98.045,97.99,20251200,20260300,20250900
2025-09-15 07:00:00,98.0,98.045,97.99,20251200,20260300,20250900
2025-09-15 08:00:00,,98.045,97.995,20251200,20260300,20250900
2025-09-15 09:00:00,97.995,98.04,,20251200,20260300,20250900
2025-09-15 11:00:00,97.99,98.035,,20251200,20260300,20250900
2025-09-15 12:00:00,97.99,98.035,,20251200,20260300,20250900
2025-09-15 13:00:00,97.99,98.035,,20251200,20260300,20250900
2025-09-15 14:00:00,97.99,98.035,,20251200,20260300,20250900
2025-09-16 05:00:00,97.995,98.035,,20251200,20260300,20250900
2025-09-16 06:00:00,97.985,98.03,,20251200,20260300,20250900
2025-09-16 07:00:00,97.985,98.03,,20251200,20260300,20250900
2025-09-16 08:00:00,97.985,98.035,,20251200,20260300,20250900
2025-09-16 09:00:00,,98.03,,20251200,20260300,20250900
2025-09-16 12:00:00,97.985,98.025,,20251200,20260300,20250900
2025-09-16 13:00:00,,98.03,,20251200,20260300,20250900
2025-09-16 14:00:00,97.99,98.035,,20251200,20260300,20250900
2025-09-16 15:00:00,,98.035,,20251200,20260300,20250900
2025-09-16 16:00:00,,98.04,,20251200,20260300,20250900
2025-09-17 05:00:00,97.99,98.035,,20251200,20260300,20250900
2025-09-17 06:00:00,,98.035,,20251200,20260300,20250900
2025-09-17 07:00:00,97.99,98.035,,20251200,20260300,20250900
2025-09-17 08:00:00,97.99,98.035,,20251200,20260300,20250900
2025-09-17 09:00:00,,98.035,,20251200,20260300,20250900
2025-09-17 12:00:00,97.99,98.035,,20251200,20260300,20250900
2025-09-17 13:00:00,97.99,98.035,,20251200,20260300,20250900
2025-09-17 14:00:00,97.99,98.035,,20251200,20260300,20250900
2025-09-17 15:00:00,,98.03,,20251200,20260300,20250900
2025-09-17 18:00:00,,98.035,,20251200,20260300,20250900
2025-09-18 05:00:00,97.99,98.03,,20251200,20260300,20250900
2025-09-18 06:00:00,97.99,98.035,,20251200,20260300,20250900
2025-09-18 07:00:00,97.99,98.035,,20251200,20260300,20250900
2025-09-18 08:00:00,97.99,98.035,,20251200,20260300,20250900
2025-09-18 09:00:00,97.995,98.04,,20251200,20260300,20250900
2025-09-18 12:00:00,,98.035,,20251200,20260300,20250900
2025-09-18 13:00:00,97.99,98.03,,20251200,20260300,20250900
2025-09-18 15:00:00,97.99,98.03,,20251200,20260300,20250900
2025-09-18 16:00:00,,98.025,,20251200,20260300,20250900
2025-09-19 05:00:00,97.985,98.025,,20251200,20260300,20250900
2025-09-19 06:00:00,97.99,98.03,,20251200,20260300,20250900
2025-09-19 08:00:00,,98.025,,20251200,20260300,20250900
2025-09-19 09:00:00,,98.025,,20251200,20260300,20250900
2025-09-19 10:00:00,97.985,98.025,,20251200,20260300,20250900
2025-09-19 11:00:00,97.985,98.025,,20251200,20260300,20250900
2025-09-19 12:00:00,97.985,98.02,,20251200,20260300,20250900
2025-09-19 13:00:00,97.985,98.025,,20251200,20260300,20250900
2025-09-19 14:00:00,97.985,98.025,,20251200,20260300,20250900
2025-09-19 16:00:00,,98.025,,20251200,20260300,20250900
2025-09-22 05:00:00,97.99,98.035,,20251200,20260300,20250900
2025-09-22 06:00:00,97.985,98.025,,20251200,20260300,20250900
2025-09-22 07:00:00,97.985,98.025,,20251200,20260300,20250900
2025-09-22 09:00:00,97.985,98.03,,20251200,20260300,20250900
2025-09-22 10:00:00,,98.035,,20251200,20260300,20250900
2025-09-22 11:00:00,,98.035,,20251200,20260300,20250900
2025-09-22 13:00:00,97.985,98.03,,20251200,20260300,20250900
2025-09-22 14:00:00,97.985,98.03,,20251200,20260300,20250900
2025-09-22 15:00:00,,98.03,,20251200,20260300,20250900
2025-09-22 16:00:00,,98.03,,20251200,20260300,20250900
2025-09-23 05:00:00,97.985,98.025,,20251200,20260300,20250900
2025-09-23 06:00:00,,98.03,,20251200,20260300,20250900
2025-09-23 07:00:00,97.98,98.025,,20251200,20260300,20250900
2025-09-23 08:00:00,97.985,,,20251200,20260300,20250900
2025-09-23 09:00:00,97.985,,,20251200,20260300,20250900
2025-09-23 11:00:00,97.985,98.03,,20251200,20260300,20250900
2025-09-23 12:00:00,97.985,98.025,,20251200,20260300,20250900
2025-09-23 13:00:00,97.985,98.025,,20251200,20260300,20250900
2025-09-23 14:00:00,,98.025,,20251200,20260300,20250900
2025-09-24 05:00:00,97.985,98.03,,20251200,20260300,20250900
2025-09-24 06:00:00,97.98,98.02,,20251200,20260300,20250900
2025-09-24 07:00:00,97.98,,,20251200,20260300,20250900
2025-09-24 08:00:00,97.98,98.025,,20251200,20260300,20250900
2025-09-24 09:00:00,97.98,98.025,,20251200,20260300,20250900
2025-09-24 10:00:00,97.985,98.025,,20251200,20260300,20250900
2025-09-24 11:00:00,97.985,98.025,,20251200,20260300,20250900
2025-09-24 12:00:00,97.985,98.025,,20251200,20260300,20250900
2025-09-24 13:00:00,97.985,98.025,,20251200,20260300,20250900
2025-09-24 14:00:00,97.985,98.025,,20251200,20260300,20250900
2025-09-24 15:00:00,97.98,98.02,,20251200,20260300,20250900
2025-09-24 16:00:00,,98.03,,20251200,20260300,20250900
2025-09-25 05:00:00,97.985,98.015,,20251200,20260300,20250900
2025-09-25 06:00:00,97.98,,,20251200,20260300,20250900
2025-09-25 07:00:00,97.985,98.025,,20251200,20260300,20250900
2025-09-25 08:00:00,97.98,98.02,,20251200,20260300,20250900
2025-09-25 09:00:00,97.985,98.025,,20251200,20260300,20250900
2025-09-25 10:00:00,97.985,,,20251200,20260300,20250900
2025-09-25 12:00:00,97.98,98.01,,20251200,20260300,20250900
2025-09-25 13:00:00,97.98,98.01,,20251200,20260300,20250900
2025-09-25 14:00:00,97.985,98.015,,20251200,20260300,20250900
2025-09-25 15:00:00,97.98,98.015,,20251200,20260300,20250900
2025-09-25 16:00:00,97.98,98.01,,20251200,20260300,20250900
2025-09-26 05:00:00,97.985,98.02,,20251200,20260300,20250900
2025-09-26 06:00:00,97.98,98.015,,20251200,20260300,20250900
2025-09-26 07:00:00,97.98,98.015,,20251200,20260300,20250900
2025-09-26 08:00:00,97.985,98.015,,20251200,20260300,20250900
2025-09-26 09:00:00,97.98,98.015,,20251200,20260300,20250900
2025-09-26 10:00:00,,98.015,,20251200,20260300,20250900
2025-09-26 11:00:00,,98.015,,20251200,20260300,20250900
2025-09-26 12:00:00,,98.02,,20251200,20260300,20250900
2025-09-26 13:00:00,,98.02,,20251200,20260300,20250900
2025-09-26 14:00:00,97.985,98.02,,20251200,20260300,20250900
2025-09-26 15:00:00,,98.015,,20251200,20260300,20250900
2025-09-26 16:00:00,,98.015,,20251200,20260300,20250900
2025-09-26 17:00:00,97.98,,,20251200,20260300,20250900
2025-09-29 05:00:00,97.985,98.02,,20251200,20260300,20250900
2025-09-29 06:00:00,97.98,98.02,,20251200,20260300,20250900
2025-09-29 07:00:00,97.985,,,20251200,20260300,20250900
2025-09-29 08:00:00,97.985,98.02,,20251200,20260300,20250900
2025-09-29 09:00:00,97.985,98.02,,20251200,20260300,20250900
2025-09-29 10:00:00,97.985,98.02,,20251200,20260300,20250900
2025-09-29 11:00:00,97.985,,,20251200,20260300,20250900
2025-09-29 13:00:00,97.985,98.015,,20251200,20260300,20250900
2025-09-29 14:00:00,,98.015,,20251200,20260300,20250900
2025-09-29 15:00:00,,98.015,,20251200,20260300,20250900
2025-09-29 16:00:00,,98.01,,20251200,20260300,20250900
2025-09-30 05:00:00,97.975,98.015,,20251200,20260300,20250900
2025-09-30 06:00:00,97.98,98.015,,20251200,20260300,20250900
2025-09-30 07:00:00,97.985,98.02,,20251200,20260300,20250900
2025-09-30 08:00:00,97.98,98.02,,20251200,20260300,20250900
2025-09-30 09:00:00,97.98,98.015,,20251200,20260300,20250900
2025-09-30 10:00:00,97.98,98.015,,20251200,20260300,20250900
2025-09-30 11:00:00,,98.01,,20251200,20260300,20250900
2025-09-30 13:00:00,97.98,98.015,,20251200,20260300,20250900
2025-09-30 16:00:00,97.975,98.01,,20251200,20260300,20250900
2025-10-01 05:00:00,97.975,98.015,,20251200,20260300,20250900
2025-10-01 06:00:00,97.975,98.015,,20251200,20260300,20250900
2025-10-01 07:00:00,97.97,98.005,,20251200,20260300,20250900
2025-10-01 08:00:00,97.975,98.01,,20251200,20260300,20250900
2025-10-01 09:00:00,97.975,98.01,,20251200,20260300,20250900
2025-10-01 10:00:00,,98.015,,20251200,20260300,20250900
2025-10-01 11:00:00,97.975,,,20251200,20260300,20250900
2025-10-01 12:00:00,97.98,98.02,,20251200,20260300,20250900
2025-10-01 13:00:00,,98.025,,20251200,20260300,20250900
2025-10-01 14:00:00,97.98,98.015,,20251200,20260300,20250900
2025-10-01 15:00:00,,98.015,,20251200,20260300,20250900
2025-10-01 16:00:00,,98.015,,20251200,20260300,20250900
2025-10-02 05:00:00,97.98,98.02,,20251200,20260300,20250900
2025-10-02 06:00:00,97.975,98.015,,20251200,20260300,20250900
2025-10-02 07:00:00,97.975,98.015,,20251200,20260300,20250900
2025-10-02 08:00:00,97.975,98.01,,20251200,20260300,20250900
2025-10-02 09:00:00,97.975,98.01,,20251200,20260300,20250900
2025-10-02 10:00:00,97.975,98.01,,20251200,20260300,20250900
2025-10-02 11:00:00,,98.01,,20251200,20260300,20250900
2025-10-02 12:00:00,,98.01,,20251200,20260300,20250900
2025-10-02 14:00:00,97.975,98.015,,20251200,20260300,20250900
2025-10-02 16:00:00,97.98,98.02,,20251200,20260300,20250900
2025-10-03 05:00:00,97.975,98.015,,20251200,20260300,20250900
2025-10-03 06:00:00,97.975,98.015,,20251200,20260300,20250900
2025-10-03 08:00:00,97.98,98.015,,20251200,20260300,20250900
2025-10-03 09:00:00,,98.015,,20251200,20260300,20250900
2025-10-03 10:00:00,,98.015,,20251200,20260300,20250900
2025-10-03 12:00:00,,98.015,,20251200,20260300,20250900
2025-10-03 13:00:00,97.975,98.015,,20251200,20260300,20250900
2025-10-03 14:00:00,97.975,98.015,,20251200,20260300,20250900
2025-10-03 15:00:00,97.975,98.015,,20251200,20260300,20250900
2025-10-03 16:00:00,97.975,98.015,,20251200,20260300,20250900
2025-10-06 05:00:00,97.975,98.025,,20251200,20260300,20250900
2025-10-06 06:00:00,97.975,98.015,,20251200,20260300,20250900
2025-10-06 07:00:00,97.975,98.02,,20251200,20260300,20250900
2025-10-06 08:00:00,97.975,98.02,,20251200,20260300,20250900
2025-10-06 09:00:00,97.975,98.02,,20251200,20260300,20250900
2025-10-06 10:00:00,97.975,98.02,,20251200,20260300,20250900
2025-10-06 12:00:00,97.975,,,20251200,20260300,20250900
2025-10-06 13:00:00,97.975,,,20251200,20260300,20250900
2025-10-06 14:00:00,,98.025,,20251200,20260300,20250900
2025-10-07 05:00:00,97.975,98.02,,20251200,20260300,20250900
2025-10-07 06:00:00,,98.02,,20251200,20260300,20250900
2025-10-07 07:00:00,,98.02,,20251200,20260300,20250900
2025-10-07 08:00:00,97.975,98.02,,20251200,20260300,20250900
2025-10-07 09:00:00,97.97,98.02,,20251200,20260300,20250900
2025-10-07 10:00:00,,98.02,,20251200,20260300,20250900
2025-10-07 11:00:00,97.97,98.015,,20251200,20260300,20250900
2025-10-07 12:00:00,97.975,98.02,,20251200,20260300,20250900
2025-10-07 16:00:00,97.97,98.02,,20251200,20260300,20250900
2025-10-07 19:00:00,97.97,,,20251200,20260300,20250900
2025-10-08 05:00:00,97.98,98.035,,20251200,20260300,20250900
2025-10-08 06:00:00,,98.02,,20251200,20260300,20250900
2025-10-08 07:00:00,97.975,,,20251200,20260300,20250900
2025-10-08 08:00:00,97.975,98.025,,20251200,20260300,20250900
2025-10-08 09:00:00,97.975,98.025,,20251200,20260300,20250900
2025-10-08 10:00:00,,98.03,,20251200,20260300,20250900
2025-10-08 12:00:00,97.98,98.035,,20251200,20260300,20250900
2025-10-08 16:00:00,,98.035,,20251200,20260300,20250900
2025-10-08 19:00:00,,98.08,,20251200,20260300,20250900
2025-10-09 05:00:00,97.98,98.03,,20251200,20260300,20250900
2025-10-09 06:00:00,97.975,98.03,,20251200,20260300,20250900
2025-10-09 07:00:00,97.975,98.03,,20251200,20260300,20250900
2025-10-09 08:00:00,97.975,98.03,,20251200,20260300,20250900
2025-10-09 09:00:00,97.975,98.03,,20251200,20260300,20250900
2025-10-09 10:00:00,97.975,98.03,,20251200,20260300,20250900
2025-10-09 11:00:00,,98.03,,20251200,20260300,20250900
2025-10-09 12:00:00,,98.03,,20251200,20260300,20250900
2025-10-09 13:00:00,,98.03,,20251200,20260300,20250900
2025-10-09 15:00:00,97.975,,,20251200,20260300,20250900
2025-10-09 17:00:00,,98.03,,20251200,20260300,20250900
2025-10-10 05:00:00,97.99,98.03,,20251200,20260300,20250900
2025-10-10 06:00:00,97.975,98.03,,20251200,20260300,20250900
2025-10-10 07:00:00,97.975,98.025,,20251200,20260300,20250900
2025-10-10 09:00:00,97.98,98.025,,20251200,20260300,20250900
2025-10-10 10:00:00,97.98,98.03,,20251200,20260300,20250900
2025-10-10 11:00:00,97.98,98.03,,20251200,20260300,20250900
2025-10-10 12:00:00,97.98,98.03,,20251200,20260300,20250900
2025-10-10 13:00:00,97.98,98.035,,20251200,20260300,20250900
2025-10-10 14:00:00,97.98,98.035,,20251200,20260300,20250900
2025-10-10 15:00:00,97.985,98.045,,20251200,20260300,20250900
2025-10-10 16:00:00,97.985,98.04,,20251200,20260300,20250900
2025-10-10 17:00:00,97.98,,,20251200,20260300,20250900
2025-10-13 05:00:00,97.99,98.06,,20251200,20260300,20250900
2025-10-13 06:00:00,97.985,98.045,,20251200,20260300,20250900
2025-10-13 07:00:00,97.985,98.045,,20251200,20260300,20250900
2025-10-13 08:00:00,97.99,98.05,,20251200,20260300,20250900
2025-10-13 09:00:00,97.985,98.055,,20251200,20260300,20250900
2025-10-13 11:00:00,97.99,98.06,,20251200,20260300,20250900
2025-10-13 12:00:00,,98.06,,20251200,20260300,20250900
2025-10-13 13:00:00,97.99,,,20251200,20260300,20250900
2025-10-13 14:00:00,97.99,98.055,,20251200,20260300,20250900
2025-10-13 15:00:00,97.99,,,20251200,20260300,20250900
2025-10-14 05:00:00,97.995,98.06,,20251200,20260300,20250900
2025-10-14 06:00:00,97.995,98.065,,20251200,20260300,20250900
2025-10-14 07:00:00,98.0,98.075,,20251200,20260300,20250900
2025-10-14 08:00:00,97.995,98.07,,20251200,20260300,20250900
2025-10-14 09:00:00,97.995,98.065,,20251200,20260300,20250900
2025-10-14 10:00:00,,98.07,,20251200,20260300,20250900
2025-10-14 11:00:00,97.995,98.065,,20251200,20260300,20250900
2025-10-14 12:00:00,97.995,98.065,,20251200,20260300,20250900
2025-10-14 13:00:00,97.99,98.06,,20251200,20260300,20250900
2025-10-14 14:00:00,,98.06,,20251200,20260300,20250900
2025-10-14 15:00:00,,98.06,,20251200,20260300,20250900
2025-10-14 16:00:00,97.995,98.06,,20251200,20260300,20250900
2025-10-15 05:00:00,97.99,98.065,,20251200,20260300,20250900
2025-10-15 07:00:00,97.995,98.065,,20251200,20260300,20250900
2025-10-15 08:00:00,97.995,98.065,,20251200,20260300,20250900
2025-10-15 09:00:00,,98.065,,20251200,20260300,20250900
2025-10-15 10:00:00,97.99,98.065,,20251200,20260300,20250900
2025-10-15 11:00:00,97.995,98.07,,20251200,20260300,20250900
2025-10-15 12:00:00,,98.065,,20251200,20260300,20250900
2025-10-15 13:00:00,97.995,98.07,,20251200,20260300,20250900
2025-10-15 14:00:00,97.99,98.06,,20251200,20260300,20250900
2025-10-15 15:00:00,97.985,98.06,,20251200,20260300,20250900
2025-10-15 16:00:00,97.985,98.055,,20251200,20260300,20250900
2025-10-16 05:00:00,97.985,98.06,,20251200,20260300,20250900
2025-10-16 06:00:00,97.99,98.06,,20251200,20260300,20250900
2025-10-16 07:00:00,,98.055,,20251200,20260300,20250900
2025-10-16 08:00:00,97.985,98.055,,20251200,20260300,20250900
2025-10-16 09:00:00,97.985,98.055,,20251200,20260300,20250900
2025-10-16 10:00:00,97.985,98.055,,20251200,20260300,20250900
2025-10-16 11:00:00,97.985,,,20251200,20260300,20250900
2025-10-16 12:00:00,,98.055,,20251200,20260300,20250900
2025-10-16 13:00:00,97.985,98.055,,20251200,20260300,20250900
2025-10-16 14:00:00,97.985,98.055,,20251200,20260300,20250900
2025-10-16 15:00:00,97.985,,,20251200,20260300,20250900
2025-10-16 16:00:00,97.99,98.07,,20251200,20260300,20250900
2025-10-16 17:00:00,97.99,,,20251200,20260300,20250900
2025-10-17 05:00:00,97.995,98.075,,20251200,20260300,20250900
2025-10-17 06:00:00,97.995,98.08,,20251200,20260300,20250900
2025-10-17 07:00:00,97.995,98.075,,20251200,20260300,20250900
2025-10-17 08:00:00,97.995,98.08,,20251200,20260300,20250900
2025-10-17 10:00:00,97.995,98.08,,20251200,20260300,20250900
2025-10-17 11:00:00,97.99,98.065,,20251200,20260300,20250900
2025-10-17 12:00:00,,98.06,,20251200,20260300,20250900
2025-10-17 13:00:00,,98.065,,20251200,20260300,20250900
2025-10-17 14:00:00,97.99,98.07,,20251200,20260300,20250900
2025-10-17 15:00:00,97.995,98.07,,20251200,20260300,20250900
2025-10-17 16:00:00,97.99,98.065,,20251200,20260300,20250900
2025-10-20 05:00:00,97.995,98.07,,20251200,20260300,20250900
2025-10-20 06:00:00,97.99,98.065,,20251200,20260300,20250900
2025-10-20 07:00:00,97.985,98.065,,20251200,20260300,20250900
2025-10-20 08:00:00,,98.065,,20251200,20260300,20250900
2025-10-20 09:00:00,97.99,98.065,,20251200,20260300,20250900
2025-10-20 10:00:00,,98.065,,20251200,20260300,20250900
2025-10-20 12:00:00,97.99,98.07,,20251200,20260300,20250900
2025-10-20 13:00:00,97.99,98.07,,20251200,20260300,20250900
2025-10-20 14:00:00,97.99,,,20251200,20260300,20250900
2025-10-20 15:00:00,97.99,,,20251200,20260300,20250900
2025-10-20 16:00:00,97.99,98.075,,20251200,20260300,20250900
2025-10-21 05:00:00,97.995,98.07,,20251200,20260300,20250900
2025-10-21 06:00:00,97.99,,,20251200,20260300,20250900
2025-10-21 07:00:00,97.99,98.07,,20251200,20260300,20250900
2025-10-21 08:00:00,97.99,98.07,,20251200,20260300,20250900
2025-10-21 09:00:00,97.985,98.06,,20251200,20260300,20250900
2025-10-21 10:00:00,,98.06,,20251200,20260300,20250900
2025-10-21 13:00:00,97.99,98.065,,20251200,20260300,20250900
2025-10-21 14:00:00,97.99,98.065,,20251200,20260300,20250900
2025-10-21 15:00:00,97.99,,,20251200,20260300,20250900
2025-10-21 16:00:00,,98.065,,20251200,20260300,20250900
2025-10-22 05:00:00,97.99,98.065,,20251200,20260300,20250900
2025-10-22 06:00:00,97.995,98.075,,20251200,20260300,20250900
2025-10-22 07:00:00,97.995,98.07,,20251200,20260300,20250900
2025-10-22 08:00:00,,98.07,,20251200,20260300,20250900
2025-10-22 09:00:00,97.99,,,20251200,20260300,20250900
2025-10-22 10:00:00,97.985,98.065,,20251200,20260300,20250900
2025-10-22 11:00:00,97.99,98.07,,20251200,20260300,20250900
2025-10-22 12:00:00,97.99,98.065,,20251200,20260300,20250900
2025-10-22 13:00:00,97.985,98.06,,20251200,20260300,20250900
2025-10-22 14:00:00,97.98,98.055,,20251200,20260300,20250900
2025-10-22 15:00:00,,98.06,,20251200,20260300,20250900
2025-10-22 16:00:00,97.985,98.065,,20251200,20260300,20250900
2025-10-22 17:00:00,97.985,98.07,,20251200,20260300,20250900
2025-10-23 05:00:00,97.985,98.055,,20251200,20260300,20250900
2025-10-23 06:00:00,97.985,98.06,,20251200,20260300,20250900
2025-10-23 07:00:00,,98.06,,20251200,20260300,20250900
2025-10-23 08:00:00,97.985,98.06,,20251200,20260300,20250900
2025-10-23 09:00:00,97.985,,,20251200,20260300,20250900
2025-10-23 10:00:00,97.985,,,20251200,20260300,20250900
2025-10-23 11:00:00,,98.06,,20251200,20260300,20250900
2025-10-23 13:00:00,,98.055,,20251200,20260300,20250900
2025-10-23 14:00:00,,98.055,,20251200,20260300,20250900
2025-10-24 05:00:00,97.97,98.02,,20251200,20260300,20250900
2025-10-24 06:00:00,,98.05,,20251200,20260300,20250900
2025-10-24 07:00:00,97.975,98.035,,20251200,20260300,20250900
2025-10-24 08:00:00,97.97,98.025,,20251200,20260300,20250900
2025-10-24 09:00:00,97.97,,,20251200,20260300,20250900
2025-10-24 10:00:00,97.97,98.025,,20251200,20260300,20250900
2025-10-24 11:00:00,,98.02,,20251200,20260300,20250900
2025-10-24 12:00:00,97.97,98.025,,20251200,20260300,20250900
2025-10-24 13:00:00,97.97,98.02,,20251200,20260300,20250900
2025-10-24 14:00:00,97.965,98.02,,20251200,20260300,20250900
2025-10-24 16:00:00,97.965,98.02,,20251200,20260300,20250900
2025-10-24 17:00:00,97.965,,,20251200,20260300,20250900
2025-10-24 19:00:00,97.96,,,20251200,20260300,20250900
2025-10-27 05:00:00,97.965,98.02,,20251200,20260300,20250900
2025-10-27 07:00:00,,98.015,,20251200,20260300,20250900
2025-10-27 08:00:00,97.965,98.02,,20251200,20260300,20250900
2025-10-27 09:00:00,97.965,98.015,,20251200,20260300,20250900
2025-10-27 10:00:00,97.965,98.015,,20251200,20260300,20250900
2025-10-27 11:00:00,,98.015,,20251200,20260300,20250900
2025-10-27 12:00:00,,98.015,,20251200,20260300,20250900
2025-10-27 13:00:00,97.965,98.02,,20251200,20260300,20250900
2025-10-27 14:00:00,97.965,98.015,,20251200,20260300,20250900
2025-10-27 20:00:00,97.965,,,20251200,20260300,20250900
2025-10-28 05:00:00,97.97,98.02,,20251200,20260300,20250900
2025-10-28 07:00:00,97.965,98.02,,20251200,20260300,20250900
2025-10-28 08:00:00,,98.02,,20251200,20260300,20250900
2025-10-28 09:00:00,97.97,98.02,,20251200,20260300,20250900
2025-10-28 11:00:00,97.965,98.02,,20251200,20260300,20250900
2025-10-28 12:00:00,,98.02,,20251200,20260300,20250900
2025-10-28 13:00:00,97.97,,,20251200,20260300,20250900
2025-10-28 14:00:00,97.965,98.015,,20251200,20260300,20250900
2025-10-28 15:00:00,,98.02,,20251200,20260300,20250900
2025-10-28 16:00:00,,98.015,,20251200,20260300,20250900
2025-10-29 05:00:00,97.975,98.025,,20251200,20260300,20250900
2025-10-29 07:00:00,97.97,98.02,,20251200,20260300,20250900
2025-10-29 09:00:00,97.97,98.02,,20251200,20260300,20250900
2025-10-29 10:00:00,97.975,98.02,,20251200,20260300,20250900
2025-10-29 11:00:00,,98.02,,20251200,20260300,20250900
2025-10-29 16:00:00,,98.02,,20251200,20260300,20250900
2025-10-29 17:00:00,97.975,98.02,,20251200,20260300,20250900
2025-10-29 18:00:00,97.97,98.015,,20251200,20260300,20250900
2025-10-30 05:00:00,97.97,98.015,,20251200,20260300,20250900
2025-10-30 07:00:00,97.97,98.01,,20251200,20260300,20250900
2025-10-30 08:00:00,,98.01,,20251200,20260300,20250900
2025-10-30 09:00:00,97.965,98.005,,20251200,20260300,20250900
2025-10-30 10:00:00,97.965,98.005,,20251200,20260300,20250900
2025-10-30 11:00:00,97.965,98.005,,20251200,20260300,20250900
2025-10-30 12:00:00,97.97,98.01,,20251200,20260300,20250900
2025-10-30 13:00:00,97.965,98.005,,20251200,20260300,20250900
2025-10-30 14:00:00,97.965,98.01,,20251200,20260300,20250900
2025-10-30 15:00:00,,98.01,,20251200,20260300,20250900
2025-10-30 16:00:00,,98.01,,20251200,20260300,20250900
2025-10-30 17:00:00,97.965,98.015,,20251200,20260300,20250900
2025-10-30 18:00:00,,98.025,,20251200,20260300,20250900
2025-10-31 05:00:00,97.97,98.02,,20251200,20260300,20250900
2025-10-31 06:00:00,,98.01,,20251200,20260300,20250900
2025-10-31 07:00:00,97.965,98.015,,20251200,20260300,20250900
2025-10-31 08:00:00,97.965,,,20251200,20260300,20250900
2025-10-31 09:00:00,,98.01,,20251200,20260300,20250900
2025-10-31 10:00:00,97.965,,,20251200,20260300,20250900
2025-10-31 11:00:00,97.965,98.015,,20251200,20260300,20250900
2025-10-31 12:00:00,97.965,98.02,,20251200,20260300,20250900
2025-10-31 13:00:00,,98.015,,20251200,20260300,20250900
2025-10-31 15:00:00,97.965,98.015,,20251200,20260300,20250900
2025-10-31 16:00:00,97.965,98.015,,20251200,20260300,20250900
2025-10-31 17:00:00,,98.01,,20251200,20260300,20250900
2025-10-31 20:00:00,,98.02,,20251200,20260300,20250900
2025-11-03 06:00:00,97.97,98.01,,20251200,20260300,20250900
2025-11-03 07:00:00,97.965,98.01,,20251200,20260300,20250900
2025-11-03 08:00:00,97.965,98.01,,20251200,20260300,20250900
2025-11-03 09:00:00,97.965,98.01,,20251200,20260300,20250900
2025-11-03 10:00:00,97.97,98.01,,20251200,20260300,20250900
2025-11-03 11:00:00,97.965,98.01,,20251200,20260300,20250900
2025-11-03 13:00:00,,98.01,,20251200,20260300,20250900
2025-11-03 14:00:00,97.97,98.01,,20251200,20260300,20250900
2025-11-03 15:00:00,,98.01,,20251200,20260300,20250900
2025-11-03 16:00:00,97.965,98.005,,20251200,20260300,20250900
2025-11-03 17:00:00,97.965,,,20251200,20260300,20250900
2025-11-04 06:00:00,97.97,98.01,,20251200,20260300,20250900
2025-11-04 08:00:00,,98.01,,20251200,20260300,20250900
2025-11-04 09:00:00,,98.01,,20251200,20260300,20250900
2025-11-04 11:00:00,97.97,98.01,,20251200,20260300,20250900
2025-11-04 12:00:00,97.97,98.015,,20251200,20260300,20250900
2025-11-04 13:00:00,97.97,,,20251200,20260300,20250900
2025-11-04 14:00:00,97.97,98.015,,20251200,20260300,20250900
2025-11-04 15:00:00,,98.01,,20251200,20260300,20250900
2025-11-05 06:00:00,97.965,98.005,,20251200,20260300,20250900
2025-11-05 07:00:00,97.97,98.01,,20251200,20260300,20250900
2025-11-05 08:00:00,97.97,98.01,,20251200,20260300,20250900
2025-11-05 09:00:00,,98.01,,20251200,20260300,20250900
2025-11-05 11:00:00,97.965,98.01,,20251200,20260300,20250900
2025-11-05 13:00:00,97.965,98.01,,20251200,20260300,20250900
2025-11-05 14:00:00,97.97,98.01,,20251200,20260300,20250900
2025-11-05 15:00:00,97.965,98.005,,20251200,20260300,20250900
2025-11-05 16:00:00,97.965,98.005,,20251200,20260300,20250900
2025-11-06 06:00:00,97.965,98.005,,20251200,20260300,20250900
2025-11-06 07:00:00,97.965,98.005,,20251200,20260300,20250900
2025-11-06 08:00:00,,98.01,,20251200,20260300,20250900
2025-11-06 09:00:00,97.965,98.005,,20251200,20260300,20250900
2025-11-06 10:00:00,97.965,98.005,,20251200,20260300,20250900
2025-11-06 11:00:00,,98.005,,20251200,20260300,20250900
2025-11-06 12:00:00,,98.005,,20251200,20260300,20250900
2025-11-06 13:00:00,97.965,,,20251200,20260300,20250900
2025-11-06 14:00:00,97.965,,,20251200,20260300,20250900
2025-11-06 15:00:00,97.965,98.0,,20251200,20260300,20250900
2025-11-06 16:00:00,97.965,98.005,,20251200,20260300,20250900
2025-11-06 17:00:00,97.965,98.0,,20251200,20260300,20250900
2025-11-06 19:00:00,,98.0,,20251200,20260300,20250900
2025-11-07 06:00:00,97.965,98.01,,20251200,20260300,20250900
2025-11-07 07:00:00,97.965,98.0,,20251200,20260300,20250900
2025-11-07 08:00:00,97.96,98.0,,20251200,20260300,20250900
2025-11-07 09:00:00,97.965,98.0,,20251200,20260300,20250900
2025-11-07 10:00:00,,98.0,,20251200,20260300,20250900
2025-11-07 11:00:00,97.965,98.005,,20251200,20260300,20250900
2025-11-07 13:00:00,,98.005,,20251200,20260300,20250900
2025-11-07 14:00:00,97.96,98.005,,20251200,20260300,20250900
2025-11-07 15:00:00,,98.005,,20251200,20260300,20250900
2025-11-07 16:00:00,97.965,,,20251200,20260300,20250900
2025-11-07 17:00:00,97.965,,,20251200,20260300,20250900
2025-11-10 06:00:00,97.965,98.005,,20251200,20260300,20250900
2025-11-10 07:00:00,97.96,98.0,,20251200,20260300,20250900
2025-11-10 08:00:00,97.96,98.0,,20251200,20260300,20250900
2025-11-10 09:00:00,97.96,98.0,,20251200,20260300,20250900
2025-11-10 10:00:00,97.96,,,20251200,20260300,20250900
2025-11-10 13:00:00,,98.005,,20251200,20260300,20250900
2025-11-10 14:00:00,97.965,98.005,,20251200,20260300,20250900
2025-11-10 15:00:00,97.96,,,20251200,20260300,20250900
2025-11-10 19:00:00,97.96,,,20251200,20260300,20250900
2025-11-11 06:00:00,97.96,98.0,,20251200,20260300,20250900
2025-11-11 07:00:00,97.96,98.0,,20251200,20260300,20250900
2025-11-11 08:00:00,97.96,98.0,,20251200,20260300,20250900
2025-11-11 09:00:00,97.96,98.005,,20251200,20260300,20250900
2025-11-11 10:00:00,97.96,98.005,,20251200,20260300,20250900
2025-11-11 12:00:00,97.96,98.0,,20251200,20260300,20250900
2025-11-11 13:00:00,97.96,98.0,,20251200,20260300,20250900
2025-11-11 14:00:00,97.96,98.0,,20251200,20260300,20250900
2025-11-11 15:00:00,,98.0,,20251200,20260300,20250900
2025-11-12 06:00:00,97.96,97.995,,20251200,20260300,20250900
2025-11-12 07:00:00,97.96,97.995,,20251200,20260300,20250900
2025-11-12 08:00:00,97.96,97.995,,20251200,20260300,20250900
2025-11-12 09:00:00,97.96,97.995,,20251200,20260300,20250900
2025-11-12 10:00:00,97.955,97.995,,20251200,20260300,20250900
2025-11-12 11:00:00,97.955,97.99,,20251200,20260300,20250900
2025-11-12 12:00:00,,97.99,,20251200,20260300,20250900
2025-11-12 13:00:00,97.955,,,20251200,20260300,20250900
2025-11-12 14:00:00,97.955,97.995,,20251200,20260300,20250900
2025-11-12 15:00:00,97.955,,,20251200,20260300,20250900
2025-11-13 06:00:00,97.955,97.98,,20251200,20260300,20250900
2025-11-13 07:00:00,,97.985,,20251200,20260300,20250900
2025-11-13 08:00:00,97.955,97.99,,20251200,20260300,20250900
2025-11-13 09:00:00,97.955,97.99,,20251200,20260300,20250900
2025-11-13 10:00:00,97.955,,,20251200,20260300,20250900
2025-11-13 11:00:00,97.95,97.985,,20251200,20260300,20250900
2025-11-13 12:00:00,,97.98,,20251200,20260300,20250900
2025-11-13 13:00:00,97.95,97.98,,20251200,20260300,20250900
2025-11-13 14:00:00,97.95,97.98,,20251200,20260300,20250900
2025-11-13 15:00:00,,97.98,,20251200,20260300,20250900
2025-11-13 16:00:00,,97.98,,20251200,20260300,20250900
2025-11-13 17:00:00,,97.98,,20251200,20260300,20250900
2025-11-14 06:00:00,97.95,97.98,,20251200,20260300,20250900
2025-11-14 07:00:00,97.95,97.98,,20251200,20260300,20250900
2025-11-14 08:00:00,97.955,97.98,,20251200,20260300,20250900
2025-11-14 09:00:00,,97.98,,20251200,20260300,20250900
2025-11-14 10:00:00,97.95,97.98,,20251200,20260300,20250900
2025-11-14 11:00:00,,97.98,,20251200,20260300,20250900
2025-11-14 12:00:00,,97.985,,20251200,20260300,20250900
2025-11-14 13:00:00,,97.985,,20251200,20260300,20250900
2025-11-14 15:00:00,,97.98,,20251200,20260300,20250900
2025-11-14 16:00:00,97.95,97.975,,20251200,20260300,20250900
2025-11-17 06:00:00,97.96,97.975,,20251200,20260300,20250900
2025-11-17 07:00:00,97.95,97.975,,20251200,20260300,20250900
2025-11-17 08:00:00,97.95,,,20251200,20260300,20250900
2025-11-17 09:00:00,97.95,97.975,,20251200,20260300,20250900
2025-11-17 10:00:00,97.95,97.975,,20251200,20260300,20250900
2025-11-17 11:00:00,97.95,97.975,,20251200,20260300,20250900
2025-11-17 12:00:00,,97.975,,20251200,20260300,20250900
2025-11-17 14:00:00,97.95,97.97,,20251200,20260300,20250900
2025-11-17 15:00:00,97.95,97.97,,20251200,20260300,20250900
2025-11-17 16:00:00,,97.97,,20251200,20260300,20250900
2025-11-18 06:00:00,97.95,97.98,,20251200,20260300,20250900
2025-11-18 07:00:00,,97.98,,20251200,20260300,20250900
2025-11-18 08:00:00,97.95,,,20251200,20260300,20250900
2025-11-18 09:00:00,97.95,97.98,,20251200,20260300,20250900
2025-11-18 12:00:00,,97.98,,20251200,20260300,20250900
2025-11-18 14:00:00,,97.985,,20251200,20260300,20250900
2025-11-18 15:00:00,97.955,,,20251200,20260300,20250900
2025-11-18 16:00:00,,97.98,,20251200,20260300,20250900
2025-11-19 06:00:00,97.955,97.985,,20251200,20260300,20250900
2025-11-19 07:00:00,97.955,97.98,,20251200,20260300,20250900
2025-11-19 08:00:00,,97.98,,20251200,20260300,20250900
2025-11-19 09:00:00,97.955,97.98,,20251200,20260300,20250900
2025-11-19 10:00:00,97.955,97.985,,20251200,20260300,20250900
2025-11-19 11:00:00,97.955,97.985,,20251200,20260300,20250900
2025-11-19 12:00:00,,97.985,,20251200,20260300,20250900
2025-11-19 13:00:00,97.95,97.98,,20251200,20260300,20250900
2025-11-19 14:00:00,97.955,97.985,,20251200,20260300,20250900
2025-11-19 15:00:00,,97.985,,20251200,20260300,20250900
2025-11-19 16:00:00,,97.985,,20251200,20260300,20250900
2025-11-19 17:00:00,,97.985,,20251200,20260300,20250900
2025-11-19 19:00:00,,97.98,,20251200,20260300,20250900
2025-11-20 06:00:00,97.955,97.985,,20251200,20260300,20250900
2025-11-20 07:00:00,97.95,97.98,,20251200,20260300,20250900
2025-11-20 08:00:00,,97.98,,20251200,20260300,20250900
2025-11-20 09:00:00,97.95,97.98,,20251200,20260300,20250900
2025-11-20 10:00:00,97.95,97.98,,20251200,20260300,20250900
2025-11-20 11:00:00,97.955,97.975,,20251200,20260300,20250900
2025-11-20 13:00:00,,97.98,,20251200,20260300,20250900
2025-11-20 14:00:00,,97.98,,20251200,20260300,20250900
2025-11-20 15:00:00,,97.98,,20251200,20260300,20250900
2025-11-20 16:00:00,,97.98,,20251200,20260300,20250900
2025-11-20 18:00:00,97.95,97.98,,20251200,20260300,20250900
2025-11-21 06:00:00,97.955,97.99,,20251200,20260300,20250900
2025-11-21 07:00:00,97.95,97.985,,20251200,20260300,20250900
2025-11-21 08:00:00,97.95,97.99,,20251200,20260300,20250900
2025-11-21 09:00:00,,97.99,,20251200,20260300,20250900
2025-11-21 10:00:00,97.955,97.995,,20251200,20260300,20250900
2025-11-21 11:00:00,,97.99,,20251200,20260300,20250900
2025-11-21 12:00:00,97.955,97.99,,20251200,20260300,20250900
2025-11-21 14:00:00,,97.99,,20251200,20260300,20250900
2025-11-21 15:00:00,,97.99,,20251200,20260300,20250900
2025-11-21 16:00:00,,97.985,,20251200,20260300,20250900
2025-11-21 17:00:00,97.955,97.985,,20251200,20260300,20250900
2025-11-21 18:00:00,,97.985,,20251200,20260300,20250900
2025-11-24 06:00:00,97.955,97.985,,20251200,20260300,20250900
2025-11-24 07:00:00,97.955,97.985,,20251200,20260300,20250900
2025-11-24 08:00:00,,97.985,,20251200,20260300,20250900
2025-11-24 09:00:00,97.955,,,20251200,20260300,20250900
2025-11-24 10:00:00,,97.985,,20251200,20260300,20250900
2025-11-24 11:00:00,97.955,,,20251200,20260300,20250900
2025-11-24 12:00:00,,97.985,,20251200,20260300,20250900
2025-11-24 13:00:00,,97.985,,20251200,20260300,20250900
2025-11-24 16:00:00,97.955,97.985,,20251200,20260300,20250900
2025-11-24 17:00:00,97.95,97.985,,20251200,20260300,20250900
2025-11-25 06:00:00,97.955,97.99,,20251200,20260300,20250900
2025-11-25 08:00:00,97.955,97.985,,20251200,20260300,20250900
2025-11-25 09:00:00,97.955,97.985,,20251200,20260300,20250900
2025-11-25 10:00:00,,97.98,,20251200,20260300,20250900
2025-11-25 11:00:00,,97.985,,20251200,20260300,20250900
2025-11-25 12:00:00,,97.985,,20251200,20260300,20250900
2025-11-25 13:00:00,97.95,97.985,,20251200,20260300,20250900
2025-11-25 14:00:00,97.95,97.99,,20251200,20260300,20250900
2025-11-25 15:00:00,97.955,97.985,,20251200,20260300,20250900
2025-11-25 16:00:00,,97.985,,20251200,20260300,20250900
2025-11-25 17:00:00,97.955,,,20251200,20260300,20250900
2025-11-25 18:00:00,,97.99,,20251200,20260300,20250900
2025-11-25 20:00:00,,97.99,,20251200,20260300,20250900
2025-11-26 06:00:00,97.955,97.99,,20251200,20260300,20250900
2025-11-26 07:00:00,,97.985,,20251200,20260300,20250900
2025-11-26 08:00:00,,97.985,,20251200,20260300,20250900
2025-11-26 10:00:00,97.95,97.99,,20251200,20260300,20250900
2025-11-26 11:00:00,97.955,97.99,,20251200,20260300,20250900
2025-11-26 12:00:00,97.955,97.985,,20251200,20260300,20250900
2025-11-26 13:00:00,97.95,97.985,,20251200,20260300,20250900
2025-11-26 14:00:00,97.95,97.985,,20251200,20260300,20250900
2025-11-26 16:00:00,97.95,,,20251200,20260300,20250900
2025-11-27 06:00:00,97.955,97.985,,20251200,20260300,20250900
2025-11-27 07:00:00,97.955,97.98,,20251200,20260300,20250900
2025-11-27 08:00:00,97.95,,,20251200,20260300,20250900
2025-11-27 09:00:00,97.95,,,20251200,20260300,20250900
2025-11-27 12:00:00,97.95,97.985,,20251200,20260300,20250900
2025-11-27 13:00:00,97.95,97.98,,20251200,20260300,20250900
2025-11-27 14:00:00,,97.985,,20251200,20260300,20250900
2025-11-27 15:00:00,97.955,97.985,,20251200,20260300,20250900
2025-11-27 16:00:00,,97.985,,20251200,20260300,20250900
2025-11-27 17:00:00,97.95,97.98,,20251200,20260300,20250900
2025-11-28 06:00:00,97.955,97.98,,20251200,20260300,20250900
2025-11-28 07:00:00,,97.98,,20251200,20260300,20250900
2025-11-28 08:00:00,97.955,97.975,,20251200,20260300,20250900
2025-11-28 09:00:00,,97.975,,20251200,20260300,20250900
2025-11-28 10:00:00,97.955,97.98,,20251200,20260300,20250900
2025-11-28 11:00:00,97.955,97.98,,20251200,20260300,20250900
2025-11-28 13:00:00,,97.98,,20251200,20260300,20250900
2025-11-28 14:00:00,,97.98,,20251200,20260300,20250900
2025-11-28 16:00:00,,97.98,,20251200,20260300,20250900
2025-11-28 17:00:00,,97.98,,20251200,20260300,20250900
2025-12-01 06:00:00,97.95,97.98,,20251200,20260300,20250900
2025-12-01 07:00:00,97.955,97.975,,20251200,20260300,20250900
2025-12-01 08:00:00,,97.975,,20251200,20260300,20250900
2025-12-01 09:00:00,97.955,,,20251200,20260300,20250900
2025-12-01 10:00:00,97.95,97.98,,20251200,20260300,20250900
2025-12-01 11:00:00,,97.975,,20251200,20260300,20250900
2025-12-01 12:00:00,,97.97,,20251200,20260300,20250900
2025-12-01 13:00:00,,97.97,,20251200,20260300,20250900
2025-12-01 14:00:00,97.95,97.965,,20251200,20260300,20250900
2025-12-01 16:00:00,97.95,97.97,,20251200,20260300,20250900
2025-12-02 06:00:00,97.955,97.975,,20251200,20260300,20250900
2025-12-02 07:00:00,,97.97,,20251200,20260300,20250900
2025-12-02 08:00:00,97.95,97.97,,20251200,20260300,20250900
2025-12-02 10:00:00,97.95,97.97,,20251200,20260300,20250900
2025-12-02 11:00:00,97.955,97.965,,20251200,20260300,20250900
2025-12-02 13:00:00,97.955,97.97,,20251200,20260300,20250900
2025-12-02 14:00:00,,97.97,,20251200,20260300,20250900
2025-12-02 15:00:00,97.955,97.97,,20251200,20260300,20250900
2025-12-02 16:00:00,,97.975,,20251200,20260300,20250900
2025-12-02 17:00:00,97.955,97.965,,20251200,20260300,20250900
2025-12-02 18:00:00,97.955,,,20251200,20260300,20250900
2025-12-02 19:00:00,97.955,97.97,,20251200,20260300,20250900
2025-12-03 06:00:00,97.965,97.975,,20251200,20260300,20250900
2025-12-03 07:00:00,,97.97,,20251200,20260300,20250900
2025-12-03 08:00:00,97.95,97.97,,20251200,20260300,20250900
2025-12-03 09:00:00,97.955,97.97,,20251200,20260300,20250900
2025-12-03 10:00:00,97.96,97.97,,20251200,20260300,20250900
2025-12-03 11:00:00,97.96,97.97,,20251200,20260300,20250900
2025-12-03 12:00:00,97.96,97.975,,20251200,20260300,20250900
2025-12-03 13:00:00,97.96,97.975,,20251200,20260300,20250900
2025-12-03 14:00:00,97.96,97.975,,20251200,20260300,20250900
2025-12-03 15:00:00,,97.97,,20251200,20260300,20250900
2025-12-04 06:00:00,97.955,97.97,,20251200,20260300,20250900
2025-12-04 07:00:00,,97.97,,20251200,20260300,20250900
2025-12-04 10:00:00,97.955,,,20251200,20260300,20250900
2025-12-04 11:00:00,97.955,,,20251200,20260300,20250900
2025-12-04 13:00:00,97.955,97.965,,20251200,20260300,20250900
2025-12-04 14:00:00,97.955,97.97,,20251200,20260300,20250900
2025-12-04 15:00:00,97.955,,,20251200,20260300,20250900
2025-12-04 16:00:00,97.955,97.965,,20251200,20260300,20250900
2025-12-04 17:00:00,97.955,97.965,,20251200,20260300,20250900
2025-12-04 20:00:00,97.955,97.965,,20251200,20260300,20250900
2025-12-05 06:00:00,97.95,97.96,,20251200,20260300,20250900
2025-12-05 07:00:00,97.955,97.97,,20251200,20260300,20250900
2025-12-05 09:00:00,97.955,97.965,,20251200,20260300,20250900
2025-12-05 10:00:00,97.95,97.965,,20251200,20260300,20250900
2025-12-05 11:00:00,97.945,97.96,,20251200,20260300,20250900
2025-12-05 12:00:00,,97.96,,20251200,20260300,20250900
2025-12-05 14:00:00,97.945,97.96,,20251200,20260300,20250900
2025-12-05 15:00:00,,97.96,,20251200,20260300,20250900
2025-12-05 16:00:00,97.945,,,20251200,20260300,20250900
2025-12-05 18:00:00,97.945,97.955,,20251200,20260300,20250900
2025-12-08 06:00:00,97.945,97.94,,20251200,20260300,20250900
2025-12-08 07:00:00,,97.945,,20251200,20260300,20250900
2025-12-08 08:00:00,97.94,97.945,,20251200,20260300,20250900
2025-12-08 09:00:00,97.94,97.945,,20251200,20260300,20250900
2025-12-08 10:00:00,,97.95,,20251200,20260300,20250900
2025-12-08 11:00:00,97.945,97.945,,20251200,20260300,20250900
2025-12-08 12:00:00,97.94,97.945,,20251200,20260300,20250900
2025-12-08 13:00:00,97.945,97.945,,20251200,20260300,20250900
2025-12-08 14:00:00,97.945,97.945,,20251200,20260300,20250900
2025-12-08 15:00:00,97.94,97.94,,20251200,20260300,20250900
2025-12-08 16:00:00,97.945,97.94,,20251200,20260300,20250900
2025-12-08 17:00:00,97.945,97.94,,20251200,20260300,20250900
2025-12-08 18:00:00,,97.945,,20251200,20260300,20250900
2025-12-09 06:00:00,97.945,97.95,,20251200,20260300,20250900
2025-12-09 07:00:00,97.945,97.945,,20251200,20260300,20250900
2025-12-09 08:00:00,97.94,97.94,,20251200,20260300,20250900
2025-12-09 09:00:00,97.95,97.955,,20251200,20260300,20250900
2025-12-09 10:00:00,97.94,97.95,,20251200,20260300,20250900
2025-12-09 11:00:00,97.945,97.95,,20251200,20260300,20250900
2025-12-09 12:00:00,97.94,97.945,,20251200,20260300,20250900
2025-12-09 13:00:00,97.945,97.95,,20251200,20260300,20250900
2025-12-09 15:00:00,97.94,97.945,,20251200,20260300,20250900
2025-12-09 16:00:00,97.94,,,20251200,20260300,20250900
2025-12-09 17:00:00,97.94,97.95,,20251200,20260300,20250900
2025-12-09 18:00:00,,97.945,,20251200,20260300,20250900
2025-12-10 06:00:00,97.94,97.945,,20251200,20260300,20250900
2025-12-10 07:00:00,,97.94,,20251200,20260300,20250900
2025-12-10 08:00:00,97.935,97.935,,20251200,20260300,20250900
2025-12-10 09:00:00,97.93,97.935,,20251200,20260300,20250900
2025-12-10 10:00:00,97.935,97.94,,20251200,20260300,20250900
2025-12-10 11:00:00,,97.945,,20251200,20260300,20250900
2025-12-10 12:00:00,,97.94,,20251200,20260300,20250900
2025-12-10 14:00:00,97.94,97.945,,20251200,20260300,20250900
2025-12-10 15:00:00,97.94,97.945,,20251200,20260300,20250900
2025-12-10 16:00:00,97.94,97.945,,20251200,20260300,20250900
2025-12-10 17:00:00,,97.945,,20251200,20260300,20250900
2025-12-10 18:00:00,97.94,97.94,,20251200,20260300,20250900
2025-12-10 20:00:00,,97.945,,20251200,20260300,20250900
2025-12-11 06:00:00,97.925,97.945,,20251200,20260300,20250900
2025-12-11 07:00:00,97.94,97.945,,20251200,20260300,20250900
2025-12-11 08:00:00,,97.945,,20251200,20260300,20250900
2025-12-11 09:00:00,,97.95,,20251200,20260300,20250900
2025-12-11 10:00:00,97.925,97.945,,20251200,20260300,20250900
2025-12-11 11:00:00,,97.95,,20251200,20260300,20250900
2025-12-11 13:00:00,97.925,97.945,,20251200,20260300,20250900
2025-12-11 14:00:00,,97.945,,20251200,20260300,20250900
2025-12-11 15:00:00,97.925,97.945,,20251200,20260300,20250900
2025-12-11 16:00:00,97.925,97.94,,20251200,20260300,20250900
2025-12-11 17:00:00,,97.945,,20251200,20260300,20250900
2025-12-12 06:00:00,97.93,97.945,,20251200,20260300,20250900
2025-12-12 07:00:00,97.925,,,20251200,20260300,20250900
2025-12-12 08:00:00,97.925,97.94,,20251200,20260300,20250900
2025-12-12 09:00:00,97.925,97.945,,20251200,20260300,20250900
2025-12-12 10:00:00,97.93,97.945,,20251200,20260300,20250900
2025-12-12 12:00:00,97.93,97.94,,20251200,20260300,20250900
2025-12-12 13:00:00,,97.94,,20251200,20260300,20250900
2025-12-12 15:00:00,97.925,97.935,,20251200,20260300,20250900
2025-12-12 16:00:00,,97.94,,20251200,20260300,20250900
2025-12-12 17:00:00,,97.94,,20251200,20260300,20250900
2025-12-12 19:00:00,97.93,,,20251200,20260300,20250900
2025-12-15 06:00:00,97.928,97.94,,20251200,20260300,20250900
2025-12-15 07:00:00,97.925,97.94,,20251200,20260300,20250900
2025-12-15 08:00:00,97.93,97.94,,20251200,20260300,20250900
2025-12-15 09:00:00,97.93,,,20251200,20260300,20250900
2025-12-15 10:00:00,,97.94,,20251200,20260300,20250900
2025-12-15 11:00:00,,97.94,,20251200,20260300,20250900
2025-12-15 12:00:00,,97.94,,20251200,20260300,20250900
2025-12-15 14:00:00,,97.94,,20251200,20260300,20250900
2025-12-15 15:00:00,,97.94,,20251200,20260300,20250900
2025-12-15 16:00:00,,97.94,,20251200,20260300,20250900
2025-12-16 06:00:00,,97.945,,20251200,20260300,20250900
2025-12-16 08:00:00,,97.945,,20251200,20260300,20250900
2025-12-16 11:00:00,,97.945,,20251200,20260300,20250900
2025-12-16 12:00:00,,97.94,,20251200,20260300,20250900
2025-12-16 13:00:00,,97.945,,20251200,20260300,20250900
2025-12-16 15:00:00,,97.945,,20251200,20260300,20250900
2025-12-16 16:00:00,,97.945,,20251200,20260300,20250900
2025-12-17 06:00:00,,97.95,,20251200,20260300,20250900
2025-12-17 08:00:00,,97.945,,20251200,20260300,20250900
2025-12-17 10:00:00,,97.95,,20251200,20260300,20250900
2025-12-17 11:00:00,,97.95,,20251200,20260300,20250900
2025-12-17 13:00:00,,97.945,,20251200,20260300,20250900
2025-12-17 14:00:00,,97.95,,20251200,20260300,20250900
2025-12-17 15:00:00,,97.945,,20251200,20260300,20250900
2025-12-17 16:00:00,,97.945,,20251200,20260300,20250900
2025-12-17 17:00:00,,97.945,,20251200,20260300,20250900
2025-12-18 06:00:00,,97.945,,20251200,20260300,20250900
2025-12-18 09:00:00,,97.945,,20251200,20260300,20250900
2025-12-18 11:00:00,,97.95,,20251200,20260300,20250900
2025-12-18 12:00:00,,97.945,,20251200,20260300,20250900
2025-12-18 13:00:00,,97.935,,20251200,20260300,20250900
2025-12-18 14:00:00,,97.94,,20251200,20260300,20250900
2025-12-18 15:00:00,,97.94,,20251200,20260300,20250900
2025-12-19 06:00:00,,97.945,,20251200,20260300,20250900
2025-12-19 07:00:00,,97.94,,20251200,20260300,20250900
2025-12-19 08:00:00,,97.945,,20251200,20260300,20250900
2025-12-19 09:00:00,,97.945,,20251200,20260300,20250900
2025-12-19 10:00:00,,97.94,,20251200,20260300,20250900
2025-12-19 13:00:00,,97.94,,20251200,20260300,20250900
2025-12-19 14:00:00,,97.945,,20251200,20260300,20250900
2025-12-19 15:00:00,,97.945,,20251200,20260300,20250900
2025-12-19 16:00:00,,97.94,,20251200,20260300,20250900
2025-12-22 06:00:00,,97.945,,20251200,20260300,20250900
2025-12-22 08:00:00,,97.94,,20251200,20260300,20250900
2025-12-22 09:00:00,,97.94,,20251200,20260300,20250900
2025-12-22 10:00:00,,97.945,,20251200,20260300,20250900
2025-12-22 14:00:00,,97.94,,20251200,20260300,20250900
2025-12-22 16:00:00,,97.945,,20251200,20260300,20250900
2025-12-23 06:00:00,,97.95,,20251200,20260300,20250900
2025-12-23 08:00:00,,97.945,,20251200,20260300,20250900
2025-12-23 09:00:00,,97.945,,20251200,20260300,20250900
2025-12-23 10:00:00,,97.95,,20251200,20260300,20250900
2025-12-23 12:00:00,,97.945,,20251200,20260300,20250900
2025-12-23 13:00:00,,97.945,,20251200,20260300,20250900
2025-12-23 16:00:00,,97.95,,20251200,20260300,20250900
2025-12-23 17:00:00,,97.945,,20251200,20260300,20250900
2025-12-29 06:00:00,,97.945,,20251200,20260300,20250900
2025-12-29 08:00:00,,97.955,,20251200,20260300,20250900
2025-12-29 10:00:00,,97.96,,20251200,20260300,20250900
2025-12-29 13:00:00,,97.96,,20251200,20260300,20250900
2025-12-29 14:00:00,,97.96,,20251200,20260300,20250900
2025-12-29 15:00:00,,97.96,,20251200,20260300,20250900
2025-12-29 16:00:00,,97.965,,20251200,20260300,20250900
2025-12-29 17:00:00,,97.965,,20251200,20260300,20250900
2025-12-30 06:00:00,,97.965,,20251200,20260300,20250900
2025-12-30 08:00:00,,97.965,,20251200,20260300,20250900
2025-12-30 10:00:00,,97.965,,20251200,20260300,20250900
2025-12-30 11:00:00,,97.965,,20251200,20260300,20250900
2025-12-30 12:00:00,,97.965,,20251200,20260300,20250900
2025-12-30 17:00:00,,97.965,,20251200,20260300,20250900
2026-01-02 06:00:00,,97.955,,20251200,20260300,20250900
2026-01-02 07:00:00,,97.955,,20251200,20260300,20250900
2026-01-02 08:00:00,,97.955,,20251200,20260300,20250900
2026-01-02 09:00:00,,97.96,,20251200,20260300,20250900
2026-01-02 10:00:00,,97.96,,20251200,20260300,20250900
2026-01-02 14:00:00,,97.96,,20251200,20260300,20250900
2026-01-02 15:00:00,,97.955,,20251200,20260300,20250900
2026-01-02 18:00:00,,97.955,,20251200,20260300,20250900
2026-01-05 06:00:00,,97.955,,20251200,20260300,20250900
2026-01-05 07:00:00,,97.955,,20251200,20260300,20250900
2026-01-05 08:00:00,,97.955,,20251200,20260300,20250900
2026-01-05 09:00:00,,97.955,,20251200,20260300,20250900
2026-01-05 11:00:00,,97.955,,20251200,20260300,20250900
2026-01-05 14:00:00,,97.955,,20251200,20260300,20250900
2026-01-05 15:00:00,,97.955,,20251200,20260300,20250900
2026-01-05 17:00:00,,97.955,,20251200,20260300,20250900
2026-01-06 06:00:00,,97.96,,20251200,20260300,20250900
2026-01-06 08:00:00,,97.955,,20251200,20260300,20250900
2026-01-06 09:00:00,,97.955,,20251200,20260300,20250900
2026-01-06 10:00:00,,97.96,,20251200,20260300,20250900
2026-01-06 12:00:00,,97.96,,20251200,20260300,20250900
2026-01-06 13:00:00,,97.96,,20251200,20260300,20250900
2026-01-06 14:00:00,,97.96,,20251200,20260300,20250900
2026-01-06 15:00:00,,97.96,,20251200,20260300,20250900
2026-01-07 06:00:00,,97.965,,20251200,20260300,20250900
2026-01-07 07:00:00,,97.96,,20251200,20260300,20250900
2026-01-07 08:00:00,,97.96,,20251200,20260300,20250900
2026-01-07 10:00:00,,97.965,,20251200,20260300,20250900
2026-01-07 11:00:00,,97.96,,20251200,20260300,20250900
2026-01-07 12:00:00,,97.96,,20251200,20260300,20250900
2026-01-07 16:00:00,,97.96,,20251200,20260300,20250900
2026-01-08 06:00:00,,97.955,,20251200,20260300,20250900
2026-01-08 07:00:00,,97.96,,20251200,20260300,20250900
2026-01-08 08:00:00,,97.96,,20251200,20260300,20250900
2026-01-08 09:00:00,,97.955,,20251200,20260300,20250900
2026-01-08 10:00:00,,97.955,,20251200,20260300,20250900
2026-01-08 11:00:00,,97.955,,20251200,20260300,20250900
2026-01-08 12:00:00,,97.955,,20251200,20260300,20250900
2026-01-08 16:00:00,,97.955,,20251200,20260300,20250900
2026-01-09 06:00:00,,97.955,,20251200,20260300,20250900
2026-01-09 07:00:00,,97.955,,20251200,20260300,20250900
2026-01-09 09:00:00,,97.95,,20251200,20260300,20250900
2026-01-09 10:00:00,,97.955,,20251200,20260300,20250900
2026-01-09 11:00:00,,97.95,,20251200,20260300,20250900
2026-01-09 13:00:00,,97.955,,20251200,20260300,20250900
2026-01-09 17:00:00,,97.95,,20251200,20260300,20250900
2026-01-12 06:00:00,,97.955,,20251200,20260300,20250900
2026-01-12 08:00:00,,97.95,,20251200,20260300,20250900
2026-01-12 09:00:00,,97.95,,20251200,20260300,20250900
2026-01-12 11:00:00,,97.955,,20251200,20260300,20250900
2026-01-12 14:00:00,,97.95,,20251200,20260300,20250900
2026-01-13 06:00:00,,97.95,,20251200,20260300,20250900
2026-01-13 07:00:00,,97.95,,20251200,20260300,20250900
2026-01-13 09:00:00,,97.95,,20251200,20260300,20250900
2026-01-13 10:00:00,,97.95,,20251200,20260300,20250900
2026-01-13 11:00:00,,97.95,,20251200,20260300,20250900
2026-01-13 12:00:00,,97.95,,20251200,20260300,20250900
2026-01-13 13:00:00,,97.955,,20251200,20260300,20250900
2026-01-13 15:00:00,,97.95,,20251200,20260300,20250900
2026-01-13 16:00:00,,97.955,,20251200,20260300,20250900
2026-01-14 06:00:00,,97.955,,20251200,20260300,20250900
2026-01-14 07:00:00,,97.955,,20251200,20260300,20250900
2026-01-14 08:00:00,,97.955,,20251200,20260300,20250900
2026-01-14 09:00:00,,97.955,,20251200,20260300,20250900
2026-01-14 10:00:00,,97.955,,20251200,20260300,20250900
2026-01-14 11:00:00,,97.95,,20251200,20260300,20250900
2026-01-14 12:00:00,,97.955,,20251200,20260300,20250900
2026-01-14 16:00:00,,97.955,,20251200,20260300,20250900
2026-01-15 06:00:00,,97.95,,20251200,20260300,20250900
2026-01-15 08:00:00,,97.955,,20251200,20260300,20250900
2026-01-15 09:00:00,,97.955,,20251200,20260300,20250900
2026-01-15 10:00:00,,97.955,,20251200,20260300,20250900
2026-01-15 11:00:00,,97.95,,20251200,20260300,20250900
2026-01-15 12:00:00,,97.95,,20251200,20260300,20250900
2026-01-15 13:00:00,,97.95,,20251200,20260300,20250900
2026-01-15 14:00:00,,97.95,,20251200,20260300,20250900
2026-01-15 15:00:00,,97.95,,20251200,20260300,20250900
2026-01-16 06:00:00,,97.945,,20251200,20260300,20250900
2026-01-16 09:00:00,,97.945,,20251200,20260300,20250900
2026-01-16 10:00:00,,97.95,,20251200,20260300,20250900
2026-01-16 12:00:00,,97.95,,20251200,20260300,20250900
2026-01-16 13:00:00,,97.95,,20251200,20260300,20250900
2026-01-16 17:00:00,,97.95,,20251200,20260300,20250900
2026-01-19 06:00:00,,97.955,,20251200,20260300,20250900
2026-01-19 07:00:00,,97.95,,20251200,20260300,20250900
2026-01-19 08:00:00,,97.95,,20251200,20260300,20250900
2026-01-19 09:00:00,,97.95,,20251200,20260300,20250900
2026-01-19 10:00:00,,97.95,,20251200,20260300,20250900
2026-01-19 11:00:00,,97.955,,20251200,20260300,20250900
2026-01-19 13:00:00,,97.955,,20251200,20260300,20250900
2026-01-19 16:00:00,,97.95,,20251200,20260300,20250900
2026-01-20 06:00:00,,97.955,,20251200,20260300,20250900
2026-01-20 07:00:00,,97.95,,20251200,20260300,20250900
2026-01-20 08:00:00,,97.945,,20251200,20260300,20250900
2026-01-20 10:00:00,,97.95,,20251200,20260300,20250900
2026-01-20 11:00:00,,97.95,,20251200,20260300,20250900
2026-01-20 12:00:00,,97.95,,20251200,20260300,20250900
2026-01-20 13:00:00,,97.95,,20251200,20260300,20250900
2026-01-20 16:00:00,,97.95,,20251200,20260300,20250900
2026-01-21 06:00:00,,97.955,,20251200,20260300,20250900
2026-01-21 09:00:00,,97.955,,20251200,20260300,20250900
2026-01-21 10:00:00,,97.955,,20251200,20260300,20250900
2026-01-21 11:00:00,,97.955,,20251200,20260300,20250900
2026-01-21 15:00:00,,97.95,,20251200,20260300,20250900
2026-01-21 17:00:00,,97.95,,20251200,20260300,20250900
2026-01-21 19:00:00,,97.95,,20251200,20260300,20250900
2026-01-22 06:00:00,,97.95,,20251200,20260300,20250900
2026-01-22 07:00:00,,97.95,,20251200,20260300,20250900
2026-01-22 09:00:00,,97.95,,20251200,20260300,20250900
2026-01-22 12:00:00,,97.95,,20251200,20260300,20250900
2026-01-22 14:00:00,,97.945,,20251200,20260300,20250900
2026-01-22 18:00:00,,97.945,,20251200,20260300,20250900
2026-01-22 20:00:00,,97.945,,20251200,20260300,20250900
2026-01-23 06:00:00,,97.945,,20251200,20260300,20250900
2026-01-23 07:00:00,,97.945,,20251200,20260300,20250900
2026-01-23 08:00:00,,97.945,,20251200,20260300,20250900
2026-01-23 10:00:00,,97.945,,20251200,20260300,20250900
2026-01-23 11:00:00,,97.945,,20251200,20260300,20250900
2026-01-23 12:00:00,,97.945,,20251200,20260300,20250900
2026-01-23 15:00:00,,97.945,,20251200,20260300,20250900
2026-01-23 20:00:00,,97.945,,20251200,20260300,20250900
2026-01-26 06:00:00,,97.95,,20251200,20260300,20250900
2026-01-26 09:00:00,,97.945,,20251200,20260300,20250900
2026-01-26 11:00:00,,97.945,,20251200,20260300,20250900
2026-01-26 15:00:00,,97.945,,20251200,20260300,20250900
2026-01-27 06:00:00,,97.95,,20251200,20260300,20250900
2026-01-27 09:00:00,,97.95,,20251200,20260300,20250900
2026-01-27 11:00:00,,97.945,,20251200,20260300,20250900
2026-01-27 12:00:00,,97.95,,20251200,20260300,20250900
2026-01-27 14:00:00,,97.95,,20251200,20260300,20250900
2026-01-27 16:00:00,,97.95,,20251200,20260300,20250900
2026-01-28 06:00:00,,97.96,,20251200,20260300,20250900
2026-01-28 07:00:00,,97.955,,20251200,20260300,20250900
2026-01-28 08:00:00,,97.955,,20251200,20260300,20250900
2026-01-28 10:00:00,,97.955,,20251200,20260300,20250900
2026-01-28 13:00:00,,97.955,,20251200,20260300,20250900
2026-01-28 15:00:00,,97.955,,20251200,20260300,20250900
2026-01-28 16:00:00,,97.95,,20251200,20260300,20250900
2026-01-28 17:00:00,,97.95,,20251200,20260300,20250900
2026-01-28 19:00:00,,97.955,,20251200,20260300,20250900
2026-01-29 06:00:00,,97.96,,20251200,20260300,20250900
2026-01-29 09:00:00,,97.955,,20251200,20260300,20250900
2026-01-29 10:00:00,,97.955,,20251200,20260300,20250900
2026-01-29 11:00:00,,97.955,,20251200,20260300,20250900
2026-01-29 15:00:00,,97.96,,20251200,20260300,20250900
2026-01-29 16:00:00,,97.96,,20251200,20260300,20250900
2026-01-30 06:00:00,,97.955,,20251200,20260300,20250900
2026-01-30 07:00:00,,97.955,,20251200,20260300,20250900
2026-01-30 08:00:00,,97.955,,20251200,20260300,20250900
2026-01-30 15:00:00,,97.955,,20251200,20260300,20250900
2026-01-30 16:00:00,,97.955,,20251200,20260300,20250900
2026-01-30 17:00:00,,97.955,,20251200,20260300,20250900
2026-02-02 06:00:00,,97.955,,20251200,20260300,20250900
2026-02-02 07:00:00,,97.96,,20251200,20260300,20250900
2026-02-02 08:00:00,,97.955,,20251200,20260300,20250900
2026-02-02 10:00:00,,97.955,,20251200,20260300,20250900
2026-02-02 11:00:00,,97.96,,20251200,20260300,20250900
2026-02-02 12:00:00,,97.96,,20251200,20260300,20250900
2026-02-02 14:00:00,,97.955,,20251200,20260300,20250900
2026-02-03 06:00:00,,97.955,,20251200,20260300,20250900
2026-02-03 07:00:00,,97.955,,20251200,20260300,20250900
2026-02-03 09:00:00,,97.955,,20251200,20260300,20250900
2026-02-03 13:00:00,,97.955,,20251200,20260300,20250900
2026-02-03 14:00:00,,97.95,,20251200,20260300,20250900
2026-02-03 15:00:00,,97.955,,20251200,20260300,20250900
2026-02-03 16:00:00,,97.955,,20251200,20260300,20250900
2026-02-03 17:00:00,,97.955,,20251200,20260300,20250900
2026-02-04 06:00:00,,97.955,,20251200,20260300,20250900
2026-02-04 07:00:00,,97.955,,20251200,20260300,20250900
2026-02-04 08:00:00,,97.95,,20251200,20260300,20250900
2026-02-04 10:00:00,,97.95,,20251200,20260300,20250900
2026-02-04 13:00:00,,97.95,,20251200,20260300,20250900
2026-02-04 14:00:00,,97.95,,20251200,20260300,20250900
2026-02-04 15:00:00,,97.95,,20251200,20260300,20250900
2026-02-05 06:00:00,,97.95,,20251200,20260300,20250900
2026-02-05 07:00:00,,97.95,,20251200,20260300,20250900
2026-02-05 08:00:00,,97.945,,20251200,20260300,20250900
2026-02-05 10:00:00,,97.95,,20251200,20260300,20250900
2026-02-05 12:00:00,,97.955,,20251200,20260300,20250900
2026-02-05 14:00:00,,97.95,,20251200,20260300,20250900
2026-02-06 06:00:00,,97.96,,20251200,20260300,20250900
2026-02-06 07:00:00,,97.955,,20251200,20260300,20250900
2026-02-06 08:00:00,,97.955,,20251200,20260300,20250900
2026-02-06 11:00:00,,97.96,,20251200,20260300,20250900
2026-02-06 13:00:00,,97.96,,20251200,20260300,20250900
2026-02-06 16:00:00,,97.955,,20251200,20260300,20250900
2026-02-09 06:00:00,,97.96,,20251200,20260300,20250900
2026-02-09 10:00:00,,97.96,,20251200,20260300,20250900
2026-02-09 20:00:00,,97.96,,20251200,20260300,20250900
2026-02-10 06:00:00,,97.965,,20251200,20260300,20250900
2026-02-10 07:00:00,,97.96,,20251200,20260300,20250900
2026-02-10 12:00:00,,97.96,,20251200,20260300,20250900
2026-02-11 06:00:00,,97.96,,20251200,20260300,20250900
2026-02-11 07:00:00,,97.96,,20251200,20260300,20250900
2026-02-11 08:00:00,,97.96,,20251200,20260300,20250900
2026-02-11 09:00:00,,97.96,,20251200,20260300,20250900
2026-02-11 10:00:00,,97.96,,20251200,20260300,20250900
2026-02-11 13:00:00,,97.955,,20251200,20260300,20250900
2026-02-11 14:00:00,,97.96,,20251200,20260300,20250900
2026-02-12 06:00:00,,97.96,,20251200,20260300,20250900
2026-02-12 10:00:00,,97.955,,20251200,20260300,20250900
2026-02-12 11:00:00,,97.955,,20251200,20260300,20250900
2026-02-12 12:00:00,,97.955,,20251200,20260300,20250900
2026-02-12 13:00:00,,97.96,,20251200,20260300,20250900
2026-02-12 14:00:00,,97.955,,20251200,20260300,20250900
2026-02-12 15:00:00,,97.96,,20251200,20260300,20250900
2026-02-12 16:00:00,,97.96,,20251200,20260300,20250900
2026-02-12 20:00:00,,97.96,,20251200,20260300,20250900
2026-02-13 06:00:00,,97.96,,20251200,20260300,20250900
2026-02-13 07:00:00,,97.96,,20251200,20260300,20250900
2026-02-13 09:00:00,,97.96,,20251200,20260300,20250900
2026-02-13 11:00:00,,97.96,,20251200,20260300,20250900
2026-02-13 12:00:00,,97.96,,20251200,20260300,20250900
2026-02-13 15:00:00,,97.96,,20251200,20260300,20250900
2026-02-13 16:00:00,,97.96,,20251200,20260300,20250900
2026-02-13 17:00:00,,97.96,,20251200,20260300,20250900
2026-02-16 06:00:00,,97.96,,20251200,20260300,20250900
2026-02-16 07:00:00,,97.96,,20251200,20260300,20250900
2026-02-16 11:00:00,,97.96,,20251200,20260300,20250900
2026-02-16 15:00:00,,97.96,,20251200,20260300,20250900
2026-02-17 06:00:00,,97.96,,20251200,20260300,20250900
2026-02-17 07:00:00,,97.965,,20251200,20260300,20250900
2026-02-17 08:00:00,,97.96,,20251200,20260300,20250900
2026-02-17 09:00:00,,97.96,,20251200,20260300,20250900
2026-02-17 10:00:00,,97.96,,20251200,20260300,20250900
2026-02-17 13:00:00,,97.96,,20251200,20260300,20250900
2026-02-17 15:00:00,,97.96,,20251200,20260300,20250900
2026-02-18 06:00:00,,97.96,,20251200,20260300,20250900
2026-02-18 08:00:00,,97.955,,20251200,20260300,20250900
2026-02-18 09:00:00,,97.955,,20251200,20260300,20250900
2026-02-18 13:00:00,,97.955,,20251200,20260300,20250900
2026-02-18 16:00:00,,97.955,,20251200,20260300,20250900
2026-02-19 06:00:00,,97.955,,20251200,20260300,20250900
2026-02-19 10:00:00,,97.955,,20251200,20260300,20250900
2026-02-19 15:00:00,,97.955,,20251200,20260300,20250900
