DATETIME,PRICE,FORWARD,CARRY,PRICE_CONTRACT,FORWARD_CONTRACT,CARRY_CONTRACT
1993-11-22 06:00:00,114.09,,,19940300,19940600,19940600
1993-11-24 06:00:00,113.88,,,19940300,19940600,19940600
1993-11-25 06:00:00,114.58,,,19940300,19940600,19940600
1993-11-26 06:00:00,114.87,,,19940300,19940600,19940600
1993-11-29 06:00:00,115.32,,,19940300,19940600,19940600
1993-11-30 06:00:00,115.76,,,19940300,19940600,19940600
1993-12-01 06:00:00,115.61,,,19940300,19940600,19940600
1993-12-02 06:00:00,115.9,,,19940300,19940600,19940600
1993-12-03 06:00:00,116.09,,,19940300,19940600,19940600
1993-12-06 06:00:00,116.53,,,19940300,19940600,19940600
1993-12-07 06:00:00,116.42,,,19940300,19940600,19940600
1993-12-08 06:00:00,116.43,,,19940300,19940600,19940600
1993-12-09 06:00:00,116.62,,,19940300,19940600,19940600
1993-12-10 06:00:00,116.8,,,19940300,19940600,19940600
1993-12-13 06:00:00,116.79,,,19940300,19940600,19940600
1993-12-14 06:00:00,116.61,,,19940300,19940600,19940600
1993-12-15 06:00:00,116.3,,,19940300,19940600,19940600
1993-12-16 06:00:00,116.3,,,19940300,19940600,19940600
1993-12-17 06:00:00,116.13,,,19940300,19940600,19940600
1993-12-20 06:00:00,116.97,,,19940300,19940600,19940600
1993-12-21 06:00:00,117.3,,,19940300,19940600,19940600
1993-12-22 06:00:00,117.21,,,19940300,19940600,19940600
1993-12-24 06:00:00,117.69,,,19940300,19940600,19940600
1993-12-27 06:00:00,117.85,,,19940300,19940600,19940600
1993-12-28 06:00:00,117.56,,,19940300,19940600,19940600
1993-12-29 06:00:00,117.68,,,19940300,19940600,19940600
1993-12-30 06:00:00,117.48,,,19940300,19940600,19940600
1994-01-04 06:00:00,116.98,,,19940300,19940600,19940600
1994-01-05 06:00:00,117.23,,,19940300,19940600,19940600
1994-01-06 06:00:00,117.73,,,19940300,19940600,19940600
1994-01-07 06:00:00,118.3,,,19940300,19940600,19940600
1994-01-10 06:00:00,118.17,,,19940300,19940600,19940600
1994-01-11 06:00:00,118.0,,,19940300,19940600,19940600
1994-01-12 06:00:00,117.61,,,19940300,19940600,19940600
1994-01-13 06:00:00,117.54,,,19940300,19940600,19940600
1994-01-14 06:00:00,116.71,,,19940300,19940600,19940600
1994-01-17 06:00:00,115.83,,,19940300,19940600,19940600
1994-01-18 06:00:00,114.91,,,19940300,19940600,19940600
1994-01-19 06:00:00,114.71,,,19940300,19940600,19940600
1994-01-20 06:00:00,115.63,,,19940300,19940600,19940600
1994-01-21 06:00:00,116.2,,,19940300,19940600,19940600
1994-01-24 06:00:00,115.8,,,19940300,19940600,19940600
1994-01-25 06:00:00,114.61,,,19940300,19940600,19940600
1994-01-26 06:00:00,113.94,,,19940300,19940600,19940600
1994-01-27 06:00:00,114.23,,,19940300,19940600,19940600
1994-01-28 06:00:00,113.94,,,19940300,19940600,19940600
1994-01-31 06:00:00,113.37,,,19940300,19940600,19940600
1994-02-01 06:00:00,114.39,,,19940300,19940600,19940600
1994-02-02 06:00:00,114.12,,,19940300,19940600,19940600
1994-02-03 06:00:00,113.9,,,19940300,19940600,19940600
1994-02-04 06:00:00,113.36,,,19940300,19940600,19940600
1994-02-07 06:00:00,113.74,,,19940300,19940600,19940600
1994-02-08 06:00:00,114.3,,,19940300,19940600,19940600
1994-02-09 06:00:00,114.7,,,19940300,19940600,19940600
1994-02-10 06:00:00,114.7,,,19940300,19940600,19940600
1994-02-14 06:00:00,115.31,114.1,114.1,19940300,19940600,19940600
1994-02-15 06:00:00,115.76,114.92,114.92,19940300,19940600,19940600
1994-02-16 06:00:00,115.13,114.21,114.21,19940300,19940600,19940600
1994-02-17 06:00:00,114.07,113.15,113.15,19940300,19940600,19940600
1994-02-18 06:00:00,114.0,113.08,113.08,19940300,19940600,19940600
1994-02-21 06:00:00,112.11,,,19940600,19940900,19940900
1994-02-22 06:00:00,112.76,,,19940600,19940900,19940900
1994-02-23 06:00:00,112.44,,,19940600,19940900,19940900
1994-02-24 06:00:00,111.95,,,19940600,19940900,19940900
1994-02-25 06:00:00,111.5,,,19940600,19940900,19940900
1994-02-28 06:00:00,111.3,,,19940600,19940900,19940900
1994-03-01 06:00:00,110.57,,,19940600,19940900,19940900
1994-03-02 06:00:00,110.48,,,19940600,19940900,19940900
1994-03-03 06:00:00,110.64,,,19940600,19940900,19940900
1994-03-04 06:00:00,110.25,,,19940600,19940900,19940900
1994-03-07 06:00:00,109.49,,,19940600,19940900,19940900
1994-03-08 06:00:00,110.22,,,19940600,19940900,19940900
1994-03-09 06:00:00,110.35,,,19940600,19940900,19940900
1994-03-10 06:00:00,110.74,,,19940600,19940900,19940900
1994-03-11 06:00:00,111.01,,,19940600,19940900,19940900
1994-03-14 06:00:00,110.95,,,19940600,19940900,19940900
1994-03-15 06:00:00,110.17,,,19940600,19940900,19940900
1994-03-16 06:00:00,110.45,,,19940600,19940900,19940900
1994-03-17 06:00:00,111.22,,,19940600,19940900,19940900
1994-03-18 06:00:00,110.65,,,19940600,19940900,19940900
1994-03-22 06:00:00,109.34,,,19940600,19940900,19940900
1994-03-23 06:00:00,110.33,,,19940600,19940900,19940900
1994-03-24 06:00:00,110.55,,,19940600,19940900,19940900
1994-03-25 06:00:00,110.69,,,19940600,19940900,19940900
1994-03-28 06:00:00,110.87,,,19940600,19940900,19940900
1994-03-29 06:00:00,111.74,,,19940600,19940900,19940900
1994-03-30 06:00:00,111.67,,,19940600,19940900,19940900
1994-03-31 06:00:00,112.5,,,19940600,19940900,19940900
1994-04-01 06:00:00,112.08,,,19940600,19940900,19940900
1994-04-04 05:00:00,112.39,,,19940600,19940900,19940900
1994-04-05 05:00:00,112.17,,,19940600,19940900,19940900
1994-04-06 05:00:00,111.55,,,19940600,19940900,19940900
1994-04-07 05:00:00,111.4,,,19940600,19940900,19940900
1994-04-08 05:00:00,111.4,,,19940600,19940900,19940900
1994-04-11 05:00:00,110.7,,,19940600,19940900,19940900
1994-04-12 05:00:00,111.29,,,19940600,19940900,19940900
1994-04-13 05:00:00,111.86,,,19940600,19940900,19940900
1994-04-14 05:00:00,112.0,,,19940600,19940900,19940900
1994-04-15 05:00:00,112.15,,,19940600,19940900,19940900
1994-04-18 05:00:00,112.38,,,19940600,19940900,19940900
1994-04-19 05:00:00,111.63,,,19940600,19940900,19940900
1994-04-20 05:00:00,111.85,,,19940600,19940900,19940900
1994-04-21 05:00:00,112.2,,,19940600,19940900,19940900
1994-04-22 05:00:00,112.39,,,19940600,19940900,19940900
1994-04-25 05:00:00,112.2,,,19940600,19940900,19940900
1994-04-26 05:00:00,111.9,,,19940600,19940900,19940900
1994-04-27 05:00:00,112.37,,,19940600,19940900,19940900
1994-04-28 05:00:00,112.83,,,19940600,19940900,19940900
1994-05-02 05:00:00,113.12,,,19940600,19940900,19940900
1994-05-06 05:00:00,112.45,,,19940600,19940900,19940900
1994-05-09 05:00:00,112.76,,,19940600,19940900,19940900
1994-05-10 05:00:00,112.75,,,19940600,19940900,19940900
1994-05-11 05:00:00,112.94,,,19940600,19940900,19940900
1994-05-12 05:00:00,112.91,112.03,112.03,19940600,19940900,19940900
1994-05-13 05:00:00,113.3,112.39,112.39,19940600,19940900,19940900
1994-05-16 05:00:00,113.34,112.48,112.48,19940600,19940900,19940900
1994-05-17 05:00:00,113.4,112.53,112.53,19940600,19940900,19940900
1994-05-18 05:00:00,113.53,112.8,112.8,19940600,19940900,19940900
1994-05-19 05:00:00,113.57,112.84,112.84,19940600,19940900,19940900
1994-05-20 05:00:00,113.5,112.77,112.77,19940600,19940900,19940900
1994-05-23 05:00:00,112.5,,,19940900,19941200,19941200
1994-05-24 05:00:00,112.86,,,19940900,19941200,19941200
1994-05-26 05:00:00,113.39,,,19940900,19941200,19941200
1994-05-27 05:00:00,113.25,,,19940900,19941200,19941200
1994-05-30 05:00:00,112.99,,,19940900,19941200,19941200
1994-05-31 05:00:00,112.38,,,19940900,19941200,19941200
1994-06-01 05:00:00,111.25,,,19940900,19941200,19941200
1994-06-02 05:00:00,111.1,,,19940900,19941200,19941200
1994-06-03 05:00:00,109.93,,,19940900,19941200,19941200
1994-06-06 05:00:00,110.51,,,19940900,19941200,19941200
1994-06-07 05:00:00,109.49,,,19940900,19941200,19941200
1994-06-08 05:00:00,110.32,,,19940900,19941200,19941200
1994-06-09 05:00:00,110.01,,,19940900,19941200,19941200
1994-06-10 05:00:00,110.49,,,19940900,19941200,19941200
1994-06-13 05:00:00,109.86,,,19940900,19941200,19941200
1994-06-14 05:00:00,109.69,,,19940900,19941200,19941200
1994-06-15 05:00:00,110.14,,,19940900,19941200,19941200
1994-06-16 05:00:00,110.05,,,19940900,19941200,19941200
1994-06-17 05:00:00,108.7,,,19940900,19941200,19941200
1994-06-20 05:00:00,107.98,,,19940900,19941200,19941200
1994-06-21 05:00:00,107.83,,,19940900,19941200,19941200
1994-06-22 05:00:00,108.82,,,19940900,19941200,19941200
1994-06-23 05:00:00,109.33,,,19940900,19941200,19941200
1994-06-24 05:00:00,109.81,,,19940900,19941200,19941200
1994-06-27 05:00:00,109.84,,,19940900,19941200,19941200
1994-06-28 05:00:00,109.25,,,19940900,19941200,19941200
1994-06-29 05:00:00,109.57,,,19940900,19941200,19941200
1994-06-30 05:00:00,109.15,,,19940900,19941200,19941200
1994-07-01 05:00:00,109.62,,,19940900,19941200,19941200
1994-07-04 05:00:00,109.68,,,19940900,19941200,19941200
1994-07-05 05:00:00,108.8,,,19940900,19941200,19941200
1994-07-06 05:00:00,109.28,,,19940900,19941200,19941200
1994-07-07 05:00:00,109.19,,,19940900,19941200,19941200
1994-07-08 05:00:00,109.58,,,19940900,19941200,19941200
1994-07-11 05:00:00,109.1,,,19940900,19941200,19941200
1994-07-12 05:00:00,109.45,,,19940900,19941200,19941200
1994-07-13 05:00:00,109.21,,,19940900,19941200,19941200
1994-07-14 05:00:00,109.15,,,19940900,19941200,19941200
1994-07-15 05:00:00,109.85,,,19940900,19941200,19941200
1994-07-18 05:00:00,109.65,,,19940900,19941200,19941200
1994-07-19 05:00:00,109.92,,,19940900,19941200,19941200
1994-07-20 05:00:00,109.5,,,19940900,19941200,19941200
1994-07-21 05:00:00,109.6,,,19940900,19941200,19941200
1994-07-22 05:00:00,109.55,,,19940900,19941200,19941200
1994-07-25 05:00:00,109.58,,,19940900,19941200,19941200
1994-07-26 05:00:00,109.38,,,19940900,19941200,19941200
1994-07-27 05:00:00,109.3,,,19940900,19941200,19941200
1994-07-28 05:00:00,109.31,,,19940900,19941200,19941200
1994-07-29 05:00:00,109.02,,,19940900,19941200,19941200
1994-08-01 05:00:00,109.02,,,19940900,19941200,19941200
1994-08-02 05:00:00,108.71,,,19940900,19941200,19941200
1994-08-03 05:00:00,108.25,,,19940900,19941200,19941200
1994-08-04 05:00:00,108.06,,,19940900,19941200,19941200
1994-08-05 05:00:00,107.8,,,19940900,19941200,19941200
1994-08-08 05:00:00,107.71,,,19940900,19941200,19941200
1994-08-09 05:00:00,107.59,,,19940900,19941200,19941200
1994-08-10 05:00:00,107.48,,,19940900,19941200,19941200
1994-08-11 05:00:00,107.83,,,19940900,19941200,19941200
1994-08-12 05:00:00,107.7,106.9,106.9,19940900,19941200,19941200
1994-08-15 05:00:00,107.93,106.93,106.93,19940900,19941200,19941200
1994-08-16 05:00:00,107.88,106.72,106.72,19940900,19941200,19941200
1994-08-17 05:00:00,107.63,106.81,106.81,19940900,19941200,19941200
1994-08-18 05:00:00,107.93,107.17,107.17,19940900,19941200,19941200
1994-08-19 05:00:00,108.55,107.7,107.7,19940900,19941200,19941200
1994-08-22 05:00:00,107.39,,,19941200,19950300,19950300
1994-08-23 05:00:00,107.45,,,19941200,19950300,19950300
1994-08-24 05:00:00,107.26,,,19941200,19950300,19950300
1994-08-25 05:00:00,107.04,,,19941200,19950300,19950300
1994-08-26 05:00:00,107.04,,,19941200,19950300,19950300
1994-08-29 05:00:00,106.7,,,19941200,19950300,19950300
1994-08-30 05:00:00,106.48,,,19941200,19950300,19950300
1994-08-31 05:00:00,106.56,,,19941200,19950300,19950300
1994-09-01 05:00:00,107.05,,,19941200,19950300,19950300
1994-09-02 05:00:00,106.8,,,19941200,19950300,19950300
1994-09-05 05:00:00,106.98,,,19941200,19950300,19950300
1994-09-06 05:00:00,107.48,,,19941200,19950300,19950300
1994-09-07 05:00:00,108.02,,,19941200,19950300,19950300
1994-09-08 05:00:00,107.98,,,19941200,19950300,19950300
1994-09-09 05:00:00,108.36,,,19941200,19950300,19950300
1994-09-12 05:00:00,107.63,,,19941200,19950300,19950300
1994-09-13 05:00:00,107.77,,,19941200,19950300,19950300
1994-09-14 05:00:00,108.0,,,19941200,19950300,19950300
1994-09-16 05:00:00,107.91,,,19941200,19950300,19950300
1994-09-19 05:00:00,107.97,,,19941200,19950300,19950300
1994-09-20 05:00:00,108.19,,,19941200,19950300,19950300
1994-09-21 05:00:00,108.36,,,19941200,19950300,19950300
1994-09-22 05:00:00,108.45,,,19941200,19950300,19950300
1994-09-26 05:00:00,108.34,,,19941200,19950300,19950300
1994-09-27 05:00:00,108.61,,,19941200,19950300,19950300
1994-09-28 05:00:00,108.52,,,19941200,19950300,19950300
1994-09-29 05:00:00,108.16,,,19941200,19950300,19950300
1994-09-30 05:00:00,108.09,,,19941200,19950300,19950300
1994-10-03 05:00:00,107.61,,,19941200,19950300,19950300
1994-10-04 05:00:00,107.78,,,19941200,19950300,19950300
1994-10-05 05:00:00,107.29,,,19941200,19950300,19950300
1994-10-06 05:00:00,107.33,,,19941200,19950300,19950300
1994-10-07 05:00:00,106.8,,,19941200,19950300,19950300
1994-10-11 05:00:00,107.05,,,19941200,19950300,19950300
1994-10-12 05:00:00,106.96,,,19941200,19950300,19950300
1994-10-13 05:00:00,106.87,,,19941200,19950300,19950300
1994-10-14 05:00:00,107.59,,,19941200,19950300,19950300
1994-10-17 05:00:00,107.55,,,19941200,19950300,19950300
1994-10-18 05:00:00,107.23,,,19941200,19950300,19950300
1994-10-19 05:00:00,107.52,,,19941200,19950300,19950300
1994-10-20 05:00:00,107.33,,,19941200,19950300,19950300
1994-10-21 05:00:00,107.67,,,19941200,19950300,19950300
1994-10-24 05:00:00,107.29,,,19941200,19950300,19950300
1994-10-25 05:00:00,107.41,,,19941200,19950300,19950300
1994-10-26 05:00:00,107.47,,,19941200,19950300,19950300
1994-10-27 05:00:00,107.48,,,19941200,19950300,19950300
1994-10-28 05:00:00,107.62,,,19941200,19950300,19950300
1994-10-31 06:00:00,107.99,,,19941200,19950300,19950300
1994-11-01 06:00:00,108.08,,,19941200,19950300,19950300
1994-11-02 06:00:00,108.07,,,19941200,19950300,19950300
1994-11-04 06:00:00,107.77,,,19941200,19950300,19950300
1994-11-07 06:00:00,107.83,,,19941200,19950300,19950300
1994-11-08 06:00:00,107.66,,,19941200,19950300,19950300
1994-11-09 06:00:00,107.5,,,19941200,19950300,19950300
1994-11-10 06:00:00,107.57,,,19941200,19950300,19950300
1994-11-11 06:00:00,108.0,,,19941200,19950300,19950300
1994-11-14 06:00:00,107.7,106.99,106.99,19941200,19950300,19950300
1994-11-15 06:00:00,107.92,107.24,107.24,19941200,19950300,19950300
1994-11-16 06:00:00,107.79,107.11,107.11,19941200,19950300,19950300
1994-11-17 06:00:00,107.78,107.1,107.1,19941200,19950300,19950300
1994-11-18 06:00:00,107.8,107.1,107.1,19941200,19950300,19950300
1994-11-21 06:00:00,107.37,,,19950300,19950600,19950600
1994-11-22 06:00:00,107.7,,,19950300,19950600,19950600
1994-11-24 06:00:00,108.08,,,19950300,19950600,19950600
1994-11-25 06:00:00,107.6,,,19950300,19950600,19950600
1994-11-28 06:00:00,107.9,,,19950300,19950600,19950600
1994-11-29 06:00:00,107.8,,,19950300,19950600,19950600
1994-11-30 06:00:00,107.97,,,19950300,19950600,19950600
1994-12-01 06:00:00,108.16,,,19950300,19950600,19950600
1994-12-02 06:00:00,108.11,,,19950300,19950600,19950600
1994-12-05 06:00:00,107.88,,,19950300,19950600,19950600
1994-12-06 06:00:00,108.17,,,19950300,19950600,19950600
1994-12-07 06:00:00,108.27,,,19950300,19950600,19950600
1994-12-08 06:00:00,108.06,,,19950300,19950600,19950600
1994-12-09 06:00:00,108.58,,,19950300,19950600,19950600
1994-12-12 06:00:00,108.48,,,19950300,19950600,19950600
1994-12-13 06:00:00,108.68,,,19950300,19950600,19950600
1994-12-14 06:00:00,108.58,,,19950300,19950600,19950600
1994-12-15 06:00:00,108.46,,,19950300,19950600,19950600
1994-12-16 06:00:00,108.36,,,19950300,19950600,19950600
1994-12-19 06:00:00,108.27,,,19950300,19950600,19950600
1994-12-20 06:00:00,108.42,,,19950300,19950600,19950600
1994-12-21 06:00:00,108.75,,,19950300,19950600,19950600
1994-12-22 06:00:00,108.62,,,19950300,19950600,19950600
1994-12-26 06:00:00,108.59,,,19950300,19950600,19950600
1994-12-27 06:00:00,108.72,,,19950300,19950600,19950600
1994-12-28 06:00:00,108.66,,,19950300,19950600,19950600
1994-12-29 06:00:00,108.84,,,19950300,19950600,19950600
1994-12-30 06:00:00,108.52,,,19950300,19950600,19950600
1995-01-04 06:00:00,107.62,,,19950300,19950600,19950600
1995-01-05 06:00:00,107.71,,,19950300,19950600,19950600
1995-01-06 06:00:00,107.66,,,19950300,19950600,19950600
1995-01-09 06:00:00,107.81,,,19950300,19950600,19950600
1995-01-10 06:00:00,107.99,,,19950300,19950600,19950600
1995-01-11 06:00:00,108.38,,,19950300,19950600,19950600
1995-01-12 06:00:00,108.39,,,19950300,19950600,19950600
1995-01-13 06:00:00,108.41,,,19950300,19950600,19950600
1995-01-17 06:00:00,108.05,,,19950300,19950600,19950600
1995-01-18 06:00:00,108.18,,,19950300,19950600,19950600
1995-01-19 06:00:00,108.14,,,19950300,19950600,19950600
1995-01-20 06:00:00,108.08,,,19950300,19950600,19950600
1995-01-23 06:00:00,107.94,,,19950300,19950600,19950600
1995-01-24 06:00:00,108.21,,,19950300,19950600,19950600
1995-01-25 06:00:00,108.24,,,19950300,19950600,19950600
1995-01-26 06:00:00,108.42,,,19950300,19950600,19950600
1995-01-27 06:00:00,108.49,,,19950300,19950600,19950600
1995-01-30 06:00:00,108.54,,,19950300,19950600,19950600
1995-02-01 06:00:00,108.25,,,19950300,19950600,19950600
1995-02-02 06:00:00,108.14,,,19950300,19950600,19950600
1995-02-03 06:00:00,108.27,,,19950300,19950600,19950600
1995-02-06 06:00:00,108.55,,,19950300,19950600,19950600
1995-02-07 06:00:00,108.68,,,19950300,19950600,19950600
1995-02-08 06:00:00,108.61,,,19950300,19950600,19950600
1995-02-09 06:00:00,108.7,,,19950300,19950600,19950600
1995-02-10 06:00:00,108.56,,,19950300,19950600,19950600
1995-02-13 06:00:00,108.77,108.07,108.07,19950300,19950600,19950600
1995-02-14 06:00:00,108.79,108.09,108.09,19950300,19950600,19950600
1995-02-15 06:00:00,109.18,108.48,108.48,19950300,19950600,19950600
1995-02-16 06:00:00,109.17,108.46,108.46,19950300,19950600,19950600
1995-02-17 06:00:00,109.18,108.46,108.46,19950300,19950600,19950600
1995-02-20 06:00:00,109.16,108.43,108.43,19950300,19950600,19950600
1995-02-21 06:00:00,108.62,,,19950600,19950900,19950900
1995-02-22 06:00:00,108.71,,,19950600,19950900,19950900
1995-02-23 06:00:00,109.36,,,19950600,19950900,19950900
1995-02-24 06:00:00,109.16,,,19950600,19950900,19950900
1995-02-27 06:00:00,109.64,,,19950600,19950900,19950900
1995-02-28 06:00:00,109.46,,,19950600,19950900,19950900
1995-03-01 06:00:00,109.77,,,19950600,19950900,19950900
1995-03-02 06:00:00,109.79,,,19950600,19950900,19950900
1995-03-03 06:00:00,110.14,,,19950600,19950900,19950900
1995-03-06 06:00:00,110.6,,,19950600,19950900,19950900
1995-03-07 06:00:00,111.31,,,19950600,19950900,19950900
1995-03-08 06:00:00,110.78,,,19950600,19950900,19950900
1995-03-09 06:00:00,110.66,,,19950600,19950900,19950900
1995-03-10 06:00:00,111.22,,,19950600,19950900,19950900
1995-03-13 06:00:00,111.7,,,19950600,19950900,19950900
1995-03-14 06:00:00,111.24,,,19950600,19950900,19950900
1995-03-15 06:00:00,111.59,,,19950600,19950900,19950900
1995-03-16 06:00:00,112.13,,,19950600,19950900,19950900
1995-03-17 06:00:00,112.41,,,19950600,19950900,19950900
1995-03-20 06:00:00,112.18,,,19950600,19950900,19950900
1995-03-22 06:00:00,112.94,,,19950600,19950900,19950900
1995-03-23 06:00:00,113.45,,,19950600,19950900,19950900
1995-03-24 06:00:00,113.25,,,19950600,19950900,19950900
1995-03-27 06:00:00,112.67,,,19950600,19950900,19950900
1995-03-28 06:00:00,113.96,,,19950600,19950900,19950900
1995-03-29 06:00:00,114.15,,,19950600,19950900,19950900
1995-03-30 06:00:00,113.8,,,19950600,19950900,19950900
1995-03-31 06:00:00,114.91,,,19950600,19950900,19950900
1995-04-03 05:00:00,115.71,,,19950600,19950900,19950900
1995-04-04 05:00:00,115.53,,,19950600,19950900,19950900
1995-04-05 05:00:00,115.25,,,19950600,19950900,19950900
1995-04-06 05:00:00,115.5,,,19950600,19950900,19950900
1995-04-07 05:00:00,115.57,,,19950600,19950900,19950900
1995-04-10 05:00:00,114.79,,,19950600,19950900,19950900
1995-04-11 05:00:00,114.64,,,19950600,19950900,19950900
1995-04-12 05:00:00,114.32,,,19950600,19950900,19950900
1995-04-13 05:00:00,115.95,,,19950600,19950900,19950900
1995-04-14 05:00:00,116.8,,,19950600,19950900,19950900
1995-04-17 05:00:00,117.0,,,19950600,19950900,19950900
1995-04-18 05:00:00,117.5,,,19950600,19950900,19950900
1995-04-19 05:00:00,116.41,,,19950600,19950900,19950900
1995-04-20 05:00:00,116.53,,,19950600,19950900,19950900
1995-04-21 05:00:00,116.38,,,19950600,19950900,19950900
1995-04-24 05:00:00,116.61,,,19950600,19950900,19950900
1995-04-25 05:00:00,116.75,,,19950600,19950900,19950900
1995-04-26 05:00:00,116.77,,,19950600,19950900,19950900
1995-04-27 05:00:00,116.62,,,19950600,19950900,19950900
1995-04-28 05:00:00,116.18,,,19950600,19950900,19950900
1995-05-01 05:00:00,115.91,,,19950600,19950900,19950900
1995-05-02 05:00:00,116.41,,,19950600,19950900,19950900
1995-05-08 05:00:00,116.73,,,19950600,19950900,19950900
1995-05-09 05:00:00,117.35,,,19950600,19950900,19950900
1995-05-10 05:00:00,117.43,,,19950600,19950900,19950900
1995-05-11 05:00:00,117.55,,,19950600,19950900,19950900
1995-05-12 05:00:00,116.74,115.8,115.8,19950600,19950900,19950900
1995-05-15 05:00:00,117.1,116.18,116.18,19950600,19950900,19950900
1995-05-16 05:00:00,116.89,116.04,116.04,19950600,19950900,19950900
1995-05-17 05:00:00,117.35,116.37,116.37,19950600,19950900,19950900
1995-05-18 05:00:00,117.52,116.5,116.5,19950600,19950900,19950900
1995-05-19 05:00:00,118.3,117.44,117.44,19950600,19950900,19950900
1995-05-22 05:00:00,117.58,,,19950900,19951200,19951200
1995-05-23 05:00:00,117.81,,,19950900,19951200,19951200
1995-05-24 05:00:00,117.88,,,19950900,19951200,19951200
1995-05-25 05:00:00,118.94,,,19950900,19951200,19951200
1995-05-26 05:00:00,119.16,,,19950900,19951200,19951200
1995-05-29 05:00:00,118.6,,,19950900,19951200,19951200
1995-05-30 05:00:00,119.94,,,19950900,19951200,19951200
1995-05-31 05:00:00,120.4,,,19950900,19951200,19951200
1995-06-01 05:00:00,119.45,,,19950900,19951200,19951200
1995-06-02 05:00:00,118.77,,,19950900,19951200,19951200
1995-06-05 05:00:00,119.73,,,19950900,19951200,19951200
1995-06-06 05:00:00,120.23,,,19950900,19951200,19951200
1995-06-07 05:00:00,119.69,,,19950900,19951200,19951200
1995-06-08 05:00:00,119.01,,,19950900,19951200,19951200
1995-06-09 05:00:00,119.14,,,19950900,19951200,19951200
1995-06-12 05:00:00,118.94,,,19950900,19951200,19951200
1995-06-13 05:00:00,119.3,,,19950900,19951200,19951200
1995-06-14 05:00:00,118.92,,,19950900,19951200,19951200
1995-06-15 05:00:00,118.35,,,19950900,19951200,19951200
1995-06-16 05:00:00,118.75,,,19950900,19951200,19951200
1995-06-19 05:00:00,119.14,,,19950900,19951200,19951200
1995-06-20 05:00:00,119.47,,,19950900,19951200,19951200
1995-06-21 05:00:00,120.57,,,19950900,19951200,19951200
1995-06-22 05:00:00,121.0,,,19950900,19951200,19951200
1995-06-23 05:00:00,120.94,,,19950900,19951200,19951200
1995-06-26 05:00:00,121.23,,,19950900,19951200,19951200
1995-06-27 05:00:00,121.36,,,19950900,19951200,19951200
1995-06-28 05:00:00,120.55,,,19950900,19951200,19951200
1995-06-29 05:00:00,121.33,,,19950900,19951200,19951200
1995-06-30 05:00:00,120.73,,,19950900,19951200,19951200
1995-07-03 05:00:00,121.19,,,19950900,19951200,19951200
1995-07-04 05:00:00,121.56,,,19950900,19951200,19951200
1995-07-05 05:00:00,121.79,,,19950900,19951200,19951200
1995-07-06 05:00:00,121.43,,,19950900,19951200,19951200
1995-07-07 05:00:00,122.63,,,19950900,19951200,19951200
1995-07-10 05:00:00,121.58,,,19950900,19951200,19951200
1995-07-11 05:00:00,120.7,,,19950900,19951200,19951200
1995-07-12 05:00:00,120.76,,,19950900,19951200,19951200
1995-07-13 05:00:00,120.12,,,19950900,19951200,19951200
1995-07-14 05:00:00,119.8,,,19950900,19951200,19951200
1995-07-17 05:00:00,119.82,,,19950900,19951200,19951200
1995-07-18 05:00:00,119.68,,,19950900,19951200,19951200
1995-07-19 05:00:00,120.13,,,19950900,19951200,19951200
1995-07-20 05:00:00,120.35,,,19950900,19951200,19951200
1995-07-21 05:00:00,119.7,,,19950900,19951200,19951200
1995-07-24 05:00:00,119.8,,,19950900,19951200,19951200
1995-07-25 05:00:00,120.04,,,19950900,19951200,19951200
1995-07-26 05:00:00,120.32,,,19950900,19951200,19951200
1995-07-27 05:00:00,120.49,,,19950900,19951200,19951200
1995-07-28 05:00:00,119.94,,,19950900,19951200,19951200
1995-07-31 05:00:00,120.1,,,19950900,19951200,19951200
1995-08-01 05:00:00,119.93,,,19950900,19951200,19951200
1995-08-02 05:00:00,118.63,,,19950900,19951200,19951200
1995-08-03 05:00:00,118.7,,,19950900,19951200,19951200
1995-08-04 05:00:00,118.46,,,19950900,19951200,19951200
1995-08-07 05:00:00,119.09,,,19950900,19951200,19951200
1995-08-08 05:00:00,118.31,,,19950900,19951200,19951200
1995-08-09 05:00:00,118.58,,,19950900,19951200,19951200
1995-08-10 05:00:00,118.25,,,19950900,19951200,19951200
1995-08-11 05:00:00,118.08,,,19950900,19951200,19951200
1995-08-14 05:00:00,118.58,117.59,117.59,19950900,19951200,19951200
1995-08-15 05:00:00,117.8,116.72,116.72,19950900,19951200,19951200
1995-08-16 05:00:00,116.7,115.6,115.6,19950900,19951200,19951200
1995-08-17 05:00:00,116.8,115.73,115.73,19950900,19951200,19951200
1995-08-18 05:00:00,116.93,115.93,115.93,19950900,19951200,19951200
1995-08-21 05:00:00,116.42,,,19951200,19960300,19960300
1995-08-22 05:00:00,116.38,,,19951200,19960300,19960300
1995-08-23 05:00:00,116.75,,,19951200,19960300,19960300
1995-08-24 05:00:00,116.4,,,19951200,19960300,19960300
1995-08-25 05:00:00,116.85,,,19951200,19960300,19960300
1995-08-28 05:00:00,117.02,,,19951200,19960300,19960300
1995-08-29 05:00:00,116.41,,,19951200,19960300,19960300
1995-08-30 05:00:00,116.8,,,19951200,19960300,19960300
1995-08-31 05:00:00,117.01,,,19951200,19960300,19960300
1995-09-01 05:00:00,117.75,,,19951200,19960300,19960300
1995-09-04 05:00:00,118.42,,,19951200,19960300,19960300
1995-09-05 05:00:00,118.16,,,19951200,19960300,19960300
1995-09-06 05:00:00,117.88,,,19951200,19960300,19960300
1995-09-07 05:00:00,119.23,,,19951200,19960300,19960300
1995-09-08 05:00:00,118.1,,,19951200,19960300,19960300
1995-09-11 05:00:00,118.83,,,19951200,19960300,19960300
1995-09-12 05:00:00,119.25,,,19951200,19960300,19960300
1995-09-13 05:00:00,119.84,,,19951200,19960300,19960300
1995-09-14 05:00:00,119.93,,,19951200,19960300,19960300
1995-09-18 05:00:00,120.27,,,19951200,19960300,19960300
1995-09-19 05:00:00,119.67,,,19951200,19960300,19960300
1995-09-20 05:00:00,120.85,,,19951200,19960300,19960300
1995-09-21 05:00:00,121.32,,,19951200,19960300,19960300
1995-09-22 05:00:00,121.34,,,19951200,19960300,19960300
1995-09-25 05:00:00,121.51,,,19951200,19960300,19960300
1995-09-26 05:00:00,121.59,,,19951200,19960300,19960300
1995-09-27 05:00:00,120.72,,,19951200,19960300,19960300
1995-09-28 05:00:00,121.0,,,19951200,19960300,19960300
1995-09-29 05:00:00,121.24,,,19951200,19960300,19960300
1995-10-02 05:00:00,121.75,,,19951200,19960300,19960300
1995-10-03 05:00:00,121.91,,,19951200,19960300,19960300
1995-10-04 05:00:00,122.37,,,19951200,19960300,19960300
1995-10-05 05:00:00,121.53,,,19951200,19960300,19960300
1995-10-06 05:00:00,120.99,,,19951200,19960300,19960300
1995-10-09 05:00:00,121.12,,,19951200,19960300,19960300
1995-10-11 05:00:00,120.38,,,19951200,19960300,19960300
1995-10-12 05:00:00,120.77,,,19951200,19960300,19960300
1995-10-13 05:00:00,120.9,,,19951200,19960300,19960300
1995-10-16 05:00:00,121.47,,,19951200,19960300,19960300
1995-10-17 05:00:00,120.94,,,19951200,19960300,19960300
1995-10-18 05:00:00,120.34,,,19951200,19960300,19960300
1995-10-19 05:00:00,120.75,,,19951200,19960300,19960300
1995-10-20 05:00:00,120.43,,,19951200,19960300,19960300
1995-10-23 05:00:00,120.43,,,19951200,19960300,19960300
1995-10-24 05:00:00,120.29,,,19951200,19960300,19960300
1995-10-25 05:00:00,120.7,,,19951200,19960300,19960300
1995-10-26 05:00:00,121.55,,,19951200,19960300,19960300
1995-10-27 05:00:00,120.91,,,19951200,19960300,19960300
1995-10-30 06:00:00,120.95,,,19951200,19960300,19960300
1995-10-31 06:00:00,121.8,,,19951200,19960300,19960300
1995-11-01 06:00:00,122.0,,,19951200,19960300,19960300
1995-11-02 06:00:00,121.65,,,19951200,19960300,19960300
1995-11-06 06:00:00,121.85,,,19951200,19960300,19960300
1995-11-07 06:00:00,121.34,,,19951200,19960300,19960300
1995-11-08 06:00:00,121.43,,,19951200,19960300,19960300
1995-11-09 06:00:00,121.89,,,19951200,19960300,19960300
1995-11-10 06:00:00,122.12,,,19951200,19960300,19960300
1995-11-13 06:00:00,122.05,120.69,120.69,19951200,19960300,19960300
1995-11-14 06:00:00,121.87,120.6,120.6,19951200,19960300,19960300
1995-11-15 06:00:00,122.44,121.05,121.05,19951200,19960300,19960300
1995-11-16 06:00:00,121.54,120.23,120.23,19951200,19960300,19960300
1995-11-17 06:00:00,121.87,120.5,120.5,19951200,19960300,19960300
1995-11-20 06:00:00,121.91,120.53,120.53,19951200,19960300,19960300
1995-11-21 06:00:00,120.7,,,19960300,19960600,19960600
1995-11-22 06:00:00,121.34,,,19960300,19960600,19960600
1995-11-24 06:00:00,121.8,,,19960300,19960600,19960600
1995-11-27 06:00:00,121.78,,,19960300,19960600,19960600
1995-11-28 06:00:00,121.57,,,19960300,19960600,19960600
1995-11-29 06:00:00,122.03,,,19960300,19960600,19960600
1995-11-30 06:00:00,121.69,,,19960300,19960600,19960600
1995-12-01 06:00:00,121.48,,,19960300,19960600,19960600
1995-12-04 06:00:00,121.64,,,19960300,19960600,19960600
1995-12-05 06:00:00,121.07,,,19960300,19960600,19960600
1995-12-06 06:00:00,121.37,,,19960300,19960600,19960600
1995-12-07 06:00:00,121.98,,,19960300,19960600,19960600
1995-12-08 06:00:00,121.98,,,19960300,19960600,19960600
1995-12-11 06:00:00,122.21,,,19960300,19960600,19960600
1995-12-12 06:00:00,122.14,,,19960300,19960600,19960600
1995-12-13 06:00:00,121.69,,,19960300,19960600,19960600
1995-12-14 06:00:00,121.86,,,19960300,19960600,19960600
1995-12-15 06:00:00,121.88,,,19960300,19960600,19960600
1995-12-18 06:00:00,121.65,,,19960300,19960600,19960600
1995-12-19 06:00:00,121.26,,,19960300,19960600,19960600
1995-12-20 06:00:00,121.46,,,19960300,19960600,19960600
1995-12-21 06:00:00,120.91,,,19960300,19960600,19960600
1995-12-22 06:00:00,120.72,,,19960300,19960600,19960600
1995-12-25 06:00:00,120.4,,,19960300,19960600,19960600
1995-12-26 06:00:00,120.4,,,19960300,19960600,19960600
1995-12-27 06:00:00,119.43,,,19960300,19960600,19960600
1995-12-28 06:00:00,119.73,,,19960300,19960600,19960600
1995-12-29 06:00:00,119.45,,,19960300,19960600,19960600
1996-01-04 06:00:00,118.59,,,19960300,19960600,19960600
1996-01-05 06:00:00,119.02,,,19960300,19960600,19960600
1996-01-08 06:00:00,118.99,,,19960300,19960600,19960600
1996-01-09 06:00:00,119.36,,,19960300,19960600,19960600
1996-01-10 06:00:00,119.81,,,19960300,19960600,19960600
1996-01-11 06:00:00,119.63,,,19960300,19960600,19960600
1996-01-12 06:00:00,119.34,,,19960300,19960600,19960600
1996-01-16 06:00:00,119.43,,,19960300,19960600,19960600
1996-01-17 06:00:00,120.12,,,19960300,19960600,19960600
1996-01-18 06:00:00,119.99,,,19960300,19960600,19960600
1996-01-19 06:00:00,119.6,,,19960300,19960600,19960600
1996-01-22 06:00:00,119.4,,,19960300,19960600,19960600
1996-01-23 06:00:00,119.6,,,19960300,19960600,19960600
1996-01-24 06:00:00,119.35,,,19960300,19960600,19960600
1996-01-25 06:00:00,119.75,,,19960300,19960600,19960600
1996-01-26 06:00:00,120.02,,,19960300,19960600,19960600
1996-01-29 06:00:00,120.24,,,19960300,19960600,19960600
1996-01-30 06:00:00,119.86,,,19960300,19960600,19960600
1996-01-31 06:00:00,119.71,,,19960300,19960600,19960600
1996-02-01 06:00:00,119.49,,,19960300,19960600,19960600
1996-02-02 06:00:00,120.08,,,19960300,19960600,19960600
1996-02-05 06:00:00,120.06,,,19960300,19960600,19960600
1996-02-06 06:00:00,119.94,,,19960300,19960600,19960600
1996-02-07 06:00:00,120.2,,,19960300,19960600,19960600
1996-02-08 06:00:00,120.24,,,19960300,19960600,19960600
1996-02-09 06:00:00,119.84,,,19960300,19960600,19960600
1996-02-13 06:00:00,120.07,118.35,118.35,19960300,19960600,19960600
1996-02-14 06:00:00,119.93,118.41,118.41,19960300,19960600,19960600
1996-02-15 06:00:00,119.52,117.88,117.88,19960300,19960600,19960600
1996-02-16 06:00:00,119.55,117.97,117.97,19960300,19960600,19960600
1996-02-19 06:00:00,119.38,117.93,117.93,19960300,19960600,19960600
1996-02-20 06:00:00,119.05,117.55,117.55,19960300,19960600,19960600
1996-02-21 06:00:00,117.25,,,19960600,19960900,19960900
1996-02-22 06:00:00,117.45,,,19960600,19960900,19960900
1996-02-23 06:00:00,117.4,,,19960600,19960900,19960900
1996-02-26 06:00:00,116.95,,,19960600,19960900,19960900
1996-02-27 06:00:00,117.06,,,19960600,19960900,19960900
1996-02-28 06:00:00,117.22,,,19960600,19960900,19960900
1996-02-29 06:00:00,117.37,,,19960600,19960900,19960900
1996-03-01 06:00:00,118.55,,,19960600,19960900,19960900
1996-03-04 06:00:00,118.55,,,19960600,19960900,19960900
1996-03-05 06:00:00,118.65,,,19960600,19960900,19960900
1996-03-06 06:00:00,118.95,,,19960600,19960900,19960900
1996-03-07 06:00:00,118.63,,,19960600,19960900,19960900
1996-03-08 06:00:00,118.6,,,19960600,19960900,19960900
1996-03-11 06:00:00,118.83,,,19960600,19960900,19960900
1996-03-12 06:00:00,118.68,,,19960600,19960900,19960900
1996-03-13 06:00:00,118.69,,,19960600,19960900,19960900
1996-03-14 06:00:00,119.2,,,19960600,19960900,19960900
1996-03-15 06:00:00,118.9,,,19960600,19960900,19960900
1996-03-18 06:00:00,118.75,,,19960600,19960900,19960900
1996-03-19 06:00:00,118.54,,,19960600,19960900,19960900
1996-03-21 06:00:00,118.55,,,19960600,19960900,19960900
1996-03-22 06:00:00,118.65,,,19960600,19960900,19960900
1996-03-25 06:00:00,118.58,,,19960600,19960900,19960900
1996-03-26 06:00:00,118.45,,,19960600,19960900,19960900
1996-03-27 06:00:00,118.94,,,19960600,19960900,19960900
1996-03-28 06:00:00,118.86,,,19960600,19960900,19960900
1996-03-29 06:00:00,119.68,,,19960600,19960900,19960900
1996-04-01 06:00:00,119.8,,,19960600,19960900,19960900
1996-04-02 06:00:00,120.28,,,19960600,19960900,19960900
1996-04-03 06:00:00,119.56,,,19960600,19960900,19960900
1996-04-04 06:00:00,119.57,,,19960600,19960900,19960900
1996-04-05 06:00:00,119.43,,,19960600,19960900,19960900
1996-04-08 05:00:00,118.83,,,19960600,19960900,19960900
1996-04-09 05:00:00,118.4,,,19960600,19960900,19960900
1996-04-10 05:00:00,119.01,,,19960600,19960900,19960900
1996-04-11 05:00:00,118.54,,,19960600,19960900,19960900
1996-04-12 05:00:00,118.42,,,19960600,19960900,19960900
1996-04-15 05:00:00,118.74,,,19960600,19960900,19960900
1996-04-16 05:00:00,118.27,,,19960600,19960900,19960900
1996-04-17 05:00:00,118.12,,,19960600,19960900,19960900
1996-04-18 05:00:00,118.39,,,19960600,19960900,19960900
1996-04-19 05:00:00,118.51,,,19960600,19960900,19960900
1996-04-22 05:00:00,118.52,,,19960600,19960900,19960900
1996-04-23 05:00:00,118.32,,,19960600,19960900,19960900
1996-04-24 05:00:00,118.21,,,19960600,19960900,19960900
1996-04-25 05:00:00,117.54,,,19960600,19960900,19960900
1996-04-26 05:00:00,117.38,,,19960600,19960900,19960900
1996-04-30 05:00:00,118.0,,,19960600,19960900,19960900
1996-05-01 05:00:00,117.75,,,19960600,19960900,19960900
1996-05-02 05:00:00,117.71,,,19960600,19960900,19960900
1996-05-07 05:00:00,117.93,,,19960600,19960900,19960900
1996-05-08 05:00:00,117.78,,,19960600,19960900,19960900
1996-05-09 05:00:00,118.19,,,19960600,19960900,19960900
1996-05-10 05:00:00,118.4,,,19960600,19960900,19960900
1996-05-13 05:00:00,118.5,117.36,117.36,19960600,19960900,19960900
1996-05-14 05:00:00,117.88,116.71,116.71,19960600,19960900,19960900
1996-05-15 05:00:00,118.85,117.73,117.73,19960600,19960900,19960900
1996-05-16 05:00:00,118.72,117.52,117.52,19960600,19960900,19960900
1996-05-17 05:00:00,118.93,117.79,117.79,19960600,19960900,19960900
1996-05-20 05:00:00,118.77,117.67,117.67,19960600,19960900,19960900
1996-05-21 05:00:00,118.18,,,19960900,19961200,19961200
1996-05-22 05:00:00,118.25,,,19960900,19961200,19961200
1996-05-23 05:00:00,118.53,,,19960900,19961200,19961200
1996-05-24 05:00:00,118.25,,,19960900,19961200,19961200
1996-05-27 05:00:00,118.28,,,19960900,19961200,19961200
1996-05-28 05:00:00,118.65,,,19960900,19961200,19961200
1996-05-29 05:00:00,118.63,,,19960900,19961200,19961200
1996-05-30 05:00:00,118.58,,,19960900,19961200,19961200
1996-05-31 05:00:00,118.93,,,19960900,19961200,19961200
1996-06-03 05:00:00,119.12,,,19960900,19961200,19961200
1996-06-04 05:00:00,118.9,,,19960900,19961200,19961200
1996-06-05 05:00:00,119.3,,,19960900,19961200,19961200
1996-06-06 05:00:00,119.18,,,19960900,19961200,19961200
1996-06-07 05:00:00,118.55,,,19960900,19961200,19961200
1996-06-10 05:00:00,118.33,,,19960900,19961200,19961200
1996-06-11 05:00:00,119.0,,,19960900,19961200,19961200
1996-06-12 05:00:00,119.05,,,19960900,19961200,19961200
1996-06-13 05:00:00,118.7,,,19960900,19961200,19961200
1996-06-14 05:00:00,118.82,,,19960900,19961200,19961200
1996-06-17 05:00:00,118.86,,,19960900,19961200,19961200
1996-06-18 05:00:00,118.31,,,19960900,19961200,19961200
1996-06-19 05:00:00,118.53,,,19960900,19961200,19961200
1996-06-20 05:00:00,118.17,,,19960900,19961200,19961200
1996-06-21 05:00:00,118.4,,,19960900,19961200,19961200
1996-06-24 05:00:00,118.65,,,19960900,19961200,19961200
1996-06-25 05:00:00,118.49,,,19960900,19961200,19961200
1996-06-26 05:00:00,118.58,,,19960900,19961200,19961200
1996-06-27 05:00:00,118.95,,,19960900,19961200,19961200
1996-06-28 05:00:00,119.25,,,19960900,19961200,19961200
1996-07-01 05:00:00,119.15,,,19960900,19961200,19961200
1996-07-02 05:00:00,118.84,,,19960900,19961200,19961200
1996-07-03 05:00:00,118.8,,,19960900,19961200,19961200
1996-07-04 05:00:00,118.93,,,19960900,19961200,19961200
1996-07-05 05:00:00,118.7,,,19960900,19961200,19961200
1996-07-08 05:00:00,118.3,,,19960900,19961200,19961200
1996-07-09 05:00:00,118.33,,,19960900,19961200,19961200
1996-07-10 05:00:00,118.44,,,19960900,19961200,19961200
1996-07-11 05:00:00,118.47,,,19960900,19961200,19961200
1996-07-12 05:00:00,118.55,,,19960900,19961200,19961200
1996-07-15 05:00:00,118.16,,,19960900,19961200,19961200
1996-07-16 05:00:00,118.03,,,19960900,19961200,19961200
1996-07-17 05:00:00,117.98,,,19960900,19961200,19961200
1996-07-18 05:00:00,118.14,,,19960900,19961200,19961200
1996-07-19 05:00:00,118.31,,,19960900,19961200,19961200
1996-07-22 05:00:00,118.51,,,19960900,19961200,19961200
1996-07-23 05:00:00,118.46,,,19960900,19961200,19961200
1996-07-24 05:00:00,119.0,,,19960900,19961200,19961200
1996-07-25 05:00:00,118.81,,,19960900,19961200,19961200
1996-07-26 05:00:00,119.06,,,19960900,19961200,19961200
1996-07-29 05:00:00,119.29,,,19960900,19961200,19961200
1996-07-30 05:00:00,118.93,,,19960900,19961200,19961200
1996-07-31 05:00:00,119.22,,,19960900,19961200,19961200
1996-08-01 05:00:00,118.9,,,19960900,19961200,19961200
1996-08-02 05:00:00,119.17,,,19960900,19961200,19961200
1996-08-05 05:00:00,119.18,,,19960900,19961200,19961200
1996-08-06 05:00:00,119.21,,,19960900,19961200,19961200
1996-08-07 05:00:00,119.94,,,19960900,19961200,19961200
1996-08-08 05:00:00,120.02,,,19960900,19961200,19961200
1996-08-09 05:00:00,119.94,,,19960900,19961200,19961200
1996-08-12 05:00:00,120.32,119.02,119.02,19960900,19961200,19961200
1996-08-13 05:00:00,120.28,118.81,118.81,19960900,19961200,19961200
1996-08-14 05:00:00,120.16,118.98,118.98,19960900,19961200,19961200
1996-08-15 05:00:00,120.2,118.98,118.98,19960900,19961200,19961200
1996-08-16 05:00:00,120.65,119.46,119.46,19960900,19961200,19961200
1996-08-19 05:00:00,120.97,119.68,119.68,19960900,19961200,19961200
1996-08-20 05:00:00,120.8,119.46,119.46,19960900,19961200,19961200
1996-08-21 05:00:00,119.7,,,19961200,19970300,19970300
1996-08-22 05:00:00,119.53,,,19961200,19970300,19970300
1996-08-23 05:00:00,119.71,,,19961200,19970300,19970300
1996-08-26 05:00:00,119.59,,,19961200,19970300,19970300
1996-08-27 05:00:00,119.16,,,19961200,19970300,19970300
1996-08-28 05:00:00,120.35,,,19961200,19970300,19970300
1996-08-29 05:00:00,120.68,,,19961200,19970300,19970300
1996-08-30 05:00:00,120.82,,,19961200,19970300,19970300
1996-09-02 05:00:00,120.61,,,19961200,19970300,19970300
1996-09-03 05:00:00,120.38,,,19961200,19970300,19970300
1996-09-04 05:00:00,120.67,,,19961200,19970300,19970300
1996-09-05 05:00:00,120.62,,,19961200,19970300,19970300
1996-09-06 05:00:00,120.64,,,19961200,19970300,19970300
1996-09-09 05:00:00,121.34,,,19961200,19970300,19970300
1996-09-10 05:00:00,121.3,,,19961200,19970300,19970300
1996-09-11 05:00:00,121.4,,,19961200,19970300,19970300
1996-09-12 05:00:00,121.26,,,19961200,19970300,19970300
1996-09-13 05:00:00,121.4,,,19961200,19970300,19970300
1996-09-17 05:00:00,122.15,,,19961200,19970300,19970300
1996-09-18 05:00:00,122.32,,,19961200,19970300,19970300
1996-09-19 05:00:00,122.16,,,19961200,19970300,19970300
1996-09-20 05:00:00,122.1,,,19961200,19970300,19970300
1996-09-24 05:00:00,122.1,,,19961200,19970300,19970300
1996-09-25 05:00:00,122.23,,,19961200,19970300,19970300
1996-09-26 05:00:00,121.8,,,19961200,19970300,19970300
1996-09-27 05:00:00,121.63,,,19961200,19970300,19970300
1996-09-30 05:00:00,122.13,,,19961200,19970300,19970300
1996-10-01 05:00:00,122.14,,,19961200,19970300,19970300
1996-10-02 05:00:00,122.12,,,19961200,19970300,19970300
1996-10-03 05:00:00,122.61,,,19961200,19970300,19970300
1996-10-04 05:00:00,123.0,,,19961200,19970300,19970300
1996-10-07 05:00:00,122.98,,,19961200,19970300,19970300
1996-10-08 05:00:00,123.17,,,19961200,19970300,19970300
1996-10-09 05:00:00,123.57,,,19961200,19970300,19970300
1996-10-11 05:00:00,123.37,,,19961200,19970300,19970300
1996-10-14 05:00:00,122.91,,,19961200,19970300,19970300
1996-10-15 05:00:00,122.9,,,19961200,19970300,19970300
1996-10-16 05:00:00,122.61,,,19961200,19970300,19970300
1996-10-17 05:00:00,122.81,,,19961200,19970300,19970300
1996-10-18 05:00:00,122.9,,,19961200,19970300,19970300
1996-10-21 05:00:00,123.61,,,19961200,19970300,19970300
1996-10-22 05:00:00,123.95,,,19961200,19970300,19970300
1996-10-23 05:00:00,123.88,,,19961200,19970300,19970300
1996-10-24 05:00:00,124.52,,,19961200,19970300,19970300
1996-10-25 05:00:00,124.72,,,19961200,19970300,19970300
1996-10-28 06:00:00,124.64,,,19961200,19970300,19970300
1996-10-29 06:00:00,124.34,,,19961200,19970300,19970300
1996-10-30 06:00:00,125.33,,,19961200,19970300,19970300
1996-10-31 06:00:00,125.44,,,19961200,19970300,19970300
1996-11-01 06:00:00,125.53,,,19961200,19970300,19970300
1996-11-05 06:00:00,126.37,,,19961200,19970300,19970300
1996-11-06 06:00:00,125.76,,,19961200,19970300,19970300
1996-11-07 06:00:00,124.75,,,19961200,19970300,19970300
1996-11-08 06:00:00,123.83,,,19961200,19970300,19970300
1996-11-11 06:00:00,123.51,,,19961200,19970300,19970300
1996-11-12 06:00:00,124.07,122.96,122.96,19961200,19970300,19970300
1996-11-13 06:00:00,124.55,123.6,123.6,19961200,19970300,19970300
1996-11-14 06:00:00,124.36,123.43,123.43,19961200,19970300,19970300
1996-11-15 06:00:00,124.74,123.75,123.75,19961200,19970300,19970300
1996-11-18 06:00:00,125.38,124.42,124.42,19961200,19970300,19970300
1996-11-19 06:00:00,125.39,124.62,124.62,19961200,19970300,19970300
1996-11-20 06:00:00,124.73,123.83,123.83,19961200,19970300,19970300
1996-11-21 06:00:00,123.51,,,19970300,19970600,19970600
1996-11-22 06:00:00,123.8,,,19970300,19970600,19970600
1996-11-25 06:00:00,123.94,,,19970300,19970600,19970600
1996-11-26 06:00:00,124.43,,,19970300,19970600,19970600
1996-11-27 06:00:00,125.29,,,19970300,19970600,19970600
1996-11-28 06:00:00,125.8,,,19970300,19970600,19970600
1996-11-29 06:00:00,125.69,,,19970300,19970600,19970600
1996-12-02 06:00:00,126.43,,,19970300,19970600,19970600
1996-12-03 06:00:00,126.15,,,19970300,19970600,19970600
1996-12-04 06:00:00,126.2,,,19970300,19970600,19970600
1996-12-05 06:00:00,126.33,,,19970300,19970600,19970600
1996-12-06 06:00:00,125.42,,,19970300,19970600,19970600
1996-12-09 06:00:00,125.82,,,19970300,19970600,19970600
1996-12-10 06:00:00,125.67,,,19970300,19970600,19970600
1996-12-11 06:00:00,125.04,,,19970300,19970600,19970600
1996-12-12 06:00:00,125.1,,,19970300,19970600,19970600
1996-12-13 06:00:00,125.03,,,19970300,19970600,19970600
1996-12-16 06:00:00,125.27,,,19970300,19970600,19970600
1996-12-17 06:00:00,125.66,,,19970300,19970600,19970600
1996-12-18 06:00:00,125.49,,,19970300,19970600,19970600
1996-12-19 06:00:00,126.07,,,19970300,19970600,19970600
1996-12-20 06:00:00,126.15,,,19970300,19970600,19970600
1996-12-24 06:00:00,126.52,,,19970300,19970600,19970600
1996-12-25 06:00:00,125.3,,,19970300,19970600,19970600
1996-12-26 06:00:00,124.85,,,19970300,19970600,19970600
1996-12-27 06:00:00,124.48,,,19970300,19970600,19970600
1996-12-30 06:00:00,124.11,,,19970300,19970600,19970600
1997-01-06 06:00:00,123.73,,,19970300,19970600,19970600
1997-01-07 06:00:00,124.36,,,19970300,19970600,19970600
1997-01-08 06:00:00,124.76,,,19970300,19970600,19970600
1997-01-09 06:00:00,124.84,,,19970300,19970600,19970600
1997-01-10 06:00:00,125.52,,,19970300,19970600,19970600
1997-01-13 06:00:00,125.66,,,19970300,19970600,19970600
1997-01-14 06:00:00,125.57,,,19970300,19970600,19970600
1997-01-16 06:00:00,126.15,,,19970300,19970600,19970600
1997-01-17 06:00:00,125.7,,,19970300,19970600,19970600
1997-01-20 06:00:00,126.25,,,19970300,19970600,19970600
1997-01-21 06:00:00,126.04,,,19970300,19970600,19970600
1997-01-22 06:00:00,126.2,,,19970300,19970600,19970600
1997-01-23 06:00:00,125.85,,,19970300,19970600,19970600
1997-01-24 06:00:00,126.17,,,19970300,19970600,19970600
1997-01-27 06:00:00,126.65,,,19970300,19970600,19970600
1997-01-28 06:00:00,126.34,,,19970300,19970600,19970600
1997-01-29 06:00:00,126.0,,,19970300,19970600,19970600
1997-01-30 06:00:00,126.3,,,19970300,19970600,19970600
1997-01-31 06:00:00,126.37,,,19970300,19970600,19970600
1997-02-03 06:00:00,126.32,,,19970300,19970600,19970600
1997-02-04 06:00:00,126.22,,,19970300,19970600,19970600
1997-02-05 06:00:00,126.33,,,19970300,19970600,19970600
1997-02-06 06:00:00,126.1,,,19970300,19970600,19970600
1997-02-07 06:00:00,126.49,,,19970300,19970600,19970600
1997-02-10 06:00:00,126.36,,,19970300,19970600,19970600
1997-02-12 06:00:00,126.24,124.8,124.8,19970300,19970600,19970600
1997-02-13 06:00:00,126.39,124.91,124.91,19970300,19970600,19970600
1997-02-14 06:00:00,126.2,124.84,124.84,19970300,19970600,19970600
1997-02-17 06:00:00,126.14,124.74,124.74,19970300,19970600,19970600
1997-02-18 06:00:00,126.13,124.76,124.76,19970300,19970600,19970600
1997-02-19 06:00:00,126.62,125.23,125.23,19970300,19970600,19970600
1997-02-20 06:00:00,125.68,124.21,124.21,19970300,19970600,19970600
1997-02-21 06:00:00,124.47,,,19970600,19970900,19970900
1997-02-24 06:00:00,124.7,,,19970600,19970900,19970900
1997-02-25 06:00:00,124.78,,,19970600,19970900,19970900
1997-02-26 06:00:00,125.05,,,19970600,19970900,19970900
1997-02-27 06:00:00,124.9,,,19970600,19970900,19970900
1997-02-28 06:00:00,124.83,,,19970600,19970900,19970900
1997-03-03 06:00:00,124.82,,,19970600,19970900,19970900
1997-03-04 06:00:00,124.94,,,19970600,19970900,19970900
1997-03-05 06:00:00,124.89,,,19970600,19970900,19970900
1997-03-06 06:00:00,125.34,,,19970600,19970900,19970900
1997-03-07 06:00:00,125.21,,,19970600,19970900,19970900
1997-03-10 06:00:00,125.36,,,19970600,19970900,19970900
1997-03-11 06:00:00,125.62,,,19970600,19970900,19970900
1997-03-12 06:00:00,125.78,,,19970600,19970900,19970900
1997-03-13 06:00:00,126.29,,,19970600,19970900,19970900
1997-03-14 06:00:00,126.59,,,19970600,19970900,19970900
1997-03-17 06:00:00,126.59,,,19970600,19970900,19970900
1997-03-18 06:00:00,125.92,,,19970600,19970900,19970900
1997-03-19 06:00:00,126.09,,,19970600,19970900,19970900
1997-03-21 06:00:00,125.49,,,19970600,19970900,19970900
1997-03-24 06:00:00,125.09,,,19970600,19970900,19970900
1997-03-25 06:00:00,125.37,,,19970600,19970900,19970900
1997-03-26 06:00:00,125.88,,,19970600,19970900,19970900
1997-03-27 06:00:00,125.75,,,19970600,19970900,19970900
1997-03-28 06:00:00,125.61,,,19970600,19970900,19970900
1997-03-31 06:00:00,125.9,,,19970600,19970900,19970900
1997-04-01 06:00:00,125.85,,,19970600,19970900,19970900
1997-04-02 06:00:00,126.61,,,19970600,19970900,19970900
1997-04-03 06:00:00,126.5,,,19970600,19970900,19970900
1997-04-04 06:00:00,126.96,,,19970600,19970900,19970900
1997-04-07 05:00:00,127.17,,,19970600,19970900,19970900
1997-04-08 05:00:00,126.96,,,19970600,19970900,19970900
1997-04-09 05:00:00,127.07,,,19970600,19970900,19970900
1997-04-10 05:00:00,126.95,,,19970600,19970900,19970900
1997-04-11 05:00:00,126.66,,,19970600,19970900,19970900
1997-04-14 05:00:00,126.48,,,19970600,19970900,19970900
1997-04-15 05:00:00,126.57,,,19970600,19970900,19970900
1997-04-16 05:00:00,126.57,,,19970600,19970900,19970900
1997-04-17 05:00:00,126.71,,,19970600,19970900,19970900
1997-04-18 05:00:00,126.84,,,19970600,19970900,19970900
1997-04-21 05:00:00,126.9,,,19970600,19970900,19970900
1997-04-22 05:00:00,127.03,,,19970600,19970900,19970900
1997-04-23 05:00:00,126.71,,,19970600,19970900,19970900
1997-04-24 05:00:00,126.58,,,19970600,19970900,19970900
1997-04-25 05:00:00,125.57,,,19970600,19970900,19970900
1997-04-28 05:00:00,125.41,,,19970600,19970900,19970900
1997-04-30 05:00:00,125.05,,,19970600,19970900,19970900
1997-05-01 05:00:00,125.38,,,19970600,19970900,19970900
1997-05-02 05:00:00,125.46,,,19970600,19970900,19970900
1997-05-06 05:00:00,124.44,,,19970600,19970900,19970900
1997-05-07 05:00:00,124.56,,,19970600,19970900,19970900
1997-05-08 05:00:00,123.86,,,19970600,19970900,19970900
1997-05-09 05:00:00,123.27,,,19970600,19970900,19970900
1997-05-12 05:00:00,123.29,121.9,121.9,19970600,19970900,19970900
1997-05-13 05:00:00,124.12,122.69,122.69,19970600,19970900,19970900
1997-05-14 05:00:00,123.73,122.27,122.27,19970600,19970900,19970900
1997-05-15 05:00:00,123.7,122.27,122.27,19970600,19970900,19970900
1997-05-16 05:00:00,124.21,122.81,122.81,19970600,19970900,19970900
1997-05-19 05:00:00,124.48,123.08,123.08,19970600,19970900,19970900
1997-05-20 05:00:00,124.45,123.0,123.0,19970600,19970900,19970900
1997-05-21 05:00:00,122.45,,,19970900,19971200,19971200
1997-05-22 05:00:00,122.55,,,19970900,19971200,19971200
1997-05-23 05:00:00,122.02,,,19970900,19971200,19971200
1997-05-26 05:00:00,122.21,,,19970900,19971200,19971200
1997-05-27 05:00:00,121.65,,,19970900,19971200,19971200
1997-05-28 05:00:00,121.15,,,19970900,19971200,19971200
1997-05-29 05:00:00,122.19,,,19970900,19971200,19971200
1997-05-30 05:00:00,122.43,,,19970900,19971200,19971200
1997-06-02 05:00:00,122.41,,,19970900,19971200,19971200
1997-06-03 05:00:00,122.36,,,19970900,19971200,19971200
1997-06-04 05:00:00,122.72,,,19970900,19971200,19971200
1997-06-05 05:00:00,122.71,,,19970900,19971200,19971200
1997-06-06 05:00:00,122.92,,,19970900,19971200,19971200
1997-06-09 05:00:00,123.25,,,19970900,19971200,19971200
1997-06-10 05:00:00,123.23,,,19970900,19971200,19971200
1997-06-11 05:00:00,123.87,,,19970900,19971200,19971200
1997-06-12 05:00:00,123.61,,,19970900,19971200,19971200
1997-06-13 05:00:00,124.01,,,19970900,19971200,19971200
1997-06-16 05:00:00,123.94,,,19970900,19971200,19971200
1997-06-17 05:00:00,124.24,,,19970900,19971200,19971200
1997-06-18 05:00:00,124.05,,,19970900,19971200,19971200
1997-06-19 05:00:00,123.96,,,19970900,19971200,19971200
1997-06-20 05:00:00,123.86,,,19970900,19971200,19971200
1997-06-23 05:00:00,123.99,,,19970900,19971200,19971200
1997-06-24 05:00:00,124.45,,,19970900,19971200,19971200
1997-06-25 05:00:00,123.27,,,19970900,19971200,19971200
1997-06-26 05:00:00,123.31,,,19970900,19971200,19971200
1997-06-27 05:00:00,124.18,,,19970900,19971200,19971200
1997-06-30 05:00:00,124.12,,,19970900,19971200,19971200
1997-07-01 05:00:00,124.49,,,19970900,19971200,19971200
1997-07-02 05:00:00,124.58,,,19970900,19971200,19971200
1997-07-03 05:00:00,124.86,,,19970900,19971200,19971200
1997-07-04 05:00:00,125.13,,,19970900,19971200,19971200
1997-07-07 05:00:00,124.82,,,19970900,19971200,19971200
1997-07-08 05:00:00,124.48,,,19970900,19971200,19971200
1997-07-09 05:00:00,124.85,,,19970900,19971200,19971200
1997-07-10 05:00:00,124.93,,,19970900,19971200,19971200
1997-07-11 05:00:00,124.85,,,19970900,19971200,19971200
1997-07-14 05:00:00,124.88,,,19970900,19971200,19971200
1997-07-15 05:00:00,124.58,,,19970900,19971200,19971200
1997-07-16 05:00:00,124.89,,,19970900,19971200,19971200
1997-07-17 05:00:00,125.2,,,19970900,19971200,19971200
1997-07-18 05:00:00,125.06,,,19970900,19971200,19971200
1997-07-22 05:00:00,125.19,,,19970900,19971200,19971200
1997-07-23 05:00:00,125.55,,,19970900,19971200,19971200
1997-07-24 05:00:00,125.84,,,19970900,19971200,19971200
1997-07-25 05:00:00,125.91,,,19970900,19971200,19971200
1997-07-28 05:00:00,125.79,,,19970900,19971200,19971200
1997-07-29 05:00:00,125.76,,,19970900,19971200,19971200
1997-07-30 05:00:00,126.38,,,19970900,19971200,19971200
1997-07-31 05:00:00,126.37,,,19970900,19971200,19971200
1997-08-01 05:00:00,126.72,,,19970900,19971200,19971200
1997-08-04 05:00:00,126.53,,,19970900,19971200,19971200
1997-08-05 05:00:00,126.41,,,19970900,19971200,19971200
1997-08-06 05:00:00,126.05,,,19970900,19971200,19971200
1997-08-07 05:00:00,126.67,,,19970900,19971200,19971200
1997-08-08 05:00:00,126.59,,,19970900,19971200,19971200
1997-08-11 05:00:00,126.62,,,19970900,19971200,19971200
1997-08-12 05:00:00,126.4,125.77,125.77,19970900,19971200,19971200
1997-08-13 05:00:00,126.51,125.81,125.81,19970900,19971200,19971200
1997-08-14 05:00:00,126.97,126.25,126.25,19970900,19971200,19971200
1997-08-15 05:00:00,126.85,126.11,126.11,19970900,19971200,19971200
1997-08-18 05:00:00,126.97,126.18,126.18,19970900,19971200,19971200
1997-08-19 05:00:00,127.19,126.4,126.4,19970900,19971200,19971200
1997-08-20 05:00:00,127.26,126.5,126.5,19970900,19971200,19971200
1997-08-21 05:00:00,126.34,,,19971200,19980300,19980300
1997-08-22 05:00:00,126.48,,,19971200,19980300,19980300
1997-08-25 05:00:00,126.64,,,19971200,19980300,19980300
1997-08-26 05:00:00,126.81,,,19971200,19980300,19980300
1997-08-27 05:00:00,126.45,,,19971200,19980300,19980300
1997-08-28 05:00:00,126.9,,,19971200,19980300,19980300
1997-08-29 05:00:00,126.89,,,19971200,19980300,19980300
1997-09-01 05:00:00,127.09,,,19971200,19980300,19980300
1997-09-02 05:00:00,127.35,,,19971200,19980300,19980300
1997-09-03 05:00:00,126.88,,,19971200,19980300,19980300
1997-09-04 05:00:00,126.64,,,19971200,19980300,19980300
1997-09-05 05:00:00,126.64,,,19971200,19980300,19980300
1997-09-08 05:00:00,126.98,,,19971200,19980300,19980300
1997-09-09 05:00:00,126.75,,,19971200,19980300,19980300
1997-09-10 05:00:00,127.05,,,19971200,19980300,19980300
1997-09-11 05:00:00,127.02,,,19971200,19980300,19980300
1997-09-12 05:00:00,127.44,,,19971200,19980300,19980300
1997-09-16 05:00:00,127.58,,,19971200,19980300,19980300
1997-09-17 05:00:00,127.69,,,19971200,19980300,19980300
1997-09-18 05:00:00,127.57,,,19971200,19980300,19980300
1997-09-19 05:00:00,127.57,,,19971200,19980300,19980300
1997-09-22 05:00:00,127.98,,,19971200,19980300,19980300
1997-09-24 05:00:00,127.99,,,19971200,19980300,19980300
1997-09-25 05:00:00,128.42,,,19971200,19980300,19980300
1997-09-26 05:00:00,128.48,,,19971200,19980300,19980300
1997-09-29 05:00:00,128.98,,,19971200,19980300,19980300
1997-09-30 05:00:00,128.64,,,19971200,19980300,19980300
1997-10-01 05:00:00,129.4,,,19971200,19980300,19980300
1997-10-02 05:00:00,129.43,,,19971200,19980300,19980300
1997-10-03 05:00:00,128.85,,,19971200,19980300,19980300
1997-10-06 05:00:00,129.24,,,19971200,19980300,19980300
1997-10-07 05:00:00,129.82,,,19971200,19980300,19980300
1997-10-08 05:00:00,129.53,,,19971200,19980300,19980300
1997-10-09 05:00:00,129.05,,,19971200,19980300,19980300
1997-10-13 05:00:00,129.35,,,19971200,19980300,19980300
1997-10-14 05:00:00,129.1,,,19971200,19980300,19980300
1997-10-15 05:00:00,129.17,,,19971200,19980300,19980300
1997-10-16 05:00:00,128.91,,,19971200,19980300,19980300
1997-10-17 05:00:00,129.2,,,19971200,19980300,19980300
1997-10-20 05:00:00,129.63,,,19971200,19980300,19980300
1997-10-21 05:00:00,129.57,,,19971200,19980300,19980300
1997-10-22 05:00:00,129.69,,,19971200,19980300,19980300
1997-10-23 05:00:00,129.82,,,19971200,19980300,19980300
1997-10-24 05:00:00,129.98,,,19971200,19980300,19980300
1997-10-27 06:00:00,130.27,,,19971200,19980300,19980300
1997-10-28 06:00:00,130.63,,,19971200,19980300,19980300
1997-10-29 06:00:00,130.39,,,19971200,19980300,19980300
1997-10-30 06:00:00,130.74,,,19971200,19980300,19980300
1997-10-31 06:00:00,130.6,,,19971200,19980300,19980300
1997-11-04 06:00:00,130.65,,,19971200,19980300,19980300
1997-11-05 06:00:00,130.8,,,19971200,19980300,19980300
1997-11-06 06:00:00,130.72,,,19971200,19980300,19980300
1997-11-07 06:00:00,130.78,,,19971200,19980300,19980300
1997-11-10 06:00:00,130.12,,,19971200,19980300,19980300
1997-11-11 06:00:00,130.13,,,19971200,19980300,19980300
1997-11-12 06:00:00,129.7,128.95,128.95,19971200,19980300,19980300
1997-11-13 06:00:00,130.62,129.84,129.84,19971200,19980300,19980300
1997-11-14 06:00:00,130.39,129.68,129.68,19971200,19980300,19980300
1997-11-17 06:00:00,129.83,129.2,129.2,19971200,19980300,19980300
1997-11-18 06:00:00,129.83,129.23,129.23,19971200,19980300,19980300
1997-11-19 06:00:00,129.75,129.05,129.05,19971200,19980300,19980300
1997-11-20 06:00:00,129.64,128.88,128.88,19971200,19980300,19980300
1997-11-21 06:00:00,128.9,127.4,127.4,19980300,19980600,19980600
1997-11-25 06:00:00,129.52,128.02,128.02,19980300,19980600,19980600
1997-11-26 06:00:00,129.38,127.88,127.88,19980300,19980600,19980600
1997-11-27 06:00:00,128.94,127.44,127.44,19980300,19980600,19980600
1997-11-28 06:00:00,129.11,127.61,127.61,19980300,19980600,19980600
1997-12-01 06:00:00,129.17,127.67,127.67,19980300,19980600,19980600
1997-12-02 06:00:00,129.28,127.78,127.78,19980300,19980600,19980600
1997-12-03 06:00:00,129.92,128.42,128.42,19980300,19980600,19980600
1997-12-04 06:00:00,130.32,128.82,128.82,19980300,19980600,19980600
1997-12-05 06:00:00,130.23,128.73,128.73,19980300,19980600,19980600
1997-12-08 06:00:00,130.31,128.81,128.81,19980300,19980600,19980600
1997-12-09 06:00:00,129.49,129.31,129.31,19980300,19980600,19980600
1997-12-10 06:00:00,129.76,129.06,129.06,19980300,19980600,19980600
1997-12-11 06:00:00,130.08,129.1,129.1,19980300,19980600,19980600
1997-12-12 06:00:00,129.76,129.42,129.42,19980300,19980600,19980600
1997-12-15 06:00:00,129.99,129.44,129.44,19980300,19980600,19980600
1997-12-16 06:00:00,129.86,129.38,129.38,19980300,19980600,19980600
1997-12-17 06:00:00,129.2,128.4,128.4,19980300,19980600,19980600
1997-12-18 06:00:00,129.73,129.21,129.21,19980300,19980600,19980600
1997-12-19 06:00:00,129.84,129.67,129.67,19980300,19980600,19980600
1997-12-22 06:00:00,129.8,129.57,129.57,19980300,19980600,19980600
1997-12-24 06:00:00,129.89,129.57,129.57,19980300,19980600,19980600
1997-12-25 06:00:00,129.79,129.49,129.49,19980300,19980600,19980600
1997-12-26 06:00:00,129.88,129.29,129.29,19980300,19980600,19980600
1997-12-29 06:00:00,129.9,129.29,129.29,19980300,19980600,19980600
1997-12-30 06:00:00,129.81,129.07,129.07,19980300,19980600,19980600
1998-01-05 06:00:00,130.41,129.51,129.51,19980300,19980600,19980600
1998-01-06 06:00:00,130.64,129.72,129.72,19980300,19980600,19980600
1998-01-07 06:00:00,130.5,129.94,129.94,19980300,19980600,19980600
1998-01-08 06:00:00,130.19,129.7,129.7,19980300,19980600,19980600
1998-01-09 06:00:00,130.25,129.61,129.61,19980300,19980600,19980600
1998-01-12 06:00:00,130.52,129.94,129.94,19980300,19980600,19980600
1998-01-13 06:00:00,130.33,130.0,130.0,19980300,19980600,19980600
1998-01-14 06:00:00,130.24,129.67,129.67,19980300,19980600,19980600
1998-01-16 06:00:00,129.76,129.17,129.17,19980300,19980600,19980600
1998-01-19 06:00:00,129.65,128.95,128.95,19980300,19980600,19980600
1998-01-20 06:00:00,129.63,129.03,129.03,19980300,19980600,19980600
1998-01-21 06:00:00,128.93,128.58,128.58,19980300,19980600,19980600
1998-01-22 06:00:00,129.28,128.52,128.52,19980300,19980600,19980600
1998-01-23 06:00:00,128.55,128.16,128.16,19980300,19980600,19980600
1998-01-26 06:00:00,128.53,127.97,127.97,19980300,19980600,19980600
1998-01-27 06:00:00,128.58,128.0,128.0,19980300,19980600,19980600
1998-01-28 06:00:00,128.78,127.65,127.65,19980300,19980600,19980600
1998-01-29 06:00:00,128.3,127.85,127.85,19980300,19980600,19980600
1998-01-30 06:00:00,128.8,128.1,128.1,19980300,19980600,19980600
1998-02-02 06:00:00,128.55,127.94,127.94,19980300,19980600,19980600
1998-02-03 06:00:00,128.62,127.98,127.98,19980300,19980600,19980600
1998-02-04 06:00:00,128.87,128.2,128.2,19980300,19980600,19980600
1998-02-05 06:00:00,128.83,128.09,128.09,19980300,19980600,19980600
1998-02-06 06:00:00,128.9,128.29,128.29,19980300,19980600,19980600
1998-02-09 06:00:00,129.2,128.57,128.57,19980300,19980600,19980600
1998-02-10 06:00:00,129.26,128.66,128.66,19980300,19980600,19980600
1998-02-12 06:00:00,129.05,128.55,128.55,19980300,19980600,19980600
1998-02-13 06:00:00,129.28,128.79,128.79,19980300,19980600,19980600
1998-02-16 06:00:00,129.5,128.98,128.98,19980300,19980600,19980600
1998-02-17 06:00:00,129.52,129.04,129.04,19980300,19980600,19980600
1998-02-18 06:00:00,129.62,129.15,129.15,19980300,19980600,19980600
1998-02-19 06:00:00,130.05,129.54,129.54,19980300,19980600,19980600
1998-02-20 06:00:00,129.92,129.37,129.37,19980300,19980600,19980600
1998-02-23 06:00:00,129.86,128.86,128.86,19980600,19980900,19980900
1998-02-24 06:00:00,129.92,128.92,128.92,19980600,19980900,19980900
1998-02-25 06:00:00,129.26,128.26,128.26,19980600,19980900,19980900
1998-02-26 06:00:00,129.63,128.63,128.63,19980600,19980900,19980900
1998-02-27 06:00:00,129.37,128.37,128.37,19980600,19980900,19980900
1998-03-02 06:00:00,129.38,128.38,128.38,19980600,19980900,19980900
1998-03-03 06:00:00,129.52,128.52,128.52,19980600,19980900,19980900
1998-03-04 06:00:00,129.7,128.7,128.7,19980600,19980900,19980900
1998-03-05 06:00:00,130.08,129.08,129.08,19980600,19980900,19980900
1998-03-06 06:00:00,129.81,128.81,128.81,19980600,19980900,19980900
1998-03-09 06:00:00,129.94,129.61,129.61,19980600,19980900,19980900
1998-03-10 06:00:00,130.3,130.01,130.01,19980600,19980900,19980900
1998-03-11 06:00:00,130.72,130.5,130.5,19980600,19980900,19980900
1998-03-12 06:00:00,130.61,130.43,130.43,19980600,19980900,19980900
1998-03-13 06:00:00,130.52,130.41,130.41,19980600,19980900,19980900
1998-03-16 06:00:00,130.86,130.72,130.72,19980600,19980900,19980900
1998-03-17 06:00:00,130.75,130.62,130.62,19980600,19980900,19980900
1998-03-18 06:00:00,130.85,130.67,130.67,19980600,19980900,19980900
1998-03-19 06:00:00,130.68,130.57,130.57,19980600,19980900,19980900
1998-03-20 06:00:00,130.44,130.29,130.29,19980600,19980900,19980900
1998-03-23 06:00:00,130.85,130.73,130.73,19980600,19980900,19980900
1998-03-24 06:00:00,130.77,130.77,130.77,19980600,19980900,19980900
1998-03-25 06:00:00,130.95,130.82,130.82,19980600,19980900,19980900
1998-03-26 06:00:00,130.31,130.24,130.24,19980600,19980900,19980900
1998-03-27 06:00:00,129.84,129.71,129.71,19980600,19980900,19980900
1998-03-30 06:00:00,129.91,129.86,129.86,19980600,19980900,19980900
1998-03-31 06:00:00,130.18,129.85,129.85,19980600,19980900,19980900
1998-04-01 06:00:00,130.32,130.13,130.13,19980600,19980900,19980900
1998-04-02 06:00:00,130.1,129.94,129.94,19980600,19980900,19980900
1998-04-03 06:00:00,129.3,129.13,129.13,19980600,19980900,19980900
1998-04-06 05:00:00,129.5,129.31,129.31,19980600,19980900,19980900
1998-04-07 05:00:00,129.62,129.48,129.48,19980600,19980900,19980900
1998-04-08 05:00:00,129.6,129.36,129.36,19980600,19980900,19980900
1998-04-09 05:00:00,129.45,129.3,129.3,19980600,19980900,19980900
1998-04-10 05:00:00,130.06,129.96,129.96,19980600,19980900,19980900
1998-04-13 05:00:00,130.3,130.15,130.15,19980600,19980900,19980900
1998-04-14 05:00:00,130.46,130.26,130.26,19980600,19980900,19980900
1998-04-15 05:00:00,130.72,130.26,130.26,19980600,19980900,19980900
1998-04-16 05:00:00,130.62,130.53,130.53,19980600,19980900,19980900
1998-04-17 05:00:00,130.77,130.66,130.66,19980600,19980900,19980900
1998-04-20 05:00:00,130.96,130.87,130.87,19980600,19980900,19980900
1998-04-21 05:00:00,130.81,130.7,130.7,19980600,19980900,19980900
1998-04-22 05:00:00,130.75,130.64,130.64,19980600,19980900,19980900
1998-04-23 05:00:00,,130.75,130.75,19980600,19980900,19980900
1998-04-24 05:00:00,,130.67,130.67,19980600,19980900,19980900
1998-04-27 05:00:00,131.01,130.88,130.88,19980600,19980900,19980900
1998-04-28 05:00:00,131.3,131.25,131.25,19980600,19980900,19980900
1998-04-30 05:00:00,131.39,131.27,131.27,19980600,19980900,19980900
1998-05-01 05:00:00,131.53,131.38,131.38,19980600,19980900,19980900
1998-05-06 05:00:00,131.91,131.92,131.92,19980600,19980900,19980900
1998-05-07 05:00:00,132.22,132.24,132.24,19980600,19980900,19980900
1998-05-08 05:00:00,132.53,132.43,132.43,19980600,19980900,19980900
1998-05-11 05:00:00,132.38,132.35,132.35,19980600,19980900,19980900
1998-05-12 05:00:00,132.7,132.64,132.64,19980600,19980900,19980900
1998-05-13 05:00:00,132.66,132.6,132.6,19980600,19980900,19980900
1998-05-14 05:00:00,132.6,132.54,132.54,19980600,19980900,19980900
1998-05-15 05:00:00,132.85,132.8,132.8,19980600,19980900,19980900
1998-05-18 05:00:00,133.03,132.99,132.99,19980600,19980900,19980900
1998-05-19 05:00:00,132.95,132.89,132.89,19980600,19980900,19980900
1998-05-20 05:00:00,133.0,133.01,133.01,19980600,19980900,19980900
1998-05-21 05:00:00,132.88,132.85,132.85,19980600,19980900,19980900
1998-05-22 05:00:00,133.2,133.23,133.23,19980600,19980900,19980900
1998-05-25 05:00:00,133.53,133.47,133.47,19980600,19980900,19980900
1998-05-26 05:00:00,133.41,133.35,133.35,19980600,19980900,19980900
1998-05-27 05:00:00,133.3,133.25,133.25,19980600,19980900,19980900
1998-05-28 05:00:00,133.46,130.43,130.43,19980900,19981200,19981200
1998-05-29 05:00:00,133.64,130.61,130.61,19980900,19981200,19981200
1998-06-01 05:00:00,134.01,130.98,130.98,19980900,19981200,19981200
1998-06-02 05:00:00,134.32,131.29,131.29,19980900,19981200,19981200
1998-06-03 05:00:00,134.14,131.11,131.11,19980900,19981200,19981200
1998-06-04 05:00:00,134.2,131.17,131.17,19980900,19981200,19981200
1998-06-05 05:00:00,133.97,130.94,130.94,19980900,19981200,19981200
1998-06-08 05:00:00,134.14,131.11,131.11,19980900,19981200,19981200
1998-06-09 05:00:00,133.65,130.62,130.62,19980900,19981200,19981200
1998-06-10 05:00:00,133.71,130.68,130.68,19980900,19981200,19981200
1998-06-11 05:00:00,133.28,133.43,133.43,19980900,19981200,19981200
1998-06-12 05:00:00,133.58,133.25,133.25,19980900,19981200,19981200
1998-06-15 05:00:00,133.91,133.78,133.78,19980900,19981200,19981200
1998-06-16 05:00:00,133.63,133.48,133.48,19980900,19981200,19981200
1998-06-17 05:00:00,133.48,133.47,133.47,19980900,19981200,19981200
1998-06-18 05:00:00,133.0,133.01,133.01,19980900,19981200,19981200
1998-06-19 05:00:00,133.09,132.95,132.95,19980900,19981200,19981200
1998-06-22 05:00:00,133.31,133.21,133.21,19980900,19981200,19981200
1998-06-23 05:00:00,133.35,133.2,133.2,19980900,19981200,19981200
1998-06-24 05:00:00,133.78,133.6,133.6,19980900,19981200,19981200
1998-06-25 05:00:00,133.68,133.6,133.6,19980900,19981200,19981200
1998-06-26 05:00:00,133.45,132.92,132.92,19980900,19981200,19981200
1998-06-29 05:00:00,133.09,132.56,132.56,19980900,19981200,19981200
1998-06-30 05:00:00,132.68,132.56,132.56,19980900,19981200,19981200
1998-07-01 05:00:00,132.01,131.96,131.96,19980900,19981200,19981200
1998-07-02 05:00:00,132.87,132.49,132.49,19980900,19981200,19981200
1998-07-03 05:00:00,132.54,132.6,132.6,19980900,19981200,19981200
1998-07-06 05:00:00,132.87,132.61,132.61,19980900,19981200,19981200
1998-07-07 05:00:00,132.84,132.58,132.58,19980900,19981200,19981200
1998-07-08 05:00:00,132.33,132.07,132.07,19980900,19981200,19981200
1998-07-09 05:00:00,132.3,132.12,132.12,19980900,19981200,19981200
1998-07-10 05:00:00,132.36,132.18,132.18,19980900,19981200,19981200
1998-07-13 05:00:00,131.91,132.01,132.01,19980900,19981200,19981200
1998-07-14 05:00:00,131.61,131.53,131.53,19980900,19981200,19981200
1998-07-15 05:00:00,132.0,131.84,131.84,19980900,19981200,19981200
1998-07-16 05:00:00,131.8,131.57,131.57,19980900,19981200,19981200
1998-07-17 05:00:00,131.91,131.72,131.72,19980900,19981200,19981200
1998-07-21 05:00:00,131.88,131.61,131.61,19980900,19981200,19981200
1998-07-22 05:00:00,132.17,131.79,131.79,19980900,19981200,19981200
1998-07-23 05:00:00,132.56,132.23,132.23,19980900,19981200,19981200
1998-07-24 05:00:00,132.37,132.32,132.32,19980900,19981200,19981200
1998-07-27 05:00:00,132.92,132.65,132.65,19980900,19981200,19981200
1998-07-28 05:00:00,132.87,132.68,132.68,19980900,19981200,19981200
1998-07-29 05:00:00,133.2,132.95,132.95,19980900,19981200,19981200
1998-07-30 05:00:00,133.68,133.46,133.46,19980900,19981200,19981200
1998-07-31 05:00:00,133.51,133.47,133.47,19980900,19981200,19981200
1998-08-03 05:00:00,133.57,133.35,133.35,19980900,19981200,19981200
1998-08-04 05:00:00,133.81,133.62,133.62,19980900,19981200,19981200
1998-08-05 05:00:00,133.71,133.48,133.48,19980900,19981200,19981200
1998-08-06 05:00:00,133.81,133.59,133.59,19980900,19981200,19981200
1998-08-07 05:00:00,134.06,,,19980900,19981200,19981200
1998-08-10 05:00:00,134.27,,,19980900,19981200,19981200
1998-08-11 05:00:00,134.1,133.86,133.86,19980900,19981200,19981200
1998-08-12 05:00:00,134.17,134.02,134.02,19980900,19981200,19981200
1998-08-13 05:00:00,134.02,133.82,133.82,19980900,19981200,19981200
1998-08-14 05:00:00,134.2,133.95,133.95,19980900,19981200,19981200
1998-08-17 05:00:00,134.43,134.13,134.13,19980900,19981200,19981200
1998-08-18 05:00:00,134.47,134.17,134.17,19980900,19981200,19981200
1998-08-19 05:00:00,134.1,133.84,133.84,19980900,19981200,19981200
1998-08-20 05:00:00,134.17,133.9,133.9,19980900,19981200,19981200
1998-08-21 05:00:00,134.3,134.0,134.0,19980900,19981200,19981200
1998-08-24 05:00:00,134.68,134.4,134.4,19980900,19981200,19981200
1998-08-25 05:00:00,134.78,134.44,134.44,19980900,19981200,19981200
1998-08-26 05:00:00,134.94,134.57,134.57,19980900,19981200,19981200
1998-08-27 05:00:00,134.9,134.62,134.62,19980900,19981200,19981200
1998-08-28 05:00:00,135.06,135.21,135.21,19981200,19990300,19990300
1998-08-31 05:00:00,135.33,135.48,135.48,19981200,19990300,19990300
1998-09-01 05:00:00,135.14,135.29,135.29,19981200,19990300,19990300
1998-09-02 05:00:00,135.15,135.3,135.3,19981200,19990300,19990300
1998-09-03 05:00:00,134.96,135.11,135.11,19981200,19990300,19990300
1998-09-04 05:00:00,135.2,135.35,135.35,19981200,19990300,19990300
1998-09-07 05:00:00,135.44,135.59,135.59,19981200,19990300,19990300
1998-09-08 05:00:00,135.56,135.71,135.71,19981200,19990300,19990300
1998-09-09 05:00:00,135.7,134.72,134.72,19981200,19990300,19990300
1998-09-10 05:00:00,137.22,135.95,135.95,19981200,19990300,19990300
1998-09-11 05:00:00,137.83,136.93,136.93,19981200,19990300,19990300
1998-09-14 05:00:00,137.88,137.14,137.14,19981200,19990300,19990300
1998-09-16 05:00:00,138.1,137.15,137.15,19981200,19990300,19990300
1998-09-17 05:00:00,138.89,,,19981200,19990300,19990300
1998-09-18 05:00:00,138.88,137.82,137.82,19981200,19990300,19990300
1998-09-21 05:00:00,138.26,137.8,137.8,19981200,19990300,19990300
1998-09-22 05:00:00,138.18,137.54,137.54,19981200,19990300,19990300
1998-09-24 05:00:00,138.44,137.62,137.62,19981200,19990300,19990300
1998-09-25 05:00:00,138.78,138.01,138.01,19981200,19990300,19990300
1998-09-28 05:00:00,138.73,137.81,137.81,19981200,19990300,19990300
1998-09-29 05:00:00,138.45,137.6,137.6,19981200,19990300,19990300
1998-09-30 05:00:00,138.93,137.98,137.98,19981200,19990300,19990300
1998-10-01 05:00:00,139.23,138.43,138.43,19981200,19990300,19990300
1998-10-02 05:00:00,139.34,138.48,138.48,19981200,19990300,19990300
1998-10-05 05:00:00,139.11,138.48,138.48,19981200,19990300,19990300
1998-10-06 05:00:00,139.11,138.42,138.42,19981200,19990300,19990300
1998-10-07 05:00:00,138.55,137.95,137.95,19981200,19990300,19990300
1998-10-08 05:00:00,138.43,137.73,137.73,19981200,19990300,19990300
1998-10-09 05:00:00,138.4,137.61,137.61,19981200,19990300,19990300
1998-10-12 05:00:00,137.54,137.04,137.04,19981200,19990300,19990300
1998-10-13 05:00:00,138.28,137.56,137.56,19981200,19990300,19990300
1998-10-14 05:00:00,137.82,137.02,137.02,19981200,19990300,19990300
1998-10-15 05:00:00,137.68,136.63,136.63,19981200,19990300,19990300
1998-10-16 05:00:00,137.65,136.77,136.77,19981200,19990300,19990300
1998-10-19 05:00:00,138.2,137.15,137.15,19981200,19990300,19990300
1998-10-20 05:00:00,138.48,137.68,137.68,19981200,19990300,19990300
1998-10-21 05:00:00,138.22,137.71,137.71,19981200,19990300,19990300
1998-10-22 05:00:00,138.32,137.62,137.62,19981200,19990300,19990300
1998-10-23 05:00:00,137.9,137.45,137.45,19981200,19990300,19990300
1998-10-26 06:00:00,137.85,,,19981200,19990300,19990300
1998-10-27 06:00:00,137.64,136.99,136.99,19981200,19990300,19990300
1998-10-28 06:00:00,138.21,137.39,137.39,19981200,19990300,19990300
1998-10-29 06:00:00,138.35,137.59,137.59,19981200,19990300,19990300
1998-10-30 06:00:00,138.66,137.86,137.86,19981200,19990300,19990300
1998-11-02 06:00:00,138.56,137.85,137.85,19981200,19990300,19990300
1998-11-04 06:00:00,138.05,137.26,137.26,19981200,19990300,19990300
1998-11-05 06:00:00,138.28,137.53,137.53,19981200,19990300,19990300
1998-11-06 06:00:00,138.15,137.75,137.75,19981200,19990300,19990300
1998-11-09 06:00:00,138.57,137.79,137.79,19981200,19990300,19990300
1998-11-10 06:00:00,139.0,138.3,138.3,19981200,19990300,19990300
1998-11-11 06:00:00,138.47,137.78,137.78,19981200,19990300,19990300
1998-11-12 06:00:00,138.89,138.19,138.19,19981200,19990300,19990300
1998-11-13 06:00:00,138.96,138.15,138.15,19981200,19990300,19990300
1998-11-16 06:00:00,138.84,138.12,138.12,19981200,19990300,19990300
1998-11-17 06:00:00,138.93,138.19,138.19,19981200,19990300,19990300
1998-11-18 06:00:00,139.1,138.3,138.3,19981200,19990300,19990300
1998-11-19 06:00:00,138.96,138.14,138.14,19981200,19990300,19990300
1998-11-20 06:00:00,138.47,137.66,137.66,19981200,19990300,19990300
1998-11-24 06:00:00,138.22,137.36,137.36,19981200,19990300,19990300
1998-11-25 06:00:00,137.72,136.71,136.71,19981200,19990300,19990300
1998-11-26 06:00:00,136.8,135.81,135.81,19981200,19990300,19990300
1998-11-27 06:00:00,135.53,135.38,135.38,19990300,19990600,19990600
1998-11-30 06:00:00,135.88,135.73,135.73,19990300,19990600,19990600
1998-12-01 06:00:00,135.2,135.05,135.05,19990300,19990600,19990600
1998-12-02 06:00:00,135.13,134.98,134.98,19990300,19990600,19990600
1998-12-03 06:00:00,135.84,135.69,135.69,19990300,19990600,19990600
1998-12-04 06:00:00,136.11,135.96,135.96,19990300,19990600,19990600
1998-12-07 06:00:00,135.86,135.71,135.71,19990300,19990600,19990600
1998-12-08 06:00:00,136.1,135.95,135.95,19990300,19990600,19990600
1998-12-09 06:00:00,135.18,,,19990300,19990600,19990600
1998-12-10 06:00:00,134.94,134.44,134.44,19990300,19990600,19990600
1998-12-11 06:00:00,135.14,134.74,134.74,19990300,19990600,19990600
1998-12-14 06:00:00,134.14,,,19990300,19990600,19990600
1998-12-15 06:00:00,134.5,133.58,133.58,19990300,19990600,19990600
1998-12-16 06:00:00,133.8,133.18,133.18,19990300,19990600,19990600
1998-12-17 06:00:00,133.88,133.26,133.26,19990300,19990600,19990600
1998-12-18 06:00:00,134.05,133.43,133.43,19990300,19990600,19990600
1998-12-21 06:00:00,132.6,131.72,131.72,19990300,19990600,19990600
1998-12-22 06:00:00,129.2,130.08,130.08,19990300,19990600,19990600
1998-12-24 06:00:00,129.4,129.36,129.36,19990300,19990600,19990600
1998-12-25 06:00:00,130.4,,,19990300,19990600,19990600
1998-12-28 06:00:00,130.25,129.22,129.22,19990300,19990600,19990600
1998-12-29 06:00:00,128.96,127.88,127.88,19990300,19990600,19990600
1998-12-30 06:00:00,128.05,127.15,127.15,19990300,19990600,19990600
1999-01-04 06:00:00,128.15,127.62,127.62,19990300,19990600,19990600
1999-01-05 06:00:00,128.81,127.71,127.71,19990300,19990600,19990600
1999-01-06 06:00:00,129.8,128.31,128.31,19990300,19990600,19990600
1999-01-07 06:00:00,131.61,130.13,130.13,19990300,19990600,19990600
1999-01-08 06:00:00,129.78,129.79,129.79,19990300,19990600,19990600
1999-01-11 06:00:00,130.38,129.2,129.2,19990300,19990600,19990600
1999-01-12 06:00:00,130.47,129.3,129.3,19990300,19990600,19990600
1999-01-13 06:00:00,130.72,129.53,129.53,19990300,19990600,19990600
1999-01-14 06:00:00,131.47,130.32,130.32,19990300,19990600,19990600
1999-01-18 06:00:00,130.83,129.82,129.82,19990300,19990600,19990600
1999-01-19 06:00:00,129.92,128.9,128.9,19990300,19990600,19990600
1999-01-20 06:00:00,130.72,129.66,129.66,19990300,19990600,19990600
1999-01-21 06:00:00,130.31,129.56,129.56,19990300,19990600,19990600
1999-01-22 06:00:00,130.68,129.8,129.8,19990300,19990600,19990600
1999-01-25 06:00:00,130.16,129.31,129.31,19990300,19990600,19990600
1999-01-26 06:00:00,130.89,129.88,129.88,19990300,19990600,19990600
1999-01-27 06:00:00,130.05,129.15,129.15,19990300,19990600,19990600
1999-01-28 06:00:00,129.71,129.13,129.13,19990300,19990600,19990600
1999-01-29 06:00:00,128.91,128.14,128.14,19990300,19990600,19990600
1999-02-01 06:00:00,128.77,127.72,127.72,19990300,19990600,19990600
1999-02-02 06:00:00,126.5,125.48,125.48,19990300,19990600,19990600
1999-02-03 06:00:00,126.85,125.5,125.5,19990300,19990600,19990600
1999-02-04 06:00:00,127.87,126.68,126.68,19990300,19990600,19990600
1999-02-05 06:00:00,126.75,125.55,125.55,19990300,19990600,19990600
1999-02-08 06:00:00,128.57,127.24,127.24,19990300,19990600,19990600
1999-02-09 06:00:00,130.0,128.66,128.66,19990300,19990600,19990600
1999-02-10 06:00:00,129.98,128.78,128.78,19990300,19990600,19990600
1999-02-12 06:00:00,129.04,127.99,127.99,19990300,19990600,19990600
1999-02-15 06:00:00,128.7,127.58,127.58,19990300,19990600,19990600
1999-02-16 06:00:00,129.75,128.64,128.64,19990300,19990600,19990600
1999-02-17 06:00:00,130.37,129.25,129.25,19990300,19990600,19990600
1999-02-18 06:00:00,130.92,129.73,129.73,19990300,19990600,19990600
1999-02-19 06:00:00,132.1,130.79,130.79,19990300,19990600,19990600
1999-02-22 06:00:00,132.45,131.29,131.29,19990300,19990600,19990600
1999-02-23 06:00:00,131.33,130.17,130.17,19990300,19990600,19990600
1999-02-24 06:00:00,131.43,130.27,130.27,19990300,19990600,19990600
1999-02-25 06:00:00,129.93,129.85,129.85,19990600,19990900,19990900
1999-02-26 06:00:00,129.95,129.87,129.87,19990600,19990900,19990900
1999-03-01 06:00:00,130.25,130.17,130.17,19990600,19990900,19990900
1999-03-02 06:00:00,130.8,130.72,130.72,19990600,19990900,19990900
1999-03-03 06:00:00,131.95,131.87,131.87,19990600,19990900,19990900
1999-03-04 06:00:00,132.43,132.35,132.35,19990600,19990900,19990900
1999-03-05 06:00:00,132.7,132.62,132.62,19990600,19990900,19990900
1999-03-08 06:00:00,132.19,132.11,132.11,19990600,19990900,19990900
1999-03-09 06:00:00,131.65,131.57,131.57,19990600,19990900,19990900
1999-03-10 06:00:00,131.79,131.71,131.71,19990600,19990900,19990900
1999-03-11 06:00:00,130.85,131.75,131.75,19990600,19990900,19990900
1999-03-12 06:00:00,131.19,129.87,129.87,19990600,19990900,19990900
1999-03-15 06:00:00,130.41,129.87,129.87,19990600,19990900,19990900
1999-03-16 06:00:00,130.42,130.04,130.04,19990600,19990900,19990900
1999-03-17 06:00:00,131.51,130.06,130.06,19990600,19990900,19990900
1999-03-18 06:00:00,131.55,130.1,130.1,19990600,19990900,19990900
1999-03-19 06:00:00,131.79,130.34,130.34,19990600,19990900,19990900
1999-03-23 06:00:00,131.68,130.49,130.49,19990600,19990900,19990900
1999-03-24 06:00:00,130.96,129.57,129.57,19990600,19990900,19990900
1999-03-25 06:00:00,131.79,130.75,130.75,19990600,19990900,19990900
1999-03-26 06:00:00,132.43,130.69,130.69,19990600,19990900,19990900
1999-03-29 06:00:00,132.1,131.01,131.01,19990600,19990900,19990900
1999-03-30 06:00:00,132.73,131.54,131.54,19990600,19990900,19990900
1999-03-31 06:00:00,132.5,131.46,131.46,19990600,19990900,19990900
1999-04-01 06:00:00,132.67,131.37,131.37,19990600,19990900,19990900
1999-04-02 06:00:00,132.5,,,19990600,19990900,19990900
1999-04-05 05:00:00,132.33,131.55,131.55,19990600,19990900,19990900
1999-04-06 05:00:00,132.04,131.2,131.2,19990600,19990900,19990900
1999-04-07 05:00:00,132.85,131.92,131.92,19990600,19990900,19990900
1999-04-08 05:00:00,133.42,132.45,132.45,19990600,19990900,19990900
1999-04-09 05:00:00,133.51,132.51,132.51,19990600,19990900,19990900
1999-04-12 05:00:00,134.0,133.12,133.12,19990600,19990900,19990900
1999-04-13 05:00:00,133.58,132.69,132.69,19990600,19990900,19990900
1999-04-14 05:00:00,133.32,132.58,132.58,19990600,19990900,19990900
1999-04-15 05:00:00,133.95,133.1,133.1,19990600,19990900,19990900
1999-04-16 05:00:00,133.85,133.13,133.13,19990600,19990900,19990900
1999-04-19 05:00:00,134.2,133.21,133.21,19990600,19990900,19990900
1999-04-20 05:00:00,134.66,133.92,133.92,19990600,19990900,19990900
1999-04-21 05:00:00,134.71,133.72,133.72,19990600,19990900,19990900
1999-04-22 05:00:00,135.09,134.16,134.16,19990600,19990900,19990900
1999-04-23 05:00:00,134.58,133.91,133.91,19990600,19990900,19990900
1999-04-26 05:00:00,134.9,134.16,134.16,19990600,19990900,19990900
1999-04-27 05:00:00,135.58,134.88,134.88,19990600,19990900,19990900
1999-04-28 05:00:00,134.92,134.21,134.21,19990600,19990900,19990900
1999-04-30 05:00:00,135.24,134.44,134.44,19990600,19990900,19990900
1999-05-06 05:00:00,136.0,135.16,135.16,19990600,19990900,19990900
1999-05-07 05:00:00,136.11,135.44,135.44,19990600,19990900,19990900
1999-05-10 05:00:00,135.77,135.02,135.02,19990600,19990900,19990900
1999-05-11 05:00:00,135.58,134.95,134.95,19990600,19990900,19990900
1999-05-12 05:00:00,135.86,135.13,135.13,19990600,19990900,19990900
1999-05-13 05:00:00,136.48,135.7,135.7,19990600,19990900,19990900
1999-05-14 05:00:00,137.1,136.36,136.36,19990600,19990900,19990900
1999-05-17 05:00:00,137.12,,,19990600,19990900,19990900
1999-05-18 05:00:00,136.71,135.8,135.8,19990600,19990900,19990900
1999-05-19 05:00:00,136.53,135.7,135.7,19990600,19990900,19990900
1999-05-20 05:00:00,136.9,136.06,136.06,19990600,19990900,19990900
1999-05-21 05:00:00,136.39,135.55,135.55,19990600,19990900,19990900
1999-05-24 05:00:00,136.3,135.35,135.35,19990600,19990900,19990900
1999-05-25 05:00:00,136.5,135.58,135.58,19990600,19990900,19990900
1999-05-26 05:00:00,135.9,134.78,134.78,19990600,19990900,19990900
1999-05-27 05:00:00,135.6,134.45,134.45,19990600,19990900,19990900
1999-05-28 05:00:00,134.65,133.97,133.97,19990900,19991200,19991200
1999-05-31 05:00:00,134.73,134.05,134.05,19990900,19991200,19991200
1999-06-01 05:00:00,133.57,132.89,132.89,19990900,19991200,19991200
1999-06-02 05:00:00,132.73,132.05,132.05,19990900,19991200,19991200
1999-06-03 05:00:00,133.09,132.41,132.41,19990900,19991200,19991200
1999-06-04 05:00:00,132.97,132.29,132.29,19990900,19991200,19991200
1999-06-07 05:00:00,132.67,131.99,131.99,19990900,19991200,19991200
1999-06-08 05:00:00,133.35,132.67,132.67,19990900,19991200,19991200
1999-06-09 05:00:00,132.65,131.97,131.97,19990900,19991200,19991200
1999-06-10 05:00:00,132.92,132.24,132.24,19990900,19991200,19991200
1999-06-11 05:00:00,130.8,130.43,130.43,19990900,19991200,19991200
1999-06-14 05:00:00,131.82,129.96,129.96,19990900,19991200,19991200
1999-06-15 05:00:00,132.59,130.27,130.27,19990900,19991200,19991200
1999-06-16 05:00:00,132.52,131.0,131.0,19990900,19991200,19991200
1999-06-17 05:00:00,131.38,130.38,130.38,19990900,19991200,19991200
1999-06-18 05:00:00,131.32,129.8,129.8,19990900,19991200,19991200
1999-06-21 05:00:00,131.52,129.56,129.56,19990900,19991200,19991200
1999-06-22 05:00:00,131.98,129.6,129.6,19990900,19991200,19991200
1999-06-23 05:00:00,131.2,129.4,129.4,19990900,19991200,19991200
1999-06-24 05:00:00,131.29,130.24,130.24,19990900,19991200,19991200
1999-06-25 05:00:00,130.5,129.5,129.5,19990900,19991200,19991200
1999-06-28 05:00:00,130.43,129.43,129.43,19990900,19991200,19991200
1999-06-29 05:00:00,130.08,129.1,129.1,19990900,19991200,19991200
1999-06-30 05:00:00,129.18,127.68,127.68,19990900,19991200,19991200
1999-07-01 05:00:00,130.4,128.4,128.4,19990900,19991200,19991200
1999-07-02 05:00:00,131.3,129.3,129.3,19990900,19991200,19991200
1999-07-05 05:00:00,131.97,128.99,128.99,19990900,19991200,19991200
1999-07-06 05:00:00,131.06,129.06,129.06,19990900,19991200,19991200
1999-07-07 05:00:00,131.51,129.14,129.14,19990900,19991200,19991200
1999-07-08 05:00:00,131.5,129.5,129.5,19990900,19991200,19991200
1999-07-09 05:00:00,131.39,130.23,130.23,19990900,19991200,19991200
1999-07-12 05:00:00,132.15,130.11,130.11,19990900,19991200,19991200
1999-07-13 05:00:00,132.73,130.73,130.73,19990900,19991200,19991200
1999-07-14 05:00:00,132.0,129.72,129.72,19990900,19991200,19991200
1999-07-15 05:00:00,131.8,129.8,129.8,19990900,19991200,19991200
1999-07-16 05:00:00,131.0,129.0,129.0,19990900,19991200,19991200
1999-07-19 05:00:00,130.51,128.51,128.51,19990900,19991200,19991200
1999-07-21 05:00:00,131.02,129.07,129.07,19990900,19991200,19991200
1999-07-22 05:00:00,131.79,129.84,129.84,19990900,19991200,19991200
1999-07-23 05:00:00,132.28,130.33,130.33,19990900,19991200,19991200
1999-07-26 05:00:00,131.99,130.04,130.04,19990900,19991200,19991200
1999-07-27 05:00:00,132.88,130.93,130.93,19990900,19991200,19991200
1999-07-28 05:00:00,132.24,130.34,130.34,19990900,19991200,19991200
1999-07-29 05:00:00,130.5,128.6,128.6,19990900,19991200,19991200
1999-07-30 05:00:00,130.99,129.09,129.09,19990900,19991200,19991200
1999-08-02 05:00:00,130.23,128.33,128.33,19990900,19991200,19991200
1999-08-03 05:00:00,129.75,127.85,127.85,19990900,19991200,19991200
1999-08-04 05:00:00,129.73,128.13,128.13,19990900,19991200,19991200
1999-08-05 05:00:00,130.5,128.9,128.9,19990900,19991200,19991200
1999-08-06 05:00:00,130.68,128.88,128.88,19990900,19991200,19991200
1999-08-09 05:00:00,130.08,128.38,128.38,19990900,19991200,19991200
1999-08-10 05:00:00,129.42,127.82,127.82,19990900,19991200,19991200
1999-08-11 05:00:00,130.44,128.19,128.19,19990900,19991200,19991200
1999-08-12 05:00:00,130.42,128.82,128.82,19990900,19991200,19991200
1999-08-13 05:00:00,130.39,128.79,128.79,19990900,19991200,19991200
1999-08-16 05:00:00,129.7,128.1,128.1,19990900,19991200,19991200
1999-08-17 05:00:00,129.58,127.98,127.98,19990900,19991200,19991200
1999-08-18 05:00:00,129.71,128.11,128.11,19990900,19991200,19991200
1999-08-19 05:00:00,130.55,128.95,128.95,19990900,19991200,19991200
1999-08-20 05:00:00,131.02,129.42,129.42,19990900,19991200,19991200
1999-08-23 05:00:00,130.58,128.98,128.98,19990900,19991200,19991200
1999-08-24 05:00:00,130.15,128.55,128.55,19990900,19991200,19991200
1999-08-25 05:00:00,129.71,128.11,128.11,19990900,19991200,19991200
1999-08-26 05:00:00,130.1,128.51,128.51,19990900,19991200,19991200
1999-08-27 05:00:00,130.19,128.59,128.59,19990900,19991200,19991200
1999-08-30 05:00:00,128.28,128.05,128.05,19991200,20000300,20000300
1999-08-31 05:00:00,128.83,128.99,128.99,19991200,20000300,20000300
1999-09-01 05:00:00,128.57,129.08,129.08,19991200,20000300,20000300
1999-09-02 05:00:00,129.15,129.04,129.04,19991200,20000300,20000300
1999-09-03 05:00:00,129.18,129.54,129.54,19991200,20000300,20000300
1999-09-06 05:00:00,129.34,130.2,130.2,19991200,20000300,20000300
1999-09-07 05:00:00,129.0,129.95,129.95,19991200,20000300,20000300
1999-09-08 05:00:00,129.0,130.0,130.0,19991200,20000300,20000300
1999-09-09 05:00:00,128.35,129.85,129.85,19991200,20000300,20000300
1999-09-10 05:00:00,128.69,130.19,130.19,19991200,20000300,20000300
1999-09-13 05:00:00,129.6,130.6,130.6,19991200,20000300,20000300
1999-09-14 05:00:00,130.3,131.3,131.3,19991200,20000300,20000300
1999-09-16 05:00:00,130.69,131.69,131.69,19991200,20000300,20000300
1999-09-17 05:00:00,130.8,131.8,131.8,19991200,20000300,20000300
1999-09-20 05:00:00,131.96,132.46,132.46,19991200,20000300,20000300
1999-09-21 05:00:00,131.57,132.07,132.07,19991200,20000300,20000300
1999-09-22 05:00:00,130.95,131.6,131.6,19991200,20000300,20000300
1999-09-24 05:00:00,131.59,132.09,132.09,19991200,20000300,20000300
1999-09-27 05:00:00,131.53,132.03,132.03,19991200,20000300,20000300
1999-09-28 05:00:00,131.48,131.98,131.98,19991200,20000300,20000300
1999-09-29 05:00:00,131.92,132.42,132.42,19991200,20000300,20000300
1999-09-30 05:00:00,131.47,131.97,131.97,19991200,20000300,20000300
1999-10-01 05:00:00,131.74,132.24,132.24,19991200,20000300,20000300
1999-10-04 05:00:00,132.37,132.87,132.87,19991200,20000300,20000300
1999-10-05 05:00:00,131.99,132.49,132.49,19991200,20000300,20000300
1999-10-06 05:00:00,131.25,131.75,131.75,19991200,20000300,20000300
1999-10-07 05:00:00,130.88,131.38,131.38,19991200,20000300,20000300
1999-10-08 05:00:00,130.35,130.85,130.85,19991200,20000300,20000300
1999-10-12 05:00:00,129.69,130.19,130.19,19991200,20000300,20000300
1999-10-13 05:00:00,130.19,130.69,130.69,19991200,20000300,20000300
1999-10-14 05:00:00,129.77,130.27,130.27,19991200,20000300,20000300
1999-10-15 05:00:00,129.86,130.36,130.36,19991200,20000300,20000300
1999-10-18 05:00:00,130.58,131.08,131.08,19991200,20000300,20000300
1999-10-19 05:00:00,130.47,130.97,130.97,19991200,20000300,20000300
1999-10-20 05:00:00,129.74,130.24,130.24,19991200,20000300,20000300
1999-10-21 05:00:00,129.23,129.73,129.73,19991200,20000300,20000300
1999-10-22 05:00:00,129.1,129.6,129.6,19991200,20000300,20000300
1999-10-25 05:00:00,129.19,129.69,129.69,19991200,20000300,20000300
1999-10-26 05:00:00,129.53,130.03,130.03,19991200,20000300,20000300
1999-10-27 05:00:00,130.19,130.69,130.69,19991200,20000300,20000300
1999-10-28 05:00:00,129.81,130.31,130.31,19991200,20000300,20000300
1999-10-29 05:00:00,130.45,130.95,130.95,19991200,20000300,20000300
1999-11-01 06:00:00,130.44,130.94,130.94,19991200,20000300,20000300
1999-11-02 06:00:00,131.2,131.7,131.7,19991200,20000300,20000300
1999-11-04 06:00:00,131.07,131.57,131.57,19991200,20000300,20000300
1999-11-05 06:00:00,,131.66,131.66,19991200,20000300,20000300
1999-11-08 06:00:00,131.66,132.16,132.16,19991200,20000300,20000300
1999-11-09 06:00:00,131.2,131.7,131.7,19991200,20000300,20000300
1999-11-10 06:00:00,130.81,131.31,131.31,19991200,20000300,20000300
1999-11-11 06:00:00,130.9,131.4,131.4,19991200,20000300,20000300
1999-11-12 06:00:00,131.13,131.63,131.63,19991200,20000300,20000300
1999-11-15 06:00:00,131.6,132.1,132.1,19991200,20000300,20000300
1999-11-16 06:00:00,131.43,131.93,131.93,19991200,20000300,20000300
1999-11-17 06:00:00,130.6,131.1,131.1,19991200,20000300,20000300
1999-11-18 06:00:00,129.9,130.4,130.4,19991200,20000300,20000300
1999-11-19 06:00:00,130.2,130.7,130.7,19991200,20000300,20000300
1999-11-22 06:00:00,129.89,130.39,130.39,19991200,20000300,20000300
1999-11-24 06:00:00,129.79,130.29,130.29,19991200,20000300,20000300
1999-11-25 06:00:00,130.28,130.78,130.78,19991200,20000300,20000300
1999-11-26 06:00:00,129.88,130.38,130.38,19991200,20000300,20000300
1999-11-29 06:00:00,130.6,131.1,131.1,20000300,20000600,20000600
1999-11-30 06:00:00,130.86,131.36,131.36,20000300,20000600,20000600
1999-12-01 06:00:00,131.29,131.79,131.79,20000300,20000600,20000600
1999-12-02 06:00:00,131.12,130.1,130.1,20000300,20000600,20000600
1999-12-03 06:00:00,131.47,130.45,130.45,20000300,20000600,20000600
1999-12-06 06:00:00,131.8,130.78,130.78,20000300,20000600,20000600
1999-12-07 06:00:00,131.55,130.53,130.53,20000300,20000600,20000600
1999-12-08 06:00:00,131.96,,,20000300,20000600,20000600
1999-12-09 06:00:00,132.35,130.92,130.92,20000300,20000600,20000600
1999-12-10 06:00:00,131.9,130.47,130.47,20000300,20000600,20000600
1999-12-13 06:00:00,132.34,130.94,130.94,20000300,20000600,20000600
1999-12-14 06:00:00,131.66,130.4,130.4,20000300,20000600,20000600
1999-12-15 06:00:00,131.92,130.67,130.67,20000300,20000600,20000600
1999-12-16 06:00:00,131.4,,,20000300,20000600,20000600
1999-12-17 06:00:00,131.54,130.24,130.24,20000300,20000600,20000600
1999-12-20 06:00:00,132.1,130.75,130.75,20000300,20000600,20000600
1999-12-21 06:00:00,132.2,130.79,130.79,20000300,20000600,20000600
1999-12-22 06:00:00,132.36,131.09,131.09,20000300,20000600,20000600
1999-12-24 06:00:00,132.0,,,20000300,20000600,20000600
1999-12-27 06:00:00,132.18,130.91,130.91,20000300,20000600,20000600
1999-12-28 06:00:00,132.85,131.49,131.49,20000300,20000600,20000600
1999-12-29 06:00:00,132.81,131.75,131.75,20000300,20000600,20000600
1999-12-30 06:00:00,132.83,131.52,131.52,20000300,20000600,20000600
2000-01-04 06:00:00,132.02,130.62,130.62,20000300,20000600,20000600
2000-01-05 06:00:00,132.48,131.16,131.16,20000300,20000600,20000600
2000-01-06 06:00:00,132.71,131.38,131.38,20000300,20000600,20000600
2000-01-07 06:00:00,132.19,130.91,130.91,20000300,20000600,20000600
2000-01-11 06:00:00,132.34,131.02,131.02,20000300,20000600,20000600
2000-01-12 06:00:00,132.0,130.63,130.63,20000300,20000600,20000600
2000-01-13 06:00:00,132.08,130.66,130.66,20000300,20000600,20000600
2000-01-14 06:00:00,132.38,131.05,131.05,20000300,20000600,20000600
2000-01-17 06:00:00,132.43,,,20000300,20000600,20000600
2000-01-18 06:00:00,132.78,131.26,131.26,20000300,20000600,20000600
2000-01-19 06:00:00,132.84,131.32,131.32,20000300,20000600,20000600
2000-01-20 06:00:00,132.51,130.94,130.94,20000300,20000600,20000600
2000-01-21 06:00:00,132.89,131.55,131.55,20000300,20000600,20000600
2000-01-24 06:00:00,133.74,132.19,132.19,20000300,20000600,20000600
2000-01-25 06:00:00,133.92,132.44,132.44,20000300,20000600,20000600
2000-01-26 06:00:00,133.93,132.41,132.41,20000300,20000600,20000600
2000-01-27 06:00:00,133.96,132.34,132.34,20000300,20000600,20000600
2000-01-28 06:00:00,134.34,132.72,132.72,20000300,20000600,20000600
2000-01-31 06:00:00,133.52,,,20000300,20000600,20000600
2000-02-01 06:00:00,133.21,131.69,131.69,20000300,20000600,20000600
2000-02-02 06:00:00,132.11,130.61,130.61,20000300,20000600,20000600
2000-02-03 06:00:00,132.14,130.71,130.71,20000300,20000600,20000600
2000-02-04 06:00:00,132.55,130.9,130.9,20000300,20000600,20000600
2000-02-07 06:00:00,132.15,130.57,130.57,20000300,20000600,20000600
2000-02-08 06:00:00,131.36,129.88,129.88,20000300,20000600,20000600
2000-02-09 06:00:00,131.66,130.34,130.34,20000300,20000600,20000600
2000-02-10 06:00:00,131.89,130.34,130.34,20000300,20000600,20000600
2000-02-14 06:00:00,132.2,130.61,130.61,20000300,20000600,20000600
2000-02-15 06:00:00,132.56,131.0,131.0,20000300,20000600,20000600
2000-02-16 06:00:00,132.59,131.08,131.08,20000300,20000600,20000600
2000-02-17 06:00:00,132.02,130.53,130.53,20000300,20000600,20000600
2000-02-18 06:00:00,132.65,131.19,131.19,20000300,20000600,20000600
2000-02-21 06:00:00,132.73,131.28,131.28,20000300,20000600,20000600
2000-02-22 06:00:00,132.22,130.82,130.82,20000300,20000600,20000600
2000-02-23 06:00:00,132.31,130.91,130.91,20000300,20000600,20000600
2000-02-24 06:00:00,131.85,130.65,130.65,20000300,20000600,20000600
2000-02-25 06:00:00,131.9,130.4,130.4,20000300,20000600,20000600
2000-02-28 06:00:00,131.08,130.58,130.58,20000600,20000900,20000900
2000-02-29 06:00:00,130.78,130.28,130.28,20000600,20000900,20000900
2000-03-01 06:00:00,130.96,130.0,130.0,20000600,20000900,20000900
2000-03-02 06:00:00,131.33,130.37,130.37,20000600,20000900,20000900
2000-03-03 06:00:00,131.1,130.14,130.14,20000600,20000900,20000900
2000-03-06 06:00:00,131.4,130.44,130.44,20000600,20000900,20000900
2000-03-07 06:00:00,131.3,130.34,130.34,20000600,20000900,20000900
2000-03-08 06:00:00,131.74,130.78,130.78,20000600,20000900,20000900
2000-03-09 06:00:00,131.41,130.46,130.46,20000600,20000900,20000900
2000-03-10 06:00:00,130.95,130.13,130.13,20000600,20000900,20000900
2000-03-13 06:00:00,131.12,130.07,130.07,20000600,20000900,20000900
2000-03-14 06:00:00,131.15,130.17,130.17,20000600,20000900,20000900
2000-03-15 06:00:00,130.95,129.9,129.9,20000600,20000900,20000900
2000-03-16 06:00:00,130.61,129.69,129.69,20000600,20000900,20000900
2000-03-17 06:00:00,130.82,129.95,129.95,20000600,20000900,20000900
2000-03-21 06:00:00,130.58,129.76,129.76,20000600,20000900,20000900
2000-03-22 06:00:00,130.87,129.7,129.7,20000600,20000900,20000900
2000-03-23 06:00:00,130.83,129.95,129.95,20000600,20000900,20000900
2000-03-24 06:00:00,130.61,129.86,129.86,20000600,20000900,20000900
2000-03-27 06:00:00,130.36,129.56,129.56,20000600,20000900,20000900
2000-03-28 06:00:00,130.45,129.39,129.39,20000600,20000900,20000900
2000-03-29 06:00:00,130.62,129.45,129.45,20000600,20000900,20000900
2000-03-30 06:00:00,131.34,130.34,130.34,20000600,20000900,20000900
2000-03-31 06:00:00,131.54,130.54,130.54,20000600,20000900,20000900
2000-04-03 05:00:00,131.32,130.45,130.45,20000600,20000900,20000900
2000-04-04 05:00:00,131.64,130.78,130.78,20000600,20000900,20000900
2000-04-05 05:00:00,131.72,130.7,130.7,20000600,20000900,20000900
2000-04-06 05:00:00,132.05,131.1,131.1,20000600,20000900,20000900
2000-04-07 05:00:00,132.16,131.24,131.24,20000600,20000900,20000900
2000-04-10 05:00:00,131.87,130.98,130.98,20000600,20000900,20000900
2000-04-11 05:00:00,131.8,130.97,130.97,20000600,20000900,20000900
2000-04-12 05:00:00,131.54,130.77,130.77,20000600,20000900,20000900
2000-04-13 05:00:00,131.12,130.23,130.23,20000600,20000900,20000900
2000-04-14 05:00:00,131.38,130.53,130.53,20000600,20000900,20000900
2000-04-17 05:00:00,132.2,131.43,131.43,20000600,20000900,20000900
2000-04-18 05:00:00,132.23,131.38,131.38,20000600,20000900,20000900
2000-04-19 05:00:00,132.41,131.61,131.61,20000600,20000900,20000900
2000-04-20 05:00:00,132.2,131.33,131.33,20000600,20000900,20000900
2000-04-21 05:00:00,132.19,131.42,131.42,20000600,20000900,20000900
2000-04-24 05:00:00,132.27,131.49,131.49,20000600,20000900,20000900
2000-04-25 05:00:00,132.33,131.52,131.52,20000600,20000900,20000900
2000-04-26 05:00:00,132.48,131.71,131.71,20000600,20000900,20000900
2000-04-27 05:00:00,132.6,131.79,131.79,20000600,20000900,20000900
2000-04-28 05:00:00,132.34,131.45,131.45,20000600,20000900,20000900
2000-05-01 05:00:00,132.68,131.77,131.77,20000600,20000900,20000900
2000-05-02 05:00:00,132.65,131.86,131.86,20000600,20000900,20000900
2000-05-08 05:00:00,132.63,131.85,131.85,20000600,20000900,20000900
2000-05-09 05:00:00,132.98,132.15,132.15,20000600,20000900,20000900
2000-05-10 05:00:00,132.9,132.02,132.02,20000600,20000900,20000900
2000-05-11 05:00:00,133.18,132.33,132.33,20000600,20000900,20000900
2000-05-12 05:00:00,132.88,132.01,132.01,20000600,20000900,20000900
2000-05-15 05:00:00,132.91,131.99,131.99,20000600,20000900,20000900
2000-05-16 05:00:00,132.68,131.76,131.76,20000600,20000900,20000900
2000-05-17 05:00:00,132.55,131.59,131.59,20000600,20000900,20000900
2000-05-18 05:00:00,133.1,132.05,132.05,20000600,20000900,20000900
2000-05-19 05:00:00,133.0,131.9,131.9,20000600,20000900,20000900
2000-05-22 05:00:00,133.41,132.47,132.47,20000600,20000900,20000900
2000-05-23 05:00:00,133.1,132.13,132.13,20000600,20000900,20000900
2000-05-24 05:00:00,133.45,132.52,132.52,20000600,20000900,20000900
2000-05-25 05:00:00,133.3,132.41,132.41,20000600,20000900,20000900
2000-05-26 05:00:00,133.52,132.64,132.64,20000600,20000900,20000900
2000-05-29 05:00:00,132.82,132.3,132.3,20000900,20001200,20001200
2000-05-30 05:00:00,132.57,132.05,132.05,20000900,20001200,20001200
2000-05-31 05:00:00,132.92,132.4,132.4,20000900,20001200,20001200
2000-06-01 05:00:00,132.82,132.3,132.3,20000900,20001200,20001200
2000-06-02 05:00:00,132.52,132.0,132.0,20000900,20001200,20001200
2000-06-05 05:00:00,131.86,131.34,131.34,20000900,20001200,20001200
2000-06-06 05:00:00,131.89,131.37,131.37,20000900,20001200,20001200
2000-06-07 05:00:00,132.25,131.73,131.73,20000900,20001200,20001200
2000-06-08 05:00:00,132.36,131.84,131.84,20000900,20001200,20001200
2000-06-09 05:00:00,132.73,132.09,132.09,20000900,20001200,20001200
2000-06-12 05:00:00,132.65,132.03,132.03,20000900,20001200,20001200
2000-06-13 05:00:00,132.89,132.26,132.26,20000900,20001200,20001200
2000-06-14 05:00:00,132.88,132.22,132.22,20000900,20001200,20001200
2000-06-15 05:00:00,133.11,132.35,132.35,20000900,20001200,20001200
2000-06-16 05:00:00,133.37,132.55,132.55,20000900,20001200,20001200
2000-06-19 05:00:00,133.47,132.84,132.84,20000900,20001200,20001200
2000-06-20 05:00:00,133.36,132.61,132.61,20000900,20001200,20001200
2000-06-21 05:00:00,133.02,132.55,132.55,20000900,20001200,20001200
2000-06-22 05:00:00,133.03,132.41,132.41,20000900,20001200,20001200
2000-06-23 05:00:00,133.19,132.47,132.47,20000900,20001200,20001200
2000-06-26 05:00:00,132.87,132.27,132.27,20000900,20001200,20001200
2000-06-27 05:00:00,132.77,132.13,132.13,20000900,20001200,20001200
2000-06-28 05:00:00,132.88,132.22,132.22,20000900,20001200,20001200
2000-06-29 05:00:00,132.73,132.16,132.16,20000900,20001200,20001200
2000-06-30 05:00:00,132.75,132.17,132.17,20000900,20001200,20001200
2000-07-03 05:00:00,132.62,131.91,131.91,20000900,20001200,20001200
2000-07-04 05:00:00,132.85,132.2,132.2,20000900,20001200,20001200
2000-07-05 05:00:00,132.65,132.08,132.08,20000900,20001200,20001200
2000-07-06 05:00:00,132.93,132.23,132.23,20000900,20001200,20001200
2000-07-07 05:00:00,132.72,132.09,132.09,20000900,20001200,20001200
2000-07-10 05:00:00,132.65,132.05,132.05,20000900,20001200,20001200
2000-07-11 05:00:00,132.55,132.02,132.02,20000900,20001200,20001200
2000-07-12 05:00:00,132.39,131.78,131.78,20000900,20001200,20001200
2000-07-13 05:00:00,133.18,132.53,132.53,20000900,20001200,20001200
2000-07-14 05:00:00,133.2,132.57,132.57,20000900,20001200,20001200
2000-07-17 05:00:00,133.3,132.74,132.74,20000900,20001200,20001200
2000-07-18 05:00:00,133.43,132.75,132.75,20000900,20001200,20001200
2000-07-19 05:00:00,133.34,132.68,132.68,20000900,20001200,20001200
2000-07-20 05:00:00,,132.75,132.75,20000900,20001200,20001200
2000-07-21 05:00:00,133.44,132.82,132.82,20000900,20001200,20001200
2000-07-24 05:00:00,133.32,132.73,132.73,20000900,20001200,20001200
2000-07-25 05:00:00,133.13,132.54,132.54,20000900,20001200,20001200
2000-07-26 05:00:00,133.31,132.72,132.72,20000900,20001200,20001200
2000-07-27 05:00:00,133.65,133.04,133.04,20000900,20001200,20001200
2000-07-28 05:00:00,133.8,133.23,133.23,20000900,20001200,20001200
2000-07-31 05:00:00,133.78,133.11,133.11,20000900,20001200,20001200
2000-08-01 05:00:00,133.74,133.1,133.1,20000900,20001200,20001200
2000-08-02 05:00:00,133.8,133.13,133.13,20000900,20001200,20001200
2000-08-03 05:00:00,133.83,133.22,133.22,20000900,20001200,20001200
2000-08-04 05:00:00,133.96,133.28,133.28,20000900,20001200,20001200
2000-08-07 05:00:00,133.91,133.26,133.26,20000900,20001200,20001200
2000-08-08 05:00:00,133.8,133.09,133.09,20000900,20001200,20001200
2000-08-09 05:00:00,133.44,132.8,132.8,20000900,20001200,20001200
2000-08-10 05:00:00,,132.69,132.69,20000900,20001200,20001200
2000-08-11 05:00:00,,132.72,132.72,20000900,20001200,20001200
2000-08-14 05:00:00,133.47,132.84,132.84,20000900,20001200,20001200
2000-08-15 05:00:00,133.24,132.7,132.7,20000900,20001200,20001200
2000-08-16 05:00:00,133.1,132.56,132.56,20000900,20001200,20001200
2000-08-17 05:00:00,133.29,132.8,132.8,20000900,20001200,20001200
2000-08-18 05:00:00,133.03,132.42,132.42,20000900,20001200,20001200
2000-08-21 05:00:00,133.03,132.41,132.41,20000900,20001200,20001200
2000-08-22 05:00:00,,132.08,132.08,20000900,20001200,20001200
2000-08-23 05:00:00,132.35,131.68,131.68,20000900,20001200,20001200
2000-08-24 05:00:00,132.44,131.74,131.74,20000900,20001200,20001200
2000-08-25 05:00:00,132.02,131.42,131.42,20000900,20001200,20001200
2000-08-28 05:00:00,131.29,131.29,131.29,20001200,20010300,20010300
2000-08-29 05:00:00,131.03,131.03,131.03,20001200,20010300,20010300
2000-08-30 05:00:00,131.34,131.34,131.34,20001200,20010300,20010300
2000-08-31 05:00:00,131.38,131.38,131.38,20001200,20010300,20010300
2000-09-01 05:00:00,130.81,130.81,130.81,20001200,20010300,20010300
2000-09-04 05:00:00,130.81,130.81,130.81,20001200,20010300,20010300
2000-09-05 05:00:00,130.68,130.68,130.68,20001200,20010300,20010300
2000-09-06 05:00:00,130.65,130.65,130.65,20001200,20010300,20010300
2000-09-07 05:00:00,130.89,130.25,130.25,20001200,20010300,20010300
2000-09-08 05:00:00,131.65,131.15,131.15,20001200,20010300,20010300
2000-09-11 05:00:00,131.89,131.4,131.4,20001200,20010300,20010300
2000-09-12 05:00:00,132.03,131.32,131.32,20001200,20010300,20010300
2000-09-13 05:00:00,131.78,131.07,131.07,20001200,20010300,20010300
2000-09-14 05:00:00,131.63,131.29,131.29,20001200,20010300,20010300
2000-09-18 05:00:00,131.85,131.17,131.17,20001200,20010300,20010300
2000-09-19 05:00:00,132.09,131.41,131.41,20001200,20010300,20010300
2000-09-20 05:00:00,131.91,131.33,131.33,20001200,20010300,20010300
2000-09-21 05:00:00,131.86,131.16,131.16,20001200,20010300,20010300
2000-09-22 05:00:00,132.33,131.63,131.63,20001200,20010300,20010300
2000-09-25 05:00:00,132.15,131.45,131.45,20001200,20010300,20010300
2000-09-26 05:00:00,131.85,131.15,131.15,20001200,20010300,20010300
2000-09-27 05:00:00,132.1,131.4,131.4,20001200,20010300,20010300
2000-09-28 05:00:00,132.12,131.42,131.42,20001200,20010300,20010300
2000-09-29 05:00:00,132.38,131.68,131.68,20001200,20010300,20010300
2000-10-02 05:00:00,132.56,131.86,131.86,20001200,20010300,20010300
2000-10-03 05:00:00,132.68,131.96,131.96,20001200,20010300,20010300
2000-10-04 05:00:00,132.73,132.03,132.03,20001200,20010300,20010300
2000-10-05 05:00:00,132.85,132.15,132.15,20001200,20010300,20010300
2000-10-06 05:00:00,132.85,132.15,132.15,20001200,20010300,20010300
2000-10-10 05:00:00,132.82,132.12,132.12,20001200,20010300,20010300
2000-10-11 05:00:00,132.92,132.22,132.22,20001200,20010300,20010300
2000-10-12 05:00:00,132.59,131.89,131.89,20001200,20010300,20010300
2000-10-13 05:00:00,133.0,132.3,132.3,20001200,20010300,20010300
2000-10-16 05:00:00,132.86,132.16,132.16,20001200,20010300,20010300
2000-10-17 05:00:00,133.0,132.3,132.3,20001200,20010300,20010300
2000-10-18 05:00:00,133.28,132.58,132.58,20001200,20010300,20010300
2000-10-19 05:00:00,133.25,132.55,132.55,20001200,20010300,20010300
2000-10-20 05:00:00,133.25,132.55,132.55,20001200,20010300,20010300
2000-10-23 05:00:00,133.05,132.35,132.35,20001200,20010300,20010300
2000-10-24 05:00:00,132.88,132.18,132.18,20001200,20010300,20010300
2000-10-25 05:00:00,133.1,132.4,132.4,20001200,20010300,20010300
2000-10-26 05:00:00,133.02,132.32,132.32,20001200,20010300,20010300
2000-10-27 05:00:00,133.05,132.35,132.35,20001200,20010300,20010300
2000-10-30 06:00:00,133.25,132.55,132.55,20001200,20010300,20010300
2000-10-31 06:00:00,,132.63,132.63,20001200,20010300,20010300
2000-11-01 06:00:00,133.09,132.38,132.38,20001200,20010300,20010300
2000-11-02 06:00:00,,132.56,132.56,20001200,20010300,20010300
2000-11-06 06:00:00,,132.68,132.68,20001200,20010300,20010300
2000-11-07 06:00:00,133.43,132.63,132.63,20001200,20010300,20010300
2000-11-08 06:00:00,133.35,132.55,132.55,20001200,20010300,20010300
2000-11-09 06:00:00,133.51,132.71,132.71,20001200,20010300,20010300
2000-11-10 06:00:00,,132.82,132.82,20001200,20010300,20010300
2000-11-13 06:00:00,,133.1,133.1,20001200,20010300,20010300
2000-11-14 06:00:00,,132.99,132.99,20001200,20010300,20010300
2000-11-15 06:00:00,,133.32,133.32,20001200,20010300,20010300
2000-11-16 06:00:00,134.13,133.19,133.19,20001200,20010300,20010300
2000-11-17 06:00:00,134.05,133.19,133.19,20001200,20010300,20010300
2000-11-20 06:00:00,133.5,133.5,133.5,20010300,20010600,20010600
2000-11-22 06:00:00,133.57,133.57,133.57,20010300,20010600,20010600
2000-11-24 06:00:00,133.93,133.93,133.93,20010300,20010600,20010600
2000-11-27 06:00:00,133.81,133.81,133.81,20010300,20010600,20010600
2000-11-28 06:00:00,133.69,133.69,133.69,20010300,20010600,20010600
2000-11-29 06:00:00,134.18,134.18,134.18,20010300,20010600,20010600
2000-11-30 06:00:00,134.68,134.68,134.68,20010300,20010600,20010600
2000-12-01 06:00:00,134.64,134.64,134.64,20010300,20010600,20010600
2000-12-04 06:00:00,134.53,134.53,134.53,20010300,20010600,20010600
2000-12-05 06:00:00,,134.77,134.77,20010300,20010600,20010600
2000-12-06 06:00:00,,134.78,134.78,20010300,20010600,20010600
2000-12-07 06:00:00,,135.4,135.4,20010300,20010600,20010600
2000-12-08 06:00:00,,135.19,135.19,20010300,20010600,20010600
2000-12-11 06:00:00,,134.67,134.67,20010300,20010600,20010600
2000-12-12 06:00:00,,134.1,134.1,20010300,20010600,20010600
2000-12-13 06:00:00,,133.34,133.34,20010300,20010600,20010600
2000-12-14 06:00:00,134.35,133.71,133.71,20010300,20010600,20010600
2000-12-15 06:00:00,,133.69,133.69,20010300,20010600,20010600
2000-12-18 06:00:00,134.0,133.36,133.36,20010300,20010600,20010600
2000-12-19 06:00:00,134.47,133.83,133.83,20010300,20010600,20010600
2000-12-20 06:00:00,135.08,134.44,134.44,20010300,20010600,20010600
2000-12-21 06:00:00,135.63,134.99,134.99,20010300,20010600,20010600
2000-12-26 06:00:00,135.25,134.61,134.61,20010300,20010600,20010600
2000-12-27 06:00:00,,134.82,134.82,20010300,20010600,20010600
2000-12-29 06:00:00,,134.26,134.26,20010300,20010600,20010600
2001-01-04 06:00:00,135.21,134.43,134.43,20010300,20010600,20010600
2001-01-05 06:00:00,,134.53,134.53,20010300,20010600,20010600
2001-01-09 06:00:00,,135.02,135.02,20010300,20010600,20010600
2001-01-10 06:00:00,,134.72,134.72,20010300,20010600,20010600
2001-01-11 06:00:00,,135.53,135.53,20010300,20010600,20010600
2001-01-12 06:00:00,,135.59,135.59,20010300,20010600,20010600
2001-01-15 06:00:00,136.35,135.57,135.57,20010300,20010600,20010600
2001-01-16 06:00:00,,135.26,135.26,20010300,20010600,20010600
2001-01-17 06:00:00,,135.03,135.03,20010300,20010600,20010600
2001-01-18 06:00:00,,135.67,135.67,20010300,20010600,20010600
2001-01-22 06:00:00,,136.2,136.2,20010300,20010600,20010600
2001-01-23 06:00:00,,136.45,136.45,20010300,20010600,20010600
2001-01-24 06:00:00,136.75,136.46,136.46,20010300,20010600,20010600
2001-01-25 06:00:00,,137.1,137.1,20010300,20010600,20010600
2001-01-26 06:00:00,137.43,137.14,137.14,20010300,20010600,20010600
2001-01-29 06:00:00,137.14,136.85,136.85,20010300,20010600,20010600
2001-01-30 06:00:00,136.5,136.21,136.21,20010300,20010600,20010600
2001-01-31 06:00:00,,136.59,136.59,20010300,20010600,20010600
2001-02-01 06:00:00,,136.41,136.41,20010300,20010600,20010600
2001-02-02 06:00:00,136.15,135.86,135.86,20010300,20010600,20010600
2001-02-05 06:00:00,136.88,136.59,136.59,20010300,20010600,20010600
2001-02-06 06:00:00,,136.3,136.3,20010300,20010600,20010600
2001-02-07 06:00:00,137.06,136.68,136.68,20010300,20010600,20010600
2001-02-08 06:00:00,137.03,136.65,136.65,20010300,20010600,20010600
2001-02-09 06:00:00,,136.86,136.86,20010300,20010600,20010600
2001-02-12 06:00:00,137.18,,,20010300,20010600,20010600
2001-02-13 06:00:00,137.76,137.48,137.48,20010300,20010600,20010600
2001-02-14 06:00:00,137.51,137.19,137.19,20010300,20010600,20010600
2001-02-15 06:00:00,137.64,137.24,137.24,20010300,20010600,20010600
2001-02-16 06:00:00,137.62,137.29,137.29,20010300,20010600,20010600
2001-02-20 06:00:00,,137.49,137.49,20010300,20010600,20010600
2001-02-21 06:00:00,137.8,137.65,137.65,20010300,20010600,20010600
2001-02-22 06:00:00,137.36,137.33,137.33,20010300,20010600,20010600
2001-02-23 06:00:00,137.0,,,20010600,20010900,20010900
2001-02-26 06:00:00,137.6,137.6,137.6,20010600,20010900,20010900
2001-02-27 06:00:00,137.78,137.78,137.78,20010600,20010900,20010900
2001-02-28 06:00:00,138.15,,,20010600,20010900,20010900
2001-03-01 06:00:00,,139.02,139.02,20010600,20010900,20010900
2001-03-02 06:00:00,138.72,138.72,138.72,20010600,20010900,20010900
2001-03-05 06:00:00,,138.8,138.8,20010600,20010900,20010900
2001-03-06 06:00:00,139.46,139.46,139.46,20010600,20010900,20010900
2001-03-07 06:00:00,139.53,139.53,139.53,20010600,20010900,20010900
2001-03-08 06:00:00,,139.21,139.21,20010600,20010900,20010900
2001-03-09 06:00:00,138.9,,,20010600,20010900,20010900
2001-03-12 06:00:00,139.24,139.24,139.24,20010600,20010900,20010900
2001-03-13 06:00:00,139.1,138.76,138.76,20010600,20010900,20010900
2001-03-14 06:00:00,139.68,139.63,139.63,20010600,20010900,20010900
2001-03-15 06:00:00,139.75,139.59,139.59,20010600,20010900,20010900
2001-03-16 06:00:00,139.94,139.61,139.61,20010600,20010900,20010900
2001-03-19 06:00:00,140.1,,,20010600,20010900,20010900
2001-03-20 06:00:00,140.1,,,20010600,20010900,20010900
2001-03-21 06:00:00,140.5,140.3,140.3,20010600,20010900,20010900
2001-03-22 06:00:00,140.12,,,20010600,20010900,20010900
2001-03-23 06:00:00,139.45,139.77,139.77,20010600,20010900,20010900
2001-03-26 06:00:00,139.72,,,20010600,20010900,20010900
2001-03-27 06:00:00,139.45,,,20010600,20010900,20010900
2001-03-28 06:00:00,,139.15,139.15,20010600,20010900,20010900
2001-03-29 06:00:00,138.44,138.57,138.57,20010600,20010900,20010900
2001-04-02 05:00:00,138.46,138.01,138.01,20010600,20010900,20010900
2001-04-03 05:00:00,,138.68,138.68,20010600,20010900,20010900
2001-04-04 05:00:00,138.7,,,20010600,20010900,20010900
2001-04-05 05:00:00,138.91,138.98,138.98,20010600,20010900,20010900
2001-04-06 05:00:00,139.11,139.18,139.18,20010600,20010900,20010900
2001-04-09 05:00:00,,139.01,139.01,20010600,20010900,20010900
2001-04-10 05:00:00,138.47,138.54,138.54,20010600,20010900,20010900
2001-04-11 05:00:00,138.7,138.39,138.39,20010600,20010900,20010900
2001-04-12 05:00:00,,138.5,138.5,20010600,20010900,20010900
2001-04-16 05:00:00,137.77,,,20010600,20010900,20010900
2001-04-17 05:00:00,,137.55,137.55,20010600,20010900,20010900
2001-04-19 05:00:00,,137.4,137.4,20010600,20010900,20010900
2001-04-20 05:00:00,137.8,137.48,137.48,20010600,20010900,20010900
2001-04-23 05:00:00,138.5,138.12,138.12,20010600,20010900,20010900
2001-04-24 05:00:00,,137.79,137.79,20010600,20010900,20010900
2001-04-25 05:00:00,138.67,138.06,138.06,20010600,20010900,20010900
2001-04-26 05:00:00,138.98,138.33,138.33,20010600,20010900,20010900
2001-04-27 05:00:00,139.3,138.78,138.78,20010600,20010900,20010900
2001-05-01 05:00:00,138.94,138.39,138.39,20010600,20010900,20010900
2001-05-02 05:00:00,139.02,138.47,138.47,20010600,20010900,20010900
2001-05-07 05:00:00,139.48,138.9,138.9,20010600,20010900,20010900
2001-05-08 05:00:00,139.62,139.08,139.08,20010600,20010900,20010900
2001-05-09 05:00:00,139.85,139.23,139.23,20010600,20010900,20010900
2001-05-10 05:00:00,139.76,139.24,139.24,20010600,20010900,20010900
2001-05-11 05:00:00,140.0,139.43,139.43,20010600,20010900,20010900
2001-05-14 05:00:00,140.15,139.59,139.59,20010600,20010900,20010900
2001-05-15 05:00:00,139.82,139.28,139.28,20010600,20010900,20010900
2001-05-16 05:00:00,139.84,139.22,139.22,20010600,20010900,20010900
2001-05-17 05:00:00,139.75,139.31,139.31,20010600,20010900,20010900
2001-05-18 05:00:00,140.29,139.72,139.72,20010600,20010900,20010900
2001-05-21 05:00:00,139.85,139.41,139.41,20010600,20010900,20010900
2001-05-22 05:00:00,139.7,139.21,139.21,20010600,20010900,20010900
2001-05-23 05:00:00,139.95,139.45,139.45,20010600,20010900,20010900
2001-05-24 05:00:00,140.2,139.64,139.64,20010600,20010900,20010900
2001-05-25 05:00:00,140.08,139.55,139.55,20010600,20010900,20010900
2001-05-28 05:00:00,140.19,139.65,139.65,20010600,20010900,20010900
2001-05-29 05:00:00,139.54,139.54,139.54,20010900,20011200,20011200
2001-05-30 05:00:00,139.77,139.77,139.77,20010900,20011200,20011200
2001-05-31 05:00:00,140.2,140.2,140.2,20010900,20011200,20011200
2001-06-01 05:00:00,140.19,140.19,140.19,20010900,20011200,20011200
2001-06-04 05:00:00,140.16,140.16,140.16,20010900,20011200,20011200
2001-06-05 05:00:00,140.33,140.33,140.33,20010900,20011200,20011200
2001-06-06 05:00:00,140.09,140.09,140.09,20010900,20011200,20011200
2001-06-07 05:00:00,140.25,140.25,140.25,20010900,20011200,20011200
2001-06-08 05:00:00,140.07,140.07,140.07,20010900,20011200,20011200
2001-06-11 05:00:00,140.29,140.01,140.01,20010900,20011200,20011200
2001-06-12 05:00:00,140.36,139.96,139.96,20010900,20011200,20011200
2001-06-13 05:00:00,140.65,140.46,140.46,20010900,20011200,20011200
2001-06-14 05:00:00,140.59,140.44,140.44,20010900,20011200,20011200
2001-06-15 05:00:00,140.54,140.32,140.32,20010900,20011200,20011200
2001-06-18 05:00:00,140.74,140.55,140.55,20010900,20011200,20011200
2001-06-19 05:00:00,140.7,140.52,140.52,20010900,20011200,20011200
2001-06-20 05:00:00,140.72,140.48,140.48,20010900,20011200,20011200
2001-06-21 05:00:00,140.72,140.52,140.52,20010900,20011200,20011200
2001-06-22 05:00:00,140.66,140.59,140.59,20010900,20011200,20011200
2001-06-25 05:00:00,140.95,140.79,140.79,20010900,20011200,20011200
2001-06-26 05:00:00,141.04,140.88,140.88,20010900,20011200,20011200
2001-06-27 05:00:00,141.09,140.97,140.97,20010900,20011200,20011200
2001-06-28 05:00:00,141.23,141.1,141.1,20010900,20011200,20011200
2001-06-29 05:00:00,140.46,140.31,140.31,20010900,20011200,20011200
2001-07-02 05:00:00,139.9,139.81,139.81,20010900,20011200,20011200
2001-07-03 05:00:00,140.04,139.94,139.94,20010900,20011200,20011200
2001-07-04 05:00:00,140.28,140.09,140.09,20010900,20011200,20011200
2001-07-05 05:00:00,140.33,140.14,140.14,20010900,20011200,20011200
2001-07-06 05:00:00,140.37,140.22,140.22,20010900,20011200,20011200
2001-07-09 05:00:00,139.29,139.14,139.14,20010900,20011200,20011200
2001-07-10 05:00:00,139.48,139.34,139.34,20010900,20011200,20011200
2001-07-11 05:00:00,139.85,139.63,139.63,20010900,20011200,20011200
2001-07-12 05:00:00,140.07,139.97,139.97,20010900,20011200,20011200
2001-07-13 05:00:00,139.7,139.29,139.29,20010900,20011200,20011200
2001-07-16 05:00:00,139.1,138.98,138.98,20010900,20011200,20011200
2001-07-17 05:00:00,139.01,138.92,138.92,20010900,20011200,20011200
2001-07-18 05:00:00,139.37,138.93,138.93,20010900,20011200,20011200
2001-07-19 05:00:00,139.05,138.99,138.99,20010900,20011200,20011200
2001-07-23 05:00:00,139.31,139.01,139.01,20010900,20011200,20011200
2001-07-24 05:00:00,138.85,138.59,138.59,20010900,20011200,20011200
2001-07-25 05:00:00,139.05,138.57,138.57,20010900,20011200,20011200
2001-07-26 05:00:00,139.5,139.16,139.16,20010900,20011200,20011200
2001-07-27 05:00:00,139.7,139.48,139.48,20010900,20011200,20011200
2001-07-30 05:00:00,139.68,139.19,139.19,20010900,20011200,20011200
2001-07-31 05:00:00,139.91,139.36,139.36,20010900,20011200,20011200
2001-08-01 05:00:00,139.86,139.47,139.47,20010900,20011200,20011200
2001-08-02 05:00:00,139.74,139.46,139.46,20010900,20011200,20011200
2001-08-03 05:00:00,139.35,139.28,139.28,20010900,20011200,20011200
2001-08-06 05:00:00,138.8,138.6,138.6,20010900,20011200,20011200
2001-08-07 05:00:00,138.7,138.43,138.43,20010900,20011200,20011200
2001-08-08 05:00:00,139.24,138.9,138.9,20010900,20011200,20011200
2001-08-09 05:00:00,139.57,139.24,139.24,20010900,20011200,20011200
2001-08-10 05:00:00,140.0,139.7,139.7,20010900,20011200,20011200
2001-08-13 05:00:00,140.22,139.86,139.86,20010900,20011200,20011200
2001-08-14 05:00:00,140.53,140.16,140.16,20010900,20011200,20011200
2001-08-15 05:00:00,140.65,140.33,140.33,20010900,20011200,20011200
2001-08-16 05:00:00,140.51,140.19,140.19,20010900,20011200,20011200
2001-08-17 05:00:00,140.26,139.98,139.98,20010900,20011200,20011200
2001-08-20 05:00:00,140.14,139.59,139.59,20010900,20011200,20011200
2001-08-21 05:00:00,140.13,139.78,139.78,20010900,20011200,20011200
2001-08-22 05:00:00,140.33,140.02,140.02,20010900,20011200,20011200
2001-08-23 05:00:00,139.82,139.56,139.56,20010900,20011200,20011200
2001-08-24 05:00:00,139.92,139.64,139.64,20010900,20011200,20011200
2001-08-27 05:00:00,139.54,139.31,139.31,20010900,20011200,20011200
2001-08-28 05:00:00,139.59,139.59,139.59,20011200,20020300,20020300
2001-08-29 05:00:00,139.54,139.54,139.54,20011200,20020300,20020300
2001-08-30 05:00:00,139.5,139.5,139.5,20011200,20020300,20020300
2001-08-31 05:00:00,139.52,139.52,139.52,20011200,20020300,20020300
2001-09-03 05:00:00,139.21,139.21,139.21,20011200,20020300,20020300
2001-09-04 05:00:00,139.38,139.38,139.38,20011200,20020300,20020300
2001-09-05 05:00:00,139.48,139.48,139.48,20011200,20020300,20020300
2001-09-06 05:00:00,139.27,139.27,139.27,20011200,20020300,20020300
2001-09-07 05:00:00,139.17,139.17,139.17,20011200,20020300,20020300
2001-09-10 05:00:00,139.1,139.1,139.1,20011200,20020300,20020300
2001-09-11 05:00:00,138.93,137.14,137.14,20011200,20020300,20020300
2001-09-12 05:00:00,138.95,138.14,138.14,20011200,20020300,20020300
2001-09-13 05:00:00,138.94,137.24,137.24,20011200,20020300,20020300
2001-09-14 05:00:00,139.4,137.09,137.09,20011200,20020300,20020300
2001-09-17 05:00:00,140.17,138.15,138.15,20011200,20020300,20020300
2001-09-18 05:00:00,140.14,138.43,138.43,20011200,20020300,20020300
2001-09-19 05:00:00,139.66,137.95,137.95,20011200,20020300,20020300
2001-09-20 05:00:00,139.32,137.61,137.61,20011200,20020300,20020300
2001-09-21 05:00:00,139.54,137.75,137.75,20011200,20020300,20020300
2001-09-25 05:00:00,139.66,138.03,138.03,20011200,20020300,20020300
2001-09-26 05:00:00,139.32,137.56,137.56,20011200,20020300,20020300
2001-09-27 05:00:00,139.59,137.99,137.99,20011200,20020300,20020300
2001-09-28 05:00:00,139.47,138.06,138.06,20011200,20020300,20020300
2001-10-01 05:00:00,139.77,138.19,138.19,20011200,20020300,20020300
2001-10-02 05:00:00,140.05,138.45,138.45,20011200,20020300,20020300
2001-10-03 05:00:00,139.97,138.57,138.57,20011200,20020300,20020300
2001-10-04 05:00:00,139.86,138.41,138.41,20011200,20020300,20020300
2001-10-05 05:00:00,139.75,138.22,138.22,20011200,20020300,20020300
2001-10-08 05:00:00,139.83,,,20011200,20020300,20020300
2001-10-09 05:00:00,139.7,138.23,138.23,20011200,20020300,20020300
2001-10-10 05:00:00,139.69,138.14,138.14,20011200,20020300,20020300
2001-10-11 05:00:00,139.92,138.14,138.14,20011200,20020300,20020300
2001-10-12 05:00:00,139.77,138.23,138.23,20011200,20020300,20020300
2001-10-15 05:00:00,139.89,138.23,138.23,20011200,20020300,20020300
2001-10-16 05:00:00,140.25,138.75,138.75,20011200,20020300,20020300
2001-10-17 05:00:00,140.06,138.39,138.39,20011200,20020300,20020300
2001-10-18 05:00:00,140.32,138.62,138.62,20011200,20020300,20020300
2001-10-19 05:00:00,140.31,138.55,138.55,20011200,20020300,20020300
2001-10-22 05:00:00,140.25,138.49,138.49,20011200,20020300,20020300
2001-10-23 05:00:00,140.43,138.64,138.64,20011200,20020300,20020300
2001-10-24 05:00:00,140.53,138.78,138.78,20011200,20020300,20020300
2001-10-25 05:00:00,140.53,138.62,138.62,20011200,20020300,20020300
2001-10-26 05:00:00,140.58,138.66,138.66,20011200,20020300,20020300
2001-10-29 06:00:00,140.63,138.71,138.71,20011200,20020300,20020300
2001-10-30 06:00:00,140.56,138.83,138.83,20011200,20020300,20020300
2001-10-31 06:00:00,140.72,139.02,139.02,20011200,20020300,20020300
2001-11-01 06:00:00,140.65,139.0,139.0,20011200,20020300,20020300
2001-11-02 06:00:00,140.68,139.1,139.1,20011200,20020300,20020300
2001-11-05 06:00:00,140.73,138.94,138.94,20011200,20020300,20020300
2001-11-06 06:00:00,140.67,138.95,138.95,20011200,20020300,20020300
2001-11-07 06:00:00,140.82,139.16,139.16,20011200,20020300,20020300
2001-11-08 06:00:00,140.49,138.76,138.76,20011200,20020300,20020300
2001-11-09 06:00:00,140.4,138.52,138.52,20011200,20020300,20020300
2001-11-12 06:00:00,140.51,138.73,138.73,20011200,20020300,20020300
2001-11-13 06:00:00,140.45,138.59,138.59,20011200,20020300,20020300
2001-11-14 06:00:00,140.32,138.58,138.58,20011200,20020300,20020300
2001-11-15 06:00:00,140.15,138.31,138.31,20011200,20020300,20020300
2001-11-16 06:00:00,140.04,138.17,138.17,20011200,20020300,20020300
2001-11-19 06:00:00,140.16,138.28,138.28,20011200,20020300,20020300
2001-11-20 06:00:00,140.13,138.37,138.37,20011200,20020300,20020300
2001-11-21 06:00:00,140.21,138.35,138.35,20011200,20020300,20020300
2001-11-22 06:00:00,140.32,138.52,138.52,20011200,20020300,20020300
2001-11-26 06:00:00,139.8,137.97,137.97,20011200,20020300,20020300
2001-11-27 06:00:00,137.69,137.69,137.69,20020300,20020600,20020600
2001-11-28 06:00:00,138.18,138.18,138.18,20020300,20020600,20020600
2001-11-29 06:00:00,137.65,137.65,137.65,20020300,20020600,20020600
2001-11-30 06:00:00,137.77,137.77,137.77,20020300,20020600,20020600
2001-12-03 06:00:00,137.37,137.37,137.37,20020300,20020600,20020600
2001-12-04 06:00:00,137.68,137.68,137.68,20020300,20020600,20020600
2001-12-05 06:00:00,137.78,137.78,137.78,20020300,20020600,20020600
2001-12-06 06:00:00,137.64,137.64,137.64,20020300,20020600,20020600
2001-12-07 06:00:00,137.89,137.89,137.89,20020300,20020600,20020600
2001-12-10 06:00:00,138.24,138.24,138.24,20020300,20020600,20020600
2001-12-11 06:00:00,138.57,137.92,137.92,20020300,20020600,20020600
2001-12-12 06:00:00,138.52,137.48,137.48,20020300,20020600,20020600
2001-12-13 06:00:00,138.79,138.19,138.19,20020300,20020600,20020600
2001-12-14 06:00:00,138.62,138.01,138.01,20020300,20020600,20020600
2001-12-17 06:00:00,138.6,138.04,138.04,20020300,20020600,20020600
2001-12-18 06:00:00,138.7,138.1,138.1,20020300,20020600,20020600
2001-12-19 06:00:00,138.76,138.07,138.07,20020300,20020600,20020600
2001-12-20 06:00:00,138.85,138.09,138.09,20020300,20020600,20020600
2001-12-21 06:00:00,138.94,138.59,138.59,20020300,20020600,20020600
2001-12-26 06:00:00,138.8,138.59,138.59,20020300,20020600,20020600
2001-12-27 06:00:00,138.49,138.24,138.24,20020300,20020600,20020600
2001-12-28 06:00:00,138.2,137.7,137.7,20020300,20020600,20020600
2002-01-04 06:00:00,137.65,137.15,137.15,20020300,20020600,20020600
2002-01-07 06:00:00,137.93,137.6,137.6,20020300,20020600,20020600
2002-01-08 06:00:00,137.9,137.61,137.61,20020300,20020600,20020600
2002-01-09 06:00:00,137.97,137.45,137.45,20020300,20020600,20020600
2002-01-10 06:00:00,137.86,137.65,137.65,20020300,20020600,20020600
2002-01-11 06:00:00,137.75,137.12,137.12,20020300,20020600,20020600
2002-01-15 06:00:00,137.49,137.44,137.44,20020300,20020600,20020600
2002-01-16 06:00:00,137.78,137.28,137.28,20020300,20020600,20020600
2002-01-17 06:00:00,137.32,137.1,137.1,20020300,20020600,20020600
2002-01-18 06:00:00,137.02,136.63,136.63,20020300,20020600,20020600
2002-01-21 06:00:00,136.65,136.21,136.21,20020300,20020600,20020600
2002-01-22 06:00:00,136.78,136.28,136.28,20020300,20020600,20020600
2002-01-23 06:00:00,137.08,136.58,136.58,20020300,20020600,20020600
2002-01-24 06:00:00,136.6,135.97,135.97,20020300,20020600,20020600
2002-01-25 06:00:00,136.29,135.74,135.74,20020300,20020600,20020600
2002-01-28 06:00:00,136.6,136.05,136.05,20020300,20020600,20020600
2002-01-29 06:00:00,136.59,136.04,136.04,20020300,20020600,20020600
2002-01-30 06:00:00,136.2,135.7,135.7,20020300,20020600,20020600
2002-01-31 06:00:00,136.1,135.6,135.6,20020300,20020600,20020600
2002-02-01 06:00:00,135.72,135.22,135.22,20020300,20020600,20020600
2002-02-04 06:00:00,136.23,135.54,135.54,20020300,20020600,20020600
2002-02-05 06:00:00,135.85,135.35,135.35,20020300,20020600,20020600
2002-02-06 06:00:00,136.06,135.41,135.41,20020300,20020600,20020600
2002-02-07 06:00:00,136.38,135.65,135.65,20020300,20020600,20020600
2002-02-08 06:00:00,136.9,136.13,136.13,20020300,20020600,20020600
2002-02-12 06:00:00,137.0,136.22,136.22,20020300,20020600,20020600
2002-02-13 06:00:00,136.7,135.92,135.92,20020300,20020600,20020600
2002-02-14 06:00:00,136.6,135.83,135.83,20020300,20020600,20020600
2002-02-15 06:00:00,136.85,136.07,136.07,20020300,20020600,20020600
2002-02-18 06:00:00,136.85,136.0,136.0,20020300,20020600,20020600
2002-02-19 06:00:00,136.69,135.95,135.95,20020300,20020600,20020600
2002-02-20 06:00:00,136.77,136.02,136.02,20020300,20020600,20020600
2002-02-21 06:00:00,137.26,136.49,136.49,20020300,20020600,20020600
2002-02-22 06:00:00,137.1,136.3,136.3,20020300,20020600,20020600
2002-02-25 06:00:00,137.14,136.37,136.37,20020300,20020600,20020600
2002-02-26 06:00:00,136.16,136.16,136.16,20020600,20020900,20020900
2002-02-27 06:00:00,136.23,136.23,136.23,20020600,20020900,20020900
2002-02-28 06:00:00,136.26,136.26,136.26,20020600,20020900,20020900
2002-03-01 06:00:00,136.49,136.49,136.49,20020600,20020900,20020900
2002-03-04 06:00:00,136.84,136.84,136.84,20020600,20020900,20020900
2002-03-05 06:00:00,137.05,136.84,136.84,20020600,20020900,20020900
2002-03-06 06:00:00,137.16,137.16,137.16,20020600,20020900,20020900
2002-03-07 06:00:00,137.22,137.22,137.22,20020600,20020900,20020900
2002-03-08 06:00:00,137.1,137.1,137.1,20020600,20020900,20020900
2002-03-11 06:00:00,136.72,135.78,135.78,20020600,20020900,20020900
2002-03-12 06:00:00,137.1,136.17,136.17,20020600,20020900,20020900
2002-03-13 06:00:00,137.3,136.37,136.37,20020600,20020900,20020900
2002-03-14 06:00:00,137.55,136.38,136.38,20020600,20020900,20020900
2002-03-15 06:00:00,137.45,136.28,136.28,20020600,20020900,20020900
2002-03-18 06:00:00,137.6,136.4,136.4,20020600,20020900,20020900
2002-03-19 06:00:00,137.59,136.39,136.39,20020600,20020900,20020900
2002-03-20 06:00:00,137.6,136.4,136.4,20020600,20020900,20020900
2002-03-22 06:00:00,137.57,136.37,136.37,20020600,20020900,20020900
2002-03-25 06:00:00,137.35,136.24,136.24,20020600,20020900,20020900
2002-03-26 06:00:00,137.48,136.3,136.3,20020600,20020900,20020900
2002-03-27 06:00:00,137.8,136.62,136.62,20020600,20020900,20020900
2002-03-28 06:00:00,138.03,136.85,136.85,20020600,20020900,20020900
2002-03-29 06:00:00,137.96,136.84,136.84,20020600,20020900,20020900
2002-04-01 06:00:00,137.87,136.75,136.75,20020600,20020900,20020900
2002-04-02 06:00:00,138.12,137.0,137.0,20020600,20020900,20020900
2002-04-03 06:00:00,138.14,137.04,137.04,20020600,20020900,20020900
2002-04-04 06:00:00,138.37,137.27,137.27,20020600,20020900,20020900
2002-04-05 06:00:00,138.3,137.2,137.2,20020600,20020900,20020900
2002-04-08 05:00:00,138.4,137.25,137.25,20020600,20020900,20020900
2002-04-09 05:00:00,138.19,137.12,137.12,20020600,20020900,20020900
2002-04-10 05:00:00,138.39,137.32,137.32,20020600,20020900,20020900
2002-04-11 05:00:00,138.47,137.4,137.4,20020600,20020900,20020900
2002-04-12 05:00:00,138.23,137.23,137.23,20020600,20020900,20020900
2002-04-15 05:00:00,138.5,137.5,137.5,20020600,20020900,20020900
2002-04-16 05:00:00,138.38,137.38,137.38,20020600,20020900,20020900
2002-04-17 05:00:00,138.17,137.17,137.17,20020600,20020900,20020900
2002-04-18 05:00:00,138.1,137.1,137.1,20020600,20020900,20020900
2002-04-19 05:00:00,138.25,137.39,137.39,20020600,20020900,20020900
2002-04-22 05:00:00,138.18,137.28,137.28,20020600,20020900,20020900
2002-04-23 05:00:00,138.07,137.03,137.03,20020600,20020900,20020900
2002-04-24 05:00:00,137.84,136.79,136.79,20020600,20020900,20020900
2002-04-25 05:00:00,137.85,136.81,136.81,20020600,20020900,20020900
2002-04-26 05:00:00,138.14,137.14,137.14,20020600,20020900,20020900
2002-04-30 05:00:00,138.69,137.73,137.73,20020600,20020900,20020900
2002-05-01 05:00:00,138.73,137.65,137.65,20020600,20020900,20020900
2002-05-02 05:00:00,138.7,137.61,137.61,20020600,20020900,20020900
2002-05-07 05:00:00,138.86,137.76,137.76,20020600,20020900,20020900
2002-05-08 05:00:00,138.74,137.59,137.59,20020600,20020900,20020900
2002-05-09 05:00:00,138.81,137.65,137.65,20020600,20020900,20020900
2002-05-10 05:00:00,138.83,137.69,137.69,20020600,20020900,20020900
2002-05-13 05:00:00,138.85,137.68,137.68,20020600,20020900,20020900
2002-05-14 05:00:00,139.0,137.9,137.9,20020600,20020900,20020900
2002-05-15 05:00:00,139.05,137.95,137.95,20020600,20020900,20020900
2002-05-16 05:00:00,138.96,137.85,137.85,20020600,20020900,20020900
2002-05-17 05:00:00,139.01,137.89,137.89,20020600,20020900,20020900
2002-05-20 05:00:00,138.75,137.63,137.63,20020600,20020900,20020900
2002-05-21 05:00:00,138.63,137.5,137.5,20020600,20020900,20020900
2002-05-22 05:00:00,138.62,137.49,137.49,20020600,20020900,20020900
2002-05-23 05:00:00,138.26,137.13,137.13,20020600,20020900,20020900
2002-05-24 05:00:00,138.4,137.33,137.33,20020600,20020900,20020900
2002-05-27 05:00:00,138.35,137.28,137.28,20020600,20020900,20020900
2002-05-28 05:00:00,137.58,137.58,137.58,20020900,20021200,20021200
2002-05-29 05:00:00,137.55,137.55,137.55,20020900,20021200,20021200
2002-05-30 05:00:00,137.95,137.95,137.95,20020900,20021200,20021200
2002-05-31 05:00:00,137.99,137.99,137.99,20020900,20021200,20021200
2002-06-03 05:00:00,137.97,137.97,137.97,20020900,20021200,20021200
2002-06-04 05:00:00,137.9,137.9,137.9,20020900,20021200,20021200
2002-06-05 05:00:00,137.76,137.76,137.76,20020900,20021200,20021200
2002-06-06 05:00:00,138.0,138.0,138.0,20020900,20021200,20021200
2002-06-07 05:00:00,138.25,138.25,138.25,20020900,20021200,20021200
2002-06-10 05:00:00,138.33,138.33,138.33,20020900,20021200,20021200
2002-06-11 05:00:00,138.3,138.3,138.3,20020900,20021200,20021200
2002-06-12 05:00:00,138.2,137.34,137.34,20020900,20021200,20021200
2002-06-13 05:00:00,138.25,137.39,137.39,20020900,20021200,20021200
2002-06-14 05:00:00,138.5,137.42,137.42,20020900,20021200,20021200
2002-06-17 05:00:00,138.4,137.55,137.55,20020900,20021200,20021200
2002-06-18 05:00:00,138.52,137.68,137.68,20020900,20021200,20021200
2002-06-19 05:00:00,138.2,137.37,137.37,20020900,20021200,20021200
2002-06-20 05:00:00,138.5,137.67,137.67,20020900,20021200,20021200
2002-06-21 05:00:00,138.85,138.02,138.02,20020900,20021200,20021200
2002-06-24 05:00:00,138.81,137.98,137.98,20020900,20021200,20021200
2002-06-25 05:00:00,138.93,138.1,138.1,20020900,20021200,20021200
2002-06-26 05:00:00,139.16,138.33,138.33,20020900,20021200,20021200
2002-06-27 05:00:00,138.82,137.99,137.99,20020900,20021200,20021200
2002-06-28 05:00:00,139.15,138.32,138.32,20020900,20021200,20021200
2002-07-01 05:00:00,138.64,137.81,137.81,20020900,20021200,20021200
2002-07-02 05:00:00,138.8,137.97,137.97,20020900,20021200,20021200
2002-07-03 05:00:00,138.76,137.93,137.93,20020900,20021200,20021200
2002-07-04 05:00:00,138.94,138.14,138.14,20020900,20021200,20021200
2002-07-05 05:00:00,139.02,138.19,138.19,20020900,20021200,20021200
2002-07-08 05:00:00,139.03,138.2,138.2,20020900,20021200,20021200
2002-07-09 05:00:00,139.0,138.17,138.17,20020900,20021200,20021200
2002-07-10 05:00:00,139.29,138.46,138.46,20020900,20021200,20021200
2002-07-11 05:00:00,139.46,138.64,138.64,20020900,20021200,20021200
2002-07-12 05:00:00,139.32,138.5,138.5,20020900,20021200,20021200
2002-07-15 05:00:00,139.61,138.79,138.79,20020900,20021200,20021200
2002-07-16 05:00:00,139.56,138.74,138.74,20020900,20021200,20021200
2002-07-17 05:00:00,139.58,138.76,138.76,20020900,20021200,20021200
2002-07-18 05:00:00,139.55,138.75,138.75,20020900,20021200,20021200
2002-07-19 05:00:00,139.67,138.87,138.87,20020900,20021200,20021200
2002-07-22 05:00:00,139.57,138.56,138.56,20020900,20021200,20021200
2002-07-23 05:00:00,139.23,138.42,138.42,20020900,20021200,20021200
2002-07-24 05:00:00,139.1,138.29,138.29,20020900,20021200,20021200
2002-07-25 05:00:00,139.23,138.42,138.42,20020900,20021200,20021200
2002-07-26 05:00:00,139.0,138.13,138.13,20020900,20021200,20021200
2002-07-29 05:00:00,138.78,137.97,137.97,20020900,20021200,20021200
2002-07-30 05:00:00,139.04,138.21,138.21,20020900,20021200,20021200
2002-07-31 05:00:00,139.31,138.47,138.47,20020900,20021200,20021200
2002-08-01 05:00:00,139.35,138.51,138.51,20020900,20021200,20021200
2002-08-02 05:00:00,139.62,138.78,138.78,20020900,20021200,20021200
2002-08-05 05:00:00,139.96,139.12,139.12,20020900,20021200,20021200
2002-08-06 05:00:00,139.78,138.94,138.94,20020900,20021200,20021200
2002-08-07 05:00:00,140.04,139.21,139.21,20020900,20021200,20021200
2002-08-08 05:00:00,139.94,139.12,139.12,20020900,20021200,20021200
2002-08-09 05:00:00,140.19,139.38,139.38,20020900,20021200,20021200
2002-08-12 05:00:00,140.26,139.44,139.44,20020900,20021200,20021200
2002-08-13 05:00:00,140.09,139.25,139.25,20020900,20021200,20021200
2002-08-14 05:00:00,140.41,139.58,139.58,20020900,20021200,20021200
2002-08-15 05:00:00,140.36,139.53,139.53,20020900,20021200,20021200
2002-08-16 05:00:00,140.3,139.48,139.48,20020900,20021200,20021200
2002-08-19 05:00:00,140.44,139.61,139.61,20020900,20021200,20021200
2002-08-20 05:00:00,140.33,139.48,139.48,20020900,20021200,20021200
2002-08-21 05:00:00,140.49,139.65,139.65,20020900,20021200,20021200
2002-08-22 05:00:00,140.54,139.68,139.68,20020900,20021200,20021200
2002-08-23 05:00:00,140.71,139.85,139.85,20020900,20021200,20021200
2002-08-26 05:00:00,140.81,139.96,139.96,20020900,20021200,20021200
2002-08-27 05:00:00,140.96,140.14,140.14,20020900,20021200,20021200
2002-08-28 05:00:00,140.05,140.05,140.05,20021200,20030300,20030300
2002-08-29 05:00:00,140.52,140.52,140.52,20021200,20030300,20030300
2002-08-30 05:00:00,140.55,140.55,140.55,20021200,20030300,20030300
2002-09-02 05:00:00,140.62,140.62,140.62,20021200,20030300,20030300
2002-09-03 05:00:00,140.55,140.55,140.55,20021200,20030300,20030300
2002-09-04 05:00:00,140.27,140.27,140.27,20021200,20030300,20030300
2002-09-05 05:00:00,140.55,140.55,140.55,20021200,20030300,20030300
2002-09-06 05:00:00,140.95,140.95,140.95,20021200,20030300,20030300
2002-09-09 05:00:00,140.9,140.9,140.9,20021200,20030300,20030300
2002-09-10 05:00:00,141.34,140.44,140.44,20021200,20030300,20030300
2002-09-11 05:00:00,141.28,140.58,140.58,20021200,20030300,20030300
2002-09-12 05:00:00,141.42,140.92,140.92,20021200,20030300,20030300
2002-09-13 05:00:00,141.24,140.74,140.74,20021200,20030300,20030300
2002-09-17 05:00:00,141.14,140.59,140.59,20021200,20030300,20030300
2002-09-18 05:00:00,139.59,139.09,139.09,20021200,20030300,20030300
2002-09-19 05:00:00,140.19,139.59,139.59,20021200,20030300,20030300
2002-09-20 05:00:00,139.3,138.67,138.67,20021200,20030300,20030300
2002-09-24 05:00:00,139.5,138.86,138.86,20021200,20030300,20030300
2002-09-25 05:00:00,139.8,139.2,139.2,20021200,20030300,20030300
2002-09-26 05:00:00,139.9,139.3,139.3,20021200,20030300,20030300
2002-09-27 05:00:00,140.1,139.5,139.5,20021200,20030300,20030300
2002-09-30 05:00:00,140.38,139.73,139.73,20021200,20030300,20030300
2002-10-01 05:00:00,140.71,140.06,140.06,20021200,20030300,20030300
2002-10-02 05:00:00,140.64,140.06,140.06,20021200,20030300,20030300
2002-10-03 05:00:00,140.83,140.23,140.23,20021200,20030300,20030300
2002-10-04 05:00:00,140.82,140.22,140.22,20021200,20030300,20030300
2002-10-07 05:00:00,140.58,139.98,139.98,20021200,20030300,20030300
2002-10-08 05:00:00,140.6,140.0,140.0,20021200,20030300,20030300
2002-10-09 05:00:00,140.86,140.26,140.26,20021200,20030300,20030300
2002-10-10 05:00:00,141.25,140.65,140.65,20021200,20030300,20030300
2002-10-11 05:00:00,141.4,140.8,140.8,20021200,20030300,20030300
2002-10-15 05:00:00,141.7,141.1,141.1,20021200,20030300,20030300
2002-10-16 05:00:00,141.62,141.02,141.02,20021200,20030300,20030300
2002-10-17 05:00:00,141.37,140.77,140.77,20021200,20030300,20030300
2002-10-18 05:00:00,141.42,140.82,140.82,20021200,20030300,20030300
2002-10-21 05:00:00,141.56,140.96,140.96,20021200,20030300,20030300
2002-10-22 05:00:00,141.27,140.7,140.7,20021200,20030300,20030300
2002-10-23 05:00:00,141.39,140.82,140.82,20021200,20030300,20030300
2002-10-24 05:00:00,141.45,140.85,140.85,20021200,20030300,20030300
2002-10-25 05:00:00,141.46,140.86,140.86,20021200,20030300,20030300
2002-10-28 06:00:00,141.62,141.02,141.02,20021200,20030300,20030300
2002-10-29 06:00:00,141.7,141.1,141.1,20021200,20030300,20030300
2002-10-30 06:00:00,141.64,141.04,141.04,20021200,20030300,20030300
2002-10-31 06:00:00,142.02,141.42,141.42,20021200,20030300,20030300
2002-11-01 06:00:00,142.0,141.4,141.4,20021200,20030300,20030300
2002-11-05 06:00:00,142.14,141.64,141.64,20021200,20030300,20030300
2002-11-06 06:00:00,141.96,141.46,141.46,20021200,20030300,20030300
2002-11-07 06:00:00,141.88,141.37,141.37,20021200,20030300,20030300
2002-11-08 06:00:00,142.02,141.51,141.51,20021200,20030300,20030300
2002-11-11 06:00:00,142.29,141.75,141.75,20021200,20030300,20030300
2002-11-12 06:00:00,142.21,141.7,141.7,20021200,20030300,20030300
2002-11-13 06:00:00,142.18,141.68,141.68,20021200,20030300,20030300
2002-11-14 06:00:00,141.62,141.12,141.12,20021200,20030300,20030300
2002-11-15 06:00:00,141.72,141.22,141.22,20021200,20030300,20030300
2002-11-18 06:00:00,141.62,141.12,141.12,20021200,20030300,20030300
2002-11-19 06:00:00,141.88,141.38,141.38,20021200,20030300,20030300
2002-11-20 06:00:00,141.66,141.19,141.19,20021200,20030300,20030300
2002-11-21 06:00:00,141.45,140.98,140.98,20021200,20030300,20030300
2002-11-22 06:00:00,141.68,141.2,141.2,20021200,20030300,20030300
2002-11-25 06:00:00,142.14,141.67,141.67,20021200,20030300,20030300
2002-11-26 06:00:00,142.33,141.84,141.84,20021200,20030300,20030300
2002-11-27 06:00:00,141.8,,,20030300,20030600,20030600
2002-11-28 06:00:00,141.89,,,20030300,20030600,20030600
2002-11-29 06:00:00,141.66,,,20030300,20030600,20030600
2002-12-02 06:00:00,141.66,,,20030300,20030600,20030600
2002-12-03 06:00:00,141.5,,,20030300,20030600,20030600
2002-12-04 06:00:00,141.4,,,20030300,20030600,20030600
2002-12-05 06:00:00,141.34,,,20030300,20030600,20030600
2002-12-06 06:00:00,141.32,,,20030300,20030600,20030600
2002-12-09 06:00:00,141.43,,,20030300,20030600,20030600
2002-12-10 06:00:00,141.62,,,20030300,20030600,20030600
2002-12-11 06:00:00,141.59,,,20030300,20030600,20030600
2002-12-12 06:00:00,141.56,,,20030300,20030600,20030600
2002-12-13 06:00:00,141.59,,,20030300,20030600,20030600
2002-12-16 06:00:00,142.0,,,20030300,20030600,20030600
2002-12-17 06:00:00,142.0,,,20030300,20030600,20030600
2002-12-18 06:00:00,141.93,,,20030300,20030600,20030600
2002-12-19 06:00:00,141.94,,,20030300,20030600,20030600
2002-12-20 06:00:00,141.8,,,20030300,20030600,20030600
2002-12-23 06:00:00,141.8,,,20030300,20030600,20030600
2002-12-24 06:00:00,141.92,,,20030300,20030600,20030600
2002-12-26 06:00:00,141.87,,,20030300,20030600,20030600
2002-12-27 06:00:00,141.97,,,20030300,20030600,20030600
2002-12-30 06:00:00,142.09,,,20030300,20030600,20030600
2003-01-06 06:00:00,142.05,,,20030300,20030600,20030600
2003-01-07 06:00:00,141.97,,,20030300,20030600,20030600
2003-01-08 06:00:00,142.05,,,20030300,20030600,20030600
2003-01-09 06:00:00,142.08,,,20030300,20030600,20030600
2003-01-10 06:00:00,141.83,,,20030300,20030600,20030600
2003-01-14 06:00:00,141.75,,,20030300,20030600,20030600
2003-01-15 06:00:00,142.2,,,20030300,20030600,20030600
2003-01-16 06:00:00,142.45,,,20030300,20030600,20030600
2003-01-17 06:00:00,142.45,,,20030300,20030600,20030600
2003-01-20 06:00:00,142.42,,,20030300,20030600,20030600
2003-01-21 06:00:00,142.46,,,20030300,20030600,20030600
2003-01-22 06:00:00,142.54,,,20030300,20030600,20030600
2003-01-23 06:00:00,142.58,,,20030300,20030600,20030600
2003-01-24 06:00:00,142.72,,,20030300,20030600,20030600
2003-01-27 06:00:00,142.9,,,20030300,20030600,20030600
2003-01-28 06:00:00,142.88,,,20030300,20030600,20030600
2003-01-29 06:00:00,142.92,,,20030300,20030600,20030600
2003-01-30 06:00:00,143.01,,,20030300,20030600,20030600
2003-01-31 06:00:00,142.76,,,20030300,20030600,20030600
2003-02-03 06:00:00,142.76,,,20030300,20030600,20030600
2003-02-04 06:00:00,142.63,,,20030300,20030600,20030600
2003-02-05 06:00:00,142.46,,,20030300,20030600,20030600
2003-02-06 06:00:00,142.55,,,20030300,20030600,20030600
2003-02-07 06:00:00,142.69,,,20030300,20030600,20030600
2003-02-10 06:00:00,142.78,,,20030300,20030600,20030600
2003-02-12 06:00:00,142.55,,,20030300,20030600,20030600
2003-02-13 06:00:00,142.58,,,20030300,20030600,20030600
2003-02-14 06:00:00,142.69,,,20030300,20030600,20030600
2003-02-17 06:00:00,142.35,,,20030300,20030600,20030600
2003-02-18 06:00:00,142.41,,,20030300,20030600,20030600
2003-02-19 06:00:00,142.42,,,20030300,20030600,20030600
2003-02-20 06:00:00,142.65,,,20030300,20030600,20030600
2003-02-21 06:00:00,142.9,,,20030300,20030600,20030600
2003-02-24 06:00:00,143.15,,,20030300,20030600,20030600
2003-02-25 06:00:00,143.17,,,20030300,20030600,20030600
2003-02-26 06:00:00,143.08,,,20030300,20030600,20030600
2003-02-27 06:00:00,143.15,,,20030300,20030600,20030600
2003-02-28 06:00:00,143.15,,,20030300,20030600,20030600
2003-03-03 06:00:00,143.11,,,20030300,20030600,20030600
2003-03-04 06:00:00,143.35,,,20030300,20030600,20030600
2003-03-05 06:00:00,143.27,,,20030300,20030600,20030600
2003-03-06 06:00:00,143.32,,,20030300,20030600,20030600
2003-03-07 06:00:00,143.4,142.83,142.83,20030300,20030600,20030600
2003-03-10 06:00:00,142.74,142.74,142.74,20030600,20030900,20030900
2003-03-11 06:00:00,142.98,142.98,142.98,20030600,20030900,20030900
2003-03-12 06:00:00,143.13,143.13,143.13,20030600,20030900,20030900
2003-03-13 06:00:00,143.02,143.02,143.02,20030600,20030900,20030900
2003-03-14 06:00:00,142.85,142.85,142.85,20030600,20030900,20030900
2003-03-17 06:00:00,143.1,143.1,143.1,20030600,20030900,20030900
2003-03-18 06:00:00,143.01,143.01,143.01,20030600,20030900,20030900
2003-03-19 06:00:00,143.09,142.79,142.79,20030600,20030900,20030900
2003-03-20 06:00:00,142.76,142.46,142.46,20030600,20030900,20030900
2003-03-24 06:00:00,142.78,142.48,142.48,20030600,20030900,20030900
2003-03-25 06:00:00,143.0,142.7,142.7,20030600,20030900,20030900
2003-03-26 06:00:00,142.93,142.63,142.63,20030600,20030900,20030900
2003-03-27 06:00:00,142.74,142.44,142.44,20030600,20030900,20030900
2003-03-28 06:00:00,142.69,142.39,142.39,20030600,20030900,20030900
2003-03-31 06:00:00,143.06,142.76,142.76,20030600,20030900,20030900
2003-04-01 06:00:00,143.0,142.7,142.7,20030600,20030900,20030900
2003-04-02 06:00:00,142.93,142.63,142.63,20030600,20030900,20030900
2003-04-03 06:00:00,142.88,142.58,142.58,20030600,20030900,20030900
2003-04-04 06:00:00,142.87,142.57,142.57,20030600,20030900,20030900
2003-04-07 05:00:00,142.52,142.22,142.22,20030600,20030900,20030900
2003-04-08 05:00:00,142.73,142.43,142.43,20030600,20030900,20030900
2003-04-09 05:00:00,143.03,142.73,142.73,20030600,20030900,20030900
2003-04-10 05:00:00,142.9,142.6,142.6,20030600,20030900,20030900
2003-04-11 05:00:00,142.99,142.69,142.69,20030600,20030900,20030900
2003-04-14 05:00:00,143.11,142.81,142.81,20030600,20030900,20030900
2003-04-15 05:00:00,143.14,,,20030600,20030900,20030900
2003-04-16 05:00:00,143.2,142.9,142.9,20030600,20030900,20030900
2003-04-17 05:00:00,143.3,143.0,143.0,20030600,20030900,20030900
2003-04-18 05:00:00,143.34,143.04,143.04,20030600,20030900,20030900
2003-04-21 05:00:00,143.38,143.08,143.08,20030600,20030900,20030900
2003-04-22 05:00:00,143.29,142.99,142.99,20030600,20030900,20030900
2003-04-23 05:00:00,143.29,142.99,142.99,20030600,20030900,20030900
2003-04-24 05:00:00,143.44,143.14,143.14,20030600,20030900,20030900
2003-04-25 05:00:00,143.43,143.13,143.13,20030600,20030900,20030900
2003-04-28 05:00:00,143.59,143.29,143.29,20030600,20030900,20030900
2003-04-30 05:00:00,143.55,143.25,143.25,20030600,20030900,20030900
2003-05-01 05:00:00,143.68,143.37,143.37,20030600,20030900,20030900
2003-05-02 05:00:00,143.74,143.43,143.43,20030600,20030900,20030900
2003-05-06 05:00:00,143.74,143.43,143.43,20030600,20030900,20030900
2003-05-07 05:00:00,143.83,143.53,143.53,20030600,20030900,20030900
2003-05-08 05:00:00,143.89,143.59,143.59,20030600,20030900,20030900
2003-05-09 05:00:00,143.93,143.63,143.63,20030600,20030900,20030900
2003-05-12 05:00:00,143.98,143.71,143.71,20030600,20030900,20030900
2003-05-13 05:00:00,143.96,143.69,143.69,20030600,20030900,20030900
2003-05-14 05:00:00,143.93,143.66,143.66,20030600,20030900,20030900
2003-05-15 05:00:00,144.02,143.76,143.76,20030600,20030900,20030900
2003-05-16 05:00:00,144.2,143.9,143.9,20030600,20030900,20030900
2003-05-19 05:00:00,143.96,143.66,143.66,20030600,20030900,20030900
2003-05-20 05:00:00,144.1,143.8,143.8,20030600,20030900,20030900
2003-05-21 05:00:00,144.19,143.88,143.88,20030600,20030900,20030900
2003-05-22 05:00:00,144.2,143.92,143.92,20030600,20030900,20030900
2003-05-23 05:00:00,144.23,143.97,143.97,20030600,20030900,20030900
2003-05-26 05:00:00,144.45,144.15,144.15,20030600,20030900,20030900
2003-05-27 05:00:00,144.52,144.24,144.24,20030600,20030900,20030900
2003-05-28 05:00:00,144.35,144.35,144.35,20030900,20031200,20031200
2003-05-29 05:00:00,144.47,144.35,144.35,20030900,20031200,20031200
2003-05-30 05:00:00,144.47,144.35,144.35,20030900,20031200,20031200
2003-06-02 05:00:00,144.37,144.25,144.25,20030900,20031200,20031200
2003-06-03 05:00:00,144.45,144.33,144.33,20030900,20031200,20031200
2003-06-04 05:00:00,144.5,144.38,144.38,20030900,20031200,20031200
2003-06-05 05:00:00,144.58,144.46,144.46,20030900,20031200,20031200
2003-06-06 05:00:00,144.68,144.56,144.56,20030900,20031200,20031200
2003-06-09 05:00:00,144.63,144.51,144.51,20030900,20031200,20031200
2003-06-10 05:00:00,144.77,144.65,144.65,20030900,20031200,20031200
2003-06-11 05:00:00,144.69,144.57,144.57,20030900,20031200,20031200
2003-06-12 05:00:00,144.94,144.82,144.82,20030900,20031200,20031200
2003-06-13 05:00:00,144.8,144.68,144.68,20030900,20031200,20031200
2003-06-16 05:00:00,144.75,144.63,144.63,20030900,20031200,20031200
2003-06-17 05:00:00,144.44,144.32,144.32,20030900,20031200,20031200
2003-06-18 05:00:00,143.64,143.52,143.52,20030900,20031200,20031200
2003-06-19 05:00:00,142.78,142.66,142.66,20030900,20031200,20031200
2003-06-20 05:00:00,143.46,143.34,143.34,20030900,20031200,20031200
2003-06-23 05:00:00,143.0,142.88,142.88,20030900,20031200,20031200
2003-06-24 05:00:00,142.95,142.83,142.83,20030900,20031200,20031200
2003-06-25 05:00:00,143.2,143.08,143.08,20030900,20031200,20031200
2003-06-26 05:00:00,143.12,143.0,143.0,20030900,20031200,20031200
2003-06-27 05:00:00,142.43,142.31,142.31,20030900,20031200,20031200
2003-06-30 05:00:00,141.74,141.62,141.62,20030900,20031200,20031200
2003-07-01 05:00:00,141.57,141.07,141.07,20030900,20031200,20031200
2003-07-02 05:00:00,141.25,140.75,140.75,20030900,20031200,20031200
2003-07-03 05:00:00,139.6,139.1,139.1,20030900,20031200,20031200
2003-07-04 05:00:00,140.44,139.94,139.94,20030900,20031200,20031200
2003-07-07 05:00:00,139.62,139.12,139.12,20030900,20031200,20031200
2003-07-08 05:00:00,138.91,138.41,138.41,20030900,20031200,20031200
2003-07-09 05:00:00,140.05,139.55,139.55,20030900,20031200,20031200
2003-07-10 05:00:00,140.48,139.98,139.98,20030900,20031200,20031200
2003-07-11 05:00:00,140.67,140.17,140.17,20030900,20031200,20031200
2003-07-14 05:00:00,140.51,140.01,140.01,20030900,20031200,20031200
2003-07-15 05:00:00,140.21,139.71,139.71,20030900,20031200,20031200
2003-07-16 05:00:00,140.24,139.74,139.74,20030900,20031200,20031200
2003-07-17 05:00:00,141.19,140.69,140.69,20030900,20031200,20031200
2003-07-18 05:00:00,141.02,140.52,140.52,20030900,20031200,20031200
2003-07-22 05:00:00,141.31,140.81,140.81,20030900,20031200,20031200
2003-07-23 05:00:00,141.2,140.4,140.4,20030900,20031200,20031200
2003-07-24 05:00:00,140.81,139.99,139.99,20030900,20031200,20031200
2003-07-25 05:00:00,141.49,140.67,140.67,20030900,20031200,20031200
2003-07-28 05:00:00,141.85,140.99,140.99,20030900,20031200,20031200
2003-07-29 05:00:00,141.65,140.79,140.79,20030900,20031200,20031200
2003-07-30 05:00:00,141.75,140.87,140.87,20030900,20031200,20031200
2003-07-31 05:00:00,141.92,141.05,141.05,20030900,20031200,20031200
2003-08-01 05:00:00,141.42,140.55,140.55,20030900,20031200,20031200
2003-08-04 05:00:00,141.47,140.6,140.6,20030900,20031200,20031200
2003-08-05 05:00:00,141.95,141.12,141.12,20030900,20031200,20031200
2003-08-06 05:00:00,141.85,141.06,141.06,20030900,20031200,20031200
2003-08-07 05:00:00,141.91,141.12,141.12,20030900,20031200,20031200
2003-08-08 05:00:00,142.18,141.39,141.39,20030900,20031200,20031200
2003-08-11 05:00:00,142.14,141.35,141.35,20030900,20031200,20031200
2003-08-12 05:00:00,142.06,141.25,141.25,20030900,20031200,20031200
2003-08-13 05:00:00,141.45,140.64,140.64,20030900,20031200,20031200
2003-08-14 05:00:00,140.5,139.66,139.66,20030900,20031200,20031200
2003-08-15 05:00:00,140.52,139.65,139.65,20030900,20031200,20031200
2003-08-18 05:00:00,139.4,138.53,138.53,20030900,20031200,20031200
2003-08-19 05:00:00,138.35,137.38,137.38,20030900,20031200,20031200
2003-08-20 05:00:00,138.05,137.04,137.04,20030900,20031200,20031200
2003-08-21 05:00:00,138.6,137.57,137.57,20030900,20031200,20031200
2003-08-22 05:00:00,138.55,137.52,137.52,20030900,20031200,20031200
2003-08-25 05:00:00,138.31,137.29,137.29,20030900,20031200,20031200
2003-08-26 05:00:00,137.34,136.3,136.3,20030900,20031200,20031200
2003-08-27 05:00:00,138.1,137.03,137.03,20030900,20031200,20031200
2003-08-28 05:00:00,136.15,136.15,136.15,20031200,20040300,20040300
2003-08-29 05:00:00,136.17,136.17,136.17,20031200,20040300,20040300
2003-09-01 05:00:00,134.74,134.74,134.74,20031200,20040300,20040300
2003-09-02 05:00:00,133.51,133.51,133.51,20031200,20040300,20040300
2003-09-03 05:00:00,134.58,134.58,134.58,20031200,20040300,20040300
2003-09-04 05:00:00,134.9,134.9,134.9,20031200,20040300,20040300
2003-09-05 05:00:00,135.59,135.59,135.59,20031200,20040300,20040300
2003-09-08 05:00:00,135.44,135.44,135.44,20031200,20040300,20040300
2003-09-09 05:00:00,134.7,134.7,134.7,20031200,20040300,20040300
2003-09-10 05:00:00,135.33,135.33,135.33,20031200,20040300,20040300
2003-09-11 05:00:00,136.2,136.2,136.2,20031200,20040300,20040300
2003-09-12 05:00:00,135.7,135.7,135.7,20031200,20040300,20040300
2003-09-16 05:00:00,136.29,136.29,136.29,20031200,20040300,20040300
2003-09-17 05:00:00,136.52,136.52,136.52,20031200,20040300,20040300
2003-09-18 05:00:00,137.23,137.23,137.23,20031200,20040300,20040300
2003-09-19 05:00:00,137.22,136.63,136.63,20031200,20040300,20040300
2003-09-22 05:00:00,138.4,137.81,137.81,20031200,20040300,20040300
2003-09-24 05:00:00,138.25,137.66,137.66,20031200,20040300,20040300
2003-09-25 05:00:00,137.08,136.49,136.49,20031200,20040300,20040300
2003-09-26 05:00:00,137.0,136.41,136.41,20031200,20040300,20040300
2003-09-29 05:00:00,136.75,136.25,136.25,20031200,20040300,20040300
2003-09-30 05:00:00,137.14,136.73,136.73,20031200,20040300,20040300
2003-10-01 05:00:00,136.91,136.5,136.5,20031200,20040300,20040300
2003-10-02 05:00:00,137.52,137.11,137.11,20031200,20040300,20040300
2003-10-03 05:00:00,137.6,137.1,137.1,20031200,20040300,20040300
2003-10-06 05:00:00,137.47,136.97,136.97,20031200,20040300,20040300
2003-10-07 05:00:00,137.7,137.2,137.2,20031200,20040300,20040300
2003-10-08 05:00:00,137.94,137.44,137.44,20031200,20040300,20040300
2003-10-09 05:00:00,138.35,137.85,137.85,20031200,20040300,20040300
2003-10-10 05:00:00,137.87,137.37,137.37,20031200,20040300,20040300
2003-10-14 05:00:00,136.65,136.15,136.15,20031200,20040300,20040300
2003-10-15 05:00:00,137.15,136.65,136.65,20031200,20040300,20040300
2003-10-16 05:00:00,136.96,136.46,136.46,20031200,20040300,20040300
2003-10-17 05:00:00,136.68,136.18,136.18,20031200,20040300,20040300
2003-10-20 05:00:00,135.99,135.49,135.49,20031200,20040300,20040300
2003-10-21 05:00:00,136.29,135.79,135.79,20031200,20040300,20040300
2003-10-22 05:00:00,136.87,136.37,136.37,20031200,20040300,20040300
2003-10-23 05:00:00,137.82,137.32,137.32,20031200,20040300,20040300
2003-10-24 05:00:00,137.58,137.08,137.08,20031200,20040300,20040300
2003-10-27 06:00:00,137.69,137.19,137.19,20031200,20040300,20040300
2003-10-28 06:00:00,137.37,136.87,136.87,20031200,20040300,20040300
2003-10-29 06:00:00,137.4,136.9,136.9,20031200,20040300,20040300
2003-10-30 06:00:00,137.05,136.55,136.55,20031200,20040300,20040300
2003-10-31 06:00:00,136.91,136.41,136.41,20031200,20040300,20040300
2003-11-04 06:00:00,136.54,136.04,136.04,20031200,20040300,20040300
2003-11-05 06:00:00,136.52,136.02,136.02,20031200,20040300,20040300
2003-11-06 06:00:00,136.24,135.74,135.74,20031200,20040300,20040300
2003-11-07 06:00:00,136.12,135.62,135.62,20031200,20040300,20040300
2003-11-10 06:00:00,136.35,135.85,135.85,20031200,20040300,20040300
2003-11-11 06:00:00,137.74,137.24,137.24,20031200,20040300,20040300
2003-11-12 06:00:00,137.79,137.29,137.29,20031200,20040300,20040300
2003-11-13 06:00:00,137.6,137.1,137.1,20031200,20040300,20040300
2003-11-14 06:00:00,138.19,137.69,137.69,20031200,20040300,20040300
2003-11-17 06:00:00,138.61,138.11,138.11,20031200,20040300,20040300
2003-11-18 06:00:00,138.28,137.78,137.78,20031200,20040300,20040300
2003-11-19 06:00:00,138.42,137.97,137.97,20031200,20040300,20040300
2003-11-20 06:00:00,138.05,137.6,137.6,20031200,20040300,20040300
2003-11-21 06:00:00,138.32,137.87,137.87,20031200,20040300,20040300
2003-11-25 06:00:00,138.16,137.75,137.75,20031200,20040300,20040300
2003-11-26 06:00:00,138.17,137.77,137.77,20031200,20040300,20040300
2003-11-27 06:00:00,137.72,137.72,137.72,20040300,20040600,20040600
2003-11-28 06:00:00,138.1,138.1,138.1,20040300,20040600,20040600
2003-12-01 06:00:00,137.59,137.59,137.59,20040300,20040600,20040600
2003-12-02 06:00:00,136.8,136.8,136.8,20040300,20040600,20040600
2003-12-03 06:00:00,136.84,136.84,136.84,20040300,20040600,20040600
2003-12-04 06:00:00,136.89,136.89,136.89,20040300,20040600,20040600
2003-12-05 06:00:00,137.33,137.33,137.33,20040300,20040600,20040600
2003-12-08 06:00:00,137.64,137.64,137.64,20040300,20040600,20040600
2003-12-09 06:00:00,137.94,137.94,137.94,20040300,20040600,20040600
2003-12-10 06:00:00,137.96,137.96,137.96,20040300,20040600,20040600
2003-12-11 06:00:00,138.01,138.01,138.01,20040300,20040600,20040600
2003-12-12 06:00:00,138.31,138.31,138.31,20040300,20040600,20040600
2003-12-15 06:00:00,137.72,137.72,137.72,20040300,20040600,20040600
2003-12-16 06:00:00,138.2,138.2,138.2,20040300,20040600,20040600
2003-12-17 06:00:00,138.25,138.25,138.25,20040300,20040600,20040600
2003-12-18 06:00:00,138.15,138.15,138.15,20040300,20040600,20040600
2003-12-19 06:00:00,138.26,138.26,138.26,20040300,20040600,20040600
2003-12-22 06:00:00,138.45,138.45,138.45,20040300,20040600,20040600
2003-12-24 06:00:00,138.43,138.43,138.43,20040300,20040600,20040600
2003-12-25 06:00:00,138.64,138.64,138.64,20040300,20040600,20040600
2003-12-26 06:00:00,138.34,138.34,138.34,20040300,20040600,20040600
2003-12-29 06:00:00,137.88,137.88,137.88,20040300,20040600,20040600
2003-12-30 06:00:00,137.84,137.84,137.84,20040300,20040600,20040600
2004-01-05 06:00:00,137.53,137.53,137.53,20040300,20040600,20040600
2004-01-06 06:00:00,137.98,137.98,137.98,20040300,20040600,20040600
2004-01-07 06:00:00,137.9,137.34,137.34,20040300,20040600,20040600
2004-01-08 06:00:00,137.89,137.39,137.39,20040300,20040600,20040600
2004-01-09 06:00:00,138.07,137.55,137.55,20040300,20040600,20040600
2004-01-13 06:00:00,138.68,138.16,138.16,20040300,20040600,20040600
2004-01-14 06:00:00,138.76,138.24,138.24,20040300,20040600,20040600
2004-01-15 06:00:00,138.9,138.38,138.38,20040300,20040600,20040600
2004-01-16 06:00:00,139.14,138.62,138.62,20040300,20040600,20040600
2004-01-19 06:00:00,138.81,138.31,138.31,20040300,20040600,20040600
2004-01-20 06:00:00,138.55,138.05,138.05,20040300,20040600,20040600
2004-01-21 06:00:00,138.6,138.1,138.1,20040300,20040600,20040600
2004-01-22 06:00:00,138.79,138.24,138.24,20040300,20040600,20040600
2004-01-23 06:00:00,138.75,138.2,138.2,20040300,20040600,20040600
2004-01-26 06:00:00,138.97,138.42,138.42,20040300,20040600,20040600
2004-01-27 06:00:00,139.06,138.51,138.51,20040300,20040600,20040600
2004-01-28 06:00:00,138.97,138.42,138.42,20040300,20040600,20040600
2004-01-29 06:00:00,138.89,138.34,138.34,20040300,20040600,20040600
2004-01-30 06:00:00,139.03,138.48,138.48,20040300,20040600,20040600
2004-02-02 06:00:00,139.11,138.56,138.56,20040300,20040600,20040600
2004-02-03 06:00:00,139.2,138.65,138.65,20040300,20040600,20040600
2004-02-04 06:00:00,139.48,138.93,138.93,20040300,20040600,20040600
2004-02-05 06:00:00,139.66,139.11,139.11,20040300,20040600,20040600
2004-02-06 06:00:00,139.69,139.14,139.14,20040300,20040600,20040600
2004-02-09 06:00:00,139.76,139.21,139.21,20040300,20040600,20040600
2004-02-10 06:00:00,139.9,139.37,139.37,20040300,20040600,20040600
2004-02-12 06:00:00,139.71,139.22,139.22,20040300,20040600,20040600
2004-02-13 06:00:00,139.62,139.13,139.13,20040300,20040600,20040600
2004-02-16 06:00:00,139.62,139.13,139.13,20040300,20040600,20040600
2004-02-17 06:00:00,139.4,138.9,138.9,20040300,20040600,20040600
2004-02-18 06:00:00,139.89,139.36,139.36,20040300,20040600,20040600
2004-02-19 06:00:00,139.94,139.42,139.42,20040300,20040600,20040600
2004-02-20 06:00:00,140.05,139.57,139.57,20040300,20040600,20040600
2004-02-23 06:00:00,140.0,139.51,139.51,20040300,20040600,20040600
2004-02-24 06:00:00,140.11,139.59,139.59,20040300,20040600,20040600
2004-02-25 06:00:00,140.31,139.81,139.81,20040300,20040600,20040600
2004-02-26 06:00:00,139.7,139.7,139.7,20040600,20040900,20040900
2004-02-27 06:00:00,139.48,139.48,139.48,20040600,20040900,20040900
2004-03-01 06:00:00,139.02,139.02,139.02,20040600,20040900,20040900
2004-03-02 06:00:00,138.48,138.48,138.48,20040600,20040900,20040900
2004-03-03 06:00:00,137.77,137.77,137.77,20040600,20040900,20040900
2004-03-04 06:00:00,138.11,138.11,138.11,20040600,20040900,20040900
2004-03-05 06:00:00,137.56,137.56,137.56,20040600,20040900,20040900
2004-03-08 06:00:00,138.27,138.27,138.27,20040600,20040900,20040900
2004-03-09 06:00:00,138.52,138.52,138.52,20040600,20040900,20040900
2004-03-10 06:00:00,138.87,138.87,138.87,20040600,20040900,20040900
2004-03-11 06:00:00,139.21,139.21,139.21,20040600,20040900,20040900
2004-03-12 06:00:00,139.45,139.45,139.45,20040600,20040900,20040900
2004-03-15 06:00:00,139.17,139.17,139.17,20040600,20040900,20040900
2004-03-16 06:00:00,139.27,139.27,139.27,20040600,20040900,20040900
2004-03-17 06:00:00,138.95,138.15,138.15,20040600,20040900,20040900
2004-03-18 06:00:00,138.88,138.08,138.08,20040600,20040900,20040900
2004-03-19 06:00:00,138.21,137.41,137.41,20040600,20040900,20040900
2004-03-22 06:00:00,138.47,137.67,137.67,20040600,20040900,20040900
2004-03-23 06:00:00,138.67,137.87,137.87,20040600,20040900,20040900
2004-03-24 06:00:00,138.97,138.17,138.17,20040600,20040900,20040900
2004-03-25 06:00:00,138.99,138.19,138.19,20040600,20040900,20040900
2004-03-26 06:00:00,138.05,137.25,137.25,20040600,20040900,20040900
2004-03-29 06:00:00,137.08,136.28,136.28,20040600,20040900,20040900
2004-03-30 06:00:00,137.32,136.42,136.42,20040600,20040900,20040900
2004-03-31 06:00:00,137.36,136.46,136.46,20040600,20040900,20040900
2004-04-01 06:00:00,137.87,136.97,136.97,20040600,20040900,20040900
2004-04-02 06:00:00,137.83,136.93,136.93,20040600,20040900,20040900
2004-04-05 05:00:00,137.17,136.27,136.27,20040600,20040900,20040900
2004-04-06 05:00:00,136.83,135.93,135.93,20040600,20040900,20040900
2004-04-07 05:00:00,137.15,136.22,136.22,20040600,20040900,20040900
2004-04-08 05:00:00,137.24,136.31,136.31,20040600,20040900,20040900
2004-04-09 05:00:00,137.38,136.45,136.45,20040600,20040900,20040900
2004-04-12 05:00:00,136.9,135.97,135.97,20040600,20040900,20040900
2004-04-13 05:00:00,137.28,136.35,136.35,20040600,20040900,20040900
2004-04-14 05:00:00,136.86,135.93,135.93,20040600,20040900,20040900
2004-04-15 05:00:00,137.34,136.41,136.41,20040600,20040900,20040900
2004-04-16 05:00:00,137.45,136.48,136.48,20040600,20040900,20040900
2004-04-19 05:00:00,137.62,136.61,136.61,20040600,20040900,20040900
2004-04-20 05:00:00,137.26,136.25,136.25,20040600,20040900,20040900
2004-04-21 05:00:00,136.9,135.88,135.88,20040600,20040900,20040900
2004-04-22 05:00:00,137.27,136.26,136.26,20040600,20040900,20040900
2004-04-23 05:00:00,137.55,136.53,136.53,20040600,20040900,20040900
2004-04-26 05:00:00,137.26,136.25,136.25,20040600,20040900,20040900
2004-04-27 05:00:00,137.57,136.54,136.54,20040600,20040900,20040900
2004-04-28 05:00:00,137.42,136.39,136.39,20040600,20040900,20040900
2004-04-30 05:00:00,137.3,136.28,136.28,20040600,20040900,20040900
2004-05-06 05:00:00,137.97,136.91,136.91,20040600,20040900,20040900
2004-05-07 05:00:00,138.26,137.2,137.2,20040600,20040900,20040900
2004-05-10 05:00:00,137.99,136.93,136.93,20040600,20040900,20040900
2004-05-11 05:00:00,137.7,136.63,136.63,20040600,20040900,20040900
2004-05-12 05:00:00,137.69,136.63,136.63,20040600,20040900,20040900
2004-05-13 05:00:00,138.11,137.03,137.03,20040600,20040900,20040900
2004-05-14 05:00:00,138.0,136.92,136.92,20040600,20040900,20040900
2004-05-17 05:00:00,138.88,137.8,137.8,20040600,20040900,20040900
2004-05-18 05:00:00,138.26,137.17,137.17,20040600,20040900,20040900
2004-05-19 05:00:00,138.21,137.12,137.12,20040600,20040900,20040900
2004-05-20 05:00:00,138.54,137.4,137.4,20040600,20040900,20040900
2004-05-21 05:00:00,138.67,137.53,137.53,20040600,20040900,20040900
2004-05-24 05:00:00,138.42,137.26,137.26,20040600,20040900,20040900
2004-05-25 05:00:00,138.62,137.45,137.45,20040600,20040900,20040900
2004-05-26 05:00:00,138.64,137.44,137.44,20040600,20040900,20040900
2004-05-27 05:00:00,138.63,137.45,137.45,20040600,20040900,20040900
2004-05-28 05:00:00,136.85,136.85,136.85,20040900,20041200,20041200
2004-05-31 05:00:00,136.75,136.75,136.75,20040900,20041200,20041200
2004-06-01 05:00:00,136.69,136.69,136.69,20040900,20041200,20041200
2004-06-02 05:00:00,136.45,136.45,136.45,20040900,20041200,20041200
2004-06-03 05:00:00,136.42,136.42,136.42,20040900,20041200,20041200
2004-06-04 05:00:00,136.28,136.28,136.28,20040900,20041200,20041200
2004-06-07 05:00:00,135.5,135.5,135.5,20040900,20041200,20041200
2004-06-08 05:00:00,135.24,135.24,135.24,20040900,20041200,20041200
2004-06-09 05:00:00,134.6,134.6,134.6,20040900,20041200,20041200
2004-06-10 05:00:00,134.45,134.45,134.45,20040900,20041200,20041200
2004-06-11 05:00:00,134.55,133.55,133.55,20040900,20041200,20041200
2004-06-14 05:00:00,134.15,133.05,133.05,20040900,20041200,20041200
2004-06-15 05:00:00,134.62,133.5,133.5,20040900,20041200,20041200
2004-06-16 05:00:00,133.91,132.8,132.8,20040900,20041200,20041200
2004-06-17 05:00:00,133.24,132.11,132.11,20040900,20041200,20041200
2004-06-18 05:00:00,134.04,132.91,132.91,20040900,20041200,20041200
2004-06-21 05:00:00,134.15,133.03,133.03,20040900,20041200,20041200
2004-06-22 05:00:00,133.77,132.64,132.64,20040900,20041200,20041200
2004-06-23 05:00:00,133.83,132.7,132.7,20040900,20041200,20041200
2004-06-24 05:00:00,133.75,132.59,132.59,20040900,20041200,20041200
2004-06-25 05:00:00,134.65,133.5,133.5,20040900,20041200,20041200
2004-06-28 05:00:00,134.26,133.12,133.12,20040900,20041200,20041200
2004-06-29 05:00:00,134.57,133.39,133.39,20040900,20041200,20041200
2004-06-30 05:00:00,135.01,133.87,133.87,20040900,20041200,20041200
2004-07-01 05:00:00,134.63,133.43,133.43,20040900,20041200,20041200
2004-07-02 05:00:00,135.24,134.06,134.06,20040900,20041200,20041200
2004-07-05 05:00:00,135.29,134.12,134.12,20040900,20041200,20041200
2004-07-06 05:00:00,135.45,134.28,134.28,20040900,20041200,20041200
2004-07-07 05:00:00,135.2,134.05,134.05,20040900,20041200,20041200
2004-07-08 05:00:00,135.37,134.23,134.23,20040900,20041200,20041200
2004-07-09 05:00:00,134.91,133.75,133.75,20040900,20041200,20041200
2004-07-12 05:00:00,135.4,134.24,134.24,20040900,20041200,20041200
2004-07-13 05:00:00,135.48,134.33,134.33,20040900,20041200,20041200
2004-07-14 05:00:00,135.31,134.16,134.16,20040900,20041200,20041200
2004-07-15 05:00:00,135.14,133.98,133.98,20040900,20041200,20041200
2004-07-16 05:00:00,135.39,134.23,134.23,20040900,20041200,20041200
2004-07-20 05:00:00,135.68,134.52,134.52,20040900,20041200,20041200
2004-07-21 05:00:00,135.3,134.15,134.15,20040900,20041200,20041200
2004-07-22 05:00:00,135.4,134.25,134.25,20040900,20041200,20041200
2004-07-23 05:00:00,135.06,133.9,133.9,20040900,20041200,20041200
2004-07-26 05:00:00,135.0,133.83,133.83,20040900,20041200,20041200
2004-07-27 05:00:00,134.72,133.54,133.54,20040900,20041200,20041200
2004-07-28 05:00:00,134.68,133.49,133.49,20040900,20041200,20041200
2004-07-29 05:00:00,135.0,133.81,133.81,20040900,20041200,20041200
2004-07-30 05:00:00,134.82,133.62,133.62,20040900,20041200,20041200
2004-08-02 05:00:00,134.64,133.44,133.44,20040900,20041200,20041200
2004-08-03 05:00:00,134.82,133.61,133.61,20040900,20041200,20041200
2004-08-04 05:00:00,135.5,134.33,134.33,20040900,20041200,20041200
2004-08-05 05:00:00,135.76,134.61,134.61,20040900,20041200,20041200
2004-08-06 05:00:00,136.3,135.18,135.18,20040900,20041200,20041200
2004-08-09 05:00:00,136.58,135.48,135.48,20040900,20041200,20041200
2004-08-10 05:00:00,136.49,135.4,135.4,20040900,20041200,20041200
2004-08-11 05:00:00,136.47,135.38,135.38,20040900,20041200,20041200
2004-08-12 05:00:00,136.65,135.57,135.57,20040900,20041200,20041200
2004-08-13 05:00:00,137.28,136.22,136.22,20040900,20041200,20041200
2004-08-16 05:00:00,137.48,136.47,136.47,20040900,20041200,20041200
2004-08-17 05:00:00,136.97,135.93,135.93,20040900,20041200,20041200
2004-08-18 05:00:00,137.28,136.25,136.25,20040900,20041200,20041200
2004-08-19 05:00:00,136.88,135.88,135.88,20040900,20041200,20041200
2004-08-20 05:00:00,137.14,136.14,136.14,20040900,20041200,20041200
2004-08-23 05:00:00,136.91,135.86,135.86,20040900,20041200,20041200
2004-08-24 05:00:00,136.85,135.79,135.79,20040900,20041200,20041200
2004-08-25 05:00:00,136.65,135.6,135.6,20040900,20041200,20041200
2004-08-26 05:00:00,136.83,135.79,135.79,20040900,20041200,20041200
2004-08-27 05:00:00,137.26,136.21,136.21,20040900,20041200,20041200
2004-08-30 05:00:00,136.3,136.3,136.3,20041200,20050300,20050300
2004-08-31 05:00:00,136.64,136.64,136.64,20041200,20050300,20050300
2004-09-01 05:00:00,136.84,136.84,136.84,20041200,20050300,20050300
2004-09-02 05:00:00,136.97,136.97,136.97,20041200,20050300,20050300
2004-09-03 05:00:00,136.81,136.81,136.81,20041200,20050300,20050300
2004-09-06 05:00:00,136.39,136.39,136.39,20041200,20050300,20050300
2004-09-07 05:00:00,135.94,135.94,135.94,20041200,20050300,20050300
2004-09-08 05:00:00,136.16,136.16,136.16,20041200,20050300,20050300
2004-09-09 05:00:00,136.82,135.73,135.73,20041200,20050300,20050300
2004-09-10 05:00:00,137.07,135.98,135.98,20041200,20050300,20050300
2004-09-13 05:00:00,137.15,136.16,136.16,20041200,20050300,20050300
2004-09-14 05:00:00,137.24,136.25,136.25,20041200,20050300,20050300
2004-09-15 05:00:00,137.35,136.36,136.36,20041200,20050300,20050300
2004-09-16 05:00:00,137.21,136.22,136.22,20041200,20050300,20050300
2004-09-17 05:00:00,137.59,136.65,136.65,20041200,20050300,20050300
2004-09-21 05:00:00,137.64,136.7,136.7,20041200,20050300,20050300
2004-09-22 05:00:00,137.85,136.87,136.87,20041200,20050300,20050300
2004-09-24 05:00:00,138.27,137.31,137.31,20041200,20050300,20050300
2004-09-27 05:00:00,138.27,137.31,137.31,20041200,20050300,20050300
2004-09-28 05:00:00,138.25,137.35,137.35,20041200,20050300,20050300
2004-09-29 05:00:00,138.22,137.32,137.32,20041200,20050300,20050300
2004-09-30 05:00:00,138.04,137.14,137.14,20041200,20050300,20050300
2004-10-01 05:00:00,137.69,136.77,136.77,20041200,20050300,20050300
2004-10-04 05:00:00,137.11,136.19,136.19,20041200,20050300,20050300
2004-10-05 05:00:00,136.95,135.97,135.97,20041200,20050300,20050300
2004-10-06 05:00:00,137.12,136.16,136.16,20041200,20050300,20050300
2004-10-07 05:00:00,137.09,136.14,136.14,20041200,20050300,20050300
2004-10-08 05:00:00,137.21,136.26,136.26,20041200,20050300,20050300
2004-10-12 05:00:00,138.18,137.23,137.23,20041200,20050300,20050300
2004-10-13 05:00:00,137.9,136.94,136.94,20041200,20050300,20050300
2004-10-14 05:00:00,138.23,137.27,137.27,20041200,20050300,20050300
2004-10-15 05:00:00,138.27,137.31,137.31,20041200,20050300,20050300
2004-10-18 05:00:00,138.05,137.09,137.09,20041200,20050300,20050300
2004-10-19 05:00:00,137.87,136.91,136.91,20041200,20050300,20050300
2004-10-20 05:00:00,138.27,137.31,137.31,20041200,20050300,20050300
2004-10-21 05:00:00,138.53,137.57,137.57,20041200,20050300,20050300
2004-10-22 05:00:00,138.1,137.15,137.15,20041200,20050300,20050300
2004-10-25 05:00:00,138.74,137.79,137.79,20041200,20050300,20050300
2004-10-26 05:00:00,138.62,137.66,137.66,20041200,20050300,20050300
2004-10-27 05:00:00,138.54,137.6,137.6,20041200,20050300,20050300
2004-10-28 05:00:00,138.19,137.25,137.25,20041200,20050300,20050300
2004-10-29 05:00:00,138.2,137.25,137.25,20041200,20050300,20050300
2004-11-01 06:00:00,137.97,137.02,137.02,20041200,20050300,20050300
2004-11-02 06:00:00,137.54,136.59,136.59,20041200,20050300,20050300
2004-11-04 06:00:00,137.9,136.95,136.95,20041200,20050300,20050300
2004-11-05 06:00:00,137.83,136.88,136.88,20041200,20050300,20050300
2004-11-08 06:00:00,137.59,136.65,136.65,20041200,20050300,20050300
2004-11-09 06:00:00,138.05,137.12,137.12,20041200,20050300,20050300
2004-11-10 06:00:00,138.18,137.26,137.26,20041200,20050300,20050300
2004-11-11 06:00:00,138.38,137.47,137.47,20041200,20050300,20050300
2004-11-12 06:00:00,138.26,137.36,137.36,20041200,20050300,20050300
2004-11-15 06:00:00,138.14,137.24,137.24,20041200,20050300,20050300
2004-11-16 06:00:00,138.29,137.42,137.42,20041200,20050300,20050300
2004-11-17 06:00:00,138.37,137.51,137.51,20041200,20050300,20050300
2004-11-18 06:00:00,138.72,137.85,137.85,20041200,20050300,20050300
2004-11-19 06:00:00,138.71,137.86,137.86,20041200,20050300,20050300
2004-11-22 06:00:00,139.03,138.17,138.17,20041200,20050300,20050300
2004-11-24 06:00:00,139.0,138.12,138.12,20041200,20050300,20050300
2004-11-25 06:00:00,138.97,138.09,138.09,20041200,20050300,20050300
2004-11-26 06:00:00,138.75,137.84,137.84,20041200,20050300,20050300
2004-11-29 06:00:00,137.6,137.6,137.6,20050300,20050600,20050600
2004-11-30 06:00:00,137.8,137.8,137.8,20050300,20050600,20050600
2004-12-01 06:00:00,137.89,137.89,137.89,20050300,20050600,20050600
2004-12-02 06:00:00,138.24,138.24,138.24,20050300,20050600,20050600
2004-12-03 06:00:00,138.05,138.05,138.05,20050300,20050600,20050600
2004-12-06 06:00:00,138.12,138.12,138.12,20050300,20050600,20050600
2004-12-07 06:00:00,138.29,138.29,138.29,20050300,20050600,20050600
2004-12-08 06:00:00,138.31,138.31,138.31,20050300,20050600,20050600
2004-12-09 06:00:00,138.78,138.78,138.78,20050300,20050600,20050600
2004-12-10 06:00:00,138.95,138.95,138.95,20050300,20050600,20050600
2004-12-13 06:00:00,139.05,139.05,139.05,20050300,20050600,20050600
2004-12-14 06:00:00,139.04,138.38,138.38,20050300,20050600,20050600
2004-12-15 06:00:00,138.97,138.4,138.4,20050300,20050600,20050600
2004-12-16 06:00:00,138.85,138.22,138.22,20050300,20050600,20050600
2004-12-17 06:00:00,138.6,137.97,137.97,20050300,20050600,20050600
2004-12-20 06:00:00,138.76,138.13,138.13,20050300,20050600,20050600
2004-12-21 06:00:00,139.06,138.43,138.43,20050300,20050600,20050600
2004-12-22 06:00:00,139.1,138.5,138.5,20050300,20050600,20050600
2004-12-24 06:00:00,139.04,138.44,138.44,20050300,20050600,20050600
2004-12-27 06:00:00,138.61,138.01,138.01,20050300,20050600,20050600
2004-12-28 06:00:00,138.35,137.75,137.75,20050300,20050600,20050600
2004-12-29 06:00:00,138.41,137.81,137.81,20050300,20050600,20050600
2004-12-30 06:00:00,138.38,137.78,137.78,20050300,20050600,20050600
2005-01-04 06:00:00,138.81,138.21,138.21,20050300,20050600,20050600
2005-01-05 06:00:00,138.78,138.13,138.13,20050300,20050600,20050600
2005-01-06 06:00:00,138.66,138.07,138.07,20050300,20050600,20050600
2005-01-07 06:00:00,138.74,138.11,138.11,20050300,20050600,20050600
2005-01-11 06:00:00,138.97,138.34,138.34,20050300,20050600,20050600
2005-01-12 06:00:00,139.13,138.5,138.5,20050300,20050600,20050600
2005-01-13 06:00:00,139.08,138.45,138.45,20050300,20050600,20050600
2005-01-14 06:00:00,138.93,138.33,138.33,20050300,20050600,20050600
2005-01-17 06:00:00,138.93,138.33,138.33,20050300,20050600,20050600
2005-01-18 06:00:00,139.16,138.57,138.57,20050300,20050600,20050600
2005-01-19 06:00:00,139.23,138.63,138.63,20050300,20050600,20050600
2005-01-20 06:00:00,139.3,138.72,138.72,20050300,20050600,20050600
2005-01-21 06:00:00,139.37,138.78,138.78,20050300,20050600,20050600
2005-01-24 06:00:00,139.42,138.83,138.83,20050300,20050600,20050600
2005-01-25 06:00:00,139.53,139.0,139.0,20050300,20050600,20050600
2005-01-26 06:00:00,139.45,138.89,138.89,20050300,20050600,20050600
2005-01-27 06:00:00,139.6,139.08,139.08,20050300,20050600,20050600
2005-01-28 06:00:00,139.79,139.25,139.25,20050300,20050600,20050600
2005-01-31 06:00:00,139.57,139.04,139.04,20050300,20050600,20050600
2005-02-01 06:00:00,139.88,139.37,139.37,20050300,20050600,20050600
2005-02-02 06:00:00,139.9,139.39,139.39,20050300,20050600,20050600
2005-02-03 06:00:00,139.7,139.19,139.19,20050300,20050600,20050600
2005-02-04 06:00:00,139.49,138.96,138.96,20050300,20050600,20050600
2005-02-07 06:00:00,139.55,139.02,139.02,20050300,20050600,20050600
2005-02-08 06:00:00,139.47,138.93,138.93,20050300,20050600,20050600
2005-02-09 06:00:00,138.94,138.38,138.38,20050300,20050600,20050600
2005-02-10 06:00:00,138.75,138.17,138.17,20050300,20050600,20050600
2005-02-14 06:00:00,138.37,137.78,137.78,20050300,20050600,20050600
2005-02-15 06:00:00,138.52,137.93,137.93,20050300,20050600,20050600
2005-02-16 06:00:00,138.66,138.1,138.1,20050300,20050600,20050600
2005-02-17 06:00:00,138.79,138.23,138.23,20050300,20050600,20050600
2005-02-18 06:00:00,138.67,138.1,138.1,20050300,20050600,20050600
2005-02-21 06:00:00,138.45,137.88,137.88,20050300,20050600,20050600
2005-02-22 06:00:00,138.59,138.02,138.02,20050300,20050600,20050600
2005-02-23 06:00:00,138.84,138.27,138.27,20050300,20050600,20050600
2005-02-24 06:00:00,138.86,138.31,138.31,20050300,20050600,20050600
2005-02-25 06:00:00,138.08,138.08,138.08,20050600,20050900,20050900
2005-02-28 06:00:00,137.56,137.56,137.56,20050600,20050900,20050900
2005-03-01 06:00:00,137.52,,,20050600,20050900,20050900
2005-03-02 06:00:00,137.41,137.41,137.41,20050600,20050900,20050900
2005-03-03 06:00:00,137.22,137.22,137.22,20050600,20050900,20050900
2005-03-04 06:00:00,137.42,137.42,137.42,20050600,20050900,20050900
2005-03-07 06:00:00,137.61,137.61,137.61,20050600,20050900,20050900
2005-03-08 06:00:00,137.6,137.6,137.6,20050600,20050900,20050900
2005-03-09 06:00:00,137.56,137.56,137.56,20050600,20050900,20050900
2005-03-10 06:00:00,137.74,137.74,137.74,20050600,20050900,20050900
2005-03-11 06:00:00,137.64,137.01,137.01,20050600,20050900,20050900
2005-03-14 06:00:00,137.55,136.91,136.91,20050600,20050900,20050900
2005-03-15 06:00:00,137.88,137.24,137.24,20050600,20050900,20050900
2005-03-16 06:00:00,137.91,137.27,137.27,20050600,20050900,20050900
2005-03-17 06:00:00,138.41,137.77,137.77,20050600,20050900,20050900
2005-03-18 06:00:00,138.33,137.69,137.69,20050600,20050900,20050900
2005-03-22 06:00:00,138.32,137.68,137.68,20050600,20050900,20050900
2005-03-23 06:00:00,138.47,137.83,137.83,20050600,20050900,20050900
2005-03-24 06:00:00,138.74,138.1,138.1,20050600,20050900,20050900
2005-03-25 06:00:00,138.9,138.26,138.26,20050600,20050900,20050900
2005-03-28 06:00:00,138.9,138.26,138.26,20050600,20050900,20050900
2005-03-29 06:00:00,139.11,138.47,138.47,20050600,20050900,20050900
2005-03-30 06:00:00,139.12,138.48,138.48,20050600,20050900,20050900
2005-03-31 06:00:00,139.4,138.76,138.76,20050600,20050900,20050900
2005-04-01 06:00:00,139.33,138.69,138.69,20050600,20050900,20050900
2005-04-04 05:00:00,139.46,138.82,138.82,20050600,20050900,20050900
2005-04-05 05:00:00,139.1,138.46,138.46,20050600,20050900,20050900
2005-04-06 05:00:00,139.12,138.48,138.48,20050600,20050900,20050900
2005-04-07 05:00:00,139.31,138.67,138.67,20050600,20050900,20050900
2005-04-08 05:00:00,139.34,,,20050600,20050900,20050900
2005-04-11 05:00:00,139.36,138.72,138.72,20050600,20050900,20050900
2005-04-12 05:00:00,139.54,138.9,138.9,20050600,20050900,20050900
2005-04-13 05:00:00,139.48,138.84,138.84,20050600,20050900,20050900
2005-04-14 05:00:00,139.5,138.86,138.86,20050600,20050900,20050900
2005-04-15 05:00:00,139.83,139.19,139.19,20050600,20050900,20050900
2005-04-18 05:00:00,140.26,139.62,139.62,20050600,20050900,20050900
2005-04-19 05:00:00,140.16,139.52,139.52,20050600,20050900,20050900
2005-04-20 05:00:00,140.42,139.78,139.78,20050600,20050900,20050900
2005-04-21 05:00:00,140.13,139.49,139.49,20050600,20050900,20050900
2005-04-22 05:00:00,140.1,139.46,139.46,20050600,20050900,20050900
2005-04-25 05:00:00,140.3,139.66,139.66,20050600,20050900,20050900
2005-04-26 05:00:00,140.39,139.75,139.75,20050600,20050900,20050900
2005-04-27 05:00:00,140.25,139.61,139.61,20050600,20050900,20050900
2005-04-28 05:00:00,140.54,139.9,139.9,20050600,20050900,20050900
2005-05-02 05:00:00,140.69,140.05,140.05,20050600,20050900,20050900
2005-05-06 05:00:00,140.84,140.2,140.2,20050600,20050900,20050900
2005-05-09 05:00:00,140.28,139.64,139.64,20050600,20050900,20050900
2005-05-10 05:00:00,140.33,139.69,139.69,20050600,20050900,20050900
2005-05-11 05:00:00,140.36,139.72,139.72,20050600,20050900,20050900
2005-05-12 05:00:00,140.41,139.77,139.77,20050600,20050900,20050900
2005-05-13 05:00:00,140.48,139.84,139.84,20050600,20050900,20050900
2005-05-16 05:00:00,140.03,139.39,139.39,20050600,20050900,20050900
2005-05-17 05:00:00,140.29,139.4,139.4,20050600,20050900,20050900
2005-05-18 05:00:00,140.27,139.65,139.65,20050600,20050900,20050900
2005-05-19 05:00:00,140.46,139.84,139.84,20050600,20050900,20050900
2005-05-20 05:00:00,140.25,139.63,139.63,20050600,20050900,20050900
2005-05-23 05:00:00,140.16,139.54,139.54,20050600,20050900,20050900
2005-05-24 05:00:00,140.65,140.03,140.03,20050600,20050900,20050900
2005-05-25 05:00:00,140.76,140.14,140.14,20050600,20050900,20050900
2005-05-26 05:00:00,140.7,140.08,140.08,20050600,20050900,20050900
2005-05-27 05:00:00,140.63,140.01,140.01,20050600,20050900,20050900
2005-05-30 05:00:00,140.1,140.1,140.1,20050900,20051200,20051200
2005-05-31 05:00:00,140.19,140.19,140.19,20050900,20051200,20051200
2005-06-01 05:00:00,140.47,140.47,140.47,20050900,20051200,20051200
2005-06-02 05:00:00,140.29,140.29,140.29,20050900,20051200,20051200
2005-06-03 05:00:00,140.49,140.49,140.49,20050900,20051200,20051200
2005-06-06 05:00:00,140.42,140.42,140.42,20050900,20051200,20051200
2005-06-07 05:00:00,140.76,140.76,140.76,20050900,20051200,20051200
2005-06-08 05:00:00,140.72,140.72,140.72,20050900,20051200,20051200
2005-06-09 05:00:00,140.79,140.79,140.79,20050900,20051200,20051200
2005-06-10 05:00:00,140.71,140.71,140.71,20050900,20051200,20051200
2005-06-13 05:00:00,140.55,140.55,140.55,20050900,20051200,20051200
2005-06-14 05:00:00,140.57,140.57,140.57,20050900,20051200,20051200
2005-06-15 05:00:00,140.51,140.51,140.51,20050900,20051200,20051200
2005-06-16 05:00:00,139.71,139.71,139.71,20050900,20051200,20051200
2005-06-17 05:00:00,139.88,139.88,139.88,20050900,20051200,20051200
2005-06-20 05:00:00,139.9,139.9,139.9,20050900,20051200,20051200
2005-06-21 05:00:00,139.89,139.89,139.89,20050900,20051200,20051200
2005-06-22 05:00:00,140.14,140.14,140.14,20050900,20051200,20051200
2005-06-23 05:00:00,140.56,140.56,140.56,20050900,20051200,20051200
2005-06-24 05:00:00,140.82,140.82,140.82,20050900,20051200,20051200
2005-06-27 05:00:00,141.0,141.0,141.0,20050900,20051200,20051200
2005-06-28 05:00:00,140.86,140.86,140.86,20050900,20051200,20051200
2005-06-29 05:00:00,141.09,141.09,141.09,20050900,20051200,20051200
2005-06-30 05:00:00,141.27,141.27,141.27,20050900,20051200,20051200
2005-07-01 05:00:00,141.15,141.15,141.15,20050900,20051200,20051200
2005-07-04 05:00:00,140.66,140.66,140.66,20050900,20051200,20051200
2005-07-05 05:00:00,140.45,140.45,140.45,20050900,20051200,20051200
2005-07-06 05:00:00,140.51,140.51,140.51,20050900,20051200,20051200
2005-07-07 05:00:00,140.76,140.76,140.76,20050900,20051200,20051200
2005-07-08 05:00:00,140.92,140.92,140.92,20050900,20051200,20051200
2005-07-11 05:00:00,140.58,140.58,140.58,20050900,20051200,20051200
2005-07-12 05:00:00,140.56,140.56,140.56,20050900,20051200,20051200
2005-07-13 05:00:00,140.21,140.21,140.21,20050900,20051200,20051200
2005-07-14 05:00:00,140.45,140.45,140.45,20050900,20051200,20051200
2005-07-15 05:00:00,140.13,140.13,140.13,20050900,20051200,20051200
2005-07-19 05:00:00,140.06,140.06,140.06,20050900,20051200,20051200
2005-07-20 05:00:00,140.2,140.2,140.2,20050900,20051200,20051200
2005-07-21 05:00:00,140.38,140.38,140.38,20050900,20051200,20051200
2005-07-22 05:00:00,140.69,140.69,140.69,20050900,20051200,20051200
2005-07-25 05:00:00,140.45,140.45,140.45,20050900,20051200,20051200
2005-07-26 05:00:00,140.38,140.38,140.38,20050900,20051200,20051200
2005-07-27 05:00:00,140.04,140.04,140.04,20050900,20051200,20051200
2005-07-28 05:00:00,139.98,139.98,139.98,20050900,20051200,20051200
2005-07-29 05:00:00,139.86,139.86,139.86,20050900,20051200,20051200
2005-08-01 05:00:00,139.54,139.54,139.54,20050900,20051200,20051200
2005-08-02 05:00:00,139.29,139.29,139.29,20050900,20051200,20051200
2005-08-03 05:00:00,139.1,139.1,139.1,20050900,20051200,20051200
2005-08-04 05:00:00,139.11,139.11,139.11,20050900,20051200,20051200
2005-08-05 05:00:00,139.19,139.19,139.19,20050900,20051200,20051200
2005-08-08 05:00:00,138.78,138.78,138.78,20050900,20051200,20051200
2005-08-09 05:00:00,138.9,138.9,138.9,20050900,20051200,20051200
2005-08-10 05:00:00,138.4,138.4,138.4,20050900,20051200,20051200
2005-08-11 05:00:00,138.15,138.15,138.15,20050900,20051200,20051200
2005-08-12 05:00:00,138.45,138.45,138.45,20050900,20051200,20051200
2005-08-15 05:00:00,138.36,138.36,138.36,20050900,20051200,20051200
2005-08-16 05:00:00,138.26,138.26,138.26,20050900,20051200,20051200
2005-08-17 05:00:00,138.75,138.72,138.72,20050900,20051200,20051200
2005-08-18 05:00:00,138.82,138.78,138.78,20050900,20051200,20051200
2005-08-19 05:00:00,138.77,138.73,138.73,20050900,20051200,20051200
2005-08-22 05:00:00,138.24,138.2,138.2,20050900,20051200,20051200
2005-08-23 05:00:00,138.51,137.7,137.7,20050900,20051200,20051200
2005-08-24 05:00:00,138.95,138.73,138.73,20050900,20051200,20051200
2005-08-25 05:00:00,138.77,138.55,138.55,20050900,20051200,20051200
2005-08-26 05:00:00,138.9,138.52,138.52,20050900,20051200,20051200
2005-08-29 05:00:00,139.15,139.15,139.15,20051200,20060300,20060300
2005-08-30 05:00:00,138.96,138.96,138.96,20051200,20060300,20060300
2005-08-31 05:00:00,139.23,139.23,139.23,20051200,20060300,20060300
2005-09-01 05:00:00,139.35,139.35,139.35,20051200,20060300,20060300
2005-09-02 05:00:00,139.66,139.66,139.66,20051200,20060300,20060300
2005-09-05 05:00:00,139.6,139.6,139.6,20051200,20060300,20060300
2005-09-06 05:00:00,139.69,139.69,139.69,20051200,20060300,20060300
2005-09-07 05:00:00,139.72,139.72,139.72,20051200,20060300,20060300
2005-09-08 05:00:00,139.67,139.67,139.67,20051200,20060300,20060300
2005-09-09 05:00:00,139.48,139.48,139.48,20051200,20060300,20060300
2005-09-12 05:00:00,139.04,139.04,139.04,20051200,20060300,20060300
2005-09-13 05:00:00,139.23,139.23,139.23,20051200,20060300,20060300
2005-09-14 05:00:00,139.2,139.2,139.2,20051200,20060300,20060300
2005-09-15 05:00:00,139.17,139.17,139.17,20051200,20060300,20060300
2005-09-16 05:00:00,139.15,139.15,139.15,20051200,20060300,20060300
2005-09-20 05:00:00,138.98,138.98,138.98,20051200,20060300,20060300
2005-09-21 05:00:00,138.9,138.9,138.9,20051200,20060300,20060300
2005-09-22 05:00:00,139.1,139.1,139.1,20051200,20060300,20060300
2005-09-26 05:00:00,138.5,138.5,138.5,20051200,20060300,20060300
2005-09-27 05:00:00,138.45,138.45,138.45,20051200,20060300,20060300
2005-09-28 05:00:00,137.81,137.81,137.81,20051200,20060300,20060300
2005-09-29 05:00:00,137.67,137.67,137.67,20051200,20060300,20060300
2005-09-30 05:00:00,137.67,137.67,137.67,20051200,20060300,20060300
2005-10-03 05:00:00,137.51,137.51,137.51,20051200,20060300,20060300
2005-10-04 05:00:00,136.72,136.72,136.72,20051200,20060300,20060300
2005-10-05 05:00:00,137.33,137.33,137.33,20051200,20060300,20060300
2005-10-06 05:00:00,137.58,137.58,137.58,20051200,20060300,20060300
2005-10-07 05:00:00,137.38,137.38,137.38,20051200,20060300,20060300
2005-10-11 05:00:00,136.96,136.96,136.96,20051200,20060300,20060300
2005-10-12 05:00:00,137.19,137.19,137.19,20051200,20060300,20060300
2005-10-13 05:00:00,136.82,136.82,136.82,20051200,20060300,20060300
2005-10-14 05:00:00,136.76,136.76,136.76,20051200,20060300,20060300
2005-10-17 05:00:00,136.79,136.79,136.79,20051200,20060300,20060300
2005-10-18 05:00:00,136.89,136.89,136.89,20051200,20060300,20060300
2005-10-19 05:00:00,137.69,137.69,137.69,20051200,20060300,20060300
2005-10-20 05:00:00,136.85,136.85,136.85,20051200,20060300,20060300
2005-10-21 05:00:00,137.22,136.68,136.68,20051200,20060300,20060300
2005-10-24 05:00:00,137.47,136.93,136.93,20051200,20060300,20060300
2005-10-25 05:00:00,137.32,136.78,136.78,20051200,20060300,20060300
2005-10-26 05:00:00,137.08,136.54,136.54,20051200,20060300,20060300
2005-10-27 05:00:00,137.4,136.86,136.86,20051200,20060300,20060300
2005-10-28 05:00:00,137.5,136.96,136.96,20051200,20060300,20060300
2005-10-31 06:00:00,137.05,136.51,136.51,20051200,20060300,20060300
2005-11-01 06:00:00,136.81,136.27,136.27,20051200,20060300,20060300
2005-11-02 06:00:00,136.75,136.21,136.21,20051200,20060300,20060300
2005-11-04 06:00:00,135.97,135.43,135.43,20051200,20060300,20060300
2005-11-07 06:00:00,136.15,135.61,135.61,20051200,20060300,20060300
2005-11-08 06:00:00,136.6,136.0,136.0,20051200,20060300,20060300
2005-11-09 06:00:00,136.71,136.11,136.11,20051200,20060300,20060300
2005-11-10 06:00:00,136.6,136.0,136.0,20051200,20060300,20060300
2005-11-11 06:00:00,136.76,136.16,136.16,20051200,20060300,20060300
2005-11-14 06:00:00,137.5,136.91,136.91,20051200,20060300,20060300
2005-11-15 06:00:00,137.79,137.21,137.21,20051200,20060300,20060300
2005-11-16 06:00:00,137.56,137.0,137.0,20051200,20060300,20060300
2005-11-17 06:00:00,137.83,137.27,137.27,20051200,20060300,20060300
2005-11-18 06:00:00,137.86,137.3,137.3,20051200,20060300,20060300
2005-11-21 06:00:00,137.83,137.27,137.27,20051200,20060300,20060300
2005-11-22 06:00:00,137.97,137.41,137.41,20051200,20060300,20060300
2005-11-24 06:00:00,138.25,137.7,137.7,20051200,20060300,20060300
2005-11-25 06:00:00,138.39,137.84,137.84,20051200,20060300,20060300
2005-11-28 06:00:00,137.6,137.6,137.6,20060300,20060600,20060600
2005-11-29 06:00:00,137.67,137.67,137.67,20060300,20060600,20060600
2005-11-30 06:00:00,137.75,137.75,137.75,20060300,20060600,20060600
2005-12-01 06:00:00,137.69,137.69,137.69,20060300,20060600,20060600
2005-12-02 06:00:00,137.14,137.14,137.14,20060300,20060600,20060600
2005-12-05 06:00:00,136.61,136.61,136.61,20060300,20060600,20060600
2005-12-06 06:00:00,136.82,136.82,136.82,20060300,20060600,20060600
2005-12-07 06:00:00,136.88,136.88,136.88,20060300,20060600,20060600
2005-12-08 06:00:00,137.15,137.15,137.15,20060300,20060600,20060600
2005-12-09 06:00:00,136.73,136.73,136.73,20060300,20060600,20060600
2005-12-12 06:00:00,136.29,136.29,136.29,20060300,20060600,20060600
2005-12-13 06:00:00,136.48,136.48,136.48,20060300,20060600,20060600
2005-12-14 06:00:00,136.9,136.9,136.9,20060300,20060600,20060600
2005-12-15 06:00:00,137.27,137.27,137.27,20060300,20060600,20060600
2005-12-16 06:00:00,136.81,136.81,136.81,20060300,20060600,20060600
2005-12-19 06:00:00,136.77,136.77,136.77,20060300,20060600,20060600
2005-12-20 06:00:00,136.88,136.88,136.88,20060300,20060600,20060600
2005-12-21 06:00:00,136.55,136.55,136.55,20060300,20060600,20060600
2005-12-22 06:00:00,136.66,136.66,136.66,20060300,20060600,20060600
2005-12-26 06:00:00,136.67,136.67,136.67,20060300,20060600,20060600
2005-12-27 06:00:00,137.15,137.15,137.15,20060300,20060600,20060600
2005-12-28 06:00:00,136.9,136.9,136.9,20060300,20060600,20060600
2005-12-29 06:00:00,136.98,136.98,136.98,20060300,20060600,20060600
2005-12-30 06:00:00,137.35,137.35,137.35,20060300,20060600,20060600
2006-01-04 06:00:00,137.77,137.77,137.77,20060300,20060600,20060600
2006-01-05 06:00:00,137.98,137.98,137.98,20060300,20060600,20060600
2006-01-06 06:00:00,138.03,138.03,138.03,20060300,20060600,20060600
2006-01-10 06:00:00,138.06,138.06,138.06,20060300,20060600,20060600
2006-01-11 06:00:00,137.64,137.07,137.07,20060300,20060600,20060600
2006-01-12 06:00:00,137.85,137.07,137.07,20060300,20060600,20060600
2006-01-13 06:00:00,137.79,137.01,137.01,20060300,20060600,20060600
2006-01-16 06:00:00,137.86,137.07,137.07,20060300,20060600,20060600
2006-01-17 06:00:00,138.13,137.07,137.07,20060300,20060600,20060600
2006-01-18 06:00:00,138.13,137.07,137.07,20060300,20060600,20060600
2006-01-19 06:00:00,137.66,136.6,136.6,20060300,20060600,20060600
2006-01-20 06:00:00,137.64,136.58,136.58,20060300,20060600,20060600
2006-01-23 06:00:00,137.96,136.9,136.9,20060300,20060600,20060600
2006-01-24 06:00:00,137.95,136.89,136.89,20060300,20060600,20060600
2006-01-25 06:00:00,137.86,136.8,136.8,20060300,20060600,20060600
2006-01-26 06:00:00,137.32,136.26,136.26,20060300,20060600,20060600
2006-01-27 06:00:00,137.1,136.04,136.04,20060300,20060600,20060600
2006-01-30 06:00:00,136.88,135.82,135.82,20060300,20060600,20060600
2006-01-31 06:00:00,136.76,135.7,135.7,20060300,20060600,20060600
2006-02-01 06:00:00,136.91,135.85,135.85,20060300,20060600,20060600
2006-02-02 06:00:00,136.66,135.6,135.6,20060300,20060600,20060600
2006-02-03 06:00:00,136.44,135.38,135.38,20060300,20060600,20060600
2006-02-06 06:00:00,136.7,135.64,135.64,20060300,20060600,20060600
2006-02-07 06:00:00,136.31,135.25,135.25,20060300,20060600,20060600
2006-02-08 06:00:00,136.57,135.51,135.51,20060300,20060600,20060600
2006-02-09 06:00:00,136.46,135.4,135.4,20060300,20060600,20060600
2006-02-10 06:00:00,135.72,134.66,134.66,20060300,20060600,20060600
2006-02-13 06:00:00,136.09,134.96,134.96,20060300,20060600,20060600
2006-02-14 06:00:00,135.83,134.7,134.7,20060300,20060600,20060600
2006-02-15 06:00:00,136.15,135.02,135.02,20060300,20060600,20060600
2006-02-16 06:00:00,136.24,135.11,135.11,20060300,20060600,20060600
2006-02-17 06:00:00,136.5,135.37,135.37,20060300,20060600,20060600
2006-02-20 06:00:00,136.55,135.42,135.42,20060300,20060600,20060600
2006-02-21 06:00:00,136.83,135.7,135.7,20060300,20060600,20060600
2006-02-22 06:00:00,136.65,135.52,135.52,20060300,20060600,20060600
2006-02-23 06:00:00,136.32,135.19,135.19,20060300,20060600,20060600
2006-02-24 06:00:00,135.68,134.55,134.55,20060300,20060600,20060600
2006-02-27 06:00:00,134.64,134.64,134.64,20060600,20060900,20060900
2006-02-28 06:00:00,134.87,134.87,134.87,20060600,20060900,20060900
2006-03-01 06:00:00,134.69,134.69,134.69,20060600,20060900,20060900
2006-03-02 06:00:00,134.57,134.57,134.57,20060600,20060900,20060900
2006-03-03 06:00:00,134.76,134.76,134.76,20060600,20060900,20060900
2006-03-06 06:00:00,134.61,134.61,134.61,20060600,20060900,20060900
2006-03-07 06:00:00,134.6,134.6,134.6,20060600,20060900,20060900
2006-03-08 06:00:00,135.17,135.17,135.17,20060600,20060900,20060900
2006-03-09 06:00:00,135.23,135.23,135.23,20060600,20060900,20060900
2006-03-10 06:00:00,134.55,134.55,134.55,20060600,20060900,20060900
2006-03-13 06:00:00,134.07,134.07,134.07,20060600,20060900,20060900
2006-03-14 06:00:00,134.16,134.16,134.16,20060600,20060900,20060900
2006-03-15 06:00:00,133.99,133.99,133.99,20060600,20060900,20060900
2006-03-16 06:00:00,134.11,134.11,134.11,20060600,20060900,20060900
2006-03-17 06:00:00,134.14,134.14,134.14,20060600,20060900,20060900
2006-03-20 06:00:00,133.75,133.75,133.75,20060600,20060900,20060900
2006-03-22 06:00:00,133.79,133.79,133.79,20060600,20060900,20060900
2006-03-23 06:00:00,133.95,133.95,133.95,20060600,20060900,20060900
2006-03-24 06:00:00,133.74,133.74,133.74,20060600,20060900,20060900
2006-03-27 06:00:00,134.13,134.13,134.13,20060600,20060900,20060900
2006-03-28 06:00:00,133.9,133.9,133.9,20060600,20060900,20060900
2006-03-29 06:00:00,133.19,133.19,133.19,20060600,20060900,20060900
2006-03-30 06:00:00,133.22,133.22,133.22,20060600,20060900,20060900
2006-03-31 06:00:00,133.26,133.26,133.26,20060600,20060900,20060900
2006-04-03 05:00:00,132.92,132.92,132.92,20060600,20060900,20060900
2006-04-04 05:00:00,132.94,132.94,132.94,20060600,20060900,20060900
2006-04-05 05:00:00,133.09,133.09,133.09,20060600,20060900,20060900
2006-04-06 05:00:00,132.46,132.46,132.46,20060600,20060900,20060900
2006-04-07 05:00:00,132.47,132.47,132.47,20060600,20060900,20060900
2006-04-10 05:00:00,132.51,132.51,132.51,20060600,20060900,20060900
2006-04-11 05:00:00,132.64,132.64,132.64,20060600,20060900,20060900
2006-04-12 05:00:00,132.76,132.76,132.76,20060600,20060900,20060900
2006-04-13 05:00:00,132.42,132.42,132.42,20060600,20060900,20060900
2006-04-14 05:00:00,131.99,131.99,131.99,20060600,20060900,20060900
2006-04-17 05:00:00,132.11,131.99,131.99,20060600,20060900,20060900
2006-04-18 05:00:00,132.12,132.0,132.0,20060600,20060900,20060900
2006-04-19 05:00:00,132.76,132.64,132.64,20060600,20060900,20060900
2006-04-20 05:00:00,132.38,131.31,131.31,20060600,20060900,20060900
2006-04-21 05:00:00,132.58,131.51,131.51,20060600,20060900,20060900
2006-04-24 05:00:00,132.84,131.77,131.77,20060600,20060900,20060900
2006-04-25 05:00:00,132.52,131.45,131.45,20060600,20060900,20060900
2006-04-26 05:00:00,132.21,131.14,131.14,20060600,20060900,20060900
2006-04-27 05:00:00,131.9,130.83,130.83,20060600,20060900,20060900
2006-04-28 05:00:00,132.64,131.57,131.57,20060600,20060900,20060900
2006-05-01 05:00:00,133.14,132.07,132.07,20060600,20060900,20060900
2006-05-02 05:00:00,132.82,131.75,131.75,20060600,20060900,20060900
2006-05-08 05:00:00,132.38,131.31,131.31,20060600,20060900,20060900
2006-05-09 05:00:00,132.07,131.0,131.0,20060600,20060900,20060900
2006-05-10 05:00:00,131.62,130.55,130.55,20060600,20060900,20060900
2006-05-11 05:00:00,131.65,130.58,130.58,20060600,20060900,20060900
2006-05-12 05:00:00,131.79,130.58,130.58,20060600,20060900,20060900
2006-05-15 05:00:00,131.91,130.7,130.7,20060600,20060900,20060900
2006-05-16 05:00:00,131.99,130.78,130.78,20060600,20060900,20060900
2006-05-17 05:00:00,132.42,131.21,131.21,20060600,20060900,20060900
2006-05-18 05:00:00,132.36,131.15,131.15,20060600,20060900,20060900
2006-05-19 05:00:00,132.79,131.58,131.58,20060600,20060900,20060900
2006-05-22 05:00:00,133.56,132.35,132.35,20060600,20060900,20060900
2006-05-23 05:00:00,133.57,132.2,132.2,20060600,20060900,20060900
2006-05-24 05:00:00,133.56,132.19,132.19,20060600,20060900,20060900
2006-05-25 05:00:00,133.31,131.94,131.94,20060600,20060900,20060900
2006-05-26 05:00:00,133.32,131.92,131.92,20060600,20060900,20060900
2006-05-29 05:00:00,131.8,131.8,131.8,20060900,20061200,20061200
2006-05-30 05:00:00,132.09,132.09,132.09,20060900,20061200,20061200
2006-05-31 05:00:00,132.1,132.1,132.1,20060900,20061200,20061200
2006-06-01 05:00:00,131.17,131.17,131.17,20060900,20061200,20061200
2006-06-02 05:00:00,131.69,131.69,131.69,20060900,20061200,20061200
2006-06-05 05:00:00,131.85,131.85,131.85,20060900,20061200,20061200
2006-06-06 05:00:00,131.42,131.42,131.42,20060900,20061200,20061200
2006-06-07 05:00:00,131.86,131.86,131.86,20060900,20061200,20061200
2006-06-08 05:00:00,132.39,132.39,132.39,20060900,20061200,20061200
2006-06-09 05:00:00,132.52,132.52,132.52,20060900,20061200,20061200
2006-06-12 05:00:00,132.66,132.66,132.66,20060900,20061200,20061200
2006-06-13 05:00:00,133.2,133.2,133.2,20060900,20061200,20061200
2006-06-14 05:00:00,133.2,133.2,133.2,20060900,20061200,20061200
2006-06-15 05:00:00,133.23,133.23,133.23,20060900,20061200,20061200
2006-06-16 05:00:00,132.7,132.7,132.7,20060900,20061200,20061200
2006-06-19 05:00:00,132.59,132.59,132.59,20060900,20061200,20061200
2006-06-20 05:00:00,132.17,132.17,132.17,20060900,20061200,20061200
2006-06-21 05:00:00,132.53,132.53,132.53,20060900,20061200,20061200
2006-06-22 05:00:00,132.25,132.25,132.25,20060900,20061200,20061200
2006-06-23 05:00:00,132.15,132.15,132.15,20060900,20061200,20061200
2006-06-26 05:00:00,131.77,131.77,131.77,20060900,20061200,20061200
2006-06-27 05:00:00,131.71,131.71,131.71,20060900,20061200,20061200
2006-06-28 05:00:00,131.75,131.75,131.75,20060900,20061200,20061200
2006-06-29 05:00:00,131.66,131.66,131.66,20060900,20061200,20061200
2006-06-30 05:00:00,131.65,131.65,131.65,20060900,20061200,20061200
2006-07-03 05:00:00,131.01,131.01,131.01,20060900,20061200,20061200
2006-07-04 05:00:00,131.28,131.28,131.28,20060900,20061200,20061200
2006-07-05 05:00:00,130.98,130.98,130.98,20060900,20061200,20061200
2006-07-06 05:00:00,130.97,130.97,130.97,20060900,20061200,20061200
2006-07-07 05:00:00,131.22,131.22,131.22,20060900,20061200,20061200
2006-07-10 05:00:00,130.97,130.97,130.97,20060900,20061200,20061200
2006-07-11 05:00:00,131.31,131.31,131.31,20060900,20061200,20061200
2006-07-12 05:00:00,131.57,131.57,131.57,20060900,20061200,20061200
2006-07-13 05:00:00,131.88,131.88,131.88,20060900,20061200,20061200
2006-07-14 05:00:00,132.2,132.2,132.2,20060900,20061200,20061200
2006-07-18 05:00:00,132.61,132.61,132.61,20060900,20061200,20061200
2006-07-19 05:00:00,132.31,132.31,132.31,20060900,20061200,20061200
2006-07-20 05:00:00,132.55,132.55,132.55,20060900,20061200,20061200
2006-07-21 05:00:00,132.54,132.54,132.54,20060900,20061200,20061200
2006-07-24 05:00:00,132.34,132.34,132.34,20060900,20061200,20061200
2006-07-25 05:00:00,132.31,132.31,132.31,20060900,20061200,20061200
2006-07-26 05:00:00,132.42,132.42,132.42,20060900,20061200,20061200
2006-07-27 05:00:00,132.4,132.4,132.4,20060900,20061200,20061200
2006-07-28 05:00:00,132.01,132.01,132.01,20060900,20061200,20061200
2006-07-31 05:00:00,131.82,131.82,131.82,20060900,20061200,20061200
2006-08-01 05:00:00,132.03,132.03,132.03,20060900,20061200,20061200
2006-08-02 05:00:00,132.35,132.35,132.35,20060900,20061200,20061200
2006-08-03 05:00:00,132.5,132.5,132.5,20060900,20061200,20061200
2006-08-04 05:00:00,132.4,132.4,132.4,20060900,20061200,20061200
2006-08-07 05:00:00,132.98,132.98,132.98,20060900,20061200,20061200
2006-08-08 05:00:00,132.7,132.7,132.7,20060900,20061200,20061200
2006-08-09 05:00:00,132.42,132.07,132.07,20060900,20061200,20061200
2006-08-10 05:00:00,132.22,131.84,131.84,20060900,20061200,20061200
2006-08-11 05:00:00,132.65,132.27,132.27,20060900,20061200,20061200
2006-08-14 05:00:00,132.34,131.96,131.96,20060900,20061200,20061200
2006-08-15 05:00:00,132.46,132.01,132.01,20060900,20061200,20061200
2006-08-16 05:00:00,132.72,132.27,132.27,20060900,20061200,20061200
2006-08-17 05:00:00,132.9,132.45,132.45,20060900,20061200,20061200
2006-08-18 05:00:00,132.63,132.18,132.18,20060900,20061200,20061200
2006-08-21 05:00:00,133.07,132.62,132.62,20060900,20061200,20061200
2006-08-22 05:00:00,133.25,132.8,132.8,20060900,20061200,20061200
2006-08-23 05:00:00,133.09,132.64,132.64,20060900,20061200,20061200
2006-08-24 05:00:00,133.25,132.8,132.8,20060900,20061200,20061200
2006-08-25 05:00:00,134.24,133.79,133.79,20060900,20061200,20061200
2006-08-28 05:00:00,134.45,134.0,134.0,20060900,20061200,20061200
2006-08-29 05:00:00,134.04,134.04,134.04,20061200,20070300,20070300
2006-08-30 05:00:00,134.34,134.34,134.34,20061200,20070300,20070300
2006-08-31 05:00:00,134.69,134.69,134.69,20061200,20070300,20070300
2006-09-01 05:00:00,134.57,134.57,134.57,20061200,20070300,20070300
2006-09-04 05:00:00,134.17,134.17,134.17,20061200,20070300,20070300
2006-09-05 05:00:00,133.99,133.99,133.99,20061200,20070300,20070300
2006-09-06 05:00:00,134.11,134.11,134.11,20061200,20070300,20070300
2006-09-07 05:00:00,134.07,134.07,134.07,20061200,20070300,20070300
2006-09-08 05:00:00,133.99,133.99,133.99,20061200,20070300,20070300
2006-09-11 05:00:00,134.52,134.52,134.52,20061200,20070300,20070300
2006-09-12 05:00:00,134.22,134.22,134.22,20061200,20070300,20070300
2006-09-13 05:00:00,134.62,134.62,134.62,20061200,20070300,20070300
2006-09-14 05:00:00,134.53,134.53,134.53,20061200,20070300,20070300
2006-09-15 05:00:00,134.53,134.53,134.53,20061200,20070300,20070300
2006-09-19 05:00:00,134.27,134.27,134.27,20061200,20070300,20070300
2006-09-20 05:00:00,134.59,134.59,134.59,20061200,20070300,20070300
2006-09-21 05:00:00,134.37,134.37,134.37,20061200,20070300,20070300
2006-09-22 05:00:00,135.19,135.19,135.19,20061200,20070300,20070300
2006-09-25 05:00:00,135.12,135.12,135.12,20061200,20070300,20070300
2006-09-26 05:00:00,135.1,135.1,135.1,20061200,20070300,20070300
2006-09-27 05:00:00,134.93,134.93,134.93,20061200,20070300,20070300
2006-09-28 05:00:00,134.9,134.9,134.9,20061200,20070300,20070300
2006-09-29 05:00:00,134.9,134.9,134.9,20061200,20070300,20070300
2006-10-02 05:00:00,134.2,134.2,134.2,20061200,20070300,20070300
2006-10-03 05:00:00,134.5,134.5,134.5,20061200,20070300,20070300
2006-10-04 05:00:00,134.57,134.57,134.57,20061200,20070300,20070300
2006-10-05 05:00:00,134.37,134.37,134.37,20061200,20070300,20070300
2006-10-06 05:00:00,134.75,134.75,134.75,20061200,20070300,20070300
2006-10-10 05:00:00,134.3,134.3,134.3,20061200,20070300,20070300
2006-10-11 05:00:00,134.22,134.22,134.22,20061200,20070300,20070300
2006-10-12 05:00:00,134.16,134.16,134.16,20061200,20070300,20070300
2006-10-13 05:00:00,133.84,133.84,133.84,20061200,20070300,20070300
2006-10-16 05:00:00,133.53,133.53,133.53,20061200,20070300,20070300
2006-10-17 05:00:00,133.75,133.75,133.75,20061200,20070300,20070300
2006-10-18 05:00:00,133.53,133.53,133.53,20061200,20070300,20070300
2006-10-19 05:00:00,133.54,133.54,133.54,20061200,20070300,20070300
2006-10-20 05:00:00,133.69,133.69,133.69,20061200,20070300,20070300
2006-10-23 05:00:00,133.26,133.26,133.26,20061200,20070300,20070300
2006-10-24 05:00:00,133.61,133.61,133.61,20061200,20070300,20070300
2006-10-25 05:00:00,133.68,133.68,133.68,20061200,20070300,20070300
2006-10-26 05:00:00,134.15,134.15,134.15,20061200,20070300,20070300
2006-10-27 05:00:00,134.12,134.12,134.12,20061200,20070300,20070300
2006-10-30 06:00:00,134.36,134.36,134.36,20061200,20070300,20070300
2006-10-31 06:00:00,134.32,134.32,134.32,20061200,20070300,20070300
2006-11-01 06:00:00,134.55,134.55,134.55,20061200,20070300,20070300
2006-11-02 06:00:00,134.53,134.53,134.53,20061200,20070300,20070300
2006-11-06 06:00:00,133.93,133.93,133.93,20061200,20070300,20070300
2006-11-07 06:00:00,134.08,134.08,134.08,20061200,20070300,20070300
2006-11-08 06:00:00,134.42,134.42,134.42,20061200,20070300,20070300
2006-11-09 06:00:00,134.61,134.61,134.61,20061200,20070300,20070300
2006-11-10 06:00:00,134.93,134.93,134.93,20061200,20070300,20070300
2006-11-13 06:00:00,135.15,134.77,134.77,20061200,20070300,20070300
2006-11-14 06:00:00,134.41,133.8,133.8,20061200,20070300,20070300
2006-11-15 06:00:00,134.7,134.09,134.09,20061200,20070300,20070300
2006-11-16 06:00:00,134.65,134.04,134.04,20061200,20070300,20070300
2006-11-17 06:00:00,134.44,133.83,133.83,20061200,20070300,20070300
2006-11-20 06:00:00,134.95,134.34,134.34,20061200,20070300,20070300
2006-11-21 06:00:00,134.94,134.33,134.33,20061200,20070300,20070300
2006-11-22 06:00:00,134.92,134.31,134.31,20061200,20070300,20070300
2006-11-24 06:00:00,135.18,134.57,134.57,20061200,20070300,20070300
2006-11-27 06:00:00,134.89,134.28,134.28,20061200,20070300,20070300
2006-11-28 06:00:00,134.53,134.53,134.53,20070300,20070600,20070600
2006-11-29 06:00:00,134.16,134.16,134.16,20070300,20070600,20070600
2006-11-30 06:00:00,134.5,134.5,134.5,20070300,20070600,20070600
2006-12-01 06:00:00,134.92,134.92,134.92,20070300,20070600,20070600
2006-12-04 06:00:00,134.7,134.7,134.7,20070300,20070600,20070600
2006-12-05 06:00:00,134.74,134.74,134.74,20070300,20070600,20070600
2006-12-06 06:00:00,134.36,134.36,134.36,20070300,20070600,20070600
2006-12-07 06:00:00,134.17,134.17,134.17,20070300,20070600,20070600
2006-12-08 06:00:00,134.06,134.06,134.06,20070300,20070600,20070600
2006-12-11 06:00:00,134.47,134.47,134.47,20070300,20070600,20070600
2006-12-12 06:00:00,134.58,134.58,134.58,20070300,20070600,20070600
2006-12-13 06:00:00,134.87,134.87,134.87,20070300,20070600,20070600
2006-12-14 06:00:00,134.73,134.73,134.73,20070300,20070600,20070600
2006-12-15 06:00:00,134.33,134.33,134.33,20070300,20070600,20070600
2006-12-18 06:00:00,134.05,134.05,134.05,20070300,20070600,20070600
2006-12-19 06:00:00,134.96,134.96,134.96,20070300,20070600,20070600
2006-12-20 06:00:00,134.76,134.76,134.76,20070300,20070600,20070600
2006-12-21 06:00:00,134.65,134.65,134.65,20070300,20070600,20070600
2006-12-22 06:00:00,134.87,134.87,134.87,20070300,20070600,20070600
2006-12-25 06:00:00,134.96,134.96,134.96,20070300,20070600,20070600
2006-12-26 06:00:00,135.05,135.05,135.05,20070300,20070600,20070600
2006-12-27 06:00:00,134.22,134.22,134.22,20070300,20070600,20070600
2006-12-28 06:00:00,134.27,134.27,134.27,20070300,20070600,20070600
2006-12-29 06:00:00,133.93,133.93,133.93,20070300,20070600,20070600
2007-01-04 06:00:00,133.61,133.61,133.61,20070300,20070600,20070600
2007-01-05 06:00:00,133.82,133.82,133.82,20070300,20070600,20070600
2007-01-09 06:00:00,133.65,133.65,133.65,20070300,20070600,20070600
2007-01-10 06:00:00,133.62,133.62,133.62,20070300,20070600,20070600
2007-01-11 06:00:00,133.73,133.73,133.73,20070300,20070600,20070600
2007-01-12 06:00:00,133.63,133.63,133.63,20070300,20070600,20070600
2007-01-15 06:00:00,133.62,133.62,133.62,20070300,20070600,20070600
2007-01-16 06:00:00,133.81,133.81,133.81,20070300,20070600,20070600
2007-01-17 06:00:00,134.32,134.32,134.32,20070300,20070600,20070600
2007-01-18 06:00:00,134.31,134.31,134.31,20070300,20070600,20070600
2007-01-19 06:00:00,134.75,134.75,134.75,20070300,20070600,20070600
2007-01-22 06:00:00,134.77,134.77,134.77,20070300,20070600,20070600
2007-01-23 06:00:00,134.71,134.71,134.71,20070300,20070600,20070600
2007-01-24 06:00:00,134.71,134.71,134.71,20070300,20070600,20070600
2007-01-25 06:00:00,134.78,134.78,134.78,20070300,20070600,20070600
2007-01-26 06:00:00,134.59,133.99,133.99,20070300,20070600,20070600
2007-01-29 06:00:00,134.4,133.8,133.8,20070300,20070600,20070600
2007-01-30 06:00:00,134.45,133.85,133.85,20070300,20070600,20070600
2007-01-31 06:00:00,134.5,133.9,133.9,20070300,20070600,20070600
2007-02-01 06:00:00,134.27,133.45,133.45,20070300,20070600,20070600
2007-02-02 06:00:00,134.13,133.31,133.31,20070300,20070600,20070600
2007-02-05 06:00:00,134.18,133.36,133.36,20070300,20070600,20070600
2007-02-06 06:00:00,133.96,133.14,133.14,20070300,20070600,20070600
2007-02-07 06:00:00,134.11,133.29,133.29,20070300,20070600,20070600
2007-02-08 06:00:00,134.22,133.4,133.4,20070300,20070600,20070600
2007-02-09 06:00:00,134.62,133.8,133.8,20070300,20070600,20070600
2007-02-13 06:00:00,134.03,133.15,133.15,20070300,20070600,20070600
2007-02-14 06:00:00,134.1,133.22,133.22,20070300,20070600,20070600
2007-02-15 06:00:00,133.96,133.08,133.08,20070300,20070600,20070600
2007-02-16 06:00:00,134.34,133.46,133.46,20070300,20070600,20070600
2007-02-19 06:00:00,134.22,133.34,133.34,20070300,20070600,20070600
2007-02-20 06:00:00,134.32,133.44,133.44,20070300,20070600,20070600
2007-02-21 06:00:00,134.52,133.59,133.59,20070300,20070600,20070600
2007-02-22 06:00:00,134.68,133.75,133.75,20070300,20070600,20070600
2007-02-23 06:00:00,134.57,133.64,133.64,20070300,20070600,20070600
2007-02-26 06:00:00,133.81,133.81,133.81,20070600,20070900,20070900
2007-02-27 06:00:00,134.02,134.02,134.02,20070600,20070900,20070900
2007-02-28 06:00:00,133.99,133.99,133.99,20070600,20070900,20070900
2007-03-01 06:00:00,133.95,133.95,133.95,20070600,20070900,20070900
2007-03-02 06:00:00,133.86,133.86,133.86,20070600,20070900,20070900
2007-03-05 06:00:00,134.38,134.38,134.38,20070600,20070900,20070900
2007-03-06 06:00:00,134.21,134.21,134.21,20070600,20070900,20070900
2007-03-07 06:00:00,134.42,134.42,134.42,20070600,20070900,20070900
2007-03-08 06:00:00,134.32,134.32,134.32,20070600,20070900,20070900
2007-03-09 06:00:00,134.48,134.48,134.48,20070600,20070900,20070900
2007-03-12 05:00:00,134.3,134.3,134.3,20070600,20070900,20070900
2007-03-13 05:00:00,134.44,134.44,134.44,20070600,20070900,20070900
2007-03-14 05:00:00,134.85,134.85,134.85,20070600,20070900,20070900
2007-03-15 05:00:00,134.72,134.72,134.72,20070600,20070900,20070900
2007-03-16 05:00:00,134.81,134.81,134.81,20070600,20070900,20070900
2007-03-19 05:00:00,134.73,134.73,134.73,20070600,20070900,20070900
2007-03-20 05:00:00,134.87,134.87,134.87,20070600,20070900,20070900
2007-03-22 05:00:00,134.91,134.91,134.91,20070600,20070900,20070900
2007-03-23 05:00:00,134.34,134.34,134.34,20070600,20070900,20070900
2007-03-26 05:00:00,134.02,134.02,134.02,20070600,20070900,20070900
2007-03-27 05:00:00,134.24,134.24,134.24,20070600,20070900,20070900
2007-03-28 05:00:00,133.97,133.97,133.97,20070600,20070900,20070900
2007-03-29 05:00:00,134.17,134.17,134.17,20070600,20070900,20070900
2007-03-30 05:00:00,134.19,134.19,134.19,20070600,20070900,20070900
2007-04-02 05:00:00,134.24,134.24,134.24,20070600,20070900,20070900
2007-04-03 05:00:00,134.12,134.12,134.12,20070600,20070900,20070900
2007-04-04 05:00:00,133.81,133.81,133.81,20070600,20070900,20070900
2007-04-05 05:00:00,133.81,133.81,133.81,20070600,20070900,20070900
2007-04-06 05:00:00,133.93,133.93,133.93,20070600,20070900,20070900
2007-04-09 05:00:00,133.85,133.85,133.85,20070600,20070900,20070900
2007-04-10 05:00:00,133.85,133.85,133.85,20070600,20070900,20070900
2007-04-11 05:00:00,134.16,134.16,134.16,20070600,20070900,20070900
2007-04-12 05:00:00,134.08,134.08,134.08,20070600,20070900,20070900
2007-04-13 05:00:00,134.05,134.05,134.05,20070600,20070900,20070900
2007-04-16 05:00:00,133.65,133.65,133.65,20070600,20070900,20070900
2007-04-17 05:00:00,133.65,133.65,133.65,20070600,20070900,20070900
2007-04-18 05:00:00,133.63,133.63,133.63,20070600,20070900,20070900
2007-04-19 05:00:00,134.02,134.02,134.02,20070600,20070900,20070900
2007-04-20 05:00:00,133.79,133.79,133.79,20070600,20070900,20070900
2007-04-23 05:00:00,133.78,133.78,133.78,20070600,20070900,20070900
2007-04-24 05:00:00,134.07,134.07,134.07,20070600,20070900,20070900
2007-04-25 05:00:00,134.11,134.11,134.11,20070600,20070900,20070900
2007-04-26 05:00:00,134.09,134.09,134.09,20070600,20070900,20070900
2007-04-27 05:00:00,134.38,134.38,134.38,20070600,20070900,20070900
2007-05-01 05:00:00,134.55,134.55,134.55,20070600,20070900,20070900
2007-05-02 05:00:00,134.44,134.44,134.44,20070600,20070900,20070900
2007-05-07 05:00:00,134.32,134.32,134.32,20070600,20070900,20070900
2007-05-08 05:00:00,134.22,134.22,134.22,20070600,20070900,20070900
2007-05-09 05:00:00,133.98,133.79,133.79,20070600,20070900,20070900
2007-05-10 05:00:00,134.0,133.81,133.81,20070600,20070900,20070900
2007-05-11 05:00:00,134.29,134.1,134.1,20070600,20070900,20070900
2007-05-14 05:00:00,134.05,133.86,133.86,20070600,20070900,20070900
2007-05-15 05:00:00,133.86,133.67,133.67,20070600,20070900,20070900
2007-05-16 05:00:00,134.11,133.92,133.92,20070600,20070900,20070900
2007-05-17 05:00:00,134.4,134.21,134.21,20070600,20070900,20070900
2007-05-18 05:00:00,134.37,134.18,134.18,20070600,20070900,20070900
2007-05-21 05:00:00,134.27,134.08,134.08,20070600,20070900,20070900
2007-05-22 05:00:00,134.26,134.07,134.07,20070600,20070900,20070900
2007-05-23 05:00:00,133.82,133.63,133.63,20070600,20070900,20070900
2007-05-24 05:00:00,133.74,133.56,133.56,20070600,20070900,20070900
2007-05-25 05:00:00,133.37,133.19,133.19,20070600,20070900,20070900
2007-05-28 05:00:00,133.37,133.19,133.19,20070600,20070900,20070900
2007-05-29 05:00:00,133.02,133.02,133.02,20070900,20071200,20071200
2007-05-30 05:00:00,133.1,133.1,133.1,20070900,20071200,20071200
2007-05-31 05:00:00,132.9,132.9,132.9,20070900,20071200,20071200
2007-06-01 05:00:00,132.73,132.73,132.73,20070900,20071200,20071200
2007-06-04 05:00:00,132.64,132.64,132.64,20070900,20071200,20071200
2007-06-05 05:00:00,132.13,132.13,132.13,20070900,20071200,20071200
2007-06-06 05:00:00,132.27,132.27,132.27,20070900,20071200,20071200
2007-06-07 05:00:00,131.88,131.88,131.88,20070900,20071200,20071200
2007-06-08 05:00:00,131.35,131.35,131.35,20070900,20071200,20071200
2007-06-11 05:00:00,131.48,131.48,131.48,20070900,20071200,20071200
2007-06-12 05:00:00,131.35,131.35,131.35,20070900,20071200,20071200
2007-06-13 05:00:00,130.96,130.96,130.96,20070900,20071200,20071200
2007-06-14 05:00:00,131.11,131.11,131.11,20070900,20071200,20071200
2007-06-15 05:00:00,131.53,131.53,131.53,20070900,20071200,20071200
2007-06-18 05:00:00,131.8,131.8,131.8,20070900,20071200,20071200
2007-06-19 05:00:00,131.43,131.43,131.43,20070900,20071200,20071200
2007-06-20 05:00:00,131.84,131.84,131.84,20070900,20071200,20071200
2007-06-21 05:00:00,131.38,131.38,131.38,20070900,20071200,20071200
2007-06-22 05:00:00,131.75,131.75,131.75,20070900,20071200,20071200
2007-06-25 05:00:00,131.71,131.71,131.71,20070900,20071200,20071200
2007-06-26 05:00:00,131.8,131.8,131.8,20070900,20071200,20071200
2007-06-27 05:00:00,132.03,132.03,132.03,20070900,20071200,20071200
2007-06-28 05:00:00,131.51,131.51,131.51,20070900,20071200,20071200
2007-06-29 05:00:00,132.04,132.04,132.04,20070900,20071200,20071200
2007-07-02 05:00:00,131.95,131.95,131.95,20070900,20071200,20071200
2007-07-03 05:00:00,131.89,131.89,131.89,20070900,20071200,20071200
2007-07-04 05:00:00,131.83,131.83,131.83,20070900,20071200,20071200
2007-07-05 05:00:00,131.55,131.55,131.55,20070900,20071200,20071200
2007-07-06 05:00:00,131.44,131.44,131.44,20070900,20071200,20071200
2007-07-09 05:00:00,131.29,131.29,131.29,20070900,20071200,20071200
2007-07-10 05:00:00,131.34,131.34,131.34,20070900,20071200,20071200
2007-07-11 05:00:00,131.9,131.9,131.9,20070900,20071200,20071200
2007-07-12 05:00:00,131.83,131.83,131.83,20070900,20071200,20071200
2007-07-13 05:00:00,131.52,131.52,131.52,20070900,20071200,20071200
2007-07-17 05:00:00,131.61,131.61,131.61,20070900,20071200,20071200
2007-07-18 05:00:00,131.84,131.84,131.84,20070900,20071200,20071200
2007-07-19 05:00:00,131.81,131.81,131.81,20070900,20071200,20071200
2007-07-20 05:00:00,132.19,132.19,132.19,20070900,20071200,20071200
2007-07-23 05:00:00,132.42,132.42,132.42,20070900,20071200,20071200
2007-07-24 05:00:00,132.34,132.25,132.25,20070900,20071200,20071200
2007-07-25 05:00:00,132.54,132.45,132.45,20070900,20071200,20071200
2007-07-26 05:00:00,132.56,132.4,132.4,20070900,20071200,20071200
2007-07-27 05:00:00,133.14,132.98,132.98,20070900,20071200,20071200
2007-07-30 05:00:00,133.12,132.9,132.9,20070900,20071200,20071200
2007-07-31 05:00:00,133.05,132.83,132.83,20070900,20071200,20071200
2007-08-01 05:00:00,133.49,133.27,133.27,20070900,20071200,20071200
2007-08-02 05:00:00,133.15,132.74,132.74,20070900,20071200,20071200
2007-08-03 05:00:00,133.56,133.14,133.14,20070900,20071200,20071200
2007-08-06 05:00:00,133.89,133.47,133.47,20070900,20071200,20071200
2007-08-07 05:00:00,133.71,133.29,133.29,20070900,20071200,20071200
2007-08-08 05:00:00,133.43,132.97,132.97,20070900,20071200,20071200
2007-08-09 05:00:00,133.8,133.34,133.34,20070900,20071200,20071200
2007-08-10 05:00:00,134.25,133.79,133.79,20070900,20071200,20071200
2007-08-13 05:00:00,134.38,133.92,133.92,20070900,20071200,20071200
2007-08-14 05:00:00,134.44,133.98,133.98,20070900,20071200,20071200
2007-08-15 05:00:00,134.97,134.51,134.51,20070900,20071200,20071200
2007-08-16 05:00:00,135.36,134.9,134.9,20070900,20071200,20071200
2007-08-17 05:00:00,135.95,135.49,135.49,20070900,20071200,20071200
2007-08-20 05:00:00,135.62,135.16,135.16,20070900,20071200,20071200
2007-08-21 05:00:00,136.39,135.93,135.93,20070900,20071200,20071200
2007-08-22 05:00:00,135.58,135.12,135.12,20070900,20071200,20071200
2007-08-23 05:00:00,135.23,134.77,134.77,20070900,20071200,20071200
2007-08-24 05:00:00,135.59,135.13,135.13,20070900,20071200,20071200
2007-08-27 05:00:00,135.3,134.84,134.84,20070900,20071200,20071200
2007-08-28 05:00:00,134.98,134.98,134.98,20071200,20080300,20080300
2007-08-29 05:00:00,135.26,135.26,135.26,20071200,20080300,20080300
2007-08-30 05:00:00,135.3,135.3,135.3,20071200,20080300,20080300
2007-08-31 05:00:00,134.97,134.97,134.97,20071200,20080300,20080300
2007-09-03 05:00:00,134.7,134.7,134.7,20071200,20080300,20080300
2007-09-04 05:00:00,135.01,135.01,135.01,20071200,20080300,20080300
2007-09-05 05:00:00,135.22,135.22,135.22,20071200,20080300,20080300
2007-09-06 05:00:00,135.35,135.35,135.35,20071200,20080300,20080300
2007-09-07 05:00:00,135.48,135.48,135.48,20071200,20080300,20080300
2007-09-10 05:00:00,136.04,136.04,136.04,20071200,20080300,20080300
2007-09-11 05:00:00,136.08,136.08,136.08,20071200,20080300,20080300
2007-09-12 05:00:00,136.29,136.29,136.29,20071200,20080300,20080300
2007-09-13 05:00:00,136.24,136.24,136.24,20071200,20080300,20080300
2007-09-14 05:00:00,135.83,135.83,135.83,20071200,20080300,20080300
2007-09-18 05:00:00,136.09,136.09,136.09,20071200,20080300,20080300
2007-09-19 05:00:00,135.55,135.55,135.55,20071200,20080300,20080300
2007-09-20 05:00:00,135.34,135.34,135.34,20071200,20080300,20080300
2007-09-21 05:00:00,134.8,134.8,134.8,20071200,20080300,20080300
2007-09-25 05:00:00,134.73,134.73,134.73,20071200,20080300,20080300
2007-09-26 05:00:00,134.79,134.79,134.79,20071200,20080300,20080300
2007-09-27 05:00:00,134.52,134.52,134.52,20071200,20080300,20080300
2007-09-28 05:00:00,134.99,134.99,134.99,20071200,20080300,20080300
2007-10-01 05:00:00,135.07,135.07,135.07,20071200,20080300,20080300
2007-10-02 05:00:00,134.87,134.87,134.87,20071200,20080300,20080300
2007-10-03 05:00:00,135.06,135.06,135.06,20071200,20080300,20080300
2007-10-04 05:00:00,134.63,134.63,134.63,20071200,20080300,20080300
2007-10-05 05:00:00,134.75,134.75,134.75,20071200,20080300,20080300
2007-10-09 05:00:00,134.45,134.45,134.45,20071200,20080300,20080300
2007-10-10 05:00:00,134.39,134.39,134.39,20071200,20080300,20080300
2007-10-11 05:00:00,134.28,134.28,134.28,20071200,20080300,20080300
2007-10-12 05:00:00,134.79,134.79,134.79,20071200,20080300,20080300
2007-10-15 05:00:00,134.44,134.44,134.44,20071200,20080300,20080300
2007-10-16 05:00:00,134.83,134.83,134.83,20071200,20080300,20080300
2007-10-17 05:00:00,135.26,135.26,135.26,20071200,20080300,20080300
2007-10-18 05:00:00,135.48,135.48,135.48,20071200,20080300,20080300
2007-10-19 05:00:00,135.75,135.75,135.75,20071200,20080300,20080300
2007-10-22 05:00:00,135.97,135.97,135.97,20071200,20080300,20080300
2007-10-23 05:00:00,135.95,135.95,135.95,20071200,20080300,20080300
2007-10-24 05:00:00,136.24,136.24,136.24,20071200,20080300,20080300
2007-10-25 05:00:00,136.0,136.0,136.0,20071200,20080300,20080300
2007-10-26 05:00:00,135.69,135.69,135.69,20071200,20080300,20080300
2007-10-29 05:00:00,136.05,136.05,136.05,20071200,20080300,20080300
2007-10-30 05:00:00,136.07,136.07,136.07,20071200,20080300,20080300
2007-10-31 05:00:00,136.09,136.09,136.09,20071200,20080300,20080300
2007-11-01 05:00:00,135.3,135.3,135.3,20071200,20080300,20080300
2007-11-02 05:00:00,136.1,136.1,136.1,20071200,20080300,20080300
2007-11-05 06:00:00,136.07,136.07,136.07,20071200,20080300,20080300
2007-11-06 06:00:00,136.06,136.06,136.06,20071200,20080300,20080300
2007-11-07 06:00:00,136.31,136.31,136.31,20071200,20080300,20080300
2007-11-08 06:00:00,136.56,136.56,136.56,20071200,20080300,20080300
2007-11-09 06:00:00,136.67,136.67,136.67,20071200,20080300,20080300
2007-11-12 06:00:00,136.58,136.58,136.58,20071200,20080300,20080300
2007-11-13 06:00:00,136.8,136.8,136.8,20071200,20080300,20080300
2007-11-14 06:00:00,136.56,136.56,136.56,20071200,20080300,20080300
2007-11-15 06:00:00,136.87,136.87,136.87,20071200,20080300,20080300
2007-11-16 06:00:00,137.04,137.04,137.04,20071200,20080300,20080300
2007-11-19 06:00:00,137.03,137.03,137.03,20071200,20080300,20080300
2007-11-20 06:00:00,136.97,136.97,136.97,20071200,20080300,20080300
2007-11-21 06:00:00,137.46,137.46,137.46,20071200,20080300,20080300
2007-11-22 06:00:00,137.34,137.34,137.34,20071200,20080300,20080300
2007-11-26 06:00:00,136.62,136.62,136.62,20071200,20080300,20080300
2007-11-27 06:00:00,136.53,136.53,136.53,20080300,20080600,20080600
2007-11-28 06:00:00,136.79,136.79,136.79,20080300,20080600,20080600
2007-11-29 06:00:00,136.75,136.75,136.75,20080300,20080600,20080600
2007-11-30 06:00:00,136.92,136.92,136.92,20080300,20080600,20080600
2007-12-03 06:00:00,137.0,137.0,137.0,20080300,20080600,20080600
2007-12-04 06:00:00,137.33,137.33,137.33,20080300,20080600,20080600
2007-12-05 06:00:00,136.82,136.82,136.82,20080300,20080600,20080600
2007-12-06 06:00:00,136.22,136.22,136.22,20080300,20080600,20080600
2007-12-07 06:00:00,136.19,136.19,136.19,20080300,20080600,20080600
2007-12-10 06:00:00,136.2,136.2,136.2,20080300,20080600,20080600
2007-12-11 06:00:00,135.99,135.99,135.99,20080300,20080600,20080600
2007-12-12 06:00:00,136.56,136.56,136.56,20080300,20080600,20080600
2007-12-13 06:00:00,136.89,136.89,136.89,20080300,20080600,20080600
2007-12-14 06:00:00,136.45,136.45,136.45,20080300,20080600,20080600
2007-12-17 06:00:00,136.47,136.47,136.47,20080300,20080600,20080600
2007-12-18 06:00:00,136.7,136.7,136.7,20080300,20080600,20080600
2007-12-19 06:00:00,137.09,137.09,137.09,20080300,20080600,20080600
2007-12-20 06:00:00,136.69,136.69,136.69,20080300,20080600,20080600
2007-12-21 06:00:00,136.4,136.4,136.4,20080300,20080600,20080600
2007-12-25 06:00:00,136.07,136.07,136.07,20080300,20080600,20080600
2007-12-26 06:00:00,136.32,136.32,136.32,20080300,20080600,20080600
2007-12-27 06:00:00,136.36,136.36,136.36,20080300,20080600,20080600
2007-12-28 06:00:00,136.76,136.76,136.76,20080300,20080600,20080600
2008-01-04 06:00:00,137.32,137.32,137.32,20080300,20080600,20080600
2008-01-07 06:00:00,137.34,137.34,137.34,20080300,20080600,20080600
2008-01-08 06:00:00,137.26,137.26,137.26,20080300,20080600,20080600
2008-01-09 06:00:00,137.46,137.46,137.46,20080300,20080600,20080600
2008-01-10 06:00:00,137.83,137.83,137.83,20080300,20080600,20080600
2008-01-11 06:00:00,137.95,137.95,137.95,20080300,20080600,20080600
2008-01-15 06:00:00,137.89,137.89,137.89,20080300,20080600,20080600
2008-01-16 06:00:00,138.15,138.15,138.15,20080300,20080600,20080600
2008-01-17 06:00:00,137.88,137.88,137.88,20080300,20080600,20080600
2008-01-18 06:00:00,138.01,138.01,138.01,20080300,20080600,20080600
2008-01-21 06:00:00,138.7,138.7,138.7,20080300,20080600,20080600
2008-01-22 06:00:00,138.9,138.9,138.9,20080300,20080600,20080600
2008-01-23 06:00:00,138.49,138.49,138.49,20080300,20080600,20080600
2008-01-24 06:00:00,138.25,138.25,138.25,20080300,20080600,20080600
2008-01-25 06:00:00,137.38,137.38,137.38,20080300,20080600,20080600
2008-01-28 06:00:00,137.92,137.92,137.92,20080300,20080600,20080600
2008-01-29 06:00:00,137.44,137.44,137.44,20080300,20080600,20080600
2008-01-30 06:00:00,137.72,137.72,137.72,20080300,20080600,20080600
2008-01-31 06:00:00,137.75,137.75,137.75,20080300,20080600,20080600
2008-02-01 06:00:00,137.88,137.88,137.88,20080300,20080600,20080600
2008-02-04 06:00:00,137.47,137.47,137.47,20080300,20080600,20080600
2008-02-05 06:00:00,137.41,137.41,137.41,20080300,20080600,20080600
2008-02-06 06:00:00,137.88,137.88,137.88,20080300,20080600,20080600
2008-02-07 06:00:00,137.84,137.84,137.84,20080300,20080600,20080600
2008-02-08 06:00:00,137.91,137.91,137.91,20080300,20080600,20080600
2008-02-12 06:00:00,138.16,138.16,138.16,20080300,20080600,20080600
2008-02-13 06:00:00,137.92,137.92,137.92,20080300,20080600,20080600
2008-02-14 06:00:00,137.46,137.46,137.46,20080300,20080600,20080600
2008-02-15 06:00:00,137.47,137.47,137.47,20080300,20080600,20080600
2008-02-18 06:00:00,137.47,137.47,137.47,20080300,20080600,20080600
2008-02-19 06:00:00,137.41,137.41,137.41,20080300,20080600,20080600
2008-02-20 06:00:00,137.84,137.84,137.84,20080300,20080600,20080600
2008-02-21 06:00:00,137.24,137.24,137.24,20080300,20080600,20080600
2008-02-22 06:00:00,137.48,137.48,137.48,20080300,20080600,20080600
2008-02-25 06:00:00,137.12,137.12,137.12,20080300,20080600,20080600
2008-02-26 06:00:00,137.2,137.2,137.2,20080600,20080900,20080900
2008-02-27 06:00:00,137.34,137.34,137.34,20080600,20080900,20080900
2008-02-28 06:00:00,137.81,137.81,137.81,20080600,20080900,20080900
2008-02-29 06:00:00,138.4,138.4,138.4,20080600,20080900,20080900
2008-03-03 06:00:00,138.59,138.59,138.59,20080600,20080900,20080900
2008-03-04 06:00:00,138.37,138.37,138.37,20080600,20080900,20080900
2008-03-05 06:00:00,138.67,138.67,138.67,20080600,20080900,20080900
2008-03-06 06:00:00,138.9,138.9,138.9,20080600,20080900,20080900
2008-03-07 06:00:00,139.3,139.3,139.3,20080600,20080900,20080900
2008-03-10 05:00:00,139.62,139.62,139.62,20080600,20080900,20080900
2008-03-11 05:00:00,139.41,139.41,139.41,20080600,20080900,20080900
2008-03-12 05:00:00,139.52,139.52,139.52,20080600,20080900,20080900
2008-03-13 05:00:00,140.21,140.21,140.21,20080600,20080900,20080900
2008-03-14 05:00:00,140.28,140.28,140.28,20080600,20080900,20080900
2008-03-17 05:00:00,141.9,141.9,141.9,20080600,20080900,20080900
2008-03-18 05:00:00,140.9,140.9,140.9,20080600,20080900,20080900
2008-03-19 05:00:00,141.6,141.6,141.6,20080600,20080900,20080900
2008-03-21 05:00:00,140.9,140.9,140.9,20080600,20080900,20080900
2008-03-24 05:00:00,140.67,140.67,140.67,20080600,20080900,20080900
2008-03-25 05:00:00,140.52,140.52,140.52,20080600,20080900,20080900
2008-03-26 05:00:00,140.62,140.62,140.62,20080600,20080900,20080900
2008-03-27 05:00:00,140.74,140.74,140.74,20080600,20080900,20080900
2008-03-28 05:00:00,140.49,140.49,140.49,20080600,20080900,20080900
2008-03-31 05:00:00,140.46,140.46,140.46,20080600,20080900,20080900
2008-04-01 05:00:00,139.62,139.62,139.62,20080600,20080900,20080900
2008-04-02 05:00:00,139.72,139.72,139.72,20080600,20080900,20080900
2008-04-03 05:00:00,139.64,139.64,139.64,20080600,20080900,20080900
2008-04-04 05:00:00,139.58,139.58,139.58,20080600,20080900,20080900
2008-04-07 05:00:00,139.32,139.32,139.32,20080600,20080900,20080900
2008-04-08 05:00:00,139.91,139.91,139.91,20080600,20080900,20080900
2008-04-09 05:00:00,139.77,139.77,139.77,20080600,20080900,20080900
2008-04-10 05:00:00,140.07,140.07,140.07,20080600,20080900,20080900
2008-04-11 05:00:00,139.4,139.4,139.4,20080600,20080900,20080900
2008-04-14 05:00:00,139.9,139.9,139.9,20080600,20080900,20080900
2008-04-15 05:00:00,139.64,139.64,139.64,20080600,20080900,20080900
2008-04-16 05:00:00,139.66,139.66,139.66,20080600,20080900,20080900
2008-04-17 05:00:00,138.81,138.81,138.81,20080600,20080900,20080900
2008-04-18 05:00:00,138.4,138.4,138.4,20080600,20080900,20080900
2008-04-21 05:00:00,138.0,138.0,138.0,20080600,20080900,20080900
2008-04-22 05:00:00,137.6,137.6,137.6,20080600,20080900,20080900
2008-04-23 05:00:00,137.84,137.84,137.84,20080600,20080900,20080900
2008-04-24 05:00:00,137.13,137.13,137.13,20080600,20080900,20080900
2008-04-25 05:00:00,134.94,134.94,134.94,20080600,20080900,20080900
2008-04-28 05:00:00,135.26,135.26,135.26,20080600,20080900,20080900
2008-04-30 05:00:00,136.64,136.64,136.64,20080600,20080900,20080900
2008-05-01 05:00:00,136.39,136.39,136.39,20080600,20080900,20080900
2008-05-02 05:00:00,135.84,135.84,135.84,20080600,20080900,20080900
2008-05-07 05:00:00,135.68,135.68,135.68,20080600,20080900,20080900
2008-05-08 05:00:00,135.96,135.96,135.96,20080600,20080900,20080900
2008-05-09 05:00:00,136.71,136.71,136.71,20080600,20080900,20080900
2008-05-12 05:00:00,136.19,136.19,136.19,20080600,20080900,20080900
2008-05-13 05:00:00,136.18,136.18,136.18,20080600,20080900,20080900
2008-05-14 05:00:00,134.52,134.52,134.52,20080600,20080900,20080900
2008-05-15 05:00:00,134.85,134.85,134.85,20080600,20080900,20080900
2008-05-16 05:00:00,134.78,134.78,134.78,20080600,20080900,20080900
2008-05-19 05:00:00,134.3,134.3,134.3,20080600,20080900,20080900
2008-05-20 05:00:00,135.65,135.65,135.65,20080600,20080900,20080900
2008-05-21 05:00:00,135.56,135.05,135.05,20080600,20080900,20080900
2008-05-22 05:00:00,135.28,134.77,134.77,20080600,20080900,20080900
2008-05-23 05:00:00,134.64,134.13,134.13,20080600,20080900,20080900
2008-05-26 05:00:00,134.33,133.82,133.82,20080600,20080900,20080900
2008-05-27 05:00:00,134.51,134.0,134.0,20080600,20080900,20080900
2008-05-28 05:00:00,134.08,134.08,134.08,20080900,20081200,20081200
2008-05-29 05:00:00,133.25,133.25,133.25,20080900,20081200,20081200
2008-05-30 05:00:00,133.92,133.92,133.92,20080900,20081200,20081200
2008-06-02 05:00:00,133.62,133.62,133.62,20080900,20081200,20081200
2008-06-03 05:00:00,134.8,134.8,134.8,20080900,20081200,20081200
2008-06-04 05:00:00,134.41,134.41,134.41,20080900,20081200,20081200
2008-06-05 05:00:00,134.52,134.52,134.52,20080900,20081200,20081200
2008-06-06 05:00:00,133.81,133.81,133.81,20080900,20081200,20081200
2008-06-09 05:00:00,134.36,134.36,134.36,20080900,20081200,20081200
2008-06-10 05:00:00,133.23,133.23,133.23,20080900,20081200,20081200
2008-06-11 05:00:00,132.89,132.89,132.89,20080900,20081200,20081200
2008-06-12 05:00:00,133.04,133.04,133.04,20080900,20081200,20081200
2008-06-13 05:00:00,132.7,132.7,132.7,20080900,20081200,20081200
2008-06-16 05:00:00,132.55,132.55,132.55,20080900,20081200,20081200
2008-06-17 05:00:00,133.42,133.42,133.42,20080900,20081200,20081200
2008-06-18 05:00:00,133.5,133.5,133.5,20080900,20081200,20081200
2008-06-19 05:00:00,133.24,133.24,133.24,20080900,20081200,20081200
2008-06-20 05:00:00,133.66,133.66,133.66,20080900,20081200,20081200
2008-06-23 05:00:00,134.19,134.19,134.19,20080900,20081200,20081200
2008-06-24 05:00:00,134.26,134.26,134.26,20080900,20081200,20081200
2008-06-25 05:00:00,134.43,134.43,134.43,20080900,20081200,20081200
2008-06-26 05:00:00,134.84,134.84,134.84,20080900,20081200,20081200
2008-06-27 05:00:00,134.95,134.95,134.95,20080900,20081200,20081200
2008-06-30 05:00:00,135.24,135.24,135.24,20080900,20081200,20081200
2008-07-01 05:00:00,134.73,134.73,134.73,20080900,20081200,20081200
2008-07-02 05:00:00,134.57,134.57,134.57,20080900,20081200,20081200
2008-07-03 05:00:00,134.91,134.91,134.91,20080900,20081200,20081200
2008-07-04 05:00:00,135.2,135.2,135.2,20080900,20081200,20081200
2008-07-07 05:00:00,134.63,134.63,134.63,20080900,20081200,20081200
2008-07-08 05:00:00,135.64,135.64,135.64,20080900,20081200,20081200
2008-07-09 05:00:00,135.54,135.54,135.54,20080900,20081200,20081200
2008-07-10 05:00:00,136.04,136.04,136.04,20080900,20081200,20081200
2008-07-11 05:00:00,135.98,135.98,135.98,20080900,20081200,20081200
2008-07-14 05:00:00,136.18,136.18,136.18,20080900,20081200,20081200
2008-07-15 05:00:00,136.61,136.61,136.61,20080900,20081200,20081200
2008-07-16 05:00:00,136.45,136.45,136.45,20080900,20081200,20081200
2008-07-17 05:00:00,136.34,136.34,136.34,20080900,20081200,20081200
2008-07-18 05:00:00,136.5,136.5,136.5,20080900,20081200,20081200
2008-07-22 05:00:00,135.73,135.73,135.73,20080900,20081200,20081200
2008-07-23 05:00:00,135.34,135.34,135.34,20080900,20081200,20081200
2008-07-24 05:00:00,135.51,135.51,135.51,20080900,20081200,20081200
2008-07-25 05:00:00,136.04,136.04,136.04,20080900,20081200,20081200
2008-07-28 05:00:00,135.93,135.93,135.93,20080900,20081200,20081200
2008-07-29 05:00:00,136.25,136.25,136.25,20080900,20081200,20081200
2008-07-30 05:00:00,136.54,136.54,136.54,20080900,20081200,20081200
2008-07-31 05:00:00,136.42,136.42,136.42,20080900,20081200,20081200
2008-08-01 05:00:00,136.85,136.85,136.85,20080900,20081200,20081200
2008-08-04 05:00:00,136.99,136.99,136.99,20080900,20081200,20081200
2008-08-05 05:00:00,136.62,136.62,136.62,20080900,20081200,20081200
2008-08-06 05:00:00,137.25,137.25,137.25,20080900,20081200,20081200
2008-08-07 05:00:00,137.06,137.06,137.06,20080900,20081200,20081200
2008-08-08 05:00:00,137.66,137.66,137.66,20080900,20081200,20081200
2008-08-11 05:00:00,137.7,137.7,137.7,20080900,20081200,20081200
2008-08-12 05:00:00,137.73,137.73,137.73,20080900,20081200,20081200
2008-08-13 05:00:00,137.69,137.69,137.69,20080900,20081200,20081200
2008-08-14 05:00:00,137.83,137.7,137.7,20080900,20081200,20081200
2008-08-15 05:00:00,137.65,137.52,137.52,20080900,20081200,20081200
2008-08-18 05:00:00,137.92,137.79,137.79,20080900,20081200,20081200
2008-08-19 05:00:00,137.95,137.82,137.82,20080900,20081200,20081200
2008-08-20 05:00:00,137.64,137.51,137.51,20080900,20081200,20081200
2008-08-21 05:00:00,137.99,137.86,137.86,20080900,20081200,20081200
2008-08-22 05:00:00,137.55,137.42,137.42,20080900,20081200,20081200
2008-08-25 05:00:00,138.25,138.12,138.12,20080900,20081200,20081200
2008-08-26 05:00:00,138.78,138.65,138.65,20080900,20081200,20081200
2008-08-27 05:00:00,138.29,138.16,138.16,20080900,20081200,20081200
2008-08-28 05:00:00,138.08,138.08,138.08,20081200,20090300,20090300
2008-08-29 05:00:00,138.22,138.22,138.22,20081200,20090300,20090300
2008-09-01 05:00:00,137.51,137.51,137.51,20081200,20090300,20090300
2008-09-02 05:00:00,137.85,137.85,137.85,20081200,20090300,20090300
2008-09-03 05:00:00,138.07,138.07,138.07,20081200,20090300,20090300
2008-09-04 05:00:00,137.43,137.43,137.43,20081200,20090300,20090300
2008-09-05 05:00:00,138.74,138.74,138.74,20081200,20090300,20090300
2008-09-08 05:00:00,137.46,137.46,137.46,20081200,20090300,20090300
2008-09-09 05:00:00,137.56,137.56,137.56,20081200,20090300,20090300
2008-09-10 05:00:00,137.41,137.41,137.41,20081200,20090300,20090300
2008-09-11 05:00:00,137.43,137.43,137.43,20081200,20090300,20090300
2008-09-12 05:00:00,137.24,137.24,137.24,20081200,20090300,20090300
2008-09-16 05:00:00,139.42,139.42,139.42,20081200,20090300,20090300
2008-09-17 05:00:00,138.57,138.57,138.57,20081200,20090300,20090300
2008-09-18 05:00:00,138.39,138.39,138.39,20081200,20090300,20090300
2008-09-19 05:00:00,137.32,137.32,137.32,20081200,20090300,20090300
2008-09-22 05:00:00,137.05,137.05,137.05,20081200,20090300,20090300
2008-09-24 05:00:00,137.13,137.13,137.13,20081200,20090300,20090300
2008-09-25 05:00:00,137.48,137.48,137.48,20081200,20090300,20090300
2008-09-26 05:00:00,137.21,137.21,137.21,20081200,20090300,20090300
2008-09-29 05:00:00,137.22,137.22,137.22,20081200,20090300,20090300
2008-09-30 05:00:00,137.32,137.32,137.32,20081200,20090300,20090300
2008-10-01 05:00:00,137.21,137.21,137.21,20081200,20090300,20090300
2008-10-02 05:00:00,137.08,137.08,137.08,20081200,20090300,20090300
2008-10-03 05:00:00,138.04,138.04,138.04,20081200,20090300,20090300
2008-10-06 05:00:00,138.61,138.61,138.61,20081200,20090300,20090300
2008-10-07 05:00:00,138.0,138.0,138.0,20081200,20090300,20090300
2008-10-08 05:00:00,139.13,139.13,139.13,20081200,20090300,20090300
2008-10-09 05:00:00,138.15,138.15,138.15,20081200,20090300,20090300
2008-10-10 05:00:00,137.4,137.4,137.4,20081200,20090300,20090300
2008-10-14 05:00:00,136.23,136.23,136.23,20081200,20090300,20090300
2008-10-15 05:00:00,135.98,135.98,135.98,20081200,20090300,20090300
2008-10-16 05:00:00,135.9,135.9,135.9,20081200,20090300,20090300
2008-10-17 05:00:00,135.66,135.66,135.66,20081200,20090300,20090300
2008-10-20 05:00:00,135.45,135.45,135.45,20081200,20090300,20090300
2008-10-21 05:00:00,135.76,135.76,135.76,20081200,20090300,20090300
2008-10-22 05:00:00,136.8,136.8,136.8,20081200,20090300,20090300
2008-10-23 05:00:00,137.02,137.02,137.02,20081200,20090300,20090300
2008-10-24 05:00:00,138.32,138.32,138.32,20081200,20090300,20090300
2008-10-27 05:00:00,138.19,138.19,138.19,20081200,20090300,20090300
2008-10-28 05:00:00,136.92,136.92,136.92,20081200,20090300,20090300
2008-10-29 05:00:00,137.83,137.83,137.83,20081200,20090300,20090300
2008-10-30 05:00:00,137.85,137.85,137.85,20081200,20090300,20090300
2008-10-31 05:00:00,137.73,137.73,137.73,20081200,20090300,20090300
2008-11-04 06:00:00,137.84,137.84,137.84,20081200,20090300,20090300
2008-11-05 06:00:00,137.19,137.19,137.19,20081200,20090300,20090300
2008-11-06 06:00:00,137.84,137.84,137.84,20081200,20090300,20090300
2008-11-07 06:00:00,137.38,137.38,137.38,20081200,20090300,20090300
2008-11-10 06:00:00,137.16,137.16,137.16,20081200,20090300,20090300
2008-11-11 06:00:00,138.12,138.12,138.12,20081200,20090300,20090300
2008-11-12 06:00:00,137.94,137.94,137.94,20081200,20090300,20090300
2008-11-13 06:00:00,138.38,138.38,138.38,20081200,20090300,20090300
2008-11-14 06:00:00,138.37,138.37,138.37,20081200,20090300,20090300
2008-11-17 06:00:00,138.5,138.5,138.5,20081200,20090300,20090300
2008-11-18 06:00:00,138.64,138.64,138.64,20081200,20090300,20090300
2008-11-19 06:00:00,138.8,138.8,138.8,20081200,20090300,20090300
2008-11-20 06:00:00,139.26,139.26,139.26,20081200,20090300,20090300
2008-11-21 06:00:00,139.21,139.21,139.21,20081200,20090300,20090300
2008-11-25 06:00:00,139.14,139.14,139.14,20081200,20090300,20090300
2008-11-26 06:00:00,139.45,139.45,139.45,20081200,20090300,20090300
2008-11-27 06:00:00,138.9,138.9,138.9,20090300,20090600,20090600
2008-11-28 06:00:00,138.88,138.88,138.88,20090300,20090600,20090600
2008-12-01 06:00:00,138.97,138.97,138.97,20090300,20090600,20090600
2008-12-02 06:00:00,139.47,139.47,139.47,20090300,20090600,20090600
2008-12-03 06:00:00,139.01,139.01,139.01,20090300,20090600,20090600
2008-12-04 06:00:00,139.0,139.0,139.0,20090300,20090600,20090600
2008-12-05 06:00:00,138.9,138.9,138.9,20090300,20090600,20090600
2008-12-08 06:00:00,139.39,139.39,139.39,20090300,20090600,20090600
2008-12-09 06:00:00,139.41,139.41,139.41,20090300,20090600,20090600
2008-12-10 06:00:00,138.44,138.44,138.44,20090300,20090600,20090600
2008-12-11 06:00:00,138.87,138.87,138.87,20090300,20090600,20090600
2008-12-12 06:00:00,139.34,139.34,139.34,20090300,20090600,20090600
2008-12-15 06:00:00,139.25,139.25,139.25,20090300,20090600,20090600
2008-12-16 06:00:00,139.14,139.14,139.14,20090300,20090600,20090600
2008-12-17 06:00:00,139.39,139.39,139.39,20090300,20090600,20090600
2008-12-18 06:00:00,139.52,139.52,139.52,20090300,20090600,20090600
2008-12-19 06:00:00,139.65,139.65,139.65,20090300,20090600,20090600
2008-12-22 06:00:00,139.71,139.71,139.71,20090300,20090600,20090600
2008-12-24 06:00:00,139.77,139.77,139.77,20090300,20090600,20090600
2008-12-25 06:00:00,139.7,139.7,139.7,20090300,20090600,20090600
2008-12-26 06:00:00,139.52,139.52,139.52,20090300,20090600,20090600
2008-12-29 06:00:00,139.53,139.53,139.53,20090300,20090600,20090600
2008-12-30 06:00:00,139.75,139.75,139.75,20090300,20090600,20090600
2009-01-05 06:00:00,139.79,139.79,139.79,20090300,20090600,20090600
2009-01-06 06:00:00,138.87,138.87,138.87,20090300,20090600,20090600
2009-01-07 06:00:00,139.14,139.14,139.14,20090300,20090600,20090600
2009-01-08 06:00:00,138.63,138.63,138.63,20090300,20090600,20090600
2009-01-09 06:00:00,139.0,139.0,139.0,20090300,20090600,20090600
2009-01-13 06:00:00,139.65,139.65,139.65,20090300,20090600,20090600
2009-01-14 06:00:00,139.8,139.8,139.8,20090300,20090600,20090600
2009-01-15 06:00:00,140.05,140.05,140.05,20090300,20090600,20090600
2009-01-16 06:00:00,139.78,139.78,139.78,20090300,20090600,20090600
2009-01-19 06:00:00,139.37,139.37,139.37,20090300,20090600,20090600
2009-01-20 06:00:00,139.74,139.74,139.74,20090300,20090600,20090600
2009-01-21 06:00:00,139.71,139.71,139.71,20090300,20090600,20090600
2009-01-22 06:00:00,139.65,139.65,139.65,20090300,20090600,20090600
2009-01-23 06:00:00,139.79,139.79,139.79,20090300,20090600,20090600
2009-01-26 06:00:00,139.67,139.67,139.67,20090300,20090600,20090600
2009-01-27 06:00:00,138.95,138.95,138.95,20090300,20090600,20090600
2009-01-28 06:00:00,138.84,138.84,138.84,20090300,20090600,20090600
2009-01-29 06:00:00,139.1,139.1,139.1,20090300,20090600,20090600
2009-01-30 06:00:00,138.95,138.95,138.95,20090300,20090600,20090600
2009-02-02 06:00:00,138.95,138.95,138.95,20090300,20090600,20090600
2009-02-03 06:00:00,138.74,138.74,138.74,20090300,20090600,20090600
2009-02-04 06:00:00,138.48,138.48,138.48,20090300,20090600,20090600
2009-02-05 06:00:00,138.34,138.34,138.34,20090300,20090600,20090600
2009-02-06 06:00:00,138.31,138.31,138.31,20090300,20090600,20090600
2009-02-09 06:00:00,138.43,138.43,138.43,20090300,20090600,20090600
2009-02-10 06:00:00,138.45,138.45,138.45,20090300,20090600,20090600
2009-02-12 06:00:00,139.48,139.48,139.48,20090300,20090600,20090600
2009-02-13 06:00:00,139.24,139.24,139.24,20090300,20090600,20090600
2009-02-16 06:00:00,139.08,139.08,139.08,20090300,20090600,20090600
2009-02-17 06:00:00,139.57,139.57,139.57,20090300,20090600,20090600
2009-02-18 06:00:00,139.73,139.73,139.73,20090300,20090600,20090600
2009-02-19 06:00:00,139.65,139.65,139.65,20090300,20090600,20090600
2009-02-20 06:00:00,139.66,139.66,139.66,20090300,20090600,20090600
2009-02-23 06:00:00,139.52,139.52,139.52,20090300,20090600,20090600
2009-02-24 06:00:00,139.73,139.73,139.73,20090300,20090600,20090600
2009-02-25 06:00:00,139.18,139.18,139.18,20090600,20090900,20090900
2009-02-26 06:00:00,139.58,139.58,139.58,20090600,20090900,20090900
2009-02-27 06:00:00,139.6,139.6,139.6,20090600,20090900,20090900
2009-03-02 06:00:00,139.32,139.32,139.32,20090600,20090900,20090900
2009-03-03 06:00:00,139.25,139.25,139.25,20090600,20090900,20090900
2009-03-04 06:00:00,138.6,138.6,138.6,20090600,20090900,20090900
2009-03-05 06:00:00,138.79,138.79,138.79,20090600,20090900,20090900
2009-03-06 06:00:00,138.84,138.84,138.84,20090600,20090900,20090900
2009-03-09 05:00:00,139.0,139.0,139.0,20090600,20090900,20090900
2009-03-10 05:00:00,138.57,138.57,138.57,20090600,20090900,20090900
2009-03-11 05:00:00,138.4,138.4,138.4,20090600,20090900,20090900
2009-03-12 05:00:00,138.91,138.91,138.91,20090600,20090900,20090900
2009-03-13 05:00:00,138.51,138.51,138.51,20090600,20090900,20090900
2009-03-16 05:00:00,138.86,138.86,138.86,20090600,20090900,20090900
2009-03-17 05:00:00,138.43,138.43,138.43,20090600,20090900,20090900
2009-03-18 05:00:00,138.74,138.74,138.74,20090600,20090900,20090900
2009-03-19 05:00:00,139.6,139.6,139.6,20090600,20090900,20090900
2009-03-23 05:00:00,139.43,139.43,139.43,20090600,20090900,20090900
2009-03-24 05:00:00,139.48,139.48,139.48,20090600,20090900,20090900
2009-03-25 05:00:00,138.96,138.96,138.96,20090600,20090900,20090900
2009-03-26 05:00:00,138.51,138.51,138.51,20090600,20090900,20090900
2009-03-27 05:00:00,138.3,138.3,138.3,20090600,20090900,20090900
2009-03-30 05:00:00,138.34,138.34,138.34,20090600,20090900,20090900
2009-03-31 05:00:00,137.99,137.99,137.99,20090600,20090900,20090900
2009-04-01 05:00:00,138.07,138.07,138.07,20090600,20090900,20090900
2009-04-02 05:00:00,137.66,137.66,137.66,20090600,20090900,20090900
2009-04-03 05:00:00,137.29,137.29,137.29,20090600,20090900,20090900
2009-04-06 05:00:00,136.77,136.77,136.77,20090600,20090900,20090900
2009-04-07 05:00:00,137.19,137.19,137.19,20090600,20090900,20090900
2009-04-08 05:00:00,136.72,136.72,136.72,20090600,20090900,20090900
2009-04-09 05:00:00,136.62,136.62,136.62,20090600,20090900,20090900
2009-04-10 05:00:00,136.83,136.83,136.83,20090600,20090900,20090900
2009-04-13 05:00:00,136.65,136.65,136.65,20090600,20090900,20090900
2009-04-14 05:00:00,136.59,136.59,136.59,20090600,20090900,20090900
2009-04-15 05:00:00,136.88,136.88,136.88,20090600,20090900,20090900
2009-04-16 05:00:00,136.7,136.7,136.7,20090600,20090900,20090900
2009-04-17 05:00:00,136.81,136.81,136.81,20090600,20090900,20090900
2009-04-20 05:00:00,136.7,136.7,136.7,20090600,20090900,20090900
2009-04-21 05:00:00,137.04,137.04,137.04,20090600,20090900,20090900
2009-04-22 05:00:00,137.33,137.33,137.33,20090600,20090900,20090900
2009-04-23 05:00:00,137.14,137.14,137.14,20090600,20090900,20090900
2009-04-24 05:00:00,137.28,137.28,137.28,20090600,20090900,20090900
2009-04-27 05:00:00,136.7,136.7,136.7,20090600,20090900,20090900
2009-04-28 05:00:00,137.29,137.29,137.29,20090600,20090900,20090900
2009-04-30 05:00:00,136.88,136.88,136.88,20090600,20090900,20090900
2009-05-01 05:00:00,137.47,137.47,137.47,20090600,20090900,20090900
2009-05-07 05:00:00,137.15,137.15,137.15,20090600,20090900,20090900
2009-05-08 05:00:00,136.68,136.68,136.68,20090600,20090900,20090900
2009-05-11 05:00:00,136.87,136.87,136.87,20090600,20090900,20090900
2009-05-12 05:00:00,136.63,136.63,136.63,20090600,20090900,20090900
2009-05-13 05:00:00,136.64,136.64,136.64,20090600,20090900,20090900
2009-05-14 05:00:00,136.9,136.9,136.9,20090600,20090900,20090900
2009-05-15 05:00:00,137.11,137.11,137.11,20090600,20090900,20090900
2009-05-18 05:00:00,137.26,136.9,136.9,20090600,20090900,20090900
2009-05-19 05:00:00,137.12,136.76,136.76,20090600,20090900,20090900
2009-05-20 05:00:00,137.11,136.74,136.74,20090600,20090900,20090900
2009-05-21 05:00:00,136.94,136.57,136.57,20090600,20090900,20090900
2009-05-22 05:00:00,136.94,136.57,136.57,20090600,20090900,20090900
2009-05-25 05:00:00,136.65,136.28,136.28,20090600,20090900,20090900
2009-05-26 05:00:00,136.92,136.55,136.55,20090600,20090900,20090900
2009-05-27 05:00:00,136.43,135.93,135.93,20090600,20090900,20090900
2009-05-28 05:00:00,135.84,135.84,135.84,20090900,20091200,20091200
2009-05-29 05:00:00,135.89,135.89,135.89,20090900,20091200,20091200
2009-06-01 05:00:00,135.83,135.83,135.83,20090900,20091200,20091200
2009-06-02 05:00:00,135.72,135.72,135.72,20090900,20091200,20091200
2009-06-03 05:00:00,135.75,135.75,135.75,20090900,20091200,20091200
2009-06-04 05:00:00,136.16,136.16,136.16,20090900,20091200,20091200
2009-06-05 05:00:00,136.21,136.21,136.21,20090900,20091200,20091200
2009-06-08 05:00:00,135.77,135.77,135.77,20090900,20091200,20091200
2009-06-09 05:00:00,135.95,135.95,135.95,20090900,20091200,20091200
2009-06-10 05:00:00,135.65,135.65,135.65,20090900,20091200,20091200
2009-06-11 05:00:00,135.64,135.25,135.25,20090900,20091200,20091200
2009-06-12 05:00:00,136.1,135.71,135.71,20090900,20091200,20091200
2009-06-15 05:00:00,136.22,135.83,135.83,20090900,20091200,20091200
2009-06-16 05:00:00,136.42,136.03,136.03,20090900,20091200,20091200
2009-06-17 05:00:00,136.65,136.26,136.26,20090900,20091200,20091200
2009-06-18 05:00:00,136.75,136.36,136.36,20090900,20091200,20091200
2009-06-19 05:00:00,136.95,136.56,136.56,20090900,20091200,20091200
2009-06-22 05:00:00,137.15,136.76,136.76,20090900,20091200,20091200
2009-06-23 05:00:00,137.37,136.98,136.98,20090900,20091200,20091200
2009-06-24 05:00:00,137.8,137.41,137.41,20090900,20091200,20091200
2009-06-25 05:00:00,137.67,137.28,137.28,20090900,20091200,20091200
2009-06-26 05:00:00,137.66,137.27,137.27,20090900,20091200,20091200
2009-06-29 05:00:00,137.95,137.56,137.56,20090900,20091200,20091200
2009-06-30 05:00:00,138.2,137.81,137.81,20090900,20091200,20091200
2009-07-01 05:00:00,138.15,137.76,137.76,20090900,20091200,20091200
2009-07-02 05:00:00,138.23,137.84,137.84,20090900,20091200,20091200
2009-07-03 05:00:00,138.43,138.04,138.04,20090900,20091200,20091200
2009-07-06 05:00:00,138.57,138.18,138.18,20090900,20091200,20091200
2009-07-07 05:00:00,138.48,138.09,138.09,20090900,20091200,20091200
2009-07-08 05:00:00,138.72,138.33,138.33,20090900,20091200,20091200
2009-07-09 05:00:00,138.66,138.27,138.27,20090900,20091200,20091200
2009-07-10 05:00:00,138.85,138.46,138.46,20090900,20091200,20091200
2009-07-13 05:00:00,138.92,138.53,138.53,20090900,20091200,20091200
2009-07-14 05:00:00,138.55,138.16,138.16,20090900,20091200,20091200
2009-07-15 05:00:00,138.6,138.21,138.21,20090900,20091200,20091200
2009-07-16 05:00:00,138.59,138.2,138.2,20090900,20091200,20091200
2009-07-17 05:00:00,138.57,138.18,138.18,20090900,20091200,20091200
2009-07-21 05:00:00,138.19,137.8,137.8,20090900,20091200,20091200
2009-07-22 05:00:00,138.15,137.76,137.76,20090900,20091200,20091200
2009-07-23 05:00:00,138.17,137.78,137.78,20090900,20091200,20091200
2009-07-24 05:00:00,138.32,137.93,137.93,20090900,20091200,20091200
2009-07-27 05:00:00,138.29,137.9,137.9,20090900,20091200,20091200
2009-07-28 05:00:00,138.32,137.93,137.93,20090900,20091200,20091200
2009-07-29 05:00:00,138.44,138.05,138.05,20090900,20091200,20091200
2009-07-30 05:00:00,138.41,138.02,138.02,20090900,20091200,20091200
2009-07-31 05:00:00,138.06,137.67,137.67,20090900,20091200,20091200
2009-08-03 05:00:00,137.65,137.26,137.26,20090900,20091200,20091200
2009-08-04 05:00:00,137.72,137.33,137.33,20090900,20091200,20091200
2009-08-05 05:00:00,137.63,137.24,137.24,20090900,20091200,20091200
2009-08-06 05:00:00,137.5,137.11,137.11,20090900,20091200,20091200
2009-08-07 05:00:00,137.64,137.25,137.25,20090900,20091200,20091200
2009-08-10 05:00:00,137.22,136.83,136.83,20090900,20091200,20091200
2009-08-11 05:00:00,137.19,136.8,136.8,20090900,20091200,20091200
2009-08-12 05:00:00,137.52,137.13,137.13,20090900,20091200,20091200
2009-08-13 05:00:00,137.45,137.06,137.06,20090900,20091200,20091200
2009-08-14 05:00:00,138.01,137.62,137.62,20090900,20091200,20091200
2009-08-17 05:00:00,138.79,138.4,138.4,20090900,20091200,20091200
2009-08-18 05:00:00,138.69,138.3,138.3,20090900,20091200,20091200
2009-08-19 05:00:00,139.0,138.5,138.5,20090900,20091200,20091200
2009-08-20 05:00:00,138.73,138.23,138.23,20090900,20091200,20091200
2009-08-21 05:00:00,139.19,138.69,138.69,20090900,20091200,20091200
2009-08-24 05:00:00,138.94,138.44,138.44,20090900,20091200,20091200
2009-08-25 05:00:00,138.88,138.53,138.53,20090900,20091200,20091200
2009-08-26 05:00:00,138.9,138.59,138.59,20090900,20091200,20091200
2009-08-27 05:00:00,139.03,138.74,138.74,20090900,20091200,20091200
2009-08-28 05:00:00,138.72,138.49,138.49,20091200,20100300,20100300
2009-08-31 05:00:00,138.78,138.55,138.55,20091200,20100300,20100300
2009-09-01 05:00:00,138.98,138.75,138.75,20091200,20100300,20100300
2009-09-02 05:00:00,139.23,139.0,139.0,20091200,20100300,20100300
2009-09-03 05:00:00,139.03,138.8,138.8,20091200,20100300,20100300
2009-09-04 05:00:00,138.61,138.38,138.38,20091200,20100300,20100300
2009-09-07 05:00:00,138.37,138.14,138.14,20091200,20100300,20100300
2009-09-08 05:00:00,138.69,138.46,138.46,20091200,20100300,20100300
2009-09-09 05:00:00,138.97,138.74,138.74,20091200,20100300,20100300
2009-09-10 05:00:00,138.91,138.68,138.68,20091200,20100300,20100300
2009-09-11 05:00:00,139.03,138.8,138.8,20091200,20100300,20100300
2009-09-14 05:00:00,139.21,138.98,138.98,20091200,20100300,20100300
2009-09-15 05:00:00,138.95,138.72,138.72,20091200,20100300,20100300
2009-09-16 05:00:00,138.9,138.67,138.67,20091200,20100300,20100300
2009-09-17 05:00:00,138.6,138.37,138.37,20091200,20100300,20100300
2009-09-18 05:00:00,138.58,138.35,138.35,20091200,20100300,20100300
2009-09-24 05:00:00,138.89,138.66,138.66,20091200,20100300,20100300
2009-09-25 05:00:00,139.06,138.83,138.83,20091200,20100300,20100300
2009-09-28 05:00:00,139.3,139.07,139.07,20091200,20100300,20100300
2009-09-29 05:00:00,139.4,139.17,139.17,20091200,20100300,20100300
2009-09-30 05:00:00,139.32,139.09,139.09,20091200,20100300,20100300
2009-10-01 05:00:00,139.35,139.12,139.12,20091200,20100300,20100300
2009-10-02 05:00:00,139.67,139.44,139.44,20091200,20100300,20100300
2009-10-05 05:00:00,139.61,139.38,139.38,20091200,20100300,20100300
2009-10-06 05:00:00,139.6,139.37,139.37,20091200,20100300,20100300
2009-10-07 05:00:00,139.4,139.17,139.17,20091200,20100300,20100300
2009-10-08 05:00:00,139.33,139.1,139.1,20091200,20100300,20100300
2009-10-09 05:00:00,139.14,138.91,138.91,20091200,20100300,20100300
2009-10-13 05:00:00,139.17,138.94,138.94,20091200,20100300,20100300
2009-10-14 05:00:00,139.14,138.91,138.91,20091200,20100300,20100300
2009-10-15 05:00:00,138.96,138.73,138.73,20091200,20100300,20100300
2009-10-16 05:00:00,138.84,138.61,138.61,20091200,20100300,20100300
2009-10-19 05:00:00,138.71,138.48,138.48,20091200,20100300,20100300
2009-10-20 05:00:00,138.71,138.48,138.48,20091200,20100300,20100300
2009-10-21 05:00:00,138.57,138.34,138.34,20091200,20100300,20100300
2009-10-22 05:00:00,138.42,138.19,138.19,20091200,20100300,20100300
2009-10-23 05:00:00,138.16,137.93,137.93,20091200,20100300,20100300
2009-10-26 05:00:00,138.0,137.77,137.77,20091200,20100300,20100300
2009-10-27 05:00:00,137.7,137.47,137.47,20091200,20100300,20100300
2009-10-28 05:00:00,137.7,137.47,137.47,20091200,20100300,20100300
2009-10-29 05:00:00,138.01,137.78,137.78,20091200,20100300,20100300
2009-10-30 05:00:00,137.92,137.69,137.69,20091200,20100300,20100300
2009-11-02 06:00:00,138.3,138.07,138.07,20091200,20100300,20100300
2009-11-04 06:00:00,137.94,137.71,137.71,20091200,20100300,20100300
2009-11-05 06:00:00,137.65,137.42,137.42,20091200,20100300,20100300
2009-11-06 06:00:00,137.54,137.31,137.31,20091200,20100300,20100300
2009-11-09 06:00:00,137.38,137.15,137.15,20091200,20100300,20100300
2009-11-10 06:00:00,137.58,137.35,137.35,20091200,20100300,20100300
2009-11-11 06:00:00,137.78,137.55,137.55,20091200,20100300,20100300
2009-11-12 06:00:00,138.66,138.09,138.09,20091200,20100300,20100300
2009-11-13 06:00:00,138.82,138.25,138.25,20091200,20100300,20100300
2009-11-16 06:00:00,138.91,138.34,138.34,20091200,20100300,20100300
2009-11-17 06:00:00,139.19,138.62,138.62,20091200,20100300,20100300
2009-11-18 06:00:00,139.3,138.73,138.73,20091200,20100300,20100300
2009-11-19 06:00:00,139.23,138.66,138.66,20091200,20100300,20100300
2009-11-20 06:00:00,139.14,138.53,138.53,20091200,20100300,20100300
2009-11-24 06:00:00,139.54,138.96,138.96,20091200,20100300,20100300
2009-11-25 06:00:00,139.34,138.78,138.78,20091200,20100300,20100300
2009-11-26 06:00:00,139.55,139.0,139.0,20091200,20100300,20100300
2009-11-27 06:00:00,139.4,139.4,139.4,20100300,20100600,20100600
2009-11-30 06:00:00,139.32,139.32,139.32,20100300,20100600,20100600
2009-12-01 06:00:00,139.5,139.5,139.5,20100300,20100600,20100600
2009-12-02 06:00:00,139.76,139.76,139.76,20100300,20100600,20100600
2009-12-03 06:00:00,139.4,139.4,139.4,20100300,20100600,20100600
2009-12-04 06:00:00,139.47,139.47,139.47,20100300,20100600,20100600
2009-12-07 06:00:00,139.37,139.37,139.37,20100300,20100600,20100600
2009-12-08 06:00:00,139.59,139.59,139.59,20100300,20100600,20100600
2009-12-09 06:00:00,139.83,139.83,139.83,20100300,20100600,20100600
2009-12-10 06:00:00,139.61,139.61,139.61,20100300,20100600,20100600
2009-12-11 06:00:00,139.41,139.41,139.41,20100300,20100600,20100600
2009-12-14 06:00:00,139.42,139.42,139.42,20100300,20100600,20100600
2009-12-15 06:00:00,139.63,139.63,139.63,20100300,20100600,20100600
2009-12-16 06:00:00,139.83,139.83,139.83,20100300,20100600,20100600
2009-12-17 06:00:00,139.82,139.82,139.82,20100300,20100600,20100600
2009-12-18 06:00:00,140.16,140.16,140.16,20100300,20100600,20100600
2009-12-21 06:00:00,140.32,140.32,140.32,20100300,20100600,20100600
2009-12-22 06:00:00,140.01,140.01,140.01,20100300,20100600,20100600
2009-12-24 06:00:00,139.93,139.93,139.93,20100300,20100600,20100600
2009-12-25 06:00:00,139.76,139.76,139.76,20100300,20100600,20100600
2009-12-28 06:00:00,139.36,139.36,139.36,20100300,20100600,20100600
2009-12-29 06:00:00,139.54,139.54,139.54,20100300,20100600,20100600
2009-12-30 06:00:00,139.73,139.73,139.73,20100300,20100600,20100600
2010-01-04 06:00:00,139.23,139.23,139.23,20100300,20100600,20100600
2010-01-05 06:00:00,139.22,139.22,139.22,20100300,20100600,20100600
2010-01-06 06:00:00,139.09,139.09,139.09,20100300,20100600,20100600
2010-01-07 06:00:00,138.73,138.73,138.73,20100300,20100600,20100600
2010-01-08 06:00:00,138.68,138.68,138.68,20100300,20100600,20100600
2010-01-12 06:00:00,138.98,138.98,138.98,20100300,20100600,20100600
2010-01-13 06:00:00,138.93,138.93,138.93,20100300,20100600,20100600
2010-01-14 06:00:00,138.95,138.95,138.95,20100300,20100600,20100600
2010-01-15 06:00:00,139.14,139.14,139.14,20100300,20100600,20100600
2010-01-18 06:00:00,139.24,139.2,139.2,20100300,20100600,20100600
2010-01-19 06:00:00,139.27,139.23,139.23,20100300,20100600,20100600
2010-01-20 06:00:00,139.18,139.1,139.1,20100300,20100600,20100600
2010-01-21 06:00:00,138.97,138.89,138.89,20100300,20100600,20100600
2010-01-22 06:00:00,139.19,139.11,139.11,20100300,20100600,20100600
2010-01-25 06:00:00,139.1,139.02,139.02,20100300,20100600,20100600
2010-01-26 06:00:00,139.34,139.26,139.26,20100300,20100600,20100600
2010-01-27 06:00:00,139.65,139.57,139.57,20100300,20100600,20100600
2010-01-28 06:00:00,139.48,139.4,139.4,20100300,20100600,20100600
2010-01-29 06:00:00,139.49,139.41,139.41,20100300,20100600,20100600
2010-02-01 06:00:00,139.41,139.33,139.33,20100300,20100600,20100600
2010-02-02 06:00:00,139.15,139.07,139.07,20100300,20100600,20100600
2010-02-03 06:00:00,139.07,138.99,138.99,20100300,20100600,20100600
2010-02-04 06:00:00,138.88,138.8,138.8,20100300,20100600,20100600
2010-02-05 06:00:00,139.02,138.94,138.94,20100300,20100600,20100600
2010-02-08 06:00:00,139.06,138.98,138.98,20100300,20100600,20100600
2010-02-09 06:00:00,139.32,139.24,139.24,20100300,20100600,20100600
2010-02-10 06:00:00,139.48,139.4,139.4,20100300,20100600,20100600
2010-02-12 06:00:00,139.4,139.32,139.32,20100300,20100600,20100600
2010-02-15 06:00:00,139.57,139.32,139.32,20100300,20100600,20100600
2010-02-16 06:00:00,139.63,139.38,139.38,20100300,20100600,20100600
2010-02-17 06:00:00,139.65,139.4,139.4,20100300,20100600,20100600
2010-02-18 06:00:00,139.62,139.37,139.37,20100300,20100600,20100600
2010-02-19 06:00:00,139.44,139.19,139.19,20100300,20100600,20100600
2010-02-22 06:00:00,139.29,139.04,139.04,20100300,20100600,20100600
2010-02-23 06:00:00,139.4,138.45,138.45,20100300,20100600,20100600
2010-02-24 06:00:00,139.69,138.74,138.74,20100300,20100600,20100600
2010-02-25 06:00:00,138.96,138.96,138.96,20100600,20100900,20100900
2010-02-26 06:00:00,138.98,138.98,138.98,20100600,20100900,20100900
2010-03-01 06:00:00,138.85,138.85,138.85,20100600,20100900,20100900
2010-03-02 06:00:00,139.0,139.0,139.0,20100600,20100900,20100900
2010-03-03 06:00:00,138.97,138.97,138.97,20100600,20100900,20100900
2010-03-04 06:00:00,139.1,139.1,139.1,20100600,20100900,20100900
2010-03-05 06:00:00,139.32,139.32,139.32,20100600,20100900,20100900
2010-03-08 06:00:00,139.23,139.23,139.23,20100600,20100900,20100900
2010-03-09 06:00:00,139.31,139.31,139.31,20100600,20100900,20100900
2010-03-10 06:00:00,139.39,139.39,139.39,20100600,20100900,20100900
2010-03-11 06:00:00,139.08,139.08,139.08,20100600,20100900,20100900
2010-03-12 06:00:00,138.84,138.84,138.84,20100600,20100900,20100900
2010-03-15 05:00:00,138.93,138.93,138.93,20100600,20100900,20100900
2010-03-16 05:00:00,138.91,138.91,138.91,20100600,20100900,20100900
2010-03-17 05:00:00,138.71,138.71,138.71,20100600,20100900,20100900
2010-03-18 05:00:00,138.62,138.62,138.62,20100600,20100900,20100900
2010-03-19 05:00:00,138.68,138.68,138.68,20100600,20100900,20100900
2010-03-23 05:00:00,138.88,138.88,138.88,20100600,20100900,20100900
2010-03-24 05:00:00,138.89,138.89,138.89,20100600,20100900,20100900
2010-03-25 05:00:00,138.46,138.46,138.46,20100600,20100900,20100900
2010-03-26 05:00:00,138.35,138.35,138.35,20100600,20100900,20100900
2010-03-29 05:00:00,138.15,138.15,138.15,20100600,20100900,20100900
2010-03-30 05:00:00,138.26,138.26,138.26,20100600,20100900,20100900
2010-03-31 05:00:00,138.09,138.09,138.09,20100600,20100900,20100900
2010-04-01 05:00:00,138.6,138.6,138.6,20100600,20100900,20100900
2010-04-02 05:00:00,138.75,138.75,138.75,20100600,20100900,20100900
2010-04-05 05:00:00,138.46,138.46,138.46,20100600,20100900,20100900
2010-04-06 05:00:00,138.14,138.14,138.14,20100600,20100900,20100900
2010-04-07 05:00:00,137.95,137.95,137.95,20100600,20100900,20100900
2010-04-08 05:00:00,138.4,138.4,138.4,20100600,20100900,20100900
2010-04-09 05:00:00,138.39,138.39,138.39,20100600,20100900,20100900
2010-04-12 05:00:00,138.24,138.24,138.24,20100600,20100900,20100900
2010-04-13 05:00:00,138.59,138.59,138.59,20100600,20100900,20100900
2010-04-14 05:00:00,138.75,138.75,138.75,20100600,20100900,20100900
2010-04-15 05:00:00,138.81,138.81,138.81,20100600,20100900,20100900
2010-04-16 05:00:00,138.97,138.97,138.97,20100600,20100900,20100900
2010-04-19 05:00:00,139.27,139.27,139.27,20100600,20100900,20100900
2010-04-20 05:00:00,139.17,139.17,139.17,20100600,20100900,20100900
2010-04-21 05:00:00,139.19,139.19,139.19,20100600,20100900,20100900
2010-04-22 05:00:00,139.24,139.24,139.24,20100600,20100900,20100900
2010-04-23 05:00:00,139.32,139.32,139.32,20100600,20100900,20100900
2010-04-26 05:00:00,139.25,139.25,139.25,20100600,20100900,20100900
2010-04-27 05:00:00,139.49,139.49,139.49,20100600,20100900,20100900
2010-04-28 05:00:00,139.77,139.72,139.72,20100600,20100900,20100900
2010-04-30 05:00:00,139.64,139.59,139.59,20100600,20100900,20100900
2010-05-06 05:00:00,139.8,139.75,139.75,20100600,20100900,20100900
2010-05-07 05:00:00,139.9,139.45,139.45,20100600,20100900,20100900
2010-05-10 05:00:00,139.62,139.17,139.17,20100600,20100900,20100900
2010-05-11 05:00:00,139.78,139.33,139.33,20100600,20100900,20100900
2010-05-12 05:00:00,139.83,139.38,139.38,20100600,20100900,20100900
2010-05-13 05:00:00,139.73,139.28,139.28,20100600,20100900,20100900
2010-05-14 05:00:00,139.94,139.49,139.49,20100600,20100900,20100900
2010-05-17 05:00:00,139.98,139.55,139.55,20100600,20100900,20100900
2010-05-18 05:00:00,139.85,139.42,139.42,20100600,20100900,20100900
2010-05-19 05:00:00,140.13,139.7,139.7,20100600,20100900,20100900
2010-05-20 05:00:00,140.22,139.79,139.79,20100600,20100900,20100900
2010-05-21 05:00:00,140.34,139.97,139.97,20100600,20100900,20100900
2010-05-24 05:00:00,140.36,139.91,139.91,20100600,20100900,20100900
2010-05-25 05:00:00,140.92,140.58,140.58,20100600,20100900,20100900
2010-05-26 05:00:00,140.6,140.25,140.25,20100600,20100900,20100900
2010-05-27 05:00:00,140.5,140.13,140.13,20100600,20100900,20100900
2010-05-28 05:00:00,140.11,138.02,138.02,20100900,20101200,20101200
2010-05-31 05:00:00,140.03,137.94,137.94,20100900,20101200,20101200
2010-06-01 05:00:00,140.21,138.12,138.12,20100900,20101200,20101200
2010-06-02 05:00:00,140.19,138.1,138.1,20100900,20101200,20101200
2010-06-03 05:00:00,139.96,137.87,137.87,20100900,20101200,20101200
2010-06-04 05:00:00,140.31,138.22,138.22,20100900,20101200,20101200
2010-06-07 05:00:00,140.58,138.49,138.49,20100900,20101200,20101200
2010-06-08 05:00:00,140.65,138.56,138.56,20100900,20101200,20101200
2010-06-09 05:00:00,140.79,138.7,138.7,20100900,20101200,20101200
2010-06-10 05:00:00,140.5,138.41,138.41,20100900,20101200,20101200
2010-06-11 05:00:00,140.31,138.22,138.22,20100900,20101200,20101200
2010-06-14 05:00:00,140.36,138.27,138.27,20100900,20101200,20101200
2010-06-15 05:00:00,140.43,138.34,138.34,20100900,20101200,20101200
2010-06-16 05:00:00,140.34,138.25,138.25,20100900,20101200,20101200
2010-06-17 05:00:00,140.37,138.28,138.28,20100900,20101200,20101200
2010-06-18 05:00:00,140.59,138.5,138.5,20100900,20101200,20101200
2010-06-21 05:00:00,140.38,138.29,138.29,20100900,20101200,20101200
2010-06-22 05:00:00,140.89,140.55,140.55,20100900,20101200,20101200
2010-06-23 05:00:00,140.91,138.82,138.82,20100900,20101200,20101200
2010-06-24 05:00:00,141.13,139.04,139.04,20100900,20101200,20101200
2010-06-25 05:00:00,141.08,140.2,140.2,20100900,20101200,20101200
2010-06-28 05:00:00,141.02,140.14,140.14,20100900,20101200,20101200
2010-06-29 05:00:00,141.57,140.69,140.69,20100900,20101200,20101200
2010-06-30 05:00:00,141.62,140.74,140.74,20100900,20101200,20101200
2010-07-01 05:00:00,141.79,140.91,140.91,20100900,20101200,20101200
2010-07-02 05:00:00,141.55,140.67,140.67,20100900,20101200,20101200
2010-07-05 05:00:00,141.7,140.82,140.82,20100900,20101200,20101200
2010-07-06 05:00:00,141.36,140.48,140.48,20100900,20101200,20101200
2010-07-07 05:00:00,141.66,140.78,140.78,20100900,20101200,20101200
2010-07-08 05:00:00,141.46,140.58,140.58,20100900,20101200,20101200
2010-07-09 05:00:00,141.23,140.35,140.35,20100900,20101200,20101200
2010-07-12 05:00:00,141.51,140.63,140.63,20100900,20101200,20101200
2010-07-13 05:00:00,141.42,140.54,140.54,20100900,20101200,20101200
2010-07-14 05:00:00,141.26,140.38,140.38,20100900,20101200,20101200
2010-07-15 05:00:00,141.67,140.79,140.79,20100900,20101200,20101200
2010-07-16 05:00:00,141.62,140.74,140.74,20100900,20101200,20101200
2010-07-20 05:00:00,141.68,140.8,140.8,20100900,20101200,20101200
2010-07-21 05:00:00,141.7,140.82,140.82,20100900,20101200,20101200
2010-07-22 05:00:00,141.75,140.87,140.87,20100900,20101200,20101200
2010-07-23 05:00:00,141.6,140.85,140.85,20100900,20101200,20101200
2010-07-26 05:00:00,141.75,141.0,141.0,20100900,20101200,20101200
2010-07-27 05:00:00,141.82,141.07,141.07,20100900,20101200,20101200
2010-07-28 05:00:00,141.47,140.72,140.72,20100900,20101200,20101200
2010-07-29 05:00:00,141.68,140.93,140.93,20100900,20101200,20101200
2010-07-30 05:00:00,141.89,141.14,141.14,20100900,20101200,20101200
2010-08-02 05:00:00,141.92,141.17,141.17,20100900,20101200,20101200
2010-08-03 05:00:00,142.03,141.28,141.28,20100900,20101200,20101200
2010-08-04 05:00:00,142.19,141.84,141.84,20100900,20101200,20101200
2010-08-05 05:00:00,141.99,141.64,141.64,20100900,20101200,20101200
2010-08-06 05:00:00,141.86,141.62,141.62,20100900,20101200,20101200
2010-08-09 05:00:00,142.16,141.92,141.92,20100900,20101200,20101200
2010-08-10 05:00:00,142.04,141.8,141.8,20100900,20101200,20101200
2010-08-11 05:00:00,142.21,141.97,141.97,20100900,20101200,20101200
2010-08-12 05:00:00,142.27,142.0,142.0,20100900,20101200,20101200
2010-08-13 05:00:00,142.46,142.19,142.19,20100900,20101200,20101200
2010-08-16 05:00:00,142.74,142.47,142.47,20100900,20101200,20101200
2010-08-17 05:00:00,142.61,142.38,142.38,20100900,20101200,20101200
2010-08-18 05:00:00,143.04,142.82,142.82,20100900,20101200,20101200
2010-08-19 05:00:00,142.78,142.56,142.56,20100900,20101200,20101200
2010-08-20 05:00:00,142.93,142.71,142.71,20100900,20101200,20101200
2010-08-23 05:00:00,142.87,142.65,142.65,20100900,20101200,20101200
2010-08-24 05:00:00,143.03,142.82,142.82,20100900,20101200,20101200
2010-08-25 05:00:00,143.03,142.85,142.85,20100900,20101200,20101200
2010-08-26 05:00:00,142.87,142.68,142.68,20100900,20101200,20101200
2010-08-27 05:00:00,142.6,142.39,142.39,20100900,20101200,20101200
2010-08-30 05:00:00,142.24,140.15,140.15,20101200,20110300,20110300
2010-08-31 05:00:00,142.74,140.65,140.65,20101200,20110300,20110300
2010-09-01 05:00:00,142.27,140.18,140.18,20101200,20110300,20110300
2010-09-02 05:00:00,142.06,139.97,139.97,20101200,20110300,20110300
2010-09-03 05:00:00,141.64,139.55,139.55,20101200,20110300,20110300
2010-09-06 05:00:00,141.1,139.01,139.01,20101200,20110300,20110300
2010-09-07 05:00:00,141.44,139.35,139.35,20101200,20110300,20110300
2010-09-08 05:00:00,141.6,139.51,139.51,20101200,20110300,20110300
2010-09-09 05:00:00,141.64,139.55,139.55,20101200,20110300,20110300
2010-09-10 05:00:00,141.17,139.08,139.08,20101200,20110300,20110300
2010-09-13 05:00:00,141.19,139.1,139.1,20101200,20110300,20110300
2010-09-14 05:00:00,141.75,139.66,139.66,20101200,20110300,20110300
2010-09-15 05:00:00,141.97,139.88,139.88,20101200,20110300,20110300
2010-09-16 05:00:00,142.21,140.12,140.12,20101200,20110300,20110300
2010-09-17 05:00:00,142.02,139.93,139.93,20101200,20110300,20110300
2010-09-21 05:00:00,142.44,140.35,140.35,20101200,20110300,20110300
2010-09-22 05:00:00,142.74,140.65,140.65,20101200,20110300,20110300
2010-09-24 05:00:00,142.85,140.76,140.76,20101200,20110300,20110300
2010-09-27 05:00:00,142.91,140.82,140.82,20101200,20110300,20110300
2010-09-28 05:00:00,143.09,141.0,141.0,20101200,20110300,20110300
2010-09-29 05:00:00,143.36,141.27,141.27,20101200,20110300,20110300
2010-09-30 05:00:00,143.4,141.31,141.31,20101200,20110300,20110300
2010-10-01 05:00:00,143.36,141.27,141.27,20101200,20110300,20110300
2010-10-04 05:00:00,143.53,141.44,141.44,20101200,20110300,20110300
2010-10-05 05:00:00,143.76,141.67,141.67,20101200,20110300,20110300
2010-10-06 05:00:00,144.12,142.03,142.03,20101200,20110300,20110300
2010-10-07 05:00:00,143.73,141.64,141.64,20101200,20110300,20110300
2010-10-08 05:00:00,144.1,142.01,142.01,20101200,20110300,20110300
2010-10-12 05:00:00,144.09,142.0,142.0,20101200,20110300,20110300
2010-10-13 05:00:00,143.77,141.68,141.68,20101200,20110300,20110300
2010-10-14 05:00:00,143.87,141.78,141.78,20101200,20110300,20110300
2010-10-15 05:00:00,143.86,141.77,141.77,20101200,20110300,20110300
2010-10-18 05:00:00,143.81,141.72,141.72,20101200,20110300,20110300
2010-10-19 05:00:00,143.67,141.58,141.58,20101200,20110300,20110300
2010-10-20 05:00:00,143.64,141.55,141.55,20101200,20110300,20110300
2010-10-21 05:00:00,143.58,141.49,141.49,20101200,20110300,20110300
2010-10-22 05:00:00,143.44,141.35,141.35,20101200,20110300,20110300
2010-10-25 05:00:00,143.45,141.36,141.36,20101200,20110300,20110300
2010-10-26 05:00:00,143.34,141.25,141.25,20101200,20110300,20110300
2010-10-27 05:00:00,143.14,141.05,141.05,20101200,20110300,20110300
2010-10-28 05:00:00,143.57,141.48,141.48,20101200,20110300,20110300
2010-10-29 05:00:00,143.23,141.14,141.14,20101200,20110300,20110300
2010-11-01 05:00:00,143.04,140.95,140.95,20101200,20110300,20110300
2010-11-02 05:00:00,143.05,140.96,140.96,20101200,20110300,20110300
2010-11-04 05:00:00,143.27,141.18,141.18,20101200,20110300,20110300
2010-11-05 05:00:00,143.12,142.01,142.01,20101200,20110300,20110300
2010-11-08 06:00:00,142.82,141.71,141.71,20101200,20110300,20110300
2010-11-09 06:00:00,142.72,141.61,141.61,20101200,20110300,20110300
2010-11-10 06:00:00,142.52,141.41,141.41,20101200,20110300,20110300
2010-11-11 06:00:00,142.41,141.3,141.3,20101200,20110300,20110300
2010-11-12 06:00:00,142.74,141.63,141.63,20101200,20110300,20110300
2010-11-15 06:00:00,141.8,140.69,140.69,20101200,20110300,20110300
2010-11-16 06:00:00,142.31,141.2,141.2,20101200,20110300,20110300
2010-11-17 06:00:00,141.85,140.74,140.74,20101200,20110300,20110300
2010-11-18 06:00:00,141.24,140.58,140.58,20101200,20110300,20110300
2010-11-19 06:00:00,141.66,141.0,141.0,20101200,20110300,20110300
2010-11-22 06:00:00,141.14,140.4,140.4,20101200,20110300,20110300
2010-11-24 06:00:00,141.64,140.86,140.86,20101200,20110300,20110300
2010-11-25 06:00:00,141.03,140.27,140.27,20101200,20110300,20110300
2010-11-26 06:00:00,140.41,139.58,139.58,20101200,20110300,20110300
2010-11-29 06:00:00,139.86,137.77,137.77,20110300,20110600,20110600
2010-11-30 06:00:00,140.06,137.97,137.97,20110300,20110600,20110600
2010-12-01 06:00:00,140.41,138.32,138.32,20110300,20110600,20110600
2010-12-02 06:00:00,140.19,138.1,138.1,20110300,20110600,20110600
2010-12-03 06:00:00,139.97,137.88,137.88,20110300,20110600,20110600
2010-12-06 06:00:00,140.74,138.65,138.65,20110300,20110600,20110600
2010-12-07 06:00:00,140.33,138.24,138.24,20110300,20110600,20110600
2010-12-08 06:00:00,139.35,137.26,137.26,20110300,20110600,20110600
2010-12-09 06:00:00,139.21,137.12,137.12,20110300,20110600,20110600
2010-12-10 06:00:00,139.8,137.71,137.71,20110300,20110600,20110600
2010-12-13 06:00:00,139.02,136.93,136.93,20110300,20110600,20110600
2010-12-14 06:00:00,139.15,137.06,137.06,20110300,20110600,20110600
2010-12-15 06:00:00,138.95,136.86,136.86,20110300,20110600,20110600
2010-12-16 06:00:00,139.1,137.01,137.01,20110300,20110600,20110600
2010-12-17 06:00:00,139.74,137.65,137.65,20110300,20110600,20110600
2010-12-20 06:00:00,139.91,137.82,137.82,20110300,20110600,20110600
2010-12-21 06:00:00,139.77,137.68,137.68,20110300,20110600,20110600
2010-12-22 06:00:00,139.95,137.86,137.86,20110300,20110600,20110600
2010-12-24 06:00:00,139.7,137.61,137.61,20110300,20110600,20110600
2010-12-27 06:00:00,139.59,137.5,137.5,20110300,20110600,20110600
2010-12-28 06:00:00,140.36,138.27,138.27,20110300,20110600,20110600
2010-12-29 06:00:00,140.12,138.03,138.03,20110300,20110600,20110600
2010-12-30 06:00:00,140.61,138.52,138.52,20110300,20110600,20110600
2011-01-04 06:00:00,140.23,138.14,138.14,20110300,20110600,20110600
2011-01-05 06:00:00,140.42,138.33,138.33,20110300,20110600,20110600
2011-01-06 06:00:00,139.6,137.51,137.51,20110300,20110600,20110600
2011-01-07 06:00:00,139.75,137.66,137.66,20110300,20110600,20110600
2011-01-11 06:00:00,140.01,137.92,137.92,20110300,20110600,20110600
2011-01-12 06:00:00,140.08,137.99,137.99,20110300,20110600,20110600
2011-01-13 06:00:00,140.06,137.97,137.97,20110300,20110600,20110600
2011-01-14 06:00:00,139.94,137.85,137.85,20110300,20110600,20110600
2011-01-17 06:00:00,139.84,137.75,137.75,20110300,20110600,20110600
2011-01-18 06:00:00,139.67,137.58,137.58,20110300,20110600,20110600
2011-01-19 06:00:00,139.33,137.24,137.24,20110300,20110600,20110600
2011-01-20 06:00:00,139.75,137.66,137.66,20110300,20110600,20110600
2011-01-21 06:00:00,139.78,137.69,137.69,20110300,20110600,20110600
2011-01-24 06:00:00,139.6,137.51,137.51,20110300,20110600,20110600
2011-01-25 06:00:00,139.45,137.36,137.36,20110300,20110600,20110600
2011-01-26 06:00:00,139.57,137.48,137.48,20110300,20110600,20110600
2011-01-27 06:00:00,139.55,137.46,137.46,20110300,20110600,20110600
2011-01-28 06:00:00,139.87,137.78,137.78,20110300,20110600,20110600
2011-01-31 06:00:00,140.0,137.91,137.91,20110300,20110600,20110600
2011-02-01 06:00:00,139.7,137.61,137.61,20110300,20110600,20110600
2011-02-02 06:00:00,139.71,138.88,138.88,20110300,20110600,20110600
2011-02-03 06:00:00,139.41,138.58,138.58,20110300,20110600,20110600
2011-02-04 06:00:00,139.06,138.23,138.23,20110300,20110600,20110600
2011-02-07 06:00:00,138.95,138.12,138.12,20110300,20110600,20110600
2011-02-08 06:00:00,138.82,137.99,137.99,20110300,20110600,20110600
2011-02-09 06:00:00,138.67,137.84,137.84,20110300,20110600,20110600
2011-02-10 06:00:00,138.98,138.15,138.15,20110300,20110600,20110600
2011-02-14 06:00:00,138.85,138.02,138.02,20110300,20110600,20110600
2011-02-15 06:00:00,138.83,138.0,138.0,20110300,20110600,20110600
2011-02-16 06:00:00,138.5,137.58,137.58,20110300,20110600,20110600
2011-02-17 06:00:00,138.67,137.75,137.75,20110300,20110600,20110600
2011-02-18 06:00:00,138.88,137.94,137.94,20110300,20110600,20110600
2011-02-21 06:00:00,138.97,138.0,138.0,20110300,20110600,20110600
2011-02-22 06:00:00,139.58,138.66,138.66,20110300,20110600,20110600
2011-02-23 06:00:00,139.68,138.84,138.84,20110300,20110600,20110600
2011-02-24 06:00:00,139.96,139.11,139.11,20110300,20110600,20110600
2011-02-25 06:00:00,138.68,136.25,136.25,20110600,20110900,20110900
2011-02-28 06:00:00,138.7,136.27,136.27,20110600,20110900,20110900
2011-03-01 06:00:00,138.35,135.92,135.92,20110600,20110900,20110900
2011-03-02 06:00:00,138.9,136.47,136.47,20110600,20110900,20110900
2011-03-03 06:00:00,138.77,136.34,136.34,20110600,20110900,20110900
2011-03-04 06:00:00,138.55,136.12,136.12,20110600,20110900,20110900
2011-03-07 06:00:00,138.81,136.38,136.38,20110600,20110900,20110900
2011-03-08 06:00:00,138.67,136.24,136.24,20110600,20110900,20110900
2011-03-09 06:00:00,138.55,136.12,136.12,20110600,20110900,20110900
2011-03-10 06:00:00,138.65,136.22,136.22,20110600,20110900,20110900
2011-03-11 06:00:00,139.3,136.87,136.87,20110600,20110900,20110900
2011-03-14 05:00:00,139.87,137.44,137.44,20110600,20110900,20110900
2011-03-15 05:00:00,139.91,137.48,137.48,20110600,20110900,20110900
2011-03-16 05:00:00,139.87,137.44,137.44,20110600,20110900,20110900
2011-03-17 05:00:00,139.65,138.75,138.75,20110600,20110900,20110900
2011-03-18 05:00:00,139.8,138.9,138.9,20110600,20110900,20110900
2011-03-22 05:00:00,139.3,138.4,138.4,20110600,20110900,20110900
2011-03-23 05:00:00,139.81,138.91,138.91,20110600,20110900,20110900
2011-03-24 05:00:00,139.91,139.01,139.01,20110600,20110900,20110900
2011-03-25 05:00:00,139.81,138.91,138.91,20110600,20110900,20110900
2011-03-28 05:00:00,139.52,138.62,138.62,20110600,20110900,20110900
2011-03-29 05:00:00,139.75,138.85,138.85,20110600,20110900,20110900
2011-03-30 05:00:00,139.54,138.64,138.64,20110600,20110900,20110900
2011-03-31 05:00:00,139.57,138.67,138.67,20110600,20110900,20110900
2011-04-01 05:00:00,139.13,138.23,138.23,20110600,20110900,20110900
2011-04-04 05:00:00,139.13,138.23,138.23,20110600,20110900,20110900
2011-04-05 05:00:00,139.34,138.44,138.44,20110600,20110900,20110900
2011-04-06 05:00:00,139.0,138.1,138.1,20110600,20110900,20110900
2011-04-07 05:00:00,138.67,137.77,137.77,20110600,20110900,20110900
2011-04-08 05:00:00,138.54,137.64,137.64,20110600,20110900,20110900
2011-04-11 05:00:00,138.67,137.77,137.77,20110600,20110900,20110900
2011-04-12 05:00:00,138.6,137.7,137.7,20110600,20110900,20110900
2011-04-13 05:00:00,138.77,137.87,137.87,20110600,20110900,20110900
2011-04-14 05:00:00,139.13,138.23,138.23,20110600,20110900,20110900
2011-04-15 05:00:00,139.1,138.2,138.2,20110600,20110900,20110900
2011-04-18 05:00:00,139.45,138.55,138.55,20110600,20110900,20110900
2011-04-19 05:00:00,139.47,138.57,138.57,20110600,20110900,20110900
2011-04-20 05:00:00,139.5,138.6,138.6,20110600,20110900,20110900
2011-04-21 05:00:00,139.7,138.8,138.8,20110600,20110900,20110900
2011-04-22 05:00:00,139.73,138.83,138.83,20110600,20110900,20110900
2011-04-25 05:00:00,139.65,138.75,138.75,20110600,20110900,20110900
2011-04-26 05:00:00,139.82,138.92,138.92,20110600,20110900,20110900
2011-04-27 05:00:00,139.92,139.02,139.02,20110600,20110900,20110900
2011-04-28 05:00:00,140.07,139.17,139.17,20110600,20110900,20110900
2011-05-02 05:00:00,140.19,139.29,139.29,20110600,20110900,20110900
2011-05-06 05:00:00,140.8,140.51,140.51,20110600,20110900,20110900
2011-05-09 05:00:00,140.64,140.35,140.35,20110600,20110900,20110900
2011-05-10 05:00:00,140.58,140.33,140.33,20110600,20110900,20110900
2011-05-11 05:00:00,140.63,140.38,140.38,20110600,20110900,20110900
2011-05-12 05:00:00,140.83,140.57,140.57,20110600,20110900,20110900
2011-05-13 05:00:00,140.79,140.53,140.53,20110600,20110900,20110900
2011-05-16 05:00:00,140.7,140.46,140.46,20110600,20110900,20110900
2011-05-17 05:00:00,140.48,140.27,140.27,20110600,20110900,20110900
2011-05-18 05:00:00,140.65,140.44,140.44,20110600,20110900,20110900
2011-05-19 05:00:00,140.6,140.39,140.39,20110600,20110900,20110900
2011-05-20 05:00:00,140.85,140.64,140.64,20110600,20110900,20110900
2011-05-23 05:00:00,140.91,140.7,140.7,20110600,20110900,20110900
2011-05-24 05:00:00,140.76,140.57,140.57,20110600,20110900,20110900
2011-05-25 05:00:00,140.83,140.65,140.65,20110600,20110900,20110900
2011-05-26 05:00:00,140.58,140.41,140.41,20110600,20110900,20110900
2011-05-27 05:00:00,140.88,140.71,140.71,20110600,20110900,20110900
2011-05-30 05:00:00,140.73,138.64,138.64,20110900,20111200,20111200
2011-05-31 05:00:00,140.34,138.25,138.25,20110900,20111200,20111200
2011-06-01 05:00:00,140.39,138.3,138.3,20110900,20111200,20111200
2011-06-02 05:00:00,140.84,138.75,138.75,20110900,20111200,20111200
2011-06-03 05:00:00,140.95,138.86,138.86,20110900,20111200,20111200
2011-06-06 05:00:00,140.78,138.69,138.69,20110900,20111200,20111200
2011-06-07 05:00:00,140.52,138.43,138.43,20110900,20111200,20111200
2011-06-08 05:00:00,140.67,138.58,138.58,20110900,20111200,20111200
2011-06-09 05:00:00,140.76,138.67,138.67,20110900,20111200,20111200
2011-06-10 05:00:00,140.92,139.0,139.0,20110900,20111200,20111200
2011-06-13 05:00:00,140.95,139.03,139.03,20110900,20111200,20111200
2011-06-14 05:00:00,140.81,138.89,138.89,20110900,20111200,20111200
2011-06-15 05:00:00,140.61,138.69,138.69,20110900,20111200,20111200
2011-06-16 05:00:00,141.03,139.11,139.11,20110900,20111200,20111200
2011-06-17 05:00:00,141.23,139.31,139.31,20110900,20111200,20111200
2011-06-20 05:00:00,141.26,139.34,139.34,20110900,20111200,20111200
2011-06-21 05:00:00,141.15,139.23,139.23,20110900,20111200,20111200
2011-06-22 05:00:00,141.22,139.3,139.3,20110900,20111200,20111200
2011-06-23 05:00:00,141.3,140.5,140.5,20110900,20111200,20111200
2011-06-24 05:00:00,141.3,140.85,140.85,20110900,20111200,20111200
2011-06-27 05:00:00,141.54,141.09,141.09,20110900,20111200,20111200
2011-06-28 05:00:00,141.59,141.14,141.14,20110900,20111200,20111200
2011-06-29 05:00:00,141.35,140.9,140.9,20110900,20111200,20111200
2011-06-30 05:00:00,141.12,140.67,140.67,20110900,20111200,20111200
2011-07-01 05:00:00,140.96,140.51,140.51,20110900,20111200,20111200
2011-07-04 05:00:00,140.86,140.41,140.41,20110900,20111200,20111200
2011-07-05 05:00:00,140.81,140.36,140.36,20110900,20111200,20111200
2011-07-06 05:00:00,140.73,140.28,140.28,20110900,20111200,20111200
2011-07-07 05:00:00,140.72,140.27,140.27,20110900,20111200,20111200
2011-07-08 05:00:00,140.55,140.1,140.1,20110900,20111200,20111200
2011-07-11 05:00:00,141.09,140.64,140.64,20110900,20111200,20111200
2011-07-12 05:00:00,141.63,141.18,141.18,20110900,20111200,20111200
2011-07-13 05:00:00,141.41,140.96,140.96,20110900,20111200,20111200
2011-07-14 05:00:00,141.73,141.28,141.28,20110900,20111200,20111200
2011-07-15 05:00:00,141.73,141.28,141.28,20110900,20111200,20111200
2011-07-19 05:00:00,141.68,141.17,141.17,20110900,20111200,20111200
2011-07-20 05:00:00,141.71,141.2,141.2,20110900,20111200,20111200
2011-07-21 05:00:00,141.59,141.08,141.08,20110900,20111200,20111200
2011-07-22 05:00:00,141.47,140.96,140.96,20110900,20111200,20111200
2011-07-25 05:00:00,141.59,141.18,141.18,20110900,20111200,20111200
2011-07-26 05:00:00,141.54,141.13,141.13,20110900,20111200,20111200
2011-07-27 05:00:00,141.77,141.36,141.36,20110900,20111200,20111200
2011-07-28 05:00:00,141.78,141.37,141.37,20110900,20111200,20111200
2011-07-29 05:00:00,141.8,141.39,141.39,20110900,20111200,20111200
2011-08-01 05:00:00,141.79,141.38,141.38,20110900,20111200,20111200
2011-08-02 05:00:00,142.11,141.7,141.7,20110900,20111200,20111200
2011-08-03 05:00:00,142.17,141.76,141.76,20110900,20111200,20111200
2011-08-04 05:00:00,142.11,141.7,141.7,20110900,20111200,20111200
2011-08-05 05:00:00,142.3,141.93,141.93,20110900,20111200,20111200
2011-08-08 05:00:00,142.34,141.97,141.97,20110900,20111200,20111200
2011-08-09 05:00:00,142.16,141.75,141.75,20110900,20111200,20111200
2011-08-10 05:00:00,142.24,141.83,141.83,20110900,20111200,20111200
2011-08-11 05:00:00,142.01,141.6,141.6,20110900,20111200,20111200
2011-08-12 05:00:00,142.14,141.73,141.73,20110900,20111200,20111200
2011-08-15 05:00:00,142.09,141.68,141.68,20110900,20111200,20111200
2011-08-16 05:00:00,142.31,141.94,141.94,20110900,20111200,20111200
2011-08-17 05:00:00,142.36,141.99,141.99,20110900,20111200,20111200
2011-08-18 05:00:00,142.66,142.32,142.32,20110900,20111200,20111200
2011-08-19 05:00:00,142.77,142.43,142.43,20110900,20111200,20111200
2011-08-22 05:00:00,142.7,142.38,142.38,20110900,20111200,20111200
2011-08-23 05:00:00,142.5,142.2,142.2,20110900,20111200,20111200
2011-08-24 05:00:00,142.53,142.21,142.21,20110900,20111200,20111200
2011-08-25 05:00:00,142.33,141.99,141.99,20110900,20111200,20111200
2011-08-26 05:00:00,142.38,142.03,142.03,20110900,20111200,20111200
2011-08-29 05:00:00,142.28,140.19,140.19,20111200,20120300,20120300
2011-08-30 05:00:00,142.18,140.09,140.09,20111200,20120300,20120300
2011-08-31 05:00:00,142.06,139.97,139.97,20111200,20120300,20120300
2011-09-01 05:00:00,141.84,139.75,139.75,20111200,20120300,20120300
2011-09-02 05:00:00,142.03,139.94,139.94,20111200,20120300,20120300
2011-09-05 05:00:00,142.48,140.39,140.39,20111200,20120300,20120300
2011-09-06 05:00:00,142.64,140.55,140.55,20111200,20120300,20120300
2011-09-07 05:00:00,142.54,140.45,140.45,20111200,20120300,20120300
2011-09-08 05:00:00,142.57,141.0,141.0,20111200,20120300,20120300
2011-09-09 05:00:00,142.58,141.01,141.01,20111200,20120300,20120300
2011-09-12 05:00:00,142.69,141.12,141.12,20111200,20120300,20120300
2011-09-13 05:00:00,142.63,142.0,142.0,20111200,20120300,20120300
2011-09-14 05:00:00,142.67,142.04,142.04,20111200,20120300,20120300
2011-09-15 05:00:00,142.71,142.08,142.08,20111200,20120300,20120300
2011-09-16 05:00:00,142.57,141.94,141.94,20111200,20120300,20120300
2011-09-20 05:00:00,142.71,141.96,141.96,20111200,20120300,20120300
2011-09-21 05:00:00,142.78,142.03,142.03,20111200,20120300,20120300
2011-09-22 05:00:00,142.77,142.02,142.02,20111200,20120300,20120300
2011-09-26 05:00:00,142.66,141.86,141.86,20111200,20120300,20120300
2011-09-27 05:00:00,142.51,141.71,141.71,20111200,20120300,20120300
2011-09-28 05:00:00,142.45,141.65,141.65,20111200,20120300,20120300
2011-09-29 05:00:00,142.48,141.7,141.7,20111200,20120300,20120300
2011-09-30 05:00:00,142.24,141.5,141.5,20111200,20120300,20120300
2011-10-03 05:00:00,142.31,141.57,141.57,20111200,20120300,20120300
2011-10-04 05:00:00,142.57,141.83,141.83,20111200,20120300,20120300
2011-10-05 05:00:00,142.67,141.93,141.93,20111200,20120300,20120300
2011-10-06 05:00:00,142.69,141.95,141.95,20111200,20120300,20120300
2011-10-07 05:00:00,142.67,141.93,141.93,20111200,20120300,20120300
2011-10-11 05:00:00,142.55,141.96,141.96,20111200,20120300,20120300
2011-10-12 05:00:00,142.41,141.82,141.82,20111200,20120300,20120300
2011-10-13 05:00:00,142.27,141.68,141.68,20111200,20120300,20120300
2011-10-14 05:00:00,142.11,141.52,141.52,20111200,20120300,20120300
2011-10-17 05:00:00,142.14,141.55,141.55,20111200,20120300,20120300
2011-10-18 05:00:00,142.25,141.66,141.66,20111200,20120300,20120300
2011-10-19 05:00:00,142.09,141.5,141.5,20111200,20120300,20120300
2011-10-20 05:00:00,142.36,141.77,141.77,20111200,20120300,20120300
2011-10-21 05:00:00,142.34,141.75,141.75,20111200,20120300,20120300
2011-10-24 05:00:00,142.26,141.67,141.67,20111200,20120300,20120300
2011-10-25 05:00:00,142.3,141.71,141.71,20111200,20120300,20120300
2011-10-26 05:00:00,142.69,142.1,142.1,20111200,20120300,20120300
2011-10-27 05:00:00,142.54,141.95,141.95,20111200,20120300,20120300
2011-10-28 05:00:00,142.05,141.46,141.46,20111200,20120300,20120300
2011-10-31 05:00:00,142.2,141.61,141.61,20111200,20120300,20120300
2011-11-01 05:00:00,142.38,141.79,141.79,20111200,20120300,20120300
2011-11-02 05:00:00,142.54,141.95,141.95,20111200,20120300,20120300
2011-11-04 05:00:00,142.78,142.11,142.11,20111200,20120300,20120300
2011-11-07 06:00:00,142.78,142.11,142.11,20111200,20120300,20120300
2011-11-08 06:00:00,142.81,142.14,142.14,20111200,20120300,20120300
2011-11-09 06:00:00,142.76,142.18,142.18,20111200,20120300,20120300
2011-11-10 06:00:00,142.84,142.26,142.26,20111200,20120300,20120300
2011-11-11 06:00:00,142.88,142.3,142.3,20111200,20120300,20120300
2011-11-14 06:00:00,142.85,142.27,142.27,20111200,20120300,20120300
2011-11-15 06:00:00,142.86,142.28,142.28,20111200,20120300,20120300
2011-11-16 06:00:00,142.96,142.39,142.39,20111200,20120300,20120300
2011-11-17 06:00:00,143.05,142.48,142.48,20111200,20120300,20120300
2011-11-18 06:00:00,143.12,142.55,142.55,20111200,20120300,20120300
2011-11-21 06:00:00,143.07,142.5,142.5,20111200,20120300,20120300
2011-11-22 06:00:00,142.97,142.4,142.4,20111200,20120300,20120300
2011-11-24 06:00:00,142.52,141.94,141.94,20111200,20120300,20120300
2011-11-25 06:00:00,142.24,141.66,141.66,20111200,20120300,20120300
2011-11-28 06:00:00,141.1,139.01,139.01,20120300,20120600,20120600
2011-11-29 06:00:00,141.11,139.02,139.02,20120300,20120600,20120600
2011-11-30 06:00:00,141.15,139.06,139.06,20120300,20120600,20120600
2011-12-01 06:00:00,141.3,139.21,139.21,20120300,20120600,20120600
2011-12-02 06:00:00,141.33,139.24,139.24,20120300,20120600,20120600
2011-12-05 06:00:00,141.6,139.51,139.51,20120300,20120600,20120600
2011-12-06 06:00:00,141.63,139.54,139.54,20120300,20120600,20120600
2011-12-07 06:00:00,141.55,139.46,139.46,20120300,20120600,20120600
2011-12-08 06:00:00,141.72,139.63,139.63,20120300,20120600,20120600
2011-12-09 06:00:00,142.04,139.95,139.95,20120300,20120600,20120600
2011-12-12 06:00:00,141.98,139.89,139.89,20120300,20120600,20120600
2011-12-13 06:00:00,142.34,140.25,140.25,20120300,20120600,20120600
2011-12-14 06:00:00,142.29,140.2,140.2,20120300,20120600,20120600
2011-12-15 06:00:00,142.27,140.18,140.18,20120300,20120600,20120600
2011-12-16 06:00:00,142.33,140.24,140.24,20120300,20120600,20120600
2011-12-19 06:00:00,142.32,140.23,140.23,20120300,20120600,20120600
2011-12-20 06:00:00,142.26,140.17,140.17,20120300,20120600,20120600
2011-12-21 06:00:00,142.33,140.24,140.24,20120300,20120600,20120600
2011-12-22 06:00:00,142.47,140.38,140.38,20120300,20120600,20120600
2011-12-26 06:00:00,142.41,140.3,140.3,20120300,20120600,20120600
2011-12-27 06:00:00,142.29,140.18,140.18,20120300,20120600,20120600
2011-12-28 06:00:00,142.18,140.07,140.07,20120300,20120600,20120600
2011-12-29 06:00:00,142.29,140.18,140.18,20120300,20120600,20120600
2011-12-30 06:00:00,142.51,140.4,140.4,20120300,20120600,20120600
2012-01-04 06:00:00,142.38,140.09,140.09,20120300,20120600,20120600
2012-01-05 06:00:00,142.43,140.14,140.14,20120300,20120600,20120600
2012-01-06 06:00:00,142.38,140.09,140.09,20120300,20120600,20120600
2012-01-10 06:00:00,142.42,141.0,141.0,20120300,20120600,20120600
2012-01-11 06:00:00,142.44,141.1,141.1,20120300,20120600,20120600
2012-01-12 06:00:00,142.69,141.35,141.35,20120300,20120600,20120600
2012-01-13 06:00:00,142.62,141.28,141.28,20120300,20120600,20120600
2012-01-16 06:00:00,142.73,141.5,141.5,20120300,20120600,20120600
2012-01-17 06:00:00,142.63,141.4,141.4,20120300,20120600,20120600
2012-01-18 06:00:00,142.56,141.5,141.5,20120300,20120600,20120600
2012-01-19 06:00:00,142.56,141.5,141.5,20120300,20120600,20120600
2012-01-20 06:00:00,142.39,141.55,141.55,20120300,20120600,20120600
2012-01-23 06:00:00,142.24,141.5,141.5,20120300,20120600,20120600
2012-01-24 06:00:00,142.12,141.5,141.5,20120300,20120600,20120600
2012-01-25 06:00:00,142.22,141.6,141.6,20120300,20120600,20120600
2012-01-26 06:00:00,142.54,141.92,141.92,20120300,20120600,20120600
2012-01-27 06:00:00,142.58,141.96,141.96,20120300,20120600,20120600
2012-01-30 06:00:00,142.65,142.03,142.03,20120300,20120600,20120600
2012-01-31 06:00:00,142.58,141.96,141.96,20120300,20120600,20120600
2012-02-01 06:00:00,142.64,142.04,142.04,20120300,20120600,20120600
2012-02-02 06:00:00,142.77,142.17,142.17,20120300,20120600,20120600
2012-02-03 06:00:00,142.71,142.11,142.11,20120300,20120600,20120600
2012-02-06 06:00:00,142.48,141.9,141.9,20120300,20120600,20120600
2012-02-07 06:00:00,142.49,141.91,141.91,20120300,20120600,20120600
2012-02-08 06:00:00,142.18,141.6,141.6,20120300,20120600,20120600
2012-02-09 06:00:00,142.32,141.74,141.74,20120300,20120600,20120600
2012-02-10 06:00:00,142.38,141.8,141.8,20120300,20120600,20120600
2012-02-13 06:00:00,142.32,141.74,141.74,20120300,20120600,20120600
2012-02-14 06:00:00,142.65,142.07,142.07,20120300,20120600,20120600
2012-02-15 06:00:00,142.67,142.09,142.09,20120300,20120600,20120600
2012-02-16 06:00:00,142.9,142.43,142.43,20120300,20120600,20120600
2012-02-17 06:00:00,142.78,142.3,142.3,20120300,20120600,20120600
2012-02-20 06:00:00,142.79,142.35,142.35,20120300,20120600,20120600
2012-02-21 06:00:00,142.54,142.08,142.08,20120300,20120600,20120600
2012-02-22 06:00:00,142.46,141.99,141.99,20120300,20120600,20120600
2012-02-23 06:00:00,142.46,142.01,142.01,20120300,20120600,20120600
2012-02-24 06:00:00,142.58,142.13,142.13,20120300,20120600,20120600
2012-02-27 06:00:00,142.19,140.1,140.1,20120600,20120900,20120900
2012-02-28 06:00:00,142.26,140.17,140.17,20120600,20120900,20120900
2012-02-29 06:00:00,142.29,140.2,140.2,20120600,20120900,20120900
2012-03-01 06:00:00,142.25,140.16,140.16,20120600,20120900,20120900
2012-03-02 06:00:00,142.14,140.05,140.05,20120600,20120900,20120900
2012-03-05 06:00:00,142.23,140.14,140.14,20120600,20120900,20120900
2012-03-06 06:00:00,142.33,140.24,140.24,20120600,20120900,20120900
2012-03-07 06:00:00,142.43,140.34,140.34,20120600,20120900,20120900
2012-03-08 06:00:00,142.29,140.2,140.2,20120600,20120900,20120900
2012-03-09 06:00:00,142.32,140.23,140.23,20120600,20120900,20120900
2012-03-12 05:00:00,142.42,140.96,140.96,20120600,20120900,20120900
2012-03-13 05:00:00,142.41,141.56,141.56,20120600,20120900,20120900
2012-03-14 05:00:00,141.78,140.93,140.93,20120600,20120900,20120900
2012-03-15 05:00:00,141.14,140.29,140.29,20120600,20120900,20120900
2012-03-16 05:00:00,141.22,140.37,140.37,20120600,20120900,20120900
2012-03-19 05:00:00,141.5,140.65,140.65,20120600,20120900,20120900
2012-03-21 05:00:00,141.5,140.9,140.9,20120600,20120900,20120900
2012-03-22 05:00:00,141.62,141.02,141.02,20120600,20120900,20120900
2012-03-23 05:00:00,141.56,140.96,140.96,20120600,20120900,20120900
2012-03-26 05:00:00,141.81,141.21,141.21,20120600,20120900,20120900
2012-03-27 05:00:00,141.8,141.2,141.2,20120600,20120900,20120900
2012-03-28 05:00:00,141.93,141.33,141.33,20120600,20120900,20120900
2012-03-29 05:00:00,141.97,141.37,141.37,20120600,20120900,20120900
2012-03-30 05:00:00,141.96,141.36,141.36,20120600,20120900,20120900
2012-04-02 05:00:00,141.74,141.14,141.14,20120600,20120900,20120900
2012-04-03 05:00:00,141.59,140.99,140.99,20120600,20120900,20120900
2012-04-04 05:00:00,141.65,141.05,141.05,20120600,20120900,20120900
2012-04-05 05:00:00,141.76,141.16,141.16,20120600,20120900,20120900
2012-04-06 05:00:00,142.02,141.42,141.42,20120600,20120900,20120900
2012-04-09 05:00:00,142.38,141.78,141.78,20120600,20120900,20120900
2012-04-10 05:00:00,142.42,141.82,141.82,20120600,20120900,20120900
2012-04-11 05:00:00,142.55,141.95,141.95,20120600,20120900,20120900
2012-04-12 05:00:00,142.52,141.92,141.92,20120600,20120900,20120900
2012-04-13 05:00:00,142.68,142.08,142.08,20120600,20120900,20120900
2012-04-16 05:00:00,142.7,142.1,142.1,20120600,20120900,20120900
2012-04-17 05:00:00,142.63,142.03,142.03,20120600,20120900,20120900
2012-04-18 05:00:00,142.57,141.97,141.97,20120600,20120900,20120900
2012-04-19 05:00:00,142.63,142.03,142.03,20120600,20120900,20120900
2012-04-20 05:00:00,142.8,142.2,142.2,20120600,20120900,20120900
2012-04-23 05:00:00,142.99,142.39,142.39,20120600,20120900,20120900
2012-04-24 05:00:00,142.74,142.14,142.14,20120600,20120900,20120900
2012-04-25 05:00:00,142.78,142.32,142.32,20120600,20120900,20120900
2012-04-26 05:00:00,142.9,142.44,142.44,20120600,20120900,20120900
2012-04-27 05:00:00,143.15,142.69,142.69,20120600,20120900,20120900
2012-05-01 05:00:00,143.12,142.8,142.8,20120600,20120900,20120900
2012-05-02 05:00:00,143.02,142.7,142.7,20120600,20120900,20120900
2012-05-07 05:00:00,143.27,142.79,142.79,20120600,20120900,20120900
2012-05-08 05:00:00,143.17,142.98,142.98,20120600,20120900,20120900
2012-05-09 05:00:00,143.32,143.13,143.13,20120600,20120900,20120900
2012-05-10 05:00:00,143.12,142.93,142.93,20120600,20120900,20120900
2012-05-11 05:00:00,143.27,143.08,143.08,20120600,20120900,20120900
2012-05-14 05:00:00,143.39,143.2,143.2,20120600,20120900,20120900
2012-05-15 05:00:00,143.23,143.04,143.04,20120600,20120900,20120900
2012-05-16 05:00:00,143.51,143.32,143.32,20120600,20120900,20120900
2012-05-17 05:00:00,143.28,143.07,143.07,20120600,20120900,20120900
2012-05-18 05:00:00,143.39,143.2,143.2,20120600,20120900,20120900
2012-05-21 05:00:00,143.17,142.98,142.98,20120600,20120900,20120900
2012-05-22 05:00:00,143.25,143.06,143.06,20120600,20120900,20120900
2012-05-23 05:00:00,143.27,143.07,143.07,20120600,20120900,20120900
2012-05-24 05:00:00,143.14,142.94,142.94,20120600,20120900,20120900
2012-05-25 05:00:00,142.97,142.76,142.76,20120600,20120900,20120900
2012-05-28 05:00:00,143.2,143.0,143.0,20120600,20120900,20120900
2012-05-29 05:00:00,143.28,142.15,142.15,20120900,20121200,20121200
2012-05-30 05:00:00,143.33,142.2,142.2,20120900,20121200,20121200
2012-05-31 05:00:00,143.37,142.24,142.24,20120900,20121200,20121200
2012-06-01 05:00:00,143.84,142.71,142.71,20120900,20121200,20121200
2012-06-04 05:00:00,143.64,142.51,142.51,20120900,20121200,20121200
2012-06-05 05:00:00,143.34,142.21,142.21,20120900,20121200,20121200
2012-06-06 05:00:00,143.39,142.26,142.26,20120900,20121200,20121200
2012-06-07 05:00:00,143.38,142.25,142.25,20120900,20121200,20121200
2012-06-08 05:00:00,143.64,142.51,142.51,20120900,20121200,20121200
2012-06-11 05:00:00,143.42,142.29,142.29,20120900,20121200,20121200
2012-06-12 05:00:00,143.6,142.47,142.47,20120900,20121200,20121200
2012-06-13 05:00:00,143.51,142.38,142.38,20120900,20121200,20121200
2012-06-14 05:00:00,143.5,142.37,142.37,20120900,20121200,20121200
2012-06-15 05:00:00,143.52,142.39,142.39,20120900,20121200,20121200
2012-06-18 05:00:00,143.72,142.59,142.59,20120900,20121200,20121200
2012-06-19 05:00:00,143.85,143.0,143.0,20120900,20121200,20121200
2012-06-20 05:00:00,143.72,142.87,142.87,20120900,20121200,20121200
2012-06-21 05:00:00,143.81,142.96,142.96,20120900,20121200,20121200
2012-06-22 05:00:00,143.72,142.87,142.87,20120900,20121200,20121200
2012-06-25 05:00:00,143.74,142.89,142.89,20120900,20121200,20121200
2012-06-26 05:00:00,143.8,142.95,142.95,20120900,20121200,20121200
2012-06-27 05:00:00,143.93,143.08,143.08,20120900,20121200,20121200
2012-06-28 05:00:00,143.9,143.05,143.05,20120900,20121200,20121200
2012-06-29 05:00:00,143.7,142.85,142.85,20120900,20121200,20121200
2012-07-02 05:00:00,143.74,142.89,142.89,20120900,20121200,20121200
2012-07-03 05:00:00,143.81,142.96,142.96,20120900,20121200,20121200
2012-07-04 05:00:00,143.82,142.97,142.97,20120900,20121200,20121200
2012-07-05 05:00:00,143.87,143.02,143.02,20120900,20121200,20121200
2012-07-06 05:00:00,143.98,143.13,143.13,20120900,20121200,20121200
2012-07-09 05:00:00,144.14,143.29,143.29,20120900,20121200,20121200
2012-07-10 05:00:00,143.99,143.14,143.14,20120900,20121200,20121200
2012-07-11 05:00:00,144.14,143.29,143.29,20120900,20121200,20121200
2012-07-12 05:00:00,144.35,143.5,143.5,20120900,20121200,20121200
2012-07-13 05:00:00,144.27,143.42,143.42,20120900,20121200,20121200
2012-07-17 05:00:00,144.26,143.45,143.45,20120900,20121200,20121200
2012-07-18 05:00:00,144.47,143.66,143.66,20120900,20121200,20121200
2012-07-19 05:00:00,144.46,143.65,143.65,20120900,20121200,20121200
2012-07-20 05:00:00,144.45,143.64,143.64,20120900,20121200,20121200
2012-07-23 05:00:00,144.66,143.85,143.85,20120900,20121200,20121200
2012-07-24 05:00:00,144.45,143.64,143.64,20120900,20121200,20121200
2012-07-25 05:00:00,144.57,143.76,143.76,20120900,20121200,20121200
2012-07-26 05:00:00,144.51,143.7,143.7,20120900,20121200,20121200
2012-07-27 05:00:00,144.39,143.58,143.58,20120900,20121200,20121200
2012-07-30 05:00:00,144.09,143.28,143.28,20120900,20121200,20121200
2012-07-31 05:00:00,144.13,143.32,143.32,20120900,20121200,20121200
2012-08-01 05:00:00,144.2,143.79,143.79,20120900,20121200,20121200
2012-08-02 05:00:00,144.18,143.77,143.77,20120900,20121200,20121200
2012-08-03 05:00:00,144.5,144.09,144.09,20120900,20121200,20121200
2012-08-06 05:00:00,144.42,144.01,144.01,20120900,20121200,20121200
2012-08-07 05:00:00,144.03,143.62,143.62,20120900,20121200,20121200
2012-08-08 05:00:00,143.91,143.5,143.5,20120900,20121200,20121200
2012-08-09 05:00:00,143.89,143.48,143.48,20120900,20121200,20121200
2012-08-10 05:00:00,143.89,143.48,143.48,20120900,20121200,20121200
2012-08-13 05:00:00,143.96,143.55,143.55,20120900,20121200,20121200
2012-08-14 05:00:00,143.96,143.55,143.55,20120900,20121200,20121200
2012-08-15 05:00:00,143.59,143.18,143.18,20120900,20121200,20121200
2012-08-16 05:00:00,143.41,143.0,143.0,20120900,20121200,20121200
2012-08-17 05:00:00,143.53,143.12,143.12,20120900,20121200,20121200
2012-08-20 05:00:00,143.33,142.92,142.92,20120900,20121200,20121200
2012-08-21 05:00:00,143.55,143.14,143.14,20120900,20121200,20121200
2012-08-22 05:00:00,143.53,143.2,143.2,20120900,20121200,20121200
2012-08-23 05:00:00,143.67,143.4,143.4,20120900,20121200,20121200
2012-08-24 05:00:00,143.87,143.64,143.64,20120900,20121200,20121200
2012-08-27 05:00:00,143.78,143.55,143.55,20120900,20121200,20121200
2012-08-28 05:00:00,143.62,141.53,141.53,20121200,20130300,20130300
2012-08-29 05:00:00,143.7,141.61,141.61,20121200,20130300,20130300
2012-08-30 05:00:00,143.62,141.53,141.53,20121200,20130300,20130300
2012-08-31 05:00:00,143.75,141.66,141.66,20121200,20130300,20130300
2012-09-03 05:00:00,143.93,141.84,141.84,20121200,20130300,20130300
2012-09-04 05:00:00,143.92,141.83,141.83,20121200,20130300,20130300
2012-09-05 05:00:00,144.01,141.92,141.92,20121200,20130300,20130300
2012-09-06 05:00:00,143.89,141.8,141.8,20121200,20130300,20130300
2012-09-07 05:00:00,143.7,141.61,141.61,20121200,20130300,20130300
2012-09-10 05:00:00,143.89,141.8,141.8,20121200,20130300,20130300
2012-09-11 05:00:00,143.94,141.85,141.85,20121200,20130300,20130300
2012-09-12 05:00:00,143.75,141.66,141.66,20121200,20130300,20130300
2012-09-13 05:00:00,143.64,141.55,141.55,20121200,20130300,20130300
2012-09-14 05:00:00,143.8,141.71,141.71,20121200,20130300,20130300
2012-09-18 05:00:00,143.54,141.8,141.8,20121200,20130300,20130300
2012-09-19 05:00:00,143.62,141.88,141.88,20121200,20130300,20130300
2012-09-20 05:00:00,143.81,142.07,142.07,20121200,20130300,20130300
2012-09-21 05:00:00,143.8,142.06,142.06,20121200,20130300,20130300
2012-09-24 05:00:00,143.95,142.21,142.21,20121200,20130300,20130300
2012-09-25 05:00:00,144.04,142.3,142.3,20121200,20130300,20130300
2012-09-26 05:00:00,144.14,142.4,142.4,20121200,20130300,20130300
2012-09-27 05:00:00,144.15,142.41,142.41,20121200,20130300,20130300
2012-09-28 05:00:00,144.24,142.5,142.5,20121200,20130300,20130300
2012-10-01 05:00:00,144.23,142.49,142.49,20121200,20130300,20130300
2012-10-02 05:00:00,144.27,143.2,143.2,20121200,20130300,20130300
2012-10-03 05:00:00,144.25,143.18,143.18,20121200,20130300,20130300
2012-10-04 05:00:00,144.17,143.1,143.1,20121200,20130300,20130300
2012-10-05 05:00:00,144.1,143.1,143.1,20121200,20130300,20130300
2012-10-09 05:00:00,144.19,143.29,143.29,20121200,20130300,20130300
2012-10-10 05:00:00,144.16,143.31,143.31,20121200,20130300,20130300
2012-10-11 05:00:00,144.3,143.45,143.45,20121200,20130300,20130300
2012-10-12 05:00:00,144.18,143.33,143.33,20121200,20130300,20130300
2012-10-15 05:00:00,144.3,143.45,143.45,20121200,20130300,20130300
2012-10-16 05:00:00,144.28,143.43,143.43,20121200,20130300,20130300
2012-10-17 05:00:00,144.17,143.32,143.32,20121200,20130300,20130300
2012-10-18 05:00:00,143.86,143.01,143.01,20121200,20130300,20130300
2012-10-19 05:00:00,144.01,143.16,143.16,20121200,20130300,20130300
2012-10-22 05:00:00,143.95,143.2,143.2,20121200,20130300,20130300
2012-10-23 05:00:00,144.07,143.32,143.32,20121200,20130300,20130300
2012-10-24 05:00:00,144.13,143.38,143.38,20121200,20130300,20130300
2012-10-25 05:00:00,143.99,143.24,143.24,20121200,20130300,20130300
2012-10-26 05:00:00,144.24,143.49,143.49,20121200,20130300,20130300
2012-10-29 05:00:00,144.23,143.51,143.51,20121200,20130300,20130300
2012-10-30 05:00:00,144.34,143.62,143.62,20121200,20130300,20130300
2012-10-31 05:00:00,144.2,143.5,143.5,20121200,20130300,20130300
2012-11-01 05:00:00,144.1,143.4,143.4,20121200,20130300,20130300
2012-11-02 05:00:00,144.21,143.51,143.51,20121200,20130300,20130300
2012-11-05 06:00:00,144.23,143.53,143.53,20121200,20130300,20130300
2012-11-06 06:00:00,144.31,143.61,143.61,20121200,20130300,20130300
2012-11-07 06:00:00,144.31,143.61,143.61,20121200,20130300,20130300
2012-11-08 06:00:00,144.48,143.78,143.78,20121200,20130300,20130300
2012-11-09 06:00:00,144.61,143.91,143.91,20121200,20130300,20130300
2012-11-12 06:00:00,144.58,143.88,143.88,20121200,20130300,20130300
2012-11-13 06:00:00,144.56,143.86,143.86,20121200,20130300,20130300
2012-11-14 06:00:00,144.36,143.73,143.73,20121200,20130300,20130300
2012-11-15 06:00:00,144.57,144.03,144.03,20121200,20130300,20130300
2012-11-16 06:00:00,144.69,144.15,144.15,20121200,20130300,20130300
2012-11-19 06:00:00,144.58,144.04,144.04,20121200,20130300,20130300
2012-11-20 06:00:00,144.59,144.05,144.05,20121200,20130300,20130300
2012-11-21 06:00:00,144.57,144.04,144.04,20121200,20130300,20130300
2012-11-22 06:00:00,144.5,143.97,143.97,20121200,20130300,20130300
2012-11-26 06:00:00,144.64,144.12,144.12,20121200,20130300,20130300
2012-11-27 06:00:00,144.12,142.03,142.03,20130300,20130600,20130600
2012-11-28 06:00:00,144.28,142.19,142.19,20130300,20130600,20130600
2012-11-29 06:00:00,144.23,142.14,142.14,20130300,20130600,20130600
2012-11-30 06:00:00,144.37,142.28,142.28,20130300,20130600,20130600
2012-12-03 06:00:00,144.32,142.23,142.23,20130300,20130600,20130600
2012-12-04 06:00:00,144.37,142.28,142.28,20130300,20130600,20130600
2012-12-05 06:00:00,144.49,142.4,142.4,20130300,20130600,20130600
2012-12-06 06:00:00,144.66,142.57,142.57,20130300,20130600,20130600
2012-12-07 06:00:00,144.64,142.55,142.55,20130300,20130600,20130600
2012-12-10 06:00:00,144.7,142.61,142.61,20130300,20130600,20130600
2012-12-11 06:00:00,144.66,142.57,142.57,20130300,20130600,20130600
2012-12-12 06:00:00,144.6,142.51,142.51,20130300,20130600,20130600
2012-12-13 06:00:00,144.47,142.38,142.38,20130300,20130600,20130600
2012-12-14 06:00:00,144.4,142.31,142.31,20130300,20130600,20130600
2012-12-17 06:00:00,144.32,142.23,142.23,20130300,20130600,20130600
2012-12-18 06:00:00,143.99,141.9,141.9,20130300,20130600,20130600
2012-12-19 06:00:00,143.89,141.8,141.8,20130300,20130600,20130600
2012-12-20 06:00:00,143.92,141.83,141.83,20130300,20130600,20130600
2012-12-21 06:00:00,143.99,141.9,141.9,20130300,20130600,20130600
2012-12-25 06:00:00,143.91,141.81,141.81,20130300,20130600,20130600
2012-12-26 06:00:00,143.62,141.52,141.52,20130300,20130600,20130600
2012-12-27 06:00:00,143.56,141.46,141.46,20130300,20130600,20130600
2012-12-28 06:00:00,143.74,141.64,141.64,20130300,20130600,20130600
2012-12-31 06:00:00,143.62,141.64,141.64,20130300,20130600,20130600
2013-01-02 06:00:00,143.32,141.64,141.64,20130300,20130600,20130600
2013-01-03 06:00:00,143.3,141.64,141.64,20130300,20130600,20130600
2013-01-04 06:00:00,143.17,141.51,141.51,20130300,20130600,20130600
2013-01-07 06:00:00,143.36,141.7,141.7,20130300,20130600,20130600
2013-01-08 06:00:00,143.41,141.75,141.75,20130300,20130600,20130600
2013-01-09 06:00:00,143.42,141.76,141.76,20130300,20130600,20130600
2013-01-10 06:00:00,143.53,141.87,141.87,20130300,20130600,20130600
2013-01-11 06:00:00,143.86,142.2,142.2,20130300,20130600,20130600
2013-01-14 06:00:00,143.8,142.2,142.2,20130300,20130600,20130600
2013-01-15 06:00:00,144.13,143.07,143.07,20130300,20130600,20130600
2013-01-16 06:00:00,144.37,143.6,143.6,20130300,20130600,20130600
2013-01-17 06:00:00,144.26,143.75,143.75,20130300,20130600,20130600
2013-01-18 06:00:00,144.29,143.78,143.78,20130300,20130600,20130600
2013-01-21 06:00:00,144.47,143.96,143.96,20130300,20130600,20130600
2013-01-22 06:00:00,144.42,143.96,143.96,20130300,20130600,20130600
2013-01-23 06:00:00,144.38,143.92,143.92,20130300,20130600,20130600
2013-01-24 06:00:00,144.47,144.01,144.01,20130300,20130600,20130600
2013-01-25 06:00:00,144.5,144.04,144.04,20130300,20130600,20130600
2013-01-28 06:00:00,144.3,143.84,143.84,20130300,20130600,20130600
2013-01-29 06:00:00,144.06,143.6,143.6,20130300,20130600,20130600
2013-01-30 06:00:00,143.97,143.51,143.51,20130300,20130600,20130600
2013-01-31 06:00:00,144.35,143.89,143.89,20130300,20130600,20130600
2013-02-01 06:00:00,143.95,143.5,143.5,20130300,20130600,20130600
2013-02-04 06:00:00,143.66,143.21,143.21,20130300,20130600,20130600
2013-02-05 06:00:00,143.8,143.35,143.35,20130300,20130600,20130600
2013-02-06 06:00:00,143.98,143.53,143.53,20130300,20130600,20130600
2013-02-07 06:00:00,144.08,143.63,143.63,20130300,20130600,20130600
2013-02-08 06:00:00,144.34,143.89,143.89,20130300,20130600,20130600
2013-02-11 06:00:00,144.27,143.89,143.89,20130300,20130600,20130600
2013-02-12 06:00:00,144.26,143.88,143.88,20130300,20130600,20130600
2013-02-13 06:00:00,144.3,143.92,143.92,20130300,20130600,20130600
2013-02-14 06:00:00,144.04,143.66,143.66,20130300,20130600,20130600
2013-02-15 06:00:00,144.25,144.01,144.01,20130300,20130600,20130600
2013-02-18 06:00:00,144.26,144.02,144.02,20130300,20130600,20130600
2013-02-19 06:00:00,144.4,144.16,144.16,20130300,20130600,20130600
2013-02-20 06:00:00,144.29,144.05,144.05,20130300,20130600,20130600
2013-02-21 06:00:00,144.48,144.24,144.24,20130300,20130600,20130600
2013-02-22 06:00:00,144.48,144.25,144.25,20130300,20130600,20130600
2013-02-25 06:00:00,144.71,144.51,144.51,20130300,20130600,20130600
2013-02-26 06:00:00,144.7,142.61,142.61,20130600,20130900,20130900
2013-02-27 06:00:00,144.77,142.68,142.68,20130600,20130900,20130900
2013-02-28 06:00:00,144.81,142.72,142.72,20130600,20130900,20130900
2013-03-01 06:00:00,144.94,142.85,142.85,20130600,20130900,20130900
2013-03-04 06:00:00,145.13,143.04,143.04,20130600,20130900,20130900
2013-03-05 06:00:00,144.72,142.63,142.63,20130600,20130900,20130900
2013-03-06 06:00:00,144.8,142.71,142.71,20130600,20130900,20130900
2013-03-07 06:00:00,144.87,142.78,142.78,20130600,20130900,20130900
2013-03-08 06:00:00,144.97,142.88,142.88,20130600,20130900,20130900
2013-03-11 05:00:00,144.99,142.9,142.9,20130600,20130900,20130900
2013-03-12 05:00:00,145.14,143.05,143.05,20130600,20130900,20130900
2013-03-13 05:00:00,145.06,142.97,142.97,20130600,20130900,20130900
2013-03-14 05:00:00,145.12,143.03,143.03,20130600,20130900,20130900
2013-03-15 05:00:00,145.23,143.14,143.14,20130600,20130900,20130900
2013-03-18 05:00:00,145.36,143.27,143.27,20130600,20130900,20130900
2013-03-19 05:00:00,145.44,143.35,143.35,20130600,20130900,20130900
2013-03-20 05:00:00,145.42,143.35,143.35,20130600,20130900,20130900
2013-03-21 05:00:00,145.6,143.53,143.53,20130600,20130900,20130900
2013-03-22 05:00:00,145.76,143.69,143.69,20130600,20130900,20130900
2013-03-25 05:00:00,145.61,143.54,143.54,20130600,20130900,20130900
2013-03-26 05:00:00,145.72,143.65,143.65,20130600,20130900,20130900
2013-03-27 05:00:00,145.9,143.83,143.83,20130600,20130900,20130900
2013-03-28 05:00:00,145.83,143.76,143.76,20130600,20130900,20130900
2013-03-29 05:00:00,145.47,143.4,143.4,20130600,20130900,20130900
2013-04-01 05:00:00,145.52,143.45,143.45,20130600,20130900,20130900
2013-04-02 05:00:00,145.32,143.25,143.25,20130600,20130900,20130900
2013-04-03 05:00:00,145.41,143.34,143.34,20130600,20130900,20130900
2013-04-04 05:00:00,146.03,143.96,143.96,20130600,20130900,20130900
2013-04-05 05:00:00,145.11,143.04,143.04,20130600,20130900,20130900
2013-04-08 05:00:00,144.72,142.65,142.65,20130600,20130900,20130900
2013-04-09 05:00:00,144.67,142.6,142.6,20130600,20130900,20130900
2013-04-10 05:00:00,143.84,141.77,141.77,20130600,20130900,20130900
2013-04-11 05:00:00,144.49,142.42,142.42,20130600,20130900,20130900
2013-04-12 05:00:00,143.95,141.88,141.88,20130600,20130900,20130900
2013-04-15 05:00:00,143.61,141.54,141.54,20130600,20130900,20130900
2013-04-16 05:00:00,144.1,142.03,142.03,20130600,20130900,20130900
2013-04-17 05:00:00,144.18,142.11,142.11,20130600,20130900,20130900
2013-04-18 05:00:00,144.71,142.64,142.64,20130600,20130900,20130900
2013-04-19 05:00:00,144.59,142.52,142.52,20130600,20130900,20130900
2013-04-22 05:00:00,144.38,142.31,142.31,20130600,20130900,20130900
2013-04-23 05:00:00,144.79,144.39,144.39,20130600,20130900,20130900
2013-04-24 05:00:00,144.6,144.57,144.57,20130600,20130900,20130900
2013-04-25 05:00:00,144.67,144.64,144.64,20130600,20130900,20130900
2013-04-26 05:00:00,144.66,144.63,144.63,20130600,20130900,20130900
2013-04-29 05:00:00,144.86,144.63,144.63,20130600,20130900,20130900
2013-04-30 05:00:00,144.61,144.38,144.38,20130600,20130900,20130900
2013-05-01 05:00:00,144.73,144.5,144.5,20130600,20130900,20130900
2013-05-02 05:00:00,145.08,144.85,144.85,20130600,20130900,20130900
2013-05-03 05:00:00,145.1,144.85,144.85,20130600,20130900,20130900
2013-05-06 05:00:00,144.95,144.85,144.85,20130600,20130900,20130900
2013-05-07 05:00:00,144.66,144.56,144.56,20130600,20130900,20130900
2013-05-08 05:00:00,144.72,144.62,144.62,20130600,20130900,20130900
2013-05-09 05:00:00,144.74,144.64,144.64,20130600,20130900,20130900
2013-05-10 05:00:00,143.7,143.8,143.8,20130600,20130900,20130900
2013-05-13 05:00:00,143.14,143.2,143.2,20130600,20130900,20130900
2013-05-14 05:00:00,142.21,142.19,142.19,20130600,20130900,20130900
2013-05-15 05:00:00,142.07,142.05,142.05,20130600,20130900,20130900
2013-05-16 05:00:00,142.55,142.48,142.48,20130600,20130900,20130900
2013-05-17 05:00:00,142.78,142.71,142.71,20130600,20130900,20130900
2013-05-20 05:00:00,142.06,141.99,141.99,20130600,20130900,20130900
2013-05-21 05:00:00,141.93,141.83,141.83,20130600,20130900,20130900
2013-05-22 05:00:00,141.71,141.56,141.56,20130600,20130900,20130900
2013-05-23 05:00:00,142.23,142.1,142.1,20130600,20130900,20130900
2013-05-24 05:00:00,142.2,142.02,142.02,20130600,20130900,20130900
2013-05-27 05:00:00,142.49,142.29,142.29,20130600,20130900,20130900
2013-05-28 05:00:00,141.68,137.92,137.92,20130900,20131200,20131200
2013-05-29 05:00:00,141.62,137.86,137.86,20130900,20131200,20131200
2013-05-30 05:00:00,141.97,138.21,138.21,20130900,20131200,20131200
2013-05-31 05:00:00,142.35,138.59,138.59,20130900,20131200,20131200
2013-06-03 05:00:00,142.77,139.01,139.01,20130900,20131200,20131200
2013-06-04 05:00:00,142.11,138.35,138.35,20130900,20131200,20131200
2013-06-05 05:00:00,142.5,138.74,138.74,20130900,20131200,20131200
2013-06-06 05:00:00,142.95,139.19,139.19,20130900,20131200,20131200
2013-06-07 05:00:00,142.83,139.07,139.07,20130900,20131200,20131200
2013-06-10 05:00:00,142.9,139.14,139.14,20130900,20131200,20131200
2013-06-11 05:00:00,142.3,138.54,138.54,20130900,20131200,20131200
2013-06-12 05:00:00,142.31,138.55,138.55,20130900,20131200,20131200
2013-06-13 05:00:00,142.41,138.65,138.65,20130900,20131200,20131200
2013-06-14 05:00:00,142.89,139.13,139.13,20130900,20131200,20131200
2013-06-17 05:00:00,142.77,139.01,139.01,20130900,20131200,20131200
2013-06-18 05:00:00,142.88,139.12,139.12,20130900,20131200,20131200
2013-06-19 05:00:00,143.03,139.27,139.27,20130900,20131200,20131200
2013-06-20 05:00:00,142.45,138.69,138.69,20130900,20131200,20131200
2013-06-21 05:00:00,142.3,138.54,138.54,20130900,20131200,20131200
2013-06-24 05:00:00,142.16,138.4,138.4,20130900,20131200,20131200
2013-06-25 05:00:00,142.46,138.7,138.7,20130900,20131200,20131200
2013-06-26 05:00:00,142.24,138.48,138.48,20130900,20131200,20131200
2013-06-27 05:00:00,142.67,138.91,138.91,20130900,20131200,20131200
2013-06-28 05:00:00,142.61,138.85,138.85,20130900,20131200,20131200
2013-07-01 05:00:00,142.2,138.44,138.44,20130900,20131200,20131200
2013-07-02 05:00:00,142.34,138.58,138.58,20130900,20131200,20131200
2013-07-03 05:00:00,142.48,138.72,138.72,20130900,20131200,20131200
2013-07-04 05:00:00,142.55,138.79,138.79,20130900,20131200,20131200
2013-07-05 05:00:00,142.56,138.8,138.8,20130900,20131200,20131200
2013-07-08 05:00:00,142.25,138.49,138.49,20130900,20131200,20131200
2013-07-09 05:00:00,142.43,138.67,138.67,20130900,20131200,20131200
2013-07-10 05:00:00,142.71,138.95,138.95,20130900,20131200,20131200
2013-07-11 05:00:00,143.0,139.24,139.24,20130900,20131200,20131200
2013-07-12 05:00:00,143.2,142.13,142.13,20130900,20131200,20131200
2013-07-15 05:00:00,143.32,142.25,142.25,20130900,20131200,20131200
2013-07-16 05:00:00,143.12,142.06,142.06,20130900,20131200,20131200
2013-07-17 05:00:00,143.24,142.21,142.21,20130900,20131200,20131200
2013-07-18 05:00:00,143.4,142.33,142.33,20130900,20131200,20131200
2013-07-19 05:00:00,143.4,142.33,142.33,20130900,20131200,20131200
2013-07-22 05:00:00,143.68,142.61,142.61,20130900,20131200,20131200
2013-07-23 05:00:00,143.65,142.58,142.58,20130900,20131200,20131200
2013-07-24 05:00:00,143.72,142.65,142.65,20130900,20131200,20131200
2013-07-25 05:00:00,143.47,142.4,142.4,20130900,20131200,20131200
2013-07-26 05:00:00,143.66,142.59,142.59,20130900,20131200,20131200
2013-07-29 05:00:00,143.6,142.53,142.53,20130900,20131200,20131200
2013-07-30 05:00:00,143.62,142.55,142.55,20130900,20131200,20131200
2013-07-31 05:00:00,143.6,142.54,142.54,20130900,20131200,20131200
2013-08-01 05:00:00,143.56,142.51,142.51,20130900,20131200,20131200
2013-08-02 05:00:00,143.27,142.19,142.19,20130900,20131200,20131200
2013-08-05 05:00:00,143.75,142.67,142.67,20130900,20131200,20131200
2013-08-06 05:00:00,143.66,142.58,142.58,20130900,20131200,20131200
2013-08-07 05:00:00,144.02,142.94,142.94,20130900,20131200,20131200
2013-08-08 05:00:00,144.01,142.93,142.93,20130900,20131200,20131200
2013-08-09 05:00:00,143.96,142.88,142.88,20130900,20131200,20131200
2013-08-12 05:00:00,144.02,142.94,142.94,20130900,20131200,20131200
2013-08-13 05:00:00,144.1,143.02,143.02,20130900,20131200,20131200
2013-08-14 05:00:00,143.97,142.89,142.89,20130900,20131200,20131200
2013-08-15 05:00:00,144.01,142.93,142.93,20130900,20131200,20131200
2013-08-16 05:00:00,143.87,142.79,142.79,20130900,20131200,20131200
2013-08-19 05:00:00,143.75,142.67,142.67,20130900,20131200,20131200
2013-08-20 05:00:00,144.06,142.98,142.98,20130900,20131200,20131200
2013-08-21 05:00:00,144.12,143.12,143.12,20130900,20131200,20131200
2013-08-22 05:00:00,143.89,142.89,142.89,20130900,20131200,20131200
2013-08-23 05:00:00,143.57,142.55,142.55,20130900,20131200,20131200
2013-08-26 05:00:00,143.75,142.73,142.73,20130900,20131200,20131200
2013-08-27 05:00:00,144.09,143.07,143.07,20130900,20131200,20131200
2013-08-28 05:00:00,143.36,142.79,142.79,20131200,20140300,20140300
2013-08-29 05:00:00,143.43,142.86,142.86,20131200,20140300,20140300
2013-08-30 05:00:00,143.35,142.78,142.78,20131200,20140300,20140300
2013-09-02 05:00:00,143.1,142.53,142.53,20131200,20140300,20140300
2013-09-03 05:00:00,143.05,142.48,142.48,20131200,20140300,20140300
2013-09-04 05:00:00,142.99,142.42,142.42,20131200,20140300,20140300
2013-09-05 05:00:00,142.95,142.38,142.38,20131200,20140300,20140300
2013-09-06 05:00:00,142.9,142.33,142.33,20131200,20140300,20140300
2013-09-09 05:00:00,143.33,142.76,142.76,20131200,20140300,20140300
2013-09-10 05:00:00,143.46,142.89,142.89,20131200,20140300,20140300
2013-09-11 05:00:00,143.63,143.06,143.06,20131200,20140300,20140300
2013-09-12 05:00:00,143.38,142.81,142.81,20131200,20140300,20140300
2013-09-13 05:00:00,143.62,143.05,143.05,20131200,20140300,20140300
2013-09-16 05:00:00,143.86,143.05,143.05,20131200,20140300,20140300
2013-09-17 05:00:00,143.65,142.84,142.84,20131200,20140300,20140300
2013-09-18 05:00:00,143.73,142.92,142.92,20131200,20140300,20140300
2013-09-19 05:00:00,144.01,143.2,143.2,20131200,20140300,20140300
2013-09-20 05:00:00,143.82,143.01,143.01,20131200,20140300,20140300
2013-09-23 05:00:00,143.89,143.01,143.01,20131200,20140300,20140300
2013-09-24 05:00:00,144.13,143.25,143.25,20131200,20140300,20140300
2013-09-25 05:00:00,144.18,143.3,143.3,20131200,20140300,20140300
2013-09-26 05:00:00,144.1,143.22,143.22,20131200,20140300,20140300
2013-09-27 05:00:00,144.19,143.31,143.31,20131200,20140300,20140300
2013-09-30 05:00:00,144.12,143.24,143.24,20131200,20140300,20140300
2013-10-01 05:00:00,144.19,143.31,143.31,20131200,20140300,20140300
2013-10-02 05:00:00,144.37,143.49,143.49,20131200,20140300,20140300
2013-10-03 05:00:00,144.47,143.59,143.59,20131200,20140300,20140300
2013-10-04 05:00:00,144.33,143.45,143.45,20131200,20140300,20140300
2013-10-07 05:00:00,144.5,143.62,143.62,20131200,20140300,20140300
2013-10-08 05:00:00,144.36,143.48,143.48,20131200,20140300,20140300
2013-10-09 05:00:00,144.41,143.53,143.53,20131200,20140300,20140300
2013-10-10 05:00:00,144.35,143.47,143.47,20131200,20140300,20140300
2013-10-11 05:00:00,144.38,143.5,143.5,20131200,20140300,20140300
2013-10-14 05:00:00,144.4,143.5,143.5,20131200,20140300,20140300
2013-10-15 05:00:00,144.17,143.27,143.27,20131200,20140300,20140300
2013-10-16 05:00:00,144.45,143.55,143.55,20131200,20140300,20140300
2013-10-17 05:00:00,144.65,143.75,143.75,20131200,20140300,20140300
2013-10-18 05:00:00,144.8,143.9,143.9,20131200,20140300,20140300
2013-10-21 05:00:00,144.74,143.84,143.84,20131200,20140300,20140300
2013-10-22 05:00:00,144.75,143.85,143.85,20131200,20140300,20140300
2013-10-23 05:00:00,144.91,144.01,144.01,20131200,20140300,20140300
2013-10-24 05:00:00,144.88,143.98,143.98,20131200,20140300,20140300
2013-10-25 05:00:00,144.85,143.95,143.95,20131200,20140300,20140300
2013-10-28 05:00:00,144.83,143.93,143.93,20131200,20140300,20140300
2013-10-29 05:00:00,144.99,144.09,144.09,20131200,20140300,20140300
2013-10-30 05:00:00,145.14,144.24,144.24,20131200,20140300,20140300
2013-10-31 05:00:00,145.02,144.12,144.12,20131200,20140300,20140300
2013-11-01 05:00:00,145.07,144.17,144.17,20131200,20140300,20140300
2013-11-04 06:00:00,144.97,144.17,144.17,20131200,20140300,20140300
2013-11-05 06:00:00,144.96,144.16,144.16,20131200,20140300,20140300
2013-11-06 06:00:00,144.84,144.04,144.04,20131200,20140300,20140300
2013-11-07 06:00:00,145.11,144.31,144.31,20131200,20140300,20140300
2013-11-08 06:00:00,145.09,144.29,144.29,20131200,20140300,20140300
2013-11-11 06:00:00,145.05,144.25,144.25,20131200,20140300,20140300
2013-11-12 06:00:00,144.91,144.11,144.11,20131200,20140300,20140300
2013-11-13 06:00:00,144.91,144.11,144.11,20131200,20140300,20140300
2013-11-14 06:00:00,144.95,144.15,144.15,20131200,20140300,20140300
2013-11-15 06:00:00,144.67,143.87,143.87,20131200,20140300,20140300
2013-11-18 06:00:00,144.82,144.02,144.02,20131200,20140300,20140300
2013-11-19 06:00:00,144.97,144.32,144.32,20131200,20140300,20140300
2013-11-20 06:00:00,144.91,144.26,144.26,20131200,20140300,20140300
2013-11-21 06:00:00,144.73,144.08,144.08,20131200,20140300,20140300
2013-11-22 06:00:00,144.78,144.14,144.14,20131200,20140300,20140300
2013-11-25 06:00:00,144.74,144.12,144.12,20131200,20140300,20140300
2013-11-26 06:00:00,144.99,144.38,144.38,20131200,20140300,20140300
2013-11-27 06:00:00,144.45,143.88,143.88,20140300,20140600,20140600
2013-11-28 06:00:00,144.5,143.93,143.93,20140300,20140600,20140600
2013-11-29 06:00:00,144.48,143.91,143.91,20140300,20140600,20140600
2013-12-02 06:00:00,144.37,143.8,143.8,20140300,20140600,20140600
2013-12-03 06:00:00,144.23,143.66,143.66,20140300,20140600,20140600
2013-12-04 06:00:00,144.25,143.68,143.68,20140300,20140600,20140600
2013-12-05 06:00:00,144.19,143.62,143.62,20140300,20140600,20140600
2013-12-06 06:00:00,143.8,143.23,143.23,20140300,20140600,20140600
2013-12-09 06:00:00,143.98,143.41,143.41,20140300,20140600,20140600
2013-12-10 06:00:00,144.03,143.46,143.46,20140300,20140600,20140600
2013-12-11 06:00:00,144.16,143.59,143.59,20140300,20140600,20140600
2013-12-12 06:00:00,144.08,143.51,143.51,20140300,20140600,20140600
2013-12-13 06:00:00,143.77,143.2,143.2,20140300,20140600,20140600
2013-12-16 06:00:00,143.85,143.28,143.28,20140300,20140600,20140600
2013-12-17 06:00:00,144.12,143.55,143.55,20140300,20140600,20140600
2013-12-18 06:00:00,144.09,143.52,143.52,20140300,20140600,20140600
2013-12-19 06:00:00,143.96,143.39,143.39,20140300,20140600,20140600
2013-12-20 06:00:00,144.01,143.44,143.44,20140300,20140600,20140600
2013-12-23 06:00:00,143.98,143.44,143.44,20140300,20140600,20140600
2013-12-24 06:00:00,143.98,143.44,143.44,20140300,20140600,20140600
2013-12-25 06:00:00,143.82,143.28,143.28,20140300,20140600,20140600
2013-12-26 06:00:00,143.66,143.12,143.12,20140300,20140600,20140600
2013-12-27 06:00:00,143.7,143.16,143.16,20140300,20140600,20140600
2013-12-30 06:00:00,143.44,142.9,142.9,20140300,20140600,20140600
2013-12-31 06:00:00,143.27,142.9,142.9,20140300,20140600,20140600
2014-01-02 06:00:00,143.16,142.9,142.9,20140300,20140600,20140600
2014-01-03 06:00:00,143.29,142.9,142.9,20140300,20140600,20140600
2014-01-06 06:00:00,143.53,143.14,143.14,20140300,20140600,20140600
2014-01-07 06:00:00,143.89,143.5,143.5,20140300,20140600,20140600
2014-01-08 06:00:00,143.73,143.34,143.34,20140300,20140600,20140600
2014-01-09 06:00:00,143.75,143.36,143.36,20140300,20140600,20140600
2014-01-10 06:00:00,143.81,143.42,143.42,20140300,20140600,20140600
2014-01-13 06:00:00,144.04,143.42,143.42,20140300,20140600,20140600
2014-01-14 06:00:00,144.26,143.64,143.64,20140300,20140600,20140600
2014-01-15 06:00:00,144.25,143.63,143.63,20140300,20140600,20140600
2014-01-16 06:00:00,144.18,143.56,143.56,20140300,20140600,20140600
2014-01-17 06:00:00,144.22,143.6,143.6,20140300,20140600,20140600
2014-01-20 06:00:00,144.3,143.68,143.68,20140300,20140600,20140600
2014-01-21 06:00:00,144.07,143.45,143.45,20140300,20140600,20140600
2014-01-22 06:00:00,144.19,143.57,143.57,20140300,20140600,20140600
2014-01-23 06:00:00,144.4,143.78,143.78,20140300,20140600,20140600
2014-01-24 06:00:00,144.73,144.11,144.11,20140300,20140600,20140600
2014-01-27 06:00:00,144.65,144.03,144.03,20140300,20140600,20140600
2014-01-28 06:00:00,144.58,143.96,143.96,20140300,20140600,20140600
2014-01-29 06:00:00,144.6,143.98,143.98,20140300,20140600,20140600
2014-01-30 06:00:00,144.75,144.13,144.13,20140300,20140600,20140600
2014-01-31 06:00:00,144.77,144.15,144.15,20140300,20140600,20140600
2014-02-03 06:00:00,144.77,144.15,144.15,20140300,20140600,20140600
2014-02-04 06:00:00,144.72,144.1,144.1,20140300,20140600,20140600
2014-02-05 06:00:00,144.87,144.25,144.25,20140300,20140600,20140600
2014-02-06 06:00:00,144.77,144.15,144.15,20140300,20140600,20140600
2014-02-07 06:00:00,144.7,144.08,144.08,20140300,20140600,20140600
2014-02-10 06:00:00,144.85,144.23,144.23,20140300,20140600,20140600
2014-02-11 06:00:00,144.85,144.23,144.23,20140300,20140600,20140600
2014-02-12 06:00:00,144.81,144.19,144.19,20140300,20140600,20140600
2014-02-13 06:00:00,144.92,144.3,144.3,20140300,20140600,20140600
2014-02-14 06:00:00,144.94,144.32,144.32,20140300,20140600,20140600
2014-02-17 06:00:00,144.88,144.4,144.4,20140300,20140600,20140600
2014-02-18 06:00:00,144.94,144.46,144.46,20140300,20140600,20140600
2014-02-19 06:00:00,144.99,144.7,144.7,20140300,20140600,20140600
2014-02-20 06:00:00,145.15,144.86,144.86,20140300,20140600,20140600
2014-02-21 06:00:00,145.07,144.78,144.78,20140300,20140600,20140600
2014-02-24 06:00:00,145.08,144.77,144.77,20140300,20140600,20140600
2014-02-25 06:00:00,144.86,144.29,144.29,20140600,20140900,20140900
2014-02-26 06:00:00,144.84,144.27,144.27,20140600,20140900,20140900
2014-02-27 06:00:00,144.88,144.31,144.31,20140600,20140900,20140900
2014-02-28 06:00:00,144.85,144.28,144.28,20140600,20140900,20140900
2014-03-03 06:00:00,144.92,144.35,144.35,20140600,20140900,20140900
2014-03-04 06:00:00,144.91,144.34,144.34,20140600,20140900,20140900
2014-03-05 06:00:00,144.76,144.19,144.19,20140600,20140900,20140900
2014-03-06 06:00:00,144.79,144.22,144.22,20140600,20140900,20140900
2014-03-07 06:00:00,144.76,144.19,144.19,20140600,20140900,20140900
2014-03-10 05:00:00,144.76,144.19,144.19,20140600,20140900,20140900
2014-03-11 05:00:00,144.75,144.18,144.18,20140600,20140900,20140900
2014-03-12 05:00:00,144.79,144.22,144.22,20140600,20140900,20140900
2014-03-13 05:00:00,144.58,144.01,144.01,20140600,20140900,20140900
2014-03-14 05:00:00,144.75,144.18,144.18,20140600,20140900,20140900
2014-03-17 05:00:00,144.78,144.21,144.21,20140600,20140900,20140900
2014-03-18 05:00:00,144.88,144.31,144.31,20140600,20140900,20140900
2014-03-19 05:00:00,144.94,144.37,144.37,20140600,20140900,20140900
2014-03-20 05:00:00,145.0,144.43,144.43,20140600,20140900,20140900
2014-03-21 05:00:00,145.0,144.43,144.43,20140600,20140900,20140900
2014-03-24 05:00:00,144.92,144.35,144.35,20140600,20140900,20140900
2014-03-25 05:00:00,144.91,144.34,144.34,20140600,20140900,20140900
2014-03-26 05:00:00,144.71,144.14,144.14,20140600,20140900,20140900
2014-03-27 05:00:00,144.77,144.2,144.2,20140600,20140900,20140900
2014-03-28 05:00:00,144.77,144.2,144.2,20140600,20140900,20140900
2014-03-31 05:00:00,144.63,144.06,144.06,20140600,20140900,20140900
2014-04-01 05:00:00,144.63,144.06,144.06,20140600,20140900,20140900
2014-04-02 05:00:00,144.75,144.18,144.18,20140600,20140900,20140900
2014-04-03 05:00:00,144.54,143.97,143.97,20140600,20140900,20140900
2014-04-04 05:00:00,144.53,144.0,144.0,20140600,20140900,20140900
2014-04-07 05:00:00,144.91,144.38,144.38,20140600,20140900,20140900
2014-04-08 05:00:00,144.87,144.34,144.34,20140600,20140900,20140900
2014-04-09 05:00:00,144.89,144.36,144.36,20140600,20140900,20140900
2014-04-10 05:00:00,145.02,144.49,144.49,20140600,20140900,20140900
2014-04-11 05:00:00,145.01,144.48,144.48,20140600,20140900,20140900
2014-04-14 05:00:00,145.04,144.51,144.51,20140600,20140900,20140900
2014-04-15 05:00:00,145.09,144.56,144.56,20140600,20140900,20140900
2014-04-16 05:00:00,145.04,144.51,144.51,20140600,20140900,20140900
2014-04-17 05:00:00,145.07,144.54,144.54,20140600,20140900,20140900
2014-04-18 05:00:00,145.08,144.55,144.55,20140600,20140900,20140900
2014-04-21 05:00:00,145.03,144.5,144.5,20140600,20140900,20140900
2014-04-22 05:00:00,145.06,144.53,144.53,20140600,20140900,20140900
2014-04-23 05:00:00,144.96,144.43,144.43,20140600,20140900,20140900
2014-04-24 05:00:00,144.86,144.37,144.37,20140600,20140900,20140900
2014-04-25 05:00:00,144.88,144.39,144.39,20140600,20140900,20140900
2014-04-28 05:00:00,144.98,144.49,144.49,20140600,20140900,20140900
2014-04-29 05:00:00,144.94,144.49,144.49,20140600,20140900,20140900
2014-04-30 05:00:00,144.91,144.46,144.46,20140600,20140900,20140900
2014-05-01 05:00:00,144.98,144.53,144.53,20140600,20140900,20140900
2014-05-02 05:00:00,145.09,144.64,144.64,20140600,20140900,20140900
2014-05-05 05:00:00,145.09,144.64,144.64,20140600,20140900,20140900
2014-05-06 05:00:00,145.03,144.58,144.58,20140600,20140900,20140900
2014-05-07 05:00:00,145.22,144.77,144.77,20140600,20140900,20140900
2014-05-08 05:00:00,145.12,144.67,144.67,20140600,20140900,20140900
2014-05-09 05:00:00,145.13,144.68,144.68,20140600,20140900,20140900
2014-05-12 05:00:00,145.08,144.63,144.63,20140600,20140900,20140900
2014-05-13 05:00:00,145.08,144.73,144.73,20140600,20140900,20140900
2014-05-14 05:00:00,145.15,144.8,144.8,20140600,20140900,20140900
2014-05-15 05:00:00,145.24,144.89,144.89,20140600,20140900,20140900
2014-05-16 05:00:00,145.31,145.04,145.04,20140600,20140900,20140900
2014-05-19 05:00:00,145.24,144.97,144.97,20140600,20140900,20140900
2014-05-20 05:00:00,145.25,144.98,144.98,20140600,20140900,20140900
2014-05-21 05:00:00,145.19,144.92,144.92,20140600,20140900,20140900
2014-05-22 05:00:00,145.16,144.89,144.89,20140600,20140900,20140900
2014-05-23 05:00:00,145.25,144.96,144.96,20140600,20140900,20140900
2014-05-26 05:00:00,145.25,144.95,144.95,20140600,20140900,20140900
2014-05-27 05:00:00,145.25,144.95,144.95,20140600,20140900,20140900
2014-05-28 05:00:00,145.1,144.53,144.53,20140900,20141200,20141200
2014-05-29 05:00:00,145.17,144.6,144.6,20140900,20141200,20141200
2014-05-30 05:00:00,145.19,144.62,144.62,20140900,20141200,20141200
2014-06-02 05:00:00,145.12,144.55,144.55,20140900,20141200,20141200
2014-06-03 05:00:00,145.02,144.45,144.45,20140900,20141200,20141200
2014-06-04 05:00:00,145.04,144.47,144.47,20140900,20141200,20141200
2014-06-05 05:00:00,145.04,144.47,144.47,20140900,20141200,20141200
2014-06-06 05:00:00,145.25,144.68,144.68,20140900,20141200,20141200
2014-06-09 05:00:00,145.17,144.6,144.6,20140900,20141200,20141200
2014-06-10 05:00:00,145.23,144.66,144.66,20140900,20141200,20141200
2014-06-11 05:00:00,145.2,144.63,144.63,20140900,20141200,20141200
2014-06-12 05:00:00,145.2,144.63,144.63,20140900,20141200,20141200
2014-06-13 05:00:00,145.21,144.64,144.64,20140900,20141200,20141200
2014-06-16 05:00:00,145.2,144.63,144.63,20140900,20141200,20141200
2014-06-17 05:00:00,145.31,144.74,144.74,20140900,20141200,20141200
2014-06-18 05:00:00,145.24,144.67,144.67,20140900,20141200,20141200
2014-06-19 05:00:00,145.35,144.78,144.78,20140900,20141200,20141200
2014-06-20 05:00:00,145.4,144.83,144.83,20140900,20141200,20141200
2014-06-23 05:00:00,145.4,144.83,144.83,20140900,20141200,20141200
2014-06-24 05:00:00,145.45,144.88,144.88,20140900,20141200,20141200
2014-06-25 05:00:00,145.56,144.99,144.99,20140900,20141200,20141200
2014-06-26 05:00:00,145.64,145.07,145.07,20140900,20141200,20141200
2014-06-27 05:00:00,145.7,145.13,145.13,20140900,20141200,20141200
2014-06-30 05:00:00,145.64,145.07,145.07,20140900,20141200,20141200
2014-07-01 05:00:00,145.68,145.11,145.11,20140900,20141200,20141200
2014-07-02 05:00:00,145.65,145.08,145.08,20140900,20141200,20141200
2014-07-03 05:00:00,145.61,145.04,145.04,20140900,20141200,20141200
2014-07-04 05:00:00,145.56,144.99,144.99,20140900,20141200,20141200
2014-07-07 05:00:00,145.62,145.05,145.05,20140900,20141200,20141200
2014-07-08 05:00:00,145.75,145.18,145.18,20140900,20141200,20141200
2014-07-09 05:00:00,145.81,145.24,145.24,20140900,20141200,20141200
2014-07-10 05:00:00,145.89,145.32,145.32,20140900,20141200,20141200
2014-07-11 05:00:00,145.97,145.4,145.4,20140900,20141200,20141200
2014-07-14 05:00:00,145.88,145.31,145.31,20140900,20141200,20141200
2014-07-15 05:00:00,145.85,145.28,145.28,20140900,20141200,20141200
2014-07-16 05:00:00,145.86,145.29,145.29,20140900,20141200,20141200
2014-07-17 05:00:00,145.98,145.41,145.41,20140900,20141200,20141200
2014-07-18 05:00:00,145.78,145.21,145.21,20140900,20141200,20141200
2014-07-21 05:00:00,145.78,145.21,145.21,20140900,20141200,20141200
2014-07-22 05:00:00,145.85,145.28,145.28,20140900,20141200,20141200
2014-07-23 05:00:00,145.96,145.39,145.39,20140900,20141200,20141200
2014-07-24 05:00:00,145.98,145.41,145.41,20140900,20141200,20141200
2014-07-25 05:00:00,145.87,145.3,145.3,20140900,20141200,20141200
2014-07-28 05:00:00,145.95,145.38,145.38,20140900,20141200,20141200
2014-07-29 05:00:00,146.02,145.45,145.45,20140900,20141200,20141200
2014-07-30 05:00:00,146.01,145.44,145.44,20140900,20141200,20141200
2014-07-31 05:00:00,145.93,145.36,145.36,20140900,20141200,20141200
2014-08-01 05:00:00,145.93,145.36,145.36,20140900,20141200,20141200
2014-08-04 05:00:00,146.0,145.43,145.43,20140900,20141200,20141200
2014-08-05 05:00:00,146.07,145.5,145.5,20140900,20141200,20141200
2014-08-06 05:00:00,146.05,145.48,145.48,20140900,20141200,20141200
2014-08-07 05:00:00,145.97,145.42,145.42,20140900,20141200,20141200
2014-08-08 05:00:00,146.2,145.65,145.65,20140900,20141200,20141200
2014-08-11 05:00:00,146.1,145.55,145.55,20140900,20141200,20141200
2014-08-12 05:00:00,146.13,145.58,145.58,20140900,20141200,20141200
2014-08-13 05:00:00,146.1,145.55,145.55,20140900,20141200,20141200
2014-08-14 05:00:00,146.18,145.63,145.63,20140900,20141200,20141200
2014-08-15 05:00:00,146.19,145.7,145.7,20140900,20141200,20141200
2014-08-18 05:00:00,146.21,145.81,145.81,20140900,20141200,20141200
2014-08-19 05:00:00,146.22,145.81,145.81,20140900,20141200,20141200
2014-08-20 05:00:00,146.0,145.59,145.59,20140900,20141200,20141200
2014-08-21 05:00:00,145.9,145.51,145.51,20140900,20141200,20141200
2014-08-22 05:00:00,146.1,145.7,145.7,20140900,20141200,20141200
2014-08-25 05:00:00,146.09,145.7,145.7,20140900,20141200,20141200
2014-08-26 05:00:00,146.17,145.78,145.78,20140900,20141200,20141200
2014-08-27 05:00:00,146.27,145.89,145.89,20140900,20141200,20141200
2014-08-28 05:00:00,145.9,145.33,145.33,20141200,20150300,20150300
2014-08-29 05:00:00,145.82,145.25,145.25,20141200,20150300,20150300
2014-09-01 05:00:00,145.85,145.28,145.28,20141200,20150300,20150300
2014-09-02 05:00:00,145.72,145.15,145.15,20141200,20150300,20150300
2014-09-03 05:00:00,145.69,145.12,145.12,20141200,20150300,20150300
2014-09-04 05:00:00,145.76,145.19,145.19,20141200,20150300,20150300
2014-09-05 05:00:00,145.68,145.11,145.11,20141200,20150300,20150300
2014-09-08 05:00:00,145.79,145.22,145.22,20141200,20150300,20150300
2014-09-09 05:00:00,145.79,145.22,145.22,20141200,20150300,20150300
2014-09-10 05:00:00,145.53,144.96,144.96,20141200,20150300,20150300
2014-09-11 05:00:00,145.51,144.94,144.94,20141200,20150300,20150300
2014-09-12 05:00:00,145.39,144.82,144.82,20141200,20150300,20150300
2014-09-15 05:00:00,145.29,144.82,144.82,20141200,20150300,20150300
2014-09-16 05:00:00,145.38,144.91,144.91,20141200,20150300,20150300
2014-09-17 05:00:00,145.56,145.09,145.09,20141200,20150300,20150300
2014-09-18 05:00:00,145.45,144.98,144.98,20141200,20150300,20150300
2014-09-19 05:00:00,145.52,145.05,145.05,20141200,20150300,20150300
2014-09-22 05:00:00,145.72,145.25,145.25,20141200,20150300,20150300
2014-09-23 05:00:00,145.77,145.25,145.25,20141200,20150300,20150300
2014-09-24 05:00:00,145.85,145.33,145.33,20141200,20150300,20150300
2014-09-25 05:00:00,145.93,145.41,145.41,20141200,20150300,20150300
2014-09-26 05:00:00,145.88,145.36,145.36,20141200,20150300,20150300
2014-09-29 05:00:00,145.85,145.33,145.33,20141200,20150300,20150300
2014-09-30 05:00:00,145.81,145.29,145.29,20141200,20150300,20150300
2014-10-01 05:00:00,145.88,145.36,145.36,20141200,20150300,20150300
2014-10-02 05:00:00,145.92,145.4,145.4,20141200,20150300,20150300
2014-10-03 05:00:00,145.98,145.46,145.46,20141200,20150300,20150300
2014-10-06 05:00:00,145.97,145.45,145.45,20141200,20150300,20150300
2014-10-07 05:00:00,146.09,145.57,145.57,20141200,20150300,20150300
2014-10-08 05:00:00,146.18,145.66,145.66,20141200,20150300,20150300
2014-10-09 05:00:00,146.24,145.72,145.72,20141200,20150300,20150300
2014-10-10 05:00:00,146.13,145.61,145.61,20141200,20150300,20150300
2014-10-13 05:00:00,146.2,145.61,145.61,20141200,20150300,20150300
2014-10-14 05:00:00,146.19,145.6,145.6,20141200,20150300,20150300
2014-10-15 05:00:00,146.29,145.7,145.7,20141200,20150300,20150300
2014-10-16 05:00:00,146.31,145.72,145.72,20141200,20150300,20150300
2014-10-17 05:00:00,146.35,145.76,145.76,20141200,20150300,20150300
2014-10-20 05:00:00,146.31,145.72,145.72,20141200,20150300,20150300
2014-10-21 05:00:00,146.35,145.76,145.76,20141200,20150300,20150300
2014-10-22 05:00:00,146.33,145.74,145.74,20141200,20150300,20150300
2014-10-23 05:00:00,146.33,145.74,145.74,20141200,20150300,20150300
2014-10-24 05:00:00,146.46,145.87,145.87,20141200,20150300,20150300
2014-10-27 05:00:00,146.48,145.89,145.89,20141200,20150300,20150300
2014-10-28 05:00:00,146.57,145.98,145.98,20141200,20150300,20150300
2014-10-29 05:00:00,146.53,145.94,145.94,20141200,20150300,20150300
2014-10-30 05:00:00,146.55,145.96,145.96,20141200,20150300,20150300
2014-10-31 05:00:00,146.66,146.07,146.07,20141200,20150300,20150300
2014-11-03 06:00:00,146.67,146.07,146.07,20141200,20150300,20150300
2014-11-04 06:00:00,146.65,146.05,146.05,20141200,20150300,20150300
2014-11-05 06:00:00,146.65,146.05,146.05,20141200,20150300,20150300
2014-11-06 06:00:00,146.46,145.86,145.86,20141200,20150300,20150300
2014-11-07 06:00:00,146.38,145.8,145.8,20141200,20150300,20150300
2014-11-10 06:00:00,146.62,146.18,146.18,20141200,20150300,20150300
2014-11-11 06:00:00,146.13,145.69,145.69,20141200,20150300,20150300
2014-11-12 06:00:00,145.86,145.42,145.42,20141200,20150300,20150300
2014-11-13 06:00:00,146.11,145.67,145.67,20141200,20150300,20150300
2014-11-14 06:00:00,146.27,146.0,146.0,20141200,20150300,20150300
2014-11-17 06:00:00,146.19,146.0,146.0,20141200,20150300,20150300
2014-11-18 06:00:00,146.04,145.85,145.85,20141200,20150300,20150300
2014-11-19 06:00:00,146.28,146.09,146.09,20141200,20150300,20150300
2014-11-20 06:00:00,146.4,146.21,146.21,20141200,20150300,20150300
2014-11-21 06:00:00,146.5,146.29,146.29,20141200,20150300,20150300
2014-11-24 06:00:00,146.52,146.29,146.29,20141200,20150300,20150300
2014-11-25 06:00:00,146.57,146.35,146.35,20141200,20150300,20150300
2014-11-26 06:00:00,146.74,146.52,146.52,20141200,20150300,20150300
2014-11-27 06:00:00,146.67,146.1,146.1,20150300,20150600,20150600
2014-11-28 06:00:00,146.71,146.14,146.14,20150300,20150600,20150600
2014-12-01 06:00:00,146.6,146.03,146.03,20150300,20150600,20150600
2014-12-02 06:00:00,146.71,146.14,146.14,20150300,20150600,20150600
2014-12-03 06:00:00,146.92,146.35,146.35,20150300,20150600,20150600
2014-12-04 06:00:00,146.95,146.38,146.38,20150300,20150600,20150600
2014-12-05 06:00:00,147.06,146.49,146.49,20150300,20150600,20150600
2014-12-08 06:00:00,146.84,146.27,146.27,20150300,20150600,20150600
2014-12-09 06:00:00,147.12,146.55,146.55,20150300,20150600,20150600
2014-12-10 06:00:00,147.15,146.58,146.58,20150300,20150600,20150600
2014-12-11 06:00:00,147.21,146.64,146.64,20150300,20150600,20150600
2014-12-12 06:00:00,147.33,146.76,146.76,20150300,20150600,20150600
2014-12-15 06:00:00,147.39,146.82,146.82,20150300,20150600,20150600
2014-12-16 06:00:00,147.69,147.12,147.12,20150300,20150600,20150600
2014-12-17 06:00:00,147.57,147.0,147.0,20150300,20150600,20150600
2014-12-18 06:00:00,147.62,147.05,147.05,20150300,20150600,20150600
2014-12-19 06:00:00,147.53,146.96,146.96,20150300,20150600,20150600
2014-12-22 06:00:00,147.75,147.18,147.18,20150300,20150600,20150600
2014-12-23 06:00:00,147.68,147.18,147.18,20150300,20150600,20150600
2014-12-24 06:00:00,147.76,147.26,147.26,20150300,20150600,20150600
2014-12-25 06:00:00,147.83,147.33,147.33,20150300,20150600,20150600
2014-12-26 06:00:00,147.67,147.17,147.17,20150300,20150600,20150600
2014-12-29 06:00:00,147.81,147.31,147.31,20150300,20150600,20150600
2014-12-30 06:00:00,147.74,147.24,147.24,20150300,20150600,20150600
2014-12-31 06:00:00,147.84,147.24,147.24,20150300,20150600,20150600
2015-01-02 06:00:00,147.75,147.24,147.24,20150300,20150600,20150600
2015-01-05 06:00:00,147.91,147.4,147.4,20150300,20150600,20150600
2015-01-06 06:00:00,148.11,147.6,147.6,20150300,20150600,20150600
2015-01-07 06:00:00,147.99,147.48,147.48,20150300,20150600,20150600
2015-01-08 06:00:00,148.09,147.58,147.58,20150300,20150600,20150600
2015-01-09 06:00:00,148.25,147.74,147.74,20150300,20150600,20150600
2015-01-12 06:00:00,148.25,147.74,147.74,20150300,20150600,20150600
2015-01-13 06:00:00,148.32,147.81,147.81,20150300,20150600,20150600
2015-01-14 06:00:00,148.43,147.92,147.92,20150300,20150600,20150600
2015-01-15 06:00:00,148.37,147.86,147.86,20150300,20150600,20150600
2015-01-16 06:00:00,148.37,147.86,147.86,20150300,20150600,20150600
2015-01-19 06:00:00,148.65,148.14,148.14,20150300,20150600,20150600
2015-01-20 06:00:00,148.47,147.96,147.96,20150300,20150600,20150600
2015-01-21 06:00:00,148.2,147.69,147.69,20150300,20150600,20150600
2015-01-22 06:00:00,147.74,147.64,147.64,20150300,20150600,20150600
2015-01-23 06:00:00,148.58,148.48,148.48,20150300,20150600,20150600
2015-01-26 06:00:00,148.54,148.44,148.44,20150300,20150600,20150600
2015-01-27 06:00:00,148.15,148.05,148.05,20150300,20150600,20150600
2015-01-28 06:00:00,147.94,147.84,147.84,20150300,20150600,20150600
2015-01-29 06:00:00,147.96,147.86,147.86,20150300,20150600,20150600
2015-01-30 06:00:00,148.16,148.06,148.06,20150300,20150600,20150600
2015-02-02 06:00:00,148.04,147.94,147.94,20150300,20150600,20150600
2015-02-03 06:00:00,147.38,147.28,147.28,20150300,20150600,20150600
2015-02-04 06:00:00,147.31,147.21,147.21,20150300,20150600,20150600
2015-02-05 06:00:00,147.33,147.12,147.12,20150300,20150600,20150600
2015-02-06 06:00:00,147.59,147.38,147.38,20150300,20150600,20150600
2015-02-09 06:00:00,147.47,147.27,147.27,20150300,20150600,20150600
2015-02-10 06:00:00,147.11,146.91,146.91,20150300,20150600,20150600
2015-02-11 06:00:00,147.16,146.91,146.91,20150300,20150600,20150600
2015-02-12 06:00:00,147.11,146.86,146.86,20150300,20150600,20150600
2015-02-13 06:00:00,146.96,146.71,146.71,20150300,20150600,20150600
2015-02-16 06:00:00,146.8,146.55,146.55,20150300,20150600,20150600
2015-02-17 06:00:00,147.3,147.05,147.05,20150300,20150600,20150600
2015-02-18 06:00:00,146.98,146.73,146.73,20150300,20150600,20150600
2015-02-19 06:00:00,147.29,147.04,147.04,20150300,20150600,20150600
2015-02-20 06:00:00,147.38,147.09,147.09,20150300,20150600,20150600
2015-02-23 06:00:00,147.43,147.15,147.15,20150300,20150600,20150600
2015-02-24 06:00:00,147.5,147.23,147.23,20150300,20150600,20150600
2015-02-25 06:00:00,147.65,147.08,147.08,20150600,20150900,20150900
2015-02-26 06:00:00,147.65,147.08,147.08,20150600,20150900,20150900
2015-02-27 06:00:00,147.65,147.08,147.08,20150600,20150900,20150900
2015-03-02 06:00:00,147.62,147.05,147.05,20150600,20150900,20150900
2015-03-03 06:00:00,147.26,146.69,146.69,20150600,20150900,20150900
2015-03-04 06:00:00,147.34,146.77,146.77,20150600,20150900,20150900
2015-03-05 06:00:00,147.2,146.63,146.63,20150600,20150900,20150900
2015-03-06 06:00:00,147.36,146.79,146.79,20150600,20150900,20150900
2015-03-09 05:00:00,146.95,146.38,146.38,20150600,20150900,20150900
2015-03-10 05:00:00,146.66,146.09,146.09,20150600,20150900,20150900
2015-03-11 05:00:00,147.12,146.55,146.55,20150600,20150900,20150900
2015-03-12 05:00:00,147.44,146.87,146.87,20150600,20150900,20150900
2015-03-13 05:00:00,147.06,146.49,146.49,20150600,20150900,20150900
2015-03-16 05:00:00,147.1,146.53,146.53,20150600,20150900,20150900
2015-03-17 05:00:00,147.07,146.5,146.5,20150600,20150900,20150900
2015-03-18 05:00:00,147.52,146.95,146.95,20150600,20150900,20150900
2015-03-19 05:00:00,147.78,147.21,147.21,20150600,20150900,20150900
2015-03-20 05:00:00,147.95,147.38,147.38,20150600,20150900,20150900
2015-03-23 05:00:00,148.03,147.46,147.46,20150600,20150900,20150900
2015-03-24 05:00:00,148.03,147.46,147.46,20150600,20150900,20150900
2015-03-25 05:00:00,147.8,147.23,147.23,20150600,20150900,20150900
2015-03-26 05:00:00,147.88,147.31,147.31,20150600,20150900,20150900
2015-03-27 05:00:00,147.48,146.91,146.91,20150600,20150900,20150900
2015-03-30 05:00:00,147.5,146.93,146.93,20150600,20150900,20150900
2015-03-31 05:00:00,147.12,146.55,146.55,20150600,20150900,20150900
2015-04-01 05:00:00,147.41,146.84,146.84,20150600,20150900,20150900
2015-04-02 05:00:00,147.78,147.21,147.21,20150600,20150900,20150900
2015-04-03 05:00:00,147.68,147.11,147.11,20150600,20150900,20150900
2015-04-06 05:00:00,147.8,147.23,147.23,20150600,20150900,20150900
2015-04-07 05:00:00,147.67,147.1,147.1,20150600,20150900,20150900
2015-04-08 05:00:00,147.61,147.04,147.04,20150600,20150900,20150900
2015-04-09 05:00:00,147.58,147.01,147.01,20150600,20150900,20150900
2015-04-10 05:00:00,147.76,147.19,147.19,20150600,20150900,20150900
2015-04-13 05:00:00,147.69,147.12,147.12,20150600,20150900,20150900
2015-04-14 05:00:00,147.88,147.31,147.31,20150600,20150900,20150900
2015-04-15 05:00:00,147.82,147.24,147.24,20150600,20150900,20150900
2015-04-16 05:00:00,147.82,147.24,147.24,20150600,20150900,20150900
2015-04-17 05:00:00,148.03,147.45,147.45,20150600,20150900,20150900
2015-04-20 05:00:00,147.9,147.32,147.32,20150600,20150900,20150900
2015-04-21 05:00:00,147.93,147.35,147.35,20150600,20150900,20150900
2015-04-22 05:00:00,148.04,147.46,147.46,20150600,20150900,20150900
2015-04-23 05:00:00,147.95,147.37,147.37,20150600,20150900,20150900
2015-04-24 05:00:00,148.19,147.61,147.61,20150600,20150900,20150900
2015-04-27 05:00:00,148.09,147.51,147.51,20150600,20150900,20150900
2015-04-28 05:00:00,148.2,147.62,147.62,20150600,20150900,20150900
2015-04-29 05:00:00,148.07,147.62,147.62,20150600,20150900,20150900
2015-04-30 05:00:00,147.75,147.3,147.3,20150600,20150900,20150900
2015-05-01 05:00:00,147.55,147.1,147.1,20150600,20150900,20150900
2015-05-04 05:00:00,147.11,147.1,147.1,20150600,20150900,20150900
2015-05-05 05:00:00,146.78,147.1,147.1,20150600,20150900,20150900
2015-05-06 05:00:00,146.67,147.1,147.1,20150600,20150900,20150900
2015-05-07 05:00:00,146.65,147.08,147.08,20150600,20150900,20150900
2015-05-08 05:00:00,146.94,147.37,147.37,20150600,20150900,20150900
2015-05-11 05:00:00,147.19,147.62,147.62,20150600,20150900,20150900
2015-05-12 05:00:00,146.59,147.02,147.02,20150600,20150900,20150900
2015-05-13 05:00:00,146.71,147.14,147.14,20150600,20150900,20150900
2015-05-14 05:00:00,146.83,147.26,147.26,20150600,20150900,20150900
2015-05-15 05:00:00,147.29,147.02,147.02,20150600,20150900,20150900
2015-05-18 05:00:00,147.36,147.09,147.09,20150600,20150900,20150900
2015-05-19 05:00:00,147.48,147.21,147.21,20150600,20150900,20150900
2015-05-20 05:00:00,147.35,147.08,147.08,20150600,20150900,20150900
2015-05-21 05:00:00,147.26,146.97,146.97,20150600,20150900,20150900
2015-05-22 05:00:00,147.23,146.94,146.94,20150600,20150900,20150900
2015-05-25 05:00:00,147.14,146.85,146.85,20150600,20150900,20150900
2015-05-26 05:00:00,147.27,146.97,146.97,20150600,20150900,20150900
2015-05-27 05:00:00,147.64,147.35,147.35,20150600,20150900,20150900
2015-05-28 05:00:00,147.29,146.73,146.73,20150900,20151200,20151200
2015-05-29 05:00:00,147.31,146.75,146.75,20150900,20151200,20151200
2015-06-01 05:00:00,147.19,146.63,146.63,20150900,20151200,20151200
2015-06-02 05:00:00,147.01,146.45,146.45,20150900,20151200,20151200
2015-06-03 05:00:00,146.91,146.35,146.35,20150900,20151200,20151200
2015-06-04 05:00:00,146.46,145.9,145.9,20150900,20151200,20151200
2015-06-05 05:00:00,146.69,146.13,146.13,20150900,20151200,20151200
2015-06-08 05:00:00,146.62,146.06,146.06,20150900,20151200,20151200
2015-06-09 05:00:00,146.87,146.31,146.31,20150900,20151200,20151200
2015-06-10 05:00:00,146.09,145.53,145.53,20150900,20151200,20151200
2015-06-11 05:00:00,145.94,145.38,145.38,20150900,20151200,20151200
2015-06-12 05:00:00,146.18,145.62,145.62,20150900,20151200,20151200
2015-06-15 05:00:00,146.32,145.76,145.76,20150900,20151200,20151200
2015-06-16 05:00:00,146.42,145.86,145.86,20150900,20151200,20151200
2015-06-17 05:00:00,146.61,146.05,146.05,20150900,20151200,20151200
2015-06-18 05:00:00,147.09,146.53,146.53,20150900,20151200,20151200
2015-06-19 05:00:00,147.17,146.61,146.61,20150900,20151200,20151200
2015-06-22 05:00:00,147.14,146.58,146.58,20150900,20151200,20151200
2015-06-23 05:00:00,146.85,146.29,146.29,20150900,20151200,20151200
2015-06-24 05:00:00,146.85,146.29,146.29,20150900,20151200,20151200
2015-06-25 05:00:00,146.67,146.11,146.11,20150900,20151200,20151200
2015-06-26 05:00:00,146.81,146.25,146.25,20150900,20151200,20151200
2015-06-29 05:00:00,147.02,146.46,146.46,20150900,20151200,20151200
2015-06-30 05:00:00,146.94,146.38,146.38,20150900,20151200,20151200
2015-07-01 05:00:00,146.66,146.1,146.1,20150900,20151200,20151200
2015-07-02 05:00:00,146.17,145.61,145.61,20150900,20151200,20151200
2015-07-03 05:00:00,146.61,146.05,146.05,20150900,20151200,20151200
2015-07-06 05:00:00,146.81,146.25,146.25,20150900,20151200,20151200
2015-07-07 05:00:00,146.98,146.42,146.42,20150900,20151200,20151200
2015-07-08 05:00:00,147.4,146.84,146.84,20150900,20151200,20151200
2015-07-09 05:00:00,147.17,146.61,146.61,20150900,20151200,20151200
2015-07-10 05:00:00,147.18,146.62,146.62,20150900,20151200,20151200
2015-07-13 05:00:00,147.0,146.44,146.44,20150900,20151200,20151200
2015-07-14 05:00:00,146.96,146.4,146.4,20150900,20151200,20151200
2015-07-15 05:00:00,147.0,146.44,146.44,20150900,20151200,20151200
2015-07-16 05:00:00,147.12,146.56,146.56,20150900,20151200,20151200
2015-07-17 05:00:00,147.33,146.77,146.77,20150900,20151200,20151200
2015-07-20 05:00:00,147.35,146.77,146.77,20150900,20151200,20151200
2015-07-21 05:00:00,147.42,146.84,146.84,20150900,20151200,20151200
2015-07-22 05:00:00,147.46,146.88,146.88,20150900,20151200,20151200
2015-07-23 05:00:00,147.48,146.9,146.9,20150900,20151200,20151200
2015-07-24 05:00:00,147.49,146.91,146.91,20150900,20151200,20151200
2015-07-27 05:00:00,147.5,146.92,146.92,20150900,20151200,20151200
2015-07-28 05:00:00,147.49,146.91,146.91,20150900,20151200,20151200
2015-07-29 05:00:00,147.6,147.02,147.02,20150900,20151200,20151200
2015-07-30 05:00:00,147.47,146.91,146.91,20150900,20151200,20151200
2015-07-31 05:00:00,147.56,147.0,147.0,20150900,20151200,20151200
2015-08-03 05:00:00,147.57,147.01,147.01,20150900,20151200,20151200
2015-08-04 05:00:00,147.79,147.23,147.23,20150900,20151200,20151200
2015-08-05 05:00:00,147.68,147.12,147.12,20150900,20151200,20151200
2015-08-06 05:00:00,147.47,146.91,146.91,20150900,20151200,20151200
2015-08-07 05:00:00,147.51,146.95,146.95,20150900,20151200,20151200
2015-08-10 05:00:00,147.6,147.04,147.04,20150900,20151200,20151200
2015-08-11 05:00:00,147.8,147.24,147.24,20150900,20151200,20151200
2015-08-12 05:00:00,147.96,147.4,147.4,20150900,20151200,20151200
2015-08-13 05:00:00,147.85,147.29,147.29,20150900,20151200,20151200
2015-08-14 05:00:00,147.87,147.31,147.31,20150900,20151200,20151200
2015-08-17 05:00:00,147.72,147.16,147.16,20150900,20151200,20151200
2015-08-18 05:00:00,147.95,147.39,147.39,20150900,20151200,20151200
2015-08-19 05:00:00,147.95,147.39,147.39,20150900,20151200,20151200
2015-08-20 05:00:00,148.07,147.51,147.51,20150900,20151200,20151200
2015-08-21 05:00:00,147.93,147.37,147.37,20150900,20151200,20151200
2015-08-24 05:00:00,148.06,147.5,147.5,20150900,20151200,20151200
2015-08-25 05:00:00,147.91,147.55,147.55,20150900,20151200,20151200
2015-08-26 05:00:00,148.01,147.64,147.64,20150900,20151200,20151200
2015-08-27 05:00:00,147.88,147.52,147.52,20150900,20151200,20151200
2015-08-28 05:00:00,147.54,146.98,146.98,20151200,20160300,20160300
2015-08-31 05:00:00,147.53,146.97,146.97,20151200,20160300,20160300
2015-09-01 05:00:00,147.69,147.13,147.13,20151200,20160300,20160300
2015-09-02 05:00:00,147.6,147.04,147.04,20151200,20160300,20160300
2015-09-03 05:00:00,147.57,147.01,147.01,20151200,20160300,20160300
2015-09-04 05:00:00,147.84,147.28,147.28,20151200,20160300,20160300
2015-09-07 05:00:00,147.83,147.27,147.27,20151200,20160300,20160300
2015-09-08 05:00:00,147.9,147.34,147.34,20151200,20160300,20160300
2015-09-09 05:00:00,147.93,147.37,147.37,20151200,20160300,20160300
2015-09-10 05:00:00,148.07,147.51,147.51,20151200,20160300,20160300
2015-09-11 05:00:00,148.18,147.62,147.62,20151200,20160300,20160300
2015-09-14 05:00:00,148.02,147.46,147.46,20151200,20160300,20160300
2015-09-15 05:00:00,147.91,147.35,147.35,20151200,20160300,20160300
2015-09-16 05:00:00,147.96,147.4,147.4,20151200,20160300,20160300
2015-09-17 05:00:00,147.95,147.39,147.39,20151200,20160300,20160300
2015-09-18 05:00:00,148.26,147.7,147.7,20151200,20160300,20160300
2015-09-21 05:00:00,148.4,147.84,147.84,20151200,20160300,20160300
2015-09-22 05:00:00,148.32,147.76,147.76,20151200,20160300,20160300
2015-09-23 05:00:00,148.32,147.76,147.76,20151200,20160300,20160300
2015-09-24 05:00:00,148.29,147.73,147.73,20151200,20160300,20160300
2015-09-25 05:00:00,148.29,147.73,147.73,20151200,20160300,20160300
2015-09-28 05:00:00,148.15,147.59,147.59,20151200,20160300,20160300
2015-09-29 05:00:00,148.22,147.66,147.66,20151200,20160300,20160300
2015-09-30 05:00:00,148.2,147.64,147.64,20151200,20160300,20160300
2015-10-01 05:00:00,148.38,147.82,147.82,20151200,20160300,20160300
2015-10-02 05:00:00,148.37,147.81,147.81,20151200,20160300,20160300
2015-10-05 05:00:00,148.42,147.86,147.86,20151200,20160300,20160300
2015-10-06 05:00:00,148.34,147.78,147.78,20151200,20160300,20160300
2015-10-07 05:00:00,148.2,147.64,147.64,20151200,20160300,20160300
2015-10-08 05:00:00,148.26,147.7,147.7,20151200,20160300,20160300
2015-10-09 05:00:00,148.3,147.74,147.74,20151200,20160300,20160300
2015-10-12 05:00:00,148.26,147.7,147.7,20151200,20160300,20160300
2015-10-13 05:00:00,148.33,147.77,147.77,20151200,20160300,20160300
2015-10-14 05:00:00,148.42,147.86,147.86,20151200,20160300,20160300
2015-10-15 05:00:00,148.36,147.8,147.8,20151200,20160300,20160300
2015-10-16 05:00:00,148.31,147.75,147.75,20151200,20160300,20160300
2015-10-19 05:00:00,148.26,147.7,147.7,20151200,20160300,20160300
2015-10-20 05:00:00,148.38,147.82,147.82,20151200,20160300,20160300
2015-10-21 05:00:00,148.42,147.86,147.86,20151200,20160300,20160300
2015-10-22 05:00:00,148.45,147.89,147.89,20151200,20160300,20160300
2015-10-23 05:00:00,148.49,147.93,147.93,20151200,20160300,20160300
2015-10-26 05:00:00,148.43,147.87,147.87,20151200,20160300,20160300
2015-10-27 05:00:00,148.53,147.97,147.97,20151200,20160300,20160300
2015-10-28 05:00:00,148.65,148.09,148.09,20151200,20160300,20160300
2015-10-29 05:00:00,148.66,148.1,148.1,20151200,20160300,20160300
2015-10-30 05:00:00,148.54,147.98,147.98,20151200,20160300,20160300
2015-11-02 06:00:00,148.44,147.88,147.88,20151200,20160300,20160300
2015-11-03 06:00:00,148.5,147.94,147.94,20151200,20160300,20160300
2015-11-04 06:00:00,148.38,147.82,147.82,20151200,20160300,20160300
2015-11-05 06:00:00,148.4,147.84,147.84,20151200,20160300,20160300
2015-11-06 06:00:00,148.38,147.82,147.82,20151200,20160300,20160300
2015-11-09 06:00:00,148.25,147.69,147.69,20151200,20160300,20160300
2015-11-10 06:00:00,148.42,148.5,148.5,20151200,20160300,20160300
2015-11-11 06:00:00,148.37,148.45,148.45,20151200,20160300,20160300
2015-11-12 06:00:00,148.49,148.65,148.65,20151200,20160300,20160300
2015-11-13 06:00:00,148.5,148.66,148.66,20151200,20160300,20160300
2015-11-16 06:00:00,148.5,148.66,148.66,20151200,20160300,20160300
2015-11-17 06:00:00,148.57,148.67,148.67,20151200,20160300,20160300
2015-11-18 06:00:00,148.54,148.64,148.64,20151200,20160300,20160300
2015-11-19 06:00:00,148.56,148.68,148.68,20151200,20160300,20160300
2015-11-20 06:00:00,148.43,148.55,148.55,20151200,20160300,20160300
2015-11-23 06:00:00,148.28,148.4,148.4,20151200,20160300,20160300
2015-11-24 06:00:00,148.41,148.51,148.51,20151200,20160300,20160300
2015-11-25 06:00:00,148.53,148.65,148.65,20151200,20160300,20160300
2015-11-26 06:00:00,148.6,148.72,148.72,20151200,20160300,20160300
2015-11-27 06:00:00,148.68,148.12,148.12,20160300,20160600,20160600
2015-11-30 06:00:00,148.61,148.05,148.05,20160300,20160600,20160600
2015-12-01 06:00:00,148.65,148.09,148.09,20160300,20160600,20160600
2015-12-02 06:00:00,148.71,148.15,148.15,20160300,20160600,20160600
2015-12-03 06:00:00,148.69,148.13,148.13,20160300,20160600,20160600
2015-12-04 06:00:00,148.52,147.96,147.96,20160300,20160600,20160600
2015-12-07 06:00:00,148.53,147.97,147.97,20160300,20160600,20160600
2015-12-08 06:00:00,148.68,148.12,148.12,20160300,20160600,20160600
2015-12-09 06:00:00,148.71,148.15,148.15,20160300,20160600,20160600
2015-12-10 06:00:00,148.74,148.18,148.18,20160300,20160600,20160600
2015-12-11 06:00:00,148.7,148.14,148.14,20160300,20160600,20160600
2015-12-14 06:00:00,148.81,148.25,148.25,20160300,20160600,20160600
2015-12-15 06:00:00,148.84,148.28,148.28,20160300,20160600,20160600
2015-12-16 06:00:00,148.83,148.27,148.27,20160300,20160600,20160600
2015-12-17 06:00:00,148.89,148.33,148.33,20160300,20160600,20160600
2015-12-18 06:00:00,149.04,148.48,148.48,20160300,20160600,20160600
2015-12-21 06:00:00,149.0,148.44,148.44,20160300,20160600,20160600
2015-12-22 06:00:00,148.96,148.4,148.4,20160300,20160600,20160600
2015-12-23 06:00:00,148.96,148.4,148.4,20160300,20160600,20160600
2015-12-24 06:00:00,148.91,148.35,148.35,20160300,20160600,20160600
2015-12-25 06:00:00,148.94,148.38,148.38,20160300,20160600,20160600
2015-12-28 06:00:00,149.02,148.46,148.46,20160300,20160600,20160600
2015-12-29 06:00:00,149.07,148.51,148.51,20160300,20160600,20160600
2015-12-30 06:00:00,149.03,148.47,148.47,20160300,20160600,20160600
2015-12-31 06:00:00,149.06,148.5,148.5,20160300,20160600,20160600
2016-01-04 06:00:00,149.14,148.58,148.58,20160300,20160600,20160600
2016-01-05 06:00:00,149.12,148.56,148.56,20160300,20160600,20160600
2016-01-06 06:00:00,149.21,148.65,148.65,20160300,20160600,20160600
2016-01-07 06:00:00,149.28,148.72,148.72,20160300,20160600,20160600
2016-01-08 06:00:00,149.3,148.74,148.74,20160300,20160600,20160600
2016-01-11 06:00:00,149.34,148.74,148.74,20160300,20160600,20160600
2016-01-12 06:00:00,149.38,148.78,148.78,20160300,20160600,20160600
2016-01-13 06:00:00,149.49,148.89,148.89,20160300,20160600,20160600
2016-01-14 06:00:00,149.41,148.81,148.81,20160300,20160600,20160600
2016-01-15 06:00:00,149.56,148.96,148.96,20160300,20160600,20160600
2016-01-18 06:00:00,149.65,149.05,149.05,20160300,20160600,20160600
2016-01-19 06:00:00,149.54,148.94,148.94,20160300,20160600,20160600
2016-01-20 06:00:00,149.63,149.03,149.03,20160300,20160600,20160600
2016-01-21 06:00:00,149.5,148.9,148.9,20160300,20160600,20160600
2016-01-22 06:00:00,149.47,148.87,148.87,20160300,20160600,20160600
2016-01-25 06:00:00,149.54,148.94,148.94,20160300,20160600,20160600
2016-01-26 06:00:00,149.57,148.97,148.97,20160300,20160600,20160600
2016-01-27 06:00:00,149.61,149.01,149.01,20160300,20160600,20160600
2016-01-28 06:00:00,149.59,148.99,148.99,20160300,20160600,20160600
2016-01-29 06:00:00,150.47,149.87,149.87,20160300,20160600,20160600
2016-02-01 06:00:00,150.54,149.94,149.94,20160300,20160600,20160600
2016-02-02 06:00:00,150.59,149.99,149.99,20160300,20160600,20160600
2016-02-03 06:00:00,150.62,150.02,150.02,20160300,20160600,20160600
2016-02-04 06:00:00,151.02,150.42,150.42,20160300,20160600,20160600
2016-02-05 06:00:00,151.61,151.01,151.01,20160300,20160600,20160600
2016-02-08 06:00:00,151.36,150.76,150.76,20160300,20160600,20160600
2016-02-09 06:00:00,152.15,151.55,151.55,20160300,20160600,20160600
2016-02-10 06:00:00,151.7,151.1,151.1,20160300,20160600,20160600
2016-02-11 06:00:00,152.27,151.67,151.67,20160300,20160600,20160600
2016-02-12 06:00:00,151.22,150.62,150.62,20160300,20160600,20160600
2016-02-15 06:00:00,151.05,150.45,150.45,20160300,20160600,20160600
2016-02-16 06:00:00,151.38,150.78,150.78,20160300,20160600,20160600
2016-02-17 06:00:00,151.21,150.61,150.61,20160300,20160600,20160600
2016-02-18 06:00:00,151.45,150.85,150.85,20160300,20160600,20160600
2016-02-19 06:00:00,151.5,150.9,150.9,20160300,20160600,20160600
2016-02-22 06:00:00,151.63,151.03,151.03,20160300,20160600,20160600
2016-02-23 06:00:00,151.55,150.95,150.95,20160300,20160600,20160600
2016-02-24 06:00:00,151.98,151.38,151.38,20160300,20160600,20160600
2016-02-25 06:00:00,152.05,151.45,151.45,20160300,20160600,20160600
2016-02-26 06:00:00,151.57,151.01,151.01,20160600,20160900,20160900
2016-02-29 06:00:00,151.61,151.05,151.05,20160600,20160900,20160900
2016-03-01 06:00:00,151.62,151.06,151.06,20160600,20160900,20160900
2016-03-02 06:00:00,151.36,150.8,150.8,20160600,20160900,20160900
2016-03-03 06:00:00,151.21,150.65,150.65,20160600,20160900,20160900
2016-03-04 06:00:00,151.45,150.89,150.89,20160600,20160900,20160900
2016-03-07 06:00:00,151.48,150.92,150.92,20160600,20160900,20160900
2016-03-08 06:00:00,151.82,151.26,151.26,20160600,20160900,20160900
2016-03-09 06:00:00,151.17,150.61,150.61,20160600,20160900,20160900
2016-03-10 06:00:00,151.15,150.59,150.59,20160600,20160900,20160900
2016-03-11 06:00:00,150.99,150.43,150.43,20160600,20160900,20160900
2016-03-14 05:00:00,151.16,150.6,150.6,20160600,20160900,20160900
2016-03-15 05:00:00,150.87,150.31,150.31,20160600,20160900,20160900
2016-03-16 05:00:00,151.28,150.72,150.72,20160600,20160900,20160900
2016-03-17 05:00:00,151.32,150.76,150.76,20160600,20160900,20160900
2016-03-18 05:00:00,151.66,151.1,151.1,20160600,20160900,20160900
2016-03-21 05:00:00,151.76,151.2,151.2,20160600,20160900,20160900
2016-03-22 05:00:00,151.72,151.16,151.16,20160600,20160900,20160900
2016-03-23 05:00:00,151.85,151.29,151.29,20160600,20160900,20160900
2016-03-24 05:00:00,151.9,151.34,151.34,20160600,20160900,20160900
2016-03-25 05:00:00,151.88,151.32,151.32,20160600,20160900,20160900
2016-03-28 05:00:00,151.85,151.29,151.29,20160600,20160900,20160900
2016-03-29 05:00:00,151.83,151.27,151.27,20160600,20160900,20160900
2016-03-30 05:00:00,151.85,151.29,151.29,20160600,20160900,20160900
2016-03-31 05:00:00,151.49,150.93,150.93,20160600,20160900,20160900
2016-04-01 05:00:00,151.52,150.96,150.96,20160600,20160900,20160900
2016-04-04 05:00:00,151.64,151.08,151.08,20160600,20160900,20160900
2016-04-05 05:00:00,151.56,151.0,151.0,20160600,20160900,20160900
2016-04-06 05:00:00,151.47,150.91,150.91,20160600,20160900,20160900
2016-04-07 05:00:00,151.43,150.87,150.87,20160600,20160900,20160900
2016-04-08 05:00:00,151.68,151.12,151.12,20160600,20160900,20160900
2016-04-11 05:00:00,151.63,151.07,151.07,20160600,20160900,20160900
2016-04-12 05:00:00,151.74,151.18,151.18,20160600,20160900,20160900
2016-04-13 05:00:00,151.66,151.1,151.1,20160600,20160900,20160900
2016-04-14 05:00:00,151.68,151.12,151.12,20160600,20160900,20160900
2016-04-15 05:00:00,151.94,151.38,151.38,20160600,20160900,20160900
2016-04-18 05:00:00,151.89,151.33,151.33,20160600,20160900,20160900
2016-04-19 05:00:00,151.99,151.43,151.43,20160600,20160900,20160900
2016-04-20 05:00:00,152.08,151.52,151.52,20160600,20160900,20160900
2016-04-21 05:00:00,151.85,151.29,151.29,20160600,20160900,20160900
2016-04-22 05:00:00,152.05,151.49,151.49,20160600,20160900,20160900
2016-04-25 05:00:00,151.55,150.99,150.99,20160600,20160900,20160900
2016-04-26 05:00:00,151.85,151.29,151.29,20160600,20160900,20160900
2016-04-27 05:00:00,151.35,150.79,150.79,20160600,20160900,20160900
2016-04-28 05:00:00,151.5,150.94,150.94,20160600,20160900,20160900
2016-04-29 05:00:00,151.65,150.94,150.94,20160600,20160900,20160900
2016-05-02 05:00:00,151.79,151.08,151.08,20160600,20160900,20160900
2016-05-03 05:00:00,151.73,151.02,151.02,20160600,20160900,20160900
2016-05-04 05:00:00,151.8,151.08,151.08,20160600,20160900,20160900
2016-05-05 05:00:00,151.78,151.08,151.08,20160600,20160900,20160900
2016-05-06 05:00:00,151.92,151.22,151.22,20160600,20160900,20160900
2016-05-09 05:00:00,151.83,151.13,151.13,20160600,20160900,20160900
2016-05-10 05:00:00,151.84,151.14,151.14,20160600,20160900,20160900
2016-05-11 05:00:00,151.89,151.19,151.19,20160600,20160900,20160900
2016-05-12 05:00:00,151.98,151.28,151.28,20160600,20160900,20160900
2016-05-13 05:00:00,151.95,151.25,151.25,20160600,20160900,20160900
2016-05-16 05:00:00,151.94,151.25,151.25,20160600,20160900,20160900
2016-05-17 05:00:00,151.9,151.21,151.21,20160600,20160900,20160900
2016-05-18 05:00:00,151.82,151.5,151.5,20160600,20160900,20160900
2016-05-19 05:00:00,151.49,151.17,151.17,20160600,20160900,20160900
2016-05-20 05:00:00,151.8,151.7,151.7,20160600,20160900,20160900
2016-05-23 05:00:00,151.75,151.65,151.65,20160600,20160900,20160900
2016-05-24 05:00:00,151.77,151.67,151.67,20160600,20160900,20160900
2016-05-25 05:00:00,151.69,151.61,151.61,20160600,20160900,20160900
2016-05-26 05:00:00,151.92,151.84,151.84,20160600,20160900,20160900
2016-05-27 05:00:00,152.05,151.97,151.97,20160600,20160900,20160900
2016-05-30 05:00:00,151.94,151.94,151.94,20160900,20161200,20161200
2016-05-31 05:00:00,151.81,151.81,151.81,20160900,20161200,20161200
2016-06-01 05:00:00,151.94,151.94,151.94,20160900,20161200,20161200
2016-06-02 05:00:00,151.86,151.86,151.86,20160900,20161200,20161200
2016-06-03 05:00:00,151.88,151.88,151.88,20160900,20161200,20161200
2016-06-06 05:00:00,152.06,152.06,152.06,20160900,20161200,20161200
2016-06-07 05:00:00,151.98,151.98,151.98,20160900,20161200,20161200
2016-06-08 05:00:00,151.92,151.92,151.92,20160900,20161200,20161200
2016-06-09 05:00:00,152.12,152.12,152.12,20160900,20161200,20161200
2016-06-10 05:00:00,152.38,152.38,152.38,20160900,20161200,20161200
2016-06-13 05:00:00,152.37,152.37,152.37,20160900,20161200,20161200
2016-06-14 05:00:00,152.52,152.52,152.52,20160900,20161200,20161200
2016-06-15 05:00:00,152.73,152.73,152.73,20160900,20161200,20161200
2016-06-16 05:00:00,152.66,152.66,152.66,20160900,20161200,20161200
2016-06-17 05:00:00,152.27,152.27,152.27,20160900,20161200,20161200
2016-06-20 05:00:00,152.21,152.21,152.21,20160900,20161200,20161200
2016-06-21 05:00:00,152.17,152.17,152.17,20160900,20161200,20161200
2016-06-22 05:00:00,152.11,152.11,152.11,20160900,20161200,20161200
2016-06-23 05:00:00,152.15,152.15,152.15,20160900,20161200,20161200
2016-06-24 05:00:00,152.44,152.44,152.44,20160900,20161200,20161200
2016-06-27 05:00:00,152.64,152.64,152.64,20160900,20161200,20161200
2016-06-28 05:00:00,152.86,152.86,152.86,20160900,20161200,20161200
2016-06-29 05:00:00,152.97,152.97,152.97,20160900,20161200,20161200
2016-06-30 05:00:00,152.83,152.83,152.83,20160900,20161200,20161200
2016-07-01 05:00:00,153.4,153.4,153.4,20160900,20161200,20161200
2016-07-04 05:00:00,153.33,153.33,153.33,20160900,20161200,20161200
2016-07-05 05:00:00,153.36,153.36,153.36,20160900,20161200,20161200
2016-07-06 05:00:00,153.5,153.5,153.5,20160900,20161200,20161200
2016-07-07 05:00:00,153.57,153.57,153.57,20160900,20161200,20161200
2016-07-08 05:00:00,153.68,153.68,153.68,20160900,20161200,20161200
2016-07-11 05:00:00,153.56,153.56,153.56,20160900,20161200,20161200
2016-07-12 05:00:00,153.64,153.64,153.64,20160900,20161200,20161200
2016-07-13 05:00:00,153.62,153.62,153.62,20160900,20161200,20161200
2016-07-14 05:00:00,153.47,153.47,153.47,20160900,20161200,20161200
2016-07-15 05:00:00,153.05,153.1,153.1,20160900,20161200,20161200
2016-07-18 05:00:00,152.76,152.9,152.9,20160900,20161200,20161200
2016-07-19 05:00:00,153.1,153.24,153.24,20160900,20161200,20161200
2016-07-20 05:00:00,153.24,153.38,153.38,20160900,20161200,20161200
2016-07-21 05:00:00,153.17,153.31,153.31,20160900,20161200,20161200
2016-07-22 05:00:00,153.18,153.32,153.32,20160900,20161200,20161200
2016-07-25 05:00:00,153.36,153.5,153.5,20160900,20161200,20161200
2016-07-26 05:00:00,153.58,153.72,153.72,20160900,20161200,20161200
2016-07-27 05:00:00,153.94,154.08,154.08,20160900,20161200,20161200
2016-07-28 05:00:00,153.75,153.89,153.89,20160900,20161200,20161200
2016-07-29 05:00:00,152.78,152.92,152.92,20160900,20161200,20161200
2016-08-01 05:00:00,152.3,152.44,152.44,20160900,20161200,20161200
2016-08-02 05:00:00,151.65,151.79,151.79,20160900,20161200,20161200
2016-08-03 05:00:00,151.61,151.75,151.75,20160900,20161200,20161200
2016-08-04 05:00:00,151.42,151.56,151.56,20160900,20161200,20161200
2016-08-05 05:00:00,151.66,151.8,151.8,20160900,20161200,20161200
2016-08-08 05:00:00,151.17,151.31,151.31,20160900,20161200,20161200
2016-08-09 05:00:00,151.57,151.73,151.73,20160900,20161200,20161200
2016-08-10 05:00:00,151.65,151.81,151.81,20160900,20161200,20161200
2016-08-11 05:00:00,151.66,151.81,151.81,20160900,20161200,20161200
2016-08-12 05:00:00,151.59,151.83,151.83,20160900,20161200,20161200
2016-08-15 05:00:00,151.35,151.59,151.59,20160900,20161200,20161200
2016-08-16 05:00:00,151.56,151.78,151.78,20160900,20161200,20161200
2016-08-17 05:00:00,151.32,151.54,151.54,20160900,20161200,20161200
2016-08-18 05:00:00,151.39,151.71,151.71,20160900,20161200,20161200
2016-08-19 05:00:00,151.44,151.76,151.76,20160900,20161200,20161200
2016-08-22 05:00:00,151.3,151.62,151.62,20160900,20161200,20161200
2016-08-23 05:00:00,151.57,151.87,151.87,20160900,20161200,20161200
2016-08-24 05:00:00,151.41,151.71,151.71,20160900,20161200,20161200
2016-08-25 05:00:00,151.55,151.85,151.85,20160900,20161200,20161200
2016-08-26 05:00:00,151.41,151.71,151.71,20160900,20161200,20161200
2016-08-29 05:00:00,151.73,151.65,151.65,20161200,20170300,20170300
2016-08-30 05:00:00,151.82,151.74,151.74,20161200,20170300,20170300
2016-08-31 05:00:00,151.69,151.61,151.61,20161200,20170300,20170300
2016-09-01 05:00:00,151.41,151.33,151.33,20161200,20170300,20170300
2016-09-02 05:00:00,151.37,151.29,151.29,20161200,20170300,20170300
2016-09-05 05:00:00,151.38,151.3,151.3,20161200,20170300,20170300
2016-09-06 05:00:00,151.45,151.37,151.37,20161200,20170300,20170300
2016-09-07 05:00:00,151.71,151.63,151.63,20161200,20170300,20170300
2016-09-08 05:00:00,151.6,151.52,151.52,20161200,20170300,20170300
2016-09-09 05:00:00,151.55,151.47,151.47,20161200,20170300,20170300
2016-09-12 05:00:00,151.37,151.29,151.29,20161200,20170300,20170300
2016-09-13 05:00:00,151.54,151.46,151.46,20161200,20170300,20170300
2016-09-14 05:00:00,151.61,151.53,151.53,20161200,20170300,20170300
2016-09-15 05:00:00,151.75,151.67,151.67,20161200,20170300,20170300
2016-09-16 05:00:00,151.79,151.71,151.71,20161200,20170300,20170300
2016-09-19 05:00:00,151.9,151.82,151.82,20161200,20170300,20170300
2016-09-20 05:00:00,152.08,152.0,152.0,20161200,20170300,20170300
2016-09-21 05:00:00,151.57,151.49,151.49,20161200,20170300,20170300
2016-09-22 05:00:00,151.69,151.61,151.61,20161200,20170300,20170300
2016-09-23 05:00:00,151.78,151.7,151.7,20161200,20170300,20170300
2016-09-26 05:00:00,151.94,151.86,151.86,20161200,20170300,20170300
2016-09-27 05:00:00,152.2,152.12,152.12,20161200,20170300,20170300
2016-09-28 05:00:00,152.33,152.25,152.25,20161200,20170300,20170300
2016-09-29 05:00:00,152.33,152.25,152.25,20161200,20170300,20170300
2016-09-30 05:00:00,152.32,152.24,152.24,20161200,20170300,20170300
2016-10-03 05:00:00,152.16,152.08,152.08,20161200,20170300,20170300
2016-10-04 05:00:00,152.13,152.05,152.05,20161200,20170300,20170300
2016-10-05 05:00:00,152.06,151.98,151.98,20161200,20170300,20170300
2016-10-06 05:00:00,152.01,151.93,151.93,20161200,20170300,20170300
2016-10-07 05:00:00,151.93,151.85,151.85,20161200,20170300,20170300
2016-10-10 05:00:00,151.91,151.85,151.85,20161200,20170300,20170300
2016-10-11 05:00:00,151.78,151.72,151.72,20161200,20170300,20170300
2016-10-12 05:00:00,151.86,151.8,151.8,20161200,20170300,20170300
2016-10-13 05:00:00,151.86,151.8,151.8,20161200,20170300,20170300
2016-10-14 05:00:00,151.8,151.74,151.74,20161200,20170300,20170300
2016-10-17 05:00:00,151.81,151.75,151.75,20161200,20170300,20170300
2016-10-18 05:00:00,151.8,151.74,151.74,20161200,20170300,20170300
2016-10-19 05:00:00,151.89,151.83,151.83,20161200,20170300,20170300
2016-10-20 05:00:00,151.89,151.83,151.83,20161200,20170300,20170300
2016-10-21 05:00:00,151.77,151.71,151.71,20161200,20170300,20170300
2016-10-24 05:00:00,151.76,151.7,151.7,20161200,20170300,20170300
2016-10-25 05:00:00,151.9,151.84,151.84,20161200,20170300,20170300
2016-10-26 05:00:00,151.8,151.74,151.74,20161200,20170300,20170300
2016-10-27 05:00:00,151.73,151.67,151.67,20161200,20170300,20170300
2016-10-28 05:00:00,151.68,151.62,151.62,20161200,20170300,20170300
2016-10-31 05:00:00,151.69,151.63,151.63,20161200,20170300,20170300
2016-11-01 05:00:00,151.71,151.65,151.65,20161200,20170300,20170300
2016-11-02 05:00:00,151.85,151.79,151.79,20161200,20170300,20170300
2016-11-03 05:00:00,151.89,151.83,151.83,20161200,20170300,20170300
2016-11-04 05:00:00,151.88,151.82,151.82,20161200,20170300,20170300
2016-11-07 06:00:00,151.78,151.72,151.72,20161200,20170300,20170300
2016-11-08 06:00:00,151.79,151.73,151.73,20161200,20170300,20170300
2016-11-09 06:00:00,151.85,151.79,151.79,20161200,20170300,20170300
2016-11-10 06:00:00,151.52,151.46,151.46,20161200,20170300,20170300
2016-11-11 06:00:00,151.28,151.22,151.22,20161200,20170300,20170300
2016-11-14 06:00:00,151.05,150.99,150.99,20161200,20170300,20170300
2016-11-15 06:00:00,150.89,150.83,150.83,20161200,20170300,20170300
2016-11-16 06:00:00,150.34,150.28,150.28,20161200,20170300,20170300
2016-11-17 06:00:00,150.75,150.69,150.69,20161200,20170300,20170300
2016-11-18 06:00:00,150.38,150.08,150.08,20161200,20170300,20170300
2016-11-21 06:00:00,150.51,150.25,150.25,20161200,20170300,20170300
2016-11-22 06:00:00,150.47,150.21,150.21,20161200,20170300,20170300
2016-11-23 06:00:00,150.47,150.21,150.21,20161200,20170300,20170300
2016-11-24 06:00:00,150.41,150.15,150.15,20161200,20170300,20170300
2016-11-25 06:00:00,150.44,150.15,150.15,20161200,20170300,20170300
2016-11-28 06:00:00,150.34,150.34,150.34,20170300,20170600,20170600
2016-11-29 06:00:00,150.32,150.32,150.32,20170300,20170600,20170600
2016-11-30 06:00:00,150.23,150.23,150.23,20170300,20170600,20170600
2016-12-01 06:00:00,150.13,150.13,150.13,20170300,20170600,20170600
2016-12-02 06:00:00,150.25,150.25,150.25,20170300,20170600,20170600
2016-12-05 06:00:00,150.25,150.25,150.25,20170300,20170600,20170600
2016-12-06 06:00:00,150.13,150.13,150.13,20170300,20170600,20170600
2016-12-07 06:00:00,150.33,150.33,150.33,20170300,20170600,20170600
2016-12-08 06:00:00,150.19,150.19,150.19,20170300,20170600,20170600
2016-12-09 06:00:00,150.16,150.16,150.16,20170300,20170600,20170600
2016-12-12 06:00:00,149.98,149.98,149.98,20170300,20170600,20170600
2016-12-13 06:00:00,149.87,149.87,149.87,20170300,20170600,20170600
2016-12-14 06:00:00,150.03,150.03,150.03,20170300,20170600,20170600
2016-12-15 06:00:00,149.58,149.58,149.58,20170300,20170600,20170600
2016-12-16 06:00:00,149.53,149.53,149.53,20170300,20170600,20170600
2016-12-19 06:00:00,149.55,149.55,149.55,20170300,20170600,20170600
2016-12-20 06:00:00,149.74,149.74,149.74,20170300,20170600,20170600
2016-12-21 06:00:00,149.81,149.81,149.81,20170300,20170600,20170600
2016-12-22 06:00:00,149.87,149.85,149.85,20170300,20170600,20170600
2016-12-23 06:00:00,149.87,149.85,149.85,20170300,20170600,20170600
2016-12-26 06:00:00,149.82,149.8,149.8,20170300,20170600,20170600
2016-12-27 06:00:00,149.8,149.78,149.78,20170300,20170600,20170600
2016-12-28 06:00:00,149.97,149.95,149.95,20170300,20170600,20170600
2016-12-29 06:00:00,150.35,150.32,150.32,20170300,20170600,20170600
2016-12-30 06:00:00,150.28,150.25,150.25,20170300,20170600,20170600
2017-01-03 06:00:00,150.33,150.3,150.3,20170300,20170600,20170600
2017-01-04 06:00:00,150.06,150.03,150.03,20170300,20170600,20170600
2017-01-05 06:00:00,150.13,150.1,150.1,20170300,20170600,20170600
2017-01-06 06:00:00,150.15,150.12,150.12,20170300,20170600,20170600
2017-01-09 06:00:00,150.11,150.08,150.08,20170300,20170600,20170600
2017-01-10 06:00:00,150.16,150.13,150.13,20170300,20170600,20170600
2017-01-11 06:00:00,150.25,150.22,150.22,20170300,20170600,20170600
2017-01-12 06:00:00,150.37,150.34,150.34,20170300,20170600,20170600
2017-01-13 06:00:00,150.27,150.24,150.24,20170300,20170600,20170600
2017-01-16 06:00:00,150.29,150.26,150.26,20170300,20170600,20170600
2017-01-17 06:00:00,150.42,150.39,150.39,20170300,20170600,20170600
2017-01-18 06:00:00,150.3,150.27,150.27,20170300,20170600,20170600
2017-01-19 06:00:00,150.04,150.01,150.01,20170300,20170600,20170600
2017-01-20 06:00:00,150.2,150.17,150.17,20170300,20170600,20170600
2017-01-23 06:00:00,150.22,150.19,150.19,20170300,20170600,20170600
2017-01-24 06:00:00,150.35,150.32,150.32,20170300,20170600,20170600
2017-01-25 06:00:00,149.97,149.94,149.94,20170300,20170600,20170600
2017-01-26 06:00:00,149.85,149.82,149.82,20170300,20170600,20170600
2017-01-27 06:00:00,149.98,149.95,149.95,20170300,20170600,20170600
2017-01-30 06:00:00,149.89,149.86,149.86,20170300,20170600,20170600
2017-01-31 06:00:00,149.81,149.78,149.78,20170300,20170600,20170600
2017-02-01 06:00:00,149.78,149.75,149.75,20170300,20170600,20170600
2017-02-02 06:00:00,149.68,149.65,149.65,20170300,20170600,20170600
2017-02-03 06:00:00,149.74,149.71,149.71,20170300,20170600,20170600
2017-02-06 06:00:00,149.6,149.57,149.57,20170300,20170600,20170600
2017-02-07 06:00:00,149.63,149.6,149.6,20170300,20170600,20170600
2017-02-08 06:00:00,149.76,149.35,149.35,20170300,20170600,20170600
2017-02-09 06:00:00,149.95,149.53,149.53,20170300,20170600,20170600
2017-02-10 06:00:00,149.9,149.48,149.48,20170300,20170600,20170600
2017-02-13 06:00:00,149.82,149.4,149.4,20170300,20170600,20170600
2017-02-14 06:00:00,149.85,149.43,149.43,20170300,20170600,20170600
2017-02-15 06:00:00,149.88,149.46,149.46,20170300,20170600,20170600
2017-02-16 06:00:00,149.88,149.46,149.46,20170300,20170600,20170600
2017-02-17 06:00:00,149.95,149.53,149.53,20170300,20170600,20170600
2017-02-20 06:00:00,149.97,149.56,149.56,20170300,20170600,20170600
2017-02-21 06:00:00,149.97,149.56,149.56,20170300,20170600,20170600
2017-02-22 06:00:00,150.1,149.7,149.7,20170300,20170600,20170600
2017-02-23 06:00:00,150.14,149.74,149.74,20170300,20170600,20170600
2017-02-24 06:00:00,150.38,149.98,149.98,20170300,20170600,20170600
2017-02-27 06:00:00,150.15,150.15,150.15,20170600,20170900,20170900
2017-02-28 06:00:00,150.14,150.14,150.14,20170600,20170900,20170900
2017-03-01 06:00:00,150.03,150.03,150.03,20170600,20170900,20170900
2017-03-02 06:00:00,150.08,150.08,150.08,20170600,20170900,20170900
2017-03-03 06:00:00,150.18,150.18,150.18,20170600,20170900,20170900
2017-03-06 06:00:00,150.22,150.22,150.22,20170600,20170900,20170900
2017-03-07 06:00:00,150.26,150.26,150.26,20170600,20170900,20170900
2017-03-08 06:00:00,150.1,150.1,150.1,20170600,20170900,20170900
2017-03-09 06:00:00,149.89,149.89,149.89,20170600,20170900,20170900
2017-03-10 06:00:00,149.98,149.98,149.98,20170600,20170900,20170900
2017-03-13 05:00:00,149.93,149.93,149.93,20170600,20170900,20170900
2017-03-14 05:00:00,149.93,149.93,149.93,20170600,20170900,20170900
2017-03-15 05:00:00,149.93,149.93,149.93,20170600,20170900,20170900
2017-03-16 05:00:00,150.15,150.15,150.15,20170600,20170900,20170900
2017-03-17 05:00:00,150.15,150.15,150.15,20170600,20170900,20170900
2017-03-20 05:00:00,150.15,150.15,150.15,20170600,20170900,20170900
2017-03-21 05:00:00,150.27,150.27,150.27,20170600,20170900,20170900
2017-03-22 05:00:00,150.49,150.49,150.49,20170600,20170900,20170900
2017-03-23 05:00:00,150.44,150.44,150.44,20170600,20170900,20170900
2017-03-24 05:00:00,150.4,150.4,150.4,20170600,20170900,20170900
2017-03-27 05:00:00,150.49,150.49,150.49,20170600,20170900,20170900
2017-03-28 05:00:00,150.52,150.52,150.52,20170600,20170900,20170900
2017-03-29 05:00:00,150.48,150.48,150.48,20170600,20170900,20170900
2017-03-30 05:00:00,150.38,150.38,150.38,20170600,20170900,20170900
2017-03-31 05:00:00,150.23,150.23,150.23,20170600,20170900,20170900
2017-04-03 05:00:00,150.24,150.24,150.24,20170600,20170900,20170900
2017-04-04 05:00:00,150.44,150.44,150.44,20170600,20170900,20170900
2017-04-05 05:00:00,150.44,150.44,150.44,20170600,20170900,20170900
2017-04-06 05:00:00,150.41,150.41,150.41,20170600,20170900,20170900
2017-04-07 05:00:00,150.57,150.57,150.57,20170600,20170900,20170900
2017-04-10 05:00:00,150.58,150.58,150.58,20170600,20170900,20170900
2017-04-11 05:00:00,150.72,150.72,150.72,20170600,20170900,20170900
2017-04-12 05:00:00,150.93,150.93,150.93,20170600,20170900,20170900
2017-04-13 05:00:00,150.93,150.93,150.93,20170600,20170900,20170900
2017-04-14 05:00:00,151.17,151.17,151.17,20170600,20170900,20170900
2017-04-17 05:00:00,151.12,151.12,151.12,20170600,20170900,20170900
2017-04-18 05:00:00,151.1,151.1,151.1,20170600,20170900,20170900
2017-04-19 05:00:00,151.12,151.12,151.12,20170600,20170900,20170900
2017-04-20 05:00:00,151.06,151.06,151.06,20170600,20170900,20170900
2017-04-21 05:00:00,151.09,151.09,151.09,20170600,20170900,20170900
2017-04-24 05:00:00,151.02,151.02,151.02,20170600,20170900,20170900
2017-04-25 05:00:00,151.0,151.0,151.0,20170600,20170900,20170900
2017-04-26 05:00:00,151.04,151.04,151.04,20170600,20170900,20170900
2017-04-27 05:00:00,150.99,150.99,150.99,20170600,20170900,20170900
2017-04-28 05:00:00,151.03,151.03,151.03,20170600,20170900,20170900
2017-05-01 05:00:00,151.03,151.03,151.03,20170600,20170900,20170900
2017-05-02 05:00:00,150.92,150.92,150.92,20170600,20170900,20170900
2017-05-03 05:00:00,150.95,150.95,150.95,20170600,20170900,20170900
2017-05-04 05:00:00,151.02,151.02,151.02,20170600,20170900,20170900
2017-05-05 05:00:00,150.97,150.97,150.97,20170600,20170900,20170900
2017-05-08 05:00:00,150.85,150.85,150.85,20170600,20170900,20170900
2017-05-09 05:00:00,150.74,150.74,150.74,20170600,20170900,20170900
2017-05-10 05:00:00,150.71,150.71,150.71,20170600,20170900,20170900
2017-05-11 05:00:00,150.57,150.57,150.57,20170600,20170900,20170900
2017-05-12 05:00:00,150.7,150.62,150.62,20170600,20170900,20170900
2017-05-15 05:00:00,150.64,150.56,150.56,20170600,20170900,20170900
2017-05-16 05:00:00,150.56,150.48,150.48,20170600,20170900,20170900
2017-05-17 05:00:00,150.58,150.5,150.5,20170600,20170900,20170900
2017-05-18 05:00:00,150.6,150.54,150.54,20170600,20170900,20170900
2017-05-19 05:00:00,150.63,150.57,150.57,20170600,20170900,20170900
2017-05-22 05:00:00,150.53,150.47,150.47,20170600,20170900,20170900
2017-05-23 05:00:00,150.54,150.48,150.48,20170600,20170900,20170900
2017-05-24 05:00:00,150.51,150.44,150.44,20170600,20170900,20170900
2017-05-25 05:00:00,150.58,150.51,150.51,20170600,20170900,20170900
2017-05-26 05:00:00,150.75,150.67,150.67,20170600,20170900,20170900
2017-05-29 05:00:00,150.65,150.65,150.65,20170900,20171200,20171200
2017-05-30 05:00:00,150.67,150.67,150.67,20170900,20171200,20171200
2017-05-31 05:00:00,150.54,150.54,150.54,20170900,20171200,20171200
2017-06-01 05:00:00,150.61,150.61,150.61,20170900,20171200,20171200
2017-06-02 05:00:00,150.63,150.63,150.63,20170900,20171200,20171200
2017-06-05 05:00:00,150.63,150.63,150.63,20170900,20171200,20171200
2017-06-06 05:00:00,150.72,150.72,150.72,20170900,20171200,20171200
2017-06-07 05:00:00,150.68,150.68,150.68,20170900,20171200,20171200
2017-06-08 05:00:00,150.44,150.44,150.44,20170900,20171200,20171200
2017-06-09 05:00:00,150.53,150.53,150.53,20170900,20171200,20171200
2017-06-12 05:00:00,150.48,150.48,150.48,20170900,20171200,20171200
2017-06-13 05:00:00,150.37,150.37,150.37,20170900,20171200,20171200
2017-06-14 05:00:00,150.38,150.38,150.38,20170900,20171200,20171200
2017-06-15 05:00:00,150.45,150.45,150.45,20170900,20171200,20171200
2017-06-16 05:00:00,150.4,150.4,150.4,20170900,20171200,20171200
2017-06-19 05:00:00,150.43,150.43,150.43,20170900,20171200,20171200
2017-06-20 05:00:00,150.4,150.4,150.4,20170900,20171200,20171200
2017-06-21 05:00:00,150.39,150.39,150.39,20170900,20171200,20171200
2017-06-22 05:00:00,150.37,150.37,150.37,20170900,20171200,20171200
2017-06-23 05:00:00,150.47,150.47,150.47,20170900,20171200,20171200
2017-06-26 05:00:00,150.48,150.48,150.48,20170900,20171200,20171200
2017-06-27 05:00:00,150.63,150.63,150.63,20170900,20171200,20171200
2017-06-28 05:00:00,150.49,150.49,150.49,20170900,20171200,20171200
2017-06-29 05:00:00,150.44,150.44,150.44,20170900,20171200,20171200
2017-06-30 05:00:00,150.23,150.23,150.23,20170900,20171200,20171200
2017-07-03 05:00:00,150.15,150.15,150.15,20170900,20171200,20171200
2017-07-04 05:00:00,150.14,150.14,150.14,20170900,20171200,20171200
2017-07-05 05:00:00,149.9,149.9,149.9,20170900,20171200,20171200
2017-07-06 05:00:00,149.76,149.76,149.76,20170900,20171200,20171200
2017-07-07 05:00:00,149.86,149.86,149.86,20170900,20171200,20171200
2017-07-10 05:00:00,149.79,149.79,149.79,20170900,20171200,20171200
2017-07-11 05:00:00,149.76,149.76,149.76,20170900,20171200,20171200
2017-07-12 05:00:00,149.92,149.92,149.92,20170900,20171200,20171200
2017-07-13 05:00:00,150.02,150.02,150.02,20170900,20171200,20171200
2017-07-14 05:00:00,150.07,150.07,150.07,20170900,20171200,20171200
2017-07-17 05:00:00,150.14,150.14,150.14,20170900,20171200,20171200
2017-07-18 05:00:00,150.13,150.13,150.13,20170900,20171200,20171200
2017-07-19 05:00:00,150.1,150.1,150.1,20170900,20171200,20171200
2017-07-20 05:00:00,150.1,150.1,150.1,20170900,20171200,20171200
2017-07-21 05:00:00,150.26,150.26,150.26,20170900,20171200,20171200
2017-07-24 05:00:00,150.27,150.27,150.27,20170900,20171200,20171200
2017-07-25 05:00:00,150.21,150.21,150.21,20170900,20171200,20171200
2017-07-26 05:00:00,150.15,150.15,150.15,20170900,20171200,20171200
2017-07-27 05:00:00,150.21,150.21,150.21,20170900,20171200,20171200
2017-07-28 05:00:00,150.12,150.12,150.12,20170900,20171200,20171200
2017-07-31 05:00:00,150.14,150.14,150.14,20170900,20171200,20171200
2017-08-01 05:00:00,150.13,150.13,150.13,20170900,20171200,20171200
2017-08-02 05:00:00,150.14,150.14,150.14,20170900,20171200,20171200
2017-08-03 05:00:00,150.17,150.17,150.17,20170900,20171200,20171200
2017-08-04 05:00:00,150.26,150.26,150.26,20170900,20171200,20171200
2017-08-07 05:00:00,150.24,150.24,150.24,20170900,20171200,20171200
2017-08-08 05:00:00,150.24,150.24,150.24,20170900,20171200,20171200
2017-08-09 05:00:00,150.39,150.39,150.39,20170900,20171200,20171200
2017-08-10 05:00:00,150.42,150.42,150.42,20170900,20171200,20171200
2017-08-11 05:00:00,150.6,150.6,150.6,20170900,20171200,20171200
2017-08-14 05:00:00,150.48,150.48,150.48,20170900,20171200,20171200
2017-08-15 05:00:00,150.62,150.62,150.62,20170900,20171200,20171200
2017-08-16 05:00:00,150.68,150.46,150.46,20170900,20171200,20171200
2017-08-17 05:00:00,150.61,150.39,150.39,20170900,20171200,20171200
2017-08-18 05:00:00,150.81,150.59,150.59,20170900,20171200,20171200
2017-08-21 05:00:00,150.8,150.58,150.58,20170900,20171200,20171200
2017-08-22 05:00:00,150.75,150.53,150.53,20170900,20171200,20171200
2017-08-23 05:00:00,150.79,150.57,150.57,20170900,20171200,20171200
2017-08-24 05:00:00,150.97,150.75,150.75,20170900,20171200,20171200
2017-08-25 05:00:00,151.15,150.93,150.93,20170900,20171200,20171200
2017-08-28 05:00:00,151.17,150.96,150.96,20170900,20171200,20171200
2017-08-29 05:00:00,151.15,151.15,151.15,20171200,20180300,20180300
2017-08-30 05:00:00,150.93,150.93,150.93,20171200,20180300,20180300
2017-08-31 05:00:00,150.9,150.9,150.9,20171200,20180300,20180300
2017-09-01 05:00:00,151.07,151.07,151.07,20171200,20180300,20180300
2017-09-04 05:00:00,151.04,151.04,151.04,20171200,20180300,20180300
2017-09-05 05:00:00,150.94,150.94,150.94,20171200,20180300,20180300
2017-09-06 05:00:00,151.08,151.08,151.08,20171200,20180300,20180300
2017-09-07 05:00:00,151.1,151.1,151.1,20171200,20180300,20180300
2017-09-08 05:00:00,151.33,151.33,151.33,20171200,20180300,20180300
2017-09-11 05:00:00,151.14,151.14,151.14,20171200,20180300,20180300
2017-09-12 05:00:00,150.94,150.94,150.94,20171200,20180300,20180300
2017-09-13 05:00:00,150.92,150.92,150.92,20171200,20180300,20180300
2017-09-14 05:00:00,150.77,150.77,150.77,20171200,20180300,20180300
2017-09-15 05:00:00,150.93,150.93,150.93,20171200,20180300,20180300
2017-09-18 05:00:00,150.83,150.83,150.83,20171200,20180300,20180300
2017-09-19 05:00:00,150.75,150.75,150.75,20171200,20180300,20180300
2017-09-20 05:00:00,150.83,150.83,150.83,20171200,20180300,20180300
2017-09-21 05:00:00,150.83,150.83,150.83,20171200,20180300,20180300
2017-09-22 05:00:00,150.86,150.86,150.86,20171200,20180300,20180300
2017-09-25 05:00:00,150.8,150.8,150.8,20171200,20180300,20180300
2017-09-26 05:00:00,150.82,150.82,150.82,20171200,20180300,20180300
2017-09-27 05:00:00,150.44,150.44,150.44,20171200,20180300,20180300
2017-09-28 05:00:00,150.33,150.33,150.33,20171200,20180300,20180300
2017-09-29 05:00:00,150.38,150.38,150.38,20171200,20180300,20180300
2017-10-02 05:00:00,150.14,150.14,150.14,20171200,20180300,20180300
2017-10-03 05:00:00,150.2,150.2,150.2,20171200,20180300,20180300
2017-10-04 05:00:00,150.46,150.46,150.46,20171200,20180300,20180300
2017-10-05 05:00:00,150.55,150.55,150.55,20171200,20180300,20180300
2017-10-06 05:00:00,150.36,150.36,150.36,20171200,20180300,20180300
2017-10-09 05:00:00,150.38,150.38,150.38,20171200,20180300,20180300
2017-10-10 05:00:00,150.45,150.45,150.45,20171200,20180300,20180300
2017-10-11 05:00:00,150.41,150.41,150.41,20171200,20180300,20180300
2017-10-12 05:00:00,150.37,150.37,150.37,20171200,20180300,20180300
2017-10-13 05:00:00,150.36,150.36,150.36,20171200,20180300,20180300
2017-10-16 05:00:00,150.39,150.39,150.39,20171200,20180300,20180300
2017-10-17 05:00:00,150.35,150.35,150.35,20171200,20180300,20180300
2017-10-18 05:00:00,150.33,150.33,150.33,20171200,20180300,20180300
2017-10-19 05:00:00,150.43,150.43,150.43,20171200,20180300,20180300
2017-10-20 05:00:00,150.28,150.28,150.28,20171200,20180300,20180300
2017-10-23 05:00:00,150.33,150.33,150.33,20171200,20180300,20180300
2017-10-24 05:00:00,150.32,150.32,150.32,20171200,20180300,20180300
2017-10-25 05:00:00,150.32,150.32,150.32,20171200,20180300,20180300
2017-10-26 05:00:00,150.38,150.38,150.38,20171200,20180300,20180300
2017-10-27 05:00:00,150.41,150.41,150.41,20171200,20180300,20180300
2017-10-30 05:00:00,150.44,150.44,150.44,20171200,20180300,20180300
2017-10-31 05:00:00,150.49,150.49,150.49,20171200,20180300,20180300
2017-11-01 05:00:00,150.44,150.44,150.44,20171200,20180300,20180300
2017-11-02 05:00:00,150.55,150.55,150.55,20171200,20180300,20180300
2017-11-03 05:00:00,150.72,150.72,150.72,20171200,20180300,20180300
2017-11-06 06:00:00,150.93,150.93,150.93,20171200,20180300,20180300
2017-11-07 06:00:00,150.92,150.92,150.92,20171200,20180300,20180300
2017-11-08 06:00:00,151.04,151.04,151.04,20171200,20180300,20180300
2017-11-09 06:00:00,150.99,150.99,150.99,20171200,20180300,20180300
2017-11-10 06:00:00,150.83,150.83,150.83,20171200,20180300,20180300
2017-11-13 06:00:00,150.69,150.63,150.63,20171200,20180300,20180300
2017-11-14 06:00:00,150.74,150.68,150.68,20171200,20180300,20180300
2017-11-15 06:00:00,150.85,150.79,150.79,20171200,20180300,20180300
2017-11-16 06:00:00,150.78,150.72,150.72,20171200,20180300,20180300
2017-11-17 06:00:00,150.95,150.89,150.89,20171200,20180300,20180300
2017-11-20 06:00:00,150.98,150.91,150.91,20171200,20180300,20180300
2017-11-21 06:00:00,151.07,151.0,151.0,20171200,20180300,20180300
2017-11-22 06:00:00,151.11,151.04,151.04,20171200,20180300,20180300
2017-11-23 06:00:00,151.06,150.99,150.99,20171200,20180300,20180300
2017-11-24 06:00:00,150.99,150.91,150.91,20171200,20180300,20180300
2017-11-27 06:00:00,150.91,150.82,150.82,20171200,20180300,20180300
2017-11-28 06:00:00,150.92,150.92,150.92,20180300,20180600,20180600
2017-11-29 06:00:00,150.96,150.96,150.96,20180300,20180600,20180600
2017-11-30 06:00:00,150.79,150.79,150.79,20180300,20180600,20180600
2017-12-01 06:00:00,150.95,150.95,150.95,20180300,20180600,20180600
2017-12-04 06:00:00,150.9,150.9,150.9,20180300,20180600,20180600
2017-12-05 06:00:00,150.82,150.82,150.82,20180300,20180600,20180600
2017-12-06 06:00:00,150.85,150.85,150.85,20180300,20180600,20180600
2017-12-07 06:00:00,150.89,150.89,150.89,20180300,20180600,20180600
2017-12-08 06:00:00,150.88,150.88,150.88,20180300,20180600,20180600
2017-12-11 06:00:00,150.88,150.88,150.88,20180300,20180600,20180600
2017-12-12 06:00:00,150.92,150.92,150.92,20180300,20180600,20180600
2017-12-13 06:00:00,150.89,150.89,150.89,20180300,20180600,20180600
2017-12-14 06:00:00,150.86,150.86,150.86,20180300,20180600,20180600
2017-12-15 06:00:00,150.93,150.93,150.93,20180300,20180600,20180600
2017-12-18 06:00:00,150.96,150.96,150.96,20180300,20180600,20180600
2017-12-19 06:00:00,150.95,150.95,150.95,20180300,20180600,20180600
2017-12-20 06:00:00,150.7,150.7,150.7,20180300,20180600,20180600
2017-12-21 06:00:00,150.72,150.72,150.72,20180300,20180600,20180600
2017-12-22 06:00:00,150.81,150.81,150.81,20180300,20180600,20180600
2017-12-25 06:00:00,150.9,150.9,150.9,20180300,20180600,20180600
2017-12-26 06:00:00,150.78,150.78,150.78,20180300,20180600,20180600
2017-12-27 06:00:00,150.68,150.68,150.68,20180300,20180600,20180600
2017-12-28 06:00:00,150.73,150.73,150.73,20180300,20180600,20180600
2017-12-29 06:00:00,150.84,150.84,150.84,20180300,20180600,20180600
2018-01-02 06:00:00,150.86,150.86,150.86,20180300,20180600,20180600
2018-01-03 06:00:00,150.76,150.76,150.76,20180300,20180600,20180600
2018-01-04 06:00:00,150.69,150.69,150.69,20180300,20180600,20180600
2018-01-05 06:00:00,150.71,150.71,150.71,20180300,20180600,20180600
2018-01-08 06:00:00,150.75,150.75,150.75,20180300,20180600,20180600
2018-01-09 06:00:00,150.57,150.57,150.57,20180300,20180600,20180600
2018-01-10 06:00:00,150.34,150.34,150.34,20180300,20180600,20180600
2018-01-11 06:00:00,150.51,150.51,150.51,20180300,20180600,20180600
2018-01-12 06:00:00,150.47,150.47,150.47,20180300,20180600,20180600
2018-01-15 06:00:00,150.47,150.47,150.47,20180300,20180600,20180600
2018-01-16 06:00:00,150.41,150.41,150.41,20180300,20180600,20180600
2018-01-17 06:00:00,150.29,150.29,150.29,20180300,20180600,20180600
2018-01-18 06:00:00,150.36,150.36,150.36,20180300,20180600,20180600
2018-01-19 06:00:00,150.36,150.36,150.36,20180300,20180600,20180600
2018-01-22 06:00:00,150.37,150.37,150.37,20180300,20180600,20180600
2018-01-23 06:00:00,150.52,150.52,150.52,20180300,20180600,20180600
2018-01-24 06:00:00,150.38,150.38,150.38,20180300,20180600,20180600
2018-01-25 06:00:00,150.32,150.32,150.32,20180300,20180600,20180600
2018-01-26 06:00:00,150.4,150.4,150.4,20180300,20180600,20180600
2018-01-29 06:00:00,150.27,150.27,150.27,20180300,20180600,20180600
2018-01-30 06:00:00,150.22,150.22,150.22,20180300,20180600,20180600
2018-01-31 06:00:00,150.34,150.34,150.34,20180300,20180600,20180600
2018-02-01 06:00:00,150.19,150.19,150.19,20180300,20180600,20180600
2018-02-02 06:00:00,150.24,150.24,150.24,20180300,20180600,20180600
2018-02-05 06:00:00,150.35,150.35,150.35,20180300,20180600,20180600
2018-02-06 06:00:00,150.42,150.42,150.42,20180300,20180600,20180600
2018-02-07 06:00:00,150.5,150.5,150.5,20180300,20180600,20180600
2018-02-08 06:00:00,150.45,150.45,150.45,20180300,20180600,20180600
2018-02-09 06:00:00,150.42,150.42,150.42,20180300,20180600,20180600
2018-02-12 06:00:00,150.43,150.43,150.43,20180300,20180600,20180600
2018-02-13 06:00:00,150.61,150.61,150.61,20180300,20180600,20180600
2018-02-14 06:00:00,150.66,150.66,150.66,20180300,20180600,20180600
2018-02-15 06:00:00,150.67,150.67,150.67,20180300,20180600,20180600
2018-02-16 06:00:00,150.75,150.75,150.75,20180300,20180600,20180600
2018-02-19 06:00:00,150.76,150.76,150.76,20180300,20180600,20180600
2018-02-20 06:00:00,150.73,150.73,150.73,20180300,20180600,20180600
2018-02-21 06:00:00,150.82,150.82,150.82,20180300,20180600,20180600
2018-02-22 06:00:00,150.88,150.85,150.85,20180300,20180600,20180600
2018-02-23 06:00:00,150.9,150.75,150.75,20180300,20180600,20180600
2018-02-26 06:00:00,150.83,150.83,150.83,20180600,20180900,20180900
2018-02-27 06:00:00,150.8,150.8,150.8,20180600,20180900,20180900
2018-02-28 06:00:00,150.69,150.69,150.69,20180600,20180900,20180900
2018-03-01 06:00:00,150.71,150.71,150.71,20180600,20180900,20180900
2018-03-02 06:00:00,150.52,150.52,150.52,20180600,20180900,20180900
2018-03-05 06:00:00,150.8,150.8,150.8,20180600,20180900,20180900
2018-03-06 06:00:00,150.74,150.74,150.74,20180600,20180900,20180900
2018-03-07 06:00:00,150.72,150.72,150.72,20180600,20180900,20180900
2018-03-08 06:00:00,150.7,150.7,150.7,20180600,20180900,20180900
2018-03-09 06:00:00,150.75,150.75,150.75,20180600,20180900,20180900
2018-03-12 05:00:00,150.7,150.7,150.7,20180600,20180900,20180900
2018-03-13 05:00:00,150.62,150.62,150.62,20180600,20180900,20180900
2018-03-14 05:00:00,150.7,150.7,150.7,20180600,20180900,20180900
2018-03-15 05:00:00,150.8,150.8,150.8,20180600,20180900,20180900
2018-03-16 05:00:00,150.9,150.9,150.9,20180600,20180900,20180900
2018-03-19 05:00:00,150.9,150.9,150.9,20180600,20180900,20180900
2018-03-20 05:00:00,150.88,150.88,150.88,20180600,20180900,20180900
2018-03-21 05:00:00,150.88,150.88,150.88,20180600,20180900,20180900
2018-03-22 05:00:00,150.93,150.93,150.93,20180600,20180900,20180900
2018-03-23 05:00:00,150.98,150.98,150.98,20180600,20180900,20180900
2018-03-26 05:00:00,150.94,150.94,150.94,20180600,20180900,20180900
2018-03-27 05:00:00,150.87,150.87,150.87,20180600,20180900,20180900
2018-03-28 05:00:00,150.91,150.91,150.91,20180600,20180900,20180900
2018-03-29 05:00:00,150.87,150.87,150.87,20180600,20180900,20180900
2018-03-30 05:00:00,150.79,150.79,150.79,20180600,20180900,20180900
2018-04-02 05:00:00,150.82,150.82,150.82,20180600,20180900,20180900
2018-04-03 05:00:00,150.97,150.97,150.97,20180600,20180900,20180900
2018-04-04 05:00:00,150.96,150.96,150.96,20180600,20180900,20180900
2018-04-05 05:00:00,150.82,150.82,150.82,20180600,20180900,20180900
2018-04-06 05:00:00,150.86,150.86,150.86,20180600,20180900,20180900
2018-04-09 05:00:00,150.91,150.91,150.91,20180600,20180900,20180900
2018-04-10 05:00:00,150.98,150.98,150.98,20180600,20180900,20180900
2018-04-11 05:00:00,151.0,151.0,151.0,20180600,20180900,20180900
2018-04-12 05:00:00,150.95,150.95,150.95,20180600,20180900,20180900
2018-04-13 05:00:00,150.9,150.9,150.9,20180600,20180900,20180900
2018-04-16 05:00:00,150.84,150.84,150.84,20180600,20180900,20180900
2018-04-17 05:00:00,150.86,150.86,150.86,20180600,20180900,20180900
2018-04-18 05:00:00,150.92,150.92,150.92,20180600,20180900,20180900
2018-04-19 05:00:00,150.84,150.84,150.84,20180600,20180900,20180900
2018-04-20 05:00:00,150.64,150.64,150.64,20180600,20180900,20180900
2018-04-23 05:00:00,150.54,150.54,150.54,20180600,20180900,20180900
2018-04-24 05:00:00,150.69,150.69,150.69,20180600,20180900,20180900
2018-04-25 05:00:00,150.5,150.5,150.5,20180600,20180900,20180900
2018-04-26 05:00:00,150.59,150.59,150.59,20180600,20180900,20180900
2018-04-27 05:00:00,150.75,150.75,150.75,20180600,20180900,20180900
2018-04-30 05:00:00,150.7,150.7,150.7,20180600,20180900,20180900
2018-05-01 05:00:00,150.91,150.91,150.91,20180600,20180900,20180900
2018-05-02 05:00:00,150.84,150.84,150.84,20180600,20180900,20180900
2018-05-03 05:00:00,150.91,150.91,150.91,20180600,20180900,20180900
2018-05-04 05:00:00,150.95,150.95,150.95,20180600,20180900,20180900
2018-05-07 05:00:00,150.84,150.84,150.84,20180600,20180900,20180900
2018-05-08 05:00:00,150.87,150.87,150.87,20180600,20180900,20180900
2018-05-09 05:00:00,150.78,150.78,150.78,20180600,20180900,20180900
2018-05-10 05:00:00,150.82,150.82,150.82,20180600,20180900,20180900
2018-05-11 05:00:00,150.84,150.84,150.84,20180600,20180900,20180900
2018-05-14 05:00:00,150.78,150.56,150.56,20180600,20180900,20180900
2018-05-15 05:00:00,150.68,150.46,150.46,20180600,20180900,20180900
2018-05-16 05:00:00,150.73,150.51,150.51,20180600,20180900,20180900
2018-05-17 05:00:00,150.67,150.45,150.45,20180600,20180900,20180900
2018-05-18 05:00:00,150.73,150.51,150.51,20180600,20180900,20180900
2018-05-21 05:00:00,150.73,150.51,150.51,20180600,20180900,20180900
2018-05-22 05:00:00,150.77,150.55,150.55,20180600,20180900,20180900
2018-05-23 05:00:00,150.89,150.67,150.67,20180600,20180900,20180900
2018-05-24 05:00:00,150.81,150.59,150.59,20180600,20180900,20180900
2018-05-25 05:00:00,150.93,150.71,150.71,20180600,20180900,20180900
2018-05-28 05:00:00,150.95,150.73,150.73,20180600,20180900,20180900
2018-05-29 05:00:00,150.84,150.84,150.84,20180900,20181200,20181200
2018-05-30 05:00:00,150.83,150.83,150.83,20180900,20181200,20181200
2018-05-31 05:00:00,150.76,150.76,150.76,20180900,20181200,20181200
2018-06-01 05:00:00,150.61,150.61,150.61,20180900,20181200,20181200
2018-06-04 05:00:00,150.61,150.61,150.61,20180900,20181200,20181200
2018-06-05 05:00:00,150.67,150.67,150.67,20180900,20181200,20181200
2018-06-06 05:00:00,150.62,150.62,150.62,20180900,20181200,20181200
2018-06-07 05:00:00,150.62,150.62,150.62,20180900,20181200,20181200
2018-06-08 05:00:00,150.7,150.7,150.7,20180900,20181200,20181200
2018-06-11 05:00:00,150.63,150.63,150.63,20180900,20181200,20181200
2018-06-12 05:00:00,150.61,150.61,150.61,20180900,20181200,20181200
2018-06-13 05:00:00,150.63,150.63,150.63,20180900,20181200,20181200
2018-06-14 05:00:00,150.72,150.72,150.72,20180900,20181200,20181200
2018-06-15 05:00:00,150.8,150.8,150.8,20180900,20181200,20181200
2018-06-18 05:00:00,150.77,150.77,150.77,20180900,20181200,20181200
2018-06-19 05:00:00,150.87,150.87,150.87,20180900,20181200,20181200
2018-06-20 05:00:00,150.78,150.78,150.78,20180900,20181200,20181200
2018-06-21 05:00:00,150.85,150.85,150.85,20180900,20181200,20181200
2018-06-22 05:00:00,150.82,150.82,150.82,20180900,20181200,20181200
2018-06-25 05:00:00,150.87,150.87,150.87,20180900,20181200,20181200
2018-06-26 05:00:00,150.84,150.84,150.84,20180900,20181200,20181200
2018-06-27 05:00:00,150.85,150.85,150.85,20180900,20181200,20181200
2018-06-28 05:00:00,150.85,150.85,150.85,20180900,20181200,20181200
2018-06-29 05:00:00,150.84,150.84,150.84,20180900,20181200,20181200
2018-07-02 05:00:00,150.93,150.93,150.93,20180900,20181200,20181200
2018-07-03 05:00:00,150.93,150.93,150.93,20180900,20181200,20181200
2018-07-04 05:00:00,150.94,150.94,150.94,20180900,20181200,20181200
2018-07-05 05:00:00,150.96,150.96,150.96,20180900,20181200,20181200
2018-07-06 05:00:00,150.99,150.99,150.99,20180900,20181200,20181200
2018-07-09 05:00:00,150.94,150.94,150.94,20180900,20181200,20181200
2018-07-10 05:00:00,150.93,150.93,150.93,20180900,20181200,20181200
2018-07-11 05:00:00,150.9,150.9,150.9,20180900,20181200,20181200
2018-07-12 05:00:00,150.93,150.93,150.93,20180900,20181200,20181200
2018-07-13 05:00:00,150.95,150.95,150.95,20180900,20181200,20181200
2018-07-16 05:00:00,150.95,150.95,150.95,20180900,20181200,20181200
2018-07-17 05:00:00,150.9,150.9,150.9,20180900,20181200,20181200
2018-07-18 05:00:00,150.88,150.88,150.88,20180900,20181200,20181200
2018-07-19 05:00:00,150.94,150.94,150.94,20180900,20181200,20181200
2018-07-20 05:00:00,150.96,150.96,150.96,20180900,20181200,20181200
2018-07-23 05:00:00,150.6,150.6,150.6,20180900,20181200,20181200
2018-07-24 05:00:00,150.64,150.64,150.64,20180900,20181200,20181200
2018-07-25 05:00:00,150.77,150.77,150.77,20180900,20181200,20181200
2018-07-26 05:00:00,150.58,150.58,150.58,20180900,20181200,20181200
2018-07-27 05:00:00,150.52,150.52,150.52,20180900,20181200,20181200
2018-07-30 05:00:00,150.48,150.48,150.48,20180900,20181200,20181200
2018-07-31 05:00:00,150.55,150.55,150.55,20180900,20181200,20181200
2018-08-01 05:00:00,149.8,149.8,149.8,20180900,20181200,20181200
2018-08-02 05:00:00,150.01,150.01,150.01,20180900,20181200,20181200
2018-08-03 05:00:00,150.14,150.14,150.14,20180900,20181200,20181200
2018-08-06 05:00:00,150.12,150.12,150.12,20180900,20181200,20181200
2018-08-07 05:00:00,150.1,150.1,150.1,20180900,20181200,20181200
2018-08-08 05:00:00,150.11,150.11,150.11,20180900,20181200,20181200
2018-08-09 05:00:00,150.11,150.11,150.11,20180900,20181200,20181200
2018-08-10 05:00:00,150.31,150.31,150.31,20180900,20181200,20181200
2018-08-13 05:00:00,150.34,150.34,150.34,20180900,20181200,20181200
2018-08-14 05:00:00,150.26,150.26,150.26,20180900,20181200,20181200
2018-08-15 05:00:00,150.35,150.35,150.35,20180900,20181200,20181200
2018-08-16 05:00:00,150.37,150.37,150.37,20180900,20181200,20181200
2018-08-17 05:00:00,150.43,150.43,150.43,20180900,20181200,20181200
2018-08-20 05:00:00,150.48,150.42,150.42,20180900,20181200,20181200
2018-08-21 05:00:00,150.53,150.47,150.47,20180900,20181200,20181200
2018-08-22 05:00:00,150.45,150.37,150.37,20180900,20181200,20181200
2018-08-23 05:00:00,150.44,150.36,150.36,20180900,20181200,20181200
2018-08-24 05:00:00,150.48,150.39,150.39,20180900,20181200,20181200
2018-08-27 05:00:00,150.48,150.39,150.39,20180900,20181200,20181200
2018-08-28 05:00:00,150.37,150.37,150.37,20181200,20190300,20190300
2018-08-29 05:00:00,150.31,150.31,150.31,20181200,20190300,20190300
2018-08-30 05:00:00,150.26,150.26,150.26,20181200,20190300,20190300
2018-08-31 05:00:00,150.12,150.12,150.12,20181200,20190300,20190300
2018-09-03 05:00:00,150.15,150.15,150.15,20181200,20190300,20190300
2018-09-04 05:00:00,150.15,150.15,150.15,20181200,20190300,20190300
2018-09-05 05:00:00,150.22,150.22,150.22,20181200,20190300,20190300
2018-09-06 05:00:00,150.29,150.29,150.29,20181200,20190300,20190300
2018-09-07 05:00:00,150.29,150.29,150.29,20181200,20190300,20190300
2018-09-10 05:00:00,150.23,150.23,150.23,20181200,20190300,20190300
2018-09-11 05:00:00,150.29,150.29,150.29,20181200,20190300,20190300
2018-09-12 05:00:00,150.29,150.29,150.29,20181200,20190300,20190300
2018-09-13 05:00:00,150.3,150.3,150.3,20181200,20190300,20190300
2018-09-14 05:00:00,150.26,150.26,150.26,20181200,20190300,20190300
2018-09-17 05:00:00,150.15,150.15,150.15,20181200,20190300,20190300
2018-09-18 05:00:00,150.17,150.17,150.17,20181200,20190300,20190300
2018-09-19 05:00:00,150.11,150.11,150.11,20181200,20190300,20190300
2018-09-20 05:00:00,150.2,150.2,150.2,20181200,20190300,20190300
2018-09-21 05:00:00,150.03,150.03,150.03,20181200,20190300,20190300
2018-09-24 05:00:00,150.15,150.15,150.15,20181200,20190300,20190300
2018-09-25 05:00:00,150.03,150.03,150.03,20181200,20190300,20190300
2018-09-26 05:00:00,150.13,150.13,150.13,20181200,20190300,20190300
2018-09-27 05:00:00,150.19,150.19,150.19,20181200,20190300,20190300
2018-09-28 05:00:00,150.08,150.08,150.08,20181200,20190300,20190300
2018-10-01 05:00:00,150.06,150.06,150.06,20181200,20190300,20190300
2018-10-02 05:00:00,150.19,150.19,150.19,20181200,20190300,20190300
2018-10-03 05:00:00,150.17,150.17,150.17,20181200,20190300,20190300
2018-10-04 05:00:00,149.98,149.98,149.98,20181200,20190300,20190300
2018-10-05 05:00:00,150.08,150.08,150.08,20181200,20190300,20190300
2018-10-08 05:00:00,149.96,149.96,149.96,20181200,20190300,20190300
2018-10-09 05:00:00,150.02,150.02,150.02,20181200,20190300,20190300
2018-10-10 05:00:00,150.02,150.02,150.02,20181200,20190300,20190300
2018-10-11 05:00:00,150.18,150.18,150.18,20181200,20190300,20190300
2018-10-12 05:00:00,150.13,150.13,150.13,20181200,20190300,20190300
2018-10-15 05:00:00,150.24,150.24,150.24,20181200,20190300,20190300
2018-10-16 05:00:00,150.18,150.18,150.18,20181200,20190300,20190300
2018-10-17 05:00:00,150.2,150.2,150.2,20181200,20190300,20190300
2018-10-18 05:00:00,150.18,150.18,150.18,20181200,20190300,20190300
2018-10-19 05:00:00,150.24,150.24,150.24,20181200,20190300,20190300
2018-10-22 05:00:00,150.18,150.18,150.18,20181200,20190300,20190300
2018-10-23 05:00:00,150.31,150.31,150.31,20181200,20190300,20190300
2018-10-24 05:00:00,150.48,150.48,150.48,20181200,20190300,20190300
2018-10-25 05:00:00,150.59,150.59,150.59,20181200,20190300,20190300
2018-10-26 05:00:00,150.78,150.78,150.78,20181200,20190300,20190300
2018-10-29 05:00:00,150.81,150.81,150.81,20181200,20190300,20190300
2018-10-30 05:00:00,150.69,150.69,150.69,20181200,20190300,20190300
2018-10-31 05:00:00,150.53,150.53,150.53,20181200,20190300,20190300
2018-11-01 05:00:00,150.67,150.67,150.67,20181200,20190300,20190300
2018-11-02 05:00:00,150.63,150.63,150.63,20181200,20190300,20190300
2018-11-05 06:00:00,150.72,150.72,150.72,20181200,20190300,20190300
2018-11-06 06:00:00,150.68,150.68,150.68,20181200,20190300,20190300
2018-11-07 06:00:00,150.72,150.72,150.72,20181200,20190300,20190300
2018-11-08 06:00:00,150.7,150.7,150.7,20181200,20190300,20190300
2018-11-09 06:00:00,150.7,150.7,150.7,20181200,20190300,20190300
2018-11-12 06:00:00,150.79,150.79,150.79,20181200,20190300,20190300
2018-11-13 06:00:00,150.82,150.82,150.82,20181200,20190300,20190300
2018-11-14 06:00:00,150.87,150.87,150.87,20181200,20190300,20190300
2018-11-15 06:00:00,150.93,150.93,150.93,20181200,20190300,20190300
2018-11-16 06:00:00,150.94,150.94,150.94,20181200,20190300,20190300
2018-11-19 06:00:00,151.1,151.1,151.1,20181200,20190300,20190300
2018-11-20 06:00:00,151.07,151.07,151.07,20181200,20190300,20190300
2018-11-21 06:00:00,151.05,151.16,151.16,20181200,20190300,20190300
2018-11-22 06:00:00,151.04,151.16,151.16,20181200,20190300,20190300
2018-11-23 06:00:00,151.03,151.14,151.14,20181200,20190300,20190300
2018-11-26 06:00:00,151.11,151.22,151.22,20181200,20190300,20190300
2018-11-27 06:00:00,151.23,151.23,151.23,20190300,20190600,20190600
2018-11-28 06:00:00,151.14,151.14,151.14,20190300,20190600,20190600
2018-11-29 06:00:00,151.43,151.43,151.43,20190300,20190600,20190600
2018-11-30 06:00:00,151.37,151.37,151.37,20190300,20190600,20190600
2018-12-03 06:00:00,151.48,151.48,151.48,20190300,20190600,20190600
2018-12-04 06:00:00,151.66,151.66,151.66,20190300,20190600,20190600
2018-12-05 06:00:00,151.67,151.67,151.67,20190300,20190600,20190600
2018-12-06 06:00:00,151.81,151.81,151.81,20190300,20190600,20190600
2018-12-07 06:00:00,151.8,151.8,151.8,20190300,20190600,20190600
2018-12-10 06:00:00,152.01,152.01,152.01,20190300,20190600,20190600
2018-12-11 06:00:00,151.91,151.91,151.91,20190300,20190600,20190600
2018-12-12 06:00:00,151.74,151.74,151.74,20190300,20190600,20190600
2018-12-13 06:00:00,151.83,151.83,151.83,20190300,20190600,20190600
2018-12-14 06:00:00,152.16,152.16,152.16,20190300,20190600,20190600
2018-12-17 06:00:00,152.12,152.12,152.12,20190300,20190600,20190600
2018-12-18 06:00:00,152.47,152.47,152.47,20190300,20190600,20190600
2018-12-19 06:00:00,152.42,152.42,152.42,20190300,20190600,20190600
2018-12-20 06:00:00,152.58,152.58,152.58,20190300,20190600,20190600
2018-12-21 06:00:00,152.31,152.31,152.31,20190300,20190600,20190600
2018-12-24 06:00:00,152.34,152.34,152.34,20190300,20190600,20190600
2018-12-25 06:00:00,152.5,152.5,152.5,20190300,20190600,20190600
2018-12-26 06:00:00,152.36,152.36,152.36,20190300,20190600,20190600
2018-12-27 06:00:00,152.45,152.45,152.45,20190300,20190600,20190600
2018-12-28 06:00:00,152.57,152.57,152.57,20190300,20190600,20190600
2018-12-31 06:00:00,152.63,152.63,152.63,20190300,20190600,20190600
2019-01-02 06:00:00,152.5,152.5,152.5,20190300,20190600,20190600
2019-01-03 06:00:00,152.84,152.84,152.84,20190300,20190600,20190600
2019-01-04 06:00:00,152.82,152.82,152.82,20190300,20190600,20190600
2019-01-07 06:00:00,152.71,152.71,152.71,20190300,20190600,20190600
2019-01-08 06:00:00,152.41,152.41,152.41,20190300,20190600,20190600
2019-01-09 06:00:00,152.29,152.29,152.29,20190300,20190600,20190600
2019-01-10 06:00:00,152.6,152.6,152.6,20190300,20190600,20190600
2019-01-11 06:00:00,152.6,152.6,152.6,20190300,20190600,20190600
2019-01-14 06:00:00,152.62,152.62,152.62,20190300,20190600,20190600
2019-01-15 06:00:00,152.57,152.57,152.57,20190300,20190600,20190600
2019-01-16 06:00:00,152.58,152.58,152.58,20190300,20190600,20190600
2019-01-17 06:00:00,152.59,152.59,152.59,20190300,20190600,20190600
2019-01-18 06:00:00,152.44,152.44,152.44,20190300,20190600,20190600
2019-01-21 06:00:00,152.53,152.53,152.53,20190300,20190600,20190600
2019-01-22 06:00:00,152.59,152.59,152.59,20190300,20190600,20190600
2019-01-23 06:00:00,152.55,152.55,152.55,20190300,20190600,20190600
2019-01-24 06:00:00,152.57,152.57,152.57,20190300,20190600,20190600
2019-01-25 06:00:00,152.7,152.7,152.7,20190300,20190600,20190600
2019-01-28 06:00:00,152.66,152.66,152.66,20190300,20190600,20190600
2019-01-29 06:00:00,152.62,152.62,152.62,20190300,20190600,20190600
2019-01-30 06:00:00,152.65,152.65,152.65,20190300,20190600,20190600
2019-01-31 06:00:00,152.76,152.76,152.76,20190300,20190600,20190600
2019-02-01 06:00:00,152.88,152.75,152.75,20190300,20190600,20190600
2019-02-04 06:00:00,152.71,152.58,152.58,20190300,20190600,20190600
2019-02-05 06:00:00,152.66,152.53,152.53,20190300,20190600,20190600
2019-02-06 06:00:00,152.75,152.62,152.62,20190300,20190600,20190600
2019-02-07 06:00:00,152.6,152.47,152.47,20190300,20190600,20190600
2019-02-08 06:00:00,152.81,152.68,152.68,20190300,20190600,20190600
2019-02-11 06:00:00,152.87,152.74,152.74,20190300,20190600,20190600
2019-02-12 06:00:00,152.68,152.55,152.55,20190300,20190600,20190600
2019-02-13 06:00:00,152.68,152.55,152.55,20190300,20190600,20190600
2019-02-14 06:00:00,152.83,152.7,152.7,20190300,20190600,20190600
2019-02-15 06:00:00,152.87,152.74,152.74,20190300,20190600,20190600
2019-02-18 06:00:00,152.88,152.76,152.76,20190300,20190600,20190600
2019-02-19 06:00:00,152.92,152.8,152.8,20190300,20190600,20190600
2019-02-20 06:00:00,152.93,152.82,152.82,20190300,20190600,20190600
2019-02-21 06:00:00,152.89,152.78,152.78,20190300,20190600,20190600
2019-02-22 06:00:00,152.88,152.77,152.77,20190300,20190600,20190600
2019-02-25 06:00:00,152.86,152.75,152.75,20190300,20190600,20190600
2019-02-26 06:00:00,152.76,152.76,152.76,20190600,20190900,20190900
2019-02-27 06:00:00,152.75,152.75,152.75,20190600,20190900,20190900
2019-02-28 06:00:00,152.55,152.55,152.55,20190600,20190900,20190900
2019-03-01 06:00:00,152.55,152.55,152.55,20190600,20190900,20190900
2019-03-04 06:00:00,152.45,152.45,152.45,20190600,20190900,20190900
2019-03-05 06:00:00,152.35,152.35,152.35,20190600,20190900,20190900
2019-03-06 06:00:00,152.53,152.53,152.53,20190600,20190900,20190900
2019-03-07 06:00:00,152.52,152.52,152.52,20190600,20190900,20190900
2019-03-08 06:00:00,152.74,152.74,152.74,20190600,20190900,20190900
2019-03-11 05:00:00,152.73,152.73,152.73,20190600,20190900,20190900
2019-03-12 05:00:00,152.71,152.71,152.71,20190600,20190900,20190900
2019-03-13 05:00:00,152.87,152.87,152.87,20190600,20190900,20190900
2019-03-14 05:00:00,152.83,152.83,152.83,20190600,20190900,20190900
2019-03-15 05:00:00,152.78,152.78,152.78,20190600,20190900,20190900
2019-03-18 05:00:00,152.81,152.81,152.81,20190600,20190900,20190900
2019-03-19 05:00:00,152.85,152.85,152.85,20190600,20190900,20190900
2019-03-20 05:00:00,152.73,152.73,152.73,20190600,20190900,20190900
2019-03-21 05:00:00,152.93,152.93,152.93,20190600,20190900,20190900
2019-03-22 05:00:00,153.11,153.11,153.11,20190600,20190900,20190900
2019-03-25 05:00:00,153.08,153.07,153.07,20190600,20190900,20190900
2019-03-26 05:00:00,152.95,152.94,152.94,20190600,20190900,20190900
2019-03-27 05:00:00,153.05,153.04,153.04,20190600,20190900,20190900
2019-03-28 05:00:00,153.22,153.21,153.21,20190600,20190900,20190900
2019-03-29 05:00:00,153.28,153.27,153.27,20190600,20190900,20190900
2019-04-01 05:00:00,153.16,153.15,153.15,20190600,20190900,20190900
2019-04-02 05:00:00,152.97,152.96,152.96,20190600,20190900,20190900
2019-04-03 05:00:00,152.89,152.88,152.88,20190600,20190900,20190900
2019-04-04 05:00:00,152.87,152.86,152.86,20190600,20190900,20190900
2019-04-05 05:00:00,152.71,152.7,152.7,20190600,20190900,20190900
2019-04-08 05:00:00,152.87,152.86,152.86,20190600,20190900,20190900
2019-04-09 05:00:00,152.9,152.89,152.89,20190600,20190900,20190900
2019-04-10 05:00:00,152.94,152.93,152.93,20190600,20190900,20190900
2019-04-11 05:00:00,152.92,152.91,152.91,20190600,20190900,20190900
2019-04-12 05:00:00,152.73,152.72,152.72,20190600,20190900,20190900
2019-04-15 05:00:00,152.6,152.59,152.59,20190600,20190900,20190900
2019-04-16 05:00:00,152.49,152.48,152.48,20190600,20190900,20190900
2019-04-17 05:00:00,152.33,152.32,152.32,20190600,20190900,20190900
2019-04-18 05:00:00,152.62,152.61,152.61,20190600,20190900,20190900
2019-04-19 05:00:00,152.51,152.5,152.5,20190600,20190900,20190900
2019-04-22 05:00:00,152.55,152.54,152.54,20190600,20190900,20190900
2019-04-23 05:00:00,152.55,152.54,152.54,20190600,20190900,20190900
2019-04-24 05:00:00,152.71,152.7,152.7,20190600,20190900,20190900
2019-04-25 05:00:00,152.58,152.57,152.57,20190600,20190900,20190900
2019-04-26 05:00:00,152.81,152.8,152.8,20190600,20190900,20190900
2019-04-29 05:00:00,152.83,152.82,152.82,20190600,20190900,20190900
2019-04-30 05:00:00,152.72,152.71,152.71,20190600,20190900,20190900
2019-05-01 05:00:00,152.73,152.72,152.72,20190600,20190900,20190900
2019-05-02 05:00:00,152.64,152.63,152.63,20190600,20190900,20190900
2019-05-03 05:00:00,152.64,152.63,152.63,20190600,20190900,20190900
2019-05-06 05:00:00,152.81,152.8,152.8,20190600,20190900,20190900
2019-05-07 05:00:00,152.81,152.8,152.8,20190600,20190900,20190900
2019-05-08 05:00:00,152.78,152.77,152.77,20190600,20190900,20190900
2019-05-09 05:00:00,152.8,152.79,152.79,20190600,20190900,20190900
2019-05-10 05:00:00,152.76,152.75,152.75,20190600,20190900,20190900
2019-05-13 05:00:00,152.8,152.79,152.79,20190600,20190900,20190900
2019-05-14 05:00:00,152.77,152.76,152.76,20190600,20190900,20190900
2019-05-15 05:00:00,152.8,152.79,152.79,20190600,20190900,20190900
2019-05-16 05:00:00,152.85,152.84,152.84,20190600,20190900,20190900
2019-05-17 05:00:00,152.74,152.73,152.73,20190600,20190900,20190900
2019-05-20 05:00:00,152.61,152.6,152.6,20190600,20190900,20190900
2019-05-21 05:00:00,152.67,152.66,152.66,20190600,20190900,20190900
2019-05-22 05:00:00,152.72,152.71,152.71,20190600,20190900,20190900
2019-05-23 05:00:00,152.81,152.74,152.74,20190600,20190900,20190900
2019-05-24 05:00:00,152.85,152.78,152.78,20190600,20190900,20190900
2019-05-27 05:00:00,152.85,152.78,152.78,20190600,20190900,20190900
2019-05-28 05:00:00,152.89,152.89,152.89,20190900,20191200,20191200
2019-05-29 05:00:00,153.08,153.08,153.08,20190900,20191200,20191200
2019-05-30 05:00:00,152.92,152.92,152.92,20190900,20191200,20191200
2019-05-31 05:00:00,153.11,153.11,153.11,20190900,20191200,20191200
2019-06-03 05:00:00,153.17,153.17,153.17,20190900,20191200,20191200
2019-06-04 05:00:00,153.22,153.22,153.22,20190900,20191200,20191200
2019-06-05 05:00:00,153.57,153.57,153.57,20190900,20191200,20191200
2019-06-06 05:00:00,153.51,153.51,153.51,20190900,20191200,20191200
2019-06-07 05:00:00,153.45,153.45,153.45,20190900,20191200,20191200
2019-06-10 05:00:00,153.47,153.47,153.47,20190900,20191200,20191200
2019-06-11 05:00:00,153.38,153.38,153.38,20190900,20191200,20191200
2019-06-12 05:00:00,153.48,153.48,153.48,20190900,20191200,20191200
2019-06-13 05:00:00,153.44,153.44,153.44,20190900,20191200,20191200
2019-06-14 05:00:00,153.6,153.6,153.6,20190900,20191200,20191200
2019-06-17 05:00:00,153.46,153.46,153.46,20190900,20191200,20191200
2019-06-18 05:00:00,153.68,153.68,153.68,20190900,20191200,20191200
2019-06-19 05:00:00,153.61,153.61,153.61,20190900,20191200,20191200
2019-06-20 05:00:00,153.96,153.96,153.96,20190900,20191200,20191200
2019-06-21 05:00:00,153.89,153.89,153.89,20190900,20191200,20191200
2019-06-24 05:00:00,153.86,153.86,153.86,20190900,20191200,20191200
2019-06-25 05:00:00,153.86,153.86,153.86,20190900,20191200,20191200
2019-06-26 05:00:00,153.71,153.71,153.71,20190900,20191200,20191200
2019-06-27 05:00:00,153.73,153.73,153.73,20190900,20191200,20191200
2019-06-28 05:00:00,153.9,153.9,153.9,20190900,20191200,20191200
2019-07-01 05:00:00,153.76,153.76,153.76,20190900,20191200,20191200
2019-07-02 05:00:00,153.73,153.73,153.73,20190900,20191200,20191200
2019-07-03 05:00:00,153.9,153.9,153.9,20190900,20191200,20191200
2019-07-04 05:00:00,153.94,153.94,153.94,20190900,20191200,20191200
2019-07-05 05:00:00,153.86,153.86,153.86,20190900,20191200,20191200
2019-07-08 05:00:00,153.74,153.74,153.74,20190900,20191200,20191200
2019-07-09 05:00:00,153.64,153.64,153.64,20190900,20191200,20191200
2019-07-10 05:00:00,153.42,153.42,153.42,20190900,20191200,20191200
2019-07-11 05:00:00,153.61,153.61,153.61,20190900,20191200,20191200
2019-07-12 05:00:00,153.34,153.34,153.34,20190900,20191200,20191200
2019-07-15 05:00:00,153.39,153.39,153.39,20190900,20191200,20191200
2019-07-16 05:00:00,153.44,153.44,153.44,20190900,20191200,20191200
2019-07-17 05:00:00,153.44,153.44,153.44,20190900,20191200,20191200
2019-07-18 05:00:00,153.56,153.56,153.56,20190900,20191200,20191200
2019-07-19 05:00:00,153.64,153.64,153.64,20190900,20191200,20191200
2019-07-22 05:00:00,153.62,153.62,153.62,20190900,20191200,20191200
2019-07-23 05:00:00,153.72,153.72,153.72,20190900,20191200,20191200
2019-07-24 05:00:00,153.73,153.73,153.73,20190900,20191200,20191200
2019-07-25 05:00:00,153.76,153.76,153.76,20190900,20191200,20191200
2019-07-26 05:00:00,153.75,153.75,153.75,20190900,20191200,20191200
2019-07-29 05:00:00,153.72,153.72,153.72,20190900,20191200,20191200
2019-07-30 05:00:00,153.82,153.82,153.82,20190900,20191200,20191200
2019-07-31 05:00:00,153.82,153.82,153.82,20190900,20191200,20191200
2019-08-01 05:00:00,153.55,153.55,153.55,20190900,20191200,20191200
2019-08-02 05:00:00,153.94,153.94,153.94,20190900,20191200,20191200
2019-08-05 05:00:00,154.24,154.24,154.24,20190900,20191200,20191200
2019-08-06 05:00:00,154.19,154.19,154.19,20190900,20191200,20191200
2019-08-07 05:00:00,154.4,154.4,154.4,20190900,20191200,20191200
2019-08-08 05:00:00,154.44,154.44,154.44,20190900,20191200,20191200
2019-08-09 05:00:00,154.72,154.72,154.72,20190900,20191200,20191200
2019-08-12 05:00:00,154.68,154.68,154.68,20190900,20191200,20191200
2019-08-13 05:00:00,154.91,154.91,154.91,20190900,20191200,20191200
2019-08-14 05:00:00,154.76,154.76,154.76,20190900,20191200,20191200
2019-08-15 05:00:00,154.89,154.89,154.89,20190900,20191200,20191200
2019-08-16 05:00:00,154.8,154.89,154.89,20190900,20191200,20191200
2019-08-19 05:00:00,154.76,154.85,154.85,20190900,20191200,20191200
2019-08-20 05:00:00,154.96,155.05,155.05,20190900,20191200,20191200
2019-08-21 05:00:00,154.89,154.98,154.98,20190900,20191200,20191200
2019-08-22 05:00:00,154.96,155.05,155.05,20190900,20191200,20191200
2019-08-23 05:00:00,154.87,154.96,154.96,20190900,20191200,20191200
2019-08-26 05:00:00,155.22,155.34,155.34,20190900,20191200,20191200
2019-08-27 05:00:00,155.18,155.3,155.3,20190900,20191200,20191200
2019-08-28 05:00:00,155.39,155.39,155.39,20191200,20200300,20200300
2019-08-29 05:00:00,155.35,155.35,155.35,20191200,20200300,20200300
2019-08-30 05:00:00,155.35,155.35,155.35,20191200,20200300,20200300
2019-09-02 05:00:00,155.28,155.28,155.28,20191200,20200300,20200300
2019-09-03 05:00:00,155.46,155.46,155.46,20191200,20200300,20200300
2019-09-04 05:00:00,155.33,155.33,155.33,20191200,20200300,20200300
2019-09-05 05:00:00,155.1,155.1,155.1,20191200,20200300,20200300
2019-09-06 05:00:00,155.01,155.01,155.01,20191200,20200300,20200300
2019-09-09 05:00:00,155.09,155.09,155.09,20191200,20200300,20200300
2019-09-10 05:00:00,154.88,154.88,154.88,20191200,20200300,20200300
2019-09-11 05:00:00,154.53,154.53,154.53,20191200,20200300,20200300
2019-09-12 05:00:00,154.64,154.64,154.64,20191200,20200300,20200300
2019-09-13 05:00:00,154.05,154.05,154.05,20191200,20200300,20200300
2019-09-16 05:00:00,153.86,153.86,153.86,20191200,20200300,20200300
2019-09-17 05:00:00,154.03,154.03,154.03,20191200,20200300,20200300
2019-09-18 05:00:00,154.47,154.47,154.47,20191200,20200300,20200300
2019-09-19 05:00:00,154.69,154.69,154.69,20191200,20200300,20200300
2019-09-20 05:00:00,154.73,154.73,154.73,20191200,20200300,20200300
2019-09-23 05:00:00,154.98,154.98,154.98,20191200,20200300,20200300
2019-09-24 05:00:00,154.99,154.99,154.99,20191200,20200300,20200300
2019-09-25 05:00:00,155.41,155.41,155.41,20191200,20200300,20200300
2019-09-26 05:00:00,155.28,155.28,155.28,20191200,20200300,20200300
2019-09-27 05:00:00,155.16,155.16,155.16,20191200,20200300,20200300
2019-09-30 05:00:00,154.94,154.94,154.94,20191200,20200300,20200300
2019-10-01 05:00:00,154.21,154.21,154.21,20191200,20200300,20200300
2019-10-02 05:00:00,154.67,154.67,154.67,20191200,20200300,20200300
2019-10-03 05:00:00,155.07,155.07,155.07,20191200,20200300,20200300
2019-10-04 05:00:00,155.21,155.21,155.21,20191200,20200300,20200300
2019-10-07 05:00:00,155.23,155.23,155.23,20191200,20200300,20200300
2019-10-08 05:00:00,155.03,155.03,155.03,20191200,20200300,20200300
2019-10-09 05:00:00,154.92,154.92,154.92,20191200,20200300,20200300
2019-10-10 05:00:00,154.96,154.96,154.96,20191200,20200300,20200300
2019-10-11 05:00:00,154.63,154.63,154.63,20191200,20200300,20200300
2019-10-14 05:00:00,154.45,154.63,154.63,20191200,20200300,20200300
2019-10-15 05:00:00,154.46,154.64,154.64,20191200,20200300,20200300
2019-10-16 05:00:00,154.36,154.54,154.54,20191200,20200300,20200300
2019-10-17 05:00:00,154.23,154.41,154.41,20191200,20200300,20200300
2019-10-18 05:00:00,154.11,154.29,154.29,20191200,20200300,20200300
2019-10-21 05:00:00,153.98,154.16,154.16,20191200,20200300,20200300
2019-10-22 05:00:00,153.83,154.01,154.01,20191200,20200300,20200300
2019-10-23 05:00:00,154.23,154.41,154.41,20191200,20200300,20200300
2019-10-24 05:00:00,154.17,154.35,154.35,20191200,20200300,20200300
2019-10-25 05:00:00,154.06,154.24,154.24,20191200,20200300,20200300
2019-10-28 05:00:00,153.82,154.0,154.0,20191200,20200300,20200300
2019-10-29 05:00:00,153.75,153.93,153.93,20191200,20200300,20200300
2019-10-30 05:00:00,153.72,153.9,153.9,20191200,20200300,20200300
2019-10-31 05:00:00,154.17,154.35,154.35,20191200,20200300,20200300
2019-11-01 05:00:00,154.44,154.62,154.62,20191200,20200300,20200300
2019-11-04 06:00:00,154.11,154.29,154.29,20191200,20200300,20200300
2019-11-05 06:00:00,153.67,153.85,153.85,20191200,20200300,20200300
2019-11-06 06:00:00,153.27,153.45,153.45,20191200,20200300,20200300
2019-11-07 06:00:00,153.03,153.21,153.21,20191200,20200300,20200300
2019-11-08 06:00:00,152.94,153.12,153.12,20191200,20200300,20200300
2019-11-11 06:00:00,153.04,153.22,153.22,20191200,20200300,20200300
2019-11-12 06:00:00,152.56,152.74,152.74,20191200,20200300,20200300
2019-11-13 06:00:00,152.87,153.05,153.05,20191200,20200300,20200300
2019-11-14 06:00:00,153.17,153.35,153.35,20191200,20200300,20200300
2019-11-15 06:00:00,153.1,153.28,153.28,20191200,20200300,20200300
2019-11-18 06:00:00,153.23,153.41,153.41,20191200,20200300,20200300
2019-11-19 06:00:00,153.21,153.39,153.39,20191200,20200300,20200300
2019-11-20 06:00:00,153.53,153.71,153.71,20191200,20200300,20200300
2019-11-21 06:00:00,153.32,153.5,153.5,20191200,20200300,20200300
2019-11-22 06:00:00,153.21,153.19,153.19,20191200,20200300,20200300
2019-11-25 06:00:00,153.22,153.2,153.2,20191200,20200300,20200300
2019-11-26 06:00:00,153.38,153.36,153.36,20191200,20200300,20200300
2019-11-27 06:00:00,153.53,153.53,153.53,20200300,20200600,20200600
2019-11-28 06:00:00,153.25,153.25,153.25,20200300,20200600,20200600
2019-11-29 06:00:00,153.13,153.13,153.13,20200300,20200600,20200600
2019-12-02 06:00:00,152.66,152.66,152.66,20200300,20200600,20200600
2019-12-03 06:00:00,152.6,152.6,152.6,20200300,20200600,20200600
2019-12-04 06:00:00,152.59,152.59,152.59,20200300,20200600,20200600
2019-12-05 06:00:00,152.64,152.64,152.64,20200300,20200600,20200600
2019-12-06 06:00:00,152.44,152.44,152.44,20200300,20200600,20200600
2019-12-09 06:00:00,152.3,152.3,152.3,20200300,20200600,20200600
2019-12-10 06:00:00,152.4,152.4,152.4,20200300,20200600,20200600
2019-12-11 06:00:00,152.21,152.21,152.21,20200300,20200600,20200600
2019-12-12 06:00:00,152.3,152.3,152.3,20200300,20200600,20200600
2019-12-13 06:00:00,152.38,152.38,152.38,20200300,20200600,20200600
2019-12-16 06:00:00,152.21,152.21,152.21,20200300,20200600,20200600
2019-12-17 06:00:00,152.1,152.1,152.1,20200300,20200600,20200600
2019-12-18 06:00:00,152.24,152.24,152.24,20200300,20200600,20200600
2019-12-19 06:00:00,151.9,151.9,151.9,20200300,20200600,20200600
2019-12-20 06:00:00,151.65,151.65,151.65,20200300,20200600,20200600
2019-12-23 06:00:00,151.76,151.76,151.76,20200300,20200600,20200600
2019-12-24 06:00:00,151.82,151.82,151.82,20200300,20200600,20200600
2019-12-25 06:00:00,152.24,152.24,152.24,20200300,20200600,20200600
2019-12-26 06:00:00,152.14,152.14,152.14,20200300,20200600,20200600
2019-12-27 06:00:00,152.04,152.04,152.04,20200300,20200600,20200600
2019-12-30 06:00:00,152.06,152.06,152.06,20200300,20200600,20200600
2019-12-31 06:00:00,151.93,151.93,151.93,20200300,20200600,20200600
2020-01-02 06:00:00,151.99,151.99,151.99,20200300,20200600,20200600
2020-01-03 06:00:00,152.17,152.17,152.17,20200300,20200600,20200600
2020-01-06 06:00:00,152.32,152.32,152.32,20200300,20200600,20200600
2020-01-07 06:00:00,151.98,151.98,151.98,20200300,20200600,20200600
2020-01-08 06:00:00,152.09,152.09,152.09,20200300,20200600,20200600
2020-01-09 06:00:00,151.98,151.98,151.98,20200300,20200600,20200600
2020-01-10 06:00:00,152.02,152.02,152.02,20200300,20200600,20200600
2020-01-13 06:00:00,152.02,152.02,152.02,20200300,20200600,20200600
2020-01-14 06:00:00,151.85,151.85,151.85,20200300,20200600,20200600
2020-01-15 06:00:00,151.93,151.93,151.93,20200300,20200600,20200600
2020-01-16 06:00:00,151.93,151.93,151.93,20200300,20200600,20200600
2020-01-17 06:00:00,152.03,152.03,152.03,20200300,20200600,20200600
2020-01-20 06:00:00,151.98,151.98,151.98,20200300,20200600,20200600
2020-01-21 06:00:00,152.14,152.14,152.14,20200300,20200600,20200600
2020-01-22 06:00:00,152.18,152.18,152.18,20200300,20200600,20200600
2020-01-23 06:00:00,152.45,152.45,152.45,20200300,20200600,20200600
2020-01-24 06:00:00,152.28,152.28,152.28,20200300,20200600,20200600
2020-01-27 06:00:00,152.66,152.66,152.66,20200300,20200600,20200600
2020-01-28 06:00:00,152.67,152.67,152.67,20200300,20200600,20200600
2020-01-29 06:00:00,152.58,152.58,152.58,20200300,20200600,20200600
2020-01-30 06:00:00,152.85,152.85,152.85,20200300,20200600,20200600
2020-01-31 06:00:00,152.9,152.9,152.9,20200300,20200600,20200600
2020-02-03 06:00:00,152.93,152.93,152.93,20200300,20200600,20200600
2020-02-04 06:00:00,152.77,152.77,152.77,20200300,20200600,20200600
2020-02-05 06:00:00,152.53,152.53,152.53,20200300,20200600,20200600
2020-02-06 06:00:00,152.42,152.42,152.42,20200300,20200600,20200600
2020-02-07 06:00:00,152.64,152.64,152.64,20200300,20200600,20200600
2020-02-10 06:00:00,152.82,152.82,152.82,20200300,20200600,20200600
2020-02-11 06:00:00,152.81,152.81,152.81,20200300,20200600,20200600
2020-02-12 06:00:00,152.54,152.54,152.54,20200300,20200600,20200600
2020-02-13 06:00:00,152.62,152.62,152.62,20200300,20200600,20200600
2020-02-14 06:00:00,152.53,152.53,152.53,20200300,20200600,20200600
2020-02-17 06:00:00,152.59,152.59,152.59,20200300,20200600,20200600
2020-02-18 06:00:00,152.88,152.88,152.88,20200300,20200600,20200600
2020-02-19 06:00:00,152.75,152.76,152.76,20200300,20200600,20200600
2020-02-20 06:00:00,152.65,152.66,152.66,20200300,20200600,20200600
2020-02-21 06:00:00,152.9,152.91,152.91,20200300,20200600,20200600
2020-02-24 06:00:00,153.28,153.29,153.29,20200300,20200600,20200600
2020-02-25 06:00:00,153.48,153.47,153.47,20200300,20200600,20200600
2020-02-26 06:00:00,153.43,153.43,153.43,20200600,20200900,20200900
2020-02-27 06:00:00,153.66,153.66,153.66,20200600,20200900,20200900
2020-02-28 06:00:00,154.08,154.08,154.08,20200600,20200900,20200900
2020-03-02 06:00:00,153.8,153.8,153.8,20200600,20200900,20200900
2020-03-03 06:00:00,153.76,153.76,153.76,20200600,20200900,20200900
2020-03-04 06:00:00,154.07,154.07,154.07,20200600,20200900,20200900
2020-03-05 06:00:00,154.03,154.03,154.03,20200600,20200900,20200900
2020-03-06 06:00:00,154.89,154.89,154.89,20200600,20200900,20200900
2020-03-09 05:00:00,155.82,155.82,155.82,20200600,20200900,20200900
2020-03-10 05:00:00,154.71,154.71,154.71,20200600,20200900,20200900
2020-03-11 05:00:00,154.7,154.7,154.7,20200600,20200900,20200900
2020-03-12 05:00:00,154.48,154.48,154.48,20200600,20200900,20200900
2020-03-13 05:00:00,153.06,153.06,153.06,20200600,20200900,20200900
2020-03-16 05:00:00,153.02,153.02,153.02,20200600,20200900,20200900
2020-03-17 05:00:00,152.32,152.32,152.32,20200600,20200900,20200900
2020-03-18 05:00:00,151.21,151.21,151.21,20200600,20200900,20200900
2020-03-19 05:00:00,151.24,151.24,151.24,20200600,20200900,20200900
2020-03-20 05:00:00,150.35,150.35,150.35,20200600,20200900,20200900
2020-03-23 05:00:00,151.29,151.29,151.29,20200600,20200900,20200900
2020-03-24 05:00:00,152.19,152.19,152.19,20200600,20200900,20200900
2020-03-25 05:00:00,151.63,151.63,151.63,20200600,20200900,20200900
2020-03-26 05:00:00,152.64,152.64,152.64,20200600,20200900,20200900
2020-03-27 05:00:00,152.4,152.4,152.4,20200600,20200900,20200900
2020-03-30 05:00:00,152.97,152.97,152.97,20200600,20200900,20200900
2020-03-31 05:00:00,152.65,152.65,152.65,20200600,20200900,20200900
2020-04-01 05:00:00,152.59,152.59,152.59,20200600,20200900,20200900
2020-04-02 05:00:00,152.68,152.68,152.68,20200600,20200900,20200900
2020-04-03 05:00:00,152.6,152.6,152.6,20200600,20200900,20200900
2020-04-06 05:00:00,152.15,152.15,152.15,20200600,20200900,20200900
2020-04-07 05:00:00,152.07,152.07,152.07,20200600,20200900,20200900
2020-04-08 05:00:00,152.01,152.01,152.01,20200600,20200900,20200900
2020-04-09 05:00:00,152.17,152.17,152.17,20200600,20200900,20200900
2020-04-10 05:00:00,152.35,152.35,152.35,20200600,20200900,20200900
2020-04-13 05:00:00,152.27,152.27,152.27,20200600,20200900,20200900
2020-04-14 05:00:00,152.21,152.21,152.21,20200600,20200900,20200900
2020-04-15 05:00:00,152.2,152.2,152.2,20200600,20200900,20200900
2020-04-16 05:00:00,152.31,152.31,152.31,20200600,20200900,20200900
2020-04-17 05:00:00,152.11,152.11,152.11,20200600,20200900,20200900
2020-04-20 05:00:00,152.18,152.18,152.18,20200600,20200900,20200900
2020-04-21 05:00:00,152.19,152.19,152.19,20200600,20200900,20200900
2020-04-22 05:00:00,152.34,152.34,152.34,20200600,20200900,20200900
2020-04-23 05:00:00,152.44,152.44,152.44,20200600,20200900,20200900
2020-04-24 05:00:00,152.77,152.77,152.77,20200600,20200900,20200900
2020-04-27 05:00:00,153.01,153.01,153.01,20200600,20200900,20200900
2020-04-28 05:00:00,152.89,152.89,152.89,20200600,20200900,20200900
2020-04-29 05:00:00,152.85,152.85,152.85,20200600,20200900,20200900
2020-04-30 05:00:00,152.75,152.75,152.75,20200600,20200900,20200900
2020-05-01 05:00:00,152.64,152.64,152.64,20200600,20200900,20200900
2020-05-04 05:00:00,152.53,152.53,152.53,20200600,20200900,20200900
2020-05-05 05:00:00,152.3,152.3,152.3,20200600,20200900,20200900
2020-05-06 05:00:00,152.39,152.39,152.39,20200600,20200900,20200900
2020-05-07 05:00:00,152.26,152.26,152.26,20200600,20200900,20200900
2020-05-08 05:00:00,152.41,152.41,152.41,20200600,20200900,20200900
2020-05-11 05:00:00,152.2,152.2,152.2,20200600,20200900,20200900
2020-05-12 05:00:00,152.27,152.27,152.27,20200600,20200900,20200900
2020-05-13 05:00:00,152.28,152.28,152.28,20200600,20200900,20200900
2020-05-14 05:00:00,152.33,152.33,152.33,20200600,20200900,20200900
2020-05-15 05:00:00,152.34,152.34,152.34,20200600,20200900,20200900
2020-05-18 05:00:00,152.5,152.5,152.5,20200600,20200900,20200900
2020-05-19 05:00:00,152.29,152.29,152.29,20200600,20200900,20200900
2020-05-20 05:00:00,152.27,152.27,152.27,20200600,20200900,20200900
2020-05-21 05:00:00,152.33,152.33,152.33,20200600,20200900,20200900
2020-05-22 05:00:00,152.39,152.39,152.39,20200600,20200900,20200900
2020-05-25 05:00:00,152.31,152.29,152.29,20200600,20200900,20200900
2020-05-26 05:00:00,152.28,152.26,152.26,20200600,20200900,20200900
2020-05-27 05:00:00,152.31,152.29,152.29,20200600,20200900,20200900
2020-05-28 05:00:00,152.28,152.28,152.28,20200900,20201200,20201200
2020-05-29 05:00:00,152.16,152.16,152.16,20200900,20201200,20201200
2020-06-01 05:00:00,152.16,152.16,152.16,20200900,20201200,20201200
2020-06-02 05:00:00,152.16,152.16,152.16,20200900,20201200,20201200
2020-06-03 05:00:00,152.02,152.02,152.02,20200900,20201200,20201200
2020-06-04 05:00:00,151.64,151.64,151.64,20200900,20201200,20201200
2020-06-05 05:00:00,151.52,151.52,151.52,20200900,20201200,20201200
2020-06-08 05:00:00,151.52,151.52,151.52,20200900,20201200,20201200
2020-06-09 05:00:00,151.99,151.99,151.99,20200900,20201200,20201200
2020-06-10 05:00:00,151.92,151.92,151.92,20200900,20201200,20201200
2020-06-11 05:00:00,152.17,152.17,152.17,20200900,20201200,20201200
2020-06-12 05:00:00,152.11,152.11,152.11,20200900,20201200,20201200
2020-06-15 05:00:00,152.2,152.2,152.2,20200900,20201200,20201200
2020-06-16 05:00:00,152.05,152.05,152.05,20200900,20201200,20201200
2020-06-17 05:00:00,152.01,152.01,152.01,20200900,20201200,20201200
2020-06-18 05:00:00,152.09,152.09,152.09,20200900,20201200,20201200
2020-06-19 05:00:00,152.11,152.11,152.11,20200900,20201200,20201200
2020-06-22 05:00:00,152.17,152.17,152.17,20200900,20201200,20201200
2020-06-23 05:00:00,152.18,152.18,152.18,20200900,20201200,20201200
2020-06-24 05:00:00,152.15,152.15,152.15,20200900,20201200,20201200
2020-06-25 05:00:00,152.13,152.13,152.13,20200900,20201200,20201200
2020-06-26 05:00:00,152.16,152.16,152.16,20200900,20201200,20201200
2020-06-29 05:00:00,152.09,152.09,152.09,20200900,20201200,20201200
2020-06-30 05:00:00,151.88,151.88,151.88,20200900,20201200,20201200
2020-07-01 05:00:00,151.77,151.77,151.77,20200900,20201200,20201200
2020-07-02 05:00:00,151.85,151.85,151.85,20200900,20201200,20201200
2020-07-03 05:00:00,151.99,151.99,151.99,20200900,20201200,20201200
2020-07-06 05:00:00,151.83,151.83,151.83,20200900,20201200,20201200
2020-07-07 05:00:00,151.87,151.87,151.87,20200900,20201200,20201200
2020-07-08 05:00:00,152.0,152.0,152.0,20200900,20201200,20201200
2020-07-09 05:00:00,152.1,152.1,152.1,20200900,20201200,20201200
2020-07-10 05:00:00,152.3,152.3,152.3,20200900,20201200,20201200
2020-07-13 05:00:00,152.08,152.08,152.08,20200900,20201200,20201200
2020-07-14 05:00:00,152.15,152.15,152.15,20200900,20201200,20201200
2020-07-15 05:00:00,152.24,152.24,152.24,20200900,20201200,20201200
2020-07-16 05:00:00,152.4,152.4,152.4,20200900,20201200,20201200
2020-07-17 05:00:00,152.44,152.44,152.44,20200900,20201200,20201200
2020-07-20 05:00:00,152.36,152.36,152.36,20200900,20201200,20201200
2020-07-21 05:00:00,152.48,152.48,152.48,20200900,20201200,20201200
2020-07-22 05:00:00,152.43,152.43,152.43,20200900,20201200,20201200
2020-07-23 05:00:00,152.43,152.43,152.43,20200900,20201200,20201200
2020-07-24 05:00:00,152.41,152.41,152.41,20200900,20201200,20201200
2020-07-27 05:00:00,152.34,152.34,152.34,20200900,20201200,20201200
2020-07-28 05:00:00,152.33,152.33,152.33,20200900,20201200,20201200
2020-07-29 05:00:00,152.36,152.36,152.36,20200900,20201200,20201200
2020-07-30 05:00:00,152.35,152.35,152.35,20200900,20201200,20201200
2020-07-31 05:00:00,152.36,152.36,152.36,20200900,20201200,20201200
2020-08-03 05:00:00,152.25,152.25,152.25,20200900,20201200,20201200
2020-08-04 05:00:00,152.41,152.41,152.41,20200900,20201200,20201200
2020-08-05 05:00:00,152.39,152.39,152.39,20200900,20201200,20201200
2020-08-06 05:00:00,152.31,152.31,152.31,20200900,20201200,20201200
2020-08-07 05:00:00,152.29,152.29,152.29,20200900,20201200,20201200
2020-08-10 05:00:00,152.26,152.26,152.26,20200900,20201200,20201200
2020-08-11 05:00:00,151.9,151.9,151.9,20200900,20201200,20201200
2020-08-12 05:00:00,151.72,151.72,151.72,20200900,20201200,20201200
2020-08-13 05:00:00,151.88,151.88,151.88,20200900,20201200,20201200
2020-08-14 05:00:00,151.7,151.7,151.7,20200900,20201200,20201200
2020-08-17 05:00:00,151.72,151.72,151.72,20200900,20201200,20201200
2020-08-18 05:00:00,151.86,151.86,151.86,20200900,20201200,20201200
2020-08-19 05:00:00,151.95,151.95,151.95,20200900,20201200,20201200
2020-08-20 05:00:00,151.92,151.92,151.92,20200900,20201200,20201200
2020-08-21 05:00:00,151.89,151.78,151.78,20200900,20201200,20201200
2020-08-24 05:00:00,151.94,151.83,151.83,20200900,20201200,20201200
2020-08-25 05:00:00,151.82,151.71,151.71,20200900,20201200,20201200
2020-08-26 05:00:00,151.66,151.55,151.55,20200900,20201200,20201200
2020-08-27 05:00:00,151.79,151.68,151.68,20200900,20201200,20201200
2020-08-28 05:00:00,151.37,151.37,151.37,20201200,20210300,20210300
2020-08-31 05:00:00,151.43,151.43,151.43,20201200,20210300,20210300
2020-09-01 05:00:00,151.51,151.51,151.51,20201200,20210300,20210300
2020-09-02 05:00:00,151.65,151.65,151.65,20201200,20210300,20210300
2020-09-03 05:00:00,151.74,151.74,151.74,20201200,20210300,20210300
2020-09-04 05:00:00,151.73,151.73,151.73,20201200,20210300,20210300
2020-09-07 05:00:00,151.72,151.72,151.72,20201200,20210300,20210300
2020-09-08 05:00:00,151.77,151.77,151.77,20201200,20210300,20210300
2020-09-09 05:00:00,151.92,151.92,151.92,20201200,20210300,20210300
2020-09-10 05:00:00,151.88,151.88,151.88,20201200,20210300,20210300
2020-09-11 05:00:00,151.91,151.91,151.91,20201200,20210300,20210300
2020-09-14 05:00:00,151.99,151.99,151.99,20201200,20210300,20210300
2020-09-15 05:00:00,151.99,151.99,151.99,20201200,20210300,20210300
2020-09-16 05:00:00,152.02,152.02,152.02,20201200,20210300,20210300
2020-09-17 05:00:00,152.07,152.07,152.07,20201200,20210300,20210300
2020-09-18 05:00:00,152.13,152.13,152.13,20201200,20210300,20210300
2020-09-21 05:00:00,152.16,152.16,152.16,20201200,20210300,20210300
2020-09-22 05:00:00,152.18,152.18,152.18,20201200,20210300,20210300
2020-09-23 05:00:00,152.29,152.29,152.29,20201200,20210300,20210300
2020-09-24 05:00:00,152.2,152.2,152.2,20201200,20210300,20210300
2020-09-25 05:00:00,152.18,152.18,152.18,20201200,20210300,20210300
2020-09-28 05:00:00,152.1,152.1,152.1,20201200,20210300,20210300
2020-09-29 05:00:00,152.18,152.18,152.18,20201200,20210300,20210300
2020-09-30 05:00:00,152.11,152.11,152.11,20201200,20210300,20210300
2020-10-01 05:00:00,152.05,152.05,152.05,20201200,20210300,20210300
2020-10-02 05:00:00,152.14,152.14,152.14,20201200,20210300,20210300
2020-10-05 05:00:00,152.08,152.08,152.08,20201200,20210300,20210300
2020-10-06 05:00:00,151.92,151.92,151.92,20201200,20210300,20210300
2020-10-07 05:00:00,151.84,151.84,151.84,20201200,20210300,20210300
2020-10-08 05:00:00,151.92,151.92,151.92,20201200,20210300,20210300
2020-10-09 05:00:00,151.92,151.92,151.92,20201200,20210300,20210300
2020-10-12 05:00:00,151.95,151.95,151.95,20201200,20210300,20210300
2020-10-13 05:00:00,152.0,152.0,152.0,20201200,20210300,20210300
2020-10-14 05:00:00,152.03,152.03,152.03,20201200,20210300,20210300
2020-10-15 05:00:00,152.17,152.17,152.17,20201200,20210300,20210300
2020-10-16 05:00:00,152.22,152.22,152.22,20201200,20210300,20210300
2020-10-19 05:00:00,152.1,152.1,152.1,20201200,20210300,20210300
2020-10-20 05:00:00,152.17,152.17,152.17,20201200,20210300,20210300
2020-10-21 05:00:00,151.99,151.99,151.99,20201200,20210300,20210300
2020-10-22 05:00:00,151.97,151.97,151.97,20201200,20210300,20210300
2020-10-23 05:00:00,151.85,151.85,151.85,20201200,20210300,20210300
2020-10-26 05:00:00,151.98,151.98,151.98,20201200,20210300,20210300
2020-10-27 05:00:00,152.03,152.03,152.03,20201200,20210300,20210300
2020-10-28 05:00:00,152.17,152.17,152.17,20201200,20210300,20210300
2020-10-29 05:00:00,152.06,152.06,152.06,20201200,20210300,20210300
2020-10-30 05:00:00,151.88,151.88,151.88,20201200,20210300,20210300
2020-11-02 06:00:00,151.78,151.78,151.78,20201200,20210300,20210300
2020-11-03 06:00:00,151.7,151.7,151.7,20201200,20210300,20210300
2020-11-04 06:00:00,152.03,152.03,152.03,20201200,20210300,20210300
2020-11-05 06:00:00,152.2,152.2,152.2,20201200,20210300,20210300
2020-11-06 06:00:00,152.18,152.18,152.18,20201200,20210300,20210300
2020-11-09 06:00:00,152.2,152.2,152.2,20201200,20210300,20210300
2020-11-10 06:00:00,151.82,151.82,151.82,20201200,20210300,20210300
2020-11-11 06:00:00,151.85,151.85,151.85,20201200,20210300,20210300
2020-11-12 06:00:00,152.0,152.0,152.0,20201200,20210300,20210300
2020-11-13 06:00:00,152.08,152.08,152.08,20201200,20210300,20210300
2020-11-16 06:00:00,152.12,152.12,152.12,20201200,20210300,20210300
2020-11-17 06:00:00,152.11,152.11,152.11,20201200,20210300,20210300
2020-11-18 06:00:00,152.18,152.18,152.18,20201200,20210300,20210300
2020-11-19 06:00:00,152.22,152.22,152.22,20201200,20210300,20210300
2020-11-20 06:00:00,152.2,152.2,152.2,20201200,20210300,20210300
2020-11-23 06:00:00,152.21,152.21,152.21,20201200,20210300,20210300
2020-11-24 06:00:00,152.12,152.12,152.12,20201200,20210300,20210300
2020-11-25 06:00:00,152.16,152.16,152.16,20201200,20210300,20210300
2020-11-26 06:00:00,152.13,152.13,152.13,20201200,20210300,20210300
2020-11-27 06:00:00,152.0,152.0,152.0,20210300,20210600,20210600
2020-11-30 06:00:00,151.93,151.93,151.93,20210300,20210600,20210600
2020-12-01 06:00:00,152.02,152.02,152.02,20210300,20210600,20210600
2020-12-02 06:00:00,151.93,151.93,151.93,20210300,20210600,20210600
2020-12-03 06:00:00,151.88,151.88,151.88,20210300,20210600,20210600
2020-12-04 06:00:00,151.93,151.93,151.93,20210300,20210600,20210600
2020-12-07 06:00:00,151.97,151.97,151.97,20210300,20210600,20210600
2020-12-08 06:00:00,152.03,152.03,152.03,20210300,20210600,20210600
2020-12-09 06:00:00,152.07,152.07,152.07,20210300,20210600,20210600
2020-12-10 06:00:00,152.06,152.06,152.06,20210300,20210600,20210600
2020-12-11 06:00:00,152.15,152.15,152.15,20210300,20210600,20210600
2020-12-14 06:00:00,152.17,152.17,152.17,20210300,20210600,20210600
2020-12-15 06:00:00,152.17,152.17,152.17,20210300,20210600,20210600
2020-12-16 06:00:00,152.07,152.07,152.07,20210300,20210600,20210600
2020-12-17 06:00:00,152.09,152.09,152.09,20210300,20210600,20210600
2020-12-18 06:00:00,152.05,152.05,152.05,20210300,20210600,20210600
2020-12-21 06:00:00,152.15,152.15,152.15,20210300,20210600,20210600
2020-12-22 06:00:00,152.13,152.13,152.13,20210300,20210600,20210600
2020-12-23 06:00:00,152.14,152.14,152.14,20210300,20210600,20210600
2020-12-24 06:00:00,152.02,152.02,152.02,20210300,20210600,20210600
2020-12-25 06:00:00,151.94,151.94,151.94,20210300,20210600,20210600
2020-12-28 06:00:00,151.97,151.97,151.97,20210300,20210600,20210600
2020-12-29 06:00:00,151.95,151.95,151.95,20210300,20210600,20210600
2020-12-30 06:00:00,151.87,151.87,151.87,20210300,20210600,20210600
2020-12-31 06:00:00,151.84,151.84,151.84,20210300,20210600,20210600
2021-01-04 06:00:00,151.96,151.96,151.96,20210300,20210600,20210600
2021-01-05 06:00:00,152.03,152.03,152.03,20210300,20210600,20210600
2021-01-06 06:00:00,151.93,151.93,151.93,20210300,20210600,20210600
2021-01-07 06:00:00,151.8,151.8,151.8,20210300,20210600,20210600
2021-01-08 06:00:00,151.84,151.84,151.84,20210300,20210600,20210600
2021-01-11 06:00:00,151.82,151.82,151.82,20210300,20210600,20210600
2021-01-12 06:00:00,151.81,151.81,151.81,20210300,20210600,20210600
2021-01-13 06:00:00,151.89,151.89,151.89,20210300,20210600,20210600
2021-01-14 06:00:00,151.88,151.88,151.88,20210300,20210600,20210600
2021-01-15 06:00:00,151.86,151.86,151.86,20210300,20210600,20210600
2021-01-18 06:00:00,151.74,151.74,151.74,20210300,20210600,20210600
2021-01-19 06:00:00,151.84,151.84,151.84,20210300,20210600,20210600
2021-01-20 06:00:00,151.95,151.95,151.95,20210300,20210600,20210600
2021-01-21 06:00:00,151.99,151.99,151.99,20210300,20210600,20210600
2021-01-22 06:00:00,151.87,151.87,151.87,20210300,20210600,20210600
2021-01-25 06:00:00,151.89,151.89,151.89,20210300,20210600,20210600
2021-01-26 06:00:00,151.95,151.95,151.95,20210300,20210600,20210600
2021-01-27 06:00:00,151.92,151.92,151.92,20210300,20210600,20210600
2021-01-28 06:00:00,151.96,151.96,151.96,20210300,20210600,20210600
2021-01-29 06:00:00,151.76,151.76,151.76,20210300,20210600,20210600
2021-02-01 06:00:00,151.73,151.73,151.73,20210300,20210600,20210600
2021-02-02 06:00:00,151.75,151.75,151.75,20210300,20210600,20210600
2021-02-03 06:00:00,151.75,151.75,151.75,20210300,20210600,20210600
2021-02-04 06:00:00,151.67,151.67,151.67,20210300,20210600,20210600
2021-02-05 06:00:00,151.64,151.64,151.64,20210300,20210600,20210600
2021-02-08 06:00:00,151.49,151.49,151.49,20210300,20210600,20210600
2021-02-09 06:00:00,151.54,151.54,151.54,20210300,20210600,20210600
2021-02-10 06:00:00,151.49,151.49,151.49,20210300,20210600,20210600
2021-02-11 06:00:00,151.61,151.49,151.49,20210300,20210600,20210600
2021-02-12 06:00:00,151.67,151.55,151.55,20210300,20210600,20210600
2021-02-15 06:00:00,151.5,151.38,151.38,20210300,20210600,20210600
2021-02-16 06:00:00,151.55,151.43,151.43,20210300,20210600,20210600
2021-02-17 06:00:00,151.32,151.19,151.19,20210300,20210600,20210600
2021-02-18 06:00:00,151.3,151.17,151.17,20210300,20210600,20210600
2021-02-19 06:00:00,151.15,151.02,151.02,20210300,20210600,20210600
2021-02-22 06:00:00,151.05,150.88,150.88,20210300,20210600,20210600
2021-02-23 06:00:00,151.14,150.97,150.97,20210300,20210600,20210600
2021-02-24 06:00:00,151.05,150.88,150.88,20210300,20210600,20210600
2021-02-25 06:00:00,150.58,150.58,150.58,20210600,20210900,20210900
2021-02-26 06:00:00,150.6,150.6,150.6,20210600,20210900,20210900
2021-03-01 06:00:00,150.64,150.64,150.64,20210600,20210900,20210900
2021-03-02 06:00:00,150.94,150.94,150.94,20210600,20210900,20210900
2021-03-03 06:00:00,150.89,150.89,150.89,20210600,20210900,20210900
2021-03-04 06:00:00,150.86,150.86,150.86,20210600,20210900,20210900
2021-03-05 06:00:00,151.34,151.34,151.34,20210600,20210900,20210900
2021-03-08 06:00:00,150.78,150.78,150.78,20210600,20210900,20210900
2021-03-09 06:00:00,150.9,150.9,150.9,20210600,20210900,20210900
2021-03-10 06:00:00,150.88,150.88,150.88,20210600,20210900,20210900
2021-03-11 06:00:00,151.14,151.14,151.14,20210600,20210900,20210900
2021-03-12 06:00:00,150.94,150.94,150.94,20210600,20210900,20210900
2021-03-15 05:00:00,151.09,151.09,151.09,20210600,20210900,20210900
2021-03-16 05:00:00,151.19,151.19,151.19,20210600,20210900,20210900
2021-03-17 05:00:00,151.22,151.22,151.22,20210600,20210900,20210900
2021-03-18 05:00:00,151.05,151.05,151.05,20210600,20210900,20210900
2021-03-19 05:00:00,151.03,151.03,151.03,20210600,20210900,20210900
2021-03-22 05:00:00,151.26,151.26,151.26,20210600,20210900,20210900
2021-03-23 05:00:00,151.33,151.33,151.33,20210600,20210900,20210900
2021-03-24 05:00:00,151.37,151.37,151.37,20210600,20210900,20210900
2021-03-25 05:00:00,151.34,151.34,151.34,20210600,20210900,20210900
2021-03-26 05:00:00,151.31,151.31,151.31,20210600,20210900,20210900
2021-03-29 05:00:00,151.43,151.43,151.43,20210600,20210900,20210900
2021-03-30 05:00:00,151.18,151.18,151.18,20210600,20210900,20210900
2021-03-31 05:00:00,150.95,150.95,150.95,20210600,20210900,20210900
2021-04-01 05:00:00,150.99,150.99,150.99,20210600,20210900,20210900
2021-04-02 05:00:00,151.03,151.03,151.03,20210600,20210900,20210900
2021-04-05 05:00:00,151.04,151.04,151.04,20210600,20210900,20210900
2021-04-06 05:00:00,151.14,151.14,151.14,20210600,20210900,20210900
2021-04-07 05:00:00,151.27,151.27,151.27,20210600,20210900,20210900
2021-04-08 05:00:00,151.36,151.36,151.36,20210600,20210900,20210900
2021-04-09 05:00:00,151.24,151.24,151.24,20210600,20210900,20210900
2021-04-12 05:00:00,151.23,151.23,151.23,20210600,20210900,20210900
2021-04-13 05:00:00,151.24,151.24,151.24,20210600,20210900,20210900
2021-04-14 05:00:00,151.39,151.39,151.39,20210600,20210900,20210900
2021-04-15 05:00:00,151.4,151.4,151.4,20210600,20210900,20210900
2021-04-16 05:00:00,151.38,151.38,151.38,20210600,20210900,20210900
2021-04-19 05:00:00,151.48,151.48,151.48,20210600,20210900,20210900
2021-04-20 05:00:00,151.38,151.38,151.38,20210600,20210900,20210900
2021-04-21 05:00:00,151.52,151.52,151.52,20210600,20210900,20210900
2021-04-22 05:00:00,151.6,151.6,151.6,20210600,20210900,20210900
2021-04-23 05:00:00,151.6,151.6,151.6,20210600,20210900,20210900
2021-04-26 05:00:00,151.47,151.47,151.47,20210600,20210900,20210900
2021-04-27 05:00:00,151.44,151.44,151.44,20210600,20210900,20210900
2021-04-28 05:00:00,151.38,151.38,151.38,20210600,20210900,20210900
2021-04-29 05:00:00,151.4,151.4,151.4,20210600,20210900,20210900
2021-04-30 05:00:00,151.29,151.29,151.29,20210600,20210900,20210900
2021-05-03 05:00:00,151.34,151.29,151.29,20210600,20210900,20210900
2021-05-04 05:00:00,151.56,151.51,151.51,20210600,20210900,20210900
2021-05-05 05:00:00,151.56,151.51,151.51,20210600,20210900,20210900
2021-05-06 05:00:00,151.45,151.4,151.4,20210600,20210900,20210900
2021-05-07 05:00:00,151.47,151.42,151.42,20210600,20210900,20210900
2021-05-10 05:00:00,151.41,151.36,151.36,20210600,20210900,20210900
2021-05-11 05:00:00,151.43,151.38,151.38,20210600,20210900,20210900
2021-05-12 05:00:00,151.4,151.35,151.35,20210600,20210900,20210900
2021-05-13 05:00:00,151.25,151.2,151.2,20210600,20210900,20210900
2021-05-14 05:00:00,151.39,151.34,151.34,20210600,20210900,20210900
2021-05-17 05:00:00,151.43,151.38,151.38,20210600,20210900,20210900
2021-05-18 05:00:00,151.42,151.37,151.37,20210600,20210900,20210900
2021-05-19 05:00:00,151.39,151.34,151.34,20210600,20210900,20210900
2021-05-20 05:00:00,151.39,151.34,151.34,20210600,20210900,20210900
2021-05-21 05:00:00,151.45,151.31,151.31,20210600,20210900,20210900
2021-05-24 05:00:00,151.47,151.33,151.33,20210600,20210900,20210900
2021-05-25 05:00:00,151.53,151.39,151.39,20210600,20210900,20210900
2021-05-26 05:00:00,151.55,151.41,151.41,20210600,20210900,20210900
2021-05-27 05:00:00,151.58,151.44,151.44,20210600,20210900,20210900
2021-05-28 05:00:00,151.33,151.33,151.33,20210900,20211200,20211200
2021-05-31 05:00:00,151.29,151.29,151.29,20210900,20211200,20211200
2021-06-01 05:00:00,151.32,151.32,151.32,20210900,20211200,20211200
2021-06-02 05:00:00,151.26,151.26,151.26,20210900,20211200,20211200
2021-06-03 05:00:00,151.3,151.3,151.3,20210900,20211200,20211200
2021-06-04 05:00:00,151.27,151.27,151.27,20210900,20211200,20211200
2021-06-07 05:00:00,151.37,151.37,151.37,20210900,20211200,20211200
2021-06-08 05:00:00,151.47,151.47,151.47,20210900,20211200,20211200
2021-06-09 05:00:00,151.56,151.56,151.56,20210900,20211200,20211200
2021-06-10 05:00:00,151.67,151.67,151.67,20210900,20211200,20211200
2021-06-11 05:00:00,152.01,152.01,152.01,20210900,20211200,20211200
2021-06-14 05:00:00,151.88,151.88,151.88,20210900,20211200,20211200
2021-06-15 05:00:00,151.82,151.82,151.82,20210900,20211200,20211200
2021-06-16 05:00:00,151.8,151.8,151.8,20210900,20211200,20211200
2021-06-17 05:00:00,151.58,151.58,151.58,20210900,20211200,20211200
2021-06-18 05:00:00,151.63,151.63,151.63,20210900,20211200,20211200
2021-06-21 05:00:00,151.79,151.79,151.79,20210900,20211200,20211200
2021-06-22 05:00:00,151.65,151.65,151.65,20210900,20211200,20211200
2021-06-23 05:00:00,151.68,151.68,151.68,20210900,20211200,20211200
2021-06-24 05:00:00,151.66,151.66,151.66,20210900,20211200,20211200
2021-06-25 05:00:00,151.77,151.77,151.77,20210900,20211200,20211200
2021-06-28 05:00:00,151.69,151.69,151.69,20210900,20211200,20211200
2021-06-29 05:00:00,151.64,151.64,151.64,20210900,20211200,20211200
2021-06-30 05:00:00,151.76,151.76,151.76,20210900,20211200,20211200
2021-07-01 05:00:00,151.87,151.87,151.87,20210900,20211200,20211200
2021-07-02 05:00:00,152.02,152.02,152.02,20210900,20211200,20211200
2021-07-05 05:00:00,152.09,152.09,152.09,20210900,20211200,20211200
2021-07-06 05:00:00,152.09,152.09,152.09,20210900,20211200,20211200
2021-07-07 05:00:00,152.28,152.28,152.28,20210900,20211200,20211200
2021-07-08 05:00:00,152.56,152.56,152.56,20210900,20211200,20211200
2021-07-09 05:00:00,152.25,152.25,152.25,20210900,20211200,20211200
2021-07-12 05:00:00,152.26,152.26,152.26,20210900,20211200,20211200
2021-07-13 05:00:00,152.31,152.31,152.31,20210900,20211200,20211200
2021-07-14 05:00:00,152.36,152.36,152.36,20210900,20211200,20211200
2021-07-15 05:00:00,152.41,152.41,152.41,20210900,20211200,20211200
2021-07-16 05:00:00,152.25,152.25,152.25,20210900,20211200,20211200
2021-07-19 05:00:00,152.45,152.45,152.45,20210900,20211200,20211200
2021-07-20 05:00:00,152.56,152.56,152.56,20210900,20211200,20211200
2021-07-21 05:00:00,152.42,152.42,152.42,20210900,20211200,20211200
2021-07-22 05:00:00,152.39,152.39,152.39,20210900,20211200,20211200
2021-07-23 05:00:00,152.46,152.46,152.46,20210900,20211200,20211200
2021-07-26 05:00:00,152.49,152.49,152.49,20210900,20211200,20211200
2021-07-27 05:00:00,152.41,152.41,152.41,20210900,20211200,20211200
2021-07-28 05:00:00,152.34,152.34,152.34,20210900,20211200,20211200
2021-07-29 05:00:00,152.34,152.34,152.34,20210900,20211200,20211200
2021-07-30 05:00:00,152.33,152.33,152.33,20210900,20211200,20211200
2021-08-02 05:00:00,152.37,152.37,152.37,20210900,20211200,20211200
2021-08-03 05:00:00,152.49,152.49,152.49,20210900,20211200,20211200
2021-08-04 05:00:00,152.51,152.51,152.51,20210900,20211200,20211200
2021-08-05 05:00:00,152.4,152.4,152.4,20210900,20211200,20211200
2021-08-06 05:00:00,152.31,152.31,152.31,20210900,20211200,20211200
2021-08-09 05:00:00,152.09,152.09,152.09,20210900,20211200,20211200
2021-08-10 05:00:00,152.15,152.15,152.15,20210900,20211200,20211200
2021-08-11 05:00:00,152.04,152.04,152.04,20210900,20211200,20211200
2021-08-12 05:00:00,152.25,152.25,152.25,20210900,20211200,20211200
2021-08-13 05:00:00,152.26,152.26,152.26,20210900,20211200,20211200
2021-08-16 05:00:00,152.32,152.32,152.32,20210900,20211200,20211200
2021-08-17 05:00:00,152.46,152.43,152.43,20210900,20211200,20211200
2021-08-18 05:00:00,152.37,152.34,152.34,20210900,20211200,20211200
2021-08-19 05:00:00,152.41,152.38,152.38,20210900,20211200,20211200
2021-08-20 05:00:00,152.41,152.38,152.38,20210900,20211200,20211200
2021-08-23 05:00:00,152.31,152.28,152.28,20210900,20211200,20211200
2021-08-24 05:00:00,152.32,152.29,152.29,20210900,20211200,20211200
2021-08-25 05:00:00,152.25,152.22,152.22,20210900,20211200,20211200
2021-08-26 05:00:00,152.17,152.14,152.14,20210900,20211200,20211200
2021-08-27 05:00:00,152.13,152.1,152.1,20210900,20211200,20211200
2021-08-30 05:00:00,152.21,152.21,152.21,20211200,20220300,20220300
2021-08-31 05:00:00,152.14,152.14,152.14,20211200,20220300,20220300
2021-09-01 05:00:00,152.02,152.02,152.02,20211200,20220300,20220300
2021-09-02 05:00:00,152.06,152.06,152.06,20211200,20220300,20220300
2021-09-03 05:00:00,151.97,151.97,151.97,20211200,20220300,20220300
2021-09-06 05:00:00,151.85,151.85,151.85,20211200,20220300,20220300
2021-09-07 05:00:00,151.86,151.86,151.86,20211200,20220300,20220300
2021-09-08 05:00:00,151.86,151.86,151.86,20211200,20220300,20220300
2021-09-09 05:00:00,151.9,151.9,151.9,20211200,20220300,20220300
2021-09-10 05:00:00,151.83,151.83,151.83,20211200,20220300,20220300
2021-09-13 05:00:00,151.84,151.84,151.84,20211200,20220300,20220300
2021-09-14 05:00:00,151.71,151.71,151.71,20211200,20220300,20220300
2021-09-15 05:00:00,151.91,151.91,151.91,20211200,20220300,20220300
2021-09-16 05:00:00,151.76,151.76,151.76,20211200,20220300,20220300
2021-09-17 05:00:00,151.73,151.73,151.73,20211200,20220300,20220300
2021-09-20 05:00:00,151.68,151.68,151.68,20211200,20220300,20220300
2021-09-21 05:00:00,151.79,151.79,151.79,20211200,20220300,20220300
2021-09-22 05:00:00,151.88,151.88,151.88,20211200,20220300,20220300
2021-09-23 05:00:00,151.83,151.83,151.83,20211200,20220300,20220300
2021-09-24 05:00:00,151.6,151.6,151.6,20211200,20220300,20220300
2021-09-27 05:00:00,151.58,151.58,151.58,20211200,20220300,20220300
2021-09-28 05:00:00,151.32,151.32,151.32,20211200,20220300,20220300
2021-09-29 05:00:00,151.39,151.39,151.39,20211200,20220300,20220300
2021-09-30 05:00:00,151.5,151.5,151.5,20211200,20220300,20220300
2021-10-01 05:00:00,151.58,151.58,151.58,20211200,20220300,20220300
2021-10-04 05:00:00,151.57,151.57,151.57,20211200,20220300,20220300
2021-10-05 05:00:00,151.51,151.51,151.51,20211200,20220300,20220300
2021-10-06 05:00:00,151.33,151.33,151.33,20211200,20220300,20220300
2021-10-07 05:00:00,151.46,151.46,151.46,20211200,20220300,20220300
2021-10-08 05:00:00,151.31,151.31,151.31,20211200,20220300,20220300
2021-10-11 05:00:00,151.22,151.22,151.22,20211200,20220300,20220300
2021-10-12 05:00:00,151.23,151.23,151.23,20211200,20220300,20220300
2021-10-13 05:00:00,151.28,151.28,151.28,20211200,20220300,20220300
2021-10-14 05:00:00,151.43,151.43,151.43,20211200,20220300,20220300
2021-10-15 05:00:00,151.42,151.42,151.42,20211200,20220300,20220300
2021-10-18 05:00:00,151.27,151.27,151.27,20211200,20220300,20220300
2021-10-19 05:00:00,151.39,151.39,151.39,20211200,20220300,20220300
2021-10-20 05:00:00,151.35,151.35,151.35,20211200,20220300,20220300
2021-10-21 05:00:00,151.38,151.38,151.38,20211200,20220300,20220300
2021-10-22 05:00:00,151.26,151.26,151.26,20211200,20220300,20220300
2021-10-25 05:00:00,151.17,151.17,151.17,20211200,20220300,20220300
2021-10-26 05:00:00,151.15,151.15,151.15,20211200,20220300,20220300
2021-10-27 05:00:00,151.3,151.3,151.3,20211200,20220300,20220300
2021-10-28 05:00:00,151.39,151.39,151.39,20211200,20220300,20220300
2021-10-29 05:00:00,151.29,151.29,151.29,20211200,20220300,20220300
2021-11-01 05:00:00,151.41,151.41,151.41,20211200,20220300,20220300
2021-11-02 05:00:00,151.59,151.59,151.59,20211200,20220300,20220300
2021-11-03 05:00:00,151.81,151.81,151.81,20211200,20220300,20220300
2021-11-04 05:00:00,151.66,151.66,151.66,20211200,20220300,20220300
2021-11-05 05:00:00,151.88,151.88,151.88,20211200,20220300,20220300
2021-11-08 06:00:00,151.84,151.84,151.84,20211200,20220300,20220300
2021-11-09 06:00:00,151.86,151.86,151.86,20211200,20220300,20220300
2021-11-10 06:00:00,151.92,151.92,151.92,20211200,20220300,20220300
2021-11-11 06:00:00,151.75,151.75,151.75,20211200,20220300,20220300
2021-11-12 06:00:00,151.58,151.58,151.58,20211200,20220300,20220300
2021-11-15 06:00:00,151.81,151.81,151.81,20211200,20220300,20220300
2021-11-16 06:00:00,151.66,151.66,151.66,20211200,20220300,20220300
2021-11-17 06:00:00,151.6,151.6,151.6,20211200,20220300,20220300
2021-11-18 06:00:00,151.6,151.6,151.6,20211200,20220300,20220300
2021-11-19 06:00:00,151.61,151.61,151.61,20211200,20220300,20220300
2021-11-22 06:00:00,151.71,151.66,151.66,20211200,20220300,20220300
2021-11-23 06:00:00,151.57,151.52,151.52,20211200,20220300,20220300
2021-11-24 06:00:00,151.52,151.44,151.44,20211200,20220300,20220300
2021-11-25 06:00:00,151.53,151.45,151.45,20211200,20220300,20220300
2021-11-26 06:00:00,151.8,151.72,151.72,20211200,20220300,20220300
2021-11-29 06:00:00,151.68,151.68,151.68,20220300,20220600,20220600
2021-11-30 06:00:00,151.93,151.93,151.93,20220300,20220600,20220600
2021-12-01 06:00:00,151.78,151.78,151.78,20220300,20220600,20220600
2021-12-02 06:00:00,151.89,151.89,151.89,20220300,20220600,20220600
2021-12-03 06:00:00,152.06,152.06,152.06,20220300,20220600,20220600
2021-12-06 06:00:00,152.23,152.23,152.23,20220300,20220600,20220600
2021-12-07 06:00:00,152.06,152.06,152.06,20220300,20220600,20220600
2021-12-08 06:00:00,152.11,152.11,152.11,20220300,20220600,20220600
2021-12-09 06:00:00,152.08,152.08,152.08,20220300,20220600,20220600
2021-12-10 06:00:00,151.93,151.93,151.93,20220300,20220600,20220600
2021-12-13 06:00:00,152.08,152.08,152.08,20220300,20220600,20220600
2021-12-14 06:00:00,152.09,152.09,152.09,20220300,20220600,20220600
2021-12-15 06:00:00,152.08,152.08,152.08,20220300,20220600,20220600
2021-12-16 06:00:00,152.19,152.19,152.19,20220300,20220600,20220600
2021-12-17 06:00:00,152.16,152.16,152.16,20220300,20220600,20220600
2021-12-20 06:00:00,152.26,152.26,152.26,20220300,20220600,20220600
2021-12-21 06:00:00,152.11,152.11,152.11,20220300,20220600,20220600
2021-12-22 06:00:00,151.89,151.89,151.89,20220300,20220600,20220600
2021-12-23 06:00:00,151.86,151.86,151.86,20220300,20220600,20220600
2021-12-24 06:00:00,151.87,151.87,151.87,20220300,20220600,20220600
2021-12-27 06:00:00,151.87,151.87,151.87,20220300,20220600,20220600
2021-12-28 06:00:00,151.9,151.9,151.9,20220300,20220600,20220600
2021-12-29 06:00:00,151.89,151.89,151.89,20220300,20220600,20220600
2021-12-30 06:00:00,151.72,151.72,151.72,20220300,20220600,20220600
2021-12-31 06:00:00,151.61,151.61,151.61,20220300,20220600,20220600
2022-01-03 06:00:00,151.71,151.71,151.71,20220300,20220600,20220600
2022-01-04 06:00:00,151.46,151.46,151.46,20220300,20220600,20220600
2022-01-05 06:00:00,151.39,151.39,151.39,20220300,20220600,20220600
2022-01-06 06:00:00,151.1,151.1,151.1,20220300,20220600,20220600
2022-01-07 06:00:00,150.89,150.89,150.89,20220300,20220600,20220600
2022-01-10 06:00:00,150.81,150.81,150.81,20220300,20220600,20220600
2022-01-11 06:00:00,150.76,150.76,150.76,20220300,20220600,20220600
2022-01-12 06:00:00,151.05,151.05,151.05,20220300,20220600,20220600
2022-01-13 06:00:00,150.98,150.98,150.98,20220300,20220600,20220600
2022-01-14 06:00:00,150.85,150.85,150.85,20220300,20220600,20220600
2022-01-17 06:00:00,150.82,150.82,150.82,20220300,20220600,20220600
2022-01-18 06:00:00,150.84,150.84,150.84,20220300,20220600,20220600
2022-01-19 06:00:00,150.85,150.85,150.85,20220300,20220600,20220600
2022-01-20 06:00:00,150.85,150.85,150.85,20220300,20220600,20220600
2022-01-21 06:00:00,150.97,150.97,150.97,20220300,20220600,20220600
2022-01-24 06:00:00,151.01,151.01,151.01,20220300,20220600,20220600
2022-01-25 06:00:00,150.96,150.96,150.96,20220300,20220600,20220600
2022-01-26 06:00:00,150.94,150.94,150.94,20220300,20220600,20220600
2022-01-27 06:00:00,150.75,150.75,150.75,20220300,20220600,20220600
2022-01-28 06:00:00,150.78,150.78,150.78,20220300,20220600,20220600
2022-01-31 06:00:00,150.71,150.71,150.71,20220300,20220600,20220600
2022-02-01 06:00:00,150.61,150.61,150.61,20220300,20220600,20220600
2022-02-02 06:00:00,150.68,150.68,150.68,20220300,20220600,20220600
2022-02-03 06:00:00,150.66,150.66,150.66,20220300,20220600,20220600
2022-02-04 06:00:00,150.41,150.41,150.41,20220300,20220600,20220600
2022-02-07 06:00:00,150.3,150.3,150.3,20220300,20220600,20220600
2022-02-08 06:00:00,150.14,150.14,150.14,20220300,20220600,20220600
2022-02-09 06:00:00,150.24,150.24,150.24,20220300,20220600,20220600
2022-02-10 06:00:00,150.2,150.2,150.2,20220300,20220600,20220600
2022-02-11 06:00:00,150.06,150.06,150.06,20220300,20220600,20220600
2022-02-14 06:00:00,150.16,150.16,150.16,20220300,20220600,20220600
2022-02-15 06:00:00,149.94,149.94,149.94,20220300,20220600,20220600
2022-02-16 06:00:00,149.88,149.88,149.88,20220300,20220600,20220600
2022-02-17 06:00:00,149.94,149.94,149.94,20220300,20220600,20220600
2022-02-18 06:00:00,150.05,150.05,150.05,20220300,20220600,20220600
2022-02-21 06:00:00,150.14,150.14,150.14,20220300,20220600,20220600
2022-02-22 06:00:00,150.31,150.31,150.31,20220300,20220600,20220600
2022-02-23 06:00:00,150.27,150.27,150.27,20220300,20220600,20220600
2022-02-24 06:00:00,150.4,150.24,150.24,20220300,20220600,20220600
2022-02-25 06:00:00,150.11,150.11,150.11,20220600,20220900,20220900
2022-02-28 06:00:00,150.39,150.39,150.39,20220600,20220900,20220900
2022-03-01 06:00:00,150.48,150.48,150.48,20220600,20220900,20220900
2022-03-02 06:00:00,151.02,151.02,151.02,20220600,20220900,20220900
2022-03-03 06:00:00,150.52,150.52,150.52,20220600,20220900,20220900
2022-03-04 06:00:00,150.78,150.78,150.78,20220600,20220900,20220900
2022-03-07 06:00:00,150.91,150.91,150.91,20220600,20220900,20220900
2022-03-08 06:00:00,150.8,150.8,150.8,20220600,20220900,20220900
2022-03-09 06:00:00,150.61,150.61,150.61,20220600,20220900,20220900
2022-03-10 06:00:00,150.42,150.42,150.42,20220600,20220900,20220900
2022-03-11 06:00:00,150.37,150.37,150.37,20220600,20220900,20220900
2022-03-14 05:00:00,150.13,150.13,150.13,20220600,20220900,20220900
2022-03-15 05:00:00,150.12,150.12,150.12,20220600,20220900,20220900
2022-03-16 05:00:00,150.03,150.03,150.03,20220600,20220900,20220900
2022-03-17 05:00:00,150.12,150.12,150.12,20220600,20220900,20220900
2022-03-18 05:00:00,150.11,150.11,150.11,20220600,20220900,20220900
2022-03-21 05:00:00,150.12,150.11,150.11,20220600,20220900,20220900
2022-03-22 05:00:00,149.87,149.86,149.86,20220600,20220900,20220900
2022-03-23 05:00:00,149.78,149.77,149.77,20220600,20220900,20220900
2022-03-24 05:00:00,149.62,149.61,149.61,20220600,20220900,20220900
2022-03-25 05:00:00,149.57,149.56,149.56,20220600,20220900,20220900
2022-03-28 05:00:00,148.95,148.94,148.94,20220600,20220900,20220900
2022-03-29 05:00:00,148.93,148.92,148.92,20220600,20220900,20220900
2022-03-30 05:00:00,149.39,149.38,149.38,20220600,20220900,20220900
2022-03-31 05:00:00,149.91,149.9,149.9,20220600,20220900,20220900
2022-04-01 05:00:00,149.62,149.61,149.61,20220600,20220900,20220900
2022-04-04 05:00:00,149.81,149.8,149.8,20220600,20220900,20220900
2022-04-05 05:00:00,149.7,149.69,149.69,20220600,20220900,20220900
2022-04-06 05:00:00,149.29,149.28,149.28,20220600,20220900,20220900
2022-04-07 05:00:00,149.42,149.41,149.41,20220600,20220900,20220900
2022-04-08 05:00:00,149.35,149.34,149.34,20220600,20220900,20220900
2022-04-11 05:00:00,149.26,149.25,149.25,20220600,20220900,20220900
2022-04-12 05:00:00,149.27,149.26,149.26,20220600,20220900,20220900
2022-04-13 05:00:00,149.24,149.23,149.23,20220600,20220900,20220900
2022-04-14 05:00:00,149.54,149.53,149.53,20220600,20220900,20220900
2022-04-15 05:00:00,149.38,149.37,149.37,20220600,20220900,20220900
2022-04-18 05:00:00,149.37,149.36,149.36,20220600,20220900,20220900
2022-04-19 05:00:00,149.26,149.25,149.25,20220600,20220900,20220900
2022-04-20 05:00:00,149.19,149.18,149.18,20220600,20220900,20220900
2022-04-21 05:00:00,149.12,149.11,149.11,20220600,20220900,20220900
2022-04-22 05:00:00,149.06,149.05,149.05,20220600,20220900,20220900
2022-04-25 05:00:00,149.33,149.32,149.32,20220600,20220900,20220900
2022-04-26 05:00:00,149.44,149.43,149.43,20220600,20220900,20220900
2022-04-27 05:00:00,149.31,149.3,149.3,20220600,20220900,20220900
2022-04-28 05:00:00,149.55,149.54,149.54,20220600,20220900,20220900
2022-04-29 05:00:00,149.47,149.46,149.46,20220600,20220900,20220900
2022-05-02 05:00:00,149.36,149.35,149.35,20220600,20220900,20220900
2022-05-03 05:00:00,149.26,149.25,149.25,20220600,20220900,20220900
2022-05-04 05:00:00,149.24,149.23,149.23,20220600,20220900,20220900
2022-05-05 05:00:00,149.43,149.42,149.42,20220600,20220900,20220900
2022-05-06 05:00:00,149.13,149.12,149.12,20220600,20220900,20220900
2022-05-09 05:00:00,149.01,149.0,149.0,20220600,20220900,20220900
2022-05-10 05:00:00,149.21,149.06,149.06,20220600,20220900,20220900
2022-05-11 05:00:00,149.41,149.25,149.25,20220600,20220900,20220900
2022-05-12 05:00:00,149.52,149.29,149.29,20220600,20220900,20220900
2022-05-13 05:00:00,149.48,149.25,149.25,20220600,20220900,20220900
2022-05-16 05:00:00,149.46,149.23,149.23,20220600,20220900,20220900
2022-05-17 05:00:00,149.48,149.18,149.18,20220600,20220900,20220900
2022-05-18 05:00:00,149.51,149.21,149.21,20220600,20220900,20220900
2022-05-19 05:00:00,149.65,149.35,149.35,20220600,20220900,20220900
2022-05-20 05:00:00,149.74,149.44,149.44,20220600,20220900,20220900
2022-05-23 05:00:00,149.75,149.45,149.45,20220600,20220900,20220900
2022-05-24 05:00:00,149.92,149.62,149.62,20220600,20220900,20220900
2022-05-25 05:00:00,150.12,149.82,149.82,20220600,20220900,20220900
2022-05-26 05:00:00,149.9,149.58,149.58,20220600,20220900,20220900
2022-05-27 05:00:00,149.92,149.6,149.6,20220600,20220900,20220900
2022-05-30 05:00:00,149.54,149.54,149.54,20220900,20221200,20221200
2022-05-31 05:00:00,149.35,149.35,149.35,20220900,20221200,20221200
2022-06-01 05:00:00,149.39,149.39,149.39,20220900,20221200,20221200
2022-06-02 05:00:00,149.36,149.36,149.36,20220900,20221200,20221200
2022-06-03 05:00:00,149.48,149.48,149.48,20220900,20221200,20221200
2022-06-06 05:00:00,149.33,149.33,149.33,20220900,20221200,20221200
2022-06-07 05:00:00,149.23,149.23,149.23,20220900,20221200,20221200
2022-06-08 05:00:00,149.08,149.08,149.08,20220900,20221200,20221200
2022-06-09 05:00:00,149.17,149.17,149.17,20220900,20221200,20221200
2022-06-10 05:00:00,149.0,149.0,149.0,20220900,20221200,20221200
2022-06-13 05:00:00,148.29,148.29,148.29,20220900,20221200,20221200
2022-06-14 05:00:00,147.59,147.59,147.59,20220900,20221200,20221200
2022-06-15 05:00:00,145.97,145.97,145.97,20220900,20221200,20221200
2022-06-16 05:00:00,146.42,146.42,146.42,20220900,20221200,20221200
2022-06-17 05:00:00,147.79,147.79,147.79,20220900,20221200,20221200
2022-06-20 05:00:00,147.75,147.75,147.75,20220900,20221200,20221200
2022-06-21 05:00:00,147.96,147.96,147.96,20220900,20221200,20221200
2022-06-22 05:00:00,147.77,147.77,147.77,20220900,20221200,20221200
2022-06-23 05:00:00,148.54,148.54,148.54,20220900,20221200,20221200
2022-06-24 05:00:00,148.72,148.72,148.72,20220900,20221200,20221200
2022-06-27 05:00:00,148.47,148.47,148.47,20220900,20221200,20221200
2022-06-28 05:00:00,148.34,148.34,148.34,20220900,20221200,20221200
2022-06-29 05:00:00,148.5,148.5,148.5,20220900,20221200,20221200
2022-06-30 05:00:00,148.65,148.65,148.65,20220900,20221200,20221200
2022-07-01 05:00:00,148.86,148.86,148.86,20220900,20221200,20221200
2022-07-04 05:00:00,148.92,148.92,148.92,20220900,20221200,20221200
2022-07-05 05:00:00,149.16,149.16,149.16,20220900,20221200,20221200
2022-07-06 05:00:00,149.4,149.4,149.4,20220900,20221200,20221200
2022-07-07 05:00:00,149.26,149.26,149.26,20220900,20221200,20221200
2022-07-08 05:00:00,149.23,149.23,149.23,20220900,20221200,20221200
2022-07-11 05:00:00,149.05,149.05,149.05,20220900,20221200,20221200
2022-07-12 05:00:00,149.38,149.38,149.38,20220900,20221200,20221200
2022-07-13 05:00:00,149.28,149.28,149.28,20220900,20221200,20221200
2022-07-14 05:00:00,149.06,149.06,149.06,20220900,20221200,20221200
2022-07-15 05:00:00,149.32,149.32,149.32,20220900,20221200,20221200
2022-07-18 05:00:00,149.43,149.43,149.43,20220900,20221200,20221200
2022-07-19 05:00:00,149.16,149.16,149.16,20220900,20221200,20221200
2022-07-20 05:00:00,149.25,149.25,149.25,20220900,20221200,20221200
2022-07-21 05:00:00,149.22,149.22,149.22,20220900,20221200,20221200
2022-07-22 05:00:00,149.98,149.98,149.98,20220900,20221200,20221200
2022-07-25 05:00:00,150.0,150.0,150.0,20220900,20221200,20221200
2022-07-26 05:00:00,150.33,150.33,150.33,20220900,20221200,20221200
2022-07-27 05:00:00,150.27,150.27,150.27,20220900,20221200,20221200
2022-07-28 05:00:00,150.26,150.26,150.26,20220900,20221200,20221200
2022-07-29 05:00:00,150.4,150.4,150.4,20220900,20221200,20221200
2022-08-01 05:00:00,150.44,150.44,150.44,20220900,20221200,20221200
2022-08-02 05:00:00,150.74,150.74,150.74,20220900,20221200,20221200
2022-08-03 05:00:00,150.55,150.55,150.55,20220900,20221200,20221200
2022-08-04 05:00:00,150.58,150.58,150.58,20220900,20221200,20221200
2022-08-05 05:00:00,150.74,150.74,150.74,20220900,20221200,20221200
2022-08-08 05:00:00,150.61,150.61,150.61,20220900,20221200,20221200
2022-08-09 05:00:00,150.59,150.59,150.59,20220900,20221200,20221200
2022-08-10 05:00:00,150.48,150.48,150.48,20220900,20221200,20221200
2022-08-11 05:00:00,150.48,150.48,150.48,20220900,20221200,20221200
2022-08-12 05:00:00,150.15,150.15,150.15,20220900,20221200,20221200
2022-08-15 05:00:00,150.38,150.23,150.23,20220900,20221200,20221200
2022-08-16 05:00:00,150.57,150.26,150.26,20220900,20221200,20221200
2022-08-17 05:00:00,150.38,150.07,150.07,20220900,20221200,20221200
2022-08-18 05:00:00,150.27,149.96,149.96,20220900,20221200,20221200
2022-08-19 05:00:00,150.1,149.78,149.78,20220900,20221200,20221200
2022-08-22 05:00:00,149.73,149.41,149.41,20220900,20221200,20221200
2022-08-23 05:00:00,149.79,149.31,149.31,20220900,20221200,20221200
2022-08-24 05:00:00,149.66,149.18,149.18,20220900,20221200,20221200
2022-08-25 05:00:00,149.6,149.06,149.06,20220900,20221200,20221200
2022-08-26 05:00:00,149.62,149.08,149.08,20220900,20221200,20221200
2022-08-29 05:00:00,148.62,147.08,147.08,20221200,20230300,20230300
2022-08-30 05:00:00,148.97,147.43,147.43,20221200,20230300,20230300
2022-08-31 05:00:00,148.94,147.4,147.4,20221200,20230300,20230300
2022-09-01 05:00:00,148.77,147.23,147.23,20221200,20230300,20230300
2022-09-02 05:00:00,148.68,147.14,147.14,20221200,20230300,20230300
2022-09-05 05:00:00,148.77,147.23,147.23,20221200,20230300,20230300
2022-09-06 05:00:00,148.65,147.11,147.11,20221200,20230300,20230300
2022-09-07 05:00:00,148.39,146.85,146.85,20221200,20230300,20230300
2022-09-08 05:00:00,148.55,147.01,147.01,20221200,20230300,20230300
2022-09-09 05:00:00,148.72,147.18,147.18,20221200,20230300,20230300
2022-09-12 05:00:00,148.86,147.32,147.32,20221200,20230300,20230300
2022-09-13 05:00:00,149.11,147.57,147.57,20221200,20230300,20230300
2022-09-14 05:00:00,148.58,147.04,147.04,20221200,20230300,20230300
2022-09-15 05:00:00,148.52,146.98,146.98,20221200,20230300,20230300
2022-09-16 05:00:00,148.43,146.89,146.89,20221200,20230300,20230300
2022-09-19 05:00:00,148.34,146.8,146.8,20221200,20230300,20230300
2022-09-20 05:00:00,148.33,146.79,146.79,20221200,20230300,20230300
2022-09-21 05:00:00,148.25,146.71,146.71,20221200,20230300,20230300
2022-09-22 05:00:00,148.82,147.28,147.28,20221200,20230300,20230300
2022-09-23 05:00:00,148.38,146.84,146.84,20221200,20230300,20230300
2022-09-26 05:00:00,147.88,146.34,146.34,20221200,20230300,20230300
2022-09-27 05:00:00,148.06,146.52,146.52,20221200,20230300,20230300
2022-09-28 05:00:00,147.87,146.33,146.33,20221200,20230300,20230300
2022-09-29 05:00:00,148.05,146.51,146.51,20221200,20230300,20230300
2022-09-30 05:00:00,148.56,147.02,147.02,20221200,20230300,20230300
2022-10-03 05:00:00,148.52,146.98,146.98,20221200,20230300,20230300
2022-10-04 05:00:00,149.13,147.59,147.59,20221200,20230300,20230300
2022-10-05 05:00:00,148.88,147.34,147.34,20221200,20230300,20230300
2022-10-06 05:00:00,148.85,147.31,147.31,20221200,20230300,20230300
2022-10-07 05:00:00,148.59,147.05,147.05,20221200,20230300,20230300
2022-10-10 05:00:00,148.36,146.82,146.82,20221200,20230300,20230300
2022-10-11 05:00:00,148.33,146.79,146.79,20221200,20230300,20230300
2022-10-12 05:00:00,148.42,146.88,146.88,20221200,20230300,20230300
2022-10-13 05:00:00,148.34,146.8,146.8,20221200,20230300,20230300
2022-10-14 05:00:00,148.33,146.79,146.79,20221200,20230300,20230300
2022-10-17 05:00:00,148.2,146.66,146.66,20221200,20230300,20230300
2022-10-18 05:00:00,148.16,146.62,146.62,20221200,20230300,20230300
2022-10-19 05:00:00,148.07,146.53,146.53,20221200,20230300,20230300
2022-10-20 05:00:00,147.89,146.35,146.35,20221200,20230300,20230300
2022-10-21 05:00:00,147.44,145.9,145.9,20221200,20230300,20230300
2022-10-24 05:00:00,147.78,146.24,146.24,20221200,20230300,20230300
2022-10-25 05:00:00,148.05,146.51,146.51,20221200,20230300,20230300
2022-10-26 05:00:00,148.4,146.86,146.86,20221200,20230300,20230300
2022-10-27 05:00:00,148.47,146.93,146.93,20221200,20230300,20230300
2022-10-28 05:00:00,148.68,147.14,147.14,20221200,20230300,20230300
2022-10-31 05:00:00,148.63,147.09,147.09,20221200,20230300,20230300
2022-11-01 05:00:00,148.94,147.4,147.4,20221200,20230300,20230300
2022-11-02 05:00:00,148.81,147.27,147.27,20221200,20230300,20230300
2022-11-03 05:00:00,148.47,146.93,146.93,20221200,20230300,20230300
2022-11-04 05:00:00,148.39,146.85,146.85,20221200,20230300,20230300
2022-11-07 06:00:00,148.47,146.93,146.93,20221200,20230300,20230300
2022-11-08 06:00:00,148.4,146.86,146.86,20221200,20230300,20230300
2022-11-09 06:00:00,148.89,147.35,147.35,20221200,20230300,20230300
2022-11-10 06:00:00,149.05,147.78,147.78,20221200,20230300,20230300
2022-11-11 06:00:00,149.54,148.59,148.59,20221200,20230300,20230300
2022-11-14 06:00:00,149.34,148.43,148.43,20221200,20230300,20230300
2022-11-15 06:00:00,149.52,148.61,148.61,20221200,20230300,20230300
2022-11-16 06:00:00,149.37,148.46,148.46,20221200,20230300,20230300
2022-11-17 06:00:00,149.48,148.57,148.57,20221200,20230300,20230300
2022-11-18 06:00:00,149.27,148.36,148.36,20221200,20230300,20230300
2022-11-21 06:00:00,149.32,148.41,148.41,20221200,20230300,20230300
2022-11-22 06:00:00,149.34,148.43,148.43,20221200,20230300,20230300
2022-11-23 06:00:00,149.21,148.3,148.3,20221200,20230300,20230300
2022-11-24 06:00:00,149.41,148.51,148.51,20221200,20230300,20230300
2022-11-25 06:00:00,148.87,147.93,147.93,20221200,20230300,20230300
2022-11-28 06:00:00,148.05,148.05,148.05,20230300,20230600,20230600
2022-11-29 06:00:00,148.02,148.02,148.02,20230300,20230600,20230600
2022-11-30 06:00:00,147.91,147.91,147.91,20230300,20230600,20230600
2022-12-01 06:00:00,148.08,148.08,148.08,20230300,20230600,20230600
2022-12-02 06:00:00,148.08,148.08,148.08,20230300,20230600,20230600
2022-12-05 06:00:00,147.8,147.8,147.8,20230300,20230600,20230600
2022-12-06 06:00:00,147.83,147.83,147.83,20230300,20230600,20230600
2022-12-07 06:00:00,148.2,148.2,148.2,20230300,20230600,20230600
2022-12-08 06:00:00,148.19,148.19,148.19,20230300,20230600,20230600
2022-12-09 06:00:00,148.3,148.3,148.3,20230300,20230600,20230600
2022-12-12 06:00:00,148.11,148.11,148.11,20230300,20230600,20230600
2022-12-13 06:00:00,148.01,148.01,148.01,20230300,20230600,20230600
2022-12-14 06:00:00,148.17,148.17,148.17,20230300,20230600,20230600
2022-12-15 06:00:00,147.89,147.89,147.89,20230300,20230600,20230600
2022-12-16 06:00:00,148.0,148.0,148.0,20230300,20230600,20230600
2022-12-19 06:00:00,147.86,147.86,147.86,20230300,20230600,20230600
2022-12-20 06:00:00,146.57,146.57,146.57,20230300,20230600,20230600
2022-12-21 06:00:00,146.19,146.19,146.19,20230300,20230600,20230600
2022-12-22 06:00:00,146.29,146.29,146.29,20230300,20230600,20230600
2022-12-23 06:00:00,146.04,146.04,146.04,20230300,20230600,20230600
2022-12-26 06:00:00,145.84,145.84,145.84,20230300,20230600,20230600
2022-12-27 06:00:00,145.64,145.64,145.64,20230300,20230600,20230600
2022-12-28 06:00:00,145.74,145.74,145.74,20230300,20230600,20230600
2022-12-29 06:00:00,145.59,145.59,145.59,20230300,20230600,20230600
2022-12-30 06:00:00,145.47,145.47,145.47,20230300,20230600,20230600
2023-01-03 06:00:00,145.34,145.34,145.34,20230300,20230600,20230600
2023-01-04 06:00:00,145.4,145.4,145.4,20230300,20230600,20230600
2023-01-05 06:00:00,145.7,145.7,145.7,20230300,20230600,20230600
2023-01-06 06:00:00,145.78,145.78,145.78,20230300,20230600,20230600
2023-01-09 06:00:00,146.02,146.02,146.02,20230300,20230600,20230600
2023-01-10 06:00:00,145.53,145.53,145.53,20230300,20230600,20230600
2023-01-11 06:00:00,145.62,145.62,145.62,20230300,20230600,20230600
2023-01-12 06:00:00,145.02,145.02,145.02,20230300,20230600,20230600
2023-01-13 06:00:00,144.32,144.32,144.32,20230300,20230600,20230600
2023-01-16 06:00:00,144.77,144.77,144.77,20230300,20230600,20230600
2023-01-17 06:00:00,144.86,144.86,144.86,20230300,20230600,20230600
2023-01-18 06:00:00,145.8,145.8,145.8,20230300,20230600,20230600
2023-01-19 06:00:00,146.39,146.39,146.39,20230300,20230600,20230600
2023-01-20 06:00:00,147.09,147.09,147.09,20230300,20230600,20230600
2023-01-23 06:00:00,147.51,147.51,147.51,20230300,20230600,20230600
2023-01-24 06:00:00,147.35,147.35,147.35,20230300,20230600,20230600
2023-01-25 06:00:00,147.4,147.4,147.4,20230300,20230600,20230600
2023-01-26 06:00:00,147.22,147.22,147.22,20230300,20230600,20230600
2023-01-27 06:00:00,146.55,146.55,146.55,20230300,20230600,20230600
2023-01-30 06:00:00,146.8,145.37,145.37,20230300,20230600,20230600
2023-01-31 06:00:00,146.6,145.17,145.17,20230300,20230600,20230600
2023-02-01 06:00:00,146.87,145.44,145.44,20230300,20230600,20230600
2023-02-02 06:00:00,146.81,145.38,145.38,20230300,20230600,20230600
2023-02-03 06:00:00,147.08,145.65,145.65,20230300,20230600,20230600
2023-02-06 06:00:00,146.83,145.4,145.4,20230300,20230600,20230600
2023-02-07 06:00:00,146.85,145.42,145.42,20230300,20230600,20230600
2023-02-08 06:00:00,146.8,145.37,145.37,20230300,20230600,20230600
2023-02-09 06:00:00,146.69,145.26,145.26,20230300,20230600,20230600
2023-02-10 06:00:00,146.25,144.85,144.85,20230300,20230600,20230600
2023-02-13 06:00:00,146.62,145.22,145.22,20230300,20230600,20230600
2023-02-14 06:00:00,146.86,145.37,145.37,20230300,20230600,20230600
2023-02-15 06:00:00,146.75,145.26,145.26,20230300,20230600,20230600
2023-02-16 06:00:00,146.71,145.22,145.22,20230300,20230600,20230600
2023-02-17 06:00:00,146.52,145.03,145.03,20230300,20230600,20230600
2023-02-20 06:00:00,146.59,145.1,145.1,20230300,20230600,20230600
2023-02-21 06:00:00,146.38,144.89,144.89,20230300,20230600,20230600
2023-02-22 06:00:00,146.28,144.79,144.79,20230300,20230600,20230600
2023-02-23 06:00:00,146.3,144.81,144.81,20230300,20230600,20230600
2023-02-24 06:00:00,146.59,145.25,145.25,20230300,20230600,20230600
2023-02-27 06:00:00,145.19,145.19,145.19,20230600,20230900,20230900
2023-02-28 06:00:00,145.34,145.34,145.34,20230600,20230900,20230900
2023-03-01 06:00:00,145.36,145.36,145.36,20230600,20230900,20230900
2023-03-02 06:00:00,145.36,145.36,145.36,20230600,20230900,20230900
2023-03-03 06:00:00,145.46,145.46,145.46,20230600,20230900,20230900
2023-03-06 06:00:00,145.43,145.43,145.43,20230600,20230900,20230900
2023-03-07 06:00:00,145.47,145.47,145.47,20230600,20230900,20230900
2023-03-08 06:00:00,145.35,145.35,145.35,20230600,20230900,20230900
2023-03-09 06:00:00,144.97,144.97,144.97,20230600,20230900,20230900
2023-03-10 06:00:00,145.97,145.97,145.97,20230600,20230900,20230900
2023-03-13 05:00:00,147.26,147.26,147.26,20230600,20230900,20230900
2023-03-14 05:00:00,148.28,148.28,148.28,20230600,20230900,20230900
2023-03-15 05:00:00,147.34,147.34,147.34,20230600,20230900,20230900
2023-03-16 05:00:00,148.39,148.39,148.39,20230600,20230900,20230900
2023-03-17 05:00:00,148.17,148.17,148.17,20230600,20230900,20230900
2023-03-20 05:00:00,149.23,149.23,149.23,20230600,20230900,20230900
2023-03-21 05:00:00,148.77,148.77,148.77,20230600,20230900,20230900
2023-03-22 05:00:00,148.16,148.16,148.16,20230600,20230900,20230900
2023-03-23 05:00:00,148.46,148.46,148.46,20230600,20230900,20230900
2023-03-24 05:00:00,149.06,149.06,149.06,20230600,20230900,20230900
2023-03-27 05:00:00,148.57,148.57,148.57,20230600,20230900,20230900
2023-03-28 05:00:00,148.36,148.36,148.36,20230600,20230900,20230900
2023-03-29 05:00:00,148.73,148.73,148.73,20230600,20230900,20230900
2023-03-30 05:00:00,148.24,148.24,148.24,20230600,20230900,20230900
2023-03-31 05:00:00,147.82,147.82,147.82,20230600,20230900,20230900
2023-04-03 05:00:00,147.64,147.64,147.64,20230600,20230900,20230900
2023-04-04 05:00:00,147.4,147.4,147.4,20230600,20230900,20230900
2023-04-05 05:00:00,147.46,147.46,147.46,20230600,20230900,20230900
2023-04-06 05:00:00,147.77,147.77,147.77,20230600,20230900,20230900
2023-04-07 05:00:00,147.57,147.57,147.57,20230600,20230900,20230900
2023-04-10 05:00:00,147.53,147.53,147.53,20230600,20230900,20230900
2023-04-11 05:00:00,147.73,147.73,147.73,20230600,20230900,20230900
2023-04-12 05:00:00,147.67,147.67,147.67,20230600,20230900,20230900
2023-04-13 05:00:00,147.62,147.62,147.62,20230600,20230900,20230900
2023-04-14 05:00:00,147.62,147.62,147.62,20230600,20230900,20230900
2023-04-17 05:00:00,147.34,147.34,147.34,20230600,20230900,20230900
2023-04-18 05:00:00,147.45,147.45,147.45,20230600,20230900,20230900
2023-04-19 05:00:00,147.27,147.27,147.27,20230600,20230900,20230900
2023-04-20 05:00:00,147.5,147.5,147.5,20230600,20230900,20230900
2023-04-21 05:00:00,147.67,147.67,147.67,20230600,20230900,20230900
2023-04-24 05:00:00,147.72,147.72,147.72,20230600,20230900,20230900
2023-04-25 05:00:00,147.72,147.72,147.72,20230600,20230900,20230900
2023-04-26 05:00:00,148.04,148.04,148.04,20230600,20230900,20230900
2023-04-27 05:00:00,148.03,147.79,147.79,20230600,20230900,20230900
2023-04-28 05:00:00,148.83,148.59,148.59,20230600,20230900,20230900
2023-05-01 05:00:00,148.54,148.3,148.3,20230600,20230900,20230900
2023-05-02 05:00:00,148.49,147.7,147.7,20230600,20230900,20230900
2023-05-03 05:00:00,148.67,147.88,147.88,20230600,20230900,20230900
2023-05-04 05:00:00,148.86,148.07,148.07,20230600,20230900,20230900
2023-05-05 05:00:00,148.79,148.0,148.0,20230600,20230900,20230900
2023-05-08 05:00:00,148.63,147.84,147.84,20230600,20230900,20230900
2023-05-09 05:00:00,148.42,147.63,147.63,20230600,20230900,20230900
2023-05-10 05:00:00,148.59,147.8,147.8,20230600,20230900,20230900
2023-05-11 05:00:00,148.81,148.02,148.02,20230600,20230900,20230900
2023-05-12 05:00:00,148.88,148.09,148.09,20230600,20230900,20230900
2023-05-15 05:00:00,148.63,147.84,147.84,20230600,20230900,20230900
2023-05-16 05:00:00,148.93,148.14,148.14,20230600,20230900,20230900
2023-05-17 05:00:00,149.05,148.26,148.26,20230600,20230900,20230900
2023-05-18 05:00:00,148.8,148.01,148.01,20230600,20230900,20230900
2023-05-19 05:00:00,148.7,147.91,147.91,20230600,20230900,20230900
2023-05-22 05:00:00,148.8,148.01,148.01,20230600,20230900,20230900
2023-05-23 05:00:00,148.53,147.74,147.74,20230600,20230900,20230900
2023-05-24 05:00:00,148.67,147.88,147.88,20230600,20230900,20230900
2023-05-25 05:00:00,148.41,147.62,147.62,20230600,20230900,20230900
2023-05-26 05:00:00,148.54,147.75,147.75,20230600,20230900,20230900
2023-05-29 05:00:00,147.74,147.64,147.64,20230900,20231200,20231200
2023-05-30 05:00:00,147.74,147.64,147.64,20230900,20231200,20231200
2023-05-31 05:00:00,147.82,147.72,147.72,20230900,20231200,20231200
2023-06-01 05:00:00,147.98,147.88,147.88,20230900,20231200,20231200
2023-06-02 05:00:00,148.1,148.0,148.0,20230900,20231200,20231200
2023-06-05 05:00:00,147.79,147.69,147.69,20230900,20231200,20231200
2023-06-06 05:00:00,148.08,147.98,147.98,20230900,20231200,20231200
2023-06-07 05:00:00,148.04,147.94,147.94,20230900,20231200,20231200
2023-06-08 05:00:00,147.88,147.78,147.78,20230900,20231200,20231200
2023-06-09 05:00:00,148.09,147.99,147.99,20230900,20231200,20231200
2023-06-12 05:00:00,148.09,147.99,147.99,20230900,20231200,20231200
2023-06-13 05:00:00,148.28,148.18,148.18,20230900,20231200,20231200
2023-06-14 05:00:00,148.12,148.02,148.02,20230900,20231200,20231200
2023-06-15 05:00:00,148.04,147.94,147.94,20230900,20231200,20231200
2023-06-16 05:00:00,148.35,148.25,148.25,20230900,20231200,20231200
2023-06-19 05:00:00,148.38,148.28,148.28,20230900,20231200,20231200
2023-06-20 05:00:00,148.55,148.45,148.45,20230900,20231200,20231200
2023-06-21 05:00:00,148.66,148.56,148.56,20230900,20231200,20231200
2023-06-22 05:00:00,148.69,148.59,148.59,20230900,20231200,20231200
2023-06-23 05:00:00,148.83,148.73,148.73,20230900,20231200,20231200
2023-06-26 05:00:00,149.06,148.96,148.96,20230900,20231200,20231200
2023-06-27 05:00:00,148.8,148.7,148.7,20230900,20231200,20231200
2023-06-28 05:00:00,148.63,148.53,148.53,20230900,20231200,20231200
2023-06-29 05:00:00,148.59,148.49,148.49,20230900,20231200,20231200
2023-06-30 05:00:00,148.48,148.38,148.38,20230900,20231200,20231200
2023-07-03 05:00:00,148.54,148.44,148.44,20230900,20231200,20231200
2023-07-04 05:00:00,148.64,148.54,148.54,20230900,20231200,20231200
2023-07-05 05:00:00,148.79,148.69,148.69,20230900,20231200,20231200
2023-07-06 05:00:00,148.49,148.39,148.39,20230900,20231200,20231200
2023-07-07 05:00:00,148.0,147.9,147.9,20230900,20231200,20231200
2023-07-10 05:00:00,147.52,147.42,147.42,20230900,20231200,20231200
2023-07-11 05:00:00,147.7,147.6,147.6,20230900,20231200,20231200
2023-07-12 05:00:00,147.41,147.31,147.31,20230900,20231200,20231200
2023-07-13 05:00:00,147.64,147.54,147.54,20230900,20231200,20231200
2023-07-14 05:00:00,147.29,147.19,147.19,20230900,20231200,20231200
2023-07-17 05:00:00,147.29,147.19,147.19,20230900,20231200,20231200
2023-07-18 05:00:00,147.42,147.32,147.32,20230900,20231200,20231200
2023-07-19 05:00:00,147.87,147.77,147.77,20230900,20231200,20231200
2023-07-20 05:00:00,147.84,147.74,147.74,20230900,20231200,20231200
2023-07-21 05:00:00,148.46,148.36,148.36,20230900,20231200,20231200
2023-07-24 05:00:00,148.4,148.3,148.3,20230900,20231200,20231200
2023-07-25 05:00:00,148.15,148.05,148.05,20230900,20231200,20231200
2023-07-26 05:00:00,148.3,148.05,148.05,20230900,20231200,20231200
2023-07-27 05:00:00,148.25,148.0,148.0,20230900,20231200,20231200
2023-07-28 05:00:00,147.16,146.91,146.91,20230900,20231200,20231200
2023-07-31 05:00:00,146.87,146.62,146.62,20230900,20231200,20231200
2023-08-01 05:00:00,146.88,146.59,146.59,20230900,20231200,20231200
2023-08-02 05:00:00,146.67,146.38,146.38,20230900,20231200,20231200
2023-08-03 05:00:00,146.32,146.03,146.03,20230900,20231200,20231200
2023-08-04 05:00:00,146.27,145.98,145.98,20230900,20231200,20231200
2023-08-07 05:00:00,146.5,146.21,146.21,20230900,20231200,20231200
2023-08-08 05:00:00,146.75,146.0,146.0,20230900,20231200,20231200
2023-08-09 05:00:00,147.07,146.32,146.32,20230900,20231200,20231200
2023-08-10 05:00:00,147.0,146.25,146.25,20230900,20231200,20231200
2023-08-11 05:00:00,146.74,146.25,146.25,20230900,20231200,20231200
2023-08-14 05:00:00,146.61,146.12,146.12,20230900,20231200,20231200
2023-08-15 05:00:00,146.47,145.98,145.98,20230900,20231200,20231200
2023-08-16 05:00:00,146.65,146.16,146.16,20230900,20231200,20231200
2023-08-17 05:00:00,146.39,145.9,145.9,20230900,20231200,20231200
2023-08-18 05:00:00,146.6,145.81,145.81,20230900,20231200,20231200
2023-08-21 05:00:00,146.42,145.63,145.63,20230900,20231200,20231200
2023-08-22 05:00:00,146.43,145.64,145.64,20230900,20231200,20231200
2023-08-23 05:00:00,146.56,145.75,145.75,20230900,20231200,20231200
2023-08-24 05:00:00,146.8,146.03,146.03,20230900,20231200,20231200
2023-08-25 05:00:00,146.65,145.89,145.89,20230900,20231200,20231200
2023-08-28 05:00:00,146.66,145.9,145.9,20230900,20231200,20231200
2023-08-29 05:00:00,146.02,146.02,146.02,20231200,20240300,20240300
2023-08-30 05:00:00,146.07,146.07,146.07,20231200,20240300,20240300
2023-08-31 05:00:00,146.15,146.15,146.15,20231200,20240300,20240300
2023-09-01 05:00:00,146.3,146.3,146.3,20231200,20240300,20240300
2023-09-04 05:00:00,146.07,146.07,146.07,20231200,20240300,20240300
2023-09-05 05:00:00,145.97,145.97,145.97,20231200,20240300,20240300
2023-09-06 05:00:00,146.02,146.02,146.02,20231200,20240300,20240300
2023-09-07 05:00:00,146.1,146.1,146.1,20231200,20240300,20240300
2023-09-08 05:00:00,146.14,146.14,146.14,20231200,20240300,20240300
2023-09-11 05:00:00,145.6,145.6,145.6,20231200,20240300,20240300
2023-09-12 05:00:00,145.52,145.52,145.52,20231200,20240300,20240300
2023-09-13 05:00:00,145.51,145.51,145.51,20231200,20240300,20240300
2023-09-14 05:00:00,145.5,145.5,145.5,20231200,20240300,20240300
2023-09-15 05:00:00,145.58,145.58,145.58,20231200,20240300,20240300
2023-09-18 05:00:00,145.39,145.39,145.39,20231200,20240300,20240300
2023-09-19 05:00:00,145.51,145.51,145.51,20231200,20240300,20240300
2023-09-20 05:00:00,145.53,145.53,145.53,20231200,20240300,20240300
2023-09-21 05:00:00,145.25,145.25,145.25,20231200,20240300,20240300
2023-09-22 05:00:00,145.39,145.39,145.39,20231200,20240300,20240300
2023-09-25 05:00:00,145.41,145.41,145.41,20231200,20240300,20240300
2023-09-26 05:00:00,145.31,145.31,145.31,20231200,20240300,20240300
2023-09-27 05:00:00,145.33,145.33,145.33,20231200,20240300,20240300
2023-09-28 05:00:00,144.97,144.97,144.97,20231200,20240300,20240300
2023-09-29 05:00:00,145.0,145.0,145.0,20231200,20240300,20240300
2023-10-02 05:00:00,144.83,144.83,144.83,20231200,20240300,20240300
2023-10-03 05:00:00,144.84,144.84,144.84,20231200,20240300,20240300
2023-10-04 05:00:00,144.55,144.55,144.55,20231200,20240300,20240300
2023-10-05 05:00:00,144.6,144.6,144.6,20231200,20240300,20240300
2023-10-06 05:00:00,144.78,144.78,144.78,20231200,20240300,20240300
2023-10-09 05:00:00,144.97,144.97,144.97,20231200,20240300,20240300
2023-10-10 05:00:00,145.02,145.02,145.02,20231200,20240300,20240300
2023-10-11 05:00:00,145.47,145.47,145.47,20231200,20240300,20240300
2023-10-12 05:00:00,145.55,145.55,145.55,20231200,20240300,20240300
2023-10-13 05:00:00,145.4,145.4,145.4,20231200,20240300,20240300
2023-10-16 05:00:00,145.39,145.39,145.39,20231200,20240300,20240300
2023-10-17 05:00:00,145.11,145.11,145.11,20231200,20240300,20240300
2023-10-18 05:00:00,144.85,144.85,144.85,20231200,20240300,20240300
2023-10-19 05:00:00,144.51,144.51,144.51,20231200,20240300,20240300
2023-10-20 05:00:00,144.58,144.58,144.58,20231200,20240300,20240300
2023-10-23 05:00:00,144.34,144.34,144.34,20231200,20240300,20240300
2023-10-24 05:00:00,144.65,144.65,144.65,20231200,20240300,20240300
2023-10-25 05:00:00,144.54,144.54,144.54,20231200,20240300,20240300
2023-10-26 05:00:00,144.39,144.39,144.39,20231200,20240300,20240300
2023-10-27 05:00:00,144.29,144.29,144.29,20231200,20240300,20240300
2023-10-30 05:00:00,144.19,144.19,144.19,20231200,20240300,20240300
2023-10-31 05:00:00,143.92,143.92,143.92,20231200,20240300,20240300
2023-11-01 05:00:00,143.7,143.7,143.7,20231200,20240300,20240300
2023-11-02 05:00:00,144.0,143.85,143.85,20231200,20240300,20240300
2023-11-03 05:00:00,144.04,143.55,143.55,20231200,20240300,20240300
2023-11-06 06:00:00,144.32,143.77,143.77,20231200,20240300,20240300
2023-11-07 06:00:00,144.33,143.78,143.78,20231200,20240300,20240300
2023-11-08 06:00:00,144.67,144.12,144.12,20231200,20240300,20240300
2023-11-09 06:00:00,144.69,144.14,144.14,20231200,20240300,20240300
2023-11-10 06:00:00,144.55,144.0,144.0,20231200,20240300,20240300
2023-11-13 06:00:00,144.31,143.42,143.42,20231200,20240300,20240300
2023-11-14 06:00:00,144.66,143.77,143.77,20231200,20240300,20240300
2023-11-15 06:00:00,145.29,144.4,144.4,20231200,20240300,20240300
2023-11-16 06:00:00,145.35,144.46,144.46,20231200,20240300,20240300
2023-11-17 06:00:00,146.02,145.13,145.13,20231200,20240300,20240300
2023-11-20 06:00:00,145.82,144.93,144.93,20231200,20240300,20240300
2023-11-21 06:00:00,146.29,145.4,145.4,20231200,20240300,20240300
2023-11-22 06:00:00,146.08,145.19,145.19,20231200,20240300,20240300
2023-11-23 06:00:00,146.08,145.19,145.19,20231200,20240300,20240300
2023-11-24 06:00:00,145.6,144.78,144.78,20231200,20240300,20240300
2023-11-27 06:00:00,145.68,144.86,144.86,20231200,20240300,20240300
2023-11-28 06:00:00,145.15,145.15,145.15,20240300,20240600,20240600
2023-11-29 06:00:00,146.03,146.03,146.03,20240300,20240600,20240600
2023-11-30 06:00:00,145.94,145.94,145.94,20240300,20240600,20240600
2023-12-01 06:00:00,145.61,145.61,145.61,20240300,20240600,20240600
2023-12-04 06:00:00,145.9,145.9,145.9,20240300,20240600,20240600
2023-12-05 06:00:00,146.09,146.09,146.09,20240300,20240600,20240600
2023-12-06 06:00:00,146.39,146.39,146.39,20240300,20240600,20240600
2023-12-07 06:00:00,145.23,145.23,145.23,20240300,20240600,20240600
2023-12-08 06:00:00,145.04,145.04,145.04,20240300,20240600,20240600
2023-12-11 06:00:00,145.17,145.17,145.17,20240300,20240600,20240600
2023-12-12 06:00:00,145.6,145.6,145.6,20240300,20240600,20240600
2023-12-13 06:00:00,145.76,145.76,145.76,20240300,20240600,20240600
2023-12-14 06:00:00,146.18,145.82,145.82,20240300,20240600,20240600
2023-12-15 06:00:00,145.77,145.41,145.41,20240300,20240600,20240600
2023-12-18 06:00:00,146.02,145.66,145.66,20240300,20240600,20240600
2023-12-19 06:00:00,146.63,146.27,146.27,20240300,20240600,20240600
2023-12-20 06:00:00,147.11,146.75,146.75,20240300,20240600,20240600
2023-12-21 06:00:00,146.69,146.33,146.33,20240300,20240600,20240600
2023-12-22 06:00:00,146.5,146.14,146.14,20240300,20240600,20240600
2023-12-25 06:00:00,146.57,146.21,146.21,20240300,20240600,20240600
2023-12-26 06:00:00,146.44,146.08,146.08,20240300,20240600,20240600
2023-12-27 06:00:00,146.67,146.31,146.31,20240300,20240600,20240600
2023-12-28 06:00:00,146.94,146.58,146.58,20240300,20240600,20240600
2023-12-29 06:00:00,146.53,146.17,146.17,20240300,20240600,20240600
2024-01-02 06:00:00,146.49,146.13,146.13,20240300,20240600,20240600
2024-01-03 06:00:00,146.52,146.16,146.16,20240300,20240600,20240600
2024-01-04 06:00:00,146.9,146.54,146.54,20240300,20240600,20240600
2024-01-05 06:00:00,146.83,146.47,146.47,20240300,20240600,20240600
2024-01-08 06:00:00,146.9,146.54,146.54,20240300,20240600,20240600
2024-01-09 06:00:00,147.0,146.64,146.64,20240300,20240600,20240600
2024-01-10 06:00:00,147.13,146.77,146.77,20240300,20240600,20240600
2024-01-11 06:00:00,147.36,147.0,147.0,20240300,20240600,20240600
2024-01-12 06:00:00,147.5,147.14,147.14,20240300,20240600,20240600
2024-01-15 06:00:00,147.61,147.25,147.25,20240300,20240600,20240600
2024-01-16 06:00:00,147.28,146.92,146.92,20240300,20240600,20240600
2024-01-17 06:00:00,147.22,146.86,146.86,20240300,20240600,20240600
2024-01-18 06:00:00,146.8,146.44,146.44,20240300,20240600,20240600
2024-01-19 06:00:00,146.67,146.31,146.31,20240300,20240600,20240600
2024-01-22 06:00:00,146.9,146.54,146.54,20240300,20240600,20240600
2024-01-23 06:00:00,146.5,146.14,146.14,20240300,20240600,20240600
2024-01-24 06:00:00,146.2,145.84,145.84,20240300,20240600,20240600
2024-01-25 06:00:00,145.89,145.53,145.53,20240300,20240600,20240600
2024-01-26 06:00:00,146.39,146.03,146.03,20240300,20240600,20240600
2024-01-29 06:00:00,146.42,146.06,146.06,20240300,20240600,20240600
2024-01-30 06:00:00,146.45,146.09,146.09,20240300,20240600,20240600
2024-01-31 06:00:00,146.3,145.94,145.94,20240300,20240600,20240600
2024-02-01 06:00:00,146.67,146.31,146.31,20240300,20240600,20240600
2024-02-02 06:00:00,146.88,146.52,146.52,20240300,20240600,20240600
2024-02-05 06:00:00,146.34,145.98,145.98,20240300,20240600,20240600
2024-02-06 06:00:00,146.3,145.94,145.94,20240300,20240600,20240600
2024-02-07 06:00:00,146.37,146.01,146.01,20240300,20240600,20240600
2024-02-08 06:00:00,146.47,146.11,146.11,20240300,20240600,20240600
2024-02-09 06:00:00,146.21,145.85,145.85,20240300,20240600,20240600
2024-02-12 06:00:00,146.13,145.77,145.77,20240300,20240600,20240600
2024-02-13 06:00:00,146.3,145.94,145.94,20240300,20240600,20240600
2024-02-14 06:00:00,145.95,145.59,145.59,20240300,20240600,20240600
2024-02-15 06:00:00,146.33,145.97,145.97,20240300,20240600,20240600
2024-02-16 06:00:00,146.2,145.55,145.55,20240300,20240600,20240600
2024-02-19 06:00:00,146.22,145.57,145.57,20240300,20240600,20240600
2024-02-20 06:00:00,146.22,145.57,145.57,20240300,20240600,20240600
2024-02-21 06:00:00,146.21,145.56,145.56,20240300,20240600,20240600
2024-02-22 06:00:00,146.19,145.54,145.54,20240300,20240600,20240600
2024-02-23 06:00:00,146.18,145.53,145.53,20240300,20240600,20240600
2024-02-26 06:00:00,146.62,145.97,145.97,20240300,20240600,20240600
2024-02-27 06:00:00,145.85,145.85,145.85,20240600,20240900,20240900
2024-02-28 06:00:00,145.81,145.81,145.81,20240600,20240900,20240900
2024-02-29 06:00:00,145.64,145.64,145.64,20240600,20240900,20240900
2024-03-01 06:00:00,145.74,145.74,145.74,20240600,20240900,20240900
2024-03-04 06:00:00,145.76,145.76,145.76,20240600,20240900,20240900
2024-03-05 06:00:00,145.83,145.83,145.83,20240600,20240900,20240900
2024-03-06 06:00:00,145.69,145.69,145.69,20240600,20240900,20240900
2024-03-07 06:00:00,145.49,145.49,145.49,20240600,20240900,20240900
2024-03-08 06:00:00,145.63,145.63,145.63,20240600,20240900,20240900
2024-03-11 05:00:00,145.47,145.47,145.47,20240600,20240900,20240900
2024-03-12 05:00:00,145.49,145.49,145.49,20240600,20240900,20240900
2024-03-13 05:00:00,145.45,145.45,145.45,20240600,20240900,20240900
2024-03-14 05:00:00,145.22,145.22,145.22,20240600,20240900,20240900
2024-03-15 05:00:00,145.19,145.19,145.19,20240600,20240900,20240900
2024-03-18 05:00:00,145.31,145.31,145.31,20240600,20240900,20240900
2024-03-19 05:00:00,145.66,145.66,145.66,20240600,20240900,20240900
2024-03-20 05:00:00,145.65,145.65,145.65,20240600,20240900,20240900
2024-03-21 05:00:00,145.5,145.5,145.5,20240600,20240900,20240900
2024-03-22 05:00:00,145.49,145.49,145.49,20240600,20240900,20240900
2024-03-25 05:00:00,145.55,145.55,145.55,20240600,20240900,20240900
2024-03-26 05:00:00,145.52,145.52,145.52,20240600,20240900,20240900
2024-03-27 05:00:00,145.72,145.72,145.72,20240600,20240900,20240900
2024-03-28 05:00:00,145.71,145.71,145.71,20240600,20240900,20240900
2024-03-29 05:00:00,145.64,145.64,145.64,20240600,20240900,20240900
2024-04-01 05:00:00,145.61,145.61,145.61,20240600,20240900,20240900
2024-04-02 05:00:00,145.43,145.43,145.43,20240600,20240900,20240900
2024-04-03 05:00:00,145.48,145.48,145.48,20240600,20240900,20240900
2024-04-04 05:00:00,145.4,145.4,145.4,20240600,20240900,20240900
2024-04-05 05:00:00,145.36,145.36,145.36,20240600,20240900,20240900
2024-04-08 05:00:00,145.2,145.2,145.2,20240600,20240900,20240900
2024-04-09 05:00:00,145.27,145.27,145.27,20240600,20240900,20240900
2024-04-10 05:00:00,145.17,145.17,145.17,20240600,20240900,20240900
2024-04-11 05:00:00,144.32,144.32,144.32,20240600,20240900,20240900
2024-04-12 05:00:00,144.44,144.44,144.44,20240600,20240900,20240900
2024-04-15 05:00:00,144.4,144.4,144.4,20240600,20240900,20240900
2024-04-16 05:00:00,144.2,144.2,144.2,20240600,20240900,20240900
2024-04-17 05:00:00,144.2,144.2,144.2,20240600,20240900,20240900
2024-04-18 05:00:00,144.42,144.42,144.42,20240600,20240900,20240900
2024-04-19 05:00:00,144.51,144.51,144.51,20240600,20240900,20240900
2024-04-22 05:00:00,144.15,144.15,144.15,20240600,20240900,20240900
2024-04-23 05:00:00,144.15,144.15,144.15,20240600,20240900,20240900
2024-04-24 05:00:00,144.18,144.18,144.18,20240600,20240900,20240900
2024-04-25 05:00:00,144.03,144.03,144.03,20240600,20240900,20240900
2024-04-26 05:00:00,144.36,144.36,144.36,20240600,20240900,20240900
2024-04-29 05:00:00,144.24,144.24,144.24,20240600,20240900,20240900
2024-04-30 05:00:00,144.48,144.48,144.48,20240600,20240900,20240900
2024-05-01 05:00:00,144.31,144.31,144.31,20240600,20240900,20240900
2024-05-02 05:00:00,144.34,144.17,144.17,20240600,20240900,20240900
2024-05-03 05:00:00,144.4,144.17,144.17,20240600,20240900,20240900
2024-05-06 05:00:00,144.76,144.09,144.09,20240600,20240900,20240900
2024-05-07 05:00:00,144.76,144.09,144.09,20240600,20240900,20240900
2024-05-08 05:00:00,144.48,143.81,143.81,20240600,20240900,20240900
2024-05-09 05:00:00,144.16,143.49,143.49,20240600,20240900,20240900
2024-05-10 05:00:00,144.31,143.64,143.64,20240600,20240900,20240900
2024-05-13 05:00:00,143.91,143.24,143.24,20240600,20240900,20240900
2024-05-14 05:00:00,143.89,143.22,143.22,20240600,20240900,20240900
2024-05-15 05:00:00,143.96,143.29,143.29,20240600,20240900,20240900
2024-05-16 05:00:00,144.19,143.52,143.52,20240600,20240900,20240900
2024-05-17 05:00:00,144.01,143.34,143.34,20240600,20240900,20240900
2024-05-20 05:00:00,143.78,143.2,143.2,20240600,20240900,20240900
2024-05-21 05:00:00,143.77,143.19,143.19,20240600,20240900,20240900
2024-05-22 05:00:00,143.57,142.99,142.99,20240600,20240900,20240900
2024-05-23 05:00:00,143.72,143.14,143.14,20240600,20240900,20240900
2024-05-24 05:00:00,143.65,,,20240600,20240900,20240900
2024-05-27 05:00:00,143.48,142.9,142.9,20240600,20240900,20240900
2024-05-28 05:00:00,142.95,142.05,142.05,20240900,20241200,20241200
2024-05-29 05:00:00,142.45,141.55,141.55,20240900,20241200,20241200
2024-05-30 05:00:00,142.56,141.66,141.66,20240900,20241200,20241200
2024-05-31 05:00:00,142.33,141.43,141.43,20240900,20241200,20241200
2024-06-03 05:00:00,142.52,141.62,141.62,20240900,20241200,20241200
2024-06-04 05:00:00,142.98,142.08,142.08,20240900,20241200,20241200
2024-06-05 05:00:00,143.11,142.21,142.21,20240900,20241200,20241200
2024-06-06 05:00:00,143.32,142.42,142.42,20240900,20241200,20241200
2024-06-07 05:00:00,143.33,142.43,142.43,20240900,20241200,20241200
2024-06-10 05:00:00,142.74,141.84,141.84,20240900,20241200,20241200
2024-06-11 05:00:00,142.96,142.06,142.06,20240900,20241200,20241200
2024-06-12 05:00:00,143.3,142.4,142.4,20240900,20241200,20241200
2024-06-13 05:00:00,143.46,142.56,142.56,20240900,20241200,20241200
2024-06-14 05:00:00,143.99,143.09,143.09,20240900,20241200,20241200
2024-06-17 05:00:00,144.04,143.14,143.14,20240900,20241200,20241200
2024-06-18 05:00:00,143.87,142.97,142.97,20240900,20241200,20241200
2024-06-19 05:00:00,144.0,143.1,143.1,20240900,20241200,20241200
2024-06-20 05:00:00,143.73,142.83,142.83,20240900,20241200,20241200
2024-06-21 05:00:00,143.7,142.8,142.8,20240900,20241200,20241200
2024-06-24 05:00:00,143.54,142.64,142.64,20240900,20241200,20241200
2024-06-25 05:00:00,143.45,142.55,142.55,20240900,20241200,20241200
2024-06-26 05:00:00,143.13,142.23,142.23,20240900,20241200,20241200
2024-06-27 05:00:00,142.7,141.8,141.8,20240900,20241200,20241200
2024-06-28 05:00:00,142.79,141.83,141.83,20240900,20241200,20241200
2024-06-28 06:00:00,142.87,,,20240900,20241200,20241200
2024-06-28 07:00:00,142.82,,,20240900,20241200,20241200
2024-06-28 08:00:00,142.73,,,20240900,20241200,20241200
2024-06-28 09:00:00,142.73,,,20240900,20241200,20241200
2024-06-28 10:00:00,142.71,,,20240900,20241200,20241200
2024-06-28 11:00:00,142.75,,,20240900,20241200,20241200
2024-06-28 12:00:00,142.84,,,20240900,20241200,20241200
2024-06-28 13:00:00,142.82,,,20240900,20241200,20241200
2024-06-28 14:00:00,142.64,,,20240900,20241200,20241200
2024-06-28 15:00:00,142.64,,,20240900,20241200,20241200
2024-06-28 16:00:00,142.59,,,20240900,20241200,20241200
2024-06-28 18:00:00,142.61,,,20240900,20241200,20241200
2024-06-28 19:00:00,142.6,,,20240900,20241200,20241200
2024-06-28 20:00:00,142.64,,,20240900,20241200,20241200
2024-06-30 23:00:00,142.5,,,20240900,20241200,20241200
2024-07-01 00:00:00,142.44,,,20240900,20241200,20241200
2024-07-01 01:00:00,142.51,,,20240900,20241200,20241200
2024-07-01 02:00:00,142.5,,,20240900,20241200,20241200
2024-07-01 03:00:00,142.56,,,20240900,20241200,20241200
2024-07-01 04:00:00,142.57,,,20240900,20241200,20241200
2024-07-01 05:00:00,142.54,141.64,141.64,20240900,20241200,20241200
2024-07-01 06:00:00,142.62,,,20240900,20241200,20241200
2024-07-01 07:00:00,142.55,,,20240900,20241200,20241200
2024-07-01 08:00:00,142.54,,,20240900,20241200,20241200
2024-07-01 09:00:00,142.52,,,20240900,20241200,20241200
2024-07-01 10:00:00,142.55,,,20240900,20241200,20241200
2024-07-01 11:00:00,142.56,,,20240900,20241200,20241200
2024-07-01 12:00:00,142.53,,,20240900,20241200,20241200
2024-07-01 13:00:00,142.57,,,20240900,20241200,20241200
2024-07-01 14:00:00,142.44,,,20240900,20241200,20241200
2024-07-01 15:00:00,142.41,,,20240900,20241200,20241200
2024-07-01 16:00:00,142.43,,,20240900,20241200,20241200
2024-07-01 19:00:00,142.43,,,20240900,20241200,20241200
2024-07-01 20:00:00,142.51,,,20240900,20241200,20241200
2024-07-01 23:00:00,142.52,,,20240900,20241200,20241200
2024-07-02 00:00:00,142.41,,,20240900,20241200,20241200
2024-07-02 01:00:00,142.41,,,20240900,20241200,20241200
2024-07-02 02:00:00,142.42,,,20240900,20241200,20241200
2024-07-02 03:00:00,142.46,,,20240900,20241200,20241200
2024-07-02 04:00:00,142.45,,,20240900,20241200,20241200
2024-07-02 05:00:00,142.38,141.36,141.36,20240900,20241200,20241200
2024-07-02 06:00:00,142.43,,,20240900,20241200,20241200
2024-07-02 07:00:00,142.36,,,20240900,20241200,20241200
2024-07-02 08:00:00,142.32,,,20240900,20241200,20241200
2024-07-02 09:00:00,142.26,,,20240900,20241200,20241200
2024-07-02 10:00:00,142.29,,,20240900,20241200,20241200
2024-07-02 11:00:00,142.29,,,20240900,20241200,20241200
2024-07-02 12:00:00,142.35,,,20240900,20241200,20241200
2024-07-02 13:00:00,142.41,,,20240900,20241200,20241200
2024-07-02 14:00:00,142.36,,,20240900,20241200,20241200
2024-07-02 15:00:00,142.32,,,20240900,20241200,20241200
2024-07-02 19:00:00,142.38,,,20240900,20241200,20241200
2024-07-02 20:00:00,142.36,,,20240900,20241200,20241200
2024-07-02 23:00:00,142.44,,,20240900,20241200,20241200
2024-07-03 00:00:00,142.44,,,20240900,20241200,20241200
2024-07-03 01:00:00,142.47,,,20240900,20241200,20241200
2024-07-03 02:00:00,142.45,,,20240900,20241200,20241200
2024-07-03 03:00:00,142.44,,,20240900,20241200,20241200
2024-07-03 04:00:00,142.47,,,20240900,20241200,20241200
2024-07-03 05:00:00,142.45,141.51,141.51,20240900,20241200,20241200
2024-07-03 06:00:00,142.44,,,20240900,20241200,20241200
2024-07-03 07:00:00,142.5,,,20240900,20241200,20241200
2024-07-03 08:00:00,142.41,,,20240900,20241200,20241200
2024-07-03 09:00:00,142.45,,,20240900,20241200,20241200
2024-07-03 10:00:00,142.44,,,20240900,20241200,20241200
2024-07-03 11:00:00,142.49,,,20240900,20241200,20241200
2024-07-03 12:00:00,142.55,,,20240900,20241200,20241200
2024-07-03 13:00:00,142.61,,,20240900,20241200,20241200
2024-07-03 14:00:00,142.84,,,20240900,20241200,20241200
2024-07-03 16:00:00,142.8,,,20240900,20241200,20241200
2024-07-03 17:00:00,142.79,,,20240900,20241200,20241200
2024-07-03 23:00:00,142.69,,,20240900,20241200,20241200
2024-07-04 00:00:00,142.72,,,20240900,20241200,20241200
2024-07-04 01:00:00,142.71,,,20240900,20241200,20241200
2024-07-04 02:00:00,142.7,,,20240900,20241200,20241200
2024-07-04 03:00:00,142.61,,,20240900,20241200,20241200
2024-07-04 04:00:00,142.64,,,20240900,20241200,20241200
2024-07-04 05:00:00,142.78,141.88,141.88,20240900,20241200,20241200
2024-07-04 06:00:00,142.73,,,20240900,20241200,20241200
2024-07-04 07:00:00,142.77,,,20240900,20241200,20241200
2024-07-04 08:00:00,142.81,,,20240900,20241200,20241200
2024-07-04 09:00:00,142.76,,,20240900,20241200,20241200
2024-07-04 11:00:00,142.73,,,20240900,20241200,20241200
2024-07-04 12:00:00,142.75,,,20240900,20241200,20241200
2024-07-04 13:00:00,142.78,,,20240900,20241200,20241200
2024-07-04 14:00:00,142.79,,,20240900,20241200,20241200
2024-07-04 15:00:00,142.78,,,20240900,20241200,20241200
2024-07-04 16:00:00,142.74,,,20240900,20241200,20241200
2024-07-04 20:00:00,142.8,,,20240900,20241200,20241200
2024-07-04 23:00:00,142.83,,,20240900,20241200,20241200
2024-07-05 00:00:00,142.75,,,20240900,20241200,20241200
2024-07-05 01:00:00,142.81,,,20240900,20241200,20241200
2024-07-05 02:00:00,142.83,,,20240900,20241200,20241200
2024-07-05 03:00:00,142.83,,,20240900,20241200,20241200
2024-07-05 04:00:00,142.81,,,20240900,20241200,20241200
2024-07-05 05:00:00,142.86,141.97,141.97,20240900,20241200,20241200
2024-07-05 06:00:00,142.93,,,20240900,20241200,20241200
2024-07-05 07:00:00,142.87,,,20240900,20241200,20241200
2024-07-05 08:00:00,142.92,,,20240900,20241200,20241200
2024-07-05 09:00:00,142.9,,,20240900,20241200,20241200
2024-07-05 12:00:00,142.95,,,20240900,20241200,20241200
2024-07-05 13:00:00,142.89,,,20240900,20241200,20241200
2024-07-05 14:00:00,142.91,,,20240900,20241200,20241200
2024-07-05 15:00:00,143.0,,,20240900,20241200,20241200
2024-07-05 17:00:00,142.99,,,20240900,20241200,20241200
2024-07-05 19:00:00,143.03,,,20240900,20241200,20241200
2024-07-05 20:00:00,143.02,,,20240900,20241200,20241200
2024-07-07 23:00:00,142.8,,,20240900,20241200,20241200
2024-07-08 00:00:00,142.71,,,20240900,20241200,20241200
2024-07-08 01:00:00,142.71,,,20240900,20241200,20241200
2024-07-08 02:00:00,142.71,,,20240900,20241200,20241200
2024-07-08 03:00:00,142.73,,,20240900,20241200,20241200
2024-07-08 04:00:00,142.71,,,20240900,20241200,20241200
2024-07-08 05:00:00,142.71,141.71,141.71,20240900,20241200,20241200
2024-07-08 06:00:00,142.67,,,20240900,20241200,20241200
2024-07-08 07:00:00,142.64,,,20240900,20241200,20241200
2024-07-08 08:00:00,142.62,,,20240900,20241200,20241200
2024-07-08 09:00:00,142.6,,,20240900,20241200,20241200
2024-07-08 10:00:00,142.61,,,20240900,20241200,20241200
2024-07-08 11:00:00,142.65,,,20240900,20241200,20241200
2024-07-08 12:00:00,142.7,,,20240900,20241200,20241200
2024-07-08 13:00:00,142.71,,,20240900,20241200,20241200
2024-07-08 14:00:00,142.72,,,20240900,20241200,20241200
2024-07-08 15:00:00,142.7,,,20240900,20241200,20241200
2024-07-08 16:00:00,142.7,,,20240900,20241200,20241200
2024-07-08 19:00:00,142.73,,,20240900,20241200,20241200
2024-07-08 20:00:00,142.66,,,20240900,20241200,20241200
2024-07-08 23:00:00,142.66,,,20240900,20241200,20241200
2024-07-09 00:00:00,142.72,,,20240900,20241200,20241200
2024-07-09 01:00:00,142.75,,,20240900,20241200,20241200
2024-07-09 02:00:00,142.78,,,20240900,20241200,20241200
2024-07-09 03:00:00,142.83,,,20240900,20241200,20241200
2024-07-09 04:00:00,142.83,,,20240900,20241200,20241200
2024-07-09 05:00:00,142.77,141.87,141.87,20240900,20241200,20241200
2024-07-09 06:00:00,142.73,,,20240900,20241200,20241200
2024-07-09 07:00:00,142.77,,,20240900,20241200,20241200
2024-07-09 08:00:00,142.79,,,20240900,20241200,20241200
2024-07-09 09:00:00,142.75,,,20240900,20241200,20241200
2024-07-09 10:00:00,142.74,,,20240900,20241200,20241200
2024-07-09 13:00:00,142.75,,,20240900,20241200,20241200
2024-07-09 14:00:00,142.64,,,20240900,20241200,20241200
2024-07-09 15:00:00,142.63,,,20240900,20241200,20241200
2024-07-09 17:00:00,142.66,,,20240900,20241200,20241200
2024-07-09 20:00:00,142.69,,,20240900,20241200,20241200
2024-07-09 23:00:00,142.73,,,20240900,20241200,20241200
2024-07-10 00:00:00,142.77,,,20240900,20241200,20241200
2024-07-10 01:00:00,142.78,,,20240900,20241200,20241200
2024-07-10 02:00:00,142.78,,,20240900,20241200,20241200
2024-07-10 03:00:00,142.76,,,20240900,20241200,20241200
2024-07-10 04:00:00,142.77,,,20240900,20241200,20241200
2024-07-10 05:00:00,142.8,141.97,141.97,20240900,20241200,20241200
2024-07-10 06:00:00,142.81,,,20240900,20241200,20241200
2024-07-10 07:00:00,142.89,,,20240900,20241200,20241200
2024-07-10 08:00:00,142.88,,,20240900,20241200,20241200
2024-07-10 09:00:00,142.88,,,20240900,20241200,20241200
2024-07-10 10:00:00,142.92,,,20240900,20241200,20241200
2024-07-10 11:00:00,142.87,,,20240900,20241200,20241200
2024-07-10 12:00:00,142.9,,,20240900,20241200,20241200
2024-07-10 13:00:00,142.85,,,20240900,20241200,20241200
2024-07-10 14:00:00,142.85,,,20240900,20241200,20241200
2024-07-10 15:00:00,142.85,,,20240900,20241200,20241200
2024-07-10 19:00:00,142.88,,,20240900,20241200,20241200
2024-07-10 20:00:00,142.87,,,20240900,20241200,20241200
2024-07-10 23:00:00,142.8,,,20240900,20241200,20241200
2024-07-11 00:00:00,142.89,,,20240900,20241200,20241200
2024-07-11 01:00:00,142.86,,,20240900,20241200,20241200
2024-07-11 02:00:00,142.85,,,20240900,20241200,20241200
2024-07-11 03:00:00,142.82,,,20240900,20241200,20241200
2024-07-11 04:00:00,142.83,,,20240900,20241200,20241200
2024-07-11 05:00:00,142.81,141.91,141.91,20240900,20241200,20241200
2024-07-11 06:00:00,142.82,,,20240900,20241200,20241200
2024-07-11 07:00:00,142.79,,,20240900,20241200,20241200
2024-07-11 08:00:00,142.82,,,20240900,20241200,20241200
2024-07-11 09:00:00,142.84,,,20240900,20241200,20241200
2024-07-11 10:00:00,142.84,,,20240900,20241200,20241200
2024-07-11 11:00:00,142.78,,,20240900,20241200,20241200
2024-07-11 12:00:00,143.02,,,20240900,20241200,20241200
2024-07-11 13:00:00,143.1,,,20240900,20241200,20241200
2024-07-11 14:00:00,143.07,,,20240900,20241200,20241200
2024-07-11 15:00:00,143.1,,,20240900,20241200,20241200
2024-07-11 16:00:00,143.11,,,20240900,20241200,20241200
2024-07-11 18:00:00,143.0,,,20240900,20241200,20241200
2024-07-11 19:00:00,143.02,,,20240900,20241200,20241200
2024-07-11 20:00:00,143.02,,,20240900,20241200,20241200
2024-07-11 23:00:00,143.03,,,20240900,20241200,20241200
2024-07-12 00:00:00,143.02,,,20240900,20241200,20241200
2024-07-12 01:00:00,142.97,,,20240900,20241200,20241200
2024-07-12 02:00:00,143.01,,,20240900,20241200,20241200
2024-07-12 03:00:00,143.01,,,20240900,20241200,20241200
2024-07-12 04:00:00,143.02,,,20240900,20241200,20241200
2024-07-12 05:00:00,143.09,142.19,142.19,20240900,20241200,20241200
2024-07-12 06:00:00,143.12,,,20240900,20241200,20241200
2024-07-12 07:00:00,143.04,,,20240900,20241200,20241200
2024-07-12 08:00:00,143.04,,,20240900,20241200,20241200
2024-07-12 09:00:00,143.07,,,20240900,20241200,20241200
2024-07-12 10:00:00,143.04,,,20240900,20241200,20241200
2024-07-12 11:00:00,143.01,,,20240900,20241200,20241200
2024-07-12 12:00:00,143.07,,,20240900,20241200,20241200
2024-07-12 13:00:00,143.15,,,20240900,20241200,20241200
2024-07-12 14:00:00,143.13,,,20240900,20241200,20241200
2024-07-12 15:00:00,143.13,,,20240900,20241200,20241200
2024-07-12 16:00:00,143.14,,,20240900,20241200,20241200
2024-07-12 18:00:00,143.2,,,20240900,20241200,20241200
2024-07-12 19:00:00,143.2,,,20240900,20241200,20241200
2024-07-12 20:00:00,143.17,,,20240900,20241200,20241200
2024-07-14 23:00:00,143.18,,,20240900,20241200,20241200
2024-07-15 00:00:00,143.17,,,20240900,20241200,20241200
2024-07-15 02:00:00,143.11,,,20240900,20241200,20241200
2024-07-15 03:00:00,143.12,,,20240900,20241200,20241200
2024-07-15 04:00:00,143.14,,,20240900,20241200,20241200
2024-07-15 05:00:00,143.12,142.22,142.22,20240900,20241200,20241200
2024-07-15 06:00:00,143.12,,,20240900,20241200,20241200
2024-07-15 07:00:00,143.12,,,20240900,20241200,20241200
2024-07-15 08:00:00,143.12,,,20240900,20241200,20241200
2024-07-15 09:00:00,143.07,,,20240900,20241200,20241200
2024-07-15 10:00:00,143.08,,,20240900,20241200,20241200
2024-07-15 11:00:00,143.1,,,20240900,20241200,20241200
2024-07-15 14:00:00,143.09,,,20240900,20241200,20241200
2024-07-15 15:00:00,143.1,,,20240900,20241200,20241200
2024-07-15 16:00:00,143.11,,,20240900,20241200,20241200
2024-07-15 20:00:00,143.1,,,20240900,20241200,20241200
2024-07-15 23:00:00,143.15,,,20240900,20241200,20241200
2024-07-16 00:00:00,143.28,,,20240900,20241200,20241200
2024-07-16 01:00:00,143.33,,,20240900,20241200,20241200
2024-07-16 02:00:00,143.33,,,20240900,20241200,20241200
2024-07-16 03:00:00,143.34,,,20240900,20241200,20241200
2024-07-16 04:00:00,143.36,,,20240900,20241200,20241200
2024-07-16 05:00:00,143.37,142.47,142.47,20240900,20241200,20241200
2024-07-16 06:00:00,143.35,,,20240900,20241200,20241200
2024-07-16 07:00:00,143.37,,,20240900,20241200,20241200
2024-07-16 08:00:00,143.39,,,20240900,20241200,20241200
2024-07-16 09:00:00,143.41,,,20240900,20241200,20241200
2024-07-16 10:00:00,143.37,,,20240900,20241200,20241200
2024-07-16 11:00:00,143.4,,,20240900,20241200,20241200
2024-07-16 12:00:00,143.31,,,20240900,20241200,20241200
2024-07-16 13:00:00,143.36,,,20240900,20241200,20241200
2024-07-16 14:00:00,143.35,,,20240900,20241200,20241200
2024-07-16 15:00:00,143.35,,,20240900,20241200,20241200
2024-07-16 18:00:00,143.43,,,20240900,20241200,20241200
2024-07-16 19:00:00,143.46,,,20240900,20241200,20241200
2024-07-16 20:00:00,143.46,,,20240900,20241200,20241200
2024-07-16 23:00:00,143.53,,,20240900,20241200,20241200
2024-07-17 00:00:00,143.47,,,20240900,20241200,20241200
2024-07-17 01:00:00,143.47,,,20240900,20241200,20241200
2024-07-17 02:00:00,143.48,,,20240900,20241200,20241200
2024-07-17 03:00:00,143.43,,,20240900,20241200,20241200
2024-07-17 04:00:00,143.31,,,20240900,20241200,20241200
2024-07-17 05:00:00,143.23,142.29,142.29,20240900,20241200,20241200
2024-07-17 06:00:00,143.12,,,20240900,20241200,20241200
2024-07-17 07:00:00,143.1,,,20240900,20241200,20241200
2024-07-17 08:00:00,143.19,,,20240900,20241200,20241200
2024-07-17 09:00:00,143.15,,,20240900,20241200,20241200
2024-07-17 10:00:00,143.15,,,20240900,20241200,20241200
2024-07-17 11:00:00,143.12,,,20240900,20241200,20241200
2024-07-17 12:00:00,143.13,,,20240900,20241200,20241200
2024-07-17 13:00:00,143.16,,,20240900,20241200,20241200
2024-07-17 14:00:00,143.1,,,20240900,20241200,20241200
2024-07-17 15:00:00,143.15,,,20240900,20241200,20241200
2024-07-17 16:00:00,143.19,,,20240900,20241200,20241200
2024-07-17 17:00:00,143.16,,,20240900,20241200,20241200
2024-07-17 19:00:00,143.2,,,20240900,20241200,20241200
2024-07-17 20:00:00,143.2,,,20240900,20241200,20241200
2024-07-17 23:00:00,143.13,,,20240900,20241200,20241200
2024-07-18 00:00:00,142.92,,,20240900,20241200,20241200
2024-07-18 01:00:00,142.99,,,20240900,20241200,20241200
2024-07-18 02:00:00,143.0,,,20240900,20241200,20241200
2024-07-18 03:00:00,142.97,,,20240900,20241200,20241200
2024-07-18 04:00:00,143.07,,,20240900,20241200,20241200
2024-07-18 05:00:00,143.13,142.2,142.2,20240900,20241200,20241200
2024-07-18 06:00:00,143.15,,,20240900,20241200,20241200
2024-07-18 07:00:00,143.12,,,20240900,20241200,20241200
2024-07-18 08:00:00,143.1,,,20240900,20241200,20241200
2024-07-18 09:00:00,143.08,,,20240900,20241200,20241200
2024-07-18 11:00:00,143.07,,,20240900,20241200,20241200
2024-07-18 12:00:00,143.07,,,20240900,20241200,20241200
2024-07-18 13:00:00,143.08,,,20240900,20241200,20241200
2024-07-18 14:00:00,143.11,,,20240900,20241200,20241200
2024-07-18 15:00:00,143.14,,,20240900,20241200,20241200
2024-07-18 17:00:00,143.05,,,20240900,20241200,20241200
2024-07-18 19:00:00,142.98,,,20240900,20241200,20241200
2024-07-18 20:00:00,142.98,,,20240900,20241200,20241200
2024-07-18 23:00:00,143.13,,,20240900,20241200,20241200
2024-07-19 00:00:00,143.18,,,20240900,20241200,20241200
2024-07-19 01:00:00,143.12,,,20240900,20241200,20241200
2024-07-19 02:00:00,143.12,,,20240900,20241200,20241200
2024-07-19 03:00:00,143.1,,,20240900,20241200,20241200
2024-07-19 04:00:00,143.11,,,20240900,20241200,20241200
2024-07-19 05:00:00,143.12,142.2,142.2,20240900,20241200,20241200
2024-07-19 06:00:00,143.1,,,20240900,20241200,20241200
2024-07-19 07:00:00,143.06,,,20240900,20241200,20241200
2024-07-19 08:00:00,143.11,,,20240900,20241200,20241200
2024-07-19 09:00:00,143.1,,,20240900,20241200,20241200
2024-07-19 10:00:00,143.04,,,20240900,20241200,20241200
2024-07-19 11:00:00,143.03,,,20240900,20241200,20241200
2024-07-19 12:00:00,142.95,,,20240900,20241200,20241200
2024-07-19 13:00:00,142.92,,,20240900,20241200,20241200
2024-07-19 15:00:00,142.98,,,20240900,20241200,20241200
2024-07-19 16:00:00,142.94,,,20240900,20241200,20241200
2024-07-19 17:00:00,142.96,,,20240900,20241200,20241200
2024-07-19 19:00:00,142.94,,,20240900,20241200,20241200
2024-07-19 20:00:00,142.96,,,20240900,20241200,20241200
2024-07-21 23:00:00,143.09,,,20240900,20241200,20241200
2024-07-22 00:00:00,143.06,,,20240900,20241200,20241200
2024-07-22 01:00:00,143.04,,,20240900,20241200,20241200
2024-07-22 02:00:00,143.04,,,20240900,20241200,20241200
2024-07-22 03:00:00,142.99,,,20240900,20241200,20241200
2024-07-22 04:00:00,142.95,,,20240900,20241200,20241200
2024-07-22 05:00:00,143.0,141.9,141.9,20240900,20241200,20241200
2024-07-22 06:00:00,142.99,,,20240900,20241200,20241200
2024-07-22 07:00:00,143.01,,,20240900,20241200,20241200
2024-07-22 08:00:00,142.83,,,20240900,20241200,20241200
2024-07-22 09:00:00,142.79,,,20240900,20241200,20241200
2024-07-22 10:00:00,142.89,,,20240900,20241200,20241200
2024-07-22 11:00:00,142.88,,,20240900,20241200,20241200
2024-07-22 12:00:00,142.89,,,20240900,20241200,20241200
2024-07-22 13:00:00,142.92,,,20240900,20241200,20241200
2024-07-22 14:00:00,142.91,,,20240900,20241200,20241200
2024-07-22 15:00:00,142.8,,,20240900,20241200,20241200
2024-07-22 16:00:00,142.79,,,20240900,20241200,20241200
2024-07-22 18:00:00,142.83,,,20240900,20241200,20241200
2024-07-22 19:00:00,142.83,,,20240900,20241200,20241200
2024-07-22 20:00:00,142.81,,,20240900,20241200,20241200
2024-07-22 23:00:00,142.73,,,20240900,20241200,20241200
2024-07-23 00:00:00,142.83,,,20240900,20241200,20241200
2024-07-23 01:00:00,142.83,,,20240900,20241200,20241200
2024-07-23 02:00:00,142.85,,,20240900,20241200,20241200
2024-07-23 03:00:00,142.88,,,20240900,20241200,20241200
2024-07-23 04:00:00,142.9,,,20240900,20241200,20241200
2024-07-23 05:00:00,142.91,141.99,141.99,20240900,20241200,20241200
2024-07-23 06:00:00,142.87,,,20240900,20241200,20241200
2024-07-23 07:00:00,142.92,,,20240900,20241200,20241200
2024-07-23 08:00:00,142.9,,,20240900,20241200,20241200
2024-07-23 09:00:00,142.91,,,20240900,20241200,20241200
2024-07-23 11:00:00,142.88,,,20240900,20241200,20241200
2024-07-23 13:00:00,142.86,,,20240900,20241200,20241200
2024-07-23 14:00:00,142.9,,,20240900,20241200,20241200
2024-07-23 15:00:00,142.88,,,20240900,20241200,20241200
2024-07-23 18:00:00,142.84,,,20240900,20241200,20241200
2024-07-23 23:00:00,142.77,,,20240900,20241200,20241200
2024-07-24 00:00:00,142.81,,,20240900,20241200,20241200
2024-07-24 01:00:00,142.82,,,20240900,20241200,20241200
2024-07-24 02:00:00,142.8,,,20240900,20241200,20241200
2024-07-24 03:00:00,142.7,,,20240900,20241200,20241200
2024-07-24 04:00:00,142.77,,,20240900,20241200,20241200
2024-07-24 05:00:00,142.67,141.75,141.75,20240900,20241200,20241200
2024-07-24 06:00:00,142.76,,,20240900,20241200,20241200
2024-07-24 07:00:00,142.74,,,20240900,20241200,20241200
2024-07-24 08:00:00,142.68,,,20240900,20241200,20241200
2024-07-24 09:00:00,142.53,,,20240900,20241200,20241200
2024-07-24 10:00:00,142.6,,,20240900,20241200,20241200
2024-07-24 11:00:00,142.63,,,20240900,20241200,20241200
2024-07-24 12:00:00,142.6,,,20240900,20241200,20241200
2024-07-24 13:00:00,142.55,,,20240900,20241200,20241200
2024-07-24 14:00:00,142.65,,,20240900,20241200,20241200
2024-07-24 15:00:00,142.63,,,20240900,20241200,20241200
2024-07-24 16:00:00,142.59,,,20240900,20241200,20241200
2024-07-24 17:00:00,142.55,,,20240900,20241200,20241200
2024-07-24 18:00:00,142.51,,,20240900,20241200,20241200
2024-07-24 19:00:00,142.54,,,20240900,20241200,20241200
2024-07-24 20:00:00,142.52,,,20240900,20241200,20241200
2024-07-24 23:00:00,142.49,,,20240900,20241200,20241200
2024-07-25 00:00:00,142.55,,,20240900,20241200,20241200
2024-07-25 01:00:00,142.61,,,20240900,20241200,20241200
2024-07-25 02:00:00,142.6,,,20240900,20241200,20241200
2024-07-25 03:00:00,142.75,,,20240900,20241200,20241200
2024-07-25 04:00:00,142.74,,,20240900,20241200,20241200
2024-07-25 05:00:00,142.83,141.91,141.91,20240900,20241200,20241200
2024-07-25 06:00:00,142.77,,,20240900,20241200,20241200
2024-07-25 07:00:00,142.88,,,20240900,20241200,20241200
2024-07-25 08:00:00,142.83,,,20240900,20241200,20241200
2024-07-25 09:00:00,142.9,,,20240900,20241200,20241200
2024-07-25 10:00:00,142.89,,,20240900,20241200,20241200
2024-07-25 11:00:00,142.84,,,20240900,20241200,20241200
2024-07-25 12:00:00,142.75,,,20240900,20241200,20241200
2024-07-25 13:00:00,142.74,,,20240900,20241200,20241200
2024-07-25 14:00:00,142.75,,,20240900,20241200,20241200
2024-07-25 15:00:00,142.7,,,20240900,20241200,20241200
2024-07-25 16:00:00,142.71,,,20240900,20241200,20241200
2024-07-25 17:00:00,142.72,,,20240900,20241200,20241200
2024-07-25 19:00:00,142.71,,,20240900,20241200,20241200
2024-07-25 20:00:00,142.73,,,20240900,20241200,20241200
2024-07-25 23:00:00,142.79,,,20240900,20241200,20241200
2024-07-26 00:00:00,142.83,,,20240900,20241200,20241200
2024-07-26 01:00:00,142.83,,,20240900,20241200,20241200
2024-07-26 02:00:00,142.8,,,20240900,20241200,20241200
2024-07-26 03:00:00,142.87,,,20240900,20241200,20241200
2024-07-26 04:00:00,142.82,,,20240900,20241200,20241200
2024-07-26 05:00:00,142.74,141.82,141.82,20240900,20241200,20241200
2024-07-26 06:00:00,142.75,,,20240900,20241200,20241200
2024-07-26 07:00:00,142.73,,,20240900,20241200,20241200
2024-07-26 08:00:00,142.69,,,20240900,20241200,20241200
2024-07-26 09:00:00,142.78,,,20240900,20241200,20241200
2024-07-26 10:00:00,142.75,,,20240900,20241200,20241200
2024-07-26 11:00:00,142.78,,,20240900,20241200,20241200
2024-07-26 12:00:00,142.8,,,20240900,20241200,20241200
2024-07-26 13:00:00,142.88,,,20240900,20241200,20241200
2024-07-26 14:00:00,142.91,,,20240900,20241200,20241200
2024-07-26 15:00:00,142.87,,,20240900,20241200,20241200
2024-07-26 16:00:00,142.89,,,20240900,20241200,20241200
2024-07-26 17:00:00,142.87,,,20240900,20241200,20241200
2024-07-26 19:00:00,142.88,,,20240900,20241200,20241200
2024-07-26 20:00:00,142.85,,,20240900,20241200,20241200
2024-07-28 23:00:00,142.89,,,20240900,20241200,20241200
2024-07-29 00:00:00,142.92,,,20240900,20241200,20241200
2024-07-29 01:00:00,143.03,,,20240900,20241200,20241200
2024-07-29 02:00:00,143.01,,,20240900,20241200,20241200
2024-07-29 03:00:00,143.05,,,20240900,20241200,20241200
2024-07-29 04:00:00,143.12,,,20240900,20241200,20241200
2024-07-29 05:00:00,143.17,142.25,142.25,20240900,20241200,20241200
2024-07-29 06:00:00,143.06,,,20240900,20241200,20241200
2024-07-29 07:00:00,143.13,,,20240900,20241200,20241200
2024-07-29 08:00:00,143.16,,,20240900,20241200,20241200
2024-07-29 09:00:00,143.19,,,20240900,20241200,20241200
2024-07-29 10:00:00,143.2,,,20240900,20241200,20241200
2024-07-29 11:00:00,143.23,,,20240900,20241200,20241200
2024-07-29 12:00:00,143.21,,,20240900,20241200,20241200
2024-07-29 13:00:00,143.22,,,20240900,20241200,20241200
2024-07-29 14:00:00,143.17,,,20240900,20241200,20241200
2024-07-29 15:00:00,143.16,,,20240900,20241200,20241200
2024-07-29 17:00:00,143.16,,,20240900,20241200,20241200
2024-07-29 20:00:00,143.18,,,20240900,20241200,20241200
2024-07-29 23:00:00,143.19,,,20240900,20241200,20241200
2024-07-30 00:00:00,143.14,,,20240900,20241200,20241200
2024-07-30 01:00:00,143.17,,,20240900,20241200,20241200
2024-07-30 02:00:00,143.17,,,20240900,20241200,20241200
2024-07-30 03:00:00,143.29,,,20240900,20241200,20241200
2024-07-30 04:00:00,143.3,,,20240900,20241200,20241200
2024-07-30 05:00:00,143.37,142.45,142.45,20240900,20241200,20241200
2024-07-30 06:00:00,143.37,,,20240900,20241200,20241200
2024-07-30 07:00:00,143.36,,,20240900,20241200,20241200
2024-07-30 08:00:00,143.37,,,20240900,20241200,20241200
2024-07-30 09:00:00,143.33,,,20240900,20241200,20241200
2024-07-30 10:00:00,143.37,,,20240900,20241200,20241200
2024-07-30 11:00:00,143.36,,,20240900,20241200,20241200
2024-07-30 12:00:00,143.3,,,20240900,20241200,20241200
2024-07-30 13:00:00,143.33,,,20240900,20241200,20241200
2024-07-30 14:00:00,143.26,,,20240900,20241200,20241200
2024-07-30 15:00:00,142.98,,,20240900,20241200,20241200
2024-07-30 16:00:00,143.03,,,20240900,20241200,20241200
2024-07-30 17:00:00,142.99,,,20240900,20241200,20241200
2024-07-30 18:00:00,143.01,,,20240900,20241200,20241200
2024-07-30 19:00:00,142.9,,,20240900,20241200,20241200
2024-07-30 20:00:00,142.88,,,20240900,20241200,20241200
2024-07-30 23:00:00,142.69,,,20240900,20241200,20241200
2024-07-31 00:00:00,142.77,,,20240900,20241200,20241200
2024-07-31 01:00:00,142.77,,,20240900,20241200,20241200
2024-07-31 02:00:00,142.85,,,20240900,20241200,20241200
2024-07-31 03:00:00,143.04,,,20240900,20241200,20241200
2024-07-31 04:00:00,142.99,,,20240900,20241200,20241200
2024-07-31 05:00:00,142.67,141.85,141.85,20240900,20241200,20241200
2024-07-31 06:00:00,142.66,,,20240900,20241200,20241200
2024-07-31 07:00:00,142.78,,,20240900,20241200,20241200
2024-07-31 08:00:00,142.82,,,20240900,20241200,20241200
2024-07-31 09:00:00,142.77,,,20240900,20241200,20241200
2024-07-31 10:00:00,142.83,,,20240900,20241200,20241200
2024-07-31 11:00:00,142.88,,,20240900,20241200,20241200
2024-07-31 12:00:00,142.92,,,20240900,20241200,20241200
2024-07-31 13:00:00,142.95,,,20240900,20241200,20241200
2024-07-31 14:00:00,142.91,,,20240900,20241200,20241200
2024-07-31 15:00:00,142.97,,,20240900,20241200,20241200
2024-07-31 16:00:00,142.94,,,20240900,20241200,20241200
2024-07-31 17:00:00,142.87,,,20240900,20241200,20241200
2024-07-31 18:00:00,142.83,,,20240900,20241200,20241200
2024-07-31 19:00:00,143.03,,,20240900,20241200,20241200
2024-07-31 20:00:00,143.01,,,20240900,20241200,20241200
2024-07-31 23:00:00,142.72,,,20240900,20241200,20241200
2024-08-01 00:00:00,142.9,,,20240900,20241200,20241200
2024-08-01 01:00:00,143.01,,,20240900,20241200,20241200
2024-08-01 02:00:00,143.0,,,20240900,20241200,20241200
2024-08-01 03:00:00,143.0,,,20240900,20241200,20241200
2024-08-01 04:00:00,142.91,,,20240900,20241200,20241200
2024-08-01 05:00:00,142.95,141.98,141.98,20240900,20241200,20241200
2024-08-01 06:00:00,142.91,,,20240900,20241200,20241200
2024-08-01 07:00:00,142.87,,,20240900,20241200,20241200
2024-08-01 08:00:00,142.93,,,20240900,20241200,20241200
2024-08-01 09:00:00,142.9,,,20240900,20241200,20241200
2024-08-01 10:00:00,142.92,,,20240900,20241200,20241200
2024-08-01 11:00:00,142.91,,,20240900,20241200,20241200
2024-08-01 12:00:00,143.03,,,20240900,20241200,20241200
2024-08-01 13:00:00,143.05,,,20240900,20241200,20241200
2024-08-01 14:00:00,143.3,,,20240900,20241200,20241200
2024-08-01 15:00:00,143.24,,,20240900,20241200,20241200
2024-08-01 16:00:00,143.24,,,20240900,20241200,20241200
2024-08-01 17:00:00,143.26,,,20240900,20241200,20241200
2024-08-01 18:00:00,143.29,,,20240900,20241200,20241200
2024-08-01 19:00:00,143.31,,,20240900,20241200,20241200
2024-08-01 20:00:00,143.33,,,20240900,20241200,20241200
2024-08-01 23:00:00,143.42,142.7,142.7,20240900,20241200,20241200
2024-08-02 00:00:00,143.65,144.12,144.12,20240900,20241200,20241200
2024-08-02 01:00:00,143.59,,,20240900,20241200,20241200
2024-08-02 02:00:00,143.59,,,20240900,20241200,20241200
2024-08-02 03:00:00,143.7,,,20240900,20241200,20241200
2024-08-02 04:00:00,143.6,,,20240900,20241200,20241200
2024-08-02 05:00:00,143.96,143.65,143.65,20240900,20241200,20241200
2024-08-02 06:00:00,143.99,,,20240900,20241200,20241200
2024-08-02 07:00:00,143.95,,,20240900,20241200,20241200
2024-08-02 08:00:00,143.94,,,20240900,20241200,20241200
2024-08-02 09:00:00,143.98,,,20240900,20241200,20241200
2024-08-02 10:00:00,143.96,,,20240900,20241200,20241200
2024-08-02 11:00:00,144.04,,,20240900,20241200,20241200
2024-08-02 12:00:00,144.44,,,20240900,20241200,20241200
2024-08-02 13:00:00,144.58,,,20240900,20241200,20241200
2024-08-02 14:00:00,144.65,,,20240900,20241200,20241200
2024-08-02 15:00:00,144.66,,,20240900,20241200,20241200
2024-08-02 16:00:00,144.6,,,20240900,20241200,20241200
2024-08-02 18:00:00,144.8,144.1,144.1,20240900,20241200,20241200
2024-08-02 19:00:00,144.88,,,20240900,20241200,20241200
2024-08-02 20:00:00,144.87,,,20240900,20241200,20241200
2024-08-04 23:00:00,145.07,,,20240900,20241200,20241200
2024-08-05 00:00:00,145.4,,,20240900,20241200,20241200
2024-08-05 01:00:00,145.5,,,20240900,20241200,20241200
2024-08-05 02:00:00,145.42,,,20240900,20241200,20241200
2024-08-05 03:00:00,145.19,,,20240900,20241200,20241200
2024-08-05 04:00:00,145.7,,,20240900,20241200,20241200
2024-08-05 05:00:00,145.98,144.13,144.13,20240900,20241200,20241200
2024-08-05 06:00:00,146.0,,,20240900,20241200,20241200
2024-08-05 07:00:00,145.59,,,20240900,20241200,20241200
2024-08-05 08:00:00,145.83,,,20240900,20241200,20241200
2024-08-05 09:00:00,146.05,,,20240900,20241200,20241200
2024-08-05 10:00:00,146.01,,,20240900,20241200,20241200
2024-08-05 11:00:00,145.95,,,20240900,20241200,20241200
2024-08-05 12:00:00,146.43,145.69,145.69,20240900,20241200,20241200
2024-08-05 13:00:00,146.25,145.69,145.69,20240900,20241200,20241200
2024-08-05 14:00:00,145.68,,,20240900,20241200,20241200
2024-08-05 15:00:00,145.26,,,20240900,20241200,20241200
2024-08-05 16:00:00,145.3,,,20240900,20241200,20241200
2024-08-05 17:00:00,145.29,,,20240900,20241200,20241200
2024-08-05 18:00:00,145.33,,,20240900,20241200,20241200
2024-08-05 19:00:00,145.38,,,20240900,20241200,20241200
2024-08-05 20:00:00,145.25,,,20240900,20241200,20241200
2024-08-05 23:00:00,144.83,,,20240900,20241200,20241200
2024-08-06 00:00:00,144.97,,,20240900,20241200,20241200
2024-08-06 01:00:00,144.67,,,20240900,20241200,20241200
2024-08-06 02:00:00,144.68,,,20240900,20241200,20241200
2024-08-06 03:00:00,144.58,,,20240900,20241200,20241200
2024-08-06 04:00:00,144.63,,,20240900,20241200,20241200
2024-08-06 05:00:00,144.84,143.98,143.98,20240900,20241200,20241200
2024-08-06 06:00:00,144.87,,,20240900,20241200,20241200
2024-08-06 07:00:00,144.73,,,20240900,20241200,20241200
2024-08-06 08:00:00,144.84,,,20240900,20241200,20241200
2024-08-06 09:00:00,144.98,,,20240900,20241200,20241200
2024-08-06 10:00:00,145.16,,,20240900,20241200,20241200
2024-08-06 11:00:00,145.08,,,20240900,20241200,20241200
2024-08-06 12:00:00,145.26,,,20240900,20241200,20241200
2024-08-06 13:00:00,145.34,,,20240900,20241200,20241200
2024-08-06 14:00:00,145.06,,,20240900,20241200,20241200
2024-08-06 15:00:00,145.13,,,20240900,20241200,20241200
2024-08-06 16:00:00,145.0,,,20240900,20241200,20241200
2024-08-06 17:00:00,144.84,,,20240900,20241200,20241200
2024-08-06 18:00:00,144.91,,,20240900,20241200,20241200
2024-08-06 19:00:00,144.89,,,20240900,20241200,20241200
2024-08-06 20:00:00,144.7,,,20240900,20241200,20241200
2024-08-06 23:00:00,144.96,,,20240900,20241200,20241200
2024-08-07 00:00:00,144.74,,,20240900,20241200,20241200
2024-08-07 01:00:00,145.01,,,20240900,20241200,20241200
2024-08-07 02:00:00,145.07,,,20240900,20241200,20241200
2024-08-07 03:00:00,145.22,,,20240900,20241200,20241200
2024-08-07 04:00:00,145.19,,,20240900,20241200,20241200
2024-08-07 05:00:00,144.85,143.91,143.91,20240900,20241200,20241200
2024-08-07 06:00:00,144.99,,,20240900,20241200,20241200
2024-08-07 07:00:00,144.76,,,20240900,20241200,20241200
2024-08-07 08:00:00,144.73,,,20240900,20241200,20241200
2024-08-07 09:00:00,144.7,,,20240900,20241200,20241200
2024-08-07 10:00:00,144.66,,,20240900,20241200,20241200
2024-08-07 11:00:00,144.67,,,20240900,20241200,20241200
2024-08-07 12:00:00,144.77,,,20240900,20241200,20241200
2024-08-07 13:00:00,144.72,,,20240900,20241200,20241200
2024-08-07 14:00:00,144.86,,,20240900,20241200,20241200
2024-08-07 15:00:00,144.87,,,20240900,20241200,20241200
2024-08-07 18:00:00,144.75,,,20240900,20241200,20241200
2024-08-07 19:00:00,144.9,,,20240900,20241200,20241200
2024-08-07 20:00:00,144.82,,,20240900,20241200,20241200
2024-08-07 23:00:00,144.78,,,20240900,20241200,20241200
2024-08-08 00:00:00,144.77,,,20240900,20241200,20241200
2024-08-08 01:00:00,144.82,,,20240900,20241200,20241200
2024-08-08 02:00:00,144.84,,,20240900,20241200,20241200
2024-08-08 03:00:00,145.1,,,20240900,20241200,20241200
2024-08-08 04:00:00,145.04,,,20240900,20241200,20241200
2024-08-08 05:00:00,145.26,144.32,144.32,20240900,20241200,20241200
2024-08-08 06:00:00,145.2,,,20240900,20241200,20241200
2024-08-08 07:00:00,145.24,,,20240900,20241200,20241200
2024-08-08 08:00:00,145.26,,,20240900,20241200,20241200
2024-08-08 09:00:00,145.26,,,20240900,20241200,20241200
2024-08-08 10:00:00,145.28,,,20240900,20241200,20241200
2024-08-08 11:00:00,145.26,,,20240900,20241200,20241200
2024-08-08 12:00:00,144.99,,,20240900,20241200,20241200
2024-08-08 13:00:00,144.94,,,20240900,20241200,20241200
2024-08-08 14:00:00,144.83,,,20240900,20241200,20241200
2024-08-08 15:00:00,144.9,,,20240900,20241200,20241200
2024-08-08 16:00:00,144.84,,,20240900,20241200,20241200
2024-08-08 17:00:00,144.8,,,20240900,20241200,20241200
2024-08-08 18:00:00,144.85,,,20240900,20241200,20241200
2024-08-08 19:00:00,144.91,,,20240900,20241200,20241200
2024-08-08 20:00:00,144.76,,,20240900,20241200,20241200
2024-08-08 23:00:00,144.9,,,20240900,20241200,20241200
2024-08-09 00:00:00,144.83,,,20240900,20241200,20241200
2024-08-09 01:00:00,144.9,,,20240900,20241200,20241200
2024-08-09 02:00:00,144.92,,,20240900,20241200,20241200
2024-08-09 03:00:00,144.95,,,20240900,20241200,20241200
2024-08-09 04:00:00,145.0,,,20240900,20241200,20241200
2024-08-09 05:00:00,145.07,144.24,144.24,20240900,20241200,20241200
2024-08-09 06:00:00,145.05,,,20240900,20241200,20241200
2024-08-09 07:00:00,145.13,,,20240900,20241200,20241200
2024-08-09 08:00:00,145.15,,,20240900,20241200,20241200
2024-08-09 09:00:00,145.15,,,20240900,20241200,20241200
2024-08-09 10:00:00,145.16,,,20240900,20241200,20241200
2024-08-09 11:00:00,145.28,,,20240900,20241200,20241200
2024-08-09 12:00:00,145.38,,,20240900,20241200,20241200
2024-08-09 13:00:00,145.31,,,20240900,20241200,20241200
2024-08-09 14:00:00,145.3,,,20240900,20241200,20241200
2024-08-09 15:00:00,145.22,,,20240900,20241200,20241200
2024-08-09 16:00:00,145.24,,,20240900,20241200,20241200
2024-08-09 17:00:00,145.22,,,20240900,20241200,20241200
2024-08-09 18:00:00,145.17,,,20240900,20241200,20241200
2024-08-09 19:00:00,145.21,,,20240900,20241200,20241200
2024-08-09 20:00:00,145.21,,,20240900,20241200,20241200
2024-08-11 23:00:00,145.43,,,20240900,20241200,20241200
2024-08-12 01:00:00,145.22,,,20240900,20241200,20241200
2024-08-12 03:00:00,145.25,,,20240900,20241200,20241200
2024-08-12 04:00:00,145.29,,,20240900,20241200,20241200
2024-08-12 05:00:00,145.25,144.31,144.31,20240900,20241200,20241200
2024-08-12 06:00:00,145.28,,,20240900,20241200,20241200
2024-08-12 07:00:00,145.26,,,20240900,20241200,20241200
2024-08-12 08:00:00,145.24,,,20240900,20241200,20241200
2024-08-12 09:00:00,145.15,,,20240900,20241200,20241200
2024-08-12 10:00:00,145.03,,,20240900,20241200,20241200
2024-08-12 11:00:00,145.09,,,20240900,20241200,20241200
2024-08-12 12:00:00,145.08,,,20240900,20241200,20241200
2024-08-12 13:00:00,145.14,,,20240900,20241200,20241200
2024-08-12 15:00:00,145.04,,,20240900,20241200,20241200
2024-08-12 16:00:00,145.14,,,20240900,20241200,20241200
2024-08-12 17:00:00,145.19,,,20240900,20241200,20241200
2024-08-12 20:00:00,145.14,,,20240900,20241200,20241200
2024-08-12 23:00:00,145.27,,,20240900,20241200,20241200
2024-08-13 00:00:00,145.07,,,20240900,20241200,20241200
2024-08-13 01:00:00,145.12,,,20240900,20241200,20241200
2024-08-13 02:00:00,145.16,,,20240900,20241200,20241200
2024-08-13 03:00:00,145.2,,,20240900,20241200,20241200
2024-08-13 04:00:00,145.17,,,20240900,20241200,20241200
2024-08-13 05:00:00,145.28,144.64,144.64,20240900,20241200,20241200
2024-08-13 06:00:00,145.25,,,20240900,20241200,20241200
2024-08-13 07:00:00,145.24,,,20240900,20241200,20241200
2024-08-13 08:00:00,145.21,,,20240900,20241200,20241200
2024-08-13 09:00:00,145.25,,,20240900,20241200,20241200
2024-08-13 10:00:00,145.24,,,20240900,20241200,20241200
2024-08-13 11:00:00,145.27,,,20240900,20241200,20241200
2024-08-13 12:00:00,145.34,,,20240900,20241200,20241200
2024-08-13 13:00:00,145.39,,,20240900,20241200,20241200
2024-08-13 14:00:00,145.4,,,20240900,20241200,20241200
2024-08-13 15:00:00,145.39,,,20240900,20241200,20241200
2024-08-13 17:00:00,145.44,,,20240900,20241200,20241200
2024-08-13 18:00:00,145.4,,,20240900,20241200,20241200
2024-08-13 19:00:00,145.42,,,20240900,20241200,20241200
2024-08-13 20:00:00,145.42,,,20240900,20241200,20241200
2024-08-13 23:00:00,145.43,,,20240900,20241200,20241200
2024-08-14 00:00:00,145.33,,,20240900,20241200,20241200
2024-08-14 01:00:00,145.21,,,20240900,20241200,20241200
2024-08-14 02:00:00,145.22,,,20240900,20241200,20241200
2024-08-14 03:00:00,145.36,,,20240900,20241200,20241200
2024-08-14 04:00:00,145.52,,,20240900,20241200,20241200
2024-08-14 05:00:00,145.38,144.77,144.77,20240900,20241200,20241200
2024-08-14 06:00:00,145.47,,,20240900,20241200,20241200
2024-08-14 07:00:00,145.41,,,20240900,20241200,20241200
2024-08-14 08:00:00,145.37,,,20240900,20241200,20241200
2024-08-14 09:00:00,145.38,,,20240900,20241200,20241200
2024-08-14 10:00:00,145.49,,,20240900,20241200,20241200
2024-08-14 11:00:00,145.48,,,20240900,20241200,20241200
2024-08-14 12:00:00,145.32,,,20240900,20241200,20241200
2024-08-14 13:00:00,145.34,,,20240900,20241200,20241200
2024-08-14 14:00:00,145.51,,,20240900,20241200,20241200
2024-08-14 15:00:00,145.51,,,20240900,20241200,20241200
2024-08-14 16:00:00,145.48,,,20240900,20241200,20241200
2024-08-14 18:00:00,145.47,,,20240900,20241200,20241200
2024-08-14 19:00:00,145.41,,,20240900,20241200,20241200
2024-08-14 20:00:00,145.45,,,20240900,20241200,20241200
2024-08-14 23:00:00,145.46,,,20240900,20241200,20241200
2024-08-15 00:00:00,145.45,,,20240900,20241200,20241200
2024-08-15 01:00:00,145.44,,,20240900,20241200,20241200
2024-08-15 02:00:00,145.46,,,20240900,20241200,20241200
2024-08-15 03:00:00,145.32,,,20240900,20241200,20241200
2024-08-15 04:00:00,145.29,,,20240900,20241200,20241200
2024-08-15 05:00:00,145.24,144.63,144.63,20240900,20241200,20241200
2024-08-15 06:00:00,145.22,,,20240900,20241200,20241200
2024-08-15 07:00:00,145.26,,,20240900,20241200,20241200
2024-08-15 08:00:00,145.23,,,20240900,20241200,20241200
2024-08-15 09:00:00,145.23,,,20240900,20241200,20241200
2024-08-15 10:00:00,145.27,,,20240900,20241200,20241200
2024-08-15 11:00:00,145.23,,,20240900,20241200,20241200
2024-08-15 12:00:00,144.88,,,20240900,20241200,20241200
2024-08-15 13:00:00,144.76,,,20240900,20241200,20241200
2024-08-15 14:00:00,144.83,,,20240900,20241200,20241200
2024-08-15 15:00:00,144.71,,,20240900,20241200,20241200
2024-08-15 16:00:00,144.74,,,20240900,20241200,20241200
2024-08-15 17:00:00,144.68,,,20240900,20241200,20241200
2024-08-15 23:00:00,144.8,,,20240900,20241200,20241200
2024-08-16 00:00:00,144.79,,,20240900,20241200,20241200
2024-08-16 01:00:00,144.82,,,20240900,20241200,20241200
2024-08-16 02:00:00,144.83,,,20240900,20241200,20241200
2024-08-16 03:00:00,144.86,,,20240900,20241200,20241200
2024-08-16 04:00:00,144.81,,,20240900,20241200,20241200
2024-08-16 05:00:00,144.84,144.29,144.29,20240900,20241200,20241200
2024-08-16 06:00:00,144.85,,,20240900,20241200,20241200
2024-08-16 07:00:00,144.85,,,20240900,20241200,20241200
2024-08-16 08:00:00,144.86,,,20240900,20241200,20241200
2024-08-16 09:00:00,144.91,,,20240900,20241200,20241200
2024-08-16 10:00:00,144.96,,,20240900,20241200,20241200
2024-08-16 12:00:00,144.93,,,20240900,20241200,20241200
2024-08-16 13:00:00,144.88,,,20240900,20241200,20241200
2024-08-16 14:00:00,144.85,,,20240900,20241200,20241200
2024-08-16 15:00:00,144.8,,,20240900,20241200,20241200
2024-08-16 16:00:00,144.81,,,20240900,20241200,20241200
2024-08-16 18:00:00,144.86,,,20240900,20241200,20241200
2024-08-16 19:00:00,144.84,,,20240900,20241200,20241200
2024-08-16 20:00:00,144.81,,,20240900,20241200,20241200
2024-08-18 23:00:00,144.78,,,20240900,20241200,20241200
2024-08-19 00:00:00,144.68,,,20240900,20241200,20241200
2024-08-19 01:00:00,144.6,,,20240900,20241200,20241200
2024-08-19 02:00:00,144.6,,,20240900,20241200,20241200
2024-08-19 03:00:00,144.63,,,20240900,20241200,20241200
2024-08-19 04:00:00,144.6,,,20240900,20241200,20241200
2024-08-19 05:00:00,144.72,144.23,144.23,20240900,20241200,20241200
2024-08-19 06:00:00,144.78,,,20240900,20241200,20241200
2024-08-19 07:00:00,144.79,,,20240900,20241200,20241200
2024-08-19 08:00:00,144.81,,,20240900,20241200,20241200
2024-08-19 09:00:00,144.78,,,20240900,20241200,20241200
2024-08-19 10:00:00,144.78,,,20240900,20241200,20241200
2024-08-19 11:00:00,144.8,,,20240900,20241200,20241200
2024-08-19 12:00:00,144.74,,,20240900,20241200,20241200
2024-08-19 13:00:00,144.69,,,20240900,20241200,20241200
2024-08-19 14:00:00,144.7,,,20240900,20241200,20241200
2024-08-19 15:00:00,144.75,,,20240900,20241200,20241200
2024-08-19 16:00:00,144.74,,,20240900,20241200,20241200
2024-08-19 23:00:00,144.71,,,20240900,20241200,20241200
2024-08-20 00:00:00,144.72,,,20240900,20241200,20241200
2024-08-20 01:00:00,144.85,,,20240900,20241200,20241200
2024-08-20 02:00:00,144.84,,,20240900,20241200,20241200
2024-08-20 03:00:00,144.72,,,20240900,20241200,20241200
2024-08-20 04:00:00,144.74,,,20240900,20241200,20241200
2024-08-20 05:00:00,144.79,144.2,144.2,20240900,20241200,20241200
2024-08-20 06:00:00,144.75,,,20240900,20241200,20241200
2024-08-20 07:00:00,144.78,,,20240900,20241200,20241200
2024-08-20 08:00:00,144.79,,,20240900,20241200,20241200
2024-08-20 09:00:00,144.78,,,20240900,20241200,20241200
2024-08-20 10:00:00,144.76,,,20240900,20241200,20241200
2024-08-20 11:00:00,144.78,,,20240900,20241200,20241200
2024-08-20 12:00:00,144.83,,,20240900,20241200,20241200
2024-08-20 13:00:00,144.85,,,20240900,20241200,20241200
2024-08-20 14:00:00,144.91,,,20240900,20241200,20241200
2024-08-20 15:00:00,144.92,,,20240900,20241200,20241200
2024-08-20 16:00:00,144.92,,,20240900,20241200,20241200
2024-08-20 17:00:00,144.91,,,20240900,20241200,20241200
2024-08-20 18:00:00,144.92,,,20240900,20241200,20241200
2024-08-20 19:00:00,144.9,,,20240900,20241200,20241200
2024-08-20 20:00:00,144.89,,,20240900,20241200,20241200
2024-08-20 23:00:00,144.97,,,20240900,20241200,20241200
2024-08-21 00:00:00,145.04,,,20240900,20241200,20241200
2024-08-21 01:00:00,145.01,,,20240900,20241200,20241200
2024-08-21 02:00:00,144.99,,,20240900,20241200,20241200
2024-08-21 03:00:00,144.87,,,20240900,20241200,20241200
2024-08-21 04:00:00,144.91,,,20240900,20241200,20241200
2024-08-21 05:00:00,144.96,144.37,144.37,20240900,20241200,20241200
2024-08-21 06:00:00,144.98,,,20240900,20241200,20241200
2024-08-21 07:00:00,144.87,,,20240900,20241200,20241200
2024-08-21 08:00:00,144.93,,,20240900,20241200,20241200
2024-08-21 09:00:00,144.97,,,20240900,20241200,20241200
2024-08-21 10:00:00,144.94,,,20240900,20241200,20241200
2024-08-21 11:00:00,144.96,,,20240900,20241200,20241200
2024-08-21 12:00:00,144.98,,,20240900,20241200,20241200
2024-08-21 14:00:00,144.86,,,20240900,20241200,20241200
2024-08-21 15:00:00,144.99,,,20240900,20241200,20241200
2024-08-21 16:00:00,144.97,,,20240900,20241200,20241200
2024-08-21 19:00:00,144.96,,,20240900,20241200,20241200
2024-08-21 23:00:00,145.06,,,20240900,20241200,20241200
2024-08-22 00:00:00,144.9,,,20240900,20241200,20241200
2024-08-22 01:00:00,144.9,,,20240900,20241200,20241200
2024-08-22 02:00:00,144.93,,,20240900,20241200,20241200
2024-08-22 03:00:00,144.89,,,20240900,20241200,20241200
2024-08-22 04:00:00,144.88,,,20240900,20241200,20241200
2024-08-22 05:00:00,144.91,144.2,144.2,20240900,20241200,20241200
2024-08-22 06:00:00,144.9,,,20240900,20241200,20241200
2024-08-22 07:00:00,144.92,,,20240900,20241200,20241200
2024-08-22 08:00:00,144.78,,,20240900,20241200,20241200
2024-08-22 09:00:00,144.81,,,20240900,20241200,20241200
2024-08-22 10:00:00,144.75,,,20240900,20241200,20241200
2024-08-22 11:00:00,144.67,,,20240900,20241200,20241200
2024-08-22 12:00:00,144.67,,,20240900,20241200,20241200
2024-08-22 13:00:00,144.69,,,20240900,20241200,20241200
2024-08-22 14:00:00,144.57,,,20240900,20241200,20241200
2024-08-22 15:00:00,144.69,,,20240900,20241200,20241200
2024-08-22 17:00:00,144.68,,,20240900,20241200,20241200
2024-08-22 19:00:00,144.63,,,20240900,20241200,20241200
2024-08-22 23:00:00,144.65,,,20240900,20241200,20241200
2024-08-23 00:00:00,144.68,,,20240900,20241200,20241200
2024-08-23 01:00:00,144.69,,,20240900,20241200,20241200
2024-08-23 02:00:00,144.68,,,20240900,20241200,20241200
2024-08-23 03:00:00,144.66,,,20240900,20241200,20241200
2024-08-23 04:00:00,144.61,,,20240900,20241200,20241200
2024-08-23 05:00:00,144.56,143.97,143.97,20240900,20241200,20241200
2024-08-23 06:00:00,144.64,,,20240900,20241200,20241200
2024-08-23 07:00:00,144.57,,,20240900,20241200,20241200
2024-08-23 08:00:00,144.58,,,20240900,20241200,20241200
2024-08-23 09:00:00,144.56,,,20240900,20241200,20241200
2024-08-23 10:00:00,144.6,,,20240900,20241200,20241200
2024-08-23 11:00:00,144.63,,,20240900,20241200,20241200
2024-08-23 12:00:00,144.63,,,20240900,20241200,20241200
2024-08-23 13:00:00,144.61,,,20240900,20241200,20241200
2024-08-23 14:00:00,144.69,144.1,144.1,20240900,20241200,20241200
2024-08-23 15:00:00,144.72,,,20240900,20241200,20241200
2024-08-23 16:00:00,144.66,,,20240900,20241200,20241200
2024-08-23 17:00:00,144.65,,,20240900,20241200,20241200
2024-08-23 18:00:00,144.67,,,20240900,20241200,20241200
2024-08-23 19:00:00,144.64,,,20240900,20241200,20241200
2024-08-23 20:00:00,144.55,,,20240900,20241200,20241200
2024-08-25 23:00:00,144.83,,,20240900,20241200,20241200
2024-08-26 00:00:00,144.84,,,20240900,20241200,20241200
2024-08-26 01:00:00,144.83,,,20240900,20241200,20241200
2024-08-26 02:00:00,144.79,,,20240900,20241200,20241200
2024-08-26 03:00:00,144.78,,,20240900,20241200,20241200
2024-08-26 04:00:00,144.81,,,20240900,20241200,20241200
2024-08-26 05:00:00,144.79,144.23,144.23,20240900,20241200,20241200
2024-08-26 06:00:00,144.84,,,20240900,20241200,20241200
2024-08-26 07:00:00,144.81,,,20240900,20241200,20241200
2024-08-26 08:00:00,144.79,,,20240900,20241200,20241200
2024-08-26 09:00:00,144.79,,,20240900,20241200,20241200
2024-08-26 11:00:00,144.72,,,20240900,20241200,20241200
2024-08-26 12:00:00,144.77,,,20240900,20241200,20241200
2024-08-26 13:00:00,144.76,,,20240900,20241200,20241200
2024-08-26 14:00:00,144.84,,,20240900,20241200,20241200
2024-08-26 15:00:00,144.79,,,20240900,20241200,20241200
2024-08-26 18:00:00,144.74,,,20240900,20241200,20241200
2024-08-26 19:00:00,144.71,,,20240900,20241200,20241200
2024-08-26 20:00:00,144.69,,,20240900,20241200,20241200
2024-08-26 23:00:00,144.73,,,20240900,20241200,20241200
2024-08-27 00:00:00,144.72,,,20240900,20241200,20241200
2024-08-27 01:00:00,144.76,,,20240900,20241200,20241200
2024-08-27 02:00:00,144.75,,,20240900,20241200,20241200
2024-08-27 03:00:00,144.75,,,20240900,20241200,20241200
2024-08-27 04:00:00,144.73,,,20240900,20241200,20241200
2024-08-27 05:00:00,144.78,144.22,144.22,20240900,20241200,20241200
2024-08-27 16:00:00,144.09,,,20241200,20250300,20250300
2024-08-28 05:00:00,144.06,143.82,143.82,20241200,20250300,20250300
2024-08-28 14:00:00,144.08,,,20241200,20250300,20250300
2024-08-29 05:00:00,144.21,143.97,143.97,20241200,20250300,20250300
2024-08-29 15:00:00,144.1,,,20241200,20250300,20250300
2024-08-30 05:00:00,144.18,143.94,143.94,20241200,20250300,20250300
2024-08-30 08:00:00,144.17,,,20241200,20250300,20250300
2024-08-30 14:00:00,144.17,,,20241200,20250300,20250300
2024-09-02 00:00:00,144.04,,,20241200,20250300,20250300
2024-09-02 05:00:00,143.95,143.71,143.71,20241200,20250300,20250300
2024-09-02 07:00:00,144.04,,,20241200,20250300,20250300
2024-09-02 08:00:00,144.0,,,20241200,20250300,20250300
2024-09-02 15:00:00,143.97,,,20241200,20250300,20250300
2024-09-02 23:00:00,143.92,,,20241200,20250300,20250300
2024-09-03 04:00:00,143.83,,,20241200,20250300,20250300
2024-09-03 05:00:00,143.83,143.6,143.6,20241200,20250300,20250300
2024-09-03 06:00:00,143.85,,,20241200,20250300,20250300
2024-09-03 07:00:00,143.85,,,20241200,20250300,20250300
2024-09-03 08:00:00,143.85,,,20241200,20250300,20250300
2024-09-03 10:00:00,143.81,,,20241200,20250300,20250300
2024-09-03 14:00:00,144.02,,,20241200,20250300,20250300
2024-09-03 15:00:00,144.05,,,20241200,20250300,20250300
2024-09-03 16:00:00,144.01,,,20241200,20250300,20250300
2024-09-03 18:00:00,144.04,,,20241200,20250300,20250300
2024-09-03 23:00:00,144.15,,,20241200,20250300,20250300
2024-09-04 00:00:00,144.19,,,20241200,20250300,20250300
2024-09-04 01:00:00,144.19,,,20241200,20250300,20250300
2024-09-04 02:00:00,144.19,,,20241200,20250300,20250300
2024-09-04 03:00:00,144.3,,,20241200,20250300,20250300
2024-09-04 04:00:00,144.3,,,20241200,20250300,20250300
2024-09-04 05:00:00,144.33,144.09,144.09,20241200,20250300,20250300
2024-09-04 07:00:00,144.37,,,20241200,20250300,20250300
2024-09-04 08:00:00,144.33,,,20241200,20250300,20250300
2024-09-04 09:00:00,144.34,,,20241200,20250300,20250300
2024-09-04 10:00:00,144.34,,,20241200,20250300,20250300
2024-09-04 13:00:00,144.37,,,20241200,20250300,20250300
2024-09-04 14:00:00,144.43,,,20241200,20250300,20250300
2024-09-04 15:00:00,144.48,,,20241200,20250300,20250300
2024-09-04 16:00:00,144.48,,,20241200,20250300,20250300
2024-09-04 18:00:00,144.54,,,20241200,20250300,20250300
2024-09-04 23:00:00,144.53,,,20241200,20250300,20250300
2024-09-05 00:00:00,144.49,,,20241200,20250300,20250300
2024-09-05 01:00:00,144.42,,,20241200,20250300,20250300
2024-09-05 02:00:00,144.43,,,20241200,20250300,20250300
2024-09-05 03:00:00,144.42,,,20241200,20250300,20250300
2024-09-05 04:00:00,144.39,,,20241200,20250300,20250300
2024-09-05 05:00:00,144.39,144.12,144.12,20241200,20250300,20250300
2024-09-05 06:00:00,144.4,,,20241200,20250300,20250300
2024-09-05 08:00:00,144.38,,,20241200,20250300,20250300
2024-09-05 09:00:00,144.38,,,20241200,20250300,20250300
2024-09-05 12:00:00,144.47,,,20241200,20250300,20250300
2024-09-05 13:00:00,144.51,,,20241200,20250300,20250300
2024-09-05 14:00:00,144.44,,,20241200,20250300,20250300
2024-09-05 15:00:00,144.47,,,20241200,20250300,20250300
2024-09-05 19:00:00,144.47,,,20241200,20250300,20250300
2024-09-05 23:00:00,144.42,,,20241200,20250300,20250300
2024-09-06 00:00:00,144.43,,,20241200,20250300,20250300
2024-09-06 01:00:00,144.43,,,20241200,20250300,20250300
2024-09-06 02:00:00,144.43,,,20241200,20250300,20250300
2024-09-06 03:00:00,144.49,,,20241200,20250300,20250300
2024-09-06 04:00:00,144.49,,,20241200,20250300,20250300
2024-09-06 05:00:00,144.71,144.47,144.47,20241200,20250300,20250300
2024-09-06 06:00:00,144.65,,,20241200,20250300,20250300
2024-09-06 07:00:00,144.7,,,20241200,20250300,20250300
2024-09-06 08:00:00,144.7,,,20241200,20250300,20250300
2024-09-06 10:00:00,144.75,,,20241200,20250300,20250300
2024-09-06 11:00:00,144.75,,,20241200,20250300,20250300
2024-09-06 12:00:00,144.6,,,20241200,20250300,20250300
2024-09-06 13:00:00,144.35,,,20241200,20250300,20250300
2024-09-06 14:00:00,144.53,,,20241200,20250300,20250300
2024-09-06 15:00:00,144.7,,,20241200,20250300,20250300
2024-09-06 17:00:00,144.39,,,20241200,20250300,20250300
2024-09-06 18:00:00,144.46,,,20241200,20250300,20250300
2024-09-06 19:00:00,144.41,,,20241200,20250300,20250300
2024-09-08 23:00:00,144.37,,,20241200,20250300,20250300
2024-09-09 00:00:00,144.28,,,20241200,20250300,20250300
2024-09-09 01:00:00,144.23,,,20241200,20250300,20250300
2024-09-09 02:00:00,144.23,,,20241200,20250300,20250300
2024-09-09 03:00:00,144.24,,,20241200,20250300,20250300
2024-09-09 04:00:00,144.23,,,20241200,20250300,20250300
2024-09-09 05:00:00,144.22,143.86,143.86,20241200,20250300,20250300
2024-09-09 06:00:00,144.22,,,20241200,20250300,20250300
2024-09-09 07:00:00,144.16,,,20241200,20250300,20250300
2024-09-09 08:00:00,144.16,,,20241200,20250300,20250300
2024-09-09 09:00:00,144.16,,,20241200,20250300,20250300
2024-09-09 10:00:00,144.12,,,20241200,20250300,20250300
2024-09-09 11:00:00,144.17,,,20241200,20250300,20250300
2024-09-09 12:00:00,144.19,,,20241200,20250300,20250300
2024-09-09 13:00:00,144.21,,,20241200,20250300,20250300
2024-09-09 14:00:00,144.27,,,20241200,20250300,20250300
2024-09-09 15:00:00,144.28,,,20241200,20250300,20250300
2024-09-09 16:00:00,144.29,,,20241200,20250300,20250300
2024-09-09 17:00:00,144.29,,,20241200,20250300,20250300
2024-09-09 18:00:00,144.3,,,20241200,20250300,20250300
2024-09-09 19:00:00,144.28,,,20241200,20250300,20250300
2024-09-09 23:00:00,144.26,,,20241200,20250300,20250300
2024-09-10 00:00:00,144.24,,,20241200,20250300,20250300
2024-09-10 01:00:00,144.23,,,20241200,20250300,20250300
2024-09-10 02:00:00,144.23,,,20241200,20250300,20250300
2024-09-10 03:00:00,144.26,,,20241200,20250300,20250300
2024-09-10 04:00:00,144.24,,,20241200,20250300,20250300
2024-09-10 05:00:00,144.26,144.02,144.02,20241200,20250300,20250300
2024-09-10 06:00:00,144.19,,,20241200,20250300,20250300
2024-09-10 07:00:00,144.18,,,20241200,20250300,20250300
2024-09-10 08:00:00,144.24,,,20241200,20250300,20250300
2024-09-10 12:00:00,144.23,,,20241200,20250300,20250300
2024-09-10 13:00:00,144.25,,,20241200,20250300,20250300
2024-09-10 14:00:00,144.35,,,20241200,20250300,20250300
2024-09-10 15:00:00,144.36,,,20241200,20250300,20250300
2024-09-10 16:00:00,144.35,,,20241200,20250300,20250300
2024-09-10 17:00:00,144.4,,,20241200,20250300,20250300
2024-09-10 18:00:00,144.46,,,20241200,20250300,20250300
2024-09-10 19:00:00,144.48,,,20241200,20250300,20250300
2024-09-10 20:00:00,144.48,,,20241200,20250300,20250300
2024-09-10 23:00:00,144.51,,,20241200,20250300,20250300
2024-09-11 00:00:00,144.53,,,20241200,20250300,20250300
2024-09-11 01:00:00,144.61,,,20241200,20250300,20250300
2024-09-11 02:00:00,144.61,,,20241200,20250300,20250300
2024-09-11 03:00:00,144.63,,,20241200,20250300,20250300
2024-09-11 04:00:00,144.66,,,20241200,20250300,20250300
2024-09-11 05:00:00,144.67,144.43,144.43,20241200,20250300,20250300
2024-09-11 06:00:00,144.68,,,20241200,20250300,20250300
2024-09-11 07:00:00,144.67,,,20241200,20250300,20250300
2024-09-11 08:00:00,144.72,,,20241200,20250300,20250300
2024-09-11 09:00:00,144.75,,,20241200,20250300,20250300
2024-09-11 10:00:00,144.73,,,20241200,20250300,20250300
2024-09-11 11:00:00,144.75,,,20241200,20250300,20250300
2024-09-11 12:00:00,144.53,,,20241200,20250300,20250300
2024-09-11 13:00:00,144.68,,,20241200,20250300,20250300
2024-09-11 14:00:00,144.73,,,20241200,20250300,20250300
2024-09-11 15:00:00,144.68,,,20241200,20250300,20250300
2024-09-11 16:00:00,144.66,,,20241200,20250300,20250300
2024-09-11 17:00:00,144.63,,,20241200,20250300,20250300
2024-09-11 18:00:00,144.64,,,20241200,20250300,20250300
2024-09-11 19:00:00,144.69,,,20241200,20250300,20250300
2024-09-11 20:00:00,144.64,,,20241200,20250300,20250300
2024-09-11 23:00:00,144.59,,,20241200,20250300,20250300
2024-09-12 00:00:00,144.51,,,20241200,20250300,20250300
2024-09-12 01:00:00,144.47,,,20241200,20250300,20250300
2024-09-12 02:00:00,144.46,,,20241200,20250300,20250300
2024-09-12 03:00:00,144.47,,,20241200,20250300,20250300
2024-09-12 04:00:00,144.52,,,20241200,20250300,20250300
2024-09-12 05:00:00,144.53,144.22,144.22,20241200,20250300,20250300
2024-09-12 06:00:00,144.48,,,20241200,20250300,20250300
2024-09-12 07:00:00,144.49,,,20241200,20250300,20250300
2024-09-12 08:00:00,144.45,,,20241200,20250300,20250300
2024-09-12 09:00:00,144.46,,,20241200,20250300,20250300
2024-09-12 10:00:00,144.48,,,20241200,20250300,20250300
2024-09-12 11:00:00,144.49,,,20241200,20250300,20250300
2024-09-12 12:00:00,144.57,,,20241200,20250300,20250300
2024-09-12 13:00:00,144.5,,,20241200,20250300,20250300
2024-09-12 14:00:00,144.49,,,20241200,20250300,20250300
2024-09-12 15:00:00,144.43,,,20241200,20250300,20250300
2024-09-12 16:00:00,144.41,,,20241200,20250300,20250300
2024-09-12 17:00:00,144.39,,,20241200,20250300,20250300
2024-09-12 18:00:00,144.41,,,20241200,20250300,20250300
2024-09-12 19:00:00,144.52,,,20241200,20250300,20250300
2024-09-12 23:00:00,144.64,,,20241200,20250300,20250300
2024-09-13 00:00:00,144.66,,,20241200,20250300,20250300
2024-09-13 01:00:00,144.73,,,20241200,20250300,20250300
2024-09-13 02:00:00,144.75,,,20241200,20250300,20250300
2024-09-13 03:00:00,144.7,,,20241200,20250300,20250300
2024-09-13 04:00:00,144.66,,,20241200,20250300,20250300
2024-09-13 05:00:00,144.71,144.49,144.49,20241200,20250300,20250300
2024-09-13 06:00:00,144.7,,,20241200,20250300,20250300
2024-09-13 07:00:00,144.7,,,20241200,20250300,20250300
2024-09-13 08:00:00,144.74,,,20241200,20250300,20250300
2024-09-13 09:00:00,144.74,,,20241200,20250300,20250300
2024-09-13 10:00:00,144.69,,,20241200,20250300,20250300
2024-09-13 12:00:00,144.66,,,20241200,20250300,20250300
2024-09-13 13:00:00,144.61,,,20241200,20250300,20250300
2024-09-13 14:00:00,144.56,,,20241200,20250300,20250300
2024-09-13 15:00:00,144.59,,,20241200,20250300,20250300
2024-09-13 16:00:00,144.62,,,20241200,20250300,20250300
2024-09-13 17:00:00,144.63,,,20241200,20250300,20250300
2024-09-13 18:00:00,144.63,,,20241200,20250300,20250300
2024-09-13 19:00:00,144.6,,,20241200,20250300,20250300
2024-09-13 20:00:00,144.6,,,20241200,20250300,20250300
2024-09-15 23:00:00,144.68,,,20241200,20250300,20250300
2024-09-16 00:00:00,144.71,,,20241200,20250300,20250300
2024-09-16 01:00:00,144.7,,,20241200,20250300,20250300
2024-09-16 03:00:00,144.69,,,20241200,20250300,20250300
2024-09-16 04:00:00,144.69,,,20241200,20250300,20250300
2024-09-16 05:00:00,144.69,144.41,144.41,20241200,20250300,20250300
2024-09-16 06:00:00,144.68,,,20241200,20250300,20250300
2024-09-16 08:00:00,144.69,,,20241200,20250300,20250300
2024-09-16 09:00:00,144.71,,,20241200,20250300,20250300
2024-09-16 11:00:00,144.7,,,20241200,20250300,20250300
2024-09-16 12:00:00,144.65,,,20241200,20250300,20250300
2024-09-16 13:00:00,144.7,,,20241200,20250300,20250300
2024-09-16 14:00:00,144.71,,,20241200,20250300,20250300
2024-09-16 15:00:00,144.71,,,20241200,20250300,20250300
2024-09-16 16:00:00,144.62,,,20241200,20250300,20250300
2024-09-16 19:00:00,144.62,,,20241200,20250300,20250300
2024-09-16 23:00:00,144.88,,,20241200,20250300,20250300
2024-09-17 00:00:00,144.88,,,20241200,20250300,20250300
2024-09-17 01:00:00,144.83,,,20241200,20250300,20250300
2024-09-17 02:00:00,144.84,,,20241200,20250300,20250300
2024-09-17 03:00:00,144.82,,,20241200,20250300,20250300
2024-09-17 04:00:00,144.84,,,20241200,20250300,20250300
2024-09-17 05:00:00,144.95,144.71,144.71,20241200,20250300,20250300
2024-09-17 06:00:00,144.9,,,20241200,20250300,20250300
2024-09-17 07:00:00,144.92,,,20241200,20250300,20250300
2024-09-17 08:00:00,144.94,,,20241200,20250300,20250300
2024-09-17 09:00:00,144.93,,,20241200,20250300,20250300
2024-09-17 10:00:00,144.94,,,20241200,20250300,20250300
2024-09-17 11:00:00,144.95,,,20241200,20250300,20250300
2024-09-17 12:00:00,144.84,,,20241200,20250300,20250300
2024-09-17 13:00:00,144.77,,,20241200,20250300,20250300
2024-09-17 14:00:00,144.78,,,20241200,20250300,20250300
2024-09-17 15:00:00,144.78,,,20241200,20250300,20250300
2024-09-17 16:00:00,144.75,,,20241200,20250300,20250300
2024-09-17 17:00:00,144.74,,,20241200,20250300,20250300
2024-09-17 19:00:00,144.74,,,20241200,20250300,20250300
2024-09-17 20:00:00,144.73,,,20241200,20250300,20250300
2024-09-17 23:00:00,144.8,,,20241200,20250300,20250300
2024-09-18 00:00:00,144.88,,,20241200,20250300,20250300
2024-09-18 01:00:00,144.89,,,20241200,20250300,20250300
2024-09-18 02:00:00,144.89,,,20241200,20250300,20250300
2024-09-18 03:00:00,144.92,,,20241200,20250300,20250300
2024-09-18 04:00:00,144.91,,,20241200,20250300,20250300
2024-09-18 05:00:00,144.83,144.59,144.59,20241200,20250300,20250300
2024-09-18 06:00:00,144.85,,,20241200,20250300,20250300
2024-09-18 07:00:00,144.85,,,20241200,20250300,20250300
2024-09-18 08:00:00,144.84,,,20241200,20250300,20250300
2024-09-18 09:00:00,144.82,,,20241200,20250300,20250300
2024-09-18 10:00:00,144.82,,,20241200,20250300,20250300
2024-09-18 11:00:00,144.79,,,20241200,20250300,20250300
2024-09-18 12:00:00,144.77,,,20241200,20250300,20250300
2024-09-18 13:00:00,144.75,,,20241200,20250300,20250300
2024-09-18 14:00:00,144.73,,,20241200,20250300,20250300
2024-09-18 15:00:00,144.73,,,20241200,20250300,20250300
2024-09-18 16:00:00,144.76,,,20241200,20250300,20250300
2024-09-18 17:00:00,144.77,,,20241200,20250300,20250300
2024-09-18 18:00:00,144.77,,,20241200,20250300,20250300
2024-09-18 19:00:00,144.62,,,20241200,20250300,20250300
2024-09-18 20:00:00,144.64,,,20241200,20250300,20250300
2024-09-18 23:00:00,144.6,,,20241200,20250300,20250300
2024-09-19 00:00:00,144.66,,,20241200,20250300,20250300
2024-09-19 01:00:00,144.62,,,20241200,20250300,20250300
2024-09-19 02:00:00,144.64,,,20241200,20250300,20250300
2024-09-19 03:00:00,144.62,,,20241200,20250300,20250300
2024-09-19 04:00:00,144.66,,,20241200,20250300,20250300
2024-09-19 05:00:00,144.62,144.52,144.52,20241200,20250300,20250300
2024-09-19 06:00:00,144.73,,,20241200,20250300,20250300
2024-09-19 07:00:00,144.73,,,20241200,20250300,20250300
2024-09-19 08:00:00,144.73,,,20241200,20250300,20250300
2024-09-19 09:00:00,144.74,,,20241200,20250300,20250300
2024-09-19 10:00:00,144.74,,,20241200,20250300,20250300
2024-09-19 11:00:00,144.75,,,20241200,20250300,20250300
2024-09-19 12:00:00,144.59,,,20241200,20250300,20250300
2024-09-19 13:00:00,144.67,,,20241200,20250300,20250300
2024-09-19 14:00:00,144.63,,,20241200,20250300,20250300
2024-09-19 15:00:00,144.59,,,20241200,20250300,20250300
2024-09-19 16:00:00,144.59,,,20241200,20250300,20250300
2024-09-19 18:00:00,144.63,,,20241200,20250300,20250300
2024-09-19 20:00:00,144.63,,,20241200,20250300,20250300
2024-09-19 23:00:00,144.64,,,20241200,20250300,20250300
2024-09-20 00:00:00,144.64,,,20241200,20250300,20250300
2024-09-20 01:00:00,144.65,,,20241200,20250300,20250300
2024-09-20 02:00:00,144.66,,,20241200,20250300,20250300
2024-09-20 03:00:00,144.58,,,20241200,20250300,20250300
2024-09-20 04:00:00,144.53,,,20241200,20250300,20250300
2024-09-20 05:00:00,144.81,144.57,144.57,20241200,20250300,20250300
2024-09-20 06:00:00,144.61,,,20241200,20250300,20250300
2024-09-20 07:00:00,144.74,,,20241200,20250300,20250300
2024-09-20 08:00:00,144.81,,,20241200,20250300,20250300
2024-09-20 09:00:00,144.85,,,20241200,20250300,20250300
2024-09-20 11:00:00,144.74,,,20241200,20250300,20250300
2024-09-20 12:00:00,144.69,,,20241200,20250300,20250300
2024-09-20 13:00:00,144.67,,,20241200,20250300,20250300
2024-09-20 14:00:00,144.67,,,20241200,20250300,20250300
2024-09-20 15:00:00,144.68,,,20241200,20250300,20250300
2024-09-20 16:00:00,144.75,,,20241200,20250300,20250300
2024-09-20 17:00:00,144.76,,,20241200,20250300,20250300
2024-09-20 19:00:00,144.73,,,20241200,20250300,20250300
2024-09-20 20:00:00,144.79,,,20241200,20250300,20250300
2024-09-22 23:00:00,144.83,,,20241200,20250300,20250300
2024-09-23 00:00:00,144.89,,,20241200,20250300,20250300
2024-09-23 01:00:00,144.89,,,20241200,20250300,20250300
2024-09-23 02:00:00,144.89,,,20241200,20250300,20250300
2024-09-23 03:00:00,144.88,,,20241200,20250300,20250300
2024-09-23 04:00:00,144.88,,,20241200,20250300,20250300
2024-09-23 05:00:00,144.88,144.63,144.63,20241200,20250300,20250300
2024-09-23 07:00:00,144.87,,,20241200,20250300,20250300
2024-09-23 08:00:00,144.88,,,20241200,20250300,20250300
2024-09-23 09:00:00,144.81,,,20241200,20250300,20250300
2024-09-23 10:00:00,144.84,,,20241200,20250300,20250300
2024-09-23 11:00:00,144.85,,,20241200,20250300,20250300
2024-09-23 12:00:00,144.84,,,20241200,20250300,20250300
2024-09-23 13:00:00,144.85,,,20241200,20250300,20250300
2024-09-23 14:00:00,144.84,,,20241200,20250300,20250300
2024-09-23 15:00:00,144.84,,,20241200,20250300,20250300
2024-09-23 17:00:00,144.83,,,20241200,20250300,20250300
2024-09-23 19:00:00,144.82,,,20241200,20250300,20250300
2024-09-23 23:00:00,144.86,,,20241200,20250300,20250300
2024-09-24 00:00:00,144.93,,,20241200,20250300,20250300
2024-09-24 01:00:00,144.98,,,20241200,20250300,20250300
2024-09-24 02:00:00,145.02,,,20241200,20250300,20250300
2024-09-24 03:00:00,144.95,,,20241200,20250300,20250300
2024-09-24 04:00:00,144.97,,,20241200,20250300,20250300
2024-09-24 05:00:00,145.05,144.81,144.81,20241200,20250300,20250300
2024-09-24 06:00:00,145.1,,,20241200,20250300,20250300
2024-09-24 07:00:00,145.05,,,20241200,20250300,20250300
2024-09-24 08:00:00,145.02,,,20241200,20250300,20250300
2024-09-24 09:00:00,145.03,,,20241200,20250300,20250300
2024-09-24 10:00:00,145.04,,,20241200,20250300,20250300
2024-09-24 11:00:00,145.0,,,20241200,20250300,20250300
2024-09-24 12:00:00,144.95,,,20241200,20250300,20250300
2024-09-24 13:00:00,144.98,,,20241200,20250300,20250300
2024-09-24 14:00:00,145.14,,,20241200,20250300,20250300
2024-09-24 15:00:00,145.1,,,20241200,20250300,20250300
2024-09-24 16:00:00,145.11,,,20241200,20250300,20250300
2024-09-24 17:00:00,145.16,,,20241200,20250300,20250300
2024-09-24 18:00:00,145.17,,,20241200,20250300,20250300
2024-09-24 19:00:00,145.17,,,20241200,20250300,20250300
2024-09-24 20:00:00,145.19,,,20241200,20250300,20250300
2024-09-24 23:00:00,145.2,,,20241200,20250300,20250300
2024-09-25 00:00:00,145.08,,,20241200,20250300,20250300
2024-09-25 01:00:00,145.1,,,20241200,20250300,20250300
2024-09-25 02:00:00,145.09,,,20241200,20250300,20250300
2024-09-25 03:00:00,145.07,,,20241200,20250300,20250300
2024-09-25 04:00:00,145.01,,,20241200,20250300,20250300
2024-09-25 05:00:00,145.03,144.79,144.79,20241200,20250300,20250300
2024-09-25 06:00:00,145.02,,,20241200,20250300,20250300
2024-09-25 07:00:00,145.04,,,20241200,20250300,20250300
2024-09-25 08:00:00,145.07,,,20241200,20250300,20250300
2024-09-25 09:00:00,145.01,,,20241200,20250300,20250300
2024-09-25 10:00:00,145.03,,,20241200,20250300,20250300
2024-09-25 11:00:00,144.98,,,20241200,20250300,20250300
2024-09-25 12:00:00,144.96,,,20241200,20250300,20250300
2024-09-25 13:00:00,144.94,,,20241200,20250300,20250300
2024-09-25 14:00:00,144.9,,,20241200,20250300,20250300
2024-09-25 15:00:00,144.92,,,20241200,20250300,20250300
2024-09-25 19:00:00,144.89,,,20241200,20250300,20250300
2024-09-25 20:00:00,144.92,,,20241200,20250300,20250300
2024-09-25 23:00:00,144.88,,,20241200,20250300,20250300
2024-09-26 00:00:00,144.85,,,20241200,20250300,20250300
2024-09-26 01:00:00,144.91,,,20241200,20250300,20250300
2024-09-26 02:00:00,144.9,,,20241200,20250300,20250300
2024-09-26 03:00:00,144.87,,,20241200,20250300,20250300
2024-09-26 04:00:00,144.85,,,20241200,20250300,20250300
2024-09-26 05:00:00,144.9,144.75,144.75,20241200,20250300,20250300
2024-09-26 06:00:00,144.92,,,20241200,20250300,20250300
2024-09-26 07:00:00,144.94,,,20241200,20250300,20250300
2024-09-26 08:00:00,144.98,,,20241200,20250300,20250300
2024-09-26 09:00:00,145.01,,,20241200,20250300,20250300
2024-09-26 12:00:00,144.95,,,20241200,20250300,20250300
2024-09-26 13:00:00,145.0,,,20241200,20250300,20250300
2024-09-26 15:00:00,145.0,,,20241200,20250300,20250300
2024-09-26 16:00:00,144.94,,,20241200,20250300,20250300
2024-09-26 18:00:00,145.01,,,20241200,20250300,20250300
2024-09-26 23:00:00,145.18,,,20241200,20250300,20250300
2024-09-27 00:00:00,145.06,,,20241200,20250300,20250300
2024-09-27 01:00:00,145.03,,,20241200,20250300,20250300
2024-09-27 02:00:00,145.03,,,20241200,20250300,20250300
2024-09-27 03:00:00,145.04,,,20241200,20250300,20250300
2024-09-27 04:00:00,145.2,,,20241200,20250300,20250300
2024-09-27 05:00:00,145.24,144.36,144.36,20241200,20250300,20250300
2024-09-27 06:00:00,144.69,,,20241200,20250300,20250300
2024-09-27 07:00:00,144.64,,,20241200,20250300,20250300
2024-09-27 08:00:00,144.62,,,20241200,20250300,20250300
2024-09-27 09:00:00,144.53,,,20241200,20250300,20250300
2024-09-27 10:00:00,144.54,,,20241200,20250300,20250300
2024-09-27 11:00:00,144.57,,,20241200,20250300,20250300
2024-09-27 12:00:00,144.62,,,20241200,20250300,20250300
2024-09-27 13:00:00,144.63,,,20241200,20250300,20250300
2024-09-27 14:00:00,144.56,,,20241200,20250300,20250300
2024-09-27 15:00:00,144.61,,,20241200,20250300,20250300
2024-09-27 16:00:00,144.65,,,20241200,20250300,20250300
2024-09-27 17:00:00,144.67,,,20241200,20250300,20250300
2024-09-27 18:00:00,144.66,,,20241200,20250300,20250300
2024-09-27 19:00:00,144.65,,,20241200,20250300,20250300
2024-09-27 20:00:00,144.64,,,20241200,20250300,20250300
2024-09-29 23:00:00,144.56,,,20241200,20250300,20250300
2024-09-30 00:00:00,144.58,,,20241200,20250300,20250300
2024-09-30 01:00:00,144.57,,,20241200,20250300,20250300
2024-09-30 02:00:00,144.58,,,20241200,20250300,20250300
2024-09-30 03:00:00,144.55,,,20241200,20250300,20250300
2024-09-30 04:00:00,144.53,,,20241200,20250300,20250300
2024-09-30 05:00:00,144.61,144.37,144.37,20241200,20250300,20250300
2024-09-30 06:00:00,144.63,,,20241200,20250300,20250300
2024-09-30 07:00:00,144.61,,,20241200,20250300,20250300
2024-09-30 08:00:00,144.58,,,20241200,20250300,20250300
2024-09-30 09:00:00,144.6,,,20241200,20250300,20250300
2024-09-30 12:00:00,144.55,,,20241200,20250300,20250300
2024-09-30 13:00:00,144.61,,,20241200,20250300,20250300
2024-09-30 14:00:00,144.58,,,20241200,20250300,20250300
2024-09-30 15:00:00,144.58,,,20241200,20250300,20250300
2024-09-30 17:00:00,144.64,,,20241200,20250300,20250300
2024-09-30 19:00:00,144.55,,,20241200,20250300,20250300
2024-09-30 20:00:00,144.53,,,20241200,20250300,20250300
2024-09-30 23:00:00,144.64,,,20241200,20250300,20250300
2024-10-01 00:00:00,144.76,,,20241200,20250300,20250300
2024-10-01 01:00:00,144.75,,,20241200,20250300,20250300
2024-10-01 02:00:00,144.65,,,20241200,20250300,20250300
2024-10-01 03:00:00,144.7,,,20241200,20250300,20250300
2024-10-01 04:00:00,144.73,,,20241200,20250300,20250300
2024-10-01 05:00:00,144.88,144.64,144.64,20241200,20250300,20250300
2024-10-01 06:00:00,144.74,,,20241200,20250300,20250300
2024-10-01 07:00:00,144.78,,,20241200,20250300,20250300
2024-10-01 08:00:00,144.85,,,20241200,20250300,20250300
2024-10-01 09:00:00,144.87,,,20241200,20250300,20250300
2024-10-01 10:00:00,144.89,,,20241200,20250300,20250300
2024-10-01 11:00:00,144.91,,,20241200,20250300,20250300
2024-10-01 12:00:00,144.88,,,20241200,20250300,20250300
2024-10-01 13:00:00,144.98,,,20241200,20250300,20250300
2024-10-01 14:00:00,145.0,,,20241200,20250300,20250300
2024-10-01 15:00:00,144.98,,,20241200,20250300,20250300
2024-10-01 16:00:00,145.02,,,20241200,20250300,20250300
2024-10-01 17:00:00,144.99,,,20241200,20250300,20250300
2024-10-01 18:00:00,144.95,,,20241200,20250300,20250300
2024-10-01 19:00:00,144.94,,,20241200,20250300,20250300
2024-10-01 20:00:00,145.0,,,20241200,20250300,20250300
2024-10-01 23:00:00,144.99,,,20241200,20250300,20250300
2024-10-02 00:00:00,144.92,,,20241200,20250300,20250300
2024-10-02 01:00:00,144.92,,,20241200,20250300,20250300
2024-10-02 02:00:00,144.92,,,20241200,20250300,20250300
2024-10-02 03:00:00,144.85,,,20241200,20250300,20250300
2024-10-02 04:00:00,144.97,,,20241200,20250300,20250300
2024-10-02 05:00:00,144.95,144.71,144.71,20241200,20250300,20250300
2024-10-02 06:00:00,145.02,,,20241200,20250300,20250300
2024-10-02 07:00:00,144.97,,,20241200,20250300,20250300
2024-10-02 08:00:00,144.95,,,20241200,20250300,20250300
2024-10-02 09:00:00,144.98,,,20241200,20250300,20250300
2024-10-02 10:00:00,145.06,,,20241200,20250300,20250300
2024-10-02 11:00:00,145.09,,,20241200,20250300,20250300
2024-10-02 12:00:00,144.96,,,20241200,20250300,20250300
2024-10-02 13:00:00,144.95,,,20241200,20250300,20250300
2024-10-02 14:00:00,144.96,,,20241200,20250300,20250300
2024-10-02 15:00:00,145.02,,,20241200,20250300,20250300
2024-10-02 16:00:00,145.0,,,20241200,20250300,20250300
2024-10-02 19:00:00,144.98,,,20241200,20250300,20250300
2024-10-02 20:00:00,144.97,,,20241200,20250300,20250300
2024-10-02 23:00:00,144.91,,,20241200,20250300,20250300
2024-10-03 00:00:00,144.91,,,20241200,20250300,20250300
2024-10-03 01:00:00,144.88,,,20241200,20250300,20250300
2024-10-03 02:00:00,144.85,,,20241200,20250300,20250300
2024-10-03 03:00:00,144.99,,,20241200,20250300,20250300
2024-10-03 04:00:00,144.96,,,20241200,20250300,20250300
2024-10-03 05:00:00,144.85,144.61,144.61,20241200,20250300,20250300
2024-10-03 06:00:00,144.91,,,20241200,20250300,20250300
2024-10-03 07:00:00,144.87,,,20241200,20250300,20250300
2024-10-03 08:00:00,144.84,,,20241200,20250300,20250300
2024-10-03 09:00:00,144.82,,,20241200,20250300,20250300
2024-10-03 10:00:00,144.84,,,20241200,20250300,20250300
2024-10-03 12:00:00,144.88,,,20241200,20250300,20250300
2024-10-03 13:00:00,144.83,,,20241200,20250300,20250300
2024-10-03 14:00:00,144.81,,,20241200,20250300,20250300
2024-10-03 15:00:00,144.84,,,20241200,20250300,20250300
2024-10-03 16:00:00,144.79,,,20241200,20250300,20250300
2024-10-03 17:00:00,144.77,,,20241200,20250300,20250300
2024-10-03 19:00:00,144.78,,,20241200,20250300,20250300
2024-10-03 23:00:00,144.77,,,20241200,20250300,20250300
2024-10-04 00:00:00,144.75,,,20241200,20250300,20250300
2024-10-04 01:00:00,144.76,,,20241200,20250300,20250300
2024-10-04 02:00:00,144.76,,,20241200,20250300,20250300
2024-10-04 03:00:00,144.74,,,20241200,20250300,20250300
2024-10-04 04:00:00,144.74,,,20241200,20250300,20250300
2024-10-04 05:00:00,144.68,144.39,144.39,20241200,20250300,20250300
2024-10-04 06:00:00,144.67,,,20241200,20250300,20250300
2024-10-04 07:00:00,144.66,,,20241200,20250300,20250300
2024-10-04 08:00:00,144.67,,,20241200,20250300,20250300
2024-10-04 09:00:00,144.63,,,20241200,20250300,20250300
2024-10-04 10:00:00,144.61,,,20241200,20250300,20250300
2024-10-04 11:00:00,144.61,,,20241200,20250300,20250300
2024-10-04 12:00:00,144.3,,,20241200,20250300,20250300
2024-10-04 13:00:00,144.41,,,20241200,20250300,20250300
2024-10-04 14:00:00,144.36,,,20241200,20250300,20250300
2024-10-04 15:00:00,144.32,,,20241200,20250300,20250300
2024-10-04 17:00:00,144.31,,,20241200,20250300,20250300
2024-10-04 19:00:00,144.29,,,20241200,20250300,20250300
2024-10-04 20:00:00,144.33,,,20241200,20250300,20250300
2024-10-06 23:00:00,144.26,,,20241200,20250300,20250300
2024-10-07 00:00:00,144.32,,,20241200,20250300,20250300
2024-10-07 01:00:00,144.32,,,20241200,20250300,20250300
2024-10-07 02:00:00,144.32,,,20241200,20250300,20250300
2024-10-07 03:00:00,144.27,,,20241200,20250300,20250300
2024-10-07 04:00:00,144.25,,,20241200,20250300,20250300
2024-10-07 05:00:00,144.2,143.92,143.92,20241200,20250300,20250300
2024-10-07 06:00:00,144.2,,,20241200,20250300,20250300
2024-10-07 07:00:00,144.12,,,20241200,20250300,20250300
2024-10-07 08:00:00,144.13,,,20241200,20250300,20250300
2024-10-07 09:00:00,144.17,,,20241200,20250300,20250300
2024-10-07 11:00:00,144.16,,,20241200,20250300,20250300
2024-10-07 12:00:00,144.21,,,20241200,20250300,20250300
2024-10-07 13:00:00,144.2,,,20241200,20250300,20250300
2024-10-07 14:00:00,144.16,,,20241200,20250300,20250300
2024-10-07 15:00:00,144.18,,,20241200,20250300,20250300
2024-10-07 16:00:00,144.19,,,20241200,20250300,20250300
2024-10-07 17:00:00,144.23,,,20241200,20250300,20250300
2024-10-07 18:00:00,144.2,,,20241200,20250300,20250300
2024-10-07 19:00:00,144.2,,,20241200,20250300,20250300
2024-10-07 20:00:00,144.17,,,20241200,20250300,20250300
2024-10-07 23:00:00,144.15,,,20241200,20250300,20250300
2024-10-08 00:00:00,144.19,,,20241200,20250300,20250300
2024-10-08 01:00:00,144.23,,,20241200,20250300,20250300
2024-10-08 02:00:00,144.23,,,20241200,20250300,20250300
2024-10-08 03:00:00,144.2,,,20241200,20250300,20250300
2024-10-08 04:00:00,144.23,,,20241200,20250300,20250300
2024-10-08 05:00:00,144.24,143.83,143.83,20241200,20250300,20250300
2024-10-08 06:00:00,144.27,,,20241200,20250300,20250300
2024-10-08 07:00:00,144.3,,,20241200,20250300,20250300
2024-10-08 08:00:00,144.24,,,20241200,20250300,20250300
2024-10-08 10:00:00,144.19,,,20241200,20250300,20250300
2024-10-08 11:00:00,144.19,,,20241200,20250300,20250300
2024-10-08 12:00:00,144.17,,,20241200,20250300,20250300
2024-10-08 13:00:00,144.11,,,20241200,20250300,20250300
2024-10-08 14:00:00,144.18,,,20241200,20250300,20250300
2024-10-08 15:00:00,144.21,,,20241200,20250300,20250300
2024-10-08 16:00:00,144.19,,,20241200,20250300,20250300
2024-10-08 17:00:00,144.2,,,20241200,20250300,20250300
2024-10-08 18:00:00,144.2,,,20241200,20250300,20250300
2024-10-08 19:00:00,144.21,,,20241200,20250300,20250300
2024-10-08 20:00:00,144.25,,,20241200,20250300,20250300
2024-10-08 23:00:00,144.18,,,20241200,20250300,20250300
2024-10-09 00:00:00,144.18,,,20241200,20250300,20250300
2024-10-09 01:00:00,144.17,,,20241200,20250300,20250300
2024-10-09 02:00:00,144.17,,,20241200,20250300,20250300
2024-10-09 03:00:00,144.18,,,20241200,20250300,20250300
2024-10-09 04:00:00,144.14,,,20241200,20250300,20250300
2024-10-09 05:00:00,144.15,143.76,143.76,20241200,20250300,20250300
2024-10-09 06:00:00,144.18,,,20241200,20250300,20250300
2024-10-09 07:00:00,144.17,,,20241200,20250300,20250300
2024-10-09 08:00:00,144.16,,,20241200,20250300,20250300
2024-10-09 09:00:00,144.19,,,20241200,20250300,20250300
2024-10-09 11:00:00,144.16,,,20241200,20250300,20250300
2024-10-09 12:00:00,144.17,,,20241200,20250300,20250300
2024-10-09 13:00:00,144.13,,,20241200,20250300,20250300
2024-10-09 14:00:00,144.12,,,20241200,20250300,20250300
2024-10-09 15:00:00,144.11,,,20241200,20250300,20250300
2024-10-09 16:00:00,144.1,,,20241200,20250300,20250300
2024-10-09 17:00:00,144.06,,,20241200,20250300,20250300
2024-10-09 18:00:00,144.06,,,20241200,20250300,20250300
2024-10-09 19:00:00,144.05,,,20241200,20250300,20250300
2024-10-09 23:00:00,143.98,,,20241200,20250300,20250300
2024-10-10 00:00:00,143.99,,,20241200,20250300,20250300
2024-10-10 01:00:00,144.05,,,20241200,20250300,20250300
2024-10-10 02:00:00,144.06,,,20241200,20250300,20250300
2024-10-10 03:00:00,144.05,,,20241200,20250300,20250300
2024-10-10 04:00:00,143.98,,,20241200,20250300,20250300
2024-10-10 05:00:00,143.91,143.42,143.42,20241200,20250300,20250300
2024-10-10 06:00:00,143.85,,,20241200,20250300,20250300
2024-10-10 07:00:00,143.88,,,20241200,20250300,20250300
2024-10-10 08:00:00,143.84,,,20241200,20250300,20250300
2024-10-10 09:00:00,143.89,,,20241200,20250300,20250300
2024-10-10 10:00:00,143.9,,,20241200,20250300,20250300
2024-10-10 11:00:00,143.88,,,20241200,20250300,20250300
2024-10-10 12:00:00,143.97,,,20241200,20250300,20250300
2024-10-10 13:00:00,143.95,,,20241200,20250300,20250300
2024-10-10 14:00:00,143.89,,,20241200,20250300,20250300
2024-10-10 15:00:00,143.92,,,20241200,20250300,20250300
2024-10-10 16:00:00,143.9,,,20241200,20250300,20250300
2024-10-10 17:00:00,143.91,,,20241200,20250300,20250300
2024-10-10 18:00:00,143.89,,,20241200,20250300,20250300
2024-10-10 19:00:00,143.94,,,20241200,20250300,20250300
2024-10-10 20:00:00,143.96,,,20241200,20250300,20250300
2024-10-10 23:00:00,144.02,,,20241200,20250300,20250300
2024-10-11 00:00:00,144.07,,,20241200,20250300,20250300
2024-10-11 01:00:00,144.03,,,20241200,20250300,20250300
2024-10-11 02:00:00,144.05,,,20241200,20250300,20250300
2024-10-11 03:00:00,144.1,,,20241200,20250300,20250300
2024-10-11 04:00:00,144.05,,,20241200,20250300,20250300
2024-10-11 05:00:00,143.94,143.53,143.53,20241200,20250300,20250300
2024-10-11 06:00:00,144.01,,,20241200,20250300,20250300
2024-10-11 07:00:00,143.98,,,20241200,20250300,20250300
2024-10-11 08:00:00,143.97,,,20241200,20250300,20250300
2024-10-11 09:00:00,143.92,,,20241200,20250300,20250300
2024-10-11 10:00:00,143.92,,,20241200,20250300,20250300
2024-10-11 11:00:00,143.86,,,20241200,20250300,20250300
2024-10-11 12:00:00,143.92,,,20241200,20250300,20250300
2024-10-11 13:00:00,143.88,,,20241200,20250300,20250300
2024-10-11 14:00:00,143.91,,,20241200,20250300,20250300
2024-10-11 15:00:00,143.94,,,20241200,20250300,20250300
2024-10-11 16:00:00,143.98,,,20241200,20250300,20250300
2024-10-11 17:00:00,144.01,,,20241200,20250300,20250300
2024-10-11 18:00:00,143.98,,,20241200,20250300,20250300
2024-10-11 19:00:00,144.0,,,20241200,20250300,20250300
2024-10-11 20:00:00,143.93,,,20241200,20250300,20250300
2024-10-13 23:00:00,143.87,,,20241200,20250300,20250300
2024-10-14 00:00:00,143.87,,,20241200,20250300,20250300
2024-10-14 01:00:00,143.92,,,20241200,20250300,20250300
2024-10-14 03:00:00,143.92,,,20241200,20250300,20250300
2024-10-14 04:00:00,143.93,,,20241200,20250300,20250300
2024-10-14 05:00:00,143.94,143.51,143.51,20241200,20250300,20250300
2024-10-14 06:00:00,143.93,,,20241200,20250300,20250300
2024-10-14 08:00:00,143.94,,,20241200,20250300,20250300
2024-10-14 11:00:00,143.94,,,20241200,20250300,20250300
2024-10-14 13:00:00,143.87,,,20241200,20250300,20250300
2024-10-14 14:00:00,143.86,,,20241200,20250300,20250300
2024-10-14 15:00:00,143.88,,,20241200,20250300,20250300
2024-10-14 19:00:00,143.88,,,20241200,20250300,20250300
2024-10-14 23:00:00,143.87,,,20241200,20250300,20250300
2024-10-15 00:00:00,143.92,,,20241200,20250300,20250300
2024-10-15 01:00:00,143.91,,,20241200,20250300,20250300
2024-10-15 02:00:00,143.9,,,20241200,20250300,20250300
2024-10-15 03:00:00,143.86,,,20241200,20250300,20250300
2024-10-15 04:00:00,143.78,,,20241200,20250300,20250300
2024-10-15 05:00:00,143.85,143.42,143.42,20241200,20250300,20250300
2024-10-15 06:00:00,143.82,,,20241200,20250300,20250300
2024-10-15 07:00:00,143.8,,,20241200,20250300,20250300
2024-10-15 08:00:00,143.83,,,20241200,20250300,20250300
2024-10-15 09:00:00,143.89,,,20241200,20250300,20250300
2024-10-15 11:00:00,143.83,,,20241200,20250300,20250300
2024-10-15 12:00:00,143.89,,,20241200,20250300,20250300
2024-10-15 13:00:00,143.96,,,20241200,20250300,20250300
2024-10-15 14:00:00,144.0,,,20241200,20250300,20250300
2024-10-15 15:00:00,143.99,,,20241200,20250300,20250300
2024-10-15 18:00:00,144.03,,,20241200,20250300,20250300
2024-10-15 20:00:00,144.03,,,20241200,20250300,20250300
2024-10-15 23:00:00,143.98,,,20241200,20250300,20250300
2024-10-16 00:00:00,144.0,,,20241200,20250300,20250300
2024-10-16 01:00:00,143.99,,,20241200,20250300,20250300
2024-10-16 02:00:00,143.97,,,20241200,20250300,20250300
2024-10-16 03:00:00,143.99,,,20241200,20250300,20250300
2024-10-16 04:00:00,143.94,,,20241200,20250300,20250300
2024-10-16 05:00:00,144.09,143.66,143.66,20241200,20250300,20250300
2024-10-16 06:00:00,144.1,,,20241200,20250300,20250300
2024-10-16 07:00:00,144.07,,,20241200,20250300,20250300
2024-10-16 08:00:00,144.09,,,20241200,20250300,20250300
2024-10-16 09:00:00,144.11,,,20241200,20250300,20250300
2024-10-16 10:00:00,144.08,,,20241200,20250300,20250300
2024-10-16 13:00:00,144.1,,,20241200,20250300,20250300
2024-10-16 14:00:00,144.09,,,20241200,20250300,20250300
2024-10-16 15:00:00,144.09,,,20241200,20250300,20250300
2024-10-16 17:00:00,144.07,,,20241200,20250300,20250300
2024-10-16 18:00:00,144.08,,,20241200,20250300,20250300
2024-10-16 19:00:00,144.06,,,20241200,20250300,20250300
2024-10-16 20:00:00,144.02,,,20241200,20250300,20250300
2024-10-16 23:00:00,143.99,,,20241200,20250300,20250300
2024-10-17 00:00:00,143.97,,,20241200,20250300,20250300
2024-10-17 01:00:00,143.98,,,20241200,20250300,20250300
2024-10-17 02:00:00,143.98,,,20241200,20250300,20250300
2024-10-17 03:00:00,143.98,,,20241200,20250300,20250300
2024-10-17 04:00:00,143.87,,,20241200,20250300,20250300
2024-10-17 05:00:00,143.89,143.43,143.43,20241200,20250300,20250300
2024-10-17 06:00:00,143.87,,,20241200,20250300,20250300
2024-10-17 07:00:00,143.88,,,20241200,20250300,20250300
2024-10-17 08:00:00,143.86,,,20241200,20250300,20250300
2024-10-17 09:00:00,143.86,,,20241200,20250300,20250300
2024-10-17 10:00:00,143.87,,,20241200,20250300,20250300
2024-10-17 11:00:00,143.9,,,20241200,20250300,20250300
2024-10-17 12:00:00,143.83,,,20241200,20250300,20250300
2024-10-17 13:00:00,143.81,,,20241200,20250300,20250300
2024-10-17 14:00:00,143.78,,,20241200,20250300,20250300
2024-10-17 15:00:00,143.79,,,20241200,20250300,20250300
2024-10-17 16:00:00,143.79,,,20241200,20250300,20250300
2024-10-17 18:00:00,143.77,,,20241200,20250300,20250300
2024-10-17 20:00:00,143.75,,,20241200,20250300,20250300
2024-10-17 23:00:00,143.72,,,20241200,20250300,20250300
2024-10-18 00:00:00,143.71,,,20241200,20250300,20250300
2024-10-18 01:00:00,143.71,,,20241200,20250300,20250300
2024-10-18 02:00:00,143.71,,,20241200,20250300,20250300
2024-10-18 03:00:00,143.7,,,20241200,20250300,20250300
2024-10-18 04:00:00,143.77,,,20241200,20250300,20250300
2024-10-18 05:00:00,143.79,143.36,143.36,20241200,20250300,20250300
2024-10-18 06:00:00,143.74,,,20241200,20250300,20250300
2024-10-18 07:00:00,143.75,,,20241200,20250300,20250300
2024-10-18 08:00:00,143.78,,,20241200,20250300,20250300
2024-10-18 09:00:00,143.84,,,20241200,20250300,20250300
2024-10-18 10:00:00,143.86,,,20241200,20250300,20250300
2024-10-18 11:00:00,143.8,,,20241200,20250300,20250300
2024-10-18 12:00:00,143.88,,,20241200,20250300,20250300
2024-10-18 13:00:00,143.9,,,20241200,20250300,20250300
2024-10-18 14:00:00,143.93,,,20241200,20250300,20250300
2024-10-18 15:00:00,143.94,,,20241200,20250300,20250300
2024-10-18 16:00:00,143.96,,,20241200,20250300,20250300
2024-10-18 17:00:00,143.93,,,20241200,20250300,20250300
2024-10-18 18:00:00,143.93,,,20241200,20250300,20250300
2024-10-18 19:00:00,143.92,,,20241200,20250300,20250300
2024-10-18 20:00:00,143.9,,,20241200,20250300,20250300
2024-10-20 23:00:00,143.86,,,20241200,20250300,20250300
2024-10-21 00:00:00,143.9,,,20241200,20250300,20250300
2024-10-21 01:00:00,143.9,,,20241200,20250300,20250300
2024-10-21 02:00:00,143.91,,,20241200,20250300,20250300
2024-10-21 03:00:00,143.94,,,20241200,20250300,20250300
2024-10-21 04:00:00,143.94,,,20241200,20250300,20250300
2024-10-21 05:00:00,143.9,143.47,143.47,20241200,20250300,20250300
2024-10-21 06:00:00,143.96,,,20241200,20250300,20250300
2024-10-21 07:00:00,143.96,,,20241200,20250300,20250300
2024-10-21 08:00:00,143.9,,,20241200,20250300,20250300
2024-10-21 09:00:00,143.92,,,20241200,20250300,20250300
2024-10-21 10:00:00,143.86,,,20241200,20250300,20250300
2024-10-21 11:00:00,143.87,,,20241200,20250300,20250300
2024-10-21 12:00:00,143.88,,,20241200,20250300,20250300
2024-10-21 13:00:00,143.83,,,20241200,20250300,20250300
2024-10-21 14:00:00,143.79,,,20241200,20250300,20250300
2024-10-21 15:00:00,143.79,,,20241200,20250300,20250300
2024-10-21 16:00:00,143.75,,,20241200,20250300,20250300
2024-10-21 17:00:00,143.75,,,20241200,20250300,20250300
2024-10-21 19:00:00,143.72,,,20241200,20250300,20250300
2024-10-21 20:00:00,143.74,,,20241200,20250300,20250300
2024-10-21 23:00:00,143.71,,,20241200,20250300,20250300
2024-10-22 00:00:00,143.72,,,20241200,20250300,20250300
2024-10-22 01:00:00,143.7,,,20241200,20250300,20250300
2024-10-22 02:00:00,143.71,,,20241200,20250300,20250300
2024-10-22 03:00:00,143.62,,,20241200,20250300,20250300
2024-10-22 04:00:00,143.68,,,20241200,20250300,20250300
2024-10-22 05:00:00,143.74,143.31,143.31,20241200,20250300,20250300
2024-10-22 06:00:00,143.66,,,20241200,20250300,20250300
2024-10-22 07:00:00,143.71,,,20241200,20250300,20250300
2024-10-22 08:00:00,143.71,,,20241200,20250300,20250300
2024-10-22 09:00:00,143.74,,,20241200,20250300,20250300
2024-10-22 10:00:00,143.71,,,20241200,20250300,20250300
2024-10-22 12:00:00,143.79,,,20241200,20250300,20250300
2024-10-22 13:00:00,143.83,,,20241200,20250300,20250300
2024-10-22 14:00:00,143.79,,,20241200,20250300,20250300
2024-10-22 15:00:00,143.77,,,20241200,20250300,20250300
2024-10-22 16:00:00,143.76,,,20241200,20250300,20250300
2024-10-22 17:00:00,143.78,,,20241200,20250300,20250300
2024-10-22 18:00:00,143.79,,,20241200,20250300,20250300
2024-10-22 19:00:00,143.82,,,20241200,20250300,20250300
2024-10-22 23:00:00,143.73,,,20241200,20250300,20250300
2024-10-23 00:00:00,143.69,,,20241200,20250300,20250300
2024-10-23 01:00:00,143.69,,,20241200,20250300,20250300
2024-10-23 02:00:00,143.66,,,20241200,20250300,20250300
2024-10-23 03:00:00,143.65,,,20241200,20250300,20250300
2024-10-23 04:00:00,143.67,,,20241200,20250300,20250300
2024-10-23 05:00:00,143.71,143.28,143.28,20241200,20250300,20250300
2024-10-23 06:00:00,143.73,,,20241200,20250300,20250300
2024-10-23 07:00:00,143.73,,,20241200,20250300,20250300
2024-10-23 08:00:00,143.72,,,20241200,20250300,20250300
2024-10-23 09:00:00,143.72,,,20241200,20250300,20250300
2024-10-23 10:00:00,143.73,,,20241200,20250300,20250300
2024-10-23 11:00:00,143.72,,,20241200,20250300,20250300
2024-10-23 12:00:00,143.67,,,20241200,20250300,20250300
2024-10-23 13:00:00,143.67,,,20241200,20250300,20250300
2024-10-23 14:00:00,143.66,,,20241200,20250300,20250300
2024-10-23 15:00:00,143.71,,,20241200,20250300,20250300
2024-10-23 16:00:00,143.72,,,20241200,20250300,20250300
2024-10-23 17:00:00,143.7,,,20241200,20250300,20250300
2024-10-23 19:00:00,143.72,,,20241200,20250300,20250300
2024-10-23 23:00:00,143.68,,,20241200,20250300,20250300
2024-10-24 00:00:00,143.73,,,20241200,20250300,20250300
2024-10-24 01:00:00,143.77,,,20241200,20250300,20250300
2024-10-24 02:00:00,143.77,,,20241200,20250300,20250300
2024-10-24 03:00:00,143.73,,,20241200,20250300,20250300
2024-10-24 04:00:00,143.9,,,20241200,20250300,20250300
2024-10-24 05:00:00,144.04,143.42,143.42,20241200,20250300,20250300
2024-10-24 06:00:00,143.99,,,20241200,20250300,20250300
2024-10-24 07:00:00,144.02,,,20241200,20250300,20250300
2024-10-24 08:00:00,144.03,,,20241200,20250300,20250300
2024-10-24 09:00:00,144.03,,,20241200,20250300,20250300
2024-10-24 10:00:00,144.05,,,20241200,20250300,20250300
2024-10-24 11:00:00,144.04,,,20241200,20250300,20250300
2024-10-24 12:00:00,144.01,,,20241200,20250300,20250300
2024-10-24 13:00:00,143.94,,,20241200,20250300,20250300
2024-10-24 14:00:00,144.0,,,20241200,20250300,20250300
2024-10-24 15:00:00,143.98,,,20241200,20250300,20250300
2024-10-24 16:00:00,143.98,,,20241200,20250300,20250300
2024-10-24 18:00:00,143.95,,,20241200,20250300,20250300
2024-10-24 20:00:00,143.93,,,20241200,20250300,20250300
2024-10-24 23:00:00,143.96,,,20241200,20250300,20250300
2024-10-25 00:00:00,143.98,,,20241200,20250300,20250300
2024-10-25 01:00:00,144.03,,,20241200,20250300,20250300
2024-10-25 02:00:00,144.03,,,20241200,20250300,20250300
2024-10-25 03:00:00,144.05,,,20241200,20250300,20250300
2024-10-25 04:00:00,144.0,,,20241200,20250300,20250300
2024-10-25 05:00:00,144.05,143.35,143.35,20241200,20250300,20250300
2024-10-25 06:00:00,144.04,,,20241200,20250300,20250300
2024-10-25 07:00:00,144.05,,,20241200,20250300,20250300
2024-10-25 08:00:00,144.05,,,20241200,20250300,20250300
2024-10-25 09:00:00,144.04,,,20241200,20250300,20250300
2024-10-25 10:00:00,144.05,,,20241200,20250300,20250300
2024-10-25 11:00:00,144.08,,,20241200,20250300,20250300
2024-10-25 12:00:00,144.17,,,20241200,20250300,20250300
2024-10-25 13:00:00,144.19,,,20241200,20250300,20250300
2024-10-25 14:00:00,144.16,,,20241200,20250300,20250300
2024-10-25 15:00:00,144.16,,,20241200,20250300,20250300
2024-10-25 18:00:00,144.17,,,20241200,20250300,20250300
2024-10-25 19:00:00,144.11,,,20241200,20250300,20250300
2024-10-25 20:00:00,144.08,,,20241200,20250300,20250300
2024-10-27 23:00:00,144.14,,,20241200,20250300,20250300
2024-10-28 00:00:00,143.96,,,20241200,20250300,20250300
2024-10-28 01:00:00,143.9,,,20241200,20250300,20250300
2024-10-28 02:00:00,143.96,,,20241200,20250300,20250300
2024-10-28 03:00:00,143.92,,,20241200,20250300,20250300
2024-10-28 04:00:00,143.93,,,20241200,20250300,20250300
2024-10-28 05:00:00,143.88,143.13,143.13,20241200,20250300,20250300
2024-10-28 06:00:00,143.79,,,20241200,20250300,20250300
2024-10-28 07:00:00,143.8,,,20241200,20250300,20250300
2024-10-28 08:00:00,143.83,,,20241200,20250300,20250300
2024-10-28 09:00:00,143.84,,,20241200,20250300,20250300
2024-10-28 10:00:00,143.86,,,20241200,20250300,20250300
2024-10-28 11:00:00,143.87,,,20241200,20250300,20250300
2024-10-28 12:00:00,143.89,,,20241200,20250300,20250300
2024-10-28 13:00:00,143.92,,,20241200,20250300,20250300
2024-10-28 14:00:00,143.89,,,20241200,20250300,20250300
2024-10-28 15:00:00,143.78,,,20241200,20250300,20250300
2024-10-28 16:00:00,143.77,,,20241200,20250300,20250300
2024-10-28 17:00:00,143.76,,,20241200,20250300,20250300
2024-10-28 23:00:00,143.87,,,20241200,20250300,20250300
2024-10-29 00:00:00,143.86,,,20241200,20250300,20250300
2024-10-29 01:00:00,143.87,,,20241200,20250300,20250300
2024-10-29 02:00:00,143.89,,,20241200,20250300,20250300
2024-10-29 03:00:00,143.9,,,20241200,20250300,20250300
2024-10-29 04:00:00,143.87,,,20241200,20250300,20250300
2024-10-29 05:00:00,143.85,143.03,143.03,20241200,20250300,20250300
2024-10-29 06:00:00,143.86,,,20241200,20250300,20250300
2024-10-29 07:00:00,143.83,,,20241200,20250300,20250300
2024-10-29 08:00:00,143.73,,,20241200,20250300,20250300
2024-10-29 09:00:00,143.73,,,20241200,20250300,20250300
2024-10-29 10:00:00,143.77,,,20241200,20250300,20250300
2024-10-29 11:00:00,143.77,,,20241200,20250300,20250300
2024-10-29 12:00:00,143.71,,,20241200,20250300,20250300
2024-10-29 13:00:00,143.71,,,20241200,20250300,20250300
2024-10-29 14:00:00,143.69,,,20241200,20250300,20250300
2024-10-29 15:00:00,143.69,,,20241200,20250300,20250300
2024-10-29 16:00:00,143.66,,,20241200,20250300,20250300
2024-10-29 17:00:00,143.72,,,20241200,20250300,20250300
2024-10-29 18:00:00,143.79,,,20241200,20250300,20250300
2024-10-29 19:00:00,143.82,,,20241200,20250300,20250300
2024-10-29 23:00:00,143.9,,,20241200,20250300,20250300
2024-10-30 00:00:00,143.94,,,20241200,20250300,20250300
2024-10-30 01:00:00,143.97,,,20241200,20250300,20250300
2024-10-30 02:00:00,143.97,,,20241200,20250300,20250300
2024-10-30 03:00:00,143.96,,,20241200,20250300,20250300
2024-10-30 04:00:00,143.94,,,20241200,20250300,20250300
2024-10-30 05:00:00,144.02,143.4,143.4,20241200,20250300,20250300
2024-10-30 06:00:00,144.07,,,20241200,20250300,20250300
2024-10-30 07:00:00,144.03,,,20241200,20250300,20250300
2024-10-30 08:00:00,144.09,,,20241200,20250300,20250300
2024-10-30 09:00:00,144.1,,,20241200,20250300,20250300
2024-10-30 10:00:00,144.13,,,20241200,20250300,20250300
2024-10-30 11:00:00,144.09,,,20241200,20250300,20250300
2024-10-30 12:00:00,144.0,,,20241200,20250300,20250300
2024-10-30 13:00:00,144.09,,,20241200,20250300,20250300
2024-10-30 14:00:00,144.02,,,20241200,20250300,20250300
2024-10-30 15:00:00,144.02,,,20241200,20250300,20250300
2024-10-30 16:00:00,144.02,,,20241200,20250300,20250300
2024-10-30 17:00:00,144.0,,,20241200,20250300,20250300
2024-10-30 19:00:00,143.97,,,20241200,20250300,20250300
2024-10-30 20:00:00,143.95,,,20241200,20250300,20250300
2024-10-30 23:00:00,143.92,,,20241200,20250300,20250300
2024-10-31 00:00:00,143.96,,,20241200,20250300,20250300
2024-10-31 01:00:00,144.03,,,20241200,20250300,20250300
2024-10-31 02:00:00,144.19,,,20241200,20250300,20250300
2024-10-31 03:00:00,144.18,,,20241200,20250300,20250300
2024-10-31 04:00:00,144.1,,,20241200,20250300,20250300
2024-10-31 05:00:00,144.01,143.33,143.33,20241200,20250300,20250300
2024-10-31 06:00:00,144.0,,,20241200,20250300,20250300
2024-10-31 07:00:00,144.1,,,20241200,20250300,20250300
2024-10-31 08:00:00,144.02,,,20241200,20250300,20250300
2024-10-31 09:00:00,143.99,,,20241200,20250300,20250300
2024-10-31 10:00:00,144.05,,,20241200,20250300,20250300
2024-10-31 11:00:00,144.02,,,20241200,20250300,20250300
2024-10-31 12:00:00,144.03,,,20241200,20250300,20250300
2024-10-31 13:00:00,143.96,,,20241200,20250300,20250300
2024-10-31 14:00:00,143.98,,,20241200,20250300,20250300
2024-10-31 15:00:00,143.95,,,20241200,20250300,20250300
2024-10-31 16:00:00,144.02,,,20241200,20250300,20250300
2024-10-31 17:00:00,144.04,,,20241200,20250300,20250300
2024-10-31 18:00:00,144.06,,,20241200,20250300,20250300
2024-10-31 19:00:00,144.0,,,20241200,20250300,20250300
2024-10-31 23:00:00,143.91,,,20241200,20250300,20250300
2024-11-01 00:00:00,143.95,,,20241200,20250300,20250300
2024-11-01 01:00:00,143.98,,,20241200,20250300,20250300
2024-11-01 02:00:00,143.99,,,20241200,20250300,20250300
2024-11-01 03:00:00,144.02,,,20241200,20250300,20250300
2024-11-01 04:00:00,144.04,,,20241200,20250300,20250300
2024-11-01 05:00:00,144.15,143.49,143.49,20241200,20250300,20250300
2024-11-01 06:00:00,144.13,,,20241200,20250300,20250300
2024-11-01 07:00:00,144.12,,,20241200,20250300,20250300
2024-11-01 08:00:00,144.11,,,20241200,20250300,20250300
2024-11-01 09:00:00,144.16,,,20241200,20250300,20250300
2024-11-01 10:00:00,144.22,,,20241200,20250300,20250300
2024-11-01 11:00:00,144.21,,,20241200,20250300,20250300
2024-11-01 12:00:00,144.31,,,20241200,20250300,20250300
2024-11-01 13:00:00,144.21,,,20241200,20250300,20250300
2024-11-01 14:00:00,144.13,,,20241200,20250300,20250300
2024-11-01 15:00:00,144.06,,,20241200,20250300,20250300
2024-11-01 16:00:00,144.05,,,20241200,20250300,20250300
2024-11-01 20:00:00,144.03,,,20241200,20250300,20250300
2024-11-04 00:00:00,144.04,,,20241200,20250300,20250300
2024-11-04 04:00:00,144.12,,,20241200,20250300,20250300
2024-11-04 06:00:00,144.15,143.49,143.49,20241200,20250300,20250300
2024-11-04 07:00:00,144.06,,,20241200,20250300,20250300
2024-11-04 08:00:00,144.12,,,20241200,20250300,20250300
2024-11-04 10:00:00,144.03,,,20241200,20250300,20250300
2024-11-04 11:00:00,143.94,,,20241200,20250300,20250300
2024-11-04 14:00:00,144.0,,,20241200,20250300,20250300
2024-11-04 15:00:00,144.03,,,20241200,20250300,20250300
2024-11-04 16:00:00,144.03,,,20241200,20250300,20250300
2024-11-04 17:00:00,144.03,,,20241200,20250300,20250300
2024-11-04 18:00:00,144.02,,,20241200,20250300,20250300
2024-11-04 19:00:00,144.02,,,20241200,20250300,20250300
2024-11-04 20:00:00,144.2,,,20241200,20250300,20250300
2024-11-04 21:00:00,144.24,,,20241200,20250300,20250300
2024-11-04 23:00:00,144.22,,,20241200,20250300,20250300
2024-11-05 00:00:00,144.16,,,20241200,20250300,20250300
2024-11-05 01:00:00,144.15,,,20241200,20250300,20250300
2024-11-05 02:00:00,144.15,,,20241200,20250300,20250300
2024-11-05 03:00:00,144.21,,,20241200,20250300,20250300
2024-11-05 04:00:00,144.25,,,20241200,20250300,20250300
2024-11-05 05:00:00,144.26,,,20241200,20250300,20250300
2024-11-05 06:00:00,144.32,143.66,143.66,20241200,20250300,20250300
2024-11-05 07:00:00,144.24,,,20241200,20250300,20250300
2024-11-05 08:00:00,144.33,,,20241200,20250300,20250300
2024-11-05 09:00:00,144.31,,,20241200,20250300,20250300
2024-11-05 10:00:00,144.28,,,20241200,20250300,20250300
2024-11-05 11:00:00,144.26,,,20241200,20250300,20250300
2024-11-05 12:00:00,144.26,,,20241200,20250300,20250300
2024-11-05 14:00:00,144.28,,,20241200,20250300,20250300
2024-11-05 15:00:00,144.26,,,20241200,20250300,20250300
2024-11-05 16:00:00,144.24,,,20241200,20250300,20250300
2024-11-05 18:00:00,144.31,,,20241200,20250300,20250300
2024-11-05 19:00:00,144.35,,,20241200,20250300,20250300
2024-11-05 20:00:00,144.36,,,20241200,20250300,20250300
2024-11-05 23:00:00,144.46,,,20241200,20250300,20250300
2024-11-06 00:00:00,144.25,,,20241200,20250300,20250300
2024-11-06 01:00:00,144.22,,,20241200,20250300,20250300
2024-11-06 02:00:00,144.14,,,20241200,20250300,20250300
2024-11-06 03:00:00,143.65,,,20241200,20250300,20250300
2024-11-06 04:00:00,143.84,,,20241200,20250300,20250300
2024-11-06 05:00:00,143.76,,,20241200,20250300,20250300
2024-11-06 06:00:00,143.79,143.13,143.13,20241200,20250300,20250300
2024-11-06 07:00:00,143.85,,,20241200,20250300,20250300
2024-11-06 08:00:00,143.84,,,20241200,20250300,20250300
2024-11-06 09:00:00,143.78,,,20241200,20250300,20250300
2024-11-06 10:00:00,143.74,,,20241200,20250300,20250300
2024-11-06 11:00:00,143.64,,,20241200,20250300,20250300
2024-11-06 12:00:00,143.68,,,20241200,20250300,20250300
2024-11-06 13:00:00,143.7,,,20241200,20250300,20250300
2024-11-06 14:00:00,143.67,,,20241200,20250300,20250300
2024-11-06 15:00:00,143.69,,,20241200,20250300,20250300
2024-11-06 16:00:00,143.73,,,20241200,20250300,20250300
2024-11-06 17:00:00,143.69,,,20241200,20250300,20250300
2024-11-06 18:00:00,143.76,,,20241200,20250300,20250300
2024-11-06 19:00:00,143.77,,,20241200,20250300,20250300
2024-11-06 20:00:00,143.71,,,20241200,20250300,20250300
2024-11-06 23:00:00,143.65,,,20241200,20250300,20250300
2024-11-07 00:00:00,143.59,,,20241200,20250300,20250300
2024-11-07 01:00:00,143.59,,,20241200,20250300,20250300
2024-11-07 02:00:00,143.56,,,20241200,20250300,20250300
2024-11-07 03:00:00,143.52,,,20241200,20250300,20250300
2024-11-07 04:00:00,143.49,,,20241200,20250300,20250300
2024-11-07 05:00:00,143.52,,,20241200,20250300,20250300
2024-11-07 06:00:00,143.52,142.89,142.89,20241200,20250300,20250300
2024-11-07 07:00:00,143.55,,,20241200,20250300,20250300
2024-11-07 08:00:00,143.58,,,20241200,20250300,20250300
2024-11-07 09:00:00,143.54,,,20241200,20250300,20250300
2024-11-07 10:00:00,143.53,,,20241200,20250300,20250300
2024-11-07 11:00:00,143.44,,,20241200,20250300,20250300
2024-11-07 12:00:00,143.49,,,20241200,20250300,20250300
2024-11-07 13:00:00,143.53,,,20241200,20250300,20250300
2024-11-07 14:00:00,143.65,,,20241200,20250300,20250300
2024-11-07 15:00:00,143.7,,,20241200,20250300,20250300
2024-11-07 16:00:00,143.67,,,20241200,20250300,20250300
2024-11-07 17:00:00,143.69,,,20241200,20250300,20250300
2024-11-07 18:00:00,143.74,,,20241200,20250300,20250300
2024-11-07 19:00:00,143.7,,,20241200,20250300,20250300
2024-11-07 20:00:00,143.68,,,20241200,20250300,20250300
2024-11-07 23:00:00,143.72,,,20241200,20250300,20250300
2024-11-08 00:00:00,143.71,,,20241200,20250300,20250300
2024-11-08 01:00:00,143.66,,,20241200,20250300,20250300
2024-11-08 02:00:00,143.69,,,20241200,20250300,20250300
2024-11-08 03:00:00,143.7,,,20241200,20250300,20250300
2024-11-08 04:00:00,143.65,,,20241200,20250300,20250300
2024-11-08 05:00:00,143.57,,,20241200,20250300,20250300
2024-11-08 06:00:00,143.55,142.98,142.98,20241200,20250300,20250300
2024-11-08 07:00:00,143.59,,,20241200,20250300,20250300
2024-11-08 08:00:00,143.56,,,20241200,20250300,20250300
2024-11-08 09:00:00,143.67,,,20241200,20250300,20250300
2024-11-08 10:00:00,143.67,,,20241200,20250300,20250300
2024-11-08 12:00:00,143.69,,,20241200,20250300,20250300
2024-11-08 13:00:00,143.64,,,20241200,20250300,20250300
2024-11-08 14:00:00,143.7,,,20241200,20250300,20250300
2024-11-08 15:00:00,143.74,,,20241200,20250300,20250300
2024-11-08 16:00:00,143.67,,,20241200,20250300,20250300
2024-11-08 17:00:00,143.66,,,20241200,20250300,20250300
2024-11-08 18:00:00,143.69,,,20241200,20250300,20250300
2024-11-08 19:00:00,143.67,,,20241200,20250300,20250300
2024-11-08 20:00:00,143.68,,,20241200,20250300,20250300
2024-11-10 23:00:00,143.66,,,20241200,20250300,20250300
2024-11-11 00:00:00,143.64,,,20241200,20250300,20250300
2024-11-11 01:00:00,143.6,,,20241200,20250300,20250300
2024-11-11 02:00:00,143.61,,,20241200,20250300,20250300
2024-11-11 03:00:00,143.64,,,20241200,20250300,20250300
2024-11-11 04:00:00,143.64,,,20241200,20250300,20250300
2024-11-11 05:00:00,143.65,,,20241200,20250300,20250300
2024-11-11 06:00:00,143.61,142.95,142.95,20241200,20250300,20250300
2024-11-11 07:00:00,143.64,,,20241200,20250300,20250300
2024-11-11 08:00:00,143.62,,,20241200,20250300,20250300
2024-11-11 09:00:00,143.64,,,20241200,20250300,20250300
2024-11-11 10:00:00,143.63,,,20241200,20250300,20250300
2024-11-11 11:00:00,143.6,,,20241200,20250300,20250300
2024-11-11 12:00:00,143.58,,,20241200,20250300,20250300
2024-11-11 14:00:00,143.58,,,20241200,20250300,20250300
2024-11-11 15:00:00,143.6,,,20241200,20250300,20250300
2024-11-11 16:00:00,143.62,,,20241200,20250300,20250300
2024-11-11 17:00:00,143.61,,,20241200,20250300,20250300
2024-11-11 23:00:00,143.68,,,20241200,20250300,20250300
2024-11-12 00:00:00,143.64,,,20241200,20250300,20250300
2024-11-12 01:00:00,143.59,,,20241200,20250300,20250300
2024-11-12 02:00:00,143.61,,,20241200,20250300,20250300
2024-11-12 03:00:00,143.6,,,20241200,20250300,20250300
2024-11-12 04:00:00,143.6,,,20241200,20250300,20250300
2024-11-12 05:00:00,143.53,,,20241200,20250300,20250300
2024-11-12 06:00:00,143.51,142.81,142.81,20241200,20250300,20250300
2024-11-12 07:00:00,143.45,,,20241200,20250300,20250300
2024-11-12 08:00:00,143.46,,,20241200,20250300,20250300
2024-11-12 09:00:00,143.48,,,20241200,20250300,20250300
2024-11-12 10:00:00,143.47,,,20241200,20250300,20250300
2024-11-12 11:00:00,143.48,,,20241200,20250300,20250300
2024-11-12 13:00:00,143.42,,,20241200,20250300,20250300
2024-11-12 14:00:00,143.44,,,20241200,20250300,20250300
2024-11-12 15:00:00,143.43,,,20241200,20250300,20250300
2024-11-12 16:00:00,143.36,,,20241200,20250300,20250300
2024-11-12 17:00:00,143.25,,,20241200,20250300,20250300
2024-11-12 18:00:00,143.26,,,20241200,20250300,20250300
2024-11-12 20:00:00,143.2,,,20241200,20250300,20250300
2024-11-12 23:00:00,143.19,,,20241200,20250300,20250300
2024-11-13 00:00:00,143.17,,,20241200,20250300,20250300
2024-11-13 01:00:00,143.18,,,20241200,20250300,20250300
2024-11-13 02:00:00,143.16,,,20241200,20250300,20250300
2024-11-13 03:00:00,143.09,,,20241200,20250300,20250300
2024-11-13 04:00:00,143.16,,,20241200,20250300,20250300
2024-11-13 05:00:00,143.13,,,20241200,20250300,20250300
2024-11-13 06:00:00,143.11,142.51,142.51,20241200,20250300,20250300
2024-11-13 07:00:00,143.1,,,20241200,20250300,20250300
2024-11-13 08:00:00,143.18,,,20241200,20250300,20250300
2024-11-13 09:00:00,143.21,,,20241200,20250300,20250300
2024-11-13 10:00:00,143.18,,,20241200,20250300,20250300
2024-11-13 11:00:00,143.2,,,20241200,20250300,20250300
2024-11-13 12:00:00,143.2,,,20241200,20250300,20250300
2024-11-13 13:00:00,143.26,,,20241200,20250300,20250300
2024-11-13 14:00:00,143.28,,,20241200,20250300,20250300
2024-11-13 15:00:00,143.19,,,20241200,20250300,20250300
2024-11-13 16:00:00,143.22,,,20241200,20250300,20250300
2024-11-13 18:00:00,143.1,,,20241200,20250300,20250300
2024-11-13 20:00:00,143.12,,,20241200,20250300,20250300
2024-11-13 23:00:00,143.0,,,20241200,20250300,20250300
2024-11-14 00:00:00,142.99,,,20241200,20250300,20250300
2024-11-14 01:00:00,143.01,,,20241200,20250300,20250300
2024-11-14 02:00:00,142.97,,,20241200,20250300,20250300
2024-11-14 03:00:00,142.97,,,20241200,20250300,20250300
2024-11-14 04:00:00,142.98,,,20241200,20250300,20250300
2024-11-14 05:00:00,142.98,,,20241200,20250300,20250300
2024-11-14 06:00:00,142.96,142.3,142.3,20241200,20250300,20250300
2024-11-14 07:00:00,142.97,,,20241200,20250300,20250300
2024-11-14 08:00:00,142.98,,,20241200,20250300,20250300
2024-11-14 09:00:00,142.91,,,20241200,20250300,20250300
2024-11-14 10:00:00,142.93,,,20241200,20250300,20250300
2024-11-14 11:00:00,142.94,,,20241200,20250300,20250300
2024-11-14 12:00:00,142.93,,,20241200,20250300,20250300
2024-11-14 13:00:00,142.94,,,20241200,20250300,20250300
2024-11-14 14:00:00,142.95,,,20241200,20250300,20250300
2024-11-14 15:00:00,142.96,,,20241200,20250300,20250300
2024-11-14 16:00:00,143.0,,,20241200,20250300,20250300
2024-11-14 20:00:00,142.95,,,20241200,20250300,20250300
2024-11-14 23:00:00,142.84,,,20241200,20250300,20250300
2024-11-15 00:00:00,142.84,,,20241200,20250300,20250300
2024-11-15 01:00:00,142.78,,,20241200,20250300,20250300
2024-11-15 02:00:00,142.79,,,20241200,20250300,20250300
2024-11-15 03:00:00,142.73,,,20241200,20250300,20250300
2024-11-15 04:00:00,142.77,,,20241200,20250300,20250300
2024-11-15 05:00:00,142.83,,,20241200,20250300,20250300
2024-11-15 06:00:00,142.83,142.18,142.18,20241200,20250300,20250300
2024-11-15 07:00:00,142.84,,,20241200,20250300,20250300
2024-11-15 08:00:00,142.87,,,20241200,20250300,20250300
2024-11-15 09:00:00,142.86,,,20241200,20250300,20250300
2024-11-15 12:00:00,142.82,,,20241200,20250300,20250300
2024-11-15 13:00:00,142.82,,,20241200,20250300,20250300
2024-11-15 14:00:00,142.79,,,20241200,20250300,20250300
2024-11-15 15:00:00,142.83,,,20241200,20250300,20250300
2024-11-15 16:00:00,142.78,,,20241200,20250300,20250300
2024-11-15 17:00:00,142.85,,,20241200,20250300,20250300
2024-11-15 18:00:00,142.91,,,20241200,20250300,20250300
2024-11-15 19:00:00,142.88,,,20241200,20250300,20250300
2024-11-15 20:00:00,142.68,,,20241200,20250300,20250300
2024-11-17 23:00:00,142.74,,,20241200,20250300,20250300
2024-11-18 00:00:00,142.78,,,20241200,20250300,20250300
2024-11-18 01:00:00,142.86,,,20241200,20250300,20250300
2024-11-18 02:00:00,142.89,,,20241200,20250300,20250300
2024-11-18 03:00:00,142.94,,,20241200,20250300,20250300
2024-11-18 04:00:00,142.9,,,20241200,20250300,20250300
2024-11-18 05:00:00,142.82,,,20241200,20250300,20250300
2024-11-18 06:00:00,142.86,142.22,142.22,20241200,20250300,20250300
2024-11-18 07:00:00,142.83,,,20241200,20250300,20250300
2024-11-18 08:00:00,142.8,,,20241200,20250300,20250300
2024-11-18 09:00:00,142.85,,,20241200,20250300,20250300
2024-11-18 10:00:00,142.79,,,20241200,20250300,20250300
2024-11-18 11:00:00,142.76,,,20241200,20250300,20250300
2024-11-18 12:00:00,142.75,,,20241200,20250300,20250300
2024-11-18 13:00:00,142.78,,,20241200,20250300,20250300
2024-11-18 14:00:00,142.77,,,20241200,20250300,20250300
2024-11-18 15:00:00,142.79,,,20241200,20250300,20250300
2024-11-18 16:00:00,142.82,,,20241200,20250300,20250300
2024-11-18 17:00:00,142.85,,,20241200,20250300,20250300
2024-11-18 18:00:00,142.87,,,20241200,20250300,20250300
2024-11-18 19:00:00,142.87,,,20241200,20250300,20250300
2024-11-18 20:00:00,142.7,,,20241200,20250300,20250300
2024-11-18 23:00:00,142.88,,,20241200,20250300,20250300
2024-11-19 00:00:00,142.9,,,20241200,20250300,20250300
2024-11-19 01:00:00,142.91,,,20241200,20250300,20250300
2024-11-19 02:00:00,142.96,,,20241200,20250300,20250300
2024-11-19 03:00:00,142.89,,,20241200,20250300,20250300
2024-11-19 04:00:00,142.9,,,20241200,20250300,20250300
2024-11-19 05:00:00,142.88,,,20241200,20250300,20250300
2024-11-19 06:00:00,142.88,142.35,142.35,20241200,20250300,20250300
2024-11-19 07:00:00,142.92,,,20241200,20250300,20250300
2024-11-19 08:00:00,143.05,,,20241200,20250300,20250300
2024-11-19 09:00:00,143.1,,,20241200,20250300,20250300
2024-11-19 10:00:00,143.14,,,20241200,20250300,20250300
2024-11-19 11:00:00,143.06,,,20241200,20250300,20250300
2024-11-19 13:00:00,143.16,,,20241200,20250300,20250300
2024-11-19 14:00:00,143.07,,,20241200,20250300,20250300
2024-11-19 15:00:00,143.1,,,20241200,20250300,20250300
2024-11-19 16:00:00,143.08,,,20241200,20250300,20250300
2024-11-19 17:00:00,143.1,,,20241200,20250300,20250300
2024-11-19 18:00:00,143.08,,,20241200,20250300,20250300
2024-11-19 19:00:00,143.1,,,20241200,20250300,20250300
2024-11-19 23:00:00,142.97,,,20241200,20250300,20250300
2024-11-20 00:00:00,142.96,,,20241200,20250300,20250300
2024-11-20 01:00:00,142.94,,,20241200,20250300,20250300
2024-11-20 02:00:00,142.94,,,20241200,20250300,20250300
2024-11-20 03:00:00,142.9,,,20241200,20250300,20250300
2024-11-20 04:00:00,142.85,,,20241200,20250300,20250300
2024-11-20 05:00:00,142.86,,,20241200,20250300,20250300
2024-11-20 06:00:00,142.79,142.13,142.13,20241200,20250300,20250300
2024-11-20 07:00:00,142.79,,,20241200,20250300,20250300
2024-11-20 08:00:00,142.81,,,20241200,20250300,20250300
2024-11-20 09:00:00,142.79,,,20241200,20250300,20250300
2024-11-20 10:00:00,142.81,,,20241200,20250300,20250300
2024-11-20 14:00:00,142.79,,,20241200,20250300,20250300
2024-11-20 15:00:00,142.86,,,20241200,20250300,20250300
2024-11-20 16:00:00,142.86,,,20241200,20250300,20250300
2024-11-20 18:00:00,142.83,,,20241200,20250300,20250300
2024-11-20 23:00:00,142.74,,,20241200,20250300,20250300
2024-11-21 00:00:00,142.74,,,20241200,20250300,20250300
2024-11-21 01:00:00,142.77,,,20241200,20250300,20250300
2024-11-21 02:00:00,142.76,,,20241200,20250300,20250300
2024-11-21 03:00:00,142.79,,,20241200,20250300,20250300
2024-11-21 04:00:00,142.75,,,20241200,20250300,20250300
2024-11-21 05:00:00,142.57,141.98,141.98,20241200,20250300,20250300
2024-11-21 06:00:00,142.63,142.07,142.07,20241200,20250300,20250300
2024-11-21 07:00:00,142.61,,,20241200,20250300,20250300
2024-11-21 08:00:00,142.62,,,20241200,20250300,20250300
2024-11-21 09:00:00,142.68,,,20241200,20250300,20250300
2024-11-21 10:00:00,142.66,,,20241200,20250300,20250300
2024-11-21 12:00:00,142.63,,,20241200,20250300,20250300
2024-11-21 13:00:00,142.66,,,20241200,20250300,20250300
2024-11-21 14:00:00,142.66,,,20241200,20250300,20250300
2024-11-21 15:00:00,142.63,,,20241200,20250300,20250300
2024-11-21 16:00:00,142.63,142.02,142.02,20241200,20250300,20250300
2024-11-21 17:00:00,142.64,,,20241200,20250300,20250300
2024-11-21 18:00:00,142.59,,,20241200,20250300,20250300
2024-11-21 19:00:00,142.59,,,20241200,20250300,20250300
2024-11-21 23:00:00,142.52,,,20241200,20250300,20250300
2024-11-22 00:00:00,142.59,,,20241200,20250300,20250300
2024-11-22 01:00:00,142.61,,,20241200,20250300,20250300
2024-11-22 02:00:00,142.64,,,20241200,20250300,20250300
2024-11-22 03:00:00,142.71,,,20241200,20250300,20250300
2024-11-22 04:00:00,142.7,,,20241200,20250300,20250300
2024-11-22 05:00:00,142.69,,,20241200,20250300,20250300
2024-11-22 06:00:00,142.69,142.23,142.23,20241200,20250300,20250300
2024-11-22 07:00:00,142.72,,,20241200,20250300,20250300
2024-11-22 08:00:00,142.81,,,20241200,20250300,20250300
2024-11-22 09:00:00,142.85,,,20241200,20250300,20250300
2024-11-22 10:00:00,142.85,,,20241200,20250300,20250300
2024-11-22 12:00:00,142.88,,,20241200,20250300,20250300
2024-11-22 14:00:00,142.79,,,20241200,20250300,20250300
2024-11-22 15:00:00,142.77,,,20241200,20250300,20250300
2024-11-22 16:00:00,142.83,,,20241200,20250300,20250300
2024-11-22 17:00:00,142.83,,,20241200,20250300,20250300
2024-11-22 18:00:00,142.82,,,20241200,20250300,20250300
2024-11-22 19:00:00,142.83,,,20241200,20250300,20250300
2024-11-22 20:00:00,142.9,,,20241200,20250300,20250300
2024-11-24 23:00:00,142.85,,,20241200,20250300,20250300
2024-11-25 00:00:00,142.77,,,20241200,20250300,20250300
2024-11-25 01:00:00,142.8,,,20241200,20250300,20250300
2024-11-25 02:00:00,142.78,,,20241200,20250300,20250300
2024-11-25 03:00:00,142.79,,,20241200,20250300,20250300
2024-11-25 04:00:00,142.79,,,20241200,20250300,20250300
2024-11-25 05:00:00,142.81,142.18,142.18,20241200,20250300,20250300
2024-11-25 06:00:00,142.9,142.29,142.29,20241200,20250300,20250300
2024-11-25 07:00:00,142.88,,,20241200,20250300,20250300
2024-11-25 08:00:00,142.89,,,20241200,20250300,20250300
2024-11-25 09:00:00,142.87,,,20241200,20250300,20250300
2024-11-25 10:00:00,142.87,,,20241200,20250300,20250300
2024-11-25 12:00:00,142.88,,,20241200,20250300,20250300
2024-11-25 13:00:00,142.92,142.25,142.25,20241200,20250300,20250300
2024-11-25 15:00:00,142.97,,,20241200,20250300,20250300
2024-11-25 16:00:00,142.95,,,20241200,20250300,20250300
2024-11-25 18:00:00,142.98,,,20241200,20250300,20250300
2024-11-25 19:00:00,142.98,142.25,142.25,20241200,20250300,20250300
2024-11-25 23:00:00,142.92,,,20241200,20250300,20250300
2024-11-26 00:00:00,142.96,,,20241200,20250300,20250300
2024-11-26 01:00:00,142.96,,,20241200,20250300,20250300
2024-11-26 02:00:00,142.96,,,20241200,20250300,20250300
2024-11-26 03:00:00,142.98,,,20241200,20250300,20250300
2024-11-26 04:00:00,142.98,,,20241200,20250300,20250300
2024-11-26 05:00:00,142.92,,,20241200,20250300,20250300
2024-11-26 06:00:00,142.81,142.21,142.21,20241200,20250300,20250300
2024-11-26 07:00:00,142.26,,,20250300,20250600,20250600
2024-11-26 09:00:00,142.19,,,20250300,20250600,20250600
2024-11-26 20:00:00,142.25,,,20250300,20250600,20250600
2024-11-27 04:00:00,142.15,,,20250300,20250600,20250600
2024-11-27 05:00:00,142.15,,,20250300,20250600,20250600
2024-11-27 06:00:00,142.25,141.69,141.69,20250300,20250600,20250600
2024-11-27 10:00:00,142.34,,,20250300,20250600,20250600
2024-11-28 06:00:00,142.42,141.86,141.86,20250300,20250600,20250600
2024-11-28 07:00:00,142.42,,,20250300,20250600,20250600
2024-11-28 11:00:00,142.38,,,20250300,20250600,20250600
2024-11-28 14:00:00,142.43,,,20250300,20250600,20250600
2024-11-29 06:00:00,142.51,141.95,141.95,20250300,20250600,20250600
2024-11-29 09:00:00,142.51,,,20250300,20250600,20250600
2024-11-29 10:00:00,142.51,,,20250300,20250600,20250600
2024-11-29 18:00:00,142.27,,,20250300,20250600,20250600
2024-12-02 06:00:00,142.25,141.69,141.69,20250300,20250600,20250600
2024-12-02 07:00:00,142.22,,,20250300,20250600,20250600
2024-12-02 09:00:00,142.25,,,20250300,20250600,20250600
2024-12-02 14:00:00,142.2,,,20250300,20250600,20250600
2024-12-02 15:00:00,142.2,,,20250300,20250600,20250600
2024-12-02 16:00:00,142.2,,,20250300,20250600,20250600
2024-12-02 20:00:00,142.21,,,20250300,20250600,20250600
2024-12-03 05:00:00,142.2,,,20250300,20250600,20250600
2024-12-03 06:00:00,142.2,141.64,141.64,20250300,20250600,20250600
2024-12-03 07:00:00,142.2,,,20250300,20250600,20250600
2024-12-03 08:00:00,142.23,,,20250300,20250600,20250600
2024-12-03 15:00:00,142.34,,,20250300,20250600,20250600
2024-12-03 23:00:00,142.22,,,20250300,20250600,20250600
2024-12-04 01:00:00,142.22,,,20250300,20250600,20250600
2024-12-04 03:00:00,142.49,,,20250300,20250600,20250600
2024-12-04 05:00:00,142.51,,,20250300,20250600,20250600
2024-12-04 06:00:00,142.5,141.9,141.9,20250300,20250600,20250600
2024-12-04 07:00:00,142.46,,,20250300,20250600,20250600
2024-12-04 09:00:00,142.41,,,20250300,20250600,20250600
2024-12-04 10:00:00,142.43,,,20250300,20250600,20250600
2024-12-04 13:00:00,142.34,,,20250300,20250600,20250600
2024-12-04 14:00:00,142.38,,,20250300,20250600,20250600
2024-12-04 15:00:00,142.44,,,20250300,20250600,20250600
2024-12-04 16:00:00,142.45,,,20250300,20250600,20250600
2024-12-04 17:00:00,142.45,,,20250300,20250600,20250600
2024-12-04 18:00:00,142.5,,,20250300,20250600,20250600
2024-12-05 03:00:00,142.42,,,20250300,20250600,20250600
2024-12-05 04:00:00,142.42,,,20250300,20250600,20250600
2024-12-05 05:00:00,142.31,,,20250300,20250600,20250600
2024-12-05 06:00:00,142.28,141.72,141.72,20250300,20250600,20250600
2024-12-05 07:00:00,142.31,,,20250300,20250600,20250600
2024-12-05 08:00:00,142.31,,,20250300,20250600,20250600
2024-12-05 09:00:00,142.31,,,20250300,20250600,20250600
2024-12-05 10:00:00,142.25,,,20250300,20250600,20250600
2024-12-05 12:00:00,142.25,,,20250300,20250600,20250600
2024-12-05 13:00:00,142.25,,,20250300,20250600,20250600
2024-12-05 14:00:00,142.27,,,20250300,20250600,20250600
2024-12-05 15:00:00,142.27,,,20250300,20250600,20250600
2024-12-05 16:00:00,142.24,,,20250300,20250600,20250600
2024-12-05 23:00:00,142.3,,,20250300,20250600,20250600
2024-12-06 00:00:00,142.3,,,20250300,20250600,20250600
2024-12-06 01:00:00,142.35,,,20250300,20250600,20250600
2024-12-06 02:00:00,142.35,,,20250300,20250600,20250600
2024-12-06 03:00:00,142.39,,,20250300,20250600,20250600
2024-12-06 04:00:00,142.42,,,20250300,20250600,20250600
2024-12-06 05:00:00,142.43,,,20250300,20250600,20250600
2024-12-06 06:00:00,142.45,141.94,141.94,20250300,20250600,20250600
2024-12-06 07:00:00,142.46,,,20250300,20250600,20250600
2024-12-06 08:00:00,142.46,,,20250300,20250600,20250600
2024-12-06 09:00:00,142.49,,,20250300,20250600,20250600
2024-12-06 10:00:00,142.48,,,20250300,20250600,20250600
2024-12-06 11:00:00,142.48,,,20250300,20250600,20250600
2024-12-06 13:00:00,142.55,,,20250300,20250600,20250600
2024-12-06 14:00:00,142.55,,,20250300,20250600,20250600
2024-12-06 15:00:00,142.48,,,20250300,20250600,20250600
2024-12-06 16:00:00,142.49,,,20250300,20250600,20250600
2024-12-06 17:00:00,142.46,,,20250300,20250600,20250600
2024-12-06 18:00:00,142.47,,,20250300,20250600,20250600
2024-12-06 19:00:00,142.46,,,20250300,20250600,20250600
2024-12-06 20:00:00,142.46,,,20250300,20250600,20250600
2024-12-08 23:00:00,142.5,,,20250300,20250600,20250600
2024-12-09 00:00:00,142.62,,,20250300,20250600,20250600
2024-12-09 01:00:00,142.65,,,20250300,20250600,20250600
2024-12-09 02:00:00,142.66,,,20250300,20250600,20250600
2024-12-09 03:00:00,142.62,,,20250300,20250600,20250600
2024-12-09 04:00:00,142.58,,,20250300,20250600,20250600
2024-12-09 05:00:00,142.57,,,20250300,20250600,20250600
2024-12-09 06:00:00,142.5,141.94,141.94,20250300,20250600,20250600
2024-12-09 07:00:00,142.56,,,20250300,20250600,20250600
2024-12-09 08:00:00,142.48,,,20250300,20250600,20250600
2024-12-09 09:00:00,142.48,,,20250300,20250600,20250600
2024-12-09 10:00:00,142.48,,,20250300,20250600,20250600
2024-12-09 11:00:00,142.47,,,20250300,20250600,20250600
2024-12-09 12:00:00,142.47,,,20250300,20250600,20250600
2024-12-09 13:00:00,142.47,,,20250300,20250600,20250600
2024-12-09 14:00:00,142.46,,,20250300,20250600,20250600
2024-12-09 15:00:00,142.44,,,20250300,20250600,20250600
2024-12-09 16:00:00,142.44,,,20250300,20250600,20250600
2024-12-09 18:00:00,142.41,,,20250300,20250600,20250600
2024-12-09 19:00:00,142.41,,,20250300,20250600,20250600
2024-12-09 20:00:00,142.41,,,20250300,20250600,20250600
2024-12-09 23:00:00,142.35,,,20250300,20250600,20250600
2024-12-10 00:00:00,142.31,,,20250300,20250600,20250600
2024-12-10 01:00:00,142.28,,,20250300,20250600,20250600
2024-12-10 02:00:00,142.27,,,20250300,20250600,20250600
2024-12-10 03:00:00,142.36,,,20250300,20250600,20250600
2024-12-10 04:00:00,142.39,,,20250300,20250600,20250600
2024-12-10 05:00:00,142.4,,,20250300,20250600,20250600
2024-12-10 06:00:00,142.39,141.75,141.75,20250300,20250600,20250600
2024-12-10 07:00:00,142.35,,,20250300,20250600,20250600
2024-12-10 08:00:00,142.31,,,20250300,20250600,20250600
2024-12-10 09:00:00,142.33,,,20250300,20250600,20250600
2024-12-10 10:00:00,142.34,,,20250300,20250600,20250600
2024-12-10 11:00:00,142.26,,,20250300,20250600,20250600
2024-12-10 12:00:00,142.27,,,20250300,20250600,20250600
2024-12-10 13:00:00,142.27,,,20250300,20250600,20250600
2024-12-10 14:00:00,142.28,,,20250300,20250600,20250600
2024-12-10 15:00:00,142.23,,,20250300,20250600,20250600
2024-12-10 16:00:00,142.24,,,20250300,20250600,20250600
2024-12-10 17:00:00,142.25,,,20250300,20250600,20250600
2024-12-10 18:00:00,142.27,,,20250300,20250600,20250600
2024-12-10 19:00:00,142.31,,,20250300,20250600,20250600
2024-12-10 23:00:00,142.28,,,20250300,20250600,20250600
2024-12-11 00:00:00,142.31,,,20250300,20250600,20250600
2024-12-11 01:00:00,142.28,,,20250300,20250600,20250600
2024-12-11 02:00:00,142.29,,,20250300,20250600,20250600
2024-12-11 03:00:00,142.26,,,20250300,20250600,20250600
2024-12-11 04:00:00,142.29,,,20250300,20250600,20250600
2024-12-11 05:00:00,142.32,,,20250300,20250600,20250600
2024-12-11 06:00:00,142.25,141.69,141.69,20250300,20250600,20250600
2024-12-11 07:00:00,142.27,,,20250300,20250600,20250600
2024-12-11 08:00:00,142.3,,,20250300,20250600,20250600
2024-12-11 09:00:00,142.33,,,20250300,20250600,20250600
2024-12-11 10:00:00,142.33,,,20250300,20250600,20250600
2024-12-11 11:00:00,142.32,,,20250300,20250600,20250600
2024-12-11 13:00:00,142.34,,,20250300,20250600,20250600
2024-12-11 14:00:00,142.35,,,20250300,20250600,20250600
2024-12-11 15:00:00,142.28,,,20250300,20250600,20250600
2024-12-11 16:00:00,142.3,,,20250300,20250600,20250600
2024-12-11 18:00:00,142.3,,,20250300,20250600,20250600
2024-12-11 19:00:00,142.24,,,20250300,20250600,20250600
2024-12-11 23:00:00,142.24,,,20250300,20250600,20250600
2024-12-12 00:00:00,142.18,,,20250300,20250600,20250600
2024-12-12 01:00:00,142.17,,,20250300,20250600,20250600
2024-12-12 02:00:00,142.17,,,20250300,20250600,20250600
2024-12-12 03:00:00,142.24,,,20250300,20250600,20250600
2024-12-12 04:00:00,142.25,,,20250300,20250600,20250600
2024-12-12 05:00:00,142.42,,,20250300,20250600,20250600
2024-12-12 06:00:00,142.47,141.84,141.84,20250300,20250600,20250600
2024-12-12 08:00:00,142.42,,,20250300,20250600,20250600
2024-12-12 09:00:00,142.44,,,20250300,20250600,20250600
2024-12-12 10:00:00,142.41,,,20250300,20250600,20250600
2024-12-12 11:00:00,142.42,,,20250300,20250600,20250600
2024-12-12 12:00:00,142.4,,,20250300,20250600,20250600
2024-12-12 13:00:00,142.47,,,20250300,20250600,20250600
2024-12-12 14:00:00,142.44,,,20250300,20250600,20250600
2024-12-12 15:00:00,142.44,,,20250300,20250600,20250600
2024-12-12 16:00:00,142.44,,,20250300,20250600,20250600
2024-12-12 17:00:00,142.37,,,20250300,20250600,20250600
2024-12-12 19:00:00,142.32,,,20250300,20250600,20250600
2024-12-12 20:00:00,142.34,,,20250300,20250600,20250600
2024-12-12 23:00:00,142.4,,,20250300,20250600,20250600
2024-12-13 00:00:00,142.52,,,20250300,20250600,20250600
2024-12-13 01:00:00,142.54,,,20250300,20250600,20250600
2024-12-13 02:00:00,142.52,,,20250300,20250600,20250600
2024-12-13 03:00:00,142.55,,,20250300,20250600,20250600
2024-12-13 04:00:00,142.53,,,20250300,20250600,20250600
2024-12-13 05:00:00,142.59,,,20250300,20250600,20250600
2024-12-13 06:00:00,142.52,141.96,141.96,20250300,20250600,20250600
2024-12-13 07:00:00,142.55,,,20250300,20250600,20250600
2024-12-13 08:00:00,142.51,,,20250300,20250600,20250600
2024-12-13 09:00:00,142.52,,,20250300,20250600,20250600
2024-12-13 10:00:00,142.48,,,20250300,20250600,20250600
2024-12-13 11:00:00,142.46,,,20250300,20250600,20250600
2024-12-13 13:00:00,142.47,,,20250300,20250600,20250600
2024-12-13 14:00:00,142.46,,,20250300,20250600,20250600
2024-12-13 15:00:00,142.45,,,20250300,20250600,20250600
2024-12-13 16:00:00,142.42,,,20250300,20250600,20250600
2024-12-13 17:00:00,142.4,,,20250300,20250600,20250600
2024-12-13 18:00:00,142.4,,,20250300,20250600,20250600
2024-12-13 19:00:00,142.4,,,20250300,20250600,20250600
2024-12-13 20:00:00,142.37,,,20250300,20250600,20250600
2024-12-15 23:00:00,142.41,,,20250300,20250600,20250600
2024-12-16 00:00:00,142.4,,,20250300,20250600,20250600
2024-12-16 01:00:00,142.41,,,20250300,20250600,20250600
2024-12-16 02:00:00,142.42,,,20250300,20250600,20250600
2024-12-16 03:00:00,142.36,,,20250300,20250600,20250600
2024-12-16 04:00:00,142.31,,,20250300,20250600,20250600
2024-12-16 05:00:00,142.34,,,20250300,20250600,20250600
2024-12-16 06:00:00,142.31,141.71,141.71,20250300,20250600,20250600
2024-12-16 07:00:00,142.31,,,20250300,20250600,20250600
2024-12-16 08:00:00,142.27,,,20250300,20250600,20250600
2024-12-16 09:00:00,142.28,,,20250300,20250600,20250600
2024-12-16 10:00:00,142.29,,,20250300,20250600,20250600
2024-12-16 12:00:00,142.3,,,20250300,20250600,20250600
2024-12-16 14:00:00,142.25,,,20250300,20250600,20250600
2024-12-16 15:00:00,142.22,,,20250300,20250600,20250600
2024-12-16 16:00:00,142.21,,,20250300,20250600,20250600
2024-12-16 23:00:00,142.22,,,20250300,20250600,20250600
2024-12-17 00:00:00,142.29,,,20250300,20250600,20250600
2024-12-17 01:00:00,142.32,,,20250300,20250600,20250600
2024-12-17 02:00:00,142.33,,,20250300,20250600,20250600
2024-12-17 03:00:00,142.27,,,20250300,20250600,20250600
2024-12-17 04:00:00,142.25,,,20250300,20250600,20250600
2024-12-17 05:00:00,142.23,,,20250300,20250600,20250600
2024-12-17 06:00:00,142.15,141.59,141.59,20250300,20250600,20250600
2024-12-17 07:00:00,142.18,,,20250300,20250600,20250600
2024-12-17 08:00:00,142.14,,,20250300,20250600,20250600
2024-12-17 09:00:00,142.11,,,20250300,20250600,20250600
2024-12-17 10:00:00,142.09,,,20250300,20250600,20250600
2024-12-17 11:00:00,142.06,,,20250300,20250600,20250600
2024-12-17 12:00:00,142.08,,,20250300,20250600,20250600
2024-12-17 13:00:00,142.14,,,20250300,20250600,20250600
2024-12-17 14:00:00,142.22,,,20250300,20250600,20250600
2024-12-17 15:00:00,142.21,,,20250300,20250600,20250600
2024-12-17 16:00:00,142.22,,,20250300,20250600,20250600
2024-12-17 17:00:00,142.24,,,20250300,20250600,20250600
2024-12-17 19:00:00,142.21,,,20250300,20250600,20250600
2024-12-17 20:00:00,142.21,,,20250300,20250600,20250600
2024-12-17 23:00:00,142.24,,,20250300,20250600,20250600
2024-12-18 00:00:00,142.35,,,20250300,20250600,20250600
2024-12-18 01:00:00,142.33,,,20250300,20250600,20250600
2024-12-18 02:00:00,142.33,,,20250300,20250600,20250600
2024-12-18 03:00:00,142.32,,,20250300,20250600,20250600
2024-12-18 04:00:00,142.33,,,20250300,20250600,20250600
2024-12-18 05:00:00,142.37,,,20250300,20250600,20250600
2024-12-18 06:00:00,142.31,141.75,141.75,20250300,20250600,20250600
2024-12-18 07:00:00,142.36,,,20250300,20250600,20250600
2024-12-18 08:00:00,142.33,,,20250300,20250600,20250600
2024-12-18 09:00:00,142.27,,,20250300,20250600,20250600
2024-12-18 10:00:00,142.27,,,20250300,20250600,20250600
2024-12-18 11:00:00,142.3,,,20250300,20250600,20250600
2024-12-18 12:00:00,142.28,,,20250300,20250600,20250600
2024-12-18 13:00:00,142.27,,,20250300,20250600,20250600
2024-12-18 14:00:00,142.32,,,20250300,20250600,20250600
2024-12-18 15:00:00,142.3,,,20250300,20250600,20250600
2024-12-18 16:00:00,142.3,,,20250300,20250600,20250600
2024-12-18 17:00:00,142.32,,,20250300,20250600,20250600
2024-12-18 18:00:00,142.3,,,20250300,20250600,20250600
2024-12-18 19:00:00,141.97,,,20250300,20250600,20250600
2024-12-18 20:00:00,141.85,,,20250300,20250600,20250600
2024-12-18 23:00:00,141.97,,,20250300,20250600,20250600
2024-12-19 00:00:00,141.96,,,20250300,20250600,20250600
2024-12-19 01:00:00,142.04,,,20250300,20250600,20250600
2024-12-19 02:00:00,142.15,,,20250300,20250600,20250600
2024-12-19 03:00:00,142.14,,,20250300,20250600,20250600
2024-12-19 04:00:00,142.22,,,20250300,20250600,20250600
2024-12-19 05:00:00,142.16,,,20250300,20250600,20250600
2024-12-19 06:00:00,142.35,141.79,141.79,20250300,20250600,20250600
2024-12-19 07:00:00,142.41,,,20250300,20250600,20250600
2024-12-19 08:00:00,142.34,,,20250300,20250600,20250600
2024-12-19 09:00:00,142.35,,,20250300,20250600,20250600
2024-12-19 10:00:00,142.36,,,20250300,20250600,20250600
2024-12-19 11:00:00,142.36,,,20250300,20250600,20250600
2024-12-19 12:00:00,142.35,,,20250300,20250600,20250600
2024-12-19 13:00:00,142.31,,,20250300,20250600,20250600
2024-12-19 14:00:00,142.3,,,20250300,20250600,20250600
2024-12-19 15:00:00,142.29,,,20250300,20250600,20250600
2024-12-19 16:00:00,142.29,,,20250300,20250600,20250600
2024-12-19 17:00:00,142.25,,,20250300,20250600,20250600
2024-12-19 18:00:00,142.26,,,20250300,20250600,20250600
2024-12-19 19:00:00,142.24,,,20250300,20250600,20250600
2024-12-19 23:00:00,142.44,,,20250300,20250600,20250600
2024-12-20 00:00:00,142.57,,,20250300,20250600,20250600
2024-12-20 01:00:00,142.58,,,20250300,20250600,20250600
2024-12-20 02:00:00,142.59,,,20250300,20250600,20250600
2024-12-20 03:00:00,142.6,,,20250300,20250600,20250600
2024-12-20 04:00:00,142.53,,,20250300,20250600,20250600
2024-12-20 05:00:00,142.48,,,20250300,20250600,20250600
2024-12-20 06:00:00,142.48,141.87,141.87,20250300,20250600,20250600
2024-12-20 07:00:00,142.43,,,20250300,20250600,20250600
2024-12-20 08:00:00,142.42,,,20250300,20250600,20250600
2024-12-20 09:00:00,142.42,,,20250300,20250600,20250600
2024-12-20 10:00:00,142.46,,,20250300,20250600,20250600
2024-12-20 13:00:00,142.58,,,20250300,20250600,20250600
2024-12-20 14:00:00,142.57,,,20250300,20250600,20250600
2024-12-20 15:00:00,142.53,,,20250300,20250600,20250600
2024-12-20 16:00:00,142.55,,,20250300,20250600,20250600
2024-12-20 17:00:00,142.59,,,20250300,20250600,20250600
2024-12-20 19:00:00,142.58,,,20250300,20250600,20250600
2024-12-20 20:00:00,142.54,,,20250300,20250600,20250600
2024-12-22 23:00:00,142.55,,,20250300,20250600,20250600
2024-12-23 00:00:00,142.45,,,20250300,20250600,20250600
2024-12-23 01:00:00,142.46,,,20250300,20250600,20250600
2024-12-23 02:00:00,142.47,,,20250300,20250600,20250600
2024-12-23 03:00:00,142.47,,,20250300,20250600,20250600
2024-12-23 04:00:00,142.42,,,20250300,20250600,20250600
2024-12-23 05:00:00,142.34,,,20250300,20250600,20250600
2024-12-23 06:00:00,142.27,141.71,141.71,20250300,20250600,20250600
2024-12-23 07:00:00,142.32,,,20250300,20250600,20250600
2024-12-23 08:00:00,142.29,,,20250300,20250600,20250600
2024-12-23 09:00:00,142.28,,,20250300,20250600,20250600
2024-12-23 10:00:00,142.3,,,20250300,20250600,20250600
2024-12-23 11:00:00,142.3,,,20250300,20250600,20250600
2024-12-23 12:00:00,142.27,,,20250300,20250600,20250600
2024-12-23 13:00:00,142.24,,,20250300,20250600,20250600
2024-12-23 14:00:00,142.26,,,20250300,20250600,20250600
2024-12-23 15:00:00,142.28,,,20250300,20250600,20250600
2024-12-23 17:00:00,142.23,,,20250300,20250600,20250600
2024-12-23 18:00:00,142.2,,,20250300,20250600,20250600
2024-12-23 20:00:00,142.21,,,20250300,20250600,20250600
2024-12-23 23:00:00,142.22,,,20250300,20250600,20250600
2024-12-24 00:00:00,142.26,,,20250300,20250600,20250600
2024-12-24 01:00:00,142.26,,,20250300,20250600,20250600
2024-12-24 02:00:00,142.24,,,20250300,20250600,20250600
2024-12-24 03:00:00,142.18,,,20250300,20250600,20250600
2024-12-24 04:00:00,142.15,,,20250300,20250600,20250600
2024-12-24 05:00:00,142.21,,,20250300,20250600,20250600
2024-12-24 06:00:00,142.19,141.61,141.61,20250300,20250600,20250600
2024-12-24 07:00:00,142.19,,,20250300,20250600,20250600
2024-12-24 08:00:00,142.18,,,20250300,20250600,20250600
2024-12-24 09:00:00,142.13,,,20250300,20250600,20250600
2024-12-24 10:00:00,142.14,,,20250300,20250600,20250600
2024-12-24 11:00:00,142.13,,,20250300,20250600,20250600
2024-12-24 12:00:00,142.14,,,20250300,20250600,20250600
2024-12-24 13:00:00,142.1,,,20250300,20250600,20250600
2024-12-24 14:00:00,142.13,,,20250300,20250600,20250600
2024-12-24 16:00:00,142.17,,,20250300,20250600,20250600
2024-12-24 17:00:00,142.2,,,20250300,20250600,20250600
2024-12-24 23:00:00,142.25,,,20250300,20250600,20250600
2024-12-25 00:00:00,142.27,,,20250300,20250600,20250600
2024-12-25 01:00:00,142.31,,,20250300,20250600,20250600
2024-12-25 03:00:00,142.2,,,20250300,20250600,20250600
2024-12-25 04:00:00,142.29,,,20250300,20250600,20250600
2024-12-25 05:00:00,142.23,,,20250300,20250600,20250600
2024-12-25 06:00:00,142.24,141.65,141.65,20250300,20250600,20250600
2024-12-25 07:00:00,142.18,,,20250300,20250600,20250600
2024-12-25 09:00:00,142.2,,,20250300,20250600,20250600
2024-12-25 10:00:00,142.19,,,20250300,20250600,20250600
2024-12-25 11:00:00,142.18,,,20250300,20250600,20250600
2024-12-25 13:00:00,142.14,,,20250300,20250600,20250600
2024-12-25 17:00:00,142.18,,,20250300,20250600,20250600
2024-12-25 23:00:00,142.15,,,20250300,20250600,20250600
2024-12-26 00:00:00,142.06,,,20250300,20250600,20250600
2024-12-26 01:00:00,142.09,,,20250300,20250600,20250600
2024-12-26 03:00:00,141.94,,,20250300,20250600,20250600
2024-12-26 04:00:00,141.88,,,20250300,20250600,20250600
2024-12-26 05:00:00,141.9,,,20250300,20250600,20250600
2024-12-26 06:00:00,141.9,141.34,141.34,20250300,20250600,20250600
2024-12-26 07:00:00,141.92,,,20250300,20250600,20250600
2024-12-26 08:00:00,141.89,,,20250300,20250600,20250600
2024-12-26 09:00:00,141.87,,,20250300,20250600,20250600
2024-12-26 10:00:00,141.89,,,20250300,20250600,20250600
2024-12-26 11:00:00,141.92,,,20250300,20250600,20250600
2024-12-26 12:00:00,141.94,,,20250300,20250600,20250600
2024-12-26 13:00:00,141.95,,,20250300,20250600,20250600
2024-12-26 14:00:00,141.94,,,20250300,20250600,20250600
2024-12-26 17:00:00,141.95,,,20250300,20250600,20250600
2024-12-26 18:00:00,142.0,,,20250300,20250600,20250600
2024-12-26 23:00:00,142.06,,,20250300,20250600,20250600
2024-12-27 00:00:00,141.98,,,20250300,20250600,20250600
2024-12-27 01:00:00,141.97,,,20250300,20250600,20250600
2024-12-27 02:00:00,141.96,,,20250300,20250600,20250600
2024-12-27 03:00:00,141.98,,,20250300,20250600,20250600
2024-12-27 04:00:00,141.88,,,20250300,20250600,20250600
2024-12-27 05:00:00,141.85,,,20250300,20250600,20250600
2024-12-27 06:00:00,141.82,141.21,141.21,20250300,20250600,20250600
2024-12-27 07:00:00,141.75,,,20250300,20250600,20250600
2024-12-27 08:00:00,141.77,,,20250300,20250600,20250600
2024-12-27 09:00:00,141.76,,,20250300,20250600,20250600
2024-12-27 10:00:00,141.75,,,20250300,20250600,20250600
2024-12-27 11:00:00,141.74,,,20250300,20250600,20250600
2024-12-27 12:00:00,141.77,,,20250300,20250600,20250600
2024-12-27 14:00:00,141.83,,,20250300,20250600,20250600
2024-12-27 15:00:00,141.81,,,20250300,20250600,20250600
2024-12-27 16:00:00,141.76,,,20250300,20250600,20250600
2024-12-27 17:00:00,141.73,,,20250300,20250600,20250600
2024-12-27 18:00:00,141.73,,,20250300,20250600,20250600
2024-12-27 19:00:00,141.72,,,20250300,20250600,20250600
2024-12-27 20:00:00,141.69,,,20250300,20250600,20250600
2024-12-29 23:00:00,141.71,,,20250300,20250600,20250600
2024-12-30 00:00:00,141.77,,,20250300,20250600,20250600
2024-12-30 01:00:00,141.75,,,20250300,20250600,20250600
2024-12-30 02:00:00,141.75,,,20250300,20250600,20250600
2024-12-30 03:00:00,141.82,,,20250300,20250600,20250600
2024-12-30 04:00:00,141.87,,,20250300,20250600,20250600
2024-12-30 05:00:00,141.87,,,20250300,20250600,20250600
2024-12-30 06:00:00,141.95,141.46,141.46,20250300,20250600,20250600
2024-12-30 07:00:00,141.98,,,20250300,20250600,20250600
2024-12-30 08:00:00,142.04,,,20250300,20250600,20250600
2024-12-30 09:00:00,142.02,,,20250300,20250600,20250600
2024-12-30 10:00:00,141.99,,,20250300,20250600,20250600
2024-12-30 12:00:00,141.99,,,20250300,20250600,20250600
2024-12-30 13:00:00,142.04,,,20250300,20250600,20250600
2024-12-30 14:00:00,142.06,,,20250300,20250600,20250600
2024-12-30 15:00:00,142.12,,,20250300,20250600,20250600
2024-12-30 16:00:00,142.1,,,20250300,20250600,20250600
2024-12-30 17:00:00,142.06,,,20250300,20250600,20250600
2024-12-30 19:00:00,142.06,,,20250300,20250600,20250600
2024-12-30 20:00:00,142.07,,,20250300,20250600,20250600
2024-12-31 00:00:00,142.01,,,20250300,20250600,20250600
2024-12-31 01:00:00,141.97,,,20250300,20250600,20250600
2024-12-31 02:00:00,141.95,,,20250300,20250600,20250600
2024-12-31 03:00:00,141.99,,,20250300,20250600,20250600
2024-12-31 04:00:00,142.17,,,20250300,20250600,20250600
2024-12-31 05:00:00,142.18,,,20250300,20250600,20250600
2024-12-31 06:00:00,142.16,141.58,141.58,20250300,20250600,20250600
2024-12-31 08:00:00,142.15,,,20250300,20250600,20250600
2024-12-31 09:00:00,142.14,,,20250300,20250600,20250600
2024-12-31 10:00:00,142.02,,,20250300,20250600,20250600
2024-12-31 15:00:00,142.15,,,20250300,20250600,20250600
2024-12-31 20:00:00,142.12,,,20250300,20250600,20250600
2025-01-01 23:00:00,142.09,,,20250300,20250600,20250600
2025-01-02 00:00:00,141.99,,,20250300,20250600,20250600
2025-01-02 01:00:00,142.0,,,20250300,20250600,20250600
2025-01-02 02:00:00,142.01,,,20250300,20250600,20250600
2025-01-02 04:00:00,142.02,,,20250300,20250600,20250600
2025-01-02 05:00:00,141.99,,,20250300,20250600,20250600
2025-01-02 06:00:00,142.01,141.45,141.45,20250300,20250600,20250600
2025-01-02 07:00:00,142.02,,,20250300,20250600,20250600
2025-01-02 08:00:00,142.0,,,20250300,20250600,20250600
2025-01-02 10:00:00,142.07,,,20250300,20250600,20250600
2025-01-02 12:00:00,142.04,,,20250300,20250600,20250600
2025-01-02 13:00:00,142.05,,,20250300,20250600,20250600
2025-01-02 14:00:00,142.08,,,20250300,20250600,20250600
2025-01-02 15:00:00,142.06,,,20250300,20250600,20250600
2025-01-02 16:00:00,142.08,,,20250300,20250600,20250600
2025-01-02 17:00:00,141.99,,,20250300,20250600,20250600
2025-01-02 18:00:00,141.98,,,20250300,20250600,20250600
2025-01-03 00:00:00,142.04,,,20250300,20250600,20250600
2025-01-03 03:00:00,142.07,,,20250300,20250600,20250600
2025-01-03 05:00:00,142.07,,,20250300,20250600,20250600
2025-01-03 06:00:00,142.01,141.45,141.45,20250300,20250600,20250600
2025-01-03 07:00:00,142.04,,,20250300,20250600,20250600
2025-01-03 09:00:00,141.94,,,20250300,20250600,20250600
2025-01-03 10:00:00,142.1,,,20250300,20250600,20250600
2025-01-03 14:00:00,142.08,,,20250300,20250600,20250600
2025-01-03 15:00:00,142.05,,,20250300,20250600,20250600
2025-01-03 16:00:00,142.05,,,20250300,20250600,20250600
2025-01-03 17:00:00,142.05,,,20250300,20250600,20250600
2025-01-03 18:00:00,142.07,,,20250300,20250600,20250600
2025-01-03 19:00:00,142.07,,,20250300,20250600,20250600
2025-01-03 20:00:00,142.09,,,20250300,20250600,20250600
2025-01-05 23:00:00,141.75,,,20250300,20250600,20250600
2025-01-06 00:00:00,141.71,,,20250300,20250600,20250600
2025-01-06 01:00:00,141.75,,,20250300,20250600,20250600
2025-01-06 02:00:00,141.76,,,20250300,20250600,20250600
2025-01-06 03:00:00,141.76,,,20250300,20250600,20250600
2025-01-06 04:00:00,141.74,,,20250300,20250600,20250600
2025-01-06 05:00:00,141.62,,,20250300,20250600,20250600
2025-01-06 06:00:00,141.5,140.94,140.94,20250300,20250600,20250600
2025-01-06 07:00:00,141.57,,,20250300,20250600,20250600
2025-01-06 08:00:00,141.47,,,20250300,20250600,20250600
2025-01-06 09:00:00,141.49,,,20250300,20250600,20250600
2025-01-06 10:00:00,141.52,,,20250300,20250600,20250600
2025-01-06 11:00:00,141.62,,,20250300,20250600,20250600
2025-01-06 12:00:00,141.61,,,20250300,20250600,20250600
2025-01-06 13:00:00,141.58,,,20250300,20250600,20250600
2025-01-06 14:00:00,141.5,,,20250300,20250600,20250600
2025-01-06 15:00:00,141.5,,,20250300,20250600,20250600
2025-01-06 16:00:00,141.55,,,20250300,20250600,20250600
2025-01-06 17:00:00,141.57,,,20250300,20250600,20250600
2025-01-06 18:00:00,141.54,,,20250300,20250600,20250600
2025-01-06 19:00:00,141.52,,,20250300,20250600,20250600
2025-01-06 23:00:00,141.48,,,20250300,20250600,20250600
2025-01-07 00:00:00,141.51,,,20250300,20250600,20250600
2025-01-07 01:00:00,141.53,,,20250300,20250600,20250600
2025-01-07 03:00:00,141.62,,,20250300,20250600,20250600
2025-01-07 04:00:00,141.61,,,20250300,20250600,20250600
2025-01-07 05:00:00,141.58,,,20250300,20250600,20250600
2025-01-07 06:00:00,141.53,140.97,140.97,20250300,20250600,20250600
2025-01-07 07:00:00,141.58,,,20250300,20250600,20250600
2025-01-07 08:00:00,141.54,,,20250300,20250600,20250600
2025-01-07 09:00:00,141.53,,,20250300,20250600,20250600
2025-01-07 10:00:00,141.56,,,20250300,20250600,20250600
2025-01-07 12:00:00,141.52,,,20250300,20250600,20250600
2025-01-07 13:00:00,141.52,,,20250300,20250600,20250600
2025-01-07 14:00:00,141.52,,,20250300,20250600,20250600
2025-01-07 15:00:00,141.39,,,20250300,20250600,20250600
2025-01-07 16:00:00,141.37,,,20250300,20250600,20250600
2025-01-07 19:00:00,141.36,,,20250300,20250600,20250600
2025-01-07 20:00:00,141.37,,,20250300,20250600,20250600
2025-01-07 23:00:00,141.22,,,20250300,20250600,20250600
2025-01-08 00:00:00,141.25,,,20250300,20250600,20250600
2025-01-08 01:00:00,141.27,,,20250300,20250600,20250600
2025-01-08 02:00:00,141.28,,,20250300,20250600,20250600
2025-01-08 03:00:00,141.2,,,20250300,20250600,20250600
2025-01-08 04:00:00,141.3,,,20250300,20250600,20250600
2025-01-08 05:00:00,141.23,,,20250300,20250600,20250600
2025-01-08 06:00:00,141.25,140.69,140.69,20250300,20250600,20250600
2025-01-08 07:00:00,141.27,,,20250300,20250600,20250600
2025-01-08 08:00:00,141.25,,,20250300,20250600,20250600
2025-01-08 09:00:00,141.24,,,20250300,20250600,20250600
2025-01-08 10:00:00,141.25,,,20250300,20250600,20250600
2025-01-08 11:00:00,141.13,,,20250300,20250600,20250600
2025-01-08 12:00:00,141.1,,,20250300,20250600,20250600
2025-01-08 13:00:00,141.17,,,20250300,20250600,20250600
2025-01-08 14:00:00,141.19,,,20250300,20250600,20250600
2025-01-08 15:00:00,141.23,,,20250300,20250600,20250600
2025-01-08 16:00:00,141.22,,,20250300,20250600,20250600
2025-01-08 17:00:00,141.18,,,20250300,20250600,20250600
2025-01-08 18:00:00,141.13,,,20250300,20250600,20250600
2025-01-08 19:00:00,141.17,,,20250300,20250600,20250600
2025-01-08 20:00:00,141.07,,,20250300,20250600,20250600
2025-01-08 23:00:00,141.12,,,20250300,20250600,20250600
2025-01-09 00:00:00,141.25,,,20250300,20250600,20250600
2025-01-09 01:00:00,141.25,,,20250300,20250600,20250600
2025-01-09 02:00:00,141.24,,,20250300,20250600,20250600
2025-01-09 03:00:00,141.24,,,20250300,20250600,20250600
2025-01-09 04:00:00,141.21,,,20250300,20250600,20250600
2025-01-09 05:00:00,141.28,,,20250300,20250600,20250600
2025-01-09 06:00:00,141.33,140.61,140.61,20250300,20250600,20250600
2025-01-09 07:00:00,141.25,,,20250300,20250600,20250600
2025-01-09 08:00:00,141.21,,,20250300,20250600,20250600
2025-01-09 09:00:00,141.17,,,20250300,20250600,20250600
2025-01-09 10:00:00,141.18,,,20250300,20250600,20250600
2025-01-09 11:00:00,141.2,,,20250300,20250600,20250600
2025-01-09 12:00:00,141.25,,,20250300,20250600,20250600
2025-01-09 13:00:00,141.24,,,20250300,20250600,20250600
2025-01-09 14:00:00,141.24,,,20250300,20250600,20250600
2025-01-09 15:00:00,141.22,,,20250300,20250600,20250600
2025-01-09 16:00:00,141.22,,,20250300,20250600,20250600
2025-01-09 18:00:00,141.19,,,20250300,20250600,20250600
2025-01-09 21:00:00,141.51,,,20250300,20250600,20250600
2025-01-09 23:00:00,141.23,,,20250300,20250600,20250600
2025-01-10 00:00:00,141.19,,,20250300,20250600,20250600
2025-01-10 01:00:00,141.19,,,20250300,20250600,20250600
2025-01-10 02:00:00,141.23,,,20250300,20250600,20250600
2025-01-10 03:00:00,141.24,,,20250300,20250600,20250600
2025-01-10 04:00:00,141.17,,,20250300,20250600,20250600
2025-01-10 05:00:00,141.07,,,20250300,20250600,20250600
2025-01-10 06:00:00,141.06,140.28,140.28,20250300,20250600,20250600
2025-01-10 07:00:00,141.08,,,20250300,20250600,20250600
2025-01-10 08:00:00,140.92,,,20250300,20250600,20250600
2025-01-10 09:00:00,140.86,,,20250300,20250600,20250600
2025-01-10 10:00:00,140.86,,,20250300,20250600,20250600
2025-01-10 11:00:00,140.85,,,20250300,20250600,20250600
2025-01-10 12:00:00,140.9,,,20250300,20250600,20250600
2025-01-10 13:00:00,140.58,,,20250300,20250600,20250600
2025-01-10 14:00:00,140.63,,,20250300,20250600,20250600
2025-01-10 15:00:00,140.57,,,20250300,20250600,20250600
2025-01-10 16:00:00,140.64,,,20250300,20250600,20250600
2025-01-10 20:00:00,140.58,,,20250300,20250600,20250600
2025-01-12 23:00:00,140.43,,,20250300,20250600,20250600
2025-01-13 00:00:00,140.5,,,20250300,20250600,20250600
2025-01-13 01:00:00,140.45,,,20250300,20250600,20250600
2025-01-13 02:00:00,140.46,,,20250300,20250600,20250600
2025-01-13 03:00:00,140.44,,,20250300,20250600,20250600
2025-01-13 04:00:00,140.46,,,20250300,20250600,20250600
2025-01-13 05:00:00,140.49,,,20250300,20250600,20250600
2025-01-13 06:00:00,140.48,139.96,139.96,20250300,20250600,20250600
2025-01-13 07:00:00,140.51,,,20250300,20250600,20250600
2025-01-13 08:00:00,140.51,,,20250300,20250600,20250600
2025-01-13 09:00:00,140.6,,,20250300,20250600,20250600
2025-01-13 10:00:00,140.52,,,20250300,20250600,20250600
2025-01-13 11:00:00,140.6,,,20250300,20250600,20250600
2025-01-13 15:00:00,140.54,,,20250300,20250600,20250600
2025-01-13 19:00:00,140.53,,,20250300,20250600,20250600
2025-01-13 20:00:00,140.6,,,20250300,20250600,20250600
2025-01-13 21:00:00,140.39,,,20250300,20250600,20250600
2025-01-13 23:00:00,140.58,,,20250300,20250600,20250600
2025-01-14 00:00:00,140.58,,,20250300,20250600,20250600
2025-01-14 01:00:00,140.6,,,20250300,20250600,20250600
2025-01-14 02:00:00,140.61,,,20250300,20250600,20250600
2025-01-14 03:00:00,140.56,,,20250300,20250600,20250600
2025-01-14 04:00:00,140.55,,,20250300,20250600,20250600
2025-01-14 05:00:00,140.65,,,20250300,20250600,20250600
2025-01-14 06:00:00,140.72,140.16,140.16,20250300,20250600,20250600
2025-01-14 07:00:00,140.7,,,20250300,20250600,20250600
2025-01-14 08:00:00,140.74,,,20250300,20250600,20250600
2025-01-14 09:00:00,140.72,,,20250300,20250600,20250600
2025-01-14 10:00:00,140.69,,,20250300,20250600,20250600
2025-01-14 11:00:00,140.73,,,20250300,20250600,20250600
2025-01-14 12:00:00,140.67,,,20250300,20250600,20250600
2025-01-14 13:00:00,140.76,,,20250300,20250600,20250600
2025-01-14 14:00:00,140.67,,,20250300,20250600,20250600
2025-01-14 15:00:00,140.66,,,20250300,20250600,20250600
2025-01-14 16:00:00,140.67,,,20250300,20250600,20250600
2025-01-14 17:00:00,140.65,,,20250300,20250600,20250600
2025-01-14 18:00:00,140.66,,,20250300,20250600,20250600
2025-01-14 19:00:00,140.65,,,20250300,20250600,20250600
2025-01-14 20:00:00,140.66,,,20250300,20250600,20250600
2025-01-14 23:00:00,140.7,,,20250300,20250600,20250600
2025-01-15 00:00:00,140.76,,,20250300,20250600,20250600
2025-01-15 01:00:00,140.7,,,20250300,20250600,20250600
2025-01-15 02:00:00,140.69,,,20250300,20250600,20250600
2025-01-15 03:00:00,140.71,,,20250300,20250600,20250600
2025-01-15 04:00:00,140.63,,,20250300,20250600,20250600
2025-01-15 05:00:00,140.56,,,20250300,20250600,20250600
2025-01-15 06:00:00,140.58,140.05,140.05,20250300,20250600,20250600
2025-01-15 07:00:00,140.62,,,20250300,20250600,20250600
2025-01-15 08:00:00,140.6,,,20250300,20250600,20250600
2025-01-15 09:00:00,140.59,,,20250300,20250600,20250600
2025-01-15 10:00:00,140.59,,,20250300,20250600,20250600
2025-01-15 11:00:00,140.61,,,20250300,20250600,20250600
2025-01-15 12:00:00,140.59,,,20250300,20250600,20250600
2025-01-15 13:00:00,140.84,,,20250300,20250600,20250600
2025-01-15 14:00:00,140.86,,,20250300,20250600,20250600
2025-01-15 15:00:00,140.9,,,20250300,20250600,20250600
2025-01-15 16:00:00,140.87,,,20250300,20250600,20250600
2025-01-15 20:00:00,140.92,,,20250300,20250600,20250600
2025-01-15 23:00:00,140.87,,,20250300,20250600,20250600
2025-01-16 00:00:00,140.85,,,20250300,20250600,20250600
2025-01-16 01:00:00,140.77,,,20250300,20250600,20250600
2025-01-16 02:00:00,140.79,,,20250300,20250600,20250600
2025-01-16 03:00:00,140.84,,,20250300,20250600,20250600
2025-01-16 04:00:00,140.92,,,20250300,20250600,20250600
2025-01-16 05:00:00,141.04,,,20250300,20250600,20250600
2025-01-16 06:00:00,141.13,140.42,140.42,20250300,20250600,20250600
2025-01-16 07:00:00,141.06,,,20250300,20250600,20250600
2025-01-16 08:00:00,140.99,,,20250300,20250600,20250600
2025-01-16 09:00:00,141.02,,,20250300,20250600,20250600
2025-01-16 10:00:00,141.07,,,20250300,20250600,20250600
2025-01-16 11:00:00,141.04,,,20250300,20250600,20250600
2025-01-16 12:00:00,141.01,,,20250300,20250600,20250600
2025-01-16 13:00:00,141.0,,,20250300,20250600,20250600
2025-01-16 14:00:00,141.04,,,20250300,20250600,20250600
2025-01-16 15:00:00,141.12,,,20250300,20250600,20250600
2025-01-16 16:00:00,141.17,,,20250300,20250600,20250600
2025-01-16 19:00:00,141.21,,,20250300,20250600,20250600
2025-01-16 23:00:00,141.21,,,20250300,20250600,20250600
2025-01-17 00:00:00,141.19,,,20250300,20250600,20250600
2025-01-17 01:00:00,141.2,,,20250300,20250600,20250600
2025-01-17 02:00:00,141.18,,,20250300,20250600,20250600
2025-01-17 03:00:00,141.07,,,20250300,20250600,20250600
2025-01-17 04:00:00,141.06,,,20250300,20250600,20250600
2025-01-17 05:00:00,141.0,,,20250300,20250600,20250600
2025-01-17 06:00:00,140.99,140.44,140.44,20250300,20250600,20250600
2025-01-17 07:00:00,141.05,,,20250300,20250600,20250600
2025-01-17 08:00:00,141.04,,,20250300,20250600,20250600
2025-01-17 09:00:00,141.0,,,20250300,20250600,20250600
2025-01-17 10:00:00,141.03,,,20250300,20250600,20250600
2025-01-17 11:00:00,141.05,,,20250300,20250600,20250600
2025-01-17 12:00:00,141.05,,,20250300,20250600,20250600
2025-01-17 13:00:00,141.05,,,20250300,20250600,20250600
2025-01-17 14:00:00,141.01,,,20250300,20250600,20250600
2025-01-17 15:00:00,141.01,,,20250300,20250600,20250600
2025-01-17 16:00:00,140.97,,,20250300,20250600,20250600
2025-01-17 17:00:00,141.01,,,20250300,20250600,20250600
2025-01-17 18:00:00,141.03,,,20250300,20250600,20250600
2025-01-17 19:00:00,141.03,,,20250300,20250600,20250600
2025-01-17 20:00:00,141.14,,,20250300,20250600,20250600
2025-01-19 23:00:00,140.97,,,20250300,20250600,20250600
2025-01-20 00:00:00,141.07,,,20250300,20250600,20250600
2025-01-20 01:00:00,141.09,,,20250300,20250600,20250600
2025-01-20 02:00:00,141.08,,,20250300,20250600,20250600
2025-01-20 03:00:00,141.1,,,20250300,20250600,20250600
2025-01-20 04:00:00,141.11,,,20250300,20250600,20250600
2025-01-20 05:00:00,141.07,,,20250300,20250600,20250600
2025-01-20 06:00:00,141.11,140.49,140.49,20250300,20250600,20250600
2025-01-20 07:00:00,141.09,,,20250300,20250600,20250600
2025-01-20 08:00:00,141.07,,,20250300,20250600,20250600
2025-01-20 09:00:00,141.05,,,20250300,20250600,20250600
2025-01-20 10:00:00,141.04,,,20250300,20250600,20250600
2025-01-20 11:00:00,141.03,,,20250300,20250600,20250600
2025-01-20 12:00:00,141.03,,,20250300,20250600,20250600
2025-01-20 13:00:00,141.09,,,20250300,20250600,20250600
2025-01-20 14:00:00,141.1,,,20250300,20250600,20250600
2025-01-20 15:00:00,141.1,,,20250300,20250600,20250600
2025-01-20 17:00:00,141.09,,,20250300,20250600,20250600
2025-01-20 23:00:00,141.16,,,20250300,20250600,20250600
2025-01-21 00:00:00,141.17,,,20250300,20250600,20250600
2025-01-21 01:00:00,141.16,,,20250300,20250600,20250600
2025-01-21 03:00:00,141.17,,,20250300,20250600,20250600
2025-01-21 04:00:00,141.15,,,20250300,20250600,20250600
2025-01-21 05:00:00,141.14,,,20250300,20250600,20250600
2025-01-21 06:00:00,141.13,140.6,140.6,20250300,20250600,20250600
2025-01-21 07:00:00,141.13,,,20250300,20250600,20250600
2025-01-21 08:00:00,141.16,,,20250300,20250600,20250600
2025-01-21 09:00:00,141.14,,,20250300,20250600,20250600
2025-01-21 10:00:00,141.15,,,20250300,20250600,20250600
2025-01-21 11:00:00,141.1,,,20250300,20250600,20250600
2025-01-21 12:00:00,141.15,,,20250300,20250600,20250600
2025-01-21 13:00:00,141.14,,,20250300,20250600,20250600
2025-01-21 14:00:00,141.11,,,20250300,20250600,20250600
2025-01-21 15:00:00,141.16,,,20250300,20250600,20250600
2025-01-21 16:00:00,141.12,,,20250300,20250600,20250600
2025-01-21 20:00:00,141.18,,,20250300,20250600,20250600
2025-01-21 21:00:00,141.09,,,20250300,20250600,20250600
2025-01-21 23:00:00,141.23,,,20250300,20250600,20250600
2025-01-22 00:00:00,141.08,,,20250300,20250600,20250600
2025-01-22 01:00:00,141.04,,,20250300,20250600,20250600
2025-01-22 02:00:00,141.01,,,20250300,20250600,20250600
2025-01-22 03:00:00,140.94,,,20250300,20250600,20250600
2025-01-22 04:00:00,140.97,,,20250300,20250600,20250600
2025-01-22 05:00:00,140.99,,,20250300,20250600,20250600
2025-01-22 06:00:00,141.03,140.52,140.52,20250300,20250600,20250600
2025-01-22 07:00:00,141.06,,,20250300,20250600,20250600
2025-01-22 08:00:00,141.08,,,20250300,20250600,20250600
2025-01-22 09:00:00,141.11,,,20250300,20250600,20250600
2025-01-22 10:00:00,141.11,,,20250300,20250600,20250600
2025-01-22 12:00:00,141.12,,,20250300,20250600,20250600
2025-01-22 13:00:00,141.14,,,20250300,20250600,20250600
2025-01-22 14:00:00,141.07,,,20250300,20250600,20250600
2025-01-22 15:00:00,141.09,,,20250300,20250600,20250600
2025-01-22 16:00:00,141.02,,,20250300,20250600,20250600
2025-01-22 17:00:00,141.01,,,20250300,20250600,20250600
2025-01-22 18:00:00,141.01,,,20250300,20250600,20250600
2025-01-22 19:00:00,141.02,,,20250300,20250600,20250600
2025-01-22 20:00:00,141.02,,,20250300,20250600,20250600
2025-01-22 23:00:00,141.09,,,20250300,20250600,20250600
2025-01-23 00:00:00,141.04,,,20250300,20250600,20250600
2025-01-23 01:00:00,141.0,,,20250300,20250600,20250600
2025-01-23 02:00:00,141.0,,,20250300,20250600,20250600
2025-01-23 03:00:00,140.96,140.89,140.89,20250300,20250600,20250600
2025-01-23 04:00:00,140.94,,,20250300,20250600,20250600
2025-01-23 05:00:00,140.92,,,20250300,20250600,20250600
2025-01-23 06:00:00,140.95,140.82,140.82,20250300,20250600,20250600
2025-01-23 07:00:00,140.99,,,20250300,20250600,20250600
2025-01-23 08:00:00,140.95,,,20250300,20250600,20250600
2025-01-23 09:00:00,140.93,,,20250300,20250600,20250600
2025-01-23 10:00:00,140.92,,,20250300,20250600,20250600
2025-01-23 11:00:00,140.92,,,20250300,20250600,20250600
2025-01-23 12:00:00,140.87,,,20250300,20250600,20250600
2025-01-23 13:00:00,140.9,,,20250300,20250600,20250600
2025-01-23 14:00:00,140.9,,,20250300,20250600,20250600
2025-01-23 15:00:00,140.84,,,20250300,20250600,20250600
2025-01-23 16:00:00,140.87,,,20250300,20250600,20250600
2025-01-23 23:00:00,140.92,,,20250300,20250600,20250600
2025-01-24 00:00:00,140.82,,,20250300,20250600,20250600
2025-01-24 01:00:00,140.92,,,20250300,20250600,20250600
2025-01-24 02:00:00,140.81,,,20250300,20250600,20250600
2025-01-24 03:00:00,140.75,,,20250300,20250600,20250600
2025-01-24 04:00:00,140.68,,,20250300,20250600,20250600
2025-01-24 05:00:00,140.67,,,20250300,20250600,20250600
2025-01-24 06:00:00,140.8,140.67,140.67,20250300,20250600,20250600
2025-01-24 07:00:00,140.76,,,20250300,20250600,20250600
2025-01-24 08:00:00,140.77,,,20250300,20250600,20250600
2025-01-24 09:00:00,140.8,,,20250300,20250600,20250600
2025-01-24 10:00:00,140.69,,,20250300,20250600,20250600
2025-01-24 11:00:00,140.62,,,20250300,20250600,20250600
2025-01-24 12:00:00,140.6,,,20250300,20250600,20250600
2025-01-24 13:00:00,140.63,,,20250300,20250600,20250600
2025-01-24 14:00:00,140.64,,,20250300,20250600,20250600
2025-01-24 15:00:00,140.72,,,20250300,20250600,20250600
2025-01-24 16:00:00,140.69,,,20250300,20250600,20250600
2025-01-24 17:00:00,140.7,,,20250300,20250600,20250600
2025-01-24 20:00:00,140.65,,,20250300,20250600,20250600
2025-01-26 23:00:00,140.73,,,20250300,20250600,20250600
2025-01-27 00:00:00,140.7,,,20250300,20250600,20250600
2025-01-27 01:00:00,140.82,,,20250300,20250600,20250600
2025-01-27 02:00:00,140.8,,,20250300,20250600,20250600
2025-01-27 03:00:00,140.78,,,20250300,20250600,20250600
2025-01-27 04:00:00,140.78,,,20250300,20250600,20250600
2025-01-27 05:00:00,140.88,,,20250300,20250600,20250600
2025-01-27 06:00:00,141.16,141.03,141.03,20250300,20250600,20250600
2025-01-27 07:00:00,141.07,,,20250300,20250600,20250600
2025-01-27 08:00:00,141.11,,,20250300,20250600,20250600
2025-01-27 09:00:00,141.16,,,20250300,20250600,20250600
2025-01-27 10:00:00,141.3,,,20250300,20250600,20250600
2025-01-27 11:00:00,141.33,,,20250300,20250600,20250600
2025-01-27 12:00:00,141.26,,,20250300,20250600,20250600
2025-01-27 13:00:00,141.27,,,20250300,20250600,20250600
2025-01-27 14:00:00,141.17,,,20250300,20250600,20250600
2025-01-27 15:00:00,141.18,,,20250300,20250600,20250600
2025-01-27 16:00:00,141.19,,,20250300,20250600,20250600
2025-01-27 20:00:00,141.17,,,20250300,20250600,20250600
2025-01-27 23:00:00,141.21,,,20250300,20250600,20250600
2025-01-28 00:00:00,141.16,,,20250300,20250600,20250600
2025-01-28 01:00:00,141.08,,,20250300,20250600,20250600
2025-01-28 02:00:00,141.11,,,20250300,20250600,20250600
2025-01-28 03:00:00,141.17,,,20250300,20250600,20250600
2025-01-28 04:00:00,141.1,,,20250300,20250600,20250600
2025-01-28 05:00:00,141.15,,,20250300,20250600,20250600
2025-01-28 06:00:00,141.12,140.99,140.99,20250300,20250600,20250600
2025-01-28 07:00:00,141.14,,,20250300,20250600,20250600
2025-01-28 08:00:00,141.12,,,20250300,20250600,20250600
2025-01-28 09:00:00,141.11,,,20250300,20250600,20250600
2025-01-28 10:00:00,141.13,,,20250300,20250600,20250600
2025-01-28 11:00:00,141.07,,,20250300,20250600,20250600
2025-01-28 12:00:00,141.06,,,20250300,20250600,20250600
2025-01-28 13:00:00,141.06,,,20250300,20250600,20250600
2025-01-28 14:00:00,141.11,,,20250300,20250600,20250600
2025-01-28 15:00:00,141.15,,,20250300,20250600,20250600
2025-01-28 16:00:00,141.09,,,20250300,20250600,20250600
2025-01-28 17:00:00,141.09,,,20250300,20250600,20250600
2025-01-28 19:00:00,141.1,,,20250300,20250600,20250600
2025-01-28 20:00:00,141.16,,,20250300,20250600,20250600
2025-01-28 23:00:00,141.18,,,20250300,20250600,20250600
2025-01-29 00:00:00,141.21,,,20250300,20250600,20250600
2025-01-29 01:00:00,141.12,,,20250300,20250600,20250600
2025-01-29 02:00:00,141.15,,,20250300,20250600,20250600
2025-01-29 03:00:00,141.17,,,20250300,20250600,20250600
2025-01-29 04:00:00,141.19,,,20250300,20250600,20250600
2025-01-29 05:00:00,141.17,,,20250300,20250600,20250600
2025-01-29 06:00:00,141.16,141.03,141.03,20250300,20250600,20250600
2025-01-29 07:00:00,141.15,,,20250300,20250600,20250600
2025-01-29 08:00:00,141.15,,,20250300,20250600,20250600
2025-01-29 09:00:00,141.13,,,20250300,20250600,20250600
2025-01-29 10:00:00,141.15,,,20250300,20250600,20250600
2025-01-29 12:00:00,141.13,,,20250300,20250600,20250600
2025-01-29 13:00:00,141.12,,,20250300,20250600,20250600
2025-01-29 14:00:00,141.11,,,20250300,20250600,20250600
2025-01-29 15:00:00,141.1,,,20250300,20250600,20250600
2025-01-29 16:00:00,141.0,,,20250300,20250600,20250600
2025-01-29 18:00:00,141.0,,,20250300,20250600,20250600
2025-01-29 19:00:00,141.02,,,20250300,20250600,20250600
2025-01-29 20:00:00,140.97,,,20250300,20250600,20250600
2025-01-29 23:00:00,140.99,,,20250300,20250600,20250600
2025-01-30 00:00:00,140.91,,,20250300,20250600,20250600
2025-01-30 01:00:00,140.88,,,20250300,20250600,20250600
2025-01-30 02:00:00,140.92,,,20250300,20250600,20250600
2025-01-30 03:00:00,140.95,,,20250300,20250600,20250600
2025-01-30 04:00:00,141.01,,,20250300,20250600,20250600
2025-01-30 05:00:00,141.02,,,20250300,20250600,20250600
2025-01-30 06:00:00,140.92,140.83,140.83,20250300,20250600,20250600
2025-01-30 07:00:00,140.92,,,20250300,20250600,20250600
2025-01-30 08:00:00,140.93,,,20250300,20250600,20250600
2025-01-30 09:00:00,140.97,,,20250300,20250600,20250600
2025-01-30 10:00:00,140.97,,,20250300,20250600,20250600
2025-01-30 11:00:00,140.99,,,20250300,20250600,20250600
2025-01-30 12:00:00,141.0,,,20250300,20250600,20250600
2025-01-30 13:00:00,140.99,,,20250300,20250600,20250600
2025-01-30 14:00:00,141.02,,,20250300,20250600,20250600
2025-01-30 15:00:00,140.95,,,20250300,20250600,20250600
2025-01-30 16:00:00,140.98,,,20250300,20250600,20250600
2025-01-30 17:00:00,141.0,,,20250300,20250600,20250600
2025-01-30 18:00:00,140.98,,,20250300,20250600,20250600
2025-01-30 20:00:00,141.0,,,20250300,20250600,20250600
2025-01-30 23:00:00,140.87,,,20250300,20250600,20250600
2025-01-31 00:00:00,140.8,,,20250300,20250600,20250600
2025-01-31 01:00:00,140.83,,,20250300,20250600,20250600
2025-01-31 02:00:00,140.84,,,20250300,20250600,20250600
2025-01-31 03:00:00,140.74,,,20250300,20250600,20250600
2025-01-31 04:00:00,140.74,140.19,140.19,20250300,20250600,20250600
2025-01-31 05:00:00,140.66,,,20250300,20250600,20250600
2025-01-31 06:00:00,140.74,140.22,140.22,20250300,20250600,20250600
2025-01-31 07:00:00,140.69,,,20250300,20250600,20250600
2025-01-31 08:00:00,140.7,,,20250300,20250600,20250600
2025-01-31 09:00:00,140.73,,,20250300,20250600,20250600
2025-01-31 10:00:00,140.71,,,20250300,20250600,20250600
2025-01-31 11:00:00,140.75,,,20250300,20250600,20250600
2025-01-31 12:00:00,140.73,,,20250300,20250600,20250600
2025-01-31 13:00:00,140.72,,,20250300,20250600,20250600
2025-01-31 14:00:00,140.72,,,20250300,20250600,20250600
2025-01-31 15:00:00,140.73,,,20250300,20250600,20250600
2025-01-31 16:00:00,140.73,,,20250300,20250600,20250600
2025-01-31 18:00:00,140.72,,,20250300,20250600,20250600
2025-01-31 19:00:00,140.69,,,20250300,20250600,20250600
2025-01-31 20:00:00,140.66,,,20250300,20250600,20250600
2025-02-02 23:00:00,140.55,,,20250300,20250600,20250600
2025-02-03 00:00:00,140.92,,,20250300,20250600,20250600
2025-02-03 01:00:00,140.92,,,20250300,20250600,20250600
2025-02-03 02:00:00,140.89,,,20250300,20250600,20250600
2025-02-03 03:00:00,140.91,,,20250300,20250600,20250600
2025-02-03 04:00:00,140.8,,,20250300,20250600,20250600
2025-02-03 05:00:00,140.79,,,20250300,20250600,20250600
2025-02-03 06:00:00,140.78,140.11,140.11,20250300,20250600,20250600
2025-02-03 07:00:00,140.74,,,20250300,20250600,20250600
2025-02-03 08:00:00,140.74,,,20250300,20250600,20250600
2025-02-03 09:00:00,140.82,,,20250300,20250600,20250600
2025-02-03 10:00:00,140.81,,,20250300,20250600,20250600
2025-02-03 11:00:00,140.8,,,20250300,20250600,20250600
2025-02-03 12:00:00,140.81,,,20250300,20250600,20250600
2025-02-03 13:00:00,140.79,,,20250300,20250600,20250600
2025-02-03 14:00:00,140.83,,,20250300,20250600,20250600
2025-02-03 15:00:00,140.78,,,20250300,20250600,20250600
2025-02-03 16:00:00,140.77,,,20250300,20250600,20250600
2025-02-03 17:00:00,140.79,,,20250300,20250600,20250600
2025-02-03 19:00:00,140.72,,,20250300,20250600,20250600
2025-02-03 20:00:00,140.71,,,20250300,20250600,20250600
2025-02-03 23:00:00,140.58,,,20250300,20250600,20250600
2025-02-04 00:00:00,140.6,,,20250300,20250600,20250600
2025-02-04 01:00:00,140.57,,,20250300,20250600,20250600
2025-02-04 02:00:00,140.55,,,20250300,20250600,20250600
2025-02-04 03:00:00,140.47,,,20250300,20250600,20250600
2025-02-04 04:00:00,140.48,,,20250300,20250600,20250600
2025-02-04 05:00:00,140.48,,,20250300,20250600,20250600
2025-02-04 06:00:00,140.42,139.79,139.79,20250300,20250600,20250600
2025-02-04 07:00:00,140.41,,,20250300,20250600,20250600
2025-02-04 08:00:00,140.46,,,20250300,20250600,20250600
2025-02-04 09:00:00,140.47,,,20250300,20250600,20250600
2025-02-04 10:00:00,140.41,,,20250300,20250600,20250600
2025-02-04 11:00:00,140.43,,,20250300,20250600,20250600
2025-02-04 12:00:00,140.3,,,20250300,20250600,20250600
2025-02-04 13:00:00,140.28,,,20250300,20250600,20250600
2025-02-04 14:00:00,140.34,,,20250300,20250600,20250600
2025-02-04 15:00:00,140.38,,,20250300,20250600,20250600
2025-02-04 16:00:00,140.39,,,20250300,20250600,20250600
2025-02-04 18:00:00,140.45,,,20250300,20250600,20250600
2025-02-04 19:00:00,140.45,,,20250300,20250600,20250600
2025-02-04 20:00:00,140.45,,,20250300,20250600,20250600
2025-02-04 23:00:00,140.28,,,20250300,20250600,20250600
2025-02-05 00:00:00,140.21,,,20250300,20250600,20250600
2025-02-05 01:00:00,140.24,,,20250300,20250600,20250600
2025-02-05 02:00:00,140.24,,,20250300,20250600,20250600
2025-02-05 03:00:00,140.29,,,20250300,20250600,20250600
2025-02-05 04:00:00,140.29,,,20250300,20250600,20250600
2025-02-05 05:00:00,140.39,,,20250300,20250600,20250600
2025-02-05 06:00:00,140.43,139.75,139.75,20250300,20250600,20250600
2025-02-05 07:00:00,140.36,,,20250300,20250600,20250600
2025-02-05 08:00:00,140.38,,,20250300,20250600,20250600
2025-02-05 09:00:00,140.4,,,20250300,20250600,20250600
2025-02-05 10:00:00,140.4,,,20250300,20250600,20250600
2025-02-05 11:00:00,140.39,,,20250300,20250600,20250600
2025-02-05 12:00:00,140.43,,,20250300,20250600,20250600
2025-02-05 13:00:00,140.43,,,20250300,20250600,20250600
2025-02-05 14:00:00,140.4,,,20250300,20250600,20250600
2025-02-05 15:00:00,140.45,,,20250300,20250600,20250600
2025-02-05 16:00:00,140.45,,,20250300,20250600,20250600
2025-02-05 17:00:00,140.46,,,20250300,20250600,20250600
2025-02-05 18:00:00,140.47,,,20250300,20250600,20250600
2025-02-05 19:00:00,140.44,,,20250300,20250600,20250600
2025-02-05 20:00:00,140.35,,,20250300,20250600,20250600
2025-02-05 23:00:00,140.47,,,20250300,20250600,20250600
2025-02-06 00:00:00,140.44,,,20250300,20250600,20250600
2025-02-06 01:00:00,140.37,,,20250300,20250600,20250600
2025-02-06 02:00:00,140.37,,,20250300,20250600,20250600
2025-02-06 03:00:00,140.47,,,20250300,20250600,20250600
2025-02-06 04:00:00,140.45,,,20250300,20250600,20250600
2025-02-06 05:00:00,140.5,,,20250300,20250600,20250600
2025-02-06 06:00:00,140.3,139.65,139.65,20250300,20250600,20250600
2025-02-06 07:00:00,140.37,,,20250300,20250600,20250600
2025-02-06 08:00:00,140.32,,,20250300,20250600,20250600
2025-02-06 09:00:00,140.3,,,20250300,20250600,20250600
2025-02-06 10:00:00,140.3,,,20250300,20250600,20250600
2025-02-06 11:00:00,140.23,,,20250300,20250600,20250600
2025-02-06 12:00:00,140.22,,,20250300,20250600,20250600
2025-02-06 13:00:00,140.26,,,20250300,20250600,20250600
2025-02-06 14:00:00,140.25,,,20250300,20250600,20250600
2025-02-06 15:00:00,140.23,,,20250300,20250600,20250600
2025-02-06 16:00:00,140.21,,,20250300,20250600,20250600
2025-02-06 17:00:00,140.21,,,20250300,20250600,20250600
2025-02-06 18:00:00,140.27,,,20250300,20250600,20250600
2025-02-06 19:00:00,140.24,,,20250300,20250600,20250600
2025-02-06 20:00:00,140.26,,,20250300,20250600,20250600
2025-02-06 23:00:00,140.3,,,20250300,20250600,20250600
2025-02-07 00:00:00,140.25,,,20250300,20250600,20250600
2025-02-07 01:00:00,140.23,,,20250300,20250600,20250600
2025-02-07 03:00:00,140.14,,,20250300,20250600,20250600
2025-02-07 04:00:00,140.13,,,20250300,20250600,20250600
2025-02-07 05:00:00,140.07,,,20250300,20250600,20250600
2025-02-07 06:00:00,140.13,139.48,139.48,20250300,20250600,20250600
2025-02-07 07:00:00,140.07,,,20250300,20250600,20250600
2025-02-07 08:00:00,140.12,,,20250300,20250600,20250600
2025-02-07 09:00:00,140.17,,,20250300,20250600,20250600
2025-02-07 10:00:00,140.17,,,20250300,20250600,20250600
2025-02-07 11:00:00,140.16,,,20250300,20250600,20250600
2025-02-07 12:00:00,140.12,,,20250300,20250600,20250600
2025-02-07 13:00:00,139.93,,,20250300,20250600,20250600
2025-02-07 14:00:00,139.94,,,20250300,20250600,20250600
2025-02-07 15:00:00,139.9,,,20250300,20250600,20250600
2025-02-07 16:00:00,139.99,,,20250300,20250600,20250600
2025-02-07 17:00:00,140.0,,,20250300,20250600,20250600
2025-02-07 18:00:00,140.0,,,20250300,20250600,20250600
2025-02-07 20:00:00,140.03,,,20250300,20250600,20250600
2025-02-09 23:00:00,140.14,,,20250300,20250600,20250600
2025-02-10 00:00:00,139.94,,,20250300,20250600,20250600
2025-02-10 01:00:00,139.97,,,20250300,20250600,20250600
2025-02-10 02:00:00,139.97,,,20250300,20250600,20250600
2025-02-10 03:00:00,139.97,,,20250300,20250600,20250600
2025-02-10 04:00:00,139.98,,,20250300,20250600,20250600
2025-02-10 05:00:00,139.97,,,20250300,20250600,20250600
2025-02-10 06:00:00,140.0,139.35,139.35,20250300,20250600,20250600
2025-02-10 07:00:00,140.01,,,20250300,20250600,20250600
2025-02-10 08:00:00,139.98,,,20250300,20250600,20250600
2025-02-10 09:00:00,139.99,,,20250300,20250600,20250600
2025-02-10 10:00:00,139.99,,,20250300,20250600,20250600
2025-02-10 13:00:00,140.0,,,20250300,20250600,20250600
2025-02-10 14:00:00,140.01,,,20250300,20250600,20250600
2025-02-10 15:00:00,140.06,,,20250300,20250600,20250600
2025-02-10 16:00:00,140.05,,,20250300,20250600,20250600
2025-02-10 17:00:00,140.05,,,20250300,20250600,20250600
2025-02-10 18:00:00,140.01,,,20250300,20250600,20250600
2025-02-10 19:00:00,140.01,,,20250300,20250600,20250600
2025-02-10 20:00:00,139.66,,,20250300,20250600,20250600
2025-02-10 23:00:00,140.03,,,20250300,20250600,20250600
2025-02-11 00:00:00,140.05,,,20250300,20250600,20250600
2025-02-11 01:00:00,140.04,,,20250300,20250600,20250600
2025-02-11 02:00:00,140.05,,,20250300,20250600,20250600
2025-02-11 04:00:00,140.08,,,20250300,20250600,20250600
2025-02-11 05:00:00,140.07,,,20250300,20250600,20250600
2025-02-11 06:00:00,140.02,139.35,139.35,20250300,20250600,20250600
2025-02-11 08:00:00,140.02,,,20250300,20250600,20250600
2025-02-11 09:00:00,140.03,,,20250300,20250600,20250600
2025-02-11 10:00:00,140.03,,,20250300,20250600,20250600
2025-02-11 12:00:00,139.98,,,20250300,20250600,20250600
2025-02-11 13:00:00,139.99,,,20250300,20250600,20250600
2025-02-11 14:00:00,139.96,,,20250300,20250600,20250600
2025-02-11 16:00:00,140.04,,,20250300,20250600,20250600
2025-02-11 19:00:00,139.83,,,20250300,20250600,20250600
2025-02-11 20:00:00,139.99,,,20250300,20250600,20250600
2025-02-11 23:00:00,139.85,,,20250300,20250600,20250600
2025-02-12 00:00:00,139.91,,,20250300,20250600,20250600
2025-02-12 01:00:00,139.91,,,20250300,20250600,20250600
2025-02-12 02:00:00,139.91,,,20250300,20250600,20250600
2025-02-12 03:00:00,139.88,,,20250300,20250600,20250600
2025-02-12 04:00:00,139.77,,,20250300,20250600,20250600
2025-02-12 05:00:00,139.77,,,20250300,20250600,20250600
2025-02-12 06:00:00,139.84,139.17,139.17,20250300,20250600,20250600
2025-02-12 07:00:00,139.83,,,20250300,20250600,20250600
2025-02-12 08:00:00,139.78,,,20250300,20250600,20250600
2025-02-12 09:00:00,139.83,,,20250300,20250600,20250600
2025-02-12 10:00:00,139.84,,,20250300,20250600,20250600
2025-02-12 11:00:00,139.84,,,20250300,20250600,20250600
2025-02-12 12:00:00,139.81,,,20250300,20250600,20250600
2025-02-12 13:00:00,139.58,,,20250300,20250600,20250600
2025-02-12 14:00:00,139.55,,,20250300,20250600,20250600
2025-02-12 15:00:00,139.45,,,20250300,20250600,20250600
2025-02-12 16:00:00,139.5,,,20250300,20250600,20250600
2025-02-12 17:00:00,139.52,,,20250300,20250600,20250600
2025-02-12 18:00:00,139.52,,,20250300,20250600,20250600
2025-02-12 20:00:00,139.53,,,20250300,20250600,20250600
2025-02-12 23:00:00,139.49,,,20250300,20250600,20250600
2025-02-13 00:00:00,139.57,,,20250300,20250600,20250600
2025-02-13 01:00:00,139.58,,,20250300,20250600,20250600
2025-02-13 02:00:00,139.59,,,20250300,20250600,20250600
2025-02-13 03:00:00,139.62,,,20250300,20250600,20250600
2025-02-13 04:00:00,139.66,,,20250300,20250600,20250600
2025-02-13 05:00:00,139.66,,,20250300,20250600,20250600
2025-02-13 06:00:00,139.7,139.1,139.1,20250300,20250600,20250600
2025-02-13 07:00:00,139.7,,,20250300,20250600,20250600
2025-02-13 08:00:00,139.78,,,20250300,20250600,20250600
2025-02-13 09:00:00,139.78,,,20250300,20250600,20250600
2025-02-13 10:00:00,139.81,,,20250300,20250600,20250600
2025-02-13 11:00:00,139.84,,,20250300,20250600,20250600
2025-02-13 12:00:00,139.77,,,20250300,20250600,20250600
2025-02-13 13:00:00,139.85,,,20250300,20250600,20250600
2025-02-13 14:00:00,139.91,,,20250300,20250600,20250600
2025-02-13 15:00:00,139.93,,,20250300,20250600,20250600
2025-02-13 16:00:00,139.92,,,20250300,20250600,20250600
2025-02-13 19:00:00,139.91,,,20250300,20250600,20250600
2025-02-13 20:00:00,139.86,,,20250300,20250600,20250600
2025-02-13 23:00:00,139.8,,,20250300,20250600,20250600
2025-02-14 00:00:00,139.78,,,20250300,20250600,20250600
2025-02-14 01:00:00,139.77,,,20250300,20250600,20250600
2025-02-14 02:00:00,139.8,,,20250300,20250600,20250600
2025-02-14 03:00:00,139.74,,,20250300,20250600,20250600
2025-02-14 04:00:00,139.65,,,20250300,20250600,20250600
2025-02-14 05:00:00,139.68,,,20250300,20250600,20250600
2025-02-14 06:00:00,139.62,139.03,139.03,20250300,20250600,20250600
2025-02-14 07:00:00,139.58,,,20250300,20250600,20250600
2025-02-14 08:00:00,139.56,,,20250300,20250600,20250600
2025-02-14 09:00:00,139.58,,,20250300,20250600,20250600
2025-02-14 10:00:00,139.57,,,20250300,20250600,20250600
2025-02-14 13:00:00,139.64,,,20250300,20250600,20250600
2025-02-14 14:00:00,139.64,,,20250300,20250600,20250600
2025-02-14 15:00:00,139.66,,,20250300,20250600,20250600
2025-02-14 16:00:00,139.67,,,20250300,20250600,20250600
2025-02-14 20:00:00,139.61,,,20250300,20250600,20250600
2025-02-16 23:00:00,139.56,,,20250300,20250600,20250600
2025-02-17 00:00:00,139.49,139.03,139.03,20250300,20250600,20250600
2025-02-17 01:00:00,139.47,,,20250300,20250600,20250600
2025-02-17 02:00:00,139.47,,,20250300,20250600,20250600
2025-02-17 03:00:00,139.47,,,20250300,20250600,20250600
2025-02-17 04:00:00,139.41,,,20250300,20250600,20250600
2025-02-17 05:00:00,139.37,,,20250300,20250600,20250600
2025-02-17 06:00:00,139.28,138.81,138.81,20250300,20250600,20250600
2025-02-17 07:00:00,139.3,,,20250300,20250600,20250600
2025-02-17 08:00:00,139.3,,,20250300,20250600,20250600
2025-02-17 09:00:00,139.25,,,20250300,20250600,20250600
2025-02-17 10:00:00,139.25,,,20250300,20250600,20250600
2025-02-17 11:00:00,139.23,,,20250300,20250600,20250600
2025-02-17 12:00:00,139.24,,,20250300,20250600,20250600
2025-02-17 13:00:00,139.2,,,20250300,20250600,20250600
2025-02-17 15:00:00,139.23,,,20250300,20250600,20250600
2025-02-17 16:00:00,139.21,,,20250300,20250600,20250600
2025-02-17 17:00:00,139.19,,,20250300,20250600,20250600
2025-02-17 19:00:00,139.19,,,20250300,20250600,20250600
2025-02-17 20:00:00,139.19,,,20250300,20250600,20250600
2025-02-17 23:00:00,139.26,,,20250300,20250600,20250600
2025-02-18 00:00:00,139.29,,,20250300,20250600,20250600
2025-02-18 01:00:00,139.35,,,20250300,20250600,20250600
2025-02-18 02:00:00,139.32,,,20250300,20250600,20250600
2025-02-18 03:00:00,139.2,,,20250300,20250600,20250600
2025-02-18 04:00:00,139.11,,,20250300,20250600,20250600
2025-02-18 05:00:00,138.97,,,20250300,20250600,20250600
2025-02-18 06:00:00,138.99,138.52,138.52,20250300,20250600,20250600
2025-02-18 07:00:00,139.0,,,20250300,20250600,20250600
2025-02-18 08:00:00,138.99,,,20250300,20250600,20250600
2025-02-18 09:00:00,138.97,,,20250300,20250600,20250600
2025-02-18 10:00:00,139.02,,,20250300,20250600,20250600
2025-02-18 11:00:00,139.01,,,20250300,20250600,20250600
2025-02-18 12:00:00,139.01,,,20250300,20250600,20250600
2025-02-18 13:00:00,138.96,,,20250300,20250600,20250600
2025-02-18 14:00:00,139.03,,,20250300,20250600,20250600
2025-02-18 15:00:00,139.05,,,20250300,20250600,20250600
2025-02-18 16:00:00,139.02,,,20250300,20250600,20250600
2025-02-18 18:00:00,139.01,,,20250300,20250600,20250600
2025-02-18 20:00:00,138.99,,,20250300,20250600,20250600
2025-02-18 23:00:00,138.93,,,20250300,20250600,20250600
2025-02-19 00:00:00,138.99,,,20250300,20250600,20250600
2025-02-19 01:00:00,139.05,,,20250300,20250600,20250600
2025-02-19 03:00:00,139.07,,,20250300,20250600,20250600
2025-02-19 04:00:00,138.92,,,20250300,20250600,20250600
2025-02-19 05:00:00,138.95,,,20250300,20250600,20250600
2025-02-19 06:00:00,138.89,138.42,138.42,20250300,20250600,20250600
2025-02-19 07:00:00,139.0,,,20250300,20250600,20250600
2025-02-19 08:00:00,138.93,,,20250300,20250600,20250600
2025-02-19 09:00:00,138.87,,,20250300,20250600,20250600
2025-02-19 10:00:00,138.83,,,20250300,20250600,20250600
2025-02-19 11:00:00,138.81,,,20250300,20250600,20250600
2025-02-19 12:00:00,138.77,,,20250300,20250600,20250600
2025-02-19 13:00:00,138.81,,,20250300,20250600,20250600
2025-02-19 14:00:00,138.91,,,20250300,20250600,20250600
2025-02-19 15:00:00,138.96,,,20250300,20250600,20250600
2025-02-19 16:00:00,138.92,,,20250300,20250600,20250600
2025-02-19 17:00:00,138.87,,,20250300,20250600,20250600
2025-02-19 18:00:00,138.88,,,20250300,20250600,20250600
2025-02-19 19:00:00,138.92,,,20250300,20250600,20250600
2025-02-19 20:00:00,136.77,138.11,138.11,20250300,20250600,20250600
2025-02-19 23:00:00,138.92,,,20250300,20250600,20250600
2025-02-20 00:00:00,139.08,,,20250300,20250600,20250600
2025-02-20 01:00:00,139.11,,,20250300,20250600,20250600
2025-02-20 02:00:00,139.16,,,20250300,20250600,20250600
2025-02-20 03:00:00,139.02,,,20250300,20250600,20250600
2025-02-20 04:00:00,138.98,,,20250300,20250600,20250600
2025-02-20 05:00:00,138.96,,,20250300,20250600,20250600
2025-02-20 06:00:00,138.82,138.35,138.35,20250300,20250600,20250600
2025-02-20 07:00:00,138.92,,,20250300,20250600,20250600
2025-02-20 08:00:00,138.82,,,20250300,20250600,20250600
2025-02-20 09:00:00,138.83,,,20250300,20250600,20250600
2025-02-20 10:00:00,138.82,,,20250300,20250600,20250600
2025-02-20 11:00:00,138.81,,,20250300,20250600,20250600
2025-02-20 12:00:00,138.82,,,20250300,20250600,20250600
2025-02-20 13:00:00,138.84,,,20250300,20250600,20250600
2025-02-20 14:00:00,138.77,,,20250300,20250600,20250600
2025-02-20 15:00:00,138.84,,,20250300,20250600,20250600
2025-02-20 16:00:00,138.84,,,20250300,20250600,20250600
2025-02-20 17:00:00,138.85,,,20250300,20250600,20250600
2025-02-20 18:00:00,138.86,,,20250300,20250600,20250600
2025-02-20 20:00:00,138.84,,,20250300,20250600,20250600
2025-02-20 23:00:00,138.73,,,20250300,20250600,20250600
2025-02-21 00:00:00,138.91,,,20250300,20250600,20250600
2025-02-21 01:00:00,139.42,139.01,139.01,20250300,20250600,20250600
2025-02-21 02:00:00,139.55,,,20250300,20250600,20250600
2025-02-21 03:00:00,139.2,,,20250300,20250600,20250600
2025-02-21 04:00:00,139.24,,,20250300,20250600,20250600
2025-02-21 05:00:00,139.26,,,20250300,20250600,20250600
2025-02-21 06:00:00,139.2,138.69,138.69,20250300,20250600,20250600
2025-02-21 07:00:00,139.24,,,20250300,20250600,20250600
2025-02-21 08:00:00,139.31,138.73,138.73,20250300,20250600,20250600
2025-02-21 09:00:00,139.31,,,20250300,20250600,20250600
2025-02-21 10:00:00,139.35,,,20250300,20250600,20250600
2025-02-21 11:00:00,139.37,,,20250300,20250600,20250600
2025-02-21 12:00:00,139.39,138.83,138.83,20250300,20250600,20250600
2025-02-21 13:00:00,139.39,,,20250300,20250600,20250600
2025-02-21 14:00:00,139.45,,,20250300,20250600,20250600
2025-02-21 15:00:00,139.44,,,20250300,20250600,20250600
2025-02-21 16:00:00,139.46,,,20250300,20250600,20250600
2025-02-21 17:00:00,139.47,138.87,138.87,20250300,20250600,20250600
2025-02-21 18:00:00,139.65,138.95,138.95,20250300,20250600,20250600
2025-02-21 19:00:00,139.65,139.12,139.12,20250300,20250600,20250600
2025-02-21 20:00:00,139.7,,,20250300,20250600,20250600
2025-02-23 23:00:00,139.47,,,20250300,20250600,20250600
2025-02-24 00:00:00,139.68,,,20250300,20250600,20250600
2025-02-24 03:00:00,139.6,,,20250300,20250600,20250600
2025-02-24 06:00:00,139.71,139.12,139.12,20250300,20250600,20250600
2025-02-25 01:00:00,139.42,,,20250600,20250900,20250900
2025-02-25 06:00:00,139.43,139.12,139.12,20250600,20250900,20250900
2025-02-25 14:00:00,139.44,,,20250600,20250900,20250900
2025-02-25 15:00:00,139.44,,,20250600,20250900,20250900
2025-02-26 00:00:00,139.73,,,20250600,20250900,20250900
2025-02-26 01:00:00,139.79,,,20250600,20250900,20250900
2025-02-26 03:00:00,139.4,,,20250600,20250900,20250900
2025-02-26 06:00:00,139.18,139.03,139.03,20250600,20250900,20250900
2025-02-26 08:00:00,139.18,,,20250600,20250900,20250900
2025-02-26 15:00:00,139.17,,,20250600,20250900,20250900
2025-02-27 01:00:00,139.0,,,20250600,20250900,20250900
2025-02-27 02:00:00,138.96,,,20250600,20250900,20250900
2025-02-27 03:00:00,138.91,,,20250600,20250900,20250900
2025-02-27 06:00:00,138.84,138.53,138.53,20250600,20250900,20250900
2025-02-27 23:00:00,139.12,,,20250600,20250900,20250900
2025-02-28 02:00:00,139.3,,,20250600,20250900,20250900
2025-02-28 06:00:00,139.19,138.88,138.88,20250600,20250900,20250900
2025-02-28 09:00:00,139.19,,,20250600,20250900,20250900
2025-02-28 10:00:00,139.22,,,20250600,20250900,20250900
2025-03-03 03:00:00,138.98,,,20250600,20250900,20250900
2025-03-03 05:00:00,138.93,,,20250600,20250900,20250900
2025-03-03 06:00:00,138.9,138.59,138.59,20250600,20250900,20250900
2025-03-03 07:00:00,138.92,,,20250600,20250900,20250900
2025-03-03 13:00:00,138.71,,,20250600,20250900,20250900
2025-03-03 15:00:00,138.79,,,20250600,20250900,20250900
2025-03-03 16:00:00,138.78,,,20250600,20250900,20250900
2025-03-04 03:00:00,138.73,,,20250600,20250900,20250900
2025-03-04 04:00:00,138.8,,,20250600,20250900,20250900
2025-03-04 05:00:00,138.8,,,20250600,20250900,20250900
2025-03-04 06:00:00,138.84,138.53,138.53,20250600,20250900,20250900
2025-03-04 07:00:00,138.79,,,20250600,20250900,20250900
2025-03-04 08:00:00,138.8,,,20250600,20250900,20250900
2025-03-04 14:00:00,138.96,,,20250600,20250900,20250900
2025-03-04 15:00:00,138.98,,,20250600,20250900,20250900
2025-03-04 16:00:00,138.98,,,20250600,20250900,20250900
2025-03-04 17:00:00,138.98,,,20250600,20250900,20250900
2025-03-04 18:00:00,138.98,,,20250600,20250900,20250900
2025-03-04 19:00:00,138.71,,,20250600,20250900,20250900
2025-03-04 20:00:00,138.71,,,20250600,20250900,20250900
2025-03-04 23:00:00,138.65,,,20250600,20250900,20250900
2025-03-05 00:00:00,138.65,,,20250600,20250900,20250900
2025-03-05 01:00:00,138.65,,,20250600,20250900,20250900
2025-03-05 03:00:00,138.65,,,20250600,20250900,20250900
2025-03-05 05:00:00,138.69,,,20250600,20250900,20250900
2025-03-05 06:00:00,138.61,138.3,138.3,20250600,20250900,20250900
2025-03-05 07:00:00,138.59,,,20250600,20250900,20250900
2025-03-05 09:00:00,138.57,,,20250600,20250900,20250900
2025-03-05 11:00:00,138.57,,,20250600,20250900,20250900
2025-03-05 13:00:00,138.51,,,20250600,20250900,20250900
2025-03-05 14:00:00,138.5,,,20250600,20250900,20250900
2025-03-05 15:00:00,138.32,,,20250600,20250900,20250900
2025-03-05 16:00:00,138.2,,,20250600,20250900,20250900
2025-03-05 17:00:00,138.25,,,20250600,20250900,20250900
2025-03-05 18:00:00,138.2,,,20250600,20250900,20250900
2025-03-05 19:00:00,138.1,,,20250600,20250900,20250900
2025-03-05 23:00:00,138.08,,,20250600,20250900,20250900
2025-03-06 00:00:00,138.05,,,20250600,20250900,20250900
2025-03-06 01:00:00,138.03,,,20250600,20250900,20250900
2025-03-06 02:00:00,138.03,,,20250600,20250900,20250900
2025-03-06 03:00:00,137.93,,,20250600,20250900,20250900
2025-03-06 04:00:00,138.01,,,20250600,20250900,20250900
2025-03-06 05:00:00,137.95,,,20250600,20250900,20250900
2025-03-06 06:00:00,137.95,137.64,137.64,20250600,20250900,20250900
2025-03-06 07:00:00,137.65,,,20250600,20250900,20250900
2025-03-06 08:00:00,137.88,,,20250600,20250900,20250900
2025-03-06 09:00:00,138.0,,,20250600,20250900,20250900
2025-03-06 11:00:00,138.03,,,20250600,20250900,20250900
2025-03-06 12:00:00,138.01,,,20250600,20250900,20250900
2025-03-06 13:00:00,138.09,,,20250600,20250900,20250900
2025-03-06 14:00:00,138.01,,,20250600,20250900,20250900
2025-03-06 15:00:00,137.85,,,20250600,20250900,20250900
2025-03-06 16:00:00,137.8,,,20250600,20250900,20250900
2025-03-06 17:00:00,138.02,,,20250600,20250900,20250900
2025-03-06 18:00:00,137.89,,,20250600,20250900,20250900
2025-03-06 19:00:00,138.0,,,20250600,20250900,20250900
2025-03-06 20:00:00,138.12,,,20250600,20250900,20250900
2025-03-06 21:00:00,138.12,,,20250600,20250900,20250900
2025-03-06 23:00:00,137.97,,,20250600,20250900,20250900
2025-03-07 00:00:00,138.0,,,20250600,20250900,20250900
2025-03-07 01:00:00,138.03,,,20250600,20250900,20250900
2025-03-07 02:00:00,138.08,,,20250600,20250900,20250900
2025-03-07 03:00:00,138.09,,,20250600,20250900,20250900
2025-03-07 04:00:00,138.05,,,20250600,20250900,20250900
2025-03-07 05:00:00,138.07,,,20250600,20250900,20250900
2025-03-07 06:00:00,138.07,137.88,137.88,20250600,20250900,20250900
2025-03-07 07:00:00,138.07,,,20250600,20250900,20250900
2025-03-07 08:00:00,138.2,,,20250600,20250900,20250900
2025-03-07 09:00:00,138.17,,,20250600,20250900,20250900
2025-03-07 10:00:00,138.12,,,20250600,20250900,20250900
2025-03-07 11:00:00,138.21,,,20250600,20250900,20250900
2025-03-07 12:00:00,138.21,,,20250600,20250900,20250900
2025-03-07 13:00:00,138.2,,,20250600,20250900,20250900
2025-03-07 14:00:00,138.14,,,20250600,20250900,20250900
2025-03-07 15:00:00,138.09,,,20250600,20250900,20250900
2025-03-07 16:00:00,138.08,,,20250600,20250900,20250900
2025-03-07 17:00:00,138.08,,,20250600,20250900,20250900
2025-03-07 18:00:00,138.08,,,20250600,20250900,20250900
2025-03-07 19:00:00,137.92,,,20250600,20250900,20250900
2025-03-07 20:00:00,137.81,,,20250600,20250900,20250900
2025-03-09 23:00:00,137.92,,,20250600,20250900,20250900
2025-03-10 00:00:00,137.78,,,20250600,20250900,20250900
2025-03-10 01:00:00,137.8,,,20250600,20250900,20250900
2025-03-10 02:00:00,137.8,,,20250600,20250900,20250900
2025-03-10 03:00:00,137.65,,,20250600,20250900,20250900
2025-03-10 04:00:00,137.64,,,20250600,20250900,20250900
2025-03-10 05:00:00,137.69,137.44,137.44,20250600,20250900,20250900
2025-03-10 06:00:00,137.66,,,20250600,20250900,20250900
2025-03-10 07:00:00,137.64,,,20250600,20250900,20250900
2025-03-10 08:00:00,137.8,,,20250600,20250900,20250900
2025-03-10 09:00:00,137.74,,,20250600,20250900,20250900
2025-03-10 10:00:00,137.82,,,20250600,20250900,20250900
2025-03-10 11:00:00,137.79,,,20250600,20250900,20250900
2025-03-10 12:00:00,137.79,,,20250600,20250900,20250900
2025-03-10 13:00:00,137.79,,,20250600,20250900,20250900
2025-03-10 14:00:00,137.92,,,20250600,20250900,20250900
2025-03-10 15:00:00,137.94,,,20250600,20250900,20250900
2025-03-10 17:00:00,137.87,,,20250600,20250900,20250900
2025-03-10 18:00:00,137.88,,,20250600,20250900,20250900
2025-03-10 20:00:00,138.05,,,20250600,20250900,20250900
2025-03-10 21:00:00,138.05,,,20250600,20250900,20250900
2025-03-10 23:00:00,138.08,,,20250600,20250900,20250900
2025-03-11 00:00:00,138.26,,,20250600,20250900,20250900
2025-03-11 01:00:00,138.28,,,20250600,20250900,20250900
2025-03-11 02:00:00,138.29,,,20250600,20250900,20250900
2025-03-11 03:00:00,138.2,,,20250600,20250900,20250900
2025-03-11 04:00:00,138.39,,,20250600,20250900,20250900
2025-03-11 05:00:00,138.25,137.94,137.94,20250600,20250900,20250900
2025-03-11 06:00:00,138.19,,,20250600,20250900,20250900
2025-03-11 07:00:00,138.23,,,20250600,20250900,20250900
2025-03-11 08:00:00,138.24,,,20250600,20250900,20250900
2025-03-11 09:00:00,138.24,,,20250600,20250900,20250900
2025-03-11 10:00:00,138.24,,,20250600,20250900,20250900
2025-03-11 11:00:00,138.14,,,20250600,20250900,20250900
2025-03-11 12:00:00,138.14,,,20250600,20250900,20250900
2025-03-11 13:00:00,137.99,,,20250600,20250900,20250900
2025-03-11 14:00:00,138.04,,,20250600,20250900,20250900
2025-03-11 15:00:00,137.98,,,20250600,20250900,20250900
2025-03-11 16:00:00,138.01,,,20250600,20250900,20250900
2025-03-11 17:00:00,138.05,,,20250600,20250900,20250900
2025-03-11 18:00:00,138.03,,,20250600,20250900,20250900
2025-03-11 19:00:00,137.87,,,20250600,20250900,20250900
2025-03-11 23:00:00,137.92,,,20250600,20250900,20250900
2025-03-12 00:00:00,138.02,,,20250600,20250900,20250900
2025-03-12 01:00:00,137.94,,,20250600,20250900,20250900
2025-03-12 02:00:00,138.0,,,20250600,20250900,20250900
2025-03-12 03:00:00,137.99,,,20250600,20250900,20250900
2025-03-12 04:00:00,137.99,,,20250600,20250900,20250900
2025-03-12 05:00:00,138.0,137.75,137.75,20250600,20250900,20250900
2025-03-12 06:00:00,138.17,,,20250600,20250900,20250900
2025-03-12 07:00:00,138.04,,,20250600,20250900,20250900
2025-03-12 08:00:00,138.04,,,20250600,20250900,20250900
2025-03-12 09:00:00,138.07,,,20250600,20250900,20250900
2025-03-12 10:00:00,138.06,,,20250600,20250900,20250900
2025-03-12 11:00:00,138.04,,,20250600,20250900,20250900
2025-03-12 12:00:00,137.96,,,20250600,20250900,20250900
2025-03-12 13:00:00,137.96,,,20250600,20250900,20250900
2025-03-12 14:00:00,138.14,,,20250600,20250900,20250900
2025-03-12 15:00:00,138.05,,,20250600,20250900,20250900
2025-03-12 16:00:00,138.1,,,20250600,20250900,20250900
2025-03-12 18:00:00,138.07,,,20250600,20250900,20250900
2025-03-12 19:00:00,138.09,,,20250600,20250900,20250900
2025-03-12 20:00:00,138.07,,,20250600,20250900,20250900
2025-03-12 23:00:00,138.03,,,20250600,20250900,20250900
2025-03-13 00:00:00,138.07,,,20250600,20250900,20250900
2025-03-13 01:00:00,138.16,,,20250600,20250900,20250900
2025-03-13 02:00:00,138.13,,,20250600,20250900,20250900
2025-03-13 03:00:00,137.97,,,20250600,20250900,20250900
2025-03-13 04:00:00,137.84,,,20250600,20250900,20250900
2025-03-13 05:00:00,137.77,137.5,137.5,20250600,20250900,20250900
2025-03-13 06:00:00,137.71,,,20250600,20250900,20250900
2025-03-13 07:00:00,137.78,,,20250600,20250900,20250900
2025-03-13 08:00:00,137.78,,,20250600,20250900,20250900
2025-03-13 09:00:00,137.8,,,20250600,20250900,20250900
2025-03-13 10:00:00,137.76,,,20250600,20250900,20250900
2025-03-13 11:00:00,137.73,,,20250600,20250900,20250900
2025-03-13 12:00:00,137.75,,,20250600,20250900,20250900
2025-03-13 13:00:00,137.83,,,20250600,20250900,20250900
2025-03-13 14:00:00,137.83,,,20250600,20250900,20250900
2025-03-13 15:00:00,137.86,,,20250600,20250900,20250900
2025-03-13 16:00:00,137.94,,,20250600,20250900,20250900
2025-03-13 17:00:00,138.05,,,20250600,20250900,20250900
2025-03-13 18:00:00,138.03,,,20250600,20250900,20250900
2025-03-13 19:00:00,138.01,,,20250600,20250900,20250900
2025-03-13 20:00:00,137.94,,,20250600,20250900,20250900
2025-03-13 23:00:00,137.97,,,20250600,20250900,20250900
2025-03-14 00:00:00,137.97,,,20250600,20250900,20250900
2025-03-14 01:00:00,137.85,,,20250600,20250900,20250900
2025-03-14 03:00:00,137.69,,,20250600,20250900,20250900
2025-03-14 04:00:00,137.87,,,20250600,20250900,20250900
2025-03-14 05:00:00,138.14,137.83,137.83,20250600,20250900,20250900
2025-03-14 06:00:00,138.14,,,20250600,20250900,20250900
2025-03-14 07:00:00,138.26,,,20250600,20250900,20250900
2025-03-14 08:00:00,138.17,,,20250600,20250900,20250900
2025-03-14 09:00:00,138.15,,,20250600,20250900,20250900
2025-03-14 10:00:00,138.14,,,20250600,20250900,20250900
2025-03-14 11:00:00,138.12,,,20250600,20250900,20250900
2025-03-14 12:00:00,138.06,,,20250600,20250900,20250900
2025-03-14 13:00:00,138.18,,,20250600,20250900,20250900
2025-03-14 14:00:00,138.14,,,20250600,20250900,20250900
2025-03-14 16:00:00,138.17,,,20250600,20250900,20250900
2025-03-14 19:00:00,138.1,,,20250600,20250900,20250900
2025-03-14 20:00:00,138.07,,,20250600,20250900,20250900
2025-03-16 23:00:00,138.26,,,20250600,20250900,20250900
2025-03-17 00:00:00,138.12,,,20250600,20250900,20250900
2025-03-17 01:00:00,138.21,,,20250600,20250900,20250900
2025-03-17 02:00:00,138.23,,,20250600,20250900,20250900
2025-03-17 03:00:00,138.41,,,20250600,20250900,20250900
2025-03-17 04:00:00,138.33,,,20250600,20250900,20250900
2025-03-17 05:00:00,138.41,138.1,138.1,20250600,20250900,20250900
2025-03-17 06:00:00,138.35,,,20250600,20250900,20250900
2025-03-17 07:00:00,138.35,,,20250600,20250900,20250900
2025-03-17 08:00:00,138.39,,,20250600,20250900,20250900
2025-03-17 09:00:00,138.44,,,20250600,20250900,20250900
2025-03-17 10:00:00,138.43,,,20250600,20250900,20250900
2025-03-17 11:00:00,138.37,,,20250600,20250900,20250900
2025-03-17 12:00:00,138.34,,,20250600,20250900,20250900
2025-03-17 13:00:00,138.36,,,20250600,20250900,20250900
2025-03-17 14:00:00,138.45,,,20250600,20250900,20250900
2025-03-17 15:00:00,138.45,,,20250600,20250900,20250900
2025-03-17 16:00:00,138.45,,,20250600,20250900,20250900
2025-03-17 17:00:00,138.4,,,20250600,20250900,20250900
2025-03-17 18:00:00,138.35,,,20250600,20250900,20250900
2025-03-17 19:00:00,138.4,,,20250600,20250900,20250900
2025-03-17 20:00:00,138.35,,,20250600,20250900,20250900
2025-03-17 23:00:00,138.41,,,20250600,20250900,20250900
2025-03-18 00:00:00,138.35,,,20250600,20250900,20250900
2025-03-18 01:00:00,138.24,,,20250600,20250900,20250900
2025-03-18 02:00:00,138.24,,,20250600,20250900,20250900
2025-03-18 03:00:00,138.3,,,20250600,20250900,20250900
2025-03-18 04:00:00,138.26,,,20250600,20250900,20250900
2025-03-18 05:00:00,138.31,138.0,138.0,20250600,20250900,20250900
2025-03-18 06:00:00,138.34,,,20250600,20250900,20250900
2025-03-18 07:00:00,138.31,,,20250600,20250900,20250900
2025-03-18 08:00:00,138.29,,,20250600,20250900,20250900
2025-03-18 09:00:00,138.29,,,20250600,20250900,20250900
2025-03-18 10:00:00,138.27,,,20250600,20250900,20250900
2025-03-18 11:00:00,138.25,,,20250600,20250900,20250900
2025-03-18 12:00:00,138.23,,,20250600,20250900,20250900
2025-03-18 14:00:00,138.29,,,20250600,20250900,20250900
2025-03-18 15:00:00,138.32,,,20250600,20250900,20250900
2025-03-18 16:00:00,138.32,,,20250600,20250900,20250900
2025-03-18 18:00:00,138.35,,,20250600,20250900,20250900
2025-03-18 20:00:00,138.34,,,20250600,20250900,20250900
2025-03-18 23:00:00,138.42,,,20250600,20250900,20250900
2025-03-19 00:00:00,138.24,,,20250600,20250900,20250900
2025-03-19 01:00:00,138.28,,,20250600,20250900,20250900
2025-03-19 02:00:00,138.37,,,20250600,20250900,20250900
2025-03-19 03:00:00,138.12,,,20250600,20250900,20250900
2025-03-19 04:00:00,138.16,,,20250600,20250900,20250900
2025-03-19 05:00:00,138.04,137.73,137.73,20250600,20250900,20250900
2025-03-19 06:00:00,138.11,,,20250600,20250900,20250900
2025-03-19 07:00:00,138.2,,,20250600,20250900,20250900
2025-03-19 08:00:00,138.02,,,20250600,20250900,20250900
2025-03-19 09:00:00,138.06,,,20250600,20250900,20250900
2025-03-19 10:00:00,138.06,,,20250600,20250900,20250900
2025-03-19 11:00:00,138.0,,,20250600,20250900,20250900
2025-03-19 14:00:00,138.0,,,20250600,20250900,20250900
2025-03-19 16:00:00,137.99,,,20250600,20250900,20250900
2025-03-19 18:00:00,138.09,,,20250600,20250900,20250900
2025-03-19 20:00:00,138.05,,,20250600,20250900,20250900
2025-03-19 23:00:00,138.18,,,20250600,20250900,20250900
2025-03-20 00:00:00,138.17,,,20250600,20250900,20250900
2025-03-20 02:00:00,138.19,,,20250600,20250900,20250900
2025-03-20 03:00:00,138.19,,,20250600,20250900,20250900
2025-03-20 05:00:00,138.12,137.73,137.73,20250600,20250900,20250900
2025-03-20 06:00:00,138.19,,,20250600,20250900,20250900
2025-03-20 07:00:00,138.19,,,20250600,20250900,20250900
2025-03-20 08:00:00,138.16,,,20250600,20250900,20250900
2025-03-20 10:00:00,138.2,,,20250600,20250900,20250900
2025-03-20 11:00:00,138.14,,,20250600,20250900,20250900
2025-03-20 14:00:00,138.17,,,20250600,20250900,20250900
2025-03-20 15:00:00,138.26,,,20250600,20250900,20250900
2025-03-20 16:00:00,138.18,,,20250600,20250900,20250900
2025-03-20 23:00:00,137.91,,,20250600,20250900,20250900
2025-03-21 00:00:00,138.0,,,20250600,20250900,20250900
2025-03-21 01:00:00,138.01,,,20250600,20250900,20250900
2025-03-21 02:00:00,138.01,,,20250600,20250900,20250900
2025-03-21 03:00:00,138.06,,,20250600,20250900,20250900
2025-03-21 04:00:00,138.02,,,20250600,20250900,20250900
2025-03-21 05:00:00,138.03,137.74,137.74,20250600,20250900,20250900
2025-03-21 06:00:00,138.02,,,20250600,20250900,20250900
2025-03-21 07:00:00,138.07,,,20250600,20250900,20250900
2025-03-21 08:00:00,138.12,,,20250600,20250900,20250900
2025-03-21 09:00:00,138.15,,,20250600,20250900,20250900
2025-03-21 10:00:00,138.14,,,20250600,20250900,20250900
2025-03-21 13:00:00,138.19,,,20250600,20250900,20250900
2025-03-21 14:00:00,138.11,,,20250600,20250900,20250900
2025-03-21 15:00:00,138.13,,,20250600,20250900,20250900
2025-03-21 16:00:00,138.09,,,20250600,20250900,20250900
2025-03-21 17:00:00,138.05,,,20250600,20250900,20250900
2025-03-21 18:00:00,138.05,,,20250600,20250900,20250900
2025-03-21 19:00:00,138.06,,,20250600,20250900,20250900
2025-03-21 20:00:00,138.06,,,20250600,20250900,20250900
2025-03-23 23:00:00,138.02,,,20250600,20250900,20250900
2025-03-24 00:00:00,137.96,,,20250600,20250900,20250900
2025-03-24 01:00:00,137.96,,,20250600,20250900,20250900
2025-03-24 02:00:00,137.97,,,20250600,20250900,20250900
2025-03-24 03:00:00,137.9,,,20250600,20250900,20250900
2025-03-24 04:00:00,137.88,,,20250600,20250900,20250900
2025-03-24 05:00:00,137.75,137.36,137.36,20250600,20250900,20250900
2025-03-24 06:00:00,137.79,,,20250600,20250900,20250900
2025-03-24 07:00:00,137.76,,,20250600,20250900,20250900
2025-03-24 08:00:00,137.77,,,20250600,20250900,20250900
2025-03-24 09:00:00,137.79,,,20250600,20250900,20250900
2025-03-24 10:00:00,137.8,,,20250600,20250900,20250900
2025-03-24 11:00:00,137.78,,,20250600,20250900,20250900
2025-03-24 12:00:00,137.79,,,20250600,20250900,20250900
2025-03-24 13:00:00,137.73,,,20250600,20250900,20250900
2025-03-24 14:00:00,137.72,,,20250600,20250900,20250900
2025-03-24 15:00:00,137.72,,,20250600,20250900,20250900
2025-03-24 16:00:00,137.74,,,20250600,20250900,20250900
2025-03-24 17:00:00,137.74,,,20250600,20250900,20250900
2025-03-24 18:00:00,137.7,,,20250600,20250900,20250900
2025-03-24 19:00:00,137.73,,,20250600,20250900,20250900
2025-03-24 20:00:00,137.68,,,20250600,20250900,20250900
2025-03-24 23:00:00,137.7,,,20250600,20250900,20250900
2025-03-25 00:00:00,137.56,,,20250600,20250900,20250900
2025-03-25 01:00:00,137.51,,,20250600,20250900,20250900
2025-03-25 03:00:00,137.48,,,20250600,20250900,20250900
2025-03-25 04:00:00,137.51,,,20250600,20250900,20250900
2025-03-25 05:00:00,137.45,137.04,137.04,20250600,20250900,20250900
2025-03-25 06:00:00,137.44,,,20250600,20250900,20250900
2025-03-25 07:00:00,137.41,,,20250600,20250900,20250900
2025-03-25 08:00:00,137.47,,,20250600,20250900,20250900
2025-03-25 09:00:00,137.43,,,20250600,20250900,20250900
2025-03-25 10:00:00,137.38,,,20250600,20250900,20250900
2025-03-25 11:00:00,137.4,,,20250600,20250900,20250900
2025-03-25 12:00:00,137.4,,,20250600,20250900,20250900
2025-03-25 13:00:00,137.45,,,20250600,20250900,20250900
2025-03-25 14:00:00,137.47,,,20250600,20250900,20250900
2025-03-25 15:00:00,137.46,,,20250600,20250900,20250900
2025-03-25 16:00:00,137.51,,,20250600,20250900,20250900
2025-03-25 23:00:00,137.43,,,20250600,20250900,20250900
2025-03-26 00:00:00,137.43,,,20250600,20250900,20250900
2025-03-26 01:00:00,137.4,,,20250600,20250900,20250900
2025-03-26 02:00:00,137.39,,,20250600,20250900,20250900
2025-03-26 03:00:00,137.34,,,20250600,20250900,20250900
2025-03-26 04:00:00,137.31,,,20250600,20250900,20250900
2025-03-26 05:00:00,137.41,137.0,137.0,20250600,20250900,20250900
2025-03-26 06:00:00,137.4,,,20250600,20250900,20250900
2025-03-26 07:00:00,137.44,,,20250600,20250900,20250900
2025-03-26 08:00:00,137.43,,,20250600,20250900,20250900
2025-03-26 09:00:00,137.39,,,20250600,20250900,20250900
2025-03-26 10:00:00,137.35,,,20250600,20250900,20250900
2025-03-26 11:00:00,137.33,,,20250600,20250900,20250900
2025-03-26 12:00:00,137.33,,,20250600,20250900,20250900
2025-03-26 13:00:00,137.36,,,20250600,20250900,20250900
2025-03-26 14:00:00,137.34,,,20250600,20250900,20250900
2025-03-26 15:00:00,137.38,,,20250600,20250900,20250900
2025-03-26 16:00:00,137.4,,,20250600,20250900,20250900
2025-03-26 17:00:00,137.37,,,20250600,20250900,20250900
2025-03-26 19:00:00,137.48,,,20250600,20250900,20250900
2025-03-26 23:00:00,137.42,,,20250600,20250900,20250900
2025-03-27 00:00:00,137.42,,,20250600,20250900,20250900
2025-03-27 01:00:00,137.46,,,20250600,20250900,20250900
2025-03-27 02:00:00,137.41,,,20250600,20250900,20250900
2025-03-27 03:00:00,137.47,,,20250600,20250900,20250900
2025-03-27 04:00:00,137.41,,,20250600,20250900,20250900
2025-03-27 05:00:00,137.48,137.09,137.09,20250600,20250900,20250900
2025-03-27 06:00:00,137.37,,,20250600,20250900,20250900
2025-03-27 07:00:00,137.46,,,20250600,20250900,20250900
2025-03-27 08:00:00,137.47,,,20250600,20250900,20250900
2025-03-27 09:00:00,137.42,,,20250600,20250900,20250900
2025-03-27 10:00:00,137.44,,,20250600,20250900,20250900
2025-03-27 12:00:00,137.5,,,20250600,20250900,20250900
2025-03-27 13:00:00,137.54,,,20250600,20250900,20250900
2025-03-27 14:00:00,137.48,,,20250600,20250900,20250900
2025-03-27 15:00:00,137.45,,,20250600,20250900,20250900
2025-03-27 16:00:00,137.48,,,20250600,20250900,20250900
2025-03-27 17:00:00,137.47,,,20250600,20250900,20250900
2025-03-27 19:00:00,137.43,,,20250600,20250900,20250900
2025-03-27 23:00:00,137.45,,,20250600,20250900,20250900
2025-03-28 00:00:00,137.61,,,20250600,20250900,20250900
2025-03-28 01:00:00,137.62,,,20250600,20250900,20250900
2025-03-28 02:00:00,137.66,,,20250600,20250900,20250900
2025-03-28 03:00:00,137.65,,,20250600,20250900,20250900
2025-03-28 04:00:00,137.68,,,20250600,20250900,20250900
2025-03-28 05:00:00,137.75,137.36,137.36,20250600,20250900,20250900
2025-03-28 06:00:00,137.83,,,20250600,20250900,20250900
2025-03-28 07:00:00,137.89,,,20250600,20250900,20250900
2025-03-28 08:00:00,137.8,,,20250600,20250900,20250900
2025-03-28 09:00:00,137.81,,,20250600,20250900,20250900
2025-03-28 10:00:00,137.81,,,20250600,20250900,20250900
2025-03-28 11:00:00,137.83,,,20250600,20250900,20250900
2025-03-28 12:00:00,137.82,,,20250600,20250900,20250900
2025-03-28 13:00:00,137.84,,,20250600,20250900,20250900
2025-03-28 14:00:00,137.89,,,20250600,20250900,20250900
2025-03-28 15:00:00,137.91,,,20250600,20250900,20250900
2025-03-28 16:00:00,137.91,,,20250600,20250900,20250900
2025-03-28 17:00:00,137.92,,,20250600,20250900,20250900
2025-03-28 18:00:00,137.96,,,20250600,20250900,20250900
2025-03-28 19:00:00,137.94,,,20250600,20250900,20250900
2025-03-28 20:00:00,137.95,,,20250600,20250900,20250900
2025-03-30 23:00:00,138.07,,,20250600,20250900,20250900
2025-03-31 00:00:00,138.14,,,20250600,20250900,20250900
2025-03-31 01:00:00,138.06,,,20250600,20250900,20250900
2025-03-31 02:00:00,138.08,,,20250600,20250900,20250900
2025-03-31 03:00:00,138.12,,,20250600,20250900,20250900
2025-03-31 04:00:00,138.2,,,20250600,20250900,20250900
2025-03-31 05:00:00,138.38,137.95,137.95,20250600,20250900,20250900
2025-03-31 06:00:00,138.43,,,20250600,20250900,20250900
2025-03-31 07:00:00,138.37,,,20250600,20250900,20250900
2025-03-31 08:00:00,138.35,,,20250600,20250900,20250900
2025-03-31 09:00:00,138.35,,,20250600,20250900,20250900
2025-03-31 10:00:00,138.37,,,20250600,20250900,20250900
2025-03-31 11:00:00,138.39,,,20250600,20250900,20250900
2025-03-31 12:00:00,138.32,,,20250600,20250900,20250900
2025-03-31 13:00:00,138.29,,,20250600,20250900,20250900
2025-03-31 14:00:00,138.29,,,20250600,20250900,20250900
2025-03-31 15:00:00,138.22,,,20250600,20250900,20250900
2025-03-31 16:00:00,138.22,,,20250600,20250900,20250900
2025-03-31 17:00:00,138.25,,,20250600,20250900,20250900
2025-03-31 18:00:00,138.21,,,20250600,20250900,20250900
2025-03-31 19:00:00,138.24,,,20250600,20250900,20250900
2025-03-31 20:00:00,138.27,,,20250600,20250900,20250900
2025-03-31 23:00:00,138.22,,,20250600,20250900,20250900
2025-04-01 00:00:00,138.2,,,20250600,20250900,20250900
2025-04-01 01:00:00,138.21,,,20250600,20250900,20250900
2025-04-01 02:00:00,138.19,,,20250600,20250900,20250900
2025-04-01 03:00:00,138.3,,,20250600,20250900,20250900
2025-04-01 04:00:00,138.29,,,20250600,20250900,20250900
2025-04-01 05:00:00,138.38,137.99,137.99,20250600,20250900,20250900
2025-04-01 06:00:00,138.31,,,20250600,20250900,20250900
2025-04-01 07:00:00,138.38,,,20250600,20250900,20250900
2025-04-01 08:00:00,138.39,,,20250600,20250900,20250900
2025-04-01 09:00:00,138.39,,,20250600,20250900,20250900
2025-04-01 10:00:00,138.44,,,20250600,20250900,20250900
2025-04-01 11:00:00,138.42,,,20250600,20250900,20250900
2025-04-01 12:00:00,138.38,,,20250600,20250900,20250900
2025-04-01 13:00:00,138.36,,,20250600,20250900,20250900
2025-04-01 14:00:00,138.47,,,20250600,20250900,20250900
2025-04-01 15:00:00,138.39,,,20250600,20250900,20250900
2025-04-01 16:00:00,138.3,,,20250600,20250900,20250900
2025-04-01 17:00:00,138.3,,,20250600,20250900,20250900
2025-04-01 18:00:00,138.35,,,20250600,20250900,20250900
2025-04-01 20:00:00,138.33,,,20250600,20250900,20250900
2025-04-01 23:00:00,138.18,,,20250600,20250900,20250900
2025-04-02 00:00:00,138.31,,,20250600,20250900,20250900
2025-04-02 01:00:00,138.43,,,20250600,20250900,20250900
2025-04-02 02:00:00,138.4,,,20250600,20250900,20250900
2025-04-02 03:00:00,138.42,,,20250600,20250900,20250900
2025-04-02 04:00:00,138.38,,,20250600,20250900,20250900
2025-04-02 05:00:00,138.59,138.2,138.2,20250600,20250900,20250900
2025-04-02 06:00:00,138.62,,,20250600,20250900,20250900
2025-04-02 07:00:00,138.67,,,20250600,20250900,20250900
2025-04-02 08:00:00,138.64,,,20250600,20250900,20250900
2025-04-02 09:00:00,138.61,,,20250600,20250900,20250900
2025-04-02 10:00:00,138.7,,,20250600,20250900,20250900
2025-04-02 12:00:00,138.77,,,20250600,20250900,20250900
2025-04-02 13:00:00,138.75,,,20250600,20250900,20250900
2025-04-02 14:00:00,138.62,,,20250600,20250900,20250900
2025-04-02 15:00:00,138.58,,,20250600,20250900,20250900
2025-04-02 16:00:00,138.48,,,20250600,20250900,20250900
2025-04-02 18:00:00,138.49,,,20250600,20250900,20250900
2025-04-02 19:00:00,138.54,,,20250600,20250900,20250900
2025-04-02 20:00:00,138.88,,,20250600,20250900,20250900
2025-04-02 23:00:00,139.8,,,20250600,20250900,20250900
2025-04-03 00:00:00,139.7,,,20250600,20250900,20250900
2025-04-03 01:00:00,139.43,,,20250600,20250900,20250900
2025-04-03 02:00:00,139.42,,,20250600,20250900,20250900
2025-04-03 03:00:00,139.83,,,20250600,20250900,20250900
2025-04-03 04:00:00,139.92,,,20250600,20250900,20250900
2025-04-03 05:00:00,139.66,139.27,139.27,20250600,20250900,20250900
2025-04-03 06:00:00,139.69,,,20250600,20250900,20250900
2025-04-03 07:00:00,139.52,,,20250600,20250900,20250900
2025-04-03 08:00:00,139.63,,,20250600,20250900,20250900
2025-04-03 09:00:00,140.07,,,20250600,20250900,20250900
2025-04-03 10:00:00,140.14,,,20250600,20250900,20250900
2025-04-03 11:00:00,140.08,,,20250600,20250900,20250900
2025-04-03 12:00:00,140.05,,,20250600,20250900,20250900
2025-04-03 13:00:00,140.14,,,20250600,20250900,20250900
2025-04-03 14:00:00,140.19,,,20250600,20250900,20250900
2025-04-03 15:00:00,140.2,,,20250600,20250900,20250900
2025-04-03 16:00:00,140.1,,,20250600,20250900,20250900
2025-04-03 17:00:00,140.12,,,20250600,20250900,20250900
2025-04-03 19:00:00,140.16,,,20250600,20250900,20250900
2025-04-03 20:00:00,140.2,,,20250600,20250900,20250900
2025-04-03 23:00:00,140.55,,,20250600,20250900,20250900
2025-04-04 00:00:00,140.72,,,20250600,20250900,20250900
2025-04-04 01:00:00,140.96,,,20250600,20250900,20250900
2025-04-04 02:00:00,141.04,,,20250600,20250900,20250900
2025-04-04 03:00:00,141.55,,,20250600,20250900,20250900
2025-04-04 04:00:00,141.58,,,20250600,20250900,20250900
2025-04-04 05:00:00,141.62,141.23,141.23,20250600,20250900,20250900
2025-04-04 06:00:00,141.86,,,20250600,20250900,20250900
2025-04-04 07:00:00,141.09,,,20250600,20250900,20250900
2025-04-04 08:00:00,141.59,,,20250600,20250900,20250900
2025-04-04 09:00:00,141.66,,,20250600,20250900,20250900
2025-04-04 10:00:00,142.09,,,20250600,20250900,20250900
2025-04-04 11:00:00,141.86,,,20250600,20250900,20250900
2025-04-04 12:00:00,141.88,,,20250600,20250900,20250900
2025-04-04 13:00:00,141.75,,,20250600,20250900,20250900
2025-04-04 14:00:00,141.83,,,20250600,20250900,20250900
2025-04-04 15:00:00,141.44,,,20250600,20250900,20250900
2025-04-04 16:00:00,141.5,,,20250600,20250900,20250900
2025-04-04 17:00:00,141.41,,,20250600,20250900,20250900
2025-04-04 18:00:00,141.48,,,20250600,20250900,20250900
2025-04-04 19:00:00,141.34,,,20250600,20250900,20250900
2025-04-04 20:00:00,141.54,,,20250600,20250900,20250900
2025-04-06 23:00:00,142.83,,,20250600,20250900,20250900
2025-04-07 00:00:00,142.16,,,20250600,20250900,20250900
2025-04-07 01:00:00,141.91,,,20250600,20250900,20250900
2025-04-07 02:00:00,142.06,,,20250600,20250900,20250900
2025-04-07 03:00:00,142.19,,,20250600,20250900,20250900
2025-04-07 04:00:00,142.3,,,20250600,20250900,20250900
2025-04-07 05:00:00,142.45,142.06,142.06,20250600,20250900,20250900
2025-04-07 06:00:00,142.24,,,20250600,20250900,20250900
2025-04-07 07:00:00,142.46,,,20250600,20250900,20250900
2025-04-07 08:00:00,142.41,,,20250600,20250900,20250900
2025-04-07 09:00:00,142.3,,,20250600,20250900,20250900
2025-04-07 10:00:00,142.1,,,20250600,20250900,20250900
2025-04-07 11:00:00,142.13,,,20250600,20250900,20250900
2025-04-07 12:00:00,141.69,,,20250600,20250900,20250900
2025-04-07 13:00:00,141.63,,,20250600,20250900,20250900
2025-04-07 14:00:00,141.47,,,20250600,20250900,20250900
2025-04-07 15:00:00,141.68,,,20250600,20250900,20250900
2025-04-07 16:00:00,141.58,,,20250600,20250900,20250900
2025-04-07 17:00:00,141.47,,,20250600,20250900,20250900
2025-04-07 18:00:00,141.4,,,20250600,20250900,20250900
2025-04-07 19:00:00,141.35,,,20250600,20250900,20250900
2025-04-07 20:00:00,141.54,,,20250600,20250900,20250900
2025-04-07 23:00:00,140.77,,,20250600,20250900,20250900
2025-04-08 00:00:00,141.19,,,20250600,20250900,20250900
2025-04-08 01:00:00,141.25,,,20250600,20250900,20250900
2025-04-08 02:00:00,141.49,,,20250600,20250900,20250900
2025-04-08 03:00:00,141.27,,,20250600,20250900,20250900
2025-04-08 04:00:00,141.37,,,20250600,20250900,20250900
2025-04-08 05:00:00,141.12,140.39,140.39,20250600,20250900,20250900
2025-04-08 06:00:00,141.16,,,20250600,20250900,20250900
2025-04-08 07:00:00,141.15,,,20250600,20250900,20250900
2025-04-08 08:00:00,140.79,,,20250600,20250900,20250900
2025-04-08 09:00:00,140.77,,,20250600,20250900,20250900
2025-04-08 10:00:00,140.88,,,20250600,20250900,20250900
2025-04-08 11:00:00,140.25,,,20250600,20250900,20250900
2025-04-08 13:00:00,140.11,,,20250600,20250900,20250900
2025-04-08 14:00:00,140.45,,,20250600,20250900,20250900
2025-04-08 15:00:00,140.71,,,20250600,20250900,20250900
2025-04-08 16:00:00,140.71,,,20250600,20250900,20250900
2025-04-08 17:00:00,140.7,,,20250600,20250900,20250900
2025-04-08 18:00:00,141.03,,,20250600,20250900,20250900
2025-04-08 19:00:00,141.08,,,20250600,20250900,20250900
2025-04-08 20:00:00,141.08,,,20250600,20250900,20250900
2025-04-08 23:00:00,141.27,,,20250600,20250900,20250900
2025-04-09 00:00:00,141.29,,,20250600,20250900,20250900
2025-04-09 01:00:00,141.34,,,20250600,20250900,20250900
2025-04-09 02:00:00,141.19,,,20250600,20250900,20250900
2025-04-09 03:00:00,140.75,,,20250600,20250900,20250900
2025-04-09 04:00:00,141.0,,,20250600,20250900,20250900
2025-04-09 05:00:00,141.28,140.89,140.89,20250600,20250900,20250900
2025-04-09 06:00:00,141.42,,,20250600,20250900,20250900
2025-04-09 07:00:00,141.48,,,20250600,20250900,20250900
2025-04-09 08:00:00,141.26,,,20250600,20250900,20250900
2025-04-09 09:00:00,141.27,,,20250600,20250900,20250900
2025-04-09 10:00:00,141.21,,,20250600,20250900,20250900
2025-04-09 11:00:00,141.25,,,20250600,20250900,20250900
2025-04-09 12:00:00,141.28,,,20250600,20250900,20250900
2025-04-09 13:00:00,141.41,,,20250600,20250900,20250900
2025-04-09 14:00:00,141.23,,,20250600,20250900,20250900
2025-04-09 15:00:00,141.19,,,20250600,20250900,20250900
2025-04-09 16:00:00,141.14,,,20250600,20250900,20250900
2025-04-09 17:00:00,140.34,,,20250600,20250900,20250900
2025-04-09 18:00:00,140.31,,,20250600,20250900,20250900
2025-04-09 20:00:00,140.19,,,20250600,20250900,20250900
2025-04-09 23:00:00,140.19,,,20250600,20250900,20250900
2025-04-10 00:00:00,140.51,,,20250600,20250900,20250900
2025-04-10 01:00:00,140.3,,,20250600,20250900,20250900
2025-04-10 02:00:00,140.37,,,20250600,20250900,20250900
2025-04-10 03:00:00,140.76,,,20250600,20250900,20250900
2025-04-10 04:00:00,140.45,,,20250600,20250900,20250900
2025-04-10 05:00:00,140.33,140.15,140.15,20250600,20250900,20250900
2025-04-10 06:00:00,140.28,,,20250600,20250900,20250900
2025-04-10 07:00:00,140.63,,,20250600,20250900,20250900
2025-04-10 08:00:00,140.59,,,20250600,20250900,20250900
2025-04-10 09:00:00,140.71,,,20250600,20250900,20250900
2025-04-10 10:00:00,140.65,,,20250600,20250900,20250900
2025-04-10 11:00:00,140.75,,,20250600,20250900,20250900
2025-04-10 12:00:00,140.68,,,20250600,20250900,20250900
2025-04-10 13:00:00,140.89,,,20250600,20250900,20250900
2025-04-10 14:00:00,140.87,,,20250600,20250900,20250900
2025-04-10 15:00:00,140.87,,,20250600,20250900,20250900
2025-04-10 16:00:00,140.92,,,20250600,20250900,20250900
2025-04-10 17:00:00,140.9,,,20250600,20250900,20250900
2025-04-10 18:00:00,140.85,,,20250600,20250900,20250900
2025-04-10 19:00:00,140.72,,,20250600,20250900,20250900
2025-04-10 20:00:00,140.68,,,20250600,20250900,20250900
2025-04-10 23:00:00,140.83,,,20250600,20250900,20250900
2025-04-11 00:00:00,140.83,,,20250600,20250900,20250900
2025-04-11 01:00:00,140.9,,,20250600,20250900,20250900
2025-04-11 02:00:00,140.83,,,20250600,20250900,20250900
2025-04-11 03:00:00,141.17,,,20250600,20250900,20250900
2025-04-11 04:00:00,140.92,,,20250600,20250900,20250900
2025-04-11 05:00:00,141.8,141.41,141.41,20250600,20250900,20250900
2025-04-11 06:00:00,141.22,,,20250600,20250900,20250900
2025-04-11 07:00:00,141.4,,,20250600,20250900,20250900
2025-04-11 08:00:00,141.77,,,20250600,20250900,20250900
2025-04-11 09:00:00,141.78,,,20250600,20250900,20250900
2025-04-11 10:00:00,141.83,,,20250600,20250900,20250900
2025-04-11 11:00:00,141.98,,,20250600,20250900,20250900
2025-04-11 12:00:00,141.67,,,20250600,20250900,20250900
2025-04-11 13:00:00,141.35,,,20250600,20250900,20250900
2025-04-11 14:00:00,141.31,,,20250600,20250900,20250900
2025-04-11 15:00:00,141.27,,,20250600,20250900,20250900
2025-04-11 16:00:00,141.34,,,20250600,20250900,20250900
2025-04-11 17:00:00,141.3,,,20250600,20250900,20250900
2025-04-11 19:00:00,141.35,,,20250600,20250900,20250900
2025-04-11 20:00:00,141.27,,,20250600,20250900,20250900
2025-04-13 23:00:00,141.34,,,20250600,20250900,20250900
2025-04-14 00:00:00,141.01,,,20250600,20250900,20250900
2025-04-14 01:00:00,141.15,,,20250600,20250900,20250900
2025-04-14 02:00:00,141.26,,,20250600,20250900,20250900
2025-04-14 03:00:00,141.39,,,20250600,20250900,20250900
2025-04-14 04:00:00,141.18,,,20250600,20250900,20250900
2025-04-14 05:00:00,141.11,140.72,140.72,20250600,20250900,20250900
2025-04-14 06:00:00,141.12,,,20250600,20250900,20250900
2025-04-14 07:00:00,141.14,,,20250600,20250900,20250900
2025-04-14 08:00:00,141.1,,,20250600,20250900,20250900
2025-04-14 09:00:00,141.03,,,20250600,20250900,20250900
2025-04-14 10:00:00,141.05,,,20250600,20250900,20250900
2025-04-14 12:00:00,140.94,,,20250600,20250900,20250900
2025-04-14 13:00:00,141.02,,,20250600,20250900,20250900
2025-04-14 14:00:00,140.86,,,20250600,20250900,20250900
2025-04-14 15:00:00,141.01,,,20250600,20250900,20250900
2025-04-14 16:00:00,141.01,,,20250600,20250900,20250900
2025-04-14 17:00:00,141.04,,,20250600,20250900,20250900
2025-04-14 19:00:00,141.01,,,20250600,20250900,20250900
2025-04-14 20:00:00,140.99,,,20250600,20250900,20250900
2025-04-14 23:00:00,141.09,,,20250600,20250900,20250900
2025-04-15 00:00:00,140.8,,,20250600,20250900,20250900
2025-04-15 01:00:00,140.78,,,20250600,20250900,20250900
2025-04-15 02:00:00,140.72,,,20250600,20250900,20250900
2025-04-15 03:00:00,140.63,,,20250600,20250900,20250900
2025-04-15 04:00:00,140.42,,,20250600,20250900,20250900
2025-04-15 05:00:00,140.4,140.0,140.0,20250600,20250900,20250900
2025-04-15 06:00:00,140.37,,,20250600,20250900,20250900
2025-04-15 07:00:00,140.35,,,20250600,20250900,20250900
2025-04-15 08:00:00,140.35,,,20250600,20250900,20250900
2025-04-15 09:00:00,140.34,,,20250600,20250900,20250900
2025-04-15 10:00:00,140.4,,,20250600,20250900,20250900
2025-04-15 11:00:00,140.42,,,20250600,20250900,20250900
2025-04-15 12:00:00,140.25,,,20250600,20250900,20250900
2025-04-15 13:00:00,140.23,,,20250600,20250900,20250900
2025-04-15 14:00:00,140.26,,,20250600,20250900,20250900
2025-04-15 15:00:00,140.39,,,20250600,20250900,20250900
2025-04-15 16:00:00,140.44,,,20250600,20250900,20250900
2025-04-15 17:00:00,140.5,,,20250600,20250900,20250900
2025-04-15 19:00:00,140.6,,,20250600,20250900,20250900
2025-04-15 20:00:00,140.57,,,20250600,20250900,20250900
2025-04-15 23:00:00,140.73,,,20250600,20250900,20250900
2025-04-16 00:00:00,140.81,,,20250600,20250900,20250900
2025-04-16 01:00:00,140.81,,,20250600,20250900,20250900
2025-04-16 02:00:00,140.83,,,20250600,20250900,20250900
2025-04-16 03:00:00,140.72,,,20250600,20250900,20250900
2025-04-16 04:00:00,140.88,,,20250600,20250900,20250900
2025-04-16 05:00:00,141.14,141.04,141.04,20250600,20250900,20250900
2025-04-16 06:00:00,141.19,,,20250600,20250900,20250900
2025-04-16 07:00:00,141.28,,,20250600,20250900,20250900
2025-04-16 08:00:00,141.35,,,20250600,20250900,20250900
2025-04-16 09:00:00,141.35,,,20250600,20250900,20250900
2025-04-16 10:00:00,141.31,,,20250600,20250900,20250900
2025-04-16 11:00:00,141.34,,,20250600,20250900,20250900
2025-04-16 12:00:00,141.23,,,20250600,20250900,20250900
2025-04-16 13:00:00,141.23,,,20250600,20250900,20250900
2025-04-16 14:00:00,141.23,,,20250600,20250900,20250900
2025-04-16 15:00:00,141.32,,,20250600,20250900,20250900
2025-04-16 16:00:00,141.37,,,20250600,20250900,20250900
2025-04-16 17:00:00,141.34,,,20250600,20250900,20250900
2025-04-16 19:00:00,141.48,,,20250600,20250900,20250900
2025-04-16 20:00:00,141.43,,,20250600,20250900,20250900
2025-04-16 23:00:00,141.16,,,20250600,20250900,20250900
2025-04-17 00:00:00,140.98,,,20250600,20250900,20250900
2025-04-17 01:00:00,140.89,,,20250600,20250900,20250900
2025-04-17 02:00:00,140.88,,,20250600,20250900,20250900
2025-04-17 03:00:00,140.58,,,20250600,20250900,20250900
2025-04-17 04:00:00,140.71,,,20250600,20250900,20250900
2025-04-17 05:00:00,140.88,140.38,140.38,20250600,20250900,20250900
2025-04-17 06:00:00,140.78,,,20250600,20250900,20250900
2025-04-17 07:00:00,140.78,,,20250600,20250900,20250900
2025-04-17 08:00:00,140.76,,,20250600,20250900,20250900
2025-04-17 09:00:00,140.72,,,20250600,20250900,20250900
2025-04-17 10:00:00,140.75,,,20250600,20250900,20250900
2025-04-17 11:00:00,140.74,,,20250600,20250900,20250900
2025-04-17 12:00:00,140.87,,,20250600,20250900,20250900
2025-04-17 13:00:00,140.87,,,20250600,20250900,20250900
2025-04-17 16:00:00,140.85,,,20250600,20250900,20250900
2025-04-17 19:00:00,140.86,,,20250600,20250900,20250900
2025-04-17 20:00:00,140.81,,,20250600,20250900,20250900
2025-04-17 23:00:00,140.88,,,20250600,20250900,20250900
2025-04-18 00:00:00,140.93,,,20250600,20250900,20250900
2025-04-18 01:00:00,141.04,,,20250600,20250900,20250900
2025-04-18 03:00:00,141.01,,,20250600,20250900,20250900
2025-04-18 04:00:00,141.06,,,20250600,20250900,20250900
2025-04-18 05:00:00,141.18,140.96,140.96,20250600,20250900,20250900
2025-04-18 06:00:00,141.15,,,20250600,20250900,20250900
2025-04-18 07:00:00,141.22,,,20250600,20250900,20250900
2025-04-18 08:00:00,141.35,,,20250600,20250900,20250900
2025-04-18 09:00:00,141.29,,,20250600,20250900,20250900
2025-04-18 11:00:00,141.32,,,20250600,20250900,20250900
2025-04-18 13:00:00,141.3,,,20250600,20250900,20250900
2025-04-18 14:00:00,141.27,,,20250600,20250900,20250900
2025-04-18 16:00:00,141.26,,,20250600,20250900,20250900
2025-04-18 19:00:00,141.27,,,20250600,20250900,20250900
2025-04-18 20:00:00,141.25,,,20250600,20250900,20250900
2025-04-20 23:00:00,141.29,,,20250600,20250900,20250900
2025-04-21 00:00:00,141.03,,,20250600,20250900,20250900
2025-04-21 01:00:00,141.08,,,20250600,20250900,20250900
2025-04-21 02:00:00,141.02,,,20250600,20250900,20250900
2025-04-21 03:00:00,141.01,,,20250600,20250900,20250900
2025-04-21 04:00:00,140.98,,,20250600,20250900,20250900
2025-04-21 05:00:00,140.99,140.64,140.64,20250600,20250900,20250900
2025-04-21 06:00:00,140.99,,,20250600,20250900,20250900
2025-04-21 07:00:00,141.02,,,20250600,20250900,20250900
2025-04-21 08:00:00,141.07,,,20250600,20250900,20250900
2025-04-21 09:00:00,141.02,,,20250600,20250900,20250900
2025-04-21 10:00:00,140.68,,,20250600,20250900,20250900
2025-04-21 11:00:00,140.64,,,20250600,20250900,20250900
2025-04-21 12:00:00,140.75,,,20250600,20250900,20250900
2025-04-21 13:00:00,140.88,,,20250600,20250900,20250900
2025-04-21 14:00:00,140.89,,,20250600,20250900,20250900
2025-04-21 15:00:00,140.94,,,20250600,20250900,20250900
2025-04-21 17:00:00,140.92,,,20250600,20250900,20250900
2025-04-21 18:00:00,140.96,,,20250600,20250900,20250900
2025-04-21 19:00:00,140.92,,,20250600,20250900,20250900
2025-04-21 20:00:00,140.88,,,20250600,20250900,20250900
2025-04-21 23:00:00,140.65,,,20250600,20250900,20250900
2025-04-22 00:00:00,140.72,,,20250600,20250900,20250900
2025-04-22 01:00:00,140.57,,,20250600,20250900,20250900
2025-04-22 02:00:00,140.49,,,20250600,20250900,20250900
2025-04-22 03:00:00,140.82,,,20250600,20250900,20250900
2025-04-22 04:00:00,140.73,,,20250600,20250900,20250900
2025-04-22 05:00:00,140.78,140.39,140.39,20250600,20250900,20250900
2025-04-22 06:00:00,140.67,,,20250600,20250900,20250900
2025-04-22 07:00:00,140.72,,,20250600,20250900,20250900
2025-04-22 08:00:00,140.79,,,20250600,20250900,20250900
2025-04-22 09:00:00,140.78,,,20250600,20250900,20250900
2025-04-22 10:00:00,140.77,,,20250600,20250900,20250900
2025-04-22 11:00:00,140.82,,,20250600,20250900,20250900
2025-04-22 12:00:00,140.8,,,20250600,20250900,20250900
2025-04-22 13:00:00,140.74,,,20250600,20250900,20250900
2025-04-22 14:00:00,140.74,,,20250600,20250900,20250900
2025-04-22 15:00:00,140.75,,,20250600,20250900,20250900
2025-04-22 16:00:00,140.6,,,20250600,20250900,20250900
2025-04-22 17:00:00,140.63,,,20250600,20250900,20250900
2025-04-22 18:00:00,140.6,,,20250600,20250900,20250900
2025-04-22 19:00:00,140.61,,,20250600,20250900,20250900
2025-04-22 20:00:00,140.63,,,20250600,20250900,20250900
2025-04-22 23:00:00,140.3,,,20250600,20250900,20250900
2025-04-23 00:00:00,140.37,,,20250600,20250900,20250900
2025-04-23 01:00:00,140.39,,,20250600,20250900,20250900
2025-04-23 02:00:00,140.39,,,20250600,20250900,20250900
2025-04-23 03:00:00,140.44,,,20250600,20250900,20250900
2025-04-23 04:00:00,140.49,,,20250600,20250900,20250900
2025-04-23 05:00:00,140.44,140.09,140.09,20250600,20250900,20250900
2025-04-23 06:00:00,140.46,,,20250600,20250900,20250900
2025-04-23 07:00:00,140.42,,,20250600,20250900,20250900
2025-04-23 08:00:00,140.5,,,20250600,20250900,20250900
2025-04-23 09:00:00,140.53,,,20250600,20250900,20250900
2025-04-23 10:00:00,140.47,,,20250600,20250900,20250900
2025-04-23 12:00:00,140.48,,,20250600,20250900,20250900
2025-04-23 13:00:00,140.2,,,20250600,20250900,20250900
2025-04-23 14:00:00,140.02,,,20250600,20250900,20250900
2025-04-23 15:00:00,140.08,,,20250600,20250900,20250900
2025-04-23 16:00:00,140.08,,,20250600,20250900,20250900
2025-04-23 17:00:00,140.09,,,20250600,20250900,20250900
2025-04-23 18:00:00,139.99,,,20250600,20250900,20250900
2025-04-23 19:00:00,139.99,,,20250600,20250900,20250900
2025-04-23 20:00:00,140.05,,,20250600,20250900,20250900
2025-04-23 23:00:00,140.18,,,20250600,20250900,20250900
2025-04-24 00:00:00,140.35,,,20250600,20250900,20250900
2025-04-24 01:00:00,140.35,,,20250600,20250900,20250900
2025-04-24 02:00:00,140.36,,,20250600,20250900,20250900
2025-04-24 03:00:00,140.41,,,20250600,20250900,20250900
2025-04-24 04:00:00,140.63,,,20250600,20250900,20250900
2025-04-24 05:00:00,140.77,140.38,140.38,20250600,20250900,20250900
2025-04-24 06:00:00,140.73,,,20250600,20250900,20250900
2025-04-24 07:00:00,140.64,,,20250600,20250900,20250900
2025-04-24 08:00:00,140.76,,,20250600,20250900,20250900
2025-04-24 09:00:00,140.7,,,20250600,20250900,20250900
2025-04-24 10:00:00,140.64,,,20250600,20250900,20250900
2025-04-24 11:00:00,140.62,,,20250600,20250900,20250900
2025-04-24 12:00:00,140.67,,,20250600,20250900,20250900
2025-04-24 13:00:00,140.59,,,20250600,20250900,20250900
2025-04-24 14:00:00,140.59,,,20250600,20250900,20250900
2025-04-24 15:00:00,140.68,,,20250600,20250900,20250900
2025-04-24 16:00:00,140.67,,,20250600,20250900,20250900
2025-04-24 17:00:00,140.67,,,20250600,20250900,20250900
2025-04-24 19:00:00,140.73,,,20250600,20250900,20250900
2025-04-24 23:00:00,140.48,,,20250600,20250900,20250900
2025-04-25 00:00:00,140.31,,,20250600,20250900,20250900
2025-04-25 01:00:00,140.34,,,20250600,20250900,20250900
2025-04-25 02:00:00,140.35,,,20250600,20250900,20250900
2025-04-25 03:00:00,140.29,,,20250600,20250900,20250900
2025-04-25 04:00:00,140.44,,,20250600,20250900,20250900
2025-04-25 05:00:00,140.42,139.79,139.79,20250600,20250900,20250900
2025-04-25 06:00:00,140.34,,,20250600,20250900,20250900
2025-04-25 07:00:00,140.35,,,20250600,20250900,20250900
2025-04-25 08:00:00,140.3,,,20250600,20250900,20250900
2025-04-25 09:00:00,140.32,,,20250600,20250900,20250900
2025-04-25 10:00:00,140.34,,,20250600,20250900,20250900
2025-04-25 12:00:00,140.37,,,20250600,20250900,20250900
2025-04-25 13:00:00,140.32,,,20250600,20250900,20250900
2025-04-25 14:00:00,140.26,,,20250600,20250900,20250900
2025-04-25 15:00:00,140.33,,,20250600,20250900,20250900
2025-04-25 16:00:00,140.38,,,20250600,20250900,20250900
2025-04-25 18:00:00,140.39,,,20250600,20250900,20250900
2025-04-25 19:00:00,140.43,,,20250600,20250900,20250900
2025-04-25 20:00:00,140.46,,,20250600,20250900,20250900
2025-04-27 23:00:00,140.35,,,20250600,20250900,20250900
2025-04-28 00:00:00,140.48,,,20250600,20250900,20250900
2025-04-28 01:00:00,140.58,,,20250600,20250900,20250900
2025-04-28 02:00:00,140.53,,,20250600,20250900,20250900
2025-04-28 03:00:00,140.62,,,20250600,20250900,20250900
2025-04-28 04:00:00,140.59,,,20250600,20250900,20250900
2025-04-28 05:00:00,140.63,140.02,140.02,20250600,20250900,20250900
2025-04-28 06:00:00,140.56,,,20250600,20250900,20250900
2025-04-28 07:00:00,140.57,,,20250600,20250900,20250900
2025-04-28 08:00:00,140.56,,,20250600,20250900,20250900
2025-04-28 09:00:00,140.55,,,20250600,20250900,20250900
2025-04-28 10:00:00,140.54,,,20250600,20250900,20250900
2025-04-28 11:00:00,140.54,,,20250600,20250900,20250900
2025-04-28 12:00:00,140.5,,,20250600,20250900,20250900
2025-04-28 13:00:00,140.52,,,20250600,20250900,20250900
2025-04-28 14:00:00,140.57,,,20250600,20250900,20250900
2025-04-28 15:00:00,140.59,,,20250600,20250900,20250900
2025-04-28 16:00:00,140.58,,,20250600,20250900,20250900
2025-04-28 17:00:00,140.56,,,20250600,20250900,20250900
2025-04-28 19:00:00,140.59,,,20250600,20250900,20250900
2025-04-28 20:00:00,140.53,,,20250600,20250900,20250900
2025-04-29 00:00:00,140.33,,,20250600,20250900,20250900
2025-04-29 01:00:00,140.38,,,20250600,20250900,20250900
2025-04-29 02:00:00,140.38,,,20250600,20250900,20250900
2025-04-29 03:00:00,140.37,,,20250600,20250900,20250900
2025-04-29 05:00:00,140.37,139.83,139.83,20250600,20250900,20250900
2025-04-29 06:00:00,140.33,,,20250600,20250900,20250900
2025-04-29 07:00:00,140.35,,,20250600,20250900,20250900
2025-04-29 08:00:00,140.36,,,20250600,20250900,20250900
2025-04-29 09:00:00,140.36,,,20250600,20250900,20250900
2025-04-29 13:00:00,140.39,,,20250600,20250900,20250900
2025-04-29 14:00:00,140.4,,,20250600,20250900,20250900
2025-04-29 15:00:00,140.51,,,20250600,20250900,20250900
2025-04-29 17:00:00,140.42,,,20250600,20250900,20250900
2025-04-29 20:00:00,140.41,,,20250600,20250900,20250900
2025-04-29 23:00:00,140.65,,,20250600,20250900,20250900
2025-04-30 00:00:00,140.6,,,20250600,20250900,20250900
2025-04-30 01:00:00,140.61,,,20250600,20250900,20250900
2025-04-30 02:00:00,140.61,,,20250600,20250900,20250900
2025-04-30 03:00:00,140.71,,,20250600,20250900,20250900
2025-04-30 04:00:00,140.7,,,20250600,20250900,20250900
2025-04-30 05:00:00,140.62,140.12,140.12,20250600,20250900,20250900
2025-04-30 06:00:00,140.64,,,20250600,20250900,20250900
2025-04-30 07:00:00,140.63,,,20250600,20250900,20250900
2025-04-30 08:00:00,140.62,,,20250600,20250900,20250900
2025-04-30 09:00:00,140.65,,,20250600,20250900,20250900
2025-04-30 10:00:00,140.67,,,20250600,20250900,20250900
2025-04-30 11:00:00,140.67,,,20250600,20250900,20250900
2025-04-30 12:00:00,140.68,,,20250600,20250900,20250900
2025-04-30 13:00:00,140.91,,,20250600,20250900,20250900
2025-04-30 14:00:00,140.87,,,20250600,20250900,20250900
2025-04-30 15:00:00,140.86,,,20250600,20250900,20250900
2025-04-30 16:00:00,140.79,,,20250600,20250900,20250900
2025-04-30 17:00:00,140.85,,,20250600,20250900,20250900
2025-04-30 18:00:00,140.81,,,20250600,20250900,20250900
2025-04-30 19:00:00,140.9,,,20250600,20250900,20250900
2025-04-30 20:00:00,140.89,,,20250600,20250900,20250900
2025-04-30 23:00:00,140.82,,,20250600,20250900,20250900
2025-05-01 00:00:00,140.73,,,20250600,20250900,20250900
2025-05-01 01:00:00,140.7,,,20250600,20250900,20250900
2025-05-01 02:00:00,140.71,,,20250600,20250900,20250900
2025-05-01 03:00:00,141.24,,,20250600,20250900,20250900
2025-05-01 04:00:00,141.2,,,20250600,20250900,20250900
2025-05-01 05:00:00,141.16,140.83,140.83,20250600,20250900,20250900
2025-05-01 06:00:00,141.42,,,20250600,20250900,20250900
2025-05-01 07:00:00,141.39,,,20250600,20250900,20250900
2025-05-01 08:00:00,141.37,,,20250600,20250900,20250900
2025-05-01 09:00:00,141.42,,,20250600,20250900,20250900
2025-05-01 10:00:00,141.43,,,20250600,20250900,20250900
2025-05-01 11:00:00,141.42,,,20250600,20250900,20250900
2025-05-01 12:00:00,141.44,,,20250600,20250900,20250900
2025-05-01 13:00:00,141.41,,,20250600,20250900,20250900
2025-05-01 14:00:00,141.41,,,20250600,20250900,20250900
2025-05-01 15:00:00,141.28,,,20250600,20250900,20250900
2025-05-01 16:00:00,141.24,,,20250600,20250900,20250900
2025-05-01 17:00:00,141.28,,,20250600,20250900,20250900
2025-05-01 18:00:00,141.24,,,20250600,20250900,20250900
2025-05-01 19:00:00,141.31,,,20250600,20250900,20250900
2025-05-01 20:00:00,141.34,,,20250600,20250900,20250900
2025-05-01 23:00:00,141.34,,,20250600,20250900,20250900
2025-05-02 00:00:00,141.08,,,20250600,20250900,20250900
2025-05-02 01:00:00,141.15,,,20250600,20250900,20250900
2025-05-02 02:00:00,141.17,,,20250600,20250900,20250900
2025-05-02 03:00:00,141.19,,,20250600,20250900,20250900
2025-05-02 04:00:00,141.21,,,20250600,20250900,20250900
2025-05-02 05:00:00,141.28,140.75,140.75,20250600,20250900,20250900
2025-05-02 06:00:00,141.1,,,20250600,20250900,20250900
2025-05-02 07:00:00,141.22,,,20250600,20250900,20250900
2025-05-02 08:00:00,141.32,,,20250600,20250900,20250900
2025-05-02 09:00:00,141.26,,,20250600,20250900,20250900
2025-05-02 10:00:00,141.3,,,20250600,20250900,20250900
2025-05-02 11:00:00,141.27,,,20250600,20250900,20250900
2025-05-02 12:00:00,141.09,,,20250600,20250900,20250900
2025-05-02 13:00:00,141.13,,,20250600,20250900,20250900
2025-05-02 14:00:00,141.0,,,20250600,20250900,20250900
2025-05-02 15:00:00,140.96,,,20250600,20250900,20250900
2025-05-02 16:00:00,140.86,,,20250600,20250900,20250900
2025-05-02 17:00:00,140.88,,,20250600,20250900,20250900
2025-05-02 18:00:00,140.92,,,20250600,20250900,20250900
2025-05-02 19:00:00,140.96,,,20250600,20250900,20250900
2025-05-02 20:00:00,141.11,,,20250600,20250900,20250900
2025-05-05 01:00:00,140.93,,,20250600,20250900,20250900
2025-05-05 04:00:00,141.02,,,20250600,20250900,20250900
2025-05-05 05:00:00,141.08,140.55,140.55,20250600,20250900,20250900
2025-05-05 06:00:00,141.09,,,20250600,20250900,20250900
2025-05-05 07:00:00,141.07,,,20250600,20250900,20250900
2025-05-05 08:00:00,141.09,,,20250600,20250900,20250900
2025-05-05 09:00:00,141.1,,,20250600,20250900,20250900
2025-05-05 13:00:00,141.01,,,20250600,20250900,20250900
2025-05-05 14:00:00,141.03,,,20250600,20250900,20250900
2025-05-05 15:00:00,141.11,,,20250600,20250900,20250900
2025-05-05 18:00:00,141.02,,,20250600,20250900,20250900
2025-05-05 19:00:00,141.1,,,20250600,20250900,20250900
2025-05-05 20:00:00,141.1,,,20250600,20250900,20250900
2025-05-06 00:00:00,141.09,,,20250600,20250900,20250900
2025-05-06 01:00:00,141.07,,,20250600,20250900,20250900
2025-05-06 02:00:00,141.09,,,20250600,20250900,20250900
2025-05-06 03:00:00,141.09,,,20250600,20250900,20250900
2025-05-06 04:00:00,141.07,,,20250600,20250900,20250900
2025-05-06 05:00:00,141.01,140.48,140.48,20250600,20250900,20250900
2025-05-06 06:00:00,141.08,,,20250600,20250900,20250900
2025-05-06 08:00:00,141.01,,,20250600,20250900,20250900
2025-05-06 09:00:00,141.06,,,20250600,20250900,20250900
2025-05-06 13:00:00,141.06,,,20250600,20250900,20250900
2025-05-06 14:00:00,141.02,,,20250600,20250900,20250900
2025-05-06 15:00:00,141.02,,,20250600,20250900,20250900
2025-05-06 16:00:00,141.02,,,20250600,20250900,20250900
2025-05-06 20:00:00,141.05,,,20250600,20250900,20250900
2025-05-06 23:00:00,140.92,,,20250600,20250900,20250900
2025-05-07 00:00:00,141.09,,,20250600,20250900,20250900
2025-05-07 01:00:00,141.05,,,20250600,20250900,20250900
2025-05-07 02:00:00,141.06,,,20250600,20250900,20250900
2025-05-07 03:00:00,141.02,,,20250600,20250900,20250900
2025-05-07 04:00:00,140.93,,,20250600,20250900,20250900
2025-05-07 05:00:00,140.82,140.2,140.2,20250600,20250900,20250900
2025-05-07 06:00:00,140.82,,,20250600,20250900,20250900
2025-05-07 07:00:00,140.74,,,20250600,20250900,20250900
2025-05-07 08:00:00,140.7,,,20250600,20250900,20250900
2025-05-07 09:00:00,140.72,,,20250600,20250900,20250900
2025-05-07 10:00:00,140.68,,,20250600,20250900,20250900
2025-05-07 11:00:00,140.65,,,20250600,20250900,20250900
2025-05-07 12:00:00,140.65,,,20250600,20250900,20250900
2025-05-07 13:00:00,140.76,,,20250600,20250900,20250900
2025-05-07 14:00:00,140.79,,,20250600,20250900,20250900
2025-05-07 15:00:00,140.82,,,20250600,20250900,20250900
2025-05-07 16:00:00,140.83,,,20250600,20250900,20250900
2025-05-07 17:00:00,140.92,,,20250600,20250900,20250900
2025-05-07 18:00:00,140.82,,,20250600,20250900,20250900
2025-05-07 19:00:00,140.81,,,20250600,20250900,20250900
2025-05-07 20:00:00,140.78,,,20250600,20250900,20250900
2025-05-07 23:00:00,140.78,,,20250600,20250900,20250900
2025-05-08 00:00:00,140.95,,,20250600,20250900,20250900
2025-05-08 01:00:00,141.07,,,20250600,20250900,20250900
2025-05-08 02:00:00,141.05,,,20250600,20250900,20250900
2025-05-08 03:00:00,140.68,140.2,140.2,20250600,20250900,20250900
2025-05-08 04:00:00,140.62,,,20250600,20250900,20250900
2025-05-08 05:00:00,140.48,140.04,140.04,20250600,20250900,20250900
2025-05-08 06:00:00,140.59,,,20250600,20250900,20250900
2025-05-08 07:00:00,140.53,,,20250600,20250900,20250900
2025-05-08 08:00:00,140.51,,,20250600,20250900,20250900
2025-05-08 09:00:00,140.47,,,20250600,20250900,20250900
2025-05-08 11:00:00,140.51,,,20250600,20250900,20250900
2025-05-08 12:00:00,140.54,,,20250600,20250900,20250900
2025-05-08 13:00:00,140.44,140.0,140.0,20250600,20250900,20250900
2025-05-08 14:00:00,140.39,,,20250600,20250900,20250900
2025-05-08 15:00:00,140.45,,,20250600,20250900,20250900
2025-05-08 16:00:00,140.26,139.8,139.8,20250600,20250900,20250900
2025-05-08 17:00:00,140.17,,,20250600,20250900,20250900
2025-05-08 18:00:00,140.15,,,20250600,20250900,20250900
2025-05-08 19:00:00,140.08,,,20250600,20250900,20250900
2025-05-08 23:00:00,140.27,,,20250600,20250900,20250900
2025-05-09 00:00:00,140.31,,,20250600,20250900,20250900
2025-05-09 01:00:00,140.25,,,20250600,20250900,20250900
2025-05-09 02:00:00,140.24,,,20250600,20250900,20250900
2025-05-09 03:00:00,140.22,,,20250600,20250900,20250900
2025-05-09 04:00:00,140.28,,,20250600,20250900,20250900
2025-05-09 05:00:00,140.3,139.86,139.86,20250600,20250900,20250900
2025-05-09 06:00:00,140.29,,,20250600,20250900,20250900
2025-05-09 07:00:00,140.22,,,20250600,20250900,20250900
2025-05-09 08:00:00,140.27,,,20250600,20250900,20250900
2025-05-09 09:00:00,140.23,,,20250600,20250900,20250900
2025-05-09 11:00:00,140.24,,,20250600,20250900,20250900
2025-05-09 12:00:00,140.24,,,20250600,20250900,20250900
2025-05-09 13:00:00,140.25,,,20250600,20250900,20250900
2025-05-09 14:00:00,140.3,,,20250600,20250900,20250900
2025-05-09 15:00:00,140.24,,,20250600,20250900,20250900
2025-05-09 16:00:00,140.24,,,20250600,20250900,20250900
2025-05-09 17:00:00,140.27,,,20250600,20250900,20250900
2025-05-09 19:00:00,140.26,,,20250600,20250900,20250900
2025-05-09 20:00:00,140.21,,,20250600,20250900,20250900
2025-05-11 23:00:00,140.02,,,20250600,20250900,20250900
2025-05-12 00:00:00,139.97,,,20250600,20250900,20250900
2025-05-12 01:00:00,139.95,,,20250600,20250900,20250900
2025-05-12 02:00:00,139.89,,,20250600,20250900,20250900
2025-05-12 03:00:00,139.94,,,20250600,20250900,20250900
2025-05-12 04:00:00,140.02,,,20250600,20250900,20250900
2025-05-12 05:00:00,139.99,138.86,138.86,20250600,20250900,20250900
2025-05-12 06:00:00,139.91,139.45,139.45,20250600,20250900,20250900
2025-05-12 07:00:00,139.43,139.15,139.15,20250600,20250900,20250900
2025-05-12 08:00:00,139.42,,,20250600,20250900,20250900
2025-05-12 09:00:00,139.41,,,20250600,20250900,20250900
2025-05-12 10:00:00,139.32,,,20250600,20250900,20250900
2025-05-12 11:00:00,139.44,,,20250600,20250900,20250900
2025-05-12 12:00:00,139.32,,,20250600,20250900,20250900
2025-05-12 13:00:00,139.39,,,20250600,20250900,20250900
2025-05-12 14:00:00,139.46,,,20250600,20250900,20250900
2025-05-12 15:00:00,139.37,,,20250600,20250900,20250900
2025-05-12 16:00:00,139.46,,,20250600,20250900,20250900
2025-05-12 17:00:00,139.38,,,20250600,20250900,20250900
2025-05-12 19:00:00,139.38,,,20250600,20250900,20250900
2025-05-12 20:00:00,139.31,,,20250600,20250900,20250900
2025-05-12 23:00:00,139.2,,,20250600,20250900,20250900
2025-05-13 00:00:00,139.33,,,20250600,20250900,20250900
2025-05-13 01:00:00,139.25,,,20250600,20250900,20250900
2025-05-13 02:00:00,139.21,,,20250600,20250900,20250900
2025-05-13 03:00:00,139.28,,,20250600,20250900,20250900
2025-05-13 04:00:00,139.17,,,20250600,20250900,20250900
2025-05-13 05:00:00,139.34,139.0,139.0,20250600,20250900,20250900
2025-05-13 06:00:00,139.47,,,20250600,20250900,20250900
2025-05-13 07:00:00,139.51,,,20250600,20250900,20250900
2025-05-13 08:00:00,139.54,,,20250600,20250900,20250900
2025-05-13 09:00:00,139.54,,,20250600,20250900,20250900
2025-05-13 10:00:00,139.5,,,20250600,20250900,20250900
2025-05-13 11:00:00,139.52,,,20250600,20250900,20250900
2025-05-13 12:00:00,139.57,,,20250600,20250900,20250900
2025-05-13 13:00:00,139.45,,,20250600,20250900,20250900
2025-05-13 14:00:00,139.45,,,20250600,20250900,20250900
2025-05-13 15:00:00,139.33,,,20250600,20250900,20250900
2025-05-13 16:00:00,139.35,,,20250600,20250900,20250900
2025-05-13 17:00:00,139.32,,,20250600,20250900,20250900
2025-05-13 19:00:00,139.34,,,20250600,20250900,20250900
2025-05-13 20:00:00,139.35,,,20250600,20250900,20250900
2025-05-13 23:00:00,139.34,,,20250600,20250900,20250900
2025-05-14 00:00:00,139.32,,,20250600,20250900,20250900
2025-05-14 01:00:00,139.43,,,20250600,20250900,20250900
2025-05-14 02:00:00,139.47,,,20250600,20250900,20250900
2025-05-14 03:00:00,139.42,,,20250600,20250900,20250900
2025-05-14 04:00:00,139.46,,,20250600,20250900,20250900
2025-05-14 05:00:00,139.34,138.81,138.81,20250600,20250900,20250900
2025-05-14 06:00:00,139.38,,,20250600,20250900,20250900
2025-05-14 07:00:00,139.41,,,20250600,20250900,20250900
2025-05-14 08:00:00,139.32,,,20250600,20250900,20250900
2025-05-14 09:00:00,139.38,,,20250600,20250900,20250900
2025-05-14 10:00:00,139.4,,,20250600,20250900,20250900
2025-05-14 11:00:00,139.33,,,20250600,20250900,20250900
2025-05-14 12:00:00,139.29,,,20250600,20250900,20250900
2025-05-14 13:00:00,139.23,,,20250600,20250900,20250900
2025-05-14 14:00:00,139.18,,,20250600,20250900,20250900
2025-05-14 15:00:00,139.04,,,20250600,20250900,20250900
2025-05-14 16:00:00,139.04,,,20250600,20250900,20250900
2025-05-14 17:00:00,139.06,,,20250600,20250900,20250900
2025-05-14 20:00:00,139.02,,,20250600,20250900,20250900
2025-05-14 23:00:00,139.19,,,20250600,20250900,20250900
2025-05-15 00:00:00,139.19,,,20250600,20250900,20250900
2025-05-15 01:00:00,139.25,,,20250600,20250900,20250900
2025-05-15 02:00:00,139.23,,,20250600,20250900,20250900
2025-05-15 03:00:00,139.32,,,20250600,20250900,20250900
2025-05-15 04:00:00,139.21,,,20250600,20250900,20250900
2025-05-15 05:00:00,139.29,138.76,138.76,20250600,20250900,20250900
2025-05-15 06:00:00,139.22,,,20250600,20250900,20250900
2025-05-15 07:00:00,139.22,,,20250600,20250900,20250900
2025-05-15 08:00:00,139.29,,,20250600,20250900,20250900
2025-05-15 09:00:00,139.29,,,20250600,20250900,20250900
2025-05-15 10:00:00,139.33,,,20250600,20250900,20250900
2025-05-15 11:00:00,139.27,,,20250600,20250900,20250900
2025-05-15 12:00:00,139.29,,,20250600,20250900,20250900
2025-05-15 13:00:00,139.44,,,20250600,20250900,20250900
2025-05-15 14:00:00,139.39,,,20250600,20250900,20250900
2025-05-15 15:00:00,139.49,,,20250600,20250900,20250900
2025-05-15 16:00:00,139.52,,,20250600,20250900,20250900
2025-05-15 17:00:00,139.45,,,20250600,20250900,20250900
2025-05-15 18:00:00,139.44,,,20250600,20250900,20250900
2025-05-15 19:00:00,139.52,,,20250600,20250900,20250900
2025-05-15 20:00:00,139.54,,,20250600,20250900,20250900
2025-05-15 23:00:00,139.45,,,20250600,20250900,20250900
2025-05-16 00:00:00,139.42,,,20250600,20250900,20250900
2025-05-16 01:00:00,139.38,,,20250600,20250900,20250900
2025-05-16 02:00:00,139.36,,,20250600,20250900,20250900
2025-05-16 03:00:00,139.4,,,20250600,20250900,20250900
2025-05-16 04:00:00,139.44,,,20250600,20250900,20250900
2025-05-16 05:00:00,139.51,139.02,139.02,20250600,20250900,20250900
2025-05-16 06:00:00,139.61,,,20250600,20250900,20250900
2025-05-16 07:00:00,139.55,,,20250600,20250900,20250900
2025-05-16 08:00:00,139.54,,,20250600,20250900,20250900
2025-05-16 09:00:00,139.59,,,20250600,20250900,20250900
2025-05-16 10:00:00,139.57,,,20250600,20250900,20250900
2025-05-16 11:00:00,139.6,,,20250600,20250900,20250900
2025-05-16 12:00:00,139.59,,,20250600,20250900,20250900
2025-05-16 13:00:00,139.53,,,20250600,20250900,20250900
2025-05-16 14:00:00,139.46,,,20250600,20250900,20250900
2025-05-16 15:00:00,139.47,,,20250600,20250900,20250900
2025-05-16 16:00:00,139.43,,,20250600,20250900,20250900
2025-05-16 19:00:00,139.45,,,20250600,20250900,20250900
2025-05-16 20:00:00,139.47,,,20250600,20250900,20250900
2025-05-18 23:00:00,139.35,,,20250600,20250900,20250900
2025-05-19 00:00:00,139.36,,,20250600,20250900,20250900
2025-05-19 01:00:00,139.37,,,20250600,20250900,20250900
2025-05-19 02:00:00,139.33,,,20250600,20250900,20250900
2025-05-19 03:00:00,139.26,,,20250600,20250900,20250900
2025-05-19 04:00:00,139.24,,,20250600,20250900,20250900
2025-05-19 05:00:00,139.14,138.61,138.61,20250600,20250900,20250900
2025-05-19 06:00:00,139.21,,,20250600,20250900,20250900
2025-05-19 07:00:00,139.17,,,20250600,20250900,20250900
2025-05-19 08:00:00,139.1,,,20250600,20250900,20250900
2025-05-19 09:00:00,139.13,,,20250600,20250900,20250900
2025-05-19 10:00:00,139.13,,,20250600,20250900,20250900
2025-05-19 11:00:00,139.13,,,20250600,20250900,20250900
2025-05-19 12:00:00,139.15,,,20250600,20250900,20250900
2025-05-19 13:00:00,139.26,,,20250600,20250900,20250900
2025-05-19 14:00:00,139.27,,,20250600,20250900,20250900
2025-05-19 15:00:00,139.36,,,20250600,20250900,20250900
2025-05-19 17:00:00,139.35,,,20250600,20250900,20250900
2025-05-19 20:00:00,139.41,,,20250600,20250900,20250900
2025-05-19 23:00:00,139.39,,,20250600,20250900,20250900
2025-05-20 00:00:00,139.4,,,20250600,20250900,20250900
2025-05-20 01:00:00,139.35,,,20250600,20250900,20250900
2025-05-20 02:00:00,139.3,,,20250600,20250900,20250900
2025-05-20 03:00:00,138.93,,,20250600,20250900,20250900
2025-05-20 04:00:00,138.99,,,20250600,20250900,20250900
2025-05-20 05:00:00,139.28,138.75,138.75,20250600,20250900,20250900
2025-05-20 06:00:00,139.05,,,20250600,20250900,20250900
2025-05-20 07:00:00,139.3,,,20250600,20250900,20250900
2025-05-20 08:00:00,139.25,,,20250600,20250900,20250900
2025-05-20 09:00:00,139.23,,,20250600,20250900,20250900
2025-05-20 10:00:00,139.18,,,20250600,20250900,20250900
2025-05-20 11:00:00,139.18,,,20250600,20250900,20250900
2025-05-20 12:00:00,139.14,,,20250600,20250900,20250900
2025-05-20 13:00:00,139.0,,,20250600,20250900,20250900
2025-05-20 14:00:00,139.04,,,20250600,20250900,20250900
2025-05-20 15:00:00,139.11,,,20250600,20250900,20250900
2025-05-20 16:00:00,139.16,,,20250600,20250900,20250900
2025-05-20 18:00:00,139.14,,,20250600,20250900,20250900
2025-05-20 19:00:00,139.18,,,20250600,20250900,20250900
2025-05-20 20:00:00,139.18,,,20250600,20250900,20250900
2025-05-20 23:00:00,139.13,,,20250600,20250900,20250900
2025-05-21 00:00:00,139.05,,,20250600,20250900,20250900
2025-05-21 01:00:00,139.09,,,20250600,20250900,20250900
2025-05-21 02:00:00,139.1,,,20250600,20250900,20250900
2025-05-21 03:00:00,139.05,,,20250600,20250900,20250900
2025-05-21 04:00:00,139.05,,,20250600,20250900,20250900
2025-05-21 05:00:00,139.0,138.47,138.47,20250600,20250900,20250900
2025-05-21 06:00:00,139.09,,,20250600,20250900,20250900
2025-05-21 07:00:00,139.04,,,20250600,20250900,20250900
2025-05-21 08:00:00,139.03,,,20250600,20250900,20250900
2025-05-21 09:00:00,138.97,,,20250600,20250900,20250900
2025-05-21 10:00:00,138.91,,,20250600,20250900,20250900
2025-05-21 11:00:00,138.92,,,20250600,20250900,20250900
2025-05-21 12:00:00,138.91,,,20250600,20250900,20250900
2025-05-21 13:00:00,138.93,,,20250600,20250900,20250900
2025-05-21 14:00:00,139.0,,,20250600,20250900,20250900
2025-05-21 15:00:00,138.99,,,20250600,20250900,20250900
2025-05-21 16:00:00,138.94,,,20250600,20250900,20250900
2025-05-21 17:00:00,138.82,,,20250600,20250900,20250900
2025-05-21 18:00:00,138.7,,,20250600,20250900,20250900
2025-05-21 19:00:00,138.7,,,20250600,20250900,20250900
2025-05-21 20:00:00,138.69,,,20250600,20250900,20250900
2025-05-21 23:00:00,138.8,,,20250600,20250900,20250900
2025-05-22 00:00:00,138.87,,,20250600,20250900,20250900
2025-05-22 01:00:00,138.84,,,20250600,20250900,20250900
2025-05-22 02:00:00,138.78,,,20250600,20250900,20250900
2025-05-22 03:00:00,138.84,,,20250600,20250900,20250900
2025-05-22 04:00:00,138.78,,,20250600,20250900,20250900
2025-05-22 05:00:00,138.7,138.13,138.13,20250600,20250900,20250900
2025-05-22 06:00:00,138.57,138.09,138.09,20250600,20250900,20250900
2025-05-22 07:00:00,138.64,138.02,138.02,20250600,20250900,20250900
2025-05-22 08:00:00,138.71,,,20250600,20250900,20250900
2025-05-22 09:00:00,138.75,138.14,138.14,20250600,20250900,20250900
2025-05-22 10:00:00,138.7,,,20250600,20250900,20250900
2025-05-22 11:00:00,138.65,,,20250600,20250900,20250900
2025-05-22 12:00:00,138.69,,,20250600,20250900,20250900
2025-05-22 13:00:00,138.62,,,20250600,20250900,20250900
2025-05-22 14:00:00,138.66,,,20250600,20250900,20250900
2025-05-22 15:00:00,138.71,,,20250600,20250900,20250900
2025-05-22 16:00:00,138.71,,,20250600,20250900,20250900
2025-05-22 19:00:00,138.78,,,20250600,20250900,20250900
2025-05-22 20:00:00,138.78,,,20250600,20250900,20250900
2025-05-22 23:00:00,138.69,,,20250600,20250900,20250900
2025-05-23 00:00:00,138.76,,,20250600,20250900,20250900
2025-05-23 01:00:00,138.79,,,20250600,20250900,20250900
2025-05-23 02:00:00,138.78,,,20250600,20250900,20250900
2025-05-23 03:00:00,138.76,,,20250600,20250900,20250900
2025-05-23 04:00:00,138.82,,,20250600,20250900,20250900
2025-05-23 05:00:00,138.74,138.35,138.35,20250600,20250900,20250900
2025-05-23 06:00:00,138.94,,,20250600,20250900,20250900
2025-05-23 07:00:00,138.9,,,20250600,20250900,20250900
2025-05-23 08:00:00,138.95,,,20250600,20250900,20250900
2025-05-23 09:00:00,138.97,,,20250600,20250900,20250900
2025-05-23 10:00:00,139.0,,,20250600,20250900,20250900
2025-05-23 11:00:00,139.74,139.25,139.25,20250600,20250900,20250900
2025-05-23 12:00:00,139.69,138.9,138.9,20250600,20250900,20250900
2025-05-23 13:00:00,139.39,,,20250600,20250900,20250900
2025-05-23 14:00:00,139.33,,,20250600,20250900,20250900
2025-05-23 15:00:00,139.44,,,20250600,20250900,20250900
2025-05-23 16:00:00,139.37,,,20250600,20250900,20250900
2025-05-23 17:00:00,139.37,,,20250600,20250900,20250900
2025-05-23 18:00:00,139.47,,,20250600,20250900,20250900
2025-05-23 19:00:00,139.36,,,20250600,20250900,20250900
2025-05-23 20:00:00,139.4,,,20250600,20250900,20250900
2025-05-25 23:00:00,139.02,138.5,138.5,20250600,20250900,20250900
2025-05-26 00:00:00,138.96,,,20250600,20250900,20250900
2025-05-26 01:00:00,138.84,,,20250600,20250900,20250900
2025-05-26 02:00:00,138.84,,,20250600,20250900,20250900
2025-05-26 03:00:00,139.0,138.39,138.39,20250600,20250900,20250900
2025-05-26 04:00:00,139.08,,,20250600,20250900,20250900
2025-05-26 05:00:00,139.21,138.66,138.66,20250600,20250900,20250900
2025-05-26 06:00:00,139.06,,,20250600,20250900,20250900
2025-05-26 07:00:00,139.02,,,20250600,20250900,20250900
2025-05-26 08:00:00,139.23,,,20250600,20250900,20250900
2025-05-26 09:00:00,139.21,,,20250600,20250900,20250900
2025-05-26 12:00:00,139.33,,,20250600,20250900,20250900
2025-05-26 13:00:00,139.3,,,20250600,20250900,20250900
2025-05-26 15:00:00,139.36,,,20250600,20250900,20250900
2025-05-26 23:00:00,139.28,,,20250600,20250900,20250900
2025-05-27 00:00:00,139.12,,,20250600,20250900,20250900
2025-05-27 01:00:00,139.16,,,20250600,20250900,20250900
2025-05-27 02:00:00,139.18,,,20250600,20250900,20250900
2025-05-27 03:00:00,139.23,,,20250600,20250900,20250900
2025-05-27 04:00:00,139.4,138.75,138.75,20250600,20250900,20250900
2025-05-27 05:00:00,138.68,138.68,138.68,20250900,20251200,20251200
2025-05-28 05:00:00,138.33,138.33,138.33,20250900,20251200,20251200
2025-05-28 14:00:00,138.39,,,20250900,20251200,20251200
2025-05-28 15:00:00,138.38,,,20250900,20251200,20251200
2025-05-29 05:00:00,138.31,138.31,138.31,20250900,20251200,20251200
2025-05-29 12:00:00,138.71,,,20250900,20251200,20251200
2025-05-29 17:00:00,138.9,,,20250900,20251200,20251200
2025-05-30 05:00:00,138.65,138.65,138.65,20250900,20251200,20251200
2025-06-02 05:00:00,138.36,138.36,138.36,20250900,20251200,20251200
2025-06-02 06:00:00,138.45,,,20250900,20251200,20251200
2025-06-02 07:00:00,138.44,,,20250900,20251200,20251200
2025-06-02 08:00:00,138.37,,,20250900,20251200,20251200
2025-06-02 09:00:00,138.36,,,20250900,20251200,20251200
2025-06-02 12:00:00,138.38,,,20250900,20251200,20251200
2025-06-02 13:00:00,138.38,,,20250900,20251200,20251200
2025-06-03 03:00:00,138.62,,,20250900,20251200,20251200
2025-06-03 04:00:00,138.56,,,20250900,20251200,20251200
2025-06-03 05:00:00,138.61,138.53,138.53,20250900,20251200,20251200
2025-06-03 06:00:00,138.6,,,20250900,20251200,20251200
2025-06-03 07:00:00,138.54,,,20250900,20251200,20251200
2025-06-03 08:00:00,138.48,,,20250900,20251200,20251200
2025-06-03 17:00:00,138.38,,,20250900,20251200,20251200
2025-06-04 01:00:00,138.45,,,20250900,20251200,20251200
2025-06-04 02:00:00,138.39,,,20250900,20251200,20251200
2025-06-04 03:00:00,138.34,,,20250900,20251200,20251200
2025-06-04 05:00:00,138.38,138.33,138.33,20250900,20251200,20251200
2025-06-04 09:00:00,138.3,,,20250900,20251200,20251200
2025-06-04 10:00:00,138.51,,,20250900,20251200,20251200
2025-06-04 11:00:00,138.51,,,20250900,20251200,20251200
2025-06-04 12:00:00,138.53,,,20250900,20251200,20251200
2025-06-04 13:00:00,138.48,,,20250900,20251200,20251200
2025-06-04 14:00:00,138.49,,,20250900,20251200,20251200
2025-06-04 15:00:00,138.49,,,20250900,20251200,20251200
2025-06-04 16:00:00,138.63,,,20250900,20251200,20251200
2025-06-04 17:00:00,138.61,,,20250900,20251200,20251200
2025-06-04 23:00:00,138.6,,,20250900,20251200,20251200
2025-06-05 00:00:00,138.6,,,20250900,20251200,20251200
2025-06-05 01:00:00,138.57,,,20250900,20251200,20251200
2025-06-05 03:00:00,138.64,,,20250900,20251200,20251200
2025-06-05 04:00:00,138.77,,,20250900,20251200,20251200
2025-06-05 05:00:00,138.73,138.73,138.73,20250900,20251200,20251200
2025-06-05 06:00:00,138.72,,,20250900,20251200,20251200
2025-06-05 07:00:00,138.63,,,20250900,20251200,20251200
2025-06-05 08:00:00,138.66,,,20250900,20251200,20251200
2025-06-05 11:00:00,138.8,,,20250900,20251200,20251200
2025-06-05 12:00:00,138.79,,,20250900,20251200,20251200
2025-06-05 13:00:00,138.72,,,20250900,20251200,20251200
2025-06-05 14:00:00,138.52,,,20250900,20251200,20251200
2025-06-05 15:00:00,138.48,,,20250900,20251200,20251200
2025-06-05 16:00:00,138.59,,,20250900,20251200,20251200
2025-06-05 17:00:00,138.55,,,20250900,20251200,20251200
2025-06-05 18:00:00,138.53,,,20250900,20251200,20251200
2025-06-05 19:00:00,138.53,,,20250900,20251200,20251200
2025-06-05 20:00:00,138.6,,,20250900,20251200,20251200
2025-06-06 00:00:00,138.75,,,20250900,20251200,20251200
2025-06-06 01:00:00,138.7,,,20250900,20251200,20251200
2025-06-06 02:00:00,138.7,,,20250900,20251200,20251200
2025-06-06 03:00:00,138.69,,,20250900,20251200,20251200
2025-06-06 04:00:00,138.7,,,20250900,20251200,20251200
2025-06-06 05:00:00,138.75,138.87,138.87,20250900,20251200,20251200
2025-06-06 06:00:00,138.75,,,20250900,20251200,20251200
2025-06-06 07:00:00,138.8,,,20250900,20251200,20251200
2025-06-06 08:00:00,138.82,,,20250900,20251200,20251200
2025-06-06 09:00:00,138.95,,,20250900,20251200,20251200
2025-06-06 10:00:00,138.95,,,20250900,20251200,20251200
2025-06-06 11:00:00,138.88,,,20250900,20251200,20251200
2025-06-06 12:00:00,138.68,,,20250900,20251200,20251200
2025-06-06 13:00:00,138.68,,,20250900,20251200,20251200
2025-06-06 14:00:00,138.65,,,20250900,20251200,20251200
2025-06-06 16:00:00,138.5,,,20250900,20251200,20251200
2025-06-06 20:00:00,138.51,,,20250900,20251200,20251200
2025-06-06 21:00:00,138.51,,,20250900,20251200,20251200
2025-06-08 23:00:00,138.55,,,20250900,20251200,20251200
2025-06-09 00:00:00,138.6,,,20250900,20251200,20251200
2025-06-09 01:00:00,138.59,,,20250900,20251200,20251200
2025-06-09 02:00:00,138.57,,,20250900,20251200,20251200
2025-06-09 03:00:00,138.63,,,20250900,20251200,20251200
2025-06-09 04:00:00,138.58,,,20250900,20251200,20251200
2025-06-09 05:00:00,138.69,138.69,138.69,20250900,20251200,20251200
2025-06-09 06:00:00,138.6,,,20250900,20251200,20251200
2025-06-09 07:00:00,138.63,,,20250900,20251200,20251200
2025-06-09 08:00:00,138.67,,,20250900,20251200,20251200
2025-06-09 10:00:00,138.66,,,20250900,20251200,20251200
2025-06-09 11:00:00,138.63,,,20250900,20251200,20251200
2025-06-09 12:00:00,138.63,,,20250900,20251200,20251200
2025-06-09 13:00:00,138.64,,,20250900,20251200,20251200
2025-06-09 14:00:00,138.62,,,20250900,20251200,20251200
2025-06-09 15:00:00,138.62,,,20250900,20251200,20251200
2025-06-09 19:00:00,138.67,,,20250900,20251200,20251200
2025-06-09 20:00:00,138.67,,,20250900,20251200,20251200
2025-06-09 23:00:00,138.65,,,20250900,20251200,20251200
2025-06-10 00:00:00,138.61,,,20250900,20251200,20251200
2025-06-10 01:00:00,138.54,,,20250900,20251200,20251200
2025-06-10 02:00:00,138.53,,,20250900,20251200,20251200
2025-06-10 03:00:00,138.53,,,20250900,20251200,20251200
2025-06-10 04:00:00,138.49,,,20250900,20251200,20251200
2025-06-10 05:00:00,138.65,138.65,138.65,20250900,20251200,20251200
2025-06-10 06:00:00,138.64,,,20250900,20251200,20251200
2025-06-10 07:00:00,138.61,,,20250900,20251200,20251200
2025-06-10 08:00:00,138.66,,,20250900,20251200,20251200
2025-06-10 09:00:00,138.61,,,20250900,20251200,20251200
2025-06-10 10:00:00,138.62,,,20250900,20251200,20251200
2025-06-10 11:00:00,138.62,,,20250900,20251200,20251200
2025-06-10 12:00:00,138.62,,,20250900,20251200,20251200
2025-06-10 13:00:00,138.67,,,20250900,20251200,20251200
2025-06-10 14:00:00,138.59,,,20250900,20251200,20251200
2025-06-10 15:00:00,138.59,,,20250900,20251200,20251200
2025-06-10 16:00:00,138.63,,,20250900,20251200,20251200
2025-06-10 17:00:00,138.64,,,20250900,20251200,20251200
2025-06-10 18:00:00,138.64,,,20250900,20251200,20251200
2025-06-10 19:00:00,138.66,,,20250900,20251200,20251200
2025-06-10 20:00:00,138.66,,,20250900,20251200,20251200
2025-06-10 23:00:00,138.67,,,20250900,20251200,20251200
2025-06-11 00:00:00,138.67,,,20250900,20251200,20251200
2025-06-11 01:00:00,138.68,,,20250900,20251200,20251200
2025-06-11 02:00:00,138.7,,,20250900,20251200,20251200
2025-06-11 03:00:00,138.74,,,20250900,20251200,20251200
2025-06-11 04:00:00,138.84,,,20250900,20251200,20251200
2025-06-11 05:00:00,138.76,138.76,138.76,20250900,20251200,20251200
2025-06-11 06:00:00,138.75,,,20250900,20251200,20251200
2025-06-11 07:00:00,138.75,,,20250900,20251200,20251200
2025-06-11 08:00:00,138.76,,,20250900,20251200,20251200
2025-06-11 09:00:00,138.77,,,20250900,20251200,20251200
2025-06-11 10:00:00,138.74,,,20250900,20251200,20251200
2025-06-11 11:00:00,138.76,,,20250900,20251200,20251200
2025-06-11 12:00:00,138.95,,,20250900,20251200,20251200
2025-06-11 13:00:00,138.83,,,20250900,20251200,20251200
2025-06-11 14:00:00,138.84,,,20250900,20251200,20251200
2025-06-11 15:00:00,138.8,,,20250900,20251200,20251200
2025-06-11 16:00:00,138.86,,,20250900,20251200,20251200
2025-06-11 17:00:00,138.89,,,20250900,20251200,20251200
2025-06-11 18:00:00,138.96,,,20250900,20251200,20251200
2025-06-11 19:00:00,138.95,,,20250900,20251200,20251200
2025-06-11 20:00:00,138.9,,,20250900,20251200,20251200
2025-06-11 23:00:00,138.89,,,20250900,20251200,20251200
2025-06-12 00:00:00,138.92,,,20250900,20251200,20251200
2025-06-12 01:00:00,138.91,,,20250900,20251200,20251200
2025-06-12 02:00:00,138.92,,,20250900,20251200,20251200
2025-06-12 03:00:00,138.86,,,20250900,20251200,20251200
2025-06-12 04:00:00,138.89,,,20250900,20251200,20251200
2025-06-12 05:00:00,138.96,138.96,138.96,20250900,20251200,20251200
2025-06-12 06:00:00,138.83,,,20250900,20251200,20251200
2025-06-12 07:00:00,138.93,,,20250900,20251200,20251200
2025-06-12 08:00:00,138.92,,,20250900,20251200,20251200
2025-06-12 09:00:00,139.05,,,20250900,20251200,20251200
2025-06-12 11:00:00,139.08,,,20250900,20251200,20251200
2025-06-12 12:00:00,139.13,,,20250900,20251200,20251200
2025-06-12 13:00:00,139.1,,,20250900,20251200,20251200
2025-06-12 14:00:00,139.04,,,20250900,20251200,20251200
2025-06-12 15:00:00,139.1,,,20250900,20251200,20251200
2025-06-12 16:00:00,139.1,,,20250900,20251200,20251200
2025-06-12 17:00:00,139.1,,,20250900,20251200,20251200
2025-06-12 19:00:00,139.12,,,20250900,20251200,20251200
2025-06-12 20:00:00,139.08,,,20250900,20251200,20251200
2025-06-12 23:00:00,139.26,,,20250900,20251200,20251200
2025-06-13 00:00:00,139.45,,,20250900,20251200,20251200
2025-06-13 01:00:00,139.43,,,20250900,20251200,20251200
2025-06-13 02:00:00,139.4,,,20250900,20251200,20251200
2025-06-13 03:00:00,139.24,,,20250900,20251200,20251200
2025-06-13 04:00:00,139.38,,,20250900,20251200,20251200
2025-06-13 05:00:00,139.4,139.4,139.4,20250900,20251200,20251200
2025-06-13 06:00:00,139.44,,,20250900,20251200,20251200
2025-06-13 07:00:00,139.41,,,20250900,20251200,20251200
2025-06-13 08:00:00,139.4,,,20250900,20251200,20251200
2025-06-13 09:00:00,139.43,,,20250900,20251200,20251200
2025-06-13 10:00:00,139.2,,,20250900,20251200,20251200
2025-06-13 11:00:00,139.24,,,20250900,20251200,20251200
2025-06-13 12:00:00,139.29,,,20250900,20251200,20251200
2025-06-13 13:00:00,139.22,,,20250900,20251200,20251200
2025-06-13 14:00:00,139.1,,,20250900,20251200,20251200
2025-06-13 15:00:00,139.11,,,20250900,20251200,20251200
2025-06-13 16:00:00,139.04,,,20250900,20251200,20251200
2025-06-13 18:00:00,139.03,,,20250900,20251200,20251200
2025-06-13 19:00:00,139.21,,,20250900,20251200,20251200
2025-06-13 20:00:00,139.2,,,20250900,20251200,20251200
2025-06-15 23:00:00,139.15,,,20250900,20251200,20251200
2025-06-16 00:00:00,139.09,,,20250900,20251200,20251200
2025-06-16 01:00:00,139.12,,,20250900,20251200,20251200
2025-06-16 02:00:00,139.13,,,20250900,20251200,20251200
2025-06-16 03:00:00,139.01,,,20250900,20251200,20251200
2025-06-16 04:00:00,138.97,,,20250900,20251200,20251200
2025-06-16 05:00:00,138.95,138.91,138.91,20250900,20251200,20251200
2025-06-16 06:00:00,138.93,,,20250900,20251200,20251200
2025-06-16 07:00:00,138.88,,,20250900,20251200,20251200
2025-06-16 08:00:00,138.89,,,20250900,20251200,20251200
2025-06-16 09:00:00,138.94,,,20250900,20251200,20251200
2025-06-16 10:00:00,138.96,,,20250900,20251200,20251200
2025-06-16 11:00:00,138.96,,,20250900,20251200,20251200
2025-06-16 12:00:00,138.96,,,20250900,20251200,20251200
2025-06-16 13:00:00,139.02,,,20250900,20251200,20251200
2025-06-16 14:00:00,139.05,,,20250900,20251200,20251200
2025-06-16 15:00:00,139.11,,,20250900,20251200,20251200
2025-06-16 16:00:00,139.09,,,20250900,20251200,20251200
2025-06-16 17:00:00,139.0,,,20250900,20251200,20251200
2025-06-16 18:00:00,139.0,,,20250900,20251200,20251200
2025-06-16 19:00:00,138.99,,,20250900,20251200,20251200
2025-06-16 20:00:00,139.05,,,20250900,20251200,20251200
2025-06-16 23:00:00,139.01,,,20250900,20251200,20251200
2025-06-17 00:00:00,138.89,,,20250900,20251200,20251200
2025-06-17 01:00:00,138.94,,,20250900,20251200,20251200
2025-06-17 02:00:00,138.94,,,20250900,20251200,20251200
2025-06-17 03:00:00,138.78,,,20250900,20251200,20251200
2025-06-17 04:00:00,138.55,,,20250900,20251200,20251200
2025-06-17 05:00:00,138.88,138.88,138.88,20250900,20251200,20251200
2025-06-17 06:00:00,138.78,,,20250900,20251200,20251200
2025-06-17 07:00:00,138.8,,,20250900,20251200,20251200
2025-06-17 08:00:00,138.9,,,20250900,20251200,20251200
2025-06-17 09:00:00,138.9,,,20250900,20251200,20251200
2025-06-17 10:00:00,138.9,,,20250900,20251200,20251200
2025-06-17 11:00:00,138.92,,,20250900,20251200,20251200
2025-06-17 12:00:00,138.88,,,20250900,20251200,20251200
2025-06-17 13:00:00,138.81,,,20250900,20251200,20251200
2025-06-17 14:00:00,138.87,,,20250900,20251200,20251200
2025-06-17 15:00:00,138.89,,,20250900,20251200,20251200
2025-06-17 16:00:00,138.94,,,20250900,20251200,20251200
2025-06-17 17:00:00,138.95,,,20250900,20251200,20251200
2025-06-17 18:00:00,138.95,,,20250900,20251200,20251200
2025-06-17 19:00:00,138.91,,,20250900,20251200,20251200
2025-06-17 20:00:00,138.94,,,20250900,20251200,20251200
2025-06-17 23:00:00,138.94,,,20250900,20251200,20251200
2025-06-18 00:00:00,138.94,,,20250900,20251200,20251200
2025-06-18 01:00:00,139.0,,,20250900,20251200,20251200
2025-06-18 03:00:00,138.88,,,20250900,20251200,20251200
2025-06-18 04:00:00,138.87,,,20250900,20251200,20251200
2025-06-18 05:00:00,139.01,139.01,139.01,20250900,20251200,20251200
2025-06-18 06:00:00,138.87,,,20250900,20251200,20251200
2025-06-18 07:00:00,138.96,,,20250900,20251200,20251200
2025-06-18 08:00:00,138.99,,,20250900,20251200,20251200
2025-06-18 09:00:00,139.0,,,20250900,20251200,20251200
2025-06-18 10:00:00,139.1,,,20250900,20251200,20251200
2025-06-18 12:00:00,139.07,,,20250900,20251200,20251200
2025-06-18 13:00:00,139.16,,,20250900,20251200,20251200
2025-06-18 14:00:00,139.15,,,20250900,20251200,20251200
2025-06-18 15:00:00,139.18,,,20250900,20251200,20251200
2025-06-18 16:00:00,139.17,,,20250900,20251200,20251200
2025-06-18 17:00:00,139.15,,,20250900,20251200,20251200
2025-06-18 18:00:00,138.94,,,20250900,20251200,20251200
2025-06-18 19:00:00,139.03,,,20250900,20251200,20251200
2025-06-18 20:00:00,138.94,,,20250900,20251200,20251200
2025-06-18 23:00:00,138.94,,,20250900,20251200,20251200
2025-06-19 00:00:00,139.0,,,20250900,20251200,20251200
2025-06-19 01:00:00,139.11,,,20250900,20251200,20251200
2025-06-19 02:00:00,139.13,,,20250900,20251200,20251200
2025-06-19 03:00:00,139.12,,,20250900,20251200,20251200
2025-06-19 04:00:00,139.27,,,20250900,20251200,20251200
2025-06-19 05:00:00,139.34,138.82,138.82,20250900,20251200,20251200
2025-06-19 06:00:00,139.26,,,20250900,20251200,20251200
2025-06-19 07:00:00,139.24,,,20250900,20251200,20251200
2025-06-19 08:00:00,139.27,,,20250900,20251200,20251200
2025-06-19 09:00:00,139.32,,,20250900,20251200,20251200
2025-06-19 10:00:00,139.37,,,20250900,20251200,20251200
2025-06-19 13:00:00,139.4,,,20250900,20251200,20251200
2025-06-19 14:00:00,139.39,,,20250900,20251200,20251200
2025-06-19 15:00:00,139.36,,,20250900,20251200,20251200
2025-06-19 17:00:00,139.35,,,20250900,20251200,20251200
2025-06-19 20:00:00,139.4,,,20250900,20251200,20251200
2025-06-19 23:00:00,139.26,,,20250900,20251200,20251200
2025-06-20 00:00:00,139.22,,,20250900,20251200,20251200
2025-06-20 01:00:00,139.25,,,20250900,20251200,20251200
2025-06-20 02:00:00,139.3,,,20250900,20251200,20251200
2025-06-20 03:00:00,139.34,,,20250900,20251200,20251200
2025-06-20 04:00:00,139.24,,,20250900,20251200,20251200
2025-06-20 05:00:00,139.41,138.87,138.87,20250900,20251200,20251200
2025-06-20 06:00:00,139.46,,,20250900,20251200,20251200
2025-06-20 07:00:00,139.47,,,20250900,20251200,20251200
2025-06-20 08:00:00,139.43,,,20250900,20251200,20251200
2025-06-20 09:00:00,139.4,,,20250900,20251200,20251200
2025-06-20 10:00:00,139.34,,,20250900,20251200,20251200
2025-06-20 11:00:00,139.26,,,20250900,20251200,20251200
2025-06-20 12:00:00,139.18,,,20250900,20251200,20251200
2025-06-20 13:00:00,139.25,,,20250900,20251200,20251200
2025-06-20 14:00:00,139.29,,,20250900,20251200,20251200
2025-06-20 15:00:00,139.41,,,20250900,20251200,20251200
2025-06-20 16:00:00,139.38,,,20250900,20251200,20251200
2025-06-20 17:00:00,139.42,,,20250900,20251200,20251200
2025-06-20 19:00:00,139.33,,,20250900,20251200,20251200
2025-06-20 20:00:00,139.33,,,20250900,20251200,20251200
2025-06-22 23:00:00,139.31,,,20250900,20251200,20251200
2025-06-23 00:00:00,139.14,,,20250900,20251200,20251200
2025-06-23 01:00:00,139.16,,,20250900,20251200,20251200
2025-06-23 02:00:00,139.19,,,20250900,20251200,20251200
2025-06-23 03:00:00,139.18,,,20250900,20251200,20251200
2025-06-23 04:00:00,139.27,,,20250900,20251200,20251200
2025-06-23 05:00:00,139.2,138.7,138.7,20250900,20251200,20251200
2025-06-23 06:00:00,139.23,,,20250900,20251200,20251200
2025-06-23 07:00:00,139.2,,,20250900,20251200,20251200
2025-06-23 08:00:00,139.18,,,20250900,20251200,20251200
2025-06-23 09:00:00,139.23,,,20250900,20251200,20251200
2025-06-23 11:00:00,139.19,,,20250900,20251200,20251200
2025-06-23 12:00:00,139.3,,,20250900,20251200,20251200
2025-06-23 13:00:00,139.33,,,20250900,20251200,20251200
2025-06-23 14:00:00,139.38,,,20250900,20251200,20251200
2025-06-23 15:00:00,139.34,,,20250900,20251200,20251200
2025-06-23 16:00:00,139.38,,,20250900,20251200,20251200
2025-06-23 17:00:00,139.35,,,20250900,20251200,20251200
2025-06-23 19:00:00,139.31,,,20250900,20251200,20251200
2025-06-23 20:00:00,139.24,,,20250900,20251200,20251200
2025-06-23 23:00:00,139.17,,,20250900,20251200,20251200
2025-06-24 00:00:00,139.18,,,20250900,20251200,20251200
2025-06-24 01:00:00,139.14,,,20250900,20251200,20251200
2025-06-24 02:00:00,139.11,,,20250900,20251200,20251200
2025-06-24 03:00:00,139.03,,,20250900,20251200,20251200
2025-06-24 04:00:00,139.2,,,20250900,20251200,20251200
2025-06-24 05:00:00,139.12,138.6,138.6,20250900,20251200,20251200
2025-06-24 06:00:00,139.22,,,20250900,20251200,20251200
2025-06-24 07:00:00,139.16,,,20250900,20251200,20251200
2025-06-24 08:00:00,139.18,,,20250900,20251200,20251200
2025-06-24 09:00:00,139.12,,,20250900,20251200,20251200
2025-06-24 10:00:00,139.12,,,20250900,20251200,20251200
2025-06-24 12:00:00,139.09,,,20250900,20251200,20251200
2025-06-24 13:00:00,139.12,,,20250900,20251200,20251200
2025-06-24 14:00:00,139.2,,,20250900,20251200,20251200
2025-06-24 15:00:00,139.2,,,20250900,20251200,20251200
2025-06-24 17:00:00,139.19,,,20250900,20251200,20251200
2025-06-24 18:00:00,139.18,,,20250900,20251200,20251200
2025-06-24 19:00:00,139.2,,,20250900,20251200,20251200
2025-06-24 23:00:00,139.26,,,20250900,20251200,20251200
2025-06-25 00:00:00,139.35,,,20250900,20251200,20251200
2025-06-25 01:00:00,139.33,,,20250900,20251200,20251200
2025-06-25 03:00:00,139.37,,,20250900,20251200,20251200
2025-06-25 04:00:00,139.39,,,20250900,20251200,20251200
2025-06-25 05:00:00,139.44,138.92,138.92,20250900,20251200,20251200
2025-06-25 06:00:00,139.42,,,20250900,20251200,20251200
2025-06-25 07:00:00,139.45,,,20250900,20251200,20251200
2025-06-25 08:00:00,139.44,,,20250900,20251200,20251200
2025-06-25 09:00:00,139.42,,,20250900,20251200,20251200
2025-06-25 10:00:00,139.38,,,20250900,20251200,20251200
2025-06-25 12:00:00,139.35,,,20250900,20251200,20251200
2025-06-25 13:00:00,139.34,,,20250900,20251200,20251200
2025-06-25 14:00:00,139.31,,,20250900,20251200,20251200
2025-06-25 15:00:00,139.34,,,20250900,20251200,20251200
2025-06-25 16:00:00,139.34,,,20250900,20251200,20251200
2025-06-25 17:00:00,139.33,,,20250900,20251200,20251200
2025-06-25 18:00:00,139.37,,,20250900,20251200,20251200
2025-06-25 19:00:00,139.42,,,20250900,20251200,20251200
2025-06-25 20:00:00,139.38,,,20250900,20251200,20251200
2025-06-25 23:00:00,139.41,,,20250900,20251200,20251200
2025-06-26 00:00:00,139.38,,,20250900,20251200,20251200
2025-06-26 01:00:00,139.38,,,20250900,20251200,20251200
2025-06-26 02:00:00,139.37,,,20250900,20251200,20251200
2025-06-26 03:00:00,139.33,,,20250900,20251200,20251200
2025-06-26 04:00:00,139.34,,,20250900,20251200,20251200
2025-06-26 05:00:00,139.14,138.61,138.61,20250900,20251200,20251200
2025-06-26 06:00:00,139.25,,,20250900,20251200,20251200
2025-06-26 07:00:00,139.16,,,20250900,20251200,20251200
2025-06-26 08:00:00,139.17,,,20250900,20251200,20251200
2025-06-26 09:00:00,139.15,,,20250900,20251200,20251200
2025-06-26 10:00:00,139.14,,,20250900,20251200,20251200
2025-06-26 12:00:00,139.13,,,20250900,20251200,20251200
2025-06-26 13:00:00,139.19,,,20250900,20251200,20251200
2025-06-26 14:00:00,139.12,,,20250900,20251200,20251200
2025-06-26 15:00:00,139.13,,,20250900,20251200,20251200
2025-06-26 16:00:00,139.12,,,20250900,20251200,20251200
2025-06-26 17:00:00,139.12,,,20250900,20251200,20251200
2025-06-26 20:00:00,139.13,,,20250900,20251200,20251200
2025-06-26 23:00:00,139.25,,,20250900,20251200,20251200
2025-06-27 00:00:00,139.19,,,20250900,20251200,20251200
2025-06-27 01:00:00,139.15,,,20250900,20251200,20251200
2025-06-27 02:00:00,139.16,,,20250900,20251200,20251200
2025-06-27 03:00:00,139.11,,,20250900,20251200,20251200
2025-06-27 04:00:00,139.1,,,20250900,20251200,20251200
2025-06-27 05:00:00,138.95,138.42,138.42,20250900,20251200,20251200
2025-06-27 06:00:00,139.01,,,20250900,20251200,20251200
2025-06-27 07:00:00,138.98,,,20250900,20251200,20251200
2025-06-27 08:00:00,138.96,,,20250900,20251200,20251200
2025-06-27 09:00:00,138.99,,,20250900,20251200,20251200
2025-06-27 10:00:00,138.93,,,20250900,20251200,20251200
2025-06-27 12:00:00,138.96,,,20250900,20251200,20251200
2025-06-27 13:00:00,138.91,,,20250900,20251200,20251200
2025-06-27 14:00:00,138.89,,,20250900,20251200,20251200
2025-06-27 15:00:00,138.91,,,20250900,20251200,20251200
2025-06-27 16:00:00,138.94,,,20250900,20251200,20251200
2025-06-27 17:00:00,138.94,,,20250900,20251200,20251200
2025-06-27 18:00:00,138.89,,,20250900,20251200,20251200
2025-06-27 19:00:00,138.89,,,20250900,20251200,20251200
2025-06-27 20:00:00,138.91,,,20250900,20251200,20251200
2025-06-29 23:00:00,138.9,,,20250900,20251200,20251200
2025-06-30 00:00:00,138.9,,,20250900,20251200,20251200
2025-06-30 01:00:00,138.92,,,20250900,20251200,20251200
2025-06-30 02:00:00,138.9,,,20250900,20251200,20251200
2025-06-30 03:00:00,138.87,,,20250900,20251200,20251200
2025-06-30 04:00:00,138.93,,,20250900,20251200,20251200
2025-06-30 05:00:00,139.1,138.55,138.55,20250900,20251200,20251200
2025-06-30 06:00:00,139.03,,,20250900,20251200,20251200
2025-06-30 07:00:00,139.08,,,20250900,20251200,20251200
2025-06-30 08:00:00,139.08,,,20250900,20251200,20251200
2025-06-30 09:00:00,139.08,,,20250900,20251200,20251200
2025-06-30 11:00:00,139.08,,,20250900,20251200,20251200
2025-06-30 12:00:00,139.06,,,20250900,20251200,20251200
2025-06-30 13:00:00,139.06,,,20250900,20251200,20251200
2025-06-30 14:00:00,139.05,,,20250900,20251200,20251200
2025-06-30 15:00:00,139.03,,,20250900,20251200,20251200
2025-06-30 16:00:00,139.05,,,20250900,20251200,20251200
2025-06-30 17:00:00,139.05,,,20250900,20251200,20251200
2025-06-30 18:00:00,139.09,,,20250900,20251200,20251200
2025-06-30 19:00:00,139.07,,,20250900,20251200,20251200
2025-06-30 20:00:00,139.12,,,20250900,20251200,20251200
2025-06-30 23:00:00,138.95,,,20250900,20251200,20251200
2025-07-01 00:00:00,138.99,,,20250900,20251200,20251200
2025-07-01 01:00:00,139.0,,,20250900,20251200,20251200
2025-07-01 02:00:00,138.97,,,20250900,20251200,20251200
2025-07-01 03:00:00,139.22,,,20250900,20251200,20251200
2025-07-01 04:00:00,139.25,,,20250900,20251200,20251200
2025-07-01 05:00:00,139.34,138.75,138.75,20250900,20251200,20251200
2025-07-01 06:00:00,139.21,,,20250900,20251200,20251200
2025-07-01 07:00:00,139.27,,,20250900,20251200,20251200
2025-07-01 08:00:00,139.28,,,20250900,20251200,20251200
2025-07-01 09:00:00,139.25,,,20250900,20251200,20251200
2025-07-01 10:00:00,139.28,,,20250900,20251200,20251200
2025-07-01 11:00:00,139.28,,,20250900,20251200,20251200
2025-07-01 13:00:00,139.22,,,20250900,20251200,20251200
2025-07-01 14:00:00,139.15,,,20250900,20251200,20251200
2025-07-01 15:00:00,139.16,,,20250900,20251200,20251200
2025-07-01 16:00:00,139.15,,,20250900,20251200,20251200
2025-07-01 17:00:00,139.22,,,20250900,20251200,20251200
2025-07-01 18:00:00,139.23,,,20250900,20251200,20251200
2025-07-01 20:00:00,139.25,,,20250900,20251200,20251200
2025-07-01 23:00:00,139.33,,,20250900,20251200,20251200
2025-07-02 00:00:00,139.28,,,20250900,20251200,20251200
2025-07-02 01:00:00,139.18,,,20250900,20251200,20251200
2025-07-02 02:00:00,139.16,,,20250900,20251200,20251200
2025-07-02 03:00:00,139.13,,,20250900,20251200,20251200
2025-07-02 04:00:00,139.11,,,20250900,20251200,20251200
2025-07-02 05:00:00,139.13,138.43,138.43,20250900,20251200,20251200
2025-07-02 06:00:00,139.04,,,20250900,20251200,20251200
2025-07-02 07:00:00,139.03,,,20250900,20251200,20251200
2025-07-02 08:00:00,139.01,,,20250900,20251200,20251200
2025-07-02 09:00:00,139.02,,,20250900,20251200,20251200
2025-07-02 10:00:00,139.04,,,20250900,20251200,20251200
2025-07-02 12:00:00,138.96,,,20250900,20251200,20251200
2025-07-02 14:00:00,138.94,,,20250900,20251200,20251200
2025-07-02 15:00:00,138.96,,,20250900,20251200,20251200
2025-07-02 16:00:00,138.95,,,20250900,20251200,20251200
2025-07-02 17:00:00,138.94,,,20250900,20251200,20251200
2025-07-02 18:00:00,138.95,,,20250900,20251200,20251200
2025-07-02 19:00:00,138.95,,,20250900,20251200,20251200
2025-07-02 20:00:00,138.98,,,20250900,20251200,20251200
2025-07-02 23:00:00,139.0,,,20250900,20251200,20251200
2025-07-03 00:00:00,138.97,,,20250900,20251200,20251200
2025-07-03 01:00:00,139.01,,,20250900,20251200,20251200
2025-07-03 02:00:00,139.01,,,20250900,20251200,20251200
2025-07-03 03:00:00,138.99,,,20250900,20251200,20251200
2025-07-03 04:00:00,138.95,,,20250900,20251200,20251200
2025-07-03 05:00:00,139.07,138.48,138.48,20250900,20251200,20251200
2025-07-03 06:00:00,139.01,,,20250900,20251200,20251200
2025-07-03 07:00:00,139.01,,,20250900,20251200,20251200
2025-07-03 08:00:00,139.08,,,20250900,20251200,20251200
2025-07-03 09:00:00,139.06,,,20250900,20251200,20251200
2025-07-03 11:00:00,139.04,,,20250900,20251200,20251200
2025-07-03 12:00:00,138.74,,,20250900,20251200,20251200
2025-07-03 13:00:00,138.83,,,20250900,20251200,20251200
2025-07-03 14:00:00,138.79,,,20250900,20251200,20251200
2025-07-03 15:00:00,138.83,,,20250900,20251200,20251200
2025-07-03 20:00:00,138.85,,,20250900,20251200,20251200
2025-07-03 23:00:00,138.8,,,20250900,20251200,20251200
2025-07-04 00:00:00,138.87,,,20250900,20251200,20251200
2025-07-04 01:00:00,138.88,,,20250900,20251200,20251200
2025-07-04 02:00:00,138.9,,,20250900,20251200,20251200
2025-07-04 03:00:00,138.91,,,20250900,20251200,20251200
2025-07-04 04:00:00,139.04,,,20250900,20251200,20251200
2025-07-04 05:00:00,139.21,138.62,138.62,20250900,20251200,20251200
2025-07-04 06:00:00,139.12,,,20250900,20251200,20251200
2025-07-04 07:00:00,139.14,,,20250900,20251200,20251200
2025-07-04 08:00:00,139.21,,,20250900,20251200,20251200
2025-07-04 09:00:00,139.22,,,20250900,20251200,20251200
2025-07-04 10:00:00,139.18,,,20250900,20251200,20251200
2025-07-04 11:00:00,139.18,,,20250900,20251200,20251200
2025-07-04 13:00:00,139.15,,,20250900,20251200,20251200
2025-07-04 14:00:00,139.18,,,20250900,20251200,20251200
2025-07-04 16:00:00,139.1,,,20250900,20251200,20251200
2025-07-04 20:00:00,139.14,,,20250900,20251200,20251200
2025-07-06 23:00:00,139.0,,,20250900,20251200,20251200
2025-07-07 00:00:00,139.0,,,20250900,20251200,20251200
2025-07-07 01:00:00,139.08,,,20250900,20251200,20251200
2025-07-07 02:00:00,139.04,,,20250900,20251200,20251200
2025-07-07 03:00:00,139.02,,,20250900,20251200,20251200
2025-07-07 04:00:00,139.09,,,20250900,20251200,20251200
2025-07-07 05:00:00,139.1,138.55,138.55,20250900,20251200,20251200
2025-07-07 06:00:00,139.09,,,20250900,20251200,20251200
2025-07-07 07:00:00,139.05,,,20250900,20251200,20251200
2025-07-07 08:00:00,139.1,,,20250900,20251200,20251200
2025-07-07 09:00:00,139.14,,,20250900,20251200,20251200
2025-07-07 10:00:00,139.09,,,20250900,20251200,20251200
2025-07-07 13:00:00,139.04,,,20250900,20251200,20251200
2025-07-07 14:00:00,138.98,,,20250900,20251200,20251200
2025-07-07 15:00:00,138.97,,,20250900,20251200,20251200
2025-07-07 20:00:00,139.06,,,20250900,20251200,20251200
2025-07-07 23:00:00,139.07,,,20250900,20251200,20251200
2025-07-08 00:00:00,139.0,,,20250900,20251200,20251200
2025-07-08 01:00:00,139.15,,,20250900,20251200,20251200
2025-07-08 02:00:00,139.06,,,20250900,20251200,20251200
2025-07-08 03:00:00,139.19,,,20250900,20251200,20251200
2025-07-08 04:00:00,138.96,,,20250900,20251200,20251200
2025-07-08 05:00:00,138.89,138.3,138.3,20250900,20251200,20251200
2025-07-08 06:00:00,138.91,,,20250900,20251200,20251200
2025-07-08 07:00:00,138.92,,,20250900,20251200,20251200
2025-07-08 08:00:00,138.91,,,20250900,20251200,20251200
2025-07-08 09:00:00,138.9,,,20250900,20251200,20251200
2025-07-08 10:00:00,138.9,,,20250900,20251200,20251200
2025-07-08 12:00:00,138.89,,,20250900,20251200,20251200
2025-07-08 13:00:00,138.83,,,20250900,20251200,20251200
2025-07-08 14:00:00,138.77,,,20250900,20251200,20251200
2025-07-08 15:00:00,138.8,,,20250900,20251200,20251200
2025-07-08 16:00:00,138.77,,,20250900,20251200,20251200
2025-07-08 17:00:00,138.79,,,20250900,20251200,20251200
2025-07-08 19:00:00,138.8,,,20250900,20251200,20251200
2025-07-08 20:00:00,138.78,,,20250900,20251200,20251200
2025-07-08 23:00:00,138.86,,,20250900,20251200,20251200
2025-07-09 00:00:00,138.85,,,20250900,20251200,20251200
2025-07-09 01:00:00,138.79,,,20250900,20251200,20251200
2025-07-09 02:00:00,138.83,,,20250900,20251200,20251200
2025-07-09 03:00:00,138.77,,,20250900,20251200,20251200
2025-07-09 04:00:00,138.77,,,20250900,20251200,20251200
2025-07-09 05:00:00,138.7,138.04,138.04,20250900,20251200,20251200
2025-07-09 06:00:00,138.74,,,20250900,20251200,20251200
2025-07-09 07:00:00,138.67,,,20250900,20251200,20251200
2025-07-09 08:00:00,138.65,,,20250900,20251200,20251200
2025-07-09 09:00:00,138.59,,,20250900,20251200,20251200
2025-07-09 10:00:00,138.59,,,20250900,20251200,20251200
2025-07-09 12:00:00,138.56,,,20250900,20251200,20251200
2025-07-09 13:00:00,138.59,,,20250900,20251200,20251200
2025-07-09 14:00:00,138.64,,,20250900,20251200,20251200
2025-07-09 15:00:00,138.61,,,20250900,20251200,20251200
2025-07-09 16:00:00,138.63,,,20250900,20251200,20251200
2025-07-09 17:00:00,138.66,,,20250900,20251200,20251200
2025-07-09 18:00:00,138.69,,,20250900,20251200,20251200
2025-07-09 19:00:00,138.67,,,20250900,20251200,20251200
2025-07-09 20:00:00,138.69,,,20250900,20251200,20251200
2025-07-09 23:00:00,138.66,,,20250900,20251200,20251200
2025-07-10 00:00:00,138.7,,,20250900,20251200,20251200
2025-07-10 01:00:00,138.69,,,20250900,20251200,20251200
2025-07-10 02:00:00,138.67,,,20250900,20251200,20251200
2025-07-10 03:00:00,138.73,,,20250900,20251200,20251200
2025-07-10 04:00:00,138.72,,,20250900,20251200,20251200
2025-07-10 05:00:00,138.71,138.04,138.04,20250900,20251200,20251200
2025-07-10 06:00:00,138.74,,,20250900,20251200,20251200
2025-07-10 07:00:00,138.7,,,20250900,20251200,20251200
2025-07-10 08:00:00,138.68,,,20250900,20251200,20251200
2025-07-10 09:00:00,138.64,,,20250900,20251200,20251200
2025-07-10 12:00:00,138.65,,,20250900,20251200,20251200
2025-07-10 13:00:00,138.62,,,20250900,20251200,20251200
2025-07-10 14:00:00,138.6,,,20250900,20251200,20251200
2025-07-10 15:00:00,138.63,,,20250900,20251200,20251200
2025-07-10 17:00:00,138.65,,,20250900,20251200,20251200
2025-07-10 19:00:00,138.68,,,20250900,20251200,20251200
2025-07-10 20:00:00,138.7,,,20250900,20251200,20251200
2025-07-10 23:00:00,138.66,,,20250900,20251200,20251200
2025-07-11 00:00:00,138.7,,,20250900,20251200,20251200
2025-07-11 01:00:00,138.66,,,20250900,20251200,20251200
2025-07-11 02:00:00,138.67,,,20250900,20251200,20251200
2025-07-11 03:00:00,138.69,,,20250900,20251200,20251200
2025-07-11 04:00:00,138.68,,,20250900,20251200,20251200
2025-07-11 05:00:00,138.3,137.71,137.71,20250900,20251200,20251200
2025-07-11 06:00:00,138.43,,,20250900,20251200,20251200
2025-07-11 07:00:00,138.36,,,20250900,20251200,20251200
2025-07-11 08:00:00,138.29,,,20250900,20251200,20251200
2025-07-11 09:00:00,138.26,,,20250900,20251200,20251200
2025-07-11 11:00:00,138.28,,,20250900,20251200,20251200
2025-07-11 15:00:00,138.25,,,20250900,20251200,20251200
2025-07-11 16:00:00,138.24,,,20250900,20251200,20251200
2025-07-11 19:00:00,138.25,,,20250900,20251200,20251200
2025-07-11 20:00:00,138.27,,,20250900,20251200,20251200
2025-07-13 23:00:00,138.26,,,20250900,20251200,20251200
2025-07-14 00:00:00,138.19,,,20250900,20251200,20251200
2025-07-14 01:00:00,138.13,,,20250900,20251200,20251200
2025-07-14 02:00:00,138.11,,,20250900,20251200,20251200
2025-07-14 03:00:00,138.11,,,20250900,20251200,20251200
2025-07-14 04:00:00,138.06,,,20250900,20251200,20251200
2025-07-14 05:00:00,137.98,137.39,137.39,20250900,20251200,20251200
2025-07-14 06:00:00,137.97,,,20250900,20251200,20251200
2025-07-14 07:00:00,138.03,,,20250900,20251200,20251200
2025-07-14 08:00:00,138.02,,,20250900,20251200,20251200
2025-07-14 09:00:00,137.99,,,20250900,20251200,20251200
2025-07-14 10:00:00,138.08,,,20250900,20251200,20251200
2025-07-14 12:00:00,137.99,,,20250900,20251200,20251200
2025-07-14 13:00:00,138.06,,,20250900,20251200,20251200
2025-07-14 15:00:00,138.01,,,20250900,20251200,20251200
2025-07-14 16:00:00,138.05,,,20250900,20251200,20251200
2025-07-14 18:00:00,138.04,,,20250900,20251200,20251200
2025-07-14 19:00:00,138.05,,,20250900,20251200,20251200
2025-07-14 20:00:00,138.04,,,20250900,20251200,20251200
2025-07-14 23:00:00,137.99,,,20250900,20251200,20251200
2025-07-15 00:00:00,138.01,,,20250900,20251200,20251200
2025-07-15 01:00:00,137.9,,,20250900,20251200,20251200
2025-07-15 02:00:00,137.83,,,20250900,20251200,20251200
2025-07-15 03:00:00,137.95,,,20250900,20251200,20251200
2025-07-15 04:00:00,137.96,,,20250900,20251200,20251200
2025-07-15 05:00:00,138.06,137.47,137.47,20250900,20251200,20251200
2025-07-15 06:00:00,137.98,,,20250900,20251200,20251200
2025-07-15 07:00:00,138.06,,,20250900,20251200,20251200
2025-07-15 08:00:00,138.06,,,20250900,20251200,20251200
2025-07-15 09:00:00,138.05,,,20250900,20251200,20251200
2025-07-15 11:00:00,138.04,,,20250900,20251200,20251200
2025-07-15 12:00:00,138.05,,,20250900,20251200,20251200
2025-07-15 13:00:00,138.09,,,20250900,20251200,20251200
2025-07-15 14:00:00,137.95,,,20250900,20251200,20251200
2025-07-15 15:00:00,137.85,,,20250900,20251200,20251200
2025-07-15 16:00:00,137.79,,,20250900,20251200,20251200
2025-07-15 17:00:00,137.78,,,20250900,20251200,20251200
2025-07-15 18:00:00,137.79,,,20250900,20251200,20251200
2025-07-15 19:00:00,137.83,,,20250900,20251200,20251200
2025-07-15 20:00:00,137.77,,,20250900,20251200,20251200
2025-07-15 23:00:00,137.82,,,20250900,20251200,20251200
2025-07-16 00:00:00,137.85,,,20250900,20251200,20251200
2025-07-16 01:00:00,137.76,,,20250900,20251200,20251200
2025-07-16 02:00:00,137.71,,,20250900,20251200,20251200
2025-07-16 03:00:00,137.76,,,20250900,20251200,20251200
2025-07-16 04:00:00,137.87,,,20250900,20251200,20251200
2025-07-16 05:00:00,137.98,137.33,137.33,20250900,20251200,20251200
2025-07-16 06:00:00,137.89,,,20250900,20251200,20251200
2025-07-16 07:00:00,137.88,,,20250900,20251200,20251200
2025-07-16 08:00:00,137.91,,,20250900,20251200,20251200
2025-07-16 09:00:00,137.97,,,20250900,20251200,20251200
2025-07-16 10:00:00,137.97,,,20250900,20251200,20251200
2025-07-16 12:00:00,138.01,,,20250900,20251200,20251200
2025-07-16 13:00:00,138.0,,,20250900,20251200,20251200
2025-07-16 14:00:00,138.02,,,20250900,20251200,20251200
2025-07-16 15:00:00,137.96,,,20250900,20251200,20251200
2025-07-16 16:00:00,137.99,,,20250900,20251200,20251200
2025-07-16 17:00:00,138.03,,,20250900,20251200,20251200
2025-07-16 19:00:00,138.01,,,20250900,20251200,20251200
2025-07-16 23:00:00,137.91,,,20250900,20251200,20251200
2025-07-17 00:00:00,137.9,,,20250900,20251200,20251200
2025-07-17 01:00:00,137.84,,,20250900,20251200,20251200
2025-07-17 02:00:00,137.81,,,20250900,20251200,20251200
2025-07-17 03:00:00,137.91,,,20250900,20251200,20251200
2025-07-17 04:00:00,138.01,,,20250900,20251200,20251200
2025-07-17 05:00:00,138.06,137.54,137.54,20250900,20251200,20251200
2025-07-17 06:00:00,138.02,,,20250900,20251200,20251200
2025-07-17 07:00:00,138.01,,,20250900,20251200,20251200
2025-07-17 08:00:00,138.07,,,20250900,20251200,20251200
2025-07-17 09:00:00,138.1,,,20250900,20251200,20251200
2025-07-17 12:00:00,138.03,,,20250900,20251200,20251200
2025-07-17 13:00:00,138.0,,,20250900,20251200,20251200
2025-07-17 14:00:00,137.99,,,20250900,20251200,20251200
2025-07-17 15:00:00,137.97,,,20250900,20251200,20251200
2025-07-17 16:00:00,137.92,,,20250900,20251200,20251200
2025-07-17 17:00:00,137.99,,,20250900,20251200,20251200
2025-07-17 19:00:00,137.97,,,20250900,20251200,20251200
2025-07-17 20:00:00,138.02,,,20250900,20251200,20251200
2025-07-17 23:00:00,138.07,,,20250900,20251200,20251200
2025-07-18 00:00:00,138.07,,,20250900,20251200,20251200
2025-07-18 01:00:00,138.14,,,20250900,20251200,20251200
2025-07-18 02:00:00,138.13,,,20250900,20251200,20251200
2025-07-18 03:00:00,138.23,,,20250900,20251200,20251200
2025-07-18 04:00:00,138.39,,,20250900,20251200,20251200
2025-07-18 05:00:00,138.36,137.64,137.64,20250900,20251200,20251200
2025-07-18 06:00:00,138.28,,,20250900,20251200,20251200
2025-07-18 07:00:00,138.25,,,20250900,20251200,20251200
2025-07-18 08:00:00,138.23,,,20250900,20251200,20251200
2025-07-18 09:00:00,138.2,,,20250900,20251200,20251200
2025-07-18 10:00:00,138.23,,,20250900,20251200,20251200
2025-07-18 11:00:00,138.24,,,20250900,20251200,20251200
2025-07-18 12:00:00,138.18,,,20250900,20251200,20251200
2025-07-18 13:00:00,138.13,,,20250900,20251200,20251200
2025-07-18 14:00:00,138.09,,,20250900,20251200,20251200
2025-07-18 15:00:00,138.03,,,20250900,20251200,20251200
2025-07-18 16:00:00,138.07,,,20250900,20251200,20251200
2025-07-18 17:00:00,138.1,,,20250900,20251200,20251200
2025-07-18 19:00:00,138.01,,,20250900,20251200,20251200
2025-07-18 20:00:00,138.03,,,20250900,20251200,20251200
2025-07-21 05:00:00,138.13,137.59,137.59,20250900,20251200,20251200
2025-07-21 06:00:00,138.08,,,20250900,20251200,20251200
2025-07-21 08:00:00,138.12,,,20250900,20251200,20251200
2025-07-21 09:00:00,138.18,,,20250900,20251200,20251200
2025-07-21 10:00:00,138.07,,,20250900,20251200,20251200
2025-07-21 11:00:00,138.18,,,20250900,20251200,20251200
2025-07-21 15:00:00,138.11,,,20250900,20251200,20251200
2025-07-21 17:00:00,138.17,,,20250900,20251200,20251200
2025-07-21 18:00:00,138.17,,,20250900,20251200,20251200
2025-07-21 19:00:00,138.17,,,20250900,20251200,20251200
2025-07-21 20:00:00,138.18,,,20250900,20251200,20251200
2025-07-21 23:00:00,138.22,,,20250900,20251200,20251200
2025-07-22 00:00:00,138.35,,,20250900,20251200,20251200
2025-07-22 01:00:00,138.46,,,20250900,20251200,20251200
2025-07-22 02:00:00,138.48,,,20250900,20251200,20251200
2025-07-22 03:00:00,138.56,,,20250900,20251200,20251200
2025-07-22 04:00:00,138.65,,,20250900,20251200,20251200
2025-07-22 05:00:00,138.5,137.96,137.96,20250900,20251200,20251200
2025-07-22 06:00:00,138.53,,,20250900,20251200,20251200
2025-07-22 07:00:00,138.52,,,20250900,20251200,20251200
2025-07-22 08:00:00,138.5,,,20250900,20251200,20251200
2025-07-22 09:00:00,138.5,,,20250900,20251200,20251200
2025-07-22 10:00:00,138.51,,,20250900,20251200,20251200
2025-07-22 11:00:00,138.47,,,20250900,20251200,20251200
2025-07-22 12:00:00,138.53,,,20250900,20251200,20251200
2025-07-22 13:00:00,138.52,,,20250900,20251200,20251200
2025-07-22 14:00:00,138.54,,,20250900,20251200,20251200
2025-07-22 15:00:00,138.56,,,20250900,20251200,20251200
2025-07-22 16:00:00,138.55,,,20250900,20251200,20251200
2025-07-22 17:00:00,138.52,,,20250900,20251200,20251200
2025-07-22 19:00:00,138.51,,,20250900,20251200,20251200
2025-07-22 20:00:00,138.47,,,20250900,20251200,20251200
2025-07-22 23:00:00,137.92,,,20250900,20251200,20251200
2025-07-23 00:00:00,137.63,,,20250900,20251200,20251200
2025-07-23 01:00:00,137.66,,,20250900,20251200,20251200
2025-07-23 02:00:00,137.74,,,20250900,20251200,20251200
2025-07-23 03:00:00,137.72,,,20250900,20251200,20251200
2025-07-23 04:00:00,137.85,,,20250900,20251200,20251200
2025-07-23 05:00:00,137.64,137.04,137.04,20250900,20251200,20251200
2025-07-23 06:00:00,137.63,,,20250900,20251200,20251200
2025-07-23 07:00:00,137.68,,,20250900,20251200,20251200
2025-07-23 08:00:00,137.6,,,20250900,20251200,20251200
2025-07-23 09:00:00,137.62,,,20250900,20251200,20251200
2025-07-23 10:00:00,137.62,,,20250900,20251200,20251200
2025-07-23 11:00:00,137.71,,,20250900,20251200,20251200
2025-07-23 12:00:00,137.68,,,20250900,20251200,20251200
2025-07-23 13:00:00,137.64,,,20250900,20251200,20251200
2025-07-23 14:00:00,137.62,,,20250900,20251200,20251200
2025-07-23 15:00:00,137.61,,,20250900,20251200,20251200
2025-07-23 16:00:00,137.5,,,20250900,20251200,20251200
2025-07-23 19:00:00,137.52,,,20250900,20251200,20251200
2025-07-23 20:00:00,137.48,,,20250900,20251200,20251200
2025-07-23 23:00:00,137.65,,,20250900,20251200,20251200
2025-07-24 00:00:00,137.58,,,20250900,20251200,20251200
2025-07-24 01:00:00,137.5,,,20250900,20251200,20251200
2025-07-24 02:00:00,137.38,,,20250900,20251200,20251200
2025-07-24 03:00:00,137.51,,,20250900,20251200,20251200
2025-07-24 04:00:00,137.52,,,20250900,20251200,20251200
2025-07-24 05:00:00,137.5,136.95,136.95,20250900,20251200,20251200
2025-07-24 06:00:00,137.43,,,20250900,20251200,20251200
2025-07-24 07:00:00,137.45,,,20250900,20251200,20251200
2025-07-24 08:00:00,137.5,,,20250900,20251200,20251200
2025-07-24 09:00:00,137.48,,,20250900,20251200,20251200
2025-07-24 11:00:00,137.45,,,20250900,20251200,20251200
2025-07-24 12:00:00,137.48,,,20250900,20251200,20251200
2025-07-24 13:00:00,137.46,,,20250900,20251200,20251200
2025-07-24 14:00:00,137.47,,,20250900,20251200,20251200
2025-07-24 15:00:00,137.47,,,20250900,20251200,20251200
2025-07-24 16:00:00,137.45,,,20250900,20251200,20251200
2025-07-24 19:00:00,137.44,,,20250900,20251200,20251200
2025-07-24 20:00:00,137.48,,,20250900,20251200,20251200
2025-07-24 23:00:00,137.54,,,20250900,20251200,20251200
2025-07-25 00:00:00,137.61,,,20250900,20251200,20251200
2025-07-25 01:00:00,137.59,,,20250900,20251200,20251200
2025-07-25 02:00:00,137.59,,,20250900,20251200,20251200
2025-07-25 03:00:00,137.59,,,20250900,20251200,20251200
2025-07-25 04:00:00,137.64,,,20250900,20251200,20251200
2025-07-25 05:00:00,137.41,136.89,136.89,20250900,20251200,20251200
2025-07-25 06:00:00,137.47,,,20250900,20251200,20251200
2025-07-25 07:00:00,137.42,,,20250900,20251200,20251200
2025-07-25 08:00:00,137.44,,,20250900,20251200,20251200
2025-07-25 09:00:00,137.46,,,20250900,20251200,20251200
2025-07-25 10:00:00,137.47,,,20250900,20251200,20251200
2025-07-25 12:00:00,137.46,,,20250900,20251200,20251200
2025-07-25 13:00:00,137.49,,,20250900,20251200,20251200
2025-07-25 14:00:00,137.46,,,20250900,20251200,20251200
2025-07-25 15:00:00,137.54,,,20250900,20251200,20251200
2025-07-25 16:00:00,137.51,,,20250900,20251200,20251200
2025-07-25 17:00:00,137.55,,,20250900,20251200,20251200
2025-07-25 19:00:00,137.5,,,20250900,20251200,20251200
2025-07-25 20:00:00,137.51,,,20250900,20251200,20251200
2025-07-27 23:00:00,137.55,,,20250900,20251200,20251200
2025-07-28 00:00:00,137.71,,,20250900,20251200,20251200
2025-07-28 01:00:00,137.77,,,20250900,20251200,20251200
2025-07-28 02:00:00,137.78,,,20250900,20251200,20251200
2025-07-28 03:00:00,137.83,,,20250900,20251200,20251200
2025-07-28 04:00:00,137.88,,,20250900,20251200,20251200
2025-07-28 05:00:00,137.92,137.38,137.38,20250900,20251200,20251200
2025-07-28 06:00:00,137.86,,,20250900,20251200,20251200
2025-07-28 07:00:00,137.92,,,20250900,20251200,20251200
2025-07-28 08:00:00,137.93,,,20250900,20251200,20251200
2025-07-28 09:00:00,137.92,,,20250900,20251200,20251200
2025-07-28 10:00:00,137.92,,,20250900,20251200,20251200
2025-07-28 11:00:00,137.85,,,20250900,20251200,20251200
2025-07-28 12:00:00,137.85,,,20250900,20251200,20251200
2025-07-28 13:00:00,137.82,,,20250900,20251200,20251200
2025-07-28 14:00:00,137.86,,,20250900,20251200,20251200
2025-07-28 15:00:00,137.82,,,20250900,20251200,20251200
2025-07-28 16:00:00,137.81,,,20250900,20251200,20251200
2025-07-28 19:00:00,137.79,,,20250900,20251200,20251200
2025-07-28 20:00:00,137.79,,,20250900,20251200,20251200
2025-07-28 23:00:00,137.79,,,20250900,20251200,20251200
2025-07-29 00:00:00,137.75,,,20250900,20251200,20251200
2025-07-29 01:00:00,137.85,,,20250900,20251200,20251200
2025-07-29 02:00:00,137.85,,,20250900,20251200,20251200
2025-07-29 03:00:00,137.86,,,20250900,20251200,20251200
2025-07-29 04:00:00,137.92,,,20250900,20251200,20251200
2025-07-29 05:00:00,137.89,137.28,137.28,20250900,20251200,20251200
2025-07-29 06:00:00,137.89,,,20250900,20251200,20251200
2025-07-29 07:00:00,137.83,,,20250900,20251200,20251200
2025-07-29 08:00:00,137.82,,,20250900,20251200,20251200
2025-07-29 09:00:00,137.86,,,20250900,20251200,20251200
2025-07-29 10:00:00,137.88,,,20250900,20251200,20251200
2025-07-29 12:00:00,137.92,,,20250900,20251200,20251200
2025-07-29 13:00:00,137.89,,,20250900,20251200,20251200
2025-07-29 14:00:00,138.0,,,20250900,20251200,20251200
2025-07-29 15:00:00,137.99,,,20250900,20251200,20251200
2025-07-29 17:00:00,138.04,,,20250900,20251200,20251200
2025-07-29 19:00:00,138.04,,,20250900,20251200,20251200
2025-07-29 20:00:00,138.08,,,20250900,20251200,20251200
2025-07-29 23:00:00,138.03,,,20250900,20251200,20251200
2025-07-30 00:00:00,138.01,,,20250900,20251200,20251200
2025-07-30 01:00:00,137.99,,,20250900,20251200,20251200
2025-07-30 02:00:00,137.99,,,20250900,20251200,20251200
2025-07-30 03:00:00,137.97,,,20250900,20251200,20251200
2025-07-30 04:00:00,137.97,,,20250900,20251200,20251200
2025-07-30 05:00:00,138.0,137.41,137.41,20250900,20251200,20251200
2025-07-30 06:00:00,137.92,,,20250900,20251200,20251200
2025-07-30 07:00:00,137.97,,,20250900,20251200,20251200
2025-07-30 08:00:00,137.96,,,20250900,20251200,20251200
2025-07-30 09:00:00,137.95,,,20250900,20251200,20251200
2025-07-30 10:00:00,137.99,,,20250900,20251200,20251200
2025-07-30 11:00:00,138.0,,,20250900,20251200,20251200
2025-07-30 12:00:00,137.87,,,20250900,20251200,20251200
2025-07-30 14:00:00,137.89,,,20250900,20251200,20251200
2025-07-30 15:00:00,137.9,,,20250900,20251200,20251200
2025-07-30 19:00:00,137.83,,,20250900,20251200,20251200
2025-07-30 20:00:00,137.8,,,20250900,20251200,20251200
2025-07-30 23:00:00,137.82,,,20250900,20251200,20251200
2025-07-31 00:00:00,137.83,,,20250900,20251200,20251200
2025-07-31 01:00:00,137.87,,,20250900,20251200,20251200
2025-07-31 03:00:00,137.84,,,20250900,20251200,20251200
2025-07-31 04:00:00,137.96,,,20250900,20251200,20251200
2025-07-31 05:00:00,138.03,137.49,137.49,20250900,20251200,20251200
2025-07-31 06:00:00,138.16,,,20250900,20251200,20251200
2025-07-31 07:00:00,138.05,,,20250900,20251200,20251200
2025-07-31 08:00:00,138.06,,,20250900,20251200,20251200
2025-07-31 09:00:00,138.02,,,20250900,20251200,20251200
2025-07-31 10:00:00,138.03,,,20250900,20251200,20251200
2025-07-31 13:00:00,138.03,,,20250900,20251200,20251200
2025-07-31 14:00:00,138.09,,,20250900,20251200,20251200
2025-07-31 15:00:00,138.08,,,20250900,20251200,20251200
2025-07-31 19:00:00,138.03,,,20250900,20251200,20251200
2025-07-31 20:00:00,137.99,,,20250900,20251200,20251200
2025-07-31 23:00:00,138.04,,,20250900,20251200,20251200
2025-08-01 00:00:00,138.27,,,20250900,20251200,20251200
2025-08-01 01:00:00,138.17,,,20250900,20251200,20251200
2025-08-01 02:00:00,138.21,,,20250900,20251200,20251200
2025-08-01 03:00:00,138.12,,,20250900,20251200,20251200
2025-08-01 04:00:00,138.11,,,20250900,20251200,20251200
2025-08-01 05:00:00,138.06,137.52,137.52,20250900,20251200,20251200
2025-08-01 06:00:00,138.05,,,20250900,20251200,20251200
2025-08-01 07:00:00,138.05,,,20250900,20251200,20251200
2025-08-01 08:00:00,138.04,,,20250900,20251200,20251200
2025-08-01 09:00:00,138.08,,,20250900,20251200,20251200
2025-08-01 10:00:00,138.06,,,20250900,20251200,20251200
2025-08-01 12:00:00,138.52,,,20250900,20251200,20251200
2025-08-01 13:00:00,138.62,,,20250900,20251200,20251200
2025-08-01 14:00:00,138.68,,,20250900,20251200,20251200
2025-08-01 15:00:00,138.61,,,20250900,20251200,20251200
2025-08-01 16:00:00,138.62,,,20250900,20251200,20251200
2025-08-01 17:00:00,138.64,,,20250900,20251200,20251200
2025-08-01 19:00:00,138.73,,,20250900,20251200,20251200
2025-08-01 20:00:00,138.7,,,20250900,20251200,20251200
2025-08-03 23:00:00,139.03,,,20250900,20251200,20251200
2025-08-04 00:00:00,138.79,,,20250900,20251200,20251200
2025-08-04 01:00:00,138.67,,,20250900,20251200,20251200
2025-08-04 02:00:00,138.61,,,20250900,20251200,20251200
2025-08-04 03:00:00,138.7,,,20250900,20251200,20251200
2025-08-04 04:00:00,138.66,,,20250900,20251200,20251200
2025-08-04 05:00:00,138.59,138.05,138.05,20250900,20251200,20251200
2025-08-04 06:00:00,138.56,,,20250900,20251200,20251200
2025-08-04 07:00:00,138.56,,,20250900,20251200,20251200
2025-08-04 08:00:00,138.57,,,20250900,20251200,20251200
2025-08-04 09:00:00,138.67,,,20250900,20251200,20251200
2025-08-04 10:00:00,138.75,,,20250900,20251200,20251200
2025-08-04 11:00:00,138.78,,,20250900,20251200,20251200
2025-08-04 13:00:00,138.71,,,20250900,20251200,20251200
2025-08-04 15:00:00,138.74,,,20250900,20251200,20251200
2025-08-04 16:00:00,138.73,,,20250900,20251200,20251200
2025-08-04 19:00:00,138.7,,,20250900,20251200,20251200
2025-08-04 20:00:00,138.71,,,20250900,20251200,20251200
2025-08-04 23:00:00,138.66,,,20250900,20251200,20251200
2025-08-05 00:00:00,138.84,,,20250900,20251200,20251200
2025-08-05 01:00:00,138.86,,,20250900,20251200,20251200
2025-08-05 02:00:00,138.84,,,20250900,20251200,20251200
2025-08-05 03:00:00,138.88,,,20250900,20251200,20251200
2025-08-05 04:00:00,138.81,,,20250900,20251200,20251200
2025-08-05 05:00:00,138.87,138.33,138.33,20250900,20251200,20251200
2025-08-05 06:00:00,138.86,,,20250900,20251200,20251200
2025-08-05 07:00:00,138.88,,,20250900,20251200,20251200
2025-08-05 08:00:00,138.81,,,20250900,20251200,20251200
2025-08-05 09:00:00,138.81,,,20250900,20251200,20251200
2025-08-05 10:00:00,138.79,,,20250900,20251200,20251200
2025-08-05 11:00:00,138.78,,,20250900,20251200,20251200
2025-08-05 12:00:00,138.8,,,20250900,20251200,20251200
2025-08-05 13:00:00,138.77,,,20250900,20251200,20251200
2025-08-05 14:00:00,138.84,,,20250900,20251200,20251200
2025-08-05 15:00:00,138.82,,,20250900,20251200,20251200
2025-08-05 16:00:00,138.85,,,20250900,20251200,20251200
2025-08-05 17:00:00,138.83,,,20250900,20251200,20251200
2025-08-05 18:00:00,138.85,,,20250900,20251200,20251200
2025-08-05 19:00:00,138.82,,,20250900,20251200,20251200
2025-08-05 20:00:00,138.81,,,20250900,20251200,20251200
2025-08-05 23:00:00,138.74,,,20250900,20251200,20251200
2025-08-06 00:00:00,138.76,,,20250900,20251200,20251200
2025-08-06 01:00:00,138.75,,,20250900,20251200,20251200
2025-08-06 02:00:00,138.71,,,20250900,20251200,20251200
2025-08-06 03:00:00,138.65,,,20250900,20251200,20251200
2025-08-06 04:00:00,138.58,,,20250900,20251200,20251200
2025-08-06 05:00:00,138.67,137.98,137.98,20250900,20251200,20251200
2025-08-06 06:00:00,138.53,,,20250900,20251200,20251200
2025-08-06 07:00:00,138.55,,,20250900,20251200,20251200
2025-08-06 08:00:00,138.53,,,20250900,20251200,20251200
2025-08-06 09:00:00,138.54,,,20250900,20251200,20251200
2025-08-06 11:00:00,138.57,,,20250900,20251200,20251200
2025-08-06 13:00:00,138.63,,,20250900,20251200,20251200
2025-08-06 14:00:00,138.64,,,20250900,20251200,20251200
2025-08-06 15:00:00,138.61,,,20250900,20251200,20251200
2025-08-06 16:00:00,138.6,,,20250900,20251200,20251200
2025-08-06 17:00:00,138.59,,,20250900,20251200,20251200
2025-08-06 20:00:00,138.63,,,20250900,20251200,20251200
2025-08-06 23:00:00,138.69,,,20250900,20251200,20251200
2025-08-07 00:00:00,138.75,,,20250900,20251200,20251200
2025-08-07 01:00:00,138.75,,,20250900,20251200,20251200
2025-08-07 02:00:00,138.76,,,20250900,20251200,20251200
2025-08-07 03:00:00,138.71,,,20250900,20251200,20251200
2025-08-07 04:00:00,138.72,,,20250900,20251200,20251200
2025-08-07 05:00:00,138.68,138.26,138.26,20250900,20251200,20251200
2025-08-07 06:00:00,138.7,,,20250900,20251200,20251200
2025-08-07 07:00:00,138.66,,,20250900,20251200,20251200
2025-08-07 08:00:00,138.77,,,20250900,20251200,20251200
2025-08-07 09:00:00,138.78,,,20250900,20251200,20251200
2025-08-07 10:00:00,138.72,,,20250900,20251200,20251200
2025-08-07 12:00:00,138.68,,,20250900,20251200,20251200
2025-08-07 13:00:00,138.71,,,20250900,20251200,20251200
2025-08-07 14:00:00,138.75,,,20250900,20251200,20251200
2025-08-07 15:00:00,138.72,,,20250900,20251200,20251200
2025-08-07 16:00:00,138.71,,,20250900,20251200,20251200
2025-08-07 17:00:00,138.69,,,20250900,20251200,20251200
2025-08-07 18:00:00,138.69,,,20250900,20251200,20251200
2025-08-07 19:00:00,138.71,,,20250900,20251200,20251200
2025-08-07 20:00:00,138.7,,,20250900,20251200,20251200
2025-08-07 23:00:00,138.6,,,20250900,20251200,20251200
2025-08-08 00:00:00,138.52,,,20250900,20251200,20251200
2025-08-08 01:00:00,138.56,,,20250900,20251200,20251200
2025-08-08 02:00:00,138.6,,,20250900,20251200,20251200
2025-08-08 03:00:00,138.54,,,20250900,20251200,20251200
2025-08-08 04:00:00,138.6,,,20250900,20251200,20251200
2025-08-08 05:00:00,138.63,138.09,138.09,20250900,20251200,20251200
2025-08-08 06:00:00,138.63,,,20250900,20251200,20251200
2025-08-08 07:00:00,138.65,,,20250900,20251200,20251200
2025-08-08 08:00:00,138.63,,,20250900,20251200,20251200
2025-08-08 09:00:00,138.63,,,20250900,20251200,20251200
2025-08-08 10:00:00,138.6,,,20250900,20251200,20251200
2025-08-08 11:00:00,138.6,,,20250900,20251200,20251200
2025-08-08 13:00:00,138.47,,,20250900,20251200,20251200
2025-08-08 14:00:00,138.47,,,20250900,20251200,20251200
2025-08-08 15:00:00,138.51,,,20250900,20251200,20251200
2025-08-08 16:00:00,138.49,,,20250900,20251200,20251200
2025-08-08 17:00:00,138.47,,,20250900,20251200,20251200
2025-08-08 19:00:00,138.53,,,20250900,20251200,20251200
2025-08-08 20:00:00,138.48,,,20250900,20251200,20251200
2025-08-10 23:00:00,138.67,,,20250900,20251200,20251200
2025-08-11 00:00:00,138.6,,,20250900,20251200,20251200
2025-08-11 01:00:00,138.44,,,20250900,20251200,20251200
2025-08-11 05:00:00,138.65,138.11,138.11,20250900,20251200,20251200
2025-08-11 07:00:00,138.57,,,20250900,20251200,20251200
2025-08-11 08:00:00,138.6,,,20250900,20251200,20251200
2025-08-11 09:00:00,138.65,,,20250900,20251200,20251200
2025-08-11 10:00:00,138.59,,,20250900,20251200,20251200
2025-08-11 13:00:00,138.6,,,20250900,20251200,20251200
2025-08-11 14:00:00,138.59,,,20250900,20251200,20251200
2025-08-11 15:00:00,138.6,,,20250900,20251200,20251200
2025-08-11 19:00:00,138.61,,,20250900,20251200,20251200
2025-08-11 23:00:00,138.48,,,20250900,20251200,20251200
2025-08-12 00:00:00,138.5,,,20250900,20251200,20251200
2025-08-12 01:00:00,138.54,,,20250900,20251200,20251200
2025-08-12 02:00:00,138.49,,,20250900,20251200,20251200
2025-08-12 03:00:00,138.49,,,20250900,20251200,20251200
2025-08-12 04:00:00,138.5,,,20250900,20251200,20251200
2025-08-12 05:00:00,138.59,138.05,138.05,20250900,20251200,20251200
2025-08-12 06:00:00,138.52,,,20250900,20251200,20251200
2025-08-12 07:00:00,138.55,,,20250900,20251200,20251200
2025-08-12 08:00:00,138.55,,,20250900,20251200,20251200
2025-08-12 09:00:00,138.59,,,20250900,20251200,20251200
2025-08-12 11:00:00,138.54,,,20250900,20251200,20251200
2025-08-12 12:00:00,138.74,,,20250900,20251200,20251200
2025-08-12 13:00:00,138.36,,,20250900,20251200,20251200
2025-08-12 14:00:00,138.39,,,20250900,20251200,20251200
2025-08-12 15:00:00,138.37,,,20250900,20251200,20251200
2025-08-12 16:00:00,138.4,,,20250900,20251200,20251200
2025-08-12 19:00:00,138.41,,,20250900,20251200,20251200
2025-08-12 20:00:00,138.38,,,20250900,20251200,20251200
2025-08-12 23:00:00,138.41,,,20250900,20251200,20251200
2025-08-13 00:00:00,138.36,,,20250900,20251200,20251200
2025-08-13 01:00:00,138.46,,,20250900,20251200,20251200
2025-08-13 02:00:00,138.49,,,20250900,20251200,20251200
2025-08-13 03:00:00,138.35,,,20250900,20251200,20251200
2025-08-13 04:00:00,138.32,,,20250900,20251200,20251200
2025-08-13 05:00:00,138.33,137.92,137.92,20250900,20251200,20251200
2025-08-13 06:00:00,138.39,,,20250900,20251200,20251200
2025-08-13 07:00:00,138.44,,,20250900,20251200,20251200
2025-08-13 08:00:00,138.46,,,20250900,20251200,20251200
2025-08-13 09:00:00,138.5,,,20250900,20251200,20251200
2025-08-13 11:00:00,138.46,,,20250900,20251200,20251200
2025-08-13 12:00:00,138.39,,,20250900,20251200,20251200
2025-08-13 13:00:00,138.44,,,20250900,20251200,20251200
2025-08-13 14:00:00,138.49,,,20250900,20251200,20251200
2025-08-13 15:00:00,138.5,,,20250900,20251200,20251200
2025-08-13 16:00:00,138.5,,,20250900,20251200,20251200
2025-08-13 17:00:00,138.51,,,20250900,20251200,20251200
2025-08-13 18:00:00,138.48,,,20250900,20251200,20251200
2025-08-13 19:00:00,138.49,,,20250900,20251200,20251200
2025-08-13 20:00:00,138.48,,,20250900,20251200,20251200
2025-08-13 23:00:00,138.42,,,20250900,20251200,20251200
2025-08-14 00:00:00,138.28,,,20250900,20251200,20251200
2025-08-14 01:00:00,138.23,,,20250900,20251200,20251200
2025-08-14 03:00:00,138.0,,,20250900,20251200,20251200
2025-08-14 04:00:00,137.96,,,20250900,20251200,20251200
2025-08-14 05:00:00,138.0,137.56,137.56,20250900,20251200,20251200
2025-08-14 06:00:00,138.08,,,20250900,20251200,20251200
2025-08-14 07:00:00,138.06,,,20250900,20251200,20251200
2025-08-14 08:00:00,138.1,,,20250900,20251200,20251200
2025-08-14 09:00:00,138.03,,,20250900,20251200,20251200
2025-08-14 11:00:00,138.08,,,20250900,20251200,20251200
2025-08-14 12:00:00,138.0,,,20250900,20251200,20251200
2025-08-14 13:00:00,137.94,,,20250900,20251200,20251200
2025-08-14 14:00:00,137.87,,,20250900,20251200,20251200
2025-08-14 15:00:00,137.85,,,20250900,20251200,20251200
2025-08-14 16:00:00,137.85,,,20250900,20251200,20251200
2025-08-14 17:00:00,137.86,,,20250900,20251200,20251200
2025-08-14 18:00:00,137.84,,,20250900,20251200,20251200
2025-08-14 19:00:00,137.87,,,20250900,20251200,20251200
2025-08-14 20:00:00,137.82,,,20250900,20251200,20251200
2025-08-14 23:00:00,137.89,,,20250900,20251200,20251200
2025-08-15 00:00:00,137.95,,,20250900,20251200,20251200
2025-08-15 01:00:00,137.91,,,20250900,20251200,20251200
2025-08-15 02:00:00,137.98,,,20250900,20251200,20251200
2025-08-15 03:00:00,137.85,,,20250900,20251200,20251200
2025-08-15 04:00:00,137.84,,,20250900,20251200,20251200
2025-08-15 05:00:00,137.77,137.23,137.23,20250900,20251200,20251200
2025-08-15 06:00:00,137.89,,,20250900,20251200,20251200
2025-08-15 07:00:00,137.84,,,20250900,20251200,20251200
2025-08-15 08:00:00,137.77,,,20250900,20251200,20251200
2025-08-15 09:00:00,137.71,,,20250900,20251200,20251200
2025-08-15 10:00:00,137.74,,,20250900,20251200,20251200
2025-08-15 11:00:00,137.73,,,20250900,20251200,20251200
2025-08-15 13:00:00,137.65,,,20250900,20251200,20251200
2025-08-15 14:00:00,137.65,,,20250900,20251200,20251200
2025-08-15 15:00:00,137.6,,,20250900,20251200,20251200
2025-08-15 18:00:00,137.63,,,20250900,20251200,20251200
2025-08-15 19:00:00,137.61,,,20250900,20251200,20251200
2025-08-15 20:00:00,137.58,,,20250900,20251200,20251200
2025-08-17 23:00:00,137.62,,,20250900,20251200,20251200
2025-08-18 00:00:00,137.73,,,20250900,20251200,20251200
2025-08-18 01:00:00,137.74,,,20250900,20251200,20251200
2025-08-18 02:00:00,137.75,,,20250900,20251200,20251200
2025-08-18 03:00:00,137.74,,,20250900,20251200,20251200
2025-08-18 04:00:00,137.78,,,20250900,20251200,20251200
2025-08-18 05:00:00,137.83,137.34,137.34,20250900,20251200,20251200
2025-08-18 06:00:00,137.81,,,20250900,20251200,20251200
2025-08-18 07:00:00,137.88,,,20250900,20251200,20251200
2025-08-18 08:00:00,137.89,,,20250900,20251200,20251200
2025-08-18 09:00:00,137.88,,,20250900,20251200,20251200
2025-08-18 10:00:00,137.82,,,20250900,20251200,20251200
2025-08-18 12:00:00,137.77,,,20250900,20251200,20251200
2025-08-18 13:00:00,137.74,,,20250900,20251200,20251200
2025-08-18 15:00:00,137.65,,,20250900,20251200,20251200
2025-08-18 16:00:00,137.72,,,20250900,20251200,20251200
2025-08-18 20:00:00,137.72,,,20250900,20251200,20251200
2025-08-18 23:00:00,137.68,,,20250900,20251200,20251200
2025-08-19 00:00:00,137.7,,,20250900,20251200,20251200
2025-08-19 01:00:00,137.7,,,20250900,20251200,20251200
2025-08-19 02:00:00,137.72,,,20250900,20251200,20251200
2025-08-19 03:00:00,137.52,136.61,136.61,20250900,20251200,20251200
2025-08-19 04:00:00,137.52,,,20250900,20251200,20251200
2025-08-19 05:00:00,137.6,136.62,136.62,20250900,20251200,20251200
2025-08-19 06:00:00,137.55,,,20250900,20251200,20251200
2025-08-19 07:00:00,137.57,,,20250900,20251200,20251200
2025-08-19 08:00:00,137.59,,,20250900,20251200,20251200
2025-08-19 09:00:00,137.65,,,20250900,20251200,20251200
2025-08-19 10:00:00,137.66,,,20250900,20251200,20251200
2025-08-19 11:00:00,137.66,,,20250900,20251200,20251200
2025-08-19 12:00:00,137.63,,,20250900,20251200,20251200
2025-08-19 13:00:00,137.66,,,20250900,20251200,20251200
2025-08-19 14:00:00,137.67,,,20250900,20251200,20251200
2025-08-19 15:00:00,137.63,,,20250900,20251200,20251200
2025-08-19 16:00:00,137.63,,,20250900,20251200,20251200
2025-08-19 19:00:00,137.67,,,20250900,20251200,20251200
2025-08-19 20:00:00,137.67,,,20250900,20251200,20251200
2025-08-19 23:00:00,137.7,,,20250900,20251200,20251200
2025-08-20 00:00:00,137.67,,,20250900,20251200,20251200
2025-08-20 01:00:00,137.67,,,20250900,20251200,20251200
2025-08-20 02:00:00,137.66,,,20250900,20251200,20251200
2025-08-20 03:00:00,137.58,,,20250900,20251200,20251200
2025-08-20 04:00:00,137.52,,,20250900,20251200,20251200
2025-08-20 05:00:00,137.53,136.62,136.62,20250900,20251200,20251200
2025-08-20 06:00:00,137.59,,,20250900,20251200,20251200
2025-08-20 07:00:00,137.53,,,20250900,20251200,20251200
2025-08-20 08:00:00,137.59,,,20250900,20251200,20251200
2025-08-20 09:00:00,137.63,,,20250900,20251200,20251200
2025-08-20 10:00:00,137.64,,,20250900,20251200,20251200
2025-08-20 11:00:00,137.63,,,20250900,20251200,20251200
2025-08-20 13:00:00,137.64,,,20250900,20251200,20251200
2025-08-20 14:00:00,137.69,,,20250900,20251200,20251200
2025-08-20 15:00:00,137.71,,,20250900,20251200,20251200
2025-08-20 20:00:00,137.66,,,20250900,20251200,20251200
2025-08-20 23:00:00,137.68,,,20250900,20251200,20251200
2025-08-21 00:00:00,137.58,,,20250900,20251200,20251200
2025-08-21 01:00:00,137.6,,,20250900,20251200,20251200
2025-08-21 02:00:00,137.64,,,20250900,20251200,20251200
2025-08-21 03:00:00,137.53,,,20250900,20251200,20251200
2025-08-21 04:00:00,137.54,,,20250900,20251200,20251200
2025-08-21 05:00:00,137.57,136.61,136.61,20250900,20251200,20251200
2025-08-21 06:00:00,137.56,,,20250900,20251200,20251200
2025-08-21 07:00:00,137.54,,,20250900,20251200,20251200
2025-08-21 08:00:00,137.59,,,20250900,20251200,20251200
2025-08-21 09:00:00,137.59,,,20250900,20251200,20251200
2025-08-21 10:00:00,137.54,,,20250900,20251200,20251200
2025-08-21 12:00:00,137.57,,,20250900,20251200,20251200
2025-08-21 13:00:00,137.53,,,20250900,20251200,20251200
2025-08-21 14:00:00,137.5,,,20250900,20251200,20251200
2025-08-21 15:00:00,137.45,,,20250900,20251200,20251200
2025-08-21 20:00:00,137.46,,,20250900,20251200,20251200
2025-08-21 23:00:00,137.5,,,20250900,20251200,20251200
2025-08-22 00:00:00,137.59,,,20250900,20251200,20251200
2025-08-22 01:00:00,137.61,,,20250900,20251200,20251200
2025-08-22 02:00:00,137.6,,,20250900,20251200,20251200
2025-08-22 03:00:00,137.56,,,20250900,20251200,20251200
2025-08-22 04:00:00,137.57,,,20250900,20251200,20251200
2025-08-22 05:00:00,137.48,136.5,136.5,20250900,20251200,20251200
2025-08-22 06:00:00,137.52,,,20250900,20251200,20251200
2025-08-22 07:00:00,137.46,,,20250900,20251200,20251200
2025-08-22 08:00:00,137.49,,,20250900,20251200,20251200
2025-08-22 09:00:00,137.47,,,20250900,20251200,20251200
2025-08-22 10:00:00,137.48,,,20250900,20251200,20251200
2025-08-22 11:00:00,137.47,,,20250900,20251200,20251200
2025-08-22 13:00:00,137.51,,,20250900,20251200,20251200
2025-08-22 14:00:00,137.69,,,20250900,20251200,20251200
2025-08-22 15:00:00,137.68,,,20250900,20251200,20251200
2025-08-22 16:00:00,137.67,,,20250900,20251200,20251200
2025-08-22 19:00:00,137.66,,,20250900,20251200,20251200
2025-08-22 20:00:00,137.72,,,20250900,20251200,20251200
2025-08-24 23:00:00,137.56,,,20250900,20251200,20251200
2025-08-25 00:00:00,137.54,,,20250900,20251200,20251200
2025-08-25 01:00:00,137.53,,,20250900,20251200,20251200
2025-08-25 02:00:00,137.54,,,20250900,20251200,20251200
2025-08-25 03:00:00,137.54,,,20250900,20251200,20251200
2025-08-25 04:00:00,137.5,,,20250900,20251200,20251200
2025-08-25 05:00:00,137.45,136.47,136.47,20250900,20251200,20251200
2025-08-25 06:00:00,137.5,,,20250900,20251200,20251200
2025-08-25 07:00:00,137.44,,,20250900,20251200,20251200
2025-08-25 08:00:00,137.44,,,20250900,20251200,20251200
2025-08-25 09:00:00,137.45,,,20250900,20251200,20251200
2025-08-25 10:00:00,137.46,,,20250900,20251200,20251200
2025-08-25 11:00:00,137.49,,,20250900,20251200,20251200
2025-08-25 13:00:00,137.4,,,20250900,20251200,20251200
2025-08-25 15:00:00,137.4,,,20250900,20251200,20251200
2025-08-25 18:00:00,137.46,,,20250900,20251200,20251200
2025-08-25 19:00:00,137.46,,,20250900,20251200,20251200
2025-08-25 20:00:00,137.44,,,20250900,20251200,20251200
2025-08-25 23:00:00,137.44,,,20250900,20251200,20251200
2025-08-26 00:00:00,137.42,,,20250900,20251200,20251200
2025-08-26 01:00:00,137.45,,,20250900,20251200,20251200
2025-08-26 02:00:00,137.38,,,20250900,20251200,20251200
2025-08-26 03:00:00,137.37,,,20250900,20251200,20251200
2025-08-26 04:00:00,137.42,,,20250900,20251200,20251200
2025-08-26 05:00:00,137.35,136.31,136.31,20250900,20251200,20251200
2025-08-26 06:00:00,137.35,,,20250900,20251200,20251200
2025-08-26 07:00:00,137.23,,,20250900,20251200,20251200
2025-08-26 08:00:00,137.28,,,20250900,20251200,20251200
2025-08-26 09:00:00,137.3,,,20250900,20251200,20251200
2025-08-26 11:00:00,137.32,,,20250900,20251200,20251200
2025-08-26 12:00:00,137.31,,,20250900,20251200,20251200
2025-08-26 13:00:00,137.28,136.23,136.23,20250900,20251200,20251200
2025-08-26 14:00:00,137.27,,,20250900,20251200,20251200
2025-08-26 15:00:00,137.33,,,20250900,20251200,20251200
2025-08-26 17:00:00,137.33,,,20250900,20251200,20251200
2025-08-26 19:00:00,137.32,136.26,136.26,20250900,20251200,20251200
2025-08-26 20:00:00,137.31,,,20250900,20251200,20251200
2025-08-26 23:00:00,137.35,,,20250900,20251200,20251200
2025-08-27 00:00:00,137.31,,,20250900,20251200,20251200
2025-08-27 01:00:00,137.34,,,20250900,20251200,20251200
2025-08-27 02:00:00,137.36,,,20250900,20251200,20251200
2025-08-27 03:00:00,137.43,136.41,136.41,20250900,20251200,20251200
2025-08-27 04:00:00,137.39,,,20250900,20251200,20251200
2025-08-27 05:00:00,137.35,136.41,136.41,20250900,20251200,20251200
2025-08-27 06:00:00,137.28,,,20250900,20251200,20251200
2025-08-27 07:00:00,137.35,,,20250900,20251200,20251200
2025-08-27 08:00:00,137.41,,,20250900,20251200,20251200
2025-08-27 09:00:00,137.43,,,20250900,20251200,20251200
2025-08-27 12:00:00,137.38,136.41,136.41,20250900,20251200,20251200
2025-08-27 13:00:00,137.39,,,20250900,20251200,20251200
2025-08-27 14:00:00,137.39,,,20250900,20251200,20251200
2025-08-27 15:00:00,137.44,,,20250900,20251200,20251200
2025-08-27 16:00:00,137.46,,,20250900,20251200,20251200
2025-08-27 20:00:00,137.47,,,20250900,20251200,20251200
2025-08-27 23:00:00,137.42,,,20250900,20251200,20251200
2025-08-28 00:00:00,137.45,,,20250900,20251200,20251200
2025-08-28 01:00:00,137.51,,,20250900,20251200,20251200
2025-08-28 02:00:00,137.5,,,20250900,20251200,20251200
2025-08-28 03:00:00,137.41,,,20250900,20251200,20251200
2025-08-28 04:00:00,137.43,,,20250900,20251200,20251200
2025-08-28 05:00:00,137.44,136.42,136.42,20250900,20251200,20251200
2025-08-28 06:00:00,137.4,,,20250900,20251200,20251200
2025-08-28 07:00:00,137.45,,,20250900,20251200,20251200
2025-08-28 08:00:00,137.46,,,20250900,20251200,20251200
2025-08-28 09:00:00,137.44,,,20250900,20251200,20251200
2025-08-28 10:00:00,137.41,,,20250900,20251200,20251200
2025-08-28 11:00:00,137.44,136.46,136.46,20250900,20251200,20251200
2025-08-28 13:00:00,137.46,,,20250900,20251200,20251200
2025-08-28 14:00:00,137.49,,,20250900,20251200,20251200
2025-08-28 15:00:00,137.47,,,20250900,20251200,20251200
2025-08-28 19:00:00,137.57,,,20250900,20251200,20251200
2025-08-28 20:00:00,137.57,,,20250900,20251200,20251200
2025-08-28 23:00:00,137.51,,,20250900,20251200,20251200
2025-08-29 00:00:00,137.43,,,20250900,20251200,20251200
2025-08-29 01:00:00,137.45,,,20250900,20251200,20251200
2025-08-29 03:00:00,137.45,,,20250900,20251200,20251200
2025-08-29 04:00:00,137.48,,,20250900,20251200,20251200
2025-08-29 05:00:00,137.49,136.51,136.51,20250900,20251200,20251200
2025-08-29 06:00:00,137.64,136.6,136.6,20250900,20251200,20251200
2025-08-29 07:00:00,137.6,,,20250900,20251200,20251200
2025-08-29 08:00:00,137.56,136.58,136.58,20250900,20251200,20251200
2025-08-29 09:00:00,137.57,136.52,136.52,20250900,20251200,20251200
2025-08-29 10:00:00,137.57,,,20250900,20251200,20251200
2025-08-29 12:00:00,137.57,136.52,136.52,20250900,20251200,20251200
2025-08-29 13:00:00,137.59,136.52,136.52,20250900,20251200,20251200
2025-08-29 14:00:00,137.6,,,20250900,20251200,20251200
2025-08-29 15:00:00,137.57,,,20250900,20251200,20251200
2025-08-29 16:00:00,137.58,,,20250900,20251200,20251200
2025-08-29 19:00:00,137.55,,,20250900,20251200,20251200
2025-08-29 20:00:00,137.58,,,20250900,20251200,20251200
2025-08-31 23:00:00,137.47,,,20250900,20251200,20251200
2025-09-01 00:00:00,137.43,,,20250900,20251200,20251200
2025-09-01 01:00:00,137.43,,,20250900,20251200,20251200
2025-09-01 02:00:00,137.45,,,20250900,20251200,20251200
2025-09-01 03:00:00,137.36,136.31,136.31,20250900,20251200,20251200
2025-09-01 04:00:00,137.34,,,20250900,20251200,20251200
2025-09-01 05:00:00,137.26,136.23,136.23,20250900,20251200,20251200
2025-09-01 06:00:00,137.3,,,20250900,20251200,20251200
2025-09-01 07:00:00,137.25,,,20250900,20251200,20251200
2025-09-01 08:00:00,137.26,136.23,136.23,20250900,20251200,20251200
2025-09-01 09:00:00,137.23,136.23,136.23,20250900,20251200,20251200
2025-09-01 10:00:00,137.24,,,20250900,20251200,20251200
2025-09-01 12:00:00,137.23,,,20250900,20251200,20251200
2025-09-01 13:00:00,137.21,,,20250900,20251200,20251200
2025-09-01 15:00:00,137.23,,,20250900,20251200,20251200
2025-09-01 16:00:00,137.24,,,20250900,20251200,20251200
2025-09-01 20:00:00,137.21,,,20250900,20251200,20251200
2025-09-01 23:00:00,137.26,,,20250900,20251200,20251200
2025-09-02 00:00:00,137.28,,,20250900,20251200,20251200
2025-09-02 01:00:00,137.35,,,20250900,20251200,20251200
2025-09-02 02:00:00,137.35,136.27,136.27,20250900,20251200,20251200
2025-09-02 03:00:00,137.52,136.48,136.48,20250900,20251200,20251200
2025-09-02 04:00:00,137.46,,,20250900,20251200,20251200
2025-09-02 05:00:00,137.53,136.28,136.28,20250900,20251200,20251200
2025-09-02 06:00:00,137.49,136.48,136.48,20250900,20251200,20251200
2025-09-02 07:00:00,137.36,136.48,136.48,20250900,20251200,20251200
2025-09-02 08:00:00,137.35,,,20250900,20251200,20251200
2025-09-02 09:00:00,137.3,136.27,136.27,20250900,20251200,20251200
2025-09-02 11:00:00,137.31,,,20250900,20251200,20251200
2025-09-02 12:00:00,137.28,,,20250900,20251200,20251200
2025-09-02 13:00:00,137.28,136.27,136.27,20250900,20251200,20251200
2025-09-02 14:00:00,137.39,136.27,136.27,20250900,20251200,20251200
2025-09-02 15:00:00,137.32,136.27,136.27,20250900,20251200,20251200
2025-09-02 16:00:00,137.31,,,20250900,20251200,20251200
2025-09-02 17:00:00,137.31,,,20250900,20251200,20251200
2025-09-02 18:00:00,137.28,,,20250900,20251200,20251200
2025-09-02 19:00:00,137.28,,,20250900,20251200,20251200
2025-09-02 20:00:00,137.29,136.26,136.26,20250900,20251200,20251200
2025-09-02 23:00:00,137.34,,,20250900,20251200,20251200
2025-09-03 00:00:00,137.27,136.25,136.25,20250900,20251200,20251200
2025-09-03 01:00:00,137.36,136.3,136.3,20250900,20251200,20251200
2025-09-03 02:00:00,137.34,,,20250900,20251200,20251200
2025-09-03 03:00:00,137.32,136.26,136.26,20250900,20251200,20251200
2025-09-03 04:00:00,137.33,136.29,136.29,20250900,20251200,20251200
2025-09-03 05:00:00,137.3,136.19,136.19,20250900,20251200,20251200
2025-09-03 06:00:00,137.31,136.3,136.3,20250900,20251200,20251200
2025-09-03 07:00:00,137.24,136.3,136.3,20250900,20251200,20251200
2025-09-03 08:00:00,137.23,136.19,136.19,20250900,20251200,20251200
2025-09-03 09:00:00,137.28,136.24,136.24,20250900,20251200,20251200
2025-09-03 11:00:00,137.3,,,20250900,20251200,20251200
2025-09-03 12:00:00,137.3,136.24,136.24,20250900,20251200,20251200
2025-09-03 13:00:00,137.37,,,20250900,20251200,20251200
2025-09-03 14:00:00,137.46,136.41,136.41,20250900,20251200,20251200
2025-09-03 15:00:00,137.46,136.42,136.42,20250900,20251200,20251200
2025-09-03 18:00:00,137.39,,,20250900,20251200,20251200
2025-09-03 19:00:00,137.29,136.25,136.25,20250900,20251200,20251200
2025-09-03 20:00:00,137.31,,,20250900,20251200,20251200
2025-09-03 23:00:00,137.43,136.35,136.35,20250900,20251200,20251200
2025-09-04 00:00:00,137.56,136.42,136.42,20250900,20251200,20251200
2025-09-04 01:00:00,137.48,136.51,136.51,20250900,20251200,20251200
2025-09-04 02:00:00,137.49,,,20250900,20251200,20251200
2025-09-04 03:00:00,137.59,136.46,136.46,20250900,20251200,20251200
2025-09-04 04:00:00,137.56,136.46,136.46,20250900,20251200,20251200
2025-09-04 05:00:00,137.61,136.7,136.7,20250900,20251200,20251200
2025-09-04 06:00:00,137.73,136.68,136.68,20250900,20251200,20251200
2025-09-04 07:00:00,137.69,136.68,136.68,20250900,20251200,20251200
2025-09-04 08:00:00,137.73,136.71,136.71,20250900,20251200,20251200
2025-09-04 09:00:00,137.74,,,20250900,20251200,20251200
2025-09-04 10:00:00,137.74,,,20250900,20251200,20251200
2025-09-04 11:00:00,137.73,,,20250900,20251200,20251200
2025-09-04 12:00:00,137.77,136.74,136.74,20250900,20251200,20251200
2025-09-04 13:00:00,137.74,136.68,136.68,20250900,20251200,20251200
2025-09-04 14:00:00,137.71,136.68,136.68,20250900,20251200,20251200
2025-09-04 15:00:00,137.69,136.64,136.64,20250900,20251200,20251200
2025-09-04 16:00:00,137.72,,,20250900,20251200,20251200
2025-09-04 17:00:00,137.72,136.64,136.64,20250900,20251200,20251200
2025-09-04 19:00:00,137.74,,,20250900,20251200,20251200
2025-09-04 23:00:00,137.89,136.75,136.75,20250900,20251200,20251200
2025-09-05 00:00:00,137.82,136.79,136.79,20250900,20251200,20251200
2025-09-05 01:00:00,137.89,136.82,136.82,20250900,20251200,20251200
2025-09-05 02:00:00,137.94,136.9,136.9,20250900,20251200,20251200
2025-09-05 03:00:00,137.89,136.84,136.84,20250900,20251200,20251200
2025-09-05 04:00:00,137.9,136.83,136.83,20250900,20251200,20251200
2025-09-05 05:00:00,137.88,136.85,136.85,20250900,20251200,20251200
2025-09-05 06:00:00,137.92,136.87,136.87,20250900,20251200,20251200
2025-09-05 07:00:00,137.88,136.84,136.84,20250900,20251200,20251200
2025-09-05 08:00:00,137.85,136.86,136.86,20250900,20251200,20251200
2025-09-05 09:00:00,137.89,136.84,136.84,20250900,20251200,20251200
2025-09-05 12:00:00,138.14,137.27,137.27,20250900,20251200,20251200
2025-09-05 13:00:00,138.19,137.16,137.16,20250900,20251200,20251200
2025-09-05 14:00:00,138.23,137.16,137.16,20250900,20251200,20251200
2025-09-05 15:00:00,138.27,137.24,137.24,20250900,20251200,20251200
2025-09-05 16:00:00,138.29,137.24,137.24,20250900,20251200,20251200
2025-09-05 19:00:00,138.18,,,20250900,20251200,20251200
2025-09-05 20:00:00,138.18,,,20250900,20251200,20251200
2025-09-07 23:00:00,138.02,137.07,137.07,20250900,20251200,20251200
2025-09-08 00:00:00,138.04,136.98,136.98,20250900,20251200,20251200
2025-09-08 01:00:00,138.07,137.01,137.01,20250900,20251200,20251200
2025-09-08 02:00:00,138.07,137.01,137.01,20250900,20251200,20251200
2025-09-08 03:00:00,138.03,137.0,137.0,20250900,20251200,20251200
2025-09-08 04:00:00,138.0,136.97,136.97,20250900,20251200,20251200
2025-09-08 05:00:00,138.02,137.06,137.06,20250900,20251200,20251200
2025-09-08 06:00:00,138.01,137.01,137.01,20250900,20251200,20251200
2025-09-08 07:00:00,138.06,137.01,137.01,20250900,20251200,20251200
2025-09-08 08:00:00,138.1,137.09,137.09,20250900,20251200,20251200
2025-09-08 09:00:00,138.06,137.09,137.09,20250900,20251200,20251200
2025-09-08 10:00:00,138.05,137.04,137.04,20250900,20251200,20251200
2025-09-08 11:00:00,137.99,136.98,136.98,20250900,20251200,20251200
2025-09-08 12:00:00,137.99,137.07,137.07,20250900,20251200,20251200
2025-09-08 13:00:00,138.13,137.1,137.1,20250900,20251200,20251200
2025-09-08 14:00:00,138.11,137.1,137.1,20250900,20251200,20251200
2025-09-08 15:00:00,138.16,137.16,137.16,20250900,20251200,20251200
2025-09-08 16:00:00,138.13,137.13,137.13,20250900,20251200,20251200
2025-09-08 17:00:00,138.13,137.12,137.12,20250900,20251200,20251200
2025-09-08 18:00:00,138.16,137.12,137.12,20250900,20251200,20251200
2025-09-08 19:00:00,138.16,137.17,137.17,20250900,20251200,20251200
2025-09-08 20:00:00,138.15,137.15,137.15,20250900,20251200,20251200
2025-09-08 23:00:00,138.24,137.24,137.24,20250900,20251200,20251200
2025-09-09 00:00:00,138.11,137.16,137.16,20250900,20251200,20251200
2025-09-09 01:00:00,138.08,137.1,137.1,20250900,20251200,20251200
2025-09-09 02:00:00,138.08,137.1,137.1,20250900,20251200,20251200
2025-09-09 03:00:00,138.05,137.07,137.07,20250900,20251200,20251200
2025-09-09 04:00:00,138.01,137.05,137.05,20250900,20251200,20251200
2025-09-09 05:00:00,138.01,136.79,136.79,20250900,20251200,20251200
2025-09-09 06:00:00,137.97,137.01,137.01,20250900,20251200,20251200
2025-09-09 07:00:00,137.92,136.98,136.98,20250900,20251200,20251200
2025-09-09 08:00:00,137.74,136.78,136.78,20250900,20251200,20251200
2025-09-09 09:00:00,137.83,136.84,136.84,20250900,20251200,20251200
2025-09-09 10:00:00,137.83,136.84,136.84,20250900,20251200,20251200
2025-09-09 11:00:00,137.79,136.81,136.81,20250900,20251200,20251200
2025-09-09 12:00:00,137.78,136.82,136.82,20250900,20251200,20251200
2025-09-09 13:00:00,137.82,136.86,136.86,20250900,20251200,20251200
2025-09-09 14:00:00,137.76,136.79,136.79,20250900,20251200,20251200
2025-09-09 15:00:00,137.78,136.8,136.8,20250900,20251200,20251200
2025-09-09 16:00:00,137.77,,,20250900,20251200,20251200
2025-09-09 17:00:00,,136.81,136.81,20250900,20251200,20251200
2025-09-09 18:00:00,137.75,,,20250900,20251200,20251200
2025-09-09 19:00:00,137.75,136.8,136.8,20250900,20251200,20251200
2025-09-09 20:00:00,137.72,,,20250900,20251200,20251200
2025-09-09 23:00:00,137.71,136.73,136.73,20250900,20251200,20251200
2025-09-10 00:00:00,137.81,136.85,136.85,20250900,20251200,20251200
2025-09-10 01:00:00,137.77,136.8,136.8,20250900,20251200,20251200
2025-09-10 02:00:00,,136.81,136.81,20250900,20251200,20251200
2025-09-10 03:00:00,137.84,136.89,136.89,20250900,20251200,20251200
2025-09-10 04:00:00,137.93,136.92,136.92,20250900,20251200,20251200
2025-09-10 05:00:00,137.94,137.7,137.7,20250900,20251200,20251200
2025-09-10 06:00:00,137.95,136.95,136.95,20250900,20251200,20251200
2025-09-10 07:00:00,137.93,136.93,136.93,20250900,20251200,20251200
2025-09-10 08:00:00,137.96,136.94,136.94,20250900,20251200,20251200
2025-09-10 09:00:00,137.96,136.94,136.94,20250900,20251200,20251200
2025-09-10 10:00:00,,136.93,136.93,20250900,20251200,20251200
2025-09-10 11:00:00,,136.91,136.91,20250900,20251200,20251200
2025-09-10 12:00:00,,136.95,136.95,20250900,20251200,20251200
2025-09-10 13:00:00,,136.96,136.96,20250900,20251200,20251200
2025-09-10 14:00:00,,136.94,136.94,20250900,20251200,20251200
2025-09-10 15:00:00,137.97,136.96,136.96,20250900,20251200,20251200
2025-09-10 16:00:00,138.01,,,20250900,20251200,20251200
2025-09-10 17:00:00,,137.04,137.04,20250900,20251200,20251200
2025-09-10 18:00:00,,137.03,137.03,20250900,20251200,20251200
2025-09-10 19:00:00,,137.03,137.03,20250900,20251200,20251200
2025-09-10 20:00:00,138.01,137.03,137.03,20250900,20251200,20251200
2025-09-10 23:00:00,,137.01,137.01,20250900,20251200,20251200
2025-09-11 00:00:00,137.97,136.94,136.94,20250900,20251200,20251200
2025-09-11 01:00:00,,136.9,136.9,20250900,20251200,20251200
2025-09-11 02:00:00,137.93,136.91,136.91,20250900,20251200,20251200
2025-09-11 03:00:00,137.83,136.82,136.82,20250900,20251200,20251200
2025-09-11 04:00:00,137.83,136.82,136.82,20250900,20251200,20251200
2025-09-11 05:00:00,137.83,136.82,136.82,20250900,20251200,20251200
2025-09-11 06:00:00,,136.8,136.8,20250900,20251200,20251200
2025-09-11 07:00:00,,136.8,136.8,20250900,20251200,20251200
2025-09-11 08:00:00,,136.81,136.81,20250900,20251200,20251200
2025-09-11 09:00:00,,136.84,136.84,20250900,20251200,20251200
2025-09-11 10:00:00,,136.88,136.88,20250900,20251200,20251200
2025-09-11 12:00:00,,136.81,136.81,20250900,20251200,20251200
2025-09-11 13:00:00,,136.85,136.85,20250900,20251200,20251200
2025-09-11 14:00:00,,136.9,136.9,20250900,20251200,20251200
2025-09-11 17:00:00,,136.88,136.88,20250900,20251200,20251200
2025-09-11 18:00:00,,136.88,136.88,20250900,20251200,20251200
2025-09-11 20:00:00,,136.89,136.89,20250900,20251200,20251200
2025-09-11 23:00:00,,136.78,136.78,20250900,20251200,20251200
2025-09-12 00:00:00,,136.71,136.71,20250900,20251200,20251200
2025-09-12 01:00:00,,136.7,136.7,20250900,20251200,20251200
2025-09-12 02:00:00,,136.63,136.63,20250900,20251200,20251200
2025-09-12 03:00:00,,136.66,136.66,20250900,20251200,20251200
2025-09-12 04:00:00,,136.7,136.7,20250900,20251200,20251200
2025-09-12 05:00:00,,136.65,136.65,20250900,20251200,20251200
2025-09-12 06:00:00,,136.67,136.67,20250900,20251200,20251200
2025-09-12 07:00:00,,136.72,136.72,20250900,20251200,20251200
2025-09-12 08:00:00,,136.67,136.67,20250900,20251200,20251200
2025-09-12 09:00:00,,136.68,136.68,20250900,20251200,20251200
2025-09-12 12:00:00,,136.62,136.62,20250900,20251200,20251200
2025-09-12 13:00:00,,136.61,136.61,20250900,20251200,20251200
2025-09-12 14:00:00,,136.63,136.63,20250900,20251200,20251200
2025-09-12 15:00:00,,136.61,136.61,20250900,20251200,20251200
2025-09-12 16:00:00,,136.63,136.63,20250900,20251200,20251200
2025-09-12 17:00:00,,136.63,136.63,20250900,20251200,20251200
2025-09-12 18:00:00,,136.65,136.65,20250900,20251200,20251200
2025-09-12 19:00:00,,136.64,136.64,20250900,20251200,20251200
2025-09-12 20:00:00,,136.63,136.63,20250900,20251200,20251200
2025-09-14 23:00:00,,136.77,136.77,20250900,20251200,20251200
2025-09-15 00:00:00,,136.64,136.64,20250900,20251200,20251200
2025-09-15 05:00:00,,136.69,136.69,20250900,20251200,20251200
2025-09-15 06:00:00,,136.73,136.73,20250900,20251200,20251200
2025-09-15 09:00:00,,136.74,136.74,20250900,20251200,20251200
2025-09-15 13:00:00,,136.73,136.73,20250900,20251200,20251200
2025-09-15 14:00:00,,136.75,136.75,20250900,20251200,20251200
2025-09-15 15:00:00,,136.69,136.69,20250900,20251200,20251200
2025-09-15 18:00:00,,136.75,136.75,20250900,20251200,20251200
2025-09-15 19:00:00,,136.7,136.7,20250900,20251200,20251200
2025-09-15 20:00:00,,136.76,136.76,20250900,20251200,20251200
2025-09-15 23:00:00,,136.69,136.69,20250900,20251200,20251200
2025-09-16 00:00:00,,136.72,136.72,20250900,20251200,20251200
2025-09-16 01:00:00,,136.55,136.55,20250900,20251200,20251200
2025-09-16 02:00:00,,136.51,136.51,20250900,20251200,20251200
2025-09-16 03:00:00,,136.54,136.54,20250900,20251200,20251200
2025-09-16 04:00:00,,136.57,136.57,20250900,20251200,20251200
2025-09-16 05:00:00,,136.59,136.59,20250900,20251200,20251200
2025-09-16 06:00:00,,136.58,136.58,20250900,20251200,20251200
2025-09-16 07:00:00,,136.62,136.62,20250900,20251200,20251200
2025-09-16 08:00:00,,136.62,136.62,20250900,20251200,20251200
2025-09-16 09:00:00,,136.59,136.59,20250900,20251200,20251200
2025-09-16 10:00:00,,136.57,136.57,20250900,20251200,20251200
2025-09-16 12:00:00,,136.54,136.54,20250900,20251200,20251200
2025-09-16 13:00:00,,136.59,136.59,20250900,20251200,20251200
2025-09-16 14:00:00,,136.58,136.58,20250900,20251200,20251200
2025-09-16 15:00:00,,136.58,136.58,20250900,20251200,20251200
2025-09-16 23:00:00,,136.55,136.55,20250900,20251200,20251200
2025-09-17 00:00:00,,136.49,136.49,20250900,20251200,20251200
2025-09-17 01:00:00,,136.55,136.55,20250900,20251200,20251200
2025-09-17 02:00:00,,136.51,136.51,20250900,20251200,20251200
2025-09-17 03:00:00,,136.65,136.65,20250900,20251200,20251200
2025-09-17 04:00:00,,136.61,136.61,20250900,20251200,20251200
2025-09-17 05:00:00,,136.64,136.64,20250900,20251200,20251200
2025-09-17 06:00:00,,136.67,136.67,20250900,20251200,20251200
2025-09-17 07:00:00,,136.64,136.64,20250900,20251200,20251200
2025-09-17 08:00:00,,136.69,136.69,20250900,20251200,20251200
2025-09-17 09:00:00,,136.68,136.68,20250900,20251200,20251200
2025-09-17 10:00:00,,136.69,136.69,20250900,20251200,20251200
2025-09-17 13:00:00,,136.65,136.65,20250900,20251200,20251200
2025-09-17 15:00:00,,136.66,136.66,20250900,20251200,20251200
2025-09-17 16:00:00,,136.67,136.67,20250900,20251200,20251200
2025-09-17 17:00:00,,136.67,136.67,20250900,20251200,20251200
2025-09-17 18:00:00,,136.78,136.78,20250900,20251200,20251200
2025-09-17 19:00:00,,136.54,136.54,20250900,20251200,20251200
2025-09-17 20:00:00,,136.5,136.5,20250900,20251200,20251200
2025-09-17 23:00:00,,136.61,136.61,20250900,20251200,20251200
2025-09-18 00:00:00,,136.62,136.62,20250900,20251200,20251200
2025-09-18 01:00:00,,136.5,136.5,20250900,20251200,20251200
2025-09-18 02:00:00,,136.49,136.49,20250900,20251200,20251200
2025-09-18 03:00:00,,136.51,136.51,20250900,20251200,20251200
2025-09-18 04:00:00,,136.52,136.52,20250900,20251200,20251200
2025-09-18 05:00:00,,136.54,136.54,20250900,20251200,20251200
2025-09-18 06:00:00,,136.56,136.56,20250900,20251200,20251200
2025-09-18 07:00:00,,136.57,136.57,20250900,20251200,20251200
2025-09-18 08:00:00,,136.53,136.53,20250900,20251200,20251200
2025-09-18 09:00:00,,136.56,136.56,20250900,20251200,20251200
2025-09-18 10:00:00,,136.51,136.51,20250900,20251200,20251200
2025-09-18 11:00:00,,136.5,136.5,20250900,20251200,20251200
2025-09-18 12:00:00,,136.43,136.43,20250900,20251200,20251200
2025-09-18 13:00:00,,136.35,136.35,20250900,20251200,20251200
2025-09-18 14:00:00,,136.36,136.36,20250900,20251200,20251200
2025-09-18 15:00:00,,136.34,136.34,20250900,20251200,20251200
2025-09-18 17:00:00,,136.39,136.39,20250900,20251200,20251200
2025-09-18 18:00:00,,136.38,136.38,20250900,20251200,20251200
2025-09-18 19:00:00,,136.37,136.37,20250900,20251200,20251200
2025-09-18 20:00:00,,136.39,136.39,20250900,20251200,20251200
2025-09-18 23:00:00,,136.47,136.47,20250900,20251200,20251200
2025-09-19 00:00:00,,136.42,136.42,20250900,20251200,20251200
2025-09-19 01:00:00,,136.38,136.38,20250900,20251200,20251200
2025-09-19 02:00:00,,136.4,136.4,20250900,20251200,20251200
2025-09-19 03:00:00,,136.06,136.06,20250900,20251200,20251200
2025-09-19 04:00:00,,136.2,136.2,20250900,20251200,20251200
2025-09-19 05:00:00,,136.12,136.12,20250900,20251200,20251200
2025-09-19 06:00:00,,136.16,136.16,20250900,20251200,20251200
2025-09-19 07:00:00,,136.12,136.12,20250900,20251200,20251200
2025-09-19 08:00:00,,136.2,136.2,20250900,20251200,20251200
2025-09-19 09:00:00,,136.23,136.23,20250900,20251200,20251200
2025-09-19 10:00:00,,136.22,136.22,20250900,20251200,20251200
2025-09-19 11:00:00,,136.16,136.16,20250900,20251200,20251200
2025-09-19 13:00:00,,136.23,136.23,20250900,20251200,20251200
2025-09-19 14:00:00,,136.22,136.22,20250900,20251200,20251200
2025-09-19 15:00:00,,136.19,136.19,20250900,20251200,20251200
2025-09-19 16:00:00,,136.16,136.16,20250900,20251200,20251200
2025-09-19 17:00:00,,136.17,136.17,20250900,20251200,20251200
2025-09-19 19:00:00,,136.2,136.2,20250900,20251200,20251200
2025-09-19 20:00:00,,136.19,136.19,20250900,20251200,20251200
2025-09-21 23:00:00,,136.15,136.15,20250900,20251200,20251200
2025-09-22 00:00:00,,136.0,136.0,20250900,20251200,20251200
2025-09-22 01:00:00,,135.97,135.97,20250900,20251200,20251200
2025-09-22 02:00:00,,135.95,135.95,20250900,20251200,20251200
2025-09-22 03:00:00,,135.94,135.94,20250900,20251200,20251200
2025-09-22 04:00:00,,135.76,135.76,20250900,20251200,20251200
2025-09-22 05:00:00,,135.89,135.89,20250900,20251200,20251200
2025-09-22 06:00:00,,135.93,135.93,20250900,20251200,20251200
2025-09-22 07:00:00,,135.94,135.94,20250900,20251200,20251200
2025-09-22 08:00:00,,135.94,135.94,20250900,20251200,20251200
2025-09-22 09:00:00,,135.97,135.97,20250900,20251200,20251200
2025-09-22 10:00:00,,135.99,135.99,20250900,20251200,20251200
2025-09-22 11:00:00,,135.99,135.99,20250900,20251200,20251200
2025-09-22 12:00:00,,136.02,136.02,20250900,20251200,20251200
2025-09-22 13:00:00,,135.99,135.99,20250900,20251200,20251200
2025-09-22 14:00:00,,135.98,135.98,20250900,20251200,20251200
2025-09-22 15:00:00,,135.96,135.96,20250900,20251200,20251200
2025-09-22 19:00:00,,135.94,135.94,20250900,20251200,20251200
2025-09-22 20:00:00,,135.93,135.93,20250900,20251200,20251200
2025-09-23 02:00:00,,135.89,135.89,20250900,20251200,20251200
2025-09-23 03:00:00,,135.89,135.89,20250900,20251200,20251200
2025-09-23 04:00:00,,135.87,135.87,20250900,20251200,20251200
2025-09-23 05:00:00,,135.95,135.95,20250900,20251200,20251200
2025-09-23 07:00:00,,135.91,135.91,20250900,20251200,20251200
2025-09-23 08:00:00,,135.94,135.94,20250900,20251200,20251200
2025-09-23 09:00:00,,135.95,135.95,20250900,20251200,20251200
2025-09-23 13:00:00,,135.86,135.86,20250900,20251200,20251200
2025-09-23 14:00:00,,135.87,135.87,20250900,20251200,20251200
2025-09-23 15:00:00,,135.87,135.87,20250900,20251200,20251200
2025-09-23 18:00:00,,135.93,135.93,20250900,20251200,20251200
2025-09-23 19:00:00,,135.94,135.94,20250900,20251200,20251200
2025-09-23 20:00:00,,135.94,135.94,20250900,20251200,20251200
2025-09-23 23:00:00,,136.0,136.0,20250900,20251200,20251200
2025-09-24 00:00:00,,135.97,135.97,20250900,20251200,20251200
2025-09-24 01:00:00,,135.95,135.95,20250900,20251200,20251200
2025-09-24 02:00:00,,135.97,135.97,20250900,20251200,20251200
2025-09-24 03:00:00,,135.97,135.97,20250900,20251200,20251200
2025-09-24 04:00:00,,135.9,135.9,20250900,20251200,20251200
2025-09-24 05:00:00,,135.97,135.97,20250900,20251200,20251200
2025-09-24 06:00:00,,135.93,135.93,20250900,20251200,20251200
2025-09-24 07:00:00,,135.93,135.93,20250900,20251200,20251200
2025-09-24 08:00:00,,135.99,135.99,20250900,20251200,20251200
2025-09-24 09:00:00,,135.97,135.97,20250900,20251200,20251200
2025-09-24 10:00:00,,135.88,135.88,20250900,20251200,20251200
2025-09-24 12:00:00,,135.85,135.85,20250900,20251200,20251200
2025-09-24 13:00:00,,135.85,135.85,20250900,20251200,20251200
2025-09-24 14:00:00,,135.85,135.85,20250900,20251200,20251200
2025-09-24 15:00:00,,135.83,135.83,20250900,20251200,20251200
2025-09-24 16:00:00,,135.82,135.82,20250900,20251200,20251200
2025-09-24 17:00:00,,135.82,135.82,20250900,20251200,20251200
2025-09-24 18:00:00,,135.8,135.8,20250900,20251200,20251200
2025-09-24 19:00:00,,135.77,135.77,20250900,20251200,20251200
2025-09-24 20:00:00,,135.78,135.78,20250900,20251200,20251200
2025-09-24 23:00:00,,135.85,135.85,20250900,20251200,20251200
2025-09-25 00:00:00,,135.87,135.87,20250900,20251200,20251200
2025-09-25 01:00:00,,135.84,135.84,20250900,20251200,20251200
2025-09-25 02:00:00,,135.82,135.82,20250900,20251200,20251200
2025-09-25 03:00:00,,135.83,135.83,20250900,20251200,20251200
2025-09-25 04:00:00,,135.84,135.84,20250900,20251200,20251200
2025-09-25 05:00:00,,135.8,135.8,20250900,20251200,20251200
2025-09-25 06:00:00,,135.75,135.75,20250900,20251200,20251200
2025-09-25 07:00:00,,135.82,135.82,20250900,20251200,20251200
2025-09-25 08:00:00,,135.82,135.82,20250900,20251200,20251200
2025-09-25 09:00:00,,135.84,135.84,20250900,20251200,20251200
2025-09-25 10:00:00,,135.86,135.86,20250900,20251200,20251200
2025-09-25 12:00:00,,135.81,135.81,20250900,20251200,20251200
2025-09-25 13:00:00,,135.77,135.77,20250900,20251200,20251200
2025-09-25 14:00:00,,135.73,135.73,20250900,20251200,20251200
2025-09-25 15:00:00,,135.72,135.72,20250900,20251200,20251200
2025-09-25 16:00:00,,135.82,135.82,20250900,20251200,20251200
2025-09-25 18:00:00,,135.81,135.81,20250900,20251200,20251200
2025-09-25 19:00:00,,135.82,135.82,20250900,20251200,20251200
2025-09-25 20:00:00,,135.74,135.74,20250900,20251200,20251200
2025-09-25 23:00:00,,135.91,135.91,20250900,20251200,20251200
2025-09-26 00:00:00,,135.81,135.81,20250900,20251200,20251200
2025-09-26 01:00:00,,135.83,135.83,20250900,20251200,20251200
2025-09-26 02:00:00,,135.83,135.83,20250900,20251200,20251200
2025-09-26 03:00:00,,135.89,135.89,20250900,20251200,20251200
2025-09-26 04:00:00,,135.84,135.84,20250900,20251200,20251200
2025-09-26 05:00:00,,135.78,135.78,20250900,20251200,20251200
2025-09-26 06:00:00,,135.78,135.78,20250900,20251200,20251200
2025-09-26 07:00:00,,135.87,135.87,20250900,20251200,20251200
2025-09-26 08:00:00,,135.89,135.89,20250900,20251200,20251200
2025-09-26 09:00:00,,135.94,135.94,20250900,20251200,20251200
2025-09-26 10:00:00,,135.93,135.93,20250900,20251200,20251200
2025-09-26 12:00:00,,135.95,135.95,20250900,20251200,20251200
2025-09-26 13:00:00,,135.89,135.89,20250900,20251200,20251200
2025-09-26 14:00:00,,135.99,135.99,20250900,20251200,20251200
2025-09-26 15:00:00,,135.9,135.9,20250900,20251200,20251200
2025-09-26 16:00:00,,135.93,135.93,20250900,20251200,20251200
2025-09-26 18:00:00,,135.93,135.93,20250900,20251200,20251200
2025-09-26 19:00:00,,135.96,135.96,20250900,20251200,20251200
2025-09-26 20:00:00,,136.02,136.02,20250900,20251200,20251200
2025-09-28 23:00:00,,135.94,135.94,20250900,20251200,20251200
2025-09-29 00:00:00,,135.87,135.87,20250900,20251200,20251200
2025-09-29 01:00:00,,135.91,135.91,20250900,20251200,20251200
2025-09-29 02:00:00,,135.92,135.92,20250900,20251200,20251200
2025-09-29 03:00:00,,135.95,135.95,20250900,20251200,20251200
2025-09-29 04:00:00,,136.0,136.0,20250900,20251200,20251200
2025-09-29 05:00:00,,135.86,135.86,20250900,20251200,20251200
2025-09-29 06:00:00,,135.95,135.95,20250900,20251200,20251200
2025-09-29 07:00:00,,135.96,135.96,20250900,20251200,20251200
2025-09-29 08:00:00,,135.94,135.94,20250900,20251200,20251200
2025-09-29 09:00:00,,135.92,135.92,20250900,20251200,20251200
2025-09-29 10:00:00,,135.95,135.95,20250900,20251200,20251200
2025-09-29 13:00:00,,135.94,135.94,20250900,20251200,20251200
2025-09-29 15:00:00,,135.99,135.99,20250900,20251200,20251200
2025-09-29 19:00:00,,135.99,135.99,20250900,20251200,20251200
2025-09-29 20:00:00,,136.0,136.0,20250900,20251200,20251200
2025-09-29 23:00:00,,135.99,135.99,20250900,20251200,20251200
2025-09-30 00:00:00,,135.96,135.96,20250900,20251200,20251200
2025-09-30 01:00:00,,135.97,135.97,20250900,20251200,20251200
2025-09-30 02:00:00,,135.95,135.95,20250900,20251200,20251200
2025-09-30 03:00:00,,135.99,135.99,20250900,20251200,20251200
2025-09-30 04:00:00,,135.93,135.93,20250900,20251200,20251200
2025-09-30 05:00:00,,135.73,135.73,20250900,20251200,20251200
2025-09-30 06:00:00,,135.86,135.86,20250900,20251200,20251200
2025-09-30 07:00:00,,135.81,135.81,20250900,20251200,20251200
2025-09-30 08:00:00,,135.78,135.78,20250900,20251200,20251200
2025-09-30 09:00:00,,135.78,135.78,20250900,20251200,20251200
2025-09-30 10:00:00,,135.81,135.81,20250900,20251200,20251200
2025-09-30 11:00:00,,135.76,135.76,20250900,20251200,20251200
2025-09-30 12:00:00,,135.75,135.75,20250900,20251200,20251200
2025-09-30 13:00:00,,135.78,135.78,20250900,20251200,20251200
2025-09-30 14:00:00,,135.86,135.86,20250900,20251200,20251200
2025-09-30 15:00:00,,135.81,135.81,20250900,20251200,20251200
2025-09-30 19:00:00,,135.77,135.77,20250900,20251200,20251200
2025-09-30 20:00:00,,135.77,135.77,20250900,20251200,20251200
2025-09-30 23:00:00,,135.76,135.76,20250900,20251200,20251200
2025-10-01 00:00:00,,135.81,135.81,20250900,20251200,20251200
2025-10-01 01:00:00,,135.88,135.88,20250900,20251200,20251200
2025-10-01 02:00:00,,135.9,135.9,20250900,20251200,20251200
2025-10-01 03:00:00,,135.91,135.91,20250900,20251200,20251200
2025-10-01 04:00:00,,135.83,135.83,20250900,20251200,20251200
2025-10-01 05:00:00,,135.79,135.79,20250900,20251200,20251200
2025-10-01 06:00:00,,135.74,135.74,20250900,20251200,20251200
2025-10-01 07:00:00,,135.73,135.73,20250900,20251200,20251200
2025-10-01 08:00:00,,135.77,135.77,20250900,20251200,20251200
2025-10-01 09:00:00,,135.73,135.73,20250900,20251200,20251200
2025-10-01 10:00:00,,135.73,135.73,20250900,20251200,20251200
2025-10-01 12:00:00,,135.88,135.88,20250900,20251200,20251200
2025-10-01 13:00:00,,135.9,135.9,20250900,20251200,20251200
2025-10-01 14:00:00,,135.82,135.82,20250900,20251200,20251200
2025-10-01 15:00:00,,135.8,135.8,20250900,20251200,20251200
2025-10-01 16:00:00,,135.8,135.8,20250900,20251200,20251200
2025-10-01 18:00:00,,135.81,135.81,20250900,20251200,20251200
2025-10-01 19:00:00,,135.83,135.83,20250900,20251200,20251200
2025-10-01 20:00:00,,135.85,135.85,20250900,20251200,20251200
2025-10-01 23:00:00,,135.87,135.87,20250900,20251200,20251200
2025-10-02 00:00:00,,135.9,135.9,20250900,20251200,20251200
2025-10-02 01:00:00,,135.98,135.98,20250900,20251200,20251200
2025-10-02 02:00:00,,135.97,135.97,20250900,20251200,20251200
2025-10-02 03:00:00,,135.73,135.73,20250900,20251200,20251200
2025-10-02 04:00:00,,135.76,135.76,20250900,20251200,20251200
2025-10-02 05:00:00,,135.81,135.81,20250900,20251200,20251200
2025-10-02 06:00:00,,135.73,135.73,20250900,20251200,20251200
2025-10-02 07:00:00,,135.77,135.77,20250900,20251200,20251200
2025-10-02 08:00:00,,135.78,135.78,20250900,20251200,20251200
2025-10-02 09:00:00,,135.8,135.8,20250900,20251200,20251200
2025-10-02 11:00:00,,135.78,135.78,20250900,20251200,20251200
2025-10-02 12:00:00,,135.77,135.77,20250900,20251200,20251200
2025-10-02 13:00:00,,135.73,135.73,20250900,20251200,20251200
2025-10-02 14:00:00,,135.75,135.75,20250900,20251200,20251200
2025-10-02 15:00:00,,135.74,135.74,20250900,20251200,20251200
2025-10-02 16:00:00,,135.8,135.8,20250900,20251200,20251200
2025-10-02 19:00:00,,135.8,135.8,20250900,20251200,20251200
2025-10-02 23:00:00,,135.81,135.81,20250900,20251200,20251200
2025-10-03 00:00:00,,135.84,135.84,20250900,20251200,20251200
2025-10-03 01:00:00,,135.85,135.85,20250900,20251200,20251200
2025-10-03 02:00:00,,135.81,135.81,20250900,20251200,20251200
2025-10-03 03:00:00,,135.79,135.79,20250900,20251200,20251200
2025-10-03 04:00:00,,135.8,135.8,20250900,20251200,20251200
2025-10-03 05:00:00,,135.87,135.87,20250900,20251200,20251200
2025-10-03 06:00:00,,135.93,135.93,20250900,20251200,20251200
2025-10-03 07:00:00,,135.93,135.93,20250900,20251200,20251200
2025-10-03 08:00:00,,135.92,135.92,20250900,20251200,20251200
2025-10-03 09:00:00,,135.92,135.92,20250900,20251200,20251200
2025-10-03 11:00:00,,135.97,135.97,20250900,20251200,20251200
2025-10-03 13:00:00,,135.9,135.9,20250900,20251200,20251200
2025-10-03 14:00:00,,135.85,135.85,20250900,20251200,20251200
2025-10-03 15:00:00,,135.87,135.87,20250900,20251200,20251200
2025-10-03 20:00:00,,135.93,135.93,20250900,20251200,20251200
2025-10-05 23:00:00,,136.03,136.03,20250900,20251200,20251200
2025-10-06 00:00:00,,136.2,136.2,20250900,20251200,20251200
2025-10-06 01:00:00,,136.04,136.04,20250900,20251200,20251200
2025-10-06 02:00:00,,136.07,136.07,20250900,20251200,20251200
2025-10-06 03:00:00,,135.9,135.9,20250900,20251200,20251200
2025-10-06 04:00:00,,135.93,135.93,20250900,20251200,20251200
2025-10-06 05:00:00,,135.73,135.73,20250900,20251200,20251200
2025-10-06 06:00:00,,135.89,135.89,20250900,20251200,20251200
2025-10-06 07:00:00,,135.79,135.79,20250900,20251200,20251200
2025-10-06 08:00:00,,135.78,135.78,20250900,20251200,20251200
2025-10-06 09:00:00,,135.69,135.69,20250900,20251200,20251200
2025-10-06 10:00:00,,135.73,135.73,20250900,20251200,20251200
2025-10-06 11:00:00,,135.74,135.74,20250900,20251200,20251200
2025-10-06 12:00:00,,135.7,135.7,20250900,20251200,20251200
2025-10-06 13:00:00,,135.72,135.72,20250900,20251200,20251200
2025-10-06 14:00:00,,135.72,135.72,20250900,20251200,20251200
2025-10-06 15:00:00,,135.64,135.64,20250900,20251200,20251200
2025-10-06 16:00:00,,135.61,135.61,20250900,20251200,20251200
2025-10-06 17:00:00,,135.65,135.65,20250900,20251200,20251200
2025-10-06 19:00:00,,135.64,135.64,20250900,20251200,20251200
2025-10-06 20:00:00,,135.75,135.75,20250900,20251200,20251200
2025-10-06 23:00:00,,135.69,135.69,20250900,20251200,20251200
2025-10-07 00:00:00,,135.71,135.71,20250900,20251200,20251200
2025-10-07 01:00:00,,135.72,135.72,20250900,20251200,20251200
2025-10-07 02:00:00,,135.71,135.71,20250900,20251200,20251200
2025-10-07 03:00:00,,135.79,135.79,20250900,20251200,20251200
2025-10-07 04:00:00,,135.87,135.87,20250900,20251200,20251200
2025-10-07 05:00:00,,135.85,135.85,20250900,20251200,20251200
2025-10-07 06:00:00,,135.76,135.76,20250900,20251200,20251200
2025-10-07 07:00:00,,135.79,135.79,20250900,20251200,20251200
2025-10-07 08:00:00,,135.76,135.76,20250900,20251200,20251200
2025-10-07 09:00:00,,135.79,135.79,20250900,20251200,20251200
2025-10-07 10:00:00,,135.76,135.76,20250900,20251200,20251200
2025-10-07 12:00:00,,135.75,135.75,20250900,20251200,20251200
2025-10-07 13:00:00,,135.78,135.78,20250900,20251200,20251200
2025-10-07 14:00:00,,135.79,135.79,20250900,20251200,20251200
2025-10-07 15:00:00,,135.84,135.84,20250900,20251200,20251200
2025-10-07 16:00:00,,135.82,135.82,20250900,20251200,20251200
2025-10-07 18:00:00,,135.8,135.8,20250900,20251200,20251200
2025-10-07 19:00:00,,135.78,135.78,20250900,20251200,20251200
2025-10-07 23:00:00,,135.72,135.72,20250900,20251200,20251200
2025-10-08 00:00:00,,135.69,135.69,20250900,20251200,20251200
2025-10-08 01:00:00,,135.65,135.65,20250900,20251200,20251200
2025-10-08 02:00:00,,135.65,135.65,20250900,20251200,20251200
2025-10-08 03:00:00,,135.71,135.71,20250900,20251200,20251200
2025-10-08 04:00:00,,135.67,135.67,20250900,20251200,20251200
2025-10-08 05:00:00,,135.66,135.66,20250900,20251200,20251200
2025-10-08 06:00:00,,135.72,135.72,20250900,20251200,20251200
2025-10-08 07:00:00,,135.78,135.78,20250900,20251200,20251200
2025-10-08 08:00:00,,135.76,135.76,20250900,20251200,20251200
2025-10-08 09:00:00,,135.72,135.72,20250900,20251200,20251200
2025-10-08 10:00:00,,135.77,135.77,20250900,20251200,20251200
2025-10-08 11:00:00,,135.77,135.77,20250900,20251200,20251200
2025-10-08 12:00:00,,135.72,135.72,20250900,20251200,20251200
2025-10-08 13:00:00,,135.68,135.68,20250900,20251200,20251200
2025-10-08 14:00:00,,135.72,135.72,20250900,20251200,20251200
2025-10-08 15:00:00,,135.72,135.72,20250900,20251200,20251200
2025-10-08 16:00:00,,135.74,135.74,20250900,20251200,20251200
2025-10-08 17:00:00,,135.72,135.72,20250900,20251200,20251200
2025-10-08 18:00:00,,135.71,135.71,20250900,20251200,20251200
2025-10-08 19:00:00,,135.72,135.72,20250900,20251200,20251200
2025-10-08 20:00:00,,135.71,135.71,20250900,20251200,20251200
2025-10-08 23:00:00,,135.71,135.71,20250900,20251200,20251200
2025-10-09 00:00:00,,135.8,135.8,20250900,20251200,20251200
2025-10-09 01:00:00,,135.81,135.81,20250900,20251200,20251200
2025-10-09 02:00:00,,135.81,135.81,20250900,20251200,20251200
2025-10-09 03:00:00,,135.77,135.77,20250900,20251200,20251200
2025-10-09 04:00:00,,135.77,135.77,20250900,20251200,20251200
2025-10-09 05:00:00,,135.78,135.78,20250900,20251200,20251200
2025-10-09 06:00:00,,135.81,135.81,20250900,20251200,20251200
2025-10-09 07:00:00,,135.77,135.77,20250900,20251200,20251200
2025-10-09 08:00:00,,135.76,135.76,20250900,20251200,20251200
2025-10-09 09:00:00,,135.77,135.77,20250900,20251200,20251200
2025-10-09 10:00:00,,135.8,135.8,20250900,20251200,20251200
2025-10-09 11:00:00,,135.76,135.76,20250900,20251200,20251200
2025-10-09 12:00:00,,135.76,135.76,20250900,20251200,20251200
2025-10-09 13:00:00,,135.67,135.67,20250900,20251200,20251200
2025-10-09 14:00:00,,135.64,135.64,20250900,20251200,20251200
2025-10-09 15:00:00,,135.67,135.67,20250900,20251200,20251200
2025-10-09 16:00:00,,135.7,135.7,20250900,20251200,20251200
2025-10-09 18:00:00,,135.68,135.68,20250900,20251200,20251200
2025-10-09 23:00:00,,135.76,135.76,20250900,20251200,20251200
2025-10-10 00:00:00,,135.81,135.81,20250900,20251200,20251200
2025-10-10 01:00:00,,135.83,135.83,20250900,20251200,20251200
2025-10-10 02:00:00,,135.81,135.81,20250900,20251200,20251200
2025-10-10 03:00:00,,135.81,135.81,20250900,20251200,20251200
2025-10-10 04:00:00,,135.9,135.9,20250900,20251200,20251200
2025-10-10 05:00:00,,135.98,135.98,20250900,20251200,20251200
2025-10-10 06:00:00,,136.13,136.13,20250900,20251200,20251200
2025-10-10 07:00:00,,136.01,136.01,20250900,20251200,20251200
2025-10-10 08:00:00,,135.98,135.98,20250900,20251200,20251200
2025-10-10 09:00:00,,135.98,135.98,20250900,20251200,20251200
2025-10-10 10:00:00,,136.01,136.01,20250900,20251200,20251200
2025-10-10 11:00:00,,136.0,136.0,20250900,20251200,20251200
2025-10-10 12:00:00,,136.04,136.04,20250900,20251200,20251200
2025-10-10 13:00:00,,136.05,136.05,20250900,20251200,20251200
2025-10-10 14:00:00,,136.1,136.1,20250900,20251200,20251200
2025-10-10 15:00:00,,136.31,136.31,20250900,20251200,20251200
2025-10-10 16:00:00,,136.32,136.32,20250900,20251200,20251200
2025-10-10 17:00:00,,136.39,136.39,20250900,20251200,20251200
2025-10-10 18:00:00,,136.38,136.38,20250900,20251200,20251200
2025-10-10 19:00:00,,136.37,136.37,20250900,20251200,20251200
2025-10-10 20:00:00,,136.38,136.38,20250900,20251200,20251200
2025-10-12 23:00:00,,136.48,136.48,20250900,20251200,20251200
2025-10-13 00:00:00,,136.42,136.42,20250900,20251200,20251200
2025-10-13 01:00:00,,136.43,136.43,20250900,20251200,20251200
2025-10-13 02:00:00,,136.4,136.4,20250900,20251200,20251200
2025-10-13 03:00:00,,136.35,136.35,20250900,20251200,20251200
2025-10-13 04:00:00,,136.31,136.31,20250900,20251200,20251200
2025-10-13 05:00:00,,136.26,136.26,20250900,20251200,20251200
2025-10-13 06:00:00,,136.27,136.27,20250900,20251200,20251200
2025-10-13 07:00:00,,136.25,136.25,20250900,20251200,20251200
2025-10-13 08:00:00,,136.27,136.27,20250900,20251200,20251200
2025-10-13 09:00:00,,136.29,136.29,20250900,20251200,20251200
2025-10-13 11:00:00,,136.3,136.3,20250900,20251200,20251200
2025-10-13 12:00:00,,136.36,136.36,20250900,20251200,20251200
2025-10-13 13:00:00,,136.33,136.33,20250900,20251200,20251200
2025-10-13 14:00:00,,136.38,136.38,20250900,20251200,20251200
2025-10-13 20:00:00,,136.4,136.4,20250900,20251200,20251200
2025-10-13 23:00:00,,136.21,136.21,20250900,20251200,20251200
2025-10-14 00:00:00,,136.14,136.14,20250900,20251200,20251200
2025-10-14 01:00:00,,136.16,136.16,20250900,20251200,20251200
2025-10-14 02:00:00,,136.18,136.18,20250900,20251200,20251200
2025-10-14 03:00:00,,136.27,136.27,20250900,20251200,20251200
2025-10-14 04:00:00,,136.39,136.39,20250900,20251200,20251200
2025-10-14 05:00:00,,136.47,136.47,20250900,20251200,20251200
2025-10-14 06:00:00,,136.44,136.44,20250900,20251200,20251200
2025-10-14 07:00:00,,136.45,136.45,20250900,20251200,20251200
2025-10-14 08:00:00,,136.44,136.44,20250900,20251200,20251200
2025-10-14 09:00:00,,136.46,136.46,20250900,20251200,20251200
2025-10-14 10:00:00,,136.48,136.48,20250900,20251200,20251200
2025-10-14 11:00:00,,136.45,136.45,20250900,20251200,20251200
2025-10-14 12:00:00,,136.44,136.44,20250900,20251200,20251200
2025-10-14 13:00:00,,136.39,136.39,20250900,20251200,20251200
2025-10-14 14:00:00,,136.4,136.4,20250900,20251200,20251200
2025-10-14 15:00:00,,136.37,136.37,20250900,20251200,20251200
2025-10-14 16:00:00,,136.38,136.38,20250900,20251200,20251200
2025-10-14 19:00:00,,136.44,136.44,20250900,20251200,20251200
2025-10-14 20:00:00,,136.4,136.4,20250900,20251200,20251200
2025-10-14 23:00:00,,136.26,136.26,20250900,20251200,20251200
2025-10-15 00:00:00,,136.24,136.24,20250900,20251200,20251200
2025-10-15 01:00:00,,136.33,136.33,20250900,20251200,20251200
2025-10-15 02:00:00,,136.33,136.33,20250900,20251200,20251200
2025-10-15 03:00:00,,136.36,136.36,20250900,20251200,20251200
2025-10-15 04:00:00,,136.33,136.33,20250900,20251200,20251200
2025-10-15 05:00:00,,136.36,136.36,20250900,20251200,20251200
2025-10-15 06:00:00,,136.34,136.34,20250900,20251200,20251200
2025-10-15 07:00:00,,136.36,136.36,20250900,20251200,20251200
2025-10-15 08:00:00,,136.25,136.25,20250900,20251200,20251200
2025-10-15 09:00:00,,136.24,136.24,20250900,20251200,20251200
2025-10-15 10:00:00,,136.21,136.21,20250900,20251200,20251200
2025-10-15 12:00:00,,136.21,136.21,20250900,20251200,20251200
2025-10-15 13:00:00,,136.3,136.3,20250900,20251200,20251200
2025-10-15 14:00:00,,136.27,136.27,20250900,20251200,20251200
2025-10-15 15:00:00,,136.3,136.3,20250900,20251200,20251200
2025-10-15 17:00:00,,136.24,136.24,20250900,20251200,20251200
2025-10-15 19:00:00,,136.25,136.25,20250900,20251200,20251200
2025-10-15 23:00:00,,136.15,136.15,20250900,20251200,20251200
2025-10-16 00:00:00,,136.23,136.23,20250900,20251200,20251200
2025-10-16 01:00:00,,136.21,136.21,20250900,20251200,20251200
2025-10-16 02:00:00,,136.23,136.23,20250900,20251200,20251200
2025-10-16 03:00:00,,136.19,136.19,20250900,20251200,20251200
2025-10-16 04:00:00,,136.16,136.16,20250900,20251200,20251200
2025-10-16 05:00:00,,136.13,136.13,20250900,20251200,20251200
2025-10-16 06:00:00,,136.06,136.06,20250900,20251200,20251200
2025-10-16 07:00:00,,136.09,136.09,20250900,20251200,20251200
2025-10-16 08:00:00,,136.12,136.12,20250900,20251200,20251200
2025-10-16 09:00:00,,136.07,136.07,20250900,20251200,20251200
2025-10-16 10:00:00,,136.06,136.06,20250900,20251200,20251200
2025-10-16 11:00:00,,136.07,136.07,20250900,20251200,20251200
2025-10-16 12:00:00,,136.08,136.08,20250900,20251200,20251200
2025-10-16 13:00:00,,136.03,136.03,20250900,20251200,20251200
2025-10-16 14:00:00,,136.06,136.06,20250900,20251200,20251200
2025-10-16 15:00:00,,136.07,136.07,20250900,20251200,20251200
2025-10-16 16:00:00,,136.29,136.29,20250900,20251200,20251200
2025-10-16 19:00:00,,136.3,136.3,20250900,20251200,20251200
2025-10-16 23:00:00,,136.4,136.4,20250900,20251200,20251200
2025-10-17 00:00:00,,136.49,136.49,20250900,20251200,20251200
2025-10-17 01:00:00,,136.48,136.48,20250900,20251200,20251200
2025-10-17 02:00:00,,136.49,136.49,20250900,20251200,20251200
2025-10-17 03:00:00,,136.59,136.59,20250900,20251200,20251200
2025-10-17 04:00:00,,136.56,136.56,20250900,20251200,20251200
2025-10-17 05:00:00,,136.43,136.43,20250900,20251200,20251200
2025-10-17 06:00:00,,136.48,136.48,20250900,20251200,20251200
2025-10-17 07:00:00,,136.4,136.4,20250900,20251200,20251200
2025-10-17 08:00:00,,136.4,136.4,20250900,20251200,20251200
2025-10-17 11:00:00,,136.22,136.22,20250900,20251200,20251200
2025-10-17 12:00:00,,136.17,136.17,20250900,20251200,20251200
2025-10-17 13:00:00,,136.13,136.13,20250900,20251200,20251200
2025-10-17 14:00:00,,136.13,136.13,20250900,20251200,20251200
2025-10-17 15:00:00,,136.25,136.25,20250900,20251200,20251200
2025-10-17 19:00:00,,136.19,136.19,20250900,20251200,20251200
2025-10-17 20:00:00,,136.15,136.15,20250900,20251200,20251200
2025-10-20 05:00:00,,136.15,136.15,20250900,20251200,20251200
