DATETIME,PRICE,FORWARD,CARRY,PRICE_CONTRACT,FORWARD_CONTRACT,CARRY_CONTRACT
2021-04-07 05:00:00,0.895,0.895,0.895,20210500,20210600,20210600
2021-04-08 05:00:00,0.8952,0.8952,0.8952,20210500,20210600,20210600
2021-04-09 05:00:00,0.893,0.8931,0.8931,20210500,20210600,20210600
2021-04-12 05:00:00,0.8893,0.8894,0.8894,20210500,20210600,20210600
2021-04-13 05:00:00,0.8893,0.8893,0.8893,20210500,20210600,20210600
2021-04-14 05:00:00,0.8966,0.8966,0.8966,20210500,20210600,20210600
2021-04-15 05:00:00,0.8962,0.8962,0.8962,20210500,20210600,20210600
2021-04-16 05:00:00,0.8974,0.8974,0.8974,20210500,20210600,20210600
2021-04-19 05:00:00,0.8975,0.8975,0.8975,20210500,20210600,20210600
2021-04-20 05:00:00,0.8975,0.8975,0.8975,20210500,20210600,20210600
2021-04-21 05:00:00,0.8931,0.8931,0.8931,20210500,20210600,20210600
2021-04-22 05:00:00,0.8951,0.895,0.895,20210500,20210600,20210600
2021-04-23 05:00:00,0.895,0.895,0.895,20210500,20210600,20210600
2021-04-26 05:00:00,0.8999,0.8999,0.8999,20210500,20210600,20210600
2021-04-27 05:00:00,0.8999,0.8999,0.8999,20210500,20210600,20210600
2021-04-28 05:00:00,0.8975,0.8975,0.8975,20210500,20210600,20210600
2021-04-29 05:00:00,0.9028,0.9028,0.9028,20210500,20210600,20210600
2021-04-30 05:00:00,0.8977,0.8977,0.8977,20210500,20210600,20210600
2021-05-03 05:00:00,0.8905,0.8905,0.8905,20210500,20210600,20210600
2021-05-04 05:00:00,0.8895,0.8895,0.8895,20210500,20210600,20210600
2021-05-05 05:00:00,0.8891,0.889,0.889,20210500,20210600,20210600
2021-05-06 05:00:00,0.8905,0.8905,0.8905,20210500,20210600,20210600
2021-05-07 05:00:00,0.8928,0.8928,0.8928,20210600,20210700,20210700
2021-05-10 05:00:00,0.8986,0.8986,0.8986,20210600,20210700,20210700
2021-05-11 05:00:00,0.8944,0.8944,0.8944,20210600,20210700,20210700
2021-05-12 05:00:00,0.8884,0.8884,0.8884,20210600,20210700,20210700
2021-05-13 05:00:00,0.8822,0.8823,0.8823,20210600,20210700,20210700
2021-05-14 05:00:00,0.8856,0.8856,0.8856,20210600,20210700,20210700
2021-05-17 05:00:00,0.8791,0.8791,0.8791,20210600,20210700,20210700
2021-05-18 05:00:00,0.8863,0.8863,0.8863,20210600,20210700,20210700
2021-05-19 05:00:00,0.8847,0.8848,0.8848,20210600,20210700,20210700
2021-05-20 05:00:00,0.8838,0.884,0.884,20210600,20210700,20210700
2021-05-21 05:00:00,0.8885,0.8886,0.8886,20210600,20210700,20210700
2021-05-24 05:00:00,0.8884,0.8885,0.8885,20210600,20210700,20210700
2021-05-25 05:00:00,0.8914,0.8914,0.8914,20210600,20210700,20210700
2021-05-26 05:00:00,0.8955,0.8956,0.8956,20210600,20210700,20210700
2021-05-27 05:00:00,0.8961,0.8961,0.8961,20210600,20210700,20210700
2021-05-28 05:00:00,0.8971,0.8972,0.8972,20210600,20210700,20210700
2021-05-31 05:00:00,0.9019,0.9019,0.9019,20210600,20210700,20210700
2021-06-01 05:00:00,0.9019,0.9019,0.9019,20210600,20210700,20210700
2021-06-02 05:00:00,0.8981,0.8981,0.8981,20210600,20210700,20210700
2021-06-03 05:00:00,0.8973,0.8974,0.8974,20210600,20210700,20210700
2021-06-04 05:00:00,0.8956,0.8957,0.8957,20210600,20210700,20210700
2021-06-07 05:00:00,0.9002,0.9002,0.9002,20210600,20210700,20210700
2021-06-08 05:00:00,0.8966,0.8967,0.8967,20210700,20210800,20210800
2021-06-09 05:00:00,0.8977,0.8977,0.8977,20210700,20210800,20210800
2021-06-10 05:00:00,0.8966,0.8965,0.8965,20210700,20210800,20210800
2021-06-11 05:00:00,0.8985,0.8984,0.8984,20210700,20210800,20210800
2021-06-14 05:00:00,0.894,0.8939,0.8939,20210700,20210800,20210800
2021-06-15 05:00:00,0.8943,0.8943,0.8943,20210700,20210800,20210800
2021-06-16 05:00:00,0.894,0.8939,0.8939,20210700,20210800,20210800
2021-06-17 05:00:00,0.8812,0.8811,0.8811,20210700,20210800,20210800
2021-06-18 05:00:00,0.8842,0.8842,0.8842,20210700,20210800,20210800
2021-06-21 05:00:00,0.8828,0.8828,0.8828,20210700,20210800,20210800
2021-06-22 05:00:00,0.881,0.8811,0.8811,20210700,20210800,20210800
2021-06-23 05:00:00,0.8802,0.8803,0.8803,20210700,20210800,20210800
2021-06-24 05:00:00,0.8835,0.8835,0.8835,20210700,20210800,20210800
2021-06-25 05:00:00,0.8868,0.8868,0.8868,20210700,20210800,20210800
2021-06-28 05:00:00,0.8838,0.8838,0.8838,20210700,20210800,20210800
2021-06-29 05:00:00,0.8828,0.8828,0.8828,20210700,20210800,20210800
2021-06-30 05:00:00,0.8862,0.8861,0.8861,20210700,20210800,20210800
2021-07-01 05:00:00,0.883,0.883,0.883,20210700,20210800,20210800
2021-07-02 05:00:00,0.8807,0.8806,0.8806,20210700,20210800,20210800
2021-07-05 05:00:00,0.8846,0.8845,0.8845,20210700,20210800,20210800
2021-07-06 05:00:00,0.8819,0.8818,0.8818,20210700,20210800,20210800
2021-07-07 05:00:00,0.8789,0.8789,0.8789,20210800,20210900,20210900
2021-07-08 05:00:00,0.8697,0.8696,0.8696,20210800,20210900,20210900
2021-07-09 05:00:00,0.8722,0.8721,0.8721,20210800,20210900,20210900
2021-07-12 05:00:00,0.8703,0.8701,0.8701,20210800,20210900,20210900
2021-07-13 05:00:00,0.8725,0.8724,0.8724,20210800,20210900,20210900
2021-07-14 05:00:00,0.8701,0.87,0.87,20210800,20210900,20210900
2021-07-15 05:00:00,0.8747,0.8745,0.8745,20210800,20210900,20210900
2021-07-16 05:00:00,0.8758,0.8755,0.8755,20210800,20210900,20210900
2021-07-19 05:00:00,0.8675,0.8672,0.8672,20210800,20210900,20210900
2021-07-20 05:00:00,0.8707,0.8704,0.8704,20210800,20210900,20210900
2021-07-21 05:00:00,0.8665,0.8662,0.8662,20210800,20210900,20210900
2021-07-22 05:00:00,0.8708,0.8706,0.8706,20210800,20210900,20210900
2021-07-23 05:00:00,0.8688,0.8684,0.8684,20210800,20210900,20210900
2021-07-26 05:00:00,0.8661,0.8657,0.8657,20210800,20210900,20210900
2021-07-27 05:00:00,0.8663,0.866,0.866,20210800,20210900,20210900
2021-07-28 05:00:00,0.8664,0.866,0.866,20210800,20210900,20210900
2021-07-29 05:00:00,0.8728,0.8723,0.8723,20210800,20210900,20210900
2021-07-30 05:00:00,0.8693,0.8688,0.8688,20210800,20210900,20210900
2021-08-02 05:00:00,0.8688,0.8684,0.8684,20210800,20210900,20210900
2021-08-03 05:00:00,0.8711,0.8706,0.8706,20210800,20210900,20210900
2021-08-04 05:00:00,0.8755,0.875,0.875,20210800,20210900,20210900
2021-08-05 05:00:00,0.8755,0.875,0.875,20210800,20210900,20210900
2021-08-06 05:00:00,0.875,0.8745,0.8745,20210800,20210900,20210900
2021-08-09 05:00:00,0.8735,0.8731,0.8731,20210900,20211000,20211000
2021-08-10 05:00:00,0.869,0.8685,0.8685,20210900,20211000,20211000
2021-08-11 05:00:00,0.8629,0.8625,0.8625,20210900,20211000,20211000
2021-08-12 05:00:00,0.8598,0.8595,0.8595,20210900,20211000,20211000
2021-08-13 05:00:00,0.8586,0.8582,0.8582,20210900,20211000,20211000
2021-08-16 05:00:00,0.8571,0.8568,0.8568,20210900,20211000,20211000
2021-08-17 05:00:00,0.8511,0.8508,0.8508,20210900,20211000,20211000
2021-08-18 05:00:00,0.8538,0.8535,0.8535,20210900,20211000,20211000
2021-08-19 05:00:00,0.8502,0.8499,0.8499,20210900,20211000,20211000
2021-08-20 05:00:00,0.8454,0.8451,0.8451,20210900,20211000,20211000
2021-08-23 05:00:00,0.8535,0.8532,0.8532,20210900,20211000,20211000
2021-08-24 05:00:00,0.8569,0.8567,0.8567,20210900,20211000,20211000
2021-08-25 05:00:00,0.8561,0.8558,0.8558,20210900,20211000,20211000
2021-08-26 05:00:00,0.8561,0.8558,0.8558,20210900,20211000,20211000
2021-08-27 05:00:00,0.855,0.8547,0.8547,20210900,20211000,20211000
2021-08-30 05:00:00,0.858,0.8576,0.8576,20210900,20211000,20211000
2021-08-31 05:00:00,0.8642,0.8639,0.8639,20210900,20211000,20211000
2021-09-01 05:00:00,0.8629,0.8627,0.8627,20210900,20211000,20211000
2021-09-02 05:00:00,0.8629,0.8626,0.8626,20210900,20211000,20211000
2021-09-03 05:00:00,0.8647,0.8643,0.8643,20210900,20211000,20211000
2021-09-06 05:00:00,0.8644,0.864,0.864,20210900,20211000,20211000
2021-09-07 05:00:00,0.8595,0.8591,0.8591,20211000,20211100,20211100
2021-09-08 05:00:00,0.8573,0.857,0.857,20211000,20211100,20211100
2021-09-09 05:00:00,0.8549,0.8545,0.8545,20211000,20211100,20211100
2021-09-10 05:00:00,0.857,0.8566,0.8566,20211000,20211100,20211100
2021-09-13 05:00:00,0.8502,0.8498,0.8498,20211000,20211100,20211100
2021-09-14 05:00:00,0.8543,0.8539,0.8539,20211000,20211100,20211100
2021-09-15 05:00:00,0.8558,0.8554,0.8554,20211000,20211100,20211100
2021-09-16 05:00:00,0.8529,0.8525,0.8525,20211000,20211100,20211100
2021-09-17 05:00:00,0.8494,0.8491,0.8491,20211000,20211100,20211100
2021-09-20 05:00:00,0.8408,0.8405,0.8405,20211000,20211100,20211100
2021-09-21 05:00:00,0.8437,0.8435,0.8435,20211000,20211100,20211100
2021-09-22 05:00:00,0.8444,0.8442,0.8442,20211000,20211100,20211100
2021-09-23 05:00:00,0.852,0.8517,0.8517,20211000,20211100,20211100
2021-09-24 05:00:00,0.8483,0.848,0.848,20211000,20211100,20211100
2021-09-27 05:00:00,0.8472,0.8468,0.8468,20211000,20211100,20211100
2021-09-28 05:00:00,0.8427,0.8424,0.8424,20211000,20211100,20211100
2021-09-29 05:00:00,0.8428,0.8425,0.8425,20211000,20211100,20211100
2021-09-30 05:00:00,0.8432,0.8428,0.8428,20211000,20211100,20211100
2021-10-01 05:00:00,0.8454,0.8439,0.8439,20211000,20211100,20211100
2021-10-04 05:00:00,0.8462,0.8457,0.8457,20211000,20211100,20211100
2021-10-05 05:00:00,0.8422,0.8418,0.8418,20211000,20211100,20211100
2021-10-06 05:00:00,0.8356,0.835,0.835,20211000,20211100,20211100
2021-10-07 05:00:00,0.8399,0.8395,0.8395,20211100,20211200,20211200
2021-10-08 05:00:00,0.8363,0.8359,0.8359,20211100,20211200,20211200
2021-10-11 05:00:00,0.8356,0.8352,0.8352,20211100,20211200,20211200
2021-10-12 05:00:00,0.8355,0.835,0.835,20211100,20211200,20211200
2021-10-13 05:00:00,0.8384,0.8379,0.8379,20211100,20211200,20211200
2021-10-14 05:00:00,0.8429,0.8422,0.8422,20211100,20211200,20211200
2021-10-15 05:00:00,0.8452,0.8444,0.8444,20211100,20211200,20211200
2021-10-18 05:00:00,0.8414,0.8408,0.8408,20211100,20211200,20211200
2021-10-19 05:00:00,0.8477,0.847,0.847,20211100,20211200,20211200
2021-10-20 05:00:00,0.8514,0.8508,0.8508,20211100,20211200,20211200
2021-10-21 05:00:00,0.8494,0.8487,0.8487,20211100,20211200,20211200
2021-10-22 05:00:00,0.8504,0.8497,0.8497,20211100,20211200,20211200
2021-10-25 05:00:00,0.8547,0.854,0.854,20211100,20211200,20211200
2021-10-26 05:00:00,0.8578,0.8571,0.8571,20211100,20211200,20211200
2021-10-27 05:00:00,0.8531,0.8523,0.8523,20211100,20211200,20211200
2021-10-28 05:00:00,0.8537,0.8529,0.8529,20211100,20211200,20211200
2021-10-29 05:00:00,0.854,0.8534,0.8534,20211100,20211200,20211200
2021-11-01 05:00:00,0.8486,0.848,0.848,20211100,20211200,20211200
2021-11-02 05:00:00,0.8498,0.8491,0.8491,20211100,20211200,20211200
2021-11-03 05:00:00,0.8461,0.8454,0.8454,20211100,20211200,20211200
2021-11-04 05:00:00,0.8434,0.8427,0.8427,20211100,20211200,20211200
2021-11-05 05:00:00,0.8425,0.8417,0.8417,20211100,20211200,20211200
2021-11-08 06:00:00,0.8444,0.8443,0.8443,20211200,20220100,20220100
2021-11-09 06:00:00,0.8507,0.8506,0.8506,20211200,20220100,20220100
2021-11-10 06:00:00,0.8481,0.8481,0.8481,20211200,20220100,20220100
2021-11-11 06:00:00,0.8453,0.8454,0.8454,20211200,20220100,20220100
2021-11-12 06:00:00,0.8475,0.8476,0.8476,20211200,20220100,20220100
2021-11-15 06:00:00,0.8464,0.8466,0.8466,20211200,20220100,20220100
2021-11-16 06:00:00,0.8451,0.8453,0.8453,20211200,20220100,20220100
2021-11-17 06:00:00,0.8455,0.8457,0.8457,20211200,20220100,20220100
2021-11-18 06:00:00,0.8445,0.8445,0.8445,20211200,20220100,20220100
2021-11-19 06:00:00,0.838,0.838,0.838,20211200,20220100,20220100
2021-11-22 06:00:00,0.8418,0.8418,0.8418,20211200,20220100,20220100
2021-11-23 06:00:00,0.8398,0.8397,0.8397,20211200,20220100,20220100
2021-11-24 06:00:00,0.8412,0.8411,0.8411,20211200,20220100,20220100
2021-11-25 06:00:00,0.8391,0.8389,0.8389,20211200,20220100,20220100
2021-11-26 06:00:00,0.8366,0.8364,0.8364,20211200,20220100,20220100
2021-11-29 06:00:00,0.8392,0.839,0.839,20211200,20220100,20220100
2021-11-30 06:00:00,0.8415,0.8413,0.8413,20211200,20220100,20220100
2021-12-01 06:00:00,0.8503,0.8499,0.8499,20211200,20220100,20220100
2021-12-02 06:00:00,0.8496,0.8493,0.8493,20211200,20220100,20220100
2021-12-03 06:00:00,0.8454,0.845,0.845,20211200,20220100,20220100
2021-12-06 06:00:00,0.846,0.8457,0.8457,20211200,20220100,20220100
2021-12-07 06:00:00,0.8477,0.8471,0.8471,20220100,20220200,20220200
2021-12-08 06:00:00,0.8491,0.8486,0.8486,20220100,20220200,20220200
2021-12-09 06:00:00,0.8488,0.8483,0.8483,20220100,20220200,20220200
2021-12-10 06:00:00,0.8465,0.8459,0.8459,20220100,20220200,20220200
2021-12-13 06:00:00,0.8458,0.8453,0.8453,20220100,20220200,20220200
2021-12-14 06:00:00,0.8458,0.8452,0.8452,20220100,20220200,20220200
2021-12-15 06:00:00,0.8422,0.8416,0.8416,20220100,20220200,20220200
2021-12-16 06:00:00,0.8448,0.8444,0.8444,20220100,20220200,20220200
2021-12-17 06:00:00,0.8443,0.8439,0.8439,20220100,20220200,20220200
2021-12-20 06:00:00,0.839,0.8387,0.8387,20220100,20220200,20220200
2021-12-21 06:00:00,0.8385,0.8382,0.8382,20220100,20220200,20220200
2021-12-22 06:00:00,0.8395,0.839,0.839,20220100,20220200,20220200
2021-12-23 06:00:00,0.8424,0.842,0.842,20220100,20220200,20220200
2021-12-24 06:00:00,0.8424,0.8419,0.8419,20220100,20220200,20220200
2021-12-27 06:00:00,0.8421,0.8415,0.8415,20220100,20220200,20220200
2021-12-28 06:00:00,0.8418,0.8413,0.8413,20220100,20220200,20220200
2021-12-29 06:00:00,0.8422,0.8415,0.8415,20220100,20220200,20220200
2021-12-30 06:00:00,0.8406,0.8399,0.8399,20220100,20220200,20220200
2021-12-31 06:00:00,0.8415,0.8408,0.8408,20220100,20220200,20220200
2022-01-03 06:00:00,0.8379,0.8373,0.8373,20220100,20220200,20220200
2022-01-04 06:00:00,0.835,0.8344,0.8344,20220100,20220200,20220200
2022-01-05 06:00:00,0.8348,0.8341,0.8341,20220100,20220200,20220200
2022-01-06 06:00:00,0.8306,0.8299,0.8299,20220100,20220200,20220200
2022-01-07 06:00:00,0.8303,0.8298,0.8298,20220200,20220300,20220300
2022-01-10 06:00:00,0.835,0.8347,0.8347,20220200,20220300,20220300
2022-01-11 06:00:00,0.8372,0.8369,0.8369,20220200,20220300,20220300
2022-01-12 06:00:00,0.839,0.8386,0.8386,20220200,20220300,20220300
2022-01-13 06:00:00,0.8436,0.8431,0.8431,20220200,20220300,20220300
2022-01-14 06:00:00,0.8409,0.8404,0.8404,20220200,20220300,20220300
2022-01-17 06:00:00,0.8387,0.8382,0.8382,20220200,20220300,20220300
2022-01-18 06:00:00,0.8381,0.8376,0.8376,20220200,20220300,20220300
2022-01-19 06:00:00,0.8408,0.8403,0.8403,20220200,20220300,20220300
2022-01-20 06:00:00,0.8393,0.8388,0.8388,20220200,20220300,20220300
2022-01-21 06:00:00,0.8385,0.838,0.838,20220200,20220300,20220300
2022-01-24 06:00:00,0.8348,0.8342,0.8342,20220200,20220300,20220300
2022-01-25 06:00:00,0.8339,0.8334,0.8334,20220200,20220300,20220300
2022-01-26 06:00:00,0.8347,0.8341,0.8341,20220200,20220300,20220300
2022-01-27 06:00:00,0.8297,0.8293,0.8293,20220200,20220300,20220300
2022-01-28 06:00:00,0.8247,0.8242,0.8242,20220200,20220300,20220300
2022-01-31 06:00:00,0.8265,0.8264,0.8264,20220200,20220300,20220300
2022-02-01 06:00:00,0.8309,0.8305,0.8305,20220200,20220300,20220300
2022-02-02 06:00:00,0.8318,0.8316,0.8316,20220200,20220300,20220300
2022-02-03 06:00:00,0.83,0.8293,0.8293,20220200,20220300,20220300
2022-02-04 06:00:00,0.8332,0.8327,0.8327,20220200,20220300,20220300
2022-02-07 06:00:00,0.8334,0.8329,0.8329,20220200,20220300,20220300
2022-02-08 06:00:00,0.834,0.8337,0.8337,20220300,20220400,20220400
2022-02-09 06:00:00,0.8364,0.8361,0.8361,20220300,20220400,20220400
2022-02-10 06:00:00,0.8357,0.8354,0.8354,20220300,20220400,20220400
2022-02-11 06:00:00,0.8353,0.8351,0.8351,20220300,20220400,20220400
2022-02-14 06:00:00,0.8344,0.8344,0.8344,20220300,20220400,20220400
2022-02-15 06:00:00,0.8354,0.8354,0.8354,20220300,20220400,20220400
2022-02-16 06:00:00,0.8344,0.8344,0.8344,20220300,20220400,20220400
2022-02-17 06:00:00,0.8343,0.8343,0.8343,20220300,20220400,20220400
2022-02-18 06:00:00,0.8356,0.8356,0.8356,20220300,20220400,20220400
2022-02-21 06:00:00,0.8371,0.837,0.837,20220300,20220400,20220400
2022-02-22 06:00:00,0.838,0.8379,0.8379,20220300,20220400,20220400
2022-02-23 06:00:00,0.8381,0.8381,0.8381,20220300,20220400,20220400
2022-02-24 06:00:00,0.827,0.8267,0.8267,20220300,20220400,20220400
2022-02-25 06:00:00,0.831,0.8308,0.8308,20220300,20220400,20220400
2022-02-28 06:00:00,0.8311,0.8309,0.8309,20220300,20220400,20220400
2022-03-01 06:00:00,0.8321,0.8318,0.8318,20220300,20220400,20220400
2022-03-02 06:00:00,0.8286,0.8284,0.8284,20220300,20220400,20220400
2022-03-03 06:00:00,0.8274,0.8271,0.8271,20220300,20220400,20220400
2022-03-04 06:00:00,0.8209,0.8205,0.8205,20220300,20220400,20220400
2022-03-07 06:00:00,0.8118,0.8114,0.8114,20220300,20220400,20220400
2022-03-08 06:00:00,0.8094,0.8093,0.8093,20220400,20220500,20220500
2022-03-09 06:00:00,0.8121,0.812,0.812,20220400,20220500,20220500
2022-03-10 06:00:00,0.8144,0.8144,0.8144,20220400,20220500,20220500
2022-03-11 06:00:00,0.8099,0.8098,0.8098,20220400,20220500,20220500
2022-03-14 05:00:00,0.8065,0.8064,0.8064,20220400,20220500,20220500
2022-03-15 05:00:00,0.8027,0.8026,0.8026,20220400,20220500,20220500
2022-03-16 05:00:00,0.8117,0.8116,0.8116,20220400,20220500,20220500
2022-03-17 05:00:00,0.8248,0.8246,0.8246,20220400,20220500,20220500
2022-03-18 05:00:00,0.8234,0.8232,0.8232,20220400,20220500,20220500
2022-03-21 05:00:00,0.8222,0.822,0.822,20220400,20220500,20220500
2022-03-22 05:00:00,0.8195,0.8194,0.8194,20220400,20220500,20220500
2022-03-23 05:00:00,0.8213,0.8211,0.8211,20220400,20220500,20220500
2022-03-24 05:00:00,0.818,0.8178,0.8178,20220400,20220500,20220500
2022-03-25 05:00:00,0.8189,0.8187,0.8187,20220400,20220500,20220500
2022-03-28 05:00:00,0.8169,0.8168,0.8168,20220400,20220500,20220500
2022-03-29 05:00:00,0.8208,0.8206,0.8206,20220400,20220500,20220500
2022-03-30 05:00:00,0.8249,0.8246,0.8246,20220400,20220500,20220500
2022-03-31 05:00:00,0.8234,0.823,0.823,20220400,20220500,20220500
2022-04-01 05:00:00,0.8209,0.8206,0.8206,20220400,20220500,20220500
2022-04-04 05:00:00,0.8221,0.8219,0.8219,20220400,20220500,20220500
2022-04-05 05:00:00,0.8236,0.8233,0.8233,20220400,20220500,20220500
2022-04-06 05:00:00,0.8212,0.8208,0.8208,20220400,20220500,20220500
2022-04-07 05:00:00,0.8191,0.819,0.819,20220500,20220600,20220600
2022-04-08 05:00:00,0.8135,0.8136,0.8136,20220500,20220600,20220600
2022-04-11 05:00:00,0.8108,0.8108,0.8108,20220500,20220600,20220600
2022-04-12 05:00:00,0.8117,0.8117,0.8117,20220500,20220600,20220600
2022-04-13 05:00:00,0.8146,0.8148,0.8148,20220500,20220600,20220600
2022-04-14 05:00:00,0.8144,0.8144,0.8144,20220500,20220600,20220600
2022-04-15 05:00:00,0.8138,0.8138,0.8138,20220500,20220600,20220600
2022-04-18 05:00:00,0.8102,0.8102,0.8102,20220500,20220600,20220600
2022-04-19 05:00:00,0.8053,0.8056,0.8056,20220500,20220600,20220600
2022-04-20 05:00:00,0.8095,0.8094,0.8094,20220500,20220600,20220600
2022-04-21 05:00:00,0.8076,0.8076,0.8076,20220500,20220600,20220600
2022-04-22 05:00:00,0.8048,0.8048,0.8048,20220500,20220600,20220600
2022-04-25 05:00:00,0.7987,0.7988,0.7988,20220500,20220600,20220600
2022-04-26 05:00:00,0.7972,0.7974,0.7974,20220500,20220600,20220600
2022-04-27 05:00:00,0.7898,0.7899,0.7899,20220500,20220600,20220600
2022-04-28 05:00:00,0.7845,0.7849,0.7849,20220500,20220600,20220600
2022-04-29 05:00:00,0.7957,0.7958,0.7958,20220500,20220600,20220600
2022-05-02 05:00:00,0.7892,0.7894,0.7894,20220500,20220600,20220600
2022-05-03 05:00:00,0.7891,0.7892,0.7892,20220500,20220600,20220600
2022-05-04 05:00:00,0.7906,0.7907,0.7907,20220500,20220600,20220600
2022-05-05 05:00:00,0.7939,0.7941,0.7941,20220500,20220600,20220600
2022-05-06 05:00:00,0.7877,0.7878,0.7878,20220500,20220600,20220600
2022-05-09 05:00:00,0.783,0.7835,0.7835,20220600,20220700,20220700
2022-05-10 05:00:00,0.784,0.7844,0.7844,20220600,20220700,20220700
2022-05-11 05:00:00,0.7847,0.785,0.785,20220600,20220700,20220700
2022-05-12 05:00:00,0.7754,0.7758,0.7758,20220600,20220700,20220700
2022-05-13 05:00:00,0.7795,0.7798,0.7798,20220600,20220700,20220700
2022-05-16 05:00:00,0.7781,0.7785,0.7785,20220600,20220700,20220700
2022-05-17 05:00:00,0.7893,0.7896,0.7896,20220600,20220700,20220700
2022-05-18 05:00:00,0.7894,0.7896,0.7896,20220600,20220700,20220700
2022-05-19 05:00:00,0.7836,0.7838,0.7838,20220600,20220700,20220700
2022-05-20 05:00:00,0.7894,0.7895,0.7895,20220600,20220700,20220700
2022-05-23 05:00:00,0.7929,0.793,0.793,20220600,20220700,20220700
2022-05-24 05:00:00,0.7913,0.7913,0.7913,20220600,20220700,20220700
2022-05-25 05:00:00,0.7871,0.7872,0.7872,20220600,20220700,20220700
2022-05-26 05:00:00,0.7909,0.7909,0.7909,20220600,20220700,20220700
2022-05-27 05:00:00,0.7974,0.7974,0.7974,20220600,20220700,20220700
2022-05-30 05:00:00,0.8083,0.8083,0.8083,20220600,20220700,20220700
2022-05-31 05:00:00,0.8063,0.8062,0.8062,20220600,20220700,20220700
2022-06-01 05:00:00,0.8042,0.8041,0.8041,20220600,20220700,20220700
2022-06-02 05:00:00,0.8006,0.8006,0.8006,20220600,20220700,20220700
2022-06-03 05:00:00,0.8029,0.803,0.803,20220600,20220700,20220700
2022-06-06 05:00:00,0.8,0.8001,0.8001,20220600,20220700,20220700
2022-06-07 05:00:00,0.7962,0.7962,0.7962,20220700,20220800,20220800
2022-06-08 05:00:00,0.7963,0.7965,0.7965,20220700,20220800,20220800
2022-06-09 05:00:00,0.7964,0.7966,0.7966,20220700,20220800,20220800
2022-06-10 05:00:00,0.787,0.7872,0.7872,20220700,20220800,20220800
2022-06-13 05:00:00,0.7758,0.7759,0.7759,20220700,20220800,20220800
2022-06-14 05:00:00,0.7764,0.7768,0.7768,20220700,20220800,20220800
2022-06-15 05:00:00,0.7753,0.7758,0.7758,20220700,20220800,20220800
2022-06-16 05:00:00,0.7733,0.7738,0.7738,20220700,20220800,20220800
2022-06-17 05:00:00,0.7743,0.7749,0.7749,20220700,20220800,20220800
2022-06-20 05:00:00,0.7749,0.7754,0.7754,20220700,20220800,20220800
2022-06-21 05:00:00,0.7733,0.7739,0.7739,20220700,20220800,20220800
2022-06-22 05:00:00,0.7682,0.7688,0.7688,20220700,20220800,20220800
2022-06-23 05:00:00,0.7676,0.7681,0.7681,20220700,20220800,20220800
2022-06-24 05:00:00,0.7722,0.7727,0.7727,20220700,20220800,20220800
2022-06-27 05:00:00,0.7791,0.7794,0.7794,20220700,20220800,20220800
2022-06-28 05:00:00,0.7767,0.7771,0.7771,20220700,20220800,20220800
2022-06-29 05:00:00,0.7712,0.7716,0.7716,20220700,20220800,20220800
2022-06-30 05:00:00,0.7685,0.7689,0.7689,20220700,20220800,20220800
2022-07-01 05:00:00,0.7713,0.7716,0.7716,20220700,20220800,20220800
2022-07-04 05:00:00,0.7724,0.7727,0.7727,20220700,20220800,20220800
2022-07-05 05:00:00,0.7628,0.7631,0.7631,20220700,20220800,20220800
2022-07-06 05:00:00,0.7642,0.7644,0.7644,20220700,20220800,20220800
2022-07-07 05:00:00,0.7691,0.7698,0.7698,20220800,20220900,20220900
2022-07-08 05:00:00,0.769,0.7696,0.7696,20220800,20220900,20220900
2022-07-11 05:00:00,0.7653,0.7659,0.7659,20220800,20220900,20220900
2022-07-12 05:00:00,0.7645,0.7651,0.7651,20220800,20220900,20220900
2022-07-13 05:00:00,0.767,0.7676,0.7676,20220800,20220900,20220900
2022-07-14 05:00:00,0.7577,0.7584,0.7584,20220800,20220900,20220900
2022-07-15 05:00:00,0.754,0.7546,0.7546,20220800,20220900,20220900
2022-07-18 05:00:00,0.7602,0.7607,0.7607,20220800,20220900,20220900
2022-07-19 05:00:00,0.7651,0.7656,0.7656,20220800,20220900,20220900
2022-07-20 05:00:00,0.7621,0.7633,0.7633,20220800,20220900,20220900
2022-07-21 05:00:00,0.7624,0.7628,0.7628,20220800,20220900,20220900
2022-07-22 05:00:00,0.7619,0.7624,0.7624,20220800,20220900,20220900
2022-07-25 05:00:00,0.7632,0.7637,0.7637,20220800,20220900,20220900
2022-07-26 05:00:00,0.7632,0.7637,0.7637,20220800,20220900,20220900
2022-07-27 05:00:00,0.7614,0.7618,0.7618,20220800,20220900,20220900
2022-07-28 05:00:00,0.7667,0.7671,0.7671,20220800,20220900,20220900
2022-07-29 05:00:00,0.7679,0.7683,0.7683,20220800,20220900,20220900
2022-08-01 05:00:00,0.7678,0.7681,0.7681,20220800,20220900,20220900
2022-08-02 05:00:00,0.7642,0.7645,0.7645,20220800,20220900,20220900
2022-08-03 05:00:00,0.7629,0.7633,0.7633,20220800,20220900,20220900
2022-08-04 05:00:00,0.7634,0.7638,0.7638,20220800,20220900,20220900
2022-08-05 05:00:00,0.7709,0.7713,0.7713,20220800,20220900,20220900
2022-08-08 05:00:00,0.7674,0.7679,0.7679,20220900,20221000,20221000
2022-08-09 05:00:00,0.7655,0.7666,0.7666,20220900,20221000,20221000
2022-08-10 05:00:00,0.7632,0.7636,0.7636,20220900,20221000,20221000
2022-08-11 05:00:00,0.7691,0.7695,0.7695,20220900,20221000,20221000
2022-08-12 05:00:00,0.7664,0.7669,0.7669,20220900,20221000,20221000
2022-08-15 05:00:00,0.7635,0.764,0.764,20220900,20221000,20221000
2022-08-16 05:00:00,0.762,0.7625,0.7625,20220900,20221000,20221000
2022-08-17 05:00:00,0.7602,0.7605,0.7605,20220900,20221000,20221000
2022-08-18 05:00:00,0.7561,0.7565,0.7565,20220900,20221000,20221000
2022-08-19 05:00:00,0.7483,0.7487,0.7487,20220900,20221000,20221000
2022-08-22 05:00:00,0.7442,0.7446,0.7446,20220900,20221000,20221000
2022-08-23 05:00:00,0.7455,0.7459,0.7459,20220900,20221000,20221000
2022-08-24 05:00:00,0.7452,0.7457,0.7457,20220900,20221000,20221000
2022-08-25 05:00:00,0.7488,0.7491,0.7491,20220900,20221000,20221000
2022-08-26 05:00:00,0.7508,0.7511,0.7511,20220900,20221000,20221000
2022-08-29 05:00:00,0.7413,0.7417,0.7417,20220900,20221000,20221000
2022-08-30 05:00:00,0.7434,0.7438,0.7438,20220900,20221000,20221000
2022-08-31 05:00:00,0.7449,0.7452,0.7452,20220900,20221000,20221000
2022-09-01 05:00:00,0.7386,0.7389,0.7389,20220900,20221000,20221000
2022-09-02 05:00:00,0.7341,0.7344,0.7344,20220900,20221000,20221000
2022-09-05 05:00:00,0.7293,0.7297,0.7297,20220900,20221000,20221000
2022-09-06 05:00:00,0.7267,0.727,0.727,20220900,20221000,20221000
2022-09-07 05:00:00,0.7209,0.7215,0.7215,20221000,20221100,20221100
2022-09-08 05:00:00,0.7239,0.725,0.725,20221000,20221100,20221100
2022-09-09 05:00:00,0.7266,0.7272,0.7272,20221000,20221100,20221100
2022-09-12 05:00:00,0.7261,0.7268,0.7268,20221000,20221100,20221100
2022-09-13 05:00:00,0.7292,0.7299,0.7299,20221000,20221100,20221100
2022-09-14 05:00:00,0.7184,0.7192,0.7192,20221000,20221100,20221100
2022-09-15 05:00:00,0.7159,0.7167,0.7167,20221000,20221100,20221100
2022-09-16 05:00:00,0.7211,0.7221,0.7221,20221000,20221100,20221100
2022-09-19 05:00:00,0.7181,0.719,0.719,20221000,20221100,20221100
2022-09-20 05:00:00,0.719,0.7199,0.7199,20221000,20221100,20221100
2022-09-21 05:00:00,0.7176,0.7184,0.7184,20221000,20221100,20221100
2022-09-22 05:00:00,0.7115,0.7125,0.7125,20221000,20221100,20221100
2022-09-23 05:00:00,0.7058,0.7064,0.7064,20221000,20221100,20221100
2022-09-26 05:00:00,0.6989,0.6995,0.6995,20221000,20221100,20221100
2022-09-27 05:00:00,0.7039,0.7045,0.7045,20221000,20221100,20221100
2022-09-28 05:00:00,0.6941,0.6948,0.6948,20221000,20221100,20221100
2022-09-29 05:00:00,0.7001,0.7007,0.7007,20221000,20221100,20221100
2022-09-30 05:00:00,0.6965,0.6971,0.6971,20221000,20221100,20221100
2022-10-03 05:00:00,0.693,0.6936,0.6936,20221000,20221100,20221100
2022-10-04 05:00:00,0.7004,0.701,0.701,20221000,20221100,20221100
2022-10-05 05:00:00,0.705,0.7055,0.7055,20221000,20221100,20221100
2022-10-06 05:00:00,0.7111,0.7115,0.7115,20221000,20221100,20221100
2022-10-07 05:00:00,0.7101,0.711,0.711,20221100,20221200,20221200
2022-10-10 05:00:00,0.7011,0.702,0.702,20221100,20221200,20221200
2022-10-11 05:00:00,0.6984,0.6992,0.6992,20221100,20221200,20221200
2022-10-12 05:00:00,0.7012,0.702,0.702,20221100,20221200,20221200
2022-10-13 05:00:00,0.6997,0.7002,0.7002,20221100,20221200,20221200
2022-10-14 05:00:00,0.6968,0.6973,0.6973,20221100,20221200,20221200
2022-10-17 05:00:00,0.696,0.6966,0.6966,20221100,20221200,20221200
2022-10-18 05:00:00,0.7023,0.7028,0.7028,20221100,20221200,20221200
2022-10-19 05:00:00,0.699,0.699,0.699,20221100,20221200,20221200
2022-10-20 05:00:00,0.7013,0.7017,0.7017,20221100,20221200,20221200
2022-10-21 05:00:00,0.6936,0.694,0.694,20221100,20221200,20221200
2022-10-24 05:00:00,0.6925,0.6929,0.6929,20221100,20221200,20221200
2022-10-25 05:00:00,0.6953,0.6956,0.6956,20221100,20221200,20221200
2022-10-26 05:00:00,0.7053,0.7055,0.7055,20221100,20221200,20221200
2022-10-27 05:00:00,0.7031,0.7035,0.7035,20221100,20221200,20221200
2022-10-28 05:00:00,0.7017,0.7022,0.7022,20221100,20221200,20221200
2022-10-31 05:00:00,0.6999,0.7005,0.7005,20221100,20221200,20221200
2022-11-01 05:00:00,0.7067,0.7072,0.7072,20221100,20221200,20221200
2022-11-02 05:00:00,0.7069,0.7074,0.7074,20221100,20221200,20221200
2022-11-03 05:00:00,0.7001,0.7006,0.7006,20221100,20221200,20221200
2022-11-04 05:00:00,0.7069,0.7074,0.7074,20221100,20221200,20221200
2022-11-07 06:00:00,0.7196,0.7202,0.7202,20221100,20221200,20221200
2022-11-08 06:00:00,0.7255,0.7269,0.7269,20221200,20230100,20230100
2022-11-09 06:00:00,0.7321,0.7335,0.7335,20221200,20230100,20230100
2022-11-10 06:00:00,0.7256,0.7271,0.7271,20221200,20230100,20230100
2022-11-11 06:00:00,0.7575,0.759,0.759,20221200,20230100,20230100
2022-11-14 06:00:00,0.7535,0.755,0.755,20221200,20230100,20230100
2022-11-15 06:00:00,0.7624,0.7641,0.7641,20221200,20230100,20230100
2022-11-16 06:00:00,0.7564,0.7581,0.7581,20221200,20230100,20230100
2022-11-17 06:00:00,0.7429,0.7444,0.7444,20221200,20230100,20230100
2022-11-18 06:00:00,0.747,0.7484,0.7484,20221200,20230100,20230100
2022-11-21 06:00:00,0.7362,0.7376,0.7376,20221200,20230100,20230100
2022-11-22 06:00:00,0.7389,0.7401,0.7401,20221200,20230100,20230100
2022-11-23 06:00:00,0.7389,0.7402,0.7402,20221200,20230100,20230100
2022-11-24 06:00:00,0.752,0.7531,0.7531,20221200,20230100,20230100
2022-11-25 06:00:00,0.751,0.7522,0.7522,20221200,20230100,20230100
2022-11-28 06:00:00,0.7506,0.7515,0.7515,20221200,20230100,20230100
2022-11-29 06:00:00,0.754,0.7548,0.7548,20221200,20230100,20230100
2022-11-30 06:00:00,0.7599,0.7607,0.7607,20221200,20230100,20230100
2022-12-01 06:00:00,0.7654,0.766,0.766,20221200,20230100,20230100
2022-12-02 06:00:00,0.7712,0.7717,0.7717,20221200,20230100,20230100
2022-12-05 06:00:00,0.7704,0.7709,0.7709,20221200,20230100,20230100
2022-12-06 06:00:00,0.7574,0.7579,0.7579,20221200,20230100,20230100
2022-12-07 06:00:00,0.7568,0.7577,0.7577,20230100,20230200,20230200
2022-12-08 06:00:00,0.7577,0.7587,0.7587,20230100,20230200,20230200
2022-12-09 06:00:00,0.7681,0.7691,0.7691,20230100,20230200,20230200
2022-12-12 06:00:00,0.7671,0.768,0.768,20230100,20230200,20230200
2022-12-13 06:00:00,0.7657,0.7666,0.7666,20230100,20230200,20230200
2022-12-14 06:00:00,0.7731,0.7742,0.7742,20230100,20230200,20230200
2022-12-15 06:00:00,0.763,0.764,0.764,20230100,20230200,20230200
2022-12-16 06:00:00,0.7656,0.7667,0.7667,20230100,20230200,20230200
2022-12-19 06:00:00,0.7694,0.7704,0.7704,20230100,20230200,20230200
2022-12-20 06:00:00,0.779,0.7798,0.7798,20230100,20230200,20230200
2022-12-21 06:00:00,0.7766,0.7773,0.7773,20230100,20230200,20230200
2022-12-22 06:00:00,0.7812,0.782,0.782,20230100,20230200,20230200
2022-12-23 06:00:00,0.7809,0.7817,0.7817,20230100,20230200,20230200
2022-12-26 06:00:00,0.7844,0.7851,0.7851,20230100,20230200,20230200
2022-12-27 06:00:00,0.7875,0.7882,0.7882,20230100,20230200,20230200
2022-12-28 06:00:00,0.7887,0.7894,0.7894,20230100,20230200,20230200
2022-12-29 06:00:00,0.7891,0.7899,0.7899,20230100,20230200,20230200
2022-12-30 06:00:00,0.7968,0.7975,0.7975,20230100,20230200,20230200
2023-01-03 06:00:00,0.7825,0.7833,0.7833,20230100,20230200,20230200
2023-01-04 06:00:00,0.7875,0.7883,0.7883,20230100,20230200,20230200
2023-01-05 06:00:00,0.7882,0.7889,0.7889,20230100,20230200,20230200
2023-01-06 06:00:00,0.7859,0.7869,0.7869,20230100,20230200,20230200
2023-01-09 06:00:00,0.8035,0.8043,0.8043,20230200,20230300,20230300
2023-01-10 06:00:00,0.8033,0.804,0.804,20230200,20230300,20230300
2023-01-11 06:00:00,0.8019,0.8027,0.8027,20230200,20230300,20230300
2023-01-12 06:00:00,0.8032,0.8039,0.8039,20230200,20230300,20230300
2023-01-13 06:00:00,0.8085,0.8081,0.8081,20230200,20230300,20230300
2023-01-16 06:00:00,0.8091,0.8097,0.8097,20230200,20230300,20230300
2023-01-17 06:00:00,0.8062,0.807,0.807,20230200,20230300,20230300
2023-01-18 06:00:00,0.8107,0.8115,0.8115,20230200,20230300,20230300
2023-01-19 06:00:00,0.8092,0.8099,0.8099,20230200,20230300,20230300
2023-01-20 06:00:00,0.8107,0.8114,0.8114,20230200,20230300,20230300
2023-01-23 06:00:00,0.8148,0.8155,0.8155,20230200,20230300,20230300
2023-01-24 06:00:00,0.8097,0.8103,0.8103,20230200,20230300,20230300
2023-01-25 06:00:00,0.809,0.8096,0.8096,20230200,20230300,20230300
2023-01-26 06:00:00,0.8121,0.8123,0.8123,20230200,20230300,20230300
2023-01-27 06:00:00,0.8105,0.8113,0.8113,20230200,20230300,20230300
2023-01-30 06:00:00,0.8151,0.8158,0.8158,20230200,20230300,20230300
2023-01-31 06:00:00,0.8079,0.8088,0.8088,20230200,20230300,20230300
2023-02-01 06:00:00,0.8139,0.8148,0.8148,20230200,20230300,20230300
2023-02-02 06:00:00,0.8174,0.8183,0.8183,20230200,20230300,20230300
2023-02-03 06:00:00,0.8129,0.8137,0.8137,20230200,20230300,20230300
2023-02-06 06:00:00,0.7942,0.795,0.795,20230200,20230300,20230300
2023-02-07 06:00:00,0.7948,0.7958,0.7958,20230300,20230400,20230400
2023-02-08 06:00:00,0.7955,0.7965,0.7965,20230300,20230400,20230400
2023-02-09 06:00:00,0.7954,0.7964,0.7964,20230300,20230400,20230400
2023-02-10 06:00:00,0.7895,0.7904,0.7904,20230300,20230400,20230400
2023-02-13 06:00:00,0.7829,0.784,0.784,20230300,20230400,20230400
2023-02-14 06:00:00,0.7893,0.7904,0.7904,20230300,20230400,20230400
2023-02-15 06:00:00,0.7799,0.7812,0.7812,20230300,20230400,20230400
2023-02-16 06:00:00,0.7783,0.7794,0.7794,20230300,20230400,20230400
2023-02-17 06:00:00,0.7687,0.7698,0.7698,20230300,20230400,20230400
2023-02-20 06:00:00,0.7716,0.7726,0.7726,20230300,20230400,20230400
2023-02-21 06:00:00,0.7695,0.7705,0.7705,20230300,20230400,20230400
2023-02-22 06:00:00,0.7669,0.7679,0.7679,20230300,20230400,20230400
2023-02-23 06:00:00,0.7707,0.7717,0.7717,20230300,20230400,20230400
2023-02-24 06:00:00,0.7643,0.7653,0.7653,20230300,20230400,20230400
2023-02-27 06:00:00,0.7573,0.7582,0.7582,20230300,20230400,20230400
2023-02-28 06:00:00,0.7562,0.7572,0.7572,20230300,20230400,20230400
2023-03-01 06:00:00,0.7681,0.7691,0.7691,20230300,20230400,20230400
2023-03-02 06:00:00,0.763,0.7639,0.7639,20230300,20230400,20230400
2023-03-03 06:00:00,0.7677,0.7686,0.7686,20230300,20230400,20230400
2023-03-06 06:00:00,0.7691,0.7701,0.7701,20230300,20230400,20230400
2023-03-07 06:00:00,0.7681,0.7692,0.7692,20230400,20230500,20230500
2023-03-08 06:00:00,0.7597,0.7608,0.7608,20230400,20230500,20230500
2023-03-09 06:00:00,0.7585,0.7596,0.7596,20230400,20230500,20230500
2023-03-10 06:00:00,0.7589,0.7601,0.7601,20230400,20230500,20230500
2023-03-13 05:00:00,0.7666,0.7679,0.7679,20230400,20230500,20230500
2023-03-14 05:00:00,0.7665,0.7678,0.7678,20230400,20230500,20230500
2023-03-15 05:00:00,0.7607,0.7619,0.7619,20230400,20230500,20230500
2023-03-16 05:00:00,0.7635,0.7647,0.7647,20230400,20230500,20230500
2023-03-17 05:00:00,0.7655,0.7669,0.7669,20230400,20230500,20230500
2023-03-20 05:00:00,0.7654,0.7667,0.7667,20230400,20230500,20230500
2023-03-21 05:00:00,0.7674,0.7688,0.7688,20230400,20230500,20230500
2023-03-22 05:00:00,0.7668,0.7681,0.7681,20230400,20230500,20230500
2023-03-23 05:00:00,0.7795,0.7808,0.7808,20230400,20230500,20230500
2023-03-24 05:00:00,0.7684,0.7697,0.7697,20230400,20230500,20230500
2023-03-27 05:00:00,0.7703,0.7716,0.7716,20230400,20230500,20230500
2023-03-28 05:00:00,0.7707,0.772,0.772,20230400,20230500,20230500
2023-03-29 05:00:00,0.7697,0.771,0.771,20230400,20230500,20230500
2023-03-30 05:00:00,0.7703,0.7716,0.7716,20230400,20230500,20230500
2023-03-31 05:00:00,0.7665,0.7677,0.7677,20230400,20230500,20230500
2023-04-03 05:00:00,0.7607,0.762,0.762,20230400,20230500,20230500
2023-04-04 05:00:00,0.7606,0.7618,0.7618,20230400,20230500,20230500
2023-04-05 05:00:00,0.7626,0.7639,0.7639,20230400,20230500,20230500
2023-04-06 05:00:00,0.7583,0.7596,0.7596,20230400,20230500,20230500
2023-04-07 05:00:00,0.7608,0.7624,0.7624,20230500,20230600,20230600
2023-04-10 05:00:00,0.7596,0.7613,0.7613,20230500,20230600,20230600
2023-04-11 05:00:00,0.7574,0.7591,0.7591,20230500,20230600,20230600
2023-04-12 05:00:00,0.7549,0.7566,0.7566,20230500,20230600,20230600
2023-04-13 05:00:00,0.7647,0.7663,0.7663,20230500,20230600,20230600
2023-04-14 05:00:00,0.7696,0.7712,0.7712,20230500,20230600,20230600
2023-04-17 05:00:00,0.7617,0.7634,0.7634,20230500,20230600,20230600
2023-04-18 05:00:00,0.7603,0.762,0.762,20230500,20230600,20230600
2023-04-19 05:00:00,0.7502,0.7518,0.7518,20230500,20230600,20230600
2023-04-20 05:00:00,0.7564,0.7581,0.7581,20230500,20230600,20230600
2023-04-21 05:00:00,0.7536,0.7552,0.7552,20230500,20230600,20230600
2023-04-24 05:00:00,0.7502,0.7518,0.7518,20230500,20230600,20230600
2023-04-25 05:00:00,0.748,0.7496,0.7496,20230500,20230600,20230600
2023-04-26 05:00:00,0.7477,0.7493,0.7493,20230500,20230600,20230600
2023-04-27 05:00:00,0.7463,0.7479,0.7479,20230500,20230600,20230600
2023-04-28 05:00:00,0.7477,0.7494,0.7494,20230500,20230600,20230600
2023-05-01 05:00:00,0.7467,0.7482,0.7482,20230500,20230600,20230600
2023-05-02 05:00:00,0.746,0.7477,0.7477,20230500,20230600,20230600
2023-05-03 05:00:00,0.75,0.7515,0.7515,20230500,20230600,20230600
2023-05-04 05:00:00,0.756,0.7576,0.7576,20230500,20230600,20230600
2023-05-05 05:00:00,0.7593,0.7609,0.7609,20230500,20230600,20230600
2023-05-08 05:00:00,0.7582,0.7595,0.7595,20230600,20230700,20230700
2023-05-09 05:00:00,0.7568,0.7581,0.7581,20230600,20230700,20230700
2023-05-10 05:00:00,0.7568,0.7582,0.7582,20230600,20230700,20230700
2023-05-11 05:00:00,0.754,0.7553,0.7553,20230600,20230700,20230700
2023-05-12 05:00:00,0.7497,0.7511,0.7511,20230600,20230700,20230700
2023-05-15 05:00:00,0.7494,0.7508,0.7508,20230600,20230700,20230700
2023-05-16 05:00:00,0.7478,0.7492,0.7492,20230600,20230700,20230700
2023-05-17 05:00:00,0.7487,0.75,0.75,20230600,20230700,20230700
2023-05-18 05:00:00,0.7503,0.7516,0.7516,20230600,20230700,20230700
2023-05-19 05:00:00,0.7549,0.7564,0.7564,20230600,20230700,20230700
2023-05-22 05:00:00,0.7603,0.7615,0.7615,20230600,20230700,20230700
2023-05-23 05:00:00,0.7589,0.7601,0.7601,20230600,20230700,20230700
2023-05-24 05:00:00,0.7588,0.7599,0.7599,20230600,20230700,20230700
2023-05-25 05:00:00,0.7541,0.7552,0.7552,20230600,20230700,20230700
2023-05-26 05:00:00,0.7544,0.7555,0.7555,20230600,20230700,20230700
2023-05-29 05:00:00,0.7565,0.7575,0.7575,20230600,20230700,20230700
2023-05-30 05:00:00,0.7589,0.7601,0.7601,20230600,20230700,20230700
2023-05-31 05:00:00,0.7555,0.7567,0.7567,20230600,20230700,20230700
2023-06-01 05:00:00,0.7576,0.7587,0.7587,20230600,20230700,20230700
2023-06-02 05:00:00,0.7695,0.7707,0.7707,20230600,20230700,20230700
2023-06-05 05:00:00,0.7659,0.7671,0.7671,20230600,20230700,20230700
2023-06-06 05:00:00,0.7695,0.7706,0.7706,20230600,20230700,20230700
2023-06-07 05:00:00,0.7703,0.7719,0.7719,20230700,20230800,20230800
2023-06-08 05:00:00,0.7684,0.77,0.77,20230700,20230800,20230800
2023-06-09 05:00:00,0.776,0.7776,0.7776,20230700,20230800,20230800
2023-06-12 05:00:00,0.7784,0.78,0.78,20230700,20230800,20230800
2023-06-13 05:00:00,0.7862,0.7878,0.7878,20230700,20230800,20230800
2023-06-14 05:00:00,0.7843,0.7859,0.7859,20230700,20230800,20230800
2023-06-15 05:00:00,0.7814,0.783,0.783,20230700,20230800,20230800
2023-06-16 05:00:00,0.7861,0.7877,0.7877,20230700,20230800,20230800
2023-06-19 05:00:00,0.781,0.7827,0.7827,20230700,20230800,20230800
2023-06-20 05:00:00,0.7775,0.7791,0.7791,20230700,20230800,20230800
2023-06-21 05:00:00,0.7737,0.7753,0.7753,20230700,20230800,20230800
2023-06-22 05:00:00,0.7728,0.7743,0.7743,20230700,20230800,20230800
2023-06-23 05:00:00,0.7643,0.7657,0.7657,20230700,20230800,20230800
2023-06-26 05:00:00,0.7656,0.7671,0.7671,20230700,20230800,20230800
2023-06-27 05:00:00,0.7691,0.7705,0.7705,20230700,20230800,20230800
2023-06-28 05:00:00,0.7642,0.7657,0.7657,20230700,20230800,20230800
2023-06-29 05:00:00,0.7606,0.7619,0.7619,20230700,20230800,20230800
2023-06-30 05:00:00,0.757,0.7584,0.7584,20230700,20230800,20230800
2023-07-03 05:00:00,0.7653,0.7666,0.7666,20230700,20230800,20230800
2023-07-04 05:00:00,0.7707,0.772,0.772,20230700,20230800,20230800
2023-07-05 05:00:00,0.7688,0.7702,0.7702,20230700,20230800,20230800
2023-07-06 05:00:00,0.7676,0.7688,0.7688,20230700,20230800,20230800
2023-07-07 05:00:00,0.7669,0.7682,0.7682,20230800,20230900,20230900
2023-07-10 05:00:00,0.7675,0.7688,0.7688,20230800,20230900,20230900
2023-07-11 05:00:00,0.7752,0.7764,0.7764,20230800,20230900,20230900
2023-07-12 05:00:00,0.7767,0.7779,0.7779,20230800,20230900,20230900
2023-07-13 05:00:00,0.7898,0.791,0.791,20230800,20230900,20230900
2023-07-14 05:00:00,0.7903,0.7915,0.7915,20230800,20230900,20230900
2023-07-17 05:00:00,0.7909,0.7922,0.7922,20230800,20230900,20230900
2023-07-18 05:00:00,0.7942,0.7954,0.7954,20230800,20230900,20230900
2023-07-19 05:00:00,0.791,0.7921,0.7921,20230800,20230900,20230900
2023-07-20 05:00:00,0.788,0.7891,0.7891,20230800,20230900,20230900
2023-07-21 05:00:00,0.7796,0.7808,0.7808,20230800,20230900,20230900
2023-07-24 05:00:00,0.7824,0.7835,0.7835,20230800,20230900,20230900
2023-07-25 05:00:00,0.7841,0.7853,0.7853,20230800,20230900,20230900
2023-07-26 05:00:00,0.7848,0.786,0.786,20230800,20230900,20230900
2023-07-27 05:00:00,0.7824,0.7836,0.7836,20230800,20230900,20230900
2023-07-28 05:00:00,0.7837,0.7849,0.7849,20230800,20230900,20230900
2023-07-31 05:00:00,0.7853,0.7866,0.7866,20230800,20230900,20230900
2023-08-01 05:00:00,0.7782,0.7793,0.7793,20230800,20230900,20230900
2023-08-02 05:00:00,0.773,0.7742,0.7742,20230800,20230900,20230900
2023-08-03 05:00:00,0.7699,0.771,0.771,20230800,20230900,20230900
2023-08-04 05:00:00,0.763,0.764,0.764,20230800,20230900,20230900
2023-08-07 05:00:00,0.7652,0.7663,0.7663,20230800,20230900,20230900
2023-08-08 05:00:00,0.7592,0.7605,0.7605,20230900,20231000,20231000
2023-08-09 05:00:00,0.7628,0.764,0.764,20230900,20231000,20231000
2023-08-10 05:00:00,0.7636,0.7649,0.7649,20230900,20231000,20231000
2023-08-11 05:00:00,0.7553,0.7565,0.7565,20230900,20231000,20231000
2023-08-14 05:00:00,0.7508,0.7521,0.7521,20230900,20231000,20231000
2023-08-15 05:00:00,0.7493,0.7505,0.7505,20230900,20231000,20231000
2023-08-16 05:00:00,0.7482,0.7494,0.7494,20230900,20231000,20231000
2023-08-17 05:00:00,0.7477,0.7489,0.7489,20230900,20231000,20231000
2023-08-18 05:00:00,0.7468,0.748,0.748,20230900,20231000,20231000
2023-08-21 05:00:00,0.747,0.7483,0.7483,20230900,20231000,20231000
2023-08-22 05:00:00,0.7483,0.7495,0.7495,20230900,20231000,20231000
2023-08-23 05:00:00,0.7471,0.7483,0.7483,20230900,20231000,20231000
2023-08-24 05:00:00,0.7579,0.7591,0.7591,20230900,20231000,20231000
2023-08-25 05:00:00,0.7567,0.7578,0.7578,20230900,20231000,20231000
2023-08-28 05:00:00,0.7544,0.7557,0.7557,20230900,20231000,20231000
2023-08-29 05:00:00,0.7556,0.7569,0.7569,20230900,20231000,20231000
2023-08-30 05:00:00,0.7562,0.7574,0.7574,20230900,20231000,20231000
2023-08-31 05:00:00,0.7557,0.7568,0.7568,20230900,20231000,20231000
2023-09-01 05:00:00,0.76,0.7611,0.7611,20230900,20231000,20231000
2023-09-04 05:00:00,0.7592,0.7604,0.7604,20230900,20231000,20231000
2023-09-05 05:00:00,0.7494,0.7506,0.7506,20230900,20231000,20231000
2023-09-06 05:00:00,0.7519,0.753,0.753,20230900,20231000,20231000
2023-09-07 05:00:00,0.7492,0.7506,0.7506,20231000,20231100,20231100
2023-09-08 05:00:00,0.7506,0.7521,0.7521,20231000,20231100,20231100
2023-09-11 05:00:00,0.7525,0.754,0.754,20231000,20231100,20231100
2023-09-12 05:00:00,0.7541,0.7556,0.7556,20231000,20231100,20231100
2023-09-13 05:00:00,0.7539,0.7554,0.7554,20231000,20231100,20231100
2023-09-14 05:00:00,0.755,0.7564,0.7564,20231000,20231100,20231100
2023-09-15 05:00:00,0.7536,0.755,0.755,20231000,20231100,20231100
2023-09-18 05:00:00,0.7555,0.757,0.757,20231000,20231100,20231100
2023-09-19 05:00:00,0.7559,0.7573,0.7573,20231000,20231100,20231100
2023-09-20 05:00:00,0.7543,0.7558,0.7558,20231000,20231100,20231100
2023-09-21 05:00:00,0.7468,0.7482,0.7482,20231000,20231100,20231100
2023-09-22 05:00:00,0.7501,0.7516,0.7516,20231000,20231100,20231100
2023-09-25 05:00:00,0.7481,0.7495,0.7495,20231000,20231100,20231100
2023-09-26 05:00:00,0.7413,0.7427,0.7427,20231000,20231100,20231100
2023-09-27 05:00:00,0.7393,0.7406,0.7406,20231000,20231100,20231100
2023-09-28 05:00:00,0.7387,0.74,0.74,20231000,20231100,20231100
2023-09-29 05:00:00,0.7438,0.745,0.745,20231000,20231100,20231100
2023-10-02 05:00:00,0.7379,0.7392,0.7392,20231000,20231100,20231100
2023-10-03 05:00:00,0.7352,0.7365,0.7365,20231000,20231100,20231100
2023-10-04 05:00:00,0.7382,0.7395,0.7395,20231000,20231100,20231100
2023-10-05 05:00:00,0.7406,0.7418,0.7418,20231000,20231100,20231100
2023-10-06 05:00:00,0.7421,0.7433,0.7433,20231000,20231100,20231100
2023-10-09 05:00:00,0.7408,0.742,0.742,20231100,20231200,20231200
2023-10-10 05:00:00,0.7429,0.744,0.744,20231100,20231200,20231200
2023-10-11 05:00:00,0.7475,0.7487,0.7487,20231100,20231200,20231200
2023-10-12 05:00:00,0.7494,0.7505,0.7505,20231100,20231200,20231200
2023-10-13 05:00:00,0.7409,0.742,0.742,20231100,20231200,20231200
2023-10-16 05:00:00,0.7399,0.741,0.741,20231100,20231200,20231200
2023-10-17 05:00:00,0.7406,0.7417,0.7417,20231100,20231200,20231200
2023-10-18 05:00:00,0.7403,0.7414,0.7414,20231100,20231200,20231200
2023-10-19 05:00:00,0.7366,0.7378,0.7378,20231100,20231200,20231200
2023-10-20 05:00:00,0.7408,0.742,0.742,20231100,20231200,20231200
2023-10-23 05:00:00,0.7403,0.7414,0.7414,20231100,20231200,20231200
2023-10-24 05:00:00,0.7451,0.7462,0.7462,20231100,20231200,20231200
2023-10-25 05:00:00,0.7416,0.7427,0.7427,20231100,20231200,20231200
2023-10-26 05:00:00,0.7369,0.738,0.738,20231100,20231200,20231200
2023-10-27 05:00:00,0.7381,0.7392,0.7392,20231100,20231200,20231200
2023-10-30 05:00:00,0.742,0.7432,0.7432,20231100,20231200,20231200
2023-10-31 05:00:00,0.7425,0.7437,0.7437,20231100,20231200,20231200
2023-11-01 05:00:00,0.7366,0.7378,0.7378,20231100,20231200,20231200
2023-11-02 05:00:00,0.7495,0.7506,0.7506,20231100,20231200,20231200
2023-11-03 05:00:00,0.7591,0.7602,0.7602,20231100,20231200,20231200
2023-11-06 06:00:00,0.771,0.7723,0.7723,20231100,20231200,20231200
2023-11-07 06:00:00,0.7648,0.7663,0.7663,20231200,20240100,20240100
2023-11-08 06:00:00,0.763,0.7644,0.7644,20231200,20240100,20240100
2023-11-09 06:00:00,0.7635,0.7646,0.7646,20231200,20240100,20240100
2023-11-10 06:00:00,0.7594,0.7608,0.7608,20231200,20240100,20240100
2023-11-13 06:00:00,0.7575,0.759,0.759,20231200,20240100,20240100
2023-11-14 06:00:00,0.7552,0.7568,0.7568,20231200,20240100,20240100
2023-11-15 06:00:00,0.7704,0.772,0.772,20231200,20240100,20240100
2023-11-16 06:00:00,0.7745,0.776,0.776,20231200,20240100,20240100
2023-11-17 06:00:00,0.7758,0.7773,0.7773,20231200,20240100,20240100
2023-11-20 06:00:00,0.7752,0.7767,0.7767,20231200,20240100,20240100
2023-11-21 06:00:00,0.774,0.7754,0.7754,20231200,20240100,20240100
2023-11-22 06:00:00,0.77,0.7713,0.7713,20231200,20240100,20240100
2023-11-23 06:00:00,0.7701,0.7715,0.7715,20231200,20240100,20240100
2023-11-24 06:00:00,0.7665,0.7679,0.7679,20231200,20240100,20240100
2023-11-27 06:00:00,0.7693,0.7707,0.7707,20231200,20240100,20240100
2023-11-28 06:00:00,0.7724,0.7738,0.7738,20231200,20240100,20240100
2023-11-29 06:00:00,0.7746,0.7759,0.7759,20231200,20240100,20240100
2023-11-30 06:00:00,0.77,0.7713,0.7713,20231200,20240100,20240100
2023-12-01 06:00:00,0.7678,0.7691,0.7691,20231200,20240100,20240100
2023-12-04 06:00:00,0.7675,0.7687,0.7687,20231200,20240100,20240100
2023-12-05 06:00:00,0.7611,0.7623,0.7623,20231200,20240100,20240100
2023-12-06 06:00:00,0.7605,0.7618,0.7618,20231200,20240100,20240100
2023-12-07 06:00:00,0.7592,0.7606,0.7606,20240100,20240200,20240200
2023-12-08 06:00:00,0.7644,0.7659,0.7659,20240100,20240200,20240200
2023-12-11 06:00:00,0.7585,0.76,0.76,20240100,20240200,20240200
2023-12-12 06:00:00,0.765,0.7663,0.7663,20240100,20240200,20240200
2023-12-13 06:00:00,0.759,0.7604,0.7604,20240100,20240200,20240200
2023-12-14 06:00:00,0.774,0.7753,0.7753,20240100,20240200,20240200
2023-12-15 06:00:00,0.7723,0.7737,0.7737,20240100,20240200,20240200
2023-12-18 06:00:00,0.7705,0.772,0.772,20240100,20240200,20240200
2023-12-19 06:00:00,0.7656,0.7671,0.7671,20240100,20240200,20240200
2023-12-20 06:00:00,0.7693,0.7707,0.7707,20240100,20240200,20240200
2023-12-21 06:00:00,0.767,0.7684,0.7684,20240100,20240200,20240200
2023-12-22 06:00:00,0.7713,0.773,0.773,20240100,20240200,20240200
2023-12-25 06:00:00,0.7717,0.7732,0.7732,20240100,20240200,20240200
2023-12-26 06:00:00,0.7731,0.7746,0.7746,20240100,20240200,20240200
2023-12-27 06:00:00,0.7732,0.7747,0.7747,20240100,20240200,20240200
2023-12-28 06:00:00,0.7775,0.779,0.779,20240100,20240200,20240200
2023-12-29 06:00:00,0.7691,0.7709,0.7709,20240100,20240200,20240200
2024-01-02 06:00:00,0.7628,0.7642,0.7642,20240100,20240200,20240200
2024-01-03 06:00:00,0.7629,0.7644,0.7644,20240100,20240200,20240200
2024-01-04 06:00:00,0.7645,0.766,0.766,20240100,20240200,20240200
2024-01-05 06:00:00,0.7593,0.7607,0.7607,20240100,20240200,20240200
2024-01-08 06:00:00,0.7603,0.7614,0.7614,20240200,20240300,20240300
2024-01-09 06:00:00,0.7592,0.7603,0.7603,20240200,20240300,20240300
2024-01-10 06:00:00,0.7593,0.7604,0.7604,20240200,20240300,20240300
2024-01-11 06:00:00,0.7618,0.7628,0.7628,20240200,20240300,20240300
2024-01-12 06:00:00,0.7622,0.7633,0.7633,20240200,20240300,20240300
2024-01-15 06:00:00,0.7581,0.7592,0.7592,20240200,20240300,20240300
2024-01-16 06:00:00,0.7494,0.7505,0.7505,20240200,20240300,20240300
2024-01-17 06:00:00,0.7441,0.7453,0.7453,20240200,20240300,20240300
2024-01-18 06:00:00,0.7483,0.7494,0.7494,20240200,20240300,20240300
2024-01-19 06:00:00,0.7513,0.7524,0.7524,20240200,20240300,20240300
2024-01-22 06:00:00,0.7473,0.7484,0.7484,20240200,20240300,20240300
2024-01-23 06:00:00,0.7481,0.7492,0.7492,20240200,20240300,20240300
2024-01-24 06:00:00,0.7509,0.7519,0.7519,20240200,20240300,20240300
2024-01-25 06:00:00,0.7492,0.7503,0.7503,20240200,20240300,20240300
2024-01-26 06:00:00,0.7503,0.7513,0.7513,20240200,20240300,20240300
2024-01-29 06:00:00,0.749,0.75,0.75,20240200,20240300,20240300
2024-01-30 06:00:00,0.7527,0.7539,0.7539,20240200,20240300,20240300
2024-01-31 06:00:00,0.7504,0.7515,0.7515,20240200,20240300,20240300
2024-02-01 06:00:00,0.7501,0.7512,0.7512,20240200,20240300,20240300
2024-02-02 06:00:00,0.7558,0.7569,0.7569,20240200,20240300,20240300
2024-02-05 06:00:00,0.7509,0.752,0.752,20240200,20240300,20240300
2024-02-06 06:00:00,0.7525,0.7536,0.7536,20240200,20240300,20240300
2024-02-07 06:00:00,0.7551,0.7563,0.7563,20240300,20240400,20240400
2024-02-08 06:00:00,0.7527,0.7539,0.7539,20240300,20240400,20240400
2024-02-09 06:00:00,0.7525,0.7536,0.7536,20240300,20240400,20240400
2024-02-12 06:00:00,0.7536,0.7547,0.7547,20240300,20240400,20240400
2024-02-13 06:00:00,0.7534,0.7546,0.7546,20240300,20240400,20240400
2024-02-14 06:00:00,0.7504,0.7517,0.7517,20240300,20240400,20240400
2024-02-15 06:00:00,0.7515,0.7527,0.7527,20240300,20240400,20240400
2024-02-16 06:00:00,0.7511,0.7522,0.7522,20240300,20240400,20240400
2024-02-19 06:00:00,0.7502,0.7513,0.7513,20240300,20240400,20240400
2024-02-20 06:00:00,0.7506,0.7517,0.7517,20240300,20240400,20240400
2024-02-21 06:00:00,0.7503,0.7515,0.7515,20240300,20240400,20240400
2024-02-22 06:00:00,0.7551,0.7562,0.7562,20240300,20240400,20240400
2024-02-23 06:00:00,0.7519,0.7529,0.7529,20240300,20240400,20240400
2024-02-26 06:00:00,0.7518,0.7529,0.7529,20240300,20240400,20240400
2024-02-27 06:00:00,0.752,0.7531,0.7531,20240300,20240400,20240400
2024-02-28 06:00:00,0.7493,0.7503,0.7503,20240300,20240400,20240400
2024-02-29 06:00:00,0.7493,0.7503,0.7503,20240300,20240400,20240400
2024-03-01 06:00:00,0.7496,0.7507,0.7507,20240300,20240400,20240400
2024-03-04 06:00:00,0.7512,0.7523,0.7523,20240300,20240400,20240400
2024-03-05 06:00:00,0.7501,0.7512,0.7512,20240300,20240400,20240400
2024-03-06 06:00:00,0.7494,0.7505,0.7505,20240300,20240400,20240400
2024-03-07 06:00:00,0.7534,0.7547,0.7547,20240400,20240500,20240500
2024-03-08 06:00:00,0.7609,0.7624,0.7624,20240400,20240500,20240500
2024-03-11 05:00:00,0.7642,0.7657,0.7657,20240400,20240500,20240500
2024-03-12 05:00:00,0.7649,0.7663,0.7663,20240400,20240500,20240500
2024-03-13 05:00:00,0.7614,0.7628,0.7628,20240400,20240500,20240500
2024-03-14 05:00:00,0.7612,0.7626,0.7626,20240400,20240500,20240500
2024-03-15 05:00:00,0.7524,0.7538,0.7538,20240400,20240500,20240500
2024-03-18 05:00:00,0.7515,0.7529,0.7529,20240400,20240500,20240500
2024-03-19 05:00:00,0.7479,0.7493,0.7493,20240400,20240500,20240500
2024-03-20 05:00:00,0.747,0.7483,0.7483,20240400,20240500,20240500
2024-03-21 05:00:00,0.754,0.7554,0.7554,20240400,20240500,20240500
2024-03-22 05:00:00,0.7437,0.745,0.745,20240400,20240500,20240500
2024-03-25 05:00:00,0.7455,0.747,0.747,20240400,20240500,20240500
2024-03-26 05:00:00,0.7472,0.7485,0.7485,20240400,20240500,20240500
2024-03-27 05:00:00,0.7422,0.7436,0.7436,20240400,20240500,20240500
2024-03-28 05:00:00,0.7408,0.7421,0.7421,20240400,20240500,20240500
2024-03-29 05:00:00,0.7428,0.7441,0.7441,20240400,20240500,20240500
2024-04-01 05:00:00,0.741,0.7424,0.7424,20240400,20240500,20240500
2024-04-02 05:00:00,0.7406,0.7419,0.7419,20240400,20240500,20240500
2024-04-03 05:00:00,0.7412,0.7425,0.7425,20240400,20240500,20240500
2024-04-04 05:00:00,0.7424,0.7437,0.7437,20240400,20240500,20240500
2024-04-05 05:00:00,0.7405,0.7418,0.7418,20240400,20240500,20240500
2024-04-08 05:00:00,0.7388,0.7398,0.7398,20240500,20240600,20240600
2024-04-09 05:00:00,0.7401,0.7412,0.7412,20240500,20240600,20240600
2024-04-10 05:00:00,0.7413,0.7423,0.7423,20240500,20240600,20240600
2024-04-11 05:00:00,0.7319,0.7329,0.7329,20240500,20240600,20240600
2024-04-12 05:00:00,0.7257,0.7267,0.7267,20240500,20240600,20240600
2024-04-15 05:00:00,0.7242,0.7252,0.7252,20240500,20240600,20240600
2024-04-16 05:00:00,0.7195,0.7206,0.7206,20240500,20240600,20240600
2024-04-17 05:00:00,0.7238,0.7249,0.7249,20240500,20240600,20240600
2024-04-18 05:00:00,0.7288,0.7298,0.7298,20240500,20240600,20240600
2024-04-19 05:00:00,0.7259,0.7269,0.7269,20240500,20240600,20240600
2024-04-22 05:00:00,0.7254,0.7264,0.7264,20240500,20240600,20240600
2024-04-23 05:00:00,0.7264,0.7275,0.7275,20240500,20240600,20240600
2024-04-24 05:00:00,0.7285,0.7295,0.7295,20240500,20240600,20240600
2024-04-25 05:00:00,0.7285,0.7295,0.7295,20240500,20240600,20240600
2024-04-26 05:00:00,0.7272,0.7282,0.7282,20240500,20240600,20240600
2024-04-29 05:00:00,0.727,0.728,0.728,20240500,20240600,20240600
2024-04-30 05:00:00,0.7252,0.7262,0.7262,20240500,20240600,20240600
2024-05-01 05:00:00,0.7218,0.7228,0.7228,20240500,20240600,20240600
2024-05-02 05:00:00,0.7282,0.7292,0.7292,20240500,20240600,20240600
2024-05-03 05:00:00,0.7362,0.7374,0.7374,20240500,20240600,20240600
2024-05-06 05:00:00,0.7378,0.739,0.739,20240500,20240600,20240600
2024-05-07 05:00:00,0.7378,0.7389,0.7389,20240600,20240700,20240700
2024-05-08 05:00:00,0.7346,0.7356,0.7356,20240600,20240700,20240700
2024-05-09 05:00:00,0.7302,0.7313,0.7313,20240600,20240700,20240700
2024-05-10 05:00:00,0.7331,0.7342,0.7342,20240600,20240700,20240700
2024-05-13 05:00:00,0.7323,0.7335,0.7335,20240600,20240700,20240700
2024-05-14 05:00:00,0.7323,0.7335,0.7335,20240600,20240700,20240700
2024-05-15 05:00:00,0.7365,0.7376,0.7376,20240600,20240700,20240700
2024-05-16 05:00:00,0.7441,0.7451,0.7451,20240600,20240700,20240700
2024-05-17 05:00:00,0.7377,0.7388,0.7388,20240600,20240700,20240700
2024-05-20 05:00:00,0.7363,0.7375,0.7375,20240600,20240700,20240700
2024-05-21 05:00:00,0.7348,0.7359,0.7359,20240600,20240700,20240700
2024-05-22 05:00:00,0.7327,0.7338,0.7338,20240600,20240700,20240700
2024-05-23 05:00:00,0.7348,0.7359,0.7359,20240600,20240700,20240700
2024-05-24 05:00:00,0.7328,,,20240600,20240700,20240700
2024-05-27 05:00:00,0.7349,0.736,0.736,20240600,20240700,20240700
2024-05-28 05:00:00,0.7367,0.7378,0.7378,20240600,20240700,20240700
2024-05-29 05:00:00,0.7318,0.733,0.733,20240600,20240700,20240700
2024-05-30 05:00:00,0.7274,0.7285,0.7285,20240600,20240700,20240700
2024-05-31 05:00:00,0.7232,0.7243,0.7243,20240600,20240700,20240700
2024-06-03 05:00:00,0.7267,0.7278,0.7278,20240600,20240700,20240700
2024-06-04 05:00:00,0.7264,0.7275,0.7275,20240600,20240700,20240700
2024-06-05 05:00:00,0.7285,0.7296,0.7296,20240600,20240700,20240700
2024-06-06 05:00:00,0.7312,0.7323,0.7323,20240600,20240700,20240700
2024-06-07 05:00:00,0.7327,0.7341,0.7341,20240700,20240800,20240800
2024-06-10 05:00:00,0.7282,0.7297,0.7297,20240700,20240800,20240800
2024-06-11 05:00:00,0.7266,0.7279,0.7279,20240700,20240800,20240800
2024-06-12 05:00:00,0.7282,0.7296,0.7296,20240700,20240800,20240800
2024-06-13 05:00:00,0.7286,0.73,0.73,20240700,20240800,20240800
2024-06-14 05:00:00,0.7231,0.7244,0.7244,20240700,20240800,20240800
2024-06-17 05:00:00,0.7248,0.7262,0.7262,20240700,20240800,20240800
2024-06-18 05:00:00,0.7233,0.7247,0.7247,20240700,20240800,20240800
2024-06-19 05:00:00,0.7253,0.7266,0.7266,20240700,20240800,20240800
2024-06-20 05:00:00,0.722,0.7233,0.7233,20240700,20240800,20240800
2024-06-21 05:00:00,0.7203,0.7216,0.7216,20240700,20240800,20240800
2024-06-24 05:00:00,0.7212,0.7226,0.7226,20240700,20240800,20240800
2024-06-25 05:00:00,0.7193,0.7206,0.7206,20240700,20240800,20240800
2024-06-26 05:00:00,0.7187,0.7201,0.7201,20240700,20240800,20240800
2024-06-27 05:00:00,0.7217,0.7231,0.7231,20240700,20240800,20240800
2024-06-28 05:00:00,0.7257,0.7275,0.7275,20240700,20240800,20240800
2024-06-28 06:00:00,0.7259,0.7268,0.7268,20240700,20240800,20240800
2024-06-28 07:00:00,0.7257,0.7269,0.7269,20240700,20240800,20240800
2024-06-28 08:00:00,0.726,0.7274,0.7274,20240700,20240800,20240800
2024-06-28 09:00:00,0.727,0.7284,0.7284,20240700,20240800,20240800
2024-06-28 10:00:00,0.7266,0.7278,0.7278,20240700,20240800,20240800
2024-06-28 11:00:00,0.7264,,,20240700,20240800,20240800
2024-06-28 12:00:00,0.7259,0.7273,0.7273,20240700,20240800,20240800
2024-06-28 13:00:00,0.7258,,,20240700,20240800,20240800
2024-06-28 14:00:00,0.7259,0.7275,0.7275,20240700,20240800,20240800
2024-06-28 15:00:00,0.7258,0.7271,0.7271,20240700,20240800,20240800
2024-06-28 16:00:00,0.7256,0.727,0.727,20240700,20240800,20240800
2024-06-28 17:00:00,0.7256,0.727,0.727,20240700,20240800,20240800
2024-06-28 18:00:00,0.7251,0.7265,0.7265,20240700,20240800,20240800
2024-06-28 19:00:00,0.7249,,,20240700,20240800,20240800
2024-06-28 20:00:00,0.725,0.7266,0.7266,20240700,20240800,20240800
2024-06-30 23:00:00,0.7254,,,20240700,20240800,20240800
2024-07-01 00:00:00,0.7238,,,20240700,20240800,20240800
2024-07-01 01:00:00,0.7259,0.7271,0.7271,20240700,20240800,20240800
2024-07-01 02:00:00,0.726,0.727,0.727,20240700,20240800,20240800
2024-07-01 03:00:00,0.7247,,,20240700,20240800,20240800
2024-07-01 04:00:00,0.7244,,,20240700,20240800,20240800
2024-07-01 05:00:00,0.7245,0.7253,0.7253,20240700,20240800,20240800
2024-07-01 06:00:00,0.7251,0.7263,0.7263,20240700,20240800,20240800
2024-07-01 07:00:00,0.7242,0.7255,0.7255,20240700,20240800,20240800
2024-07-01 08:00:00,0.7243,0.7254,0.7254,20240700,20240800,20240800
2024-07-01 09:00:00,0.724,,,20240700,20240800,20240800
2024-07-01 10:00:00,0.7239,,,20240700,20240800,20240800
2024-07-01 11:00:00,0.7239,0.7254,0.7254,20240700,20240800,20240800
2024-07-01 12:00:00,0.7238,0.7254,0.7254,20240700,20240800,20240800
2024-07-01 13:00:00,0.7243,0.7256,0.7256,20240700,20240800,20240800
2024-07-01 14:00:00,0.7232,0.7246,0.7246,20240700,20240800,20240800
2024-07-01 15:00:00,0.7235,0.7248,0.7248,20240700,20240800,20240800
2024-07-01 16:00:00,0.7234,0.7246,0.7246,20240700,20240800,20240800
2024-07-01 18:00:00,0.7229,,,20240700,20240800,20240800
2024-07-01 19:00:00,0.723,,,20240700,20240800,20240800
2024-07-01 20:00:00,0.7229,,,20240700,20240800,20240800
2024-07-01 21:00:00,0.725,,,20240700,20240800,20240800
2024-07-01 23:00:00,0.7232,,,20240700,20240800,20240800
2024-07-02 00:00:00,0.7221,0.7235,0.7235,20240700,20240800,20240800
2024-07-02 01:00:00,0.7209,0.7226,0.7226,20240700,20240800,20240800
2024-07-02 02:00:00,0.7204,0.7218,0.7218,20240700,20240800,20240800
2024-07-02 03:00:00,0.7203,0.7217,0.7217,20240700,20240800,20240800
2024-07-02 04:00:00,0.7203,0.7217,0.7217,20240700,20240800,20240800
2024-07-02 05:00:00,0.7206,0.7219,0.7219,20240700,20240800,20240800
2024-07-02 06:00:00,0.7205,0.722,0.722,20240700,20240800,20240800
2024-07-02 07:00:00,0.7207,,,20240700,20240800,20240800
2024-07-02 08:00:00,0.7204,0.7217,0.7217,20240700,20240800,20240800
2024-07-02 09:00:00,0.7204,0.7217,0.7217,20240700,20240800,20240800
2024-07-02 10:00:00,0.7205,0.7217,0.7217,20240700,20240800,20240800
2024-07-02 11:00:00,0.721,0.7219,0.7219,20240700,20240800,20240800
2024-07-02 12:00:00,0.7216,0.7227,0.7227,20240700,20240800,20240800
2024-07-02 13:00:00,0.722,0.7231,0.7231,20240700,20240800,20240800
2024-07-02 14:00:00,0.7215,0.7232,0.7232,20240700,20240800,20240800
2024-07-02 15:00:00,0.7217,0.7231,0.7231,20240700,20240800,20240800
2024-07-02 17:00:00,0.7217,0.723,0.723,20240700,20240800,20240800
2024-07-02 18:00:00,0.7218,,,20240700,20240800,20240800
2024-07-02 19:00:00,0.722,0.7237,0.7237,20240700,20240800,20240800
2024-07-02 20:00:00,0.7223,0.7236,0.7236,20240700,20240800,20240800
2024-07-02 23:00:00,0.7224,,,20240700,20240800,20240800
2024-07-03 00:00:00,0.7208,0.7222,0.7222,20240700,20240800,20240800
2024-07-03 01:00:00,0.72,0.7219,0.7219,20240700,20240800,20240800
2024-07-03 02:00:00,0.7196,0.721,0.721,20240700,20240800,20240800
2024-07-03 03:00:00,0.7197,,,20240700,20240800,20240800
2024-07-03 04:00:00,0.7192,0.721,0.721,20240700,20240800,20240800
2024-07-03 05:00:00,0.719,0.7213,0.7213,20240700,20240800,20240800
2024-07-03 06:00:00,0.7201,0.7212,0.7212,20240700,20240800,20240800
2024-07-03 07:00:00,0.7207,0.722,0.722,20240700,20240800,20240800
2024-07-03 08:00:00,0.7202,0.7219,0.7219,20240700,20240800,20240800
2024-07-03 09:00:00,0.7201,,,20240700,20240800,20240800
2024-07-03 10:00:00,0.7201,0.7215,0.7215,20240700,20240800,20240800
2024-07-03 11:00:00,0.72,,,20240700,20240800,20240800
2024-07-03 12:00:00,0.7205,0.7219,0.7219,20240700,20240800,20240800
2024-07-03 13:00:00,0.7215,0.7229,0.7229,20240700,20240800,20240800
2024-07-03 14:00:00,0.7231,0.7246,0.7246,20240700,20240800,20240800
2024-07-03 15:00:00,0.7223,0.7237,0.7237,20240700,20240800,20240800
2024-07-03 16:00:00,0.7221,0.7234,0.7234,20240700,20240800,20240800
2024-07-03 17:00:00,0.7223,0.7233,0.7233,20240700,20240800,20240800
2024-07-03 18:00:00,0.7216,,,20240700,20240800,20240800
2024-07-03 19:00:00,0.7213,,,20240700,20240800,20240800
2024-07-04 00:00:00,0.7243,0.7255,0.7255,20240700,20240800,20240800
2024-07-04 01:00:00,0.7243,0.7259,0.7259,20240700,20240800,20240800
2024-07-04 02:00:00,0.7244,0.7254,0.7254,20240700,20240800,20240800
2024-07-04 03:00:00,0.7238,0.7252,0.7252,20240700,20240800,20240800
2024-07-04 04:00:00,0.7243,0.7254,0.7254,20240700,20240800,20240800
2024-07-04 05:00:00,0.7246,0.726,0.726,20240700,20240800,20240800
2024-07-04 06:00:00,0.7248,0.7258,0.7258,20240700,20240800,20240800
2024-07-04 07:00:00,0.7245,0.7257,0.7257,20240700,20240800,20240800
2024-07-04 08:00:00,0.7247,0.726,0.726,20240700,20240800,20240800
2024-07-04 09:00:00,0.7247,0.7261,0.7261,20240700,20240800,20240800
2024-07-04 10:00:00,0.7249,0.7261,0.7261,20240700,20240800,20240800
2024-07-04 11:00:00,0.725,,,20240700,20240800,20240800
2024-07-04 12:00:00,0.7244,0.7256,0.7256,20240700,20240800,20240800
2024-07-04 13:00:00,0.7243,,,20240700,20240800,20240800
2024-07-04 14:00:00,0.7247,0.726,0.726,20240700,20240800,20240800
2024-07-04 15:00:00,0.7249,0.7263,0.7263,20240700,20240800,20240800
2024-07-04 16:00:00,0.7249,0.7263,0.7263,20240700,20240800,20240800
2024-07-04 17:00:00,0.7243,0.7263,0.7263,20240700,20240800,20240800
2024-07-04 19:00:00,0.7244,,,20240700,20240800,20240800
2024-07-05 00:00:00,0.7262,0.7268,0.7268,20240700,20240800,20240800
2024-07-05 01:00:00,0.7268,,,20240800,20240900,20240900
2024-07-05 02:00:00,0.7265,,,20240800,20240900,20240900
2024-07-05 03:00:00,0.7272,,,20240800,20240900,20240900
2024-07-05 04:00:00,0.727,,,20240800,20240900,20240900
2024-07-05 05:00:00,0.7256,0.7266,0.7266,20240800,20240900,20240900
2024-07-05 06:00:00,0.7259,,,20240800,20240900,20240900
2024-07-05 07:00:00,0.7266,,,20240800,20240900,20240900
2024-07-05 09:00:00,0.7261,,,20240800,20240900,20240900
2024-07-05 10:00:00,0.7262,,,20240800,20240900,20240900
2024-07-05 11:00:00,0.7262,,,20240800,20240900,20240900
2024-07-05 12:00:00,0.7263,,,20240800,20240900,20240900
2024-07-05 13:00:00,0.7244,,,20240800,20240900,20240900
2024-07-05 14:00:00,0.7258,,,20240800,20240900,20240900
2024-07-05 15:00:00,0.7261,,,20240800,20240900,20240900
2024-07-05 16:00:00,0.7259,,,20240800,20240900,20240900
2024-07-05 17:00:00,0.7259,,,20240800,20240900,20240900
2024-07-05 18:00:00,0.7269,,,20240800,20240900,20240900
2024-07-05 19:00:00,0.7276,,,20240800,20240900,20240900
2024-07-05 20:00:00,0.7272,,,20240800,20240900,20240900
2024-07-07 23:00:00,0.7273,,,20240800,20240900,20240900
2024-07-08 00:00:00,0.7267,,,20240800,20240900,20240900
2024-07-08 01:00:00,0.7265,,,20240800,20240900,20240900
2024-07-08 02:00:00,0.727,,,20240800,20240900,20240900
2024-07-08 04:00:00,0.7269,,,20240800,20240900,20240900
2024-07-08 05:00:00,0.7255,0.7253,0.7253,20240800,20240900,20240900
2024-07-08 06:00:00,0.7245,,,20240800,20240900,20240900
2024-07-08 07:00:00,0.7244,,,20240800,20240900,20240900
2024-07-08 08:00:00,0.7247,,,20240800,20240900,20240900
2024-07-08 09:00:00,0.7241,,,20240800,20240900,20240900
2024-07-08 10:00:00,0.7241,,,20240800,20240900,20240900
2024-07-08 11:00:00,0.7243,,,20240800,20240900,20240900
2024-07-08 12:00:00,0.725,,,20240800,20240900,20240900
2024-07-08 13:00:00,0.7248,,,20240800,20240900,20240900
2024-07-08 14:00:00,0.725,,,20240800,20240900,20240900
2024-07-08 15:00:00,0.7245,,,20240800,20240900,20240900
2024-07-08 16:00:00,0.7248,,,20240800,20240900,20240900
2024-07-08 17:00:00,0.7245,,,20240800,20240900,20240900
2024-07-08 18:00:00,0.7243,,,20240800,20240900,20240900
2024-07-08 19:00:00,0.7236,,,20240800,20240900,20240900
2024-07-08 20:00:00,0.7233,,,20240800,20240900,20240900
2024-07-08 23:00:00,0.725,,,20240800,20240900,20240900
2024-07-09 00:00:00,0.7239,,,20240800,20240900,20240900
2024-07-09 01:00:00,0.7246,,,20240800,20240900,20240900
2024-07-09 02:00:00,0.7234,,,20240800,20240900,20240900
2024-07-09 03:00:00,0.7236,,,20240800,20240900,20240900
2024-07-09 04:00:00,0.7236,,,20240800,20240900,20240900
2024-07-09 05:00:00,0.7244,0.7254,0.7254,20240800,20240900,20240900
2024-07-09 07:00:00,0.7251,,,20240800,20240900,20240900
2024-07-09 08:00:00,0.7245,,,20240800,20240900,20240900
2024-07-09 09:00:00,0.7245,,,20240800,20240900,20240900
2024-07-09 12:00:00,0.7245,,,20240800,20240900,20240900
2024-07-09 13:00:00,0.7247,,,20240800,20240900,20240900
2024-07-09 14:00:00,0.7248,,,20240800,20240900,20240900
2024-07-09 15:00:00,0.7242,,,20240800,20240900,20240900
2024-07-09 16:00:00,0.7242,,,20240800,20240900,20240900
2024-07-09 19:00:00,0.7239,,,20240800,20240900,20240900
2024-07-09 20:00:00,0.7246,,,20240800,20240900,20240900
2024-07-10 00:00:00,0.7232,,,20240800,20240900,20240900
2024-07-10 01:00:00,0.7228,,,20240800,20240900,20240900
2024-07-10 02:00:00,0.7231,,,20240800,20240900,20240900
2024-07-10 03:00:00,0.7233,,,20240800,20240900,20240900
2024-07-10 04:00:00,0.7239,,,20240800,20240900,20240900
2024-07-10 05:00:00,0.7237,0.7246,0.7246,20240800,20240900,20240900
2024-07-10 06:00:00,0.7237,,,20240800,20240900,20240900
2024-07-10 07:00:00,0.7239,,,20240800,20240900,20240900
2024-07-10 08:00:00,0.7239,,,20240800,20240900,20240900
2024-07-10 10:00:00,0.7233,,,20240800,20240900,20240900
2024-07-10 11:00:00,0.7237,,,20240800,20240900,20240900
2024-07-10 12:00:00,0.7241,,,20240800,20240900,20240900
2024-07-10 13:00:00,0.7238,,,20240800,20240900,20240900
2024-07-10 14:00:00,0.7238,,,20240800,20240900,20240900
2024-07-10 15:00:00,0.7243,,,20240800,20240900,20240900
2024-07-10 16:00:00,0.7242,,,20240800,20240900,20240900
2024-07-10 17:00:00,0.724,,,20240800,20240900,20240900
2024-07-10 18:00:00,0.724,,,20240800,20240900,20240900
2024-07-11 00:00:00,0.7254,,,20240800,20240900,20240900
2024-07-11 01:00:00,0.7265,,,20240800,20240900,20240900
2024-07-11 02:00:00,0.7262,,,20240800,20240900,20240900
2024-07-11 03:00:00,0.7271,,,20240800,20240900,20240900
2024-07-11 04:00:00,0.7264,,,20240800,20240900,20240900
2024-07-11 05:00:00,0.7261,0.7272,0.7272,20240800,20240900,20240900
2024-07-11 06:00:00,0.7262,,,20240800,20240900,20240900
2024-07-11 07:00:00,0.7263,,,20240800,20240900,20240900
2024-07-11 08:00:00,0.7267,,,20240800,20240900,20240900
2024-07-11 09:00:00,0.7269,,,20240800,20240900,20240900
2024-07-11 10:00:00,0.7262,,,20240800,20240900,20240900
2024-07-11 11:00:00,0.7261,,,20240800,20240900,20240900
2024-07-11 12:00:00,0.7296,,,20240800,20240900,20240900
2024-07-11 13:00:00,0.73,,,20240800,20240900,20240900
2024-07-11 14:00:00,0.7299,,,20240800,20240900,20240900
2024-07-11 15:00:00,0.7304,,,20240800,20240900,20240900
2024-07-11 16:00:00,0.73,,,20240800,20240900,20240900
2024-07-11 18:00:00,0.7299,,,20240800,20240900,20240900
2024-07-11 23:00:00,0.7284,,,20240800,20240900,20240900
2024-07-12 00:00:00,0.7284,,,20240800,20240900,20240900
2024-07-12 01:00:00,0.7279,,,20240800,20240900,20240900
2024-07-12 02:00:00,0.7272,,,20240800,20240900,20240900
2024-07-12 03:00:00,0.7275,,,20240800,20240900,20240900
2024-07-12 04:00:00,0.7273,,,20240800,20240900,20240900
2024-07-12 05:00:00,0.7267,0.7292,0.7292,20240800,20240900,20240900
2024-07-12 06:00:00,0.7262,,,20240800,20240900,20240900
2024-07-12 07:00:00,0.7273,,,20240800,20240900,20240900
2024-07-12 08:00:00,0.7284,,,20240800,20240900,20240900
2024-07-12 09:00:00,0.728,,,20240800,20240900,20240900
2024-07-12 10:00:00,0.7282,,,20240800,20240900,20240900
2024-07-12 11:00:00,0.7281,,,20240800,20240900,20240900
2024-07-12 12:00:00,0.7284,,,20240800,20240900,20240900
2024-07-12 13:00:00,0.7281,,,20240800,20240900,20240900
2024-07-12 14:00:00,0.7287,0.7305,0.7305,20240800,20240900,20240900
2024-07-12 15:00:00,0.7286,,,20240800,20240900,20240900
2024-07-12 18:00:00,0.7285,,,20240800,20240900,20240900
2024-07-12 19:00:00,0.728,,,20240800,20240900,20240900
2024-07-12 20:00:00,0.7279,,,20240800,20240900,20240900
2024-07-12 21:00:00,0.728,,,20240800,20240900,20240900
2024-07-14 23:00:00,0.7269,,,20240800,20240900,20240900
2024-07-15 00:00:00,0.7258,,,20240800,20240900,20240900
2024-07-15 01:00:00,0.7249,,,20240800,20240900,20240900
2024-07-15 02:00:00,0.7246,,,20240800,20240900,20240900
2024-07-15 03:00:00,0.7246,,,20240800,20240900,20240900
2024-07-15 04:00:00,0.7246,,,20240800,20240900,20240900
2024-07-15 05:00:00,0.7246,0.7256,0.7256,20240800,20240900,20240900
2024-07-15 06:00:00,0.7246,,,20240800,20240900,20240900
2024-07-15 07:00:00,0.7245,,,20240800,20240900,20240900
2024-07-15 08:00:00,0.7252,,,20240800,20240900,20240900
2024-07-15 09:00:00,0.7249,,,20240800,20240900,20240900
2024-07-15 10:00:00,0.7247,,,20240800,20240900,20240900
2024-07-15 11:00:00,0.7247,,,20240800,20240900,20240900
2024-07-15 12:00:00,0.7245,,,20240800,20240900,20240900
2024-07-15 13:00:00,0.7242,,,20240800,20240900,20240900
2024-07-15 14:00:00,0.7243,,,20240800,20240900,20240900
2024-07-15 15:00:00,0.7244,,,20240800,20240900,20240900
2024-07-15 16:00:00,0.7243,,,20240800,20240900,20240900
2024-07-15 17:00:00,0.7236,,,20240800,20240900,20240900
2024-07-15 18:00:00,0.7233,,,20240800,20240900,20240900
2024-07-15 19:00:00,0.7231,,,20240800,20240900,20240900
2024-07-15 20:00:00,0.7231,,,20240800,20240900,20240900
2024-07-16 00:00:00,0.7223,,,20240800,20240900,20240900
2024-07-16 01:00:00,0.7227,0.724,0.724,20240800,20240900,20240900
2024-07-16 02:00:00,0.7227,0.7242,0.7242,20240800,20240900,20240900
2024-07-16 03:00:00,0.7232,0.7248,0.7248,20240800,20240900,20240900
2024-07-16 04:00:00,0.723,,,20240800,20240900,20240900
2024-07-16 05:00:00,0.7229,0.7252,0.7252,20240800,20240900,20240900
2024-07-16 06:00:00,,0.7244,0.7244,20240800,20240900,20240900
2024-07-16 07:00:00,0.724,,,20240800,20240900,20240900
2024-07-16 08:00:00,0.7238,,,20240800,20240900,20240900
2024-07-16 09:00:00,0.7246,0.7252,0.7252,20240800,20240900,20240900
2024-07-16 10:00:00,0.7243,0.7259,0.7259,20240800,20240900,20240900
2024-07-16 11:00:00,0.7243,0.7255,0.7255,20240800,20240900,20240900
2024-07-16 12:00:00,0.7228,0.7239,0.7239,20240800,20240900,20240900
2024-07-16 13:00:00,0.7234,,,20240800,20240900,20240900
2024-07-16 14:00:00,0.723,,,20240800,20240900,20240900
2024-07-16 15:00:00,0.7233,,,20240800,20240900,20240900
2024-07-16 16:00:00,0.7231,,,20240800,20240900,20240900
2024-07-16 18:00:00,0.7244,,,20240800,20240900,20240900
2024-07-16 19:00:00,0.7245,,,20240800,20240900,20240900
2024-07-16 20:00:00,0.724,,,20240800,20240900,20240900
2024-07-16 23:00:00,0.7229,,,20240800,20240900,20240900
2024-07-17 00:00:00,0.7247,,,20240800,20240900,20240900
2024-07-17 01:00:00,0.725,,,20240800,20240900,20240900
2024-07-17 02:00:00,0.7258,,,20240800,20240900,20240900
2024-07-17 03:00:00,0.7257,,,20240800,20240900,20240900
2024-07-17 04:00:00,0.7253,,,20240800,20240900,20240900
2024-07-17 05:00:00,0.726,0.7279,0.7279,20240800,20240900,20240900
2024-07-17 06:00:00,0.7252,,,20240800,20240900,20240900
2024-07-17 07:00:00,0.7261,0.7268,0.7268,20240800,20240900,20240900
2024-07-17 08:00:00,0.7279,0.7277,0.7277,20240800,20240900,20240900
2024-07-17 09:00:00,0.7278,,,20240800,20240900,20240900
2024-07-17 10:00:00,0.7266,,,20240800,20240900,20240900
2024-07-17 11:00:00,0.7264,,,20240800,20240900,20240900
2024-07-17 12:00:00,0.7263,0.7277,0.7277,20240800,20240900,20240900
2024-07-17 13:00:00,0.7267,0.7275,0.7275,20240800,20240900,20240900
2024-07-17 14:00:00,0.7255,0.7269,0.7269,20240800,20240900,20240900
2024-07-17 15:00:00,0.7253,0.7267,0.7267,20240800,20240900,20240900
2024-07-17 16:00:00,0.7253,0.7265,0.7265,20240800,20240900,20240900
2024-07-17 17:00:00,0.7255,0.7265,0.7265,20240800,20240900,20240900
2024-07-17 18:00:00,0.7257,,,20240800,20240900,20240900
2024-07-17 19:00:00,0.7257,,,20240800,20240900,20240900
2024-07-17 23:00:00,0.728,,,20240800,20240900,20240900
2024-07-18 00:00:00,0.7274,,,20240800,20240900,20240900
2024-07-18 01:00:00,0.7256,0.7275,0.7275,20240800,20240900,20240900
2024-07-18 02:00:00,0.7254,0.7266,0.7266,20240800,20240900,20240900
2024-07-18 03:00:00,0.7254,,,20240800,20240900,20240900
2024-07-18 04:00:00,0.7251,,,20240800,20240900,20240900
2024-07-18 05:00:00,0.7244,0.7254,0.7254,20240800,20240900,20240900
2024-07-18 06:00:00,0.7255,,,20240800,20240900,20240900
2024-07-18 07:00:00,0.7255,,,20240800,20240900,20240900
2024-07-18 08:00:00,0.7242,,,20240800,20240900,20240900
2024-07-18 09:00:00,0.7242,,,20240800,20240900,20240900
2024-07-18 10:00:00,0.7246,,,20240800,20240900,20240900
2024-07-18 11:00:00,0.7245,,,20240800,20240900,20240900
2024-07-18 12:00:00,0.7245,,,20240800,20240900,20240900
2024-07-18 13:00:00,0.7246,0.7259,0.7259,20240800,20240900,20240900
2024-07-18 14:00:00,0.7248,0.7258,0.7258,20240800,20240900,20240900
2024-07-18 15:00:00,0.7239,0.7251,0.7251,20240800,20240900,20240900
2024-07-18 16:00:00,0.7239,0.7253,0.7253,20240800,20240900,20240900
2024-07-18 17:00:00,0.724,0.7252,0.7252,20240800,20240900,20240900
2024-07-18 18:00:00,0.7229,0.7238,0.7238,20240800,20240900,20240900
2024-07-18 19:00:00,0.723,,,20240800,20240900,20240900
2024-07-18 20:00:00,0.723,,,20240800,20240900,20240900
2024-07-18 23:00:00,0.7226,,,20240800,20240900,20240900
2024-07-19 00:00:00,0.7228,0.724,0.724,20240800,20240900,20240900
2024-07-19 01:00:00,0.7224,0.7236,0.7236,20240800,20240900,20240900
2024-07-19 02:00:00,0.7221,0.7232,0.7232,20240800,20240900,20240900
2024-07-19 03:00:00,0.7222,,,20240800,20240900,20240900
2024-07-19 04:00:00,0.7221,,,20240800,20240900,20240900
2024-07-19 05:00:00,0.7222,0.7224,0.7224,20240800,20240900,20240900
2024-07-19 06:00:00,0.7222,,,20240800,20240900,20240900
2024-07-19 07:00:00,0.7213,,,20240800,20240900,20240900
2024-07-19 08:00:00,0.7211,,,20240800,20240900,20240900
2024-07-19 09:00:00,0.721,0.7224,0.7224,20240800,20240900,20240900
2024-07-19 10:00:00,0.721,,,20240800,20240900,20240900
2024-07-19 11:00:00,0.7217,,,20240800,20240900,20240900
2024-07-19 12:00:00,0.7214,0.7228,0.7228,20240800,20240900,20240900
2024-07-19 13:00:00,0.721,0.7224,0.7224,20240800,20240900,20240900
2024-07-19 14:00:00,0.721,0.7224,0.7224,20240800,20240900,20240900
2024-07-19 15:00:00,0.7208,0.722,0.722,20240800,20240900,20240900
2024-07-19 16:00:00,0.7205,0.7217,0.7217,20240800,20240900,20240900
2024-07-19 17:00:00,0.72,0.7212,0.7212,20240800,20240900,20240900
2024-07-19 18:00:00,0.7202,0.7214,0.7214,20240800,20240900,20240900
2024-07-19 19:00:00,0.7203,0.7217,0.7217,20240800,20240900,20240900
2024-07-19 20:00:00,0.7216,0.7212,0.7212,20240800,20240900,20240900
2024-07-19 21:00:00,0.7197,,,20240800,20240900,20240900
2024-07-22 00:00:00,0.7217,0.7226,0.7226,20240800,20240900,20240900
2024-07-22 01:00:00,0.7213,0.7225,0.7225,20240800,20240900,20240900
2024-07-22 02:00:00,0.721,0.7224,0.7224,20240800,20240900,20240900
2024-07-22 03:00:00,0.7206,,,20240800,20240900,20240900
2024-07-22 04:00:00,0.7211,,,20240800,20240900,20240900
2024-07-22 05:00:00,0.7212,0.7225,0.7225,20240800,20240900,20240900
2024-07-22 06:00:00,0.7217,0.7235,0.7235,20240800,20240900,20240900
2024-07-22 07:00:00,0.7214,,,20240800,20240900,20240900
2024-07-22 08:00:00,0.7214,,,20240800,20240900,20240900
2024-07-22 09:00:00,0.7216,,,20240800,20240900,20240900
2024-07-22 10:00:00,0.7219,,,20240800,20240900,20240900
2024-07-22 11:00:00,0.7214,,,20240800,20240900,20240900
2024-07-22 12:00:00,0.7213,,,20240800,20240900,20240900
2024-07-22 13:00:00,0.7212,0.7225,0.7225,20240800,20240900,20240900
2024-07-22 14:00:00,0.7214,,,20240800,20240900,20240900
2024-07-22 15:00:00,0.721,,,20240800,20240900,20240900
2024-07-22 16:00:00,0.7212,,,20240800,20240900,20240900
2024-07-22 17:00:00,0.7217,0.7229,0.7229,20240800,20240900,20240900
2024-07-22 18:00:00,0.7217,,,20240800,20240900,20240900
2024-07-22 19:00:00,0.7216,,,20240800,20240900,20240900
2024-07-22 20:00:00,0.7219,0.7231,0.7231,20240800,20240900,20240900
2024-07-23 00:00:00,0.7217,0.723,0.723,20240800,20240900,20240900
2024-07-23 01:00:00,0.7235,0.7245,0.7245,20240800,20240900,20240900
2024-07-23 02:00:00,0.7236,0.7248,0.7248,20240800,20240900,20240900
2024-07-23 03:00:00,0.7241,,,20240800,20240900,20240900
2024-07-23 04:00:00,0.7235,,,20240800,20240900,20240900
2024-07-23 05:00:00,0.7234,0.7232,0.7232,20240800,20240900,20240900
2024-07-23 06:00:00,0.7225,0.724,0.724,20240800,20240900,20240900
2024-07-23 07:00:00,0.7226,0.7239,0.7239,20240800,20240900,20240900
2024-07-23 08:00:00,0.7223,0.7236,0.7236,20240800,20240900,20240900
2024-07-23 09:00:00,0.7224,0.7237,0.7237,20240800,20240900,20240900
2024-07-23 10:00:00,0.7222,,,20240800,20240900,20240900
2024-07-23 11:00:00,0.7223,0.7236,0.7236,20240800,20240900,20240900
2024-07-23 12:00:00,0.7225,0.7236,0.7236,20240800,20240900,20240900
2024-07-23 13:00:00,0.7223,0.7236,0.7236,20240800,20240900,20240900
2024-07-23 14:00:00,0.7224,0.7237,0.7237,20240800,20240900,20240900
2024-07-23 15:00:00,0.7226,0.7239,0.7239,20240800,20240900,20240900
2024-07-23 16:00:00,0.7229,0.7238,0.7238,20240800,20240900,20240900
2024-07-23 17:00:00,0.7227,,,20240800,20240900,20240900
2024-07-23 18:00:00,0.7226,0.724,0.724,20240800,20240900,20240900
2024-07-23 19:00:00,0.7227,,,20240800,20240900,20240900
2024-07-24 00:00:00,0.7226,0.7231,0.7231,20240800,20240900,20240900
2024-07-24 01:00:00,0.7234,0.7246,0.7246,20240800,20240900,20240900
2024-07-24 02:00:00,0.7226,0.7246,0.7246,20240800,20240900,20240900
2024-07-24 03:00:00,0.7231,,,20240800,20240900,20240900
2024-07-24 04:00:00,0.723,,,20240800,20240900,20240900
2024-07-24 05:00:00,0.7237,0.7248,0.7248,20240800,20240900,20240900
2024-07-24 06:00:00,0.7236,0.7249,0.7249,20240800,20240900,20240900
2024-07-24 07:00:00,0.7235,0.7249,0.7249,20240800,20240900,20240900
2024-07-24 08:00:00,0.7232,0.7244,0.7244,20240800,20240900,20240900
2024-07-24 09:00:00,0.7235,0.7245,0.7245,20240800,20240900,20240900
2024-07-24 10:00:00,0.7237,,,20240800,20240900,20240900
2024-07-24 11:00:00,0.724,,,20240800,20240900,20240900
2024-07-24 12:00:00,0.7253,0.7259,0.7259,20240800,20240900,20240900
2024-07-24 13:00:00,0.7247,0.726,0.726,20240800,20240900,20240900
2024-07-24 14:00:00,0.7257,0.7269,0.7269,20240800,20240900,20240900
2024-07-24 15:00:00,0.7258,0.7271,0.7271,20240800,20240900,20240900
2024-07-24 16:00:00,0.726,0.7272,0.7272,20240800,20240900,20240900
2024-07-24 17:00:00,0.7255,0.7271,0.7271,20240800,20240900,20240900
2024-07-24 18:00:00,0.724,0.7255,0.7255,20240800,20240900,20240900
2024-07-24 19:00:00,0.7238,0.7254,0.7254,20240800,20240900,20240900
2024-07-24 20:00:00,0.7238,,,20240800,20240900,20240900
2024-07-25 00:00:00,0.7235,0.7246,0.7246,20240800,20240900,20240900
2024-07-25 01:00:00,0.7225,0.7246,0.7246,20240800,20240900,20240900
2024-07-25 02:00:00,0.7222,0.7234,0.7234,20240800,20240900,20240900
2024-07-25 03:00:00,0.722,0.7227,0.7227,20240800,20240900,20240900
2024-07-25 04:00:00,0.7223,,,20240800,20240900,20240900
2024-07-25 05:00:00,0.7252,0.7247,0.7247,20240800,20240900,20240900
2024-07-25 06:00:00,0.7229,,,20240800,20240900,20240900
2024-07-25 07:00:00,0.7247,0.7248,0.7248,20240800,20240900,20240900
2024-07-25 08:00:00,0.7244,0.7266,0.7266,20240800,20240900,20240900
2024-07-25 09:00:00,0.7252,0.7266,0.7266,20240800,20240900,20240900
2024-07-25 10:00:00,0.7256,0.7268,0.7268,20240800,20240900,20240900
2024-07-25 11:00:00,0.7252,0.7265,0.7265,20240800,20240900,20240900
2024-07-25 12:00:00,0.7242,0.7257,0.7257,20240800,20240900,20240900
2024-07-25 13:00:00,0.7236,0.7249,0.7249,20240800,20240900,20240900
2024-07-25 14:00:00,0.7244,0.7257,0.7257,20240800,20240900,20240900
2024-07-25 15:00:00,0.7235,0.7249,0.7249,20240800,20240900,20240900
2024-07-25 16:00:00,0.7238,0.7251,0.7251,20240800,20240900,20240900
2024-07-25 17:00:00,0.7238,0.7249,0.7249,20240800,20240900,20240900
2024-07-25 18:00:00,0.7235,0.7249,0.7249,20240800,20240900,20240900
2024-07-25 19:00:00,0.7235,,,20240800,20240900,20240900
2024-07-25 20:00:00,0.7232,0.725,0.725,20240800,20240900,20240900
2024-07-25 23:00:00,0.7243,0.7254,0.7254,20240800,20240900,20240900
2024-07-26 00:00:00,0.7229,0.7238,0.7238,20240800,20240900,20240900
2024-07-26 01:00:00,0.7236,0.7241,0.7241,20240800,20240900,20240900
2024-07-26 02:00:00,0.7222,,,20240800,20240900,20240900
2024-07-26 03:00:00,0.7222,0.7232,0.7232,20240800,20240900,20240900
2024-07-26 04:00:00,0.7223,,,20240800,20240900,20240900
2024-07-26 05:00:00,0.7228,0.7232,0.7232,20240800,20240900,20240900
2024-07-26 06:00:00,0.7226,,,20240800,20240900,20240900
2024-07-26 07:00:00,0.7221,,,20240800,20240900,20240900
2024-07-26 08:00:00,0.7224,,,20240800,20240900,20240900
2024-07-26 09:00:00,0.7224,0.7237,0.7237,20240800,20240900,20240900
2024-07-26 10:00:00,0.7223,0.7237,0.7237,20240800,20240900,20240900
2024-07-26 11:00:00,0.7222,0.7234,0.7234,20240800,20240900,20240900
2024-07-26 12:00:00,0.7224,0.7241,0.7241,20240800,20240900,20240900
2024-07-26 13:00:00,0.723,0.7243,0.7243,20240800,20240900,20240900
2024-07-26 14:00:00,0.7234,0.7248,0.7248,20240800,20240900,20240900
2024-07-26 15:00:00,0.7237,0.725,0.725,20240800,20240900,20240900
2024-07-26 16:00:00,0.7235,,,20240800,20240900,20240900
2024-07-26 17:00:00,0.7232,0.7246,0.7246,20240800,20240900,20240900
2024-07-26 18:00:00,0.7234,,,20240800,20240900,20240900
2024-07-26 19:00:00,0.723,0.7244,0.7244,20240800,20240900,20240900
2024-07-26 20:00:00,0.7232,0.7245,0.7245,20240800,20240900,20240900
2024-07-28 23:00:00,0.7222,,,20240800,20240900,20240900
2024-07-29 00:00:00,0.7243,0.7241,0.7241,20240800,20240900,20240900
2024-07-29 01:00:00,0.7251,,,20240800,20240900,20240900
2024-07-29 02:00:00,0.7248,0.7262,0.7262,20240800,20240900,20240900
2024-07-29 03:00:00,0.725,0.7265,0.7265,20240800,20240900,20240900
2024-07-29 04:00:00,0.7247,,,20240800,20240900,20240900
2024-07-29 05:00:00,0.7239,0.725,0.725,20240800,20240900,20240900
2024-07-29 06:00:00,0.7242,0.7254,0.7254,20240800,20240900,20240900
2024-07-29 07:00:00,0.7234,0.7246,0.7246,20240800,20240900,20240900
2024-07-29 08:00:00,0.723,0.7244,0.7244,20240800,20240900,20240900
2024-07-29 09:00:00,0.7244,,,20240800,20240900,20240900
2024-07-29 10:00:00,0.7245,,,20240800,20240900,20240900
2024-07-29 11:00:00,0.7238,,,20240800,20240900,20240900
2024-07-29 12:00:00,0.7235,0.7247,0.7247,20240800,20240900,20240900
2024-07-29 13:00:00,0.7231,0.7244,0.7244,20240800,20240900,20240900
2024-07-29 14:00:00,0.7245,0.7258,0.7258,20240800,20240900,20240900
2024-07-29 15:00:00,0.7244,0.7255,0.7255,20240800,20240900,20240900
2024-07-29 16:00:00,0.7243,,,20240800,20240900,20240900
2024-07-29 17:00:00,0.7242,0.7254,0.7254,20240800,20240900,20240900
2024-07-29 18:00:00,0.7242,,,20240800,20240900,20240900
2024-07-29 19:00:00,0.7244,,,20240800,20240900,20240900
2024-07-30 00:00:00,0.7232,0.7247,0.7247,20240800,20240900,20240900
2024-07-30 01:00:00,0.7224,0.7242,0.7242,20240800,20240900,20240900
2024-07-30 02:00:00,0.7231,,,20240800,20240900,20240900
2024-07-30 03:00:00,0.7232,0.7244,0.7244,20240800,20240900,20240900
2024-07-30 04:00:00,0.7234,,,20240800,20240900,20240900
2024-07-30 05:00:00,0.7231,0.7241,0.7241,20240800,20240900,20240900
2024-07-30 06:00:00,0.7225,0.7239,0.7239,20240800,20240900,20240900
2024-07-30 07:00:00,0.7229,0.7245,0.7245,20240800,20240900,20240900
2024-07-30 08:00:00,0.7234,0.7248,0.7248,20240800,20240900,20240900
2024-07-30 09:00:00,0.7231,,,20240800,20240900,20240900
2024-07-30 10:00:00,0.723,0.7243,0.7243,20240800,20240900,20240900
2024-07-30 11:00:00,0.7232,,,20240800,20240900,20240900
2024-07-30 12:00:00,0.7228,0.7242,0.7242,20240800,20240900,20240900
2024-07-30 13:00:00,0.723,0.7242,0.7242,20240800,20240900,20240900
2024-07-30 14:00:00,0.7228,0.724,0.724,20240800,20240900,20240900
2024-07-30 15:00:00,0.7227,0.724,0.724,20240800,20240900,20240900
2024-07-30 16:00:00,0.7229,0.7248,0.7248,20240800,20240900,20240900
2024-07-30 17:00:00,0.7232,0.724,0.724,20240800,20240900,20240900
2024-07-30 18:00:00,0.7232,0.7244,0.7244,20240800,20240900,20240900
2024-07-30 19:00:00,0.7232,,,20240800,20240900,20240900
2024-07-31 00:00:00,0.7246,0.7257,0.7257,20240800,20240900,20240900
2024-07-31 01:00:00,0.7251,0.7267,0.7267,20240800,20240900,20240900
2024-07-31 02:00:00,0.725,0.726,0.726,20240800,20240900,20240900
2024-07-31 03:00:00,0.7246,0.726,0.726,20240800,20240900,20240900
2024-07-31 04:00:00,0.7263,0.7269,0.7269,20240800,20240900,20240900
2024-07-31 05:00:00,0.7263,0.7276,0.7276,20240800,20240900,20240900
2024-07-31 06:00:00,0.7274,0.7285,0.7285,20240800,20240900,20240900
2024-07-31 07:00:00,0.7286,0.73,0.73,20240800,20240900,20240900
2024-07-31 08:00:00,0.7278,0.7288,0.7288,20240800,20240900,20240900
2024-07-31 09:00:00,0.7297,0.7308,0.7308,20240800,20240900,20240900
2024-07-31 10:00:00,0.7294,0.7305,0.7305,20240800,20240900,20240900
2024-07-31 11:00:00,0.7293,0.7306,0.7306,20240800,20240900,20240900
2024-07-31 12:00:00,0.729,0.7303,0.7303,20240800,20240900,20240900
2024-07-31 13:00:00,0.7308,0.7319,0.7319,20240800,20240900,20240900
2024-07-31 14:00:00,0.7298,0.731,0.731,20240800,20240900,20240900
2024-07-31 15:00:00,0.731,0.7324,0.7324,20240800,20240900,20240900
2024-07-31 16:00:00,0.7298,0.7311,0.7311,20240800,20240900,20240900
2024-07-31 17:00:00,0.7293,0.7308,0.7308,20240800,20240900,20240900
2024-07-31 18:00:00,0.7308,0.7317,0.7317,20240800,20240900,20240900
2024-07-31 19:00:00,0.731,0.7327,0.7327,20240800,20240900,20240900
2024-07-31 20:00:00,0.7308,0.7321,0.7321,20240800,20240900,20240900
2024-07-31 23:00:00,0.7314,,,20240800,20240900,20240900
2024-08-01 00:00:00,0.7311,0.7323,0.7323,20240800,20240900,20240900
2024-08-01 01:00:00,0.732,0.7339,0.7339,20240800,20240900,20240900
2024-08-01 02:00:00,0.7329,0.7344,0.7344,20240800,20240900,20240900
2024-08-01 03:00:00,0.7343,0.7354,0.7354,20240800,20240900,20240900
2024-08-01 04:00:00,0.7339,0.7357,0.7357,20240800,20240900,20240900
2024-08-01 05:00:00,0.7325,0.7336,0.7336,20240800,20240900,20240900
2024-08-01 06:00:00,0.733,0.7335,0.7335,20240800,20240900,20240900
2024-08-01 07:00:00,0.7323,0.7336,0.7336,20240800,20240900,20240900
2024-08-01 08:00:00,0.7319,0.7332,0.7332,20240800,20240900,20240900
2024-08-01 09:00:00,0.7321,0.7333,0.7333,20240800,20240900,20240900
2024-08-01 10:00:00,0.7321,0.7334,0.7334,20240800,20240900,20240900
2024-08-01 11:00:00,0.7325,0.7339,0.7339,20240800,20240900,20240900
2024-08-01 12:00:00,0.7329,0.7342,0.7342,20240800,20240900,20240900
2024-08-01 13:00:00,0.7328,0.7341,0.7341,20240800,20240900,20240900
2024-08-01 14:00:00,0.7328,0.7339,0.7339,20240800,20240900,20240900
2024-08-01 15:00:00,0.7312,0.7324,0.7324,20240800,20240900,20240900
2024-08-01 16:00:00,0.7309,0.7323,0.7323,20240800,20240900,20240900
2024-08-01 17:00:00,0.7307,0.7319,0.7319,20240800,20240900,20240900
2024-08-01 18:00:00,0.7303,0.7314,0.7314,20240800,20240900,20240900
2024-08-01 19:00:00,0.731,,,20240800,20240900,20240900
2024-08-01 20:00:00,0.7309,,,20240800,20240900,20240900
2024-08-01 23:00:00,0.7296,,,20240800,20240900,20240900
2024-08-02 00:00:00,0.7279,0.7296,0.7296,20240800,20240900,20240900
2024-08-02 01:00:00,0.7276,0.7283,0.7283,20240800,20240900,20240900
2024-08-02 02:00:00,0.7285,0.7286,0.7286,20240800,20240900,20240900
2024-08-02 03:00:00,0.7291,0.7299,0.7299,20240800,20240900,20240900
2024-08-02 04:00:00,0.7301,0.7309,0.7309,20240800,20240900,20240900
2024-08-02 05:00:00,0.7313,0.7323,0.7323,20240800,20240900,20240900
2024-08-02 06:00:00,0.7302,0.7312,0.7312,20240800,20240900,20240900
2024-08-02 07:00:00,0.7306,0.7317,0.7317,20240800,20240900,20240900
2024-08-02 08:00:00,0.7327,0.734,0.734,20240800,20240900,20240900
2024-08-02 09:00:00,0.7324,0.7334,0.7334,20240800,20240900,20240900
2024-08-02 10:00:00,0.7325,0.7337,0.7337,20240800,20240900,20240900
2024-08-02 11:00:00,0.7324,0.7337,0.7337,20240800,20240900,20240900
2024-08-02 12:00:00,0.7357,0.7368,0.7368,20240800,20240900,20240900
2024-08-02 13:00:00,0.7366,0.7378,0.7378,20240800,20240900,20240900
2024-08-02 14:00:00,0.737,0.7384,0.7384,20240800,20240900,20240900
2024-08-02 15:00:00,0.7362,0.7374,0.7374,20240800,20240900,20240900
2024-08-02 16:00:00,0.7357,0.7372,0.7372,20240800,20240900,20240900
2024-08-02 17:00:00,0.736,0.7373,0.7373,20240800,20240900,20240900
2024-08-02 18:00:00,0.7365,0.7378,0.7378,20240800,20240900,20240900
2024-08-02 19:00:00,0.7366,0.7379,0.7379,20240800,20240900,20240900
2024-08-02 20:00:00,0.7373,0.7386,0.7386,20240800,20240900,20240900
2024-08-02 21:00:00,0.7388,0.7442,0.7442,20240800,20240900,20240900
2024-08-05 00:00:00,0.7342,0.7355,0.7355,20240800,20240900,20240900
2024-08-05 01:00:00,0.7372,0.7386,0.7386,20240800,20240900,20240900
2024-08-05 02:00:00,0.7365,0.7379,0.7379,20240800,20240900,20240900
2024-08-05 03:00:00,0.7362,0.7378,0.7378,20240800,20240900,20240900
2024-08-05 04:00:00,0.7376,0.7389,0.7389,20240800,20240900,20240900
2024-08-05 05:00:00,0.7341,0.7352,0.7352,20240800,20240900,20240900
2024-08-05 06:00:00,0.729,0.7299,0.7299,20240800,20240900,20240900
2024-08-05 07:00:00,0.7313,0.7324,0.7324,20240800,20240900,20240900
2024-08-05 08:00:00,0.7334,0.7346,0.7346,20240800,20240900,20240900
2024-08-05 09:00:00,0.7333,0.7346,0.7346,20240800,20240900,20240900
2024-08-05 10:00:00,0.7328,0.7339,0.7339,20240800,20240900,20240900
2024-08-05 11:00:00,0.7341,0.7351,0.7351,20240800,20240900,20240900
2024-08-05 12:00:00,0.7327,0.734,0.734,20240800,20240900,20240900
2024-08-05 13:00:00,0.7329,0.7338,0.7338,20240800,20240900,20240900
2024-08-05 14:00:00,0.7317,0.7332,0.7332,20240800,20240900,20240900
2024-08-05 15:00:00,0.7317,0.7329,0.7329,20240800,20240900,20240900
2024-08-05 16:00:00,0.7306,0.7315,0.7315,20240800,20240900,20240900
2024-08-05 17:00:00,0.7311,0.7324,0.7324,20240800,20240900,20240900
2024-08-05 18:00:00,0.731,0.7322,0.7322,20240800,20240900,20240900
2024-08-05 19:00:00,0.7313,,,20240800,20240900,20240900
2024-08-05 20:00:00,0.7318,,,20240800,20240900,20240900
2024-08-05 23:00:00,0.7298,,,20240800,20240900,20240900
2024-08-06 00:00:00,0.7314,0.733,0.733,20240800,20240900,20240900
2024-08-06 01:00:00,0.7304,,,20240900,20241000,20241000
2024-08-06 02:00:00,0.7307,,,20240900,20241000,20241000
2024-08-06 03:00:00,0.7305,,,20240900,20241000,20241000
2024-08-06 04:00:00,0.7296,,,20240900,20241000,20241000
2024-08-06 05:00:00,0.7267,0.7283,0.7283,20240900,20241000,20241000
2024-08-06 06:00:00,0.7283,,,20240900,20241000,20241000
2024-08-06 07:00:00,0.7285,,,20240900,20241000,20241000
2024-08-06 08:00:00,0.7282,,,20240900,20241000,20241000
2024-08-06 09:00:00,0.7267,,,20240900,20241000,20241000
2024-08-06 10:00:00,0.727,,,20240900,20241000,20241000
2024-08-06 11:00:00,0.7272,,,20240900,20241000,20241000
2024-08-06 13:00:00,0.7277,,,20240900,20241000,20241000
2024-08-06 14:00:00,0.7278,,,20240900,20241000,20241000
2024-08-06 15:00:00,0.7275,,,20240900,20241000,20241000
2024-08-06 16:00:00,0.7278,,,20240900,20241000,20241000
2024-08-06 17:00:00,0.7276,,,20240900,20241000,20241000
2024-08-06 18:00:00,0.7284,,,20240900,20241000,20241000
2024-08-06 19:00:00,0.7282,,,20240900,20241000,20241000
2024-08-07 00:00:00,0.7281,,,20240900,20241000,20241000
2024-08-07 01:00:00,0.7285,,,20240900,20241000,20241000
2024-08-07 02:00:00,0.7289,,,20240900,20241000,20241000
2024-08-07 03:00:00,0.7285,,,20240900,20241000,20241000
2024-08-07 04:00:00,0.728,,,20240900,20241000,20241000
2024-08-07 05:00:00,0.7288,0.7305,0.7305,20240900,20241000,20241000
2024-08-07 06:00:00,0.7292,,,20240900,20241000,20241000
2024-08-07 07:00:00,0.7293,,,20240900,20241000,20241000
2024-08-07 08:00:00,0.7294,,,20240900,20241000,20241000
2024-08-07 09:00:00,0.7286,,,20240900,20241000,20241000
2024-08-07 10:00:00,0.7292,,,20240900,20241000,20241000
2024-08-07 11:00:00,0.729,,,20240900,20241000,20241000
2024-08-07 12:00:00,0.7288,,,20240900,20241000,20241000
2024-08-07 13:00:00,0.7293,,,20240900,20241000,20241000
2024-08-07 14:00:00,0.7296,,,20240900,20241000,20241000
2024-08-07 15:00:00,0.7289,,,20240900,20241000,20241000
2024-08-07 16:00:00,0.7287,,,20240900,20241000,20241000
2024-08-08 00:00:00,0.7268,,,20240900,20241000,20241000
2024-08-08 01:00:00,0.7265,,,20240900,20241000,20241000
2024-08-08 02:00:00,0.7275,,,20240900,20241000,20241000
2024-08-08 03:00:00,0.7286,,,20240900,20241000,20241000
2024-08-08 04:00:00,0.7276,,,20240900,20241000,20241000
2024-08-08 05:00:00,0.7283,0.73,0.73,20240900,20241000,20241000
2024-08-08 06:00:00,0.7277,,,20240900,20241000,20241000
2024-08-08 07:00:00,0.7288,,,20240900,20241000,20241000
2024-08-08 08:00:00,0.7287,,,20240900,20241000,20241000
2024-08-08 09:00:00,0.728,,,20240900,20241000,20241000
2024-08-08 10:00:00,0.728,,,20240900,20241000,20241000
2024-08-08 11:00:00,0.7284,,,20240900,20241000,20241000
2024-08-08 12:00:00,0.7268,,,20240900,20241000,20241000
2024-08-08 13:00:00,0.727,,,20240900,20241000,20241000
2024-08-08 14:00:00,0.7274,,,20240900,20241000,20241000
2024-08-08 15:00:00,0.7278,,,20240900,20241000,20241000
2024-08-08 16:00:00,0.728,,,20240900,20241000,20241000
2024-08-08 17:00:00,0.7284,,,20240900,20241000,20241000
2024-08-08 18:00:00,0.7289,,,20240900,20241000,20241000
2024-08-08 19:00:00,0.7288,,,20240900,20241000,20241000
2024-08-08 20:00:00,0.7293,,,20240900,20241000,20241000
2024-08-09 00:00:00,0.728,,,20240900,20241000,20241000
2024-08-09 01:00:00,0.7286,,,20240900,20241000,20241000
2024-08-09 02:00:00,0.7326,,,20240900,20241000,20241000
2024-08-09 03:00:00,0.7354,,,20240900,20241000,20241000
2024-08-09 04:00:00,0.7352,,,20240900,20241000,20241000
2024-08-09 05:00:00,0.7332,0.7349,0.7349,20240900,20241000,20241000
2024-08-09 06:00:00,0.7356,,,20240900,20241000,20241000
2024-08-09 07:00:00,0.7338,,,20240900,20241000,20241000
2024-08-09 08:00:00,0.7345,,,20240900,20241000,20241000
2024-08-09 09:00:00,0.7336,,,20240900,20241000,20241000
2024-08-09 10:00:00,0.7333,,,20240900,20241000,20241000
2024-08-09 11:00:00,0.7338,,,20240900,20241000,20241000
2024-08-09 12:00:00,0.7334,,,20240900,20241000,20241000
2024-08-09 13:00:00,0.7341,,,20240900,20241000,20241000
2024-08-09 14:00:00,0.7343,,,20240900,20241000,20241000
2024-08-09 15:00:00,0.7348,,,20240900,20241000,20241000
2024-08-09 16:00:00,0.7343,,,20240900,20241000,20241000
2024-08-09 17:00:00,0.7345,,,20240900,20241000,20241000
2024-08-09 18:00:00,0.7345,,,20240900,20241000,20241000
2024-08-09 20:00:00,0.7354,,,20240900,20241000,20241000
2024-08-12 00:00:00,0.7346,,,20240900,20241000,20241000
2024-08-12 01:00:00,0.7336,,,20240900,20241000,20241000
2024-08-12 02:00:00,0.7329,,,20240900,20241000,20241000
2024-08-12 03:00:00,0.7317,,,20240900,20241000,20241000
2024-08-12 04:00:00,0.7306,,,20240900,20241000,20241000
2024-08-12 05:00:00,0.7304,0.7323,0.7323,20240900,20241000,20241000
2024-08-12 06:00:00,0.7308,,,20240900,20241000,20241000
2024-08-12 07:00:00,0.7316,,,20240900,20241000,20241000
2024-08-12 08:00:00,0.7309,,,20240900,20241000,20241000
2024-08-12 09:00:00,0.7311,,,20240900,20241000,20241000
2024-08-12 10:00:00,0.7309,,,20240900,20241000,20241000
2024-08-12 11:00:00,0.7307,,,20240900,20241000,20241000
2024-08-12 12:00:00,0.7308,,,20240900,20241000,20241000
2024-08-12 13:00:00,0.731,,,20240900,20241000,20241000
2024-08-12 14:00:00,0.7313,,,20240900,20241000,20241000
2024-08-12 15:00:00,0.7314,,,20240900,20241000,20241000
2024-08-12 16:00:00,0.7317,,,20240900,20241000,20241000
2024-08-12 17:00:00,0.7313,,,20240900,20241000,20241000
2024-08-12 18:00:00,0.7313,,,20240900,20241000,20241000
2024-08-12 20:00:00,0.7312,,,20240900,20241000,20241000
2024-08-12 23:00:00,0.7308,,,20240900,20241000,20241000
2024-08-13 00:00:00,0.7315,,,20240900,20241000,20241000
2024-08-13 01:00:00,0.7308,,,20240900,20241000,20241000
2024-08-13 03:00:00,0.7318,,,20240900,20241000,20241000
2024-08-13 04:00:00,0.7315,,,20240900,20241000,20241000
2024-08-13 05:00:00,0.7315,0.7323,0.7323,20240900,20241000,20241000
2024-08-13 06:00:00,0.7316,,,20240900,20241000,20241000
2024-08-13 07:00:00,0.7313,,,20240900,20241000,20241000
2024-08-13 08:00:00,0.7311,,,20240900,20241000,20241000
2024-08-13 09:00:00,0.7306,,,20240900,20241000,20241000
2024-08-13 10:00:00,0.7302,,,20240900,20241000,20241000
2024-08-13 11:00:00,0.7307,,,20240900,20241000,20241000
2024-08-13 12:00:00,0.732,,,20240900,20241000,20241000
2024-08-13 13:00:00,0.7327,,,20240900,20241000,20241000
2024-08-13 14:00:00,0.7325,,,20240900,20241000,20241000
2024-08-13 15:00:00,0.7327,,,20240900,20241000,20241000
2024-08-13 16:00:00,0.733,,,20240900,20241000,20241000
2024-08-13 18:00:00,0.735,,,20240900,20241000,20241000
2024-08-13 19:00:00,0.7348,,,20240900,20241000,20241000
2024-08-13 23:00:00,0.7321,,,20240900,20241000,20241000
2024-08-14 00:00:00,0.7354,,,20240900,20241000,20241000
2024-08-14 01:00:00,0.736,,,20240900,20241000,20241000
2024-08-14 02:00:00,0.7364,,,20240900,20241000,20241000
2024-08-14 03:00:00,0.7363,,,20240900,20241000,20241000
2024-08-14 04:00:00,0.7363,,,20240900,20241000,20241000
2024-08-14 05:00:00,0.739,0.7407,0.7407,20240900,20241000,20241000
2024-08-14 06:00:00,0.7365,,,20240900,20241000,20241000
2024-08-14 07:00:00,0.7383,,,20240900,20241000,20241000
2024-08-14 08:00:00,0.7387,,,20240900,20241000,20241000
2024-08-14 09:00:00,0.7389,,,20240900,20241000,20241000
2024-08-14 10:00:00,0.7398,,,20240900,20241000,20241000
2024-08-14 11:00:00,0.7389,,,20240900,20241000,20241000
2024-08-14 12:00:00,0.7384,,,20240900,20241000,20241000
2024-08-14 13:00:00,0.7396,,,20240900,20241000,20241000
2024-08-14 14:00:00,0.7396,,,20240900,20241000,20241000
2024-08-14 15:00:00,0.7387,,,20240900,20241000,20241000
2024-08-14 16:00:00,0.7379,,,20240900,20241000,20241000
2024-08-14 17:00:00,0.7379,,,20240900,20241000,20241000
2024-08-14 18:00:00,0.7379,,,20240900,20241000,20241000
2024-08-14 19:00:00,0.7372,,,20240900,20241000,20241000
2024-08-15 00:00:00,0.7376,,,20240900,20241000,20241000
2024-08-15 01:00:00,0.7369,,,20240900,20241000,20241000
2024-08-15 02:00:00,0.7378,,,20240900,20241000,20241000
2024-08-15 03:00:00,0.7377,,,20240900,20241000,20241000
2024-08-15 04:00:00,0.7392,,,20240900,20241000,20241000
2024-08-15 05:00:00,0.7377,0.7393,0.7393,20240900,20241000,20241000
2024-08-15 06:00:00,0.7384,,,20240900,20241000,20241000
2024-08-15 07:00:00,0.7386,,,20240900,20241000,20241000
2024-08-15 08:00:00,0.7376,,,20240900,20241000,20241000
2024-08-15 09:00:00,0.7376,,,20240900,20241000,20241000
2024-08-15 10:00:00,0.738,,,20240900,20241000,20241000
2024-08-15 11:00:00,0.7374,,,20240900,20241000,20241000
2024-08-15 12:00:00,0.7327,,,20240900,20241000,20241000
2024-08-15 13:00:00,0.7338,,,20240900,20241000,20241000
2024-08-15 14:00:00,0.7347,,,20240900,20241000,20241000
2024-08-15 15:00:00,0.7346,,,20240900,20241000,20241000
2024-08-15 16:00:00,0.7333,,,20240900,20241000,20241000
2024-08-15 17:00:00,0.7336,,,20240900,20241000,20241000
2024-08-15 18:00:00,0.7335,,,20240900,20241000,20241000
2024-08-15 20:00:00,0.7335,,,20240900,20241000,20241000
2024-08-16 00:00:00,0.7355,,,20240900,20241000,20241000
2024-08-16 01:00:00,0.7372,,,20240900,20241000,20241000
2024-08-16 02:00:00,0.7375,,,20240900,20241000,20241000
2024-08-16 03:00:00,0.7366,,,20240900,20241000,20241000
2024-08-16 04:00:00,0.7371,,,20240900,20241000,20241000
2024-08-16 05:00:00,0.7376,0.74,0.74,20240900,20241000,20241000
2024-08-16 06:00:00,0.737,,,20240900,20241000,20241000
2024-08-16 07:00:00,0.7386,,,20240900,20241000,20241000
2024-08-16 08:00:00,0.7388,,,20240900,20241000,20241000
2024-08-16 09:00:00,0.7388,,,20240900,20241000,20241000
2024-08-16 10:00:00,0.7388,,,20240900,20241000,20241000
2024-08-16 11:00:00,0.7388,,,20240900,20241000,20241000
2024-08-16 12:00:00,0.7387,,,20240900,20241000,20241000
2024-08-16 13:00:00,0.7396,,,20240900,20241000,20241000
2024-08-16 14:00:00,0.739,,,20240900,20241000,20241000
2024-08-16 15:00:00,0.7394,,,20240900,20241000,20241000
2024-08-16 16:00:00,0.7417,,,20240900,20241000,20241000
2024-08-16 17:00:00,0.7412,,,20240900,20241000,20241000
2024-08-16 18:00:00,0.7422,,,20240900,20241000,20241000
2024-08-16 19:00:00,0.7418,,,20240900,20241000,20241000
2024-08-16 20:00:00,0.7423,,,20240900,20241000,20241000
2024-08-19 00:00:00,0.7449,,,20240900,20241000,20241000
2024-08-19 01:00:00,0.7484,0.7447,0.7447,20240900,20241000,20241000
2024-08-19 02:00:00,0.7496,,,20240900,20241000,20241000
2024-08-19 03:00:00,0.7516,,,20240900,20241000,20241000
2024-08-19 04:00:00,0.7515,,,20240900,20241000,20241000
2024-08-19 05:00:00,0.7486,0.7504,0.7504,20240900,20241000,20241000
2024-08-19 06:00:00,0.7493,,,20240900,20241000,20241000
2024-08-19 07:00:00,0.7501,0.7495,0.7495,20240900,20241000,20241000
2024-08-19 08:00:00,0.7492,,,20240900,20241000,20241000
2024-08-19 09:00:00,0.7493,,,20240900,20241000,20241000
2024-08-19 10:00:00,0.749,,,20240900,20241000,20241000
2024-08-19 11:00:00,0.7495,,,20240900,20241000,20241000
2024-08-19 12:00:00,0.7496,,,20240900,20241000,20241000
2024-08-19 13:00:00,0.7501,,,20240900,20241000,20241000
2024-08-19 14:00:00,0.7516,,,20240900,20241000,20241000
2024-08-19 15:00:00,0.7505,,,20240900,20241000,20241000
2024-08-19 16:00:00,0.7509,,,20240900,20241000,20241000
2024-08-19 17:00:00,0.7519,,,20240900,20241000,20241000
2024-08-19 18:00:00,0.7528,,,20240900,20241000,20241000
2024-08-19 19:00:00,0.7527,,,20240900,20241000,20241000
2024-08-20 00:00:00,0.7527,0.7536,0.7536,20240900,20241000,20241000
2024-08-20 01:00:00,0.7544,0.7564,0.7564,20240900,20241000,20241000
2024-08-20 02:00:00,0.7502,0.7516,0.7516,20240900,20241000,20241000
2024-08-20 03:00:00,0.7515,0.7533,0.7533,20240900,20241000,20241000
2024-08-20 04:00:00,0.7521,0.7526,0.7526,20240900,20241000,20241000
2024-08-20 05:00:00,0.7504,0.7524,0.7524,20240900,20241000,20241000
2024-08-20 06:00:00,0.7516,0.7532,0.7532,20240900,20241000,20241000
2024-08-20 07:00:00,0.7521,0.7537,0.7537,20240900,20241000,20241000
2024-08-20 08:00:00,0.7521,0.7542,0.7542,20240900,20241000,20241000
2024-08-20 09:00:00,0.7516,0.753,0.753,20240900,20241000,20241000
2024-08-20 10:00:00,0.7514,0.7529,0.7529,20240900,20241000,20241000
2024-08-20 11:00:00,0.7511,0.7522,0.7522,20240900,20241000,20241000
2024-08-20 12:00:00,0.7522,0.7531,0.7531,20240900,20241000,20241000
2024-08-20 13:00:00,0.7518,0.7533,0.7533,20240900,20241000,20241000
2024-08-20 14:00:00,0.7524,0.7537,0.7537,20240900,20241000,20241000
2024-08-20 15:00:00,0.752,0.7535,0.7535,20240900,20241000,20241000
2024-08-20 16:00:00,0.7529,0.7544,0.7544,20240900,20241000,20241000
2024-08-20 17:00:00,0.7532,0.7546,0.7546,20240900,20241000,20241000
2024-08-20 18:00:00,0.7536,0.755,0.755,20240900,20241000,20241000
2024-08-20 19:00:00,0.7543,0.7553,0.7553,20240900,20241000,20241000
2024-08-21 00:00:00,0.7536,0.7552,0.7552,20240900,20241000,20241000
2024-08-21 01:00:00,0.7521,0.7537,0.7537,20240900,20241000,20241000
2024-08-21 02:00:00,0.7521,0.7535,0.7535,20240900,20241000,20241000
2024-08-21 03:00:00,0.7512,0.7525,0.7525,20240900,20241000,20241000
2024-08-21 04:00:00,0.7505,0.7518,0.7518,20240900,20241000,20241000
2024-08-21 05:00:00,0.7489,0.7507,0.7507,20240900,20241000,20241000
2024-08-21 06:00:00,0.7495,0.7506,0.7506,20240900,20241000,20241000
2024-08-21 07:00:00,0.7479,0.7497,0.7497,20240900,20241000,20241000
2024-08-21 08:00:00,0.7483,0.7496,0.7496,20240900,20241000,20241000
2024-08-21 09:00:00,0.748,0.7492,0.7492,20240900,20241000,20241000
2024-08-21 10:00:00,0.7489,0.7501,0.7501,20240900,20241000,20241000
2024-08-21 11:00:00,0.7496,0.7509,0.7509,20240900,20241000,20241000
2024-08-21 12:00:00,0.7501,0.7516,0.7516,20240900,20241000,20241000
2024-08-21 13:00:00,0.7499,0.7512,0.7512,20240900,20241000,20241000
2024-08-21 14:00:00,0.75,0.7514,0.7514,20240900,20241000,20241000
2024-08-21 15:00:00,0.7514,0.7528,0.7528,20240900,20241000,20241000
2024-08-21 16:00:00,0.7511,0.7523,0.7523,20240900,20241000,20241000
2024-08-21 17:00:00,0.7517,0.7531,0.7531,20240900,20241000,20241000
2024-08-21 18:00:00,0.7523,0.7541,0.7541,20240900,20241000,20241000
2024-08-21 19:00:00,0.7512,0.7537,0.7537,20240900,20241000,20241000
2024-08-21 20:00:00,0.7513,,,20240900,20241000,20241000
2024-08-21 23:00:00,0.7547,,,20240900,20241000,20241000
2024-08-22 00:00:00,0.7511,0.753,0.753,20240900,20241000,20241000
2024-08-22 01:00:00,0.7489,0.7515,0.7515,20240900,20241000,20241000
2024-08-22 02:00:00,0.7484,0.7503,0.7503,20240900,20241000,20241000
2024-08-22 03:00:00,0.7497,0.7514,0.7514,20240900,20241000,20241000
2024-08-22 04:00:00,0.7496,0.751,0.751,20240900,20241000,20241000
2024-08-22 05:00:00,0.7485,0.7513,0.7513,20240900,20241000,20241000
2024-08-22 06:00:00,0.7501,0.7511,0.7511,20240900,20241000,20241000
2024-08-22 07:00:00,0.7499,0.7508,0.7508,20240900,20241000,20241000
2024-08-22 08:00:00,0.749,0.7508,0.7508,20240900,20241000,20241000
2024-08-22 09:00:00,0.7496,,,20240900,20241000,20241000
2024-08-22 10:00:00,0.7495,0.7509,0.7509,20240900,20241000,20241000
2024-08-22 11:00:00,0.7483,0.7505,0.7505,20240900,20241000,20241000
2024-08-22 12:00:00,0.7488,0.7503,0.7503,20240900,20241000,20241000
2024-08-22 13:00:00,0.7472,0.7486,0.7486,20240900,20241000,20241000
2024-08-22 14:00:00,0.7465,0.7478,0.7478,20240900,20241000,20241000
2024-08-22 15:00:00,0.7457,0.7472,0.7472,20240900,20241000,20241000
2024-08-22 16:00:00,0.7458,0.7471,0.7471,20240900,20241000,20241000
2024-08-22 17:00:00,0.7455,0.7467,0.7467,20240900,20241000,20241000
2024-08-22 18:00:00,0.7468,0.7482,0.7482,20240900,20241000,20241000
2024-08-22 19:00:00,0.7467,,,20240900,20241000,20241000
2024-08-22 20:00:00,0.7454,0.7469,0.7469,20240900,20241000,20241000
2024-08-23 00:00:00,0.7471,0.7492,0.7492,20240900,20241000,20241000
2024-08-23 01:00:00,0.748,0.7487,0.7487,20240900,20241000,20241000
2024-08-23 02:00:00,0.7479,0.7487,0.7487,20240900,20241000,20241000
2024-08-23 03:00:00,0.7479,0.75,0.75,20240900,20241000,20241000
2024-08-23 04:00:00,0.7478,0.7497,0.7497,20240900,20241000,20241000
2024-08-23 05:00:00,0.7484,0.7502,0.7502,20240900,20241000,20241000
2024-08-23 06:00:00,0.7495,0.7509,0.7509,20240900,20241000,20241000
2024-08-23 07:00:00,0.749,0.7504,0.7504,20240900,20241000,20241000
2024-08-23 08:00:00,0.7491,0.7505,0.7505,20240900,20241000,20241000
2024-08-23 09:00:00,0.7492,0.7505,0.7505,20240900,20241000,20241000
2024-08-23 10:00:00,0.749,,,20240900,20241000,20241000
2024-08-23 11:00:00,0.7491,,,20240900,20241000,20241000
2024-08-23 12:00:00,0.7488,0.7502,0.7502,20240900,20241000,20241000
2024-08-23 13:00:00,0.7486,0.7498,0.7498,20240900,20241000,20241000
2024-08-23 14:00:00,0.7535,0.7549,0.7549,20240900,20241000,20241000
2024-08-23 15:00:00,0.7543,0.7557,0.7557,20240900,20241000,20241000
2024-08-23 16:00:00,0.7546,0.7557,0.7557,20240900,20241000,20241000
2024-08-23 17:00:00,0.7561,0.7573,0.7573,20240900,20241000,20241000
2024-08-23 18:00:00,0.7562,0.7579,0.7579,20240900,20241000,20241000
2024-08-23 19:00:00,0.7563,0.7585,0.7585,20240900,20241000,20241000
2024-08-23 20:00:00,0.7569,0.7584,0.7584,20240900,20241000,20241000
2024-08-23 21:00:00,0.7617,,,20240900,20241000,20241000
2024-08-26 00:00:00,0.7575,0.7592,0.7592,20240900,20241000,20241000
2024-08-26 01:00:00,0.7577,0.7591,0.7591,20240900,20241000,20241000
2024-08-26 02:00:00,0.7569,0.7601,0.7601,20240900,20241000,20241000
2024-08-26 03:00:00,0.7551,0.7563,0.7563,20240900,20241000,20241000
2024-08-26 04:00:00,0.755,,,20240900,20241000,20241000
2024-08-26 05:00:00,0.7551,0.7564,0.7564,20240900,20241000,20241000
2024-08-26 06:00:00,0.7556,0.7575,0.7575,20240900,20241000,20241000
2024-08-26 07:00:00,0.7556,0.758,0.758,20240900,20241000,20241000
2024-08-26 08:00:00,0.7558,0.7573,0.7573,20240900,20241000,20241000
2024-08-26 09:00:00,0.7559,0.7574,0.7574,20240900,20241000,20241000
2024-08-26 10:00:00,0.7558,0.7573,0.7573,20240900,20241000,20241000
2024-08-26 11:00:00,0.7553,0.7565,0.7565,20240900,20241000,20241000
2024-08-26 12:00:00,0.7551,0.7566,0.7566,20240900,20241000,20241000
2024-08-26 13:00:00,0.7547,0.7561,0.7561,20240900,20241000,20241000
2024-08-26 14:00:00,0.7546,0.7561,0.7561,20240900,20241000,20241000
2024-08-26 15:00:00,0.7536,0.755,0.755,20240900,20241000,20241000
2024-08-26 16:00:00,0.7537,0.7552,0.7552,20240900,20241000,20241000
2024-08-26 17:00:00,0.7537,0.7553,0.7553,20240900,20241000,20241000
2024-08-26 18:00:00,0.7535,,,20240900,20241000,20241000
2024-08-26 19:00:00,0.754,,,20240900,20241000,20241000
2024-08-26 21:00:00,0.7557,,,20240900,20241000,20241000
2024-08-27 00:00:00,0.7526,0.7548,0.7548,20240900,20241000,20241000
2024-08-27 01:00:00,0.7534,,,20240900,20241000,20241000
2024-08-27 02:00:00,0.7528,0.7543,0.7543,20240900,20241000,20241000
2024-08-27 03:00:00,0.7527,0.7544,0.7544,20240900,20241000,20241000
2024-08-27 04:00:00,0.7531,0.7544,0.7544,20240900,20241000,20241000
2024-08-27 05:00:00,0.7519,0.7537,0.7537,20240900,20241000,20241000
2024-08-27 06:00:00,0.752,0.7535,0.7535,20240900,20241000,20241000
2024-08-27 07:00:00,0.7509,0.752,0.752,20240900,20241000,20241000
2024-08-27 08:00:00,0.7513,,,20240900,20241000,20241000
2024-08-27 09:00:00,0.7524,0.7541,0.7541,20240900,20241000,20241000
2024-08-27 10:00:00,0.7516,0.7539,0.7539,20240900,20241000,20241000
2024-08-27 11:00:00,0.7525,0.7539,0.7539,20240900,20241000,20241000
2024-08-27 12:00:00,0.7516,0.7534,0.7534,20240900,20241000,20241000
2024-08-27 13:00:00,0.7519,0.7535,0.7535,20240900,20241000,20241000
2024-08-27 14:00:00,0.7528,0.7541,0.7541,20240900,20241000,20241000
2024-08-27 15:00:00,0.7524,0.7535,0.7535,20240900,20241000,20241000
2024-08-27 16:00:00,0.752,,,20240900,20241000,20241000
2024-08-27 17:00:00,0.7542,0.7545,0.7545,20240900,20241000,20241000
2024-08-27 18:00:00,0.7547,0.7556,0.7556,20240900,20241000,20241000
2024-08-27 19:00:00,0.7543,,,20240900,20241000,20241000
2024-08-27 20:00:00,0.7544,0.756,0.756,20240900,20241000,20241000
2024-08-27 23:00:00,0.7534,,,20240900,20241000,20241000
2024-08-28 00:00:00,0.7532,0.7543,0.7543,20240900,20241000,20241000
2024-08-28 01:00:00,0.7498,0.7509,0.7509,20240900,20241000,20241000
2024-08-28 02:00:00,0.7489,,,20240900,20241000,20241000
2024-08-28 03:00:00,0.75,0.7515,0.7515,20240900,20241000,20241000
2024-08-28 04:00:00,0.7492,0.7508,0.7508,20240900,20241000,20241000
2024-08-28 05:00:00,0.7486,0.7517,0.7517,20240900,20241000,20241000
2024-08-28 06:00:00,0.7488,0.7502,0.7502,20240900,20241000,20241000
2024-08-28 07:00:00,0.7502,0.7505,0.7505,20240900,20241000,20241000
2024-08-28 08:00:00,0.7504,0.752,0.752,20240900,20241000,20241000
2024-08-28 09:00:00,0.7499,0.7519,0.7519,20240900,20241000,20241000
2024-08-28 10:00:00,0.7501,0.7517,0.7517,20240900,20241000,20241000
2024-08-28 11:00:00,0.75,0.7513,0.7513,20240900,20241000,20241000
2024-08-28 12:00:00,0.7497,0.7512,0.7512,20240900,20241000,20241000
2024-08-28 13:00:00,0.7499,0.7512,0.7512,20240900,20241000,20241000
2024-08-28 14:00:00,0.7499,0.7515,0.7515,20240900,20241000,20241000
2024-08-28 15:00:00,0.7499,0.7514,0.7514,20240900,20241000,20241000
2024-08-28 16:00:00,0.7493,,,20240900,20241000,20241000
2024-08-28 17:00:00,0.7491,,,20240900,20241000,20241000
2024-08-28 18:00:00,0.7489,0.7503,0.7503,20240900,20241000,20241000
2024-08-28 19:00:00,0.7491,0.7504,0.7504,20240900,20241000,20241000
2024-08-28 20:00:00,0.7493,0.7501,0.7501,20240900,20241000,20241000
2024-08-29 00:00:00,0.7497,0.7509,0.7509,20240900,20241000,20241000
2024-08-29 01:00:00,0.7489,0.7504,0.7504,20240900,20241000,20241000
2024-08-29 02:00:00,0.7502,0.7517,0.7517,20240900,20241000,20241000
2024-08-29 03:00:00,0.7496,0.7513,0.7513,20240900,20241000,20241000
2024-08-29 04:00:00,0.7502,0.7518,0.7518,20240900,20241000,20241000
2024-08-29 05:00:00,0.7528,0.7546,0.7546,20240900,20241000,20241000
2024-08-29 06:00:00,0.7511,0.752,0.752,20240900,20241000,20241000
2024-08-29 07:00:00,0.7513,0.7527,0.7527,20240900,20241000,20241000
2024-08-29 08:00:00,0.75,0.7513,0.7513,20240900,20241000,20241000
2024-08-29 09:00:00,0.7536,0.7549,0.7549,20240900,20241000,20241000
2024-08-29 10:00:00,0.7541,0.7556,0.7556,20240900,20241000,20241000
2024-08-29 11:00:00,0.7531,0.7544,0.7544,20240900,20241000,20241000
2024-08-29 12:00:00,0.7508,0.7525,0.7525,20240900,20241000,20241000
2024-08-29 13:00:00,0.7508,0.7522,0.7522,20240900,20241000,20241000
2024-08-29 14:00:00,0.7506,0.7521,0.7521,20240900,20241000,20241000
2024-08-29 15:00:00,0.7514,0.7528,0.7528,20240900,20241000,20241000
2024-08-29 16:00:00,0.7511,,,20240900,20241000,20241000
2024-08-29 17:00:00,0.7518,0.7532,0.7532,20240900,20241000,20241000
2024-08-29 18:00:00,0.7504,0.7525,0.7525,20240900,20241000,20241000
2024-08-29 19:00:00,0.7503,0.7519,0.7519,20240900,20241000,20241000
2024-08-29 20:00:00,0.7507,,,20240900,20241000,20241000
2024-08-30 00:00:00,0.7502,,,20240900,20241000,20241000
2024-08-30 01:00:00,0.75,,,20240900,20241000,20241000
2024-08-30 02:00:00,0.75,0.7513,0.7513,20240900,20241000,20241000
2024-08-30 03:00:00,0.75,0.7516,0.7516,20240900,20241000,20241000
2024-08-30 04:00:00,0.7498,,,20240900,20241000,20241000
2024-08-30 05:00:00,0.7504,0.7524,0.7524,20240900,20241000,20241000
2024-08-30 06:00:00,0.7497,0.7511,0.7511,20240900,20241000,20241000
2024-08-30 07:00:00,0.7503,0.7526,0.7526,20240900,20241000,20241000
2024-08-30 08:00:00,0.7506,0.7527,0.7527,20240900,20241000,20241000
2024-08-30 09:00:00,0.7505,0.7521,0.7521,20240900,20241000,20241000
2024-08-30 10:00:00,0.7505,0.752,0.752,20240900,20241000,20241000
2024-08-30 11:00:00,0.7506,0.752,0.752,20240900,20241000,20241000
2024-08-30 12:00:00,0.75,0.7511,0.7511,20240900,20241000,20241000
2024-08-30 13:00:00,0.7498,0.7513,0.7513,20240900,20241000,20241000
2024-08-30 14:00:00,0.75,0.7514,0.7514,20240900,20241000,20241000
2024-08-30 15:00:00,0.7493,0.7508,0.7508,20240900,20241000,20241000
2024-08-30 16:00:00,0.7483,0.7502,0.7502,20240900,20241000,20241000
2024-08-30 17:00:00,0.7487,0.75,0.75,20240900,20241000,20241000
2024-08-30 18:00:00,0.749,0.7505,0.7505,20240900,20241000,20241000
2024-08-30 19:00:00,0.7488,0.7503,0.7503,20240900,20241000,20241000
2024-08-30 20:00:00,0.7479,0.7493,0.7493,20240900,20241000,20241000
2024-09-02 00:00:00,0.7477,0.7496,0.7496,20240900,20241000,20241000
2024-09-02 01:00:00,0.7478,0.7492,0.7492,20240900,20241000,20241000
2024-09-02 02:00:00,0.7477,0.748,0.748,20240900,20241000,20241000
2024-09-02 03:00:00,0.7479,0.7495,0.7495,20240900,20241000,20241000
2024-09-02 04:00:00,0.7476,0.7489,0.7489,20240900,20241000,20241000
2024-09-02 05:00:00,0.7477,0.7491,0.7491,20240900,20241000,20241000
2024-09-02 06:00:00,0.7485,0.7498,0.7498,20240900,20241000,20241000
2024-09-02 07:00:00,0.7484,0.7491,0.7491,20240900,20241000,20241000
2024-09-02 08:00:00,0.7477,0.7493,0.7493,20240900,20241000,20241000
2024-09-02 09:00:00,0.7475,0.749,0.749,20240900,20241000,20241000
2024-09-02 10:00:00,0.7478,0.7492,0.7492,20240900,20241000,20241000
2024-09-02 11:00:00,0.7474,0.7488,0.7488,20240900,20241000,20241000
2024-09-02 12:00:00,0.7481,0.7495,0.7495,20240900,20241000,20241000
2024-09-02 13:00:00,0.7477,0.7491,0.7491,20240900,20241000,20241000
2024-09-02 14:00:00,0.7479,0.7493,0.7493,20240900,20241000,20241000
2024-09-02 15:00:00,0.7479,0.7494,0.7494,20240900,20241000,20241000
2024-09-02 16:00:00,0.7479,0.7493,0.7493,20240900,20241000,20241000
2024-09-03 00:00:00,0.7466,0.7483,0.7483,20240900,20241000,20241000
2024-09-03 01:00:00,0.7472,0.7478,0.7478,20240900,20241000,20241000
2024-09-03 02:00:00,0.7459,0.7482,0.7482,20240900,20241000,20241000
2024-09-03 03:00:00,0.7456,0.747,0.747,20240900,20241000,20241000
2024-09-03 04:00:00,0.746,,,20240900,20241000,20241000
2024-09-03 05:00:00,0.7457,0.7474,0.7474,20240900,20241000,20241000
2024-09-03 06:00:00,0.7469,0.7483,0.7483,20240900,20241000,20241000
2024-09-03 07:00:00,0.7476,0.7487,0.7487,20240900,20241000,20241000
2024-09-03 08:00:00,0.7471,0.7486,0.7486,20240900,20241000,20241000
2024-09-03 09:00:00,0.7462,0.7476,0.7476,20240900,20241000,20241000
2024-09-03 10:00:00,0.7461,0.7475,0.7475,20240900,20241000,20241000
2024-09-03 11:00:00,0.7458,0.7473,0.7473,20240900,20241000,20241000
2024-09-03 12:00:00,0.7466,0.7481,0.7481,20240900,20241000,20241000
2024-09-03 13:00:00,0.7472,0.7486,0.7486,20240900,20241000,20241000
2024-09-03 14:00:00,0.7467,0.7482,0.7482,20240900,20241000,20241000
2024-09-03 15:00:00,0.7469,0.7484,0.7484,20240900,20241000,20241000
2024-09-03 16:00:00,0.7469,,,20240900,20241000,20241000
2024-09-03 17:00:00,0.7469,,,20240900,20241000,20241000
2024-09-03 18:00:00,0.7467,0.7481,0.7481,20240900,20241000,20241000
2024-09-03 19:00:00,0.7465,,,20240900,20241000,20241000
2024-09-03 20:00:00,0.7465,,,20240900,20241000,20241000
2024-09-04 00:00:00,0.7459,0.7475,0.7475,20240900,20241000,20241000
2024-09-04 01:00:00,0.7461,0.748,0.748,20240900,20241000,20241000
2024-09-04 02:00:00,0.746,0.7478,0.7478,20240900,20241000,20241000
2024-09-04 03:00:00,0.7456,0.7474,0.7474,20240900,20241000,20241000
2024-09-04 04:00:00,0.7457,0.7471,0.7471,20240900,20241000,20241000
2024-09-04 05:00:00,0.7462,0.7479,0.7479,20240900,20241000,20241000
2024-09-04 06:00:00,0.746,0.7474,0.7474,20240900,20241000,20241000
2024-09-04 07:00:00,0.7458,0.7472,0.7472,20240900,20241000,20241000
2024-09-04 08:00:00,0.7457,0.7472,0.7472,20240900,20241000,20241000
2024-09-04 09:00:00,0.7466,0.748,0.748,20240900,20241000,20241000
2024-09-04 10:00:00,0.7466,0.7478,0.7478,20240900,20241000,20241000
2024-09-04 11:00:00,0.7468,0.7482,0.7482,20240900,20241000,20241000
2024-09-04 12:00:00,0.7465,0.7479,0.7479,20240900,20241000,20241000
2024-09-04 13:00:00,0.747,0.7484,0.7484,20240900,20241000,20241000
2024-09-04 14:00:00,0.7505,0.7519,0.7519,20240900,20241000,20241000
2024-09-04 15:00:00,0.7485,0.7499,0.7499,20240900,20241000,20241000
2024-09-04 16:00:00,0.7496,0.7511,0.7511,20240900,20241000,20241000
2024-09-04 17:00:00,0.7493,0.7506,0.7506,20240900,20241000,20241000
2024-09-04 18:00:00,0.7489,0.7506,0.7506,20240900,20241000,20241000
2024-09-05 00:00:00,0.7488,0.75,0.75,20240900,20241000,20241000
2024-09-05 01:00:00,0.7501,0.7524,0.7524,20240900,20241000,20241000
2024-09-05 02:00:00,0.749,0.751,0.751,20240900,20241000,20241000
2024-09-05 03:00:00,0.7486,0.751,0.751,20240900,20241000,20241000
2024-09-05 04:00:00,0.7484,0.7496,0.7496,20240900,20241000,20241000
2024-09-05 05:00:00,0.7486,0.7509,0.7509,20240900,20241000,20241000
2024-09-05 06:00:00,0.7493,,,20240900,20241000,20241000
2024-09-05 07:00:00,0.7486,0.7499,0.7499,20240900,20241000,20241000
2024-09-05 08:00:00,0.7495,0.7504,0.7504,20240900,20241000,20241000
2024-09-05 09:00:00,0.7496,0.7509,0.7509,20240900,20241000,20241000
2024-09-05 10:00:00,0.7493,0.7508,0.7508,20240900,20241000,20241000
2024-09-05 11:00:00,0.7495,0.7509,0.7509,20240900,20241000,20241000
2024-09-05 12:00:00,0.7498,0.7511,0.7511,20240900,20241000,20241000
2024-09-05 13:00:00,0.7505,0.7516,0.7516,20240900,20241000,20241000
2024-09-05 14:00:00,0.7489,0.7503,0.7503,20240900,20241000,20241000
2024-09-05 15:00:00,0.7492,0.7503,0.7503,20240900,20241000,20241000
2024-09-05 16:00:00,0.7499,0.7513,0.7513,20240900,20241000,20241000
2024-09-05 17:00:00,0.7503,0.7516,0.7516,20240900,20241000,20241000
2024-09-05 18:00:00,0.7502,0.7517,0.7517,20240900,20241000,20241000
2024-09-05 19:00:00,0.7502,,,20240900,20241000,20241000
2024-09-05 20:00:00,0.7503,0.7517,0.7517,20240900,20241000,20241000
2024-09-06 00:00:00,0.7511,0.7526,0.7526,20240900,20241000,20241000
2024-09-06 01:00:00,0.7524,,,20241000,20241100,20241100
2024-09-06 02:00:00,0.7524,,,20241000,20241100,20241100
2024-09-06 03:00:00,0.7551,,,20241000,20241100,20241100
2024-09-06 04:00:00,0.755,,,20241000,20241100,20241100
2024-09-06 05:00:00,0.7543,0.7549,0.7549,20241000,20241100,20241100
2024-09-06 06:00:00,0.7547,,,20241000,20241100,20241100
2024-09-06 07:00:00,0.7545,,,20241000,20241100,20241100
2024-09-06 08:00:00,0.754,,,20241000,20241100,20241100
2024-09-06 09:00:00,0.7547,,,20241000,20241100,20241100
2024-09-06 10:00:00,0.7545,,,20241000,20241100,20241100
2024-09-06 11:00:00,0.7535,,,20241000,20241100,20241100
2024-09-06 12:00:00,0.7549,,,20241000,20241100,20241100
2024-09-06 13:00:00,0.7513,,,20241000,20241100,20241100
2024-09-06 14:00:00,0.7517,,,20241000,20241100,20241100
2024-09-06 15:00:00,0.75,,,20241000,20241100,20241100
2024-09-06 16:00:00,0.7487,,,20241000,20241100,20241100
2024-09-06 17:00:00,0.7493,,,20241000,20241100,20241100
2024-09-06 18:00:00,0.7495,,,20241000,20241100,20241100
2024-09-06 20:00:00,0.7492,,,20241000,20241100,20241100
2024-09-09 00:00:00,0.7485,,,20241000,20241100,20241100
2024-09-09 01:00:00,0.7479,,,20241000,20241100,20241100
2024-09-09 02:00:00,0.7479,0.7498,0.7498,20241000,20241100,20241100
2024-09-09 03:00:00,0.7485,,,20241000,20241100,20241100
2024-09-09 05:00:00,0.7482,0.7454,0.7454,20241000,20241100,20241100
2024-09-09 06:00:00,0.7485,,,20241000,20241100,20241100
2024-09-09 07:00:00,0.7474,,,20241000,20241100,20241100
2024-09-09 08:00:00,0.7443,,,20241000,20241100,20241100
2024-09-09 09:00:00,0.7454,,,20241000,20241100,20241100
2024-09-09 10:00:00,0.7444,,,20241000,20241100,20241100
2024-09-09 11:00:00,0.7453,,,20241000,20241100,20241100
2024-09-09 12:00:00,0.7456,,,20241000,20241100,20241100
2024-09-09 13:00:00,0.7473,,,20241000,20241100,20241100
2024-09-09 14:00:00,0.7462,,,20241000,20241100,20241100
2024-09-09 15:00:00,0.7466,,,20241000,20241100,20241100
2024-09-09 16:00:00,0.7477,,,20241000,20241100,20241100
2024-09-09 17:00:00,0.7475,,,20241000,20241100,20241100
2024-09-09 18:00:00,0.7475,,,20241000,20241100,20241100
2024-09-09 20:00:00,0.7472,,,20241000,20241100,20241100
2024-09-10 00:00:00,0.7455,,,20241000,20241100,20241100
2024-09-10 01:00:00,0.7452,,,20241000,20241100,20241100
2024-09-10 02:00:00,0.7457,,,20241000,20241100,20241100
2024-09-10 04:00:00,0.7454,,,20241000,20241100,20241100
2024-09-10 05:00:00,0.7471,0.7482,0.7482,20241000,20241100,20241100
2024-09-10 06:00:00,0.7454,,,20241000,20241100,20241100
2024-09-10 07:00:00,0.7456,,,20241000,20241100,20241100
2024-09-10 08:00:00,0.7456,,,20241000,20241100,20241100
2024-09-10 09:00:00,0.7475,,,20241000,20241100,20241100
2024-09-10 10:00:00,0.7473,,,20241000,20241100,20241100
2024-09-10 11:00:00,0.7471,,,20241000,20241100,20241100
2024-09-10 12:00:00,0.7471,,,20241000,20241100,20241100
2024-09-10 13:00:00,0.7458,,,20241000,20241100,20241100
2024-09-10 14:00:00,0.7462,,,20241000,20241100,20241100
2024-09-10 15:00:00,0.746,,,20241000,20241100,20241100
2024-09-10 16:00:00,0.7458,,,20241000,20241100,20241100
2024-09-10 17:00:00,0.7458,,,20241000,20241100,20241100
2024-09-10 18:00:00,0.7458,,,20241000,20241100,20241100
2024-09-10 19:00:00,0.746,,,20241000,20241100,20241100
2024-09-10 20:00:00,0.7455,,,20241000,20241100,20241100
2024-09-11 00:00:00,0.7462,,,20241000,20241100,20241100
2024-09-11 01:00:00,0.7488,,,20241000,20241100,20241100
2024-09-11 02:00:00,0.7479,,,20241000,20241100,20241100
2024-09-11 03:00:00,0.7484,,,20241000,20241100,20241100
2024-09-11 04:00:00,0.7485,,,20241000,20241100,20241100
2024-09-11 05:00:00,0.7487,0.7499,0.7499,20241000,20241100,20241100
2024-09-11 06:00:00,0.7489,,,20241000,20241100,20241100
2024-09-11 07:00:00,0.7483,0.7489,0.7489,20241000,20241100,20241100
2024-09-11 08:00:00,0.7483,,,20241000,20241100,20241100
2024-09-11 09:00:00,0.7486,,,20241000,20241100,20241100
2024-09-11 10:00:00,0.7485,,,20241000,20241100,20241100
2024-09-11 11:00:00,0.7486,,,20241000,20241100,20241100
2024-09-11 12:00:00,0.7481,,,20241000,20241100,20241100
2024-09-11 13:00:00,0.748,,,20241000,20241100,20241100
2024-09-11 14:00:00,0.7472,,,20241000,20241100,20241100
2024-09-11 15:00:00,0.7476,,,20241000,20241100,20241100
2024-09-11 16:00:00,0.7483,,,20241000,20241100,20241100
2024-09-11 17:00:00,0.7479,,,20241000,20241100,20241100
2024-09-11 18:00:00,0.7482,,,20241000,20241100,20241100
2024-09-12 00:00:00,0.7474,,,20241000,20241100,20241100
2024-09-12 01:00:00,0.7479,,,20241000,20241100,20241100
2024-09-12 02:00:00,0.748,,,20241000,20241100,20241100
2024-09-12 03:00:00,0.748,,,20241000,20241100,20241100
2024-09-12 04:00:00,0.7484,,,20241000,20241100,20241100
2024-09-12 05:00:00,0.7484,0.7477,0.7477,20241000,20241100,20241100
2024-09-12 06:00:00,0.7482,,,20241000,20241100,20241100
2024-09-12 07:00:00,0.7465,,,20241000,20241100,20241100
2024-09-12 08:00:00,0.7467,,,20241000,20241100,20241100
2024-09-12 09:00:00,0.7469,,,20241000,20241100,20241100
2024-09-12 10:00:00,0.7469,,,20241000,20241100,20241100
2024-09-12 11:00:00,0.7467,,,20241000,20241100,20241100
2024-09-12 12:00:00,0.7473,,,20241000,20241100,20241100
2024-09-12 13:00:00,0.7475,,,20241000,20241100,20241100
2024-09-12 14:00:00,0.7466,,,20241000,20241100,20241100
2024-09-12 15:00:00,0.747,,,20241000,20241100,20241100
2024-09-12 16:00:00,0.7471,,,20241000,20241100,20241100
2024-09-12 17:00:00,0.7481,,,20241000,20241100,20241100
2024-09-12 18:00:00,0.7488,,,20241000,20241100,20241100
2024-09-12 19:00:00,0.7498,,,20241000,20241100,20241100
2024-09-12 20:00:00,0.7499,,,20241000,20241100,20241100
2024-09-13 00:00:00,0.7524,0.7526,0.7526,20241000,20241100,20241100
2024-09-13 01:00:00,0.7518,0.7532,0.7532,20241000,20241100,20241100
2024-09-13 02:00:00,0.7523,,,20241000,20241100,20241100
2024-09-13 03:00:00,0.7538,0.7562,0.7562,20241000,20241100,20241100
2024-09-13 04:00:00,0.7535,,,20241000,20241100,20241100
2024-09-13 05:00:00,0.754,0.7549,0.7549,20241000,20241100,20241100
2024-09-13 06:00:00,0.7532,,,20241000,20241100,20241100
2024-09-13 07:00:00,0.7544,,,20241000,20241100,20241100
2024-09-13 08:00:00,0.7546,,,20241000,20241100,20241100
2024-09-13 09:00:00,0.7557,0.7567,0.7567,20241000,20241100,20241100
2024-09-13 10:00:00,0.7541,,,20241000,20241100,20241100
2024-09-13 11:00:00,0.7533,,,20241000,20241100,20241100
2024-09-13 12:00:00,0.7549,,,20241000,20241100,20241100
2024-09-13 13:00:00,0.7544,,,20241000,20241100,20241100
2024-09-13 14:00:00,0.7534,0.7551,0.7551,20241000,20241100,20241100
2024-09-13 15:00:00,0.7535,,,20241000,20241100,20241100
2024-09-13 16:00:00,0.7532,,,20241000,20241100,20241100
2024-09-13 17:00:00,0.7537,,,20241000,20241100,20241100
2024-09-13 18:00:00,0.753,,,20241000,20241100,20241100
2024-09-13 20:00:00,0.7539,,,20241000,20241100,20241100
2024-09-16 00:00:00,0.7548,0.7562,0.7562,20241000,20241100,20241100
2024-09-16 01:00:00,0.755,0.7562,0.7562,20241000,20241100,20241100
2024-09-16 02:00:00,0.755,0.7559,0.7559,20241000,20241100,20241100
2024-09-16 03:00:00,0.7591,0.7601,0.7601,20241000,20241100,20241100
2024-09-16 04:00:00,0.7584,0.7604,0.7604,20241000,20241100,20241100
2024-09-16 05:00:00,0.7585,0.7602,0.7602,20241000,20241100,20241100
2024-09-16 06:00:00,0.7607,0.7614,0.7614,20241000,20241100,20241100
2024-09-16 07:00:00,0.7599,0.761,0.761,20241000,20241100,20241100
2024-09-16 08:00:00,0.7603,0.7615,0.7615,20241000,20241100,20241100
2024-09-16 09:00:00,0.7599,,,20241000,20241100,20241100
2024-09-16 10:00:00,0.759,0.7606,0.7606,20241000,20241100,20241100
2024-09-16 11:00:00,0.7596,0.7599,0.7599,20241000,20241100,20241100
2024-09-16 12:00:00,0.7588,0.7602,0.7602,20241000,20241100,20241100
2024-09-16 13:00:00,0.7588,0.7601,0.7601,20241000,20241100,20241100
2024-09-16 14:00:00,0.7587,0.7591,0.7591,20241000,20241100,20241100
2024-09-16 15:00:00,0.7585,,,20241000,20241100,20241100
2024-09-16 16:00:00,0.7591,,,20241000,20241100,20241100
2024-09-16 17:00:00,0.7587,0.76,0.76,20241000,20241100,20241100
2024-09-16 20:00:00,0.7587,,,20241000,20241100,20241100
2024-09-17 00:00:00,0.7586,0.7595,0.7595,20241000,20241100,20241100
2024-09-17 01:00:00,0.7607,0.7618,0.7618,20241000,20241100,20241100
2024-09-17 02:00:00,0.7613,0.7624,0.7624,20241000,20241100,20241100
2024-09-17 03:00:00,0.761,0.7621,0.7621,20241000,20241100,20241100
2024-09-17 04:00:00,0.761,0.7619,0.7619,20241000,20241100,20241100
2024-09-17 05:00:00,0.7603,0.7622,0.7622,20241000,20241100,20241100
2024-09-17 06:00:00,0.7604,0.7619,0.7619,20241000,20241100,20241100
2024-09-17 07:00:00,0.7616,0.7623,0.7623,20241000,20241100,20241100
2024-09-17 08:00:00,0.7606,0.7618,0.7618,20241000,20241100,20241100
2024-09-17 09:00:00,0.7606,0.7619,0.7619,20241000,20241100,20241100
2024-09-17 10:00:00,0.7606,0.7619,0.7619,20241000,20241100,20241100
2024-09-17 11:00:00,0.7603,0.7614,0.7614,20241000,20241100,20241100
2024-09-17 12:00:00,0.7586,0.7599,0.7599,20241000,20241100,20241100
2024-09-17 13:00:00,0.7564,0.7591,0.7591,20241000,20241100,20241100
2024-09-17 14:00:00,0.7574,0.7582,0.7582,20241000,20241100,20241100
2024-09-17 15:00:00,0.7565,0.7576,0.7576,20241000,20241100,20241100
2024-09-17 16:00:00,0.7565,0.7576,0.7576,20241000,20241100,20241100
2024-09-17 17:00:00,0.7562,0.7577,0.7577,20241000,20241100,20241100
2024-09-17 18:00:00,0.7571,,,20241000,20241100,20241100
2024-09-17 19:00:00,0.7572,,,20241000,20241100,20241100
2024-09-17 20:00:00,0.7554,0.7565,0.7565,20241000,20241100,20241100
2024-09-18 00:00:00,0.758,,,20241000,20241100,20241100
2024-09-18 01:00:00,0.7578,0.7584,0.7584,20241000,20241100,20241100
2024-09-18 02:00:00,0.7553,,,20241000,20241100,20241100
2024-09-18 03:00:00,0.7557,0.7572,0.7572,20241000,20241100,20241100
2024-09-18 04:00:00,0.755,0.7561,0.7561,20241000,20241100,20241100
2024-09-18 05:00:00,0.7559,0.7567,0.7567,20241000,20241100,20241100
2024-09-18 06:00:00,0.7568,0.7578,0.7578,20241000,20241100,20241100
2024-09-18 07:00:00,0.7572,0.7585,0.7585,20241000,20241100,20241100
2024-09-18 08:00:00,0.7569,0.7579,0.7579,20241000,20241100,20241100
2024-09-18 09:00:00,0.7577,0.7586,0.7586,20241000,20241100,20241100
2024-09-18 10:00:00,0.7576,,,20241000,20241100,20241100
2024-09-18 11:00:00,0.7565,0.7579,0.7579,20241000,20241100,20241100
2024-09-18 12:00:00,0.7561,,,20241000,20241100,20241100
2024-09-18 13:00:00,0.7579,0.7589,0.7589,20241000,20241100,20241100
2024-09-18 14:00:00,0.7571,0.7581,0.7581,20241000,20241100,20241100
2024-09-18 15:00:00,0.7564,0.7577,0.7577,20241000,20241100,20241100
2024-09-18 16:00:00,0.7567,0.7578,0.7578,20241000,20241100,20241100
2024-09-18 17:00:00,0.7571,0.7579,0.7579,20241000,20241100,20241100
2024-09-18 18:00:00,0.7599,0.7614,0.7614,20241000,20241100,20241100
2024-09-18 19:00:00,0.7556,0.7566,0.7566,20241000,20241100,20241100
2024-09-18 20:00:00,0.7572,0.7583,0.7583,20241000,20241100,20241100
2024-09-18 23:00:00,0.7567,,,20241000,20241100,20241100
2024-09-19 00:00:00,0.752,0.753,0.753,20241000,20241100,20241100
2024-09-19 01:00:00,0.7506,0.752,0.752,20241000,20241100,20241100
2024-09-19 02:00:00,0.751,0.752,0.752,20241000,20241100,20241100
2024-09-19 03:00:00,0.7517,0.7528,0.7528,20241000,20241100,20241100
2024-09-19 04:00:00,0.7521,0.753,0.753,20241000,20241100,20241100
2024-09-19 05:00:00,0.7539,0.7541,0.7541,20241000,20241100,20241100
2024-09-19 06:00:00,0.7549,0.7559,0.7559,20241000,20241100,20241100
2024-09-19 07:00:00,0.754,0.7552,0.7552,20241000,20241100,20241100
2024-09-19 08:00:00,0.7542,0.7552,0.7552,20241000,20241100,20241100
2024-09-19 09:00:00,0.7553,0.7565,0.7565,20241000,20241100,20241100
2024-09-19 10:00:00,0.7543,0.7554,0.7554,20241000,20241100,20241100
2024-09-19 11:00:00,0.7541,0.7553,0.7553,20241000,20241100,20241100
2024-09-19 12:00:00,0.7526,0.7537,0.7537,20241000,20241100,20241100
2024-09-19 13:00:00,0.7522,0.7531,0.7531,20241000,20241100,20241100
2024-09-19 14:00:00,0.753,0.7539,0.7539,20241000,20241100,20241100
2024-09-19 15:00:00,0.7534,0.7546,0.7546,20241000,20241100,20241100
2024-09-19 16:00:00,0.7538,0.7549,0.7549,20241000,20241100,20241100
2024-09-19 17:00:00,0.7541,,,20241000,20241100,20241100
2024-09-19 18:00:00,0.7543,0.7554,0.7554,20241000,20241100,20241100
2024-09-19 20:00:00,0.7538,,,20241000,20241100,20241100
2024-09-20 00:00:00,0.7527,0.7536,0.7536,20241000,20241100,20241100
2024-09-20 01:00:00,0.7536,0.7542,0.7542,20241000,20241100,20241100
2024-09-20 02:00:00,0.7525,0.7537,0.7537,20241000,20241100,20241100
2024-09-20 03:00:00,0.7536,0.7553,0.7553,20241000,20241100,20241100
2024-09-20 04:00:00,0.7531,0.7547,0.7547,20241000,20241100,20241100
2024-09-20 05:00:00,0.7532,0.7542,0.7542,20241000,20241100,20241100
2024-09-20 06:00:00,0.7524,0.754,0.754,20241000,20241100,20241100
2024-09-20 07:00:00,0.7517,0.7527,0.7527,20241000,20241100,20241100
2024-09-20 08:00:00,0.7509,0.7519,0.7519,20241000,20241100,20241100
2024-09-20 09:00:00,0.7503,0.7519,0.7519,20241000,20241100,20241100
2024-09-20 10:00:00,0.75,,,20241000,20241100,20241100
2024-09-20 11:00:00,0.7497,0.7508,0.7508,20241000,20241100,20241100
2024-09-20 12:00:00,0.7509,0.7521,0.7521,20241000,20241100,20241100
2024-09-20 13:00:00,0.7496,0.7507,0.7507,20241000,20241100,20241100
2024-09-20 14:00:00,0.7498,0.7509,0.7509,20241000,20241100,20241100
2024-09-20 15:00:00,0.751,0.7521,0.7521,20241000,20241100,20241100
2024-09-20 16:00:00,0.7519,0.7529,0.7529,20241000,20241100,20241100
2024-09-20 17:00:00,0.7512,0.7526,0.7526,20241000,20241100,20241100
2024-09-20 18:00:00,0.7514,,,20241000,20241100,20241100
2024-09-20 19:00:00,0.7522,,,20241000,20241100,20241100
2024-09-20 20:00:00,0.7525,0.7528,0.7528,20241000,20241100,20241100
2024-09-23 00:00:00,0.7511,0.752,0.752,20241000,20241100,20241100
2024-09-23 01:00:00,0.7492,0.7503,0.7503,20241000,20241100,20241100
2024-09-23 02:00:00,0.7495,0.7502,0.7502,20241000,20241100,20241100
2024-09-23 03:00:00,0.7496,0.751,0.751,20241000,20241100,20241100
2024-09-23 04:00:00,0.7497,,,20241000,20241100,20241100
2024-09-23 05:00:00,0.7491,0.7502,0.7502,20241000,20241100,20241100
2024-09-23 06:00:00,0.7501,0.7508,0.7508,20241000,20241100,20241100
2024-09-23 07:00:00,0.7481,0.7492,0.7492,20241000,20241100,20241100
2024-09-23 08:00:00,0.7483,0.7491,0.7491,20241000,20241100,20241100
2024-09-23 09:00:00,0.7486,0.7497,0.7497,20241000,20241100,20241100
2024-09-23 10:00:00,0.7489,0.7503,0.7503,20241000,20241100,20241100
2024-09-23 11:00:00,0.7495,0.7505,0.7505,20241000,20241100,20241100
2024-09-23 12:00:00,0.7493,0.75,0.75,20241000,20241100,20241100
2024-09-23 13:00:00,0.7491,0.7506,0.7506,20241000,20241100,20241100
2024-09-23 14:00:00,0.7502,0.7512,0.7512,20241000,20241100,20241100
2024-09-23 15:00:00,0.7507,0.752,0.752,20241000,20241100,20241100
2024-09-23 16:00:00,0.7504,0.7512,0.7512,20241000,20241100,20241100
2024-09-23 17:00:00,0.751,0.7516,0.7516,20241000,20241100,20241100
2024-09-23 18:00:00,0.7505,,,20241000,20241100,20241100
2024-09-23 19:00:00,0.7508,,,20241000,20241100,20241100
2024-09-24 00:00:00,0.7502,0.7513,0.7513,20241000,20241100,20241100
2024-09-24 01:00:00,0.7511,0.7519,0.7519,20241000,20241100,20241100
2024-09-24 02:00:00,0.7506,0.7515,0.7515,20241000,20241100,20241100
2024-09-24 03:00:00,0.7513,0.7521,0.7521,20241000,20241100,20241100
2024-09-24 04:00:00,0.7515,0.7526,0.7526,20241000,20241100,20241100
2024-09-24 05:00:00,0.7501,0.7521,0.7521,20241000,20241100,20241100
2024-09-24 06:00:00,0.751,0.7514,0.7514,20241000,20241100,20241100
2024-09-24 07:00:00,0.7501,0.7509,0.7509,20241000,20241100,20241100
2024-09-24 08:00:00,0.7501,0.751,0.751,20241000,20241100,20241100
2024-09-24 09:00:00,0.7504,0.7516,0.7516,20241000,20241100,20241100
2024-09-24 10:00:00,0.7505,0.7521,0.7521,20241000,20241100,20241100
2024-09-24 11:00:00,0.7502,0.7514,0.7514,20241000,20241100,20241100
2024-09-24 12:00:00,0.7513,0.7524,0.7524,20241000,20241100,20241100
2024-09-24 13:00:00,0.7524,0.7535,0.7535,20241000,20241100,20241100
2024-09-24 14:00:00,0.7532,0.7542,0.7542,20241000,20241100,20241100
2024-09-24 15:00:00,0.7531,0.7539,0.7539,20241000,20241100,20241100
2024-09-24 16:00:00,0.7536,0.7549,0.7549,20241000,20241100,20241100
2024-09-24 17:00:00,0.753,,,20241000,20241100,20241100
2024-09-24 18:00:00,0.7545,0.7556,0.7556,20241000,20241100,20241100
2024-09-24 19:00:00,0.7556,,,20241000,20241100,20241100
2024-09-24 20:00:00,0.7554,,,20241000,20241100,20241100
2024-09-24 23:00:00,0.7554,,,20241000,20241100,20241100
2024-09-25 00:00:00,0.7547,0.7564,0.7564,20241000,20241100,20241100
2024-09-25 01:00:00,0.754,0.7549,0.7549,20241000,20241100,20241100
2024-09-25 02:00:00,0.7538,0.7547,0.7547,20241000,20241100,20241100
2024-09-25 03:00:00,0.7539,,,20241000,20241100,20241100
2024-09-25 04:00:00,0.7535,,,20241000,20241100,20241100
2024-09-25 05:00:00,0.753,0.7544,0.7544,20241000,20241100,20241100
2024-09-25 06:00:00,0.7527,0.7537,0.7537,20241000,20241100,20241100
2024-09-25 07:00:00,0.753,0.7541,0.7541,20241000,20241100,20241100
2024-09-25 08:00:00,0.7532,0.7538,0.7538,20241000,20241100,20241100
2024-09-25 09:00:00,0.7521,0.753,0.753,20241000,20241100,20241100
2024-09-25 10:00:00,0.752,0.7532,0.7532,20241000,20241100,20241100
2024-09-25 11:00:00,0.7525,0.7534,0.7534,20241000,20241100,20241100
2024-09-25 12:00:00,0.7525,0.7535,0.7535,20241000,20241100,20241100
2024-09-25 13:00:00,0.7526,0.7536,0.7536,20241000,20241100,20241100
2024-09-25 14:00:00,0.7522,0.7531,0.7531,20241000,20241100,20241100
2024-09-25 15:00:00,0.75,0.7513,0.7513,20241000,20241100,20241100
2024-09-25 16:00:00,0.7495,0.7504,0.7504,20241000,20241100,20241100
2024-09-25 17:00:00,0.7498,0.7509,0.7509,20241000,20241100,20241100
2024-09-25 18:00:00,0.7496,0.7508,0.7508,20241000,20241100,20241100
2024-09-25 19:00:00,0.7496,,,20241000,20241100,20241100
2024-09-25 20:00:00,0.7492,,,20241000,20241100,20241100
2024-09-26 00:00:00,0.7529,0.7536,0.7536,20241000,20241100,20241100
2024-09-26 01:00:00,0.7537,0.7552,0.7552,20241000,20241100,20241100
2024-09-26 02:00:00,0.7536,0.7548,0.7548,20241000,20241100,20241100
2024-09-26 03:00:00,0.7533,0.7544,0.7544,20241000,20241100,20241100
2024-09-26 04:00:00,0.7535,0.7544,0.7544,20241000,20241100,20241100
2024-09-26 05:00:00,0.7551,0.7562,0.7562,20241000,20241100,20241100
2024-09-26 06:00:00,0.754,0.7548,0.7548,20241000,20241100,20241100
2024-09-26 07:00:00,0.7526,0.7537,0.7537,20241000,20241100,20241100
2024-09-26 08:00:00,0.7532,0.7542,0.7542,20241000,20241100,20241100
2024-09-26 09:00:00,0.7534,0.7543,0.7543,20241000,20241100,20241100
2024-09-26 10:00:00,0.7551,0.7557,0.7557,20241000,20241100,20241100
2024-09-26 11:00:00,0.755,0.7562,0.7562,20241000,20241100,20241100
2024-09-26 12:00:00,0.7579,0.7591,0.7591,20241000,20241100,20241100
2024-09-26 13:00:00,0.7564,0.7573,0.7573,20241000,20241100,20241100
2024-09-26 14:00:00,0.7587,0.7598,0.7598,20241000,20241100,20241100
2024-09-26 15:00:00,0.7616,0.7619,0.7619,20241000,20241100,20241100
2024-09-26 16:00:00,0.7597,0.761,0.761,20241000,20241100,20241100
2024-09-26 17:00:00,0.7618,0.7625,0.7625,20241000,20241100,20241100
2024-09-26 18:00:00,0.7618,0.763,0.763,20241000,20241100,20241100
2024-09-26 19:00:00,0.7619,,,20241000,20241100,20241100
2024-09-26 20:00:00,0.7615,0.7629,0.7629,20241000,20241100,20241100
2024-09-27 00:00:00,0.7582,0.7593,0.7593,20241000,20241100,20241100
2024-09-27 01:00:00,0.7589,0.7596,0.7596,20241000,20241100,20241100
2024-09-27 02:00:00,0.7594,,,20241000,20241100,20241100
2024-09-27 03:00:00,0.7595,0.7607,0.7607,20241000,20241100,20241100
2024-09-27 04:00:00,0.7588,0.7598,0.7598,20241000,20241100,20241100
2024-09-27 05:00:00,0.7627,0.7594,0.7594,20241000,20241100,20241100
2024-09-27 06:00:00,0.7603,0.7613,0.7613,20241000,20241100,20241100
2024-09-27 07:00:00,0.7608,0.7619,0.7619,20241000,20241100,20241100
2024-09-27 08:00:00,0.7625,0.7633,0.7633,20241000,20241100,20241100
2024-09-27 09:00:00,0.7623,0.7634,0.7634,20241000,20241100,20241100
2024-09-27 10:00:00,0.762,0.7631,0.7631,20241000,20241100,20241100
2024-09-27 11:00:00,0.7636,0.7647,0.7647,20241000,20241100,20241100
2024-09-27 12:00:00,0.7661,0.7673,0.7673,20241000,20241100,20241100
2024-09-27 13:00:00,0.7657,0.7668,0.7668,20241000,20241100,20241100
2024-09-27 14:00:00,0.7656,0.7667,0.7667,20241000,20241100,20241100
2024-09-27 15:00:00,0.7645,0.7654,0.7654,20241000,20241100,20241100
2024-09-27 16:00:00,0.7645,0.7655,0.7655,20241000,20241100,20241100
2024-09-27 17:00:00,0.7644,0.7656,0.7656,20241000,20241100,20241100
2024-09-27 18:00:00,0.7641,0.7656,0.7656,20241000,20241100,20241100
2024-09-27 20:00:00,0.7647,0.7655,0.7655,20241000,20241100,20241100
2024-09-30 00:00:00,0.7658,0.7669,0.7669,20241000,20241100,20241100
2024-09-30 01:00:00,0.7663,0.7675,0.7675,20241000,20241100,20241100
2024-09-30 02:00:00,0.7663,0.7676,0.7676,20241000,20241100,20241100
2024-09-30 03:00:00,0.766,0.7673,0.7673,20241000,20241100,20241100
2024-09-30 04:00:00,0.7663,0.7671,0.7671,20241000,20241100,20241100
2024-09-30 05:00:00,0.7676,0.7685,0.7685,20241000,20241100,20241100
2024-09-30 06:00:00,0.7637,0.7642,0.7642,20241000,20241100,20241100
2024-09-30 07:00:00,0.7628,0.7638,0.7638,20241000,20241100,20241100
2024-09-30 08:00:00,0.7639,0.765,0.765,20241000,20241100,20241100
2024-09-30 09:00:00,0.7639,0.765,0.765,20241000,20241100,20241100
2024-09-30 10:00:00,0.7629,0.7634,0.7634,20241000,20241100,20241100
2024-09-30 11:00:00,0.7632,0.7644,0.7644,20241000,20241100,20241100
2024-09-30 12:00:00,0.7626,0.7639,0.7639,20241000,20241100,20241100
2024-09-30 13:00:00,0.7621,0.7631,0.7631,20241000,20241100,20241100
2024-09-30 14:00:00,0.762,0.7631,0.7631,20241000,20241100,20241100
2024-09-30 15:00:00,0.7615,0.7625,0.7625,20241000,20241100,20241100
2024-09-30 16:00:00,0.7615,0.7627,0.7627,20241000,20241100,20241100
2024-09-30 17:00:00,0.7614,0.7628,0.7628,20241000,20241100,20241100
2024-09-30 18:00:00,0.759,0.76,0.76,20241000,20241100,20241100
2024-09-30 19:00:00,0.7588,0.7599,0.7599,20241000,20241100,20241100
2024-09-30 20:00:00,0.7589,0.7599,0.7599,20241000,20241100,20241100
2024-10-01 00:00:00,0.7591,0.7601,0.7601,20241000,20241100,20241100
2024-10-01 01:00:00,0.7589,0.7596,0.7596,20241000,20241100,20241100
2024-10-01 02:00:00,0.7572,0.758,0.758,20241000,20241100,20241100
2024-10-01 03:00:00,0.7573,,,20241000,20241100,20241100
2024-10-01 04:00:00,0.7581,0.7586,0.7586,20241000,20241100,20241100
2024-10-01 05:00:00,0.7581,0.7593,0.7593,20241000,20241100,20241100
2024-10-01 06:00:00,0.7571,0.7583,0.7583,20241000,20241100,20241100
2024-10-01 07:00:00,0.7569,0.7579,0.7579,20241000,20241100,20241100
2024-10-01 08:00:00,0.7578,0.7589,0.7589,20241000,20241100,20241100
2024-10-01 09:00:00,0.7586,0.7597,0.7597,20241000,20241100,20241100
2024-10-01 10:00:00,0.7582,0.759,0.759,20241000,20241100,20241100
2024-10-01 11:00:00,0.7583,0.7592,0.7592,20241000,20241100,20241100
2024-10-01 12:00:00,0.7583,0.7595,0.7595,20241000,20241100,20241100
2024-10-01 13:00:00,0.7566,0.7576,0.7576,20241000,20241100,20241100
2024-10-01 14:00:00,0.7554,0.7565,0.7565,20241000,20241100,20241100
2024-10-01 15:00:00,0.7557,0.757,0.757,20241000,20241100,20241100
2024-10-01 16:00:00,0.7549,0.7558,0.7558,20241000,20241100,20241100
2024-10-01 17:00:00,0.7552,0.7563,0.7563,20241000,20241100,20241100
2024-10-01 18:00:00,0.7563,0.7571,0.7571,20241000,20241100,20241100
2024-10-01 19:00:00,0.756,0.7576,0.7576,20241000,20241100,20241100
2024-10-01 20:00:00,0.7562,,,20241000,20241100,20241100
2024-10-01 23:00:00,0.7529,,,20241000,20241100,20241100
2024-10-02 00:00:00,0.7571,0.7581,0.7581,20241000,20241100,20241100
2024-10-02 01:00:00,0.7582,0.7594,0.7594,20241000,20241100,20241100
2024-10-02 02:00:00,0.7585,0.7596,0.7596,20241000,20241100,20241100
2024-10-02 03:00:00,0.7584,0.7595,0.7595,20241000,20241100,20241100
2024-10-02 04:00:00,0.7582,0.7594,0.7594,20241000,20241100,20241100
2024-10-02 05:00:00,0.7577,0.7589,0.7589,20241000,20241100,20241100
2024-10-02 06:00:00,0.759,0.7603,0.7603,20241000,20241100,20241100
2024-10-02 07:00:00,0.7592,0.7605,0.7605,20241000,20241100,20241100
2024-10-02 08:00:00,0.7589,0.76,0.76,20241000,20241100,20241100
2024-10-02 09:00:00,0.7581,0.7592,0.7592,20241000,20241100,20241100
2024-10-02 10:00:00,0.7577,0.7589,0.7589,20241000,20241100,20241100
2024-10-02 11:00:00,0.7577,0.7588,0.7588,20241000,20241100,20241100
2024-10-02 12:00:00,0.7571,0.7582,0.7582,20241000,20241100,20241100
2024-10-02 13:00:00,0.7562,0.7576,0.7576,20241000,20241100,20241100
2024-10-02 14:00:00,0.7559,0.7572,0.7572,20241000,20241100,20241100
2024-10-02 15:00:00,0.7572,0.7585,0.7585,20241000,20241100,20241100
2024-10-02 16:00:00,0.7556,0.7566,0.7566,20241000,20241100,20241100
2024-10-02 17:00:00,0.7559,0.7566,0.7566,20241000,20241100,20241100
2024-10-02 18:00:00,0.7556,0.7567,0.7567,20241000,20241100,20241100
2024-10-02 19:00:00,0.7555,,,20241000,20241100,20241100
2024-10-02 20:00:00,0.7555,,,20241000,20241100,20241100
2024-10-03 00:00:00,0.7536,0.7555,0.7555,20241000,20241100,20241100
2024-10-03 01:00:00,0.7524,0.7541,0.7541,20241000,20241100,20241100
2024-10-03 02:00:00,0.7512,0.7525,0.7525,20241000,20241100,20241100
2024-10-03 03:00:00,0.7515,,,20241000,20241100,20241100
2024-10-03 04:00:00,0.7508,0.7518,0.7518,20241000,20241100,20241100
2024-10-03 05:00:00,0.7499,0.7512,0.7512,20241000,20241100,20241100
2024-10-03 06:00:00,0.7519,0.753,0.753,20241000,20241100,20241100
2024-10-03 07:00:00,0.7511,0.7523,0.7523,20241000,20241100,20241100
2024-10-03 08:00:00,0.7516,0.7526,0.7526,20241000,20241100,20241100
2024-10-03 09:00:00,0.7513,,,20241000,20241100,20241100
2024-10-03 10:00:00,0.7503,0.7513,0.7513,20241000,20241100,20241100
2024-10-03 11:00:00,0.7504,0.7515,0.7515,20241000,20241100,20241100
2024-10-03 12:00:00,0.7489,0.7501,0.7501,20241000,20241100,20241100
2024-10-03 13:00:00,0.7499,0.7511,0.7511,20241000,20241100,20241100
2024-10-03 14:00:00,0.7489,0.7503,0.7503,20241000,20241100,20241100
2024-10-03 15:00:00,0.7492,0.7504,0.7504,20241000,20241100,20241100
2024-10-03 16:00:00,0.7494,0.7503,0.7503,20241000,20241100,20241100
2024-10-03 17:00:00,0.7499,0.7511,0.7511,20241000,20241100,20241100
2024-10-03 18:00:00,0.7488,0.7502,0.7502,20241000,20241100,20241100
2024-10-03 19:00:00,0.7491,,,20241000,20241100,20241100
2024-10-04 00:00:00,0.751,0.7522,0.7522,20241000,20241100,20241100
2024-10-04 01:00:00,0.7506,0.7518,0.7518,20241000,20241100,20241100
2024-10-04 02:00:00,0.7503,0.752,0.752,20241000,20241100,20241100
2024-10-04 03:00:00,0.75,0.7512,0.7512,20241000,20241100,20241100
2024-10-04 04:00:00,0.7504,0.7513,0.7513,20241000,20241100,20241100
2024-10-04 05:00:00,0.7508,0.7486,0.7486,20241000,20241100,20241100
2024-10-04 06:00:00,0.7497,0.751,0.751,20241000,20241100,20241100
2024-10-04 07:00:00,0.7491,0.7504,0.7504,20241000,20241100,20241100
2024-10-04 08:00:00,0.7472,0.7482,0.7482,20241000,20241100,20241100
2024-10-04 09:00:00,0.7474,0.7488,0.7488,20241000,20241100,20241100
2024-10-04 10:00:00,0.7472,0.7483,0.7483,20241000,20241100,20241100
2024-10-04 11:00:00,0.7473,0.7484,0.7484,20241000,20241100,20241100
2024-10-04 12:00:00,0.7411,0.7425,0.7425,20241000,20241100,20241100
2024-10-04 13:00:00,0.7421,0.7432,0.7432,20241000,20241100,20241100
2024-10-04 14:00:00,0.7422,0.7434,0.7434,20241000,20241100,20241100
2024-10-04 15:00:00,0.742,0.7426,0.7426,20241000,20241100,20241100
2024-10-04 16:00:00,0.7415,0.7427,0.7427,20241000,20241100,20241100
2024-10-04 17:00:00,0.7419,0.743,0.743,20241000,20241100,20241100
2024-10-04 18:00:00,0.7429,0.7441,0.7441,20241000,20241100,20241100
2024-10-04 19:00:00,0.7429,0.744,0.744,20241000,20241100,20241100
2024-10-04 20:00:00,0.7428,0.7439,0.7439,20241000,20241100,20241100
2024-10-07 00:00:00,0.7441,0.7451,0.7451,20241000,20241100,20241100
2024-10-07 01:00:00,0.7443,,,20241100,20241200,20241200
2024-10-07 02:00:00,0.7433,0.7462,0.7462,20241100,20241200,20241200
2024-10-07 03:00:00,0.7434,,,20241100,20241200,20241200
2024-10-07 04:00:00,0.7438,,,20241100,20241200,20241200
2024-10-07 05:00:00,0.745,0.7462,0.7462,20241100,20241200,20241200
2024-10-07 06:00:00,0.744,,,20241100,20241200,20241200
2024-10-07 07:00:00,0.7453,,,20241100,20241200,20241200
2024-10-07 08:00:00,0.7443,,,20241100,20241200,20241200
2024-10-07 09:00:00,0.744,,,20241100,20241200,20241200
2024-10-07 10:00:00,0.744,0.7455,0.7455,20241100,20241200,20241200
2024-10-07 11:00:00,0.7456,,,20241100,20241200,20241200
2024-10-07 12:00:00,0.745,0.7459,0.7459,20241100,20241200,20241200
2024-10-07 13:00:00,0.7458,,,20241100,20241200,20241200
2024-10-07 14:00:00,0.7456,,,20241100,20241200,20241200
2024-10-07 15:00:00,0.7457,,,20241100,20241200,20241200
2024-10-07 16:00:00,0.7453,,,20241100,20241200,20241200
2024-10-07 18:00:00,0.7444,,,20241100,20241200,20241200
2024-10-07 20:00:00,0.7444,,,20241100,20241200,20241200
2024-10-08 00:00:00,0.745,,,20241100,20241200,20241200
2024-10-08 01:00:00,0.7436,,,20241100,20241200,20241200
2024-10-08 02:00:00,0.7431,,,20241100,20241200,20241200
2024-10-08 03:00:00,0.7432,,,20241100,20241200,20241200
2024-10-08 04:00:00,0.7426,,,20241100,20241200,20241200
2024-10-08 05:00:00,0.744,0.7452,0.7452,20241100,20241200,20241200
2024-10-08 06:00:00,0.7425,,,20241100,20241200,20241200
2024-10-08 07:00:00,0.7434,,,20241100,20241200,20241200
2024-10-08 08:00:00,0.7427,,,20241100,20241200,20241200
2024-10-08 09:00:00,0.7434,,,20241100,20241200,20241200
2024-10-08 10:00:00,0.7435,,,20241100,20241200,20241200
2024-10-08 11:00:00,,0.7457,0.7457,20241100,20241200,20241200
2024-10-08 12:00:00,0.7432,,,20241100,20241200,20241200
2024-10-08 13:00:00,0.7439,,,20241100,20241200,20241200
2024-10-08 14:00:00,0.7438,,,20241100,20241200,20241200
2024-10-08 15:00:00,0.7441,,,20241100,20241200,20241200
2024-10-08 16:00:00,0.7442,,,20241100,20241200,20241200
2024-10-08 17:00:00,0.7436,,,20241100,20241200,20241200
2024-10-08 18:00:00,0.7434,,,20241100,20241200,20241200
2024-10-08 19:00:00,0.7436,,,20241100,20241200,20241200
2024-10-08 20:00:00,0.7472,,,20241100,20241200,20241200
2024-10-09 00:00:00,0.7483,,,20241100,20241200,20241200
2024-10-09 01:00:00,0.7469,,,20241100,20241200,20241200
2024-10-09 02:00:00,0.747,,,20241100,20241200,20241200
2024-10-09 03:00:00,0.7467,,,20241100,20241200,20241200
2024-10-09 04:00:00,0.7452,,,20241100,20241200,20241200
2024-10-09 05:00:00,0.7471,0.7468,0.7468,20241100,20241200,20241200
2024-10-09 06:00:00,0.7454,,,20241100,20241200,20241200
2024-10-09 07:00:00,0.7456,,,20241100,20241200,20241200
2024-10-09 08:00:00,0.7451,,,20241100,20241200,20241200
2024-10-09 09:00:00,0.7464,,,20241100,20241200,20241200
2024-10-09 10:00:00,0.746,,,20241100,20241200,20241200
2024-10-09 11:00:00,0.7457,,,20241100,20241200,20241200
2024-10-09 12:00:00,0.7449,,,20241100,20241200,20241200
2024-10-09 13:00:00,0.7442,,,20241100,20241200,20241200
2024-10-09 14:00:00,0.7439,,,20241100,20241200,20241200
2024-10-09 15:00:00,0.7446,,,20241100,20241200,20241200
2024-10-09 17:00:00,0.7433,,,20241100,20241200,20241200
2024-10-09 18:00:00,0.7435,,,20241100,20241200,20241200
2024-10-09 20:00:00,0.7427,,,20241100,20241200,20241200
2024-10-10 00:00:00,0.7425,,,20241100,20241200,20241200
2024-10-10 01:00:00,0.7429,,,20241100,20241200,20241200
2024-10-10 02:00:00,0.7427,,,20241100,20241200,20241200
2024-10-10 03:00:00,0.7426,,,20241100,20241200,20241200
2024-10-10 04:00:00,0.7421,,,20241100,20241200,20241200
2024-10-10 05:00:00,0.7422,0.7433,0.7433,20241100,20241200,20241200
2024-10-10 06:00:00,0.7422,,,20241100,20241200,20241200
2024-10-10 08:00:00,0.7421,,,20241100,20241200,20241200
2024-10-10 09:00:00,0.7426,,,20241100,20241200,20241200
2024-10-10 10:00:00,0.742,,,20241100,20241200,20241200
2024-10-10 11:00:00,0.7413,,,20241100,20241200,20241200
2024-10-10 12:00:00,0.7429,,,20241100,20241200,20241200
2024-10-10 13:00:00,0.7422,0.7434,0.7434,20241100,20241200,20241200
2024-10-10 14:00:00,0.7408,,,20241100,20241200,20241200
2024-10-10 15:00:00,0.7419,,,20241100,20241200,20241200
2024-10-10 16:00:00,0.7397,,,20241100,20241200,20241200
2024-10-10 17:00:00,0.7405,,,20241100,20241200,20241200
2024-10-10 18:00:00,0.7406,,,20241100,20241200,20241200
2024-10-11 00:00:00,0.7427,,,20241100,20241200,20241200
2024-10-11 01:00:00,0.742,,,20241100,20241200,20241200
2024-10-11 02:00:00,0.7438,,,20241100,20241200,20241200
2024-10-11 03:00:00,0.7438,,,20241100,20241200,20241200
2024-10-11 04:00:00,0.7439,,,20241100,20241200,20241200
2024-10-11 05:00:00,0.7416,0.7427,0.7427,20241100,20241200,20241200
2024-10-11 06:00:00,0.7423,,,20241100,20241200,20241200
2024-10-11 07:00:00,0.7426,,,20241100,20241200,20241200
2024-10-11 08:00:00,0.743,,,20241100,20241200,20241200
2024-10-11 09:00:00,0.7416,,,20241100,20241200,20241200
2024-10-11 10:00:00,0.7416,0.7434,0.7434,20241100,20241200,20241200
2024-10-11 11:00:00,0.7417,,,20241100,20241200,20241200
2024-10-11 12:00:00,0.7416,,,20241100,20241200,20241200
2024-10-11 13:00:00,0.7422,,,20241100,20241200,20241200
2024-10-11 14:00:00,0.7416,,,20241100,20241200,20241200
2024-10-11 15:00:00,0.7416,,,20241100,20241200,20241200
2024-10-11 16:00:00,0.7415,,,20241100,20241200,20241200
2024-10-11 17:00:00,0.7416,,,20241100,20241200,20241200
2024-10-11 19:00:00,0.7423,,,20241100,20241200,20241200
2024-10-11 20:00:00,0.7421,,,20241100,20241200,20241200
2024-10-14 00:00:00,0.7412,,,20241100,20241200,20241200
2024-10-14 01:00:00,0.739,,,20241100,20241200,20241200
2024-10-14 02:00:00,0.7386,,,20241100,20241200,20241200
2024-10-14 03:00:00,0.7389,,,20241100,20241200,20241200
2024-10-14 04:00:00,0.7388,,,20241100,20241200,20241200
2024-10-14 05:00:00,0.7394,0.7373,0.7373,20241100,20241200,20241200
2024-10-14 06:00:00,0.7381,,,20241100,20241200,20241200
2024-10-14 07:00:00,0.7379,,,20241100,20241200,20241200
2024-10-14 08:00:00,0.7382,,,20241100,20241200,20241200
2024-10-14 09:00:00,0.7384,,,20241100,20241200,20241200
2024-10-14 10:00:00,0.7373,,,20241100,20241200,20241200
2024-10-14 11:00:00,0.7364,,,20241100,20241200,20241200
2024-10-14 12:00:00,0.7362,,,20241100,20241200,20241200
2024-10-14 13:00:00,0.7379,,,20241100,20241200,20241200
2024-10-14 14:00:00,0.7371,,,20241100,20241200,20241200
2024-10-14 15:00:00,0.7373,,,20241100,20241200,20241200
2024-10-14 16:00:00,0.7373,,,20241100,20241200,20241200
2024-10-14 18:00:00,0.7374,,,20241100,20241200,20241200
2024-10-14 19:00:00,0.7374,,,20241100,20241200,20241200
2024-10-15 00:00:00,0.7376,,,20241100,20241200,20241200
2024-10-15 01:00:00,0.7366,,,20241100,20241200,20241200
2024-10-15 02:00:00,0.7365,,,20241100,20241200,20241200
2024-10-15 03:00:00,0.7355,,,20241100,20241200,20241200
2024-10-15 04:00:00,0.7349,,,20241100,20241200,20241200
2024-10-15 05:00:00,0.7363,0.7374,0.7374,20241100,20241200,20241200
2024-10-15 06:00:00,0.7357,,,20241100,20241200,20241200
2024-10-15 07:00:00,0.7355,,,20241100,20241200,20241200
2024-10-15 08:00:00,0.7364,,,20241100,20241200,20241200
2024-10-15 09:00:00,0.7361,,,20241100,20241200,20241200
2024-10-15 10:00:00,0.7362,,,20241100,20241200,20241200
2024-10-15 11:00:00,0.7364,,,20241100,20241200,20241200
2024-10-15 12:00:00,0.7367,0.738,0.738,20241100,20241200,20241200
2024-10-15 13:00:00,0.7365,,,20241100,20241200,20241200
2024-10-15 14:00:00,0.7353,,,20241100,20241200,20241200
2024-10-15 15:00:00,0.7337,,,20241100,20241200,20241200
2024-10-15 16:00:00,0.733,,,20241100,20241200,20241200
2024-10-15 17:00:00,0.7328,,,20241100,20241200,20241200
2024-10-15 18:00:00,0.7337,,,20241100,20241200,20241200
2024-10-15 19:00:00,0.7336,,,20241100,20241200,20241200
2024-10-16 00:00:00,0.7332,0.7343,0.7343,20241100,20241200,20241200
2024-10-16 01:00:00,0.7348,,,20241100,20241200,20241200
2024-10-16 02:00:00,0.735,,,20241100,20241200,20241200
2024-10-16 03:00:00,0.7351,,,20241100,20241200,20241200
2024-10-16 04:00:00,0.7352,,,20241100,20241200,20241200
2024-10-16 05:00:00,0.7361,0.7372,0.7372,20241100,20241200,20241200
2024-10-16 06:00:00,0.7357,,,20241100,20241200,20241200
2024-10-16 07:00:00,0.7348,,,20241100,20241200,20241200
2024-10-16 08:00:00,0.735,,,20241100,20241200,20241200
2024-10-16 09:00:00,0.7362,,,20241100,20241200,20241200
2024-10-16 10:00:00,0.736,,,20241100,20241200,20241200
2024-10-16 11:00:00,0.736,,,20241100,20241200,20241200
2024-10-16 12:00:00,0.7349,,,20241100,20241200,20241200
2024-10-16 13:00:00,0.7351,,,20241100,20241200,20241200
2024-10-16 14:00:00,0.7342,,,20241100,20241200,20241200
2024-10-16 15:00:00,0.7341,,,20241100,20241200,20241200
2024-10-16 16:00:00,0.734,,,20241100,20241200,20241200
2024-10-16 17:00:00,0.7341,,,20241100,20241200,20241200
2024-10-16 18:00:00,0.7335,,,20241100,20241200,20241200
2024-10-16 19:00:00,0.7335,,,20241100,20241200,20241200
2024-10-16 20:00:00,0.7334,,,20241100,20241200,20241200
2024-10-17 00:00:00,0.7335,0.7353,0.7353,20241100,20241200,20241200
2024-10-17 01:00:00,0.7334,,,20241100,20241200,20241200
2024-10-17 02:00:00,0.7326,0.7343,0.7343,20241100,20241200,20241200
2024-10-17 03:00:00,0.7314,,,20241100,20241200,20241200
2024-10-17 04:00:00,0.7315,,,20241100,20241200,20241200
2024-10-17 05:00:00,0.7309,0.7319,0.7319,20241100,20241200,20241200
2024-10-17 06:00:00,0.7316,,,20241100,20241200,20241200
2024-10-17 07:00:00,0.7309,,,20241100,20241200,20241200
2024-10-17 08:00:00,0.7298,,,20241100,20241200,20241200
2024-10-17 09:00:00,0.7306,,,20241100,20241200,20241200
2024-10-17 10:00:00,0.7304,,,20241100,20241200,20241200
2024-10-17 11:00:00,0.7307,,,20241100,20241200,20241200
2024-10-17 12:00:00,0.7305,,,20241100,20241200,20241200
2024-10-17 13:00:00,0.7301,,,20241100,20241200,20241200
2024-10-17 14:00:00,0.7301,,,20241100,20241200,20241200
2024-10-17 15:00:00,0.7306,,,20241100,20241200,20241200
2024-10-17 16:00:00,0.7297,,,20241100,20241200,20241200
2024-10-17 17:00:00,0.73,,,20241100,20241200,20241200
2024-10-17 18:00:00,0.7298,,,20241100,20241200,20241200
2024-10-17 19:00:00,0.7298,,,20241100,20241200,20241200
2024-10-18 00:00:00,0.73,,,20241100,20241200,20241200
2024-10-18 01:00:00,0.73,,,20241100,20241200,20241200
2024-10-18 02:00:00,0.731,,,20241100,20241200,20241200
2024-10-18 03:00:00,0.7301,,,20241100,20241200,20241200
2024-10-18 04:00:00,0.7299,,,20241100,20241200,20241200
2024-10-18 05:00:00,0.731,0.731,0.731,20241100,20241200,20241200
2024-10-18 06:00:00,0.7303,,,20241100,20241200,20241200
2024-10-18 07:00:00,0.73,,,20241100,20241200,20241200
2024-10-18 08:00:00,0.7302,,,20241100,20241200,20241200
2024-10-18 09:00:00,0.7298,,,20241100,20241200,20241200
2024-10-18 10:00:00,0.7299,,,20241100,20241200,20241200
2024-10-18 11:00:00,0.7299,,,20241100,20241200,20241200
2024-10-18 12:00:00,0.7313,,,20241100,20241200,20241200
2024-10-18 13:00:00,0.7315,,,20241100,20241200,20241200
2024-10-18 14:00:00,0.7315,,,20241100,20241200,20241200
2024-10-18 15:00:00,0.7309,,,20241100,20241200,20241200
2024-10-18 16:00:00,0.7316,,,20241100,20241200,20241200
2024-10-18 17:00:00,0.7315,,,20241100,20241200,20241200
2024-10-18 18:00:00,0.7316,,,20241100,20241200,20241200
2024-10-18 19:00:00,0.7315,,,20241100,20241200,20241200
2024-10-18 20:00:00,0.7305,,,20241100,20241200,20241200
2024-10-20 23:00:00,0.732,,,20241100,20241200,20241200
2024-10-21 00:00:00,0.7317,,,20241100,20241200,20241200
2024-10-21 01:00:00,0.7323,,,20241100,20241200,20241200
2024-10-21 02:00:00,0.7315,,,20241100,20241200,20241200
2024-10-21 03:00:00,0.7312,,,20241100,20241200,20241200
2024-10-21 04:00:00,0.7294,,,20241100,20241200,20241200
2024-10-21 05:00:00,0.7265,0.7301,0.7301,20241100,20241200,20241200
2024-10-21 06:00:00,0.7271,0.7299,0.7299,20241100,20241200,20241200
2024-10-21 07:00:00,0.7267,,,20241100,20241200,20241200
2024-10-21 08:00:00,0.7274,,,20241100,20241200,20241200
2024-10-21 09:00:00,0.7268,,,20241100,20241200,20241200
2024-10-21 10:00:00,0.7264,,,20241100,20241200,20241200
2024-10-21 11:00:00,0.7266,,,20241100,20241200,20241200
2024-10-21 12:00:00,0.7267,,,20241100,20241200,20241200
2024-10-21 13:00:00,0.7264,,,20241100,20241200,20241200
2024-10-21 14:00:00,0.7251,0.7276,0.7276,20241100,20241200,20241200
2024-10-21 15:00:00,0.726,,,20241100,20241200,20241200
2024-10-21 16:00:00,0.7257,,,20241100,20241200,20241200
2024-10-21 17:00:00,0.7256,,,20241100,20241200,20241200
2024-10-21 18:00:00,0.725,,,20241100,20241200,20241200
2024-10-21 19:00:00,0.7252,,,20241100,20241200,20241200
2024-10-21 20:00:00,0.7257,,,20241100,20241200,20241200
2024-10-22 00:00:00,0.7247,0.7255,0.7255,20241100,20241200,20241200
2024-10-22 01:00:00,0.7257,0.7267,0.7267,20241100,20241200,20241200
2024-10-22 02:00:00,0.7254,0.7264,0.7264,20241100,20241200,20241200
2024-10-22 03:00:00,0.7253,0.7264,0.7264,20241100,20241200,20241200
2024-10-22 04:00:00,0.7258,0.7269,0.7269,20241100,20241200,20241200
2024-10-22 05:00:00,0.7264,0.7266,0.7266,20241100,20241200,20241200
2024-10-22 06:00:00,0.7253,0.7263,0.7263,20241100,20241200,20241200
2024-10-22 07:00:00,0.7263,0.7274,0.7274,20241100,20241200,20241200
2024-10-22 08:00:00,0.7268,0.728,0.728,20241100,20241200,20241200
2024-10-22 09:00:00,0.7259,0.7273,0.7273,20241100,20241200,20241200
2024-10-22 10:00:00,0.726,0.727,0.727,20241100,20241200,20241200
2024-10-22 11:00:00,0.726,0.7273,0.7273,20241100,20241200,20241200
2024-10-22 12:00:00,0.7262,0.7273,0.7273,20241100,20241200,20241200
2024-10-22 13:00:00,0.7261,0.7272,0.7272,20241100,20241200,20241200
2024-10-22 14:00:00,0.7263,0.7271,0.7271,20241100,20241200,20241200
2024-10-22 15:00:00,0.7257,0.7272,0.7272,20241100,20241200,20241200
2024-10-22 16:00:00,0.7258,,,20241100,20241200,20241200
2024-10-22 17:00:00,0.7258,0.7269,0.7269,20241100,20241200,20241200
2024-10-22 18:00:00,0.7253,0.7265,0.7265,20241100,20241200,20241200
2024-10-22 19:00:00,0.7261,,,20241100,20241200,20241200
2024-10-22 23:00:00,0.7231,,,20241100,20241200,20241200
2024-10-23 00:00:00,0.7239,0.7257,0.7257,20241100,20241200,20241200
2024-10-23 01:00:00,0.7238,,,20241100,20241200,20241200
2024-10-23 02:00:00,0.7249,0.7263,0.7263,20241100,20241200,20241200
2024-10-23 03:00:00,0.7247,,,20241100,20241200,20241200
2024-10-23 04:00:00,0.7243,,,20241100,20241200,20241200
2024-10-23 05:00:00,0.7236,0.7246,0.7246,20241100,20241200,20241200
2024-10-23 06:00:00,0.7244,,,20241100,20241200,20241200
2024-10-23 07:00:00,0.7244,0.7255,0.7255,20241100,20241200,20241200
2024-10-23 08:00:00,0.7241,,,20241100,20241200,20241200
2024-10-23 09:00:00,0.7244,,,20241100,20241200,20241200
2024-10-23 10:00:00,0.7241,0.7252,0.7252,20241100,20241200,20241200
2024-10-23 11:00:00,0.7226,0.7238,0.7238,20241100,20241200,20241200
2024-10-23 12:00:00,0.7232,0.7241,0.7241,20241100,20241200,20241200
2024-10-23 13:00:00,0.7238,0.725,0.725,20241100,20241200,20241200
2024-10-23 14:00:00,0.7242,0.7252,0.7252,20241100,20241200,20241200
2024-10-23 15:00:00,0.7245,0.7257,0.7257,20241100,20241200,20241200
2024-10-23 16:00:00,0.7244,0.7254,0.7254,20241100,20241200,20241200
2024-10-23 17:00:00,0.7241,0.7251,0.7251,20241100,20241200,20241200
2024-10-23 18:00:00,0.7248,0.7256,0.7256,20241100,20241200,20241200
2024-10-23 19:00:00,0.7256,0.7268,0.7268,20241100,20241200,20241200
2024-10-23 20:00:00,0.7254,,,20241100,20241200,20241200
2024-10-24 00:00:00,0.7252,0.7257,0.7257,20241100,20241200,20241200
2024-10-24 01:00:00,0.7247,0.7258,0.7258,20241100,20241200,20241200
2024-10-24 02:00:00,0.7257,0.7273,0.7273,20241100,20241200,20241200
2024-10-24 03:00:00,0.7256,0.7273,0.7273,20241100,20241200,20241200
2024-10-24 04:00:00,0.7261,,,20241100,20241200,20241200
2024-10-24 05:00:00,0.7258,0.7269,0.7269,20241100,20241200,20241200
2024-10-24 06:00:00,0.7251,,,20241100,20241200,20241200
2024-10-24 07:00:00,0.7264,0.7274,0.7274,20241100,20241200,20241200
2024-10-24 08:00:00,0.7261,0.7272,0.7272,20241100,20241200,20241200
2024-10-24 09:00:00,0.726,,,20241100,20241200,20241200
2024-10-24 10:00:00,0.7257,0.7267,0.7267,20241100,20241200,20241200
2024-10-24 11:00:00,0.7258,0.7269,0.7269,20241100,20241200,20241200
2024-10-24 12:00:00,0.7252,0.726,0.726,20241100,20241200,20241200
2024-10-24 13:00:00,0.7249,0.726,0.726,20241100,20241200,20241200
2024-10-24 14:00:00,0.7242,,,20241100,20241200,20241200
2024-10-24 15:00:00,0.7241,0.7255,0.7255,20241100,20241200,20241200
2024-10-24 16:00:00,0.725,,,20241100,20241200,20241200
2024-10-24 17:00:00,0.7252,0.7265,0.7265,20241100,20241200,20241200
2024-10-24 18:00:00,0.7254,,,20241100,20241200,20241200
2024-10-24 19:00:00,0.7254,0.7264,0.7264,20241100,20241200,20241200
2024-10-24 23:00:00,0.7265,,,20241100,20241200,20241200
2024-10-25 00:00:00,0.725,0.726,0.726,20241100,20241200,20241200
2024-10-25 01:00:00,0.7242,,,20241100,20241200,20241200
2024-10-25 02:00:00,0.7235,0.725,0.725,20241100,20241200,20241200
2024-10-25 03:00:00,0.7213,0.7216,0.7216,20241100,20241200,20241200
2024-10-25 04:00:00,0.7209,,,20241100,20241200,20241200
2024-10-25 05:00:00,0.7203,0.7213,0.7213,20241100,20241200,20241200
2024-10-25 06:00:00,0.72,0.7226,0.7226,20241100,20241200,20241200
2024-10-25 07:00:00,0.7209,0.7217,0.7217,20241100,20241200,20241200
2024-10-25 08:00:00,0.7205,0.7219,0.7219,20241100,20241200,20241200
2024-10-25 09:00:00,0.7205,,,20241100,20241200,20241200
2024-10-25 10:00:00,0.7198,0.7209,0.7209,20241100,20241200,20241200
2024-10-25 11:00:00,0.7205,0.7212,0.7212,20241100,20241200,20241200
2024-10-25 12:00:00,0.7212,0.7219,0.7219,20241100,20241200,20241200
2024-10-25 13:00:00,0.7206,0.7217,0.7217,20241100,20241200,20241200
2024-10-25 14:00:00,0.7208,0.7216,0.7216,20241100,20241200,20241200
2024-10-25 15:00:00,0.7203,0.7216,0.7216,20241100,20241200,20241200
2024-10-25 16:00:00,0.7188,0.72,0.72,20241100,20241200,20241200
2024-10-25 17:00:00,0.7188,0.7198,0.7198,20241100,20241200,20241200
2024-10-25 18:00:00,0.7192,0.7199,0.7199,20241100,20241200,20241200
2024-10-25 19:00:00,0.7213,0.7208,0.7208,20241100,20241200,20241200
2024-10-25 20:00:00,0.721,0.7221,0.7221,20241100,20241200,20241200
2024-10-27 23:00:00,0.7215,,,20241100,20241200,20241200
2024-10-28 00:00:00,0.7204,0.7217,0.7217,20241100,20241200,20241200
2024-10-28 01:00:00,0.7199,0.7211,0.7211,20241100,20241200,20241200
2024-10-28 02:00:00,0.7213,0.7229,0.7229,20241100,20241200,20241200
2024-10-28 03:00:00,0.7214,,,20241100,20241200,20241200
2024-10-28 04:00:00,0.7226,0.7238,0.7238,20241100,20241200,20241200
2024-10-28 05:00:00,0.7234,0.7244,0.7244,20241100,20241200,20241200
2024-10-28 06:00:00,0.7223,0.7236,0.7236,20241100,20241200,20241200
2024-10-28 07:00:00,0.7229,0.7242,0.7242,20241100,20241200,20241200
2024-10-28 08:00:00,0.7229,0.7239,0.7239,20241100,20241200,20241200
2024-10-28 09:00:00,0.7228,0.7238,0.7238,20241100,20241200,20241200
2024-10-28 10:00:00,0.7231,0.724,0.724,20241100,20241200,20241200
2024-10-28 11:00:00,0.7231,0.724,0.724,20241100,20241200,20241200
2024-10-28 12:00:00,0.7233,0.7247,0.7247,20241100,20241200,20241200
2024-10-28 13:00:00,0.7234,,,20241100,20241200,20241200
2024-10-28 14:00:00,0.7232,0.7245,0.7245,20241100,20241200,20241200
2024-10-28 15:00:00,0.7223,0.7241,0.7241,20241100,20241200,20241200
2024-10-28 16:00:00,0.7224,0.7236,0.7236,20241100,20241200,20241200
2024-10-28 17:00:00,0.7233,0.7237,0.7237,20241100,20241200,20241200
2024-10-28 18:00:00,0.7231,,,20241100,20241200,20241200
2024-10-28 19:00:00,0.7236,0.7244,0.7244,20241100,20241200,20241200
2024-10-28 20:00:00,0.7236,0.7247,0.7247,20241100,20241200,20241200
2024-10-29 00:00:00,0.7229,0.7242,0.7242,20241100,20241200,20241200
2024-10-29 01:00:00,0.7251,0.7259,0.7259,20241100,20241200,20241200
2024-10-29 02:00:00,0.725,,,20241100,20241200,20241200
2024-10-29 03:00:00,0.7233,,,20241100,20241200,20241200
2024-10-29 04:00:00,0.7234,0.7259,0.7259,20241100,20241200,20241200
2024-10-29 05:00:00,0.7216,0.7226,0.7226,20241100,20241200,20241200
2024-10-29 06:00:00,0.7224,0.7229,0.7229,20241100,20241200,20241200
2024-10-29 07:00:00,0.7219,,,20241100,20241200,20241200
2024-10-29 08:00:00,0.7224,0.7229,0.7229,20241100,20241200,20241200
2024-10-29 09:00:00,0.7219,0.7228,0.7228,20241100,20241200,20241200
2024-10-29 10:00:00,0.7217,0.7226,0.7226,20241100,20241200,20241200
2024-10-29 11:00:00,0.7217,,,20241100,20241200,20241200
2024-10-29 12:00:00,0.7208,0.7215,0.7215,20241100,20241200,20241200
2024-10-29 13:00:00,0.7213,0.7219,0.7219,20241100,20241200,20241200
2024-10-29 14:00:00,0.7221,0.7233,0.7233,20241100,20241200,20241200
2024-10-29 15:00:00,0.7239,0.725,0.725,20241100,20241200,20241200
2024-10-29 16:00:00,0.7234,0.724,0.724,20241100,20241200,20241200
2024-10-29 17:00:00,0.7224,0.7235,0.7235,20241100,20241200,20241200
2024-10-29 18:00:00,0.7225,,,20241100,20241200,20241200
2024-10-29 19:00:00,0.7221,0.7232,0.7232,20241100,20241200,20241200
2024-10-29 20:00:00,0.7223,,,20241100,20241200,20241200
2024-10-30 00:00:00,0.723,0.7243,0.7243,20241100,20241200,20241200
2024-10-30 01:00:00,0.724,0.7245,0.7245,20241100,20241200,20241200
2024-10-30 02:00:00,0.7237,0.7245,0.7245,20241100,20241200,20241200
2024-10-30 03:00:00,0.7228,,,20241100,20241200,20241200
2024-10-30 04:00:00,0.7231,0.7241,0.7241,20241100,20241200,20241200
2024-10-30 05:00:00,0.7264,0.7275,0.7275,20241100,20241200,20241200
2024-10-30 06:00:00,0.7251,0.7249,0.7249,20241100,20241200,20241200
2024-10-30 07:00:00,0.7249,0.7258,0.7258,20241100,20241200,20241200
2024-10-30 08:00:00,0.7272,0.729,0.729,20241100,20241200,20241200
2024-10-30 09:00:00,0.7268,0.7278,0.7278,20241100,20241200,20241200
2024-10-30 10:00:00,0.7267,0.7275,0.7275,20241100,20241200,20241200
2024-10-30 11:00:00,0.7257,0.7266,0.7266,20241100,20241200,20241200
2024-10-30 12:00:00,0.7247,0.7254,0.7254,20241100,20241200,20241200
2024-10-30 13:00:00,0.7262,0.7273,0.7273,20241100,20241200,20241200
2024-10-30 14:00:00,0.7256,0.7265,0.7265,20241100,20241200,20241200
2024-10-30 15:00:00,0.7249,0.7257,0.7257,20241100,20241200,20241200
2024-10-30 16:00:00,0.7254,0.7264,0.7264,20241100,20241200,20241200
2024-10-30 17:00:00,0.7249,0.7262,0.7262,20241100,20241200,20241200
2024-10-30 18:00:00,0.7251,0.7264,0.7264,20241100,20241200,20241200
2024-10-30 19:00:00,0.7254,0.7259,0.7259,20241100,20241200,20241200
2024-10-30 20:00:00,0.725,0.7268,0.7268,20241100,20241200,20241200
2024-10-31 00:00:00,0.7251,,,20241100,20241200,20241200
2024-10-31 01:00:00,0.7248,,,20241100,20241200,20241200
2024-10-31 02:00:00,0.7247,,,20241100,20241200,20241200
2024-10-31 03:00:00,0.7251,0.7259,0.7259,20241100,20241200,20241200
2024-10-31 04:00:00,0.726,0.7266,0.7266,20241100,20241200,20241200
2024-10-31 05:00:00,0.7255,0.7265,0.7265,20241100,20241200,20241200
2024-10-31 06:00:00,0.7243,0.7264,0.7264,20241100,20241200,20241200
2024-10-31 07:00:00,0.7259,0.7264,0.7264,20241100,20241200,20241200
2024-10-31 08:00:00,0.7258,0.7266,0.7266,20241100,20241200,20241200
2024-10-31 09:00:00,0.7258,0.7268,0.7268,20241100,20241200,20241200
2024-10-31 10:00:00,0.726,0.727,0.727,20241100,20241200,20241200
2024-10-31 11:00:00,0.7264,,,20241100,20241200,20241200
2024-10-31 12:00:00,0.726,0.727,0.727,20241100,20241200,20241200
2024-10-31 13:00:00,0.7253,0.7263,0.7263,20241100,20241200,20241200
2024-10-31 14:00:00,0.7258,0.7268,0.7268,20241100,20241200,20241200
2024-10-31 15:00:00,0.7257,0.7265,0.7265,20241100,20241200,20241200
2024-10-31 16:00:00,0.7266,0.7276,0.7276,20241100,20241200,20241200
2024-10-31 17:00:00,0.7266,0.7283,0.7283,20241100,20241200,20241200
2024-10-31 18:00:00,0.7272,0.7276,0.7276,20241100,20241200,20241200
2024-10-31 19:00:00,0.7275,0.7285,0.7285,20241100,20241200,20241200
2024-10-31 20:00:00,0.7279,0.7289,0.7289,20241100,20241200,20241200
2024-11-01 00:00:00,0.727,0.7282,0.7282,20241100,20241200,20241200
2024-11-01 01:00:00,0.7263,0.7264,0.7264,20241100,20241200,20241200
2024-11-01 02:00:00,0.7253,,,20241100,20241200,20241200
2024-11-01 03:00:00,0.7253,0.7263,0.7263,20241100,20241200,20241200
2024-11-01 04:00:00,0.7251,,,20241100,20241200,20241200
2024-11-01 05:00:00,0.7251,0.7261,0.7261,20241100,20241200,20241200
2024-11-01 06:00:00,0.7258,,,20241100,20241200,20241200
2024-11-01 07:00:00,0.7251,0.7262,0.7262,20241100,20241200,20241200
2024-11-01 08:00:00,0.7259,0.7267,0.7267,20241100,20241200,20241200
2024-11-01 09:00:00,0.7262,0.727,0.727,20241100,20241200,20241200
2024-11-01 10:00:00,0.7265,0.7273,0.7273,20241100,20241200,20241200
2024-11-01 11:00:00,0.7262,,,20241100,20241200,20241200
2024-11-01 12:00:00,0.7273,0.7283,0.7283,20241100,20241200,20241200
2024-11-01 13:00:00,0.7274,0.7283,0.7283,20241100,20241200,20241200
2024-11-01 14:00:00,0.7261,0.7271,0.7271,20241100,20241200,20241200
2024-11-01 15:00:00,0.7264,0.7273,0.7273,20241100,20241200,20241200
2024-11-01 16:00:00,0.7258,0.7272,0.7272,20241100,20241200,20241200
2024-11-01 17:00:00,0.7261,0.7271,0.7271,20241100,20241200,20241200
2024-11-01 18:00:00,0.7252,0.7263,0.7263,20241100,20241200,20241200
2024-11-01 19:00:00,0.7254,0.7265,0.7265,20241100,20241200,20241200
2024-11-01 20:00:00,0.7241,0.7253,0.7253,20241100,20241200,20241200
2024-11-04 00:00:00,0.7292,0.7293,0.7293,20241100,20241200,20241200
2024-11-04 01:00:00,0.7292,0.7302,0.7302,20241100,20241200,20241200
2024-11-04 02:00:00,0.7288,0.7298,0.7298,20241100,20241200,20241200
2024-11-04 03:00:00,0.7304,0.7316,0.7316,20241100,20241200,20241200
2024-11-04 04:00:00,0.7306,0.7316,0.7316,20241100,20241200,20241200
2024-11-04 05:00:00,0.7304,0.7313,0.7313,20241100,20241200,20241200
2024-11-04 06:00:00,0.7284,0.7302,0.7302,20241100,20241200,20241200
2024-11-04 07:00:00,0.7284,0.7295,0.7295,20241100,20241200,20241200
2024-11-04 08:00:00,0.727,0.7278,0.7278,20241100,20241200,20241200
2024-11-04 09:00:00,0.7274,0.7286,0.7286,20241100,20241200,20241200
2024-11-04 10:00:00,0.7279,0.7289,0.7289,20241100,20241200,20241200
2024-11-04 11:00:00,0.7286,0.7295,0.7295,20241100,20241200,20241200
2024-11-04 12:00:00,0.728,0.729,0.729,20241100,20241200,20241200
2024-11-04 13:00:00,0.7278,0.7278,0.7278,20241100,20241200,20241200
2024-11-04 14:00:00,0.7278,0.7286,0.7286,20241100,20241200,20241200
2024-11-04 15:00:00,0.7273,0.7292,0.7292,20241100,20241200,20241200
2024-11-04 16:00:00,0.7277,0.7288,0.7288,20241100,20241200,20241200
2024-11-04 17:00:00,0.7274,0.7284,0.7284,20241100,20241200,20241200
2024-11-04 18:00:00,0.7271,0.7276,0.7276,20241100,20241200,20241200
2024-11-04 20:00:00,0.7278,0.7287,0.7287,20241100,20241200,20241200
2024-11-04 21:00:00,0.7281,,,20241100,20241200,20241200
2024-11-04 23:00:00,0.7298,0.7308,0.7308,20241100,20241200,20241200
2024-11-05 00:00:00,0.7266,0.728,0.728,20241100,20241200,20241200
2024-11-05 01:00:00,0.7262,0.7272,0.7272,20241100,20241200,20241200
2024-11-05 02:00:00,0.7257,0.7262,0.7262,20241100,20241200,20241200
2024-11-05 03:00:00,0.7257,0.7262,0.7262,20241100,20241200,20241200
2024-11-05 04:00:00,0.7252,0.726,0.726,20241100,20241200,20241200
2024-11-05 05:00:00,0.7253,0.7262,0.7262,20241100,20241200,20241200
2024-11-05 06:00:00,0.7252,0.726,0.726,20241100,20241200,20241200
2024-11-05 07:00:00,0.726,0.7275,0.7275,20241100,20241200,20241200
2024-11-05 08:00:00,0.7257,0.7264,0.7264,20241100,20241200,20241200
2024-11-05 09:00:00,0.7253,0.7265,0.7265,20241100,20241200,20241200
2024-11-05 10:00:00,0.7252,0.7261,0.7261,20241100,20241200,20241200
2024-11-05 11:00:00,0.725,0.726,0.726,20241100,20241200,20241200
2024-11-05 12:00:00,0.7247,0.7256,0.7256,20241100,20241200,20241200
2024-11-05 13:00:00,0.7256,0.7266,0.7266,20241100,20241200,20241200
2024-11-05 14:00:00,0.7251,0.726,0.726,20241100,20241200,20241200
2024-11-05 15:00:00,0.725,0.7258,0.7258,20241100,20241200,20241200
2024-11-05 16:00:00,0.7244,0.7252,0.7252,20241100,20241200,20241200
2024-11-05 17:00:00,0.7255,0.7258,0.7258,20241100,20241200,20241200
2024-11-05 18:00:00,0.7249,0.7262,0.7262,20241100,20241200,20241200
2024-11-05 19:00:00,0.7255,0.7264,0.7264,20241100,20241200,20241200
2024-11-05 20:00:00,0.7257,0.7265,0.7265,20241100,20241200,20241200
2024-11-05 21:00:00,0.7257,0.7263,0.7263,20241100,20241200,20241200
2024-11-06 00:00:00,0.7216,0.7224,0.7224,20241100,20241200,20241200
2024-11-06 01:00:00,0.7222,,,20241200,20250100,20250100
2024-11-06 02:00:00,0.7161,,,20241200,20250100,20250100
2024-11-06 03:00:00,0.7163,,,20241200,20250100,20250100
2024-11-06 04:00:00,0.7173,,,20241200,20250100,20250100
2024-11-06 05:00:00,0.7175,,,20241200,20250100,20250100
2024-11-06 06:00:00,0.7154,0.7168,0.7168,20241200,20250100,20250100
2024-11-06 07:00:00,0.7179,,,20241200,20250100,20250100
2024-11-06 08:00:00,0.7176,,,20241200,20250100,20250100
2024-11-06 09:00:00,0.7172,,,20241200,20250100,20250100
2024-11-06 10:00:00,0.7158,,,20241200,20250100,20250100
2024-11-06 11:00:00,0.7132,,,20241200,20250100,20250100
2024-11-06 12:00:00,0.7142,,,20241200,20250100,20250100
2024-11-06 13:00:00,0.7151,,,20241200,20250100,20250100
2024-11-06 14:00:00,0.7141,,,20241200,20250100,20250100
2024-11-06 15:00:00,0.7158,,,20241200,20250100,20250100
2024-11-06 16:00:00,0.715,,,20241200,20250100,20250100
2024-11-06 17:00:00,0.7154,,,20241200,20250100,20250100
2024-11-06 18:00:00,0.7164,,,20241200,20250100,20250100
2024-11-06 19:00:00,0.7164,,,20241200,20250100,20250100
2024-11-06 21:00:00,0.7164,,,20241200,20250100,20250100
2024-11-07 00:00:00,0.7129,,,20241200,20250100,20250100
2024-11-07 01:00:00,0.7156,,,20241200,20250100,20250100
2024-11-07 02:00:00,0.7167,,,20241200,20250100,20250100
2024-11-07 03:00:00,0.7168,,,20241200,20250100,20250100
2024-11-07 04:00:00,0.7163,,,20241200,20250100,20250100
2024-11-07 05:00:00,0.716,,,20241200,20250100,20250100
2024-11-07 06:00:00,0.7169,0.719,0.719,20241200,20250100,20250100
2024-11-07 07:00:00,0.7188,,,20241200,20250100,20250100
2024-11-07 08:00:00,0.7189,,,20241200,20250100,20250100
2024-11-07 09:00:00,0.7182,,,20241200,20250100,20250100
2024-11-07 12:00:00,0.7207,,,20241200,20250100,20250100
2024-11-07 13:00:00,0.7218,,,20241200,20250100,20250100
2024-11-07 14:00:00,0.7233,,,20241200,20250100,20250100
2024-11-07 15:00:00,0.7242,,,20241200,20250100,20250100
2024-11-07 16:00:00,0.722,,,20241200,20250100,20250100
2024-11-07 17:00:00,0.7231,,,20241200,20250100,20250100
2024-11-07 18:00:00,0.7231,,,20241200,20250100,20250100
2024-11-07 19:00:00,0.722,,,20241200,20250100,20250100
2024-11-07 20:00:00,0.7232,,,20241200,20250100,20250100
2024-11-08 00:00:00,0.7213,,,20241200,20250100,20250100
2024-11-08 01:00:00,0.723,,,20241200,20250100,20250100
2024-11-08 02:00:00,0.7234,,,20241200,20250100,20250100
2024-11-08 03:00:00,0.7221,,,20241200,20250100,20250100
2024-11-08 04:00:00,0.7221,,,20241200,20250100,20250100
2024-11-08 05:00:00,0.7221,,,20241200,20250100,20250100
2024-11-08 06:00:00,0.7221,0.7236,0.7236,20241200,20250100,20250100
2024-11-08 08:00:00,0.7208,,,20241200,20250100,20250100
2024-11-08 09:00:00,0.7227,,,20241200,20250100,20250100
2024-11-08 10:00:00,0.7212,,,20241200,20250100,20250100
2024-11-08 11:00:00,0.7219,,,20241200,20250100,20250100
2024-11-08 12:00:00,0.7212,,,20241200,20250100,20250100
2024-11-08 13:00:00,0.72,,,20241200,20250100,20250100
2024-11-08 14:00:00,0.7202,,,20241200,20250100,20250100
2024-11-08 15:00:00,0.7186,,,20241200,20250100,20250100
2024-11-08 16:00:00,0.7164,,,20241200,20250100,20250100
2024-11-08 17:00:00,0.7168,,,20241200,20250100,20250100
2024-11-08 19:00:00,0.7166,,,20241200,20250100,20250100
2024-11-08 20:00:00,0.7166,,,20241200,20250100,20250100
2024-11-11 00:00:00,0.7177,,,20241200,20250100,20250100
2024-11-11 01:00:00,0.7177,,,20241200,20250100,20250100
2024-11-11 02:00:00,0.7176,,,20241200,20250100,20250100
2024-11-11 03:00:00,0.7165,,,20241200,20250100,20250100
2024-11-11 04:00:00,0.717,,,20241200,20250100,20250100
2024-11-11 05:00:00,0.7171,,,20241200,20250100,20250100
2024-11-11 06:00:00,0.7163,0.7177,0.7177,20241200,20250100,20250100
2024-11-11 07:00:00,0.7169,,,20241200,20250100,20250100
2024-11-11 08:00:00,0.7173,,,20241200,20250100,20250100
2024-11-11 09:00:00,0.7165,,,20241200,20250100,20250100
2024-11-11 10:00:00,0.7169,,,20241200,20250100,20250100
2024-11-11 11:00:00,0.7165,,,20241200,20250100,20250100
2024-11-11 12:00:00,0.716,,,20241200,20250100,20250100
2024-11-11 13:00:00,0.7159,,,20241200,20250100,20250100
2024-11-11 14:00:00,0.7138,,,20241200,20250100,20250100
2024-11-11 15:00:00,0.714,,,20241200,20250100,20250100
2024-11-11 16:00:00,0.7144,,,20241200,20250100,20250100
2024-11-11 17:00:00,0.7141,,,20241200,20250100,20250100
2024-11-11 18:00:00,0.7141,,,20241200,20250100,20250100
2024-11-11 19:00:00,0.7143,,,20241200,20250100,20250100
2024-11-11 20:00:00,0.7143,,,20241200,20250100,20250100
2024-11-12 00:00:00,0.714,,,20241200,20250100,20250100
2024-11-12 01:00:00,0.7143,,,20241200,20250100,20250100
2024-11-12 02:00:00,0.7143,,,20241200,20250100,20250100
2024-11-12 03:00:00,0.715,,,20241200,20250100,20250100
2024-11-12 05:00:00,0.7139,,,20241200,20250100,20250100
2024-11-12 06:00:00,0.7128,0.7132,0.7132,20241200,20250100,20250100
2024-11-12 07:00:00,0.7115,,,20241200,20250100,20250100
2024-11-12 08:00:00,0.7123,,,20241200,20250100,20250100
2024-11-12 09:00:00,0.711,,,20241200,20250100,20250100
2024-11-12 10:00:00,0.7107,,,20241200,20250100,20250100
2024-11-12 11:00:00,0.7114,,,20241200,20250100,20250100
2024-11-12 12:00:00,0.7119,,,20241200,20250100,20250100
2024-11-12 13:00:00,0.7113,,,20241200,20250100,20250100
2024-11-12 14:00:00,0.712,,,20241200,20250100,20250100
2024-11-12 15:00:00,0.7108,,,20241200,20250100,20250100
2024-11-12 16:00:00,0.7103,,,20241200,20250100,20250100
2024-11-12 17:00:00,0.7105,,,20241200,20250100,20250100
2024-11-12 18:00:00,0.7106,,,20241200,20250100,20250100
2024-11-12 19:00:00,0.7109,,,20241200,20250100,20250100
2024-11-12 20:00:00,0.7113,,,20241200,20250100,20250100
2024-11-13 00:00:00,0.7102,,,20241200,20250100,20250100
2024-11-13 01:00:00,0.712,,,20241200,20250100,20250100
2024-11-13 02:00:00,0.712,,,20241200,20250100,20250100
2024-11-13 03:00:00,0.7112,,,20241200,20250100,20250100
2024-11-13 04:00:00,0.711,,,20241200,20250100,20250100
2024-11-13 05:00:00,0.7111,,,20241200,20250100,20250100
2024-11-13 06:00:00,0.7111,0.7154,0.7154,20241200,20250100,20250100
2024-11-13 07:00:00,0.7119,,,20241200,20250100,20250100
2024-11-13 08:00:00,0.7152,,,20241200,20250100,20250100
2024-11-13 09:00:00,0.7158,,,20241200,20250100,20250100
2024-11-13 10:00:00,0.7144,,,20241200,20250100,20250100
2024-11-13 11:00:00,0.7157,,,20241200,20250100,20250100
2024-11-13 12:00:00,0.715,,,20241200,20250100,20250100
2024-11-13 13:00:00,0.7157,,,20241200,20250100,20250100
2024-11-13 14:00:00,0.7132,,,20241200,20250100,20250100
2024-11-13 15:00:00,0.7133,,,20241200,20250100,20250100
2024-11-13 16:00:00,0.712,,,20241200,20250100,20250100
2024-11-13 17:00:00,0.7113,,,20241200,20250100,20250100
2024-11-13 18:00:00,0.711,,,20241200,20250100,20250100
2024-11-13 19:00:00,0.7116,,,20241200,20250100,20250100
2024-11-13 20:00:00,0.7111,,,20241200,20250100,20250100
2024-11-13 21:00:00,0.7111,,,20241200,20250100,20250100
2024-11-13 23:00:00,0.7105,,,20241200,20250100,20250100
2024-11-14 00:00:00,0.7122,,,20241200,20250100,20250100
2024-11-14 01:00:00,0.7106,,,20241200,20250100,20250100
2024-11-14 02:00:00,0.7104,,,20241200,20250100,20250100
2024-11-14 03:00:00,0.7112,,,20241200,20250100,20250100
2024-11-14 04:00:00,0.7113,,,20241200,20250100,20250100
2024-11-14 05:00:00,0.7118,,,20241200,20250100,20250100
2024-11-14 06:00:00,0.7114,0.7118,0.7118,20241200,20250100,20250100
2024-11-14 07:00:00,0.7142,,,20241200,20250100,20250100
2024-11-14 08:00:00,0.7118,,,20241200,20250100,20250100
2024-11-14 09:00:00,0.7107,,,20241200,20250100,20250100
2024-11-14 10:00:00,0.7109,,,20241200,20250100,20250100
2024-11-14 11:00:00,0.7121,,,20241200,20250100,20250100
2024-11-14 12:00:00,0.7127,,,20241200,20250100,20250100
2024-11-14 13:00:00,0.7122,,,20241200,20250100,20250100
2024-11-14 14:00:00,0.7132,,,20241200,20250100,20250100
2024-11-14 15:00:00,0.7143,,,20241200,20250100,20250100
2024-11-14 16:00:00,0.7129,,,20241200,20250100,20250100
2024-11-14 17:00:00,0.7129,,,20241200,20250100,20250100
2024-11-14 18:00:00,0.7125,,,20241200,20250100,20250100
2024-11-14 19:00:00,0.7126,,,20241200,20250100,20250100
2024-11-14 20:00:00,0.7108,,,20241200,20250100,20250100
2024-11-14 21:00:00,0.7109,,,20241200,20250100,20250100
2024-11-15 00:00:00,0.7109,,,20241200,20250100,20250100
2024-11-15 01:00:00,0.7119,,,20241200,20250100,20250100
2024-11-15 02:00:00,0.7142,,,20241200,20250100,20250100
2024-11-15 03:00:00,0.7143,,,20241200,20250100,20250100
2024-11-15 04:00:00,0.7145,,,20241200,20250100,20250100
2024-11-15 05:00:00,0.7152,,,20241200,20250100,20250100
2024-11-15 06:00:00,0.7174,0.7186,0.7186,20241200,20250100,20250100
2024-11-15 07:00:00,0.7173,,,20241200,20250100,20250100
2024-11-15 08:00:00,0.718,,,20241200,20250100,20250100
2024-11-15 09:00:00,0.7175,,,20241200,20250100,20250100
2024-11-15 10:00:00,0.7174,,,20241200,20250100,20250100
2024-11-15 11:00:00,0.7173,,,20241200,20250100,20250100
2024-11-15 12:00:00,0.7172,,,20241200,20250100,20250100
2024-11-15 13:00:00,0.7168,,,20241200,20250100,20250100
2024-11-15 14:00:00,0.7148,,,20241200,20250100,20250100
2024-11-15 15:00:00,0.7156,,,20241200,20250100,20250100
2024-11-15 16:00:00,0.7156,,,20241200,20250100,20250100
2024-11-15 17:00:00,0.7165,,,20241200,20250100,20250100
2024-11-15 18:00:00,0.7176,,,20241200,20250100,20250100
2024-11-15 19:00:00,0.7173,,,20241200,20250100,20250100
2024-11-15 20:00:00,0.7164,,,20241200,20250100,20250100
2024-11-15 21:00:00,0.7168,,,20241200,20250100,20250100
2024-11-18 00:00:00,0.7197,,,20241200,20250100,20250100
2024-11-18 01:00:00,0.7195,,,20241200,20250100,20250100
2024-11-18 02:00:00,0.7188,,,20241200,20250100,20250100
2024-11-18 03:00:00,0.7177,,,20241200,20250100,20250100
2024-11-18 04:00:00,0.7186,,,20241200,20250100,20250100
2024-11-18 05:00:00,0.7179,,,20241200,20250100,20250100
2024-11-18 06:00:00,0.716,0.7172,0.7172,20241200,20250100,20250100
2024-11-18 07:00:00,0.7161,,,20241200,20250100,20250100
2024-11-18 08:00:00,0.7147,,,20241200,20250100,20250100
2024-11-18 09:00:00,0.7164,,,20241200,20250100,20250100
2024-11-18 10:00:00,0.7162,,,20241200,20250100,20250100
2024-11-18 11:00:00,0.7167,,,20241200,20250100,20250100
2024-11-18 12:00:00,0.7161,,,20241200,20250100,20250100
2024-11-18 13:00:00,0.7179,,,20241200,20250100,20250100
2024-11-18 14:00:00,0.7179,,,20241200,20250100,20250100
2024-11-18 15:00:00,0.7184,,,20241200,20250100,20250100
2024-11-18 16:00:00,0.718,,,20241200,20250100,20250100
2024-11-18 17:00:00,0.7186,,,20241200,20250100,20250100
2024-11-18 18:00:00,0.7191,,,20241200,20250100,20250100
2024-11-18 19:00:00,0.7186,,,20241200,20250100,20250100
2024-11-18 20:00:00,0.7191,,,20241200,20250100,20250100
2024-11-18 21:00:00,0.7187,,,20241200,20250100,20250100
2024-11-18 23:00:00,0.7169,,,20241200,20250100,20250100
2024-11-19 00:00:00,0.7186,,,20241200,20250100,20250100
2024-11-19 01:00:00,0.7188,0.7196,0.7196,20241200,20250100,20250100
2024-11-19 02:00:00,0.7191,0.7196,0.7196,20241200,20250100,20250100
2024-11-19 03:00:00,0.7201,0.7211,0.7211,20241200,20250100,20250100
2024-11-19 04:00:00,0.7197,0.7205,0.7205,20241200,20250100,20250100
2024-11-19 05:00:00,0.7196,0.7206,0.7206,20241200,20250100,20250100
2024-11-19 06:00:00,0.72,0.7192,0.7192,20241200,20250100,20250100
2024-11-19 07:00:00,0.7187,,,20241200,20250100,20250100
2024-11-19 08:00:00,0.7175,0.7193,0.7193,20241200,20250100,20250100
2024-11-19 09:00:00,0.718,0.7191,0.7191,20241200,20250100,20250100
2024-11-19 10:00:00,0.7179,0.7188,0.7188,20241200,20250100,20250100
2024-11-19 11:00:00,0.7185,0.7194,0.7194,20241200,20250100,20250100
2024-11-19 12:00:00,0.719,0.7195,0.7195,20241200,20250100,20250100
2024-11-19 13:00:00,0.7188,,,20241200,20250100,20250100
2024-11-19 14:00:00,0.718,0.7195,0.7195,20241200,20250100,20250100
2024-11-19 15:00:00,0.719,0.72,0.72,20241200,20250100,20250100
2024-11-19 16:00:00,0.7189,,,20241200,20250100,20250100
2024-11-19 17:00:00,0.7183,,,20241200,20250100,20250100
2024-11-19 18:00:00,0.7187,,,20241200,20250100,20250100
2024-11-19 19:00:00,0.7184,,,20241200,20250100,20250100
2024-11-19 20:00:00,0.7185,,,20241200,20250100,20250100
2024-11-19 21:00:00,0.7186,,,20241200,20250100,20250100
2024-11-19 23:00:00,0.7183,0.7192,0.7192,20241200,20250100,20250100
2024-11-20 00:00:00,0.719,0.7209,0.7209,20241200,20250100,20250100
2024-11-20 01:00:00,0.7187,0.7192,0.7192,20241200,20250100,20250100
2024-11-20 02:00:00,0.719,0.7199,0.7199,20241200,20250100,20250100
2024-11-20 03:00:00,0.7187,0.7198,0.7198,20241200,20250100,20250100
2024-11-20 04:00:00,0.7204,0.7208,0.7208,20241200,20250100,20250100
2024-11-20 05:00:00,0.7198,0.7211,0.7211,20241200,20250100,20250100
2024-11-20 06:00:00,0.716,0.7174,0.7174,20241200,20250100,20250100
2024-11-20 07:00:00,0.7186,0.7196,0.7196,20241200,20250100,20250100
2024-11-20 08:00:00,0.7171,0.7185,0.7185,20241200,20250100,20250100
2024-11-20 09:00:00,0.7166,0.7176,0.7176,20241200,20250100,20250100
2024-11-20 10:00:00,0.7166,,,20241200,20250100,20250100
2024-11-20 11:00:00,0.7165,0.7172,0.7172,20241200,20250100,20250100
2024-11-20 12:00:00,0.7171,0.7182,0.7182,20241200,20250100,20250100
2024-11-20 13:00:00,0.7166,0.7176,0.7176,20241200,20250100,20250100
2024-11-20 14:00:00,0.7151,0.717,0.717,20241200,20250100,20250100
2024-11-20 15:00:00,0.7154,0.7171,0.7171,20241200,20250100,20250100
2024-11-20 16:00:00,0.715,0.7158,0.7158,20241200,20250100,20250100
2024-11-20 17:00:00,0.7151,0.7161,0.7161,20241200,20250100,20250100
2024-11-20 18:00:00,0.7148,0.7155,0.7155,20241200,20250100,20250100
2024-11-20 19:00:00,0.7148,0.7157,0.7157,20241200,20250100,20250100
2024-11-20 20:00:00,0.715,,,20241200,20250100,20250100
2024-11-20 21:00:00,0.7151,,,20241200,20250100,20250100
2024-11-21 00:00:00,0.7159,0.7172,0.7172,20241200,20250100,20250100
2024-11-21 01:00:00,0.7151,0.7162,0.7162,20241200,20250100,20250100
2024-11-21 02:00:00,0.7156,0.7162,0.7162,20241200,20250100,20250100
2024-11-21 03:00:00,0.7165,,,20241200,20250100,20250100
2024-11-21 04:00:00,0.716,0.717,0.717,20241200,20250100,20250100
2024-11-21 05:00:00,0.7158,,,20241200,20250100,20250100
2024-11-21 06:00:00,0.7155,0.7172,0.7172,20241200,20250100,20250100
2024-11-21 07:00:00,0.7159,0.7167,0.7167,20241200,20250100,20250100
2024-11-21 08:00:00,0.7156,0.7166,0.7166,20241200,20250100,20250100
2024-11-21 09:00:00,0.714,0.7149,0.7149,20241200,20250100,20250100
2024-11-21 10:00:00,0.7142,0.7151,0.7151,20241200,20250100,20250100
2024-11-21 11:00:00,0.7157,0.7167,0.7167,20241200,20250100,20250100
2024-11-21 12:00:00,0.716,0.7168,0.7168,20241200,20250100,20250100
2024-11-21 13:00:00,0.7167,0.7179,0.7179,20241200,20250100,20250100
2024-11-21 14:00:00,0.7172,0.718,0.718,20241200,20250100,20250100
2024-11-21 15:00:00,0.7155,0.7164,0.7164,20241200,20250100,20250100
2024-11-21 16:00:00,0.714,0.7149,0.7149,20241200,20250100,20250100
2024-11-21 17:00:00,0.715,0.716,0.716,20241200,20250100,20250100
2024-11-21 18:00:00,0.7147,0.7155,0.7155,20241200,20250100,20250100
2024-11-21 19:00:00,0.7148,,,20241200,20250100,20250100
2024-11-21 21:00:00,0.7145,,,20241200,20250100,20250100
2024-11-21 23:00:00,0.7165,,,20241200,20250100,20250100
2024-11-22 00:00:00,0.7143,0.7155,0.7155,20241200,20250100,20250100
2024-11-22 01:00:00,0.7149,0.716,0.716,20241200,20250100,20250100
2024-11-22 02:00:00,0.7147,,,20241200,20250100,20250100
2024-11-22 03:00:00,0.7149,0.7161,0.7161,20241200,20250100,20250100
2024-11-22 04:00:00,0.715,0.7158,0.7158,20241200,20250100,20250100
2024-11-22 05:00:00,0.7142,,,20241200,20250100,20250100
2024-11-22 06:00:00,0.7135,0.7131,0.7131,20241200,20250100,20250100
2024-11-22 07:00:00,0.7135,0.7144,0.7144,20241200,20250100,20250100
2024-11-22 08:00:00,0.7127,0.7137,0.7137,20241200,20250100,20250100
2024-11-22 09:00:00,0.7115,0.7125,0.7125,20241200,20250100,20250100
2024-11-22 10:00:00,0.7127,0.7138,0.7138,20241200,20250100,20250100
2024-11-22 11:00:00,0.7118,0.713,0.713,20241200,20250100,20250100
2024-11-22 12:00:00,0.7113,0.7124,0.7124,20241200,20250100,20250100
2024-11-22 13:00:00,0.7122,0.7136,0.7136,20241200,20250100,20250100
2024-11-22 14:00:00,0.7109,0.7121,0.7121,20241200,20250100,20250100
2024-11-22 15:00:00,0.712,0.7128,0.7128,20241200,20250100,20250100
2024-11-22 16:00:00,0.712,0.7129,0.7129,20241200,20250100,20250100
2024-11-22 17:00:00,0.7127,0.7135,0.7135,20241200,20250100,20250100
2024-11-22 18:00:00,0.7128,,,20241200,20250100,20250100
2024-11-22 20:00:00,0.7124,0.7136,0.7136,20241200,20250100,20250100
2024-11-24 23:00:00,0.7149,,,20241200,20250100,20250100
2024-11-25 00:00:00,0.7154,0.7165,0.7165,20241200,20250100,20250100
2024-11-25 01:00:00,0.7164,0.7176,0.7176,20241200,20250100,20250100
2024-11-25 02:00:00,0.7166,0.7176,0.7176,20241200,20250100,20250100
2024-11-25 03:00:00,0.7161,,,20241200,20250100,20250100
2024-11-25 04:00:00,0.7158,,,20241200,20250100,20250100
2024-11-25 05:00:00,0.715,0.7162,0.7162,20241200,20250100,20250100
2024-11-25 06:00:00,0.7139,0.7151,0.7151,20241200,20250100,20250100
2024-11-25 07:00:00,0.7132,0.7142,0.7142,20241200,20250100,20250100
2024-11-25 08:00:00,0.7135,0.7144,0.7144,20241200,20250100,20250100
2024-11-25 09:00:00,0.714,0.7153,0.7153,20241200,20250100,20250100
2024-11-25 10:00:00,0.7143,0.715,0.715,20241200,20250100,20250100
2024-11-25 11:00:00,0.7137,,,20241200,20250100,20250100
2024-11-25 12:00:00,0.7145,0.7155,0.7155,20241200,20250100,20250100
2024-11-25 13:00:00,0.7157,0.7167,0.7167,20241200,20250100,20250100
2024-11-25 14:00:00,0.7153,0.7165,0.7165,20241200,20250100,20250100
2024-11-25 15:00:00,0.7139,0.7149,0.7149,20241200,20250100,20250100
2024-11-25 16:00:00,0.7143,0.7153,0.7153,20241200,20250100,20250100
2024-11-25 17:00:00,0.7141,0.7152,0.7152,20241200,20250100,20250100
2024-11-25 18:00:00,0.7146,0.7159,0.7159,20241200,20250100,20250100
2024-11-25 19:00:00,0.7153,0.7163,0.7163,20241200,20250100,20250100
2024-11-25 20:00:00,0.7149,0.7163,0.7163,20241200,20250100,20250100
2024-11-25 21:00:00,0.715,,,20241200,20250100,20250100
2024-11-25 23:00:00,0.7139,,,20241200,20250100,20250100
2024-11-26 00:00:00,0.7118,0.7126,0.7126,20241200,20250100,20250100
2024-11-26 01:00:00,0.7124,0.7134,0.7134,20241200,20250100,20250100
2024-11-26 02:00:00,0.7134,0.7145,0.7145,20241200,20250100,20250100
2024-11-26 03:00:00,0.7157,0.7169,0.7169,20241200,20250100,20250100
2024-11-26 04:00:00,0.7155,0.7171,0.7171,20241200,20250100,20250100
2024-11-26 05:00:00,0.7162,0.7172,0.7172,20241200,20250100,20250100
2024-11-26 06:00:00,0.716,0.7156,0.7156,20241200,20250100,20250100
2024-11-26 07:00:00,0.7141,0.7151,0.7151,20241200,20250100,20250100
2024-11-26 08:00:00,0.7149,0.7153,0.7153,20241200,20250100,20250100
2024-11-26 09:00:00,0.7158,0.7167,0.7167,20241200,20250100,20250100
2024-11-26 10:00:00,0.7162,0.7174,0.7174,20241200,20250100,20250100
2024-11-26 11:00:00,0.7155,,,20241200,20250100,20250100
2024-11-26 12:00:00,0.717,0.7179,0.7179,20241200,20250100,20250100
2024-11-26 13:00:00,0.7166,0.7179,0.7179,20241200,20250100,20250100
2024-11-26 14:00:00,0.7166,0.7174,0.7174,20241200,20250100,20250100
2024-11-26 15:00:00,0.7164,0.7174,0.7174,20241200,20250100,20250100
2024-11-26 16:00:00,0.7161,0.717,0.717,20241200,20250100,20250100
2024-11-26 17:00:00,0.7159,0.717,0.717,20241200,20250100,20250100
2024-11-26 18:00:00,0.7163,0.7172,0.7172,20241200,20250100,20250100
2024-11-26 19:00:00,0.7161,0.717,0.717,20241200,20250100,20250100
2024-11-26 20:00:00,0.7163,0.7172,0.7172,20241200,20250100,20250100
2024-11-26 21:00:00,0.7163,0.7172,0.7172,20241200,20250100,20250100
2024-11-27 00:00:00,0.7166,0.7179,0.7179,20241200,20250100,20250100
2024-11-27 01:00:00,0.7161,0.7171,0.7171,20241200,20250100,20250100
2024-11-27 02:00:00,0.7164,0.717,0.717,20241200,20250100,20250100
2024-11-27 03:00:00,0.7155,0.7164,0.7164,20241200,20250100,20250100
2024-11-27 04:00:00,0.7159,0.7168,0.7168,20241200,20250100,20250100
2024-11-27 05:00:00,0.7158,0.7172,0.7172,20241200,20250100,20250100
2024-11-27 06:00:00,0.7164,0.7184,0.7184,20241200,20250100,20250100
2024-11-27 07:00:00,0.7169,0.7179,0.7179,20241200,20250100,20250100
2024-11-27 08:00:00,0.7176,0.7185,0.7185,20241200,20250100,20250100
2024-11-27 09:00:00,0.7186,0.7196,0.7196,20241200,20250100,20250100
2024-11-27 10:00:00,0.7181,0.719,0.719,20241200,20250100,20250100
2024-11-27 11:00:00,0.7176,0.7186,0.7186,20241200,20250100,20250100
2024-11-27 12:00:00,0.7184,0.7194,0.7194,20241200,20250100,20250100
2024-11-27 13:00:00,0.719,0.7199,0.7199,20241200,20250100,20250100
2024-11-27 14:00:00,0.7184,0.7189,0.7189,20241200,20250100,20250100
2024-11-27 15:00:00,0.7187,0.7198,0.7198,20241200,20250100,20250100
2024-11-27 16:00:00,0.7189,0.7198,0.7198,20241200,20250100,20250100
2024-11-27 17:00:00,0.719,0.7201,0.7201,20241200,20250100,20250100
2024-11-27 18:00:00,0.7193,,,20241200,20250100,20250100
2024-11-27 19:00:00,0.7197,,,20241200,20250100,20250100
2024-11-27 21:00:00,0.7196,,,20241200,20250100,20250100
2024-11-28 00:00:00,0.7171,0.7184,0.7184,20241200,20250100,20250100
2024-11-28 01:00:00,0.7181,0.7193,0.7193,20241200,20250100,20250100
2024-11-28 02:00:00,0.7171,0.7178,0.7178,20241200,20250100,20250100
2024-11-28 03:00:00,0.7168,0.7179,0.7179,20241200,20250100,20250100
2024-11-28 04:00:00,0.7168,0.7178,0.7178,20241200,20250100,20250100
2024-11-28 05:00:00,0.7171,0.7181,0.7181,20241200,20250100,20250100
2024-11-28 06:00:00,0.7166,0.7177,0.7177,20241200,20250100,20250100
2024-11-28 07:00:00,0.717,0.7178,0.7178,20241200,20250100,20250100
2024-11-28 08:00:00,0.7171,0.718,0.718,20241200,20250100,20250100
2024-11-28 09:00:00,0.7166,0.7174,0.7174,20241200,20250100,20250100
2024-11-28 10:00:00,0.717,0.718,0.718,20241200,20250100,20250100
2024-11-28 11:00:00,0.7167,0.7176,0.7176,20241200,20250100,20250100
2024-11-28 12:00:00,0.7162,0.7172,0.7172,20241200,20250100,20250100
2024-11-28 13:00:00,0.7163,0.7171,0.7171,20241200,20250100,20250100
2024-11-28 14:00:00,0.7167,0.7176,0.7176,20241200,20250100,20250100
2024-11-28 15:00:00,0.7168,0.7178,0.7178,20241200,20250100,20250100
2024-11-28 16:00:00,0.7169,0.7178,0.7178,20241200,20250100,20250100
2024-11-28 17:00:00,0.717,0.7179,0.7179,20241200,20250100,20250100
2024-11-28 18:00:00,0.7168,,,20241200,20250100,20250100
2024-11-28 21:00:00,0.7173,,,20241200,20250100,20250100
2024-11-29 00:00:00,0.7169,0.7179,0.7179,20241200,20250100,20250100
2024-11-29 01:00:00,0.7174,0.7184,0.7184,20241200,20250100,20250100
2024-11-29 02:00:00,0.7161,0.7173,0.7173,20241200,20250100,20250100
2024-11-29 03:00:00,0.717,0.717,0.717,20241200,20250100,20250100
2024-11-29 04:00:00,0.7178,0.717,0.717,20241200,20250100,20250100
2024-11-29 05:00:00,0.7172,0.7181,0.7181,20241200,20250100,20250100
2024-11-29 06:00:00,0.7177,0.7184,0.7184,20241200,20250100,20250100
2024-11-29 07:00:00,0.7177,0.7193,0.7193,20241200,20250100,20250100
2024-11-29 08:00:00,0.7171,0.718,0.718,20241200,20250100,20250100
2024-11-29 09:00:00,0.7166,0.7176,0.7176,20241200,20250100,20250100
2024-11-29 10:00:00,0.7168,,,20241200,20250100,20250100
2024-11-29 11:00:00,0.7166,0.7175,0.7175,20241200,20250100,20250100
2024-11-29 12:00:00,0.7162,0.7173,0.7173,20241200,20250100,20250100
2024-11-29 13:00:00,0.7161,0.7171,0.7171,20241200,20250100,20250100
2024-11-29 14:00:00,0.7162,0.717,0.717,20241200,20250100,20250100
2024-11-29 15:00:00,0.7154,0.7164,0.7164,20241200,20250100,20250100
2024-11-29 16:00:00,0.7161,0.717,0.717,20241200,20250100,20250100
2024-11-29 17:00:00,0.7173,0.7183,0.7183,20241200,20250100,20250100
2024-11-29 18:00:00,0.7174,0.7187,0.7187,20241200,20250100,20250100
2024-11-29 19:00:00,0.7168,0.7182,0.7182,20241200,20250100,20250100
2024-11-29 20:00:00,0.7175,0.7186,0.7186,20241200,20250100,20250100
2024-11-29 21:00:00,,0.7189,0.7189,20241200,20250100,20250100
2024-12-01 23:00:00,0.7158,0.715,0.715,20241200,20250100,20250100
2024-12-02 00:00:00,0.7148,0.7159,0.7159,20241200,20250100,20250100
2024-12-02 01:00:00,0.7142,0.7152,0.7152,20241200,20250100,20250100
2024-12-02 02:00:00,0.7138,0.7149,0.7149,20241200,20250100,20250100
2024-12-02 03:00:00,0.7124,0.7136,0.7136,20241200,20250100,20250100
2024-12-02 04:00:00,0.7128,0.7139,0.7139,20241200,20250100,20250100
2024-12-02 05:00:00,0.7125,0.7136,0.7136,20241200,20250100,20250100
2024-12-02 06:00:00,0.7125,0.7147,0.7147,20241200,20250100,20250100
2024-12-02 07:00:00,0.7128,0.7142,0.7142,20241200,20250100,20250100
2024-12-02 08:00:00,0.7123,0.7134,0.7134,20241200,20250100,20250100
2024-12-02 09:00:00,0.7125,0.7147,0.7147,20241200,20250100,20250100
2024-12-02 10:00:00,0.7126,0.7137,0.7137,20241200,20250100,20250100
2024-12-02 11:00:00,0.7125,0.7134,0.7134,20241200,20250100,20250100
2024-12-02 12:00:00,0.712,0.7128,0.7128,20241200,20250100,20250100
2024-12-02 13:00:00,0.7122,0.7134,0.7134,20241200,20250100,20250100
2024-12-02 14:00:00,0.7119,0.7127,0.7127,20241200,20250100,20250100
2024-12-02 15:00:00,0.7112,0.7122,0.7122,20241200,20250100,20250100
2024-12-02 16:00:00,0.7116,0.7126,0.7126,20241200,20250100,20250100
2024-12-02 17:00:00,0.7111,0.7125,0.7125,20241200,20250100,20250100
2024-12-02 18:00:00,0.7113,0.7126,0.7126,20241200,20250100,20250100
2024-12-02 19:00:00,0.7114,0.7125,0.7125,20241200,20250100,20250100
2024-12-02 20:00:00,0.7119,0.7133,0.7133,20241200,20250100,20250100
2024-12-02 21:00:00,0.7119,0.713,0.713,20241200,20250100,20250100
2024-12-03 00:00:00,0.7135,0.7145,0.7145,20241200,20250100,20250100
2024-12-03 01:00:00,0.7128,0.7139,0.7139,20241200,20250100,20250100
2024-12-03 02:00:00,0.7127,0.714,0.714,20241200,20250100,20250100
2024-12-03 03:00:00,0.7128,0.714,0.714,20241200,20250100,20250100
2024-12-03 04:00:00,0.7126,0.7139,0.7139,20241200,20250100,20250100
2024-12-03 05:00:00,0.713,0.714,0.714,20241200,20250100,20250100
2024-12-03 06:00:00,0.7133,0.7139,0.7139,20241200,20250100,20250100
2024-12-03 07:00:00,0.7134,0.7145,0.7145,20241200,20250100,20250100
2024-12-03 08:00:00,0.7142,0.7152,0.7152,20241200,20250100,20250100
2024-12-03 09:00:00,0.7135,0.7145,0.7145,20241200,20250100,20250100
2024-12-03 10:00:00,0.7129,0.7139,0.7139,20241200,20250100,20250100
2024-12-03 11:00:00,0.7133,0.714,0.714,20241200,20250100,20250100
2024-12-03 12:00:00,0.7134,0.7145,0.7145,20241200,20250100,20250100
2024-12-03 13:00:00,0.705,0.7059,0.7059,20241200,20250100,20250100
2024-12-03 14:00:00,0.6958,0.6972,0.6972,20241200,20250100,20250100
2024-12-03 15:00:00,0.6995,0.7017,0.7017,20241200,20250100,20250100
2024-12-03 16:00:00,0.6996,0.7007,0.7007,20241200,20250100,20250100
2024-12-03 17:00:00,0.7039,0.7049,0.7049,20241200,20250100,20250100
2024-12-03 18:00:00,0.7054,0.7065,0.7065,20241200,20250100,20250100
2024-12-03 19:00:00,0.706,0.7079,0.7079,20241200,20250100,20250100
2024-12-03 20:00:00,0.7042,0.7054,0.7054,20241200,20250100,20250100
2024-12-03 21:00:00,0.7043,0.7055,0.7055,20241200,20250100,20250100
2024-12-03 23:00:00,0.7072,0.7097,0.7097,20241200,20250100,20250100
2024-12-04 00:00:00,0.7058,0.7069,0.7069,20241200,20250100,20250100
2024-12-04 01:00:00,0.7067,0.7082,0.7082,20241200,20250100,20250100
2024-12-04 02:00:00,0.7069,0.7077,0.7077,20241200,20250100,20250100
2024-12-04 03:00:00,0.7065,0.7077,0.7077,20241200,20250100,20250100
2024-12-04 04:00:00,0.7084,0.7093,0.7093,20241200,20250100,20250100
2024-12-04 05:00:00,0.7083,0.7097,0.7097,20241200,20250100,20250100
2024-12-04 06:00:00,0.707,0.7108,0.7108,20241200,20250100,20250100
2024-12-04 07:00:00,0.7073,0.7083,0.7083,20241200,20250100,20250100
2024-12-04 08:00:00,0.706,0.707,0.707,20241200,20250100,20250100
2024-12-04 09:00:00,0.7074,0.7085,0.7085,20241200,20250100,20250100
2024-12-04 10:00:00,0.707,0.7081,0.7081,20241200,20250100,20250100
2024-12-04 11:00:00,0.7061,0.7069,0.7069,20241200,20250100,20250100
2024-12-04 12:00:00,0.7054,0.7066,0.7066,20241200,20250100,20250100
2024-12-04 13:00:00,0.7057,0.7065,0.7065,20241200,20250100,20250100
2024-12-04 14:00:00,0.7053,0.7064,0.7064,20241200,20250100,20250100
2024-12-04 15:00:00,0.7074,0.7082,0.7082,20241200,20250100,20250100
2024-12-04 16:00:00,0.7078,0.7085,0.7085,20241200,20250100,20250100
2024-12-04 17:00:00,0.7079,0.7089,0.7089,20241200,20250100,20250100
2024-12-04 18:00:00,0.7075,0.7083,0.7083,20241200,20250100,20250100
2024-12-04 19:00:00,0.7078,0.7088,0.7088,20241200,20250100,20250100
2024-12-04 20:00:00,0.7079,0.7088,0.7088,20241200,20250100,20250100
2024-12-04 21:00:00,0.708,,,20241200,20250100,20250100
2024-12-04 23:00:00,0.707,0.7039,0.7039,20241200,20250100,20250100
2024-12-05 00:00:00,0.707,0.7078,0.7078,20241200,20250100,20250100
2024-12-05 01:00:00,0.7067,0.7076,0.7076,20241200,20250100,20250100
2024-12-05 02:00:00,0.7062,0.7069,0.7069,20241200,20250100,20250100
2024-12-05 03:00:00,0.7066,0.7074,0.7074,20241200,20250100,20250100
2024-12-05 04:00:00,0.7063,0.7071,0.7071,20241200,20250100,20250100
2024-12-05 05:00:00,0.7071,0.7077,0.7077,20241200,20250100,20250100
2024-12-05 06:00:00,0.7053,0.7076,0.7076,20241200,20250100,20250100
2024-12-05 07:00:00,0.7074,0.7086,0.7086,20241200,20250100,20250100
2024-12-05 08:00:00,0.7063,0.707,0.707,20241200,20250100,20250100
2024-12-05 09:00:00,0.7058,0.7067,0.7067,20241200,20250100,20250100
2024-12-05 10:00:00,0.7054,0.7062,0.7062,20241200,20250100,20250100
2024-12-05 11:00:00,0.7053,0.7058,0.7058,20241200,20250100,20250100
2024-12-05 12:00:00,0.7054,0.7056,0.7056,20241200,20250100,20250100
2024-12-05 13:00:00,0.7058,0.7064,0.7064,20241200,20250100,20250100
2024-12-05 14:00:00,0.7068,0.7076,0.7076,20241200,20250100,20250100
2024-12-05 15:00:00,0.7063,0.707,0.707,20241200,20250100,20250100
2024-12-05 16:00:00,0.7065,0.7069,0.7069,20241200,20250100,20250100
2024-12-05 17:00:00,0.7057,0.7063,0.7063,20241200,20250100,20250100
2024-12-05 18:00:00,0.7055,0.7063,0.7063,20241200,20250100,20250100
2024-12-05 19:00:00,0.706,0.7066,0.7066,20241200,20250100,20250100
2024-12-05 20:00:00,0.7066,0.7069,0.7069,20241200,20250100,20250100
2024-12-05 21:00:00,0.7062,,,20241200,20250100,20250100
2024-12-05 23:00:00,0.7067,,,20241200,20250100,20250100
2024-12-06 00:00:00,0.7062,0.7076,0.7076,20241200,20250100,20250100
2024-12-06 01:00:00,0.7029,,,20250100,20250200,20250200
2024-12-06 02:00:00,0.7058,,,20250100,20250200,20250200
2024-12-06 03:00:00,0.7058,,,20250100,20250200,20250200
2024-12-06 04:00:00,0.7057,,,20250100,20250200,20250200
2024-12-06 05:00:00,0.7055,,,20250100,20250200,20250200
2024-12-06 06:00:00,0.7047,0.7056,0.7056,20250100,20250200,20250200
2024-12-06 07:00:00,0.7048,,,20250100,20250200,20250200
2024-12-06 08:00:00,0.7049,,,20250100,20250200,20250200
2024-12-06 09:00:00,0.7054,,,20250100,20250200,20250200
2024-12-06 10:00:00,0.7043,,,20250100,20250200,20250200
2024-12-06 11:00:00,0.7048,,,20250100,20250200,20250200
2024-12-06 12:00:00,0.7054,,,20250100,20250200,20250200
2024-12-06 13:00:00,0.706,,,20250100,20250200,20250200
2024-12-06 14:00:00,0.7051,,,20250100,20250200,20250200
2024-12-06 15:00:00,0.704,,,20250100,20250200,20250200
2024-12-06 16:00:00,0.7042,,,20250100,20250200,20250200
2024-12-06 17:00:00,0.703,,,20250100,20250200,20250200
2024-12-06 18:00:00,0.7026,,,20250100,20250200,20250200
2024-12-06 19:00:00,0.7035,,,20250100,20250200,20250200
2024-12-06 20:00:00,0.7033,,,20250100,20250200,20250200
2024-12-06 21:00:00,0.7034,,,20250100,20250200,20250200
2024-12-08 23:00:00,0.7039,,,20250100,20250200,20250200
2024-12-09 00:00:00,0.7006,,,20250100,20250200,20250200
2024-12-09 01:00:00,0.699,,,20250100,20250200,20250200
2024-12-09 02:00:00,0.6967,,,20250100,20250200,20250200
2024-12-09 03:00:00,0.6974,,,20250100,20250200,20250200
2024-12-09 04:00:00,0.6978,,,20250100,20250200,20250200
2024-12-09 05:00:00,0.6979,,,20250100,20250200,20250200
2024-12-09 06:00:00,0.6995,0.7004,0.7004,20250100,20250200,20250200
2024-12-09 07:00:00,0.6988,,,20250100,20250200,20250200
2024-12-09 08:00:00,0.6981,,,20250100,20250200,20250200
2024-12-09 09:00:00,0.6992,,,20250100,20250200,20250200
2024-12-09 10:00:00,0.6993,,,20250100,20250200,20250200
2024-12-09 11:00:00,0.699,,,20250100,20250200,20250200
2024-12-09 12:00:00,0.699,,,20250100,20250200,20250200
2024-12-09 13:00:00,0.6996,,,20250100,20250200,20250200
2024-12-09 14:00:00,0.7012,,,20250100,20250200,20250200
2024-12-09 15:00:00,0.7012,0.7011,0.7011,20250100,20250200,20250200
2024-12-09 16:00:00,0.7003,0.7009,0.7009,20250100,20250200,20250200
2024-12-09 17:00:00,0.7009,,,20250100,20250200,20250200
2024-12-09 18:00:00,0.7007,,,20250100,20250200,20250200
2024-12-09 19:00:00,0.6999,,,20250100,20250200,20250200
2024-12-09 20:00:00,0.6997,,,20250100,20250200,20250200
2024-12-09 21:00:00,0.6997,,,20250100,20250200,20250200
2024-12-09 23:00:00,0.7006,,,20250100,20250200,20250200
2024-12-10 00:00:00,0.7016,0.7014,0.7014,20250100,20250200,20250200
2024-12-10 01:00:00,0.7008,,,20250100,20250200,20250200
2024-12-10 02:00:00,0.7014,,,20250100,20250200,20250200
2024-12-10 03:00:00,0.7016,,,20250100,20250200,20250200
2024-12-10 04:00:00,0.7017,,,20250100,20250200,20250200
2024-12-10 05:00:00,0.7019,,,20250100,20250200,20250200
2024-12-10 06:00:00,0.7001,0.701,0.701,20250100,20250200,20250200
2024-12-10 07:00:00,0.7002,,,20250100,20250200,20250200
2024-12-10 08:00:00,0.7,,,20250100,20250200,20250200
2024-12-10 09:00:00,0.6999,,,20250100,20250200,20250200
2024-12-10 10:00:00,0.6999,,,20250100,20250200,20250200
2024-12-10 11:00:00,0.6998,,,20250100,20250200,20250200
2024-12-10 12:00:00,0.6995,,,20250100,20250200,20250200
2024-12-10 13:00:00,0.6988,,,20250100,20250200,20250200
2024-12-10 14:00:00,0.6992,,,20250100,20250200,20250200
2024-12-10 15:00:00,0.6992,,,20250100,20250200,20250200
2024-12-10 16:00:00,0.6987,,,20250100,20250200,20250200
2024-12-10 17:00:00,0.6977,,,20250100,20250200,20250200
2024-12-10 18:00:00,0.6972,,,20250100,20250200,20250200
2024-12-10 19:00:00,0.6974,,,20250100,20250200,20250200
2024-12-10 20:00:00,0.6974,,,20250100,20250200,20250200
2024-12-10 21:00:00,0.6969,,,20250100,20250200,20250200
2024-12-10 23:00:00,0.6979,,,20250100,20250200,20250200
2024-12-11 00:00:00,0.6998,,,20250100,20250200,20250200
2024-12-11 01:00:00,0.7003,,,20250100,20250200,20250200
2024-12-11 02:00:00,0.7004,,,20250100,20250200,20250200
2024-12-11 03:00:00,0.6996,,,20250100,20250200,20250200
2024-12-11 04:00:00,0.699,,,20250100,20250200,20250200
2024-12-11 05:00:00,0.6991,,,20250100,20250200,20250200
2024-12-11 06:00:00,0.6996,0.7005,0.7005,20250100,20250200,20250200
2024-12-11 07:00:00,0.6978,,,20250100,20250200,20250200
2024-12-11 08:00:00,0.6977,,,20250100,20250200,20250200
2024-12-11 09:00:00,0.6993,,,20250100,20250200,20250200
2024-12-11 10:00:00,0.6992,,,20250100,20250200,20250200
2024-12-11 11:00:00,0.6997,,,20250100,20250200,20250200
2024-12-11 12:00:00,0.6999,,,20250100,20250200,20250200
2024-12-11 13:00:00,0.7006,0.7011,0.7011,20250100,20250200,20250200
2024-12-11 14:00:00,0.7004,,,20250100,20250200,20250200
2024-12-11 15:00:00,0.6999,,,20250100,20250200,20250200
2024-12-11 16:00:00,0.7003,,,20250100,20250200,20250200
2024-12-11 17:00:00,0.7001,,,20250100,20250200,20250200
2024-12-11 18:00:00,0.6995,,,20250100,20250200,20250200
2024-12-11 19:00:00,0.6997,,,20250100,20250200,20250200
2024-12-11 20:00:00,0.7003,,,20250100,20250200,20250200
2024-12-11 21:00:00,0.7003,,,20250100,20250200,20250200
2024-12-11 23:00:00,0.7002,,,20250100,20250200,20250200
2024-12-12 00:00:00,0.6995,,,20250100,20250200,20250200
2024-12-12 01:00:00,0.6994,,,20250100,20250200,20250200
2024-12-12 02:00:00,0.6981,,,20250100,20250200,20250200
2024-12-12 03:00:00,0.6987,,,20250100,20250200,20250200
2024-12-12 04:00:00,0.6989,,,20250100,20250200,20250200
2024-12-12 05:00:00,0.6995,,,20250100,20250200,20250200
2024-12-12 06:00:00,0.6997,0.7005,0.7005,20250100,20250200,20250200
2024-12-12 07:00:00,0.6989,,,20250100,20250200,20250200
2024-12-12 08:00:00,0.6992,,,20250100,20250200,20250200
2024-12-12 09:00:00,0.6996,,,20250100,20250200,20250200
2024-12-12 10:00:00,0.6993,,,20250100,20250200,20250200
2024-12-12 11:00:00,0.6995,,,20250100,20250200,20250200
2024-12-12 12:00:00,0.6995,,,20250100,20250200,20250200
2024-12-12 13:00:00,0.6998,,,20250100,20250200,20250200
2024-12-12 14:00:00,0.7004,,,20250100,20250200,20250200
2024-12-12 15:00:00,0.7,,,20250100,20250200,20250200
2024-12-12 16:00:00,0.6999,,,20250100,20250200,20250200
2024-12-12 17:00:00,0.7,,,20250100,20250200,20250200
2024-12-12 18:00:00,0.6998,,,20250100,20250200,20250200
2024-12-12 19:00:00,0.6996,,,20250100,20250200,20250200
2024-12-12 20:00:00,0.6992,,,20250100,20250200,20250200
2024-12-12 21:00:00,0.6996,,,20250100,20250200,20250200
2024-12-12 23:00:00,0.7012,,,20250100,20250200,20250200
2024-12-13 00:00:00,0.6993,,,20250100,20250200,20250200
2024-12-13 01:00:00,0.6986,,,20250100,20250200,20250200
2024-12-13 02:00:00,0.6984,0.699,0.699,20250100,20250200,20250200
2024-12-13 03:00:00,0.6981,,,20250100,20250200,20250200
2024-12-13 04:00:00,0.6989,,,20250100,20250200,20250200
2024-12-13 05:00:00,0.6988,0.6995,0.6995,20250100,20250200,20250200
2024-12-13 06:00:00,0.6989,0.6987,0.6987,20250100,20250200,20250200
2024-12-13 07:00:00,0.6986,,,20250100,20250200,20250200
2024-12-13 08:00:00,0.6978,,,20250100,20250200,20250200
2024-12-13 09:00:00,0.6978,,,20250100,20250200,20250200
2024-12-13 10:00:00,0.6979,,,20250100,20250200,20250200
2024-12-13 11:00:00,0.6983,,,20250100,20250200,20250200
2024-12-13 12:00:00,0.6985,,,20250100,20250200,20250200
2024-12-13 13:00:00,0.6989,,,20250100,20250200,20250200
2024-12-13 14:00:00,0.6979,,,20250100,20250200,20250200
2024-12-13 15:00:00,0.6979,0.6988,0.6988,20250100,20250200,20250200
2024-12-13 16:00:00,0.6974,,,20250100,20250200,20250200
2024-12-13 17:00:00,0.6974,,,20250100,20250200,20250200
2024-12-13 18:00:00,0.6973,,,20250100,20250200,20250200
2024-12-13 19:00:00,0.6973,,,20250100,20250200,20250200
2024-12-13 20:00:00,0.6978,,,20250100,20250200,20250200
2024-12-13 21:00:00,0.6974,,,20250100,20250200,20250200
2024-12-15 23:00:00,0.6992,,,20250100,20250200,20250200
2024-12-16 00:00:00,0.6985,0.6995,0.6995,20250100,20250200,20250200
2024-12-16 01:00:00,0.6969,,,20250100,20250200,20250200
2024-12-16 02:00:00,0.6968,0.6975,0.6975,20250100,20250200,20250200
2024-12-16 03:00:00,0.6969,0.6975,0.6975,20250100,20250200,20250200
2024-12-16 04:00:00,0.6976,,,20250100,20250200,20250200
2024-12-16 05:00:00,0.6976,,,20250100,20250200,20250200
2024-12-16 06:00:00,0.6974,0.6983,0.6983,20250100,20250200,20250200
2024-12-16 07:00:00,0.6965,0.6974,0.6974,20250100,20250200,20250200
2024-12-16 08:00:00,0.6974,0.6986,0.6986,20250100,20250200,20250200
2024-12-16 09:00:00,0.6981,,,20250100,20250200,20250200
2024-12-16 10:00:00,0.6974,,,20250100,20250200,20250200
2024-12-16 11:00:00,0.6971,,,20250100,20250200,20250200
2024-12-16 12:00:00,0.6971,,,20250100,20250200,20250200
2024-12-16 13:00:00,0.6974,,,20250100,20250200,20250200
2024-12-16 14:00:00,0.6964,,,20250100,20250200,20250200
2024-12-16 15:00:00,0.696,,,20250100,20250200,20250200
2024-12-16 16:00:00,0.6962,,,20250100,20250200,20250200
2024-12-16 17:00:00,0.6963,,,20250100,20250200,20250200
2024-12-16 18:00:00,0.6965,,,20250100,20250200,20250200
2024-12-16 19:00:00,0.6961,,,20250100,20250200,20250200
2024-12-16 20:00:00,0.6965,0.6975,0.6975,20250100,20250200,20250200
2024-12-16 21:00:00,0.6961,,,20250100,20250200,20250200
2024-12-16 23:00:00,0.6968,,,20250100,20250200,20250200
2024-12-17 00:00:00,0.6971,0.6978,0.6978,20250100,20250200,20250200
2024-12-17 01:00:00,0.6975,0.6981,0.6981,20250100,20250200,20250200
2024-12-17 02:00:00,0.6976,0.6982,0.6982,20250100,20250200,20250200
2024-12-17 03:00:00,0.6973,,,20250100,20250200,20250200
2024-12-17 04:00:00,0.6968,,,20250100,20250200,20250200
2024-12-17 05:00:00,0.6964,,,20250100,20250200,20250200
2024-12-17 06:00:00,0.6962,0.6965,0.6965,20250100,20250200,20250200
2024-12-17 07:00:00,0.6958,0.6972,0.6972,20250100,20250200,20250200
2024-12-17 08:00:00,0.6966,,,20250100,20250200,20250200
2024-12-17 09:00:00,0.696,,,20250100,20250200,20250200
2024-12-17 10:00:00,0.6958,0.6968,0.6968,20250100,20250200,20250200
2024-12-17 11:00:00,0.6962,0.697,0.697,20250100,20250200,20250200
2024-12-17 12:00:00,0.6968,0.6976,0.6976,20250100,20250200,20250200
2024-12-17 13:00:00,0.697,0.6978,0.6978,20250100,20250200,20250200
2024-12-17 14:00:00,0.6965,0.6977,0.6977,20250100,20250200,20250200
2024-12-17 15:00:00,0.6965,0.6975,0.6975,20250100,20250200,20250200
2024-12-17 16:00:00,0.6969,0.6978,0.6978,20250100,20250200,20250200
2024-12-17 17:00:00,0.6969,0.6978,0.6978,20250100,20250200,20250200
2024-12-17 18:00:00,0.6966,,,20250100,20250200,20250200
2024-12-17 19:00:00,0.6965,0.6973,0.6973,20250100,20250200,20250200
2024-12-17 20:00:00,0.6963,0.697,0.697,20250100,20250200,20250200
2024-12-17 21:00:00,0.6961,0.6968,0.6968,20250100,20250200,20250200
2024-12-17 23:00:00,0.6962,,,20250100,20250200,20250200
2024-12-18 00:00:00,0.6966,0.6974,0.6974,20250100,20250200,20250200
2024-12-18 01:00:00,0.6971,0.6974,0.6974,20250100,20250200,20250200
2024-12-18 02:00:00,0.697,0.6979,0.6979,20250100,20250200,20250200
2024-12-18 03:00:00,0.697,,,20250100,20250200,20250200
2024-12-18 04:00:00,0.6974,,,20250100,20250200,20250200
2024-12-18 05:00:00,0.6974,,,20250100,20250200,20250200
2024-12-18 06:00:00,0.6967,0.6974,0.6974,20250100,20250200,20250200
2024-12-18 07:00:00,0.6967,0.6982,0.6982,20250100,20250200,20250200
2024-12-18 08:00:00,0.6964,,,20250100,20250200,20250200
2024-12-18 09:00:00,0.6968,,,20250100,20250200,20250200
2024-12-18 10:00:00,0.697,,,20250100,20250200,20250200
2024-12-18 11:00:00,0.6968,,,20250100,20250200,20250200
2024-12-18 12:00:00,0.6963,,,20250100,20250200,20250200
2024-12-18 13:00:00,0.6964,,,20250100,20250200,20250200
2024-12-18 14:00:00,0.6962,,,20250100,20250200,20250200
2024-12-18 15:00:00,0.6961,0.6968,0.6968,20250100,20250200,20250200
2024-12-18 16:00:00,0.696,0.6967,0.6967,20250100,20250200,20250200
2024-12-18 17:00:00,0.6959,,,20250100,20250200,20250200
2024-12-18 18:00:00,0.696,0.6967,0.6967,20250100,20250200,20250200
2024-12-18 19:00:00,0.688,0.6885,0.6885,20250100,20250200,20250200
2024-12-18 20:00:00,0.6858,0.6867,0.6867,20250100,20250200,20250200
2024-12-18 21:00:00,0.6865,0.6871,0.6871,20250100,20250200,20250200
2024-12-18 23:00:00,0.6882,0.6876,0.6876,20250100,20250200,20250200
2024-12-19 00:00:00,0.691,0.6918,0.6918,20250100,20250200,20250200
2024-12-19 01:00:00,0.6909,0.6913,0.6913,20250100,20250200,20250200
2024-12-19 02:00:00,0.6907,0.6912,0.6912,20250100,20250200,20250200
2024-12-19 03:00:00,0.6908,0.6915,0.6915,20250100,20250200,20250200
2024-12-19 04:00:00,0.6907,,,20250100,20250200,20250200
2024-12-19 05:00:00,0.6904,,,20250100,20250200,20250200
2024-12-19 06:00:00,0.6895,0.6923,0.6923,20250100,20250200,20250200
2024-12-19 07:00:00,0.6898,0.6906,0.6906,20250100,20250200,20250200
2024-12-19 08:00:00,0.6913,0.6922,0.6922,20250100,20250200,20250200
2024-12-19 09:00:00,0.6907,0.6921,0.6921,20250100,20250200,20250200
2024-12-19 10:00:00,0.6907,0.6917,0.6917,20250100,20250200,20250200
2024-12-19 11:00:00,0.6912,,,20250100,20250200,20250200
2024-12-19 12:00:00,0.6911,0.6921,0.6921,20250100,20250200,20250200
2024-12-19 13:00:00,0.6927,0.6942,0.6942,20250100,20250200,20250200
2024-12-19 14:00:00,0.6931,0.6943,0.6943,20250100,20250200,20250200
2024-12-19 15:00:00,0.6921,0.6933,0.6933,20250100,20250200,20250200
2024-12-19 16:00:00,0.6921,0.6929,0.6929,20250100,20250200,20250200
2024-12-19 17:00:00,0.6919,0.6926,0.6926,20250100,20250200,20250200
2024-12-19 18:00:00,0.692,0.6926,0.6926,20250100,20250200,20250200
2024-12-19 19:00:00,0.6918,,,20250100,20250200,20250200
2024-12-19 20:00:00,0.6922,,,20250100,20250200,20250200
2024-12-19 21:00:00,0.6922,,,20250100,20250200,20250200
2024-12-20 00:00:00,0.6906,0.6911,0.6911,20250100,20250200,20250200
2024-12-20 01:00:00,0.6907,0.6918,0.6918,20250100,20250200,20250200
2024-12-20 02:00:00,0.6908,0.6909,0.6909,20250100,20250200,20250200
2024-12-20 03:00:00,0.6899,0.6908,0.6908,20250100,20250200,20250200
2024-12-20 04:00:00,0.6902,0.691,0.691,20250100,20250200,20250200
2024-12-20 05:00:00,0.6899,0.6906,0.6906,20250100,20250200,20250200
2024-12-20 06:00:00,0.6898,0.6919,0.6919,20250100,20250200,20250200
2024-12-20 07:00:00,0.69,0.6907,0.6907,20250100,20250200,20250200
2024-12-20 08:00:00,0.6905,0.6916,0.6916,20250100,20250200,20250200
2024-12-20 09:00:00,0.6904,0.6912,0.6912,20250100,20250200,20250200
2024-12-20 10:00:00,0.6909,0.6914,0.6914,20250100,20250200,20250200
2024-12-20 11:00:00,0.6912,,,20250100,20250200,20250200
2024-12-20 12:00:00,0.6921,0.693,0.693,20250100,20250200,20250200
2024-12-20 13:00:00,0.6933,0.6941,0.6941,20250100,20250200,20250200
2024-12-20 14:00:00,0.6922,0.693,0.693,20250100,20250200,20250200
2024-12-20 15:00:00,0.6919,0.6928,0.6928,20250100,20250200,20250200
2024-12-20 16:00:00,0.6926,0.6932,0.6932,20250100,20250200,20250200
2024-12-20 17:00:00,0.6924,,,20250100,20250200,20250200
2024-12-20 18:00:00,0.6927,0.6936,0.6936,20250100,20250200,20250200
2024-12-20 19:00:00,0.6928,,,20250100,20250200,20250200
2024-12-20 20:00:00,0.6925,0.6934,0.6934,20250100,20250200,20250200
2024-12-20 21:00:00,0.6927,,,20250100,20250200,20250200
2024-12-22 23:00:00,0.6908,,,20250100,20250200,20250200
2024-12-23 00:00:00,0.6912,0.6921,0.6921,20250100,20250200,20250200
2024-12-23 01:00:00,0.6913,0.6924,0.6924,20250100,20250200,20250200
2024-12-23 02:00:00,0.6899,0.6912,0.6912,20250100,20250200,20250200
2024-12-23 03:00:00,0.69,0.6908,0.6908,20250100,20250200,20250200
2024-12-23 04:00:00,0.6908,0.6909,0.6909,20250100,20250200,20250200
2024-12-23 05:00:00,0.69,0.6913,0.6913,20250100,20250200,20250200
2024-12-23 06:00:00,0.6891,0.6904,0.6904,20250100,20250200,20250200
2024-12-23 07:00:00,0.6889,0.6898,0.6898,20250100,20250200,20250200
2024-12-23 08:00:00,0.6891,0.6897,0.6897,20250100,20250200,20250200
2024-12-23 09:00:00,0.6896,0.6906,0.6906,20250100,20250200,20250200
2024-12-23 10:00:00,0.6889,0.6895,0.6895,20250100,20250200,20250200
2024-12-23 11:00:00,0.6888,0.6895,0.6895,20250100,20250200,20250200
2024-12-23 12:00:00,0.689,,,20250100,20250200,20250200
2024-12-23 13:00:00,0.6885,0.6898,0.6898,20250100,20250200,20250200
2024-12-23 14:00:00,0.6888,0.6898,0.6898,20250100,20250200,20250200
2024-12-23 15:00:00,0.6889,0.6898,0.6898,20250100,20250200,20250200
2024-12-23 16:00:00,0.6892,0.6902,0.6902,20250100,20250200,20250200
2024-12-23 17:00:00,0.6885,0.6893,0.6893,20250100,20250200,20250200
2024-12-23 18:00:00,0.6893,0.6899,0.6899,20250100,20250200,20250200
2024-12-23 19:00:00,0.6887,0.6893,0.6893,20250100,20250200,20250200
2024-12-23 20:00:00,0.6896,0.69,0.69,20250100,20250200,20250200
2024-12-23 21:00:00,0.6893,,,20250100,20250200,20250200
2024-12-23 23:00:00,0.6902,,,20250100,20250200,20250200
2024-12-24 00:00:00,0.6888,0.6895,0.6895,20250100,20250200,20250200
2024-12-24 01:00:00,0.6891,0.6901,0.6901,20250100,20250200,20250200
2024-12-24 02:00:00,0.6892,,,20250100,20250200,20250200
2024-12-24 03:00:00,0.6888,0.6898,0.6898,20250100,20250200,20250200
2024-12-24 04:00:00,0.6887,0.6897,0.6897,20250100,20250200,20250200
2024-12-24 05:00:00,0.6874,0.6884,0.6884,20250100,20250200,20250200
2024-12-24 06:00:00,0.686,0.6871,0.6871,20250100,20250200,20250200
2024-12-24 07:00:00,0.6859,0.6867,0.6867,20250100,20250200,20250200
2024-12-24 08:00:00,0.6853,0.6862,0.6862,20250100,20250200,20250200
2024-12-24 09:00:00,0.6855,0.6865,0.6865,20250100,20250200,20250200
2024-12-24 10:00:00,0.6857,0.6864,0.6864,20250100,20250200,20250200
2024-12-24 11:00:00,0.6856,0.6864,0.6864,20250100,20250200,20250200
2024-12-24 12:00:00,0.6859,0.6869,0.6869,20250100,20250200,20250200
2024-12-24 13:00:00,0.6863,,,20250100,20250200,20250200
2024-12-24 14:00:00,0.6864,,,20250100,20250200,20250200
2024-12-24 15:00:00,0.6859,,,20250100,20250200,20250200
2024-12-24 16:00:00,0.686,,,20250100,20250200,20250200
2024-12-24 17:00:00,0.6863,,,20250100,20250200,20250200
2024-12-24 18:00:00,0.6861,0.6869,0.6869,20250100,20250200,20250200
2024-12-24 19:00:00,0.6861,,,20250100,20250200,20250200
2024-12-25 02:00:00,0.6858,0.6855,0.6855,20250100,20250200,20250200
2024-12-25 03:00:00,0.6849,,,20250100,20250200,20250200
2024-12-25 04:00:00,0.6849,0.6856,0.6856,20250100,20250200,20250200
2024-12-25 05:00:00,0.6845,0.6852,0.6852,20250100,20250200,20250200
2024-12-25 06:00:00,0.6867,0.6874,0.6874,20250100,20250200,20250200
2024-12-25 11:00:00,0.6845,0.6852,0.6852,20250100,20250200,20250200
2024-12-25 14:00:00,0.6865,0.6873,0.6873,20250100,20250200,20250200
2024-12-25 23:00:00,0.6866,0.6874,0.6874,20250100,20250200,20250200
2024-12-26 00:00:00,0.6853,0.6863,0.6863,20250100,20250200,20250200
2024-12-26 01:00:00,0.6837,0.6845,0.6845,20250100,20250200,20250200
2024-12-26 02:00:00,0.6842,0.6849,0.6849,20250100,20250200,20250200
2024-12-26 03:00:00,0.6839,0.6847,0.6847,20250100,20250200,20250200
2024-12-26 04:00:00,0.6833,0.6839,0.6839,20250100,20250200,20250200
2024-12-26 05:00:00,0.6831,0.6842,0.6842,20250100,20250200,20250200
2024-12-26 06:00:00,0.683,0.6836,0.6836,20250100,20250200,20250200
2024-12-26 07:00:00,0.6826,0.683,0.683,20250100,20250200,20250200
2024-12-26 08:00:00,0.6822,0.6829,0.6829,20250100,20250200,20250200
2024-12-26 09:00:00,0.6826,0.6829,0.6829,20250100,20250200,20250200
2024-12-26 10:00:00,0.683,,,20250100,20250200,20250200
2024-12-26 11:00:00,0.6833,0.6842,0.6842,20250100,20250200,20250200
2024-12-26 12:00:00,0.6832,0.684,0.684,20250100,20250200,20250200
2024-12-26 13:00:00,0.6825,0.6833,0.6833,20250100,20250200,20250200
2024-12-26 14:00:00,0.6824,0.6831,0.6831,20250100,20250200,20250200
2024-12-26 15:00:00,0.6812,0.6819,0.6819,20250100,20250200,20250200
2024-12-26 16:00:00,0.6814,0.682,0.682,20250100,20250200,20250200
2024-12-26 17:00:00,0.6808,0.6815,0.6815,20250100,20250200,20250200
2024-12-26 18:00:00,0.6816,0.6822,0.6822,20250100,20250200,20250200
2024-12-26 19:00:00,0.6815,0.6822,0.6822,20250100,20250200,20250200
2024-12-26 20:00:00,0.6813,0.6819,0.6819,20250100,20250200,20250200
2024-12-26 21:00:00,0.6812,0.6819,0.6819,20250100,20250200,20250200
2024-12-26 23:00:00,0.681,0.6817,0.6817,20250100,20250200,20250200
2024-12-27 00:00:00,0.6782,0.6791,0.6791,20250100,20250200,20250200
2024-12-27 01:00:00,0.6757,0.6763,0.6763,20250100,20250200,20250200
2024-12-27 02:00:00,0.676,0.6767,0.6767,20250100,20250200,20250200
2024-12-27 03:00:00,0.6763,0.677,0.677,20250100,20250200,20250200
2024-12-27 04:00:00,0.6787,0.6793,0.6793,20250100,20250200,20250200
2024-12-27 05:00:00,0.6803,0.6811,0.6811,20250100,20250200,20250200
2024-12-27 06:00:00,0.6778,0.6788,0.6788,20250100,20250200,20250200
2024-12-27 07:00:00,0.6788,0.6795,0.6795,20250100,20250200,20250200
2024-12-27 08:00:00,0.6779,0.6788,0.6788,20250100,20250200,20250200
2024-12-27 09:00:00,0.6772,0.6778,0.6778,20250100,20250200,20250200
2024-12-27 10:00:00,0.6781,0.6781,0.6781,20250100,20250200,20250200
2024-12-27 11:00:00,0.6785,0.6792,0.6792,20250100,20250200,20250200
2024-12-27 12:00:00,0.6786,0.6795,0.6795,20250100,20250200,20250200
2024-12-27 13:00:00,0.6786,0.6796,0.6796,20250100,20250200,20250200
2024-12-27 14:00:00,0.6785,0.6792,0.6792,20250100,20250200,20250200
2024-12-27 15:00:00,0.6791,0.6797,0.6797,20250100,20250200,20250200
2024-12-27 16:00:00,0.6801,0.6811,0.6811,20250100,20250200,20250200
2024-12-27 17:00:00,0.6796,0.6801,0.6801,20250100,20250200,20250200
2024-12-27 18:00:00,0.6787,0.6794,0.6794,20250100,20250200,20250200
2024-12-27 19:00:00,0.6783,,,20250100,20250200,20250200
2024-12-27 20:00:00,0.6779,0.6787,0.6787,20250100,20250200,20250200
2024-12-27 21:00:00,0.6779,0.6786,0.6786,20250100,20250200,20250200
2024-12-29 23:00:00,0.6778,0.6783,0.6783,20250100,20250200,20250200
2024-12-30 00:00:00,0.6803,0.6812,0.6812,20250100,20250200,20250200
2024-12-30 01:00:00,0.6821,0.6829,0.6829,20250100,20250200,20250200
2024-12-30 02:00:00,0.6816,0.682,0.682,20250100,20250200,20250200
2024-12-30 03:00:00,0.6804,0.6809,0.6809,20250100,20250200,20250200
2024-12-30 04:00:00,0.6801,,,20250100,20250200,20250200
2024-12-30 05:00:00,0.6796,0.6802,0.6802,20250100,20250200,20250200
2024-12-30 06:00:00,0.6792,0.6799,0.6799,20250100,20250200,20250200
2024-12-30 07:00:00,0.6792,0.68,0.68,20250100,20250200,20250200
2024-12-30 08:00:00,0.6787,0.6793,0.6793,20250100,20250200,20250200
2024-12-30 09:00:00,0.6786,0.6791,0.6791,20250100,20250200,20250200
2024-12-30 10:00:00,0.6794,0.6802,0.6802,20250100,20250200,20250200
2024-12-30 11:00:00,0.6793,,,20250100,20250200,20250200
2024-12-30 12:00:00,0.6794,0.6801,0.6801,20250100,20250200,20250200
2024-12-30 13:00:00,0.678,0.6784,0.6784,20250100,20250200,20250200
2024-12-30 14:00:00,0.6782,0.679,0.679,20250100,20250200,20250200
2024-12-30 15:00:00,0.6782,0.6788,0.6788,20250100,20250200,20250200
2024-12-30 16:00:00,0.6786,0.6792,0.6792,20250100,20250200,20250200
2024-12-30 17:00:00,0.6789,,,20250100,20250200,20250200
2024-12-30 18:00:00,0.6789,0.6794,0.6794,20250100,20250200,20250200
2024-12-30 19:00:00,0.68,0.681,0.681,20250100,20250200,20250200
2024-12-30 20:00:00,0.6801,0.6805,0.6805,20250100,20250200,20250200
2024-12-30 21:00:00,0.6804,0.6806,0.6806,20250100,20250200,20250200
2024-12-30 23:00:00,0.6794,,,20250100,20250200,20250200
2024-12-31 00:00:00,0.6792,0.6798,0.6798,20250100,20250200,20250200
2024-12-31 01:00:00,0.6792,0.6796,0.6796,20250100,20250200,20250200
2024-12-31 02:00:00,0.6793,0.6799,0.6799,20250100,20250200,20250200
2024-12-31 03:00:00,0.6789,0.6795,0.6795,20250100,20250200,20250200
2024-12-31 04:00:00,0.6797,0.6803,0.6803,20250100,20250200,20250200
2024-12-31 05:00:00,0.6793,0.68,0.68,20250100,20250200,20250200
2024-12-31 06:00:00,0.6792,0.6797,0.6797,20250100,20250200,20250200
2024-12-31 07:00:00,0.679,0.6798,0.6798,20250100,20250200,20250200
2024-12-31 08:00:00,0.6781,0.6785,0.6785,20250100,20250200,20250200
2024-12-31 09:00:00,0.6795,0.6801,0.6801,20250100,20250200,20250200
2024-12-31 10:00:00,0.6789,0.6793,0.6793,20250100,20250200,20250200
2024-12-31 11:00:00,0.6786,0.6792,0.6792,20250100,20250200,20250200
2024-12-31 12:00:00,0.6788,0.6794,0.6794,20250100,20250200,20250200
2024-12-31 13:00:00,0.6779,0.6787,0.6787,20250100,20250200,20250200
2024-12-31 14:00:00,0.6779,0.6787,0.6787,20250100,20250200,20250200
2024-12-31 15:00:00,0.6769,0.6775,0.6775,20250100,20250200,20250200
2024-12-31 16:00:00,0.6763,0.6772,0.6772,20250100,20250200,20250200
2024-12-31 17:00:00,0.6768,0.6774,0.6774,20250100,20250200,20250200
2024-12-31 18:00:00,0.677,,,20250100,20250200,20250200
2024-12-31 19:00:00,0.6768,,,20250100,20250200,20250200
2024-12-31 20:00:00,0.6767,0.6784,0.6784,20250100,20250200,20250200
2025-01-01 23:00:00,0.6781,0.6805,0.6805,20250100,20250200,20250200
2025-01-02 00:00:00,0.6792,0.6803,0.6803,20250100,20250200,20250200
2025-01-02 01:00:00,0.6811,0.6816,0.6816,20250100,20250200,20250200
2025-01-02 02:00:00,0.6812,0.6819,0.6819,20250100,20250200,20250200
2025-01-02 03:00:00,0.6818,0.6824,0.6824,20250100,20250200,20250200
2025-01-02 04:00:00,0.6821,0.6825,0.6825,20250100,20250200,20250200
2025-01-02 05:00:00,0.682,0.6825,0.6825,20250100,20250200,20250200
2025-01-02 06:00:00,0.6819,0.6826,0.6826,20250100,20250200,20250200
2025-01-02 07:00:00,0.6816,0.6824,0.6824,20250100,20250200,20250200
2025-01-02 08:00:00,0.683,0.6838,0.6838,20250100,20250200,20250200
2025-01-02 09:00:00,0.6833,0.6839,0.6839,20250100,20250200,20250200
2025-01-02 10:00:00,0.6814,0.682,0.682,20250100,20250200,20250200
2025-01-02 11:00:00,0.6814,0.682,0.682,20250100,20250200,20250200
2025-01-02 12:00:00,0.6813,0.6822,0.6822,20250100,20250200,20250200
2025-01-02 13:00:00,0.6811,0.682,0.682,20250100,20250200,20250200
2025-01-02 14:00:00,0.6808,0.6815,0.6815,20250100,20250200,20250200
2025-01-02 15:00:00,0.6801,0.6808,0.6808,20250100,20250200,20250200
2025-01-02 16:00:00,0.6792,0.6799,0.6799,20250100,20250200,20250200
2025-01-02 17:00:00,0.6789,0.6796,0.6796,20250100,20250200,20250200
2025-01-02 18:00:00,0.6788,0.6793,0.6793,20250100,20250200,20250200
2025-01-02 19:00:00,0.6791,0.6797,0.6797,20250100,20250200,20250200
2025-01-02 21:00:00,0.6795,,,20250100,20250200,20250200
2025-01-02 23:00:00,0.6795,0.6797,0.6797,20250100,20250200,20250200
2025-01-03 00:00:00,0.6828,0.6834,0.6834,20250100,20250200,20250200
2025-01-03 01:00:00,0.6824,0.683,0.683,20250100,20250200,20250200
2025-01-03 02:00:00,0.6828,0.6834,0.6834,20250100,20250200,20250200
2025-01-03 03:00:00,0.6823,0.6829,0.6829,20250100,20250200,20250200
2025-01-03 04:00:00,0.682,0.6824,0.6824,20250100,20250200,20250200
2025-01-03 05:00:00,0.6817,0.6822,0.6822,20250100,20250200,20250200
2025-01-03 06:00:00,0.6815,0.6822,0.6822,20250100,20250200,20250200
2025-01-03 07:00:00,0.6802,0.6808,0.6808,20250100,20250200,20250200
2025-01-03 08:00:00,0.6796,0.6803,0.6803,20250100,20250200,20250200
2025-01-03 09:00:00,0.6805,0.6809,0.6809,20250100,20250200,20250200
2025-01-03 10:00:00,0.6798,0.6804,0.6804,20250100,20250200,20250200
2025-01-03 11:00:00,0.6806,0.6813,0.6813,20250100,20250200,20250200
2025-01-03 12:00:00,0.68,0.681,0.681,20250100,20250200,20250200
2025-01-03 13:00:00,0.6803,0.6809,0.6809,20250100,20250200,20250200
2025-01-03 14:00:00,0.6804,0.681,0.681,20250100,20250200,20250200
2025-01-03 15:00:00,0.6805,0.6813,0.6813,20250100,20250200,20250200
2025-01-03 16:00:00,0.6803,0.681,0.681,20250100,20250200,20250200
2025-01-03 17:00:00,0.6804,0.6813,0.6813,20250100,20250200,20250200
2025-01-03 18:00:00,0.6801,0.6809,0.6809,20250100,20250200,20250200
2025-01-03 19:00:00,0.6805,0.6809,0.6809,20250100,20250200,20250200
2025-01-03 20:00:00,0.6809,0.6816,0.6816,20250100,20250200,20250200
2025-01-03 21:00:00,0.681,,,20250100,20250200,20250200
2025-01-05 23:00:00,0.6805,0.6814,0.6814,20250100,20250200,20250200
2025-01-06 00:00:00,0.6791,0.6795,0.6795,20250100,20250200,20250200
2025-01-06 01:00:00,0.681,0.6819,0.6819,20250200,20250300,20250300
2025-01-06 02:00:00,0.6816,,,20250200,20250300,20250300
2025-01-06 03:00:00,0.681,,,20250200,20250300,20250300
2025-01-06 04:00:00,0.6808,,,20250200,20250300,20250300
2025-01-06 05:00:00,0.6809,,,20250200,20250300,20250300
2025-01-06 06:00:00,0.6878,0.6885,0.6885,20250200,20250300,20250300
2025-01-06 07:00:00,0.6832,0.6834,0.6834,20250200,20250300,20250300
2025-01-06 08:00:00,0.6833,,,20250200,20250300,20250300
2025-01-06 09:00:00,0.6833,,,20250200,20250300,20250300
2025-01-06 10:00:00,0.6834,,,20250200,20250300,20250300
2025-01-06 11:00:00,0.6862,0.6838,0.6838,20250200,20250300,20250300
2025-01-06 12:00:00,0.6867,,,20250200,20250300,20250300
2025-01-06 13:00:00,0.6871,,,20250200,20250300,20250300
2025-01-06 14:00:00,0.6861,,,20250200,20250300,20250300
2025-01-06 15:00:00,0.6856,,,20250200,20250300,20250300
2025-01-06 16:00:00,0.6856,,,20250200,20250300,20250300
2025-01-06 17:00:00,0.6853,,,20250200,20250300,20250300
2025-01-06 18:00:00,0.685,,,20250200,20250300,20250300
2025-01-06 19:00:00,0.6846,,,20250200,20250300,20250300
2025-01-06 20:00:00,0.6846,,,20250200,20250300,20250300
2025-01-07 00:00:00,0.687,0.6875,0.6875,20250200,20250300,20250300
2025-01-07 01:00:00,0.6887,0.6892,0.6892,20250200,20250300,20250300
2025-01-07 02:00:00,0.688,,,20250200,20250300,20250300
2025-01-07 03:00:00,0.6882,,,20250200,20250300,20250300
2025-01-07 04:00:00,0.6898,,,20250200,20250300,20250300
2025-01-07 05:00:00,0.6898,,,20250200,20250300,20250300
2025-01-07 06:00:00,0.6891,0.6911,0.6911,20250200,20250300,20250300
2025-01-07 07:00:00,0.6903,,,20250200,20250300,20250300
2025-01-07 08:00:00,0.693,0.6923,0.6923,20250200,20250300,20250300
2025-01-07 09:00:00,0.6922,0.693,0.693,20250200,20250300,20250300
2025-01-07 10:00:00,0.6917,,,20250200,20250300,20250300
2025-01-07 11:00:00,0.6901,,,20250200,20250300,20250300
2025-01-07 12:00:00,0.6902,,,20250200,20250300,20250300
2025-01-07 13:00:00,0.6904,0.6912,0.6912,20250200,20250300,20250300
2025-01-07 14:00:00,0.6903,0.6911,0.6911,20250200,20250300,20250300
2025-01-07 15:00:00,0.6886,,,20250200,20250300,20250300
2025-01-07 16:00:00,0.6896,,,20250200,20250300,20250300
2025-01-07 17:00:00,0.6887,,,20250200,20250300,20250300
2025-01-07 18:00:00,0.6883,,,20250200,20250300,20250300
2025-01-07 19:00:00,0.6885,,,20250200,20250300,20250300
2025-01-07 20:00:00,0.6882,,,20250200,20250300,20250300
2025-01-07 21:00:00,0.6885,,,20250200,20250300,20250300
2025-01-08 00:00:00,0.6884,0.6888,0.6888,20250200,20250300,20250300
2025-01-08 01:00:00,0.6904,,,20250200,20250300,20250300
2025-01-08 02:00:00,0.6892,,,20250200,20250300,20250300
2025-01-08 03:00:00,0.6878,,,20250200,20250300,20250300
2025-01-08 04:00:00,0.6888,,,20250200,20250300,20250300
2025-01-08 05:00:00,0.6885,,,20250200,20250300,20250300
2025-01-08 06:00:00,0.6842,0.685,0.685,20250200,20250300,20250300
2025-01-08 07:00:00,0.6864,,,20250200,20250300,20250300
2025-01-08 08:00:00,0.6859,,,20250200,20250300,20250300
2025-01-08 09:00:00,0.686,0.6863,0.6863,20250200,20250300,20250300
2025-01-08 10:00:00,0.6861,,,20250200,20250300,20250300
2025-01-08 11:00:00,0.6857,0.6862,0.6862,20250200,20250300,20250300
2025-01-08 12:00:00,0.6847,0.6862,0.6862,20250200,20250300,20250300
2025-01-08 13:00:00,0.6855,,,20250200,20250300,20250300
2025-01-08 14:00:00,0.6846,,,20250200,20250300,20250300
2025-01-08 15:00:00,0.6858,,,20250200,20250300,20250300
2025-01-08 16:00:00,0.6856,,,20250200,20250300,20250300
2025-01-08 17:00:00,0.6853,,,20250200,20250300,20250300
2025-01-08 18:00:00,0.6859,,,20250200,20250300,20250300
2025-01-08 19:00:00,0.6861,,,20250200,20250300,20250300
2025-01-08 20:00:00,0.6859,,,20250200,20250300,20250300
2025-01-09 00:00:00,0.6864,,,20250200,20250300,20250300
2025-01-09 01:00:00,0.6879,,,20250200,20250300,20250300
2025-01-09 02:00:00,0.6871,,,20250200,20250300,20250300
2025-01-09 03:00:00,0.6875,,,20250200,20250300,20250300
2025-01-09 04:00:00,0.6872,,,20250200,20250300,20250300
2025-01-09 05:00:00,0.6864,,,20250200,20250300,20250300
2025-01-09 06:00:00,0.6854,0.6861,0.6861,20250200,20250300,20250300
2025-01-09 07:00:00,0.6842,,,20250200,20250300,20250300
2025-01-09 08:00:00,0.6848,,,20250200,20250300,20250300
2025-01-09 09:00:00,0.6846,,,20250200,20250300,20250300
2025-01-09 10:00:00,0.6854,,,20250200,20250300,20250300
2025-01-09 12:00:00,0.6861,,,20250200,20250300,20250300
2025-01-09 13:00:00,0.6861,,,20250200,20250300,20250300
2025-01-09 14:00:00,0.6861,,,20250200,20250300,20250300
2025-01-09 15:00:00,0.6856,,,20250200,20250300,20250300
2025-01-09 16:00:00,0.6861,,,20250200,20250300,20250300
2025-01-09 18:00:00,0.686,,,20250200,20250300,20250300
2025-01-10 00:00:00,0.6867,,,20250200,20250300,20250300
2025-01-10 01:00:00,0.6859,,,20250200,20250300,20250300
2025-01-10 02:00:00,0.6859,,,20250200,20250300,20250300
2025-01-10 03:00:00,0.6855,,,20250200,20250300,20250300
2025-01-10 04:00:00,0.6845,,,20250200,20250300,20250300
2025-01-10 05:00:00,0.6842,,,20250200,20250300,20250300
2025-01-10 06:00:00,0.6819,0.6826,0.6826,20250200,20250300,20250300
2025-01-10 07:00:00,0.6831,,,20250200,20250300,20250300
2025-01-10 08:00:00,0.683,,,20250200,20250300,20250300
2025-01-10 09:00:00,0.6828,,,20250200,20250300,20250300
2025-01-10 10:00:00,0.6822,,,20250200,20250300,20250300
2025-01-10 11:00:00,0.682,,,20250200,20250300,20250300
2025-01-10 12:00:00,0.6826,,,20250200,20250300,20250300
2025-01-10 13:00:00,0.6796,0.6775,0.6775,20250200,20250300,20250300
2025-01-10 14:00:00,0.6798,0.6803,0.6803,20250200,20250300,20250300
2025-01-10 15:00:00,0.6799,,,20250200,20250300,20250300
2025-01-10 16:00:00,0.6794,,,20250200,20250300,20250300
2025-01-10 17:00:00,0.6792,,,20250200,20250300,20250300
2025-01-10 18:00:00,0.6795,,,20250200,20250300,20250300
2025-01-10 20:00:00,0.6792,,,20250200,20250300,20250300
2025-01-10 21:00:00,0.6795,,,20250200,20250300,20250300
2025-01-12 23:00:00,0.6771,,,20250200,20250300,20250300
2025-01-13 00:00:00,0.6806,,,20250200,20250300,20250300
2025-01-13 01:00:00,0.68,,,20250200,20250300,20250300
2025-01-13 02:00:00,0.6805,,,20250200,20250300,20250300
2025-01-13 03:00:00,0.6801,,,20250200,20250300,20250300
2025-01-13 04:00:00,0.6802,,,20250200,20250300,20250300
2025-01-13 05:00:00,0.6809,,,20250200,20250300,20250300
2025-01-13 06:00:00,0.6805,0.6812,0.6812,20250200,20250300,20250300
2025-01-13 07:00:00,0.681,,,20250200,20250300,20250300
2025-01-13 08:00:00,0.6811,,,20250200,20250300,20250300
2025-01-13 09:00:00,0.6804,,,20250200,20250300,20250300
2025-01-13 10:00:00,0.6806,,,20250200,20250300,20250300
2025-01-13 11:00:00,0.6816,,,20250200,20250300,20250300
2025-01-13 12:00:00,0.682,,,20250200,20250300,20250300
2025-01-13 13:00:00,0.6825,,,20250200,20250300,20250300
2025-01-13 14:00:00,0.6821,,,20250200,20250300,20250300
2025-01-13 15:00:00,0.6819,,,20250200,20250300,20250300
2025-01-13 16:00:00,0.6827,,,20250200,20250300,20250300
2025-01-13 17:00:00,0.6821,,,20250200,20250300,20250300
2025-01-13 18:00:00,0.6819,,,20250200,20250300,20250300
2025-01-13 20:00:00,0.6824,,,20250200,20250300,20250300
2025-01-13 23:00:00,0.6832,,,20250200,20250300,20250300
2025-01-14 00:00:00,0.6835,,,20250200,20250300,20250300
2025-01-14 01:00:00,0.6841,0.6841,0.6841,20250200,20250300,20250300
2025-01-14 02:00:00,0.6842,0.6849,0.6849,20250200,20250300,20250300
2025-01-14 03:00:00,0.6857,0.6862,0.6862,20250200,20250300,20250300
2025-01-14 04:00:00,0.685,,,20250200,20250300,20250300
2025-01-14 05:00:00,0.6844,,,20250200,20250300,20250300
2025-01-14 06:00:00,0.6843,0.6862,0.6862,20250200,20250300,20250300
2025-01-14 07:00:00,0.6848,,,20250200,20250300,20250300
2025-01-14 08:00:00,0.6855,,,20250200,20250300,20250300
2025-01-14 09:00:00,0.685,,,20250200,20250300,20250300
2025-01-14 10:00:00,0.6857,0.6852,0.6852,20250200,20250300,20250300
2025-01-14 11:00:00,0.6855,,,20250200,20250300,20250300
2025-01-14 12:00:00,0.6855,0.6856,0.6856,20250200,20250300,20250300
2025-01-14 13:00:00,0.6861,,,20250200,20250300,20250300
2025-01-14 14:00:00,0.6861,0.6856,0.6856,20250200,20250300,20250300
2025-01-14 15:00:00,0.6867,,,20250200,20250300,20250300
2025-01-14 16:00:00,0.6858,,,20250200,20250300,20250300
2025-01-14 17:00:00,0.685,,,20250200,20250300,20250300
2025-01-14 19:00:00,0.6858,,,20250200,20250300,20250300
2025-01-14 20:00:00,0.6861,,,20250200,20250300,20250300
2025-01-14 21:00:00,0.6859,,,20250200,20250300,20250300
2025-01-14 23:00:00,0.6848,,,20250200,20250300,20250300
2025-01-15 00:00:00,0.6853,,,20250200,20250300,20250300
2025-01-15 01:00:00,0.6863,,,20250200,20250300,20250300
2025-01-15 02:00:00,0.6858,,,20250200,20250300,20250300
2025-01-15 03:00:00,0.686,0.6863,0.6863,20250200,20250300,20250300
2025-01-15 04:00:00,0.686,,,20250200,20250300,20250300
2025-01-15 05:00:00,0.6856,,,20250200,20250300,20250300
2025-01-15 06:00:00,0.6854,0.6875,0.6875,20250200,20250300,20250300
2025-01-15 07:00:00,0.6857,,,20250200,20250300,20250300
2025-01-15 08:00:00,0.6852,,,20250200,20250300,20250300
2025-01-15 09:00:00,0.6862,0.6869,0.6869,20250200,20250300,20250300
2025-01-15 10:00:00,0.6867,,,20250200,20250300,20250300
2025-01-15 11:00:00,0.6862,,,20250200,20250300,20250300
2025-01-15 12:00:00,0.6863,0.6867,0.6867,20250200,20250300,20250300
2025-01-15 13:00:00,0.6893,0.6895,0.6895,20250200,20250300,20250300
2025-01-15 14:00:00,0.6882,,,20250200,20250300,20250300
2025-01-15 15:00:00,0.6875,0.6891,0.6891,20250200,20250300,20250300
2025-01-15 16:00:00,0.6869,0.6875,0.6875,20250200,20250300,20250300
2025-01-15 17:00:00,0.6878,,,20250200,20250300,20250300
2025-01-15 18:00:00,0.6879,,,20250200,20250300,20250300
2025-01-15 21:00:00,0.6875,,,20250200,20250300,20250300
2025-01-16 00:00:00,0.6902,,,20250200,20250300,20250300
2025-01-16 01:00:00,0.6897,,,20250200,20250300,20250300
2025-01-16 02:00:00,0.6874,,,20250200,20250300,20250300
2025-01-16 03:00:00,0.6868,0.6877,0.6877,20250200,20250300,20250300
2025-01-16 04:00:00,0.6871,0.6879,0.6879,20250200,20250300,20250300
2025-01-16 05:00:00,0.6868,0.6877,0.6877,20250200,20250300,20250300
2025-01-16 06:00:00,0.6873,0.6879,0.6879,20250200,20250300,20250300
2025-01-16 07:00:00,0.6877,,,20250200,20250300,20250300
2025-01-16 08:00:00,0.6868,0.6882,0.6882,20250200,20250300,20250300
2025-01-16 09:00:00,0.6867,,,20250200,20250300,20250300
2025-01-16 10:00:00,0.6868,,,20250200,20250300,20250300
2025-01-16 11:00:00,0.6869,,,20250200,20250300,20250300
2025-01-16 12:00:00,0.6862,,,20250200,20250300,20250300
2025-01-16 13:00:00,0.6871,,,20250200,20250300,20250300
2025-01-16 14:00:00,0.6864,0.6876,0.6876,20250200,20250300,20250300
2025-01-16 15:00:00,0.687,,,20250200,20250300,20250300
2025-01-16 16:00:00,0.6871,,,20250200,20250300,20250300
2025-01-16 17:00:00,0.6875,,,20250200,20250300,20250300
2025-01-16 19:00:00,0.6871,,,20250200,20250300,20250300
2025-01-16 21:00:00,0.6864,,,20250200,20250300,20250300
2025-01-17 00:00:00,0.6887,,,20250200,20250300,20250300
2025-01-17 01:00:00,0.6882,0.6891,0.6891,20250200,20250300,20250300
2025-01-17 02:00:00,0.6884,,,20250200,20250300,20250300
2025-01-17 03:00:00,0.6876,,,20250200,20250300,20250300
2025-01-17 04:00:00,0.6874,,,20250200,20250300,20250300
2025-01-17 05:00:00,0.6874,,,20250200,20250300,20250300
2025-01-17 06:00:00,0.6868,0.6876,0.6876,20250200,20250300,20250300
2025-01-17 07:00:00,0.6864,,,20250200,20250300,20250300
2025-01-17 08:00:00,0.6868,,,20250200,20250300,20250300
2025-01-17 09:00:00,0.6868,,,20250200,20250300,20250300
2025-01-17 10:00:00,0.6867,,,20250200,20250300,20250300
2025-01-17 11:00:00,0.6868,,,20250200,20250300,20250300
2025-01-17 12:00:00,0.6865,,,20250200,20250300,20250300
2025-01-17 13:00:00,0.6861,,,20250200,20250300,20250300
2025-01-17 14:00:00,0.6877,0.6883,0.6883,20250200,20250300,20250300
2025-01-17 15:00:00,0.6874,,,20250200,20250300,20250300
2025-01-17 16:00:00,0.6868,,,20250200,20250300,20250300
2025-01-17 17:00:00,0.6867,,,20250200,20250300,20250300
2025-01-17 18:00:00,0.6869,,,20250200,20250300,20250300
2025-01-17 19:00:00,0.6869,,,20250200,20250300,20250300
2025-01-17 20:00:00,0.6867,,,20250200,20250300,20250300
2025-01-17 21:00:00,0.6862,,,20250200,20250300,20250300
2025-01-19 23:00:00,0.685,,,20250200,20250300,20250300
2025-01-20 00:00:00,0.6869,0.6878,0.6878,20250200,20250300,20250300
2025-01-20 01:00:00,0.6883,,,20250200,20250300,20250300
2025-01-20 02:00:00,0.6894,,,20250200,20250300,20250300
2025-01-20 03:00:00,0.6907,,,20250200,20250300,20250300
2025-01-20 04:00:00,0.6901,,,20250200,20250300,20250300
2025-01-20 05:00:00,0.6904,0.6917,0.6917,20250200,20250300,20250300
2025-01-20 06:00:00,0.6905,0.6907,0.6907,20250200,20250300,20250300
2025-01-20 07:00:00,0.6913,,,20250200,20250300,20250300
2025-01-20 08:00:00,0.6904,0.6912,0.6912,20250200,20250300,20250300
2025-01-20 09:00:00,0.69,0.6908,0.6908,20250200,20250300,20250300
2025-01-20 10:00:00,0.6901,0.6911,0.6911,20250200,20250300,20250300
2025-01-20 11:00:00,0.6898,0.6911,0.6911,20250200,20250300,20250300
2025-01-20 12:00:00,0.6897,0.6903,0.6903,20250200,20250300,20250300
2025-01-20 13:00:00,0.6955,0.696,0.696,20250200,20250300,20250300
2025-01-20 14:00:00,0.6943,0.697,0.697,20250200,20250300,20250300
2025-01-20 15:00:00,0.6949,0.6948,0.6948,20250200,20250300,20250300
2025-01-20 16:00:00,0.6957,,,20250200,20250300,20250300
2025-01-20 17:00:00,0.6953,0.6969,0.6969,20250200,20250300,20250300
2025-01-20 18:00:00,0.6961,,,20250200,20250300,20250300
2025-01-20 19:00:00,0.6966,0.6972,0.6972,20250200,20250300,20250300
2025-01-20 20:00:00,0.6966,0.6968,0.6968,20250200,20250300,20250300
2025-01-21 00:00:00,0.694,0.6943,0.6943,20250200,20250300,20250300
2025-01-21 01:00:00,0.695,0.6955,0.6955,20250200,20250300,20250300
2025-01-21 02:00:00,0.6959,0.6972,0.6972,20250200,20250300,20250300
2025-01-21 03:00:00,0.6964,0.6982,0.6982,20250200,20250300,20250300
2025-01-21 04:00:00,0.6964,,,20250200,20250300,20250300
2025-01-21 05:00:00,0.6955,0.6963,0.6963,20250200,20250300,20250300
2025-01-21 06:00:00,0.6949,0.6962,0.6962,20250200,20250300,20250300
2025-01-21 07:00:00,0.6946,0.6961,0.6961,20250200,20250300,20250300
2025-01-21 08:00:00,0.695,0.6951,0.6951,20250200,20250300,20250300
2025-01-21 09:00:00,0.6945,0.6958,0.6958,20250200,20250300,20250300
2025-01-21 10:00:00,0.6945,0.6951,0.6951,20250200,20250300,20250300
2025-01-21 11:00:00,0.6945,0.6953,0.6953,20250200,20250300,20250300
2025-01-21 12:00:00,0.6942,0.6955,0.6955,20250200,20250300,20250300
2025-01-21 13:00:00,0.6955,0.6962,0.6962,20250200,20250300,20250300
2025-01-21 14:00:00,0.6957,0.6965,0.6965,20250200,20250300,20250300
2025-01-21 15:00:00,0.6961,0.697,0.697,20250200,20250300,20250300
2025-01-21 16:00:00,0.6973,,,20250200,20250300,20250300
2025-01-21 17:00:00,0.6982,0.6989,0.6989,20250200,20250300,20250300
2025-01-21 18:00:00,0.6983,0.6989,0.6989,20250200,20250300,20250300
2025-01-21 19:00:00,0.6973,0.698,0.698,20250200,20250300,20250300
2025-01-21 20:00:00,0.6974,,,20250200,20250300,20250300
2025-01-21 21:00:00,0.6977,0.6985,0.6985,20250200,20250300,20250300
2025-01-21 23:00:00,0.6977,,,20250200,20250300,20250300
2025-01-22 00:00:00,0.6992,0.7001,0.7001,20250200,20250300,20250300
2025-01-22 01:00:00,0.6983,0.699,0.699,20250200,20250300,20250300
2025-01-22 02:00:00,0.6977,0.6985,0.6985,20250200,20250300,20250300
2025-01-22 03:00:00,0.6969,0.6974,0.6974,20250200,20250300,20250300
2025-01-22 04:00:00,0.6975,0.6984,0.6984,20250200,20250300,20250300
2025-01-22 05:00:00,0.6966,0.6977,0.6977,20250200,20250300,20250300
2025-01-22 06:00:00,0.6959,0.6966,0.6966,20250200,20250300,20250300
2025-01-22 07:00:00,0.6972,0.6981,0.6981,20250200,20250300,20250300
2025-01-22 08:00:00,0.6985,0.6993,0.6993,20250200,20250300,20250300
2025-01-22 09:00:00,0.699,0.7002,0.7002,20250200,20250300,20250300
2025-01-22 10:00:00,0.6986,0.6997,0.6997,20250200,20250300,20250300
2025-01-22 11:00:00,0.6985,0.699,0.699,20250200,20250300,20250300
2025-01-22 12:00:00,0.6986,0.6994,0.6994,20250200,20250300,20250300
2025-01-22 13:00:00,0.6983,0.6986,0.6986,20250200,20250300,20250300
2025-01-22 14:00:00,0.6981,0.6988,0.6988,20250200,20250300,20250300
2025-01-22 15:00:00,0.6977,0.6984,0.6984,20250200,20250300,20250300
2025-01-22 16:00:00,0.697,0.6977,0.6977,20250200,20250300,20250300
2025-01-22 17:00:00,0.6968,0.6975,0.6975,20250200,20250300,20250300
2025-01-22 18:00:00,0.6969,0.6976,0.6976,20250200,20250300,20250300
2025-01-22 19:00:00,0.6968,,,20250200,20250300,20250300
2025-01-22 20:00:00,0.6969,0.6978,0.6978,20250200,20250300,20250300
2025-01-22 21:00:00,0.697,0.6977,0.6977,20250200,20250300,20250300
2025-01-23 00:00:00,0.6967,0.6972,0.6972,20250200,20250300,20250300
2025-01-23 01:00:00,0.6961,0.6968,0.6968,20250200,20250300,20250300
2025-01-23 02:00:00,0.6957,0.6967,0.6967,20250200,20250300,20250300
2025-01-23 03:00:00,0.6967,0.6975,0.6975,20250200,20250300,20250300
2025-01-23 04:00:00,0.6965,,,20250200,20250300,20250300
2025-01-23 05:00:00,0.6962,0.6968,0.6968,20250200,20250300,20250300
2025-01-23 06:00:00,0.6959,0.6971,0.6971,20250200,20250300,20250300
2025-01-23 07:00:00,0.6947,0.6954,0.6954,20250200,20250300,20250300
2025-01-23 08:00:00,0.6951,0.6961,0.6961,20250200,20250300,20250300
2025-01-23 09:00:00,0.6961,0.697,0.697,20250200,20250300,20250300
2025-01-23 10:00:00,0.6964,0.6972,0.6972,20250200,20250300,20250300
2025-01-23 11:00:00,0.6965,,,20250200,20250300,20250300
2025-01-23 12:00:00,0.6965,0.6969,0.6969,20250200,20250300,20250300
2025-01-23 13:00:00,0.6969,0.6976,0.6976,20250200,20250300,20250300
2025-01-23 14:00:00,0.6965,0.6971,0.6971,20250200,20250300,20250300
2025-01-23 15:00:00,0.6962,0.6968,0.6968,20250200,20250300,20250300
2025-01-23 16:00:00,0.6974,0.6981,0.6981,20250200,20250300,20250300
2025-01-23 17:00:00,0.6976,0.6984,0.6984,20250200,20250300,20250300
2025-01-23 18:00:00,0.6968,0.6977,0.6977,20250200,20250300,20250300
2025-01-23 19:00:00,0.6968,,,20250200,20250300,20250300
2025-01-23 21:00:00,0.6965,,,20250200,20250300,20250300
2025-01-23 23:00:00,0.6953,,,20250200,20250300,20250300
2025-01-24 00:00:00,0.6968,0.6975,0.6975,20250200,20250300,20250300
2025-01-24 01:00:00,0.6964,0.6972,0.6972,20250200,20250300,20250300
2025-01-24 02:00:00,0.7001,0.7005,0.7005,20250200,20250300,20250300
2025-01-24 03:00:00,0.6995,0.7001,0.7001,20250200,20250300,20250300
2025-01-24 04:00:00,0.699,0.6997,0.6997,20250200,20250300,20250300
2025-01-24 05:00:00,0.6992,0.6998,0.6998,20250200,20250300,20250300
2025-01-24 06:00:00,0.6986,0.6994,0.6994,20250200,20250300,20250300
2025-01-24 07:00:00,0.7,0.7013,0.7013,20250200,20250300,20250300
2025-01-24 08:00:00,0.7007,0.7013,0.7013,20250200,20250300,20250300
2025-01-24 09:00:00,0.6993,0.6999,0.6999,20250200,20250300,20250300
2025-01-24 10:00:00,0.6988,0.6996,0.6996,20250200,20250300,20250300
2025-01-24 11:00:00,0.6985,0.6992,0.6992,20250200,20250300,20250300
2025-01-24 12:00:00,0.6982,0.699,0.699,20250200,20250300,20250300
2025-01-24 13:00:00,0.6982,0.699,0.699,20250200,20250300,20250300
2025-01-24 14:00:00,0.6988,0.6995,0.6995,20250200,20250300,20250300
2025-01-24 15:00:00,0.7006,0.7012,0.7012,20250200,20250300,20250300
2025-01-24 16:00:00,0.6999,0.7008,0.7008,20250200,20250300,20250300
2025-01-24 17:00:00,0.6995,,,20250200,20250300,20250300
2025-01-24 18:00:00,0.6997,0.7003,0.7003,20250200,20250300,20250300
2025-01-24 19:00:00,0.6995,0.7003,0.7003,20250200,20250300,20250300
2025-01-24 20:00:00,0.6996,0.7001,0.7001,20250200,20250300,20250300
2025-01-24 21:00:00,0.6998,,,20250200,20250300,20250300
2025-01-26 23:00:00,0.6998,,,20250200,20250300,20250300
2025-01-27 00:00:00,0.7003,0.701,0.701,20250200,20250300,20250300
2025-01-27 01:00:00,0.697,0.6988,0.6988,20250200,20250300,20250300
2025-01-27 02:00:00,0.697,0.6973,0.6973,20250200,20250300,20250300
2025-01-27 03:00:00,0.6968,0.6995,0.6995,20250200,20250300,20250300
2025-01-27 04:00:00,0.6966,0.6974,0.6974,20250200,20250300,20250300
2025-01-27 05:00:00,0.6956,0.6963,0.6963,20250200,20250300,20250300
2025-01-27 06:00:00,0.6967,0.6988,0.6988,20250200,20250300,20250300
2025-01-27 07:00:00,0.6967,,,20250200,20250300,20250300
2025-01-27 08:00:00,0.6993,0.6999,0.6999,20250200,20250300,20250300
2025-01-27 09:00:00,0.6981,0.6996,0.6996,20250200,20250300,20250300
2025-01-27 10:00:00,0.6991,0.7,0.7,20250200,20250300,20250300
2025-01-27 11:00:00,0.6982,0.6988,0.6988,20250200,20250300,20250300
2025-01-27 12:00:00,0.6987,0.6992,0.6992,20250200,20250300,20250300
2025-01-27 13:00:00,0.6986,0.6994,0.6994,20250200,20250300,20250300
2025-01-27 14:00:00,0.6978,0.6984,0.6984,20250200,20250300,20250300
2025-01-27 15:00:00,0.6971,0.6984,0.6984,20250200,20250300,20250300
2025-01-27 16:00:00,0.6978,0.6986,0.6986,20250200,20250300,20250300
2025-01-27 17:00:00,0.6976,0.6984,0.6984,20250200,20250300,20250300
2025-01-27 18:00:00,0.6981,0.6985,0.6985,20250200,20250300,20250300
2025-01-27 19:00:00,0.6981,0.6987,0.6987,20250200,20250300,20250300
2025-01-27 20:00:00,0.6972,0.6979,0.6979,20250200,20250300,20250300
2025-01-27 21:00:00,0.6972,,,20250200,20250300,20250300
2025-01-27 23:00:00,0.696,0.6968,0.6968,20250200,20250300,20250300
2025-01-28 00:00:00,0.6954,0.6964,0.6964,20250200,20250300,20250300
2025-01-28 01:00:00,0.6939,0.6947,0.6947,20250200,20250300,20250300
2025-01-28 02:00:00,0.6932,0.6941,0.6941,20250200,20250300,20250300
2025-01-28 03:00:00,0.6911,0.6919,0.6919,20250200,20250300,20250300
2025-01-28 04:00:00,0.6909,0.6914,0.6914,20250200,20250300,20250300
2025-01-28 05:00:00,0.6913,0.6921,0.6921,20250200,20250300,20250300
2025-01-28 06:00:00,0.6913,0.6922,0.6922,20250200,20250300,20250300
2025-01-28 07:00:00,0.6912,0.6916,0.6916,20250200,20250300,20250300
2025-01-28 08:00:00,0.6912,0.6921,0.6921,20250200,20250300,20250300
2025-01-28 09:00:00,0.6917,0.6923,0.6923,20250200,20250300,20250300
2025-01-28 10:00:00,0.6922,0.6929,0.6929,20250200,20250300,20250300
2025-01-28 11:00:00,0.6918,0.6924,0.6924,20250200,20250300,20250300
2025-01-28 12:00:00,0.6922,0.6923,0.6923,20250200,20250300,20250300
2025-01-28 13:00:00,0.6912,0.692,0.692,20250200,20250300,20250300
2025-01-28 14:00:00,0.6914,0.6922,0.6922,20250200,20250300,20250300
2025-01-28 15:00:00,0.6918,0.6921,0.6921,20250200,20250300,20250300
2025-01-28 16:00:00,0.6917,0.6924,0.6924,20250200,20250300,20250300
2025-01-28 17:00:00,0.6917,0.6922,0.6922,20250200,20250300,20250300
2025-01-28 18:00:00,0.6907,0.6918,0.6918,20250200,20250300,20250300
2025-01-28 19:00:00,0.6905,0.6914,0.6914,20250200,20250300,20250300
2025-01-28 20:00:00,0.6917,0.6924,0.6924,20250200,20250300,20250300
2025-01-28 21:00:00,0.6915,,,20250200,20250300,20250300
2025-01-28 23:00:00,0.6918,,,20250200,20250300,20250300
2025-01-29 00:00:00,0.6904,0.6925,0.6925,20250200,20250300,20250300
2025-01-29 01:00:00,0.6912,0.692,0.692,20250200,20250300,20250300
2025-01-29 02:00:00,0.6924,0.6932,0.6932,20250200,20250300,20250300
2025-01-29 03:00:00,0.6928,0.6935,0.6935,20250200,20250300,20250300
2025-01-29 04:00:00,0.693,0.6938,0.6938,20250200,20250300,20250300
2025-01-29 05:00:00,0.6929,0.6936,0.6936,20250200,20250300,20250300
2025-01-29 06:00:00,0.6922,0.6933,0.6933,20250200,20250300,20250300
2025-01-29 07:00:00,0.692,0.6922,0.6922,20250200,20250300,20250300
2025-01-29 08:00:00,0.6934,0.6939,0.6939,20250200,20250300,20250300
2025-01-29 09:00:00,0.6926,0.6934,0.6934,20250200,20250300,20250300
2025-01-29 10:00:00,0.692,0.6929,0.6929,20250200,20250300,20250300
2025-01-29 11:00:00,0.6918,,,20250200,20250300,20250300
2025-01-29 12:00:00,0.6919,0.6926,0.6926,20250200,20250300,20250300
2025-01-29 13:00:00,0.6915,0.6922,0.6922,20250200,20250300,20250300
2025-01-29 14:00:00,0.6926,0.6934,0.6934,20250200,20250300,20250300
2025-01-29 15:00:00,0.6942,0.6949,0.6949,20250200,20250300,20250300
2025-01-29 16:00:00,0.6937,0.6945,0.6945,20250200,20250300,20250300
2025-01-29 17:00:00,0.6938,0.6944,0.6944,20250200,20250300,20250300
2025-01-29 18:00:00,0.6936,0.6942,0.6942,20250200,20250300,20250300
2025-01-29 19:00:00,0.693,0.6937,0.6937,20250200,20250300,20250300
2025-01-29 20:00:00,0.6932,0.6937,0.6937,20250200,20250300,20250300
2025-01-29 21:00:00,0.6934,0.6941,0.6941,20250200,20250300,20250300
2025-01-30 00:00:00,0.6934,,,20250200,20250300,20250300
2025-01-30 01:00:00,0.6935,,,20250200,20250300,20250300
2025-01-30 02:00:00,0.6937,,,20250200,20250300,20250300
2025-01-30 03:00:00,0.6938,,,20250200,20250300,20250300
2025-01-30 04:00:00,0.6938,0.6945,0.6945,20250200,20250300,20250300
2025-01-30 05:00:00,0.6941,0.6947,0.6947,20250200,20250300,20250300
2025-01-30 06:00:00,0.6937,0.6945,0.6945,20250200,20250300,20250300
2025-01-30 07:00:00,0.6946,0.6947,0.6947,20250200,20250300,20250300
2025-01-30 08:00:00,0.6943,0.6951,0.6951,20250200,20250300,20250300
2025-01-30 09:00:00,0.6938,,,20250200,20250300,20250300
2025-01-30 10:00:00,0.6934,,,20250200,20250300,20250300
2025-01-30 11:00:00,0.6938,0.6946,0.6946,20250200,20250300,20250300
2025-01-30 12:00:00,0.6938,0.6952,0.6952,20250200,20250300,20250300
2025-01-30 13:00:00,0.6946,0.6953,0.6953,20250200,20250300,20250300
2025-01-30 14:00:00,0.6937,0.6946,0.6946,20250200,20250300,20250300
2025-01-30 15:00:00,0.6941,0.6949,0.6949,20250200,20250300,20250300
2025-01-30 16:00:00,0.6938,0.6947,0.6947,20250200,20250300,20250300
2025-01-30 17:00:00,0.6938,,,20250200,20250300,20250300
2025-01-30 18:00:00,0.6939,0.6947,0.6947,20250200,20250300,20250300
2025-01-30 19:00:00,0.6943,0.6951,0.6951,20250200,20250300,20250300
2025-01-30 20:00:00,0.6929,0.6928,0.6928,20250200,20250300,20250300
2025-01-30 21:00:00,0.6921,,,20250200,20250300,20250300
2025-01-30 23:00:00,0.6928,0.6929,0.6929,20250200,20250300,20250300
2025-01-31 00:00:00,0.6883,0.6889,0.6889,20250200,20250300,20250300
2025-01-31 01:00:00,0.6878,0.6885,0.6885,20250200,20250300,20250300
2025-01-31 02:00:00,0.6879,0.6888,0.6888,20250200,20250300,20250300
2025-01-31 03:00:00,0.6873,0.6884,0.6884,20250200,20250300,20250300
2025-01-31 04:00:00,0.6878,0.6885,0.6885,20250200,20250300,20250300
2025-01-31 05:00:00,0.6879,0.6886,0.6886,20250200,20250300,20250300
2025-01-31 06:00:00,0.6893,0.6902,0.6902,20250200,20250300,20250300
2025-01-31 07:00:00,0.6898,0.6905,0.6905,20250200,20250300,20250300
2025-01-31 08:00:00,0.6903,0.691,0.691,20250200,20250300,20250300
2025-01-31 09:00:00,0.6896,0.6907,0.6907,20250200,20250300,20250300
2025-01-31 10:00:00,0.6891,0.69,0.69,20250200,20250300,20250300
2025-01-31 11:00:00,0.6899,0.6906,0.6906,20250200,20250300,20250300
2025-01-31 12:00:00,0.6901,0.6908,0.6908,20250200,20250300,20250300
2025-01-31 13:00:00,0.6894,0.69,0.69,20250200,20250300,20250300
2025-01-31 14:00:00,0.6885,0.6895,0.6895,20250200,20250300,20250300
2025-01-31 15:00:00,0.6889,0.6895,0.6895,20250200,20250300,20250300
2025-01-31 16:00:00,0.6881,0.6889,0.6889,20250200,20250300,20250300
2025-01-31 17:00:00,0.6899,0.6907,0.6907,20250200,20250300,20250300
2025-01-31 18:00:00,0.6868,0.6876,0.6876,20250200,20250300,20250300
2025-01-31 19:00:00,0.6867,0.6872,0.6872,20250200,20250300,20250300
2025-01-31 20:00:00,0.6866,0.687,0.687,20250200,20250300,20250300
2025-01-31 21:00:00,0.6865,,,20250200,20250300,20250300
2025-02-02 23:00:00,0.683,0.6838,0.6838,20250200,20250300,20250300
2025-02-03 00:00:00,0.6802,0.6809,0.6809,20250200,20250300,20250300
2025-02-03 01:00:00,0.6807,0.6816,0.6816,20250200,20250300,20250300
2025-02-03 02:00:00,0.6807,0.6814,0.6814,20250200,20250300,20250300
2025-02-03 03:00:00,0.6802,0.6809,0.6809,20250200,20250300,20250300
2025-02-03 04:00:00,0.6813,0.682,0.682,20250200,20250300,20250300
2025-02-03 05:00:00,0.6817,0.6826,0.6826,20250200,20250300,20250300
2025-02-03 06:00:00,0.6819,0.6826,0.6826,20250200,20250300,20250300
2025-02-03 07:00:00,0.6819,0.6827,0.6827,20250200,20250300,20250300
2025-02-03 08:00:00,0.6824,0.6834,0.6834,20250200,20250300,20250300
2025-02-03 09:00:00,0.6825,0.6834,0.6834,20250200,20250300,20250300
2025-02-03 10:00:00,0.6825,0.6833,0.6833,20250200,20250300,20250300
2025-02-03 11:00:00,0.6822,0.683,0.683,20250200,20250300,20250300
2025-02-03 12:00:00,0.683,0.6838,0.6838,20250200,20250300,20250300
2025-02-03 13:00:00,0.6825,0.6833,0.6833,20250200,20250300,20250300
2025-02-03 14:00:00,0.6817,0.6827,0.6827,20250200,20250300,20250300
2025-02-03 15:00:00,0.6841,0.6851,0.6851,20250200,20250300,20250300
2025-02-03 16:00:00,0.6842,0.6849,0.6849,20250200,20250300,20250300
2025-02-03 17:00:00,0.6849,0.6856,0.6856,20250200,20250300,20250300
2025-02-03 18:00:00,0.6848,0.6855,0.6855,20250200,20250300,20250300
2025-02-03 19:00:00,0.6855,0.6865,0.6865,20250200,20250300,20250300
2025-02-03 20:00:00,,0.6858,0.6858,20250200,20250300,20250300
2025-02-03 21:00:00,0.6865,,,20250200,20250300,20250300
2025-02-03 23:00:00,0.686,0.6873,0.6873,20250200,20250300,20250300
2025-02-04 00:00:00,0.6861,0.6868,0.6868,20250200,20250300,20250300
2025-02-04 01:00:00,0.6859,0.6864,0.6864,20250200,20250300,20250300
2025-02-04 02:00:00,0.6859,0.6863,0.6863,20250200,20250300,20250300
2025-02-04 03:00:00,0.6847,0.685,0.685,20250200,20250300,20250300
2025-02-04 04:00:00,0.6849,0.6858,0.6858,20250200,20250300,20250300
2025-02-04 05:00:00,0.6833,0.6841,0.6841,20250200,20250300,20250300
2025-02-04 06:00:00,0.6847,0.6878,0.6878,20250200,20250300,20250300
2025-02-04 07:00:00,0.6855,0.6869,0.6869,20250200,20250300,20250300
2025-02-04 08:00:00,0.6864,0.687,0.687,20250200,20250300,20250300
2025-02-04 09:00:00,0.6869,0.6877,0.6877,20250200,20250300,20250300
2025-02-04 10:00:00,0.6874,0.6881,0.6881,20250200,20250300,20250300
2025-02-04 11:00:00,0.6871,0.688,0.688,20250200,20250300,20250300
2025-02-04 12:00:00,0.687,0.688,0.688,20250200,20250300,20250300
2025-02-04 13:00:00,0.6881,0.6889,0.6889,20250200,20250300,20250300
2025-02-04 14:00:00,0.6887,0.6895,0.6895,20250200,20250300,20250300
2025-02-04 15:00:00,0.69,0.6908,0.6908,20250200,20250300,20250300
2025-02-04 16:00:00,0.6893,0.6906,0.6906,20250200,20250300,20250300
2025-02-04 17:00:00,0.6886,0.689,0.689,20250200,20250300,20250300
2025-02-04 18:00:00,0.6886,0.6895,0.6895,20250200,20250300,20250300
2025-02-04 19:00:00,0.6885,0.6894,0.6894,20250200,20250300,20250300
2025-02-04 20:00:00,0.6885,0.6892,0.6892,20250200,20250300,20250300
2025-02-04 21:00:00,0.6882,0.6894,0.6894,20250200,20250300,20250300
2025-02-04 23:00:00,0.6875,0.6884,0.6884,20250200,20250300,20250300
2025-02-05 00:00:00,0.6893,0.6899,0.6899,20250200,20250300,20250300
2025-02-05 01:00:00,0.689,0.6903,0.6903,20250200,20250300,20250300
2025-02-05 02:00:00,0.69,0.6909,0.6909,20250200,20250300,20250300
2025-02-05 03:00:00,0.6904,0.6914,0.6914,20250200,20250300,20250300
2025-02-05 04:00:00,0.6906,0.6915,0.6915,20250200,20250300,20250300
2025-02-05 05:00:00,0.6904,0.6909,0.6909,20250200,20250300,20250300
2025-02-05 06:00:00,0.6929,0.6928,0.6928,20250200,20250300,20250300
2025-02-05 07:00:00,0.6917,0.693,0.693,20250200,20250300,20250300
2025-02-05 08:00:00,0.6919,0.6927,0.6927,20250200,20250300,20250300
2025-02-05 09:00:00,0.6922,0.6933,0.6933,20250200,20250300,20250300
2025-02-05 10:00:00,0.6922,0.6928,0.6928,20250200,20250300,20250300
2025-02-05 11:00:00,0.6926,0.6937,0.6937,20250200,20250300,20250300
2025-02-05 12:00:00,0.6916,0.6925,0.6925,20250200,20250300,20250300
2025-02-05 13:00:00,0.6911,0.6919,0.6919,20250200,20250300,20250300
2025-02-05 14:00:00,0.6923,0.6931,0.6931,20250200,20250300,20250300
2025-02-05 15:00:00,0.6935,0.6943,0.6943,20250200,20250300,20250300
2025-02-05 16:00:00,0.6933,0.6941,0.6941,20250200,20250300,20250300
2025-02-05 17:00:00,0.693,0.6938,0.6938,20250200,20250300,20250300
2025-02-05 18:00:00,0.6929,0.6938,0.6938,20250200,20250300,20250300
2025-02-05 19:00:00,0.6924,0.6933,0.6933,20250200,20250300,20250300
2025-02-05 20:00:00,0.6918,,,20250200,20250300,20250300
2025-02-05 21:00:00,0.6918,0.693,0.693,20250200,20250300,20250300
2025-02-06 00:00:00,0.6918,0.6928,0.6928,20250200,20250300,20250300
2025-02-06 01:00:00,0.6924,,,20250300,20250400,20250400
2025-02-06 02:00:00,0.6914,,,20250300,20250400,20250400
2025-02-06 03:00:00,0.6912,,,20250300,20250400,20250400
2025-02-06 04:00:00,0.6914,,,20250300,20250400,20250400
2025-02-06 05:00:00,0.6913,,,20250300,20250400,20250400
2025-02-06 06:00:00,0.6913,0.6924,0.6924,20250300,20250400,20250400
2025-02-06 07:00:00,0.6905,,,20250300,20250400,20250400
2025-02-06 08:00:00,0.6907,,,20250300,20250400,20250400
2025-02-06 09:00:00,0.6903,,,20250300,20250400,20250400
2025-02-06 10:00:00,0.6906,,,20250300,20250400,20250400
2025-02-06 11:00:00,0.6908,,,20250300,20250400,20250400
2025-02-06 12:00:00,0.6905,,,20250300,20250400,20250400
2025-02-06 13:00:00,0.6909,,,20250300,20250400,20250400
2025-02-06 14:00:00,0.6916,,,20250300,20250400,20250400
2025-02-06 15:00:00,0.6924,,,20250300,20250400,20250400
2025-02-06 16:00:00,0.6922,,,20250300,20250400,20250400
2025-02-06 17:00:00,0.692,,,20250300,20250400,20250400
2025-02-06 18:00:00,0.6929,,,20250300,20250400,20250400
2025-02-06 20:00:00,0.6923,,,20250300,20250400,20250400
2025-02-07 00:00:00,0.6926,,,20250300,20250400,20250400
2025-02-07 01:00:00,0.6918,,,20250300,20250400,20250400
2025-02-07 02:00:00,0.6919,,,20250300,20250400,20250400
2025-02-07 03:00:00,0.6921,,,20250300,20250400,20250400
2025-02-07 04:00:00,0.692,,,20250300,20250400,20250400
2025-02-07 05:00:00,0.6914,,,20250300,20250400,20250400
2025-02-07 06:00:00,0.6929,0.694,0.694,20250300,20250400,20250400
2025-02-07 07:00:00,0.692,,,20250300,20250400,20250400
2025-02-07 08:00:00,0.6939,,,20250300,20250400,20250400
2025-02-07 09:00:00,0.6931,,,20250300,20250400,20250400
2025-02-07 10:00:00,0.693,,,20250300,20250400,20250400
2025-02-07 11:00:00,0.6931,,,20250300,20250400,20250400
2025-02-07 12:00:00,0.6924,,,20250300,20250400,20250400
2025-02-07 13:00:00,0.6916,,,20250300,20250400,20250400
2025-02-07 14:00:00,0.6918,,,20250300,20250400,20250400
2025-02-07 15:00:00,0.69,,,20250300,20250400,20250400
2025-02-07 16:00:00,0.6884,,,20250300,20250400,20250400
2025-02-07 17:00:00,0.6878,,,20250300,20250400,20250400
2025-02-07 18:00:00,0.6881,,,20250300,20250400,20250400
2025-02-07 19:00:00,0.6886,,,20250300,20250400,20250400
2025-02-07 20:00:00,0.6877,,,20250300,20250400,20250400
2025-02-07 21:00:00,0.6877,,,20250300,20250400,20250400
2025-02-10 00:00:00,0.689,,,20250300,20250400,20250400
2025-02-10 01:00:00,0.6877,,,20250300,20250400,20250400
2025-02-10 02:00:00,0.6877,,,20250300,20250400,20250400
2025-02-10 03:00:00,0.6889,,,20250300,20250400,20250400
2025-02-10 04:00:00,0.6901,,,20250300,20250400,20250400
2025-02-10 05:00:00,0.6902,,,20250300,20250400,20250400
2025-02-10 06:00:00,0.6901,0.6918,0.6918,20250300,20250400,20250400
2025-02-10 07:00:00,0.6898,,,20250300,20250400,20250400
2025-02-10 08:00:00,0.69,,,20250300,20250400,20250400
2025-02-10 09:00:00,0.6908,,,20250300,20250400,20250400
2025-02-10 10:00:00,0.6905,,,20250300,20250400,20250400
2025-02-10 11:00:00,0.6908,,,20250300,20250400,20250400
2025-02-10 12:00:00,0.6905,,,20250300,20250400,20250400
2025-02-10 14:00:00,0.6902,,,20250300,20250400,20250400
2025-02-10 15:00:00,0.6908,,,20250300,20250400,20250400
2025-02-10 16:00:00,0.6902,,,20250300,20250400,20250400
2025-02-10 18:00:00,0.69,,,20250300,20250400,20250400
2025-02-10 19:00:00,0.6902,,,20250300,20250400,20250400
2025-02-10 20:00:00,0.6899,,,20250300,20250400,20250400
2025-02-10 21:00:00,0.69,,,20250300,20250400,20250400
2025-02-10 23:00:00,0.6886,,,20250300,20250400,20250400
2025-02-11 00:00:00,0.689,,,20250300,20250400,20250400
2025-02-11 01:00:00,0.6888,,,20250300,20250400,20250400
2025-02-11 02:00:00,0.6891,,,20250300,20250400,20250400
2025-02-11 03:00:00,0.6887,,,20250300,20250400,20250400
2025-02-11 04:00:00,0.6889,,,20250300,20250400,20250400
2025-02-11 05:00:00,0.6891,,,20250300,20250400,20250400
2025-02-11 06:00:00,0.6888,0.6899,0.6899,20250300,20250400,20250400
2025-02-11 07:00:00,0.6896,,,20250300,20250400,20250400
2025-02-11 08:00:00,0.6895,,,20250300,20250400,20250400
2025-02-11 09:00:00,0.689,,,20250300,20250400,20250400
2025-02-11 10:00:00,0.6889,,,20250300,20250400,20250400
2025-02-11 11:00:00,0.689,,,20250300,20250400,20250400
2025-02-11 12:00:00,0.6891,,,20250300,20250400,20250400
2025-02-11 13:00:00,0.688,,,20250300,20250400,20250400
2025-02-11 14:00:00,0.688,,,20250300,20250400,20250400
2025-02-11 15:00:00,0.689,,,20250300,20250400,20250400
2025-02-11 16:00:00,0.6894,,,20250300,20250400,20250400
2025-02-11 17:00:00,0.6892,,,20250300,20250400,20250400
2025-02-11 18:00:00,0.6892,,,20250300,20250400,20250400
2025-02-11 19:00:00,0.6898,,,20250300,20250400,20250400
2025-02-12 00:00:00,0.6889,,,20250300,20250400,20250400
2025-02-12 01:00:00,0.6893,,,20250300,20250400,20250400
2025-02-12 02:00:00,0.6903,,,20250300,20250400,20250400
2025-02-12 03:00:00,0.6893,,,20250300,20250400,20250400
2025-02-12 04:00:00,0.6887,,,20250300,20250400,20250400
2025-02-12 05:00:00,0.6893,,,20250300,20250400,20250400
2025-02-12 06:00:00,0.6888,0.69,0.69,20250300,20250400,20250400
2025-02-12 07:00:00,0.689,,,20250300,20250400,20250400
2025-02-12 08:00:00,0.6888,,,20250300,20250400,20250400
2025-02-12 09:00:00,0.6888,,,20250300,20250400,20250400
2025-02-12 10:00:00,0.6887,,,20250300,20250400,20250400
2025-02-12 11:00:00,0.6892,,,20250300,20250400,20250400
2025-02-12 12:00:00,0.6894,,,20250300,20250400,20250400
2025-02-12 13:00:00,0.6864,,,20250300,20250400,20250400
2025-02-12 14:00:00,0.6871,,,20250300,20250400,20250400
2025-02-12 15:00:00,0.6886,,,20250300,20250400,20250400
2025-02-12 16:00:00,0.6883,,,20250300,20250400,20250400
2025-02-12 17:00:00,0.69,,,20250300,20250400,20250400
2025-02-12 18:00:00,0.6897,,,20250300,20250400,20250400
2025-02-12 19:00:00,0.6893,,,20250300,20250400,20250400
2025-02-12 23:00:00,0.6903,,,20250300,20250400,20250400
2025-02-13 00:00:00,0.6884,,,20250300,20250400,20250400
2025-02-13 01:00:00,0.6889,,,20250300,20250400,20250400
2025-02-13 02:00:00,0.6896,,,20250300,20250400,20250400
2025-02-13 03:00:00,0.6903,,,20250300,20250400,20250400
2025-02-13 04:00:00,0.6913,,,20250300,20250400,20250400
2025-02-13 05:00:00,0.6917,,,20250300,20250400,20250400
2025-02-13 06:00:00,0.6909,0.6921,0.6921,20250300,20250400,20250400
2025-02-13 07:00:00,0.6906,,,20250300,20250400,20250400
2025-02-13 08:00:00,0.6903,,,20250300,20250400,20250400
2025-02-13 09:00:00,0.6912,,,20250300,20250400,20250400
2025-02-13 10:00:00,0.6913,,,20250300,20250400,20250400
2025-02-13 11:00:00,0.6906,,,20250300,20250400,20250400
2025-02-13 12:00:00,0.6898,,,20250300,20250400,20250400
2025-02-13 13:00:00,0.69,,,20250300,20250400,20250400
2025-02-13 14:00:00,0.69,,,20250300,20250400,20250400
2025-02-13 15:00:00,0.692,,,20250300,20250400,20250400
2025-02-13 16:00:00,0.6918,,,20250300,20250400,20250400
2025-02-13 17:00:00,0.6914,,,20250300,20250400,20250400
2025-02-13 18:00:00,0.6904,,,20250300,20250400,20250400
2025-02-13 19:00:00,0.6936,,,20250300,20250400,20250400
2025-02-13 20:00:00,0.6945,,,20250300,20250400,20250400
2025-02-13 21:00:00,0.6951,,,20250300,20250400,20250400
2025-02-13 23:00:00,0.6954,,,20250300,20250400,20250400
2025-02-14 00:00:00,0.6938,,,20250300,20250400,20250400
2025-02-14 01:00:00,0.6936,,,20250300,20250400,20250400
2025-02-14 02:00:00,0.6936,,,20250300,20250400,20250400
2025-02-14 03:00:00,0.6937,,,20250300,20250400,20250400
2025-02-14 04:00:00,0.6936,,,20250300,20250400,20250400
2025-02-14 05:00:00,0.6932,,,20250300,20250400,20250400
2025-02-14 06:00:00,0.6939,0.6962,0.6962,20250300,20250400,20250400
2025-02-14 07:00:00,0.6952,,,20250300,20250400,20250400
2025-02-14 08:00:00,0.6955,,,20250300,20250400,20250400
2025-02-14 09:00:00,0.6961,,,20250300,20250400,20250400
2025-02-14 10:00:00,0.6951,,,20250300,20250400,20250400
2025-02-14 11:00:00,0.6947,,,20250300,20250400,20250400
2025-02-14 12:00:00,0.6947,,,20250300,20250400,20250400
2025-02-14 13:00:00,0.696,,,20250300,20250400,20250400
2025-02-14 14:00:00,0.6964,,,20250300,20250400,20250400
2025-02-14 15:00:00,0.6962,,,20250300,20250400,20250400
2025-02-14 16:00:00,0.6953,,,20250300,20250400,20250400
2025-02-14 17:00:00,0.6952,,,20250300,20250400,20250400
2025-02-14 18:00:00,0.6949,,,20250300,20250400,20250400
2025-02-14 19:00:00,0.695,,,20250300,20250400,20250400
2025-02-14 20:00:00,0.6944,,,20250300,20250400,20250400
2025-02-14 21:00:00,0.6953,,,20250300,20250400,20250400
2025-02-16 23:00:00,0.6964,,,20250300,20250400,20250400
2025-02-17 00:00:00,0.6944,,,20250300,20250400,20250400
2025-02-17 01:00:00,0.6954,,,20250300,20250400,20250400
2025-02-17 02:00:00,0.6954,,,20250300,20250400,20250400
2025-02-17 03:00:00,0.6953,,,20250300,20250400,20250400
2025-02-17 04:00:00,0.6955,0.696,0.696,20250300,20250400,20250400
2025-02-17 05:00:00,0.6946,0.6963,0.6963,20250300,20250400,20250400
2025-02-17 06:00:00,0.6944,0.6949,0.6949,20250300,20250400,20250400
2025-02-17 07:00:00,0.6939,0.6963,0.6963,20250300,20250400,20250400
2025-02-17 08:00:00,0.6938,0.6941,0.6941,20250300,20250400,20250400
2025-02-17 09:00:00,0.6938,0.6941,0.6941,20250300,20250400,20250400
2025-02-17 10:00:00,0.6939,0.6941,0.6941,20250300,20250400,20250400
2025-02-17 11:00:00,0.6937,0.6949,0.6949,20250300,20250400,20250400
2025-02-17 12:00:00,0.6937,,,20250300,20250400,20250400
2025-02-17 13:00:00,0.6936,,,20250300,20250400,20250400
2025-02-17 14:00:00,0.6937,,,20250300,20250400,20250400
2025-02-17 15:00:00,0.6939,,,20250300,20250400,20250400
2025-02-17 16:00:00,0.6947,,,20250300,20250400,20250400
2025-02-17 17:00:00,0.6947,,,20250300,20250400,20250400
2025-02-17 18:00:00,0.6944,,,20250300,20250400,20250400
2025-02-17 19:00:00,0.694,0.6952,0.6952,20250300,20250400,20250400
2025-02-17 23:00:00,0.6946,,,20250300,20250400,20250400
2025-02-18 00:00:00,0.6935,0.6957,0.6957,20250300,20250400,20250400
2025-02-18 01:00:00,0.6933,0.6941,0.6941,20250300,20250400,20250400
2025-02-18 02:00:00,0.6937,0.6947,0.6947,20250300,20250400,20250400
2025-02-18 03:00:00,0.6937,,,20250300,20250400,20250400
2025-02-18 04:00:00,0.6934,,,20250300,20250400,20250400
2025-02-18 05:00:00,0.6927,0.694,0.694,20250300,20250400,20250400
2025-02-18 06:00:00,0.6937,0.6962,0.6962,20250300,20250400,20250400
2025-02-18 07:00:00,0.6938,0.694,0.694,20250300,20250400,20250400
2025-02-18 08:00:00,0.6951,0.6964,0.6964,20250300,20250400,20250400
2025-02-18 09:00:00,0.695,0.6956,0.6956,20250300,20250400,20250400
2025-02-18 10:00:00,0.6949,0.6962,0.6962,20250300,20250400,20250400
2025-02-18 11:00:00,0.6955,,,20250300,20250400,20250400
2025-02-18 12:00:00,0.6946,0.6957,0.6957,20250300,20250400,20250400
2025-02-18 13:00:00,0.6944,0.6957,0.6957,20250300,20250400,20250400
2025-02-18 14:00:00,0.6948,,,20250300,20250400,20250400
2025-02-18 15:00:00,0.695,,,20250300,20250400,20250400
2025-02-18 16:00:00,0.6956,0.6967,0.6967,20250300,20250400,20250400
2025-02-18 17:00:00,0.6952,,,20250300,20250400,20250400
2025-02-18 18:00:00,0.6947,0.6959,0.6959,20250300,20250400,20250400
2025-02-18 19:00:00,0.6943,0.6957,0.6957,20250300,20250400,20250400
2025-02-18 20:00:00,0.6946,,,20250300,20250400,20250400
2025-02-18 21:00:00,0.6947,,,20250300,20250400,20250400
2025-02-18 23:00:00,0.6946,,,20250300,20250400,20250400
2025-02-19 00:00:00,0.6942,0.6955,0.6955,20250300,20250400,20250400
2025-02-19 01:00:00,0.695,0.6961,0.6961,20250300,20250400,20250400
2025-02-19 02:00:00,0.6951,0.6966,0.6966,20250300,20250400,20250400
2025-02-19 03:00:00,0.6961,0.6972,0.6972,20250300,20250400,20250400
2025-02-19 04:00:00,0.6959,0.697,0.697,20250300,20250400,20250400
2025-02-19 05:00:00,0.6956,0.6968,0.6968,20250300,20250400,20250400
2025-02-19 06:00:00,0.6943,0.6972,0.6972,20250300,20250400,20250400
2025-02-19 07:00:00,0.6957,0.697,0.697,20250300,20250400,20250400
2025-02-19 08:00:00,0.6946,0.6959,0.6959,20250300,20250400,20250400
2025-02-19 09:00:00,0.6947,0.6959,0.6959,20250300,20250400,20250400
2025-02-19 10:00:00,0.6944,0.6955,0.6955,20250300,20250400,20250400
2025-02-19 11:00:00,0.6944,,,20250300,20250400,20250400
2025-02-19 12:00:00,0.6944,0.6955,0.6955,20250300,20250400,20250400
2025-02-19 13:00:00,0.6942,0.6956,0.6956,20250300,20250400,20250400
2025-02-19 14:00:00,0.6951,0.6964,0.6964,20250300,20250400,20250400
2025-02-19 15:00:00,0.6951,0.6962,0.6962,20250300,20250400,20250400
2025-02-19 16:00:00,0.6946,0.696,0.696,20250300,20250400,20250400
2025-02-19 17:00:00,0.6945,0.6956,0.6956,20250300,20250400,20250400
2025-02-19 18:00:00,0.695,,,20250300,20250400,20250400
2025-02-19 19:00:00,0.6952,0.6967,0.6967,20250300,20250400,20250400
2025-02-19 20:00:00,0.695,0.6963,0.6963,20250300,20250400,20250400
2025-02-19 23:00:00,0.695,,,20250300,20250400,20250400
2025-02-20 00:00:00,0.6956,0.6968,0.6968,20250300,20250400,20250400
2025-02-20 01:00:00,0.6949,0.6959,0.6959,20250300,20250400,20250400
2025-02-20 02:00:00,0.696,0.6972,0.6972,20250300,20250400,20250400
2025-02-20 03:00:00,0.6965,0.6979,0.6979,20250300,20250400,20250400
2025-02-20 04:00:00,0.6963,0.6974,0.6974,20250300,20250400,20250400
2025-02-20 05:00:00,0.6956,0.6969,0.6969,20250300,20250400,20250400
2025-02-20 06:00:00,0.6957,0.6971,0.6971,20250300,20250400,20250400
2025-02-20 07:00:00,0.6956,0.6968,0.6968,20250300,20250400,20250400
2025-02-20 08:00:00,0.6956,0.6968,0.6968,20250300,20250400,20250400
2025-02-20 09:00:00,0.6956,0.6964,0.6964,20250300,20250400,20250400
2025-02-20 10:00:00,0.6967,0.698,0.698,20250300,20250400,20250400
2025-02-20 11:00:00,0.6961,0.697,0.697,20250300,20250400,20250400
2025-02-20 12:00:00,0.6965,0.6975,0.6975,20250300,20250400,20250400
2025-02-20 13:00:00,0.6968,0.6981,0.6981,20250300,20250400,20250400
2025-02-20 14:00:00,0.6972,0.6988,0.6988,20250300,20250400,20250400
2025-02-20 15:00:00,0.6977,0.699,0.699,20250300,20250400,20250400
2025-02-20 16:00:00,0.6976,0.6989,0.6989,20250300,20250400,20250400
2025-02-20 17:00:00,0.6984,0.6996,0.6996,20250300,20250400,20250400
2025-02-20 18:00:00,0.6985,0.6999,0.6999,20250300,20250400,20250400
2025-02-20 19:00:00,0.6986,0.6995,0.6995,20250300,20250400,20250400
2025-02-20 20:00:00,0.6985,,,20250300,20250400,20250400
2025-02-20 21:00:00,0.699,0.7,0.7,20250300,20250400,20250400
2025-02-20 23:00:00,0.699,,,20250300,20250400,20250400
2025-02-21 00:00:00,0.6978,0.6993,0.6993,20250300,20250400,20250400
2025-02-21 01:00:00,0.6974,0.6987,0.6987,20250300,20250400,20250400
2025-02-21 02:00:00,0.698,0.6992,0.6992,20250300,20250400,20250400
2025-02-21 03:00:00,0.699,0.7005,0.7005,20250300,20250400,20250400
2025-02-21 04:00:00,0.6985,0.6997,0.6997,20250300,20250400,20250400
2025-02-21 05:00:00,0.6983,0.6995,0.6995,20250300,20250400,20250400
2025-02-21 06:00:00,0.6977,0.6994,0.6994,20250300,20250400,20250400
2025-02-21 07:00:00,0.6981,0.6995,0.6995,20250300,20250400,20250400
2025-02-21 08:00:00,0.6975,0.6987,0.6987,20250300,20250400,20250400
2025-02-21 09:00:00,0.6982,0.6995,0.6995,20250300,20250400,20250400
2025-02-21 10:00:00,0.6995,0.7008,0.7008,20250300,20250400,20250400
2025-02-21 11:00:00,0.6986,0.6999,0.6999,20250300,20250400,20250400
2025-02-21 12:00:00,0.698,0.6992,0.6992,20250300,20250400,20250400
2025-02-21 13:00:00,0.6983,,,20250300,20250400,20250400
2025-02-21 14:00:00,0.699,0.7002,0.7002,20250300,20250400,20250400
2025-02-21 15:00:00,0.6981,0.6993,0.6993,20250300,20250400,20250400
2025-02-21 16:00:00,0.698,0.6991,0.6991,20250300,20250400,20250400
2025-02-21 17:00:00,0.6971,0.6986,0.6986,20250300,20250400,20250400
2025-02-21 18:00:00,0.6961,0.6974,0.6974,20250300,20250400,20250400
2025-02-21 19:00:00,0.6967,0.6979,0.6979,20250300,20250400,20250400
2025-02-21 20:00:00,0.6961,0.6977,0.6977,20250300,20250400,20250400
2025-02-21 21:00:00,0.6965,0.6977,0.6977,20250300,20250400,20250400
2025-02-23 23:00:00,0.6971,0.6983,0.6983,20250300,20250400,20250400
2025-02-24 00:00:00,0.6982,0.6994,0.6994,20250300,20250400,20250400
2025-02-24 01:00:00,0.7002,0.7016,0.7016,20250300,20250400,20250400
2025-02-24 02:00:00,0.7017,0.7031,0.7031,20250300,20250400,20250400
2025-02-24 03:00:00,0.7022,0.7036,0.7036,20250300,20250400,20250400
2025-02-24 04:00:00,0.702,,,20250300,20250400,20250400
2025-02-24 05:00:00,0.7016,0.7029,0.7029,20250300,20250400,20250400
2025-02-24 06:00:00,0.7013,0.7027,0.7027,20250300,20250400,20250400
2025-02-24 07:00:00,0.7014,0.7027,0.7027,20250300,20250400,20250400
2025-02-24 08:00:00,0.7018,0.703,0.703,20250300,20250400,20250400
2025-02-24 09:00:00,0.7016,0.7027,0.7027,20250300,20250400,20250400
2025-02-24 10:00:00,0.7013,0.7024,0.7024,20250300,20250400,20250400
2025-02-24 11:00:00,0.7014,0.7027,0.7027,20250300,20250400,20250400
2025-02-24 12:00:00,0.7011,0.7024,0.7024,20250300,20250400,20250400
2025-02-24 13:00:00,0.7012,0.7024,0.7024,20250300,20250400,20250400
2025-02-24 14:00:00,0.701,0.7021,0.7021,20250300,20250400,20250400
2025-02-24 15:00:00,0.7007,0.7019,0.7019,20250300,20250400,20250400
2025-02-24 16:00:00,0.7002,0.7013,0.7013,20250300,20250400,20250400
2025-02-24 17:00:00,0.7003,0.7011,0.7011,20250300,20250400,20250400
2025-02-24 18:00:00,0.7006,,,20250300,20250400,20250400
2025-02-24 19:00:00,0.7007,0.7019,0.7019,20250300,20250400,20250400
2025-02-24 20:00:00,0.7005,0.7018,0.7018,20250300,20250400,20250400
2025-02-24 21:00:00,0.7001,,,20250300,20250400,20250400
2025-02-24 23:00:00,0.6992,0.7004,0.7004,20250300,20250400,20250400
2025-02-25 00:00:00,0.6993,0.7003,0.7003,20250300,20250400,20250400
2025-02-25 01:00:00,0.7001,0.7016,0.7016,20250300,20250400,20250400
2025-02-25 02:00:00,0.6999,0.7011,0.7011,20250300,20250400,20250400
2025-02-25 03:00:00,0.6996,0.7007,0.7007,20250300,20250400,20250400
2025-02-25 04:00:00,0.6994,0.7009,0.7009,20250300,20250400,20250400
2025-02-25 05:00:00,0.6997,0.7007,0.7007,20250300,20250400,20250400
2025-02-25 06:00:00,0.6996,0.701,0.701,20250300,20250400,20250400
2025-02-25 07:00:00,0.6993,0.7005,0.7005,20250300,20250400,20250400
2025-02-25 08:00:00,0.6985,0.6997,0.6997,20250300,20250400,20250400
2025-02-25 09:00:00,0.6983,0.6995,0.6995,20250300,20250400,20250400
2025-02-25 10:00:00,0.6978,0.6988,0.6988,20250300,20250400,20250400
2025-02-25 11:00:00,0.6983,0.6991,0.6991,20250300,20250400,20250400
2025-02-25 12:00:00,0.6982,0.6994,0.6994,20250300,20250400,20250400
2025-02-25 13:00:00,0.6991,,,20250300,20250400,20250400
2025-02-25 14:00:00,0.6988,0.7,0.7,20250300,20250400,20250400
2025-02-25 15:00:00,0.6988,0.7,0.7,20250300,20250400,20250400
2025-02-25 16:00:00,0.6986,0.6999,0.6999,20250300,20250400,20250400
2025-02-25 17:00:00,0.6985,0.6996,0.6996,20250300,20250400,20250400
2025-02-25 18:00:00,0.6993,0.7005,0.7005,20250300,20250400,20250400
2025-02-25 19:00:00,0.6992,0.7005,0.7005,20250300,20250400,20250400
2025-02-25 20:00:00,0.6996,0.7008,0.7008,20250300,20250400,20250400
2025-02-25 21:00:00,0.6999,0.7011,0.7011,20250300,20250400,20250400
2025-02-25 23:00:00,0.6999,0.7011,0.7011,20250300,20250400,20250400
2025-02-26 00:00:00,0.7002,0.7012,0.7012,20250300,20250400,20250400
2025-02-26 01:00:00,0.6993,0.7002,0.7002,20250300,20250400,20250400
2025-02-26 02:00:00,0.6992,0.7004,0.7004,20250300,20250400,20250400
2025-02-26 03:00:00,0.699,0.7003,0.7003,20250300,20250400,20250400
2025-02-26 04:00:00,0.6985,0.7,0.7,20250300,20250400,20250400
2025-02-26 05:00:00,0.6987,0.6996,0.6996,20250300,20250400,20250400
2025-02-26 06:00:00,0.6978,0.6991,0.6991,20250300,20250400,20250400
2025-02-26 07:00:00,0.6987,0.7,0.7,20250300,20250400,20250400
2025-02-26 08:00:00,0.6991,0.7004,0.7004,20250300,20250400,20250400
2025-02-26 09:00:00,0.699,0.7001,0.7001,20250300,20250400,20250400
2025-02-26 10:00:00,0.6984,0.6996,0.6996,20250300,20250400,20250400
2025-02-26 11:00:00,0.6978,0.6991,0.6991,20250300,20250400,20250400
2025-02-26 12:00:00,0.6978,0.6991,0.6991,20250300,20250400,20250400
2025-02-26 13:00:00,0.6978,0.6991,0.6991,20250300,20250400,20250400
2025-02-26 14:00:00,0.6972,0.6985,0.6985,20250300,20250400,20250400
2025-02-26 15:00:00,0.6988,0.7001,0.7001,20250300,20250400,20250400
2025-02-26 16:00:00,0.6984,0.6995,0.6995,20250300,20250400,20250400
2025-02-26 17:00:00,0.6979,0.6993,0.6993,20250300,20250400,20250400
2025-02-26 18:00:00,0.6977,0.6991,0.6991,20250300,20250400,20250400
2025-02-26 19:00:00,0.6975,0.699,0.699,20250300,20250400,20250400
2025-02-26 21:00:00,0.6971,0.6984,0.6984,20250300,20250400,20250400
2025-02-27 00:00:00,0.6968,0.6981,0.6981,20250300,20250400,20250400
2025-02-27 01:00:00,0.6957,0.6968,0.6968,20250300,20250400,20250400
2025-02-27 02:00:00,0.6947,0.6958,0.6958,20250300,20250400,20250400
2025-02-27 03:00:00,0.6945,0.6957,0.6957,20250300,20250400,20250400
2025-02-27 04:00:00,0.694,0.6953,0.6953,20250300,20250400,20250400
2025-02-27 05:00:00,0.694,0.6952,0.6952,20250300,20250400,20250400
2025-02-27 06:00:00,0.6943,0.6951,0.6951,20250300,20250400,20250400
2025-02-27 07:00:00,0.6938,0.695,0.695,20250300,20250400,20250400
2025-02-27 08:00:00,0.6932,0.6944,0.6944,20250300,20250400,20250400
2025-02-27 09:00:00,0.6938,0.6947,0.6947,20250300,20250400,20250400
2025-02-27 10:00:00,0.6934,0.6948,0.6948,20250300,20250400,20250400
2025-02-27 11:00:00,0.694,0.6959,0.6959,20250300,20250400,20250400
2025-02-27 12:00:00,0.6937,0.695,0.695,20250300,20250400,20250400
2025-02-27 13:00:00,0.6918,0.6929,0.6929,20250300,20250400,20250400
2025-02-27 14:00:00,0.6912,0.6923,0.6923,20250300,20250400,20250400
2025-02-27 15:00:00,0.6908,0.6921,0.6921,20250300,20250400,20250400
2025-02-27 16:00:00,0.6913,0.6926,0.6926,20250300,20250400,20250400
2025-02-27 17:00:00,0.691,0.6926,0.6926,20250300,20250400,20250400
2025-02-27 18:00:00,0.6912,,,20250300,20250400,20250400
2025-02-27 19:00:00,0.691,0.6926,0.6926,20250300,20250400,20250400
2025-02-27 20:00:00,0.6901,0.6913,0.6913,20250300,20250400,20250400
2025-02-27 21:00:00,0.69,0.6911,0.6911,20250300,20250400,20250400
2025-02-27 23:00:00,0.6904,,,20250300,20250400,20250400
2025-02-28 00:00:00,0.6888,0.6902,0.6902,20250300,20250400,20250400
2025-02-28 01:00:00,0.6859,0.6871,0.6871,20250300,20250400,20250400
2025-02-28 02:00:00,0.6848,0.6859,0.6859,20250300,20250400,20250400
2025-02-28 03:00:00,0.6851,0.6866,0.6866,20250300,20250400,20250400
2025-02-28 04:00:00,0.6854,0.6865,0.6865,20250300,20250400,20250400
2025-02-28 05:00:00,0.6849,0.6862,0.6862,20250300,20250400,20250400
2025-02-28 06:00:00,0.6841,0.6867,0.6867,20250300,20250400,20250400
2025-02-28 07:00:00,0.6847,0.6857,0.6857,20250300,20250400,20250400
2025-02-28 08:00:00,0.6857,0.6865,0.6865,20250300,20250400,20250400
2025-02-28 09:00:00,0.6855,0.6867,0.6867,20250300,20250400,20250400
2025-02-28 10:00:00,0.6852,0.6864,0.6864,20250300,20250400,20250400
2025-02-28 11:00:00,0.6859,0.6872,0.6872,20250300,20250400,20250400
2025-02-28 12:00:00,0.685,0.6862,0.6862,20250300,20250400,20250400
2025-02-28 13:00:00,0.6852,0.6862,0.6862,20250300,20250400,20250400
2025-02-28 14:00:00,0.6846,0.6858,0.6858,20250300,20250400,20250400
2025-02-28 15:00:00,0.6851,0.6863,0.6863,20250300,20250400,20250400
2025-02-28 16:00:00,0.686,0.6872,0.6872,20250300,20250400,20250400
2025-02-28 17:00:00,0.6858,0.6872,0.6872,20250300,20250400,20250400
2025-02-28 18:00:00,0.685,0.6863,0.6863,20250300,20250400,20250400
2025-02-28 19:00:00,0.685,0.6857,0.6857,20250300,20250400,20250400
2025-02-28 20:00:00,0.6843,0.6856,0.6856,20250300,20250400,20250400
2025-02-28 21:00:00,0.6851,0.6862,0.6862,20250300,20250400,20250400
2025-03-02 23:00:00,0.6833,0.6851,0.6851,20250300,20250400,20250400
2025-03-03 00:00:00,0.6853,0.6864,0.6864,20250300,20250400,20250400
2025-03-03 01:00:00,0.6858,0.687,0.687,20250300,20250400,20250400
2025-03-03 02:00:00,0.6855,,,20250300,20250400,20250400
2025-03-03 03:00:00,0.6852,0.6863,0.6863,20250300,20250400,20250400
2025-03-03 04:00:00,0.6851,0.6864,0.6864,20250300,20250400,20250400
2025-03-03 05:00:00,0.685,0.6864,0.6864,20250300,20250400,20250400
2025-03-03 06:00:00,0.6854,0.6864,0.6864,20250300,20250400,20250400
2025-03-03 07:00:00,0.6852,0.6862,0.6862,20250300,20250400,20250400
2025-03-03 08:00:00,0.6851,0.6865,0.6865,20250300,20250400,20250400
2025-03-03 09:00:00,0.6858,0.6872,0.6872,20250300,20250400,20250400
2025-03-03 10:00:00,0.6858,0.6871,0.6871,20250300,20250400,20250400
2025-03-03 11:00:00,0.6857,0.6867,0.6867,20250300,20250400,20250400
2025-03-03 12:00:00,0.6864,0.6877,0.6877,20250300,20250400,20250400
2025-03-03 13:00:00,0.6864,0.6876,0.6876,20250300,20250400,20250400
2025-03-03 14:00:00,0.6859,0.6871,0.6871,20250300,20250400,20250400
2025-03-03 15:00:00,0.6867,0.6879,0.6879,20250300,20250400,20250400
2025-03-03 16:00:00,0.6864,0.6877,0.6877,20250300,20250400,20250400
2025-03-03 17:00:00,0.6867,,,20250300,20250400,20250400
2025-03-03 18:00:00,0.6867,0.6888,0.6888,20250300,20250400,20250400
2025-03-03 19:00:00,0.6862,0.6874,0.6874,20250300,20250400,20250400
2025-03-03 20:00:00,0.6839,0.6851,0.6851,20250300,20250400,20250400
2025-03-03 21:00:00,0.6853,0.6865,0.6865,20250300,20250400,20250400
2025-03-04 00:00:00,0.6864,0.6876,0.6876,20250300,20250400,20250400
2025-03-04 01:00:00,0.6866,0.6879,0.6879,20250300,20250400,20250400
2025-03-04 02:00:00,0.6858,0.6869,0.6869,20250300,20250400,20250400
2025-03-04 03:00:00,0.6855,0.687,0.687,20250300,20250400,20250400
2025-03-04 04:00:00,0.685,0.6862,0.6862,20250300,20250400,20250400
2025-03-04 05:00:00,0.685,0.6866,0.6866,20250300,20250400,20250400
2025-03-04 06:00:00,0.6847,0.687,0.687,20250300,20250400,20250400
2025-03-04 07:00:00,0.6852,0.6865,0.6865,20250300,20250400,20250400
2025-03-04 08:00:00,0.6854,0.6864,0.6864,20250300,20250400,20250400
2025-03-04 09:00:00,0.6855,0.6867,0.6867,20250300,20250400,20250400
2025-03-04 10:00:00,0.6855,0.6867,0.6867,20250300,20250400,20250400
2025-03-04 11:00:00,0.6874,0.6885,0.6885,20250300,20250400,20250400
2025-03-04 12:00:00,0.6875,0.6887,0.6887,20250300,20250400,20250400
2025-03-04 13:00:00,0.6872,0.6884,0.6884,20250300,20250400,20250400
2025-03-04 14:00:00,0.6858,0.6871,0.6871,20250300,20250400,20250400
2025-03-04 15:00:00,0.6859,0.687,0.687,20250300,20250400,20250400
2025-03-04 16:00:00,0.686,0.6871,0.6871,20250300,20250400,20250400
2025-03-04 17:00:00,0.6862,0.6874,0.6874,20250300,20250400,20250400
2025-03-04 18:00:00,0.6873,0.6885,0.6885,20250300,20250400,20250400
2025-03-04 19:00:00,0.6882,0.6889,0.6889,20250300,20250400,20250400
2025-03-04 20:00:00,0.6883,0.6895,0.6895,20250300,20250400,20250400
2025-03-04 21:00:00,0.688,,,20250300,20250400,20250400
2025-03-04 23:00:00,0.6894,0.6906,0.6906,20250300,20250400,20250400
2025-03-05 00:00:00,0.6875,0.6893,0.6893,20250300,20250400,20250400
2025-03-05 01:00:00,0.6874,0.6889,0.6889,20250300,20250400,20250400
2025-03-05 02:00:00,0.6864,0.6878,0.6878,20250300,20250400,20250400
2025-03-05 03:00:00,0.6862,0.6878,0.6878,20250300,20250400,20250400
2025-03-05 04:00:00,0.6869,0.6876,0.6876,20250300,20250400,20250400
2025-03-05 05:00:00,0.6876,0.6887,0.6887,20250300,20250400,20250400
2025-03-05 06:00:00,0.6885,0.69,0.69,20250300,20250400,20250400
2025-03-05 07:00:00,0.6899,0.6912,0.6912,20250300,20250400,20250400
2025-03-05 08:00:00,0.6908,0.692,0.692,20250300,20250400,20250400
2025-03-05 09:00:00,0.6909,0.6923,0.6923,20250300,20250400,20250400
2025-03-05 10:00:00,0.6899,0.691,0.691,20250300,20250400,20250400
2025-03-05 11:00:00,0.6897,0.6908,0.6908,20250300,20250400,20250400
2025-03-05 12:00:00,0.69,0.6912,0.6912,20250300,20250400,20250400
2025-03-05 13:00:00,0.691,0.6923,0.6923,20250300,20250400,20250400
2025-03-05 14:00:00,0.6934,0.6947,0.6947,20250300,20250400,20250400
2025-03-05 15:00:00,0.6917,0.6929,0.6929,20250300,20250400,20250400
2025-03-05 16:00:00,0.6921,0.6935,0.6935,20250300,20250400,20250400
2025-03-05 17:00:00,0.6926,0.6939,0.6939,20250300,20250400,20250400
2025-03-05 18:00:00,0.6924,0.6938,0.6938,20250300,20250400,20250400
2025-03-05 19:00:00,0.693,,,20250300,20250400,20250400
2025-03-05 20:00:00,0.6929,0.6942,0.6942,20250300,20250400,20250400
2025-03-05 21:00:00,0.6929,0.6942,0.6942,20250300,20250400,20250400
2025-03-05 23:00:00,0.6938,0.6945,0.6945,20250300,20250400,20250400
2025-03-06 00:00:00,0.6934,0.6944,0.6944,20250300,20250400,20250400
2025-03-06 01:00:00,0.6966,0.6966,0.6966,20250400,20250500,20250500
2025-03-06 02:00:00,0.6956,,,20250400,20250500,20250500
2025-03-06 03:00:00,0.6952,,,20250400,20250500,20250500
2025-03-06 04:00:00,0.6948,,,20250400,20250500,20250500
2025-03-06 05:00:00,0.6952,,,20250400,20250500,20250500
2025-03-06 06:00:00,0.6945,0.6928,0.6928,20250400,20250500,20250500
2025-03-06 07:00:00,0.693,,,20250400,20250500,20250500
2025-03-06 08:00:00,0.6936,,,20250400,20250500,20250500
2025-03-06 09:00:00,0.6922,,,20250400,20250500,20250500
2025-03-06 10:00:00,0.6918,,,20250400,20250500,20250500
2025-03-06 11:00:00,0.6923,,,20250400,20250500,20250500
2025-03-06 12:00:00,0.6918,,,20250400,20250500,20250500
2025-03-06 13:00:00,0.6932,,,20250400,20250500,20250500
2025-03-06 14:00:00,0.6935,,,20250400,20250500,20250500
2025-03-06 15:00:00,0.6931,,,20250400,20250500,20250500
2025-03-06 16:00:00,0.6927,,,20250400,20250500,20250500
2025-03-06 17:00:00,0.6918,,,20250400,20250500,20250500
2025-03-06 18:00:00,0.6921,,,20250400,20250500,20250500
2025-03-06 19:00:00,0.6925,,,20250400,20250500,20250500
2025-03-06 20:00:00,0.6924,,,20250400,20250500,20250500
2025-03-06 21:00:00,0.6919,,,20250400,20250500,20250500
2025-03-06 23:00:00,0.6903,,,20250400,20250500,20250500
2025-03-07 00:00:00,0.6929,,,20250400,20250500,20250500
2025-03-07 01:00:00,0.6932,,,20250400,20250500,20250500
2025-03-07 02:00:00,0.6927,,,20250400,20250500,20250500
2025-03-07 03:00:00,0.6933,,,20250400,20250500,20250500
2025-03-07 04:00:00,0.6932,,,20250400,20250500,20250500
2025-03-07 05:00:00,0.6935,,,20250400,20250500,20250500
2025-03-07 06:00:00,0.6931,0.6941,0.6941,20250400,20250500,20250500
2025-03-07 07:00:00,0.6937,,,20250400,20250500,20250500
2025-03-07 08:00:00,0.6938,,,20250400,20250500,20250500
2025-03-07 09:00:00,0.6955,,,20250400,20250500,20250500
2025-03-07 10:00:00,0.6942,,,20250400,20250500,20250500
2025-03-07 11:00:00,0.6933,,,20250400,20250500,20250500
2025-03-07 12:00:00,0.6929,,,20250400,20250500,20250500
2025-03-07 13:00:00,0.6928,,,20250400,20250500,20250500
2025-03-07 14:00:00,0.6924,,,20250400,20250500,20250500
2025-03-07 15:00:00,0.692,,,20250400,20250500,20250500
2025-03-07 16:00:00,0.6917,,,20250400,20250500,20250500
2025-03-07 17:00:00,0.6911,,,20250400,20250500,20250500
2025-03-07 20:00:00,0.6926,,,20250400,20250500,20250500
2025-03-07 21:00:00,0.6935,,,20250400,20250500,20250500
2025-03-10 00:00:00,0.6932,,,20250400,20250500,20250500
2025-03-10 01:00:00,0.6918,,,20250400,20250500,20250500
2025-03-10 02:00:00,0.6888,,,20250400,20250500,20250500
2025-03-10 03:00:00,0.6888,,,20250400,20250500,20250500
2025-03-10 04:00:00,0.6894,,,20250400,20250500,20250500
2025-03-10 05:00:00,0.6893,0.6895,0.6895,20250400,20250500,20250500
2025-03-10 06:00:00,0.6896,,,20250400,20250500,20250500
2025-03-10 07:00:00,0.6892,,,20250400,20250500,20250500
2025-03-10 08:00:00,0.6889,,,20250400,20250500,20250500
2025-03-10 09:00:00,0.689,,,20250400,20250500,20250500
2025-03-10 10:00:00,0.6885,,,20250400,20250500,20250500
2025-03-10 11:00:00,0.6888,,,20250400,20250500,20250500
2025-03-10 12:00:00,0.6888,,,20250400,20250500,20250500
2025-03-10 13:00:00,0.6886,,,20250400,20250500,20250500
2025-03-10 14:00:00,0.6881,,,20250400,20250500,20250500
2025-03-10 15:00:00,0.6879,,,20250400,20250500,20250500
2025-03-10 16:00:00,0.6885,,,20250400,20250500,20250500
2025-03-10 17:00:00,0.6889,,,20250400,20250500,20250500
2025-03-10 18:00:00,0.687,,,20250400,20250500,20250500
2025-03-10 19:00:00,0.6866,,,20250400,20250500,20250500
2025-03-11 00:00:00,0.6874,0.6878,0.6878,20250400,20250500,20250500
2025-03-11 01:00:00,0.6882,,,20250400,20250500,20250500
2025-03-11 02:00:00,0.6876,,,20250400,20250500,20250500
2025-03-11 03:00:00,0.6872,,,20250400,20250500,20250500
2025-03-11 04:00:00,0.6878,,,20250400,20250500,20250500
2025-03-11 05:00:00,0.687,0.6905,0.6905,20250400,20250500,20250500
2025-03-11 06:00:00,0.6881,,,20250400,20250500,20250500
2025-03-11 07:00:00,0.6895,,,20250400,20250500,20250500
2025-03-11 08:00:00,0.6899,,,20250400,20250500,20250500
2025-03-11 09:00:00,0.6904,,,20250400,20250500,20250500
2025-03-11 10:00:00,0.6899,,,20250400,20250500,20250500
2025-03-11 11:00:00,0.6896,,,20250400,20250500,20250500
2025-03-11 12:00:00,0.6894,,,20250400,20250500,20250500
2025-03-11 13:00:00,0.6899,,,20250400,20250500,20250500
2025-03-11 14:00:00,0.6888,,,20250400,20250500,20250500
2025-03-11 15:00:00,0.6897,,,20250400,20250500,20250500
2025-03-11 16:00:00,0.6893,,,20250400,20250500,20250500
2025-03-11 17:00:00,0.6891,,,20250400,20250500,20250500
2025-03-11 18:00:00,0.6913,,,20250400,20250500,20250500
2025-03-11 19:00:00,0.6909,,,20250400,20250500,20250500
2025-03-12 00:00:00,0.6889,,,20250400,20250500,20250500
2025-03-12 01:00:00,0.6905,,,20250400,20250500,20250500
2025-03-12 02:00:00,0.6904,,,20250400,20250500,20250500
2025-03-12 03:00:00,0.6898,,,20250400,20250500,20250500
2025-03-12 04:00:00,0.6898,,,20250400,20250500,20250500
2025-03-12 05:00:00,0.691,0.6916,0.6916,20250400,20250500,20250500
2025-03-12 06:00:00,0.6907,,,20250400,20250500,20250500
2025-03-12 07:00:00,0.69,0.6911,0.6911,20250400,20250500,20250500
2025-03-12 08:00:00,0.6913,,,20250400,20250500,20250500
2025-03-12 09:00:00,0.6902,,,20250400,20250500,20250500
2025-03-12 10:00:00,0.6899,,,20250400,20250500,20250500
2025-03-12 11:00:00,0.6906,,,20250400,20250500,20250500
2025-03-12 12:00:00,0.6901,,,20250400,20250500,20250500
2025-03-12 13:00:00,0.6899,,,20250400,20250500,20250500
2025-03-12 14:00:00,0.6898,,,20250400,20250500,20250500
2025-03-12 15:00:00,0.6903,,,20250400,20250500,20250500
2025-03-12 16:00:00,0.69,,,20250400,20250500,20250500
2025-03-12 17:00:00,0.6905,,,20250400,20250500,20250500
2025-03-12 18:00:00,0.6906,,,20250400,20250500,20250500
2025-03-12 19:00:00,0.6906,,,20250400,20250500,20250500
2025-03-12 20:00:00,0.6904,,,20250400,20250500,20250500
2025-03-13 00:00:00,0.6913,,,20250400,20250500,20250500
2025-03-13 01:00:00,0.691,,,20250400,20250500,20250500
2025-03-13 02:00:00,0.6905,,,20250400,20250500,20250500
2025-03-13 03:00:00,0.6898,,,20250400,20250500,20250500
2025-03-13 04:00:00,0.6888,,,20250400,20250500,20250500
2025-03-13 05:00:00,0.6883,0.6893,0.6893,20250400,20250500,20250500
2025-03-13 06:00:00,0.689,,,20250400,20250500,20250500
2025-03-13 07:00:00,0.6885,,,20250400,20250500,20250500
2025-03-13 08:00:00,0.6885,,,20250400,20250500,20250500
2025-03-13 09:00:00,0.6887,,,20250400,20250500,20250500
2025-03-13 10:00:00,0.6885,,,20250400,20250500,20250500
2025-03-13 11:00:00,0.6881,,,20250400,20250500,20250500
2025-03-13 12:00:00,0.6879,,,20250400,20250500,20250500
2025-03-13 13:00:00,0.6882,,,20250400,20250500,20250500
2025-03-13 14:00:00,0.6884,,,20250400,20250500,20250500
2025-03-13 15:00:00,0.6883,,,20250400,20250500,20250500
2025-03-13 16:00:00,0.6891,,,20250400,20250500,20250500
2025-03-13 17:00:00,0.6885,,,20250400,20250500,20250500
2025-03-13 18:00:00,0.6887,,,20250400,20250500,20250500
2025-03-13 19:00:00,0.6888,,,20250400,20250500,20250500
2025-03-13 20:00:00,0.6888,,,20250400,20250500,20250500
2025-03-14 00:00:00,0.6885,,,20250400,20250500,20250500
2025-03-14 01:00:00,0.6885,,,20250400,20250500,20250500
2025-03-14 02:00:00,0.6883,,,20250400,20250500,20250500
2025-03-14 03:00:00,0.6888,,,20250400,20250500,20250500
2025-03-14 04:00:00,0.6888,,,20250400,20250500,20250500
2025-03-14 05:00:00,0.6897,0.69,0.69,20250400,20250500,20250500
2025-03-14 06:00:00,0.6892,,,20250400,20250500,20250500
2025-03-14 07:00:00,0.6884,,,20250400,20250500,20250500
2025-03-14 08:00:00,0.6884,,,20250400,20250500,20250500
2025-03-14 09:00:00,0.6883,,,20250400,20250500,20250500
2025-03-14 10:00:00,0.689,,,20250400,20250500,20250500
2025-03-14 11:00:00,0.6892,,,20250400,20250500,20250500
2025-03-14 12:00:00,0.6892,,,20250400,20250500,20250500
2025-03-14 13:00:00,0.6894,,,20250400,20250500,20250500
2025-03-14 14:00:00,0.6893,,,20250400,20250500,20250500
2025-03-14 15:00:00,0.6899,,,20250400,20250500,20250500
2025-03-14 16:00:00,0.6899,,,20250400,20250500,20250500
2025-03-14 17:00:00,0.6897,,,20250400,20250500,20250500
2025-03-14 18:00:00,0.6898,,,20250400,20250500,20250500
2025-03-14 19:00:00,0.6903,,,20250400,20250500,20250500
2025-03-14 20:00:00,0.6907,,,20250400,20250500,20250500
2025-03-17 00:00:00,0.691,,,20250400,20250500,20250500
2025-03-17 01:00:00,0.6915,,,20250400,20250500,20250500
2025-03-17 02:00:00,0.6928,,,20250400,20250500,20250500
2025-03-17 03:00:00,0.6928,0.6938,0.6938,20250400,20250500,20250500
2025-03-17 04:00:00,0.6926,,,20250400,20250500,20250500
2025-03-17 05:00:00,0.692,0.6934,0.6934,20250400,20250500,20250500
2025-03-17 06:00:00,0.6916,0.6934,0.6934,20250400,20250500,20250500
2025-03-17 07:00:00,0.6918,,,20250400,20250500,20250500
2025-03-17 08:00:00,0.6916,,,20250400,20250500,20250500
2025-03-17 09:00:00,0.6917,,,20250400,20250500,20250500
2025-03-17 10:00:00,0.6918,,,20250400,20250500,20250500
2025-03-17 11:00:00,0.6918,,,20250400,20250500,20250500
2025-03-17 12:00:00,0.6916,,,20250400,20250500,20250500
2025-03-17 13:00:00,0.6926,,,20250400,20250500,20250500
2025-03-17 14:00:00,0.693,,,20250400,20250500,20250500
2025-03-17 15:00:00,0.6934,,,20250400,20250500,20250500
2025-03-17 16:00:00,0.6939,,,20250400,20250500,20250500
2025-03-17 17:00:00,0.6936,,,20250400,20250500,20250500
2025-03-17 18:00:00,0.694,,,20250400,20250500,20250500
2025-03-17 19:00:00,0.6943,,,20250400,20250500,20250500
2025-03-17 20:00:00,0.6938,,,20250400,20250500,20250500
2025-03-18 00:00:00,0.6944,0.6962,0.6962,20250400,20250500,20250500
2025-03-18 01:00:00,0.6935,0.6948,0.6948,20250400,20250500,20250500
2025-03-18 02:00:00,0.692,0.6932,0.6932,20250400,20250500,20250500
2025-03-18 03:00:00,0.6917,,,20250400,20250500,20250500
2025-03-18 04:00:00,0.6913,,,20250400,20250500,20250500
2025-03-18 05:00:00,0.6902,0.6916,0.6916,20250400,20250500,20250500
2025-03-18 06:00:00,0.6908,0.6918,0.6918,20250400,20250500,20250500
2025-03-18 07:00:00,0.6915,0.6921,0.6921,20250400,20250500,20250500
2025-03-18 08:00:00,0.6916,0.6927,0.6927,20250400,20250500,20250500
2025-03-18 09:00:00,0.6911,0.6924,0.6924,20250400,20250500,20250500
2025-03-18 10:00:00,0.6902,0.691,0.691,20250400,20250500,20250500
2025-03-18 11:00:00,0.6898,0.6912,0.6912,20250400,20250500,20250500
2025-03-18 12:00:00,0.6891,0.69,0.69,20250400,20250500,20250500
2025-03-18 13:00:00,0.6891,0.6903,0.6903,20250400,20250500,20250500
2025-03-18 14:00:00,0.6897,0.6909,0.6909,20250400,20250500,20250500
2025-03-18 15:00:00,0.6898,0.691,0.691,20250400,20250500,20250500
2025-03-18 16:00:00,0.6903,0.6916,0.6916,20250400,20250500,20250500
2025-03-18 17:00:00,0.6899,0.6914,0.6914,20250400,20250500,20250500
2025-03-18 18:00:00,0.6905,,,20250400,20250500,20250500
2025-03-18 19:00:00,0.6904,,,20250400,20250500,20250500
2025-03-18 20:00:00,0.6908,,,20250400,20250500,20250500
2025-03-19 00:00:00,0.6906,,,20250400,20250500,20250500
2025-03-19 01:00:00,0.6905,,,20250400,20250500,20250500
2025-03-19 02:00:00,0.691,,,20250400,20250500,20250500
2025-03-19 03:00:00,0.69,,,20250400,20250500,20250500
2025-03-19 04:00:00,0.6893,,,20250400,20250500,20250500
2025-03-19 05:00:00,0.6868,0.6878,0.6878,20250400,20250500,20250500
2025-03-19 06:00:00,0.6901,0.691,0.691,20250400,20250500,20250500
2025-03-19 07:00:00,0.6879,0.6881,0.6881,20250400,20250500,20250500
2025-03-19 08:00:00,0.6873,0.6883,0.6883,20250400,20250500,20250500
2025-03-19 09:00:00,0.6875,0.6885,0.6885,20250400,20250500,20250500
2025-03-19 10:00:00,0.687,0.6882,0.6882,20250400,20250500,20250500
2025-03-19 11:00:00,0.6869,0.6879,0.6879,20250400,20250500,20250500
2025-03-19 12:00:00,0.6867,0.6879,0.6879,20250400,20250500,20250500
2025-03-19 13:00:00,0.6855,0.6864,0.6864,20250400,20250500,20250500
2025-03-19 14:00:00,0.6857,0.6868,0.6868,20250400,20250500,20250500
2025-03-19 15:00:00,0.6852,0.6866,0.6866,20250400,20250500,20250500
2025-03-19 16:00:00,0.6846,0.6855,0.6855,20250400,20250500,20250500
2025-03-19 17:00:00,0.6844,0.6859,0.6859,20250400,20250500,20250500
2025-03-19 18:00:00,0.6869,0.6879,0.6879,20250400,20250500,20250500
2025-03-19 19:00:00,0.6868,0.6876,0.6876,20250400,20250500,20250500
2025-03-19 20:00:00,0.6867,0.6878,0.6878,20250400,20250500,20250500
2025-03-19 23:00:00,0.6877,,,20250400,20250500,20250500
2025-03-20 00:00:00,0.6876,0.6881,0.6881,20250400,20250500,20250500
2025-03-20 01:00:00,0.686,0.6869,0.6869,20250400,20250500,20250500
2025-03-20 02:00:00,0.6869,0.6879,0.6879,20250400,20250500,20250500
2025-03-20 03:00:00,0.6858,0.6867,0.6867,20250400,20250500,20250500
2025-03-20 04:00:00,0.6862,0.6872,0.6872,20250400,20250500,20250500
2025-03-20 05:00:00,0.6858,0.6868,0.6868,20250400,20250500,20250500
2025-03-20 06:00:00,0.6863,0.6874,0.6874,20250400,20250500,20250500
2025-03-20 07:00:00,0.6846,0.6853,0.6853,20250400,20250500,20250500
2025-03-20 08:00:00,0.6838,0.6848,0.6848,20250400,20250500,20250500
2025-03-20 09:00:00,0.6835,0.6844,0.6844,20250400,20250500,20250500
2025-03-20 10:00:00,0.6832,0.6841,0.6841,20250400,20250500,20250500
2025-03-20 11:00:00,0.6828,0.6841,0.6841,20250400,20250500,20250500
2025-03-20 12:00:00,0.6819,0.6832,0.6832,20250400,20250500,20250500
2025-03-20 13:00:00,0.6819,0.6829,0.6829,20250400,20250500,20250500
2025-03-20 14:00:00,0.6824,0.6834,0.6834,20250400,20250500,20250500
2025-03-20 15:00:00,0.6823,0.6833,0.6833,20250400,20250500,20250500
2025-03-20 16:00:00,0.6822,0.6832,0.6832,20250400,20250500,20250500
2025-03-20 17:00:00,0.6824,,,20250400,20250500,20250500
2025-03-20 18:00:00,0.6828,0.6836,0.6836,20250400,20250500,20250500
2025-03-20 19:00:00,0.6832,0.6841,0.6841,20250400,20250500,20250500
2025-03-20 20:00:00,0.6827,,,20250400,20250500,20250500
2025-03-20 23:00:00,0.6825,,,20250400,20250500,20250500
2025-03-21 00:00:00,0.682,0.6833,0.6833,20250400,20250500,20250500
2025-03-21 01:00:00,0.6824,0.6829,0.6829,20250400,20250500,20250500
2025-03-21 02:00:00,0.6821,0.6832,0.6832,20250400,20250500,20250500
2025-03-21 03:00:00,0.6821,0.683,0.683,20250400,20250500,20250500
2025-03-21 04:00:00,0.6826,0.6836,0.6836,20250400,20250500,20250500
2025-03-21 05:00:00,0.6835,0.6859,0.6859,20250400,20250500,20250500
2025-03-21 06:00:00,0.6843,0.6852,0.6852,20250400,20250500,20250500
2025-03-21 07:00:00,0.6854,0.6865,0.6865,20250400,20250500,20250500
2025-03-21 08:00:00,0.6852,0.6856,0.6856,20250400,20250500,20250500
2025-03-21 09:00:00,0.6842,0.686,0.686,20250400,20250500,20250500
2025-03-21 10:00:00,0.6844,0.6854,0.6854,20250400,20250500,20250500
2025-03-21 11:00:00,0.6849,0.6861,0.6861,20250400,20250500,20250500
2025-03-21 12:00:00,0.6841,0.6852,0.6852,20250400,20250500,20250500
2025-03-21 13:00:00,0.6833,0.6845,0.6845,20250400,20250500,20250500
2025-03-21 14:00:00,0.6828,0.6838,0.6838,20250400,20250500,20250500
2025-03-21 15:00:00,0.6823,0.6835,0.6835,20250400,20250500,20250500
2025-03-21 16:00:00,0.6833,0.6839,0.6839,20250400,20250500,20250500
2025-03-21 17:00:00,0.6836,,,20250400,20250500,20250500
2025-03-21 18:00:00,0.6839,0.6849,0.6849,20250400,20250500,20250500
2025-03-21 19:00:00,0.6841,,,20250400,20250500,20250500
2025-03-21 20:00:00,0.6841,0.6851,0.6851,20250400,20250500,20250500
2025-03-23 23:00:00,0.6831,,,20250400,20250500,20250500
2025-03-24 00:00:00,0.6834,0.6845,0.6845,20250400,20250500,20250500
2025-03-24 01:00:00,0.6818,0.6829,0.6829,20250400,20250500,20250500
2025-03-24 02:00:00,0.6822,0.6833,0.6833,20250400,20250500,20250500
2025-03-24 03:00:00,0.6823,0.6833,0.6833,20250400,20250500,20250500
2025-03-24 04:00:00,0.6824,0.6833,0.6833,20250400,20250500,20250500
2025-03-24 05:00:00,0.6822,0.6831,0.6831,20250400,20250500,20250500
2025-03-24 06:00:00,0.6828,0.6839,0.6839,20250400,20250500,20250500
2025-03-24 07:00:00,0.683,0.6844,0.6844,20250400,20250500,20250500
2025-03-24 08:00:00,0.6828,0.6836,0.6836,20250400,20250500,20250500
2025-03-24 09:00:00,0.6829,0.6835,0.6835,20250400,20250500,20250500
2025-03-24 10:00:00,0.6831,0.6844,0.6844,20250400,20250500,20250500
2025-03-24 11:00:00,0.6826,0.6837,0.6837,20250400,20250500,20250500
2025-03-24 12:00:00,0.6824,0.6834,0.6834,20250400,20250500,20250500
2025-03-24 13:00:00,0.6812,0.6824,0.6824,20250400,20250500,20250500
2025-03-24 14:00:00,0.6819,0.683,0.683,20250400,20250500,20250500
2025-03-24 15:00:00,0.6825,0.6835,0.6835,20250400,20250500,20250500
2025-03-24 16:00:00,0.6816,0.6821,0.6821,20250400,20250500,20250500
2025-03-24 17:00:00,0.6816,0.6825,0.6825,20250400,20250500,20250500
2025-03-24 18:00:00,0.6822,0.6833,0.6833,20250400,20250500,20250500
2025-03-24 19:00:00,0.6823,,,20250400,20250500,20250500
2025-03-24 20:00:00,0.6825,,,20250400,20250500,20250500
2025-03-24 23:00:00,0.6825,,,20250400,20250500,20250500
2025-03-25 00:00:00,0.6817,0.6827,0.6827,20250400,20250500,20250500
2025-03-25 01:00:00,0.6813,0.6826,0.6826,20250400,20250500,20250500
2025-03-25 02:00:00,0.6809,0.6819,0.6819,20250400,20250500,20250500
2025-03-25 03:00:00,0.6813,0.6826,0.6826,20250400,20250500,20250500
2025-03-25 04:00:00,,0.6823,0.6823,20250400,20250500,20250500
2025-03-25 05:00:00,0.6814,0.6842,0.6842,20250400,20250500,20250500
2025-03-25 06:00:00,0.6812,0.6827,0.6827,20250400,20250500,20250500
2025-03-25 07:00:00,0.6815,0.6823,0.6823,20250400,20250500,20250500
2025-03-25 08:00:00,0.6819,0.6828,0.6828,20250400,20250500,20250500
2025-03-25 09:00:00,0.6823,0.6834,0.6834,20250400,20250500,20250500
2025-03-25 10:00:00,0.6831,0.6844,0.6844,20250400,20250500,20250500
2025-03-25 11:00:00,0.683,0.6841,0.6841,20250400,20250500,20250500
2025-03-25 12:00:00,0.6832,0.6843,0.6843,20250400,20250500,20250500
2025-03-25 13:00:00,0.6832,0.6839,0.6839,20250400,20250500,20250500
2025-03-25 14:00:00,0.6831,0.6841,0.6841,20250400,20250500,20250500
2025-03-25 15:00:00,0.6833,0.6844,0.6844,20250400,20250500,20250500
2025-03-25 16:00:00,0.6845,0.6851,0.6851,20250400,20250500,20250500
2025-03-25 17:00:00,0.6842,0.6854,0.6854,20250400,20250500,20250500
2025-03-25 18:00:00,0.6839,,,20250400,20250500,20250500
2025-03-25 19:00:00,0.6841,0.685,0.685,20250400,20250500,20250500
2025-03-25 20:00:00,0.6843,,,20250400,20250500,20250500
2025-03-26 00:00:00,0.6825,0.6836,0.6836,20250400,20250500,20250500
2025-03-26 01:00:00,0.6844,0.6853,0.6853,20250400,20250500,20250500
2025-03-26 02:00:00,0.6836,0.685,0.685,20250400,20250500,20250500
2025-03-26 03:00:00,0.6838,0.6844,0.6844,20250400,20250500,20250500
2025-03-26 04:00:00,0.6831,0.684,0.684,20250400,20250500,20250500
2025-03-26 05:00:00,0.6828,0.6849,0.6849,20250400,20250500,20250500
2025-03-26 06:00:00,0.683,0.6841,0.6841,20250400,20250500,20250500
2025-03-26 07:00:00,0.684,0.6851,0.6851,20250400,20250500,20250500
2025-03-26 08:00:00,0.6835,0.6845,0.6845,20250400,20250500,20250500
2025-03-26 09:00:00,0.6837,0.6846,0.6846,20250400,20250500,20250500
2025-03-26 10:00:00,0.684,,,20250400,20250500,20250500
2025-03-26 11:00:00,0.6835,0.6845,0.6845,20250400,20250500,20250500
2025-03-26 12:00:00,0.6831,0.6844,0.6844,20250400,20250500,20250500
2025-03-26 13:00:00,0.6829,0.6839,0.6839,20250400,20250500,20250500
2025-03-26 14:00:00,0.6829,0.6839,0.6839,20250400,20250500,20250500
2025-03-26 15:00:00,0.6823,0.6832,0.6832,20250400,20250500,20250500
2025-03-26 16:00:00,0.6821,0.6831,0.6831,20250400,20250500,20250500
2025-03-26 17:00:00,0.6811,0.6824,0.6824,20250400,20250500,20250500
2025-03-26 18:00:00,0.6813,,,20250400,20250500,20250500
2025-03-26 19:00:00,0.6813,0.6825,0.6825,20250400,20250500,20250500
2025-03-26 20:00:00,0.6812,,,20250400,20250500,20250500
2025-03-26 23:00:00,0.6816,0.6813,0.6813,20250400,20250500,20250500
2025-03-27 00:00:00,0.6817,0.6823,0.6823,20250400,20250500,20250500
2025-03-27 01:00:00,0.683,0.6836,0.6836,20250400,20250500,20250500
2025-03-27 02:00:00,0.6836,0.6847,0.6847,20250400,20250500,20250500
2025-03-27 03:00:00,0.6831,0.6838,0.6838,20250400,20250500,20250500
2025-03-27 04:00:00,0.683,0.6842,0.6842,20250400,20250500,20250500
2025-03-27 05:00:00,0.6836,0.6847,0.6847,20250400,20250500,20250500
2025-03-27 06:00:00,0.6831,0.6841,0.6841,20250400,20250500,20250500
2025-03-27 07:00:00,0.6833,0.6843,0.6843,20250400,20250500,20250500
2025-03-27 08:00:00,0.6835,0.6846,0.6846,20250400,20250500,20250500
2025-03-27 09:00:00,0.6831,0.6842,0.6842,20250400,20250500,20250500
2025-03-27 10:00:00,0.6835,0.6844,0.6844,20250400,20250500,20250500
2025-03-27 11:00:00,0.6835,0.6843,0.6843,20250400,20250500,20250500
2025-03-27 12:00:00,0.6831,0.6845,0.6845,20250400,20250500,20250500
2025-03-27 13:00:00,0.6828,0.684,0.684,20250400,20250500,20250500
2025-03-27 14:00:00,0.6825,0.6836,0.6836,20250400,20250500,20250500
2025-03-27 15:00:00,0.6836,0.6852,0.6852,20250400,20250500,20250500
2025-03-27 16:00:00,0.6836,0.6846,0.6846,20250400,20250500,20250500
2025-03-27 17:00:00,0.6832,0.6848,0.6848,20250400,20250500,20250500
2025-03-27 18:00:00,0.6833,,,20250400,20250500,20250500
2025-03-27 19:00:00,0.6832,0.6842,0.6842,20250400,20250500,20250500
2025-03-27 20:00:00,0.6835,,,20250400,20250500,20250500
2025-03-27 23:00:00,0.6836,,,20250400,20250500,20250500
2025-03-28 00:00:00,0.6829,0.6839,0.6839,20250400,20250500,20250500
2025-03-28 01:00:00,0.6827,0.6842,0.6842,20250400,20250500,20250500
2025-03-28 02:00:00,0.6824,0.6842,0.6842,20250400,20250500,20250500
2025-03-28 03:00:00,0.6825,0.6834,0.6834,20250400,20250500,20250500
2025-03-28 04:00:00,0.6823,0.6834,0.6834,20250400,20250500,20250500
2025-03-28 05:00:00,0.6817,0.6834,0.6834,20250400,20250500,20250500
2025-03-28 06:00:00,0.6826,0.6838,0.6838,20250400,20250500,20250500
2025-03-28 07:00:00,0.6833,0.6842,0.6842,20250400,20250500,20250500
2025-03-28 08:00:00,0.6824,0.6835,0.6835,20250400,20250500,20250500
2025-03-28 09:00:00,0.6817,0.6828,0.6828,20250400,20250500,20250500
2025-03-28 10:00:00,0.6819,0.6832,0.6832,20250400,20250500,20250500
2025-03-28 11:00:00,0.6821,0.6831,0.6831,20250400,20250500,20250500
2025-03-28 12:00:00,0.6818,0.6827,0.6827,20250400,20250500,20250500
2025-03-28 13:00:00,0.6823,0.6834,0.6834,20250400,20250500,20250500
2025-03-28 14:00:00,0.6821,0.6832,0.6832,20250400,20250500,20250500
2025-03-28 15:00:00,0.6813,0.6823,0.6823,20250400,20250500,20250500
2025-03-28 16:00:00,0.6808,0.6818,0.6818,20250400,20250500,20250500
2025-03-28 17:00:00,0.6808,,,20250400,20250500,20250500
2025-03-28 18:00:00,0.6809,,,20250400,20250500,20250500
2025-03-28 19:00:00,0.6807,0.6819,0.6819,20250400,20250500,20250500
2025-03-28 20:00:00,0.6811,0.6821,0.6821,20250400,20250500,20250500
2025-03-30 23:00:00,0.6805,0.6817,0.6817,20250400,20250500,20250500
2025-03-31 00:00:00,0.6805,0.6815,0.6815,20250400,20250500,20250500
2025-03-31 01:00:00,0.6812,0.6823,0.6823,20250400,20250500,20250500
2025-03-31 02:00:00,0.6809,0.6822,0.6822,20250400,20250500,20250500
2025-03-31 03:00:00,0.6801,0.6812,0.6812,20250400,20250500,20250500
2025-03-31 04:00:00,0.6805,0.6815,0.6815,20250400,20250500,20250500
2025-03-31 05:00:00,0.6803,0.6798,0.6798,20250400,20250500,20250500
2025-03-31 06:00:00,0.6797,0.6809,0.6809,20250400,20250500,20250500
2025-03-31 07:00:00,0.6798,0.6808,0.6808,20250400,20250500,20250500
2025-03-31 08:00:00,0.6795,0.6805,0.6805,20250400,20250500,20250500
2025-03-31 09:00:00,0.6786,0.6797,0.6797,20250400,20250500,20250500
2025-03-31 10:00:00,0.679,0.68,0.68,20250400,20250500,20250500
2025-03-31 11:00:00,0.6792,0.6799,0.6799,20250400,20250500,20250500
2025-03-31 12:00:00,0.6791,0.68,0.68,20250400,20250500,20250500
2025-03-31 13:00:00,0.679,0.6799,0.6799,20250400,20250500,20250500
2025-03-31 14:00:00,0.679,0.6801,0.6801,20250400,20250500,20250500
2025-03-31 15:00:00,0.679,0.6799,0.6799,20250400,20250500,20250500
2025-03-31 16:00:00,0.6791,0.6802,0.6802,20250400,20250500,20250500
2025-03-31 17:00:00,0.679,0.68,0.68,20250400,20250500,20250500
2025-03-31 18:00:00,0.6789,0.6799,0.6799,20250400,20250500,20250500
2025-03-31 19:00:00,0.6792,0.6803,0.6803,20250400,20250500,20250500
2025-03-31 20:00:00,0.6796,0.6806,0.6806,20250400,20250500,20250500
2025-03-31 23:00:00,0.6795,0.6805,0.6805,20250400,20250500,20250500
2025-04-01 00:00:00,0.6785,0.68,0.68,20250400,20250500,20250500
2025-04-01 01:00:00,0.6802,0.6813,0.6813,20250400,20250500,20250500
2025-04-01 02:00:00,0.6817,0.683,0.683,20250400,20250500,20250500
2025-04-01 03:00:00,0.6809,0.6819,0.6819,20250400,20250500,20250500
2025-04-01 04:00:00,0.6808,0.6818,0.6818,20250400,20250500,20250500
2025-04-01 05:00:00,0.68,0.6804,0.6804,20250400,20250500,20250500
2025-04-01 06:00:00,0.6806,0.6816,0.6816,20250400,20250500,20250500
2025-04-01 07:00:00,0.6803,0.6813,0.6813,20250400,20250500,20250500
2025-04-01 08:00:00,0.6803,0.6813,0.6813,20250400,20250500,20250500
2025-04-01 09:00:00,0.681,0.6815,0.6815,20250400,20250500,20250500
2025-04-01 10:00:00,0.68,0.681,0.681,20250400,20250500,20250500
2025-04-01 11:00:00,0.6797,0.6807,0.6807,20250400,20250500,20250500
2025-04-01 12:00:00,0.68,0.6812,0.6812,20250400,20250500,20250500
2025-04-01 13:00:00,0.6796,0.6805,0.6805,20250400,20250500,20250500
2025-04-01 14:00:00,0.6802,0.6805,0.6805,20250400,20250500,20250500
2025-04-01 15:00:00,0.6802,0.6811,0.6811,20250400,20250500,20250500
2025-04-01 16:00:00,0.6804,0.6814,0.6814,20250400,20250500,20250500
2025-04-01 17:00:00,0.6806,0.6818,0.6818,20250400,20250500,20250500
2025-04-01 18:00:00,0.6802,0.6812,0.6812,20250400,20250500,20250500
2025-04-01 19:00:00,0.6805,0.6815,0.6815,20250400,20250500,20250500
2025-04-01 20:00:00,0.6803,,,20250400,20250500,20250500
2025-04-01 23:00:00,0.68,0.681,0.681,20250400,20250500,20250500
2025-04-02 00:00:00,0.68,0.6812,0.6812,20250400,20250500,20250500
2025-04-02 01:00:00,0.6826,0.6833,0.6833,20250400,20250500,20250500
2025-04-02 02:00:00,0.6825,0.6835,0.6835,20250400,20250500,20250500
2025-04-02 03:00:00,0.6826,0.6839,0.6839,20250400,20250500,20250500
2025-04-02 04:00:00,0.683,0.684,0.684,20250400,20250500,20250500
2025-04-02 05:00:00,0.6842,0.6853,0.6853,20250400,20250500,20250500
2025-04-02 06:00:00,0.6827,0.6834,0.6834,20250400,20250500,20250500
2025-04-02 07:00:00,0.6839,0.685,0.685,20250400,20250500,20250500
2025-04-02 08:00:00,0.6836,,,20250400,20250500,20250500
2025-04-02 09:00:00,0.6842,0.6852,0.6852,20250400,20250500,20250500
2025-04-02 10:00:00,0.6838,0.6848,0.6848,20250400,20250500,20250500
2025-04-02 11:00:00,0.6843,0.6857,0.6857,20250400,20250500,20250500
2025-04-02 12:00:00,0.685,0.6856,0.6856,20250400,20250500,20250500
2025-04-02 13:00:00,0.6847,0.6858,0.6858,20250400,20250500,20250500
2025-04-02 14:00:00,0.6848,0.6859,0.6859,20250400,20250500,20250500
2025-04-02 15:00:00,0.6845,0.6855,0.6855,20250400,20250500,20250500
2025-04-02 16:00:00,0.6844,0.6854,0.6854,20250400,20250500,20250500
2025-04-02 17:00:00,0.6839,0.6848,0.6848,20250400,20250500,20250500
2025-04-02 18:00:00,0.6838,0.6846,0.6846,20250400,20250500,20250500
2025-04-02 19:00:00,0.6831,0.6841,0.6841,20250400,20250500,20250500
2025-04-02 20:00:00,0.6808,0.6819,0.6819,20250400,20250500,20250500
2025-04-02 21:00:00,0.6812,,,20250400,20250500,20250500
2025-04-03 00:00:00,0.6811,0.6821,0.6821,20250400,20250500,20250500
2025-04-03 01:00:00,0.6824,0.6834,0.6834,20250400,20250500,20250500
2025-04-03 02:00:00,0.6818,0.6828,0.6828,20250400,20250500,20250500
2025-04-03 03:00:00,0.682,0.683,0.683,20250400,20250500,20250500
2025-04-03 04:00:00,0.6812,0.6829,0.6829,20250400,20250500,20250500
2025-04-03 05:00:00,0.6831,0.6844,0.6844,20250400,20250500,20250500
2025-04-03 06:00:00,0.6834,0.6839,0.6839,20250400,20250500,20250500
2025-04-03 07:00:00,0.6844,0.6854,0.6854,20250400,20250500,20250500
2025-04-03 08:00:00,0.6869,0.688,0.688,20250400,20250500,20250500
2025-04-03 09:00:00,0.6868,0.6879,0.6879,20250400,20250500,20250500
2025-04-03 10:00:00,0.6862,0.6873,0.6873,20250400,20250500,20250500
2025-04-03 11:00:00,0.6876,0.6886,0.6886,20250400,20250500,20250500
2025-04-03 12:00:00,0.6875,0.6885,0.6885,20250400,20250500,20250500
2025-04-03 13:00:00,0.6871,0.6884,0.6884,20250400,20250500,20250500
2025-04-03 14:00:00,0.6899,0.6911,0.6911,20250400,20250500,20250500
2025-04-03 15:00:00,0.6897,0.6906,0.6906,20250400,20250500,20250500
2025-04-03 16:00:00,0.6899,0.6907,0.6907,20250400,20250500,20250500
2025-04-03 17:00:00,0.6899,0.6911,0.6911,20250400,20250500,20250500
2025-04-03 18:00:00,0.6899,0.6909,0.6909,20250400,20250500,20250500
2025-04-03 19:00:00,0.6895,0.6907,0.6907,20250400,20250500,20250500
2025-04-03 20:00:00,0.6899,0.6909,0.6909,20250400,20250500,20250500
2025-04-03 23:00:00,0.6882,,,20250400,20250500,20250500
2025-04-04 00:00:00,0.6941,0.695,0.695,20250400,20250500,20250500
2025-04-04 01:00:00,0.6954,0.6963,0.6963,20250400,20250500,20250500
2025-04-04 02:00:00,0.695,0.6959,0.6959,20250400,20250500,20250500
2025-04-04 03:00:00,0.6967,0.6977,0.6977,20250400,20250500,20250500
2025-04-04 04:00:00,0.6958,0.6969,0.6969,20250400,20250500,20250500
2025-04-04 05:00:00,0.6902,0.6995,0.6995,20250400,20250500,20250500
2025-04-04 06:00:00,0.6967,0.6977,0.6977,20250400,20250500,20250500
2025-04-04 07:00:00,0.694,0.6949,0.6949,20250400,20250500,20250500
2025-04-04 08:00:00,0.6931,0.694,0.694,20250400,20250500,20250500
2025-04-04 09:00:00,0.693,0.694,0.694,20250400,20250500,20250500
2025-04-04 10:00:00,0.6903,0.6914,0.6914,20250400,20250500,20250500
2025-04-04 11:00:00,0.6912,0.6925,0.6925,20250400,20250500,20250500
2025-04-04 12:00:00,0.6909,0.6919,0.6919,20250400,20250500,20250500
2025-04-04 13:00:00,0.6872,0.6883,0.6883,20250400,20250500,20250500
2025-04-04 14:00:00,0.6856,0.6864,0.6864,20250400,20250500,20250500
2025-04-04 15:00:00,0.6868,0.6877,0.6877,20250400,20250500,20250500
2025-04-04 16:00:00,0.6848,0.6858,0.6858,20250400,20250500,20250500
2025-04-04 17:00:00,0.6847,0.6857,0.6857,20250400,20250500,20250500
2025-04-04 18:00:00,0.6842,0.6861,0.6861,20250400,20250500,20250500
2025-04-04 19:00:00,0.6851,0.6858,0.6858,20250400,20250500,20250500
2025-04-04 20:00:00,0.6859,0.6859,0.6859,20250400,20250500,20250500
2025-04-06 23:00:00,0.685,,,20250400,20250500,20250500
2025-04-07 00:00:00,0.681,0.6821,0.6821,20250400,20250500,20250500
2025-04-07 01:00:00,0.6821,0.6831,0.6831,20250500,20250600,20250600
2025-04-07 02:00:00,0.6821,0.684,0.684,20250500,20250600,20250600
2025-04-07 03:00:00,0.6833,0.6844,0.6844,20250500,20250600,20250600
2025-04-07 04:00:00,0.6845,0.685,0.685,20250500,20250600,20250600
2025-04-07 05:00:00,0.6843,0.6854,0.6854,20250500,20250600,20250600
2025-04-07 06:00:00,0.684,0.6842,0.6842,20250500,20250600,20250600
2025-04-07 07:00:00,0.6838,0.6837,0.6837,20250500,20250600,20250600
2025-04-07 08:00:00,0.6845,0.6842,0.6842,20250500,20250600,20250600
2025-04-07 09:00:00,0.6833,0.6838,0.6838,20250500,20250600,20250600
2025-04-07 10:00:00,0.6842,0.6853,0.6853,20250500,20250600,20250600
2025-04-07 11:00:00,0.6838,0.6856,0.6856,20250500,20250600,20250600
2025-04-07 12:00:00,0.6848,,,20250500,20250600,20250600
2025-04-07 13:00:00,0.6847,,,20250500,20250600,20250600
2025-04-07 14:00:00,0.6847,,,20250500,20250600,20250600
2025-04-07 15:00:00,0.6818,,,20250500,20250600,20250600
2025-04-07 16:00:00,0.6815,,,20250500,20250600,20250600
2025-04-07 17:00:00,0.6815,,,20250500,20250600,20250600
2025-04-07 18:00:00,0.6813,,,20250500,20250600,20250600
2025-04-07 20:00:00,0.6817,,,20250500,20250600,20250600
2025-04-07 23:00:00,0.6833,,,20250500,20250600,20250600
2025-04-08 00:00:00,0.6818,,,20250500,20250600,20250600
2025-04-08 01:00:00,0.6815,0.6828,0.6828,20250500,20250600,20250600
2025-04-08 02:00:00,0.6823,,,20250500,20250600,20250600
2025-04-08 03:00:00,0.6814,0.6825,0.6825,20250500,20250600,20250600
2025-04-08 04:00:00,0.6809,0.6816,0.6816,20250500,20250600,20250600
2025-04-08 05:00:00,0.677,0.6816,0.6816,20250500,20250600,20250600
2025-04-08 06:00:00,0.6806,,,20250500,20250600,20250600
2025-04-08 07:00:00,0.6784,,,20250500,20250600,20250600
2025-04-08 08:00:00,0.6776,,,20250500,20250600,20250600
2025-04-08 09:00:00,0.6771,0.678,0.678,20250500,20250600,20250600
2025-04-08 10:00:00,0.6763,0.6776,0.6776,20250500,20250600,20250600
2025-04-08 11:00:00,0.6773,,,20250500,20250600,20250600
2025-04-08 12:00:00,0.6777,,,20250500,20250600,20250600
2025-04-08 13:00:00,0.6808,,,20250500,20250600,20250600
2025-04-08 14:00:00,0.6788,,,20250500,20250600,20250600
2025-04-08 15:00:00,0.677,,,20250500,20250600,20250600
2025-04-08 16:00:00,0.6769,,,20250500,20250600,20250600
2025-04-08 17:00:00,0.676,,,20250500,20250600,20250600
2025-04-08 18:00:00,0.6739,,,20250500,20250600,20250600
2025-04-08 19:00:00,0.6751,,,20250500,20250600,20250600
2025-04-08 20:00:00,0.6744,,,20250500,20250600,20250600
2025-04-09 00:00:00,0.6757,0.6845,0.6845,20250500,20250600,20250600
2025-04-09 01:00:00,0.6762,,,20250500,20250600,20250600
2025-04-09 02:00:00,0.6761,,,20250500,20250600,20250600
2025-04-09 03:00:00,0.6744,,,20250500,20250600,20250600
2025-04-09 04:00:00,0.675,,,20250500,20250600,20250600
2025-04-09 05:00:00,0.6764,0.6784,0.6784,20250500,20250600,20250600
2025-04-09 06:00:00,0.6769,,,20250500,20250600,20250600
2025-04-09 07:00:00,0.6792,0.6786,0.6786,20250500,20250600,20250600
2025-04-09 08:00:00,0.6773,,,20250500,20250600,20250600
2025-04-09 09:00:00,0.6789,,,20250500,20250600,20250600
2025-04-09 10:00:00,0.6782,0.6791,0.6791,20250500,20250600,20250600
2025-04-09 11:00:00,0.6781,,,20250500,20250600,20250600
2025-04-09 12:00:00,0.6785,,,20250500,20250600,20250600
2025-04-09 13:00:00,0.6802,,,20250500,20250600,20250600
2025-04-09 14:00:00,0.6801,,,20250500,20250600,20250600
2025-04-09 15:00:00,0.6801,,,20250500,20250600,20250600
2025-04-09 16:00:00,0.6812,,,20250500,20250600,20250600
2025-04-09 17:00:00,0.6922,0.684,0.684,20250500,20250600,20250600
2025-04-09 18:00:00,0.6933,,,20250500,20250600,20250600
2025-04-09 19:00:00,0.692,,,20250500,20250600,20250600
2025-04-09 20:00:00,0.694,,,20250500,20250600,20250600
2025-04-09 21:00:00,0.6921,,,20250500,20250600,20250600
2025-04-09 23:00:00,0.6923,,,20250500,20250600,20250600
2025-04-10 00:00:00,0.6874,0.6885,0.6885,20250500,20250600,20250600
2025-04-10 01:00:00,0.6868,0.6864,0.6864,20250500,20250600,20250600
2025-04-10 02:00:00,0.6878,0.6883,0.6883,20250500,20250600,20250600
2025-04-10 03:00:00,0.6875,,,20250500,20250600,20250600
2025-04-10 04:00:00,0.6862,,,20250500,20250600,20250600
2025-04-10 05:00:00,0.6877,0.6888,0.6888,20250500,20250600,20250600
2025-04-10 06:00:00,0.6867,,,20250500,20250600,20250600
2025-04-10 07:00:00,0.6858,,,20250500,20250600,20250600
2025-04-10 08:00:00,0.684,,,20250500,20250600,20250600
2025-04-10 09:00:00,0.685,,,20250500,20250600,20250600
2025-04-10 10:00:00,0.6883,,,20250500,20250600,20250600
2025-04-10 11:00:00,0.6882,,,20250500,20250600,20250600
2025-04-10 12:00:00,0.6882,,,20250500,20250600,20250600
2025-04-10 13:00:00,0.6884,,,20250500,20250600,20250600
2025-04-10 14:00:00,0.6918,,,20250500,20250600,20250600
2025-04-10 15:00:00,0.6904,,,20250500,20250600,20250600
2025-04-10 16:00:00,0.6885,,,20250500,20250600,20250600
2025-04-10 17:00:00,0.6899,,,20250500,20250600,20250600
2025-04-10 18:00:00,0.6907,,,20250500,20250600,20250600
2025-04-10 19:00:00,0.6896,,,20250500,20250600,20250600
2025-04-10 20:00:00,0.69,,,20250500,20250600,20250600
2025-04-11 00:00:00,0.6906,0.692,0.692,20250500,20250600,20250600
2025-04-11 01:00:00,0.6906,,,20250500,20250600,20250600
2025-04-11 02:00:00,0.6895,,,20250500,20250600,20250600
2025-04-11 03:00:00,0.6901,,,20250500,20250600,20250600
2025-04-11 04:00:00,0.6914,,,20250500,20250600,20250600
2025-04-11 05:00:00,0.6914,0.7011,0.7011,20250500,20250600,20250600
2025-04-11 06:00:00,0.6912,,,20250500,20250600,20250600
2025-04-11 07:00:00,0.6975,,,20250500,20250600,20250600
2025-04-11 08:00:00,0.6985,0.7006,0.7006,20250500,20250600,20250600
2025-04-11 09:00:00,0.701,0.7006,0.7006,20250500,20250600,20250600
2025-04-11 10:00:00,0.6988,0.7013,0.7013,20250500,20250600,20250600
2025-04-11 11:00:00,0.7004,0.7013,0.7013,20250500,20250600,20250600
2025-04-11 12:00:00,0.7,0.701,0.701,20250500,20250600,20250600
2025-04-11 13:00:00,0.7019,,,20250500,20250600,20250600
2025-04-11 14:00:00,0.7024,0.705,0.705,20250500,20250600,20250600
2025-04-11 15:00:00,0.7058,,,20250500,20250600,20250600
2025-04-11 16:00:00,0.7054,,,20250500,20250600,20250600
2025-04-11 17:00:00,0.705,,,20250500,20250600,20250600
2025-04-11 18:00:00,0.705,,,20250500,20250600,20250600
2025-04-11 19:00:00,0.706,,,20250500,20250600,20250600
2025-04-11 20:00:00,0.7047,,,20250500,20250600,20250600
2025-04-14 00:00:00,0.7017,0.703,0.703,20250500,20250600,20250600
2025-04-14 01:00:00,0.6999,0.7012,0.7012,20250500,20250600,20250600
2025-04-14 02:00:00,0.7014,0.7031,0.7031,20250500,20250600,20250600
2025-04-14 03:00:00,0.7012,0.7033,0.7033,20250500,20250600,20250600
2025-04-14 04:00:00,0.7022,0.7037,0.7037,20250500,20250600,20250600
2025-04-14 05:00:00,0.7022,0.7032,0.7032,20250500,20250600,20250600
2025-04-14 06:00:00,0.7069,0.7085,0.7085,20250500,20250600,20250600
2025-04-14 07:00:00,0.7058,0.708,0.708,20250500,20250600,20250600
2025-04-14 08:00:00,0.7061,0.7075,0.7075,20250500,20250600,20250600
2025-04-14 09:00:00,0.7043,0.7064,0.7064,20250500,20250600,20250600
2025-04-14 10:00:00,0.7049,0.7058,0.7058,20250500,20250600,20250600
2025-04-14 11:00:00,0.7051,0.7073,0.7073,20250500,20250600,20250600
2025-04-14 12:00:00,0.702,,,20250500,20250600,20250600
2025-04-14 13:00:00,0.7038,0.704,0.704,20250500,20250600,20250600
2025-04-14 14:00:00,0.705,,,20250500,20250600,20250600
2025-04-14 15:00:00,0.704,,,20250500,20250600,20250600
2025-04-14 16:00:00,0.7047,,,20250500,20250600,20250600
2025-04-14 17:00:00,0.7056,,,20250500,20250600,20250600
2025-04-14 18:00:00,0.7059,0.7062,0.7062,20250500,20250600,20250600
2025-04-14 19:00:00,0.7056,,,20250500,20250600,20250600
2025-04-14 20:00:00,0.7047,,,20250500,20250600,20250600
2025-04-14 23:00:00,0.7054,,,20250500,20250600,20250600
2025-04-15 00:00:00,0.7022,,,20250500,20250600,20250600
2025-04-15 01:00:00,0.7032,,,20250500,20250600,20250600
2025-04-15 02:00:00,0.7047,,,20250500,20250600,20250600
2025-04-15 03:00:00,0.7047,0.7069,0.7069,20250500,20250600,20250600
2025-04-15 04:00:00,0.7056,,,20250500,20250600,20250600
2025-04-15 05:00:00,0.7017,0.7051,0.7051,20250500,20250600,20250600
2025-04-15 06:00:00,0.7021,0.704,0.704,20250500,20250600,20250600
2025-04-15 07:00:00,0.7021,,,20250500,20250600,20250600
2025-04-15 08:00:00,0.7009,,,20250500,20250600,20250600
2025-04-15 09:00:00,0.7015,,,20250500,20250600,20250600
2025-04-15 10:00:00,0.702,,,20250500,20250600,20250600
2025-04-15 11:00:00,0.7025,0.704,0.704,20250500,20250600,20250600
2025-04-15 12:00:00,0.7028,,,20250500,20250600,20250600
2025-04-15 13:00:00,0.7018,,,20250500,20250600,20250600
2025-04-15 14:00:00,0.7028,,,20250500,20250600,20250600
2025-04-15 15:00:00,0.7019,0.704,0.704,20250500,20250600,20250600
2025-04-15 16:00:00,0.7019,,,20250500,20250600,20250600
2025-04-15 17:00:00,0.7016,,,20250500,20250600,20250600
2025-04-15 18:00:00,0.7015,,,20250500,20250600,20250600
2025-04-15 19:00:00,0.7014,,,20250500,20250600,20250600
2025-04-15 20:00:00,0.7018,,,20250500,20250600,20250600
2025-04-15 23:00:00,0.7027,,,20250500,20250600,20250600
2025-04-16 00:00:00,0.7006,,,20250500,20250600,20250600
2025-04-16 01:00:00,0.7015,,,20250500,20250600,20250600
2025-04-16 02:00:00,0.7015,,,20250500,20250600,20250600
2025-04-16 03:00:00,0.7019,,,20250500,20250600,20250600
2025-04-16 04:00:00,0.7023,,,20250500,20250600,20250600
2025-04-16 05:00:00,0.7063,0.7075,0.7075,20250500,20250600,20250600
2025-04-16 06:00:00,0.7026,0.7037,0.7037,20250500,20250600,20250600
2025-04-16 07:00:00,0.7037,,,20250500,20250600,20250600
2025-04-16 08:00:00,0.7048,0.7061,0.7061,20250500,20250600,20250600
2025-04-16 09:00:00,0.7055,0.706,0.706,20250500,20250600,20250600
2025-04-16 10:00:00,0.707,,,20250500,20250600,20250600
2025-04-16 11:00:00,0.7067,,,20250500,20250600,20250600
2025-04-16 12:00:00,0.7063,,,20250500,20250600,20250600
2025-04-16 13:00:00,0.7061,,,20250500,20250600,20250600
2025-04-16 14:00:00,0.7078,,,20250500,20250600,20250600
2025-04-16 15:00:00,0.708,0.7084,0.7084,20250500,20250600,20250600
2025-04-16 16:00:00,0.7081,,,20250500,20250600,20250600
2025-04-16 17:00:00,0.7075,0.709,0.709,20250500,20250600,20250600
2025-04-16 18:00:00,0.7075,,,20250500,20250600,20250600
2025-04-16 19:00:00,0.7083,,,20250500,20250600,20250600
2025-04-16 20:00:00,0.7072,,,20250500,20250600,20250600
2025-04-16 23:00:00,0.7072,,,20250500,20250600,20250600
2025-04-17 00:00:00,0.7045,,,20250500,20250600,20250600
2025-04-17 01:00:00,0.7044,,,20250500,20250600,20250600
2025-04-17 02:00:00,0.7063,,,20250500,20250600,20250600
2025-04-17 03:00:00,0.7058,,,20250500,20250600,20250600
2025-04-17 04:00:00,0.7064,0.7075,0.7075,20250500,20250600,20250600
2025-04-17 05:00:00,0.7056,0.7082,0.7082,20250500,20250600,20250600
2025-04-17 06:00:00,0.7066,,,20250500,20250600,20250600
2025-04-17 07:00:00,0.7067,,,20250500,20250600,20250600
2025-04-17 08:00:00,0.7065,0.7076,0.7076,20250500,20250600,20250600
2025-04-17 09:00:00,0.7072,,,20250500,20250600,20250600
2025-04-17 10:00:00,0.7069,,,20250500,20250600,20250600
2025-04-17 11:00:00,0.7071,,,20250500,20250600,20250600
2025-04-17 12:00:00,0.708,,,20250500,20250600,20250600
2025-04-17 13:00:00,0.7072,0.708,0.708,20250500,20250600,20250600
2025-04-17 14:00:00,0.7075,,,20250500,20250600,20250600
2025-04-17 15:00:00,0.7072,,,20250500,20250600,20250600
2025-04-17 16:00:00,0.7073,,,20250500,20250600,20250600
2025-04-17 17:00:00,0.707,,,20250500,20250600,20250600
2025-04-17 18:00:00,0.7071,,,20250500,20250600,20250600
2025-04-17 19:00:00,0.7062,,,20250500,20250600,20250600
2025-04-17 20:00:00,0.706,,,20250500,20250600,20250600
2025-04-17 23:00:00,0.7053,,,20250500,20250600,20250600
2025-04-18 00:00:00,0.7051,,,20250500,20250600,20250600
2025-04-18 01:00:00,0.7048,,,20250500,20250600,20250600
2025-04-18 02:00:00,0.7049,,,20250500,20250600,20250600
2025-04-18 03:00:00,0.705,,,20250500,20250600,20250600
2025-04-18 04:00:00,0.7048,,,20250500,20250600,20250600
2025-04-18 05:00:00,0.7038,0.705,0.705,20250500,20250600,20250600
2025-04-18 06:00:00,0.7044,0.7053,0.7053,20250500,20250600,20250600
2025-04-18 07:00:00,0.7035,,,20250500,20250600,20250600
2025-04-18 08:00:00,0.7035,,,20250500,20250600,20250600
2025-04-18 09:00:00,0.7035,,,20250500,20250600,20250600
2025-04-18 10:00:00,0.7042,,,20250500,20250600,20250600
2025-04-18 11:00:00,0.7036,,,20250500,20250600,20250600
2025-04-18 12:00:00,0.7041,,,20250500,20250600,20250600
2025-04-18 13:00:00,0.7037,,,20250500,20250600,20250600
2025-04-18 14:00:00,0.7042,,,20250500,20250600,20250600
2025-04-18 15:00:00,0.704,,,20250500,20250600,20250600
2025-04-18 17:00:00,0.7042,,,20250500,20250600,20250600
2025-04-18 20:00:00,0.7035,,,20250500,20250600,20250600
2025-04-20 23:00:00,0.7045,0.7056,0.7056,20250500,20250600,20250600
2025-04-21 00:00:00,0.705,0.7062,0.7062,20250500,20250600,20250600
2025-04-21 01:00:00,0.7064,0.7059,0.7059,20250500,20250600,20250600
2025-04-21 02:00:00,0.7071,0.708,0.708,20250500,20250600,20250600
2025-04-21 03:00:00,0.7073,0.7091,0.7091,20250500,20250600,20250600
2025-04-21 04:00:00,0.7059,0.7078,0.7078,20250500,20250600,20250600
2025-04-21 05:00:00,0.7056,0.7068,0.7068,20250500,20250600,20250600
2025-04-21 06:00:00,0.706,,,20250500,20250600,20250600
2025-04-21 07:00:00,0.7075,0.7086,0.7086,20250500,20250600,20250600
2025-04-21 08:00:00,0.7071,,,20250500,20250600,20250600
2025-04-21 09:00:00,0.707,,,20250500,20250600,20250600
2025-04-21 10:00:00,0.706,0.7076,0.7076,20250500,20250600,20250600
2025-04-21 11:00:00,0.7054,,,20250500,20250600,20250600
2025-04-21 12:00:00,0.7067,,,20250500,20250600,20250600
2025-04-21 13:00:00,0.7059,,,20250500,20250600,20250600
2025-04-21 14:00:00,0.7055,,,20250500,20250600,20250600
2025-04-21 15:00:00,0.7052,,,20250500,20250600,20250600
2025-04-21 16:00:00,0.7051,,,20250500,20250600,20250600
2025-04-21 17:00:00,0.7055,,,20250500,20250600,20250600
2025-04-21 18:00:00,0.7055,,,20250500,20250600,20250600
2025-04-21 19:00:00,0.7051,,,20250500,20250600,20250600
2025-04-21 20:00:00,0.7052,,,20250500,20250600,20250600
2025-04-21 23:00:00,0.7048,0.7058,0.7058,20250500,20250600,20250600
2025-04-22 00:00:00,0.7028,,,20250500,20250600,20250600
2025-04-22 01:00:00,0.7023,,,20250500,20250600,20250600
2025-04-22 02:00:00,0.7031,,,20250500,20250600,20250600
2025-04-22 03:00:00,0.7048,0.7056,0.7056,20250500,20250600,20250600
2025-04-22 04:00:00,0.7047,0.7061,0.7061,20250500,20250600,20250600
2025-04-22 05:00:00,0.7062,0.7042,0.7042,20250500,20250600,20250600
2025-04-22 06:00:00,0.7039,0.7052,0.7052,20250500,20250600,20250600
2025-04-22 07:00:00,0.703,0.7045,0.7045,20250500,20250600,20250600
2025-04-22 08:00:00,0.703,0.7044,0.7044,20250500,20250600,20250600
2025-04-22 09:00:00,0.7034,0.7047,0.7047,20250500,20250600,20250600
2025-04-22 10:00:00,0.7032,0.7045,0.7045,20250500,20250600,20250600
2025-04-22 11:00:00,0.7032,0.7042,0.7042,20250500,20250600,20250600
2025-04-22 12:00:00,0.7032,0.7042,0.7042,20250500,20250600,20250600
2025-04-22 13:00:00,0.704,0.7052,0.7052,20250500,20250600,20250600
2025-04-22 14:00:00,0.7033,0.7044,0.7044,20250500,20250600,20250600
2025-04-22 15:00:00,0.7034,0.7043,0.7043,20250500,20250600,20250600
2025-04-22 16:00:00,0.7033,0.7045,0.7045,20250500,20250600,20250600
2025-04-22 17:00:00,0.7022,0.7032,0.7032,20250500,20250600,20250600
2025-04-22 18:00:00,0.7016,0.7028,0.7028,20250500,20250600,20250600
2025-04-22 19:00:00,0.7009,,,20250500,20250600,20250600
2025-04-22 20:00:00,0.701,0.7021,0.7021,20250500,20250600,20250600
2025-04-22 23:00:00,0.7006,,,20250500,20250600,20250600
2025-04-23 00:00:00,0.7015,0.7026,0.7026,20250500,20250600,20250600
2025-04-23 01:00:00,0.7013,0.7024,0.7024,20250500,20250600,20250600
2025-04-23 02:00:00,0.7009,0.702,0.702,20250500,20250600,20250600
2025-04-23 03:00:00,0.7012,0.7024,0.7024,20250500,20250600,20250600
2025-04-23 04:00:00,0.7031,0.7036,0.7036,20250500,20250600,20250600
2025-04-23 05:00:00,0.704,0.7048,0.7048,20250500,20250600,20250600
2025-04-23 06:00:00,0.7036,0.7047,0.7047,20250500,20250600,20250600
2025-04-23 07:00:00,0.7033,0.7047,0.7047,20250500,20250600,20250600
2025-04-23 08:00:00,0.7029,0.704,0.704,20250500,20250600,20250600
2025-04-23 09:00:00,0.7048,0.7053,0.7053,20250500,20250600,20250600
2025-04-23 10:00:00,0.7042,0.7052,0.7052,20250500,20250600,20250600
2025-04-23 11:00:00,0.7042,,,20250500,20250600,20250600
2025-04-23 12:00:00,0.7046,0.7059,0.7059,20250500,20250600,20250600
2025-04-23 13:00:00,0.7033,0.7046,0.7046,20250500,20250600,20250600
2025-04-23 14:00:00,0.703,0.7046,0.7046,20250500,20250600,20250600
2025-04-23 15:00:00,0.7022,0.7034,0.7034,20250500,20250600,20250600
2025-04-23 16:00:00,0.7017,0.7025,0.7025,20250500,20250600,20250600
2025-04-23 17:00:00,0.7022,0.7031,0.7031,20250500,20250600,20250600
2025-04-23 18:00:00,0.702,0.7033,0.7033,20250500,20250600,20250600
2025-04-23 19:00:00,0.702,0.7035,0.7035,20250500,20250600,20250600
2025-04-23 20:00:00,0.7012,0.7029,0.7029,20250500,20250600,20250600
2025-04-23 23:00:00,0.7024,,,20250500,20250600,20250600
2025-04-24 00:00:00,0.7011,0.7026,0.7026,20250500,20250600,20250600
2025-04-24 01:00:00,0.7002,0.7015,0.7015,20250500,20250600,20250600
2025-04-24 02:00:00,0.7001,0.7013,0.7013,20250500,20250600,20250600
2025-04-24 03:00:00,0.7002,0.7013,0.7013,20250500,20250600,20250600
2025-04-24 04:00:00,0.7005,0.7015,0.7015,20250500,20250600,20250600
2025-04-24 05:00:00,0.6981,0.6989,0.6989,20250500,20250600,20250600
2025-04-24 06:00:00,0.6981,0.6996,0.6996,20250500,20250600,20250600
2025-04-24 07:00:00,0.6974,0.6985,0.6985,20250500,20250600,20250600
2025-04-24 08:00:00,0.6973,0.6986,0.6986,20250500,20250600,20250600
2025-04-24 09:00:00,0.6977,0.6987,0.6987,20250500,20250600,20250600
2025-04-24 10:00:00,0.6976,0.6989,0.6989,20250500,20250600,20250600
2025-04-24 11:00:00,0.6974,0.6987,0.6987,20250500,20250600,20250600
2025-04-24 12:00:00,0.6983,0.6993,0.6993,20250500,20250600,20250600
2025-04-24 13:00:00,0.6984,,,20250500,20250600,20250600
2025-04-24 14:00:00,0.6988,0.7002,0.7002,20250500,20250600,20250600
2025-04-24 15:00:00,0.6984,0.6995,0.6995,20250500,20250600,20250600
2025-04-24 16:00:00,0.6991,0.6996,0.6996,20250500,20250600,20250600
2025-04-24 17:00:00,0.6983,,,20250500,20250600,20250600
2025-04-24 18:00:00,0.7001,0.7013,0.7013,20250500,20250600,20250600
2025-04-24 19:00:00,0.7001,,,20250500,20250600,20250600
2025-04-24 20:00:00,0.6996,0.7008,0.7008,20250500,20250600,20250600
2025-04-25 00:00:00,0.6983,0.6994,0.6994,20250500,20250600,20250600
2025-04-25 01:00:00,0.6973,0.6993,0.6993,20250500,20250600,20250600
2025-04-25 02:00:00,0.6969,0.6979,0.6979,20250500,20250600,20250600
2025-04-25 03:00:00,0.6981,0.6994,0.6994,20250500,20250600,20250600
2025-04-25 04:00:00,0.6983,0.6992,0.6992,20250500,20250600,20250600
2025-04-25 05:00:00,0.6956,0.6982,0.6982,20250500,20250600,20250600
2025-04-25 06:00:00,0.697,0.6976,0.6976,20250500,20250600,20250600
2025-04-25 07:00:00,0.6969,0.698,0.698,20250500,20250600,20250600
2025-04-25 08:00:00,0.6963,0.6979,0.6979,20250500,20250600,20250600
2025-04-25 09:00:00,0.696,0.6973,0.6973,20250500,20250600,20250600
2025-04-25 10:00:00,0.6957,0.6972,0.6972,20250500,20250600,20250600
2025-04-25 11:00:00,0.6955,0.6971,0.6971,20250500,20250600,20250600
2025-04-25 12:00:00,0.6957,0.6969,0.6969,20250500,20250600,20250600
2025-04-25 13:00:00,0.6943,0.6956,0.6956,20250500,20250600,20250600
2025-04-25 14:00:00,0.6951,0.6962,0.6962,20250500,20250600,20250600
2025-04-25 15:00:00,0.695,0.6959,0.6959,20250500,20250600,20250600
2025-04-25 16:00:00,0.6947,,,20250500,20250600,20250600
2025-04-25 17:00:00,0.6947,0.6958,0.6958,20250500,20250600,20250600
2025-04-25 18:00:00,0.6951,0.6963,0.6963,20250500,20250600,20250600
2025-04-25 19:00:00,0.6953,0.6964,0.6964,20250500,20250600,20250600
2025-04-25 20:00:00,0.6963,0.6972,0.6972,20250500,20250600,20250600
2025-04-27 23:00:00,0.6949,0.698,0.698,20250500,20250600,20250600
2025-04-28 00:00:00,0.6967,0.698,0.698,20250500,20250600,20250600
2025-04-28 01:00:00,0.6954,0.6965,0.6965,20250500,20250600,20250600
2025-04-28 02:00:00,0.6948,0.6963,0.6963,20250500,20250600,20250600
2025-04-28 03:00:00,0.6946,0.6953,0.6953,20250500,20250600,20250600
2025-04-28 04:00:00,0.696,0.6959,0.6959,20250500,20250600,20250600
2025-04-28 05:00:00,0.6954,0.6965,0.6965,20250500,20250600,20250600
2025-04-28 06:00:00,0.6924,0.6935,0.6935,20250500,20250600,20250600
2025-04-28 07:00:00,0.6937,0.6949,0.6949,20250500,20250600,20250600
2025-04-28 08:00:00,0.6933,0.6945,0.6945,20250500,20250600,20250600
2025-04-28 09:00:00,0.6939,0.6951,0.6951,20250500,20250600,20250600
2025-04-28 10:00:00,0.6935,0.6952,0.6952,20250500,20250600,20250600
2025-04-28 11:00:00,0.6933,0.6943,0.6943,20250500,20250600,20250600
2025-04-28 12:00:00,0.6941,0.6952,0.6952,20250500,20250600,20250600
2025-04-28 13:00:00,0.6943,0.6955,0.6955,20250500,20250600,20250600
2025-04-28 14:00:00,0.6974,0.6983,0.6983,20250500,20250600,20250600
2025-04-28 15:00:00,0.6971,0.6979,0.6979,20250500,20250600,20250600
2025-04-28 16:00:00,0.6972,0.6984,0.6984,20250500,20250600,20250600
2025-04-28 17:00:00,0.6974,0.6985,0.6985,20250500,20250600,20250600
2025-04-28 18:00:00,0.6966,0.6982,0.6982,20250500,20250600,20250600
2025-04-28 19:00:00,0.6971,0.6983,0.6983,20250500,20250600,20250600
2025-04-28 20:00:00,0.6964,,,20250500,20250600,20250600
2025-04-29 00:00:00,0.6952,0.6967,0.6967,20250500,20250600,20250600
2025-04-29 01:00:00,0.6948,0.6959,0.6959,20250500,20250600,20250600
2025-04-29 02:00:00,0.6967,0.6976,0.6976,20250500,20250600,20250600
2025-04-29 03:00:00,0.6964,0.6975,0.6975,20250500,20250600,20250600
2025-04-29 04:00:00,0.6962,0.6971,0.6971,20250500,20250600,20250600
2025-04-29 05:00:00,0.6969,0.6981,0.6981,20250500,20250600,20250600
2025-04-29 06:00:00,0.6964,0.6982,0.6982,20250500,20250600,20250600
2025-04-29 07:00:00,0.6991,0.7002,0.7002,20250500,20250600,20250600
2025-04-29 08:00:00,0.6981,0.6995,0.6995,20250500,20250600,20250600
2025-04-29 09:00:00,0.6976,0.6988,0.6988,20250500,20250600,20250600
2025-04-29 10:00:00,0.6973,0.699,0.699,20250500,20250600,20250600
2025-04-29 11:00:00,0.6974,0.6987,0.6987,20250500,20250600,20250600
2025-04-29 12:00:00,0.6984,0.6996,0.6996,20250500,20250600,20250600
2025-04-29 13:00:00,0.6982,0.6992,0.6992,20250500,20250600,20250600
2025-04-29 14:00:00,0.6983,0.6997,0.6997,20250500,20250600,20250600
2025-04-29 15:00:00,0.699,0.7001,0.7001,20250500,20250600,20250600
2025-04-29 16:00:00,0.6983,0.6996,0.6996,20250500,20250600,20250600
2025-04-29 17:00:00,0.699,0.7,0.7,20250500,20250600,20250600
2025-04-29 18:00:00,0.6987,0.6997,0.6997,20250500,20250600,20250600
2025-04-29 19:00:00,0.6986,0.6994,0.6994,20250500,20250600,20250600
2025-04-29 20:00:00,0.6983,0.6996,0.6996,20250500,20250600,20250600
2025-04-29 23:00:00,0.6984,,,20250500,20250600,20250600
2025-04-30 00:00:00,0.7008,0.7018,0.7018,20250500,20250600,20250600
2025-04-30 01:00:00,0.6987,0.6998,0.6998,20250500,20250600,20250600
2025-04-30 02:00:00,0.7002,0.7009,0.7009,20250500,20250600,20250600
2025-04-30 03:00:00,0.7005,0.7019,0.7019,20250500,20250600,20250600
2025-04-30 04:00:00,0.7024,0.7033,0.7033,20250500,20250600,20250600
2025-04-30 05:00:00,0.7041,0.7053,0.7053,20250500,20250600,20250600
2025-04-30 06:00:00,0.7047,0.7061,0.7061,20250500,20250600,20250600
2025-04-30 07:00:00,0.7044,0.7055,0.7055,20250500,20250600,20250600
2025-04-30 08:00:00,0.7038,0.705,0.705,20250500,20250600,20250600
2025-04-30 09:00:00,0.7043,0.7054,0.7054,20250500,20250600,20250600
2025-04-30 10:00:00,0.7041,0.7053,0.7053,20250500,20250600,20250600
2025-04-30 11:00:00,0.704,0.7046,0.7046,20250500,20250600,20250600
2025-04-30 12:00:00,0.7026,0.7039,0.7039,20250500,20250600,20250600
2025-04-30 13:00:00,0.7022,0.7034,0.7034,20250500,20250600,20250600
2025-04-30 14:00:00,0.7026,0.7033,0.7033,20250500,20250600,20250600
2025-04-30 15:00:00,0.7018,0.7031,0.7031,20250500,20250600,20250600
2025-04-30 16:00:00,0.7024,0.7035,0.7035,20250500,20250600,20250600
2025-04-30 17:00:00,0.7023,0.7037,0.7037,20250500,20250600,20250600
2025-04-30 18:00:00,0.7021,0.7032,0.7032,20250500,20250600,20250600
2025-04-30 19:00:00,0.7029,0.704,0.704,20250500,20250600,20250600
2025-04-30 20:00:00,0.7021,0.7034,0.7034,20250500,20250600,20250600
2025-04-30 23:00:00,,0.7066,0.7066,20250500,20250600,20250600
2025-05-01 00:00:00,0.7039,0.7054,0.7054,20250500,20250600,20250600
2025-05-01 01:00:00,0.7026,0.7042,0.7042,20250500,20250600,20250600
2025-05-01 02:00:00,0.701,0.7023,0.7023,20250500,20250600,20250600
2025-05-01 03:00:00,0.7004,0.7017,0.7017,20250500,20250600,20250600
2025-05-01 04:00:00,0.7004,0.7016,0.7016,20250500,20250600,20250600
2025-05-01 05:00:00,0.6998,0.7006,0.7006,20250500,20250600,20250600
2025-05-01 06:00:00,0.7007,0.7015,0.7015,20250500,20250600,20250600
2025-05-01 07:00:00,0.7021,0.7013,0.7013,20250500,20250600,20250600
2025-05-01 08:00:00,0.7015,0.7027,0.7027,20250500,20250600,20250600
2025-05-01 09:00:00,0.7015,0.7024,0.7024,20250500,20250600,20250600
2025-05-01 10:00:00,0.7017,,,20250500,20250600,20250600
2025-05-01 11:00:00,0.7006,0.7024,0.7024,20250500,20250600,20250600
2025-05-01 12:00:00,0.7005,,,20250500,20250600,20250600
2025-05-01 13:00:00,0.7002,0.7013,0.7013,20250500,20250600,20250600
2025-05-01 14:00:00,0.6971,0.6981,0.6981,20250500,20250600,20250600
2025-05-01 15:00:00,0.6961,0.6972,0.6972,20250500,20250600,20250600
2025-05-01 16:00:00,0.6974,0.6976,0.6976,20250500,20250600,20250600
2025-05-01 17:00:00,0.6967,,,20250500,20250600,20250600
2025-05-01 18:00:00,0.6969,0.6981,0.6981,20250500,20250600,20250600
2025-05-01 19:00:00,0.6967,0.6978,0.6978,20250500,20250600,20250600
2025-05-01 20:00:00,0.6963,0.6985,0.6985,20250500,20250600,20250600
2025-05-01 23:00:00,0.6972,,,20250500,20250600,20250600
2025-05-02 00:00:00,0.6965,0.6977,0.6977,20250500,20250600,20250600
2025-05-02 01:00:00,0.698,0.6982,0.6982,20250500,20250600,20250600
2025-05-02 02:00:00,0.6988,0.7003,0.7003,20250500,20250600,20250600
2025-05-02 03:00:00,0.7043,0.7053,0.7053,20250500,20250600,20250600
2025-05-02 04:00:00,0.7047,0.7061,0.7061,20250500,20250600,20250600
2025-05-02 05:00:00,0.7052,0.7061,0.7061,20250500,20250600,20250600
2025-05-02 06:00:00,0.7096,0.7106,0.7106,20250500,20250600,20250600
2025-05-02 07:00:00,0.7099,0.711,0.711,20250500,20250600,20250600
2025-05-02 08:00:00,0.7107,0.7119,0.7119,20250500,20250600,20250600
2025-05-02 09:00:00,0.715,0.716,0.716,20250500,20250600,20250600
2025-05-02 10:00:00,0.7154,0.7162,0.7162,20250500,20250600,20250600
2025-05-02 11:00:00,0.7158,0.7164,0.7164,20250500,20250600,20250600
2025-05-02 12:00:00,0.7176,0.7188,0.7188,20250500,20250600,20250600
2025-05-02 13:00:00,0.7179,0.7186,0.7186,20250500,20250600,20250600
2025-05-02 14:00:00,0.7181,0.7193,0.7193,20250500,20250600,20250600
2025-05-02 15:00:00,0.7152,0.716,0.716,20250500,20250600,20250600
2025-05-02 16:00:00,0.7146,0.7166,0.7166,20250500,20250600,20250600
2025-05-02 17:00:00,0.7137,0.7151,0.7151,20250500,20250600,20250600
2025-05-02 18:00:00,0.7145,0.7156,0.7156,20250500,20250600,20250600
2025-05-02 19:00:00,0.7152,0.7165,0.7165,20250500,20250600,20250600
2025-05-02 20:00:00,0.7155,0.7166,0.7166,20250500,20250600,20250600
2025-05-04 23:00:00,0.7179,0.7191,0.7191,20250500,20250600,20250600
2025-05-05 00:00:00,0.7174,0.718,0.718,20250500,20250600,20250600
2025-05-05 01:00:00,0.7273,0.7284,0.7284,20250500,20250600,20250600
2025-05-05 02:00:00,0.7251,0.7266,0.7266,20250500,20250600,20250600
2025-05-05 03:00:00,0.7226,0.7239,0.7239,20250500,20250600,20250600
2025-05-05 04:00:00,0.7246,0.7261,0.7261,20250500,20250600,20250600
2025-05-05 05:00:00,0.7297,0.726,0.726,20250500,20250600,20250600
2025-05-05 06:00:00,0.7227,0.7238,0.7238,20250500,20250600,20250600
2025-05-05 07:00:00,0.7233,0.7245,0.7245,20250500,20250600,20250600
2025-05-05 08:00:00,0.7233,0.7242,0.7242,20250500,20250600,20250600
2025-05-05 09:00:00,0.7356,0.737,0.737,20250500,20250600,20250600
2025-05-05 10:00:00,0.729,0.7305,0.7305,20250500,20250600,20250600
2025-05-05 11:00:00,0.7307,0.7319,0.7319,20250500,20250600,20250600
2025-05-05 12:00:00,0.7295,0.7303,0.7303,20250500,20250600,20250600
2025-05-05 13:00:00,0.7269,0.7282,0.7282,20250500,20250600,20250600
2025-05-05 14:00:00,0.727,0.7283,0.7283,20250500,20250600,20250600
2025-05-05 15:00:00,0.7279,0.729,0.729,20250500,20250600,20250600
2025-05-05 16:00:00,0.7263,0.7277,0.7277,20250500,20250600,20250600
2025-05-05 17:00:00,0.7267,0.7281,0.7281,20250500,20250600,20250600
2025-05-05 18:00:00,0.7271,0.7284,0.7284,20250500,20250600,20250600
2025-05-05 19:00:00,0.7281,0.7293,0.7293,20250500,20250600,20250600
2025-05-05 20:00:00,0.728,,,20250500,20250600,20250600
2025-05-05 23:00:00,0.7307,0.7293,0.7293,20250500,20250600,20250600
2025-05-06 00:00:00,0.7232,0.7242,0.7242,20250500,20250600,20250600
2025-05-06 01:00:00,0.7218,,,20250600,20250700,20250700
2025-05-06 02:00:00,0.7225,,,20250600,20250700,20250700
2025-05-06 03:00:00,0.726,,,20250600,20250700,20250700
2025-05-06 04:00:00,0.7256,,,20250600,20250700,20250700
2025-05-06 05:00:00,0.7267,0.7283,0.7283,20250600,20250700,20250700
2025-05-06 06:00:00,0.7248,,,20250600,20250700,20250700
2025-05-06 07:00:00,0.7258,,,20250600,20250700,20250700
2025-05-06 08:00:00,0.724,,,20250600,20250700,20250700
2025-05-06 09:00:00,0.7233,,,20250600,20250700,20250700
2025-05-06 10:00:00,0.7246,,,20250600,20250700,20250700
2025-05-06 11:00:00,0.7258,,,20250600,20250700,20250700
2025-05-06 12:00:00,0.7272,,,20250600,20250700,20250700
2025-05-06 13:00:00,0.7265,,,20250600,20250700,20250700
2025-05-06 14:00:00,0.7274,,,20250600,20250700,20250700
2025-05-06 15:00:00,0.727,,,20250600,20250700,20250700
2025-05-06 16:00:00,0.7272,,,20250600,20250700,20250700
2025-05-06 17:00:00,0.7273,,,20250600,20250700,20250700
2025-05-06 18:00:00,0.7291,,,20250600,20250700,20250700
2025-05-06 19:00:00,0.7295,,,20250600,20250700,20250700
2025-05-06 20:00:00,0.7284,,,20250600,20250700,20250700
2025-05-06 23:00:00,0.7283,,,20250600,20250700,20250700
2025-05-07 00:00:00,0.7229,,,20250600,20250700,20250700
2025-05-07 01:00:00,0.7205,,,20250600,20250700,20250700
2025-05-07 02:00:00,0.7179,,,20250600,20250700,20250700
2025-05-07 03:00:00,0.7176,,,20250600,20250700,20250700
2025-05-07 04:00:00,0.7159,,,20250600,20250700,20250700
2025-05-07 05:00:00,0.7206,0.7222,0.7222,20250600,20250700,20250700
2025-05-07 06:00:00,0.7187,,,20250600,20250700,20250700
2025-05-07 07:00:00,0.7195,,,20250600,20250700,20250700
2025-05-07 08:00:00,0.72,,,20250600,20250700,20250700
2025-05-07 09:00:00,0.7193,,,20250600,20250700,20250700
2025-05-07 10:00:00,0.7197,,,20250600,20250700,20250700
2025-05-07 11:00:00,0.7206,,,20250600,20250700,20250700
2025-05-07 12:00:00,0.7209,,,20250600,20250700,20250700
2025-05-07 13:00:00,0.7205,,,20250600,20250700,20250700
2025-05-07 14:00:00,0.7206,,,20250600,20250700,20250700
2025-05-07 15:00:00,0.7196,,,20250600,20250700,20250700
2025-05-07 16:00:00,0.7208,,,20250600,20250700,20250700
2025-05-07 17:00:00,0.7197,,,20250600,20250700,20250700
2025-05-07 18:00:00,0.7182,,,20250600,20250700,20250700
2025-05-07 19:00:00,0.7198,,,20250600,20250700,20250700
2025-05-07 20:00:00,0.7173,,,20250600,20250700,20250700
2025-05-08 00:00:00,0.7182,,,20250600,20250700,20250700
2025-05-08 01:00:00,0.7172,,,20250600,20250700,20250700
2025-05-08 02:00:00,0.7178,,,20250600,20250700,20250700
2025-05-08 03:00:00,0.719,,,20250600,20250700,20250700
2025-05-08 04:00:00,0.7182,,,20250600,20250700,20250700
2025-05-08 05:00:00,0.7192,0.7174,0.7174,20250600,20250700,20250700
2025-05-08 06:00:00,0.7158,,,20250600,20250700,20250700
2025-05-08 07:00:00,0.7183,,,20250600,20250700,20250700
2025-05-08 08:00:00,0.7158,,,20250600,20250700,20250700
2025-05-08 09:00:00,0.7161,,,20250600,20250700,20250700
2025-05-08 10:00:00,0.7155,,,20250600,20250700,20250700
2025-05-08 11:00:00,0.7163,,,20250600,20250700,20250700
2025-05-08 12:00:00,0.7173,,,20250600,20250700,20250700
2025-05-08 13:00:00,0.7179,,,20250600,20250700,20250700
2025-05-08 14:00:00,0.7167,,,20250600,20250700,20250700
2025-05-08 15:00:00,0.7138,,,20250600,20250700,20250700
2025-05-08 16:00:00,0.714,,,20250600,20250700,20250700
2025-05-08 17:00:00,0.7139,,,20250600,20250700,20250700
2025-05-08 18:00:00,0.7138,,,20250600,20250700,20250700
2025-05-08 19:00:00,0.7135,,,20250600,20250700,20250700
2025-05-08 20:00:00,0.7132,,,20250600,20250700,20250700
2025-05-09 00:00:00,0.7118,,,20250600,20250700,20250700
2025-05-09 01:00:00,0.7096,,,20250600,20250700,20250700
2025-05-09 02:00:00,0.7136,,,20250600,20250700,20250700
2025-05-09 03:00:00,0.7141,,,20250600,20250700,20250700
2025-05-09 04:00:00,0.7156,,,20250600,20250700,20250700
2025-05-09 05:00:00,0.7156,0.7173,0.7173,20250600,20250700,20250700
2025-05-09 06:00:00,0.7154,,,20250600,20250700,20250700
2025-05-09 07:00:00,0.7156,,,20250600,20250700,20250700
2025-05-09 08:00:00,0.7163,,,20250600,20250700,20250700
2025-05-09 09:00:00,0.7163,,,20250600,20250700,20250700
2025-05-09 10:00:00,0.7159,,,20250600,20250700,20250700
2025-05-09 11:00:00,0.7156,,,20250600,20250700,20250700
2025-05-09 12:00:00,0.7161,,,20250600,20250700,20250700
2025-05-09 13:00:00,0.716,,,20250600,20250700,20250700
2025-05-09 14:00:00,0.7164,,,20250600,20250700,20250700
2025-05-09 15:00:00,0.7165,,,20250600,20250700,20250700
2025-05-09 16:00:00,0.7171,,,20250600,20250700,20250700
2025-05-09 18:00:00,0.7175,,,20250600,20250700,20250700
2025-05-09 19:00:00,0.7178,,,20250600,20250700,20250700
2025-05-09 20:00:00,0.7179,,,20250600,20250700,20250700
2025-05-11 23:00:00,0.7185,,,20250600,20250700,20250700
2025-05-12 00:00:00,0.7178,,,20250600,20250700,20250700
2025-05-12 01:00:00,0.7155,,,20250600,20250700,20250700
2025-05-12 02:00:00,0.714,,,20250600,20250700,20250700
2025-05-12 03:00:00,0.7141,,,20250600,20250700,20250700
2025-05-12 04:00:00,0.7138,,,20250600,20250700,20250700
2025-05-12 05:00:00,0.7157,0.7076,0.7076,20250600,20250700,20250700
2025-05-12 06:00:00,0.7141,,,20250600,20250700,20250700
2025-05-12 07:00:00,0.7073,,,20250600,20250700,20250700
2025-05-12 08:00:00,0.7067,,,20250600,20250700,20250700
2025-05-12 09:00:00,0.7063,,,20250600,20250700,20250700
2025-05-12 10:00:00,0.7048,,,20250600,20250700,20250700
2025-05-12 11:00:00,0.7062,,,20250600,20250700,20250700
2025-05-12 12:00:00,0.7073,,,20250600,20250700,20250700
2025-05-12 13:00:00,0.7066,,,20250600,20250700,20250700
2025-05-12 14:00:00,0.7072,,,20250600,20250700,20250700
2025-05-12 15:00:00,0.7065,,,20250600,20250700,20250700
2025-05-12 16:00:00,0.706,,,20250600,20250700,20250700
2025-05-12 17:00:00,0.7053,,,20250600,20250700,20250700
2025-05-12 18:00:00,0.7059,,,20250600,20250700,20250700
2025-05-12 19:00:00,0.707,,,20250600,20250700,20250700
2025-05-12 20:00:00,0.7052,,,20250600,20250700,20250700
2025-05-13 00:00:00,0.7084,,,20250600,20250700,20250700
2025-05-13 01:00:00,0.7113,,,20250600,20250700,20250700
2025-05-13 02:00:00,0.7072,,,20250600,20250700,20250700
2025-05-13 03:00:00,0.7078,,,20250600,20250700,20250700
2025-05-13 04:00:00,0.7086,,,20250600,20250700,20250700
2025-05-13 05:00:00,0.708,0.7058,0.7058,20250600,20250700,20250700
2025-05-13 06:00:00,0.7048,,,20250600,20250700,20250700
2025-05-13 07:00:00,0.7033,,,20250600,20250700,20250700
2025-05-13 08:00:00,0.7032,,,20250600,20250700,20250700
2025-05-13 09:00:00,0.7038,,,20250600,20250700,20250700
2025-05-13 10:00:00,0.7043,,,20250600,20250700,20250700
2025-05-13 11:00:00,0.7038,,,20250600,20250700,20250700
2025-05-13 12:00:00,0.7038,,,20250600,20250700,20250700
2025-05-13 13:00:00,0.7039,,,20250600,20250700,20250700
2025-05-13 14:00:00,0.7057,,,20250600,20250700,20250700
2025-05-13 15:00:00,0.7066,,,20250600,20250700,20250700
2025-05-13 16:00:00,0.7075,,,20250600,20250700,20250700
2025-05-13 17:00:00,0.7085,,,20250600,20250700,20250700
2025-05-13 18:00:00,0.709,,,20250600,20250700,20250700
2025-05-13 19:00:00,0.708,,,20250600,20250700,20250700
2025-05-13 20:00:00,0.7067,,,20250600,20250700,20250700
2025-05-13 23:00:00,0.7056,,,20250600,20250700,20250700
2025-05-14 00:00:00,0.7087,,,20250600,20250700,20250700
2025-05-14 01:00:00,0.7089,,,20250600,20250700,20250700
2025-05-14 02:00:00,0.7069,,,20250600,20250700,20250700
2025-05-14 03:00:00,0.7075,,,20250600,20250700,20250700
2025-05-14 04:00:00,0.7074,,,20250600,20250700,20250700
2025-05-14 05:00:00,0.7163,0.7188,0.7188,20250600,20250700,20250700
2025-05-14 06:00:00,0.7054,,,20250600,20250700,20250700
2025-05-14 07:00:00,0.708,,,20250600,20250700,20250700
2025-05-14 08:00:00,0.7182,,,20250600,20250700,20250700
2025-05-14 09:00:00,0.7177,,,20250600,20250700,20250700
2025-05-14 10:00:00,0.7185,,,20250600,20250700,20250700
2025-05-14 11:00:00,0.7172,,,20250600,20250700,20250700
2025-05-14 12:00:00,0.7172,,,20250600,20250700,20250700
2025-05-14 13:00:00,0.717,,,20250600,20250700,20250700
2025-05-14 14:00:00,0.718,,,20250600,20250700,20250700
2025-05-14 15:00:00,0.716,,,20250600,20250700,20250700
2025-05-14 16:00:00,0.7145,,,20250600,20250700,20250700
2025-05-14 17:00:00,0.7143,,,20250600,20250700,20250700
2025-05-14 18:00:00,0.7127,,,20250600,20250700,20250700
2025-05-14 19:00:00,0.712,,,20250600,20250700,20250700
2025-05-14 20:00:00,0.7116,,,20250600,20250700,20250700
2025-05-14 23:00:00,0.722,,,20250600,20250700,20250700
2025-05-15 00:00:00,0.7147,,,20250600,20250700,20250700
2025-05-15 01:00:00,0.7143,,,20250600,20250700,20250700
2025-05-15 02:00:00,0.7178,,,20250600,20250700,20250700
2025-05-15 03:00:00,0.7187,,,20250600,20250700,20250700
2025-05-15 04:00:00,0.718,,,20250600,20250700,20250700
2025-05-15 05:00:00,0.7165,0.7184,0.7184,20250600,20250700,20250700
2025-05-15 06:00:00,0.7195,,,20250600,20250700,20250700
2025-05-15 07:00:00,0.7145,,,20250600,20250700,20250700
2025-05-15 08:00:00,0.7172,,,20250600,20250700,20250700
2025-05-15 09:00:00,0.7168,,,20250600,20250700,20250700
2025-05-15 10:00:00,0.7173,,,20250600,20250700,20250700
2025-05-15 11:00:00,0.7166,,,20250600,20250700,20250700
2025-05-15 12:00:00,0.718,,,20250600,20250700,20250700
2025-05-15 13:00:00,0.7179,,,20250600,20250700,20250700
2025-05-15 14:00:00,0.7164,,,20250600,20250700,20250700
2025-05-15 15:00:00,0.7169,,,20250600,20250700,20250700
2025-05-15 16:00:00,0.7169,,,20250600,20250700,20250700
2025-05-15 17:00:00,0.7174,,,20250600,20250700,20250700
2025-05-15 18:00:00,0.7173,,,20250600,20250700,20250700
2025-05-15 19:00:00,0.7157,,,20250600,20250700,20250700
2025-05-15 20:00:00,0.7165,,,20250600,20250700,20250700
2025-05-16 00:00:00,0.7172,,,20250600,20250700,20250700
2025-05-16 01:00:00,0.7175,,,20250600,20250700,20250700
2025-05-16 02:00:00,0.7173,,,20250600,20250700,20250700
2025-05-16 03:00:00,0.7198,,,20250600,20250700,20250700
2025-05-16 04:00:00,0.7193,,,20250600,20250700,20250700
2025-05-16 05:00:00,0.7174,0.7273,0.7273,20250600,20250700,20250700
2025-05-16 06:00:00,0.7206,0.7262,0.7262,20250600,20250700,20250700
2025-05-16 07:00:00,0.7189,0.7262,0.7262,20250600,20250700,20250700
2025-05-16 08:00:00,0.7181,0.7195,0.7195,20250600,20250700,20250700
2025-05-16 09:00:00,0.7175,0.719,0.719,20250600,20250700,20250700
2025-05-16 10:00:00,0.7179,,,20250600,20250700,20250700
2025-05-16 11:00:00,0.7176,,,20250600,20250700,20250700
2025-05-16 12:00:00,0.7168,,,20250600,20250700,20250700
2025-05-16 13:00:00,0.7168,,,20250600,20250700,20250700
2025-05-16 14:00:00,0.7152,,,20250600,20250700,20250700
2025-05-16 15:00:00,0.7152,0.7161,0.7161,20250600,20250700,20250700
2025-05-16 16:00:00,0.7154,,,20250600,20250700,20250700
2025-05-16 17:00:00,0.7154,,,20250600,20250700,20250700
2025-05-16 18:00:00,0.7158,,,20250600,20250700,20250700
2025-05-16 19:00:00,0.7166,,,20250600,20250700,20250700
2025-05-16 20:00:00,0.7165,,,20250600,20250700,20250700
2025-05-18 23:00:00,0.7155,,,20250600,20250700,20250700
2025-05-19 00:00:00,0.7181,0.7182,0.7182,20250600,20250700,20250700
2025-05-19 01:00:00,0.7161,,,20250600,20250700,20250700
2025-05-19 02:00:00,0.716,0.7182,0.7182,20250600,20250700,20250700
2025-05-19 03:00:00,0.7166,0.7182,0.7182,20250600,20250700,20250700
2025-05-19 04:00:00,0.7166,0.7182,0.7182,20250600,20250700,20250700
2025-05-19 05:00:00,0.7208,0.7182,0.7182,20250600,20250700,20250700
2025-05-19 06:00:00,0.7187,0.7182,0.7182,20250600,20250700,20250700
2025-05-19 07:00:00,0.7209,0.7182,0.7182,20250600,20250700,20250700
2025-05-19 08:00:00,0.721,0.7182,0.7182,20250600,20250700,20250700
2025-05-19 09:00:00,0.7215,0.7182,0.7182,20250600,20250700,20250700
2025-05-19 10:00:00,0.721,0.7225,0.7225,20250600,20250700,20250700
2025-05-19 11:00:00,0.72,,,20250600,20250700,20250700
2025-05-19 12:00:00,0.7191,0.7211,0.7211,20250600,20250700,20250700
2025-05-19 13:00:00,0.7198,0.7209,0.7209,20250600,20250700,20250700
2025-05-19 14:00:00,0.7208,,,20250600,20250700,20250700
2025-05-19 15:00:00,0.7214,,,20250600,20250700,20250700
2025-05-19 16:00:00,0.7209,,,20250600,20250700,20250700
2025-05-19 17:00:00,0.7205,,,20250600,20250700,20250700
2025-05-19 18:00:00,0.7205,,,20250600,20250700,20250700
2025-05-19 19:00:00,0.7206,,,20250600,20250700,20250700
2025-05-19 20:00:00,0.7211,,,20250600,20250700,20250700
2025-05-19 23:00:00,0.7212,0.7228,0.7228,20250600,20250700,20250700
2025-05-20 00:00:00,0.7199,0.7215,0.7215,20250600,20250700,20250700
2025-05-20 01:00:00,0.7191,0.7216,0.7216,20250600,20250700,20250700
2025-05-20 02:00:00,0.7178,0.7194,0.7194,20250600,20250700,20250700
2025-05-20 03:00:00,0.7181,0.7198,0.7198,20250600,20250700,20250700
2025-05-20 04:00:00,0.7192,0.7204,0.7204,20250600,20250700,20250700
2025-05-20 05:00:00,0.7204,0.7217,0.7217,20250600,20250700,20250700
2025-05-20 06:00:00,0.72,0.7217,0.7217,20250600,20250700,20250700
2025-05-20 07:00:00,0.7198,0.7216,0.7216,20250600,20250700,20250700
2025-05-20 08:00:00,0.7196,0.7211,0.7211,20250600,20250700,20250700
2025-05-20 09:00:00,0.7191,0.7208,0.7208,20250600,20250700,20250700
2025-05-20 10:00:00,0.7179,0.7196,0.7196,20250600,20250700,20250700
2025-05-20 11:00:00,0.7184,0.7202,0.7202,20250600,20250700,20250700
2025-05-20 12:00:00,0.7184,0.7204,0.7204,20250600,20250700,20250700
2025-05-20 13:00:00,0.7185,0.72,0.72,20250600,20250700,20250700
2025-05-20 14:00:00,0.7193,0.7211,0.7211,20250600,20250700,20250700
2025-05-20 15:00:00,0.719,0.7208,0.7208,20250600,20250700,20250700
2025-05-20 16:00:00,0.7189,0.72,0.72,20250600,20250700,20250700
2025-05-20 17:00:00,0.7187,,,20250600,20250700,20250700
2025-05-20 18:00:00,0.7183,0.7204,0.7204,20250600,20250700,20250700
2025-05-20 19:00:00,0.7188,0.7202,0.7202,20250600,20250700,20250700
2025-05-20 20:00:00,0.7192,,,20250600,20250700,20250700
2025-05-20 23:00:00,0.72,0.7214,0.7214,20250600,20250700,20250700
2025-05-21 00:00:00,0.7213,0.7229,0.7229,20250600,20250700,20250700
2025-05-21 01:00:00,0.7221,0.7234,0.7234,20250600,20250700,20250700
2025-05-21 02:00:00,0.723,0.7246,0.7246,20250600,20250700,20250700
2025-05-21 03:00:00,0.7235,0.7248,0.7248,20250600,20250700,20250700
2025-05-21 04:00:00,0.7228,0.7243,0.7243,20250600,20250700,20250700
2025-05-21 05:00:00,0.7223,0.7242,0.7242,20250600,20250700,20250700
2025-05-21 06:00:00,0.7225,0.7237,0.7237,20250600,20250700,20250700
2025-05-21 07:00:00,0.722,0.7236,0.7236,20250600,20250700,20250700
2025-05-21 08:00:00,0.7216,0.7233,0.7233,20250600,20250700,20250700
2025-05-21 09:00:00,0.7216,0.7233,0.7233,20250600,20250700,20250700
2025-05-21 10:00:00,0.7282,0.7299,0.7299,20250600,20250700,20250700
2025-05-21 11:00:00,0.7271,0.7288,0.7288,20250600,20250700,20250700
2025-05-21 12:00:00,0.7305,0.7321,0.7321,20250600,20250700,20250700
2025-05-21 13:00:00,0.7301,0.7316,0.7316,20250600,20250700,20250700
2025-05-21 14:00:00,0.731,0.7328,0.7328,20250600,20250700,20250700
2025-05-21 15:00:00,0.7304,0.732,0.732,20250600,20250700,20250700
2025-05-21 16:00:00,0.7306,0.7322,0.7322,20250600,20250700,20250700
2025-05-21 17:00:00,0.7312,0.7327,0.7327,20250600,20250700,20250700
2025-05-21 18:00:00,0.7309,0.7333,0.7333,20250600,20250700,20250700
2025-05-21 19:00:00,0.7291,0.7306,0.7306,20250600,20250700,20250700
2025-05-21 20:00:00,0.7279,0.7298,0.7298,20250600,20250700,20250700
2025-05-21 23:00:00,0.727,0.7286,0.7286,20250600,20250700,20250700
2025-05-22 00:00:00,0.7276,0.7284,0.7284,20250600,20250700,20250700
2025-05-22 01:00:00,0.7275,0.7284,0.7284,20250600,20250700,20250700
2025-05-22 02:00:00,0.7262,0.7281,0.7281,20250600,20250700,20250700
2025-05-22 03:00:00,0.7254,0.7274,0.7274,20250600,20250700,20250700
2025-05-22 04:00:00,0.7254,0.7271,0.7271,20250600,20250700,20250700
2025-05-22 05:00:00,0.7249,0.728,0.728,20250600,20250700,20250700
2025-05-22 06:00:00,0.726,0.7277,0.7277,20250600,20250700,20250700
2025-05-22 07:00:00,0.7258,0.7271,0.7271,20250600,20250700,20250700
2025-05-22 08:00:00,0.7236,0.7251,0.7251,20250600,20250700,20250700
2025-05-22 09:00:00,0.7231,0.7249,0.7249,20250600,20250700,20250700
2025-05-22 10:00:00,0.7236,0.7254,0.7254,20250600,20250700,20250700
2025-05-22 11:00:00,0.7251,0.7266,0.7266,20250600,20250700,20250700
2025-05-22 12:00:00,0.725,0.7268,0.7268,20250600,20250700,20250700
2025-05-22 13:00:00,0.7249,0.7266,0.7266,20250600,20250700,20250700
2025-05-22 14:00:00,0.7252,0.7264,0.7264,20250600,20250700,20250700
2025-05-22 15:00:00,0.7246,0.7265,0.7265,20250600,20250700,20250700
2025-05-22 16:00:00,0.7244,0.7263,0.7263,20250600,20250700,20250700
2025-05-22 17:00:00,0.7244,0.7257,0.7257,20250600,20250700,20250700
2025-05-22 18:00:00,0.7243,,,20250600,20250700,20250700
2025-05-22 19:00:00,0.7242,,,20250600,20250700,20250700
2025-05-22 20:00:00,0.7226,0.7241,0.7241,20250600,20250700,20250700
2025-05-22 21:00:00,0.7214,0.724,0.724,20250600,20250700,20250700
2025-05-22 23:00:00,0.7235,,,20250600,20250700,20250700
2025-05-23 00:00:00,0.7257,0.7281,0.7281,20250600,20250700,20250700
2025-05-23 01:00:00,0.7276,0.7292,0.7292,20250600,20250700,20250700
2025-05-23 02:00:00,0.7278,,,20250600,20250700,20250700
2025-05-23 03:00:00,0.729,0.7304,0.7304,20250600,20250700,20250700
2025-05-23 04:00:00,0.7286,,,20250600,20250700,20250700
2025-05-23 05:00:00,0.7314,0.7332,0.7332,20250600,20250700,20250700
2025-05-23 06:00:00,0.7296,0.7315,0.7315,20250600,20250700,20250700
2025-05-23 07:00:00,0.7328,0.7347,0.7347,20250600,20250700,20250700
2025-05-23 08:00:00,0.7321,0.7339,0.7339,20250600,20250700,20250700
2025-05-23 09:00:00,0.7322,0.7345,0.7345,20250600,20250700,20250700
2025-05-23 10:00:00,0.7311,0.7331,0.7331,20250600,20250700,20250700
2025-05-23 11:00:00,0.7281,0.7297,0.7297,20250600,20250700,20250700
2025-05-23 12:00:00,0.7319,0.7341,0.7341,20250600,20250700,20250700
2025-05-23 13:00:00,0.7306,0.7324,0.7324,20250600,20250700,20250700
2025-05-23 14:00:00,0.7325,0.734,0.734,20250600,20250700,20250700
2025-05-23 15:00:00,0.7337,0.7355,0.7355,20250600,20250700,20250700
2025-05-23 16:00:00,0.7336,0.7354,0.7354,20250600,20250700,20250700
2025-05-23 17:00:00,0.7338,0.7353,0.7353,20250600,20250700,20250700
2025-05-23 18:00:00,0.7329,0.7347,0.7347,20250600,20250700,20250700
2025-05-23 19:00:00,0.7333,0.7351,0.7351,20250600,20250700,20250700
2025-05-23 20:00:00,0.7342,0.7357,0.7357,20250600,20250700,20250700
2025-05-25 23:00:00,0.7323,0.7344,0.7344,20250600,20250700,20250700
2025-05-26 00:00:00,0.7322,0.7336,0.7336,20250600,20250700,20250700
2025-05-26 01:00:00,0.7357,0.737,0.737,20250600,20250700,20250700
2025-05-26 02:00:00,0.7352,0.7371,0.7371,20250600,20250700,20250700
2025-05-26 03:00:00,0.7348,0.7367,0.7367,20250600,20250700,20250700
2025-05-26 04:00:00,0.7345,0.7367,0.7367,20250600,20250700,20250700
2025-05-26 05:00:00,0.7314,0.7362,0.7362,20250600,20250700,20250700
2025-05-26 06:00:00,0.7339,0.7358,0.7358,20250600,20250700,20250700
2025-05-26 07:00:00,0.7322,0.734,0.734,20250600,20250700,20250700
2025-05-26 08:00:00,0.7306,0.7324,0.7324,20250600,20250700,20250700
2025-05-26 09:00:00,0.7312,0.7329,0.7329,20250600,20250700,20250700
2025-05-26 10:00:00,0.7313,0.7329,0.7329,20250600,20250700,20250700
2025-05-26 11:00:00,0.7315,0.7329,0.7329,20250600,20250700,20250700
2025-05-26 12:00:00,0.731,0.7327,0.7327,20250600,20250700,20250700
2025-05-26 13:00:00,0.7311,,,20250600,20250700,20250700
2025-05-26 14:00:00,0.7311,,,20250600,20250700,20250700
2025-05-26 15:00:00,0.7311,0.7329,0.7329,20250600,20250700,20250700
2025-05-26 16:00:00,0.7311,,,20250600,20250700,20250700
2025-05-26 18:00:00,0.7312,0.7329,0.7329,20250600,20250700,20250700
2025-05-26 19:00:00,0.7313,0.7329,0.7329,20250600,20250700,20250700
2025-05-26 23:00:00,0.7319,,,20250600,20250700,20250700
2025-05-27 00:00:00,0.7333,0.7351,0.7351,20250600,20250700,20250700
2025-05-27 01:00:00,0.732,0.7331,0.7331,20250600,20250700,20250700
2025-05-27 02:00:00,0.7321,0.7343,0.7343,20250600,20250700,20250700
2025-05-27 03:00:00,0.7322,0.7338,0.7338,20250600,20250700,20250700
2025-05-27 04:00:00,0.7308,0.7325,0.7325,20250600,20250700,20250700
2025-05-27 05:00:00,0.7313,0.7307,0.7307,20250600,20250700,20250700
2025-05-27 06:00:00,0.7288,0.7307,0.7307,20250600,20250700,20250700
2025-05-27 07:00:00,0.7285,0.7302,0.7302,20250600,20250700,20250700
2025-05-27 08:00:00,0.7288,0.7305,0.7305,20250600,20250700,20250700
2025-05-27 09:00:00,0.7289,0.7307,0.7307,20250600,20250700,20250700
2025-05-27 10:00:00,0.7286,0.7303,0.7303,20250600,20250700,20250700
2025-05-27 11:00:00,0.7289,0.7311,0.7311,20250600,20250700,20250700
2025-05-27 12:00:00,0.7295,0.7313,0.7313,20250600,20250700,20250700
2025-05-27 13:00:00,0.7295,0.7312,0.7312,20250600,20250700,20250700
2025-05-27 14:00:00,0.7292,0.7307,0.7307,20250600,20250700,20250700
2025-05-27 15:00:00,0.7276,0.7297,0.7297,20250600,20250700,20250700
2025-05-27 16:00:00,0.7279,,,20250600,20250700,20250700
2025-05-27 17:00:00,0.728,0.7298,0.7298,20250600,20250700,20250700
2025-05-27 18:00:00,0.7281,,,20250600,20250700,20250700
2025-05-27 19:00:00,0.7284,0.7302,0.7302,20250600,20250700,20250700
2025-05-27 20:00:00,0.7284,0.7297,0.7297,20250600,20250700,20250700
2025-05-28 00:00:00,0.7294,0.7311,0.7311,20250600,20250700,20250700
2025-05-28 01:00:00,0.7277,0.7296,0.7296,20250600,20250700,20250700
2025-05-28 02:00:00,0.7272,0.7286,0.7286,20250600,20250700,20250700
2025-05-28 03:00:00,0.728,0.7294,0.7294,20250600,20250700,20250700
2025-05-28 04:00:00,0.7278,0.7294,0.7294,20250600,20250700,20250700
2025-05-28 05:00:00,0.729,0.7309,0.7309,20250600,20250700,20250700
2025-05-28 06:00:00,0.7275,0.7293,0.7293,20250600,20250700,20250700
2025-05-28 07:00:00,0.7303,0.7322,0.7322,20250600,20250700,20250700
2025-05-28 08:00:00,0.7306,0.7324,0.7324,20250600,20250700,20250700
2025-05-28 09:00:00,0.7293,0.731,0.731,20250600,20250700,20250700
2025-05-28 10:00:00,0.7291,0.7312,0.7312,20250600,20250700,20250700
2025-05-28 11:00:00,0.729,0.7309,0.7309,20250600,20250700,20250700
2025-05-28 12:00:00,0.7284,0.7304,0.7304,20250600,20250700,20250700
2025-05-28 13:00:00,0.7282,0.7299,0.7299,20250600,20250700,20250700
2025-05-28 14:00:00,0.7294,0.7313,0.7313,20250600,20250700,20250700
2025-05-28 15:00:00,0.7283,0.7301,0.7301,20250600,20250700,20250700
2025-05-28 16:00:00,0.7282,,,20250600,20250700,20250700
2025-05-28 17:00:00,0.7287,0.7305,0.7305,20250600,20250700,20250700
2025-05-28 18:00:00,0.728,0.7297,0.7297,20250600,20250700,20250700
2025-05-28 19:00:00,0.7286,0.7305,0.7305,20250600,20250700,20250700
2025-05-28 20:00:00,0.7276,0.7295,0.7295,20250600,20250700,20250700
2025-05-28 23:00:00,0.7258,0.7277,0.7277,20250600,20250700,20250700
2025-05-29 00:00:00,0.7245,0.7262,0.7262,20250600,20250700,20250700
2025-05-29 01:00:00,0.7244,0.7256,0.7256,20250600,20250700,20250700
2025-05-29 02:00:00,0.7243,0.7265,0.7265,20250600,20250700,20250700
2025-05-29 03:00:00,0.7241,0.7257,0.7257,20250600,20250700,20250700
2025-05-29 04:00:00,0.7249,0.7263,0.7263,20250600,20250700,20250700
2025-05-29 05:00:00,0.7247,0.73,0.73,20250600,20250700,20250700
2025-05-29 06:00:00,0.7272,0.7291,0.7291,20250600,20250700,20250700
2025-05-29 07:00:00,0.7311,0.7327,0.7327,20250600,20250700,20250700
2025-05-29 08:00:00,0.7276,0.7293,0.7293,20250600,20250700,20250700
2025-05-29 09:00:00,0.7282,0.73,0.73,20250600,20250700,20250700
2025-05-29 10:00:00,0.7281,0.7299,0.7299,20250600,20250700,20250700
2025-05-29 11:00:00,0.728,,,20250600,20250700,20250700
2025-05-29 12:00:00,0.7302,0.7319,0.7319,20250600,20250700,20250700
2025-05-29 13:00:00,0.7296,0.7313,0.7313,20250600,20250700,20250700
2025-05-29 14:00:00,0.7293,0.7311,0.7311,20250600,20250700,20250700
2025-05-29 15:00:00,0.7296,0.7314,0.7314,20250600,20250700,20250700
2025-05-29 16:00:00,0.7299,0.7316,0.7316,20250600,20250700,20250700
2025-05-29 17:00:00,0.7298,0.7316,0.7316,20250600,20250700,20250700
2025-05-29 18:00:00,0.7305,0.7322,0.7322,20250600,20250700,20250700
2025-05-29 19:00:00,0.7301,0.7318,0.7318,20250600,20250700,20250700
2025-05-29 20:00:00,0.7304,0.7321,0.7321,20250600,20250700,20250700
2025-05-29 23:00:00,0.7302,,,20250600,20250700,20250700
2025-05-30 00:00:00,0.7296,0.7315,0.7315,20250600,20250700,20250700
2025-05-30 01:00:00,0.7277,0.7298,0.7298,20250600,20250700,20250700
2025-05-30 02:00:00,0.728,0.7297,0.7297,20250600,20250700,20250700
2025-05-30 03:00:00,0.7269,0.7287,0.7287,20250600,20250700,20250700
2025-05-30 04:00:00,0.7259,0.7276,0.7276,20250600,20250700,20250700
2025-05-30 05:00:00,0.7255,0.7275,0.7275,20250600,20250700,20250700
2025-05-30 06:00:00,0.7264,0.7282,0.7282,20250600,20250700,20250700
2025-05-30 07:00:00,0.7251,0.7269,0.7269,20250600,20250700,20250700
2025-05-30 08:00:00,0.7251,0.7278,0.7278,20250600,20250700,20250700
2025-05-30 09:00:00,0.7257,0.7276,0.7276,20250600,20250700,20250700
2025-05-30 10:00:00,0.7254,0.727,0.727,20250600,20250700,20250700
2025-05-30 11:00:00,0.7257,0.7279,0.7279,20250600,20250700,20250700
2025-05-30 12:00:00,0.7252,0.7269,0.7269,20250600,20250700,20250700
2025-05-30 13:00:00,0.7246,0.7262,0.7262,20250600,20250700,20250700
2025-05-30 14:00:00,0.7252,0.7269,0.7269,20250600,20250700,20250700
2025-05-30 15:00:00,0.7246,0.7263,0.7263,20250600,20250700,20250700
2025-05-30 16:00:00,0.7241,0.7259,0.7259,20250600,20250700,20250700
2025-05-30 17:00:00,0.724,0.7259,0.7259,20250600,20250700,20250700
2025-05-30 18:00:00,0.7242,0.7259,0.7259,20250600,20250700,20250700
2025-05-30 19:00:00,0.7242,0.7262,0.7262,20250600,20250700,20250700
2025-05-30 20:00:00,0.7235,0.7254,0.7254,20250600,20250700,20250700
2025-06-01 23:00:00,0.7245,0.7263,0.7263,20250600,20250700,20250700
2025-06-02 00:00:00,0.7267,0.7275,0.7275,20250600,20250700,20250700
2025-06-02 01:00:00,0.7258,0.7282,0.7282,20250600,20250700,20250700
2025-06-02 02:00:00,0.7263,0.7278,0.7278,20250600,20250700,20250700
2025-06-02 03:00:00,0.7264,0.7277,0.7277,20250600,20250700,20250700
2025-06-02 04:00:00,0.7276,0.7295,0.7295,20250600,20250700,20250700
2025-06-02 05:00:00,0.7277,0.7294,0.7294,20250600,20250700,20250700
2025-06-02 06:00:00,0.7286,0.7303,0.7303,20250600,20250700,20250700
2025-06-02 07:00:00,0.7291,0.7306,0.7306,20250600,20250700,20250700
2025-06-02 08:00:00,0.7274,0.7292,0.7292,20250600,20250700,20250700
2025-06-02 09:00:00,0.7268,0.7285,0.7285,20250600,20250700,20250700
2025-06-02 10:00:00,0.7277,0.7294,0.7294,20250600,20250700,20250700
2025-06-02 11:00:00,0.7269,0.7287,0.7287,20250600,20250700,20250700
2025-06-02 12:00:00,0.7271,0.7286,0.7286,20250600,20250700,20250700
2025-06-02 13:00:00,0.7261,0.7277,0.7277,20250600,20250700,20250700
2025-06-02 14:00:00,0.7269,0.7286,0.7286,20250600,20250700,20250700
2025-06-02 15:00:00,0.7268,0.7284,0.7284,20250600,20250700,20250700
2025-06-02 16:00:00,0.7259,0.7275,0.7275,20250600,20250700,20250700
2025-06-02 17:00:00,0.7254,0.727,0.727,20250600,20250700,20250700
2025-06-02 18:00:00,0.726,0.7277,0.7277,20250600,20250700,20250700
2025-06-02 19:00:00,0.7268,0.7287,0.7287,20250600,20250700,20250700
2025-06-02 20:00:00,0.7275,,,20250600,20250700,20250700
2025-06-03 00:00:00,0.7274,0.7291,0.7291,20250600,20250700,20250700
2025-06-03 01:00:00,0.7266,0.7281,0.7281,20250600,20250700,20250700
2025-06-03 02:00:00,0.7266,0.7284,0.7284,20250600,20250700,20250700
2025-06-03 03:00:00,0.7258,0.7273,0.7273,20250600,20250700,20250700
2025-06-03 04:00:00,0.7259,,,20250600,20250700,20250700
2025-06-03 05:00:00,0.726,0.7284,0.7284,20250600,20250700,20250700
2025-06-03 06:00:00,0.728,0.7297,0.7297,20250600,20250700,20250700
2025-06-03 07:00:00,0.7264,0.7281,0.7281,20250600,20250700,20250700
2025-06-03 08:00:00,0.728,0.7296,0.7296,20250600,20250700,20250700
2025-06-03 09:00:00,0.7281,0.7299,0.7299,20250600,20250700,20250700
2025-06-03 10:00:00,0.7278,0.7296,0.7296,20250600,20250700,20250700
2025-06-03 11:00:00,0.7266,0.7282,0.7282,20250600,20250700,20250700
2025-06-03 12:00:00,0.726,0.7277,0.7277,20250600,20250700,20250700
2025-06-03 13:00:00,0.7264,0.728,0.728,20250600,20250700,20250700
2025-06-03 14:00:00,0.7265,0.7277,0.7277,20250600,20250700,20250700
2025-06-03 15:00:00,0.726,0.728,0.728,20250600,20250700,20250700
2025-06-03 16:00:00,0.7266,0.7281,0.7281,20250600,20250700,20250700
2025-06-03 17:00:00,0.7267,,,20250600,20250700,20250700
2025-06-03 18:00:00,0.7262,0.7279,0.7279,20250600,20250700,20250700
2025-06-03 19:00:00,0.7263,0.7279,0.7279,20250600,20250700,20250700
2025-06-03 20:00:00,0.7267,0.7273,0.7273,20250600,20250700,20250700
2025-06-03 23:00:00,0.7278,0.7273,0.7273,20250600,20250700,20250700
2025-06-04 00:00:00,0.7273,0.729,0.729,20250600,20250700,20250700
2025-06-04 01:00:00,0.7285,0.7303,0.7303,20250600,20250700,20250700
2025-06-04 02:00:00,0.7287,0.7306,0.7306,20250600,20250700,20250700
2025-06-04 03:00:00,0.7281,0.7297,0.7297,20250600,20250700,20250700
2025-06-04 04:00:00,0.7279,0.7296,0.7296,20250600,20250700,20250700
2025-06-04 05:00:00,0.7329,0.7297,0.7297,20250600,20250700,20250700
2025-06-04 06:00:00,0.731,0.7327,0.7327,20250600,20250700,20250700
2025-06-04 07:00:00,0.7314,0.7331,0.7331,20250600,20250700,20250700
2025-06-04 08:00:00,0.7323,0.734,0.734,20250600,20250700,20250700
2025-06-04 09:00:00,0.7332,0.7348,0.7348,20250600,20250700,20250700
2025-06-04 10:00:00,0.7337,0.7354,0.7354,20250600,20250700,20250700
2025-06-04 11:00:00,0.7324,0.734,0.734,20250600,20250700,20250700
2025-06-04 12:00:00,0.7329,0.7345,0.7345,20250600,20250700,20250700
2025-06-04 13:00:00,0.7321,0.7338,0.7338,20250600,20250700,20250700
2025-06-04 14:00:00,0.7322,0.7341,0.7341,20250600,20250700,20250700
2025-06-04 15:00:00,0.7334,0.7351,0.7351,20250600,20250700,20250700
2025-06-04 16:00:00,0.7333,0.7351,0.7351,20250600,20250700,20250700
2025-06-04 17:00:00,0.7338,0.7355,0.7355,20250600,20250700,20250700
2025-06-04 18:00:00,0.7337,0.7356,0.7356,20250600,20250700,20250700
2025-06-04 19:00:00,0.7342,0.7357,0.7357,20250600,20250700,20250700
2025-06-04 20:00:00,0.735,0.7366,0.7366,20250600,20250700,20250700
2025-06-05 00:00:00,0.7378,0.7392,0.7392,20250600,20250700,20250700
2025-06-05 01:00:00,0.7377,0.7394,0.7394,20250600,20250700,20250700
2025-06-05 02:00:00,0.7367,0.7381,0.7381,20250600,20250700,20250700
2025-06-05 03:00:00,0.7348,0.7366,0.7366,20250600,20250700,20250700
2025-06-05 04:00:00,0.7366,0.7372,0.7372,20250600,20250700,20250700
2025-06-05 05:00:00,0.7372,0.739,0.739,20250600,20250700,20250700
2025-06-05 06:00:00,0.7353,0.737,0.737,20250600,20250700,20250700
2025-06-05 07:00:00,0.7361,0.7379,0.7379,20250600,20250700,20250700
2025-06-05 08:00:00,0.7357,0.7372,0.7372,20250600,20250700,20250700
2025-06-05 09:00:00,0.7361,0.7376,0.7376,20250600,20250700,20250700
2025-06-05 10:00:00,0.7371,0.7388,0.7388,20250600,20250700,20250700
2025-06-05 11:00:00,0.7371,0.7393,0.7393,20250600,20250700,20250700
2025-06-05 12:00:00,0.7377,0.7388,0.7388,20250600,20250700,20250700
2025-06-05 13:00:00,0.7389,0.7404,0.7404,20250600,20250700,20250700
2025-06-05 14:00:00,0.738,0.7396,0.7396,20250600,20250700,20250700
2025-06-05 15:00:00,0.7382,0.7394,0.7394,20250600,20250700,20250700
2025-06-05 16:00:00,0.7381,0.74,0.74,20250600,20250700,20250700
2025-06-05 17:00:00,0.7386,0.7402,0.7402,20250600,20250700,20250700
2025-06-05 18:00:00,0.738,0.7397,0.7397,20250600,20250700,20250700
2025-06-05 19:00:00,0.7377,0.7397,0.7397,20250600,20250700,20250700
2025-06-05 20:00:00,0.738,0.7397,0.7397,20250600,20250700,20250700
2025-06-05 23:00:00,0.7382,,,20250600,20250700,20250700
2025-06-06 00:00:00,0.7382,0.7403,0.7403,20250600,20250700,20250700
2025-06-06 01:00:00,0.7387,,,20250700,20250800,20250800
2025-06-06 02:00:00,0.7385,,,20250700,20250800,20250800
2025-06-06 03:00:00,0.7413,,,20250700,20250800,20250800
2025-06-06 04:00:00,0.7387,,,20250700,20250800,20250800
2025-06-06 05:00:00,0.7388,0.7402,0.7402,20250700,20250800,20250800
2025-06-06 06:00:00,0.739,,,20250700,20250800,20250800
2025-06-06 07:00:00,0.7395,,,20250700,20250800,20250800
2025-06-06 08:00:00,0.738,,,20250700,20250800,20250800
2025-06-06 09:00:00,0.7383,,,20250700,20250800,20250800
2025-06-06 10:00:00,0.7388,,,20250700,20250800,20250800
2025-06-06 11:00:00,0.738,,,20250700,20250800,20250800
2025-06-06 12:00:00,0.7378,,,20250700,20250800,20250800
2025-06-06 13:00:00,0.7372,,,20250700,20250800,20250800
2025-06-06 14:00:00,0.7366,,,20250700,20250800,20250800
2025-06-06 15:00:00,0.7367,,,20250700,20250800,20250800
2025-06-06 16:00:00,0.7367,,,20250700,20250800,20250800
2025-06-06 17:00:00,0.7368,,,20250700,20250800,20250800
2025-06-06 18:00:00,0.7367,,,20250700,20250800,20250800
2025-06-06 19:00:00,0.7372,,,20250700,20250800,20250800
2025-06-06 20:00:00,0.7376,,,20250700,20250800,20250800
2025-06-08 23:00:00,0.7377,,,20250700,20250800,20250800
2025-06-09 00:00:00,0.7356,,,20250700,20250800,20250800
2025-06-09 01:00:00,0.7383,,,20250700,20250800,20250800
2025-06-09 02:00:00,0.7387,,,20250700,20250800,20250800
2025-06-09 03:00:00,0.7393,,,20250700,20250800,20250800
2025-06-09 04:00:00,0.7379,,,20250700,20250800,20250800
2025-06-09 05:00:00,0.7401,0.7414,0.7414,20250700,20250800,20250800
2025-06-09 06:00:00,0.7397,,,20250700,20250800,20250800
2025-06-09 07:00:00,0.7411,,,20250700,20250800,20250800
2025-06-09 08:00:00,0.7408,,,20250700,20250800,20250800
2025-06-09 09:00:00,0.7408,,,20250700,20250800,20250800
2025-06-09 10:00:00,0.7403,,,20250700,20250800,20250800
2025-06-09 11:00:00,0.7393,,,20250700,20250800,20250800
2025-06-09 12:00:00,0.7382,,,20250700,20250800,20250800
2025-06-09 13:00:00,0.7389,,,20250700,20250800,20250800
2025-06-09 14:00:00,0.7389,,,20250700,20250800,20250800
2025-06-09 15:00:00,0.7399,,,20250700,20250800,20250800
2025-06-09 16:00:00,0.7406,,,20250700,20250800,20250800
2025-06-09 17:00:00,0.7406,,,20250700,20250800,20250800
2025-06-09 18:00:00,0.7407,,,20250700,20250800,20250800
2025-06-09 19:00:00,0.7403,,,20250700,20250800,20250800
2025-06-09 20:00:00,0.7399,,,20250700,20250800,20250800
2025-06-10 00:00:00,0.7399,,,20250700,20250800,20250800
2025-06-10 01:00:00,0.738,,,20250700,20250800,20250800
2025-06-10 02:00:00,0.7377,,,20250700,20250800,20250800
2025-06-10 03:00:00,0.7378,,,20250700,20250800,20250800
2025-06-10 04:00:00,0.7366,,,20250700,20250800,20250800
2025-06-10 05:00:00,0.7348,0.7351,0.7351,20250700,20250800,20250800
2025-06-10 06:00:00,0.7337,,,20250700,20250800,20250800
2025-06-10 07:00:00,0.7338,,,20250700,20250800,20250800
2025-06-10 08:00:00,0.7341,,,20250700,20250800,20250800
2025-06-10 09:00:00,0.7336,,,20250700,20250800,20250800
2025-06-10 10:00:00,0.7333,,,20250700,20250800,20250800
2025-06-10 11:00:00,0.734,,,20250700,20250800,20250800
2025-06-10 12:00:00,0.7339,,,20250700,20250800,20250800
2025-06-10 13:00:00,0.7345,,,20250700,20250800,20250800
2025-06-10 14:00:00,0.7333,,,20250700,20250800,20250800
2025-06-10 15:00:00,0.733,,,20250700,20250800,20250800
2025-06-10 16:00:00,0.7334,,,20250700,20250800,20250800
2025-06-10 18:00:00,0.7336,,,20250700,20250800,20250800
2025-06-10 19:00:00,0.7343,,,20250700,20250800,20250800
2025-06-10 20:00:00,0.7336,,,20250700,20250800,20250800
2025-06-11 00:00:00,0.735,,,20250700,20250800,20250800
2025-06-11 01:00:00,0.7311,,,20250700,20250800,20250800
2025-06-11 02:00:00,0.7316,,,20250700,20250800,20250800
2025-06-11 03:00:00,0.7319,,,20250700,20250800,20250800
2025-06-11 04:00:00,0.7319,,,20250700,20250800,20250800
2025-06-11 05:00:00,0.732,0.7309,0.7309,20250700,20250800,20250800
2025-06-11 06:00:00,0.7305,,,20250700,20250800,20250800
2025-06-11 07:00:00,0.7302,,,20250700,20250800,20250800
2025-06-11 08:00:00,0.7301,,,20250700,20250800,20250800
2025-06-11 09:00:00,0.7296,,,20250700,20250800,20250800
2025-06-11 10:00:00,0.7307,,,20250700,20250800,20250800
2025-06-11 11:00:00,0.7294,,,20250700,20250800,20250800
2025-06-11 12:00:00,0.7311,0.7328,0.7328,20250700,20250800,20250800
2025-06-11 13:00:00,0.7309,,,20250700,20250800,20250800
2025-06-11 14:00:00,0.7315,,,20250700,20250800,20250800
2025-06-11 15:00:00,0.7326,,,20250700,20250800,20250800
2025-06-11 16:00:00,0.7326,,,20250700,20250800,20250800
2025-06-11 17:00:00,0.7333,,,20250700,20250800,20250800
2025-06-11 18:00:00,0.7316,,,20250700,20250800,20250800
2025-06-11 19:00:00,0.7318,,,20250700,20250800,20250800
2025-06-11 20:00:00,0.7307,,,20250700,20250800,20250800
2025-06-11 23:00:00,0.7329,,,20250700,20250800,20250800
2025-06-12 00:00:00,0.7327,,,20250700,20250800,20250800
2025-06-12 01:00:00,0.732,,,20250700,20250800,20250800
2025-06-12 02:00:00,0.7354,,,20250700,20250800,20250800
2025-06-12 03:00:00,0.7376,,,20250700,20250800,20250800
2025-06-12 04:00:00,0.7371,0.7382,0.7382,20250700,20250800,20250800
2025-06-12 05:00:00,0.7389,0.742,0.742,20250700,20250800,20250800
2025-06-12 06:00:00,0.7379,,,20250700,20250800,20250800
2025-06-12 07:00:00,0.7376,,,20250700,20250800,20250800
2025-06-12 08:00:00,0.7401,,,20250700,20250800,20250800
2025-06-12 09:00:00,0.7397,,,20250700,20250800,20250800
2025-06-12 10:00:00,0.7411,,,20250700,20250800,20250800
2025-06-12 11:00:00,0.7402,,,20250700,20250800,20250800
2025-06-12 12:00:00,0.741,0.7413,0.7413,20250700,20250800,20250800
2025-06-12 13:00:00,0.7398,,,20250700,20250800,20250800
2025-06-12 14:00:00,0.7391,,,20250700,20250800,20250800
2025-06-12 15:00:00,0.7387,,,20250700,20250800,20250800
2025-06-12 16:00:00,0.7388,,,20250700,20250800,20250800
2025-06-12 17:00:00,0.7391,,,20250700,20250800,20250800
2025-06-12 18:00:00,0.7403,,,20250700,20250800,20250800
2025-06-12 19:00:00,0.7394,,,20250700,20250800,20250800
2025-06-12 20:00:00,0.7405,,,20250700,20250800,20250800
2025-06-12 23:00:00,0.7392,,,20250700,20250800,20250800
2025-06-13 00:00:00,0.7335,,,20250700,20250800,20250800
2025-06-13 01:00:00,0.7351,,,20250700,20250800,20250800
2025-06-13 02:00:00,0.7331,,,20250700,20250800,20250800
2025-06-13 03:00:00,0.7318,,,20250700,20250800,20250800
2025-06-13 04:00:00,0.7307,,,20250700,20250800,20250800
2025-06-13 05:00:00,0.7323,0.7326,0.7326,20250700,20250800,20250800
2025-06-13 06:00:00,0.7326,,,20250700,20250800,20250800
2025-06-13 07:00:00,0.7329,,,20250700,20250800,20250800
2025-06-13 08:00:00,0.7337,,,20250700,20250800,20250800
2025-06-13 09:00:00,0.7327,,,20250700,20250800,20250800
2025-06-13 10:00:00,0.7312,,,20250700,20250800,20250800
2025-06-13 11:00:00,0.7317,,,20250700,20250800,20250800
2025-06-13 12:00:00,0.7312,,,20250700,20250800,20250800
2025-06-13 13:00:00,0.7321,,,20250700,20250800,20250800
2025-06-13 14:00:00,0.7324,,,20250700,20250800,20250800
2025-06-13 15:00:00,0.7343,,,20250700,20250800,20250800
2025-06-13 16:00:00,0.7354,,,20250700,20250800,20250800
2025-06-13 17:00:00,0.7339,,,20250700,20250800,20250800
2025-06-13 18:00:00,0.7333,,,20250700,20250800,20250800
2025-06-13 19:00:00,0.7336,,,20250700,20250800,20250800
2025-06-13 20:00:00,0.7328,,,20250700,20250800,20250800
2025-06-16 00:00:00,0.7332,0.735,0.735,20250700,20250800,20250800
2025-06-16 01:00:00,0.7344,,,20250700,20250800,20250800
2025-06-16 02:00:00,0.7353,0.7361,0.7361,20250700,20250800,20250800
2025-06-16 03:00:00,0.7347,,,20250700,20250800,20250800
2025-06-16 04:00:00,0.7352,,,20250700,20250800,20250800
2025-06-16 05:00:00,0.7367,0.7381,0.7381,20250700,20250800,20250800
2025-06-16 06:00:00,0.7367,0.737,0.737,20250700,20250800,20250800
2025-06-16 07:00:00,0.7376,0.7386,0.7386,20250700,20250800,20250800
2025-06-16 08:00:00,0.737,0.7388,0.7388,20250700,20250800,20250800
2025-06-16 09:00:00,0.7373,,,20250700,20250800,20250800
2025-06-16 10:00:00,0.7371,0.7385,0.7385,20250700,20250800,20250800
2025-06-16 11:00:00,0.7368,0.7386,0.7386,20250700,20250800,20250800
2025-06-16 12:00:00,0.7378,0.7386,0.7386,20250700,20250800,20250800
2025-06-16 13:00:00,0.7393,0.7395,0.7395,20250700,20250800,20250800
2025-06-16 14:00:00,0.7388,0.7401,0.7401,20250700,20250800,20250800
2025-06-16 15:00:00,0.7381,0.7402,0.7402,20250700,20250800,20250800
2025-06-16 16:00:00,0.7373,,,20250700,20250800,20250800
2025-06-16 17:00:00,0.7379,,,20250700,20250800,20250800
2025-06-16 18:00:00,0.7377,,,20250700,20250800,20250800
2025-06-16 19:00:00,0.7376,,,20250700,20250800,20250800
2025-06-16 20:00:00,0.738,0.7394,0.7394,20250700,20250800,20250800
2025-06-17 00:00:00,0.736,0.7372,0.7372,20250700,20250800,20250800
2025-06-17 01:00:00,0.7357,0.7367,0.7367,20250700,20250800,20250800
2025-06-17 02:00:00,0.7372,0.7378,0.7378,20250700,20250800,20250800
2025-06-17 03:00:00,0.7368,0.7382,0.7382,20250700,20250800,20250800
2025-06-17 04:00:00,0.7363,0.7376,0.7376,20250700,20250800,20250800
2025-06-17 05:00:00,0.7353,0.7364,0.7364,20250700,20250800,20250800
2025-06-17 06:00:00,0.7357,0.737,0.737,20250700,20250800,20250800
2025-06-17 07:00:00,0.7361,0.7367,0.7367,20250700,20250800,20250800
2025-06-17 08:00:00,0.7345,0.7359,0.7359,20250700,20250800,20250800
2025-06-17 09:00:00,0.7336,0.7348,0.7348,20250700,20250800,20250800
2025-06-17 10:00:00,0.7339,0.7352,0.7352,20250700,20250800,20250800
2025-06-17 11:00:00,0.7343,0.736,0.736,20250700,20250800,20250800
2025-06-17 12:00:00,0.7323,0.7339,0.7339,20250700,20250800,20250800
2025-06-17 13:00:00,0.7327,0.7346,0.7346,20250700,20250800,20250800
2025-06-17 14:00:00,0.7316,0.7329,0.7329,20250700,20250800,20250800
2025-06-17 15:00:00,0.731,0.7325,0.7325,20250700,20250800,20250800
2025-06-17 16:00:00,0.7288,0.7301,0.7301,20250700,20250800,20250800
2025-06-17 17:00:00,0.7271,0.7284,0.7284,20250700,20250800,20250800
2025-06-17 18:00:00,0.7267,0.7279,0.7279,20250700,20250800,20250800
2025-06-17 19:00:00,0.7259,0.7268,0.7268,20250700,20250800,20250800
2025-06-17 20:00:00,0.7251,0.7269,0.7269,20250700,20250800,20250800
2025-06-18 00:00:00,0.7281,0.7293,0.7293,20250700,20250800,20250800
2025-06-18 01:00:00,0.7302,0.7317,0.7317,20250700,20250800,20250800
2025-06-18 02:00:00,0.7295,0.7313,0.7313,20250700,20250800,20250800
2025-06-18 03:00:00,0.7302,0.7314,0.7314,20250700,20250800,20250800
2025-06-18 04:00:00,0.7311,0.7324,0.7324,20250700,20250800,20250800
2025-06-18 05:00:00,0.7283,0.7322,0.7322,20250700,20250800,20250800
2025-06-18 06:00:00,0.731,0.7325,0.7325,20250700,20250800,20250800
2025-06-18 07:00:00,0.7301,0.7312,0.7312,20250700,20250800,20250800
2025-06-18 08:00:00,0.7285,0.7298,0.7298,20250700,20250800,20250800
2025-06-18 09:00:00,0.7288,0.7304,0.7304,20250700,20250800,20250800
2025-06-18 10:00:00,0.7286,0.7304,0.7304,20250700,20250800,20250800
2025-06-18 11:00:00,0.7284,0.7297,0.7297,20250700,20250800,20250800
2025-06-18 12:00:00,0.7287,0.73,0.73,20250700,20250800,20250800
2025-06-18 13:00:00,0.7285,0.7297,0.7297,20250700,20250800,20250800
2025-06-18 14:00:00,0.7304,0.7318,0.7318,20250700,20250800,20250800
2025-06-18 15:00:00,0.7302,0.7315,0.7315,20250700,20250800,20250800
2025-06-18 16:00:00,0.7296,0.7313,0.7313,20250700,20250800,20250800
2025-06-18 17:00:00,0.7294,0.7301,0.7301,20250700,20250800,20250800
2025-06-18 18:00:00,0.7283,0.7298,0.7298,20250700,20250800,20250800
2025-06-18 19:00:00,0.728,0.7291,0.7291,20250700,20250800,20250800
2025-06-18 20:00:00,0.7281,0.7291,0.7291,20250700,20250800,20250800
2025-06-18 23:00:00,0.7262,0.7274,0.7274,20250700,20250800,20250800
2025-06-19 00:00:00,0.7275,0.7295,0.7295,20250700,20250800,20250800
2025-06-19 01:00:00,0.723,0.7245,0.7245,20250700,20250800,20250800
2025-06-19 02:00:00,0.7257,0.7262,0.7262,20250700,20250800,20250800
2025-06-19 03:00:00,0.7266,0.7279,0.7279,20250700,20250800,20250800
2025-06-19 04:00:00,0.7267,0.7284,0.7284,20250700,20250800,20250800
2025-06-19 05:00:00,0.726,0.727,0.727,20250700,20250800,20250800
2025-06-19 06:00:00,0.7266,0.7274,0.7274,20250700,20250800,20250800
2025-06-19 07:00:00,0.7265,0.7274,0.7274,20250700,20250800,20250800
2025-06-19 08:00:00,0.7285,0.7302,0.7302,20250700,20250800,20250800
2025-06-19 09:00:00,0.7267,0.7281,0.7281,20250700,20250800,20250800
2025-06-19 10:00:00,0.7262,0.7277,0.7277,20250700,20250800,20250800
2025-06-19 11:00:00,0.7257,0.7268,0.7268,20250700,20250800,20250800
2025-06-19 12:00:00,0.726,0.7268,0.7268,20250700,20250800,20250800
2025-06-19 13:00:00,0.7256,0.7268,0.7268,20250700,20250800,20250800
2025-06-19 14:00:00,0.7249,0.726,0.726,20250700,20250800,20250800
2025-06-19 15:00:00,0.7259,0.7271,0.7271,20250700,20250800,20250800
2025-06-19 16:00:00,0.7257,0.7271,0.7271,20250700,20250800,20250800
2025-06-19 17:00:00,0.7272,0.7284,0.7284,20250700,20250800,20250800
2025-06-19 18:00:00,0.7274,0.7289,0.7289,20250700,20250800,20250800
2025-06-19 19:00:00,0.7277,0.7291,0.7291,20250700,20250800,20250800
2025-06-19 20:00:00,0.728,0.7293,0.7293,20250700,20250800,20250800
2025-06-20 00:00:00,0.731,0.7328,0.7328,20250700,20250800,20250800
2025-06-20 01:00:00,0.73,0.7309,0.7309,20250700,20250800,20250800
2025-06-20 02:00:00,0.7305,0.7313,0.7313,20250700,20250800,20250800
2025-06-20 03:00:00,0.732,0.7337,0.7337,20250700,20250800,20250800
2025-06-20 04:00:00,0.7317,0.7333,0.7333,20250700,20250800,20250800
2025-06-20 05:00:00,0.7319,0.7333,0.7333,20250700,20250800,20250800
2025-06-20 06:00:00,0.7315,0.7328,0.7328,20250700,20250800,20250800
2025-06-20 07:00:00,0.732,0.7332,0.7332,20250700,20250800,20250800
2025-06-20 08:00:00,0.7316,0.7328,0.7328,20250700,20250800,20250800
2025-06-20 09:00:00,0.7321,0.7333,0.7333,20250700,20250800,20250800
2025-06-20 10:00:00,0.7322,0.7335,0.7335,20250700,20250800,20250800
2025-06-20 11:00:00,0.7333,0.7351,0.7351,20250700,20250800,20250800
2025-06-20 12:00:00,0.7323,0.7342,0.7342,20250700,20250800,20250800
2025-06-20 13:00:00,0.7335,0.7349,0.7349,20250700,20250800,20250800
2025-06-20 14:00:00,0.7301,0.7314,0.7314,20250700,20250800,20250800
2025-06-20 15:00:00,0.7298,0.7311,0.7311,20250700,20250800,20250800
2025-06-20 16:00:00,0.7308,0.7326,0.7326,20250700,20250800,20250800
2025-06-20 17:00:00,0.7303,0.7319,0.7319,20250700,20250800,20250800
2025-06-20 18:00:00,0.7303,,,20250700,20250800,20250800
2025-06-20 19:00:00,0.7295,0.7308,0.7308,20250700,20250800,20250800
2025-06-20 20:00:00,0.7291,0.7304,0.7304,20250700,20250800,20250800
2025-06-23 00:00:00,0.7254,0.7262,0.7262,20250700,20250800,20250800
2025-06-23 01:00:00,0.7247,0.7256,0.7256,20250700,20250800,20250800
2025-06-23 02:00:00,0.7245,0.7259,0.7259,20250700,20250800,20250800
2025-06-23 03:00:00,0.7247,0.7263,0.7263,20250700,20250800,20250800
2025-06-23 04:00:00,0.7243,0.7255,0.7255,20250700,20250800,20250800
2025-06-23 05:00:00,0.7253,0.7266,0.7266,20250700,20250800,20250800
2025-06-23 06:00:00,0.7243,0.7257,0.7257,20250700,20250800,20250800
2025-06-23 07:00:00,0.7249,0.7262,0.7262,20250700,20250800,20250800
2025-06-23 08:00:00,0.7222,0.7242,0.7242,20250700,20250800,20250800
2025-06-23 09:00:00,0.7205,0.7223,0.7223,20250700,20250800,20250800
2025-06-23 10:00:00,0.7205,0.7218,0.7218,20250700,20250800,20250800
2025-06-23 11:00:00,0.7212,0.7224,0.7224,20250700,20250800,20250800
2025-06-23 12:00:00,0.7215,0.7226,0.7226,20250700,20250800,20250800
2025-06-23 13:00:00,0.7227,0.724,0.724,20250700,20250800,20250800
2025-06-23 14:00:00,0.7257,0.7271,0.7271,20250700,20250800,20250800
2025-06-23 15:00:00,0.7244,0.7256,0.7256,20250700,20250800,20250800
2025-06-23 16:00:00,0.725,0.7261,0.7261,20250700,20250800,20250800
2025-06-23 17:00:00,0.7297,0.7308,0.7308,20250700,20250800,20250800
2025-06-23 18:00:00,0.7303,0.7316,0.7316,20250700,20250800,20250800
2025-06-23 19:00:00,0.7304,0.7316,0.7316,20250700,20250800,20250800
2025-06-23 20:00:00,0.73,0.7313,0.7313,20250700,20250800,20250800
2025-06-23 23:00:00,0.7312,,,20250700,20250800,20250800
2025-06-24 00:00:00,0.7332,0.7343,0.7343,20250700,20250800,20250800
2025-06-24 01:00:00,0.7329,0.7339,0.7339,20250700,20250800,20250800
2025-06-24 02:00:00,0.7329,0.734,0.734,20250700,20250800,20250800
2025-06-24 03:00:00,0.7341,0.7351,0.7351,20250700,20250800,20250800
2025-06-24 04:00:00,0.734,0.7348,0.7348,20250700,20250800,20250800
2025-06-24 05:00:00,0.7349,0.7379,0.7379,20250700,20250800,20250800
2025-06-24 06:00:00,0.7359,0.7371,0.7371,20250700,20250800,20250800
2025-06-24 07:00:00,0.7348,0.736,0.736,20250700,20250800,20250800
2025-06-24 08:00:00,0.7373,0.7385,0.7385,20250700,20250800,20250800
2025-06-24 09:00:00,0.7375,0.7386,0.7386,20250700,20250800,20250800
2025-06-24 10:00:00,0.7362,0.7374,0.7374,20250700,20250800,20250800
2025-06-24 11:00:00,0.7367,0.7379,0.7379,20250700,20250800,20250800
2025-06-24 12:00:00,0.7362,0.7374,0.7374,20250700,20250800,20250800
2025-06-24 13:00:00,0.7352,0.7363,0.7363,20250700,20250800,20250800
2025-06-24 14:00:00,0.7372,0.7389,0.7389,20250700,20250800,20250800
2025-06-24 15:00:00,0.7367,0.7381,0.7381,20250700,20250800,20250800
2025-06-24 16:00:00,0.7375,0.7387,0.7387,20250700,20250800,20250800
2025-06-24 17:00:00,0.7379,,,20250700,20250800,20250800
2025-06-24 18:00:00,0.7376,,,20250700,20250800,20250800
2025-06-24 19:00:00,0.7377,0.739,0.739,20250700,20250800,20250800
2025-06-24 20:00:00,0.7372,0.7383,0.7383,20250700,20250800,20250800
2025-06-24 23:00:00,0.7373,0.7384,0.7384,20250700,20250800,20250800
2025-06-25 00:00:00,0.7374,0.739,0.739,20250700,20250800,20250800
2025-06-25 01:00:00,0.737,0.7376,0.7376,20250700,20250800,20250800
2025-06-25 02:00:00,0.7356,0.7367,0.7367,20250700,20250800,20250800
2025-06-25 03:00:00,0.7341,0.7352,0.7352,20250700,20250800,20250800
2025-06-25 04:00:00,0.735,,,20250700,20250800,20250800
2025-06-25 05:00:00,0.7348,0.7351,0.7351,20250700,20250800,20250800
2025-06-25 06:00:00,0.7346,0.7362,0.7362,20250700,20250800,20250800
2025-06-25 07:00:00,0.7353,0.7362,0.7362,20250700,20250800,20250800
2025-06-25 08:00:00,0.7359,0.7372,0.7372,20250700,20250800,20250800
2025-06-25 09:00:00,0.7349,0.736,0.736,20250700,20250800,20250800
2025-06-25 10:00:00,0.7346,0.7356,0.7356,20250700,20250800,20250800
2025-06-25 11:00:00,0.7348,0.7361,0.7361,20250700,20250800,20250800
2025-06-25 12:00:00,0.7331,0.7345,0.7345,20250700,20250800,20250800
2025-06-25 13:00:00,0.7338,0.7351,0.7351,20250700,20250800,20250800
2025-06-25 14:00:00,0.7344,0.7355,0.7355,20250700,20250800,20250800
2025-06-25 15:00:00,0.7349,0.7361,0.7361,20250700,20250800,20250800
2025-06-25 16:00:00,0.7358,0.7369,0.7369,20250700,20250800,20250800
2025-06-25 17:00:00,0.7361,0.7373,0.7373,20250700,20250800,20250800
2025-06-25 18:00:00,0.7369,0.7382,0.7382,20250700,20250800,20250800
2025-06-25 19:00:00,0.7371,0.7385,0.7385,20250700,20250800,20250800
2025-06-25 20:00:00,0.7364,,,20250700,20250800,20250800
2025-06-26 00:00:00,0.7374,0.738,0.738,20250700,20250800,20250800
2025-06-26 01:00:00,0.7366,0.7378,0.7378,20250700,20250800,20250800
2025-06-26 02:00:00,0.7387,0.7397,0.7397,20250700,20250800,20250800
2025-06-26 03:00:00,0.7389,0.7401,0.7401,20250700,20250800,20250800
2025-06-26 04:00:00,0.7373,0.7385,0.7385,20250700,20250800,20250800
2025-06-26 05:00:00,0.7385,0.7395,0.7395,20250700,20250800,20250800
2025-06-26 06:00:00,0.739,0.74,0.74,20250700,20250800,20250800
2025-06-26 07:00:00,0.7398,0.7409,0.7409,20250700,20250800,20250800
2025-06-26 08:00:00,0.7394,0.7406,0.7406,20250700,20250800,20250800
2025-06-26 09:00:00,0.738,0.739,0.739,20250700,20250800,20250800
2025-06-26 10:00:00,0.7388,0.7399,0.7399,20250700,20250800,20250800
2025-06-26 11:00:00,0.7386,0.7398,0.7398,20250700,20250800,20250800
2025-06-26 12:00:00,0.7384,0.7394,0.7394,20250700,20250800,20250800
2025-06-26 13:00:00,0.7396,0.7407,0.7407,20250700,20250800,20250800
2025-06-26 14:00:00,0.7391,0.7406,0.7406,20250700,20250800,20250800
2025-06-26 15:00:00,0.7386,0.7393,0.7393,20250700,20250800,20250800
2025-06-26 16:00:00,0.74,0.7413,0.7413,20250700,20250800,20250800
2025-06-26 17:00:00,0.7399,0.7411,0.7411,20250700,20250800,20250800
2025-06-26 18:00:00,0.7394,0.7408,0.7408,20250700,20250800,20250800
2025-06-26 19:00:00,0.7377,0.7389,0.7389,20250700,20250800,20250800
2025-06-26 20:00:00,0.7383,0.7394,0.7394,20250700,20250800,20250800
2025-06-27 00:00:00,0.7379,0.7389,0.7389,20250700,20250800,20250800
2025-06-27 01:00:00,0.739,0.7402,0.7402,20250700,20250800,20250800
2025-06-27 02:00:00,0.7389,0.7403,0.7403,20250700,20250800,20250800
2025-06-27 03:00:00,0.7384,0.7401,0.7401,20250700,20250800,20250800
2025-06-27 04:00:00,0.7374,0.739,0.739,20250700,20250800,20250800
2025-06-27 05:00:00,0.7361,0.7373,0.7373,20250700,20250800,20250800
2025-06-27 06:00:00,0.7382,0.7393,0.7393,20250700,20250800,20250800
2025-06-27 07:00:00,0.7371,0.7384,0.7384,20250700,20250800,20250800
2025-06-27 08:00:00,0.7365,0.7377,0.7377,20250700,20250800,20250800
2025-06-27 09:00:00,0.7368,0.7379,0.7379,20250700,20250800,20250800
2025-06-27 10:00:00,0.736,0.7367,0.7367,20250700,20250800,20250800
2025-06-27 11:00:00,0.7359,0.7371,0.7371,20250700,20250800,20250800
2025-06-27 12:00:00,0.737,0.7381,0.7381,20250700,20250800,20250800
2025-06-27 13:00:00,0.7357,0.7367,0.7367,20250700,20250800,20250800
2025-06-27 14:00:00,0.736,0.7371,0.7371,20250700,20250800,20250800
2025-06-27 15:00:00,0.7356,0.7368,0.7368,20250700,20250800,20250800
2025-06-27 16:00:00,0.7357,,,20250700,20250800,20250800
2025-06-27 17:00:00,0.734,0.7352,0.7352,20250700,20250800,20250800
2025-06-27 18:00:00,0.7337,0.7346,0.7346,20250700,20250800,20250800
2025-06-27 19:00:00,0.7338,0.7348,0.7348,20250700,20250800,20250800
2025-06-27 20:00:00,0.7346,0.7359,0.7359,20250700,20250800,20250800
2025-06-29 23:00:00,0.735,0.7358,0.7358,20250700,20250800,20250800
2025-06-30 00:00:00,0.7372,0.7384,0.7384,20250700,20250800,20250800
2025-06-30 01:00:00,0.7376,0.7391,0.7391,20250700,20250800,20250800
2025-06-30 02:00:00,0.7383,0.74,0.74,20250700,20250800,20250800
2025-06-30 03:00:00,0.7383,0.7403,0.7403,20250700,20250800,20250800
2025-06-30 04:00:00,0.7419,0.7431,0.7431,20250700,20250800,20250800
2025-06-30 05:00:00,0.7392,0.7404,0.7404,20250700,20250800,20250800
2025-06-30 06:00:00,0.7417,0.743,0.743,20250700,20250800,20250800
2025-06-30 07:00:00,0.7402,0.7421,0.7421,20250700,20250800,20250800
2025-06-30 08:00:00,0.7395,0.7405,0.7405,20250700,20250800,20250800
2025-06-30 09:00:00,0.7394,0.7403,0.7403,20250700,20250800,20250800
2025-06-30 10:00:00,0.7398,,,20250700,20250800,20250800
2025-06-30 11:00:00,0.7391,0.7405,0.7405,20250700,20250800,20250800
2025-06-30 12:00:00,0.7383,0.739,0.739,20250700,20250800,20250800
2025-06-30 13:00:00,0.7384,,,20250700,20250800,20250800
2025-06-30 14:00:00,0.7397,0.7411,0.7411,20250700,20250800,20250800
2025-06-30 15:00:00,0.7399,0.7409,0.7409,20250700,20250800,20250800
2025-06-30 16:00:00,0.7399,0.741,0.741,20250700,20250800,20250800
2025-06-30 17:00:00,0.7399,0.7413,0.7413,20250700,20250800,20250800
2025-06-30 18:00:00,0.7398,0.7412,0.7412,20250700,20250800,20250800
2025-06-30 19:00:00,0.74,0.7413,0.7413,20250700,20250800,20250800
2025-06-30 20:00:00,0.7406,0.7413,0.7413,20250700,20250800,20250800
2025-07-01 00:00:00,0.7418,0.743,0.743,20250700,20250800,20250800
2025-07-01 01:00:00,0.7394,0.7419,0.7419,20250700,20250800,20250800
2025-07-01 02:00:00,0.7391,0.7412,0.7412,20250700,20250800,20250800
2025-07-01 03:00:00,0.7395,0.7399,0.7399,20250700,20250800,20250800
2025-07-01 04:00:00,0.7395,0.7405,0.7405,20250700,20250800,20250800
2025-07-01 05:00:00,0.7385,0.7409,0.7409,20250700,20250800,20250800
2025-07-01 06:00:00,0.7386,0.7395,0.7395,20250700,20250800,20250800
2025-07-01 07:00:00,0.7396,0.7402,0.7402,20250700,20250800,20250800
2025-07-01 08:00:00,0.7406,0.7414,0.7414,20250700,20250800,20250800
2025-07-01 09:00:00,0.7392,0.7404,0.7404,20250700,20250800,20250800
2025-07-01 10:00:00,0.7396,0.7412,0.7412,20250700,20250800,20250800
2025-07-01 11:00:00,0.7396,0.7409,0.7409,20250700,20250800,20250800
2025-07-01 12:00:00,0.7392,0.7402,0.7402,20250700,20250800,20250800
2025-07-01 13:00:00,0.739,0.7404,0.7404,20250700,20250800,20250800
2025-07-01 14:00:00,0.7377,0.7389,0.7389,20250700,20250800,20250800
2025-07-01 15:00:00,0.7369,0.738,0.738,20250700,20250800,20250800
2025-07-01 16:00:00,0.7373,0.7387,0.7387,20250700,20250800,20250800
2025-07-01 17:00:00,0.7377,0.739,0.739,20250700,20250800,20250800
2025-07-01 18:00:00,0.737,0.7383,0.7383,20250700,20250800,20250800
2025-07-01 19:00:00,0.7374,0.7386,0.7386,20250700,20250800,20250800
2025-07-01 20:00:00,0.7372,0.7385,0.7385,20250700,20250800,20250800
2025-07-02 00:00:00,0.7374,0.738,0.738,20250700,20250800,20250800
2025-07-02 01:00:00,0.7341,0.7355,0.7355,20250700,20250800,20250800
2025-07-02 02:00:00,0.7356,0.7364,0.7364,20250700,20250800,20250800
2025-07-02 03:00:00,0.7361,0.7374,0.7374,20250700,20250800,20250800
2025-07-02 04:00:00,0.7367,0.738,0.738,20250700,20250800,20250800
2025-07-02 05:00:00,0.7365,0.7378,0.7378,20250700,20250800,20250800
2025-07-02 06:00:00,0.7373,0.7385,0.7385,20250700,20250800,20250800
2025-07-02 07:00:00,0.7364,0.7373,0.7373,20250700,20250800,20250800
2025-07-02 08:00:00,0.7363,0.7379,0.7379,20250700,20250800,20250800
2025-07-02 09:00:00,0.7363,0.7375,0.7375,20250700,20250800,20250800
2025-07-02 10:00:00,0.7364,0.7378,0.7378,20250700,20250800,20250800
2025-07-02 11:00:00,0.736,0.7374,0.7374,20250700,20250800,20250800
2025-07-02 12:00:00,0.7364,0.7389,0.7389,20250700,20250800,20250800
2025-07-02 13:00:00,0.7358,0.7373,0.7373,20250700,20250800,20250800
2025-07-02 14:00:00,0.7359,0.7376,0.7376,20250700,20250800,20250800
2025-07-02 15:00:00,0.7376,0.7387,0.7387,20250700,20250800,20250800
2025-07-02 16:00:00,0.7382,0.7391,0.7391,20250700,20250800,20250800
2025-07-02 17:00:00,0.7379,0.739,0.739,20250700,20250800,20250800
2025-07-02 18:00:00,0.738,0.7393,0.7393,20250700,20250800,20250800
2025-07-02 19:00:00,0.7385,0.7397,0.7397,20250700,20250800,20250800
2025-07-02 20:00:00,0.737,0.7384,0.7384,20250700,20250800,20250800
2025-07-03 00:00:00,0.7378,0.7391,0.7391,20250700,20250800,20250800
2025-07-03 01:00:00,0.7375,0.7388,0.7388,20250700,20250800,20250800
2025-07-03 02:00:00,0.7366,0.7381,0.7381,20250700,20250800,20250800
2025-07-03 03:00:00,0.7356,0.7361,0.7361,20250700,20250800,20250800
2025-07-03 04:00:00,0.7357,,,20250700,20250800,20250800
2025-07-03 05:00:00,0.7361,0.7364,0.7364,20250700,20250800,20250800
2025-07-03 06:00:00,0.7364,0.7375,0.7375,20250700,20250800,20250800
2025-07-03 07:00:00,0.7361,0.7374,0.7374,20250700,20250800,20250800
2025-07-03 08:00:00,0.7354,0.7372,0.7372,20250700,20250800,20250800
2025-07-03 09:00:00,0.7352,0.7361,0.7361,20250700,20250800,20250800
2025-07-03 10:00:00,0.735,0.7363,0.7363,20250700,20250800,20250800
2025-07-03 11:00:00,0.7348,,,20250700,20250800,20250800
2025-07-03 12:00:00,0.7319,0.7332,0.7332,20250700,20250800,20250800
2025-07-03 13:00:00,0.7337,0.735,0.735,20250700,20250800,20250800
2025-07-03 14:00:00,0.7338,0.7352,0.7352,20250700,20250800,20250800
2025-07-03 15:00:00,0.7332,0.7344,0.7344,20250700,20250800,20250800
2025-07-03 16:00:00,0.7334,0.7343,0.7343,20250700,20250800,20250800
2025-07-03 17:00:00,0.734,0.7352,0.7352,20250700,20250800,20250800
2025-07-03 18:00:00,0.7337,,,20250700,20250800,20250800
2025-07-03 19:00:00,0.7335,,,20250700,20250800,20250800
2025-07-03 20:00:00,0.7348,0.735,0.735,20250700,20250800,20250800
2025-07-03 23:00:00,0.7354,0.7365,0.7365,20250700,20250800,20250800
2025-07-04 00:00:00,0.7328,0.7335,0.7335,20250700,20250800,20250800
2025-07-04 01:00:00,0.7328,0.7338,0.7338,20250700,20250800,20250800
2025-07-04 02:00:00,0.7333,0.7345,0.7345,20250700,20250800,20250800
2025-07-04 03:00:00,0.7327,0.7342,0.7342,20250700,20250800,20250800
2025-07-04 04:00:00,0.7336,0.734,0.734,20250700,20250800,20250800
2025-07-04 05:00:00,0.7362,0.7356,0.7356,20250700,20250800,20250800
2025-07-04 06:00:00,0.7343,0.7356,0.7356,20250700,20250800,20250800
2025-07-04 07:00:00,0.7342,0.7351,0.7351,20250700,20250800,20250800
2025-07-04 08:00:00,0.7334,0.7346,0.7346,20250700,20250800,20250800
2025-07-04 09:00:00,0.734,0.7353,0.7353,20250700,20250800,20250800
2025-07-04 10:00:00,0.7343,,,20250700,20250800,20250800
2025-07-04 11:00:00,0.7342,,,20250700,20250800,20250800
2025-07-04 12:00:00,0.7343,0.7356,0.7356,20250700,20250800,20250800
2025-07-04 13:00:00,0.7346,0.7356,0.7356,20250700,20250800,20250800
2025-07-04 14:00:00,0.7346,0.7359,0.7359,20250700,20250800,20250800
2025-07-04 15:00:00,0.7347,,,20250700,20250800,20250800
2025-07-04 17:00:00,0.7345,,,20250700,20250800,20250800
2025-07-04 18:00:00,0.7343,,,20250700,20250800,20250800
2025-07-04 19:00:00,0.7343,,,20250700,20250800,20250800
2025-07-04 20:00:00,0.7341,0.7359,0.7359,20250700,20250800,20250800
2025-07-06 23:00:00,0.736,0.7378,0.7378,20250700,20250800,20250800
2025-07-07 00:00:00,0.7341,,,20250800,20250900,20250900
2025-07-07 01:00:00,0.7329,,,20250800,20250900,20250900
2025-07-07 02:00:00,0.7328,,,20250800,20250900,20250900
2025-07-07 03:00:00,0.733,0.7342,0.7342,20250800,20250900,20250900
2025-07-07 04:00:00,0.7329,,,20250800,20250900,20250900
2025-07-07 05:00:00,0.7325,0.7338,0.7338,20250800,20250900,20250900
2025-07-07 06:00:00,0.7322,0.7345,0.7345,20250800,20250900,20250900
2025-07-07 07:00:00,0.7317,,,20250800,20250900,20250900
2025-07-07 08:00:00,0.7321,,,20250800,20250900,20250900
2025-07-07 09:00:00,0.7318,,,20250800,20250900,20250900
2025-07-07 10:00:00,0.7322,,,20250800,20250900,20250900
2025-07-07 11:00:00,0.7324,,,20250800,20250900,20250900
2025-07-07 12:00:00,0.7324,,,20250800,20250900,20250900
2025-07-07 13:00:00,0.7326,,,20250800,20250900,20250900
2025-07-07 14:00:00,0.7324,,,20250800,20250900,20250900
2025-07-07 15:00:00,0.7318,,,20250800,20250900,20250900
2025-07-07 16:00:00,0.7272,,,20250800,20250900,20250900
2025-07-07 17:00:00,0.7277,0.728,0.728,20250800,20250900,20250900
2025-07-07 18:00:00,0.7288,,,20250800,20250900,20250900
2025-07-07 19:00:00,0.7292,,,20250800,20250900,20250900
2025-07-07 20:00:00,0.7284,,,20250800,20250900,20250900
2025-07-08 00:00:00,0.7322,,,20250800,20250900,20250900
2025-07-08 01:00:00,0.732,0.7327,0.7327,20250800,20250900,20250900
2025-07-08 02:00:00,0.7334,0.7351,0.7351,20250800,20250900,20250900
2025-07-08 03:00:00,0.7341,,,20250800,20250900,20250900
2025-07-08 04:00:00,0.734,,,20250800,20250900,20250900
2025-07-08 05:00:00,0.7334,0.733,0.733,20250800,20250900,20250900
2025-07-08 06:00:00,0.7327,,,20250800,20250900,20250900
2025-07-08 07:00:00,0.7338,0.7345,0.7345,20250800,20250900,20250900
2025-07-08 09:00:00,0.7324,,,20250800,20250900,20250900
2025-07-08 10:00:00,0.7312,,,20250800,20250900,20250900
2025-07-08 11:00:00,0.7313,,,20250800,20250900,20250900
2025-07-08 12:00:00,0.7313,,,20250800,20250900,20250900
2025-07-08 13:00:00,0.7303,,,20250800,20250900,20250900
2025-07-08 14:00:00,0.7301,,,20250800,20250900,20250900
2025-07-08 15:00:00,0.7306,,,20250800,20250900,20250900
2025-07-08 16:00:00,0.7305,,,20250800,20250900,20250900
2025-07-08 17:00:00,0.7318,,,20250800,20250900,20250900
2025-07-08 18:00:00,0.7318,0.7334,0.7334,20250800,20250900,20250900
2025-07-08 19:00:00,0.7317,,,20250800,20250900,20250900
2025-07-08 20:00:00,0.7319,,,20250800,20250900,20250900
2025-07-08 23:00:00,0.7314,,,20250800,20250900,20250900
2025-07-09 00:00:00,0.7296,,,20250800,20250900,20250900
2025-07-09 01:00:00,0.73,,,20250800,20250900,20250900
2025-07-09 02:00:00,0.7296,,,20250800,20250900,20250900
2025-07-09 03:00:00,0.7293,,,20250800,20250900,20250900
2025-07-09 04:00:00,0.7304,,,20250800,20250900,20250900
2025-07-09 05:00:00,0.73,0.7294,0.7294,20250800,20250900,20250900
2025-07-09 06:00:00,0.729,,,20250800,20250900,20250900
2025-07-09 07:00:00,0.7282,,,20250800,20250900,20250900
2025-07-09 08:00:00,0.7279,,,20250800,20250900,20250900
2025-07-09 09:00:00,0.7281,,,20250800,20250900,20250900
2025-07-09 10:00:00,,0.7298,0.7298,20250800,20250900,20250900
2025-07-09 11:00:00,0.7281,,,20250800,20250900,20250900
2025-07-09 12:00:00,0.7283,,,20250800,20250900,20250900
2025-07-09 13:00:00,0.7287,,,20250800,20250900,20250900
2025-07-09 14:00:00,0.7293,,,20250800,20250900,20250900
2025-07-09 15:00:00,0.729,,,20250800,20250900,20250900
2025-07-09 18:00:00,0.73,0.7304,0.7304,20250800,20250900,20250900
2025-07-09 19:00:00,0.7298,,,20250800,20250900,20250900
2025-07-10 00:00:00,0.7303,,,20250800,20250900,20250900
2025-07-10 01:00:00,0.7292,,,20250800,20250900,20250900
2025-07-10 02:00:00,0.73,,,20250800,20250900,20250900
2025-07-10 03:00:00,0.73,,,20250800,20250900,20250900
2025-07-10 05:00:00,0.7302,0.7314,0.7314,20250800,20250900,20250900
2025-07-10 06:00:00,0.7303,,,20250800,20250900,20250900
2025-07-10 07:00:00,0.7305,0.7319,0.7319,20250800,20250900,20250900
2025-07-10 08:00:00,0.7305,,,20250800,20250900,20250900
2025-07-10 09:00:00,0.731,,,20250800,20250900,20250900
2025-07-10 10:00:00,0.731,,,20250800,20250900,20250900
2025-07-10 11:00:00,0.73,,,20250800,20250900,20250900
2025-07-10 12:00:00,0.7294,,,20250800,20250900,20250900
2025-07-10 13:00:00,0.7293,,,20250800,20250900,20250900
2025-07-10 14:00:00,,0.7302,0.7302,20250800,20250900,20250900
2025-07-10 15:00:00,0.7295,,,20250800,20250900,20250900
2025-07-10 16:00:00,0.7296,,,20250800,20250900,20250900
2025-07-10 17:00:00,0.7298,,,20250800,20250900,20250900
2025-07-10 18:00:00,0.73,,,20250800,20250900,20250900
2025-07-10 19:00:00,0.7304,,,20250800,20250900,20250900
2025-07-10 20:00:00,0.7311,,,20250800,20250900,20250900
2025-07-11 00:00:00,0.7293,,,20250800,20250900,20250900
2025-07-11 01:00:00,0.7294,,,20250800,20250900,20250900
2025-07-11 02:00:00,0.7278,0.7289,0.7289,20250800,20250900,20250900
2025-07-11 03:00:00,0.729,0.7302,0.7302,20250800,20250900,20250900
2025-07-11 04:00:00,0.7294,,,20250800,20250900,20250900
2025-07-11 05:00:00,0.7289,0.7301,0.7301,20250800,20250900,20250900
2025-07-11 06:00:00,0.7287,,,20250800,20250900,20250900
2025-07-11 07:00:00,0.729,,,20250800,20250900,20250900
2025-07-11 08:00:00,0.7287,,,20250800,20250900,20250900
2025-07-11 09:00:00,0.7289,,,20250800,20250900,20250900
2025-07-11 10:00:00,0.7294,,,20250800,20250900,20250900
2025-07-11 11:00:00,0.7293,,,20250800,20250900,20250900
2025-07-11 12:00:00,0.7283,0.7296,0.7296,20250800,20250900,20250900
2025-07-11 13:00:00,0.728,,,20250800,20250900,20250900
2025-07-11 14:00:00,0.7283,,,20250800,20250900,20250900
2025-07-11 15:00:00,0.7286,,,20250800,20250900,20250900
2025-07-11 16:00:00,0.7276,,,20250800,20250900,20250900
2025-07-11 17:00:00,0.7271,,,20250800,20250900,20250900
2025-07-11 18:00:00,0.7275,,,20250800,20250900,20250900
2025-07-11 19:00:00,0.7272,,,20250800,20250900,20250900
2025-07-11 20:00:00,0.7265,,,20250800,20250900,20250900
2025-07-14 00:00:00,0.7278,0.7297,0.7297,20250800,20250900,20250900
2025-07-14 01:00:00,0.7266,,,20250800,20250900,20250900
2025-07-14 02:00:00,0.7265,,,20250800,20250900,20250900
2025-07-14 03:00:00,0.727,0.7273,0.7273,20250800,20250900,20250900
2025-07-14 04:00:00,0.7265,,,20250800,20250900,20250900
2025-07-14 05:00:00,0.7255,0.7267,0.7267,20250800,20250900,20250900
2025-07-14 06:00:00,0.7252,0.7273,0.7273,20250800,20250900,20250900
2025-07-14 07:00:00,0.726,0.727,0.727,20250800,20250900,20250900
2025-07-14 08:00:00,0.7256,0.7265,0.7265,20250800,20250900,20250900
2025-07-14 10:00:00,0.7257,,,20250800,20250900,20250900
2025-07-14 11:00:00,0.7257,,,20250800,20250900,20250900
2025-07-14 12:00:00,0.7256,,,20250800,20250900,20250900
2025-07-14 13:00:00,0.7255,,,20250800,20250900,20250900
2025-07-14 14:00:00,0.7247,0.7269,0.7269,20250800,20250900,20250900
2025-07-14 15:00:00,0.7247,,,20250800,20250900,20250900
2025-07-14 16:00:00,0.7245,,,20250800,20250900,20250900
2025-07-14 17:00:00,0.7246,,,20250800,20250900,20250900
2025-07-14 18:00:00,0.7246,,,20250800,20250900,20250900
2025-07-14 20:00:00,0.7246,,,20250800,20250900,20250900
2025-07-15 00:00:00,0.7243,,,20250800,20250900,20250900
2025-07-15 01:00:00,0.7256,0.7251,0.7251,20250800,20250900,20250900
2025-07-15 02:00:00,0.7243,,,20250800,20250900,20250900
2025-07-15 03:00:00,0.7245,,,20250800,20250900,20250900
2025-07-15 04:00:00,0.7241,,,20250800,20250900,20250900
2025-07-15 05:00:00,0.7253,0.7269,0.7269,20250800,20250900,20250900
2025-07-15 06:00:00,0.7259,,,20250800,20250900,20250900
2025-07-15 07:00:00,0.7268,0.7278,0.7278,20250800,20250900,20250900
2025-07-15 08:00:00,0.7273,,,20250800,20250900,20250900
2025-07-15 09:00:00,0.7274,,,20250800,20250900,20250900
2025-07-15 10:00:00,0.7274,,,20250800,20250900,20250900
2025-07-15 11:00:00,0.7256,,,20250800,20250900,20250900
2025-07-15 12:00:00,0.7265,,,20250800,20250900,20250900
2025-07-15 13:00:00,0.7244,,,20250800,20250900,20250900
2025-07-15 14:00:00,0.723,,,20250800,20250900,20250900
2025-07-15 15:00:00,0.723,,,20250800,20250900,20250900
2025-07-15 16:00:00,0.722,,,20250800,20250900,20250900
2025-07-15 17:00:00,0.7221,,,20250800,20250900,20250900
2025-07-15 19:00:00,0.7223,,,20250800,20250900,20250900
2025-07-15 20:00:00,0.7222,,,20250800,20250900,20250900
2025-07-15 23:00:00,0.7226,,,20250800,20250900,20250900
2025-07-16 00:00:00,0.7222,,,20250800,20250900,20250900
2025-07-16 01:00:00,0.7223,,,20250800,20250900,20250900
2025-07-16 02:00:00,0.7215,0.7228,0.7228,20250800,20250900,20250900
2025-07-16 03:00:00,0.7211,0.722,0.722,20250800,20250900,20250900
2025-07-16 04:00:00,0.722,,,20250800,20250900,20250900
2025-07-16 05:00:00,0.7207,0.7219,0.7219,20250800,20250900,20250900
2025-07-16 06:00:00,0.7229,,,20250800,20250900,20250900
2025-07-16 07:00:00,0.7217,0.7237,0.7237,20250800,20250900,20250900
2025-07-16 09:00:00,0.7215,,,20250800,20250900,20250900
2025-07-16 10:00:00,0.721,,,20250800,20250900,20250900
2025-07-16 11:00:00,0.7202,,,20250800,20250900,20250900
2025-07-16 12:00:00,0.7202,,,20250800,20250900,20250900
2025-07-16 13:00:00,0.7187,,,20250800,20250900,20250900
2025-07-16 14:00:00,0.7187,0.72,0.72,20250800,20250900,20250900
2025-07-16 15:00:00,0.7195,0.7263,0.7263,20250800,20250900,20250900
2025-07-16 16:00:00,0.7211,,,20250800,20250900,20250900
2025-07-16 17:00:00,0.7227,0.7242,0.7242,20250800,20250900,20250900
2025-07-16 18:00:00,0.7217,,,20250800,20250900,20250900
2025-07-16 19:00:00,0.7224,,,20250800,20250900,20250900
2025-07-17 00:00:00,0.7196,,,20250800,20250900,20250900
2025-07-17 01:00:00,0.721,,,20250800,20250900,20250900
2025-07-17 02:00:00,0.7208,,,20250800,20250900,20250900
2025-07-17 03:00:00,0.7195,,,20250800,20250900,20250900
2025-07-17 04:00:00,0.7202,,,20250800,20250900,20250900
2025-07-17 05:00:00,0.7204,0.7214,0.7214,20250800,20250900,20250900
2025-07-17 06:00:00,0.7199,,,20250800,20250900,20250900
2025-07-17 07:00:00,0.7197,,,20250800,20250900,20250900
2025-07-17 08:00:00,0.7198,,,20250800,20250900,20250900
2025-07-17 09:00:00,0.7202,,,20250800,20250900,20250900
2025-07-17 10:00:00,0.7194,,,20250800,20250900,20250900
2025-07-17 11:00:00,0.7184,,,20250800,20250900,20250900
2025-07-17 12:00:00,0.7189,,,20250800,20250900,20250900
2025-07-17 13:00:00,0.7189,,,20250800,20250900,20250900
2025-07-17 14:00:00,0.7197,,,20250800,20250900,20250900
2025-07-17 15:00:00,0.7199,,,20250800,20250900,20250900
2025-07-17 16:00:00,0.7195,0.7211,0.7211,20250800,20250900,20250900
2025-07-17 17:00:00,0.7194,,,20250800,20250900,20250900
2025-07-17 18:00:00,0.7193,,,20250800,20250900,20250900
2025-07-17 19:00:00,0.7198,,,20250800,20250900,20250900
2025-07-17 20:00:00,0.7199,,,20250800,20250900,20250900
2025-07-18 00:00:00,0.7202,0.7216,0.7216,20250800,20250900,20250900
2025-07-18 01:00:00,0.7199,0.7217,0.7217,20250800,20250900,20250900
2025-07-18 02:00:00,0.7201,,,20250800,20250900,20250900
2025-07-18 03:00:00,0.7193,,,20250800,20250900,20250900
2025-07-18 04:00:00,0.719,,,20250800,20250900,20250900
2025-07-18 05:00:00,0.7185,0.7217,0.7217,20250800,20250900,20250900
2025-07-18 06:00:00,0.7194,,,20250800,20250900,20250900
2025-07-18 07:00:00,0.7189,,,20250800,20250900,20250900
2025-07-18 08:00:00,0.7202,,,20250800,20250900,20250900
2025-07-18 09:00:00,0.7198,,,20250800,20250900,20250900
2025-07-18 10:00:00,0.7201,,,20250800,20250900,20250900
2025-07-18 11:00:00,0.7206,,,20250800,20250900,20250900
2025-07-18 12:00:00,0.7211,,,20250800,20250900,20250900
2025-07-18 13:00:00,0.7214,,,20250800,20250900,20250900
2025-07-18 14:00:00,0.7211,,,20250800,20250900,20250900
2025-07-18 15:00:00,0.7203,,,20250800,20250900,20250900
2025-07-18 16:00:00,0.7196,,,20250800,20250900,20250900
2025-07-18 17:00:00,0.7197,,,20250800,20250900,20250900
2025-07-18 18:00:00,0.7191,,,20250800,20250900,20250900
2025-07-18 19:00:00,0.7189,,,20250800,20250900,20250900
2025-07-18 20:00:00,0.7215,,,20250800,20250900,20250900
2025-07-20 23:00:00,0.7223,,,20250800,20250900,20250900
2025-07-21 00:00:00,0.7199,0.7209,0.7209,20250800,20250900,20250900
2025-07-21 01:00:00,0.7194,0.7213,0.7213,20250800,20250900,20250900
2025-07-21 02:00:00,0.7196,,,20250800,20250900,20250900
2025-07-21 03:00:00,0.7192,,,20250800,20250900,20250900
2025-07-21 04:00:00,0.7196,0.7208,0.7208,20250800,20250900,20250900
2025-07-21 05:00:00,0.7226,0.7216,0.7216,20250800,20250900,20250900
2025-07-21 06:00:00,0.7218,,,20250800,20250900,20250900
2025-07-21 07:00:00,0.721,,,20250800,20250900,20250900
2025-07-21 08:00:00,0.722,,,20250800,20250900,20250900
2025-07-21 09:00:00,0.7218,,,20250800,20250900,20250900
2025-07-21 10:00:00,0.7217,0.723,0.723,20250800,20250900,20250900
2025-07-21 11:00:00,0.7238,0.7244,0.7244,20250800,20250900,20250900
2025-07-21 12:00:00,0.7233,0.7248,0.7248,20250800,20250900,20250900
2025-07-21 13:00:00,0.7231,,,20250800,20250900,20250900
2025-07-21 14:00:00,0.7239,0.725,0.725,20250800,20250900,20250900
2025-07-21 15:00:00,0.725,,,20250800,20250900,20250900
2025-07-21 16:00:00,0.7246,,,20250800,20250900,20250900
2025-07-21 17:00:00,0.7245,,,20250800,20250900,20250900
2025-07-21 18:00:00,0.7245,,,20250800,20250900,20250900
2025-07-21 19:00:00,0.7246,,,20250800,20250900,20250900
2025-07-21 20:00:00,0.7235,,,20250800,20250900,20250900
2025-07-22 00:00:00,0.7232,0.7245,0.7245,20250800,20250900,20250900
2025-07-22 01:00:00,0.723,0.7241,0.7241,20250800,20250900,20250900
2025-07-22 02:00:00,0.7233,0.7243,0.7243,20250800,20250900,20250900
2025-07-22 03:00:00,0.7222,0.7236,0.7236,20250800,20250900,20250900
2025-07-22 04:00:00,0.7217,0.7236,0.7236,20250800,20250900,20250900
2025-07-22 05:00:00,0.7223,0.7235,0.7235,20250800,20250900,20250900
2025-07-22 06:00:00,0.7213,,,20250800,20250900,20250900
2025-07-22 07:00:00,0.7212,,,20250800,20250900,20250900
2025-07-22 08:00:00,0.7218,,,20250800,20250900,20250900
2025-07-22 09:00:00,0.7224,0.7233,0.7233,20250800,20250900,20250900
2025-07-22 10:00:00,0.7223,,,20250800,20250900,20250900
2025-07-22 11:00:00,0.7226,,,20250800,20250900,20250900
2025-07-22 12:00:00,0.7226,0.7238,0.7238,20250800,20250900,20250900
2025-07-22 13:00:00,0.723,0.724,0.724,20250800,20250900,20250900
2025-07-22 14:00:00,0.7246,0.7251,0.7251,20250800,20250900,20250900
2025-07-22 15:00:00,0.7248,0.7261,0.7261,20250800,20250900,20250900
2025-07-22 16:00:00,0.7252,0.7268,0.7268,20250800,20250900,20250900
2025-07-22 17:00:00,0.7251,0.7269,0.7269,20250800,20250900,20250900
2025-07-22 18:00:00,0.7253,,,20250800,20250900,20250900
2025-07-22 19:00:00,0.7254,,,20250800,20250900,20250900
2025-07-22 20:00:00,0.7251,0.7264,0.7264,20250800,20250900,20250900
2025-07-22 23:00:00,0.7237,,,20250800,20250900,20250900
2025-07-23 00:00:00,0.7262,0.7274,0.7274,20250800,20250900,20250900
2025-07-23 01:00:00,0.7268,0.7281,0.7281,20250800,20250900,20250900
2025-07-23 02:00:00,0.7258,0.7269,0.7269,20250800,20250900,20250900
2025-07-23 03:00:00,0.7272,0.7287,0.7287,20250800,20250900,20250900
2025-07-23 04:00:00,0.7268,,,20250800,20250900,20250900
2025-07-23 05:00:00,0.7277,0.7268,0.7268,20250800,20250900,20250900
2025-07-23 06:00:00,0.7257,0.7269,0.7269,20250800,20250900,20250900
2025-07-23 07:00:00,0.7269,0.7275,0.7275,20250800,20250900,20250900
2025-07-23 08:00:00,0.7259,0.7275,0.7275,20250800,20250900,20250900
2025-07-23 09:00:00,0.7268,0.7281,0.7281,20250800,20250900,20250900
2025-07-23 10:00:00,0.7275,0.7288,0.7288,20250800,20250900,20250900
2025-07-23 11:00:00,0.7283,0.7295,0.7295,20250800,20250900,20250900
2025-07-23 12:00:00,0.728,0.7295,0.7295,20250800,20250900,20250900
2025-07-23 13:00:00,0.7273,0.7285,0.7285,20250800,20250900,20250900
2025-07-23 14:00:00,0.7279,0.7294,0.7294,20250800,20250900,20250900
2025-07-23 15:00:00,0.7281,0.7293,0.7293,20250800,20250900,20250900
2025-07-23 16:00:00,0.7274,0.7287,0.7287,20250800,20250900,20250900
2025-07-23 17:00:00,0.7282,0.7294,0.7294,20250800,20250900,20250900
2025-07-23 18:00:00,0.7282,0.7298,0.7298,20250800,20250900,20250900
2025-07-23 19:00:00,0.7284,0.73,0.73,20250800,20250900,20250900
2025-07-23 20:00:00,0.7281,0.7294,0.7294,20250800,20250900,20250900
2025-07-24 00:00:00,0.7301,0.7305,0.7305,20250800,20250900,20250900
2025-07-24 01:00:00,0.7311,0.7325,0.7325,20250800,20250900,20250900
2025-07-24 02:00:00,0.7321,0.7334,0.7334,20250800,20250900,20250900
2025-07-24 03:00:00,0.7325,0.7334,0.7334,20250800,20250900,20250900
2025-07-24 04:00:00,0.733,0.7342,0.7342,20250800,20250900,20250900
2025-07-24 05:00:00,0.7329,0.7317,0.7317,20250800,20250900,20250900
2025-07-24 06:00:00,0.7316,0.7332,0.7332,20250800,20250900,20250900
2025-07-24 07:00:00,0.7306,0.7325,0.7325,20250800,20250900,20250900
2025-07-24 08:00:00,0.7306,0.7326,0.7326,20250800,20250900,20250900
2025-07-24 09:00:00,0.7302,0.7316,0.7316,20250800,20250900,20250900
2025-07-24 10:00:00,0.7304,,,20250800,20250900,20250900
2025-07-24 11:00:00,0.7308,0.7316,0.7316,20250800,20250900,20250900
2025-07-24 12:00:00,0.7296,0.7309,0.7309,20250800,20250900,20250900
2025-07-24 13:00:00,0.7318,0.7331,0.7331,20250800,20250900,20250900
2025-07-24 14:00:00,0.7312,0.7323,0.7323,20250800,20250900,20250900
2025-07-24 15:00:00,0.7301,0.7313,0.7313,20250800,20250900,20250900
2025-07-24 16:00:00,0.73,0.7316,0.7316,20250800,20250900,20250900
2025-07-24 17:00:00,0.73,0.731,0.731,20250800,20250900,20250900
2025-07-24 18:00:00,0.7297,,,20250800,20250900,20250900
2025-07-24 19:00:00,0.7294,0.7309,0.7309,20250800,20250900,20250900
2025-07-24 20:00:00,0.729,0.7304,0.7304,20250800,20250900,20250900
2025-07-25 00:00:00,0.7294,0.7307,0.7307,20250800,20250900,20250900
2025-07-25 01:00:00,0.7277,0.7291,0.7291,20250800,20250900,20250900
2025-07-25 02:00:00,0.7261,0.7274,0.7274,20250800,20250900,20250900
2025-07-25 03:00:00,0.7275,0.7287,0.7287,20250800,20250900,20250900
2025-07-25 04:00:00,0.7265,0.7278,0.7278,20250800,20250900,20250900
2025-07-25 05:00:00,0.7242,0.7254,0.7254,20250800,20250900,20250900
2025-07-25 06:00:00,0.7264,0.7277,0.7277,20250800,20250900,20250900
2025-07-25 07:00:00,0.7263,0.7275,0.7275,20250800,20250900,20250900
2025-07-25 08:00:00,0.7246,0.7258,0.7258,20250800,20250900,20250900
2025-07-25 09:00:00,0.7243,0.7256,0.7256,20250800,20250900,20250900
2025-07-25 10:00:00,0.7245,0.7259,0.7259,20250800,20250900,20250900
2025-07-25 11:00:00,0.7246,0.7257,0.7257,20250800,20250900,20250900
2025-07-25 12:00:00,0.7244,0.7257,0.7257,20250800,20250900,20250900
2025-07-25 13:00:00,0.7245,0.7258,0.7258,20250800,20250900,20250900
2025-07-25 14:00:00,0.7241,0.7258,0.7258,20250800,20250900,20250900
2025-07-25 15:00:00,0.7238,0.725,0.725,20250800,20250900,20250900
2025-07-25 16:00:00,0.7234,0.7244,0.7244,20250800,20250900,20250900
2025-07-25 17:00:00,0.7242,0.7254,0.7254,20250800,20250900,20250900
2025-07-25 18:00:00,0.7241,,,20250800,20250900,20250900
2025-07-25 19:00:00,0.7241,,,20250800,20250900,20250900
2025-07-25 20:00:00,0.7239,0.7251,0.7251,20250800,20250900,20250900
2025-07-27 23:00:00,0.7226,,,20250800,20250900,20250900
2025-07-28 00:00:00,0.7259,0.7275,0.7275,20250800,20250900,20250900
2025-07-28 01:00:00,0.7249,0.7262,0.7262,20250800,20250900,20250900
2025-07-28 02:00:00,0.7262,0.7273,0.7273,20250800,20250900,20250900
2025-07-28 03:00:00,0.7261,0.7273,0.7273,20250800,20250900,20250900
2025-07-28 04:00:00,0.7262,0.7276,0.7276,20250800,20250900,20250900
2025-07-28 05:00:00,0.7223,0.7235,0.7235,20250800,20250900,20250900
2025-07-28 06:00:00,0.7239,0.7255,0.7255,20250800,20250900,20250900
2025-07-28 07:00:00,0.7223,0.7242,0.7242,20250800,20250900,20250900
2025-07-28 08:00:00,0.7227,0.7241,0.7241,20250800,20250900,20250900
2025-07-28 09:00:00,0.7224,0.7233,0.7233,20250800,20250900,20250900
2025-07-28 10:00:00,0.7223,0.7235,0.7235,20250800,20250900,20250900
2025-07-28 11:00:00,0.7224,0.7235,0.7235,20250800,20250900,20250900
2025-07-28 12:00:00,0.7222,0.7234,0.7234,20250800,20250900,20250900
2025-07-28 13:00:00,0.7211,0.7222,0.7222,20250800,20250900,20250900
2025-07-28 14:00:00,0.7212,0.7224,0.7224,20250800,20250900,20250900
2025-07-28 15:00:00,0.7211,,,20250800,20250900,20250900
2025-07-28 16:00:00,0.7206,,,20250800,20250900,20250900
2025-07-28 17:00:00,0.7204,,,20250800,20250900,20250900
2025-07-28 18:00:00,0.7203,0.7212,0.7212,20250800,20250900,20250900
2025-07-28 19:00:00,0.72,,,20250800,20250900,20250900
2025-07-28 20:00:00,0.7202,0.7214,0.7214,20250800,20250900,20250900
2025-07-29 00:00:00,0.7189,0.7203,0.7203,20250800,20250900,20250900
2025-07-29 01:00:00,0.719,0.7206,0.7206,20250800,20250900,20250900
2025-07-29 02:00:00,0.7199,0.7211,0.7211,20250800,20250900,20250900
2025-07-29 03:00:00,0.7194,0.7204,0.7204,20250800,20250900,20250900
2025-07-29 04:00:00,0.719,0.7205,0.7205,20250800,20250900,20250900
2025-07-29 05:00:00,0.7199,0.7202,0.7202,20250800,20250900,20250900
2025-07-29 06:00:00,0.718,0.7193,0.7193,20250800,20250900,20250900
2025-07-29 07:00:00,0.719,0.7201,0.7201,20250800,20250900,20250900
2025-07-29 08:00:00,0.7195,0.7209,0.7209,20250800,20250900,20250900
2025-07-29 09:00:00,0.719,0.7201,0.7201,20250800,20250900,20250900
2025-07-29 10:00:00,0.719,0.7203,0.7203,20250800,20250900,20250900
2025-07-29 11:00:00,0.7185,0.7197,0.7197,20250800,20250900,20250900
2025-07-29 12:00:00,0.7181,0.7192,0.7192,20250800,20250900,20250900
2025-07-29 13:00:00,0.7187,0.7197,0.7197,20250800,20250900,20250900
2025-07-29 14:00:00,0.7211,0.7225,0.7225,20250800,20250900,20250900
2025-07-29 15:00:00,0.7196,0.7207,0.7207,20250800,20250900,20250900
2025-07-29 16:00:00,0.7203,0.7214,0.7214,20250800,20250900,20250900
2025-07-29 17:00:00,0.7204,0.7215,0.7215,20250800,20250900,20250900
2025-07-29 19:00:00,0.7205,0.7212,0.7212,20250800,20250900,20250900
2025-07-29 20:00:00,0.7218,0.7222,0.7222,20250800,20250900,20250900
2025-07-30 00:00:00,0.7247,0.727,0.727,20250800,20250900,20250900
2025-07-30 01:00:00,0.7241,0.7254,0.7254,20250800,20250900,20250900
2025-07-30 02:00:00,0.7238,0.7247,0.7247,20250800,20250900,20250900
2025-07-30 03:00:00,0.724,0.7249,0.7249,20250800,20250900,20250900
2025-07-30 04:00:00,0.7235,0.7247,0.7247,20250800,20250900,20250900
2025-07-30 05:00:00,0.724,0.7242,0.7242,20250800,20250900,20250900
2025-07-30 06:00:00,0.7242,0.7252,0.7252,20250800,20250900,20250900
2025-07-30 07:00:00,0.7238,0.725,0.725,20250800,20250900,20250900
2025-07-30 08:00:00,0.725,0.7261,0.7261,20250800,20250900,20250900
2025-07-30 09:00:00,0.7241,0.7256,0.7256,20250800,20250900,20250900
2025-07-30 10:00:00,0.7239,0.7254,0.7254,20250800,20250900,20250900
2025-07-30 11:00:00,0.7233,0.7248,0.7248,20250800,20250900,20250900
2025-07-30 12:00:00,0.72,0.721,0.721,20250800,20250900,20250900
2025-07-30 13:00:00,0.7191,0.7198,0.7198,20250800,20250900,20250900
2025-07-30 14:00:00,0.7196,0.7207,0.7207,20250800,20250900,20250900
2025-07-30 15:00:00,0.7193,0.7203,0.7203,20250800,20250900,20250900
2025-07-30 16:00:00,0.7199,0.7208,0.7208,20250800,20250900,20250900
2025-07-30 17:00:00,0.7199,0.721,0.721,20250800,20250900,20250900
2025-07-30 18:00:00,0.7177,0.7185,0.7185,20250800,20250900,20250900
2025-07-30 19:00:00,0.7181,0.7192,0.7192,20250800,20250900,20250900
2025-07-30 20:00:00,0.7169,0.718,0.718,20250800,20250900,20250900
2025-07-30 23:00:00,0.7238,0.7259,0.7259,20250800,20250900,20250900
2025-07-31 00:00:00,0.7202,0.7212,0.7212,20250800,20250900,20250900
2025-07-31 01:00:00,0.7205,0.7212,0.7212,20250800,20250900,20250900
2025-07-31 02:00:00,0.7192,0.7203,0.7203,20250800,20250900,20250900
2025-07-31 03:00:00,0.7189,0.7188,0.7188,20250800,20250900,20250900
2025-07-31 04:00:00,0.72,0.72,0.72,20250800,20250900,20250900
2025-07-31 05:00:00,0.7198,0.7214,0.7214,20250800,20250900,20250900
2025-07-31 06:00:00,0.7216,0.7226,0.7226,20250800,20250900,20250900
2025-07-31 07:00:00,0.7197,0.7207,0.7207,20250800,20250900,20250900
2025-07-31 08:00:00,0.7186,0.7191,0.7191,20250800,20250900,20250900
2025-07-31 09:00:00,0.7178,0.719,0.719,20250800,20250900,20250900
2025-07-31 10:00:00,0.7175,0.7183,0.7183,20250800,20250900,20250900
2025-07-31 11:00:00,0.7182,,,20250800,20250900,20250900
2025-07-31 12:00:00,0.7176,0.7184,0.7184,20250800,20250900,20250900
2025-07-31 13:00:00,0.7167,0.7177,0.7177,20250800,20250900,20250900
2025-07-31 14:00:00,0.7171,0.7178,0.7178,20250800,20250900,20250900
2025-07-31 15:00:00,0.7164,0.718,0.718,20250800,20250900,20250900
2025-07-31 16:00:00,0.7178,0.7188,0.7188,20250800,20250900,20250900
2025-07-31 17:00:00,0.7168,0.7184,0.7184,20250800,20250900,20250900
2025-07-31 18:00:00,0.717,0.7184,0.7184,20250800,20250900,20250900
2025-07-31 19:00:00,0.7171,0.7183,0.7183,20250800,20250900,20250900
2025-07-31 20:00:00,0.718,0.7192,0.7192,20250800,20250900,20250900
2025-08-01 00:00:00,0.716,0.717,0.717,20250800,20250900,20250900
2025-08-01 01:00:00,0.7146,0.7157,0.7157,20250800,20250900,20250900
2025-08-01 02:00:00,0.7148,0.7162,0.7162,20250800,20250900,20250900
2025-08-01 03:00:00,0.7149,0.7164,0.7164,20250800,20250900,20250900
2025-08-01 04:00:00,0.7144,0.7156,0.7156,20250800,20250900,20250900
2025-08-01 05:00:00,0.7144,0.714,0.714,20250800,20250900,20250900
2025-08-01 06:00:00,0.7121,0.7129,0.7129,20250800,20250900,20250900
2025-08-01 07:00:00,0.7124,0.7136,0.7136,20250800,20250900,20250900
2025-08-01 08:00:00,0.7116,0.7128,0.7128,20250800,20250900,20250900
2025-08-01 09:00:00,0.7125,0.7136,0.7136,20250800,20250900,20250900
2025-08-01 10:00:00,0.7127,0.7139,0.7139,20250800,20250900,20250900
2025-08-01 11:00:00,0.7124,0.7136,0.7136,20250800,20250900,20250900
2025-08-01 12:00:00,0.7211,0.7218,0.7218,20250800,20250900,20250900
2025-08-01 13:00:00,0.721,0.7221,0.7221,20250800,20250900,20250900
2025-08-01 14:00:00,0.7206,0.7216,0.7216,20250800,20250900,20250900
2025-08-01 15:00:00,0.721,0.7218,0.7218,20250800,20250900,20250900
2025-08-01 16:00:00,0.7202,0.7211,0.7211,20250800,20250900,20250900
2025-08-01 17:00:00,0.7192,0.7203,0.7203,20250800,20250900,20250900
2025-08-01 18:00:00,0.7191,0.7213,0.7213,20250800,20250900,20250900
2025-08-01 19:00:00,0.7202,0.721,0.721,20250800,20250900,20250900
2025-08-01 20:00:00,0.7213,0.7223,0.7223,20250800,20250900,20250900
2025-08-03 23:00:00,0.7211,,,20250800,20250900,20250900
2025-08-04 00:00:00,0.7211,0.7225,0.7225,20250800,20250900,20250900
2025-08-04 01:00:00,0.7229,0.7241,0.7241,20250800,20250900,20250900
2025-08-04 02:00:00,0.7227,0.7233,0.7233,20250800,20250900,20250900
2025-08-04 03:00:00,0.7229,0.724,0.724,20250800,20250900,20250900
2025-08-04 04:00:00,0.7233,0.7244,0.7244,20250800,20250900,20250900
2025-08-04 05:00:00,0.723,0.7242,0.7242,20250800,20250900,20250900
2025-08-04 06:00:00,0.7228,0.7237,0.7237,20250800,20250900,20250900
2025-08-04 07:00:00,0.7223,0.7234,0.7234,20250800,20250900,20250900
2025-08-04 08:00:00,0.7224,0.7234,0.7234,20250800,20250900,20250900
2025-08-04 09:00:00,0.7226,0.7239,0.7239,20250800,20250900,20250900
2025-08-04 10:00:00,0.7231,0.7245,0.7245,20250800,20250900,20250900
2025-08-04 11:00:00,0.7233,0.7238,0.7238,20250800,20250900,20250900
2025-08-04 12:00:00,0.7239,0.7252,0.7252,20250800,20250900,20250900
2025-08-04 13:00:00,0.7242,0.7257,0.7257,20250800,20250900,20250900
2025-08-04 14:00:00,0.7224,0.7235,0.7235,20250800,20250900,20250900
2025-08-04 15:00:00,0.722,0.7232,0.7232,20250800,20250900,20250900
2025-08-04 16:00:00,0.7223,0.7229,0.7229,20250800,20250900,20250900
2025-08-04 17:00:00,0.7223,0.7232,0.7232,20250800,20250900,20250900
2025-08-04 18:00:00,0.7224,,,20250800,20250900,20250900
2025-08-04 19:00:00,0.7223,0.7236,0.7236,20250800,20250900,20250900
2025-08-04 20:00:00,0.723,0.724,0.724,20250800,20250900,20250900
2025-08-05 00:00:00,0.723,0.7241,0.7241,20250800,20250900,20250900
2025-08-05 01:00:00,0.7222,0.7238,0.7238,20250800,20250900,20250900
2025-08-05 02:00:00,0.7209,0.7221,0.7221,20250800,20250900,20250900
2025-08-05 03:00:00,0.7204,0.7217,0.7217,20250800,20250900,20250900
2025-08-05 04:00:00,0.7207,0.7214,0.7214,20250800,20250900,20250900
2025-08-05 05:00:00,0.7203,0.7211,0.7211,20250800,20250900,20250900
2025-08-05 06:00:00,0.7199,0.7219,0.7219,20250800,20250900,20250900
2025-08-05 07:00:00,0.7195,0.72,0.72,20250800,20250900,20250900
2025-08-05 08:00:00,0.7191,0.7201,0.7201,20250800,20250900,20250900
2025-08-05 09:00:00,0.7194,0.7207,0.7207,20250800,20250900,20250900
2025-08-05 10:00:00,0.7195,0.7201,0.7201,20250800,20250900,20250900
2025-08-05 11:00:00,0.7193,0.7198,0.7198,20250800,20250900,20250900
2025-08-05 12:00:00,0.7194,0.7203,0.7203,20250800,20250900,20250900
2025-08-05 13:00:00,0.7203,0.7209,0.7209,20250800,20250900,20250900
2025-08-05 14:00:00,0.7208,0.7218,0.7218,20250800,20250900,20250900
2025-08-05 15:00:00,0.7214,0.7223,0.7223,20250800,20250900,20250900
2025-08-05 16:00:00,0.7218,0.7231,0.7231,20250800,20250900,20250900
2025-08-05 17:00:00,0.7217,,,20250800,20250900,20250900
2025-08-05 18:00:00,0.7217,,,20250800,20250900,20250900
2025-08-05 19:00:00,0.7215,,,20250800,20250900,20250900
2025-08-05 20:00:00,0.7224,0.7233,0.7233,20250800,20250900,20250900
2025-08-06 00:00:00,0.7201,0.7212,0.7212,20250800,20250900,20250900
2025-08-06 01:00:00,0.7214,,,20250900,20251000,20251000
2025-08-06 02:00:00,0.7214,,,20250900,20251000,20251000
2025-08-06 03:00:00,0.7216,,,20250900,20251000,20251000
2025-08-06 05:00:00,0.7206,0.7233,0.7233,20250900,20251000,20251000
2025-08-06 07:00:00,0.7205,,,20250900,20251000,20251000
2025-08-06 08:00:00,0.7205,,,20250900,20251000,20251000
2025-08-06 09:00:00,0.7211,,,20250900,20251000,20251000
2025-08-06 10:00:00,0.7217,,,20250900,20251000,20251000
2025-08-06 11:00:00,0.722,,,20250900,20251000,20251000
2025-08-06 12:00:00,0.7228,,,20250900,20251000,20251000
2025-08-06 13:00:00,0.7229,,,20250900,20251000,20251000
2025-08-06 14:00:00,0.7223,,,20250900,20251000,20251000
2025-08-06 15:00:00,0.723,,,20250900,20251000,20251000
2025-08-06 16:00:00,0.7231,,,20250900,20251000,20251000
2025-08-06 17:00:00,0.7234,,,20250900,20251000,20251000
2025-08-06 18:00:00,0.7238,,,20250900,20251000,20251000
2025-08-06 20:00:00,0.7233,,,20250900,20251000,20251000
2025-08-06 23:00:00,0.7206,,,20250900,20251000,20251000
2025-08-07 00:00:00,0.7224,,,20250900,20251000,20251000
2025-08-07 01:00:00,0.7235,,,20250900,20251000,20251000
2025-08-07 02:00:00,0.7242,,,20250900,20251000,20251000
2025-08-07 03:00:00,0.7242,,,20250900,20251000,20251000
2025-08-07 05:00:00,0.7245,0.7257,0.7257,20250900,20251000,20251000
2025-08-07 06:00:00,0.7261,,,20250900,20251000,20251000
2025-08-07 07:00:00,0.7265,,,20250900,20251000,20251000
2025-08-07 08:00:00,0.726,,,20250900,20251000,20251000
2025-08-07 09:00:00,0.7255,,,20250900,20251000,20251000
2025-08-07 10:00:00,0.7247,,,20250900,20251000,20251000
2025-08-07 11:00:00,0.7241,,,20250900,20251000,20251000
2025-08-07 12:00:00,0.7243,,,20250900,20251000,20251000
2025-08-07 13:00:00,0.7241,,,20250900,20251000,20251000
2025-08-07 14:00:00,0.7227,,,20250900,20251000,20251000
2025-08-07 15:00:00,0.7225,,,20250900,20251000,20251000
2025-08-07 16:00:00,0.723,,,20250900,20251000,20251000
2025-08-07 17:00:00,0.7229,,,20250900,20251000,20251000
2025-08-07 18:00:00,0.7226,,,20250900,20251000,20251000
2025-08-07 19:00:00,0.7238,,,20250900,20251000,20251000
2025-08-07 20:00:00,0.7242,,,20250900,20251000,20251000
2025-08-08 00:00:00,0.7244,,,20250900,20251000,20251000
2025-08-08 01:00:00,0.7221,,,20250900,20251000,20251000
2025-08-08 02:00:00,0.7226,,,20250900,20251000,20251000
2025-08-08 03:00:00,0.7217,,,20250900,20251000,20251000
2025-08-08 04:00:00,0.7217,,,20250900,20251000,20251000
2025-08-08 05:00:00,0.7204,0.7218,0.7218,20250900,20251000,20251000
2025-08-08 06:00:00,0.7216,,,20250900,20251000,20251000
2025-08-08 07:00:00,0.7214,,,20250900,20251000,20251000
2025-08-08 08:00:00,0.7215,,,20250900,20251000,20251000
2025-08-08 09:00:00,0.7206,,,20250900,20251000,20251000
2025-08-08 10:00:00,0.7205,,,20250900,20251000,20251000
2025-08-08 11:00:00,0.7206,,,20250900,20251000,20251000
2025-08-08 12:00:00,0.7205,,,20250900,20251000,20251000
2025-08-08 14:00:00,0.7206,,,20250900,20251000,20251000
2025-08-08 15:00:00,0.721,,,20250900,20251000,20251000
2025-08-08 16:00:00,0.7213,,,20250900,20251000,20251000
2025-08-08 17:00:00,0.7213,,,20250900,20251000,20251000
2025-08-08 18:00:00,0.7212,,,20250900,20251000,20251000
2025-08-08 19:00:00,0.7205,,,20250900,20251000,20251000
2025-08-08 20:00:00,0.7219,,,20250900,20251000,20251000
2025-08-11 00:00:00,0.7211,,,20250900,20251000,20251000
2025-08-11 01:00:00,0.7221,,,20250900,20251000,20251000
2025-08-11 02:00:00,0.7228,,,20250900,20251000,20251000
2025-08-11 03:00:00,0.7225,,,20250900,20251000,20251000
2025-08-11 04:00:00,0.7217,,,20250900,20251000,20251000
2025-08-11 05:00:00,0.7216,0.7214,0.7214,20250900,20251000,20251000
2025-08-11 06:00:00,0.7214,,,20250900,20251000,20251000
2025-08-11 07:00:00,0.7212,,,20250900,20251000,20251000
2025-08-11 08:00:00,0.7208,,,20250900,20251000,20251000
2025-08-11 09:00:00,0.7201,,,20250900,20251000,20251000
2025-08-11 10:00:00,0.7205,,,20250900,20251000,20251000
2025-08-11 11:00:00,0.72,,,20250900,20251000,20251000
2025-08-11 12:00:00,0.7197,,,20250900,20251000,20251000
2025-08-11 13:00:00,0.7201,,,20250900,20251000,20251000
2025-08-11 14:00:00,0.7192,,,20250900,20251000,20251000
2025-08-11 15:00:00,0.7192,,,20250900,20251000,20251000
2025-08-11 16:00:00,0.7197,,,20250900,20251000,20251000
2025-08-11 18:00:00,0.7193,,,20250900,20251000,20251000
2025-08-11 19:00:00,0.7189,,,20250900,20251000,20251000
2025-08-11 20:00:00,0.7203,,,20250900,20251000,20251000
2025-08-12 00:00:00,0.7193,,,20250900,20251000,20251000
2025-08-12 01:00:00,0.7211,,,20250900,20251000,20251000
2025-08-12 02:00:00,0.721,,,20250900,20251000,20251000
2025-08-12 03:00:00,0.7212,,,20250900,20251000,20251000
2025-08-12 04:00:00,0.7209,,,20250900,20251000,20251000
2025-08-12 05:00:00,0.7209,0.7215,0.7215,20250900,20251000,20251000
2025-08-12 06:00:00,0.7208,,,20250900,20251000,20251000
2025-08-12 07:00:00,0.721,,,20250900,20251000,20251000
2025-08-12 08:00:00,0.7207,,,20250900,20251000,20251000
2025-08-12 09:00:00,0.7205,,,20250900,20251000,20251000
2025-08-12 10:00:00,0.7206,,,20250900,20251000,20251000
2025-08-12 11:00:00,0.7207,,,20250900,20251000,20251000
2025-08-12 12:00:00,0.7219,,,20250900,20251000,20251000
2025-08-12 13:00:00,0.7216,,,20250900,20251000,20251000
2025-08-12 14:00:00,0.7221,,,20250900,20251000,20251000
2025-08-12 15:00:00,0.7232,,,20250900,20251000,20251000
2025-08-12 16:00:00,0.724,,,20250900,20251000,20251000
2025-08-13 00:00:00,0.7236,,,20250900,20251000,20251000
2025-08-13 01:00:00,0.723,,,20250900,20251000,20251000
2025-08-13 02:00:00,0.7236,,,20250900,20251000,20251000
2025-08-13 03:00:00,0.7241,,,20250900,20251000,20251000
2025-08-13 04:00:00,0.7236,,,20250900,20251000,20251000
2025-08-13 05:00:00,0.7262,0.7276,0.7276,20250900,20251000,20251000
2025-08-13 06:00:00,0.7259,,,20250900,20251000,20251000
2025-08-13 07:00:00,0.7262,,,20250900,20251000,20251000
2025-08-13 08:00:00,0.7275,,,20250900,20251000,20251000
2025-08-13 09:00:00,0.7277,,,20250900,20251000,20251000
2025-08-13 10:00:00,0.7269,,,20250900,20251000,20251000
2025-08-13 11:00:00,0.7265,,,20250900,20251000,20251000
2025-08-13 12:00:00,0.7259,,,20250900,20251000,20251000
2025-08-13 13:00:00,0.7269,,,20250900,20251000,20251000
2025-08-13 14:00:00,0.7266,,,20250900,20251000,20251000
2025-08-13 15:00:00,0.7262,,,20250900,20251000,20251000
2025-08-13 16:00:00,0.7263,,,20250900,20251000,20251000
2025-08-13 17:00:00,0.726,,,20250900,20251000,20251000
2025-08-13 18:00:00,0.7259,,,20250900,20251000,20251000
2025-08-13 19:00:00,0.726,,,20250900,20251000,20251000
2025-08-13 20:00:00,0.726,,,20250900,20251000,20251000
2025-08-14 00:00:00,0.7261,,,20250900,20251000,20251000
2025-08-14 01:00:00,0.7255,,,20250900,20251000,20251000
2025-08-14 02:00:00,0.7235,,,20250900,20251000,20251000
2025-08-14 03:00:00,0.7234,,,20250900,20251000,20251000
2025-08-14 04:00:00,0.724,,,20250900,20251000,20251000
2025-08-14 05:00:00,0.7225,0.7239,0.7239,20250900,20251000,20251000
2025-08-14 06:00:00,0.7237,,,20250900,20251000,20251000
2025-08-14 07:00:00,0.7227,,,20250900,20251000,20251000
2025-08-14 08:00:00,0.7219,,,20250900,20251000,20251000
2025-08-14 09:00:00,0.722,,,20250900,20251000,20251000
2025-08-14 10:00:00,0.7221,,,20250900,20251000,20251000
2025-08-14 11:00:00,0.7223,,,20250900,20251000,20251000
2025-08-14 12:00:00,0.721,,,20250900,20251000,20251000
2025-08-14 13:00:00,0.7204,,,20250900,20251000,20251000
2025-08-14 14:00:00,0.7203,,,20250900,20251000,20251000
2025-08-14 15:00:00,0.7202,,,20250900,20251000,20251000
2025-08-14 16:00:00,0.7202,,,20250900,20251000,20251000
2025-08-14 17:00:00,0.7205,,,20250900,20251000,20251000
2025-08-14 19:00:00,0.7202,,,20250900,20251000,20251000
2025-08-14 20:00:00,0.7209,,,20250900,20251000,20251000
2025-08-15 00:00:00,0.7197,,,20250900,20251000,20251000
2025-08-15 01:00:00,0.7207,,,20250900,20251000,20251000
2025-08-15 02:00:00,0.7203,,,20250900,20251000,20251000
2025-08-15 03:00:00,0.7213,,,20250900,20251000,20251000
2025-08-15 04:00:00,0.7207,,,20250900,20251000,20251000
2025-08-15 05:00:00,0.7212,0.7227,0.7227,20250900,20251000,20251000
2025-08-15 06:00:00,0.7209,,,20250900,20251000,20251000
2025-08-15 07:00:00,0.7215,,,20250900,20251000,20251000
2025-08-15 08:00:00,0.7217,,,20250900,20251000,20251000
2025-08-15 09:00:00,0.7211,,,20250900,20251000,20251000
2025-08-15 10:00:00,0.721,,,20250900,20251000,20251000
2025-08-15 11:00:00,0.721,,,20250900,20251000,20251000
2025-08-15 12:00:00,0.7212,,,20250900,20251000,20251000
2025-08-15 13:00:00,0.7229,,,20250900,20251000,20251000
2025-08-15 14:00:00,0.7221,,,20250900,20251000,20251000
2025-08-15 15:00:00,0.7215,,,20250900,20251000,20251000
2025-08-15 16:00:00,0.7212,,,20250900,20251000,20251000
2025-08-15 17:00:00,0.7209,,,20250900,20251000,20251000
2025-08-15 18:00:00,0.7209,,,20250900,20251000,20251000
2025-08-15 19:00:00,0.7211,,,20250900,20251000,20251000
2025-08-15 20:00:00,0.7207,,,20250900,20251000,20251000
2025-08-18 00:00:00,0.722,,,20250900,20251000,20251000
2025-08-18 01:00:00,0.7233,,,20250900,20251000,20251000
2025-08-18 02:00:00,0.7236,,,20250900,20251000,20251000
2025-08-18 03:00:00,0.7239,,,20250900,20251000,20251000
2025-08-18 04:00:00,0.7237,,,20250900,20251000,20251000
2025-08-18 05:00:00,0.7227,0.7241,0.7241,20250900,20251000,20251000
2025-08-18 06:00:00,0.723,,,20250900,20251000,20251000
2025-08-18 07:00:00,0.7228,,,20250900,20251000,20251000
2025-08-18 08:00:00,0.7228,,,20250900,20251000,20251000
2025-08-18 09:00:00,0.7226,,,20250900,20251000,20251000
2025-08-18 10:00:00,0.7227,,,20250900,20251000,20251000
2025-08-18 11:00:00,0.7224,0.7241,0.7241,20250900,20251000,20251000
2025-08-18 12:00:00,0.7222,0.7241,0.7241,20250900,20251000,20251000
2025-08-18 13:00:00,0.7222,,,20250900,20251000,20251000
2025-08-18 14:00:00,0.7217,,,20250900,20251000,20251000
2025-08-18 15:00:00,0.7219,,,20250900,20251000,20251000
2025-08-18 16:00:00,0.7214,,,20250900,20251000,20251000
2025-08-18 17:00:00,0.7216,,,20250900,20251000,20251000
2025-08-18 18:00:00,0.7214,,,20250900,20251000,20251000
2025-08-18 19:00:00,0.7216,,,20250900,20251000,20251000
2025-08-18 20:00:00,0.7207,,,20250900,20251000,20251000
2025-08-19 00:00:00,0.7211,0.7222,0.7222,20250900,20251000,20251000
2025-08-19 01:00:00,0.7208,0.7219,0.7219,20250900,20251000,20251000
2025-08-19 02:00:00,0.7206,0.7218,0.7218,20250900,20251000,20251000
2025-08-19 03:00:00,0.721,0.7225,0.7225,20250900,20251000,20251000
2025-08-19 04:00:00,0.721,0.7222,0.7222,20250900,20251000,20251000
2025-08-19 05:00:00,0.7201,0.7216,0.7216,20250900,20251000,20251000
2025-08-19 06:00:00,0.7206,0.7214,0.7214,20250900,20251000,20251000
2025-08-19 07:00:00,0.7204,0.7214,0.7214,20250900,20251000,20251000
2025-08-19 08:00:00,0.7207,,,20250900,20251000,20251000
2025-08-19 09:00:00,0.7205,,,20250900,20251000,20251000
2025-08-19 10:00:00,0.7212,,,20250900,20251000,20251000
2025-08-19 11:00:00,0.7212,,,20250900,20251000,20251000
2025-08-19 12:00:00,0.721,,,20250900,20251000,20251000
2025-08-19 13:00:00,0.7205,0.7219,0.7219,20250900,20251000,20251000
2025-08-19 14:00:00,0.7203,,,20250900,20251000,20251000
2025-08-19 15:00:00,0.7193,0.7205,0.7205,20250900,20251000,20251000
2025-08-19 16:00:00,0.7193,0.7205,0.7205,20250900,20251000,20251000
2025-08-19 17:00:00,0.7195,,,20250900,20251000,20251000
2025-08-19 18:00:00,0.7193,,,20250900,20251000,20251000
2025-08-19 19:00:00,0.7192,,,20250900,20251000,20251000
2025-08-19 20:00:00,0.7186,0.7201,0.7201,20250900,20251000,20251000
2025-08-20 00:00:00,0.7177,0.7191,0.7191,20250900,20251000,20251000
2025-08-20 01:00:00,0.7161,0.718,0.718,20250900,20251000,20251000
2025-08-20 02:00:00,0.7155,0.717,0.717,20250900,20251000,20251000
2025-08-20 03:00:00,0.7156,0.717,0.717,20250900,20251000,20251000
2025-08-20 04:00:00,0.7156,,,20250900,20251000,20251000
2025-08-20 05:00:00,0.7157,0.717,0.717,20250900,20251000,20251000
2025-08-20 06:00:00,0.716,,,20250900,20251000,20251000
2025-08-20 07:00:00,0.7163,0.7176,0.7176,20250900,20251000,20251000
2025-08-20 08:00:00,0.716,,,20250900,20251000,20251000
2025-08-20 09:00:00,0.7161,,,20250900,20251000,20251000
2025-08-20 10:00:00,0.7155,0.7168,0.7168,20250900,20251000,20251000
2025-08-20 11:00:00,0.7156,0.7171,0.7171,20250900,20251000,20251000
2025-08-20 12:00:00,0.7167,0.7183,0.7183,20250900,20251000,20251000
2025-08-20 13:00:00,0.716,0.7178,0.7178,20250900,20251000,20251000
2025-08-20 14:00:00,0.7168,0.717,0.717,20250900,20251000,20251000
2025-08-20 15:00:00,0.7167,,,20250900,20251000,20251000
2025-08-20 16:00:00,0.717,,,20250900,20251000,20251000
2025-08-20 17:00:00,0.7169,0.7182,0.7182,20250900,20251000,20251000
2025-08-20 18:00:00,0.7162,0.7176,0.7176,20250900,20251000,20251000
2025-08-20 19:00:00,0.7166,,,20250900,20251000,20251000
2025-08-20 20:00:00,0.7164,,,20250900,20251000,20251000
2025-08-21 00:00:00,0.716,0.718,0.718,20250900,20251000,20251000
2025-08-21 01:00:00,0.7163,0.7174,0.7174,20250900,20251000,20251000
2025-08-21 02:00:00,0.7161,0.7177,0.7177,20250900,20251000,20251000
2025-08-21 03:00:00,0.716,0.7177,0.7177,20250900,20251000,20251000
2025-08-21 04:00:00,0.716,,,20250900,20251000,20251000
2025-08-21 05:00:00,0.7161,0.7175,0.7175,20250900,20251000,20251000
2025-08-21 06:00:00,0.7156,0.7169,0.7169,20250900,20251000,20251000
2025-08-21 07:00:00,0.7165,0.7178,0.7178,20250900,20251000,20251000
2025-08-21 08:00:00,0.7165,0.7178,0.7178,20250900,20251000,20251000
2025-08-21 09:00:00,0.7163,0.7178,0.7178,20250900,20251000,20251000
2025-08-21 10:00:00,0.716,,,20250900,20251000,20251000
2025-08-21 11:00:00,0.7165,,,20250900,20251000,20251000
2025-08-21 12:00:00,0.7156,0.7174,0.7174,20250900,20251000,20251000
2025-08-21 13:00:00,0.7147,0.7159,0.7159,20250900,20251000,20251000
2025-08-21 14:00:00,0.7142,0.7154,0.7154,20250900,20251000,20251000
2025-08-21 15:00:00,0.7143,0.7158,0.7158,20250900,20251000,20251000
2025-08-21 16:00:00,0.7155,0.7155,0.7155,20250900,20251000,20251000
2025-08-21 17:00:00,0.7148,0.7162,0.7162,20250900,20251000,20251000
2025-08-21 19:00:00,0.7146,0.7157,0.7157,20250900,20251000,20251000
2025-08-21 20:00:00,0.7148,,,20250900,20251000,20251000
2025-08-21 21:00:00,,0.7168,0.7168,20250900,20251000,20251000
2025-08-22 00:00:00,0.7155,0.7172,0.7172,20250900,20251000,20251000
2025-08-22 01:00:00,0.7159,0.7171,0.7171,20250900,20251000,20251000
2025-08-22 02:00:00,0.7162,0.7176,0.7176,20250900,20251000,20251000
2025-08-22 03:00:00,0.7178,0.7199,0.7199,20250900,20251000,20251000
2025-08-22 04:00:00,0.7184,0.719,0.719,20250900,20251000,20251000
2025-08-22 05:00:00,0.7197,0.721,0.721,20250900,20251000,20251000
2025-08-22 06:00:00,0.7183,0.7195,0.7195,20250900,20251000,20251000
2025-08-22 07:00:00,0.7185,0.7197,0.7197,20250900,20251000,20251000
2025-08-22 08:00:00,0.7201,0.7207,0.7207,20250900,20251000,20251000
2025-08-22 09:00:00,0.7195,0.7208,0.7208,20250900,20251000,20251000
2025-08-22 10:00:00,0.7197,0.721,0.721,20250900,20251000,20251000
2025-08-22 11:00:00,0.7199,0.7211,0.7211,20250900,20251000,20251000
2025-08-22 12:00:00,0.7194,0.7215,0.7215,20250900,20251000,20251000
2025-08-22 13:00:00,0.7201,0.721,0.721,20250900,20251000,20251000
2025-08-22 14:00:00,0.7247,0.7253,0.7253,20250900,20251000,20251000
2025-08-22 15:00:00,0.7246,0.7258,0.7258,20250900,20251000,20251000
2025-08-22 16:00:00,0.7238,0.7251,0.7251,20250900,20251000,20251000
2025-08-22 17:00:00,0.7245,0.7258,0.7258,20250900,20251000,20251000
2025-08-22 18:00:00,0.724,0.7256,0.7256,20250900,20251000,20251000
2025-08-22 19:00:00,0.7238,,,20250900,20251000,20251000
2025-08-22 20:00:00,0.7231,0.7245,0.7245,20250900,20251000,20251000
2025-08-24 23:00:00,0.7231,,,20250900,20251000,20251000
2025-08-25 00:00:00,0.7225,0.7234,0.7234,20250900,20251000,20251000
2025-08-25 01:00:00,0.7215,0.7237,0.7237,20250900,20251000,20251000
2025-08-25 02:00:00,0.7214,0.7224,0.7224,20250900,20251000,20251000
2025-08-25 03:00:00,0.7224,0.7236,0.7236,20250900,20251000,20251000
2025-08-25 04:00:00,0.7222,,,20250900,20251000,20251000
2025-08-25 05:00:00,0.7224,0.7229,0.7229,20250900,20251000,20251000
2025-08-25 06:00:00,0.7229,0.7244,0.7244,20250900,20251000,20251000
2025-08-25 07:00:00,0.7222,,,20250900,20251000,20251000
2025-08-25 08:00:00,0.7224,,,20250900,20251000,20251000
2025-08-25 09:00:00,0.7215,0.7229,0.7229,20250900,20251000,20251000
2025-08-25 10:00:00,0.7215,0.7223,0.7223,20250900,20251000,20251000
2025-08-25 11:00:00,0.7216,0.7228,0.7228,20250900,20251000,20251000
2025-08-25 12:00:00,0.7212,0.7228,0.7228,20250900,20251000,20251000
2025-08-25 13:00:00,0.7209,0.7221,0.7221,20250900,20251000,20251000
2025-08-25 14:00:00,0.7208,0.7227,0.7227,20250900,20251000,20251000
2025-08-25 15:00:00,0.7206,0.7222,0.7222,20250900,20251000,20251000
2025-08-25 16:00:00,0.7203,0.7216,0.7216,20250900,20251000,20251000
2025-08-25 17:00:00,0.7211,0.7225,0.7225,20250900,20251000,20251000
2025-08-25 18:00:00,0.7196,0.7219,0.7219,20250900,20251000,20251000
2025-08-25 19:00:00,0.7193,,,20250900,20251000,20251000
2025-08-25 20:00:00,0.7204,0.7216,0.7216,20250900,20251000,20251000
2025-08-25 23:00:00,0.7176,,,20250900,20251000,20251000
2025-08-26 00:00:00,0.721,0.7223,0.7223,20250900,20251000,20251000
2025-08-26 01:00:00,0.7203,,,20250900,20251000,20251000
2025-08-26 02:00:00,0.7195,0.7223,0.7223,20250900,20251000,20251000
2025-08-26 03:00:00,0.719,0.7223,0.7223,20250900,20251000,20251000
2025-08-26 04:00:00,0.7187,0.7204,0.7204,20250900,20251000,20251000
2025-08-26 05:00:00,0.7173,0.7187,0.7187,20250900,20251000,20251000
2025-08-26 06:00:00,0.7166,0.718,0.718,20250900,20251000,20251000
2025-08-26 07:00:00,0.7162,0.7174,0.7174,20250900,20251000,20251000
2025-08-26 08:00:00,0.7166,0.7174,0.7174,20250900,20251000,20251000
2025-08-26 09:00:00,0.7172,0.7184,0.7184,20250900,20251000,20251000
2025-08-26 10:00:00,0.7174,0.7183,0.7183,20250900,20251000,20251000
2025-08-26 11:00:00,0.7176,0.7191,0.7191,20250900,20251000,20251000
2025-08-26 12:00:00,0.7179,0.7191,0.7191,20250900,20251000,20251000
2025-08-26 13:00:00,0.7178,,,20250900,20251000,20251000
2025-08-26 14:00:00,0.7183,0.7192,0.7192,20250900,20251000,20251000
2025-08-26 15:00:00,0.7183,0.7195,0.7195,20250900,20251000,20251000
2025-08-26 17:00:00,0.7182,0.7196,0.7196,20250900,20251000,20251000
2025-08-26 18:00:00,0.7179,0.7192,0.7192,20250900,20251000,20251000
2025-08-26 19:00:00,0.7178,,,20250900,20251000,20251000
2025-08-26 20:00:00,0.718,0.7194,0.7194,20250900,20251000,20251000
2025-08-27 00:00:00,0.7169,0.7183,0.7183,20250900,20251000,20251000
2025-08-27 01:00:00,0.7174,0.7189,0.7189,20250900,20251000,20251000
2025-08-27 02:00:00,0.7174,0.7185,0.7185,20250900,20251000,20251000
2025-08-27 03:00:00,0.7171,0.7187,0.7187,20250900,20251000,20251000
2025-08-27 04:00:00,0.7171,0.7181,0.7181,20250900,20251000,20251000
2025-08-27 05:00:00,0.7171,0.7173,0.7173,20250900,20251000,20251000
2025-08-27 06:00:00,0.717,,,20250900,20251000,20251000
2025-08-27 07:00:00,0.7162,0.7175,0.7175,20250900,20251000,20251000
2025-08-27 08:00:00,0.7164,0.7178,0.7178,20250900,20251000,20251000
2025-08-27 09:00:00,0.7163,0.7175,0.7175,20250900,20251000,20251000
2025-08-27 10:00:00,0.716,0.7173,0.7173,20250900,20251000,20251000
2025-08-27 11:00:00,0.7159,0.7172,0.7172,20250900,20251000,20251000
2025-08-27 12:00:00,0.7163,0.7176,0.7176,20250900,20251000,20251000
2025-08-27 13:00:00,0.7163,0.7173,0.7173,20250900,20251000,20251000
2025-08-27 14:00:00,0.717,0.7183,0.7183,20250900,20251000,20251000
2025-08-27 15:00:00,0.7178,0.719,0.719,20250900,20251000,20251000
2025-08-27 16:00:00,0.7183,0.7196,0.7196,20250900,20251000,20251000
2025-08-27 17:00:00,0.7184,0.7197,0.7197,20250900,20251000,20251000
2025-08-27 18:00:00,0.7182,0.7194,0.7194,20250900,20251000,20251000
2025-08-27 19:00:00,0.7185,0.7197,0.7197,20250900,20251000,20251000
2025-08-27 20:00:00,0.7184,0.72,0.72,20250900,20251000,20251000
2025-08-28 00:00:00,0.7197,0.7211,0.7211,20250900,20251000,20251000
2025-08-28 01:00:00,0.7199,0.7218,0.7218,20250900,20251000,20251000
2025-08-28 02:00:00,0.7208,0.7223,0.7223,20250900,20251000,20251000
2025-08-28 03:00:00,0.7212,0.7228,0.7228,20250900,20251000,20251000
2025-08-28 04:00:00,0.7213,0.7228,0.7228,20250900,20251000,20251000
2025-08-28 05:00:00,0.7221,0.7226,0.7226,20250900,20251000,20251000
2025-08-28 06:00:00,0.7213,0.7225,0.7225,20250900,20251000,20251000
2025-08-28 07:00:00,0.7209,0.7225,0.7225,20250900,20251000,20251000
2025-08-28 08:00:00,0.7215,0.7225,0.7225,20250900,20251000,20251000
2025-08-28 09:00:00,0.7217,0.7225,0.7225,20250900,20251000,20251000
2025-08-28 10:00:00,0.7224,0.7235,0.7235,20250900,20251000,20251000
2025-08-28 11:00:00,0.722,0.7234,0.7234,20250900,20251000,20251000
2025-08-28 12:00:00,0.7225,0.7238,0.7238,20250900,20251000,20251000
2025-08-28 13:00:00,0.7226,,,20250900,20251000,20251000
2025-08-28 14:00:00,0.7227,0.7241,0.7241,20250900,20251000,20251000
2025-08-28 15:00:00,0.7226,,,20250900,20251000,20251000
2025-08-28 16:00:00,0.723,0.7241,0.7241,20250900,20251000,20251000
2025-08-28 17:00:00,0.7229,,,20250900,20251000,20251000
2025-08-28 18:00:00,0.7229,0.7243,0.7243,20250900,20251000,20251000
2025-08-28 19:00:00,0.7229,,,20250900,20251000,20251000
2025-08-28 20:00:00,0.7221,0.7236,0.7236,20250900,20251000,20251000
2025-08-28 23:00:00,0.7185,,,20250900,20251000,20251000
2025-08-29 00:00:00,0.7222,0.7237,0.7237,20250900,20251000,20251000
2025-08-29 01:00:00,0.7215,0.7227,0.7227,20250900,20251000,20251000
2025-08-29 02:00:00,0.7212,0.7225,0.7225,20250900,20251000,20251000
2025-08-29 03:00:00,0.7211,,,20250900,20251000,20251000
2025-08-29 04:00:00,0.7208,0.7219,0.7219,20250900,20251000,20251000
2025-08-29 05:00:00,0.7204,0.7216,0.7216,20250900,20251000,20251000
2025-08-29 06:00:00,0.7197,0.7208,0.7208,20250900,20251000,20251000
2025-08-29 07:00:00,0.7198,0.7211,0.7211,20250900,20251000,20251000
2025-08-29 08:00:00,0.7194,0.7207,0.7207,20250900,20251000,20251000
2025-08-29 09:00:00,0.7193,0.7207,0.7207,20250900,20251000,20251000
2025-08-29 10:00:00,0.7193,0.7207,0.7207,20250900,20251000,20251000
2025-08-29 11:00:00,0.7194,0.7207,0.7207,20250900,20251000,20251000
2025-08-29 12:00:00,0.7189,0.7207,0.7207,20250900,20251000,20251000
2025-08-29 13:00:00,0.7189,0.7203,0.7203,20250900,20251000,20251000
2025-08-29 14:00:00,0.7197,0.7213,0.7213,20250900,20251000,20251000
2025-08-29 15:00:00,0.7201,0.7213,0.7213,20250900,20251000,20251000
2025-08-29 16:00:00,0.7199,,,20250900,20251000,20251000
2025-08-29 17:00:00,0.7211,0.7224,0.7224,20250900,20251000,20251000
2025-08-29 18:00:00,0.7202,0.7218,0.7218,20250900,20251000,20251000
2025-08-29 19:00:00,0.7207,0.722,0.722,20250900,20251000,20251000
2025-08-29 20:00:00,0.7204,0.7221,0.7221,20250900,20251000,20251000
2025-08-31 23:00:00,0.7204,,,20250900,20251000,20251000
2025-09-01 00:00:00,0.7194,0.7208,0.7208,20250900,20251000,20251000
2025-09-01 01:00:00,0.7184,0.7201,0.7201,20250900,20251000,20251000
2025-09-01 02:00:00,0.7189,0.7201,0.7201,20250900,20251000,20251000
2025-09-01 03:00:00,0.7191,0.7206,0.7206,20250900,20251000,20251000
2025-09-01 04:00:00,0.7183,0.7204,0.7204,20250900,20251000,20251000
2025-09-01 05:00:00,0.7181,0.7198,0.7198,20250900,20251000,20251000
2025-09-01 06:00:00,0.7182,0.7195,0.7195,20250900,20251000,20251000
2025-09-01 07:00:00,0.7182,0.7193,0.7193,20250900,20251000,20251000
2025-09-01 08:00:00,0.7189,,,20250900,20251000,20251000
2025-09-01 09:00:00,0.7184,0.7196,0.7196,20250900,20251000,20251000
2025-09-01 10:00:00,0.7181,0.7195,0.7195,20250900,20251000,20251000
2025-09-01 11:00:00,0.7182,0.7198,0.7198,20250900,20251000,20251000
2025-09-01 12:00:00,0.7181,0.7198,0.7198,20250900,20251000,20251000
2025-09-01 13:00:00,0.7182,,,20250900,20251000,20251000
2025-09-01 14:00:00,0.7185,,,20250900,20251000,20251000
2025-09-01 15:00:00,0.718,0.7194,0.7194,20250900,20251000,20251000
2025-09-01 16:00:00,0.7179,0.7192,0.7192,20250900,20251000,20251000
2025-09-01 19:00:00,0.718,0.7193,0.7193,20250900,20251000,20251000
2025-09-01 20:00:00,0.7184,,,20250900,20251000,20251000
2025-09-02 00:00:00,0.7173,0.7198,0.7198,20250900,20251000,20251000
2025-09-02 01:00:00,0.7186,0.7202,0.7202,20250900,20251000,20251000
2025-09-02 02:00:00,0.7188,0.7202,0.7202,20250900,20251000,20251000
2025-09-02 03:00:00,0.7186,,,20250900,20251000,20251000
2025-09-02 04:00:00,0.7194,0.7201,0.7201,20250900,20251000,20251000
2025-09-02 05:00:00,0.7168,0.7201,0.7201,20250900,20251000,20251000
2025-09-02 06:00:00,0.7197,0.7203,0.7203,20250900,20251000,20251000
2025-09-02 07:00:00,0.7174,0.7196,0.7196,20250900,20251000,20251000
2025-09-02 08:00:00,0.7182,,,20250900,20251000,20251000
2025-09-02 09:00:00,0.7176,0.7188,0.7188,20250900,20251000,20251000
2025-09-02 10:00:00,0.7173,0.7185,0.7185,20250900,20251000,20251000
2025-09-02 11:00:00,0.717,0.7185,0.7185,20250900,20251000,20251000
2025-09-02 12:00:00,0.7155,0.7168,0.7168,20250900,20251000,20251000
2025-09-02 13:00:00,0.7178,0.7189,0.7189,20250900,20251000,20251000
2025-09-02 14:00:00,0.7188,0.72,0.72,20250900,20251000,20251000
2025-09-02 15:00:00,0.7175,,,20250900,20251000,20251000
2025-09-02 16:00:00,0.7169,0.7184,0.7184,20250900,20251000,20251000
2025-09-02 17:00:00,0.7172,,,20250900,20251000,20251000
2025-09-02 18:00:00,0.7164,,,20250900,20251000,20251000
2025-09-02 19:00:00,0.7171,,,20250900,20251000,20251000
2025-09-02 20:00:00,0.7176,0.7184,0.7184,20250900,20251000,20251000
2025-09-03 00:00:00,0.7167,0.7179,0.7179,20250900,20251000,20251000
2025-09-03 01:00:00,0.7184,0.7179,0.7179,20250900,20251000,20251000
2025-09-03 02:00:00,0.7178,0.7193,0.7193,20250900,20251000,20251000
2025-09-03 03:00:00,0.7179,,,20250900,20251000,20251000
2025-09-03 04:00:00,0.7185,0.7192,0.7192,20250900,20251000,20251000
2025-09-03 05:00:00,0.7179,0.7212,0.7212,20250900,20251000,20251000
2025-09-03 06:00:00,0.7187,0.7202,0.7202,20250900,20251000,20251000
2025-09-03 07:00:00,0.7189,0.7201,0.7201,20250900,20251000,20251000
2025-09-03 08:00:00,0.7195,,,20250900,20251000,20251000
2025-09-03 09:00:00,0.72,,,20250900,20251000,20251000
2025-09-03 10:00:00,0.7199,0.7208,0.7208,20250900,20251000,20251000
2025-09-03 11:00:00,0.7202,,,20250900,20251000,20251000
2025-09-03 12:00:00,0.72,0.7211,0.7211,20250900,20251000,20251000
2025-09-03 13:00:00,0.7198,0.7211,0.7211,20250900,20251000,20251000
2025-09-03 14:00:00,0.72,0.7212,0.7212,20250900,20251000,20251000
2025-09-03 15:00:00,0.7203,,,20250900,20251000,20251000
2025-09-03 16:00:00,0.7202,0.7216,0.7216,20250900,20251000,20251000
2025-09-03 17:00:00,0.7198,,,20250900,20251000,20251000
2025-09-03 18:00:00,0.7197,0.7208,0.7208,20250900,20251000,20251000
2025-09-03 19:00:00,0.7194,0.7206,0.7206,20250900,20251000,20251000
2025-09-03 20:00:00,0.7201,,,20250900,20251000,20251000
2025-09-04 00:00:00,0.7192,0.7204,0.7204,20250900,20251000,20251000
2025-09-04 01:00:00,0.719,0.7205,0.7205,20250900,20251000,20251000
2025-09-04 02:00:00,0.7177,0.719,0.719,20250900,20251000,20251000
2025-09-04 03:00:00,0.7176,0.7187,0.7187,20250900,20251000,20251000
2025-09-04 04:00:00,0.7178,0.7187,0.7187,20250900,20251000,20251000
2025-09-04 05:00:00,0.718,0.7191,0.7191,20250900,20251000,20251000
2025-09-04 06:00:00,0.7183,0.7196,0.7196,20250900,20251000,20251000
2025-09-04 07:00:00,0.7183,0.7195,0.7195,20250900,20251000,20251000
2025-09-04 08:00:00,0.718,,,20250900,20251000,20251000
2025-09-04 09:00:00,0.7176,0.7188,0.7188,20250900,20251000,20251000
2025-09-04 10:00:00,0.7182,0.7191,0.7191,20250900,20251000,20251000
2025-09-04 11:00:00,0.7181,,,20250900,20251000,20251000
2025-09-04 12:00:00,0.7177,0.7203,0.7203,20250900,20251000,20251000
2025-09-04 13:00:00,0.7193,,,20250900,20251000,20251000
2025-09-04 14:00:00,0.7171,,,20250900,20251000,20251000
2025-09-04 15:00:00,0.7172,,,20250900,20251000,20251000
2025-09-04 16:00:00,0.7172,0.7184,0.7184,20250900,20251000,20251000
2025-09-04 17:00:00,0.7168,0.718,0.718,20250900,20251000,20251000
2025-09-04 18:00:00,0.7173,0.7186,0.7186,20250900,20251000,20251000
2025-09-04 19:00:00,0.7179,0.7191,0.7191,20250900,20251000,20251000
2025-09-04 20:00:00,0.7177,0.7193,0.7193,20250900,20251000,20251000
2025-09-05 00:00:00,0.7189,0.7199,0.7199,20250900,20251000,20251000
2025-09-05 01:00:00,0.7194,,,20251000,20251100,20251100
2025-09-05 02:00:00,0.7194,,,20251000,20251100,20251100
2025-09-05 05:00:00,0.72,0.7215,0.7215,20251000,20251100,20251100
2025-09-05 08:00:00,0.7209,,,20251000,20251100,20251100
2025-09-05 09:00:00,0.7214,,,20251000,20251100,20251100
2025-09-05 11:00:00,0.7197,,,20251000,20251100,20251100
2025-09-05 12:00:00,0.7235,,,20251000,20251100,20251100
2025-09-05 13:00:00,0.7239,,,20251000,20251100,20251100
2025-09-05 14:00:00,0.7229,,,20251000,20251100,20251100
2025-09-05 15:00:00,0.7233,,,20251000,20251100,20251100
2025-09-05 17:00:00,0.7225,,,20251000,20251100,20251100
2025-09-05 18:00:00,0.7224,,,20251000,20251100,20251100
2025-09-05 20:00:00,0.722,,,20251000,20251100,20251100
2025-09-07 23:00:00,0.7228,,,20251000,20251100,20251100
2025-09-08 00:00:00,0.7207,,,20251000,20251100,20251100
2025-09-08 01:00:00,0.7217,,,20251000,20251100,20251100
2025-09-08 02:00:00,0.7211,,,20251000,20251100,20251100
2025-09-08 03:00:00,0.7193,,,20251000,20251100,20251100
2025-09-08 04:00:00,0.72,,,20251000,20251100,20251100
2025-09-08 05:00:00,0.7213,0.7223,0.7223,20251000,20251100,20251100
2025-09-08 06:00:00,0.7211,,,20251000,20251100,20251100
2025-09-08 07:00:00,0.7225,,,20251000,20251100,20251100
2025-09-08 08:00:00,0.7215,,,20251000,20251100,20251100
2025-09-08 09:00:00,0.7214,,,20251000,20251100,20251100
2025-09-08 10:00:00,0.7212,,,20251000,20251100,20251100
2025-09-08 11:00:00,0.7212,,,20251000,20251100,20251100
2025-09-08 12:00:00,0.7221,,,20251000,20251100,20251100
2025-09-08 13:00:00,0.7228,,,20251000,20251100,20251100
2025-09-08 14:00:00,0.7226,,,20251000,20251100,20251100
2025-09-08 15:00:00,0.7228,,,20251000,20251100,20251100
2025-09-08 16:00:00,0.7226,,,20251000,20251100,20251100
2025-09-08 18:00:00,0.7227,,,20251000,20251100,20251100
2025-09-08 19:00:00,0.7232,,,20251000,20251100,20251100
2025-09-08 20:00:00,0.7235,,,20251000,20251100,20251100
2025-09-08 23:00:00,0.7241,,,20251000,20251100,20251100
2025-09-09 00:00:00,0.7235,,,20251000,20251100,20251100
2025-09-09 01:00:00,0.7225,,,20251000,20251100,20251100
2025-09-09 02:00:00,0.7229,,,20251000,20251100,20251100
2025-09-09 03:00:00,0.7217,,,20251000,20251100,20251100
2025-09-09 04:00:00,0.722,,,20251000,20251100,20251100
2025-09-09 05:00:00,0.7227,0.7242,0.7242,20251000,20251100,20251100
2025-09-09 06:00:00,0.7217,,,20251000,20251100,20251100
2025-09-09 07:00:00,0.7211,,,20251000,20251100,20251100
2025-09-09 08:00:00,0.722,,,20251000,20251100,20251100
2025-09-09 09:00:00,0.7235,,,20251000,20251100,20251100
2025-09-09 10:00:00,0.7236,,,20251000,20251100,20251100
2025-09-09 11:00:00,0.723,,,20251000,20251100,20251100
2025-09-09 12:00:00,0.722,,,20251000,20251100,20251100
2025-09-09 13:00:00,0.7225,,,20251000,20251100,20251100
2025-09-09 14:00:00,0.7217,,,20251000,20251100,20251100
2025-09-09 15:00:00,0.7221,,,20251000,20251100,20251100
2025-09-09 16:00:00,0.7221,,,20251000,20251100,20251100
2025-09-09 17:00:00,0.7217,,,20251000,20251100,20251100
2025-09-09 18:00:00,0.7215,,,20251000,20251100,20251100
2025-09-09 19:00:00,0.7213,,,20251000,20251100,20251100
2025-09-09 20:00:00,0.7218,,,20251000,20251100,20251100
2025-09-10 00:00:00,0.7213,,,20251000,20251100,20251100
2025-09-10 01:00:00,0.7224,,,20251000,20251100,20251100
2025-09-10 02:00:00,0.722,,,20251000,20251100,20251100
2025-09-10 03:00:00,0.7224,,,20251000,20251100,20251100
2025-09-10 04:00:00,0.7226,,,20251000,20251100,20251100
2025-09-10 05:00:00,0.7214,0.7225,0.7225,20251000,20251100,20251100
2025-09-10 06:00:00,0.7214,,,20251000,20251100,20251100
2025-09-10 07:00:00,0.7221,,,20251000,20251100,20251100
2025-09-10 08:00:00,0.7216,,,20251000,20251100,20251100
2025-09-10 09:00:00,0.7216,,,20251000,20251100,20251100
2025-09-10 10:00:00,0.7214,,,20251000,20251100,20251100
2025-09-10 11:00:00,0.7216,,,20251000,20251100,20251100
2025-09-10 12:00:00,0.7216,,,20251000,20251100,20251100
2025-09-10 13:00:00,0.7223,,,20251000,20251100,20251100
2025-09-10 14:00:00,0.7228,,,20251000,20251100,20251100
2025-09-10 15:00:00,0.7225,,,20251000,20251100,20251100
2025-09-10 16:00:00,0.7218,,,20251000,20251100,20251100
2025-09-10 17:00:00,0.7223,,,20251000,20251100,20251100
2025-09-10 19:00:00,0.7216,,,20251000,20251100,20251100
2025-09-10 20:00:00,0.7213,,,20251000,20251100,20251100
2025-09-11 00:00:00,0.7216,,,20251000,20251100,20251100
2025-09-11 01:00:00,0.7223,,,20251000,20251100,20251100
2025-09-11 02:00:00,0.7205,,,20251000,20251100,20251100
2025-09-11 03:00:00,0.7208,,,20251000,20251100,20251100
2025-09-11 04:00:00,0.7211,,,20251000,20251100,20251100
2025-09-11 05:00:00,0.7206,0.7205,0.7205,20251000,20251100,20251100
2025-09-11 06:00:00,0.7195,,,20251000,20251100,20251100
2025-09-11 07:00:00,0.7193,,,20251000,20251100,20251100
2025-09-11 08:00:00,0.7199,,,20251000,20251100,20251100
2025-09-11 09:00:00,0.7195,,,20251000,20251100,20251100
2025-09-11 10:00:00,0.7195,,,20251000,20251100,20251100
2025-09-11 11:00:00,0.7195,,,20251000,20251100,20251100
2025-09-11 12:00:00,0.7206,,,20251000,20251100,20251100
2025-09-11 13:00:00,0.721,,,20251000,20251100,20251100
2025-09-11 14:00:00,0.7215,,,20251000,20251100,20251100
2025-09-11 15:00:00,0.7212,,,20251000,20251100,20251100
2025-09-11 16:00:00,0.7214,,,20251000,20251100,20251100
2025-09-11 17:00:00,0.7213,,,20251000,20251100,20251100
2025-09-11 18:00:00,0.7207,,,20251000,20251100,20251100
2025-09-11 19:00:00,0.7212,,,20251000,20251100,20251100
2025-09-11 20:00:00,0.7213,,,20251000,20251100,20251100
2025-09-11 23:00:00,0.7199,,,20251000,20251100,20251100
2025-09-12 00:00:00,0.7213,,,20251000,20251100,20251100
2025-09-12 01:00:00,0.7213,,,20251000,20251100,20251100
2025-09-12 02:00:00,0.7215,,,20251000,20251100,20251100
2025-09-12 03:00:00,0.7217,,,20251000,20251100,20251100
2025-09-12 04:00:00,0.7222,,,20251000,20251100,20251100
2025-09-12 05:00:00,0.7216,0.7211,0.7211,20251000,20251100,20251100
2025-09-12 06:00:00,,0.7242,0.7242,20251100,20251200,20251200
2025-09-12 07:00:00,,0.7245,0.7245,20251100,20251200,20251200
2025-09-12 11:00:00,,0.7227,0.7227,20251100,20251200,20251200
2025-09-12 17:00:00,,0.7217,0.7217,20251100,20251200,20251200
2025-09-12 19:00:00,,0.7217,0.7217,20251100,20251200,20251200
