DATETIME,price
2001-08-27,42.05
2001-08-28,42.1
2001-08-29,42.03
2001-08-30,42.04
2001-08-31,41.85
2001-09-03,41.83
2001-09-04,41.99
2001-09-05,42.16
2001-09-06,42.28
2001-09-07,42.39
2001-09-10,42.44
2001-09-11,42.25
2001-09-12,42.21
2001-09-13,42.01
2001-09-14,41.94
2001-09-17,41.8
2001-09-18,41.95
2001-09-19,41.97
2001-09-20,41.94
2001-09-21,42.07
2001-09-24,42.23
2001-09-25,42.25
2001-09-26,42.18
2001-09-27,42.22
2001-09-28,42.25
2001-10-01,42.38
2001-10-02,42.48
2001-10-03,42.48
2001-10-04,42.45
2001-10-05,42.56
2001-10-08,42.58
2001-10-09,42.63
2001-10-10,42.6
2001-10-11,42.57
2001-10-12,42.52
2001-10-15,42.4
2001-10-16,42.43
2001-10-17,42.53
2001-10-18,42.55
2001-10-19,42.55
2001-10-22,42.57
2001-10-23,42.6
2001-10-24,42.59
2001-10-25,42.58
2001-10-26,42.68
2001-10-29,42.6
2001-10-30,42.5
2001-10-31,42.51
2001-11-01,42.53
2001-11-02,42.53
2001-11-05,42.47
2001-11-06,42.48
2001-11-07,42.46
2001-11-08,42.25
2001-11-09,42.25
2001-11-12,42.19
2001-11-13,42.2
2001-11-14,42.23
2001-11-15,42.25
2001-11-16,42.31
2001-11-19,42.29
2001-11-20,42.2
2001-11-21,42.16
2001-11-22,42.15
2001-11-23,41.94
2001-11-26,41.95
2001-11-27,41.84
2001-11-28,41.9
2001-11-29,41.87
2001-11-30,41.72
2001-12-03,41.79
2001-12-04,41.83
2001-12-05,41.75
2001-12-06,41.68
2001-12-07,41.63
2001-12-10,41.65
2001-12-11,41.56
2001-12-12,41.49
2001-12-13,41.49
2001-12-14,41.63
2001-12-17,41.66
2001-12-18,41.61
2001-12-19,41.57
2001-12-20,41.67
2001-12-21,41.77
2001-12-24,41.76
2001-12-25,41.81
2001-12-26,41.87
2001-12-27,42.06
2001-12-28,42.0
2001-12-31,42.01
2002-01-02,42.0
2002-01-03,41.83
2002-01-04,41.69
2002-01-07,41.64
2002-01-08,41.88
2002-01-09,41.87
2002-01-10,41.89
2002-01-11,41.78
2002-01-14,41.7
2002-01-15,41.61
2002-01-16,41.73
2002-01-17,41.72
2002-01-18,41.77
2002-01-21,41.77
2002-01-22,42.02
2002-01-23,41.97
2002-01-24,41.97
2002-01-25,41.87
2002-01-28,41.86
2002-01-29,41.84
2002-01-30,41.76
2002-01-31,41.85
2002-02-01,41.84
2002-02-04,41.75
2002-02-05,41.81
2002-02-06,41.76
2002-02-07,41.62
2002-02-08,41.71
2002-02-11,41.65
2002-02-12,41.59
2002-02-13,41.62
2002-02-14,41.34
2002-02-15,41.41
2002-02-18,41.4
2002-02-19,41.54
2002-02-20,41.57
2002-02-21,41.67
2002-02-22,41.71
2002-02-25,41.62
2002-02-26,41.66
2002-02-27,41.61
2002-02-28,41.47
2002-03-01,41.48
2002-03-04,41.4
2002-03-05,41.39
2002-03-06,41.3
2002-03-07,41.02
2002-03-08,41.16
2002-03-11,41.08
2002-03-12,40.99
2002-03-13,41.09
2002-03-14,40.99
2002-03-15,41.04
2002-03-18,41.14
2002-03-19,41.26
2002-03-20,41.12
2002-03-21,41.09
2002-03-22,41.18
2002-03-25,41.19
2002-03-26,41.15
2002-03-27,41.12
2002-03-28,41.35
2002-03-29,41.3
2002-04-01,41.4
2002-04-02,41.56
2002-04-03,41.45
2002-04-04,41.4
2002-04-05,41.36
2002-04-08,41.4
2002-04-09,41.3
2002-04-10,41.3
2002-04-11,41.33
2002-04-12,41.34
2002-04-15,41.28
2002-04-16,41.25
2002-04-17,41.14
2002-04-18,41.05
2002-04-19,41.09
2002-04-22,41.12
2002-04-23,41.11
2002-04-24,41.09
2002-04-25,41.04
2002-04-26,41.02
2002-04-29,41.03
2002-04-30,41.07
2002-05-01,41.02
2002-05-02,40.94
2002-05-03,40.88
2002-05-06,40.76
2002-05-07,40.73
2002-05-08,40.75
2002-05-09,40.72
2002-05-10,40.68
2002-05-13,40.63
2002-05-14,40.7
2002-05-15,40.66
2002-05-16,40.67
2002-05-17,40.39
2002-05-20,40.4
2002-05-21,40.51
2002-05-22,40.58
2002-05-23,40.67
2002-05-24,40.65
2002-05-27,40.58
2002-05-28,40.36
2002-05-29,40.27
2002-05-30,40.23
2002-05-31,40.15
2002-06-03,40.21
2002-06-04,40.15
2002-06-05,40.31
2002-06-06,40.28
2002-06-07,40.18
2002-06-10,40.27
2002-06-11,40.14
2002-06-12,40.11
2002-06-13,40.03
2002-06-14,39.96
2002-06-17,39.98
2002-06-18,39.99
2002-06-19,39.93
2002-06-20,39.87
2002-06-21,39.83
2002-06-24,39.62
2002-06-25,39.68
2002-06-26,39.56
2002-06-27,39.46
2002-06-28,39.32
2002-07-01,39.39
2002-07-02,39.31
2002-07-03,39.39
2002-07-04,39.37
2002-07-05,39.42
2002-07-08,39.2
2002-07-09,39.04
2002-07-10,38.85
2002-07-11,38.97
2002-07-12,38.87
2002-07-15,38.5
2002-07-16,38.14
2002-07-17,38.3
2002-07-18,38.37
2002-07-19,38.25
2002-07-22,38.24
2002-07-23,38.72
2002-07-24,38.96
2002-07-25,38.88
2002-07-26,39.83
2002-07-29,40.26
2002-07-30,39.93
2002-07-31,39.83
2002-08-01,39.92
2002-08-02,39.83
2002-08-05,39.93
2002-08-06,40.4
2002-08-07,40.18
2002-08-08,40.28
2002-08-09,40.16
2002-08-12,39.93
2002-08-13,39.94
2002-08-14,39.73
2002-08-15,39.63
2002-08-16,39.58
2002-08-19,39.86
2002-08-20,39.69
2002-08-21,39.86
2002-08-22,40.06
2002-08-23,40.09
2002-08-26,40.14
2002-08-27,39.98
2002-08-28,40.0
2002-08-29,40.01
2002-08-30,40.02
2002-09-02,39.98
2002-09-03,39.97
2002-09-04,40.01
2002-09-05,39.97
2002-09-06,40.08
2002-09-09,40.21
2002-09-10,40.24
2002-09-11,40.3
2002-09-12,40.27
2002-09-13,40.68
2002-09-16,41.09
2002-09-17,40.81
2002-09-18,40.73
2002-09-19,40.76
2002-09-20,41.15
2002-09-23,41.24
2002-09-24,41.23
2002-09-25,41.25
2002-09-26,41.21
2002-09-27,41.19
2002-09-30,41.06
2002-10-01,41.26
2002-10-02,41.29
2002-10-03,41.35
2002-10-04,41.32
2002-10-07,41.66
2002-10-08,41.56
2002-10-09,41.48
2002-10-10,41.61
2002-10-11,41.68
2002-10-14,41.84
2002-10-15,41.98
2002-10-16,41.62
2002-10-17,41.52
2002-10-18,41.56
2002-10-21,41.41
2002-10-22,41.42
2002-10-23,41.46
2002-10-24,41.4
2002-10-25,41.25
2002-10-28,41.22
2002-10-29,41.12
2002-10-30,41.24
2002-10-31,41.11
2002-11-01,41.08
2002-11-04,41.07
2002-11-05,41.04
2002-11-06,41.13
2002-11-07,40.98
2002-11-08,40.77
2002-11-11,40.77
2002-11-12,40.97
2002-11-13,41.1
2002-11-14,41.2
2002-11-15,41.25
2002-11-18,41.17
2002-11-19,41.23
2002-11-20,41.31
2002-11-21,41.21
2002-11-22,41.18
2002-11-25,41.21
2002-11-26,41.2
2002-11-27,41.19
2002-11-28,41.19
2002-11-29,41.27
2002-12-02,41.51
2002-12-03,41.45
2002-12-04,41.5
2002-12-05,41.61
2002-12-06,41.38
2002-12-09,41.21
2002-12-10,41.19
2002-12-11,41.17
2002-12-12,41.15
2002-12-13,41.08
2002-12-16,40.98
2002-12-17,40.91
2002-12-18,40.8
2002-12-19,40.81
2002-12-20,40.92
2002-12-23,40.8
2002-12-24,40.72
2002-12-26,40.83
2002-12-27,41.06
2002-12-30,41.09
2002-12-31,40.91
2003-01-02,40.96
2003-01-03,40.8
2003-01-06,40.64
2003-01-07,40.66
2003-01-08,40.45
2003-01-09,40.51
2003-01-10,40.63
2003-01-13,40.56
2003-01-14,40.41
2003-01-15,40.45
2003-01-16,40.46
2003-01-17,40.54
2003-01-20,40.59
2003-01-21,40.62
2003-01-22,40.52
2003-01-23,40.45
2003-01-24,40.46
2003-01-27,40.48
2003-01-28,40.47
2003-01-29,40.45
2003-01-30,40.52
2003-01-31,40.56
2003-02-03,40.6
2003-02-04,40.5
2003-02-05,40.56
2003-02-06,40.55
2003-02-07,40.72
2003-02-10,40.94
2003-02-11,40.88
2003-02-12,40.81
2003-02-13,40.85
2003-02-14,40.89
2003-02-17,41.0
2003-02-18,40.81
2003-02-19,40.82
2003-02-20,40.73
2003-02-21,40.68
2003-02-24,40.7
2003-02-25,40.5
2003-02-26,40.57
2003-02-27,40.46
2003-02-28,40.59
2003-03-03,40.47
2003-03-04,40.5
2003-03-05,40.34
2003-03-06,40.41
2003-03-07,40.31
2003-03-10,40.26
2003-03-11,40.25
2003-03-12,40.52
2003-03-13,40.61
2003-03-14,40.53
2003-03-17,40.57
2003-03-18,40.71
2003-03-19,40.83
2003-03-20,40.79
2003-03-21,40.85
2003-03-24,40.7
2003-03-25,40.65
2003-03-26,40.71
2003-03-27,40.65
2003-03-28,40.74
2003-03-31,40.64
2003-04-01,40.65
2003-04-02,40.77
2003-04-03,40.87
2003-04-04,40.89
2003-04-07,40.96
2003-04-08,40.85
2003-04-09,40.79
2003-04-10,40.64
2003-04-11,40.78
2003-04-14,40.7
2003-04-15,40.74
2003-04-16,40.69
2003-04-17,40.54
2003-04-18,40.55
2003-04-21,40.52
2003-04-22,40.54
2003-04-23,40.6
2003-04-24,40.5
2003-04-25,40.84
2003-04-28,40.74
2003-04-29,40.67
2003-04-30,40.68
2003-05-01,40.6
2003-05-02,40.59
2003-05-05,40.5
2003-05-06,40.4
2003-05-07,40.27
2003-05-08,40.37
2003-05-09,40.37
2003-05-12,40.18
2003-05-13,40.16
2003-05-14,39.95
2003-05-15,39.88
2003-05-16,39.93
2003-05-19,39.83
2003-05-20,39.81
2003-05-21,39.75
2003-05-22,39.85
2003-05-23,39.63
2003-05-26,39.57
2003-05-27,39.45
2003-05-28,39.83
2003-05-29,39.62
2003-05-30,39.53
2003-06-02,39.5
2003-06-03,39.44
2003-06-04,39.46
2003-06-05,39.37
2003-06-06,39.45
2003-06-09,39.49
2003-06-10,39.57
2003-06-11,39.61
2003-06-12,39.54
2003-06-13,39.44
2003-06-16,39.33
2003-06-17,39.35
2003-06-18,39.42
2003-06-19,39.44
2003-06-20,39.39
2003-06-23,39.38
2003-06-24,39.34
2003-06-25,39.31
2003-06-26,39.49
2003-06-27,39.8
2003-06-30,39.88
2003-07-01,39.7
2003-07-02,39.73
2003-07-03,39.54
2003-07-04,39.44
2003-07-07,39.4
2003-07-08,39.47
2003-07-09,39.43
2003-07-10,39.47
2003-07-11,39.44
2003-07-14,39.41
2003-07-15,39.31
2003-07-16,39.45
2003-07-17,39.48
2003-07-18,39.53
2003-07-21,39.46
2003-07-22,39.65
2003-07-23,39.78
2003-07-24,39.71
2003-07-25,39.73
2003-07-28,39.78
2003-07-29,39.81
2003-07-30,39.84
2003-07-31,39.77
2003-08-01,39.78
2003-08-04,39.76
2003-08-05,39.82
2003-08-06,39.86
2003-08-07,39.68
2003-08-08,39.72
2003-08-11,39.6
2003-08-12,39.61
2003-08-13,39.55
2003-08-14,39.47
2003-08-15,39.44
2003-08-18,39.4
2003-08-19,39.47
2003-08-20,39.42
2003-08-21,39.29
2003-08-22,39.3
2003-08-25,39.11
2003-08-26,39.15
2003-08-27,39.04
2003-08-28,38.91
2003-08-29,38.95
2003-09-01,38.76
2003-09-02,38.75
2003-09-03,38.6
2003-09-04,38.63
2003-09-05,38.52
2003-09-08,38.49
2003-09-09,38.31
2003-09-10,38.12
2003-09-11,38.6
2003-09-12,38.54
2003-09-15,38.44
2003-09-16,38.32
2003-09-17,38.43
2003-09-18,38.28
2003-09-19,38.18
2003-09-22,37.87
2003-09-23,37.92
2003-09-24,37.9
2003-09-25,37.91
2003-09-26,37.93
2003-09-29,37.88
2003-09-30,37.87
2003-10-01,37.58
2003-10-02,37.42
2003-10-03,37.38
2003-10-06,37.43
2003-10-07,37.2
2003-10-08,37.07
2003-10-09,37.01
2003-10-10,36.88
2003-10-13,37.17
2003-10-14,37.44
2003-10-15,37.65
2003-10-16,37.69
2003-10-17,37.72
2003-10-20,37.78
2003-10-21,37.78
2003-10-22,37.72
2003-10-23,37.53
2003-10-24,37.65
2003-10-27,37.77
2003-10-28,37.75
2003-10-29,37.73
2003-10-30,37.68
2003-10-31,37.72
2003-11-03,37.72
2003-11-04,37.68
2003-11-05,37.7
2003-11-06,37.7
2003-11-07,37.73
2003-11-10,37.69
2003-11-11,37.71
2003-11-12,37.75
2003-11-13,37.71
2003-11-14,37.7
2003-11-17,37.7
2003-11-18,37.69
2003-11-19,37.71
2003-11-20,37.68
2003-11-21,37.68
2003-11-24,37.67
2003-11-25,37.72
2003-11-26,37.7
2003-11-27,37.71
2003-11-28,37.72
2003-12-01,37.7
2003-12-02,37.7
2003-12-03,37.69
2003-12-04,37.71
2003-12-05,37.71
2003-12-08,37.69
2003-12-09,37.57
2003-12-10,37.61
2003-12-11,37.57
2003-12-12,37.4
2003-12-15,37.47
2003-12-16,37.44
2003-12-17,37.46
2003-12-18,37.39
2003-12-19,37.39
2003-12-22,37.45
2003-12-23,37.36
2003-12-24,37.41
2003-12-25,37.45
2003-12-26,37.38
2003-12-29,37.4
2003-12-30,37.42
2003-12-31,37.43
2004-01-02,37.36
2004-01-05,37.11
2004-01-06,36.92
2004-01-07,36.78
2004-01-08,36.77
2004-01-09,36.82
2004-01-12,36.68
2004-01-13,36.71
2004-01-14,36.78
2004-01-15,36.81
2004-01-16,36.84
2004-01-19,36.84
2004-01-20,36.86
2004-01-21,36.82
2004-01-22,36.82
2004-01-23,36.96
2004-01-26,37.15
2004-01-27,36.92
2004-01-28,36.95
2004-01-29,37.05
2004-01-30,37.06
2004-02-02,37.0
2004-02-03,36.87
2004-02-04,36.83
2004-02-05,36.83
2004-02-06,36.87
2004-02-09,36.82
2004-02-10,36.72
2004-02-11,36.7
2004-02-12,36.64
2004-02-13,36.7
2004-02-16,36.7
2004-02-17,36.83
2004-02-18,36.9
2004-02-19,36.98
2004-02-20,36.99
2004-02-23,37.07
2004-02-24,37.01
2004-02-25,37.07
2004-02-26,37.1
2004-02-27,37.06
2004-03-01,37.08
2004-03-02,37.11
2004-03-03,37.31
2004-03-04,37.33
2004-03-05,37.14
2004-03-08,37.14
2004-03-09,37.23
2004-03-10,37.22
2004-03-11,37.18
2004-03-12,37.23
2004-03-15,37.26
2004-03-16,37.28
2004-03-17,37.26
2004-03-18,37.19
2004-03-19,37.26
2004-03-22,37.25
2004-03-23,37.29
2004-03-24,37.33
2004-03-25,37.33
2004-03-26,37.34
2004-03-29,37.34
2004-03-30,37.38
2004-03-31,37.05
2004-04-01,36.96
2004-04-02,36.97
2004-04-05,36.99
2004-04-06,36.91
2004-04-07,36.86
2004-04-08,36.9
2004-04-09,36.9
2004-04-12,36.99
2004-04-13,36.94
2004-04-14,37.21
2004-04-15,37.42
2004-04-16,37.17
2004-04-19,37.18
2004-04-20,37.19
2004-04-21,37.41
2004-04-22,37.44
2004-04-23,37.41
2004-04-26,37.46
2004-04-27,37.45
2004-04-28,37.64
2004-04-29,37.79
2004-04-30,37.81
2004-05-03,37.77
2004-05-04,37.79
2004-05-05,37.61
2004-05-06,37.59
2004-05-07,37.83
2004-05-10,38.25
2004-05-11,38.46
2004-05-12,38.38
2004-05-13,38.57
2004-05-14,38.67
2004-05-17,38.65
2004-05-18,38.68
2004-05-19,38.6
2004-05-20,38.61
2004-05-21,38.57
2004-05-24,38.59
2004-05-25,38.63
2004-05-26,38.58
2004-05-27,38.45
2004-05-28,38.37
2004-05-31,38.35
2004-06-01,38.47
2004-06-02,38.42
2004-06-03,38.47
2004-06-04,38.51
2004-06-07,38.42
2004-06-08,38.35
2004-06-09,38.34
2004-06-10,38.46
2004-06-11,38.49
2004-06-14,38.77
2004-06-15,38.67
2004-06-16,38.76
2004-06-17,38.65
2004-06-18,38.75
2004-06-21,38.74
2004-06-22,38.8
2004-06-23,38.78
2004-06-24,38.66
2004-06-25,38.63
2004-06-28,38.77
2004-06-29,38.68
2004-06-30,38.68
2004-07-01,38.62
2004-07-02,38.48
2004-07-05,38.57
2004-07-06,38.58
2004-07-07,38.59
2004-07-08,38.6
2004-07-09,38.54
2004-07-12,38.5
2004-07-13,38.57
2004-07-14,38.58
2004-07-15,38.64
2004-07-16,38.62
2004-07-19,38.61
2004-07-20,38.65
2004-07-21,38.86
2004-07-22,38.77
2004-07-23,38.87
2004-07-26,39.03
2004-07-27,39.11
2004-07-28,39.26
2004-07-29,39.29
2004-07-30,39.16
2004-08-02,39.12
2004-08-03,39.18
2004-08-04,39.27
2004-08-05,39.25
2004-08-06,39.15
2004-08-09,39.21
2004-08-10,39.23
2004-08-11,39.31
2004-08-12,39.31
2004-08-13,39.33
2004-08-16,39.33
2004-08-17,39.3
2004-08-18,39.32
2004-08-19,39.25
2004-08-20,39.24
2004-08-23,39.3
2004-08-24,39.24
2004-08-25,39.39
2004-08-26,39.46
2004-08-27,39.4
2004-08-30,39.47
2004-08-31,39.4
2004-09-01,39.37
2004-09-02,39.34
2004-09-03,39.38
2004-09-06,39.41
2004-09-07,39.44
2004-09-08,39.42
2004-09-09,39.4
2004-09-10,39.35
2004-09-13,39.31
2004-09-14,39.02
2004-09-15,39.09
2004-09-16,39.02
2004-09-17,39.09
2004-09-20,39.08
2004-09-21,39.09
2004-09-22,39.15
2004-09-23,39.19
2004-09-24,39.17
2004-09-27,39.34
2004-09-28,39.44
2004-09-29,39.33
2004-09-30,39.21
2004-10-01,39.15
2004-10-04,39.18
2004-10-05,39.22
2004-10-06,39.26
2004-10-07,39.18
2004-10-08,39.13
2004-10-11,39.06
2004-10-12,39.15
2004-10-13,39.24
2004-10-14,39.21
2004-10-15,39.25
2004-10-18,39.25
2004-10-19,39.13
2004-10-20,39.1
2004-10-21,39.13
2004-10-22,39.09
2004-10-25,38.82
2004-10-26,38.82
2004-10-27,38.89
2004-10-28,38.86
2004-10-29,38.85
2004-11-01,38.88
2004-11-02,38.88
2004-11-03,38.95
2004-11-04,38.75
2004-11-05,38.65
2004-11-08,38.49
2004-11-09,38.45
2004-11-10,38.5
2004-11-11,38.48
2004-11-12,38.13
2004-11-15,38.21
2004-11-16,38.11
2004-11-17,37.91
2004-11-18,37.96
2004-11-19,37.74
2004-11-22,37.61
2004-11-23,37.65
2004-11-24,37.52
2004-11-25,37.36
2004-11-26,37.23
2004-11-29,37.28
2004-11-30,37.22
2004-12-01,37.12
2004-12-02,37.12
2004-12-03,36.89
2004-12-06,36.96
2004-12-07,36.9
2004-12-08,37.23
2004-12-09,37.37
2004-12-10,37.48
2004-12-13,37.23
2004-12-14,37.27
2004-12-15,37.03
2004-12-16,37.01
2004-12-17,36.97
2004-12-20,36.87
2004-12-21,36.82
2004-12-22,36.86
2004-12-23,36.85
2004-12-24,36.78
2004-12-27,36.85
2004-12-28,36.86
2004-12-29,36.98
2004-12-30,36.8
2004-12-31,36.72
2005-01-03,36.71
2005-01-04,37.0
2005-01-05,36.9
2005-01-06,37.05
2005-01-07,36.96
2005-01-10,36.95
2005-01-11,36.79
2005-01-12,36.64
2005-01-13,36.51
2005-01-14,36.39
2005-01-17,36.29
2005-01-18,36.22
2005-01-19,36.28
2005-01-20,36.41
2005-01-21,36.36
2005-01-24,36.24
2005-01-25,36.39
2005-01-26,36.3
2005-01-27,36.27
2005-01-28,36.25
2005-01-31,36.35
2005-02-01,36.41
2005-02-02,36.28
2005-02-03,36.28
2005-02-04,36.13
2005-02-07,36.1
2005-02-08,36.31
2005-02-09,36.37
2005-02-10,36.32
2005-02-11,36.34
2005-02-14,36.13
2005-02-15,36.16
2005-02-16,36.34
2005-02-17,36.34
2005-02-18,36.34
2005-02-21,36.37
2005-02-22,36.13
2005-02-23,36.29
2005-02-24,36.25
2005-02-25,36.16
2005-02-28,36.04
2005-03-01,36.09
2005-03-02,36.15
2005-03-03,36.26
2005-03-04,36.19
2005-03-07,36.14
2005-03-08,36.11
2005-03-09,36.09
2005-03-10,36.06
2005-03-11,36.06
2005-03-14,36.12
2005-03-15,36.25
2005-03-16,36.23
2005-03-17,36.32
2005-03-18,36.32
2005-03-21,36.37
2005-03-22,36.43
2005-03-23,36.5
2005-03-24,36.72
2005-03-25,36.8
2005-03-28,37.07
2005-03-29,37.1
2005-03-30,37.09
2005-03-31,36.92
2005-04-01,37.02
2005-04-04,37.31
2005-04-05,37.38
2005-04-06,37.38
2005-04-07,37.43
2005-04-08,37.4
2005-04-11,37.4
2005-04-12,37.43
2005-04-13,37.3
2005-04-14,37.49
2005-04-15,37.49
2005-04-18,37.4
2005-04-19,37.35
2005-04-20,37.17
2005-04-21,37.4
2005-04-22,37.25
2005-04-25,37.23
2005-04-26,37.33
2005-04-27,37.36
2005-04-28,37.41
2005-04-29,37.25
2005-05-02,37.32
2005-05-03,37.33
2005-05-04,37.3
2005-05-05,37.25
2005-05-06,37.25
2005-05-09,37.34
2005-05-10,37.24
2005-05-11,37.21
2005-05-12,37.3
2005-05-13,37.43
2005-05-16,37.68
2005-05-17,37.62
2005-05-18,37.63
2005-05-19,37.72
2005-05-20,37.82
2005-05-23,37.86
2005-05-24,37.81
2005-05-25,37.95
2005-05-26,38.17
2005-05-27,38.17
2005-05-30,38.15
2005-05-31,38.44
2005-06-01,38.46
2005-06-02,38.49
2005-06-03,38.51
2005-06-06,38.34
2005-06-07,38.35
2005-06-08,38.38
2005-06-09,38.43
2005-06-10,38.5
2005-06-13,38.76
2005-06-14,38.72
2005-06-15,38.7
2005-06-16,38.74
2005-06-17,38.81
2005-06-20,38.95
2005-06-21,38.9
2005-06-22,38.97
2005-06-23,38.86
2005-06-24,38.9
2005-06-27,38.9
2005-06-28,39.04
2005-06-29,39.14
2005-06-30,39.13
2005-07-01,39.2
2005-07-04,39.26
2005-07-05,39.34
2005-07-06,39.41
2005-07-07,39.55
2005-07-08,39.84
2005-07-11,39.75
2005-07-12,39.55
2005-07-13,39.67
2005-07-14,39.63
2005-07-15,39.57
2005-07-18,39.55
2005-07-19,39.77
2005-07-20,39.93
2005-07-21,39.04
2005-07-22,39.18
2005-07-25,39.16
2005-07-26,39.37
2005-07-27,39.48
2005-07-28,39.61
2005-07-29,39.46
2005-08-01,39.34
2005-08-02,39.07
2005-08-03,39.03
2005-08-04,38.95
2005-08-05,38.93
2005-08-08,38.98
2005-08-09,38.98
2005-08-10,38.69
2005-08-11,38.61
2005-08-12,38.66
2005-08-15,38.82
2005-08-16,39.0
2005-08-17,39.1
2005-08-18,39.12
2005-08-19,39.05
2005-08-22,38.82
2005-08-23,38.76
2005-08-24,38.91
2005-08-25,38.88
2005-08-26,38.84
2005-08-29,39.08
2005-08-30,39.14
2005-08-31,39.03
2005-09-01,38.88
2005-09-02,38.81
2005-09-05,38.79
2005-09-06,38.9
2005-09-07,38.8
2005-09-08,38.77
2005-09-09,38.73
2005-09-12,38.7
2005-09-13,38.71
2005-09-14,38.71
2005-09-15,38.76
2005-09-16,38.84
2005-09-19,38.92
2005-09-20,38.87
2005-09-21,38.81
2005-09-22,38.87
2005-09-23,38.93
2005-09-26,39.03
2005-09-27,39.07
2005-09-28,38.97
2005-09-29,38.83
2005-09-30,38.87
2005-10-03,38.98
2005-10-04,38.9
2005-10-05,38.83
2005-10-06,38.76
2005-10-07,38.64
2005-10-10,38.61
2005-10-11,38.76
2005-10-12,38.74
2005-10-13,38.74
2005-10-14,38.62
2005-10-17,38.67
2005-10-18,38.65
2005-10-19,38.76
2005-10-20,38.72
2005-10-21,38.75
2005-10-24,38.7
2005-10-25,38.63
2005-10-26,38.65
2005-10-27,38.55
2005-10-28,38.57
2005-10-31,38.58
2005-11-01,38.58
2005-11-02,38.58
2005-11-03,38.65
2005-11-04,38.85
2005-11-07,38.85
2005-11-08,38.94
2005-11-09,39.03
2005-11-10,38.96
2005-11-11,38.87
2005-11-14,39.01
2005-11-15,38.97
2005-11-16,38.95
2005-11-17,38.97
2005-11-18,38.98
2005-11-21,39.02
2005-11-22,39.03
2005-11-23,38.96
2005-11-24,39.0
2005-11-25,39.04
2005-11-28,39.03
2005-11-29,39.03
2005-11-30,39.05
2005-12-01,39.1
2005-12-02,39.18
2005-12-05,39.16
2005-12-06,39.16
2005-12-07,39.08
2005-12-08,39.05
2005-12-09,39.06
2005-12-12,39.03
2005-12-13,38.93
2005-12-14,38.82
2005-12-15,38.75
2005-12-16,38.73
2005-12-19,38.75
2005-12-20,38.75
2005-12-21,38.73
2005-12-22,38.73
2005-12-23,38.72
2005-12-26,38.75
2005-12-27,38.74
2005-12-28,38.74
2005-12-29,38.82
2005-12-30,38.83
2006-01-02,38.83
2006-01-03,38.57
2006-01-04,38.19
2006-01-05,38.0
2006-01-06,37.62
2006-01-09,37.51
2006-01-10,37.6
2006-01-11,37.48
2006-01-12,37.3
2006-01-13,37.38
2006-01-16,37.46
2006-01-17,37.56
2006-01-18,37.28
2006-01-19,37.1
2006-01-20,36.98
2006-01-23,36.95
2006-01-24,37.13
2006-01-25,36.91
2006-01-26,36.76
2006-01-27,36.82
2006-01-30,36.93
2006-01-31,36.73
2006-02-01,37.1
2006-02-02,37.18
2006-02-03,37.19
2006-02-06,37.25
2006-02-07,37.39
2006-02-08,37.5
2006-02-09,37.28
2006-02-10,37.06
2006-02-13,37.01
2006-02-14,37.13
2006-02-15,37.11
2006-02-16,37.17
2006-02-17,37.06
2006-02-20,37.15
2006-02-21,37.25
2006-02-22,37.35
2006-02-23,37.11
2006-02-24,37.17
2006-02-27,37.02
2006-02-28,36.91
2006-03-01,36.7
2006-03-02,36.48
2006-03-03,36.67
2006-03-06,36.62
2006-03-07,36.88
2006-03-08,37.04
2006-03-09,36.97
2006-03-10,36.93
2006-03-13,36.93
2006-03-14,36.99
2006-03-15,36.97
2006-03-16,36.91
2006-03-17,36.6
2006-03-20,36.54
2006-03-21,36.68
2006-03-22,36.79
2006-03-23,36.91
2006-03-24,36.81
2006-03-27,36.66
2006-03-28,36.7
2006-03-29,36.73
2006-03-30,36.65
2006-03-31,36.68
2006-04-03,36.62
2006-04-04,36.32
2006-04-05,36.05
2006-04-06,36.06
2006-04-07,36.02
2006-04-10,35.82
2006-04-11,35.85
2006-04-12,35.88
2006-04-13,35.91
2006-04-14,35.89
2006-04-17,35.85
2006-04-18,35.64
2006-04-19,35.6
2006-04-20,35.59
2006-04-21,35.63
2006-04-24,35.36
2006-04-25,35.45
2006-04-26,35.5
2006-04-27,35.32
2006-04-28,35.33
2006-05-01,35.25
2006-05-02,35.37
2006-05-03,35.49
2006-05-04,35.56
2006-05-05,35.61
2006-05-08,35.33
2006-05-09,35.45
2006-05-10,35.4
2006-05-11,35.52
2006-05-12,35.7
2006-05-15,36.06
2006-05-16,35.79
2006-05-17,36.09
2006-05-18,35.9
2006-05-19,35.95
2006-05-22,36.1
2006-05-23,36.07
2006-05-24,36.33
2006-05-25,36.11
2006-05-26,36.18
2006-05-29,36.05
2006-05-30,36.02
2006-05-31,35.93
2006-06-01,35.98
2006-06-02,35.95
2006-06-05,35.94
2006-06-06,36.07
2006-06-07,36.07
2006-06-08,36.3
2006-06-09,36.21
2006-06-12,36.25
2006-06-13,36.35
2006-06-14,36.23
2006-06-15,36.18
2006-06-16,36.25
2006-06-19,36.28
2006-06-20,36.2
2006-06-21,36.16
2006-06-22,36.23
2006-06-23,36.25
2006-06-26,36.3
2006-06-27,36.21
2006-06-28,36.23
2006-06-29,36.17
2006-06-30,35.92
2006-07-03,35.84
2006-07-04,35.66
2006-07-05,35.96
2006-07-06,35.95
2006-07-07,35.7
2006-07-10,35.64
2006-07-11,35.62
2006-07-12,35.73
2006-07-13,35.72
2006-07-14,35.86
2006-07-17,36.01
2006-07-18,35.97
2006-07-19,35.89
2006-07-20,35.81
2006-07-21,35.73
2006-07-24,35.79
2006-07-25,35.83
2006-07-26,35.75
2006-07-27,35.61
2006-07-28,35.68
2006-07-31,35.65
2006-08-01,35.7
2006-08-02,35.63
2006-08-03,35.69
2006-08-04,35.59
2006-08-07,35.49
2006-08-08,35.28
2006-08-09,35.39
2006-08-10,35.28
2006-08-11,35.2
2006-08-14,35.14
2006-08-15,35.2
2006-08-16,35.28
2006-08-17,35.47
2006-08-18,35.36
2006-08-21,35.29
2006-08-22,35.43
2006-08-23,35.42
2006-08-24,35.5
2006-08-25,35.5
2006-08-28,35.46
2006-08-29,35.38
2006-08-30,35.39
2006-08-31,35.38
2006-09-01,35.29
2006-09-04,35.16
2006-09-05,35.18
2006-09-06,35.17
2006-09-07,35.18
2006-09-08,35.25
2006-09-11,35.3
2006-09-12,35.28
2006-09-13,35.14
2006-09-14,35.09
2006-09-15,35.06
2006-09-18,35.09
2006-09-19,35.57
2006-09-20,35.5
2006-09-21,35.33
2006-09-22,35.15
2006-09-25,35.28
2006-09-26,35.32
2006-09-27,35.34
2006-09-28,35.35
2006-09-29,35.37
2006-10-02,35.39
2006-10-03,35.36
2006-10-04,35.41
2006-10-05,35.41
2006-10-06,35.43
2006-10-09,35.4
2006-10-10,35.27
2006-10-11,35.23
2006-10-12,35.31
2006-10-13,35.24
2006-10-16,35.24
2006-10-17,35.16
2006-10-18,35.18
2006-10-19,35.11
2006-10-20,35.05
2006-10-23,35.08
2006-10-24,35.02
2006-10-25,34.91
2006-10-26,34.82
2006-10-27,34.51
2006-10-30,34.58
2006-10-31,34.49
2006-11-01,34.45
2006-11-02,34.5
2006-11-03,34.54
2006-11-06,34.52
2006-11-07,34.47
2006-11-08,34.49
2006-11-09,34.45
2006-11-10,34.38
2006-11-13,34.32
2006-11-14,34.2
2006-11-15,34.33
2006-11-16,34.33
2006-11-17,34.41
2006-11-20,34.42
2006-11-21,34.42
2006-11-22,34.4
2006-11-23,34.35
2006-11-24,34.33
2006-11-27,34.21
2006-11-28,34.11
2006-11-29,33.85
2006-11-30,33.69
2006-12-01,33.61
2006-12-04,33.55
2006-12-05,33.36
2006-12-06,33.47
2006-12-07,33.36
2006-12-08,33.37
2006-12-11,33.33
2006-12-12,33.09
2006-12-13,33.05
2006-12-14,33.0
2006-12-15,33.01
2006-12-18,33.77
2006-12-19,33.7
2006-12-20,34.19
2006-12-21,34.29
2006-12-22,34.06
2006-12-25,34.21
2006-12-26,33.96
2006-12-27,33.61
2006-12-28,33.41
2006-12-29,33.24
2007-01-02,33.21
2007-01-03,33.37
2007-01-04,33.6
2007-01-05,33.6
2007-01-08,33.43
2007-01-09,33.75
2007-01-10,33.77
2007-01-11,33.69
2007-01-12,33.7
2007-01-15,33.83
2007-01-16,33.7
2007-01-17,33.6
2007-01-18,32.94
2007-01-19,33.0
2007-01-22,32.93
2007-01-23,32.82
2007-01-24,33.0
2007-01-25,31.94
2007-01-26,31.28
2007-01-29,33.58
2007-01-30,32.29
2007-01-31,32.55
2007-02-01,32.9
2007-02-02,32.68
2007-02-05,32.49
2007-02-06,32.0
2007-02-07,32.13
2007-02-08,32.1
2007-02-09,31.6
2007-02-12,31.55
2007-02-13,31.35
2007-02-14,31.19
2007-02-15,31.15
2007-02-16,31.18
2007-02-19,31.49
2007-02-20,31.49
2007-02-21,31.63
2007-02-22,31.68
2007-02-23,31.34
2007-02-26,32.54
2007-02-27,31.88
2007-02-28,31.66
2007-03-01,31.65
2007-03-02,31.47
2007-03-05,30.9
2007-03-06,30.49
2007-03-07,30.55
2007-03-08,30.72
2007-03-09,30.59
2007-03-12,30.85
2007-03-13,30.62
2007-03-14,30.9
2007-03-15,30.7
2007-03-16,30.73
2007-03-19,30.55
2007-03-20,30.59
2007-03-21,29.94
2007-03-22,29.79
2007-03-23,29.73
2007-03-26,30.63
2007-03-27,29.86
2007-03-28,29.97
2007-03-29,30.15
2007-03-30,30.05
2007-04-02,30.35
2007-04-03,30.45
2007-04-04,30.13
2007-04-05,30.25
2007-04-06,30.23
2007-04-09,30.41
2007-04-10,30.44
2007-04-11,30.2
2007-04-12,30.35
2007-04-13,30.39
2007-04-16,30.4
2007-04-17,30.42
2007-04-18,30.07
2007-04-19,30.33
2007-04-20,30.22
2007-04-23,30.28
2007-04-24,30.3
2007-04-25,30.19
2007-04-26,30.26
2007-04-27,30.62
2007-04-30,30.57
2007-05-01,30.65
2007-05-02,30.48
2007-05-03,30.6
2007-05-04,30.43
2007-05-07,30.35
2007-05-08,30.5
2007-05-09,30.32
2007-05-10,30.25
2007-05-11,30.4
2007-05-14,30.97
2007-05-15,30.9
2007-05-16,31.0
2007-05-17,30.99
2007-05-18,30.79
2007-05-21,30.5
2007-05-22,30.8
2007-05-23,30.5
2007-05-24,30.65
2007-05-25,30.28
2007-05-28,30.42
2007-05-29,30.65
2007-05-30,30.4
2007-05-31,30.65
2007-06-01,30.5
2007-06-04,30.77
2007-06-05,30.41
2007-06-06,30.5
2007-06-07,30.5
2007-06-08,30.2
2007-06-11,30.14
2007-06-12,30.1
2007-06-13,30.01
2007-06-14,30.2
2007-06-15,30.1
2007-06-18,30.05
2007-06-19,30.26
2007-06-20,29.88
2007-06-21,29.87
2007-06-22,29.84
2007-06-25,29.95
2007-06-26,30.09
2007-06-27,29.3
2007-06-28,29.3
2007-06-29,29.5
2007-07-02,29.52
2007-07-03,29.55
2007-07-04,29.35
2007-07-05,28.97
2007-07-06,29.44
2007-07-09,29.42
2007-07-10,29.17
2007-07-11,28.33
2007-07-12,28.69
2007-07-13,28.31
2007-07-16,27.37
2007-07-17,28.13
2007-07-18,27.96
2007-07-19,27.74
2007-07-20,27.64
2007-07-23,27.19
2007-07-24,27.92
2007-07-25,27.72
2007-07-26,27.47
2007-07-27,27.51
2007-07-30,27.65
2007-07-31,27.75
2007-08-01,27.66
2007-08-02,27.61
2007-08-03,27.72
2007-08-06,27.84
2007-08-07,28.1
2007-08-08,28.59
2007-08-09,29.06
2007-08-10,29.26
2007-08-13,29.1
2007-08-14,29.64
2007-08-15,29.8
2007-08-16,30.83
2007-08-17,31.02
2007-08-20,30.56
2007-08-21,30.67
2007-08-22,30.36
2007-08-23,30.2
2007-08-24,30.68
2007-08-27,30.65
2007-08-28,30.64
2007-08-29,30.53
2007-08-30,30.4
2007-08-31,30.32
2007-09-03,30.09
2007-09-04,30.45
2007-09-05,30.39
2007-09-06,30.31
2007-09-07,30.38
2007-09-10,30.27
2007-09-11,30.08
2007-09-12,30.29
2007-09-13,29.88
2007-09-14,29.75
2007-09-17,29.96
2007-09-18,29.51
2007-09-19,29.81
2007-09-20,29.74
2007-09-21,29.6
2007-09-24,29.68
2007-09-25,29.7
2007-09-26,29.33
2007-09-27,29.4
2007-09-28,29.59
2007-10-01,29.62
2007-10-02,29.49
2007-10-03,29.47
2007-10-04,29.53
2007-10-05,29.45
2007-10-08,29.23
2007-10-09,29.22
2007-10-10,29.34
2007-10-11,29.35
2007-10-12,29.29
2007-10-15,29.32
2007-10-16,29.26
2007-10-17,29.34
2007-10-18,29.29
2007-10-19,29.26
2007-10-22,29.2
2007-10-23,29.29
2007-10-24,29.3
2007-10-25,29.3
2007-10-26,29.53
2007-10-29,29.5
2007-10-30,29.39
2007-10-31,29.43
2007-11-01,29.51
2007-11-02,29.6
2007-11-05,29.44
2007-11-06,29.24
2007-11-07,29.52
2007-11-08,29.44
2007-11-09,29.4
2007-11-12,29.48
2007-11-13,29.36
2007-11-14,29.3
2007-11-15,29.41
2007-11-16,29.41
2007-11-19,29.32
2007-11-20,29.19
2007-11-21,29.24
2007-11-22,29.19
2007-11-23,28.96
2007-11-26,28.92
2007-11-27,28.92
2007-11-28,28.52
2007-11-29,28.53
2007-11-30,28.49
2007-12-03,28.36
2007-12-04,28.3
2007-12-05,28.25
2007-12-06,28.2
2007-12-07,27.96
2007-12-10,27.96
2007-12-11,28.05
2007-12-12,27.9
2007-12-13,27.9
2007-12-14,27.85
2007-12-17,28.07
2007-12-18,28.3
2007-12-19,28.09
2007-12-20,28.3
2007-12-21,28.19
2007-12-24,28.18
2007-12-26,27.95
2007-12-27,27.82
2007-12-28,27.81
2007-12-31,27.61
2008-01-02,27.65
2008-01-03,27.66
2008-01-04,27.47
2008-01-07,27.46
2008-01-08,27.38
2008-01-09,27.35
2008-01-10,27.26
2008-01-11,27.3
2008-01-14,27.4
2008-01-15,27.48
2008-01-16,27.47
2008-01-17,28.01
2008-01-18,28.74
2008-01-21,28.76
2008-01-22,28.6
2008-01-23,28.8
2008-01-24,28.73
2008-01-25,28.94
2008-01-28,29.1
2008-01-29,29.05
2008-01-30,29.26
2008-01-31,29.0
2008-02-01,28.83
2008-02-04,28.95
2008-02-05,28.89
2008-02-06,28.77
2008-02-07,29.18
2008-02-08,29.01
2008-02-11,29.47
2008-02-12,29.78
2008-02-13,29.76
2008-02-14,29.76
2008-02-15,29.64
2008-02-18,29.36
2008-02-19,29.46
2008-02-20,29.33
2008-02-21,29.21
2008-02-22,29.93
2008-02-25,28.57
2008-02-26,27.92
2008-02-27,27.58
2008-02-28,27.4
2008-02-29,27.4
2008-03-03,29.29
2008-03-04,29.24
2008-03-05,29.24
2008-03-06,29.33
2008-03-07,29.17
2008-03-10,29.2
2008-03-11,29.36
2008-03-12,29.33
2008-03-13,29.15
2008-03-14,29.15
2008-03-17,29.08
2008-03-18,29.14
2008-03-19,29.0
2008-03-20,29.05
2008-03-21,28.88
2008-03-24,29.11
2008-03-25,29.3
2008-03-26,29.15
2008-03-27,29.14
2008-03-28,29.2
2008-03-31,29.15
2008-04-01,29.16
2008-04-02,29.1
2008-04-03,29.43
2008-04-04,29.35
2008-04-07,29.33
2008-04-08,29.34
2008-04-09,29.58
2008-04-10,29.3
2008-04-11,29.3
2008-04-14,29.34
2008-04-15,29.32
2008-04-16,29.26
2008-04-17,29.17
2008-04-18,29.25
2008-04-21,29.09
2008-04-22,29.2
2008-04-23,29.2
2008-04-24,29.4
2008-04-25,29.41
2008-04-28,29.52
2008-04-29,29.41
2008-04-30,29.44
2008-05-01,29.3
2008-05-02,29.4
2008-05-05,29.31
2008-05-06,29.37
2008-05-07,29.48
2008-05-08,29.5
2008-05-09,29.75
2008-05-12,29.95
2008-05-13,29.99
2008-05-14,30.1
2008-05-15,30.18
2008-05-16,30.13
2008-05-19,29.93
2008-05-20,29.8
2008-05-21,29.79
2008-05-22,29.55
2008-05-23,29.72
2008-05-26,29.8
2008-05-27,29.98
2008-05-28,30.0
2008-05-29,30.17
2008-05-30,30.13
2008-06-02,30.35
2008-06-03,30.24
2008-06-04,30.39
2008-06-05,30.49
2008-06-06,30.72
2008-06-09,31.05
2008-06-10,30.8
2008-06-11,30.8
2008-06-12,30.72
2008-06-13,30.86
2008-06-16,31.04
2008-06-17,30.9
2008-06-18,30.9
2008-06-19,31.11
2008-06-20,31.07
2008-06-23,31.24
2008-06-24,31.21
2008-06-25,31.1
2008-06-26,31.16
2008-06-27,31.16
2008-06-30,31.19
2008-07-01,31.1
2008-07-02,31.01
2008-07-03,31.14
2008-07-04,31.13
2008-07-07,31.42
2008-07-08,31.49
2008-07-09,31.43
2008-07-10,31.4
2008-07-11,31.41
2008-07-14,31.33
2008-07-15,31.22
2008-07-16,31.17
2008-07-17,31.19
2008-07-18,31.1
2008-07-21,31.0
2008-07-22,31.09
2008-07-23,31.09
2008-07-24,31.23
2008-07-25,31.13
2008-07-28,31.12
2008-07-29,31.14
2008-07-30,31.1
2008-07-31,31.16
2008-08-01,31.21
2008-08-04,31.14
2008-08-05,31.27
2008-08-06,31.27
2008-08-07,31.28
2008-08-08,31.43
2008-08-11,31.55
2008-08-12,31.43
2008-08-13,31.3
2008-08-14,31.48
2008-08-15,31.53
2008-08-18,31.57
2008-08-19,31.67
2008-08-20,31.67
2008-08-21,31.7
2008-08-22,31.65
2008-08-25,31.62
2008-08-26,31.9
2008-08-27,31.79
2008-08-28,31.72
2008-08-29,31.84
2008-09-01,32.11
2008-09-02,32.02
2008-09-03,32.05
2008-09-04,32.16
2008-09-05,32.32
2008-09-08,32.17
2008-09-09,32.3
2008-09-10,32.43
2008-09-11,32.37
2008-09-12,32.23
2008-09-15,32.23
2008-09-16,32.09
2008-09-17,31.94
2008-09-18,32.02
2008-09-19,31.7
2008-09-22,31.46
2008-09-23,31.5
2008-09-24,31.82
2008-09-25,31.68
2008-09-26,31.57
2008-09-29,31.63
2008-09-30,31.56
2008-10-01,31.87
2008-10-02,31.85
2008-10-03,32.05
2008-10-06,32.21
2008-10-07,32.28
2008-10-08,32.16
2008-10-09,32.01
2008-10-10,32.4
2008-10-13,32.0
2008-10-14,31.9
2008-10-15,31.93
2008-10-16,31.98
2008-10-17,31.98
2008-10-20,32.07
2008-10-21,32.1
2008-10-22,32.34
2008-10-23,32.37
2008-10-24,32.27
2008-10-27,32.64
2008-10-28,32.07
2008-10-29,32.65
2008-10-30,32.6
2008-10-31,32.84
2008-11-03,32.86
2008-11-04,32.83
2008-11-05,32.71
2008-11-06,32.77
2008-11-07,32.74
2008-11-10,32.58
2008-11-11,32.67
2008-11-12,32.77
2008-11-13,32.09
2008-11-14,32.95
2008-11-17,32.81
2008-11-18,32.94
2008-11-19,32.9
2008-11-20,32.98
2008-11-21,33.04
2008-11-24,33.03
2008-11-25,32.99
2008-11-26,33.02
2008-11-27,33.02
2008-11-28,33.15
2008-12-01,33.43
2008-12-02,33.33
2008-12-03,33.22
2008-12-04,33.5
2008-12-05,33.41
2008-12-08,33.2
2008-12-09,33.21
2008-12-10,33.05
2008-12-11,32.96
2008-12-12,32.63
2008-12-15,32.47
2008-12-16,32.0
2008-12-17,32.39
2008-12-18,32.1
2008-12-19,32.17
2008-12-22,32.21
2008-12-23,32.3
2008-12-24,32.2
2008-12-26,32.36
2008-12-29,33.38
2008-12-30,32.61
2008-12-31,32.08
2009-01-02,32.71
2009-01-05,32.65
2009-01-06,32.51
2009-01-07,32.7
2009-01-08,32.6
2009-01-09,32.62
2009-01-12,32.66
2009-01-13,32.68
2009-01-14,32.68
2009-01-15,32.65
2009-01-16,32.58
2009-01-19,32.6
2009-01-20,32.75
2009-01-21,32.72
2009-01-22,32.66
2009-01-23,32.68
2009-01-27,32.65
2009-01-28,32.65
2009-01-29,32.66
2009-01-30,32.76
2009-02-02,32.9
2009-02-03,32.6
2009-02-04,32.72
2009-02-05,32.74
2009-02-06,32.7
2009-02-09,32.7
2009-02-10,32.75
2009-02-11,32.7
2009-02-12,32.88
2009-02-13,32.93
2009-02-16,33.13
2009-02-17,33.06
2009-02-18,33.15
2009-02-19,33.34
2009-02-20,33.5
2009-02-23,33.52
2009-02-24,33.3
2009-02-25,33.5
2009-02-26,33.64
2009-02-27,33.76
2009-03-02,33.89
2009-03-03,33.83
2009-03-04,33.7
2009-03-05,33.86
2009-03-06,33.91
2009-03-09,33.88
2009-03-10,33.97
2009-03-11,33.71
2009-03-12,33.5
2009-03-13,33.52
2009-03-16,33.73
2009-03-17,33.6
2009-03-18,33.67
2009-03-19,33.38
2009-03-20,33.15
2009-03-23,33.01
2009-03-24,33.32
2009-03-25,33.13
2009-03-26,33.1
2009-03-27,33.15
2009-03-30,33.23
2009-03-31,33.25
2009-04-01,33.26
2009-04-02,33.05
2009-04-03,32.97
2009-04-06,33.06
2009-04-07,33.21
2009-04-08,33.17
2009-04-09,33.15
2009-04-13,32.85
2009-04-14,33.25
2009-04-15,33.16
2009-04-16,33.25
2009-04-17,33.26
2009-04-20,33.34
2009-04-21,33.29
2009-04-22,33.37
2009-04-23,33.06
2009-04-24,33.14
2009-04-27,33.49
2009-04-28,33.03
2009-04-29,33.16
2009-04-30,33.11
2009-05-01,32.99
2009-05-04,32.92
2009-05-05,33.07
2009-05-06,32.93
2009-05-07,32.9
2009-05-08,32.48
2009-05-11,32.43
2009-05-12,32.42
2009-05-13,32.22
2009-05-14,32.25
2009-05-15,32.33
2009-05-18,32.18
2009-05-19,32.1
2009-05-20,32.17
2009-05-21,32.04
2009-05-22,32.01
2009-05-25,31.99
2009-05-26,32.26
2009-05-27,32.19
2009-05-28,32.23
2009-05-29,32.1
2009-06-01,32.0
2009-06-02,31.81
2009-06-03,31.93
2009-06-04,31.94
2009-06-05,32.05
2009-06-08,32.0
2009-06-09,32.0
2009-06-10,31.96
2009-06-11,31.88
2009-06-12,31.97
2009-06-15,31.96
2009-06-16,31.82
2009-06-17,31.84
2009-06-18,31.97
2009-06-19,31.9
2009-06-22,31.92
2009-06-23,31.85
2009-06-24,31.95
2009-06-25,31.82
2009-06-26,31.81
2009-06-29,31.72
2009-06-30,31.8
2009-07-01,31.77
2009-07-02,31.89
2009-07-03,32.0
2009-07-06,31.75
2009-07-07,31.82
2009-07-08,31.81
2009-07-09,31.83
2009-07-10,31.81
2009-07-13,31.81
2009-07-14,31.86
2009-07-15,31.86
2009-07-16,31.82
2009-07-17,31.86
2009-07-20,31.78
2009-07-21,31.82
2009-07-22,31.78
2009-07-23,31.91
2009-07-24,31.78
2009-07-27,31.79
2009-07-28,31.75
2009-07-29,31.8
2009-07-30,31.85
2009-07-31,31.85
2009-08-03,31.81
2009-08-04,31.79
2009-08-07,31.79
2009-08-10,31.81
2009-08-11,31.83
2009-08-12,31.91
2009-08-13,31.86
2009-08-14,31.85
2009-08-17,31.86
2009-08-20,31.86
2009-08-21,31.85
2009-08-26,31.84
2009-08-27,31.71
2009-08-28,31.84
2009-08-31,31.81
2009-09-02,31.84
2009-09-04,31.86
2009-09-07,31.85
2009-09-08,31.85
2009-09-09,31.84
2009-09-10,31.84
2009-09-11,31.74
2009-09-15,31.72
2009-09-16,31.55
2009-09-17,31.51
2009-09-22,31.43
2009-09-23,31.33
2009-09-24,31.36
2009-09-25,31.4
2009-09-28,31.38
2009-09-29,31.41
2009-09-30,31.29
2009-10-01,31.29
2009-10-05,31.26
2009-10-06,31.18
2009-10-08,31.16
2009-10-09,31.12
2009-10-12,31.13
2009-10-13,31.06
2009-10-14,31.18
2009-10-15,31.23
2009-10-19,31.17
2009-10-20,31.2
2009-10-21,31.24
2009-10-22,31.26
2009-10-23,31.23
2009-10-26,31.21
2009-10-28,31.25
2009-10-29,31.27
2009-10-30,31.23
2009-11-02,31.28
2009-11-03,31.24
2009-11-04,31.22
2009-11-06,31.19
2009-11-09,31.09
2009-11-10,31.12
2009-11-11,31.11
2009-11-13,31.07
2009-11-16,31.01
2009-11-17,31.0
2009-11-18,30.97
2009-11-19,30.98
2009-11-20,31.02
2009-11-24,31.03
2009-11-25,30.95
2009-11-26,30.96
2009-11-27,31.03
2009-12-01,31.0
2009-12-02,30.94
2009-12-03,30.92
2009-12-07,30.94
2009-12-08,30.97
2009-12-09,30.94
2009-12-11,30.94
2009-12-14,30.91
2009-12-15,30.94
2009-12-16,31.01
2009-12-17,31.01
2009-12-18,31.01
2009-12-21,31.01
2009-12-22,31.04
2009-12-23,31.13
2009-12-28,31.18
2009-12-29,31.15
2009-12-30,31.16
2009-12-31,31.05
2010-01-04,31.02
2010-01-05,30.96
2010-01-06,30.96
2010-01-07,30.96
2010-01-11,30.84
2010-01-14,30.67
2010-01-15,30.69
2010-01-18,30.62
2010-01-19,30.71
2010-01-20,30.75
2010-01-21,30.81
2010-01-22,30.81
2010-01-25,30.78
2010-01-26,30.83
2010-01-27,30.84
2010-01-28,30.88
2010-01-29,30.96
2010-02-01,30.98
2010-02-02,30.95
2010-02-03,30.88
2010-02-04,30.91
2010-02-05,31.02
2010-02-08,31.0
2010-02-09,30.98
2010-02-10,30.97
2010-02-11,30.98
2010-02-12,30.99
2010-02-15,30.97
2010-02-16,30.97
2010-02-17,30.94
2010-02-18,30.96
2010-02-19,30.96
2010-02-22,30.94
2010-02-23,30.88
2010-02-24,30.85
2010-02-25,30.84
2010-02-26,30.86
2010-03-01,30.68
2010-03-02,30.53
2010-03-03,30.48
2010-03-04,30.44
2010-03-05,30.43
2010-03-08,30.48
2010-03-09,30.5
2010-03-10,30.45
2010-03-11,30.47
2010-03-12,30.38
2010-03-15,30.36
2010-03-16,30.22
2010-03-17,30.14
2010-03-18,30.11
2010-03-19,30.09
2010-03-22,30.13
2010-03-23,30.13
2010-03-24,30.15
2010-03-25,30.17
2010-03-26,30.21
2010-03-29,30.18
2010-03-30,30.14
2010-03-31,30.16
2010-04-01,30.12
2010-04-02,30.09
2010-04-05,30.15
2010-04-06,30.19
2010-04-07,30.18
2010-04-08,30.09
2010-04-09,30.02
2010-04-12,30.17
2010-04-13,30.16
2010-04-14,30.06
2010-04-15,30.05
2010-04-16,30.05
2010-04-19,30.06
2010-04-20,29.97
2010-04-21,29.95
2010-04-22,29.99
2010-04-23,29.97
2010-04-26,30.03
2010-04-27,30.04
2010-04-28,30.11
2010-04-29,30.1
2010-04-30,30.15
2010-05-03,30.15
2010-05-04,30.1
2010-05-05,30.14
2010-05-06,30.3
2010-05-07,30.09
2010-05-10,30.13
2010-05-11,30.14
2010-05-12,30.1
2010-05-13,30.22
2010-05-14,30.16
2010-05-17,30.15
2010-05-18,30.52
2010-05-19,29.95
2010-05-20,29.85
2010-05-21,30.22
2010-05-24,30.3
2010-05-25,30.34
2010-05-26,30.33
2010-05-27,30.34
2010-05-28,30.42
2010-05-31,30.26
2010-06-01,30.38
2010-06-02,30.42
2010-06-03,30.35
2010-06-04,30.43
2010-06-07,30.46
2010-06-08,30.42
2010-06-09,30.38
2010-06-10,30.28
2010-06-11,30.25
2010-06-14,30.2
2010-06-15,30.22
2010-06-16,30.19
2010-06-17,30.21
2010-06-18,30.19
2010-06-21,30.08
2010-06-22,30.12
2010-06-23,30.12
2010-06-24,30.14
2010-06-25,30.19
2010-06-28,30.17
2010-06-29,30.2
2010-06-30,30.2
2010-07-01,30.16
2010-07-02,30.18
2010-07-05,30.22
2010-07-06,30.22
2010-07-07,30.26
2010-07-08,30.22
2010-07-09,30.16
2010-07-12,30.14
2010-07-13,30.18
2010-07-14,30.13
2010-07-15,30.05
2010-07-16,30.05
2010-07-19,30.08
2010-07-20,30.08
2010-07-21,30.1
2010-07-22,30.07
2010-07-23,30.04
2010-07-26,30.03
2010-07-27,30.01
2010-07-28,30.05
2010-07-29,30.03
2010-07-30,30.05
2010-08-02,30.0
2010-08-03,29.99
2010-08-04,29.96
2010-08-05,29.91
2010-08-06,29.83
2010-08-09,29.77
2010-08-10,29.66
2010-08-11,29.74
2010-08-12,29.74
2010-08-13,29.68
2010-08-16,29.64
2010-08-17,29.52
2010-08-18,29.44
2010-08-19,29.33
2010-08-20,29.31
2010-08-23,29.28
2010-08-24,29.34
2010-08-25,29.29
2010-08-26,29.19
2010-08-27,29.12
2010-08-30,29.06
2010-08-31,29.07
2010-09-01,28.98
2010-09-02,28.95
2010-09-03,28.98
2010-09-06,28.92
2010-09-07,28.99
2010-09-08,28.83
2010-09-09,28.64
2010-09-10,28.61
2010-09-13,28.55
2010-09-14,28.56
2010-09-15,28.65
2010-09-16,28.6
2010-09-17,28.55
2010-09-20,28.53
2010-09-21,28.48
2010-09-22,28.44
2010-09-23,28.49
2010-09-24,28.47
2010-09-27,28.36
2010-09-28,28.37
2010-09-29,28.27
2010-09-30,28.12
2010-10-01,27.99
2010-10-04,27.95
2010-10-05,27.93
2010-10-06,27.74
2010-10-07,27.7
2010-10-08,27.77
2010-10-11,27.84
2010-10-12,27.76
2010-10-13,27.67
2010-10-14,27.61
2010-10-15,27.62
2010-10-18,27.69
2010-10-19,27.82
2010-10-20,27.69
2010-10-21,27.66
2010-10-22,27.66
2010-10-25,27.66
2010-10-26,27.72
2010-10-27,27.78
2010-10-28,27.75
2010-10-29,27.74
2010-11-01,27.68
2010-11-02,27.62
2010-11-03,27.52
2010-11-04,27.48
2010-11-05,27.46
2010-11-08,27.45
2010-11-09,27.37
2010-11-10,27.39
2010-11-11,27.56
2010-11-12,27.64
2010-11-15,27.73
2010-11-16,27.7
2010-11-17,27.84
2010-11-18,27.78
2010-11-19,27.74
2010-11-22,27.77
2010-11-23,27.87
2010-11-24,27.84
2010-11-25,27.79
2010-11-26,28.07
2010-11-29,27.73
2010-11-30,27.9
2010-12-01,27.66
2010-12-02,27.63
2010-12-03,27.54
2010-12-06,27.53
2010-12-07,27.75
2010-12-08,27.68
2010-12-09,27.58
2010-12-10,27.69
2010-12-13,27.61
2010-12-14,27.63
2010-12-15,27.9
2010-12-16,27.66
2010-12-17,27.7
2010-12-20,27.75
2010-12-21,27.81
2010-12-22,27.75
2010-12-23,27.73
2010-12-24,27.38
2010-12-27,27.75
2010-12-28,27.78
2010-12-29,27.66
2010-12-30,27.7
2010-12-31,27.24
2011-01-03,27.71
2011-01-04,27.69
2011-01-05,27.85
2011-01-06,27.91
2011-01-07,28.0
2011-01-10,28.25
2011-01-11,28.14
2011-01-12,27.79
2011-01-13,27.99
2011-01-14,27.99
2011-01-17,28.16
2011-01-18,28.09
2011-01-19,28.12
2011-01-20,28.17
2011-01-21,27.68
2011-01-24,28.6
2011-01-25,28.45
2011-01-26,27.95
2011-01-27,28.43
2011-01-28,28.61
2011-01-31,28.54
2011-02-01,28.4
2011-02-02,28.42
2011-02-03,28.57
2011-02-04,28.39
2011-02-07,27.85
2011-02-08,28.4
2011-02-09,28.21
2011-02-10,28.45
2011-02-11,28.31
2011-02-14,28.3
2011-02-15,28.34
2011-02-16,28.19
2011-02-17,28.22
2011-02-18,28.12
2011-02-21,28.13
2011-02-22,28.21
2011-02-23,28.22
2011-02-24,28.37
2011-02-25,28.38
2011-02-28,28.36
2011-03-01,28.38
2011-03-02,28.34
2011-03-03,28.18
2011-03-04,28.23
2011-03-07,28.2
2011-03-08,28.13
2011-03-09,28.09
2011-03-10,28.22
2011-03-11,28.06
2011-03-14,28.12
2011-03-15,28.17
2011-03-16,28.25
2011-03-17,28.04
2011-03-18,28.02
2011-03-21,27.97
2011-03-22,27.99
2011-03-23,28.11
2011-03-24,28.02
2011-03-25,27.97
2011-03-28,28.08
2011-03-29,28.04
2011-03-30,28.01
2011-03-31,28.06
2011-04-01,27.98
2011-04-04,27.97
2011-04-05,27.95
2011-04-06,27.89
2011-04-07,27.82
2011-04-08,27.68
2011-04-11,27.87
2011-04-12,27.9
2011-04-13,27.96
2011-04-14,27.84
2011-04-15,27.91
2011-04-18,27.81
2011-04-19,27.75
2011-04-20,27.67
2011-04-21,27.71
2011-04-25,27.7
2011-04-26,27.69
2011-04-27,27.46
2011-04-28,27.61
2011-04-29,27.65
2011-05-02,27.68
2011-05-03,27.83
2011-05-04,27.85
2011-05-05,28.04
2011-05-06,28.33
2011-05-09,27.83
2011-05-10,27.81
2011-05-11,28.02
2011-05-12,28.0
2011-05-13,28.04
2011-05-16,28.16
2011-05-17,27.47
2011-05-18,28.06
2011-05-19,27.89
2011-05-20,28.07
2011-05-23,28.09
2011-05-24,28.16
2011-05-25,28.22
2011-05-26,28.07
2011-05-27,28.06
2011-05-30,28.07
2011-05-31,28.04
2011-06-01,28.18
2011-06-02,27.94
2011-06-03,27.97
2011-06-06,28.12
2011-06-07,28.0
2011-06-08,28.16
2011-06-09,28.2
2011-06-10,28.22
2011-06-13,28.15
2011-06-14,28.26
2011-06-15,28.36
2011-06-16,28.24
2011-06-17,28.32
2011-06-20,28.33
2011-06-21,28.21
2011-06-22,28.26
2011-06-23,28.13
2011-06-24,27.95
2011-06-27,27.98
2011-06-28,28.7
2011-06-29,28.58
2011-06-30,27.93
2011-07-01,28.49
2011-07-04,28.15
2011-07-05,28.31
2011-07-06,28.23
2011-07-07,28.03
2011-07-08,27.96
2011-07-11,28.07
2011-07-12,28.17
2011-07-13,27.87
2011-07-14,27.9
2011-07-15,27.85
2011-07-18,27.62
2011-07-19,27.67
2011-07-20,27.63
2011-07-21,27.54
2011-07-22,27.54
2011-07-25,27.45
2011-07-26,27.42
2011-07-27,27.51
2011-07-28,27.42
2011-07-29,27.49
2011-08-01,27.4
2011-08-02,27.55
2011-08-03,27.5
2011-08-04,27.69
2011-08-05,27.35
2011-08-08,27.78
2011-08-09,27.45
2011-08-10,27.67
2011-08-11,27.71
2011-08-12,27.7
2011-08-15,27.65
2011-08-16,27.64
2011-08-17,27.64
2011-08-18,27.61
2011-08-19,27.6
2011-08-22,27.65
2011-08-23,27.57
2011-08-24,27.64
2011-08-25,27.75
2011-08-26,27.65
2011-08-29,27.75
2011-08-30,27.76
2011-08-31,27.76
2011-09-01,27.75
2011-09-02,27.66
2011-09-05,27.71
2011-09-06,27.71
2011-09-07,27.66
2011-09-08,27.92
2011-09-09,27.87
2011-09-12,27.82
2011-09-13,27.94
2011-09-14,27.93
2011-09-15,28.03
2011-09-16,28.05
2011-09-19,28.17
2011-09-20,28.15
2011-09-21,28.66
2011-09-22,28.5
2011-09-23,28.7
2011-09-26,28.93
2011-09-27,28.65
2011-09-28,28.95
2011-09-29,29.04
2011-09-30,29.05
2011-10-03,29.11
2011-10-04,28.9
2011-10-05,28.04
2011-10-06,28.72
2011-10-07,28.96
2011-10-10,28.67
2011-10-11,28.72
2011-10-12,28.61
2011-10-13,28.52
2011-10-14,28.49
2011-10-17,28.49
2011-10-18,28.43
2011-10-19,28.52
2011-10-20,28.51
2011-10-21,28.65
2011-10-24,28.6
2011-10-25,28.56
2011-10-26,28.38
2011-10-27,28.22
2011-10-28,28.27
2011-10-31,28.63
2011-11-01,28.65
2011-11-02,28.52
2011-11-03,28.38
2011-11-04,28.34
2011-11-07,28.35
2011-11-08,28.32
2011-11-09,28.59
2011-11-10,28.56
2011-11-11,28.58
2011-11-14,28.49
2011-11-15,28.59
2011-11-16,28.67
2011-11-17,28.79
2011-11-18,28.75
2011-11-21,29.06
2011-11-22,28.94
2011-11-23,29.13
2011-11-24,29.05
2011-11-25,29.17
2011-11-28,28.65
2011-11-29,29.07
2011-11-30,28.66
2011-12-01,28.61
2011-12-02,28.55
2011-12-05,28.68
2011-12-06,28.59
2011-12-07,28.44
2011-12-08,28.48
2011-12-09,28.62
2011-12-12,28.47
2011-12-13,29.13
2011-12-14,29.08
2011-12-15,29.17
2011-12-16,29.01
2011-12-19,29.08
2011-12-20,28.97
2011-12-21,29.01
2011-12-22,28.97
2011-12-23,29.02
2011-12-26,29.01
2011-12-27,29.2
2011-12-28,29.31
2011-12-29,29.52
2011-12-30,29.34
2012-01-03,29.11
2012-01-04,29.23
2012-01-05,29.38
2012-01-06,29.47
2012-01-09,29.48
2012-01-10,29.39
2012-01-11,29.46
2012-01-12,29.54
2012-01-13,29.6
2012-01-16,29.65
2012-01-17,29.52
2012-01-18,29.4
2012-01-19,29.3
2012-01-20,29.3
2012-01-23,29.13
2012-01-24,29.17
2012-01-25,29.02
2012-01-26,29.1
2012-01-27,28.79
2012-01-30,28.37
2012-01-31,28.65
2012-02-01,28.83
2012-02-02,28.7
2012-02-03,28.52
2012-02-06,28.71
2012-02-07,28.66
2012-02-08,27.97
2012-02-09,28.53
2012-02-10,28.67
2012-02-13,28.52
2012-02-14,28.61
2012-02-15,28.57
2012-02-16,28.61
2012-02-17,28.61
2012-02-20,28.52
2012-02-21,28.51
2012-02-22,28.32
2012-02-23,28.06
2012-02-24,28.11
2012-02-27,28.18
2012-02-28,28.11
2012-02-29,28.23
2012-03-01,28.27
2012-03-02,28.33
2012-03-05,28.44
2012-03-06,28.61
2012-03-07,28.51
2012-03-08,28.33
2012-03-09,28.33
2012-03-12,28.44
2012-03-13,28.39
2012-03-14,28.54
2012-03-15,28.51
2012-03-16,28.48
2012-03-19,28.45
2012-03-20,28.55
2012-03-21,28.52
2012-03-22,28.53
2012-03-23,28.53
2012-03-26,28.45
2012-03-27,28.5
2012-03-28,28.58
2012-03-29,28.64
2012-03-30,28.62
2012-04-02,28.56
2012-04-03,28.63
2012-04-04,28.78
2012-04-05,28.72
2012-04-09,28.1
2012-04-10,28.71
2012-04-11,28.65
2012-04-12,28.58
2012-04-13,28.56
2012-04-16,28.57
2012-04-17,28.58
2012-04-18,28.63
2012-04-19,28.65
2012-04-20,28.68
2012-04-23,28.76
2012-04-24,28.7
2012-04-25,28.73
2012-04-26,28.61
2012-04-27,28.52
2012-04-30,28.5
2012-05-01,28.51
2012-05-02,28.63
2012-05-03,28.7
2012-05-04,28.7
2012-05-07,28.76
2012-05-08,28.79
2012-05-09,28.91
2012-05-10,28.9
2012-05-11,28.98
2012-05-14,29.14
2012-05-15,29.13
2012-05-16,29.16
2012-05-17,29.12
2012-05-18,29.2
2012-05-21,29.1
2012-05-22,29.17
2012-05-23,29.31
2012-05-24,29.4
2012-05-25,29.45
2012-05-28,29.38
2012-05-29,29.51
2012-05-30,29.64
2012-05-31,29.59
2012-06-01,29.4
2012-06-04,29.28
2012-06-05,29.36
2012-06-06,29.16
2012-06-07,29.43
2012-06-08,29.46
2012-06-11,28.36
2012-06-12,29.32
2012-06-13,29.31
2012-06-14,29.25
2012-06-15,29.3
2012-06-18,29.24
2012-06-19,29.18
2012-06-20,29.32
2012-06-21,29.58
2012-06-22,29.61
2012-06-25,29.58
2012-06-26,29.59
2012-06-27,29.62
2012-06-28,29.66
2012-06-29,29.37
2012-07-02,29.33
2012-07-03,29.2
2012-07-04,29.28
2012-07-05,29.36
2012-07-06,29.4
2012-07-09,29.49
2012-07-10,29.47
2012-07-11,29.49
2012-07-12,29.56
2012-07-13,29.44
2012-07-16,29.36
2012-07-17,29.39
2012-07-18,29.46
2012-07-19,29.41
2012-07-20,29.46
2012-07-23,29.5
2012-07-24,29.58
2012-07-25,29.39
2012-07-26,29.34
2012-07-27,29.28
2012-07-30,29.36
2012-07-31,29.29
2012-08-01,29.35
2012-08-02,29.41
2012-08-03,29.35
2012-08-06,29.23
2012-08-07,29.26
2012-08-08,29.25
2012-08-09,29.23
2012-08-10,29.21
2012-08-13,29.23
2012-08-14,29.24
2012-08-15,29.27
2012-08-16,29.24
2012-08-17,29.29
2012-08-20,29.28
2012-08-21,29.16
2012-08-22,28.99
2012-08-23,28.94
2012-08-24,28.98
2012-08-27,29.05
2012-08-28,29.04
2012-08-29,29.1
2012-08-30,29.15
2012-08-31,29.1
2012-09-03,29.0
2012-09-04,28.97
2012-09-05,29.02
2012-09-06,28.78
2012-09-07,28.83
2012-09-10,28.85
2012-09-11,28.82
2012-09-12,28.76
2012-09-13,28.66
2012-09-14,28.56
2012-09-17,28.6
2012-09-18,28.61
2012-09-19,28.58
2012-09-20,28.63
2012-09-21,28.59
2012-09-24,28.69
2012-09-25,28.71
2012-09-26,28.8
2012-09-27,28.65
2012-09-28,28.61
2012-10-01,28.52
2012-10-02,28.48
2012-10-03,28.44
2012-10-04,28.36
2012-10-05,28.34
2012-10-08,28.4
2012-10-09,28.45
2012-10-10,28.49
2012-10-11,28.48
2012-10-12,28.42
2012-10-15,28.49
2012-10-16,28.43
2012-10-17,28.39
2012-10-18,28.46
2012-10-19,28.46
2012-10-22,28.48
2012-10-23,28.53
2012-10-24,28.5
2012-10-25,28.46
2012-10-26,28.48
2012-10-29,28.5
2012-10-30,28.5
2012-10-31,28.48
2012-11-01,28.5
2012-11-02,28.55
2012-11-05,28.57
2012-11-06,28.51
2012-11-07,28.49
2012-11-08,28.45
2012-11-09,28.41
2012-11-12,28.42
2012-11-13,28.46
2012-11-14,28.47
2012-11-15,28.5
2012-11-16,28.51
2012-11-19,28.45
2012-11-20,28.45
2012-11-21,28.45
2012-11-22,28.48
2012-11-23,28.49
2012-11-26,28.45
2012-11-27,28.45
2012-11-28,28.49
2012-11-29,28.47
2012-11-30,28.51
2012-12-03,28.41
2012-12-04,28.45
2012-12-05,28.46
2012-12-06,28.43
2012-12-07,28.46
2012-12-10,28.41
2012-12-11,28.39
2012-12-12,28.39
2012-12-13,28.41
2012-12-14,28.38
2012-12-17,28.36
2012-12-18,28.35
2012-12-19,28.38
2012-12-20,28.41
2012-12-21,28.38
2012-12-24,28.4
2012-12-25,28.4
2012-12-26,28.43
2012-12-27,28.4
2012-12-28,28.37
2012-12-31,28.37
2013-01-01,28.37
2013-01-02,28.09
2013-01-03,28.17
2013-01-04,28.26
2013-01-07,28.22
2013-01-08,28.2
2013-01-09,28.17
2013-01-10,28.03
2013-01-11,28.06
2013-01-14,27.18
2013-01-15,27.71
2013-01-16,27.59
2013-01-17,27.54
2013-01-18,27.56
2013-01-21,27.51
2013-01-22,27.5
2013-01-23,27.58
2013-01-24,27.61
2013-01-25,27.71
2013-01-28,27.66
2013-01-29,27.54
2013-01-30,27.48
2013-01-31,27.62
2013-02-01,27.56
2013-02-04,27.54
2013-02-05,27.54
2013-02-06,27.57
2013-02-07,27.56
2013-02-08,27.58
2013-02-11,27.62
2013-02-12,27.61
2013-02-13,27.61
2013-02-14,27.61
2013-02-15,27.66
2013-02-18,27.67
2013-02-19,27.65
2013-02-20,27.62
2013-02-21,27.61
2013-02-22,27.59
2013-02-25,27.62
2013-02-26,27.6
2013-02-27,27.61
2013-02-28,27.54
2013-03-01,27.54
2013-03-04,27.59
2013-03-05,27.53
2013-03-06,27.59
2013-03-07,27.51
2013-03-08,27.5
2013-03-11,27.5
2013-03-12,27.38
2013-03-13,27.4
2013-03-14,27.4
2013-03-15,27.32
2013-03-18,27.29
2013-03-19,27.04
2013-03-20,26.91
2013-03-21,26.96
2013-03-22,27.06
2013-03-25,27.07
2013-03-26,27.08
2013-03-27,27.03
2013-03-28,27.09
2013-03-29,27.07
2013-04-01,26.38
2013-04-02,26.36
2013-04-03,27.13
2013-04-04,27.09
2013-04-05,27.03
2013-04-08,27.0
2013-04-09,26.72
2013-04-10,26.82
2013-04-11,26.81
2013-04-12,26.84
2013-04-15,26.88
2013-04-16,26.73
2013-04-17,26.61
2013-04-18,26.46
2013-04-19,26.38
2013-04-22,26.46
2013-04-23,26.58
2013-04-24,26.73
2013-04-25,26.96
2013-04-26,27.01
2013-04-29,27.04
2013-04-30,27.05
2013-05-01,27.1
2013-05-02,27.23
2013-05-03,27.48
2013-05-06,27.39
2013-05-07,27.35
2013-05-08,27.09
2013-05-09,27.25
2013-05-10,27.54
2013-05-13,27.45
2013-05-14,27.43
2013-05-15,27.52
2013-05-16,27.48
2013-05-17,27.62
2013-05-20,27.59
2013-05-21,27.57
2013-05-22,27.67
2013-05-23,27.69
2013-05-24,27.75
2013-05-27,27.65
2013-05-28,27.85
2013-05-29,27.94
2013-05-30,27.91
2013-05-31,28.19
2013-06-03,28.15
2013-06-04,28.24
2013-06-05,28.32
2013-06-06,28.36
2013-06-07,28.42
2013-06-10,28.56
2013-06-11,28.71
2013-06-12,28.73
2013-06-13,28.48
2013-06-14,28.35
2013-06-17,28.45
2013-06-18,28.65
2013-06-19,28.78
2013-06-20,28.95
2013-06-21,28.92
2013-06-24,28.85
2013-06-25,28.86
2013-06-26,28.89
2013-06-27,28.93
2013-06-28,28.85
2013-07-01,28.71
2013-07-02,28.74
2013-07-03,28.85
2013-07-04,28.86
2013-07-05,29.07
2013-07-08,29.18
2013-07-09,29.03
2013-07-10,29.04
2013-07-11,28.88
2013-07-12,28.93
2013-07-15,28.9
2013-07-16,28.83
2013-07-17,28.75
2013-07-18,28.81
2013-07-19,28.81
2013-07-22,28.71
2013-07-23,28.7
2013-07-24,28.78
2013-07-25,28.82
2013-07-26,28.92
2013-07-29,28.94
2013-07-30,29.04
2013-07-31,29.03
2013-08-01,29.07
2013-08-02,29.04
2013-08-05,29.15
2013-08-06,29.18
2013-08-07,29.16
2013-08-08,28.97
2013-08-09,29.02
2013-08-12,29.02
2013-08-13,29.05
2013-08-14,29.03
2013-08-15,29.05
2013-08-16,29.07
2013-08-19,29.2
2013-08-20,29.42
2013-08-21,29.68
2013-08-22,29.82
2013-08-23,29.6
2013-08-26,29.76
2013-08-27,29.95
2013-08-28,29.95
2013-08-29,29.89
2013-08-30,29.92
2013-09-02,29.83
2013-09-03,29.94
2013-09-04,29.94
2013-09-05,30.07
2013-09-06,30.02
2013-09-09,29.87
2013-09-10,29.9
2013-09-11,29.7
2013-09-12,29.48
2013-09-13,29.63
2013-09-16,29.53
2013-09-17,29.49
2013-09-18,29.05
2013-09-19,28.83
2013-09-20,28.88
2013-09-23,28.97
2013-09-24,29.1
2013-09-25,29.04
2013-09-26,28.98
2013-09-27,29.1
2013-09-30,29.01
2013-10-01,28.99
2013-10-02,29.04
2013-10-03,29.07
2013-10-04,29.04
2013-10-07,29.15
2013-10-08,29.16
2013-10-09,29.19
2013-10-10,29.12
2013-10-11,29.07
2013-10-14,29.06
2013-10-15,29.06
2013-10-16,29.01
2013-10-17,28.8
2013-10-18,28.8
2013-10-21,28.93
2013-10-22,28.82
2013-10-23,28.94
2013-10-24,28.93
2013-10-25,28.79
2013-10-28,28.84
2013-10-29,28.84
2013-10-30,28.88
2013-10-31,28.95
2013-11-01,28.95
2013-11-04,29.05
2013-11-05,29.07
2013-11-06,29.03
2013-11-07,29.13
2013-11-08,29.26
2013-11-11,29.42
2013-11-12,29.4
2013-11-13,29.3
2013-11-14,29.37
2013-11-15,29.37
2013-11-18,29.36
2013-11-19,29.4
2013-11-20,29.49
2013-11-21,29.6
2013-11-22,29.59
2013-11-25,29.81
2013-11-26,29.85
2013-11-27,29.92
2013-11-28,29.88
2013-11-29,29.82
2013-12-02,29.96
2013-12-03,29.95
2013-12-04,30.0
2013-12-05,29.96
2013-12-06,30.0
2013-12-09,29.9
2013-12-10,29.84
2013-12-11,29.86
2013-12-12,29.9
2013-12-13,29.84
2013-12-16,29.77
2013-12-17,29.89
2013-12-18,30.09
2013-12-19,30.25
2013-12-20,30.39
2013-12-23,30.46
2013-12-24,30.45
2013-12-26,30.45
2013-12-27,30.6
2013-12-30,30.59
2013-12-31,30.5
2014-01-02,30.74
2014-01-03,30.78
2014-01-06,30.86
2014-01-07,30.84
2014-01-08,30.84
2014-01-09,30.79
2014-01-10,30.76
2014-01-13,30.74
2014-01-14,30.57
2014-01-15,30.64
2014-01-16,30.56
2014-01-17,30.6
2014-01-20,30.59
2014-01-21,30.67
2014-01-22,30.7
2014-01-23,30.66
2014-01-24,30.62
2014-01-27,30.69
2014-01-28,30.69
2014-01-29,30.69
2014-01-30,30.77
2014-01-31,30.8
2014-02-03,30.71
2014-02-04,30.52
2014-02-05,30.53
2014-02-06,30.57
2014-02-07,30.56
2014-02-10,30.58
2014-02-11,30.52
2014-02-12,30.31
2014-02-13,30.34
2014-02-14,30.1
2014-02-17,30.0
2014-02-18,30.28
2014-02-19,30.36
2014-02-20,30.34
2014-02-21,30.31
2014-02-24,30.31
2014-02-25,30.33
2014-02-26,30.36
2014-02-27,30.36
2014-02-28,30.36
2014-03-03,30.31
2014-03-04,30.11
2014-03-05,30.09
2014-03-06,30.01
2014-03-07,30.07
2014-03-10,30.16
2014-03-11,30.15
2014-03-12,30.18
2014-03-13,30.13
2014-03-14,30.06
2014-03-17,30.01
2014-03-18,29.88
2014-03-19,29.98
2014-03-20,30.15
2014-03-21,30.16
2014-03-24,30.22
2014-03-25,30.35
2014-03-26,30.35
2014-03-27,30.29
2014-03-28,30.28
2014-03-31,30.21
2014-04-01,30.12
2014-04-02,30.22
2014-04-03,30.26
2014-04-04,30.23
2014-04-07,30.25
2014-04-08,30.04
2014-04-09,29.98
2014-04-10,30.05
2014-04-11,30.06
2014-04-14,30.05
2014-04-15,30.08
2014-04-16,30.0
2014-04-17,29.97
2014-04-21,30.02
2014-04-22,30.1
2014-04-23,30.13
2014-04-24,30.12
2014-04-25,30.03
2014-04-28,30.03
2014-04-29,30.03
2014-04-30,30.14
2014-05-01,30.15
2014-05-02,30.16
2014-05-05,30.13
2014-05-06,30.13
2014-05-07,30.17
2014-05-08,30.27
2014-05-09,30.4
2014-05-12,30.39
2014-05-13,30.38
2014-05-14,30.19
2014-05-15,30.28
2014-05-16,30.27
2014-05-19,30.26
2014-05-20,30.31
2014-05-21,30.24
2014-05-22,30.36
2014-05-23,30.31
2014-05-26,30.36
2014-05-27,30.4
2014-05-28,30.48
2014-05-29,30.57
2014-05-30,30.63
2014-06-02,30.64
2014-06-03,30.4
2014-06-04,30.45
2014-06-05,30.41
2014-06-06,30.26
2014-06-09,30.19
2014-06-10,30.25
2014-06-11,30.25
2014-06-12,30.23
2014-06-13,30.16
2014-06-16,30.14
2014-06-17,30.28
2014-06-18,30.21
2014-06-19,30.25
2014-06-20,30.24
2014-06-23,30.23
2014-06-24,30.22
2014-06-25,30.24
2014-06-26,30.26
2014-06-27,30.23
2014-06-30,30.22
2014-07-01,30.17
2014-07-02,30.17
2014-07-03,30.17
2014-07-04,30.15
2014-07-07,30.19
2014-07-08,30.15
2014-07-09,29.97
2014-07-10,29.97
2014-07-11,29.92
2014-07-14,29.91
2014-07-15,29.92
2014-07-16,29.89
2014-07-17,29.96
2014-07-18,29.9
2014-07-21,29.69
2014-07-22,29.55
2014-07-23,29.56
2014-07-24,29.63
2014-07-25,29.62
2014-07-28,29.58
2014-07-29,29.62
2014-07-30,29.73
2014-07-31,29.96
2014-08-01,29.9
2014-08-04,29.95
2014-08-05,30.0
2014-08-06,29.95
2014-08-07,30.02
2014-08-08,29.9
2014-08-11,29.87
2014-08-12,29.85
2014-08-13,29.73
2014-08-14,29.62
2014-08-15,29.66
2014-08-18,29.62
2014-08-19,29.68
2014-08-20,29.79
2014-08-21,29.76
2014-08-22,29.72
2014-08-25,29.76
2014-08-26,29.71
2014-08-27,29.68
2014-08-28,29.72
2014-08-29,29.28
2014-09-01,29.75
2014-09-02,29.91
2014-09-03,29.8
2014-09-04,29.86
2014-09-05,29.27
2014-09-08,29.86
2014-09-09,29.87
2014-09-10,29.95
2014-09-11,29.96
2014-09-12,29.3
2014-09-15,30.05
2014-09-16,29.98
2014-09-17,30.08
2014-09-18,30.04
2014-09-19,29.48
2014-09-22,30.04
2014-09-23,30.04
2014-09-24,29.99
2014-09-25,30.07
2014-09-26,30.13
2014-09-29,30.17
2014-09-30,30.2
2014-10-01,30.2
2014-10-02,30.22
2014-10-03,29.95
2014-10-06,30.39
2014-10-07,30.37
2014-10-08,30.37
2014-10-09,30.22
2014-10-10,29.74
2014-10-13,30.19
2014-10-14,30.27
2014-10-15,30.19
2014-10-16,30.19
2014-10-17,30.18
2014-10-20,30.05
2014-10-21,30.04
2014-10-22,30.09
2014-10-23,30.14
2014-10-24,30.19
2014-10-27,30.22
2014-10-28,30.23
2014-10-29,30.27
2014-10-30,30.33
2014-10-31,30.38
2014-11-03,30.5
2014-11-04,30.45
2014-11-05,30.55
2014-11-06,30.64
2014-11-07,30.55
2014-11-10,30.6
2014-11-11,30.64
2014-11-12,30.59
2014-11-13,30.56
2014-11-14,30.62
2014-11-17,30.57
2014-11-18,30.54
2014-11-19,30.62
2014-11-20,30.58
2014-11-21,30.55
2014-11-24,30.6
2014-11-25,30.57
2014-11-26,30.54
2014-11-27,30.54
2014-11-28,30.08
2014-12-01,30.57
2014-12-02,30.65
2014-12-03,30.65
2014-12-04,30.68
2014-12-05,30.8
2014-12-08,30.77
2014-12-09,30.62
2014-12-10,30.55
2014-12-11,30.57
2014-12-12,30.59
2014-12-15,30.75
2014-12-16,30.75
2014-12-17,30.68
2014-12-18,30.64
2014-12-19,30.64
2014-12-22,30.67
2014-12-23,30.68
2014-12-24,30.66
2014-12-26,30.68
2014-12-29,30.72
2014-12-30,30.64
2014-12-31,30.66
2015-01-02,30.76
2015-01-05,30.74
2015-01-06,30.65
2015-01-07,30.62
2015-01-08,30.63
2015-01-09,30.6
2015-01-12,30.66
2015-01-13,30.6
2015-01-14,30.52
2015-01-15,30.51
2015-01-16,30.37
2015-01-19,30.37
2015-01-20,30.47
2015-01-21,30.33
2015-01-22,30.36
2015-01-23,30.33
2015-01-26,30.34
2015-01-27,30.27
2015-01-28,30.32
2015-01-29,30.55
2015-01-30,30.55
2015-02-02,30.36
2015-02-03,30.38
2015-02-04,30.41
2015-02-05,30.39
2015-02-06,30.4
2015-02-09,30.37
2015-02-10,30.38
2015-02-11,30.42
2015-02-12,30.39
2015-02-13,30.4
2015-02-16,30.37
2015-02-17,30.37
2015-02-18,30.36
2015-02-19,30.35
2015-02-20,30.32
2015-02-23,30.32
2015-02-24,30.21
2015-02-25,30.29
2015-02-26,30.16
2015-02-27,30.15
2015-03-02,30.11
2015-03-03,30.12
2015-03-04,30.16
2015-03-05,30.21
2015-03-06,30.35
2015-03-09,30.36
2015-03-10,30.47
2015-03-11,30.63
2015-03-12,30.62
2015-03-13,30.69
2015-03-16,30.68
2015-03-17,30.69
2015-03-18,30.47
2015-03-19,30.49
2015-03-20,30.35
2015-03-23,30.32
2015-03-24,30.28
2015-03-25,30.3
2015-03-26,30.33
2015-03-27,30.33
2015-03-30,30.36
2015-03-31,30.35
2015-04-01,30.27
2015-04-02,30.24
2015-04-06,29.27
2015-04-07,30.34
2015-04-08,30.34
2015-04-09,30.32
2015-04-10,30.33
2015-04-13,30.34
2015-04-14,30.27
2015-04-15,30.19
2015-04-16,30.16
2015-04-17,30.11
2015-04-20,30.16
2015-04-21,30.16
2015-04-22,30.16
2015-04-23,30.22
2015-04-24,30.35
2015-04-27,30.38
2015-04-28,30.4
2015-04-29,30.61
2015-04-30,30.79
2015-05-01,30.85
2015-05-04,31.12
2015-05-05,31.13
2015-05-06,31.01
2015-05-07,31.3
2015-05-08,31.34
2015-05-11,31.51
2015-05-12,31.51
2015-05-13,31.29
2015-05-14,31.25
2015-05-15,31.25
2015-05-18,31.18
2015-05-19,31.29
2015-05-20,31.37
2015-05-21,31.19
2015-05-22,31.26
2015-05-25,31.36
2015-05-26,31.5
2015-05-27,31.51
2015-05-28,31.56
2015-05-29,31.46
2015-06-01,31.5
2015-06-02,31.48
2015-06-03,31.42
2015-06-04,31.5
2015-06-05,31.68
2015-06-08,31.53
2015-06-09,31.49
2015-06-10,31.38
2015-06-11,31.49
2015-06-12,31.44
2015-06-15,31.47
2015-06-16,31.46
2015-06-17,31.39
2015-06-18,31.43
2015-06-19,31.4
2015-06-22,31.48
2015-06-23,31.55
2015-06-24,31.56
2015-06-25,31.54
2015-06-26,31.56
2015-06-29,31.54
2015-06-30,31.59
2015-07-01,31.6
2015-07-02,31.57
2015-07-03,31.52
2015-07-06,31.63
2015-07-07,31.77
2015-07-08,31.73
2015-07-09,31.72
2015-07-10,31.71
2015-07-13,31.8
2015-07-14,31.81
2015-07-15,31.96
2015-07-16,31.99
2015-07-17,32.01
2015-07-20,32.25
2015-07-21,32.18
2015-07-22,32.49
2015-07-23,32.59
2015-07-24,32.69
2015-07-27,32.65
2015-07-28,32.6
2015-07-29,32.75
2015-07-30,32.93
2015-07-31,32.76
2015-08-03,32.84
2015-08-04,32.89
2015-08-05,32.95
2015-08-06,32.89
2015-08-07,32.91
2015-08-10,32.86
2015-08-11,33.13
2015-08-12,33.03
2015-08-13,32.93
2015-08-14,33.03
2015-08-17,33.31
2015-08-18,33.32
2015-08-19,33.31
2015-08-20,33.36
2015-08-21,33.46
2015-08-24,33.43
2015-08-25,33.3
2015-08-26,33.41
2015-08-27,33.42
2015-08-28,33.63
2015-08-31,33.61
2015-09-01,33.5
2015-09-02,33.52
2015-09-03,33.61
2015-09-04,33.75
2015-09-07,33.88
2015-09-08,33.8
2015-09-09,33.97
2015-09-10,33.8
2015-09-11,33.8
2015-09-14,33.81
2015-09-15,33.7
2015-09-16,33.64
2015-09-17,33.53
2015-09-18,33.44
2015-09-21,33.58
2015-09-22,33.84
2015-09-23,34.0
2015-09-24,34.0
2015-09-25,33.94
2015-09-28,34.12
2015-09-29,34.2
2015-09-30,34.13
2015-10-01,34.26
2015-10-02,34.18
2015-10-05,34.03
2015-10-06,34.02
2015-10-07,33.66
2015-10-08,33.55
2015-10-09,33.3
2015-10-12,33.13
2015-10-13,33.42
2015-10-14,33.11
2015-10-15,32.95
2015-10-16,33.03
2015-10-19,33.21
2015-10-20,33.19
2015-10-21,33.44
2015-10-22,33.33
2015-10-23,33.32
2015-10-26,33.24
2015-10-27,33.28
2015-10-28,33.25
2015-10-29,33.43
2015-10-30,33.38
2015-11-02,33.35
2015-11-03,33.33
2015-11-04,33.3
2015-11-05,33.32
2015-11-06,33.59
2015-11-09,33.68
2015-11-10,33.66
2015-11-11,33.6
2015-11-12,33.62
2015-11-13,33.68
2015-11-16,33.73
2015-11-17,33.78
2015-11-18,33.75
2015-11-19,33.52
2015-11-20,33.51
2015-11-23,33.62
2015-11-24,33.51
2015-11-25,33.44
2015-11-26,33.53
2015-11-27,33.65
2015-11-30,33.58
2015-12-01,33.52
2015-12-02,33.63
2015-12-03,33.6
2015-12-04,33.51
2015-12-07,33.65
2015-12-08,33.71
2015-12-09,33.74
2015-12-10,33.84
2015-12-11,33.89
2015-12-14,33.87
2015-12-15,33.73
2015-12-16,33.66
2015-12-17,33.92
2015-12-18,33.87
2015-12-21,33.89
2015-12-22,33.83
2015-12-23,33.84
2015-12-24,33.83
2015-12-28,33.86
2015-12-29,33.84
2015-12-30,33.84
2015-12-31,33.8
2016-01-04,33.91
2016-01-05,33.89
2016-01-06,34.02
2016-01-07,34.04
2016-01-08,34.08
2016-01-11,34.03
2016-01-12,34.08
2016-01-13,34.05
2016-01-14,34.09
2016-01-15,34.11
2016-01-18,34.09
2016-01-19,34.08
2016-01-20,34.04
2016-01-21,33.99
2016-01-22,33.79
2016-01-25,33.68
2016-01-26,33.6
2016-01-27,33.59
2016-01-28,33.6
2016-01-29,33.45
2016-02-01,33.36
2016-02-02,33.6
2016-02-03,33.48
2016-02-04,33.36
2016-02-05,33.3
2016-02-08,33.3
2016-02-09,33.18
2016-02-10,33.07
2016-02-11,33.02
2016-02-12,33.38
2016-02-15,33.4
2016-02-16,33.41
2016-02-17,33.37
2016-02-18,33.32
2016-02-19,33.5
2016-02-22,33.52
2016-02-23,33.5
2016-02-24,33.43
2016-02-25,33.45
2016-02-26,33.52
2016-02-29,33.4
2016-03-01,33.37
2016-03-02,33.32
2016-03-03,33.21
2016-03-04,33.14
2016-03-07,33.19
2016-03-08,33.13
2016-03-09,33.06
2016-03-10,33.0
2016-03-11,32.81
2016-03-14,32.87
2016-03-15,32.88
2016-03-16,32.66
2016-03-17,32.52
2016-03-18,32.66
2016-03-21,32.68
2016-03-22,32.73
2016-03-23,32.99
2016-03-24,33.11
2016-03-25,32.42
2016-03-28,32.37
2016-03-29,33.11
2016-03-30,33.01
2016-03-31,32.9
2016-04-01,32.93
2016-04-04,33.02
2016-04-05,33.07
2016-04-06,33.0
2016-04-07,32.96
2016-04-08,32.88
2016-04-11,32.8
2016-04-12,32.78
2016-04-13,32.83
2016-04-14,32.86
2016-04-15,32.81
2016-04-18,32.74
2016-04-19,32.61
2016-04-20,32.65
2016-04-21,32.85
2016-04-22,32.85
2016-04-25,32.84
2016-04-26,32.91
2016-04-27,32.89
2016-04-28,32.78
2016-04-29,32.68
2016-05-02,32.58
2016-05-03,32.74
2016-05-04,32.94
2016-05-05,32.95
2016-05-06,32.89
2016-05-09,33.02
2016-05-10,32.99
2016-05-11,33.04
2016-05-12,33.1
2016-05-13,33.22
2016-05-16,33.19
2016-05-17,33.28
2016-05-18,33.38
2016-05-19,33.48
2016-05-20,33.41
2016-05-23,33.45
2016-05-24,33.5
2016-05-25,33.44
2016-05-26,33.38
2016-05-27,33.49
2016-05-30,33.54
2016-05-31,33.52
2016-06-01,33.45
2016-06-02,33.38
2016-06-03,33.13
2016-06-06,33.02
2016-06-07,33.0
2016-06-08,32.9
2016-06-09,32.93
2016-06-10,33.04
2016-06-13,32.95
2016-06-14,33.08
2016-06-15,33.02
2016-06-16,33.07
2016-06-17,33.02
2016-06-20,32.97
2016-06-21,32.99
2016-06-22,32.93
2016-06-23,32.89
2016-06-24,33.03
2016-06-27,33.1
2016-06-28,33.01
2016-06-29,32.88
2016-06-30,32.89
2016-07-01,32.84
2016-07-04,32.85
2016-07-05,32.94
2016-07-06,32.98
2016-07-07,33.0
2016-07-08,32.94
2016-07-11,32.93
2016-07-12,32.99
2016-07-13,32.97
2016-07-14,32.81
2016-07-15,32.72
2016-07-18,32.71
2016-07-19,32.8
2016-07-20,32.81
2016-07-21,32.74
2016-07-22,32.73
2016-07-25,32.8
2016-07-26,32.76
2016-07-27,32.72
2016-07-28,32.62
2016-07-29,32.56
2016-08-01,32.55
2016-08-02,32.54
2016-08-03,32.77
2016-08-04,32.68
2016-08-05,32.85
2016-08-08,32.75
2016-08-09,32.66
2016-08-10,32.55
2016-08-11,32.5
2016-08-12,32.54
2016-08-15,32.38
2016-08-16,32.39
2016-08-17,32.43
2016-08-18,32.33
2016-08-19,32.41
2016-08-22,32.45
2016-08-23,32.41
2016-08-24,32.41
2016-08-25,32.34
2016-08-26,32.46
2016-08-29,32.33
2016-08-30,32.37
2016-08-31,32.4
2016-09-01,32.36
2016-09-02,32.39
2016-09-05,32.52
2016-09-06,32.38
2016-09-07,32.41
2016-09-08,32.55
2016-09-09,32.57
2016-09-12,32.64
2016-09-13,32.73
2016-09-14,32.66
2016-09-15,32.68
2016-09-16,32.7
2016-09-19,32.59
2016-09-20,32.55
2016-09-21,32.46
2016-09-22,32.4
2016-09-23,32.42
2016-09-26,32.37
2016-09-27,32.38
2016-09-28,32.37
2016-09-29,32.44
2016-09-30,32.36
2016-10-03,32.43
2016-10-04,32.56
2016-10-05,32.62
2016-10-06,32.63
2016-10-07,32.67
2016-10-10,32.92
2016-10-11,33.22
2016-10-12,33.45
2016-10-13,33.17
2016-10-14,33.11
2016-10-17,33.02
2016-10-18,32.8
2016-10-19,32.63
2016-10-20,32.79
2016-10-21,32.87
2016-10-24,32.82
2016-10-25,32.68
2016-10-26,32.82
2016-10-27,32.89
2016-10-28,32.82
2016-10-31,32.8
2016-11-01,32.81
2016-11-02,32.72
2016-11-03,32.75
2016-11-04,32.74
2016-11-07,32.77
2016-11-08,32.73
2016-11-09,32.82
2016-11-10,33.08
2016-11-11,33.17
2016-11-14,33.26
2016-11-15,33.22
2016-11-16,33.26
2016-11-17,33.28
2016-11-18,33.34
2016-11-21,33.3
2016-11-22,33.27
2016-11-23,33.48
2016-11-24,33.45
2016-11-25,33.39
2016-11-28,33.34
2016-11-29,33.43
2016-11-30,33.5
2016-12-01,33.45
2016-12-02,33.37
2016-12-05,33.42
2016-12-06,33.4
2016-12-07,33.39
2016-12-08,33.41
2016-12-09,33.44
2016-12-12,33.37
2016-12-13,33.33
2016-12-14,33.41
2016-12-15,33.56
2016-12-16,33.61
2016-12-19,33.66
2016-12-20,33.8
2016-12-21,33.77
2016-12-22,33.79
2016-12-23,33.73
2016-12-26,33.67
2016-12-27,33.79
2016-12-28,33.77
2016-12-29,33.67
2016-12-30,33.5
2017-01-02,33.38
2017-01-03,33.71
2017-01-04,33.6
2017-01-05,33.45
2017-01-06,33.51
2017-01-09,33.41
2017-01-10,33.33
2017-01-11,33.24
2017-01-12,33.15
2017-01-13,33.19
2017-01-16,33.19
2017-01-17,33.06
2017-01-18,33.19
2017-01-19,33.18
2017-01-20,33.17
2017-01-23,33.02
2017-01-24,33.0
2017-01-25,32.99
2017-01-26,33.11
2017-01-27,33.06
2017-01-30,33.0
2017-01-31,32.89
2017-02-01,32.89
2017-02-02,32.85
2017-02-03,32.8
2017-02-06,32.79
2017-02-07,32.82
2017-02-08,32.8
2017-02-09,32.85
2017-02-10,32.79
2017-02-13,32.85
2017-02-14,32.78
2017-02-15,32.81
2017-02-16,32.77
2017-02-17,32.76
2017-02-20,32.8
2017-02-21,32.82
2017-02-22,32.79
2017-02-23,32.76
2017-02-24,32.66
2017-02-27,32.63
2017-02-28,32.72
2017-03-01,32.76
2017-03-02,32.84
2017-03-03,32.8
2017-03-06,32.85
2017-03-07,32.91
2017-03-08,33.09
2017-03-09,33.17
2017-03-10,33.02
2017-03-13,33.09
2017-03-14,33.09
2017-03-15,32.85
2017-03-16,32.69
2017-03-17,32.61
2017-03-20,32.44
2017-03-21,32.5
2017-03-22,32.33
2017-03-23,32.38
2017-03-24,32.26
2017-03-27,32.16
2017-03-28,32.23
2017-03-29,32.19
2017-03-30,32.24
2017-03-31,32.14
2017-04-03,32.15
2017-04-04,32.25
2017-04-05,32.33
2017-04-06,32.36
2017-04-07,32.36
2017-04-10,32.4
2017-04-11,32.33
2017-04-12,32.18
2017-04-13,32.13
2017-04-14,32.13
2017-04-17,32.09
2017-04-18,32.13
2017-04-19,32.17
2017-04-20,32.19
2017-04-21,32.12
2017-04-24,32.13
2017-04-25,32.21
2017-04-26,32.25
2017-04-27,32.38
2017-04-28,32.36
2017-05-01,32.39
2017-05-02,32.26
2017-05-03,32.33
2017-05-04,32.41
2017-05-05,32.39
2017-05-08,32.44
2017-05-09,32.56
2017-05-10,32.54
2017-05-11,32.49
2017-05-12,32.42
2017-05-15,32.33
2017-05-16,32.25
2017-05-17,32.25
2017-05-18,32.29
2017-05-19,32.09
2017-05-22,32.09
2017-05-23,32.21
2017-05-24,32.12
2017-05-25,31.93
2017-05-26,31.74
2017-05-29,31.88
2017-05-30,31.91
2017-05-31,31.83
2017-06-01,31.93
2017-06-02,31.81
2017-06-05,31.79
2017-06-06,31.74
2017-06-07,31.82
2017-06-08,31.85
2017-06-09,31.81
2017-06-12,31.84
2017-06-13,31.7
2017-06-14,31.69
2017-06-15,31.73
2017-06-16,31.68
2017-06-19,31.75
2017-06-20,31.8
2017-06-21,31.77
2017-06-22,31.77
2017-06-23,31.7
2017-06-26,31.76
2017-06-27,31.75
2017-06-28,31.75
2017-06-29,31.78
2017-06-30,31.67
2017-07-03,31.78
2017-07-04,31.79
2017-07-05,31.79
2017-07-06,31.86
2017-07-07,31.9
2017-07-10,31.91
2017-07-11,31.85
2017-07-12,31.74
2017-07-13,31.72
2017-07-14,31.47
2017-07-17,31.4
2017-07-18,31.35
2017-07-19,31.39
2017-07-20,31.35
2017-07-21,31.19
2017-07-24,31.2
2017-07-25,31.26
2017-07-26,31.16
2017-07-27,31.12
2017-07-28,31.15
2017-07-31,31.08
2017-08-01,31.06
2017-08-02,31.04
2017-08-03,31.05
2017-08-04,31.04
2017-08-07,31.07
2017-08-08,31.06
2017-08-09,31.04
2017-08-10,31.03
2017-08-11,30.98
2017-08-14,31.04
2017-08-15,31.08
2017-08-16,31.05
2017-08-17,31.05
2017-08-18,31.0
2017-08-21,31.03
2017-08-22,31.03
2017-08-23,31.12
2017-08-24,31.12
2017-08-25,31.02
2017-08-28,30.97
2017-08-29,30.98
2017-08-30,31.0
2017-08-31,30.97
2017-09-01,30.94
2017-09-04,30.95
2017-09-05,30.94
2017-09-06,30.94
2017-09-07,30.87
2017-09-08,30.91
2017-09-11,30.9
2017-09-12,30.91
2017-09-13,30.93
2017-09-14,30.86
2017-09-15,30.88
2017-09-18,30.87
2017-09-19,30.86
2017-09-20,30.88
2017-09-21,30.89
2017-09-22,30.86
2017-09-25,30.89
2017-09-26,30.99
2017-09-27,31.09
2017-09-28,31.18
2017-09-29,31.1
2017-10-02,31.21
2017-10-03,31.14
2017-10-04,31.12
2017-10-05,31.18
2017-10-06,31.2
2017-10-09,31.16
2017-10-10,31.03
2017-10-11,30.97
2017-10-12,30.91
2017-10-13,30.84
2017-10-16,30.85
2017-10-17,30.9
2017-10-18,30.92
2017-10-19,30.9
2017-10-20,30.97
2017-10-23,30.97
2017-10-24,30.98
2017-10-25,30.98
2017-10-26,31.04
2017-10-27,31.02
2017-10-30,31.02
2017-10-31,31.01
2017-11-01,30.93
2017-11-02,30.88
2017-11-03,30.96
2017-11-06,30.89
2017-11-07,30.93
2017-11-08,30.9
2017-11-09,30.89
2017-11-10,30.9
2017-11-13,30.86
2017-11-14,30.84
2017-11-15,30.79
2017-11-16,30.7
2017-11-17,30.63
2017-11-20,30.61
2017-11-21,30.55
2017-11-22,30.47
2017-11-23,30.45
2017-11-24,30.45
2017-11-27,30.41
2017-11-28,30.38
2017-11-29,30.36
2017-11-30,30.43
2017-12-01,30.4
2017-12-04,30.39
2017-12-05,30.4
2017-12-06,30.41
2017-12-07,30.41
2017-12-08,30.38
2017-12-11,30.41
2017-12-12,30.4
2017-12-13,30.31
2017-12-14,30.3
2017-12-15,30.3
2017-12-18,30.42
2017-12-19,30.49
2017-12-20,30.5
2017-12-21,30.51
2017-12-22,30.51
2017-12-25,30.55
2017-12-26,30.55
2017-12-27,30.59
2017-12-28,30.48
2017-12-29,30.28
2018-01-01,30.33
2018-01-02,30.21
2018-01-03,30.11
2018-01-04,30.06
2018-01-05,29.93
2018-01-08,30.01
2018-01-09,30.06
2018-01-10,29.92
2018-01-11,29.79
2018-01-12,29.73
2018-01-15,29.71
2018-01-16,29.72
2018-01-17,29.74
2018-01-18,29.7
2018-01-19,29.64
2018-01-22,29.63
2018-01-23,29.6
2018-01-24,29.33
2018-01-25,29.24
2018-01-26,29.12
2018-01-29,29.22
2018-01-30,29.21
2018-01-31,29.12
2018-02-01,29.1
2018-02-02,29.24
2018-02-05,29.42
2018-02-06,29.3
2018-02-07,29.44
2018-02-08,29.64
2018-02-09,29.48
2018-02-12,29.43
2018-02-13,29.27
2018-02-14,29.12
2018-02-15,29.06
2018-02-16,29.03
2018-02-19,29.18
2018-02-20,29.29
2018-02-21,29.34
2018-02-22,29.26
2018-02-23,29.18
2018-02-26,29.07
2018-02-27,29.27
2018-02-28,29.28
2018-03-01,29.29
2018-03-02,29.2
2018-03-05,29.19
2018-03-06,29.08
2018-03-07,29.11
2018-03-08,29.16
2018-03-09,29.08
2018-03-12,29.09
2018-03-13,29.02
2018-03-14,28.95
2018-03-15,29.0
2018-03-16,29.02
2018-03-19,28.98
2018-03-20,28.99
2018-03-21,28.94
2018-03-22,29.09
2018-03-23,28.97
2018-03-26,28.92
2018-03-27,29.01
2018-03-28,29.07
2018-03-29,29.04
2018-03-30,28.96
2018-04-02,29.0
2018-04-03,28.98
2018-04-04,29.0
2018-04-05,29.05
2018-04-06,29.06
2018-04-09,29.05
2018-04-10,28.99
2018-04-11,28.91
2018-04-12,29.02
2018-04-13,28.91
2018-04-16,28.98
2018-04-17,29.0
2018-04-18,28.99
2018-04-19,29.02
2018-04-20,29.11
2018-04-23,29.33
2018-04-24,29.24
2018-04-25,29.32
2018-04-26,29.39
2018-04-27,29.3
2018-04-30,29.34
2018-05-01,29.48
2018-05-02,29.55
2018-05-03,29.41
2018-05-04,29.53
2018-05-07,29.64
2018-05-08,29.72
2018-05-09,29.92
2018-05-10,29.75
2018-05-11,29.7
2018-05-14,29.68
2018-05-15,29.9
2018-05-16,29.8
2018-05-17,29.87
2018-05-18,29.96
2018-05-21,29.94
2018-05-22,29.79
2018-05-23,29.89
2018-05-24,29.78
2018-05-25,29.7
2018-05-28,29.77
2018-05-29,29.88
2018-05-30,29.81
2018-05-31,29.84
2018-06-01,29.79
2018-06-04,29.8
2018-06-05,29.72
2018-06-06,29.7
2018-06-07,29.77
2018-06-08,29.76
2018-06-11,29.83
2018-06-12,29.88
2018-06-13,29.92
2018-06-14,29.98
2018-06-15,30.43
2018-06-18,30.46
2018-06-19,30.53
2018-06-20,30.62
2018-06-21,30.67
2018-06-22,30.68
2018-06-25,30.73
2018-06-26,30.82
2018-06-27,30.85
2018-06-28,30.94
2018-06-29,30.77
2018-07-02,30.95
2018-07-03,30.94
2018-07-04,30.92
2018-07-05,30.99
2018-07-06,30.89
2018-07-09,30.86
2018-07-10,30.93
2018-07-11,31.11
2018-07-12,30.99
2018-07-13,31.08
2018-07-16,31.06
2018-07-17,31.1
2018-07-18,31.09
2018-07-19,31.24
2018-07-20,31.09
2018-07-23,31.2
2018-07-24,31.16
2018-07-25,31.0
2018-07-26,31.21
2018-07-27,31.05
2018-07-30,31.05
2018-07-31,30.98
2018-08-01,30.94
2018-08-02,31.07
2018-08-03,31.02
2018-08-06,31.12
2018-08-07,31.0
2018-08-08,31.01
2018-08-09,31.02
2018-08-10,31.06
2018-08-13,31.14
2018-08-14,31.08
2018-08-15,31.11
2018-08-16,30.95
2018-08-17,30.93
2018-08-20,30.72
2018-08-21,30.43
2018-08-22,30.47
2018-08-23,30.65
2018-08-24,30.39
2018-08-27,30.31
2018-08-28,30.36
2018-08-29,30.47
2018-08-30,30.57
2018-08-31,30.52
2018-09-03,30.47
2018-09-04,30.58
2018-09-05,30.57
2018-09-06,30.57
2018-09-07,30.6
2018-09-10,30.6
2018-09-11,30.56
2018-09-12,30.49
2018-09-13,30.38
2018-09-14,30.46
2018-09-17,30.36
2018-09-18,30.35
2018-09-19,30.19
2018-09-20,30.12
2018-09-21,30.11
2018-09-24,30.21
2018-09-25,30.19
2018-09-26,30.21
2018-09-27,30.21
2018-09-28,30.07
2018-10-01,30.06
2018-10-02,30.13
2018-10-03,30.3
2018-10-04,30.49
2018-10-05,30.56
2018-10-08,30.68
2018-10-09,30.73
2018-10-10,30.79
2018-10-11,30.49
2018-10-12,30.49
2018-10-15,30.43
2018-10-16,30.28
2018-10-17,30.3
2018-10-18,30.42
2018-10-19,30.36
2018-10-22,30.57
2018-10-23,30.62
2018-10-24,30.72
2018-10-25,30.71
2018-10-26,30.84
2018-10-29,31.07
2018-10-30,31.04
2018-10-31,30.88
2018-11-01,30.68
2018-11-02,30.62
2018-11-05,30.72
2018-11-06,30.7
2018-11-07,30.6
2018-11-08,30.75
2018-11-09,30.84
2018-11-12,30.93
2018-11-13,30.74
2018-11-14,30.73
2018-11-15,30.74
2018-11-16,30.63
2018-11-19,30.72
2018-11-20,30.76
2018-11-21,30.67
2018-11-22,30.75
2018-11-23,30.86
2018-11-26,30.8
2018-11-27,30.82
2018-11-28,30.68
2018-11-29,30.69
2018-11-30,30.73
2018-12-03,30.58
2018-12-04,30.54
2018-12-05,30.53
2018-12-06,30.63
2018-12-07,30.61
2018-12-10,30.67
2018-12-11,30.62
2018-12-12,30.54
2018-12-13,30.55
2018-12-14,30.61
2018-12-17,30.57
2018-12-18,30.49
2018-12-19,30.54
2018-12-20,30.43
2018-12-21,30.41
2018-12-24,30.25
2018-12-26,30.44
2018-12-27,30.31
2018-12-28,30.33
2018-12-31,30.08
2019-01-02,30.05
2019-01-03,30.01
2019-01-04,29.75
2019-01-07,29.72
2019-01-08,29.81
2019-01-09,29.72
2019-01-10,29.71
2019-01-11,29.71
2019-01-14,29.71
2019-01-15,29.69
2019-01-16,29.48
2019-01-17,29.53
2019-01-18,29.52
2019-01-21,29.59
2019-01-22,29.56
2019-01-23,29.48
2019-01-24,29.48
2019-01-25,29.31
2019-01-28,29.31
2019-01-29,29.23
2019-01-30,29.04
2019-01-31,28.99
2019-02-01,29.09
2019-02-04,29.08
2019-02-05,29.02
2019-02-06,29.03
2019-02-07,29.03
2019-02-08,29.26
2019-02-11,29.22
2019-02-12,29.08
2019-02-13,29.18
2019-02-14,29.09
2019-02-15,29.03
2019-02-18,29.0
2019-02-19,28.92
2019-02-20,28.88
2019-02-21,29.01
2019-02-22,29.1
2019-02-25,29.06
2019-02-26,29.06
2019-02-27,29.22
2019-02-28,29.37
2019-03-01,29.6
2019-03-04,29.64
2019-03-05,29.54
2019-03-06,29.64
2019-03-07,29.63
2019-03-08,29.53
2019-03-11,29.46
2019-03-12,29.43
2019-03-13,29.39
2019-03-14,29.55
2019-03-15,29.45
2019-03-18,29.48
2019-03-19,29.46
2019-03-20,29.44
2019-03-21,29.52
2019-03-22,29.55
2019-03-25,29.33
2019-03-26,29.42
2019-03-27,29.68
2019-03-28,29.65
2019-03-29,29.52
2019-04-01,29.49
2019-04-02,29.55
2019-04-03,29.52
2019-04-04,29.57
2019-04-05,29.7
2019-04-08,29.66
2019-04-09,29.55
2019-04-10,29.53
2019-04-11,29.65
2019-04-12,29.56
2019-04-15,29.58
2019-04-16,29.62
2019-04-17,29.56
2019-04-18,29.59
2019-04-19,29.62
2019-04-22,29.69
2019-04-23,29.77
2019-04-24,29.83
2019-04-25,29.85
2019-04-26,29.7
2019-04-29,29.69
2019-04-30,29.68
2019-05-01,29.8
2019-05-02,29.78
2019-05-03,29.69
2019-05-06,29.66
2019-05-07,29.7
2019-05-08,29.58
2019-05-09,29.57
2019-05-10,29.33
2019-05-13,29.42
2019-05-14,29.3
2019-05-15,29.34
2019-05-16,29.47
2019-05-17,29.63
2019-05-20,29.66
2019-05-21,29.74
2019-05-22,29.72
2019-05-23,29.71
2019-05-24,29.61
2019-05-27,29.63
2019-05-28,29.65
2019-05-29,29.62
2019-05-30,29.56
2019-05-31,29.33
2019-06-03,29.13
2019-06-04,29.11
2019-06-05,29.19
2019-06-06,29.1
2019-06-07,29.05
2019-06-10,29.14
2019-06-11,29.07
2019-06-12,29.06
2019-06-13,28.97
2019-06-14,29.03
2019-06-17,29.15
2019-06-18,29.02
2019-06-19,29.04
2019-06-20,28.64
2019-06-21,28.6
2019-06-24,28.46
2019-06-25,28.55
2019-06-26,28.54
2019-06-27,28.56
2019-06-28,28.47
2019-07-01,28.44
2019-07-02,28.38
2019-07-03,28.38
2019-07-04,28.47
2019-07-05,28.57
2019-07-08,28.59
2019-07-09,28.6
2019-07-10,28.5
2019-07-11,28.53
2019-07-12,28.71
2019-07-15,28.68
2019-07-16,28.71
2019-07-17,28.67
2019-07-18,28.61
2019-07-19,28.63
2019-07-22,28.62
2019-07-23,28.71
2019-07-24,28.69
2019-07-25,28.75
2019-07-26,28.64
2019-07-29,28.63
2019-07-30,28.58
2019-07-31,28.54
2019-08-01,28.64
2019-08-02,28.51
2019-08-05,28.6
2019-08-06,28.51
2019-08-07,28.61
2019-08-08,28.54
2019-08-09,28.54
2019-08-12,28.64
2019-08-13,28.61
2019-08-14,28.62
2019-08-15,28.62
2019-08-16,28.7
2019-08-19,28.63
2019-08-20,28.55
2019-08-21,28.56
2019-08-22,28.58
2019-08-23,28.41
2019-08-26,28.37
2019-08-27,28.4
2019-08-28,28.41
2019-08-29,28.42
2019-08-30,28.42
2019-09-02,28.4
2019-09-03,28.39
2019-09-04,28.34
2019-09-05,28.46
2019-09-06,28.43
2019-09-09,28.42
2019-09-10,28.39
2019-09-11,28.36
2019-09-12,28.22
2019-09-13,28.28
2019-09-16,28.31
2019-09-17,28.31
2019-09-18,28.33
2019-09-19,28.33
2019-09-20,28.26
2019-09-23,28.22
2019-09-24,28.32
2019-09-25,28.38
2019-09-26,28.43
2019-09-27,28.39
2019-09-30,28.38
2019-10-01,28.41
2019-10-02,28.37
2019-10-03,28.32
2019-10-04,28.21
2019-10-07,28.24
2019-10-08,28.19
2019-10-09,28.12
2019-10-10,28.2
2019-10-11,28.23
2019-10-14,28.18
2019-10-15,28.22
2019-10-16,28.14
2019-10-17,28.1
2019-10-18,28.06
2019-10-21,28.04
2019-10-22,28.08
2019-10-23,28.08
2019-10-24,28.05
2019-10-25,27.92
2019-10-28,28.02
2019-10-29,28.04
2019-10-30,28.01
2019-10-31,27.96
2019-11-01,27.95
2019-11-04,27.99
2019-11-05,28.04
2019-11-06,28.09
2019-11-07,28.23
2019-11-08,28.13
2019-11-11,28.12
2019-11-12,28.13
2019-11-13,28.0
2019-11-14,27.98
2019-11-15,28.04
2019-11-18,27.97
2019-11-19,27.97
2019-11-20,27.98
2019-11-21,28.0
2019-11-22,27.98
2019-11-25,28.01
2019-11-26,28.0
2019-11-27,28.02
2019-11-28,28.01
2019-11-29,27.98
2019-12-02,28.05
2019-12-03,28.05
2019-12-04,28.1
2019-12-05,28.16
2019-12-06,28.12
2019-12-09,28.09
2019-12-10,28.06
2019-12-11,28.03
2019-12-12,27.97
2019-12-13,27.96
2019-12-16,27.99
2019-12-17,28.04
2019-12-18,28.01
2019-12-19,27.98
2019-12-20,27.94
2019-12-23,27.95
2019-12-24,27.92
2019-12-26,27.92
2019-12-27,27.92
2019-12-30,27.75
2019-12-31,27.46
2020-01-02,27.95
2020-01-03,27.95
2020-01-06,27.95
2020-01-07,28.1
2020-01-08,28.15
2020-01-09,28.05
2020-01-10,28.01
2020-01-13,27.97
2020-01-14,28.05
2020-01-15,28.03
2020-01-16,28.15
2020-01-17,28.14
2020-01-20,28.13
2020-01-21,28.2
2020-01-22,28.17
2020-01-23,28.28
2020-01-24,28.33
2020-01-27,28.48
2020-01-28,28.6
2020-01-29,28.75
2020-01-30,28.85
2020-01-31,28.98
2020-02-03,28.82
2020-02-04,28.75
2020-02-05,28.77
2020-02-06,28.96
2020-02-07,29.08
2020-02-10,29.1
2020-02-11,29.0
2020-02-12,28.87
2020-02-13,28.93
2020-02-14,28.96
2020-02-17,28.95
2020-02-18,29.0
2020-02-19,29.0
2020-02-20,29.2
2020-02-21,29.33
2020-02-24,29.42
2020-02-25,29.51
2020-02-26,29.6
2020-02-27,29.46
2020-02-28,29.24
2020-03-02,29.23
2020-03-03,29.19
2020-03-04,29.14
2020-03-05,29.37
2020-03-06,29.16
2020-03-09,29.23
2020-03-10,29.21
2020-03-11,29.27
2020-03-12,29.51
2020-03-13,28.96
2020-03-16,29.82
2020-03-17,29.93
2020-03-18,30.37
2020-03-19,30.33
2020-03-20,30.42
2020-03-23,30.53
2020-03-24,30.55
2020-03-25,30.48
2020-03-26,30.38
2020-03-27,30.23
2020-03-30,30.42
2020-03-31,30.54
2020-04-01,30.85
2020-04-02,30.7
2020-04-03,30.81
2020-04-06,30.58
2020-04-07,30.49
2020-04-08,30.49
2020-04-09,30.44
2020-04-10,30.43
2020-04-13,30.47
2020-04-14,30.42
2020-04-15,30.49
2020-04-16,30.44
2020-04-17,30.22
2020-04-20,30.29
2020-04-21,30.29
2020-04-22,30.14
2020-04-23,30.12
2020-04-24,30.21
2020-04-27,30.25
2020-04-28,30.25
2020-04-29,30.18
2020-04-30,30.24
2020-05-01,30.15
2020-05-04,30.15
2020-05-05,30.15
2020-05-06,30.21
2020-05-07,30.12
2020-05-08,29.96
2020-05-11,29.98
2020-05-12,29.89
2020-05-13,29.86
2020-05-14,29.85
2020-05-15,29.8
2020-05-18,29.79
2020-05-19,29.68
2020-05-20,29.6
2020-05-21,29.63
2020-05-22,29.66
2020-05-25,29.73
2020-05-26,29.66
2020-05-27,29.69
2020-05-28,29.65
2020-05-29,29.58
2020-06-01,29.45
2020-06-02,29.33
2020-06-03,29.36
2020-06-04,29.33
2020-06-05,29.19
2020-06-08,29.18
2020-06-09,29.09
2020-06-10,28.87
2020-06-11,28.84
2020-06-12,28.75
2020-06-15,28.78
2020-06-16,28.88
2020-06-17,28.93
2020-06-18,28.88
2020-06-19,28.8
2020-06-22,28.75
2020-06-23,28.67
2020-06-24,28.66
2020-06-25,28.68
2020-06-26,28.67
2020-06-29,28.66
2020-06-30,28.69
2020-07-01,28.82
2020-07-02,28.84
2020-07-03,28.9
2020-07-06,28.83
2020-07-07,28.99
2020-07-08,28.97
2020-07-09,29.03
2020-07-10,29.1
2020-07-13,29.18
2020-07-14,29.32
2020-07-15,29.31
2020-07-16,29.48
2020-07-17,29.46
2020-07-20,29.57
2020-07-21,29.31
2020-07-22,29.37
2020-07-23,29.48
2020-07-24,29.38
2020-07-27,29.25
2020-07-28,29.24
2020-07-29,29.17
2020-07-30,29.1
2020-07-31,29.05
2020-08-03,28.96
2020-08-04,28.82
2020-08-05,28.82
2020-08-06,28.87
2020-08-07,29.0
2020-08-10,28.89
2020-08-11,28.92
2020-08-12,28.84
2020-08-13,28.83
2020-08-14,28.89
2020-08-17,28.93
2020-08-18,28.95
2020-08-19,29.08
2020-08-20,29.17
2020-08-21,29.32
2020-08-24,29.28
2020-08-25,29.19
2020-08-26,29.05
2020-08-27,29.06
2020-08-28,28.86
2020-08-31,28.83
2020-09-01,28.92
2020-09-02,29.09
2020-09-03,29.18
2020-09-04,29.13
2020-09-07,29.12
2020-09-08,29.15
2020-09-09,29.05
2020-09-10,29.09
2020-09-11,29.05
2020-09-14,29.08
2020-09-15,28.96
2020-09-16,28.87
2020-09-17,28.95
2020-09-18,28.86
2020-09-21,29.08
2020-09-22,29.2
2020-09-23,29.36
2020-09-24,29.34
2020-09-25,29.41
2020-09-28,29.39
2020-09-29,29.38
2020-09-30,29.37
2020-10-01,29.33
2020-10-02,29.34
2020-10-05,29.08
2020-10-06,29.05
2020-10-07,28.99
2020-10-08,28.97
2020-10-09,28.76
2020-10-12,28.94
2020-10-13,29.04
2020-10-14,28.91
2020-10-15,28.87
2020-10-16,28.96
2020-10-19,28.99
2020-10-20,28.99
2020-10-21,28.95
2020-10-22,29.08
2020-10-23,29.07
2020-10-26,29.05
2020-10-27,29.0
2020-10-28,29.03
2020-10-29,28.98
2020-10-30,28.93
2020-11-02,28.91
2020-11-03,28.81
2020-11-04,28.77
2020-11-05,28.53
2020-11-06,28.39
2020-11-09,28.36
2020-11-10,28.08
2020-11-11,27.75
2020-11-12,28.01
2020-11-13,27.94
2020-11-16,27.94
2020-11-17,27.92
2020-11-18,28.07
2020-11-19,28.15
2020-11-20,28.03
2020-11-23,28.12
2020-11-24,28.09
2020-11-25,28.04
2020-11-26,28.05
2020-11-27,28.08
2020-11-30,28.04
2020-12-01,28.0
2020-12-02,27.97
2020-12-03,27.97
2020-12-04,27.98
2020-12-07,27.92
2020-12-08,27.81
2020-12-09,27.85
2020-12-10,27.85
2020-12-11,27.87
2020-12-14,27.85
2020-12-15,27.79
2020-12-16,27.76
2020-12-17,27.54
2020-12-18,27.62
2020-12-21,27.79
2020-12-22,28.01
2020-12-23,27.96
2020-12-24,27.79
2020-12-28,27.93
2020-12-29,27.82
2020-12-30,27.69
2020-12-31,27.79
2021-01-04,27.66
2021-01-05,27.69
2021-01-06,27.71
2021-01-07,27.85
2021-01-08,27.92
2021-01-11,27.9
2021-01-12,27.8
2021-01-13,27.78
2021-01-14,27.73
2021-01-15,27.85
2021-01-18,27.89
2021-01-19,27.74
2021-01-20,27.72
2021-01-21,27.69
2021-01-22,27.75
2021-01-25,27.76
2021-01-26,27.73
2021-01-27,27.77
2021-01-28,27.75
2021-01-29,27.63
2021-02-01,27.76
2021-02-02,27.77
2021-02-03,27.77
2021-02-04,27.87
2021-02-05,27.8
2021-02-08,27.76
2021-02-09,27.68
2021-02-10,27.67
2021-02-11,27.64
2021-02-12,27.66
2021-02-15,27.67
2021-02-16,27.72
2021-02-17,27.75
2021-02-18,27.77
2021-02-19,27.73
2021-02-22,27.71
2021-02-23,27.77
2021-02-24,27.81
2021-02-25,28.03
2021-02-26,28.22
2021-03-01,28.0
2021-03-02,27.98
2021-03-03,28.11
2021-03-04,28.19
2021-03-05,28.3
2021-03-08,28.57
2021-03-09,28.5
2021-03-10,28.45
2021-03-11,28.31
2021-03-12,28.47
2021-03-15,28.45
2021-03-16,28.53
2021-03-17,28.45
2021-03-18,28.66
2021-03-19,28.52
2021-03-22,28.62
2021-03-23,28.79
2021-03-24,28.77
2021-03-25,28.94
2021-03-26,28.84
2021-03-29,28.98
2021-03-30,29.08
2021-03-31,28.95
2021-04-01,28.96
2021-04-02,29.03
2021-04-05,29.0
2021-04-06,29.03
2021-04-07,29.14
2021-04-08,29.16
2021-04-09,29.23
2021-04-12,29.25
2021-04-13,29.22
2021-04-14,29.07
2021-04-15,28.84
2021-04-16,28.88
2021-04-19,28.97
2021-04-20,29.06
2021-04-21,29.06
2021-04-22,29.17
2021-04-23,29.17
2021-04-26,29.18
2021-04-27,29.11
2021-04-28,29.1
2021-04-29,28.96
2021-04-30,28.92
2021-05-03,28.88
2021-05-04,28.97
2021-05-05,28.88
2021-05-06,28.97
2021-05-07,28.82
2021-05-10,28.89
2021-05-11,28.95
2021-05-12,29.08
2021-05-13,29.09
2021-05-14,29.13
2021-05-17,29.23
2021-05-18,29.18
2021-05-19,29.19
2021-05-20,29.13
2021-05-21,29.16
2021-05-24,29.1
2021-05-25,29.08
2021-05-26,29.03
2021-05-27,29.05
2021-05-28,28.97
2021-05-31,28.96
2021-06-01,28.94
2021-06-02,28.85
2021-06-03,28.99
2021-06-04,28.91
2021-06-07,28.94
2021-06-08,28.95
2021-06-09,28.93
2021-06-10,28.88
2021-06-11,28.86
2021-06-14,28.89
2021-06-15,28.94
2021-06-16,29.03
2021-06-17,29.2
2021-06-18,29.27
2021-06-21,29.34
2021-06-22,29.42
2021-06-23,29.6
2021-06-24,29.65
2021-06-25,29.57
2021-06-28,29.63
2021-06-29,29.83
2021-06-30,29.79
2021-07-01,29.82
2021-07-02,29.74
2021-07-05,29.87
2021-07-06,30.04
2021-07-07,30.1
2021-07-08,30.28
2021-07-09,30.05
2021-07-12,30.44
2021-07-13,30.38
2021-07-14,30.38
2021-07-15,30.44
2021-07-16,30.56
2021-07-19,30.63
2021-07-20,30.59
2021-07-21,30.61
2021-07-22,30.66
2021-07-23,30.73
2021-07-26,30.67
2021-07-27,30.7
2021-07-28,30.6
2021-07-29,30.6
2021-07-30,30.65
2021-08-02,30.7
2021-08-03,30.81
2021-08-04,30.89
2021-08-05,31.04
2021-08-06,31.21
2021-08-09,31.24
2021-08-10,31.23
2021-08-11,30.88
2021-08-12,30.84
2021-08-13,31.08
2021-08-16,31.16
2021-08-17,31.14
2021-08-18,31.08
2021-08-19,31.13
2021-08-20,31.1
2021-08-23,31.03
2021-08-24,30.63
2021-08-25,30.47
2021-08-26,30.54
2021-08-27,30.3
2021-08-30,30.27
2021-08-31,29.97
2021-09-01,30.05
2021-09-02,30.23
2021-09-03,30.26
2021-09-06,30.25
2021-09-07,30.44
2021-09-08,30.51
2021-09-09,30.46
2021-09-10,30.47
2021-09-13,30.61
2021-09-14,30.69
2021-09-15,30.56
2021-09-16,30.9
2021-09-17,31.08
2021-09-20,31.13
2021-09-21,31.12
2021-09-22,31.24
2021-09-23,31.18
2021-09-24,31.13
2021-09-27,31.34
2021-09-28,31.59
2021-09-29,31.7
2021-09-30,31.3
2021-10-01,31.26
2021-10-04,31.46
2021-10-05,31.59
2021-10-06,31.54
2021-10-07,31.56
2021-10-08,31.6
2021-10-11,31.43
2021-10-12,31.11
2021-10-13,30.91
2021-10-14,30.9
2021-10-15,31.2
2021-10-18,31.26
2021-10-19,31.14
2021-10-20,31.14
2021-10-21,31.16
2021-10-22,31.02
2021-10-25,30.84
2021-10-26,30.98
2021-10-27,31.03
2021-10-28,30.94
2021-10-29,30.92
2021-11-01,31.04
2021-11-02,31.03
2021-11-03,31.04
2021-11-04,31.06
2021-11-05,30.91
2021-11-08,30.66
2021-11-09,30.55
2021-11-10,30.46
2021-11-11,30.59
2021-11-12,30.51
2021-11-15,30.49
2021-11-16,30.5
2021-11-17,30.41
2021-11-18,30.34
2021-11-19,30.27
2021-11-22,30.8
2021-11-23,30.84
2021-11-24,30.98
2021-11-25,31.2
2021-11-26,31.51
2021-11-29,31.43
2021-11-30,31.45
2021-12-01,31.49
2021-12-02,31.55
2021-12-03,31.62
2021-12-06,31.56
2021-12-07,31.28
2021-12-08,31.2
2021-12-09,31.31
2021-12-10,31.34
2021-12-13,31.18
2021-12-14,31.15
2021-12-15,31.16
2021-12-16,31.12
2021-12-17,31.03
2021-12-20,31.33
2021-12-21,31.39
2021-12-22,31.35
2021-12-23,31.24
2021-12-24,31.2
2021-12-27,31.28
2021-12-28,31.13
2021-12-29,31.21
2021-12-30,30.84
2021-12-31,30.8
2022-01-03,30.74
2022-01-04,30.93
2022-01-05,30.94
2022-01-06,31.14
2022-01-07,31.31
2022-01-10,31.31
2022-01-11,31.0
2022-01-12,31.03
2022-01-13,30.98
2022-01-14,30.95
2022-01-17,30.75
2022-01-18,30.81
2022-01-19,30.61
2022-01-20,30.55
2022-01-21,30.7
2022-01-24,30.69
2022-01-25,30.75
2022-01-26,30.88
2022-01-27,30.96
2022-01-28,31.19
2022-01-31,30.82
2022-02-01,30.83
2022-02-02,30.81
2022-02-03,30.85
2022-02-04,30.63
2022-02-07,30.61
2022-02-08,30.58
2022-02-09,30.48
2022-02-10,30.49
2022-02-11,30.45
2022-02-14,30.19
2022-02-15,30.15
2022-02-16,30.04
2022-02-17,29.86
2022-02-18,29.92
2022-02-21,30.04
2022-02-22,30.22
2022-02-23,30.02
2022-02-24,30.4
2022-02-25,30.22
2022-02-28,30.48
2022-03-01,30.5
2022-03-02,30.28
2022-03-03,30.34
2022-03-04,30.38
2022-03-07,30.78
2022-03-08,30.98
2022-03-09,30.75
2022-03-10,30.88
2022-03-11,31.06
2022-03-14,31.24
2022-03-15,31.29
2022-03-16,31.1
2022-03-17,30.98
2022-03-18,31.08
2022-03-21,31.32
2022-03-22,31.25
2022-03-23,31.39
2022-03-24,31.3
2022-03-25,31.36
2022-03-28,31.53
2022-03-29,31.23
2022-03-30,31.06
2022-03-31,31.03
2022-04-01,31.21
2022-04-04,31.22
2022-04-05,31.3
2022-04-06,31.34
2022-04-07,31.23
2022-04-08,31.34
2022-04-11,31.39
2022-04-12,31.31
2022-04-13,31.29
2022-04-14,31.44
2022-04-15,31.45
2022-04-18,31.37
2022-04-19,31.57
2022-04-20,31.53
2022-04-21,31.66
2022-04-22,31.74
2022-04-25,31.91
2022-04-26,32.05
2022-04-27,32.12
2022-04-28,32.2
2022-04-29,32.01
2022-05-02,32.21
2022-05-03,32.12
2022-05-04,31.8
2022-05-05,32.11
2022-05-06,32.11
2022-05-09,32.32
2022-05-10,32.36
2022-05-11,32.41
2022-05-12,32.5
2022-05-13,32.28
2022-05-16,32.45
2022-05-17,32.3
2022-05-18,32.44
2022-05-19,32.22
2022-05-20,32.16
2022-05-23,31.89
2022-05-24,31.86
2022-05-25,32.05
2022-05-26,31.99
2022-05-27,31.88
2022-05-30,31.83
2022-05-31,32.09
2022-06-01,32.11
2022-06-02,31.98
2022-06-03,32.08
2022-06-06,32.16
2022-06-07,32.19
2022-06-08,32.29
2022-06-09,32.32
2022-06-10,32.49
2022-06-13,32.68
2022-06-14,32.8
2022-06-15,32.5
2022-06-16,32.78
2022-06-17,33.02
2022-06-20,33.11
2022-06-21,33.1
2022-06-22,33.13
2022-06-23,33.29
2022-06-24,33.22
2022-06-27,33.14
2022-06-28,32.93
2022-06-29,33.0
2022-06-30,33.06
2022-07-01,33.33
2022-07-04,33.48
2022-07-05,33.75
2022-07-06,33.96
2022-07-07,33.78
2022-07-08,33.61
2022-07-11,34.04
2022-07-12,33.96
2022-07-13,33.94
2022-07-14,34.35
2022-07-15,34.35
2022-07-18,34.4
2022-07-19,34.35
2022-07-20,34.45
2022-07-21,34.5
2022-07-22,34.39
2022-07-25,34.46
2022-07-26,34.48
2022-07-27,34.44
2022-07-28,34.2
2022-07-29,34.03
2022-08-01,33.89
2022-08-02,33.97
2022-08-03,34.0
2022-08-04,33.64
2022-08-05,33.52
2022-08-08,33.41
2022-08-09,33.17
2022-08-10,33.14
2022-08-11,32.98
2022-08-12,32.64
2022-08-15,33.29
2022-08-16,33.17
2022-08-17,33.17
2022-08-18,33.41
2022-08-19,33.52
2022-08-22,33.89
2022-08-23,33.81
2022-08-24,33.86
2022-08-25,33.61
2022-08-26,33.98
2022-08-29,34.1
2022-08-30,34.22
2022-08-31,34.3
2022-09-01,34.56
2022-09-02,34.45
2022-09-05,34.36
2022-09-06,34.4
2022-09-07,34.16
2022-09-08,34.25
2022-09-09,33.88
2022-09-12,34.03
2022-09-13,34.43
2022-09-14,34.37
2022-09-15,34.72
2022-09-16,34.6
2022-09-19,34.65
2022-09-20,34.8
2022-09-21,34.95
2022-09-22,35.15
2022-09-23,35.29
2022-09-26,35.62
2022-09-27,35.75
2022-09-28,35.47
2022-09-29,35.66
2022-09-30,35.63
2022-10-03,35.54
2022-10-04,35.24
2022-10-05,35.24
2022-10-06,35.11
2022-10-07,35.37
2022-10-10,35.72
2022-10-11,35.91
2022-10-12,35.66
2022-10-13,35.6
2022-10-14,36.09
2022-10-17,35.85
2022-10-18,35.87
2022-10-19,36.09
2022-10-20,35.98
2022-10-21,35.79
2022-10-24,35.92
2022-10-25,35.75
2022-10-26,35.57
2022-10-27,35.61
2022-10-28,35.73
2022-10-31,35.81
2022-11-01,35.53
2022-11-02,35.55
2022-11-03,35.73
2022-11-04,35.01
2022-11-07,35.17
2022-11-08,34.76
2022-11-09,34.67
2022-11-10,33.97
2022-11-11,33.76
2022-11-14,33.47
2022-11-15,33.31
2022-11-16,33.37
2022-11-17,33.61
2022-11-18,33.62
2022-11-21,34.08
2022-11-22,33.9
2022-11-23,33.79
2022-11-24,33.56
2022-11-25,33.35
2022-11-28,33.51
2022-11-29,33.26
2022-11-30,32.9
2022-12-01,32.5
2022-12-02,32.41
2022-12-05,32.82
2022-12-06,32.87
2022-12-07,32.71
2022-12-08,32.43
2022-12-09,32.51
2022-12-12,32.67
2022-12-13,32.38
2022-12-14,32.28
2022-12-15,32.87
2022-12-16,32.65
2022-12-19,32.63
2022-12-20,32.47
2022-12-21,32.49
2022-12-22,32.69
2022-12-23,32.61
2022-12-26,32.52
2022-12-27,32.44
2022-12-28,32.6
2022-12-29,32.41
2022-12-30,32.43
2023-01-02,32.34
2023-01-03,32.19
2023-01-04,31.73
2023-01-05,31.85
2023-01-06,31.51
2023-01-09,31.27
2023-01-10,31.27
2023-01-11,31.24
2023-01-12,30.95
2023-01-13,30.67
2023-01-16,30.88
2023-01-17,30.79
2023-01-18,30.81
2023-01-19,30.7
2023-01-20,30.52
2023-01-23,30.53
2023-01-24,30.54
2023-01-25,30.53
2023-01-26,30.61
2023-01-27,30.6
2023-01-30,30.61
2023-01-31,30.63
2023-02-01,30.62
2023-02-02,30.84
2023-02-03,31.22
2023-02-06,31.6
2023-02-07,31.33
2023-02-08,31.3
2023-02-09,31.41
2023-02-10,31.53
2023-02-13,31.6
2023-02-14,31.72
2023-02-15,32.08
2023-02-16,32.14
2023-02-17,32.26
2023-02-20,32.15
2023-02-21,32.42
2023-02-22,32.42
2023-02-23,32.51
2023-02-24,32.76
2023-02-27,32.78
2023-02-28,33.01
2023-03-01,32.53
2023-03-02,32.62
2023-03-03,32.34
2023-03-06,32.31
2023-03-07,32.9
2023-03-08,32.88
2023-03-09,32.81
2023-03-10,32.61
2023-03-13,32.32
2023-03-14,32.37
2023-03-15,32.43
2023-03-16,32.24
2023-03-17,31.9
2023-03-20,31.9
2023-03-21,32.25
2023-03-22,32.03
2023-03-23,31.85
2023-03-24,31.99
2023-03-27,32.23
2023-03-28,32.07
2023-03-29,31.99
2023-03-30,31.94
2023-03-31,31.95
2023-04-03,32.02
2023-04-04,31.84
2023-04-05,31.75
2023-04-06,31.91
2023-04-07,32.04
2023-04-10,32.16
2023-04-11,32.09
2023-04-12,31.95
2023-04-13,31.8
2023-04-14,32.1
2023-04-17,32.3
2023-04-18,32.09
2023-04-19,32.24
2023-04-20,32.11
2023-04-21,32.2
2023-04-24,32.16
2023-04-25,32.2
2023-04-26,31.93
2023-04-27,31.91
2023-04-28,31.97
2023-05-01,32.04
2023-05-02,31.88
2023-05-03,31.73
2023-05-04,31.58
2023-05-05,31.67
2023-05-08,31.68
2023-05-09,31.52
2023-05-10,31.46
2023-05-11,31.66
2023-05-12,31.76
2023-05-15,31.58
2023-05-16,31.92
2023-05-17,32.04
2023-05-18,32.21
2023-05-19,32.31
2023-05-22,32.26
2023-05-23,32.39
2023-05-24,32.47
2023-05-25,32.52
2023-05-26,32.55
2023-05-29,32.52
2023-05-30,32.49
2023-05-31,32.5
2023-06-01,32.39
2023-06-02,32.6
2023-06-05,32.57
2023-06-06,32.56
2023-06-07,32.65
2023-06-08,32.42
2023-06-09,32.4
2023-06-12,32.46
2023-06-13,32.48
2023-06-14,32.53
2023-06-15,32.39
2023-06-16,32.47
2023-06-19,32.54
2023-06-20,32.65
2023-06-21,32.57
2023-06-22,32.94
2023-06-23,33.03
2023-06-26,33.05
2023-06-27,33.07
2023-06-28,33.38
2023-06-29,33.43
2023-06-30,33.09
2023-07-03,32.84
2023-07-04,32.72
2023-07-05,32.81
2023-07-06,32.99
2023-07-07,32.85
2023-07-10,32.9
2023-07-11,32.57
2023-07-12,32.48
2023-07-13,32.34
2023-07-14,32.45
2023-07-17,32.41
2023-07-18,31.89
2023-07-19,31.87
2023-07-20,32.0
2023-07-21,32.24
2023-07-24,32.33
2023-07-25,32.28
2023-07-26,31.97
2023-07-27,32.27
2023-07-28,32.01
2023-07-31,32.06
2023-08-01,32.16
2023-08-02,32.3
2023-08-03,32.42
2023-08-04,32.49
2023-08-07,32.64
2023-08-08,32.79
2023-08-09,32.87
2023-08-10,32.93
2023-08-11,32.91
2023-08-14,33.04
2023-08-15,33.19
2023-08-16,33.31
2023-08-17,33.31
2023-08-18,33.26
2023-08-21,33.01
2023-08-22,32.81
2023-08-23,32.73
2023-08-24,32.81
2023-08-25,32.92
2023-08-28,33.03
2023-08-29,32.81
2023-08-30,32.82
2023-08-31,32.83
2023-09-01,32.95
2023-09-04,33.08
2023-09-05,33.27
2023-09-06,33.31
2023-09-07,33.45
2023-09-08,33.47
2023-09-11,33.31
2023-09-12,33.39
2023-09-13,33.53
2023-09-14,33.6
2023-09-15,33.47
2023-09-18,33.48
2023-09-19,33.85
2023-09-20,33.95
2023-09-21,33.92
2023-09-22,33.83
2023-09-25,34.0
2023-09-26,34.21
2023-09-27,34.46
2023-09-28,34.35
2023-09-29,34.45
2023-10-02,34.77
2023-10-03,34.87
2023-10-04,34.71
2023-10-05,34.72
2023-10-06,34.73
2023-10-09,34.76
2023-10-10,34.43
2023-10-11,34.23
2023-10-12,34.21
2023-10-13,34.06
2023-10-16,34.06
2023-10-17,34.12
2023-10-18,34.19
2023-10-19,34.2
2023-10-20,34.36
2023-10-23,34.12
2023-10-24,33.96
2023-10-25,34.04
2023-10-26,34.08
2023-10-27,33.91
2023-10-30,33.73
2023-10-31,33.96
2023-11-01,33.94
2023-11-02,33.77
2023-11-03,33.23
2023-11-06,33.32
2023-11-07,33.36
2023-11-08,33.32
2023-11-09,33.57
2023-11-10,33.86
2023-11-13,33.78
2023-11-14,33.31
2023-11-15,33.39
2023-11-16,33.0
2023-11-17,33.17
2023-11-20,33.0
2023-11-21,32.97
2023-11-22,33.03
2023-11-23,33.09
2023-11-24,33.17
2023-11-27,32.86
2023-11-28,32.54
2023-11-29,32.62
2023-11-30,33.14
2023-12-01,32.67
2023-12-04,33.04
2023-12-05,33.04
2023-12-06,33.04
2023-12-07,32.97
2023-12-08,33.38
2023-12-11,33.53
2023-12-12,33.51
2023-12-13,33.1
2023-12-14,32.68
2023-12-15,32.68
2023-12-18,32.76
2023-12-19,32.64
2023-12-20,32.79
2023-12-21,32.55
2023-12-22,32.39
2023-12-25,32.3
2023-12-26,32.38
2023-12-27,32.12
2023-12-28,31.93
2024-01-02,31.91
2024-01-03,32.06
2024-01-04,32.22
2024-01-05,32.44
2024-01-08,32.79
2024-01-09,32.69
2024-01-10,32.74
2024-01-11,32.8
2024-01-12,32.86
2024-01-15,32.75
2024-01-16,33.17
2024-01-17,33.29
2024-01-18,33.35
2024-01-19,33.32
2024-01-22,33.46
2024-01-23,33.52
2024-01-24,33.44
2024-01-25,33.54
2024-01-26,33.45
2024-01-29,33.41
2024-01-30,33.23
2024-01-31,33.31
2024-02-01,33.3
2024-02-02,33.09
2024-02-05,33.61
2024-02-06,33.51
2024-02-07,33.41
2024-02-08,33.65
2024-02-09,33.75
2024-02-12,33.75
2024-02-13,33.6
2024-02-14,33.99
2024-02-15,34.02
2024-02-16,33.91
2024-02-19,33.89
2024-02-20,33.96
2024-02-21,33.76
2024-02-22,33.72
2024-02-23,33.99
2024-02-27,33.71
2024-02-28,33.94
2024-02-29,33.81
2024-03-01,33.84
2024-03-04,33.73
2024-03-05,33.75
2024-03-06,33.59
2024-03-07,33.52
2024-03-08,33.38
2024-03-11,33.32
2024-03-12,33.5
2024-03-13,33.66
2024-03-14,33.57
2024-03-15,33.73
2024-03-18,33.92
2024-03-19,33.99
2024-03-20,34.08
2024-03-21,34.04
2024-03-22,34.36
2024-03-25,34.37
2024-03-26,34.25
2024-03-27,34.4
2024-03-28,34.49
2024-03-29,34.39
2024-04-01,34.42
2024-04-02,34.64
2024-04-03,34.7
2024-04-04,34.71
2024-04-05,34.67
2024-04-09,34.38
2024-04-10,34.4
2024-04-11,34.67
2024-04-17,34.84
2024-04-18,34.85
2024-04-19,34.94
2024-04-22,35.04
2024-04-23,35.11
2024-04-24,35.06
2024-04-25,35.08
2024-04-26,35.04
2024-04-29,35.12
2024-04-30,35.15
2024-05-02,35.03
2024-05-03,34.9
2024-05-07,34.98
2024-05-08,35.06
2024-05-09,35.06
2024-05-10,34.83
2024-05-13,34.94
2024-05-14,34.82
2024-05-15,34.64
2024-05-16,34.27
2024-05-17,34.37
2024-05-20,34.19
2024-05-21,34.47
2024-05-23,34.69
2024-05-24,34.85
2024-05-27,34.78
2024-05-28,34.8
2024-05-29,34.92
2024-05-30,34.98
2024-05-31,34.95
2024-06-04,34.77
2024-06-05,34.86
2024-06-06,34.67
2024-06-07,34.69
2024-06-10,35.03
2024-06-11,34.94
2024-06-12,34.88
2024-06-13,34.86
2024-06-14,34.95
2024-06-17,35.02
2024-06-18,35.05
2024-06-19,34.91
2024-06-20,35.0
2024-06-21,34.91
2024-06-24,34.93
2024-06-25,34.89
2024-06-26,35.06
2024-06-27,35.1
2024-06-28,35.0
2024-07-01,34.99
2024-07-02,35.13
2024-07-03,35.04
2024-07-04,34.92
2024-07-05,34.86
2024-07-08,34.8
2024-07-09,34.72
2024-07-10,34.7
2024-07-11,34.57
2024-07-12,34.51
2024-07-15,34.52
2024-07-16,34.4
2024-07-17,34.16
2024-07-18,34.3
2024-07-19,34.62
2024-07-23,34.57
2024-07-24,34.48
2024-07-25,34.51
2024-07-26,34.42
2024-07-30,34.33
2024-07-31,34.02
2024-08-01,33.99
2024-08-02,33.75
2024-08-05,33.58
2024-08-06,33.9
2024-08-07,34.03
2024-08-08,33.76
2024-08-09,33.68
2024-08-13,33.56
2024-08-14,33.3
2024-08-15,33.38
2024-08-16,33.45
2024-08-19,32.85
2024-08-20,32.61
2024-08-21,32.76
2024-08-22,32.78
2024-08-23,32.7
2024-08-26,32.41
2024-08-27,32.53
2024-08-28,32.43
2024-08-29,32.35
2024-08-30,32.36
2024-09-02,32.67
2024-09-03,32.7
2024-09-04,32.69
2024-09-05,32.12
2024-09-06,31.98
2024-09-09,32.41
2024-09-10,32.22
2024-09-11,32.13
2024-09-12,32.24
2024-09-13,31.81
2024-09-16,31.72
2024-09-17,31.8
2024-09-18,31.76
2024-09-19,31.6
2024-09-20,31.57
2024-09-23,31.51
2024-09-24,31.39
2024-09-25,31.26
2024-09-26,31.08
2024-09-27,30.92
2024-09-30,30.7
2024-10-01,31.11
2024-10-02,31.29
2024-10-03,31.65
2024-10-04,31.58
2024-10-07,31.97
2024-10-08,31.99
2024-10-09,31.95
2024-10-10,32.14
2024-10-11,31.89
2024-10-15,31.9
2024-10-16,31.72
2024-10-17,31.76
2024-10-18,31.69
2024-10-21,31.99
2024-10-22,32.08
2024-10-24,32.25
2024-10-25,32.36
2024-10-28,32.45
2024-10-29,32.37
2024-10-30,32.3
2024-10-31,32.35
2024-11-01,32.49
2024-11-04,32.33
2024-11-05,32.18
2024-11-06,32.76
2024-11-07,32.89
2024-11-08,32.65
2024-11-11,32.96
2024-11-12,33.42
2024-11-13,33.28
2024-11-14,33.71
2024-11-15,33.42
2024-11-18,33.41
2024-11-19,33.22
2024-11-20,33.34
2024-11-21,33.26
2024-11-22,33.2
2024-11-25,33.23
2024-11-26,33.33
2024-11-27,33.21
2024-11-28,33.08
2024-11-29,32.91
2024-12-02,33.13
2024-12-03,33.03
2024-12-04,33.01
2024-12-06,32.74
2024-12-09,32.48
2024-12-11,32.58
2024-12-12,32.5
2024-12-13,32.82
2024-12-16,32.76
2024-12-17,32.96
2024-12-18,32.95
2024-12-19,33.24
2024-12-20,33.17
2024-12-23,32.89
2024-12-24,32.88
2024-12-25,32.9
2024-12-26,32.99
2024-12-27,32.79
2024-12-30,32.83
2025-01-02,33.01
2025-01-03,33.21
2025-01-06,33.38
2025-01-07,33.26
2025-01-08,33.37
2025-01-09,33.38
2025-01-10,33.36
2025-01-13,33.58
2025-01-14,33.53
2025-01-15,33.49
2025-01-16,33.38
2025-01-17,33.24
2025-01-20,33.07
2025-01-21,32.87
2025-01-22,32.61
2025-01-23,32.8
2025-01-24,32.46
2025-01-27,32.5
2025-01-28,32.71
2025-01-29,32.55
2025-01-30,32.53
2025-01-31,32.47
2025-02-03,32.83
2025-02-04,32.63
2025-02-05,32.37
2025-02-06,32.6
2025-02-07,32.47
2025-02-10,32.73
2025-02-11,32.9
2025-02-13,32.65
2025-02-14,32.46
2025-02-17,32.55
2025-02-18,32.53
2025-02-19,32.52
2025-02-20,32.5
2025-02-21,32.48
2025-02-24,32.35
2025-02-25,32.55
2025-02-26,32.57
2025-02-27,32.76
2025-02-28,33.03
2025-03-03,33.05
2025-03-04,32.69
2025-03-05,32.5
2025-03-06,32.62
2025-03-07,32.5
2025-03-10,32.65
2025-03-11,32.68
2025-03-12,32.74
2025-03-13,32.64
2025-03-14,32.53
2025-03-17,32.52
2025-03-18,32.47
2025-03-19,32.54
2025-03-20,32.6
2025-03-21,32.77
2025-03-24,32.78
2025-03-25,32.83
2025-03-26,32.87
2025-03-27,32.81
2025-03-28,32.82
2025-03-31,32.84
2025-04-01,33.0
2025-04-02,33.05
2025-04-03,33.16
2025-04-04,33.12
2025-04-08,33.72
2025-04-09,33.49
2025-04-10,33.13
2025-04-11,32.51
2025-04-16,32.18
2025-04-17,32.23
2025-04-18,32.39
2025-04-21,32.06
2025-04-22,32.16
2025-04-23,32.37
2025-04-24,32.42
2025-04-25,32.5
2025-04-28,32.61
2025-04-29,32.38
2025-04-30,32.38
2025-05-02,32.03
2025-05-06,31.62
2025-05-07,31.69
2025-05-08,31.83
2025-05-09,32.01
2025-05-13,32.21
2025-05-14,32.19
2025-05-15,32.38
2025-05-16,32.24
2025-05-19,32.08
2025-05-20,32.09
2025-05-21,31.83
2025-05-22,31.84
2025-05-23,31.62
2025-05-26,31.65
2025-05-27,31.76
2025-05-28,31.68
2025-05-29,31.82
2025-05-30,31.85
2025-06-04,31.77
2025-06-05,31.6
2025-06-06,31.68
2025-06-09,31.74
2025-06-10,31.74
2025-06-11,31.72
2025-06-12,31.54
2025-06-13,31.52
2025-06-16,31.56
2025-06-17,31.66
2025-06-18,31.69
2025-06-19,31.86
2025-06-20,31.85
2025-06-23,32.09
2025-06-24,31.76
2025-06-25,31.78
2025-06-26,31.57
2025-06-27,32.0
2025-06-30,32.0
2025-07-01,32.0
2025-07-02,32.0
2025-07-03,32.0
2025-07-04,32.0
2025-07-07,32.0
2025-07-08,32.0
2025-07-09,32.0
2025-07-11,32.0
2025-07-14,32.0
2025-07-15,32.0
2025-07-16,32.0
2025-07-17,32.0
2025-07-18,32.0
2025-07-21,32.0
2025-07-22,31.0
2025-07-23,31.0
2025-07-24,31.0
2025-07-25,32.0
2025-07-29,32.0
2025-07-30,32.0
2025-07-31,32.0
2025-08-01,32.0
2025-08-04,32.0
2025-08-05,32.0
2025-08-06,32.0
2025-08-07,32.0
2025-08-08,32.0
2025-08-13,31.0
2025-08-14,32.0
2025-08-15,32.0
2025-08-18,32.0
2025-08-19,32.0
2025-08-20,32.0
2025-08-21,32.0
2025-08-22,32.0
2025-08-25,32.0
2025-08-26,32.0
2025-08-27,32.0
2025-08-28,32.0
2025-08-29,32.0
2025-09-01,32.0
2025-09-02,32.0
2025-09-03,32.0
2025-09-04,32.0
2025-09-05,32.0
2025-09-08,31.0
2025-09-09,31.0
2025-09-10,31.0
2025-09-11,31.0
2025-09-12,31.0
2025-09-15,31.0
2025-09-16,31.0
2025-09-17,31.0
2025-09-18,31.0
2025-09-19,31.0
2025-09-22,31.0
2025-09-23,31.0
2025-09-24,31.0
2025-09-25,31.0
2025-09-26,32.0
2025-09-29,32.0
2025-09-30,32.0
2025-10-01,32.0
2025-10-02,32.0
2025-10-03,32.0
2025-10-06,32.0
2025-10-07,32.0
2025-10-08,32.0
2025-10-09,32.0
2025-10-10,32.0
2025-10-14,32.0
2025-10-15,32.0
2025-10-16,32.0
2025-10-17,32.0
2025-10-20,32.0
2025-10-21,32.0
2025-10-22,32.0
2025-10-24,32.0
2025-10-27,32.0
2025-10-28,32.0
2025-10-29,32.0
2025-10-30,32.0
2025-10-31,32.0
2025-11-03,32.0
2025-11-04,32.0
2025-11-05,32.0
2025-11-06,32.0
2025-11-07,32.0
2025-11-10,32.0
2025-11-11,32.0
2025-11-12,32.0
2025-11-13,32.0
2025-11-14,32.0
2025-11-17,32.0
2025-11-18,32.0
2025-11-19,32.0
2025-11-20,32.0
2025-11-21,32.0
2025-11-24,32.0
2025-11-25,32.0
2025-11-26,32.0
2025-11-27,32.0
2025-11-28,32.0
2025-12-01,31.0
2025-12-02,32.0
2025-12-03,31.0
2025-12-04,32.0
2025-12-08,31.0
2025-12-09,31.0
2025-12-11,31.0
2025-12-12,31.0
2025-12-15,31.0
2025-12-16,31.0
2025-12-17,31.0
2025-12-18,31.0
2025-12-19,31.0
2025-12-22,31.0
2025-12-23,31.0
2025-12-24,31.0
2025-12-25,31.0
2025-12-26,31.0
2025-12-29,31.0
2025-12-30,31.0
2026-01-05,31.0
2026-01-06,31.0
2026-01-07,31.0
2026-01-08,31.0
2026-01-09,31.0
2026-01-12,31.0
2026-01-13,31.0
2026-01-14,31.0
2026-01-15,31.0
2026-01-16,31.0
2026-01-19,31.0
2026-01-20,31.0
2026-01-21,31.0
2026-01-22,31.0
2026-01-23,31.0
2026-01-26,31.0
2026-01-27,31.0
2026-01-28,31.0
2026-01-29,31.0
2026-01-30,31.0
2026-02-02,31.0
2026-02-03,31.0
2026-02-04,31.0
2026-02-05,31.0
2026-02-06,31.0
2026-02-09,31.0
2026-02-10,31.0
2026-02-11,31.0
2026-02-12,31.0
2026-02-13,31.0
2026-02-16,31.0
2026-02-17,31.0
2026-02-18,31.0
2026-02-19,31.0
2026-02-20,31.0
2026-02-23,31.0
2026-02-24,31.0
2026-02-25,31.0
2026-02-26,31.0
2026-02-27,31.0
2026-03-02,31.0
2026-03-04,31.0
2026-03-05,31.0
2026-03-06,32.0
2026-03-09,32.0
2026-03-10,31.0
2026-03-11,31.0
2026-03-12,32.0
2026-03-13,32.0
2026-03-16,32.0
2026-03-17,32.0
2026-03-18,32.0
2026-03-19,32.0
2026-03-20,32.0
2026-03-23,33.0
2026-03-24,32.0
2026-03-25,32.0
2026-03-26,33.0
2026-03-27,33.0
2026-03-30,33.0
2026-03-31,33.0
2026-04-01,32.0
2026-04-02,33.0
2026-04-03,32.0
2026-04-07,32.0
2026-04-08,32.0
2026-04-09,32.0
2026-04-10,32.0
2026-04-16,32.0
2026-04-17,32.0
2026-04-20,32.0
2026-04-21,32.0
2026-04-22,32.0
2026-04-23,32.0
2026-04-24,32.0
2026-04-27,32.0
2026-04-28,32.0
2026-04-29,33.0
2026-04-30,32.0
2026-05-05,33.0
2026-05-06,32.0
2026-05-07,32.0
2026-05-08,32.0
2026-05-11,32.0
2026-05-12,32.0
2026-05-13,32.0
2026-05-14,32.0
2026-05-15,33.0
2026-05-18,33.0
2026-05-19,33.0
2026-05-20,33.0
2026-05-21,33.0
