index,price
1987-06-16,0.1265001000000001
1987-06-17,0.1313001000000001
1987-06-18,0.1298001
1987-06-19,0.1293001000000001
1987-06-22,0.1285001000000001
1987-06-23,0.1242001
1987-06-24,0.1258001
1987-06-25,0.1281001
1987-06-26,0.1283001
1987-06-29,0.1298001
1987-06-30,0.1303001
1987-07-01,0.1308001
1987-07-02,0.1293001000000001
1987-07-03,
1987-07-06,0.1210001
1987-07-07,0.1072001
1987-07-08,0.1149001
1987-07-09,0.1173001
1987-07-10,0.1167001
1987-07-13,0.1179001
1987-07-14,0.1181001
1987-07-15,0.1229001
1987-07-16,0.1238001
1987-07-17,0.1204001
1987-07-20,0.1171001
1987-07-21,0.1198001
1987-07-22,0.1215001000000001
1987-07-23,0.1217001
1987-07-24,0.1199001
1987-07-27,0.1159001
1987-07-28,0.1138001
1987-07-29,0.1107001
1987-07-30,0.1122001
1987-07-31,0.1096001
1987-08-03,0.1118001
1987-08-04,0.1119001
1987-08-05,0.1145001000000001
1987-08-06,0.1118001
1987-08-07,0.1118001
1987-08-10,0.1117001
1987-08-11,0.1163001000000001
1987-08-12,0.1173001
1987-08-13,0.1195001000000001
1987-08-14,0.1229001
1987-08-17,0.1259001
1987-08-18,0.1311001
1987-08-19,0.1247001
1987-08-20,0.1238001
1987-08-21,0.1281001
1987-08-24,0.1312001
1987-08-25,0.1293001000000001
1987-08-26,0.1278001
1987-08-27,0.1266001000000001
1987-08-28,0.1278001
1987-08-31,0.1300001
1987-09-01,0.1333001
1987-09-02,0.1373001
1987-09-03,0.1387001000000001
1987-09-04,0.1402001
1987-09-07,
1987-09-08,0.1452001
1987-09-09,0.1440001
1987-09-10,0.1437001000000001
1987-09-11,0.1461001
1987-09-14,0.1446001
1987-09-15,0.1467001
1987-09-16,0.1498001
1987-09-17,0.1515001
1987-09-18,0.1534001
1987-09-21,0.1550000999999999
1987-09-22,0.1508001
1987-09-23,0.1496001
1987-09-24,0.1467001
1987-09-25,0.1421001
1987-09-28,0.1472001
1987-09-29,0.1365001
1987-09-30,0.1259001
1987-10-01,0.1307001000000001
1987-10-02,0.1331001
1987-10-05,0.1342001
1987-10-06,0.1399000999999999
1987-10-07,0.1432001
1987-10-08,0.1444001
1987-10-09,0.1449000999999999
1987-10-12,0.1437001
1987-10-13,0.1412001
1987-10-14,0.1447001
1987-10-15,0.1462001
1987-10-16,0.1412001
1987-10-19,0.1426001
1987-10-20,0.1351001
1987-10-21,0.1337001
1987-10-22,0.1334001
1987-10-23,0.1366001
1987-10-26,0.1260001
1987-10-27,0.1169001
1987-10-28,0.1072001
1987-10-29,0.0912001
1987-10-30,0.0917000999999999
1987-11-02,0.0927001
1987-11-03,0.0887001
1987-11-04,0.0927001
1987-11-05,0.0972001
1987-11-06,0.1069001
1987-11-09,0.1033001
1987-11-10,0.1014000999999999
1987-11-11,0.1036000999999999
1987-11-12,0.1027001
1987-11-13,0.1077001
1987-11-16,0.1077001
1987-11-17,0.1162001
1987-11-18,0.1145001
1987-11-19,0.1160001
1987-11-20,0.1117000999999999
1987-11-23,0.1053001
1987-11-24,0.1096000999999999
1987-11-25,0.1152001
1987-11-26,
1987-11-27,0.1170001
1987-11-30,0.1278000999999999
1987-12-01,0.1277001000000001
1987-12-02,0.1250001
1987-12-03,0.1248000999999999
1987-12-04,0.1197000999999999
1987-12-07,0.1212001
1987-12-08,0.1217000999999999
1987-12-09,0.1277001000000001
1987-12-10,0.1337001
1987-12-11,0.1377001000000001
1987-12-14,0.1426001
1987-12-15,0.1379000999999999
1987-12-16,0.1411001
1987-12-17,0.1444001
1987-12-18,0.1393001
1987-12-21,0.1395001
1987-12-22,0.1410000999999999
1987-12-23,0.1407001
1987-12-24,0.1416001
1987-12-25,
1987-12-28,0.1465001
1987-12-29,0.1503000999999999
1987-12-30,0.1480000999999999
1987-12-31,0.1491001
1988-01-01,
1988-01-04,0.1491001
1988-01-05,0.1360000999999999
1988-01-06,0.1323001
1988-01-07,0.1349000999999999
1988-01-08,0.1346001
1988-01-11,0.1376001
1988-01-12,0.1366001
1988-01-13,0.1377001
1988-01-14,0.1392000999999999
1988-01-15,0.1294001
1988-01-18,0.1361001
1988-01-19,0.1417001
1988-01-20,0.1444001
1988-01-21,0.1451000999999999
1988-01-22,0.1436001
1988-01-25,0.1429000999999999
1988-01-26,0.1446001
1988-01-27,0.1436001
1988-01-28,0.1421000999999999
1988-01-29,0.1346001
1988-02-01,0.1383001
1988-02-02,0.1431000999999999
1988-02-03,0.1393001
1988-02-04,0.1399000999999999
1988-02-05,0.1388000999999999
1988-02-08,0.1403001
1988-02-09,0.1391001
1988-02-10,0.1382000999999999
1988-02-11,0.1431000999999999
1988-02-12,0.1359000999999999
1988-02-15,
1988-02-16,0.1441001
1988-02-17,0.1451000999999999
1988-02-18,0.1453000999999999
1988-02-19,0.1496001
1988-02-22,0.1500000999999999
1988-02-23,0.1479000999999999
1988-02-24,0.1474001
1988-02-25,0.1483000999999999
1988-02-26,0.1501000999999999
1988-02-29,0.1504001
1988-03-01,0.1531000999999999
1988-03-02,0.1536001
1988-03-03,0.1558001
1988-03-04,0.1583000999999999
1988-03-07,0.1615001
1988-03-08,0.1639001
1988-03-09,0.1603000999999999
1988-03-10,0.1608001
1988-03-11,0.1671000999999999
1988-03-14,0.1618001
1988-03-15,0.1636001
1988-03-16,0.1673000999999999
1988-03-17,0.1652000999999999
1988-03-18,0.1702000999999999
1988-03-21,0.1710001
1988-03-22,0.1750001
1988-03-23,0.1741000999999999
1988-03-24,0.1758001
1988-03-25,0.1712000999999999
1988-03-28,0.1648001
1988-03-29,0.1669001
1988-03-30,0.1716000999999999
1988-03-31,0.1749001
1988-04-01,
1988-04-04,0.1738001
1988-04-05,0.1746000999999999
1988-04-06,0.1716000999999999
1988-04-07,0.1709001
1988-04-08,0.1745000999999999
1988-04-11,0.1801000999999999
1988-04-12,0.1773000999999999
1988-04-13,0.1790001
1988-04-14,0.1828001
1988-04-15,0.1835000999999999
1988-04-18,0.1842000999999999
1988-04-19,0.1827000999999999
1988-04-20,0.1859001
1988-04-21,0.1860001
1988-04-22,0.1918000999999999
1988-04-25,0.1912000999999999
1988-04-26,0.1901001
1988-04-27,0.1903000999999998
1988-04-28,0.1938000999999999
1988-04-29,0.1938000999999999
1988-05-02,0.1968000999999999
1988-05-03,0.2028000999999999
1988-05-04,0.2069000999999999
1988-05-05,0.2016000999999999
1988-05-06,0.2043000999999999
1988-05-09,0.2077000999999999
1988-05-10,0.2107000999999999
1988-05-11,0.2056000999999999
1988-05-12,0.2069000999999999
1988-05-13,0.2103000999999998
1988-05-16,0.2093001
1988-05-17,0.2001001
1988-05-18,0.2081001
1988-05-19,0.2119000999999999
1988-05-20,0.2201001
1988-05-23,0.2236000999999999
1988-05-24,0.2208000999999999
1988-05-25,0.2268000999999999
1988-05-26,0.2349000999999999
1988-05-27,0.2449000999999999
1988-05-30,
1988-05-31,0.2421000999999999
1988-06-01,0.2509000999999999
1988-06-02,0.2403000999999999
1988-06-03,0.2447000999999999
1988-06-06,0.2310000999999999
1988-06-07,0.2410000999999999
1988-06-08,0.2431000999999999
1988-06-09,0.2451000999999999
1988-06-10,0.2473000999999999
1988-06-13,0.2470000999999999
1988-06-14,0.2417000999999999
1988-06-15,0.2500000999999999
1988-06-16,0.2520000999999999
1988-06-17,0.2580000999999999
1988-06-20,0.2641000999999999
1988-06-21,0.2692001
1988-06-22,0.2579000999999999
1988-06-23,0.2666001
1988-06-24,0.2680000999999999
1988-06-27,0.2605001
1988-06-28,0.2503001
1988-06-29,0.2307000999999999
1988-06-30,0.2427000999999999
1988-07-01,0.2355001
1988-07-04,
1988-07-05,0.2337000999999999
1988-07-06,0.2417000999999999
1988-07-07,0.2507001
1988-07-08,0.2426000999999999
1988-07-11,0.2399000999999999
1988-07-12,0.2413001
1988-07-13,0.2481001
1988-07-14,0.2461001
1988-07-15,0.2359000999999999
1988-07-18,0.2485001
1988-07-19,0.2547001
1988-07-20,0.2572001
1988-07-21,0.2607001
1988-07-22,0.2623001
1988-07-25,0.2558001
1988-07-26,0.2590000999999999
1988-07-27,0.2615001
1988-07-28,0.2562000999999999
1988-07-29,0.2525001
1988-08-01,0.2544001
1988-08-02,0.2547001
1988-08-03,0.2558001
1988-08-04,0.2560000999999999
1988-08-05,0.2527001
1988-08-08,0.2487000999999999
1988-08-09,0.2459000999999999
1988-08-10,0.2491001
1988-08-11,0.2578001
1988-08-12,0.2532000999999999
1988-08-15,0.2541001
1988-08-16,0.2525001
1988-08-17,0.2540000999999999
1988-08-18,0.2587001
1988-08-19,0.2670000999999999
1988-08-22,0.2685001
1988-08-23,0.2672001
1988-08-24,0.2699001
1988-08-25,0.2704001
1988-08-26,0.2639000999999999
1988-08-29,0.2604001
1988-08-30,0.2580000999999999
1988-08-31,0.2566001
1988-09-01,0.2476001
1988-09-02,0.2507001
1988-09-05,
1988-09-06,0.2582000999999999
1988-09-07,0.2559000999999999
1988-09-08,0.2587001
1988-09-09,0.2592001
1988-09-12,0.2546001
1988-09-13,0.2512000999999999
1988-09-14,0.2478000999999999
1988-09-15,0.2542001
1988-09-16,0.2508000999999999
1988-09-19,0.2420000999999999
1988-09-20,0.2345001
1988-09-21,0.2326000999999999
1988-09-22,0.2381001
1988-09-23,0.2386000999999999
1988-09-26,0.2366000999999999
1988-09-27,0.2403000999999999
1988-09-28,0.2393001
1988-09-29,0.2403000999999999
1988-09-30,0.2389000999999999
1988-10-03,0.2408000999999999
1988-10-04,0.2455001
1988-10-05,0.2505001
1988-10-06,0.2528000999999999
1988-10-07,0.2553000999999999
1988-10-10,0.2604001
1988-10-11,0.2583001
1988-10-12,0.2633001
1988-10-13,0.2663001
1988-10-14,0.2708001
1988-10-17,0.2654001
1988-10-18,0.2673000999999999
1988-10-19,0.2768001
1988-10-20,0.2763001
1988-10-21,0.2783001
1988-10-24,0.2750000999999999
1988-10-25,0.2772000999999999
1988-10-26,0.2839001
1988-10-27,0.2747001
1988-10-28,0.2815001
1988-10-31,0.2791000999999999
1988-11-01,0.2793000999999999
1988-11-02,0.2864001
1988-11-03,0.2909001
1988-11-04,0.2880001
1988-11-07,0.2913001
1988-11-08,0.2906001
1988-11-09,0.3013001
1988-11-10,0.3036001
1988-11-11,0.3113000999999999
1988-11-14,0.3085000999999999
1988-11-15,0.3138001
1988-11-16,0.3185000999999999
1988-11-17,0.3202001
1988-11-18,0.3172001
1988-11-21,0.3183001000000001
1988-11-22,0.3252001
1988-11-23,0.3276000999999999
1988-11-24,
1988-11-25,0.3339001
1988-11-28,0.3348001
1988-11-29,0.3378001
1988-11-30,0.3376000999999999
1988-12-01,0.3338001
1988-12-02,0.3355000999999999
1988-12-05,0.3418000999999999
1988-12-06,0.3410001
1988-12-07,0.3273001
1988-12-08,0.3359001
1988-12-09,0.3296000999999999
1988-12-12,0.3203001
1988-12-13,0.3043000999999999
1988-12-14,0.3178001
1988-12-15,0.3175000999999999
1988-12-16,0.3125000999999999
1988-12-19,0.3185001
1988-12-20,0.3136000999999999
1988-12-21,0.3146000999999999
1988-12-22,0.3200001
1988-12-23,0.3165001
1988-12-26,
1988-12-27,0.3210001
1988-12-28,0.3183001
1988-12-29,0.3212001
1988-12-30,0.3195000999999999
1989-01-02,
1989-01-03,0.3340001
1989-01-04,0.3340001
1989-01-05,0.3312001
1989-01-06,0.3298000999999999
1989-01-09,0.3339001
1989-01-10,0.3271001
1989-01-11,0.3325000999999999
1989-01-12,0.3355000999999999
1989-01-13,0.3333001
1989-01-16,0.3222001
1989-01-17,0.3279001
1989-01-18,0.3292001
1989-01-19,0.3396000999999999
1989-01-20,0.3412001
1989-01-23,0.3457000999999999
1989-01-24,0.3510000999999999
1989-01-25,0.3452001
1989-01-26,0.3468000999999999
1989-01-27,0.3445001
1989-01-30,0.3507000999999999
1989-01-31,0.3571001
1989-02-01,0.3597000999999999
1989-02-02,0.3540000999999999
1989-02-03,0.3460001
1989-02-06,0.3508000999999999
1989-02-07,0.3563001
1989-02-08,0.3617000999999999
1989-02-09,0.3587000999999999
1989-02-10,0.3562001
1989-02-13,0.3591001
1989-02-14,0.3514001
1989-02-15,0.3444001
1989-02-16,0.3125000999999999
1989-02-17,0.2938001
1989-02-20,
1989-02-21,0.2830001
1989-02-22,0.2893000999999999
1989-02-23,0.3011001
1989-02-24,0.2968001
1989-02-27,0.2694001
1989-02-28,0.2725000999999999
1989-03-01,0.2749001
1989-03-02,0.2752000999999999
1989-03-03,0.2867001
1989-03-06,0.2867001
1989-03-07,0.2823000999999999
1989-03-08,0.2857001
1989-03-09,0.2937001
1989-03-10,0.2965001
1989-03-13,0.2955000999999999
1989-03-14,0.2859000999999999
1989-03-15,0.2772000999999999
1989-03-16,0.2930000999999999
1989-03-17,0.2982000999999999
1989-03-20,0.3000000999999999
1989-03-21,0.3002000999999999
1989-03-22,0.3006000999999999
1989-03-23,0.3041000999999999
1989-03-24,
1989-03-27,0.3008000999999999
1989-03-28,0.2918000999999999
1989-03-29,0.2962000999999999
1989-03-30,0.2945000999999999
1989-03-31,0.2965000999999999
1989-04-03,0.3026000999999999
1989-04-04,0.2994000999999999
1989-04-05,0.2769000999999998
1989-04-06,0.2863000999999999
1989-04-07,0.2861000999999999
1989-04-10,0.2843000999999999
1989-04-11,0.2855000999999999
1989-04-12,0.2871000999999998
1989-04-13,0.2873000999999999
1989-04-14,0.2895000999999999
1989-04-17,0.2911001
1989-04-18,0.2805000999999999
1989-04-19,0.2816000999999999
1989-04-20,0.2813000999999999
1989-04-21,0.2747000999999999
1989-04-24,0.2722000999999999
1989-04-25,0.2734000999999999
1989-04-26,0.2759001
1989-04-27,0.2767000999999999
1989-04-28,0.2763000999999999
1989-05-01,0.2731000999999999
1989-05-02,0.2748000999999999
1989-05-03,0.2781000999999999
1989-05-04,0.2828000999999999
1989-05-05,0.2831000999999999
1989-05-08,0.2828000999999999
1989-05-09,0.2794000999999999
1989-05-10,0.2758000999999999
1989-05-11,0.2763000999999999
1989-05-12,0.2650000999999999
1989-05-15,0.2621000999999999
1989-05-16,0.2554000999999999
1989-05-17,0.2414000999999999
1989-05-18,0.2426000999999998
1989-05-19,0.2473000999999999
1989-05-22,0.2281001
1989-05-23,0.2300000999999999
1989-05-24,0.2309000999999999
1989-05-25,0.2454000999999999
1989-05-26,0.2331001
1989-05-29,
1989-05-30,0.2343000999999999
1989-05-31,0.2378000999999999
1989-06-01,0.2401000999999998
1989-06-02,0.2491000999999999
1989-06-05,0.2389000999999999
1989-06-06,0.2467000999999999
1989-06-07,0.2416000999999998
1989-06-08,0.2410000999999999
1989-06-09,0.2324000999999999
1989-06-12,0.2291000999999999
1989-06-13,0.2331001
1989-06-14,0.2321000999999999
1989-06-15,0.2439000999999999
1989-06-16,0.2411000999999999
1989-06-19,0.2447000999999998
1989-06-20,0.2456000999999998
1989-06-21,0.2614000999999998
1989-06-22,0.2675000999999999
1989-06-23,0.2610000999999999
1989-06-26,0.2609000999999998
1989-06-27,0.2534000999999999
1989-06-28,0.2499000999999999
1989-06-29,0.2459000999999999
1989-06-30,0.2518000999999998
1989-07-03,0.2576000999999999
1989-07-04,
1989-07-05,0.2670000999999999
1989-07-06,0.2569000999999998
1989-07-07,0.2614000999999998
1989-07-10,0.2566000999999999
1989-07-11,0.2513000999999999
1989-07-12,0.2550000999999999
1989-07-13,0.2494001
1989-07-14,0.2479000999999999
1989-07-17,0.2512000999999999
1989-07-18,0.2486000999999998
1989-07-19,0.2377000999999998
1989-07-20,0.2456000999999998
1989-07-21,0.2446000999999998
1989-07-24,0.2428000999999999
1989-07-25,0.2471000999999999
1989-07-26,0.2534000999999999
1989-07-27,0.2522000999999999
1989-07-28,0.2454000999999999
1989-07-31,0.2567000999999999
1989-08-01,0.2621000999999999
1989-08-02,0.2654000999999999
1989-08-03,0.2618000999999998
1989-08-04,0.2599000999999998
1989-08-07,0.2613000999999999
1989-08-08,0.2663000999999999
1989-08-09,0.2663000999999999
1989-08-10,0.2624000999999999
1989-08-11,0.2580000999999999
1989-08-14,0.2594000999999999
1989-08-15,0.2550000999999999
1989-08-16,0.2554000999999999
1989-08-17,0.2557000999999999
1989-08-18,0.2590000999999999
1989-08-21,0.2614000999999998
1989-08-22,0.2672000999999999
1989-08-23,0.2669000999999998
1989-08-24,0.2639000999999998
1989-08-25,0.2604000999999999
1989-08-28,0.2620000999999999
1989-08-29,0.2700000999999998
1989-08-30,0.2673000999999999
1989-08-31,0.2654000999999999
1989-09-01,0.2625000999999999
1989-09-04,
1989-09-05,0.2614000999999998
1989-09-06,0.2650000999999999
1989-09-07,0.2686000999999999
1989-09-08,0.2689000999999998
1989-09-11,0.2677000999999999
1989-09-12,0.2702000999999999
1989-09-13,0.2811000999999998
1989-09-14,0.2797000999999999
1989-09-15,0.2825000999999998
1989-09-18,0.2815000999999998
1989-09-19,0.2800000999999998
1989-09-20,0.2800000999999998
1989-09-21,0.2790000999999998
1989-09-22,0.2873000999999998
1989-09-25,0.2975000999999998
1989-09-26,0.2952000999999998
1989-09-27,0.2913000999999998
1989-09-28,0.2804000999999998
1989-09-29,0.2840000999999998
1989-10-02,0.2834000999999998
1989-10-03,0.2860000999999998
1989-10-04,0.2860000999999998
1989-10-05,0.2860000999999998
1989-10-06,0.2920000999999999
1989-10-09,0.2915000999999998
1989-10-10,0.2832000999999998
1989-10-11,0.2850000999999998
1989-10-12,0.2774000999999998
1989-10-13,0.2790000999999998
1989-10-16,0.2730000999999997
1989-10-17,0.2795000999999998
1989-10-18,0.2825000999999998
1989-10-19,0.2877000999999999
1989-10-20,0.2814000999999998
1989-10-23,0.2832000999999998
1989-10-24,0.2758000999999999
1989-10-25,0.2857000999999999
1989-10-26,0.2865000999999998
1989-10-27,0.2906000999999998
1989-10-30,0.2952000999999998
1989-10-31,0.2940000999999999
1989-11-01,0.2948000999999999
1989-11-02,0.2915000999999998
1989-11-03,0.2941000999999998
1989-11-06,0.2974000999999998
1989-11-07,0.2984000999999998
1989-11-08,0.3002000999999998
1989-11-09,0.3025000999999998
1989-11-10,0.3007000999999998
1989-11-13,0.3048000999999999
1989-11-14,0.3028000999999999
1989-11-15,0.2993000999999998
1989-11-16,0.2976000999999998
1989-11-17,0.2991000999999998
1989-11-20,0.2988000999999999
1989-11-21,0.2950000999999999
1989-11-22,0.2957000999999999
1989-11-23,
1989-11-24,0.3017000999999998
1989-11-27,0.3038000999999999
1989-11-28,0.3035000999999998
1989-11-29,0.2980000999999997
1989-11-30,0.3032000999999998
1989-12-01,0.2995000999999998
1989-12-04,0.2980000999999997
1989-12-05,0.3024000999999998
1989-12-06,0.3032000999999998
1989-12-07,0.3026000999999998
1989-12-08,0.3029000999999999
1989-12-11,0.3045000999999998
1989-12-12,0.3077000999999998
1989-12-13,0.3070000999999999
1989-12-14,0.3070000999999999
1989-12-15,0.3035000999999998
1989-12-18,0.3070000999999999
1989-12-19,0.3072000999999998
1989-12-20,0.3087000999999999
1989-12-21,0.3102000999999998
1989-12-22,0.3138000999999999
1989-12-25,
1989-12-26,0.3165000999999998
1989-12-27,0.3241000999999999
1989-12-28,0.3195000999999998
1989-12-29,0.3150000999999998
1990-01-01,
1990-01-02,0.3092000999999998
1990-01-03,0.3064000999999998
1990-01-04,0.3139000999999999
1990-01-05,0.3088000999999999
1990-01-08,0.3110000999999999
1990-01-09,0.3119000999999999
1990-01-10,0.3148000999999999
1990-01-11,0.3188000999999999
1990-01-12,0.3195000999999998
1990-01-15,0.3182000999999999
1990-01-16,0.3167000999999998
1990-01-17,0.3196000999999998
1990-01-18,0.3216000999999998
1990-01-19,0.3218000999999999
1990-01-22,0.3233000999999998
1990-01-23,0.3032000999999998
1990-01-24,0.2942000999999998
1990-01-25,0.2885000999999999
1990-01-26,0.2898000999999999
1990-01-29,0.2921000999999998
1990-01-30,0.2955000999999998
1990-01-31,0.3018000999999999
1990-02-01,0.3017000999999999
1990-02-02,0.3057000999999999
1990-02-05,0.2979000999999999
1990-02-06,0.2978000999999999
1990-02-07,0.2901000999999998
1990-02-08,0.2869000999999999
1990-02-09,0.2820000999999998
1990-02-12,0.2864000999999998
1990-02-13,0.2826000999999999
1990-02-14,0.2782000999999998
1990-02-15,0.2856000999999999
1990-02-16,0.2910000999999999
1990-02-19,
1990-02-20,0.2933000999999998
1990-02-21,0.3024000999999998
1990-02-22,0.2987000999999999
1990-02-23,0.3015000999999998
1990-02-26,0.3022000999999998
1990-02-27,0.2930000999999999
1990-02-28,0.2954000999999998
1990-03-01,0.3000000999999997
1990-03-02,0.2970000999999999
1990-03-05,0.2951000999999998
1990-03-06,0.2980000999999999
1990-03-07,0.2975000999999998
1990-03-08,0.2995000999999998
1990-03-09,0.2976000999999999
1990-03-12,0.2956000999999999
1990-03-13,0.3023000999999998
1990-03-14,0.3019000999999999
1990-03-15,0.2956000999999998
1990-03-16,0.2934000999999998
1990-03-19,0.2956000999999998
1990-03-20,0.2967000999999998
1990-03-21,0.2924000999999998
1990-03-22,0.2922000999999998
1990-03-23,0.2878000999999999
1990-03-26,0.2858000999999999
1990-03-27,0.2874000999999998
1990-03-28,0.2886000999999998
1990-03-29,0.2943000999999998
1990-03-30,0.2963000999999998
1990-04-02,0.3013000999999998
1990-04-03,0.3035000999999998
1990-04-04,0.3078000999999998
1990-04-05,0.3086000999999998
1990-04-06,0.3075000999999998
1990-04-09,0.3061000999999999
1990-04-10,0.3095000999999998
1990-04-11,0.3106000999999998
1990-04-12,0.3114000999999998
1990-04-13,
1990-04-16,0.3090000999999999
1990-04-17,0.3102000999999998
1990-04-18,0.3138000999999998
1990-04-19,0.3181000999999999
1990-04-20,0.3150000999999998
1990-04-23,0.3112000999999998
1990-04-24,0.3124000999999998
1990-04-25,0.3129000999999998
1990-04-26,0.3006000999999998
1990-04-27,0.2988000999999998
1990-04-30,0.2978000999999998
1990-05-01,0.2929000999999999
1990-05-02,0.2992000999999998
1990-05-03,0.3018000999999998
1990-05-04,0.3028000999999998
1990-05-07,0.3037000999999998
1990-05-08,0.3041000999999999
1990-05-09,0.3024000999999998
1990-05-10,0.3066000999999998
1990-05-11,0.3083000999999998
1990-05-14,0.3151000999999999
1990-05-15,0.3117000999999998
1990-05-16,0.3103000999999998
1990-05-17,0.3104000999999998
1990-05-18,0.3094000999999998
1990-05-21,0.3123000999999998
1990-05-22,0.3153000999999998
1990-05-23,0.3149000999999998
1990-05-24,0.3110000999999999
1990-05-25,0.3181000999999999
1990-05-28,
1990-05-29,0.3156000999999998
1990-05-30,0.3224000999999998
1990-05-31,0.3177000999999998
1990-06-01,0.3184000999999997
1990-06-04,0.3188000999999998
1990-06-05,0.3224000999999998
1990-06-06,0.3229000999999998
1990-06-07,0.3292000999999999
1990-06-08,0.3239000999999998
1990-06-11,0.3272000999999999
1990-06-12,0.3261000999999999
1990-06-13,0.3264000999999998
1990-06-14,0.3264000999999998
1990-06-15,0.3282000999999999
1990-06-18,0.3312000999999999
1990-06-19,0.3358000999999998
1990-06-20,0.3352000999999999
1990-06-21,0.3419000999999998
1990-06-22,0.3399000999999998
1990-06-25,0.3382000999999999
1990-06-26,0.3379000999999998
1990-06-27,0.3405000999999998
1990-06-28,0.3394000999999998
1990-06-29,0.3473000999999999
1990-07-02,0.3507000999999998
1990-07-03,0.3524000999999997
1990-07-04,
1990-07-05,0.3531000999999998
1990-07-06,0.3515000999999998
1990-07-09,0.3582000999999998
1990-07-10,0.3642000999999998
1990-07-11,0.3534000999999999
1990-07-12,0.3527000999999998
1990-07-13,0.3349000999999998
1990-07-16,0.3405000999999998
1990-07-17,0.3488000999999998
1990-07-18,0.3437000999999998
1990-07-19,0.3392000999999999
1990-07-20,0.3415000999999998
1990-07-23,0.3422000999999999
1990-07-24,0.3421000999999998
1990-07-25,0.3406000999999998
1990-07-26,0.3388000999999998
1990-07-27,0.3480000999999998
1990-07-30,0.3494000999999999
1990-07-31,0.3526000999999998
1990-08-01,0.3532000999999998
1990-08-02,0.3456000999999998
1990-08-03,0.3444000999999999
1990-08-06,0.3475000999999998
1990-08-07,0.3514000999999999
1990-08-08,0.3551000999999998
1990-08-09,0.3605000999999999
1990-08-10,0.3584000999999999
1990-08-13,0.3631000999999998
1990-08-14,0.3673000999999998
1990-08-15,0.3668000999999998
1990-08-16,0.3663000999999998
1990-08-17,0.3701000999999998
1990-08-20,0.3688000999999998
1990-08-21,0.3750000999999998
1990-08-22,0.3812000999999998
1990-08-23,0.3976000999999999
1990-08-24,0.3936000999999999
1990-08-27,0.3911000999999998
1990-08-28,0.3922000999999998
1990-08-29,0.3927000999999999
1990-08-30,0.3809000999999998
1990-08-31,0.3779000999999998
1990-09-03,
1990-09-04,0.3803000999999998
1990-09-05,0.3904000999999998
1990-09-06,0.3884000999999999
1990-09-07,0.3849000999999998
1990-09-10,0.3751000999999998
1990-09-11,0.3802000999999998
1990-09-12,0.3830000999999998
1990-09-13,0.3917000999999999
1990-09-14,0.3902000999999998
1990-09-17,0.3996000999999998
1990-09-18,0.3945000999999998
1990-09-19,0.3942000999999998
1990-09-20,0.3917000999999999
1990-09-21,0.3954000999999998
1990-09-24,0.3957000999999998
1990-09-25,0.3978000999999999
1990-09-26,0.3970000999999998
1990-09-27,0.3940000999999998
1990-09-28,0.3921000999999998
1990-10-01,0.3969000999999998
1990-10-02,0.3955000999999998
1990-10-03,0.3996000999999998
1990-10-04,0.3984000999999998
1990-10-05,0.4007000999999998
1990-10-08,0.4043000999999998
1990-10-09,0.4009000999999998
1990-10-10,0.3939000999999998
1990-10-11,0.3842000999999998
1990-10-12,0.3851000999999998
1990-10-15,0.3561000999999998
1990-10-16,0.3543000999999998
1990-10-17,0.3448000999999998
1990-10-18,0.3402000999999998
1990-10-19,0.3472000999999998
1990-10-22,0.3486000999999998
1990-10-23,0.3474000999999999
1990-10-24,0.3501000999999998
1990-10-25,0.3530000999999998
1990-10-26,0.3513000999999998
1990-10-29,0.3541000999999998
1990-10-30,0.3539000999999998
1990-10-31,0.3527000999999998
1990-11-01,0.3553000999999998
1990-11-02,0.3505000999999998
1990-11-05,0.3527000999999998
1990-11-06,0.3592000999999998
1990-11-07,0.3492000999999998
1990-11-08,0.3497000999999998
1990-11-09,0.3513000999999998
1990-11-12,0.3491000999999998
1990-11-13,0.3401000999999998
1990-11-14,0.3429000999999998
1990-11-15,0.3432000999999998
1990-11-16,0.3357000999999997
1990-11-19,0.3362000999999998
1990-11-20,0.3389000999999998
1990-11-21,0.3358000999999998
1990-11-22,
1990-11-23,0.3375000999999998
1990-11-26,0.3390000999999998
1990-11-27,0.3424000999999999
1990-11-28,0.3417000999999998
1990-11-29,0.3447000999999998
1990-11-30,0.3480000999999998
1990-12-03,0.3533000999999998
1990-12-04,0.3517000999999998
1990-12-05,0.3421000999999998
1990-12-06,0.3457000999999997
1990-12-07,0.3472000999999998
1990-12-10,0.3395000999999998
1990-12-11,0.3408000999999998
1990-12-12,0.3407000999999997
1990-12-13,0.3332000999999998
1990-12-14,0.3404000999999998
1990-12-17,0.3423000999999999
1990-12-18,0.3450000999999998
1990-12-19,0.3470000999999998
1990-12-20,0.3479000999999998
1990-12-21,0.3490000999999998
1990-12-24,0.3500000999999998
1990-12-25,
1990-12-26,0.3482000999999998
1990-12-27,0.3459000999999998
1990-12-28,0.3482000999999998
1990-12-31,0.3483000999999998
1991-01-01,
1991-01-02,0.3511000999999998
1991-01-03,0.3549000999999998
1991-01-04,0.3561000999999998
1991-01-07,0.3537000999999997
1991-01-08,0.3537000999999997
1991-01-09,0.3510000999999998
1991-01-10,0.3503000999999998
1991-01-11,0.3514000999999999
1991-01-14,0.3554000999999999
1991-01-15,0.3606000999999998
1991-01-16,0.3662000999999998
1991-01-17,0.3592000999999998
1991-01-18,0.3572000999999998
1991-01-21,0.3578000999999998
1991-01-22,0.3587000999999997
1991-01-23,0.3617000999999998
1991-01-24,0.3550000999999998
1991-01-25,0.3542000999999998
1991-01-28,0.3604000999999998
1991-01-29,0.3612000999999998
1991-01-30,0.3628000999999998
1991-01-31,0.3615000999999999
1991-02-01,0.3619000999999998
1991-02-04,0.3609000999999998
1991-02-05,0.3562000999999998
1991-02-06,0.3595000999999999
1991-02-07,0.3597000999999998
1991-02-08,0.3585000999999999
1991-02-11,0.3586000999999998
1991-02-12,0.3606000999999998
1991-02-13,0.3661000999999998
1991-02-14,0.3675000999999999
1991-02-15,0.3682000999999998
1991-02-18,
1991-02-19,0.3682000999999998
1991-02-20,0.3683000999999998
1991-02-21,0.3683000999999998
1991-02-22,0.3643000999999998
1991-02-25,0.3645000999999999
1991-02-26,0.3649000999999998
1991-02-27,0.3655000999999999
1991-02-28,0.3664000999999998
1991-03-01,0.3670000999999998
1991-03-04,0.3578000999999998
1991-03-05,0.3538000999999998
1991-03-06,0.3523000999999998
1991-03-07,0.3472000999999998
1991-03-08,0.3511000999999998
1991-03-11,0.3493000999999998
1991-03-12,0.3494000999999999
1991-03-13,0.3501000999999998
1991-03-14,0.3507000999999998
1991-03-15,0.3510000999999998
1991-03-18,0.3505000999999998
1991-03-19,0.3510000999999998
1991-03-20,0.3523000999999999
1991-03-21,0.3548000999999998
1991-03-22,0.3556000999999998
1991-03-25,0.3525000999999997
1991-03-26,0.3558000999999998
1991-03-27,0.3565000999999999
1991-03-28,0.3590000999999998
1991-03-29,
1991-04-01,0.3591000999999998
1991-04-02,0.3586000999999998
1991-04-03,0.3640000999999998
1991-04-04,0.3692000999999998
1991-04-05,0.3698000999999998
1991-04-08,0.3688000999999998
1991-04-09,0.3697000999999998
1991-04-10,0.3711000999999998
1991-04-11,0.3665000999999999
1991-04-12,0.3680000999999998
1991-04-15,0.3650000999999998
1991-04-16,0.3655000999999999
1991-04-17,0.3641000999999998
1991-04-18,0.3626000999999998
1991-04-19,0.3569000999999998
1991-04-22,0.3569000999999998
1991-04-23,0.3628000999999998
1991-04-24,0.3630000999999998
1991-04-25,0.3634000999999999
1991-04-26,0.3658000999999998
1991-04-29,0.3675000999999998
1991-04-30,0.3686000999999999
1991-05-01,0.3648000999999998
1991-05-02,0.3644000999999999
1991-05-03,0.3638000999999998
1991-05-06,0.3679000999999998
1991-05-07,0.3686000999999999
1991-05-08,0.3706000999999999
1991-05-09,0.3716000999999999
1991-05-10,0.3716000999999999
1991-05-13,0.3656000999999999
1991-05-14,0.3679000999999998
1991-05-15,0.3716000999999999
1991-05-16,0.3715000999999999
1991-05-17,0.3712000999999998
1991-05-20,0.3715000999999999
1991-05-21,0.3648000999999998
1991-05-22,0.3522000999999999
1991-05-23,0.3457000999999998
1991-05-24,0.3480000999999998
1991-05-27,
1991-05-28,0.3506000999999998
1991-05-29,0.3513000999999999
1991-05-30,0.3462000999999999
1991-05-31,0.3509000999999998
1991-06-03,0.3482000999999999
1991-06-04,0.3510000999999998
1991-06-05,0.3495000999999998
1991-06-06,0.3409000999999998
1991-06-07,0.3429000999999998
1991-06-10,0.3438000999999998
1991-06-11,0.3464000999999999
1991-06-12,0.3463000999999999
1991-06-13,0.3462000999999999
1991-06-14,0.3475000999999997
1991-06-17,0.3537000999999998
1991-06-18,0.3553000999999998
1991-06-19,0.3541000999999998
1991-06-20,0.3569000999999998
1991-06-21,0.3565000999999997
1991-06-24,0.3580000999999998
1991-06-25,0.3589000999999998
1991-06-26,0.3584000999999998
1991-06-27,0.3615000999999997
1991-06-28,0.3590000999999998
1991-07-01,0.3581000999999998
1991-07-02,0.3564000999999998
1991-07-03,0.3559000999999998
1991-07-04,
1991-07-05,0.3587000999999998
1991-07-08,0.3601000999999997
1991-07-09,0.3582000999999998
1991-07-10,0.3599000999999998
1991-07-11,0.3601000999999997
1991-07-12,0.3654000999999998
1991-07-15,0.3679000999999998
1991-07-16,0.3693000999999998
1991-07-17,0.3694000999999998
1991-07-18,0.3661000999999998
1991-07-19,0.3729000999999998
1991-07-22,0.3706000999999997
1991-07-23,0.3706000999999997
1991-07-24,0.3701000999999997
1991-07-25,0.3641000999999998
1991-07-26,0.3700000999999998
1991-07-29,0.3714000999999998
1991-07-30,0.3756000999999997
1991-07-31,0.3731000999999998
1991-08-01,0.3721000999999998
1991-08-02,0.3742000999999998
1991-08-05,0.3765000999999998
1991-08-06,0.3789000999999998
1991-08-07,0.3786000999999998
1991-08-08,0.3788000999999997
1991-08-09,0.3796000999999998
1991-08-12,0.3799000999999998
1991-08-13,0.3786000999999998
1991-08-14,0.3779000999999998
1991-08-15,0.3751000999999997
1991-08-16,0.3748000999999997
1991-08-19,0.3761000999999998
1991-08-20,0.3788000999999997
1991-08-21,0.3816000999999998
1991-08-22,0.3844000999999998
1991-08-23,0.3833000999999998
1991-08-26,0.3819000999999998
1991-08-27,0.3828000999999997
1991-08-28,0.3822000999999998
1991-08-29,0.3827000999999997
1991-08-30,0.3828000999999997
1991-09-02,
1991-09-03,0.3792000999999998
1991-09-04,0.3835000999999998
1991-09-05,0.3841000999999998
1991-09-06,0.3876000999999998
1991-09-09,0.3908000999999997
1991-09-10,0.3877000999999997
1991-09-11,0.3887000999999997
1991-09-12,0.3958000999999997
1991-09-13,0.3958000999999997
1991-09-16,0.3974000999999998
1991-09-17,0.3983000999999998
1991-09-18,0.3978000999999997
1991-09-19,0.3955000999999998
1991-09-20,0.3952000999999997
1991-09-23,0.3998000999999997
1991-09-24,0.3972000999999997
1991-09-25,0.3952000999999997
1991-09-26,0.3882000999999998
1991-09-27,0.3979000999999997
1991-09-30,0.3989000999999997
1991-10-01,0.3954000999999998
1991-10-02,0.3992000999999997
1991-10-03,0.3960000999999997
1991-10-04,0.3928000999999997
1991-10-07,0.3951000999999997
1991-10-08,0.3942000999999997
1991-10-09,0.3946000999999998
1991-10-10,0.3974000999999998
1991-10-11,0.3970000999999997
1991-10-14,0.3989000999999997
1991-10-15,0.3987000999999998
1991-10-16,0.3955000999999998
1991-10-17,0.3999000999999997
1991-10-18,0.4003000999999998
1991-10-21,0.3983000999999998
1991-10-22,0.3933000999999998
1991-10-23,0.3838000999999997
1991-10-24,0.3871000999999997
1991-10-25,0.3879000999999997
1991-10-28,0.3860000999999997
1991-10-29,0.3897000999999997
1991-10-30,0.3860000999999997
1991-10-31,0.3823000999999998
1991-11-01,0.3827000999999997
1991-11-04,0.3875000999999998
1991-11-05,0.3842000999999998
1991-11-06,0.3861000999999997
1991-11-07,0.3870000999999997
1991-11-08,0.3876000999999998
1991-11-11,0.3887000999999997
1991-11-12,0.3892000999999998
1991-11-13,0.3886000999999998
1991-11-14,0.3894000999999998
1991-11-15,0.3902000999999998
1991-11-18,0.3891000999999997
1991-11-19,0.3924000999999998
1991-11-20,0.3931000999999997
1991-11-21,0.3943000999999998
1991-11-22,0.3959000999999997
1991-11-25,0.3957000999999998
1991-11-26,0.3907000999999998
1991-11-27,0.3909000999999997
1991-11-28,
1991-11-29,0.3890000999999997
1991-12-02,0.3884000999999997
1991-12-03,0.3894000999999998
1991-12-04,0.3902000999999998
1991-12-05,0.3855000999999998
1991-12-06,0.3835000999999998
1991-12-09,0.3775000999999998
1991-12-10,0.3784000999999998
1991-12-11,0.3749000999999997
1991-12-12,0.3767000999999997
1991-12-13,0.3745000999999998
1991-12-16,0.3799000999999997
1991-12-17,0.3801000999999998
1991-12-18,0.3794000999999998
1991-12-19,0.3791000999999998
1991-12-20,0.3730000999999998
1991-12-23,0.3663000999999998
1991-12-24,0.3676000999999997
1991-12-25,
1991-12-26,0.3689000999999998
1991-12-27,0.3695000999999998
1991-12-30,0.3672000999999998
1991-12-31,0.3688000999999997
1992-01-01,
1992-01-02,0.3646000999999997
1992-01-03,0.3658000999999997
1992-01-06,0.3701000999999998
1992-01-07,0.3661000999999998
1992-01-08,0.3638000999999997
1992-01-09,0.3527000999999997
1992-01-10,0.3485000999999997
1992-01-13,0.3486000999999997
1992-01-14,0.3497000999999998
1992-01-15,0.3496000999999997
1992-01-16,0.3516000999999997
1992-01-17,0.3509000999999998
1992-01-20,0.3593000999999998
1992-01-21,0.3595000999999997
1992-01-22,0.3613000999999999
1992-01-23,0.3533000999999998
1992-01-24,0.3498000999999998
1992-01-27,0.3479000999999998
1992-01-28,0.3545000999999997
1992-01-29,0.3540000999999998
1992-01-30,0.3568000999999998
1992-01-31,0.3606000999999997
1992-02-03,0.3603000999999998
1992-02-04,0.3583000999999998
1992-02-05,0.3555000999999997
1992-02-06,0.3567000999999997
1992-02-07,0.3608000999999998
1992-02-10,0.3588000999999998
1992-02-11,0.3610000999999998
1992-02-12,0.3623000999999998
1992-02-13,0.3653000999999998
1992-02-14,0.3659000999999998
1992-02-17,
1992-02-18,0.3652000999999998
1992-02-19,0.3678000999999997
1992-02-20,0.3669000999999998
1992-02-21,0.3621000999999998
1992-02-24,0.3613000999999999
1992-02-25,0.3621000999999998
1992-02-26,0.3623000999999998
1992-02-27,0.3646000999999997
1992-02-28,0.3640000999999998
1992-03-02,0.3648000999999997
1992-03-03,0.3638000999999997
1992-03-04,0.3661000999999998
1992-03-05,0.3676000999999997
1992-03-06,0.3678000999999997
1992-03-09,0.3689000999999998
1992-03-10,0.3687000999999997
1992-03-11,0.3673000999999998
1992-03-12,0.3667000999999997
1992-03-13,0.3682000999999998
1992-03-16,0.3677000999999997
1992-03-17,0.3724000999999997
1992-03-18,0.3735000999999996
1992-03-19,0.3728000999999997
1992-03-20,0.3724000999999997
1992-03-23,0.3742000999999996
1992-03-24,0.3759000999999997
1992-03-25,0.3767000999999996
1992-03-26,0.3774000999999997
1992-03-27,0.3791000999999997
1992-03-30,0.3822000999999997
1992-03-31,0.3841000999999997
1992-04-01,0.3806000999999996
1992-04-02,0.3798000999999997
1992-04-03,0.3801000999999997
1992-04-06,0.3772000999999997
1992-04-07,0.3772000999999997
1992-04-08,0.3743000999999997
1992-04-09,0.3785000999999997
1992-04-10,0.3776000999999996
1992-04-13,0.3784000999999997
1992-04-14,0.3810000999999997
1992-04-15,0.3795000999999997
1992-04-16,0.3817000999999996
1992-04-17,
1992-04-20,0.3829000999999997
1992-04-21,0.3794000999999997
1992-04-22,0.3796000999999996
1992-04-23,0.3709000999999997
1992-04-24,0.3692000999999996
1992-04-27,0.3702000999999997
1992-04-28,0.3703000999999997
1992-04-29,0.3754000999999997
1992-04-30,0.3728000999999997
1992-05-01,0.3725000999999996
1992-05-04,0.3719000999999997
1992-05-05,0.3739000999999997
1992-05-06,0.3714000999999997
1992-05-07,0.3710000999999997
1992-05-08,0.3707000999999996
1992-05-11,0.3674000999999997
1992-05-12,0.3690000999999997
1992-05-13,0.3707000999999996
1992-05-14,0.3745000999999996
1992-05-15,0.3742000999999996
1992-05-18,0.3777000999999996
1992-05-19,0.3742000999999996
1992-05-20,0.3727000999999996
1992-05-21,0.3757000999999996
1992-05-22,0.3756000999999996
1992-05-25,
1992-05-26,0.3771000999999997
1992-05-27,0.3752000999999997
1992-05-28,0.3754000999999997
1992-05-29,0.3740000999999997
1992-06-01,0.3759000999999997
1992-06-02,0.3754000999999997
1992-06-03,0.3805000999999997
1992-06-04,0.3802000999999997
1992-06-05,0.3811000999999997
1992-06-08,0.3827000999999996
1992-06-09,0.3818000999999996
1992-06-10,0.3799000999999997
1992-06-11,0.3801000999999997
1992-06-12,0.3779000999999997
1992-06-15,0.3722000999999997
1992-06-16,0.3723000999999998
1992-06-17,0.3725000999999996
1992-06-18,0.3737000999999996
1992-06-19,0.3711000999999997
1992-06-22,0.3707000999999996
1992-06-23,0.3703000999999997
1992-06-24,0.3717000999999996
1992-06-25,0.3691000999999997
1992-06-26,0.3655000999999996
1992-06-29,0.3680000999999997
1992-06-30,0.3676000999999996
1992-07-01,0.3667000999999996
1992-07-02,0.3622000999999997
1992-07-03,
1992-07-06,0.3642000999999997
1992-07-07,0.3627000999999996
1992-07-08,0.3676000999999996
1992-07-09,0.3650000999999997
1992-07-10,0.3664000999999997
1992-07-13,0.3668000999999997
1992-07-14,0.3691000999999997
1992-07-15,0.3646000999999996
1992-07-16,0.3651000999999997
1992-07-17,0.3651000999999997
1992-07-20,0.3675000999999996
1992-07-21,0.3679000999999997
1992-07-22,0.3700000999999997
1992-07-23,0.3696000999999996
1992-07-24,0.3688000999999997
1992-07-27,0.3654000999999997
1992-07-28,0.3657000999999996
1992-07-29,0.3647000999999996
1992-07-30,0.3663000999999997
1992-07-31,0.3667000999999996
1992-08-03,0.3659000999999997
1992-08-04,0.3631000999999997
1992-08-05,0.3578000999999997
1992-08-06,0.3590000999999997
1992-08-07,0.3599000999999997
1992-08-10,0.3591000999999997
1992-08-11,0.3501000999999997
1992-08-12,0.3377000999999997
1992-08-13,0.3394000999999996
1992-08-14,0.3427000999999997
1992-08-17,0.3446000999999997
1992-08-18,0.3428000999999997
1992-08-19,0.3478000999999997
1992-08-20,0.3451000999999997
1992-08-21,0.3445000999999996
1992-08-24,0.3373000999999997
1992-08-25,0.3342000999999996
1992-08-26,0.3398000999999997
1992-08-27,0.3395000999999996
1992-08-28,0.3403000999999997
1992-08-31,0.3385000999999996
1992-09-01,0.3410000999999997
1992-09-02,0.3418000999999997
1992-09-03,0.3443000999999996
1992-09-04,0.3434000999999996
1992-09-07,
1992-09-08,0.3358000999999997
1992-09-09,0.3417000999999997
1992-09-10,0.3466000999999997
1992-09-11,0.3507000999999997
1992-09-14,0.3565000999999996
1992-09-15,0.3545000999999996
1992-09-16,0.3542000999999997
1992-09-17,0.3540000999999997
1992-09-18,0.3560000999999997
1992-09-21,0.3472000999999997
1992-09-22,0.3469000999999997
1992-09-23,0.3431000999999997
1992-09-24,0.3462000999999997
1992-09-25,0.3477000999999997
1992-09-28,0.3381000999999997
1992-09-29,0.3372000999999996
1992-09-30,0.3356000999999997
1992-10-01,0.3371000999999997
1992-10-02,0.3391000999999997
1992-10-05,0.3469000999999997
1992-10-06,0.3445000999999996
1992-10-07,0.3433000999999996
1992-10-08,0.3440000999999997
1992-10-09,0.3422000999999997
1992-10-12,0.3450000999999997
1992-10-13,0.3482000999999997
1992-10-14,0.3480000999999997
1992-10-15,0.3476000999999996
1992-10-16,0.3435000999999996
1992-10-19,0.3436000999999996
1992-10-20,0.3402000999999996
1992-10-21,0.3419000999999997
1992-10-22,0.3466000999999996
1992-10-23,0.3442000999999997
1992-10-26,0.3379000999999997
1992-10-27,0.3288000999999997
1992-10-28,0.3213000999999996
1992-10-29,0.3205000999999997
1992-10-30,0.3208000999999997
1992-11-02,0.3194000999999997
1992-11-03,0.3212000999999996
1992-11-04,0.3154000999999996
1992-11-05,0.3232000999999996
1992-11-06,0.3270000999999997
1992-11-09,0.3202000999999996
1992-11-10,0.3148000999999997
1992-11-11,0.3189000999999997
1992-11-12,0.3219000999999997
1992-11-13,0.3187000999999997
1992-11-16,0.3138000999999997
1992-11-17,0.3114000999999997
1992-11-18,0.3144000999999997
1992-11-19,0.3097000999999997
1992-11-20,0.3133000999999996
1992-11-23,0.3093000999999996
1992-11-24,0.3119000999999997
1992-11-25,0.3164000999999997
1992-11-26,
1992-11-27,0.3173000999999996
1992-11-30,0.3086000999999997
1992-12-01,0.3111000999999996
1992-12-02,0.3109000999999997
1992-12-03,0.3224000999999996
1992-12-04,0.3198000999999997
1992-12-07,0.3210000999999997
1992-12-08,0.3202000999999996
1992-12-09,0.3233000999999996
1992-12-10,0.3164000999999997
1992-12-11,0.3185000999999997
1992-12-14,0.3139000999999997
1992-12-15,0.3159000999999998
1992-12-16,0.3155000999999997
1992-12-17,0.3178000999999997
1992-12-18,0.3198000999999997
1992-12-21,0.3216000999999997
1992-12-22,0.3180000999999998
1992-12-23,0.3184000999999997
1992-12-24,0.3196000999999997
1992-12-25,
1992-12-28,0.3166000999999997
1992-12-29,0.3172000999999997
1992-12-30,0.3172000999999997
1992-12-31,0.3178000999999997
1993-01-01,
1993-01-04,0.3072000999999997
1993-01-05,0.3023000999999997
1993-01-06,0.2975000999999997
1993-01-07,0.2975000999999997
1993-01-08,0.3011000999999997
1993-01-11,0.3006000999999997
1993-01-12,0.3003000999999997
1993-01-13,0.2983000999999997
1993-01-14,0.2989000999999996
1993-01-15,0.3027000999999997
1993-01-18,0.3044000999999997
1993-01-19,0.2997000999999997
1993-01-20,0.2972000999999997
1993-01-21,0.2966000999999997
1993-01-22,0.3011000999999997
1993-01-25,0.3007000999999997
1993-01-26,0.3057000999999997
1993-01-27,0.3033000999999997
1993-01-28,0.3106000999999997
1993-01-29,0.3088000999999997
1993-02-01,0.3044000999999997
1993-02-02,0.3086000999999997
1993-02-03,0.3069000999999997
1993-02-04,0.3082000999999997
1993-02-05,0.3043000999999997
1993-02-08,0.2991000999999997
1993-02-09,0.2979000999999998
1993-02-10,0.3018000999999998
1993-02-11,0.3073000999999997
1993-02-12,0.3082000999999997
1993-02-15,
1993-02-16,0.3153000999999997
1993-02-17,0.3181000999999998
1993-02-18,0.3173000999999997
1993-02-19,0.3201000999999998
1993-02-22,0.3209000999999997
1993-02-23,0.3282000999999998
1993-02-24,0.3244000999999997
1993-02-25,0.3262000999999997
1993-02-26,0.3255000999999997
1993-03-01,0.3352000999999998
1993-03-02,0.3384000999999997
1993-03-03,0.3374000999999997
1993-03-04,0.3441000999999997
1993-03-05,0.3399000999999998
1993-03-08,0.3348000999999997
1993-03-09,0.3321000999999998
1993-03-10,0.3355000999999997
1993-03-11,0.3372000999999998
1993-03-12,0.3428000999999997
1993-03-15,0.3329000999999998
1993-03-16,0.3373000999999997
1993-03-17,0.3395000999999997
1993-03-18,0.3459000999999998
1993-03-19,0.3465000999999997
1993-03-22,0.3440000999999998
1993-03-23,0.3335000999999997
1993-03-24,0.3374000999999997
1993-03-25,0.3391000999999998
1993-03-26,0.3395000999999997
1993-03-29,0.3367000999999997
1993-03-30,0.3425000999999997
1993-03-31,0.3357000999999997
1993-04-01,0.3273000999999997
1993-04-02,0.3274000999999997
1993-04-05,0.3338000999999998
1993-04-06,0.3393000999999997
1993-04-07,0.3373000999999997
1993-04-08,0.3408000999999998
1993-04-09,
1993-04-12,0.3442000999999998
1993-04-13,0.3504000999999997
1993-04-14,0.3536000999999997
1993-04-15,0.3524000999999997
1993-04-16,0.3492000999999998
1993-04-19,0.3506000999999998
1993-04-20,0.3465000999999997
1993-04-21,0.3465000999999997
1993-04-22,0.3409000999999998
1993-04-23,0.3457000999999997
1993-04-26,0.3528000999999997
1993-04-27,0.3471000999999998
1993-04-28,0.3464000999999997
1993-04-29,0.3428000999999998
1993-04-30,0.3366000999999997
1993-05-03,0.3381000999999998
1993-05-04,0.3304000999999997
1993-05-05,0.3356000999999998
1993-05-06,0.3367000999999997
1993-05-07,0.3421000999999998
1993-05-10,0.3342000999999998
1993-05-11,0.3350000999999998
1993-05-12,0.3346000999999997
1993-05-13,0.3366000999999997
1993-05-14,0.3355000999999997
1993-05-17,0.3341000999999998
1993-05-18,0.3227000999999998
1993-05-19,0.3233000999999997
1993-05-20,0.3278000999999998
1993-05-21,0.3276000999999998
1993-05-24,0.3271000999999998
1993-05-25,0.3325000999999997
1993-05-26,0.3325000999999997
1993-05-27,0.3251000999999998
1993-05-28,0.3188000999999998
1993-05-31,
1993-06-01,0.3121000999999997
1993-06-02,0.3117000999999998
1993-06-03,0.3119000999999998
1993-06-04,0.3084000999999997
1993-06-07,0.3052000999999997
1993-06-08,0.3038000999999998
1993-06-09,0.3100000999999998
1993-06-10,0.3102000999999997
1993-06-11,0.3136000999999998
1993-06-14,0.3068000999999998
1993-06-15,0.3093000999999998
1993-06-16,0.3098000999999999
1993-06-17,0.3072000999999998
1993-06-18,0.3120000999999999
1993-06-21,0.3190000999999999
1993-06-22,0.3154000999999998
1993-06-23,0.3068000999999998
1993-06-24,0.3005000999999998
1993-06-25,0.3023000999999998
1993-06-28,0.3016000999999998
1993-06-29,0.3020000999999999
1993-06-30,0.2997000999999999
1993-07-01,0.3028000999999999
1993-07-02,0.3048000999999999
1993-07-05,
1993-07-06,0.3126000999999998
1993-07-07,0.3140000999999999
1993-07-08,0.3180000999999999
1993-07-09,0.3156000999999998
1993-07-12,0.3143000999999998
1993-07-13,0.3108000999999999
1993-07-14,0.3116000999999998
1993-07-15,0.3148000999999999
1993-07-16,0.3138000999999998
1993-07-19,0.3110000999999999
1993-07-20,0.3117000999999998
1993-07-21,0.3116000999999998
1993-07-22,0.3094000999999998
1993-07-23,0.3135000999999998
1993-07-26,0.3135000999999998
1993-07-27,0.3112000999999998
1993-07-28,0.3113000999999998
1993-07-29,0.3161000999999999
1993-07-30,0.3250000999999999
1993-08-02,0.3263000999999998
1993-08-03,0.3248000999999999
1993-08-04,0.3241000999999999
1993-08-05,0.3140000999999999
1993-08-06,0.3156000999999998
1993-08-09,0.3153000999999998
1993-08-10,0.3217000999999998
1993-08-11,0.3176000999999998
1993-08-12,0.3103000999999998
1993-08-13,0.3118000999999998
1993-08-16,0.3152000999999998
1993-08-17,0.3077000999999999
1993-08-18,0.3107000999999999
1993-08-19,0.3172000999999999
1993-08-20,0.3118000999999998
1993-08-23,0.3024000999999998
1993-08-24,0.3041000999999999
1993-08-25,0.3075000999999998
1993-08-26,0.3048000999999999
1993-08-27,0.3013000999999998
1993-08-30,0.3062000999999998
1993-08-31,0.3089000999999999
1993-09-01,0.3044000999999998
1993-09-02,0.2915000999999998
1993-09-03,0.2838000999999999
1993-09-06,
1993-09-07,0.2861000999999998
1993-09-08,0.2939000999999999
1993-09-09,0.2904000999999998
1993-09-10,0.2858000999999999
1993-09-13,0.2893000999999998
1993-09-14,0.2841000999999998
1993-09-15,0.2873000999999998
1993-09-16,0.2872000999999998
1993-09-17,0.2907000999999999
1993-09-20,0.2884000999999998
1993-09-21,0.2953000999999998
1993-09-22,0.2939000999999999
1993-09-23,0.2940000999999999
1993-09-24,0.2941000999999998
1993-09-27,0.2869000999999997
1993-09-28,0.2863000999999998
1993-09-29,0.2837000999999999
1993-09-30,0.2833000999999998
1993-10-01,0.2872000999999998
1993-10-04,0.2833000999999998
1993-10-05,0.2849000999999999
1993-10-06,0.2930000999999999
1993-10-07,0.2939000999999999
1993-10-08,0.2981000999999998
1993-10-11,0.2996000999999998
1993-10-12,0.3007000999999999
1993-10-13,0.3014000999999998
1993-10-14,0.3031000999999999
1993-10-15,0.3021000999999998
1993-10-18,0.3007000999999999
1993-10-19,0.3033000999999998
1993-10-20,0.3081000999999999
1993-10-21,0.3106000999999998
1993-10-22,0.3090000999999999
1993-10-25,0.3094000999999998
1993-10-26,0.3075000999999998
1993-10-27,0.3063000999999998
1993-10-28,0.3058000999999999
1993-10-29,0.3071000999999999
1993-11-01,0.3145000999999998
1993-11-02,0.3149000999999999
1993-11-03,0.3164000999999998
1993-11-04,0.3156000999999998
1993-11-05,0.3154000999999998
1993-11-08,0.3086000999999998
1993-11-09,0.3073000999999998
1993-11-10,0.3034000999999998
1993-11-11,0.3015000999999998
1993-11-12,0.2984000999999998
1993-11-15,0.2972000999999998
1993-11-16,0.2987000999999999
1993-11-17,0.3043000999999998
1993-11-18,0.3009000999999999
1993-11-19,0.3040000999999999
1993-11-22,0.3018000999999999
1993-11-23,0.3035000999999998
1993-11-24,0.3055000999999998
1993-11-25,
1993-11-26,0.3030000999999999
1993-11-29,0.2982000999999998
1993-11-30,0.2993000999999998
1993-12-01,0.2996000999999998
1993-12-02,0.3071000999999999
1993-12-03,0.3092000999999998
1993-12-06,0.3117000999999998
1993-12-07,0.3078000999999999
1993-12-08,0.3140000999999999
1993-12-09,0.3111000999999999
1993-12-10,0.3132000999999998
1993-12-13,0.3119000999999998
1993-12-14,0.3141000999999997
1993-12-15,0.3163000999999997
1993-12-16,0.3147000999999998
1993-12-17,0.3193000999999997
1993-12-20,0.3189000999999998
1993-12-21,0.3198000999999998
1993-12-22,0.3205000999999997
1993-12-23,0.3176000999999998
1993-12-24,
1993-12-27,0.3199000999999998
1993-12-28,0.3186000999999998
1993-12-29,0.3145000999999998
1993-12-30,0.3167000999999998
1993-12-31,0.3195000999999998
1994-01-03,0.3265000999999998
1994-01-04,0.3255000999999997
1994-01-05,0.3255000999999997
1994-01-06,0.3259000999999998
1994-01-07,0.3260000999999998
1994-01-10,0.3278000999999998
1994-01-11,0.3320000999999998
1994-01-12,0.3327000999999998
1994-01-13,0.3312000999999998
1994-01-14,0.3291000999999998
1994-01-17,0.3361000999999998
1994-01-18,0.3386000999999998
1994-01-19,0.3413000999999998
1994-01-20,0.3449000999999998
1994-01-21,0.3438000999999998
1994-01-24,0.3439000999999998
1994-01-25,0.3491000999999998
1994-01-26,0.3497000999999998
1994-01-27,0.3488000999999998
1994-01-28,0.3505000999999997
1994-01-31,0.3504000999999997
1994-02-01,0.3568000999999998
1994-02-02,0.3570000999999998
1994-02-03,0.3548000999999998
1994-02-04,0.3527000999999998
1994-02-07,0.3557000999999997
1994-02-08,0.3591000999999998
1994-02-09,0.3598000999999998
1994-02-10,0.3606000999999997
1994-02-11,0.3580000999999998
1994-02-14,0.3505000999999997
1994-02-15,0.3505000999999997
1994-02-16,0.3549000999999998
1994-02-17,0.3599000999999998
1994-02-18,0.3571000999999998
1994-02-21,
1994-02-22,0.3630000999999998
1994-02-23,0.3670000999999998
1994-02-24,0.3659000999999998
1994-02-25,0.3614000999999998
1994-02-28,0.3555000999999997
1994-03-01,0.3552000999999998
1994-03-02,0.3473000999999998
1994-03-03,0.3473000999999998
1994-03-04,0.3579000999999998
1994-03-07,0.3602000999999998
1994-03-08,0.3592000999999998
1994-03-09,0.3572000999999998
1994-03-10,0.3484000999999997
1994-03-11,0.3560000999999998
1994-03-14,0.3610000999999998
1994-03-15,0.3608000999999998
1994-03-16,0.3561000999999998
1994-03-17,0.3564000999999998
1994-03-18,0.3546000999999998
1994-03-21,0.3515000999999998
1994-03-22,0.3523000999999998
1994-03-23,0.3549000999999998
1994-03-24,0.3511000999999998
1994-03-25,0.3544000999999998
1994-03-28,0.3531000999999998
1994-03-29,0.3465000999999998
1994-03-30,0.3429000999999998
1994-03-31,0.3436000999999998
1994-04-01,0.3490000999999998
1994-04-04,0.3465000999999998
1994-04-05,0.3491000999999998
1994-04-06,0.3483000999999999
1994-04-07,0.3613000999999999
1994-04-08,0.3676000999999999
1994-04-11,0.3648000999999998
1994-04-12,0.3640000999999998
1994-04-13,0.3642000999999998
1994-04-14,0.3660000999999998
1994-04-15,0.3675000999999998
1994-04-18,0.3600000999999998
1994-04-19,0.3573000999999998
1994-04-20,0.3548000999999998
1994-04-21,0.3588000999999998
1994-04-22,0.3625000999999997
1994-04-25,0.3612000999999998
1994-04-26,0.3618000999999998
1994-04-27,
1994-04-28,0.3550000999999998
1994-04-29,0.3592000999999998
1994-05-02,0.3556000999999998
1994-05-03,0.3474000999999997
1994-05-04,0.3577000999999998
1994-05-05,0.3620000999999998
1994-05-06,0.3603000999999998
1994-05-09,0.3655000999999998
1994-05-10,0.3692000999999998
1994-05-11,0.3657000999999998
1994-05-12,0.3627000999999998
1994-05-13,0.3676000999999999
1994-05-16,0.3716000999999997
1994-05-17,0.3744000999999998
1994-05-18,0.3722000999999998
1994-05-19,0.3733000999999999
1994-05-20,0.3735000999999998
1994-05-23,0.3779000999999998
1994-05-24,0.3807000999999999
1994-05-25,0.3791000999999998
1994-05-26,0.3777000999999998
1994-05-27,0.3772000999999998
1994-05-30,
1994-05-31,0.3819000999999998
1994-06-01,0.3828000999999998
1994-06-02,0.3823000999999998
1994-06-03,0.3822000999999998
1994-06-06,0.3794000999999998
1994-06-07,0.3781000999999998
1994-06-08,0.3784000999999998
1994-06-09,0.3785000999999998
1994-06-10,0.3789000999999998
1994-06-13,0.3803000999999998
1994-06-14,0.3754000999999998
1994-06-15,0.3746000999999997
1994-06-16,0.3749000999999998
1994-06-17,0.3795000999999999
1994-06-20,0.3843000999999998
1994-06-21,0.3914000999999998
1994-06-22,0.3809000999999998
1994-06-23,0.3763000999999998
1994-06-24,0.3725000999999998
1994-06-27,0.3669000999999998
1994-06-28,0.3672000999999998
1994-06-29,0.3725000999999998
1994-06-30,0.3730000999999998
1994-07-01,0.3727000999999997
1994-07-04,
1994-07-05,0.3701000999999998
1994-07-06,0.3748000999999997
1994-07-07,0.3720000999999998
1994-07-08,0.3787000999999997
1994-07-11,0.3812000999999998
1994-07-12,0.3814000999999998
1994-07-13,0.3830000999999998
1994-07-14,0.3806000999999998
1994-07-15,0.3778000999999997
1994-07-18,0.3753000999999998
1994-07-19,0.3793000999999998
1994-07-20,0.3811000999999998
1994-07-21,0.3803000999999998
1994-07-22,0.3892000999999998
1994-07-25,0.3886000999999998
1994-07-26,0.3882000999999998
1994-07-27,0.3845000999999999
1994-07-28,0.3827000999999997
1994-07-29,0.3852000999999998
1994-08-01,0.3824000999999998
1994-08-02,0.3778000999999997
1994-08-03,0.3764000999999998
1994-08-04,0.3812000999999998
1994-08-05,0.3882000999999998
1994-08-08,0.3843000999999998
1994-08-09,0.3861000999999998
1994-08-10,0.3884000999999998
1994-08-11,0.3897000999999997
1994-08-12,0.3865000999999998
1994-08-15,0.3865000999999998
1994-08-16,0.3888000999999997
1994-08-17,0.3821000999999998
1994-08-18,0.3854000999999998
1994-08-19,0.3833000999999998
1994-08-22,0.3800000999999998
1994-08-23,0.3823000999999998
1994-08-24,0.3874000999999998
1994-08-25,0.3887000999999997
1994-08-26,0.3877000999999997
1994-08-29,0.3891000999999998
1994-08-30,0.3898000999999997
1994-08-31,0.3888000999999997
1994-09-01,0.3891000999999998
1994-09-02,0.3878000999999997
1994-09-05,
1994-09-06,0.3860000999999998
1994-09-07,0.3885000999999998
1994-09-08,0.3920000999999998
1994-09-09,0.3911000999999998
1994-09-12,0.3879000999999997
1994-09-13,0.3889000999999997
1994-09-14,0.3892000999999998
1994-09-15,0.3891000999999998
1994-09-16,0.3907000999999999
1994-09-19,0.3882000999999998
1994-09-20,0.3892000999999998
1994-09-21,0.3794000999999998
1994-09-22,0.3810000999999998
1994-09-23,0.3882000999999998
1994-09-26,0.3857000999999999
1994-09-27,0.3856000999999999
1994-09-28,0.3856000999999999
1994-09-29,0.3847000999999999
1994-09-30,0.3860000999999998
1994-10-03,0.3871000999999998
1994-10-04,0.3852000999999998
1994-10-05,0.3855000999999998
1994-10-06,0.3855000999999998
1994-10-07,0.3839000999999998
1994-10-10,0.3845000999999999
1994-10-11,0.3815000999999999
1994-10-12,0.3822000999999998
1994-10-13,0.3836000999999999
1994-10-14,0.3818000999999998
1994-10-17,0.3824000999999998
1994-10-18,0.3833000999999998
1994-10-19,0.3816000999999999
1994-10-20,0.3772000999999998
1994-10-21,0.3770000999999998
1994-10-24,0.3820000999999998
1994-10-25,0.3816000999999999
1994-10-26,0.3884000999999998
1994-10-27,0.3893000999999998
1994-10-28,0.3882000999999998
1994-10-31,0.3882000999999998
1994-11-01,0.3864000999999998
1994-11-02,0.3882000999999998
1994-11-03,0.3883000999999998
1994-11-04,0.3977000999999999
1994-11-07,0.3995000999999998
1994-11-08,0.3994000999999998
1994-11-09,0.4009000999999998
1994-11-10,0.4010000999999998
1994-11-11,0.3988000999999999
1994-11-14,0.3978000999999999
1994-11-15,0.4001000999999998
1994-11-16,0.3979000999999998
1994-11-17,0.3994000999999998
1994-11-18,0.4048000999999999
1994-11-21,0.4086000999999998
1994-11-22,0.4096000999999998
1994-11-23,0.4070000999999998
1994-11-24,
1994-11-25,0.4059000999999999
1994-11-28,0.4093000999999998
1994-11-29,0.4095000999999998
1994-11-30,0.4149000999999999
1994-12-01,0.4138000999999999
1994-12-02,0.4154000999999998
1994-12-05,0.4178000999999999
1994-12-06,0.4171000999999998
1994-12-07,0.4160000999999999
1994-12-08,0.4212000999999998
1994-12-09,0.4210000999999999
1994-12-12,0.4206000999999998
1994-12-13,0.4218000999999999
1994-12-14,0.4228000999999998
1994-12-15,0.4245000999999998
1994-12-16,0.4222000999999997
1994-12-19,0.4225000999999998
1994-12-20,0.4226000999999998
1994-12-21,0.4217000999999998
1994-12-22,0.4233000999999997
1994-12-23,0.4242000999999997
1994-12-26,
1994-12-27,0.4233000999999997
1994-12-28,0.4233000999999997
1994-12-29,0.4241000999999997
1994-12-30,0.4227000999999998
1995-01-02,
1995-01-03,0.4155000999999998
1995-01-04,0.4158000999999998
1995-01-05,0.4166000999999998
1995-01-06,0.4128000999999998
1995-01-09,0.4105000999999998
1995-01-10,0.4136000999999998
1995-01-11,0.4162000999999997
1995-01-12,0.4144000999999998
1995-01-13,0.4037000999999998
1995-01-16,0.4053000999999998
1995-01-17,0.4063000999999998
1995-01-18,0.4083000999999998
1995-01-19,0.4145000999999998
1995-01-20,0.4170000999999997
1995-01-23,0.4156000999999998
1995-01-24,0.4180000999999997
1995-01-25,0.4127000999999998
1995-01-26,0.4137000999999998
1995-01-27,0.4069000999999997
1995-01-30,0.4074000999999998
1995-01-31,0.4055000999999998
1995-02-01,0.4068000999999998
1995-02-02,0.4069000999999997
1995-02-03,0.3998000999999997
1995-02-06,0.3995000999999998
1995-02-07,0.3938000999999997
1995-02-08,0.3933000999999998
1995-02-09,0.3902000999999998
1995-02-10,0.3939000999999997
1995-02-13,0.3932000999999998
1995-02-14,0.3970000999999997
1995-02-15,0.3954000999999998
1995-02-16,0.3934000999999998
1995-02-17,0.3859000999999997
1995-02-20,
1995-02-21,0.3918000999999997
1995-02-22,0.3879000999999997
1995-02-23,0.3864000999999998
1995-02-24,0.3864000999999998
1995-02-27,0.3891000999999997
1995-02-28,0.3885000999999998
1995-03-01,0.3841000999999998
1995-03-02,0.3859000999999997
1995-03-03,0.3859000999999997
1995-03-06,0.3894000999999998
1995-03-07,0.3876000999999998
1995-03-08,0.3896000999999998
1995-03-09,0.3917000999999998
1995-03-10,0.3948000999999997
1995-03-13,0.3972000999999998
1995-03-14,0.3955000999999998
1995-03-15,0.3977000999999998
1995-03-16,0.3969000999999997
1995-03-17,0.3848000999999997
1995-03-20,0.3739000999999998
1995-03-21,0.3769000999999998
1995-03-22,0.3764000999999998
1995-03-23,0.3771000999999998
1995-03-24,0.3812000999999998
1995-03-27,0.3793000999999998
1995-03-28,0.3798000999999997
1995-03-29,0.3748000999999998
1995-03-30,0.3820000999999998
1995-03-31,0.3874000999999998
1995-04-03,0.3863000999999998
1995-04-04,0.3852000999999998
1995-04-05,0.3929000999999997
1995-04-06,0.3926000999999998
1995-04-07,0.3956000999999998
1995-04-10,0.3919000999999998
1995-04-11,0.3923000999999998
1995-04-12,0.3943000999999998
1995-04-13,0.3918000999999997
1995-04-14,
1995-04-17,0.3963000999999998
1995-04-18,0.3944000999999998
1995-04-19,0.3865000999999998
1995-04-20,0.3880000999999998
1995-04-21,0.3816000999999998
1995-04-24,0.3804000999999998
1995-04-25,0.3794000999999998
1995-04-26,0.3791000999999998
1995-04-27,0.3814000999999998
1995-04-28,0.3814000999999998
1995-05-01,0.3826000999999998
1995-05-02,0.3815000999999998
1995-05-03,0.3861000999999998
1995-05-04,0.3943000999999998
1995-05-05,0.3973000999999998
1995-05-08,0.3907000999999998
1995-05-09,0.3811000999999998
1995-05-10,0.3808000999999997
1995-05-11,0.3862000999999998
1995-05-12,0.3947000999999998
1995-05-15,0.3864000999999998
1995-05-16,0.3817000999999997
1995-05-17,0.3850000999999998
1995-05-18,0.3710000999999998
1995-05-19,0.3701000999999998
1995-05-22,0.3706000999999997
1995-05-23,0.3729000999999998
1995-05-24,0.3716000999999997
1995-05-25,0.3748000999999998
1995-05-26,0.3747000999999997
1995-05-29,
1995-05-30,0.3755000999999998
1995-05-31,0.3714000999999998
1995-06-01,0.3693000999999998
1995-06-02,0.3694000999999998
1995-06-05,0.3682000999999998
1995-06-06,0.3711000999999998
1995-06-07,0.3747000999999997
1995-06-08,0.3772000999999998
1995-06-09,0.3735000999999999
1995-06-12,0.3736000999999997
1995-06-13,0.3746000999999997
1995-06-14,0.3758000999999998
1995-06-15,0.3818000999999998
1995-06-16,0.3834000999999998
1995-06-19,0.3811000999999998
1995-06-20,0.3779000999999998
1995-06-21,0.3800000999999998
1995-06-22,0.3760000999999998
1995-06-23,0.3752000999999998
1995-06-26,0.3747000999999998
1995-06-27,0.3681000999999998
1995-06-28,0.3701000999999998
1995-06-29,0.3692000999999999
1995-06-30,0.3649000999999998
1995-07-03,0.3648000999999998
1995-07-04,
1995-07-05,0.3657000999999998
1995-07-06,0.3660000999999998
1995-07-07,0.3708000999999998
1995-07-10,0.3698000999999998
1995-07-11,0.3757000999999998
1995-07-12,0.3786000999999999
1995-07-13,0.3891000999999998
1995-07-14,0.3859000999999998
1995-07-17,0.3887000999999999
1995-07-18,0.3885000999999998
1995-07-19,0.3868000999999998
1995-07-20,0.3900000999999998
1995-07-21,0.3908000999999999
1995-07-24,
1995-07-25,0.3937000999999999
1995-07-26,0.3934000999999998
1995-07-27,0.3898000999999998
1995-07-28,0.3925000999999998
1995-07-31,0.3942000999999998
1995-08-01,0.3968000999999999
1995-08-02,0.3987000999999999
1995-08-03,0.3952000999999998
1995-08-04,0.3984000999999998
1995-08-07,0.3971000999999998
1995-08-08,0.3989000999999998
1995-08-09,0.3972000999999998
1995-08-10,0.3971000999999998
1995-08-11,0.3994000999999998
1995-08-14,0.3980000999999998
1995-08-15,0.3932000999999998
1995-08-16,0.3889000999999998
1995-08-17,0.3883000999999998
1995-08-18,0.3922000999999998
1995-08-21,0.3942000999999998
1995-08-22,0.3968000999999999
1995-08-23,0.3968000999999999
1995-08-24,0.3969000999999998
1995-08-25,0.4007000999999999
1995-08-28,0.4001000999999998
1995-08-29,0.4088000999999999
1995-08-30,0.4098000999999999
1995-08-31,0.4084000999999998
1995-09-01,0.4072000999999998
1995-09-04,
1995-09-05,0.4086000999999998
1995-09-06,0.4089000999999999
1995-09-07,0.4099000999999999
1995-09-08,0.4095000999999998
1995-09-11,0.4097000999999998
1995-09-12,0.4167000999999998
1995-09-13,0.4221000999999998
1995-09-14,0.4177000999999998
1995-09-15,0.4169000999999998
1995-09-18,0.4124000999999997
1995-09-19,0.4178000999999998
1995-09-20,0.4130000999999997
1995-09-21,0.4055000999999997
1995-09-22,0.4025000999999997
1995-09-25,0.4075000999999997
1995-09-26,0.4057000999999998
1995-09-27,0.4063000999999997
1995-09-28,0.4106000999999997
1995-09-29,0.4145000999999997
1995-10-02,0.4196000999999997
1995-10-03,0.4247000999999997
1995-10-04,0.4224000999999997
1995-10-05,0.4153000999999997
1995-10-06,0.4198000999999998
1995-10-09,0.4221000999999997
1995-10-10,0.4169000999999998
1995-10-11,0.4204000999999997
1995-10-12,0.4184000999999997
1995-10-13,0.4168000999999998
1995-10-16,0.4167000999999998
1995-10-17,0.4117000999999998
1995-10-18,0.4129000999999997
1995-10-19,0.4086000999999998
1995-10-20,0.4075000999999997
1995-10-23,0.4044000999999997
1995-10-24,0.4048000999999998
1995-10-25,0.4073000999999997
1995-10-26,0.4134000999999997
1995-10-27,0.4136000999999997
1995-10-30,0.4190000999999997
1995-10-31,0.4194000999999997
1995-11-01,0.4190000999999997
1995-11-02,0.4167000999999998
1995-11-03,0.4178000999999998
1995-11-06,0.4123000999999997
1995-11-07,0.4109000999999997
1995-11-08,0.4108000999999998
1995-11-09,0.3953000999999997
1995-11-10,0.3967000999999998
1995-11-13,0.3969000999999997
1995-11-14,0.3989000999999997
1995-11-15,0.3936000999999998
1995-11-16,0.3994000999999997
1995-11-17,0.4001000999999997
1995-11-20,0.4033000999999997
1995-11-21,0.4033000999999997
1995-11-22,0.4006000999999998
1995-11-23,
1995-11-24,0.3995000999999997
1995-11-27,0.4032000999999997
1995-11-28,0.4084000999999997
1995-11-29,0.4078000999999998
1995-11-30,0.4029000999999997
1995-12-01,0.3986000999999998
1995-12-04,0.3982000999999997
1995-12-05,0.3986000999999998
1995-12-06,0.3996000999999998
1995-12-07,0.3992000999999997
1995-12-08,0.3970000999999997
1995-12-11,0.3967000999999998
1995-12-12,0.4004000999999997
1995-12-13,0.4041000999999998
1995-12-14,0.3983000999999997
1995-12-15,0.4016000999999998
1995-12-18,0.4011000999999997
1995-12-19,0.4018000999999997
1995-12-20,0.4008000999999997
1995-12-21,0.4003000999999997
1995-12-22,0.4004000999999997
1995-12-25,
1995-12-26,0.4012000999999997
1995-12-27,0.4084000999999997
1995-12-28,0.4051000999999997
1995-12-29,0.4032000999999997
1996-01-01,
1996-01-02,0.4060000999999997
1996-01-03,0.4088000999999998
1996-01-04,0.4013000999999997
1996-01-05,0.4077000999999998
1996-01-08,0.4071000999999998
1996-01-09,0.4048000999999998
1996-01-10,0.4070000999999997
1996-01-11,0.4052000999999997
1996-01-12,0.4047000999999998
1996-01-15,0.4040000999999997
1996-01-16,0.4052000999999997
1996-01-17,0.4017000999999998
1996-01-18,0.4000000999999997
1996-01-19,0.3951000999999997
1996-01-22,0.3949000999999997
1996-01-23,0.3958000999999997
1996-01-24,0.3992000999999997
1996-01-25,0.4000000999999997
1996-01-26,0.3991000999999997
1996-01-29,0.4022000999999997
1996-01-30,0.4032000999999997
1996-01-31,0.4070000999999997
1996-02-01,0.4094000999999997
1996-02-02,0.4200000999999997
1996-02-05,0.4169000999999998
1996-02-06,0.4155000999999997
1996-02-07,0.4129000999999997
1996-02-08,0.4188000999999998
1996-02-09,0.4164000999999997
1996-02-12,0.4158000999999998
1996-02-13,0.4170000999999997
1996-02-14,0.4166000999999997
1996-02-15,0.4168000999999998
1996-02-16,0.4175000999999997
1996-02-19,
1996-02-20,0.4151000999999997
1996-02-21,0.4129000999999997
1996-02-22,0.4179000999999998
1996-02-23,0.4194000999999997
1996-02-26,0.4196000999999997
1996-02-27,0.4208000999999998
1996-02-28,0.4257000999999997
1996-02-29,0.4270000999999997
1996-03-01,0.4240000999999997
1996-03-04,0.4229000999999998
1996-03-05,0.4228000999999998
1996-03-06,0.4262000999999997
1996-03-07,0.4245000999999997
1996-03-08,0.4306000999999997
1996-03-11,0.4316000999999997
1996-03-12,0.4330000999999998
1996-03-13,0.4360000999999998
1996-03-14,0.4365000999999997
1996-03-15,0.4365000999999997
1996-03-18,0.4368000999999998
1996-03-19,0.4369000999999998
1996-03-20,0.4392000999999997
1996-03-21,0.4413000999999997
1996-03-22,0.4397000999999998
1996-03-25,0.4370000999999998
1996-03-26,0.4364000999999997
1996-03-27,0.4440000999999998
1996-03-28,0.4452000999999997
1996-03-29,0.4468000999999998
1996-04-01,0.4491000999999998
1996-04-02,0.4462000999999997
1996-04-03,0.4446000999999997
1996-04-04,0.4463000999999997
1996-04-05,0.4477000999999997
1996-04-08,0.4482000999999997
1996-04-09,0.4509000999999998
1996-04-10,0.4517000999999997
1996-04-11,0.4544000999999997
1996-04-12,0.4555000999999997
1996-04-15,0.4544000999999997
1996-04-16,0.4504000999999997
1996-04-17,0.4505000999999997
1996-04-18,0.4475000999999997
1996-04-19,0.4472000999999997
1996-04-22,0.4515000999999997
1996-04-23,0.4540000999999998
1996-04-24,0.4509000999999998
1996-04-25,0.4538000999999998
1996-04-26,0.4557000999999997
1996-04-29,0.4522000999999997
1996-04-30,0.4515000999999997
1996-05-01,0.4550000999999997
1996-05-02,0.4622000999999998
1996-05-03,0.4622000999999998
1996-05-06,0.4615000999999997
1996-05-07,0.4648000999999997
1996-05-08,0.4668000999999997
1996-05-09,0.4633000999999997
1996-05-10,0.4675000999999997
1996-05-13,0.4677000999999997
1996-05-14,0.4679000999999997
1996-05-15,0.4665000999999997
1996-05-16,0.4670000999999998
1996-05-17,0.4650000999999997
1996-05-20,0.4608000999999997
1996-05-21,0.4588000999999997
1996-05-22,0.4608000999999997
1996-05-23,0.4600000999999997
1996-05-24,0.4571000999999998
1996-05-27,
1996-05-28,0.4608000999999997
1996-05-29,0.4648000999999997
1996-05-30,0.4622000999999998
1996-05-31,0.4644000999999997
1996-06-03,0.4690000999999998
1996-06-04,0.4634000999999997
1996-06-05,0.4584000999999997
1996-06-06,0.4528000999999998
1996-06-07,0.4583000999999997
1996-06-10,0.4606000999999997
1996-06-11,0.4585000999999997
1996-06-12,0.4585000999999997
1996-06-13,0.4579000999999998
1996-06-14,0.4599000999999998
1996-06-17,0.4582000999999998
1996-06-18,0.4554000999999997
1996-06-19,0.4543000999999997
1996-06-20,0.4564000999999997
1996-06-21,0.4575000999999997
1996-06-24,0.4580000999999998
1996-06-25,0.4584000999999997
1996-06-26,0.4577000999999998
1996-06-27,0.4560000999999998
1996-06-28,0.4539000999999998
1996-07-01,0.4543000999999997
1996-07-02,0.4498000999999998
1996-07-03,0.4504000999999997
1996-07-04,
1996-07-05,0.4631000999999998
1996-07-08,0.4611000999999998
1996-07-09,0.4611000999999998
1996-07-10,0.4664000999999997
1996-07-11,0.4646000999999997
1996-07-12,0.4656000999999997
1996-07-15,0.4636000999999997
1996-07-16,0.4580000999999998
1996-07-17,0.4553000999999997
1996-07-18,0.4589000999999998
1996-07-19,0.4597000999999998
1996-07-22,0.4585000999999997
1996-07-23,0.4591000999999998
1996-07-24,0.4604000999999997
1996-07-25,0.4567000999999998
1996-07-26,0.4554000999999997
1996-07-29,0.4552000999999998
1996-07-30,0.4473000999999997
1996-07-31,0.4431000999999998
1996-08-01,0.4417000999999998
1996-08-02,0.4424000999999997
1996-08-05,0.4425000999999998
1996-08-06,0.4455000999999998
1996-08-07,0.4465000999999997
1996-08-08,0.4489000999999998
1996-08-09,0.4494000999999997
1996-08-12,0.4477000999999998
1996-08-13,0.4479000999999998
1996-08-14,0.4496000999999998
1996-08-15,0.4532000999999998
1996-08-16,0.4535000999999997
1996-08-19,0.4603000999999997
1996-08-20,0.4562000999999998
1996-08-21,0.4604000999999997
1996-08-22,0.4614000999999997
1996-08-23,0.4601000999999998
1996-08-26,0.4608000999999998
1996-08-27,0.4580000999999998
1996-08-28,0.4617000999999998
1996-08-29,0.4622000999999998
1996-08-30,0.4598000999999998
1996-09-02,
1996-09-03,0.4621000999999998
1996-09-04,0.4622000999999998
1996-09-05,0.4649000999999998
1996-09-06,0.4718000999999997
1996-09-09,0.4714000999999997
1996-09-10,0.4707000999999998
1996-09-11,0.4702000999999998
1996-09-12,0.4675000999999997
1996-09-13,0.4616000999999997
1996-09-16,0.4589000999999998
1996-09-17,0.4603000999999997
1996-09-18,0.4580000999999998
1996-09-19,0.4614000999999998
1996-09-20,0.4624000999999998
1996-09-23,0.4627000999999998
1996-09-24,0.4568000999999998
1996-09-25,0.4613000999999997
1996-09-26,0.4634000999999998
1996-09-27,0.4609000999999998
1996-09-30,0.4614000999999998
1996-10-01,0.4627000999999998
1996-10-02,0.4658000999999998
1996-10-03,0.4612000999999998
1996-10-04,0.4589000999999998
1996-10-07,0.4583000999999999
1996-10-08,0.4612000999999998
1996-10-09,0.4610000999999998
1996-10-10,0.4606000999999998
1996-10-11,0.4612000999999998
1996-10-14,0.4622000999999998
1996-10-15,0.4612000999999998
1996-10-16,0.4621000999999998
1996-10-17,0.4636000999999998
1996-10-18,0.4664000999999999
1996-10-21,0.4683000999999998
1996-10-22,0.4648000999999998
1996-10-23,0.4648000999999998
1996-10-24,0.4635000999999997
1996-10-25,0.4613000999999997
1996-10-28,0.4631000999999998
1996-10-29,0.4621000999999998
1996-10-30,0.4630000999999998
1996-10-31,0.4633000999999997
1996-11-01,0.4612000999999998
1996-11-04,0.4586000999999998
1996-11-05,0.4586000999999998
1996-11-06,0.4633000999999997
1996-11-07,0.4553000999999999
1996-11-08,0.4591000999999998
1996-11-11,0.4581000999999998
1996-11-12,0.4597000999999998
1996-11-13,0.4596000999999998
1996-11-14,0.4624000999999998
1996-11-15,0.4620000999999998
1996-11-18,0.4651000999999998
1996-11-19,0.4666000999999998
1996-11-20,0.4735000999999997
1996-11-21,0.4843000999999998
1996-11-22,0.4861000999999998
1996-11-25,0.4827000999999998
1996-11-26,0.4824000999999998
1996-11-27,0.4834000999999998
1996-11-28,
1996-11-29,0.4867000999999998
1996-12-02,0.4906000999999999
1996-12-03,0.4638000999999998
1996-12-04,0.4714000999999999
1996-12-05,0.4704000999999999
1996-12-06,0.4686000999999998
1996-12-09,0.4765000999999998
1996-12-10,0.4738000999999998
1996-12-11,0.4623000999999997
1996-12-12,0.4648000999999998
1996-12-13,0.4641000999999998
1996-12-16,0.4637000999999998
1996-12-17,0.4653000999999997
1996-12-18,0.4614000999999998
1996-12-19,0.4642000999999998
1996-12-20,0.4645000999999998
1996-12-23,0.4685000999999997
1996-12-24,0.4672000999999998
1996-12-25,
1996-12-26,0.4645000999999998
1996-12-27,0.4654000999999998
1996-12-30,0.4665000999999997
1996-12-31,0.4641000999999998
1997-01-01,
1997-01-02,0.4606000999999998
1997-01-03,0.4607000999999998
1997-01-06,0.4586000999999998
1997-01-07,0.4597000999999998
1997-01-08,0.4500000999999998
1997-01-09,0.4506000999999998
1997-01-10,0.4513000999999998
1997-01-13,0.4484000999999998
1997-01-14,0.4499000999999998
1997-01-15,0.4456000999999998
1997-01-16,0.4491000999999998
1997-01-17,0.4507000999999998
1997-01-20,
1997-01-21,0.4484000999999998
1997-01-22,0.4465000999999997
1997-01-23,0.4422000999999999
1997-01-24,0.4418000999999998
1997-01-27,0.4431000999999998
1997-01-28,0.4390000999999998
1997-01-29,0.4412000999999999
1997-01-30,0.4359000999999998
1997-01-31,0.4330000999999998
1997-02-03,0.4350000999999998
1997-02-04,0.4339000999999998
1997-02-05,0.4327000999999998
1997-02-06,0.4351000999999997
1997-02-07,0.4311000999999999
1997-02-10,0.4283000999999998
1997-02-11,0.4276000999999998
1997-02-12,0.4296000999999998
1997-02-13,0.4364000999999998
1997-02-14,0.4362000999999998
1997-02-17,
1997-02-18,0.4354000999999998
1997-02-19,0.4380000999999998
1997-02-20,0.4427000999999998
1997-02-21,0.4482000999999997
1997-02-24,0.4487000999999998
1997-02-25,0.4470000999999998
1997-02-26,0.4458000999999998
1997-02-27,0.4466000999999998
1997-02-28,0.4488000999999998
1997-03-03,0.4577000999999998
1997-03-04,0.4598000999999998
1997-03-05,0.4552000999999998
1997-03-06,0.4578000999999998
1997-03-07,0.4578000999999998
1997-03-10,0.4587000999999998
1997-03-11,0.4631000999999998
1997-03-12,0.4661000999999998
1997-03-13,0.4638000999999998
1997-03-14,0.4681000999999998
1997-03-17,0.4634000999999998
1997-03-18,0.4593000999999997
1997-03-19,0.4577000999999998
1997-03-20,0.4579000999999998
1997-03-21,0.4567000999999998
1997-03-24,0.4601000999999998
1997-03-25,0.4528000999999998
1997-03-26,0.4552000999999999
1997-03-27,0.4542000999999999
1997-03-28,
1997-03-31,0.4569000999999998
1997-04-01,0.4563000999999999
1997-04-02,0.4547000999999998
1997-04-03,0.4478000999999998
1997-04-04,0.4463000999999998
1997-04-07,0.4466000999999998
1997-04-08,0.4517000999999998
1997-04-09,0.4545000999999998
1997-04-10,0.4547000999999998
1997-04-11,0.4555000999999998
1997-04-14,0.4504000999999998
1997-04-15,0.4452000999999999
1997-04-16,0.4429000999999998
1997-04-17,0.4473000999999997
1997-04-18,0.4436000999999998
1997-04-21,0.4494000999999998
1997-04-22,0.4481000999999999
1997-04-23,0.4477000999999998
1997-04-24,0.4474000999999998
1997-04-25,0.4481000999999999
1997-04-28,0.4512000999999999
1997-04-29,0.4527000999999998
1997-04-30,0.4519000999999998
1997-05-01,0.4555000999999998
1997-05-02,0.4544000999999998
1997-05-05,0.4511000999999999
1997-05-06,0.4478000999999998
1997-05-07,0.4480000999999998
1997-05-08,0.4507000999999998
1997-05-09,0.4496000999999998
1997-05-12,0.4498000999999998
1997-05-13,0.4488000999999998
1997-05-14,0.4484000999999998
1997-05-15,0.4489000999999998
1997-05-16,0.4464000999999998
1997-05-19,0.4460000999999999
1997-05-20,0.4452000999999999
1997-05-21,0.4582000999999999
1997-05-22,0.4486000999999998
1997-05-23,0.4366000999999998
1997-05-26,
1997-05-27,0.4356000999999998
1997-05-28,0.4359000999999998
1997-05-29,0.4366000999999998
1997-05-30,0.4315000999999998
1997-06-02,0.4294000999999998
1997-06-03,0.4324000999999998
1997-06-04,0.4292000999999998
1997-06-05,0.4320000999999999
1997-06-06,0.4339000999999998
1997-06-09,0.4331000999999999
1997-06-10,0.4333000999999998
1997-06-11,0.4283000999999998
1997-06-12,0.4225000999999998
1997-06-13,0.4219000999999999
1997-06-16,0.4218000999999998
1997-06-17,0.4237000999999998
1997-06-18,0.4225000999999997
1997-06-19,0.4232000999999997
1997-06-20,0.4245000999999997
1997-06-23,0.4240000999999997
1997-06-24,0.4234000999999997
1997-06-25,0.4240000999999997
1997-06-26,0.4232000999999997
1997-06-27,0.4182000999999997
1997-06-30,0.4263000999999997
1997-07-01,0.4243000999999997
1997-07-02,0.4255000999999997
1997-07-03,0.4263000999999997
1997-07-04,
1997-07-07,0.4167000999999998
1997-07-08,0.4193000999999997
1997-07-09,0.4174000999999997
1997-07-10,0.4150000999999997
1997-07-11,0.4134000999999997
1997-07-14,0.4108000999999998
1997-07-15,0.4077000999999998
1997-07-16,0.4086000999999998
1997-07-17,0.4102000999999997
1997-07-18,0.4150000999999997
1997-07-21,0.4148000999999998
1997-07-22,0.4121000999999997
1997-07-23,0.4093000999999997
1997-07-24,0.4099000999999997
1997-07-25,0.4109000999999997
1997-07-28,0.4103000999999997
1997-07-29,0.4188000999999998
1997-07-30,0.4172000999999997
1997-07-31,0.4188000999999998
1997-08-01,0.4113000999999997
1997-08-04,0.4142000999999997
1997-08-05,0.4123000999999997
1997-08-06,0.4084000999999997
1997-08-07,0.4023000999999997
1997-08-08,0.4072000999999997
1997-08-11,0.4108000999999998
1997-08-12,0.4111000999999998
1997-08-13,0.4165000999999997
1997-08-14,0.4138000999999998
1997-08-15,0.4156000999999998
1997-08-18,0.4107000999999998
1997-08-19,0.4138000999999998
1997-08-20,0.4191000999999997
1997-08-21,0.4226000999999997
1997-08-22,0.4190000999999997
1997-08-25,0.4183000999999997
1997-08-26,0.4203000999999997
1997-08-27,0.4135000999999997
1997-08-28,0.4100000999999997
1997-08-29,0.4051000999999997
1997-09-01,
1997-09-02,0.3983000999999997
1997-09-03,0.3995000999999998
1997-09-04,0.4055000999999998
1997-09-05,0.4030000999999997
1997-09-08,0.4021000999999997
1997-09-09,0.4001000999999997
1997-09-10,0.4012000999999997
1997-09-11,0.3920000999999997
1997-09-12,0.3938000999999997
1997-09-15,0.3916000999999998
1997-09-16,0.3866000999999998
1997-09-17,0.3880000999999998
1997-09-18,0.3870000999999998
1997-09-19,0.3887000999999999
1997-09-22,0.3919000999999998
1997-09-23,0.3905000999999998
1997-09-24,0.3947000999999998
1997-09-25,0.3960000999999998
1997-09-26,0.3942000999999998
1997-09-29,0.3913000999999998
1997-09-30,0.3964000999999998
1997-10-01,0.3984000999999999
1997-10-02,0.4000000999999998
1997-10-03,0.3996000999999998
1997-10-06,0.3946000999999998
1997-10-07,0.3948000999999999
1997-10-08,0.3988000999999999
1997-10-09,0.4052000999999998
1997-10-10,0.4086000999999998
1997-10-13,
1997-10-14,0.4068000999999999
1997-10-15,0.4042000999999998
1997-10-16,0.4101000999999998
1997-10-17,0.4038000999999999
1997-10-20,0.4003000999999998
1997-10-21,0.3908000999999999
1997-10-22,0.3753000999999998
1997-10-23,0.3730000999999998
1997-10-24,0.3627000999999998
1997-10-27,0.3615000999999999
1997-10-28,0.3765000999999998
1997-10-29,0.3697000999999998
1997-10-30,0.3729000999999998
1997-10-31,0.3707000999999998
1997-11-03,0.3816000999999999
1997-11-04,0.3717000999999998
1997-11-05,0.3739000999999998
1997-11-06,0.3687000999999998
1997-11-07,0.3632000999999998
1997-11-10,0.3658000999999998
1997-11-11,
1997-11-12,0.3628000999999998
1997-11-13,0.3666000999999999
1997-11-14,0.3657000999999998
1997-11-17,0.3690000999999998
1997-11-18,0.3690000999999998
1997-11-19,0.3592000999999998
1997-11-20,0.3587000999999998
1997-11-21,0.3631000999999998
1997-11-24,0.3636000999999998
1997-11-25,0.3560000999999998
1997-11-26,0.3532000999999998
1997-11-27,
1997-11-28,0.3502000999999998
1997-12-01,0.3443000999999999
1997-12-02,0.3471000999999998
1997-12-03,0.3462000999999998
1997-12-04,0.3400000999999998
1997-12-05,0.3408000999999998
1997-12-08,0.3403000999999999
1997-12-09,0.3374000999999997
1997-12-10,0.3373000999999999
1997-12-11,0.3342000999999998
1997-12-12,0.3311000999999998
1997-12-15,0.3256000999999998
1997-12-16,0.3179000999999998
1997-12-17,0.3281000999999998
1997-12-18,0.3231000999999998
1997-12-19,0.3209000999999998
1997-12-22,0.3200000999999998
1997-12-23,0.3254000999999997
1997-12-24,0.3238000999999998
1997-12-25,
1997-12-26,0.3256000999999998
1997-12-29,0.3237000999999997
1997-12-30,0.3215000999999998
1997-12-31,0.3195000999999998
1998-01-01,
1998-01-02,0.3196000999999998
1998-01-05,0.3081000999999997
1998-01-06,0.3039000999999998
1998-01-07,0.3133000999999997
1998-01-08,0.3019000999999998
1998-01-09,0.3116000999999998
1998-01-12,0.3111000999999997
1998-01-13,0.3156000999999998
1998-01-14,0.3161000999999998
1998-01-15,0.3205000999999998
1998-01-16,0.3362000999999998
1998-01-19,
1998-01-20,0.3358000999999998
1998-01-21,0.3323000999999997
1998-01-22,0.3282000999999998
1998-01-23,0.3339000999999998
1998-01-26,0.3370000999999998
1998-01-27,0.3450000999999998
1998-01-28,0.3503000999999998
1998-01-29,0.3408000999999998
1998-01-30,0.3549000999999998
1998-02-02,0.3541000999999998
1998-02-03,0.3482000999999998
1998-02-04,0.3487000999999997
1998-02-05,0.3468000999999998
1998-02-06,0.3396000999999998
1998-02-09,0.3427000999999998
1998-02-10,0.3478000999999998
1998-02-11,0.3466000999999997
1998-02-12,0.3412000999999998
1998-02-13,0.3410000999999998
1998-02-16,
1998-02-17,0.3372000999999998
1998-02-18,0.3374000999999997
1998-02-19,0.3439000999999998
1998-02-20,0.3384000999999997
1998-02-23,0.3349000999999998
1998-02-24,0.3332000999999998
1998-02-25,0.3345000999999997
1998-02-26,0.3401000999999998
1998-02-27,0.3475000999999997
1998-03-02,0.3521000999999998
1998-03-03,0.3474000999999997
1998-03-04,0.3423000999999998
1998-03-05,0.3356000999999998
1998-03-06,0.3357000999999997
1998-03-09,0.3357000999999997
1998-03-10,0.3373000999999997
1998-03-11,0.3333000999999997
1998-03-12,0.3386000999999998
1998-03-13,0.3446000999999997
1998-03-16,0.3372000999999998
1998-03-17,0.3380000999999998
1998-03-18,0.3307000999999998
1998-03-19,0.3299000999999998
1998-03-20,0.3325000999999997
1998-03-23,0.3372000999999998
1998-03-24,0.3393000999999997
1998-03-25,0.3370000999999998
1998-03-26,0.3445000999999997
1998-03-27,0.3402000999999998
1998-03-30,0.3312000999999998
1998-03-31,0.3301000999999998
1998-04-01,0.3243000999999997
1998-04-02,0.3247000999999998
1998-04-03,0.3249000999999998
1998-04-06,0.3267000999999998
1998-04-07,0.3264000999999997
1998-04-08,0.3282000999999998
1998-04-09,0.3215000999999997
1998-04-10,
1998-04-13,0.3233000999999997
1998-04-14,0.3141000999999997
1998-04-15,0.3168000999999998
1998-04-16,0.3179000999999998
1998-04-17,0.3175000999999997
1998-04-20,0.3147000999999998
1998-04-21,0.3198000999999998
1998-04-22,0.3191000999999998
1998-04-23,0.3209000999999998
1998-04-24,0.3180000999999998
1998-04-27,0.3141000999999997
1998-04-28,0.3126000999999998
1998-04-29,0.3158000999999998
1998-04-30,0.3170000999999998
1998-05-01,0.3158000999999998
1998-05-04,0.3140000999999998
1998-05-05,0.3073000999999997
1998-05-06,0.3044000999999997
1998-05-07,0.3047000999999998
1998-05-08,0.3022000999999997
1998-05-11,0.3041000999999997
1998-05-12,0.2985000999999998
1998-05-13,0.2952000999999997
1998-05-14,0.2942000999999997
1998-05-15,0.2944000999999998
1998-05-18,0.2843000999999998
1998-05-19,0.2909000999999998
1998-05-20,0.2926000999999998
1998-05-21,0.2985000999999998
1998-05-22,0.2981000999999997
1998-05-25,
1998-05-26,0.2884000999999998
1998-05-27,0.2866000999999998
1998-05-28,0.2893000999999998
1998-05-29,0.2903000999999998
1998-06-01,0.2826000999999998
1998-06-02,0.2820000999999997
1998-06-03,0.2766000999999998
1998-06-04,0.2776000999999998
1998-06-05,0.2669000999999997
1998-06-08,0.2675000999999998
1998-06-09,0.2590000999999997
1998-06-10,0.2560000999999997
1998-06-11,0.2542000999999998
1998-06-12,0.2550000999999997
1998-06-15,0.2524000999999998
1998-06-16,0.2580000999999998
1998-06-17,0.2798000999999998
1998-06-18,0.2726000999999998
1998-06-19,0.2809000999999997
1998-06-22,0.2724000999999998
1998-06-23,0.2730000999999997
1998-06-24,0.2703000999999998
1998-06-25,0.2685000999999998
1998-06-26,0.2685000999999998
1998-06-29,0.2712000999999998
1998-06-30,0.2825000999999998
1998-07-01,0.2840000999999997
1998-07-02,0.2766000999999998
1998-07-03,
1998-07-06,0.2802000999999998
1998-07-07,0.2838000999999998
1998-07-08,0.2813000999999998
1998-07-09,0.2766000999999998
1998-07-10,0.2801000999999997
1998-07-13,0.2799000999999997
1998-07-14,0.2879000999999997
1998-07-15,0.2888000999999998
1998-07-16,0.2968000999999998
1998-07-17,0.2920000999999997
1998-07-20,0.2955000999999998
1998-07-21,0.2909000999999998
1998-07-22,0.2865000999999998
1998-07-23,0.2831000999999997
1998-07-24,0.2821000999999997
1998-07-27,0.2733000999999998
1998-07-28,0.2782000999999998
1998-07-29,0.2754000999999998
1998-07-30,0.2743000999999998
1998-07-31,0.2701000999999998
1998-08-03,0.2662000999999998
1998-08-04,0.2689000999999997
1998-08-05,0.2725000999999998
1998-08-06,0.2692000999999998
1998-08-07,0.2648000999999997
1998-08-10,0.2635000999999998
1998-08-11,0.2579000999999997
1998-08-12,0.2583000999999998
1998-08-13,0.2609000999999997
1998-08-14,0.2580000999999998
1998-08-17,0.2564000999999998
1998-08-18,0.2593000999999998
1998-08-19,0.2558000999999997
1998-08-20,0.2533000999999998
1998-08-21,0.2466000999999997
1998-08-24,0.2440000999999998
1998-08-25,0.2407000999999998
1998-08-26,0.2272000999999998
1998-08-27,0.2191000999999998
1998-08-28,0.2311000999999998
1998-08-31,0.2350000999999998
1998-09-01,0.2464000999999998
1998-09-02,0.2480000999999998
1998-09-03,0.2486000999999997
1998-09-04,0.2507000999999998
1998-09-07,
1998-09-08,0.2549000999999997
1998-09-09,0.2505000999999998
1998-09-10,0.2608000999999997
1998-09-11,0.2638000999999997
1998-09-14,0.2582000999999998
1998-09-15,0.2582000999999998
1998-09-16,0.2538000999999998
1998-09-17,0.2552000999999998
1998-09-18,0.2528000999999998
1998-09-21,0.2458000999999998
1998-09-22,0.2449000999999998
1998-09-23,0.2426000999999998
1998-09-24,0.2471000999999998
1998-09-25,0.2504000999999998
1998-09-28,0.2537000999999999
1998-09-29,0.2602000999999998
1998-09-30,0.2577000999999999
1998-10-01,0.2608000999999998
1998-10-02,0.2580000999999998
1998-10-05,0.2563000999999998
1998-10-06,0.2540000999999998
1998-10-07,0.2854000999999998
1998-10-08,0.2801000999999998
1998-10-09,0.2808000999999999
1998-10-12,
1998-10-13,0.2874000999999998
1998-10-14,0.2965000999999998
1998-10-15,0.2956000999999998
1998-10-16,0.2966000999999998
1998-10-19,0.2952000999999998
1998-10-20,0.2928000999999999
1998-10-21,0.2891000999999998
1998-10-22,0.2882000999999998
1998-10-23,0.2815000999999998
1998-10-26,0.2789000999999999
1998-10-27,0.2793000999999998
1998-10-28,0.2803000999999998
1998-10-29,0.2867000999999999
1998-10-30,0.2869000999999999
1998-11-02,0.2876000999999998
1998-11-03,0.2862000999999998
1998-11-04,0.2926000999999998
1998-11-05,0.2953000999999998
1998-11-06,0.2977000999999998
1998-11-09,0.2987000999999998
1998-11-10,0.2890000999999998
1998-11-11,0.2932000999999998
1998-11-12,0.3013000999999998
1998-11-13,0.2991000999999998
1998-11-16,0.3009000999999999
1998-11-17,0.2981000999999998
1998-11-18,0.3080000999999999
1998-11-19,0.3055000999999998
1998-11-20,0.3065000999999998
1998-11-23,0.3019000999999999
1998-11-24,0.3039000999999999
1998-11-25,0.3017000999999998
1998-11-26,
1998-11-27,0.2959000999999999
1998-11-30,0.2896000999999998
1998-12-01,0.2949000999999999
1998-12-02,0.2904000999999998
1998-12-03,0.2861000999999998
1998-12-04,0.2790000999999998
1998-12-07,0.2814000999999998
1998-12-08,0.2767000999999999
1998-12-09,0.2784000999999998
1998-12-10,0.2815000999999998
1998-12-11,0.2828000999999999
1998-12-14,0.2822000999999998
1998-12-15,0.2863000999999998
1998-12-16,0.2855000999999998
1998-12-17,0.2831000999999998
1998-12-18,0.2818000999999998
1998-12-21,0.2781000999999998
1998-12-22,0.2748000999999997
1998-12-23,0.2716000999999998
1998-12-24,0.2732000999999998
1998-12-25,
1998-12-28,0.2691000999999998
1998-12-29,0.2733000999999998
1998-12-30,0.2731000999999998
1998-12-31,0.2701000999999998
1999-01-01,
1999-01-04,0.2830000999999997
1999-01-05,0.2841000999999998
1999-01-06,0.2919000999999998
1999-01-07,0.2989000999999998
1999-01-08,0.2966000999999998
1999-01-11,0.3021000999999997
1999-01-12,0.3001000999999997
1999-01-13,0.2954000999999998
1999-01-14,0.2931000999999997
1999-01-15,0.2968000999999998
1999-01-18,
1999-01-19,0.2997000999999998
1999-01-20,0.3008000999999998
1999-01-21,0.3052000999999997
1999-01-22,0.2933000999999998
1999-01-25,0.2922000999999998
1999-01-26,0.2903000999999998
1999-01-27,0.2905000999999998
1999-01-28,0.2880000999999997
1999-01-29,0.2919000999999998
1999-02-01,0.2985000999999998
1999-02-02,0.3007000999999998
1999-02-03,0.3033000999999998
1999-02-04,0.3107000999999998
1999-02-05,0.3120000999999998
1999-02-08,0.3129000999999998
1999-02-09,0.3071000999999997
1999-02-10,0.3078000999999998
1999-02-11,0.3088000999999998
1999-02-12,0.3072000999999997
1999-02-15,
1999-02-16,0.2977000999999998
1999-02-17,0.2961000999999997
1999-02-18,0.2968000999999998
1999-02-19,0.3021000999999997
1999-02-22,0.3018000999999998
1999-02-23,0.3025000999999998
1999-02-24,0.2937000999999998
1999-02-25,0.2870000999999997
1999-02-26,0.2797000999999998
1999-03-01,0.2808000999999998
1999-03-02,0.2836000999999998
1999-03-03,0.2845000999999998
1999-03-04,0.2857000999999998
1999-03-05,0.2897000999999998
1999-03-08,0.2933000999999998
1999-03-09,0.2975000999999998
1999-03-10,0.2979000999999998
1999-03-11,0.2994000999999998
1999-03-12,0.2978000999999998
1999-03-15,0.2946000999999998
1999-03-16,0.2937000999999998
1999-03-17,0.2935000999999998
1999-03-18,0.2946000999999998
1999-03-19,0.2960000999999997
1999-03-22,0.3018000999999998
1999-03-23,0.3063000999999997
1999-03-24,0.3046000999999998
1999-03-25,0.3036000999999998
1999-03-26,0.3008000999999998
1999-03-29,0.2977000999999998
1999-03-30,0.2920000999999997
1999-03-31,0.3013000999999997
1999-04-01,0.3013000999999997
1999-04-02,
1999-04-05,0.2971000999999997
1999-04-06,0.2956000999999998
1999-04-07,0.2931000999999997
1999-04-08,0.2915000999999998
1999-04-09,0.2980000999999997
1999-04-12,0.3019000999999998
1999-04-13,0.3021000999999997
1999-04-14,0.3017000999999998
1999-04-15,0.3100000999999998
1999-04-16,0.3134000999999997
1999-04-19,0.3175000999999997
1999-04-20,0.3132000999999997
1999-04-21,0.3127000999999998
1999-04-22,0.3177000999999998
1999-04-23,0.3185000999999997
1999-04-26,0.3157000999999998
1999-04-27,0.3171000999999998
1999-04-28,0.3205000999999997
1999-04-29,0.3256000999999997
1999-04-30,0.3279000999999998
1999-05-03,0.3305000999999997
1999-05-04,0.3264000999999997
1999-05-05,0.3296000999999997
1999-05-06,0.3362000999999998
1999-05-07,0.3387000999999997
1999-05-10,0.3322000999999998
1999-05-11,0.3354000999999997
1999-05-12,0.3324000999999997
1999-05-13,0.3329000999999998
1999-05-14,0.3305000999999997
1999-05-17,0.3315000999999997
1999-05-18,0.3361000999999998
1999-05-19,0.3268000999999998
1999-05-20,0.3261000999999998
1999-05-21,0.3236000999999997
1999-05-24,0.3255000999999997
1999-05-25,0.3173000999999997
1999-05-26,0.3138000999999998
1999-05-27,0.3150000999999998
1999-05-28,0.3180000999999998
1999-05-31,
1999-06-01,0.3097000999999998
1999-06-02,0.3099000999999998
1999-06-03,0.3150000999999998
1999-06-04,0.3245000999999997
1999-06-07,0.3257000999999998
1999-06-08,0.3238000999999998
1999-06-09,0.3246000999999997
1999-06-10,0.3279000999999998
1999-06-11,0.3307000999999997
1999-06-14,0.3292000999999998
1999-06-15,0.3232000999999997
1999-06-16,0.3224000999999997
1999-06-17,0.3230000999999998
1999-06-18,0.3173000999999997
1999-06-21,0.3148000999999998
1999-06-22,0.3195000999999997
1999-06-23,0.3237000999999997
1999-06-24,0.3241000999999998
1999-06-25,0.3274000999999997
1999-06-28,0.3234000999999997
1999-06-29,0.3224000999999997
1999-06-30,0.3313000999999997
1999-07-01,0.3337000999999997
1999-07-02,0.3346000999999997
1999-07-05,
1999-07-06,0.3286000999999997
1999-07-07,0.3342000999999998
1999-07-08,0.3314000999999997
1999-07-09,0.3312000999999998
1999-07-12,0.3270000999999998
1999-07-13,0.3240000999999998
1999-07-14,0.3228000999999997
1999-07-15,0.3264000999999997
1999-07-16,0.3261000999999996
1999-07-19,0.3147000999999997
1999-07-20,0.3102000999999997
1999-07-21,0.3107000999999997
1999-07-22,0.3123000999999997
1999-07-23,0.3143000999999997
1999-07-26,0.3124000999999997
1999-07-27,0.3098000999999998
1999-07-28,0.3114000999999997
1999-07-29,0.3159000999999998
1999-07-30,0.3171000999999998
1999-08-02,0.3155000999999997
1999-08-03,0.3203000999999997
1999-08-04,0.3245000999999997
1999-08-05,0.3192000999999997
1999-08-06,0.3179000999999998
1999-08-09,0.3184000999999997
1999-08-10,0.3161000999999996
1999-08-11,0.3145000999999997
1999-08-12,0.3146000999999997
1999-08-13,0.3177000999999997
1999-08-16,0.3159000999999998
1999-08-17,0.3141000999999997
1999-08-18,0.3120000999999998
1999-08-19,0.3000000999999997
1999-08-20,0.3013000999999997
1999-08-23,0.3009000999999998
1999-08-24,0.3002000999999997
1999-08-25,0.2968000999999998
1999-08-26,0.2962000999999997
1999-08-27,0.2975000999999997
1999-08-30,0.2989000999999998
1999-08-31,0.3053000999999997
1999-09-01,0.3039000999999998
1999-09-02,0.3102000999999997
1999-09-03,0.3122000999999997
1999-09-06,
1999-09-07,0.3145000999999997
1999-09-08,0.3135000999999997
1999-09-09,0.3191000999999998
1999-09-10,0.3166000999999997
1999-09-13,0.3221000999999998
1999-09-14,0.3173000999999997
1999-09-15,0.3146000999999998
1999-09-16,0.3114000999999998
1999-09-17,0.3134000999999998
1999-09-20,0.3066000999999998
1999-09-21,0.3129000999999998
1999-09-22,0.3167000999999998
1999-09-23,0.3153000999999997
1999-09-24,0.3170000999999998
1999-09-27,0.3184000999999998
1999-09-28,0.3228000999999998
1999-09-29,0.3181000999999998
1999-09-30,0.3182000999999997
1999-10-01,0.3213000999999997
1999-10-04,0.3281000999999998
1999-10-05,0.3270000999999998
1999-10-06,0.3258000999999998
1999-10-07,0.3248000999999998
1999-10-08,0.3194000999999998
1999-10-11,
1999-10-12,0.3209000999999998
1999-10-13,0.3122000999999997
1999-10-14,0.3139000999999998
1999-10-15,0.3111000999999997
1999-10-18,0.3092000999999997
1999-10-19,0.3125000999999998
1999-10-20,0.3115000999999998
1999-10-21,0.3130000999999998
1999-10-22,0.3139000999999998
1999-10-25,0.3163000999999997
1999-10-26,0.3149000999999998
1999-10-27,0.3091000999999997
1999-10-28,0.3102000999999997
1999-10-29,0.3016000999999998
1999-11-01,0.3047000999999998
1999-11-02,0.3056000999999997
1999-11-03,0.3080000999999998
1999-11-04,0.3024000999999998
1999-11-05,0.3034000999999998
1999-11-08,0.3020000999999997
1999-11-09,0.3035000999999998
1999-11-10,0.3059000999999998
1999-11-11,
1999-11-12,0.3087000999999998
1999-11-15,0.3112000999999997
1999-11-16,0.3074000999999998
1999-11-17,0.3038000999999998
1999-11-18,0.3038000999999998
1999-11-19,0.3028000999999998
1999-11-22,0.3017000999999998
1999-11-23,0.3001000999999997
1999-11-24,0.2968000999999998
1999-11-25,
1999-11-26,0.2996000999999998
1999-11-29,0.3026000999999998
1999-11-30,0.3014000999999998
1999-12-01,0.3018000999999998
1999-12-02,0.2975000999999998
1999-12-03,0.2976000999999998
1999-12-06,0.2997000999999998
1999-12-07,0.3018000999999998
1999-12-08,0.3026000999999998
1999-12-09,0.3043000999999998
1999-12-10,0.3003000999999998
1999-12-13,0.2986000999999998
1999-12-14,0.2998000999999998
1999-12-15,0.3003000999999998
1999-12-16,0.3071000999999999
1999-12-17,0.3073000999999998
1999-12-20,0.3068000999999998
1999-12-21,0.3089000999999998
1999-12-22,0.3090000999999998
1999-12-23,0.3097000999999998
1999-12-24,
1999-12-27,0.3104000999999998
1999-12-28,0.3093000999999998
1999-12-29,0.3167000999999998
1999-12-30,0.3180000999999998
1999-12-31,0.3217000999999998
2000-01-03,0.3255000999999998
2000-01-04,0.3195000999999998
2000-01-05,0.3218000999999998
2000-01-06,0.3191000999999998
2000-01-07,0.3195000999999998
2000-01-10,0.3204000999999998
2000-01-11,0.3222000999999999
2000-01-12,0.3222000999999999
2000-01-13,0.3323000999999999
2000-01-14,0.3307000999999998
2000-01-17,
2000-01-18,0.3290000999999998
2000-01-19,0.3273000999999998
2000-01-20,0.3295000999999998
2000-01-21,0.3272000999999997
2000-01-24,0.3176000999999998
2000-01-25,0.3187000999999998
2000-01-26,0.3153000999999998
2000-01-27,0.3181000999999998
2000-01-28,0.2950000999999999
2000-01-31,0.2986000999999998
2000-02-01,0.2951000999999998
2000-02-02,0.3015000999999998
2000-02-03,0.3002000999999998
2000-02-04,0.3003000999999998
2000-02-07,0.2977000999999998
2000-02-08,0.2967000999999998
2000-02-09,0.2984000999999998
2000-02-10,0.2944000999999998
2000-02-11,0.2959000999999998
2000-02-14,0.2908000999999998
2000-02-15,0.2925000999999998
2000-02-16,0.2956000999999998
2000-02-17,0.2962000999999998
2000-02-18,0.2920000999999999
2000-02-21,
2000-02-22,0.2883000999999998
2000-02-23,0.2843000999999998
2000-02-24,0.2793000999999998
2000-02-25,0.2791000999999998
2000-02-28,0.2770000999999998
2000-02-29,0.2823000999999998
2000-03-01,0.2678000999999999
2000-03-02,0.2709000999999998
2000-03-03,0.2723000999999998
2000-03-06,0.2655000999999998
2000-03-07,0.2670000999999998
2000-03-08,0.2730000999999998
2000-03-09,0.2786000999999998
2000-03-10,0.2782000999999998
2000-03-13,0.2794000999999998
2000-03-14,0.2793000999999998
2000-03-15,0.2765000999999998
2000-03-16,0.2751000999999997
2000-03-17,0.2696000999999998
2000-03-20,0.2712000999999998
2000-03-21,0.2736000999999998
2000-03-22,0.2681000999999997
2000-03-23,0.2690000999999997
2000-03-24,0.2716000999999998
2000-03-27,0.2745000999999998
2000-03-28,0.2783000999999998
2000-03-29,0.2747000999999998
2000-03-30,0.2760000999999997
2000-03-31,0.2710000999999997
2000-04-03,0.2704000999999998
2000-04-04,0.2687000999999998
2000-04-05,0.2691000999999997
2000-04-06,0.2659000999999997
2000-04-07,0.2621000999999998
2000-04-10,0.2615000999999998
2000-04-11,0.2589000999999997
2000-04-12,0.2596000999999998
2000-04-13,0.2601000999999998
2000-04-14,0.2603000999999998
2000-04-17,0.2539000999999997
2000-04-18,0.2583000999999998
2000-04-19,0.2587000999999997
2000-04-20,0.2561000999999998
2000-04-21,
2000-04-24,0.2578000999999997
2000-04-25,0.2560000999999997
2000-04-26,0.2509000999999997
2000-04-27,0.2516000999999997
2000-04-28,0.2470000999999998
2000-05-01,0.2448000999999998
2000-05-02,0.2487000999999997
2000-05-03,0.2563000999999998
2000-05-04,0.2544000999999998
2000-05-05,0.2598000999999997
2000-05-08,0.2450000999999998
2000-05-09,0.2467000999999997
2000-05-10,0.2448000999999998
2000-05-11,0.2414000999999997
2000-05-12,0.2438000999999997
2000-05-15,0.2365000999999997
2000-05-16,0.2392000999999998
2000-05-17,0.2313000999999998
2000-05-18,0.2338000999999998
2000-05-19,0.2362000999999998
2000-05-22,0.2363000999999998
2000-05-23,0.2371000999999998
2000-05-24,0.2340000999999998
2000-05-25,0.2327000999999997
2000-05-26,0.2351000999999998
2000-05-29,
2000-05-30,0.2402000999999998
2000-05-31,0.2356000999999997
2000-06-01,0.2355000999999997
2000-06-02,0.2419000999999997
2000-06-05,0.2455000999999997
2000-06-06,0.2524000999999998
2000-06-07,0.2555000999999998
2000-06-08,0.2517000999999997
2000-06-09,0.2493000999999998
2000-06-12,0.2543000999999998
2000-06-13,0.2599000999999997
2000-06-14,0.2634000999999998
2000-06-15,0.2657000999999998
2000-06-16,0.2697000999999998
2000-06-19,0.2650000999999997
2000-06-20,0.2671000999999997
2000-06-21,0.2661000999999997
2000-06-22,0.2592000999999998
2000-06-23,0.2569000999999997
2000-06-26,0.2596000999999998
2000-06-27,0.2647000999999997
2000-06-28,0.2652000999999998
2000-06-29,0.2653000999999998
2000-06-30,0.2598000999999997
2000-07-03,0.2620000999999997
2000-07-04,
2000-07-05,0.2518000999999997
2000-07-06,0.2530000999999997
2000-07-07,0.2535000999999998
2000-07-10,0.2548000999999997
2000-07-11,0.2499000999999997
2000-07-12,0.2508000999999997
2000-07-13,0.2475000999999997
2000-07-14,0.2472000999999998
2000-07-17,0.2513000999999998
2000-07-18,0.2449000999999997
2000-07-19,0.2385000999999997
2000-07-20,0.2459000999999997
2000-07-21,0.2488000999999998
2000-07-24,0.2470000999999998
2000-07-25,0.2478000999999997
2000-07-26,0.2537000999999997
2000-07-27,0.2495000999999997
2000-07-28,0.2507000999999997
2000-07-31,0.2422000999999998
2000-08-01,0.2411000999999998
2000-08-02,0.2455000999999997
2000-08-03,0.2478000999999997
2000-08-04,0.2469000999999997
2000-08-07,0.2491000999999998
2000-08-08,0.2448000999999997
2000-08-09,0.2405000999999997
2000-08-10,0.2440000999999998
2000-08-11,0.2416000999999997
2000-08-14,0.2437000999999997
2000-08-15,0.2452000999999998
2000-08-16,0.2533000999999998
2000-08-17,0.2552000999999998
2000-08-18,0.2523000999999998
2000-08-21,0.2510000999999997
2000-08-22,0.2425000999999997
2000-08-23,0.2332000999999998
2000-08-24,0.2346000999999997
2000-08-25,0.2360000999999998
2000-08-28,0.2332000999999998
2000-08-29,0.2321000999999998
2000-08-30,0.2367000999999997
2000-08-31,0.2394000999999997
2000-09-01,0.2387000999999997
2000-09-04,
2000-09-05,0.2312000999999998
2000-09-06,0.2271000999999998
2000-09-07,0.2208000999999997
2000-09-08,0.2187000999999997
2000-09-11,0.2229000999999998
2000-09-12,0.2206000999999997
2000-09-13,0.2174000999999997
2000-09-14,0.2119000999999998
2000-09-15,0.2077000999999998
2000-09-18,0.2038000999999998
2000-09-19,0.2050000999999998
2000-09-20,0.1991000999999997
2000-09-21,0.2051000999999997
2000-09-22,0.2051000999999997
2000-09-25,0.2112000999999997
2000-09-26,0.2116000999999998
2000-09-27,0.2133000999999997
2000-09-28,0.2103000999999997
2000-09-29,0.2046000999999998
2000-10-02,0.2082000999999997
2000-10-03,0.2016000999999998
2000-10-04,0.1991000999999997
2000-10-05,0.1971000999999997
2000-10-06,0.1959000999999998
2000-10-09,
2000-10-10,0.1947000999999998
2000-10-11,0.1956000999999998
2000-10-12,0.1943000999999998
2000-10-13,0.1910000999999997
2000-10-16,0.1848000999999998
2000-10-17,0.1833000999999998
2000-10-18,0.1819000999999998
2000-10-19,0.1841000999999997
2000-10-20,0.1897000999999998
2000-10-23,0.1871000999999997
2000-10-24,0.1876000999999998
2000-10-25,0.1812000999999998
2000-10-26,0.1825000999999998
2000-10-27,0.1856000999999998
2000-10-30,0.1865000999999998
2000-10-31,0.1841000999999997
2000-11-01,0.1851000999999997
2000-11-02,0.1830000999999997
2000-11-03,0.1873000999999998
2000-11-06,0.1890000999999997
2000-11-07,0.1912000999999997
2000-11-08,0.1890000999999997
2000-11-09,0.1899000999999998
2000-11-10,0.1831000999999997
2000-11-13,0.1827000999999998
2000-11-14,0.1806000999999998
2000-11-15,0.1825000999999998
2000-11-16,0.1801000999999997
2000-11-17,0.1809000999999997
2000-11-20,0.1760000999999997
2000-11-21,0.1727000999999998
2000-11-22,0.1887000999999998
2000-11-23,
2000-11-24,0.1851000999999997
2000-11-27,0.1878000999999998
2000-11-28,0.1844000999999998
2000-11-29,0.1830000999999997
2000-11-30,0.1897000999999998
2000-12-01,0.1987000999999998
2000-12-04,0.2054000999999998
2000-12-05,0.2022000999999997
2000-12-06,0.2089000999999998
2000-12-07,0.2085000999999998
2000-12-08,0.2073000999999997
2000-12-11,0.2030000999999998
2000-12-12,0.2031000999999997
2000-12-13,0.2001000999999997
2000-12-14,0.2028000999999998
2000-12-15,0.2051000999999999
2000-12-18,0.2026000999999998
2000-12-19,0.2061000999999999
2000-12-20,0.2120000999999999
2000-12-21,0.2166000999999998
2000-12-22,0.2162000999999999
2000-12-25,
2000-12-26,0.2204000999999998
2000-12-27,0.2206000999999998
2000-12-28,0.2158000999999998
2000-12-29,0.2200000999999998
2001-01-01,
2001-01-02,0.2200000999999998
2001-01-03,0.2187000999999998
2001-01-04,0.2271000999999999
2001-01-05,0.2325000999999998
2001-01-08,0.2297000999999998
2001-01-09,0.2245000999999998
2001-01-10,0.2178000999999998
2001-01-11,0.2217000999999998
2001-01-12,0.2169000999999998
2001-01-15,
2001-01-16,0.2164000999999998
2001-01-17,0.2141000999999999
2001-01-18,0.2199000999999998
2001-01-19,0.2174000999999998
2001-01-22,0.2167000999999998
2001-01-23,0.2136000999999998
2001-01-24,0.2049000999999999
2001-01-25,0.2053000999999998
2001-01-26,0.2050000999999999
2001-01-29,0.2043000999999998
2001-01-30,0.2083000999999998
2001-01-31,0.2105000999999998
2001-02-01,0.2156000999999998
2001-02-02,0.2132000999999999
2001-02-05,0.2107000999999998
2001-02-06,0.2098000999999998
2001-02-07,0.2071000999999999
2001-02-08,0.1947000999999998
2001-02-09,0.1971000999999999
2001-02-12,0.1995000999999998
2001-02-13,0.1952000999999998
2001-02-14,0.1913000999999998
2001-02-15,0.1845000999999998
2001-02-16,0.1908000999999999
2001-02-19,
2001-02-20,0.1850000999999999
2001-02-21,0.1851000999999998
2001-02-22,0.1848000999999999
2001-02-23,0.1871000999999998
2001-02-26,0.1842000999999998
2001-02-27,0.1867000999999998
2001-02-28,0.1873000999999998
2001-03-01,0.1895000999999998
2001-03-02,0.1905000999999998
2001-03-05,0.1822000999999998
2001-03-06,0.1795000999999998
2001-03-07,0.1705000999999998
2001-03-08,0.1718000999999999
2001-03-09,0.1695000999999998
2001-03-12,0.1697000999999999
2001-03-13,0.1643000999999998
2001-03-14,0.1554000999999998
2001-03-15,0.1534000999999998
2001-03-16,0.1548000999999998
2001-03-19,0.1592000999999998
2001-03-20,0.1632000999999998
2001-03-21,0.1554000999999998
2001-03-22,0.1531000999999998
2001-03-23,0.1572000999999998
2001-03-26,0.1618000999999999
2001-03-27,0.1597000999999998
2001-03-28,0.1547000999999999
2001-03-29,0.1536000999999998
2001-03-30,0.1462000999999999
2001-04-02,0.1400000999999998
2001-04-03,0.1481000999999998
2001-04-04,0.1500000999999998
2001-04-05,0.1516000999999998
2001-04-06,0.1587000999999998
2001-04-09,0.1547000999999999
2001-04-10,0.1567000999999998
2001-04-11,0.1644000999999998
2001-04-12,0.1703000999999998
2001-04-13,
2001-04-16,0.1717000999999999
2001-04-17,0.1644000999999998
2001-04-18,0.1639000999999998
2001-04-19,0.1762000999999998
2001-04-20,0.1773000999999998
2001-04-23,0.1660000999999998
2001-04-24,0.1651000999999998
2001-04-25,0.1663000999999998
2001-04-26,0.1701000999999998
2001-04-27,0.1694000999999998
2001-04-30,0.1734000999999998
2001-05-01,0.1795000999999998
2001-05-02,0.1810000999999998
2001-05-03,0.1798000999999999
2001-05-04,0.1809000999999999
2001-05-07,0.1797000999999999
2001-05-08,0.1760000999999998
2001-05-09,0.1844000999999998
2001-05-10,0.1844000999999998
2001-05-11,0.1825000999999998
2001-05-14,0.1803000999999998
2001-05-15,0.1816000999999998
2001-05-16,0.1840000999999999
2001-05-17,0.1888000999999999
2001-05-18,0.1900000999999999
2001-05-21,0.1886000999999998
2001-05-22,0.1857000999999999
2001-05-23,0.1784000999999998
2001-05-24,0.1797000999999999
2001-05-25,0.1816000999999998
2001-05-28,
2001-05-29,0.1779000999999999
2001-05-30,0.1734000999999998
2001-05-31,0.1667000999999999
2001-06-01,0.1693000999999998
2001-06-04,0.1672000999999998
2001-06-05,0.1697000999999999
2001-06-06,0.1770000999999998
2001-06-07,0.1801000999999998
2001-06-08,0.1866000999999998
2001-06-11,0.1841000999999998
2001-06-12,0.1850000999999999
2001-06-13,0.1902000999999998
2001-06-14,0.1863000999999998
2001-06-15,0.1870000999999997
2001-06-18,0.1845000999999998
2001-06-19,0.1808000999999998
2001-06-20,0.1800000999999997
2001-06-21,0.1788000999999998
2001-06-22,0.1770000999999997
2001-06-25,0.1788000999999998
2001-06-26,0.1831000999999998
2001-06-27,0.1793000999999998
2001-06-28,0.1682000999999998
2001-06-29,0.1708000999999998
2001-07-02,0.1718000999999998
2001-07-03,0.1792000999999998
2001-07-04,
2001-07-05,0.1759000999999997
2001-07-06,0.1690000999999998
2001-07-09,0.1712000999999998
2001-07-10,0.1706000999999998
2001-07-11,0.1665000999999998
2001-07-12,0.1653000999999998
2001-07-13,0.1696000999999998
2001-07-16,0.1694000999999998
2001-07-17,0.1705000999999998
2001-07-18,0.1757000999999998
2001-07-19,0.1762000999999998
2001-07-20,0.1671000999999998
2001-07-23,0.1696000999999998
2001-07-24,0.1692000999999998
2001-07-25,0.1684000999999998
2001-07-26,0.1705000999999998
2001-07-27,0.1695000999999998
2001-07-30,0.1666000999999998
2001-07-31,0.1703000999999998
2001-08-01,0.1808000999999998
2001-08-02,0.1816000999999998
2001-08-03,0.1801000999999998
2001-08-06,0.1794000999999998
2001-08-07,0.1777000999999998
2001-08-08,0.1813000999999998
2001-08-09,0.1746000999999998
2001-08-10,0.1754000999999998
2001-08-13,0.1799000999999997
2001-08-14,0.1836000999999998
2001-08-15,0.1911000999999997
2001-08-16,0.1882000999999998
2001-08-17,0.1984000999999998
2001-08-20,0.1941000999999997
2001-08-21,0.1940000999999998
2001-08-22,0.1951000999999997
2001-08-23,0.1952000999999998
2001-08-24,0.1964000999999998
2001-08-27,0.1913000999999998
2001-08-28,0.1917000999999998
2001-08-29,0.1914000999999998
2001-08-30,0.1942000999999998
2001-08-31,0.1921000999999997
2001-09-03,
2001-09-04,0.1813000999999998
2001-09-05,0.1828000999999998
2001-09-06,0.1843000999999998
2001-09-07,0.1816000999999998
2001-09-10,0.1762000999999998
2001-09-11,0.1793000999999998
2001-09-12,
2001-09-13,0.1779000999999997
2001-09-14,0.1766000999999998
2001-09-17,0.1649000999999998
2001-09-18,0.1575000999999998
2001-09-19,0.1545000999999998
2001-09-20,0.1551000999999998
2001-09-21,0.1459000999999998
2001-09-24,0.1534000999999998
2001-09-25,0.1553000999999998
2001-09-26,0.1519000999999998
2001-09-27,0.1494000999999998
2001-09-28,0.1536000999999998
2001-10-01,0.1576000999999998
2001-10-02,0.1575000999999998
2001-10-03,0.1593000999999998
2001-10-04,0.1597000999999998
2001-10-05,0.1698000999999999
2001-10-08,
2001-10-09,0.1632000999999998
2001-10-10,0.1645000999999998
2001-10-11,0.1636000999999998
2001-10-12,0.1662000999999998
2001-10-15,0.1787000999999998
2001-10-16,0.1743000999999998
2001-10-17,0.1763000999999998
2001-10-18,0.1700000999999998
2001-10-19,0.1710000999999998
2001-10-22,0.1726000999999998
2001-10-23,0.1700000999999998
2001-10-24,0.1707000999999999
2001-10-25,0.1668000999999999
2001-10-26,0.1648000999999999
2001-10-29,0.1668000999999999
2001-10-30,0.1670000999999998
2001-10-31,0.1664000999999998
2001-11-01,0.1721000999999998
2001-11-02,0.1716000999999998
2001-11-05,0.1716000999999998
2001-11-06,0.1776000999999998
2001-11-07,0.1783000999999998
2001-11-08,0.1783000999999998
2001-11-09,0.1771000999999998
2001-11-12,
2001-11-13,0.1831000999999998
2001-11-14,0.1827000999999998
2001-11-15,0.1816000999999998
2001-11-16,0.1854000999999998
2001-11-19,0.1852000999999998
2001-11-20,0.1833000999999998
2001-11-21,0.1796000999999998
2001-11-22,
2001-11-23,0.1804000999999998
2001-11-26,0.1821000999999998
2001-11-27,0.1869000999999999
2001-11-28,0.1850000999999999
2001-11-29,0.1813000999999998
2001-11-30,0.1858000999999999
2001-12-03,0.1804000999999998
2001-12-04,0.1791000999999998
2001-12-05,0.1811000999999998
2001-12-06,0.1833000999999998
2001-12-07,0.1788000999999999
2001-12-10,0.1784000999999998
2001-12-11,0.1798000999999999
2001-12-12,0.1844000999999998
2001-12-13,0.1828000999999999
2001-12-14,0.1833000999999998
2001-12-17,0.1816000999999998
2001-12-18,0.1791000999999998
2001-12-19,0.1747000999999999
2001-12-20,0.1695000999999998
2001-12-21,0.1722000999999998
2001-12-24,0.1728000999999999
2001-12-25,
2001-12-26,0.1720000999999998
2001-12-27,0.1716000999999999
2001-12-28,0.1750000999999998
2001-12-31,0.1744000999999998
2002-01-01,
2002-01-02,0.1798000999999999
2002-01-03,0.1795000999999998
2002-01-04,0.1856000999999998
2002-01-07,0.1839000999999999
2002-01-08,0.1889000999999999
2002-01-09,0.1896000999999998
2002-01-10,0.1877000999999999
2002-01-11,0.1859000999999999
2002-01-14,0.1817000999999999
2002-01-15,0.1835000999999998
2002-01-16,0.1804000999999998
2002-01-17,0.1796000999999998
2002-01-18,0.1796000999999998
2002-01-21,
2002-01-22,0.1846000999999998
2002-01-23,0.1828000999999999
2002-01-24,0.1846000999999998
2002-01-25,0.1818000999999999
2002-01-28,0.1816000999999998
2002-01-29,0.1755000999999998
2002-01-30,0.1712000999999998
2002-01-31,0.1719000999999999
2002-02-01,0.1737000999999999
2002-02-04,0.1768000999999999
2002-02-05,0.1748000999999999
2002-02-06,0.1741000999999998
2002-02-07,0.1738000999999999
2002-02-08,0.1762000999999998
2002-02-11,0.1781000999999998
2002-02-12,0.1746000999999999
2002-02-13,0.1752000999999998
2002-02-14,0.1823000999999998
2002-02-15,0.1830000999999999
2002-02-18,
2002-02-19,0.1844000999999998
2002-02-20,0.1846000999999998
2002-02-21,0.1836000999999998
2002-02-22,0.1795000999999998
2002-02-25,0.1796000999999998
2002-02-26,0.1798000999999999
2002-02-27,0.1817000999999999
2002-02-28,0.1837000999999999
2002-03-01,0.1860000999999999
2002-03-04,0.1864000999999998
2002-03-05,0.1869000999999999
2002-03-06,0.1897000999999999
2002-03-07,0.1922000999999998
2002-03-08,0.1898000999999999
2002-03-11,0.1888000999999999
2002-03-12,0.1875000999999998
2002-03-13,0.1863000999999998
2002-03-14,0.1904000999999998
2002-03-15,0.1928000999999998
2002-03-18,0.1923000999999998
2002-03-19,0.1907000999999998
2002-03-20,0.1976000999999998
2002-03-21,0.1975000999999998
2002-03-22,0.1980000999999998
2002-03-25,0.1975000999999998
2002-03-26,0.1950000999999999
2002-03-27,0.1950000999999999
2002-03-28,0.2012000999999998
2002-03-29,
2002-04-01,0.2010000999999998
2002-04-02,0.2024000999999998
2002-04-03,0.2003000999999998
2002-04-04,0.1986000999999998
2002-04-05,0.1980000999999998
2002-04-08,0.1952000999999998
2002-04-09,0.1954000999999998
2002-04-10,0.1987000999999998
2002-04-11,0.2031000999999999
2002-04-12,0.2026000999999998
2002-04-15,0.2000000999999998
2002-04-16,0.2009000999999998
2002-04-17,0.2056000999999998
2002-04-18,0.2066000999999998
2002-04-19,0.2079000999999998
2002-04-22,0.2091000999999998
2002-04-23,0.2067000999999998
2002-04-24,0.2111000999999998
2002-04-25,0.2126000999999998
2002-04-26,0.2123000999999998
2002-04-29,0.2074000999999998
2002-04-30,0.2067000999999998
2002-05-01,0.2079000999999998
2002-05-02,0.2046000999999998
2002-05-03,0.2082000999999999
2002-05-06,0.2080000999999998
2002-05-07,0.2086000999999998
2002-05-08,0.2083000999999997
2002-05-09,0.2130000999999998
2002-05-10,0.2140000999999998
2002-05-13,0.2161000999999998
2002-05-14,0.2162000999999999
2002-05-15,0.2175000999999998
2002-05-16,0.2176000999999998
2002-05-17,0.2213000999999999
2002-05-20,0.2246000999999998
2002-05-21,0.2262000999999998
2002-05-22,0.2294000999999998
2002-05-23,0.2267000999999998
2002-05-24,0.2249000999999998
2002-05-27,
2002-05-28,0.2314000999999999
2002-05-29,0.2336000999999998
2002-05-30,0.2336000999999998
2002-05-31,0.2368000999999998
2002-06-03,0.2407000999999998
2002-06-04,0.2428000999999998
2002-06-05,0.2427000999999998
2002-06-06,0.2447000999999998
2002-06-07,0.2420000999999998
2002-06-10,0.2403000999999998
2002-06-11,0.2386000999999998
2002-06-12,0.2417000999999998
2002-06-13,0.2364000999999999
2002-06-14,0.2307000999999998
2002-06-17,0.2278000999999998
2002-06-18,0.2358000999999999
2002-06-19,0.2356000999999998
2002-06-20,0.2415000999999998
2002-06-21,0.2440000999999999
2002-06-24,0.2387000999999998
2002-06-25,0.2417000999999998
2002-06-26,0.2310000999999999
2002-06-27,0.2321000999999999
2002-06-28,0.2348000999999999
2002-07-01,0.2325000999999998
2002-07-02,0.2341000999999999
2002-07-03,0.2306000999999998
2002-07-04,
2002-07-05,0.2275000999999998
2002-07-08,0.2364000999999999
2002-07-09,0.2401000999999999
2002-07-10,0.2370000999999999
2002-07-11,0.2300000999999999
2002-07-12,0.2309000999999999
2002-07-15,0.2311000999999999
2002-07-16,0.2282000999999999
2002-07-17,0.2226000999999998
2002-07-18,0.2247000999999999
2002-07-19,0.2289000999999999
2002-07-22,0.2202000999999999
2002-07-23,0.2107000999999999
2002-07-24,0.2132000999999999
2002-07-25,0.2128000999999998
2002-07-26,0.2074000999999998
2002-07-29,0.2122000999999999
2002-07-30,0.2159000999999999
2002-07-31,0.2145000999999998
2002-08-01,0.2126000999999998
2002-08-02,0.2116000999999999
2002-08-05,0.2005000999999998
2002-08-06,0.2037000999999999
2002-08-07,0.2100000999999999
2002-08-08,0.2071000999999999
2002-08-09,0.2092000999999999
2002-08-12,0.2136000999999998
2002-08-13,0.2108000999999999
2002-08-14,0.2101000999999999
2002-08-15,0.2165000999999998
2002-08-16,0.2187000999999999
2002-08-19,0.2157000999999999
2002-08-20,0.2199000999999999
2002-08-21,0.2176000999999998
2002-08-22,0.2145000999999998
2002-08-23,0.2170000999999999
2002-08-26,0.2171000999999999
2002-08-27,0.2283000999999999
2002-08-28,0.2259000999999999
2002-08-29,0.2261000999999999
2002-08-30,0.2248000999999999
2002-09-02,
2002-09-03,0.2224000999999998
2002-09-04,0.2189000999999999
2002-09-05,0.2162000999999999
2002-09-06,0.2220000999999999
2002-09-09,0.2226000999999998
2002-09-10,0.2223000999999999
2002-09-11,0.2230000999999999
2002-09-12,0.2274000999999998
2002-09-13,0.2253000999999999
2002-09-16,0.2228000999999998
2002-09-17,0.2225000999999998
2002-09-18,0.2231000999999998
2002-09-19,0.2248000999999998
2002-09-20,0.2204000999999997
2002-09-23,0.2184000999999997
2002-09-24,0.2186000999999998
2002-09-25,0.2207000999999998
2002-09-26,0.2191000999999998
2002-09-27,0.2182000999999997
2002-09-30,0.2178000999999998
2002-10-01,0.2190000999999998
2002-10-02,0.2185000999999998
2002-10-03,0.2217000999999998
2002-10-04,0.2220000999999998
2002-10-07,0.2247000999999998
2002-10-08,0.2225000999999998
2002-10-09,0.2244000999999997
2002-10-10,0.2236000999999998
2002-10-11,0.2247000999999998
2002-10-14,
2002-10-15,0.2221000999999998
2002-10-16,0.2248000999999998
2002-10-17,0.2258000999999998
2002-10-18,0.2264000999999997
2002-10-21,0.2308000999999998
2002-10-22,0.2283000999999997
2002-10-23,0.2295000999999997
2002-10-24,0.2308000999999998
2002-10-25,0.2320000999999998
2002-10-28,0.2352000999999998
2002-10-29,0.2328000999999998
2002-10-30,0.2295000999999997
2002-10-31,0.2321000999999998
2002-11-01,0.2352000999999998
2002-11-04,0.2381000999999998
2002-11-05,0.2382000999999998
2002-11-06,0.2399000999999998
2002-11-07,0.2427000999999998
2002-11-08,0.2421000999999998
2002-11-11,
2002-11-12,0.2376000999999997
2002-11-13,0.2371000999999998
2002-11-14,0.2408000999999998
2002-11-15,0.2405000999999997
2002-11-18,0.2396000999999998
2002-11-19,0.2353000999999998
2002-11-20,0.2370000999999998
2002-11-21,0.2401000999999998
2002-11-22,0.2409000999999998
2002-11-25,0.2368000999999998
2002-11-26,0.2375000999999997
2002-11-27,0.2340000999999998
2002-11-28,
2002-11-29,0.2378000999999998
2002-12-02,0.2379000999999998
2002-12-03,0.2367000999999998
2002-12-04,0.2380000999999998
2002-12-05,0.2393000999999998
2002-12-06,0.2392000999999998
2002-12-09,0.2418000999999998
2002-12-10,0.2376000999999997
2002-12-11,0.2389000999999998
2002-12-12,0.2436000999999997
2002-12-13,0.2429000999999998
2002-12-16,0.2439000999999998
2002-12-17,0.2418000999999998
2002-12-18,0.2420000999999998
2002-12-19,0.2421000999999998
2002-12-20,0.2388000999999998
2002-12-23,0.2390000999999998
2002-12-24,0.2415000999999997
2002-12-25,
2002-12-26,0.2413000999999998
2002-12-27,0.2389000999999998
2002-12-30,0.2422000999999998
2002-12-31,0.2365000999999997
2003-01-01,
2003-01-02,0.2413000999999998
2003-01-03,0.2454000999999998
2003-01-06,0.2551000999999998
2003-01-07,0.2520000999999998
2003-01-08,0.2547000999999997
2003-01-09,0.2548000999999998
2003-01-10,0.2622000999999998
2003-01-13,0.2641000999999998
2003-01-14,0.2610000999999998
2003-01-15,0.2625000999999998
2003-01-16,0.2659000999999998
2003-01-17,0.2702000999999998
2003-01-20,
2003-01-21,0.2672000999999998
2003-01-22,0.2650000999999998
2003-01-23,0.2694000999999998
2003-01-24,0.2714000999999998
2003-01-27,0.2691000999999998
2003-01-28,0.2680000999999998
2003-01-29,0.2685000999999998
2003-01-30,0.2673000999999998
2003-01-31,0.2670000999999998
2003-02-03,0.2641000999999998
2003-02-04,0.2708000999999997
2003-02-05,0.2704000999999998
2003-02-06,0.2711000999999998
2003-02-07,0.2706000999999998
2003-02-10,0.2709000999999997
2003-02-11,0.2711000999999998
2003-02-12,0.2686000999999998
2003-02-13,0.2751000999999998
2003-02-14,0.2721000999999998
2003-02-17,
2003-02-18,0.2700000999999998
2003-02-19,0.2747000999999998
2003-02-20,0.2789000999999997
2003-02-21,0.2770000999999998
2003-02-24,0.2860000999999997
2003-02-25,0.2862000999999998
2003-02-26,0.2885000999999998
2003-02-27,0.2860000999999997
2003-02-28,0.2894000999999998
2003-03-03,0.2955000999999998
2003-03-04,0.2925000999999998
2003-03-05,0.2973000999999998
2003-03-06,0.2956000999999998
2003-03-07,0.2954000999999998
2003-03-10,0.2961000999999997
2003-03-11,0.2856000999999998
2003-03-12,0.2767000999999998
2003-03-13,0.2766000999999998
2003-03-14,0.2797000999999998
2003-03-17,0.2743000999999998
2003-03-18,0.2759000999999997
2003-03-19,0.2703000999999998
2003-03-20,0.2747000999999998
2003-03-21,0.2728000999999997
2003-03-24,0.2769000999999997
2003-03-25,0.2776000999999998
2003-03-26,0.2800000999999997
2003-03-27,0.2836000999999998
2003-03-28,0.2839000999999997
2003-03-31,0.2855000999999998
2003-04-01,0.2867000999999998
2003-04-02,0.2842000999999998
2003-04-03,0.2835000999999998
2003-04-04,0.2834000999999998
2003-04-07,0.2806000999999998
2003-04-08,0.2836000999999998
2003-04-09,0.2876000999999998
2003-04-10,0.2889000999999997
2003-04-11,0.2889000999999997
2003-04-14,0.2874000999999998
2003-04-15,0.2906000999999998
2003-04-16,0.2961000999999997
2003-04-17,0.2976000999999998
2003-04-18,
2003-04-21,0.2977000999999998
2003-04-22,0.3049000999999998
2003-04-23,0.3026000999999998
2003-04-24,0.3029000999999998
2003-04-25,0.2999000999999998
2003-04-28,0.3023000999999998
2003-04-29,0.3057000999999998
2003-04-30,0.3111000999999997
2003-05-01,0.3151000999999997
2003-05-02,0.3144000999999998
2003-05-05,0.3197000999999998
2003-05-06,0.3255000999999998
2003-05-07,0.3227000999999998
2003-05-08,0.3284000999999997
2003-05-09,0.3300000999999998
2003-05-12,0.3341000999999998
2003-05-13,0.3328000999999997
2003-05-14,0.3328000999999997
2003-05-15,0.3262000999999997
2003-05-16,0.3367000999999998
2003-05-19,0.3385000999999997
2003-05-20,0.3433000999999998
2003-05-21,0.3403000999999997
2003-05-22,0.3428000999999997
2003-05-23,0.3428000999999997
2003-05-26,
2003-05-27,0.3414000999999997
2003-05-28,0.3358000999999998
2003-05-29,0.3370000999999998
2003-05-30,0.3400000999999998
2003-06-02,0.3435000999999997
2003-06-03,0.3463000999999998
2003-06-04,0.3511000999999998
2003-06-05,0.3518000999999998
2003-06-06,0.3459000999999998
2003-06-09,0.3427000999999998
2003-06-10,0.3442000999999998
2003-06-11,0.3502000999999998
2003-06-12,0.3516000999999997
2003-06-13,0.3552000999999998
2003-06-16,0.3538000999999998
2003-06-17,0.3554000999999999
2003-06-18,0.3583000999999999
2003-06-19,0.3561000999999999
2003-06-20,0.3526000999999998
2003-06-23,0.3495000999999998
2003-06-24,0.3489000999999998
2003-06-25,0.3540000999999998
2003-06-26,0.3511000999999999
2003-06-27,0.3526000999999998
2003-06-30,0.3586000999999998
2003-07-01,0.3634000999999999
2003-07-02,0.3681000999999998
2003-07-03,0.3681000999999998
2003-07-04,
2003-07-07,0.3647000999999998
2003-07-08,0.3471000999999999
2003-07-09,0.3439000999999998
2003-07-10,0.3451000999999999
2003-07-11,0.3480000999999999
2003-07-14,0.3470000999999999
2003-07-15,0.3370000999999999
2003-07-16,0.3430000999999999
2003-07-17,0.3401000999999999
2003-07-18,0.3344000999999998
2003-07-21,0.3398000999999998
2003-07-22,0.3383000999999999
2003-07-23,0.3476000999999998
2003-07-24,0.3528000999999998
2003-07-25,0.3513000999999999
2003-07-28,0.3520000999999999
2003-07-29,0.3523000999999999
2003-07-30,0.3396000999999998
2003-07-31,0.3362000999999999
2003-08-01,0.3399000999999999
2003-08-04,0.3337000999999998
2003-08-05,0.3345000999999998
2003-08-06,0.3369000999999999
2003-08-07,0.3401000999999999
2003-08-08,0.3404000999999998
2003-08-11,0.3482000999999999
2003-08-12,0.3483000999999999
2003-08-13,0.3474000999999999
2003-08-14,0.3450000999999999
2003-08-15,0.3485000999999998
2003-08-18,0.3469000999999998
2003-08-19,0.3455000999999998
2003-08-20,0.3506000999999998
2003-08-21,0.3434000999999999
2003-08-22,0.3410000999999999
2003-08-25,0.3410000999999999
2003-08-26,0.3339000999999999
2003-08-27,0.3296000999999998
2003-08-28,0.3318000999999998
2003-08-29,0.3387000999999998
2003-09-01,
2003-09-02,0.3275000999999998
2003-09-03,0.3313000999999999
2003-09-04,0.3315000999999998
2003-09-05,0.3383000999999999
2003-09-08,0.3410000999999999
2003-09-09,0.3495000999999998
2003-09-10,0.3482000999999999
2003-09-11,0.3507000999999998
2003-09-12,0.3531000999999999
2003-09-15,0.3550000999999998
2003-09-16,0.3517000999999998
2003-09-17,0.3547000999999998
2003-09-18,0.3555000999999997
2003-09-19,0.3612000999999998
2003-09-22,0.3688000999999998
2003-09-23,0.3659000999999997
2003-09-24,0.3669000999999998
2003-09-25,0.3681000999999998
2003-09-26,0.3635000999999997
2003-09-29,0.3655000999999998
2003-09-30,0.3695000999999998
2003-10-01,0.3764000999999998
2003-10-02,0.3759000999999997
2003-10-03,0.3680000999999998
2003-10-06,0.3741000999999998
2003-10-07,0.3808000999999997
2003-10-08,0.3795000999999998
2003-10-09,0.3799000999999998
2003-10-10,0.3809000999999997
2003-10-13,
2003-10-14,0.3812000999999998
2003-10-15,0.3803000999999998
2003-10-16,0.3798000999999997
2003-10-17,0.3830000999999998
2003-10-20,0.3829000999999997
2003-10-21,0.3896000999999998
2003-10-22,0.3958000999999997
2003-10-23,0.3917000999999998
2003-10-24,0.3916000999999998
2003-10-27,0.3962000999999998
2003-10-28,0.3973000999999998
2003-10-29,0.3956000999999998
2003-10-30,0.3954000999999998
2003-10-31,0.3992000999999998
2003-11-03,0.3909000999999997
2003-11-04,0.3949000999999997
2003-11-05,0.4023000999999998
2003-11-06,0.3982000999999998
2003-11-07,0.4012000999999998
2003-11-10,0.4083000999999998
2003-11-11,
2003-11-12,0.4104000999999998
2003-11-13,0.4117000999999998
2003-11-14,0.4129000999999997
2003-11-17,0.4046000999999998
2003-11-18,0.4169000999999998
2003-11-19,0.4141000999999997
2003-11-20,0.4156000999999998
2003-11-21,0.4169000999999998
2003-11-24,0.4108000999999998
2003-11-25,0.4117000999999998
2003-11-26,0.4162000999999998
2003-11-27,
2003-11-28,0.4175000999999998
2003-12-01,0.4211000999999997
2003-12-02,0.4247000999999998
2003-12-03,0.4297000999999998
2003-12-04,0.4295000999999998
2003-12-05,0.4305000999999998
2003-12-08,0.4344000999999998
2003-12-09,0.4358000999999998
2003-12-10,0.4344000999999998
2003-12-11,0.4341000999999997
2003-12-12,0.4379000999999998
2003-12-15,0.4379000999999998
2003-12-16,0.4378000999999998
2003-12-17,0.4328000999999998
2003-12-18,0.4362000999999997
2003-12-19,0.4314000999999997
2003-12-22,0.4281000999999997
2003-12-23,0.4306000999999997
2003-12-24,0.4375000999999997
2003-12-25,
2003-12-26,0.4368000999999998
2003-12-29,0.4390000999999998
2003-12-30,0.4447000999999997
2003-12-31,0.4478000999999998
2004-01-01,
2004-01-02,0.4550000999999998
2004-01-05,0.4643000999999997
2004-01-06,0.4659000999999997
2004-01-07,0.4644000999999997
2004-01-08,0.4709000999999997
2004-01-09,0.4730000999999998
2004-01-12,0.4738000999999997
2004-01-13,0.4740000999999998
2004-01-14,0.4725000999999997
2004-01-15,0.4675000999999997
2004-01-16,0.4601000999999998
2004-01-19,
2004-01-20,0.4636000999999997
2004-01-21,0.4695000999999997
2004-01-22,0.4766000999999997
2004-01-23,0.4707000999999997
2004-01-26,0.4678000999999997
2004-01-27,0.4773000999999998
2004-01-28,0.4717000999999997
2004-01-29,0.4595000999999997
2004-01-30,0.4620000999999998
2004-02-02,0.4558000999999997
2004-02-03,0.4635000999999997
2004-02-04,0.4601000999999998
2004-02-05,0.4601000999999998
2004-02-06,0.4684000999999997
2004-02-09,0.4746000999999997
2004-02-10,0.4799000999999997
2004-02-11,0.4875000999999997
2004-02-12,0.4879000999999997
2004-02-13,0.4882000999999998
2004-02-16,
2004-02-17,0.4979000999999997
2004-02-18,0.4898000999999997
2004-02-19,0.4912000999999998
2004-02-20,0.4677000999999997
2004-02-23,0.4702000999999998
2004-02-24,0.4802000999999998
2004-02-25,0.4724000999999997
2004-02-26,0.4718000999999997
2004-02-27,0.4745000999999997
2004-03-01,0.4723000999999998
2004-03-02,0.4646000999999997
2004-03-03,0.4519000999999998
2004-03-04,0.4523000999999997
2004-03-05,0.4607000999999997
2004-03-08,0.4595000999999997
2004-03-09,0.4607000999999997
2004-03-10,0.4523000999999997
2004-03-11,0.4410000999999998
2004-03-12,0.4344000999999997
2004-03-15,0.4343000999999997
2004-03-16,0.4396000999999997
2004-03-17,0.4398000999999998
2004-03-18,0.4507000999999997
2004-03-19,0.4471000999999998
2004-03-22,0.4518000999999998
2004-03-23,0.4515000999999997
2004-03-24,0.4439000999999998
2004-03-25,0.4383000999999997
2004-03-26,0.4457000999999997
2004-03-29,0.4461000999999998
2004-03-30,0.4531000999999998
2004-03-31,0.4652000999999998
2004-04-01,0.4691000999999998
2004-04-02,0.4575000999999997
2004-04-05,0.4522000999999997
2004-04-06,0.4626000999999997
2004-04-07,0.4663000999999998
2004-04-08,0.4625000999999997
2004-04-09,
2004-04-12,0.4666000999999997
2004-04-13,0.4557000999999997
2004-04-14,0.4348000999999998
2004-04-15,0.4420000999999998
2004-04-16,0.4450000999999998
2004-04-19,0.4465000999999997
2004-04-20,0.4369000999999998
2004-04-21,0.4308000999999998
2004-04-22,0.4349000999999998
2004-04-23,0.4335000999999997
2004-04-26,0.4358000999999998
2004-04-27,0.4367000999999998
2004-04-28,0.4246000999999998
2004-04-29,0.4242000999999997
2004-04-30,0.4247000999999998
2004-05-03,0.4245000999999997
2004-05-04,0.4331000999999997
2004-05-05,0.4359000999999998
2004-05-06,0.4253000999999998
2004-05-07,0.4082000999999997
2004-05-10,0.3994000999999998
2004-05-11,0.3989000999999997
2004-05-12,0.3997000999999998
2004-05-13,0.3925000999999998
2004-05-14,0.3958000999999997
2004-05-17,0.3882000999999997
2004-05-18,0.3911000999999997
2004-05-19,0.4029000999999997
2004-05-20,0.3985000999999998
2004-05-21,0.4033000999999998
2004-05-24,0.4029000999999997
2004-05-25,0.4134000999999997
2004-05-26,0.4118000999999998
2004-05-27,0.4230000999999997
2004-05-28,0.4187000999999998
2004-05-31,
2004-06-01,0.4129000999999997
2004-06-02,0.4002000999999997
2004-06-03,0.3937000999999998
2004-06-04,0.4013000999999997
2004-06-07,0.4126000999999998
2004-06-08,0.4052000999999997
2004-06-09,0.3954000999999998
2004-06-10,0.4042000999999997
2004-06-11,0.4042000999999997
2004-06-14,0.3968000999999997
2004-06-15,0.4089000999999999
2004-06-16,0.3974000999999998
2004-06-17,0.3951000999999998
2004-06-18,0.4002000999999998
2004-06-21,0.4009000999999998
2004-06-22,0.3979000999999997
2004-06-23,0.3987000999999998
2004-06-24,0.4111000999999998
2004-06-25,0.4110000999999998
2004-06-28,0.4114000999999998
2004-06-29,0.4009000999999998
2004-06-30,0.4079000999999997
2004-07-01,0.4172000999999998
2004-07-02,0.4252000999999998
2004-07-05,
2004-07-06,0.4260000999999997
2004-07-07,0.4351000999999997
2004-07-08,0.4319000999999998
2004-07-09,0.4348000999999998
2004-07-12,0.4399000999999998
2004-07-13,0.4387000999999998
2004-07-14,0.4369000999999998
2004-07-15,0.4348000999999998
2004-07-16,0.4443000999999998
2004-07-19,0.4444000999999998
2004-07-20,0.4412000999999999
2004-07-21,0.4263000999999998
2004-07-22,0.4278000999999998
2004-07-23,0.4225000999999998
2004-07-26,0.4226000999999998
2004-07-27,0.4120000999999998
2004-07-28,0.4129000999999997
2004-07-29,0.4110000999999998
2004-07-30,0.4148000999999998
2004-08-02,0.4173000999999998
2004-08-03,0.4196000999999998
2004-08-04,0.4183000999999998
2004-08-05,0.4185000999999998
2004-08-06,0.4279000999999998
2004-08-09,0.4310000999999998
2004-08-10,0.4245000999999998
2004-08-11,0.4284000999999998
2004-08-12,0.4297000999999998
2004-08-13,0.4315000999999998
2004-08-16,0.4338000999999998
2004-08-17,0.4300000999999998
2004-08-18,0.4308000999999998
2004-08-19,0.4401000999999997
2004-08-20,0.4381000999999997
2004-08-23,0.4290000999999998
2004-08-24,0.4190000999999997
2004-08-25,0.4227000999999998
2004-08-26,0.4194000999999998
2004-08-27,0.4195000999999998
2004-08-30,0.4142000999999998
2004-08-31,0.4196000999999998
2004-09-01,0.4197000999999998
2004-09-02,0.4113000999999998
2004-09-03,0.4054000999999998
2004-09-06,
2004-09-07,0.4105000999999998
2004-09-08,0.4130000999999998
2004-09-09,0.4048000999999998
2004-09-10,0.4130000999999998
2004-09-13,0.4124000999999998
2004-09-14,0.4190000999999997
2004-09-15,0.4123000999999998
2004-09-16,0.4159000999999998
2004-09-17,0.4158000999999998
2004-09-20,0.4178000999999998
2004-09-21,0.4211000999999997
2004-09-22,0.4240000999999997
2004-09-23,0.4322000999999997
2004-09-24,0.4321000999999997
2004-09-27,0.4306000999999998
2004-09-28,0.4355000999999998
2004-09-29,0.4349000999999998
2004-09-30,0.4466000999999998
2004-10-01,0.4445000999999997
2004-10-04,0.4418000999999998
2004-10-05,0.4436000999999998
2004-10-06,0.4420000999999998
2004-10-07,0.4468000999999998
2004-10-08,0.4548000999999998
2004-10-11,
2004-10-12,0.4504000999999997
2004-10-13,0.4456000999999998
2004-10-14,0.4497000999999998
2004-10-15,0.4501000999999998
2004-10-18,0.4454000999999997
2004-10-19,0.4466000999999998
2004-10-20,0.4539000999999998
2004-10-21,0.4583000999999997
2004-10-22,0.4594000999999997
2004-10-25,0.4665000999999997
2004-10-26,0.4656000999999997
2004-10-27,0.4647000999999997
2004-10-28,0.4647000999999997
2004-10-29,0.4686000999999997
2004-11-01,0.4671000999999998
2004-11-02,0.4659000999999998
2004-11-03,0.4764000999999997
2004-11-04,0.4779000999999998
2004-11-05,0.4833000999999998
2004-11-08,0.4780000999999998
2004-11-09,0.4816000999999997
2004-11-10,0.4809000999999998
2004-11-11,0.4809000999999998
2004-11-12,0.4912000999999998
2004-11-15,0.4950000999999998
2004-11-16,0.4940000999999998
2004-11-17,0.5042000999999998
2004-11-18,0.5004000999999998
2004-11-19,0.5063000999999997
2004-11-22,0.5042000999999998
2004-11-23,0.5078000999999998
2004-11-24,0.5093000999999997
2004-11-25,
2004-11-26,0.5124000999999998
2004-11-29,0.5069000999999997
2004-11-30,0.4954000999999998
2004-12-01,0.4982000999999998
2004-12-02,0.4982000999999998
2004-12-03,0.5035000999999998
2004-12-06,0.4969000999999997
2004-12-07,0.4976000999999997
2004-12-08,0.4789000999999998
2004-12-09,0.4794000999999998
2004-12-10,0.4747000999999997
2004-12-13,0.4801000999999998
2004-12-14,0.4776000999999997
2004-12-15,0.4847000999999997
2004-12-16,0.4775000999999996
2004-12-17,0.4850000999999997
2004-12-20,0.4848000999999997
2004-12-21,0.4874000999999998
2004-12-22,0.4860000999999997
2004-12-23,0.4885000999999997
2004-12-24,
2004-12-27,0.4996000999999997
2004-12-28,0.5016000999999998
2004-12-29,0.4953000999999998
2004-12-30,0.5021000999999997
2004-12-31,0.5055000999999998
2005-01-03,0.5017000999999998
2005-01-04,0.4869000999999997
2005-01-05,0.4875000999999996
2005-01-06,0.4827000999999997
2005-01-07,0.4784000999999998
2005-01-10,0.4810000999999997
2005-01-11,0.4845000999999997
2005-01-12,0.4903000999999998
2005-01-13,0.4897000999999997
2005-01-14,0.4821000999999998
2005-01-17,0.4821000999999998
2005-01-18,0.4798000999999997
2005-01-19,0.4833000999999998
2005-01-20,0.4837000999999997
2005-01-21,0.4926000999999997
2005-01-24,0.4943000999999998
2005-01-25,0.4882000999999998
2005-01-26,0.4972000999999998
2005-01-27,0.5003000999999998
2005-01-28,0.4982000999999998
2005-01-31,0.4991000999999997
2005-02-01,0.4995000999999998
2005-02-02,0.5029000999999997
2005-02-03,0.4948000999999997
2005-02-04,0.4940000999999997
2005-02-07,0.4937000999999997
2005-02-08,0.4911000999999997
2005-02-09,0.4953000999999998
2005-02-10,0.5082000999999997
2005-02-11,0.5110000999999997
2005-02-14,0.5129000999999997
2005-02-15,0.5124000999999998
2005-02-16,0.5098000999999998
2005-02-17,0.5131000999999997
2005-02-18,0.5132000999999997
2005-02-21,
2005-02-22,0.5206000999999998
2005-02-23,0.5135000999999998
2005-02-24,0.5124000999999998
2005-02-25,0.5123000999999998
2005-02-28,0.5179000999999998
2005-03-01,0.5120000999999997
2005-03-02,0.5095000999999997
2005-03-03,0.5093000999999998
2005-03-04,0.5166000999999998
2005-03-07,0.5181000999999997
2005-03-08,0.5249000999999998
2005-03-09,0.5194000999999998
2005-03-10,0.5168000999999998
2005-03-11,0.5188000999999998
2005-03-14,0.5139000999999997
2005-03-15,0.5169000999999998
2005-03-16,0.5199000999999998
2005-03-17,0.5180000999999999
2005-03-18,0.5211000999999998
2005-03-21,0.5125000999999998
2005-03-22,0.5110000999999998
2005-03-23,0.4976000999999997
2005-03-24,0.4982000999999998
2005-03-25,
2005-03-28,0.4939000999999998
2005-03-29,0.4986000999999997
2005-03-30,0.4979000999999998
2005-03-31,0.4997000999999997
2005-04-01,0.4977000999999997
2005-04-04,0.4953000999999998
2005-04-05,0.4966000999999997
2005-04-06,0.4933000999999998
2005-04-07,0.4944000999999998
2005-04-08,0.4999000999999998
2005-04-11,0.5033000999999998
2005-04-12,0.5028000999999998
2005-04-13,0.5064000999999998
2005-04-14,0.4998000999999997
2005-04-15,0.4970000999999998
2005-04-18,0.4949000999999998
2005-04-19,0.4970000999999998
2005-04-20,0.5042000999999998
2005-04-21,0.5042000999999998
2005-04-22,0.5109000999999997
2005-04-25,0.5086000999999998
2005-04-26,0.5058000999999998
2005-04-27,0.5047000999999998
2005-04-28,0.5075000999999998
2005-04-29,0.5098000999999998
2005-05-02,0.5088000999999998
2005-05-03,0.5025000999999998
2005-05-04,0.5102000999999998
2005-05-05,0.5100000999999998
2005-05-06,0.5039000999999999
2005-05-09,0.5017000999999998
2005-05-10,0.5054000999999998
2005-05-11,0.5038000999999998
2005-05-12,0.4953000999999998
2005-05-13,0.4901000999999998
2005-05-16,0.4855000999999997
2005-05-17,0.4857000999999997
2005-05-18,0.4910000999999998
2005-05-19,0.4882000999999998
2005-05-20,0.4855000999999997
2005-05-23,0.4893000999999998
2005-05-24,0.4936000999999997
2005-05-25,0.4922000999999997
2005-05-26,0.4897000999999997
2005-05-27,0.4938000999999997
2005-05-30,0.4938000999999997
2005-05-31,0.4863000999999998
2005-06-01,0.4805000999999997
2005-06-02,0.4854000999999998
2005-06-03,0.4873000999999998
2005-06-06,0.4964000999999998
2005-06-07,0.5005000999999998
2005-06-08,0.4956000999999997
2005-06-09,0.4984000999999998
2005-06-10,0.4924000999999998
2005-06-13,0.4932000999999998
2005-06-14,0.4970000999999998
2005-06-15,0.5020000999999998
2005-06-16,0.5067000999999999
2005-06-17,0.5108000999999999
2005-06-20,0.5083000999999998
2005-06-21,0.5134000999999998
2005-06-22,0.5120000999999998
2005-06-23,0.5052000999999998
2005-06-24,0.5004000999999998
2005-06-27,0.5030000999999998
2005-06-28,0.4964000999999998
2005-06-29,0.4953000999999998
2005-06-30,0.4933000999999998
2005-07-01,0.4844000999999999
2005-07-04,0.4844000999999999
2005-07-05,0.4757000999999998
2005-07-06,0.4741000999999998
2005-07-07,0.4729000999999998
2005-07-08,0.4756000999999998
2005-07-11,0.4813000999999998
2005-07-12,0.4909000999999998
2005-07-13,0.4836000999999998
2005-07-14,0.4858000999999998
2005-07-15,0.4837000999999998
2005-07-18,0.4892000999999998
2005-07-19,0.4861000999999998
2005-07-20,0.4910000999999998
2005-07-21,0.5002000999999998
2005-07-22,0.4997000999999998
2005-07-25,0.4979000999999997
2005-07-26,0.4932000999999998
2005-07-27,0.4905000999999999
2005-07-28,0.4945000999999999
2005-07-29,0.4920000999999998
2005-08-01,0.4971000999999998
2005-08-02,0.5009000999999998
2005-08-03,0.5074000999999998
2005-08-04,0.5079000999999997
2005-08-05,0.5029000999999997
2005-08-08,0.5004000999999998
2005-08-09,0.4957000999999998
2005-08-10,0.5009000999999998
2005-08-11,0.5094000999999998
2005-08-12,0.5078000999999999
2005-08-15,0.5034000999999998
2005-08-16,0.5045000999999998
2005-08-17,0.4958000999999998
2005-08-18,0.4879000999999997
2005-08-19,0.4863000999999998
2005-08-22,0.4906000999999999
2005-08-23,0.4914000999999998
2005-08-24,0.4924000999999998
2005-08-25,0.4961000999999998
2005-08-26,0.4915000999999999
2005-08-29,0.4887000999999998
2005-08-30,0.4841000999999998
2005-08-31,0.4897000999999998
2005-09-01,0.4995000999999998
2005-09-02,0.5011000999999998
2005-09-05,
2005-09-06,0.5050000999999998
2005-09-07,0.5035000999999998
2005-09-08,0.5091000999999998
2005-09-09,0.5106000999999999
2005-09-12,0.5069000999999999
2005-09-13,0.5054000999999998
2005-09-14,0.5079000999999997
2005-09-15,0.5030000999999997
2005-09-16,0.5046000999999997
2005-09-19,0.5034000999999997
2005-09-20,0.5050000999999997
2005-09-21,0.5066000999999997
2005-09-22,0.4997000999999997
2005-09-23,0.4944000999999997
2005-09-26,0.4934000999999997
2005-09-27,0.4932000999999997
2005-09-28,0.4960000999999997
2005-09-29,0.4980000999999997
2005-09-30,0.5002000999999997
2005-10-03,0.5005000999999997
2005-10-04,0.5012000999999997
2005-10-05,0.4942000999999997
2005-10-06,0.4960000999999997
2005-10-07,0.4942000999999997
2005-10-10,0.4973000999999997
2005-10-11,0.4904000999999997
2005-10-12,0.4934000999999997
2005-10-13,0.4879000999999997
2005-10-14,0.4897000999999997
2005-10-17,0.4873000999999997
2005-10-18,0.4866000999999997
2005-10-19,0.4875000999999996
2005-10-20,0.4906000999999996
2005-10-21,0.4869000999999997
2005-10-24,0.4882000999999997
2005-10-25,0.4956000999999996
2005-10-26,0.4935000999999996
2005-10-27,0.4963000999999997
2005-10-28,0.4881000999999997
2005-10-31,0.4868000999999997
2005-11-01,0.4835000999999996
2005-11-02,0.4817000999999997
2005-11-03,0.4775000999999997
2005-11-04,0.4725000999999997
2005-11-07,0.4727000999999997
2005-11-08,0.4743000999999996
2005-11-09,0.4767000999999997
2005-11-10,0.4690000999999997
2005-11-11,0.4690000999999997
2005-11-14,0.4670000999999997
2005-11-15,0.4725000999999997
2005-11-16,0.4712000999999997
2005-11-17,0.4736000999999997
2005-11-18,0.4725000999999997
2005-11-21,0.4757000999999997
2005-11-22,0.4775000999999997
2005-11-23,0.4772000999999997
2005-11-24,0.4772000999999997
2005-11-25,0.4749000999999997
2005-11-28,0.4826000999999997
2005-11-29,0.4775000999999997
2005-11-30,0.4789000999999997
2005-12-01,0.4816000999999997
2005-12-02,0.4886000999999997
2005-12-05,0.4914000999999997
2005-12-06,0.4940000999999997
2005-12-07,0.4877000999999997
2005-12-08,0.4892000999999997
2005-12-09,0.4903000999999997
2005-12-12,0.4950000999999997
2005-12-13,0.4944000999999997
2005-12-14,0.4958000999999997
2005-12-15,0.4873000999999997
2005-12-16,0.4842000999999997
2005-12-19,0.4806000999999997
2005-12-20,0.4735000999999997
2005-12-21,0.4738000999999997
2005-12-22,0.4714000999999997
2005-12-23,0.4685000999999997
2005-12-26,
2005-12-27,0.4641000999999997
2005-12-28,0.4693000999999996
2005-12-29,0.4736000999999997
2005-12-30,0.4745000999999997
2006-01-02,
2006-01-03,0.4811000999999997
2006-01-04,0.4883000999999997
2006-01-05,0.4887000999999997
2006-01-06,0.4955000999999996
2006-01-09,0.4951000999999997
2006-01-10,0.4903000999999997
2006-01-11,0.4959000999999997
2006-01-12,0.4922000999999997
2006-01-13,0.4952000999999997
2006-01-16,0.4952000999999997
2006-01-17,0.4931000999999997
2006-01-18,0.4893000999999997
2006-01-19,0.4881000999999997
2006-01-20,0.4897000999999997
2006-01-23,0.4941000999999997
2006-01-24,0.4926000999999997
2006-01-25,0.4945000999999996
2006-01-26,0.4937000999999997
2006-01-27,0.4929000999999997
2006-01-30,0.4894000999999996
2006-01-31,0.4985000999999996
2006-02-01,0.4943000999999997
2006-02-02,0.4955000999999996
2006-02-03,0.4899000999999997
2006-02-06,0.4831000999999997
2006-02-07,0.4818000999999997
2006-02-08,0.4801000999999997
2006-02-09,0.4806000999999997
2006-02-10,0.4787000999999997
2006-02-13,0.4801000999999997
2006-02-14,0.4827000999999997
2006-02-15,0.4793000999999997
2006-02-16,0.4803000999999997
2006-02-17,0.4793000999999997
2006-02-20,0.4833000999999997
2006-02-21,0.4813000999999997
2006-02-22,0.4782000999999997
2006-02-23,0.4804000999999996
2006-02-24,0.4810000999999998
2006-02-27,0.4790000999999997
2006-02-28,0.4847000999999997
2006-03-01,0.4862000999999997
2006-03-02,0.4902000999999997
2006-03-03,0.4860000999999998
2006-03-06,0.4819000999999997
2006-03-07,0.4750000999999997
2006-03-08,0.4751000999999997
2006-03-09,0.4761000999999997
2006-03-10,0.4737000999999997
2006-03-13,0.4744000999999997
2006-03-14,0.4772000999999998
2006-03-15,0.4788000999999997
2006-03-16,0.4779000999999997
2006-03-17,0.4673000999999998
2006-03-20,0.4606000999999998
2006-03-21,0.4578000999999997
2006-03-22,0.4607000999999997
2006-03-23,0.4552000999999998
2006-03-24,0.4493000999999997
2006-03-27,0.4459000999999998
2006-03-28,0.4453000999999997
2006-03-29,0.4477000999999997
2006-03-30,0.4556000999999998
2006-03-31,0.4573000999999997
2006-04-03,0.4563000999999997
2006-04-04,0.4614000999999997
2006-04-05,0.4698000999999997
2006-04-06,0.4715000999999997
2006-04-07,0.4671000999999998
2006-04-10,0.4695000999999997
2006-04-11,0.4744000999999997
2006-04-12,0.4729000999999997
2006-04-13,0.4677000999999997
2006-04-14,
2006-04-17,0.4789000999999997
2006-04-18,0.4824000999999998
2006-04-19,0.4882000999999998
2006-04-20,0.4786000999999997
2006-04-21,0.4868000999999997
2006-04-24,0.4851000999999998
2006-04-25,0.4865000999999997
2006-04-26,0.4939000999999997
2006-04-27,0.4976000999999996
2006-04-28,0.5006000999999998
2006-05-01,0.5025000999999998
2006-05-02,0.5033000999999998
2006-05-03,0.5118000999999998
2006-05-04,0.5130000999999997
2006-05-05,0.5136000999999998
2006-05-08,0.5098000999999998
2006-05-09,0.5148000999999998
2006-05-10,0.5171000999999997
2006-05-11,0.5183000999999997
2006-05-12,0.5151000999999997
2006-05-15,0.5019000999999997
2006-05-16,0.5099000999999997
2006-05-17,0.5007000999999998
2006-05-18,0.5046000999999998
2006-05-19,0.4984000999999998
2006-05-22,0.4944000999999998
2006-05-23,0.5001000999999997
2006-05-24,0.4942000999999998
2006-05-25,0.5022000999999998
2006-05-26,0.4995000999999998
2006-05-29,0.4995000999999998
2006-05-30,0.5041000999999997
2006-05-31,0.4934000999999998
2006-06-01,0.4888000999999997
2006-06-02,0.4932000999999998
2006-06-05,0.4919000999999997
2006-06-06,0.4813000999999998
2006-06-07,0.4821000999999998
2006-06-08,0.4820000999999997
2006-06-09,0.4894000999999998
2006-06-12,0.4884000999999998
2006-06-13,0.4785000999999997
2006-06-14,0.4766000999999997
2006-06-15,0.4824000999999998
2006-06-16,0.4800000999999998
2006-06-19,0.4782000999999998
2006-06-20,0.4793000999999998
2006-06-21,0.4807000999999997
2006-06-22,0.4763000999999998
2006-06-23,0.4736000999999997
2006-06-26,0.4739000999999998
2006-06-27,0.4753000999999998
2006-06-28,0.4707000999999997
2006-06-29,0.4800000999999998
2006-06-30,0.4853000999999998
2006-07-03,0.4850000999999998
2006-07-04,0.4850000999999998
2006-07-05,0.4835000999999997
2006-07-06,0.4880000999999998
2006-07-07,0.4942000999999998
2006-07-10,0.4889000999999997
2006-07-11,0.4942000999999998
2006-07-12,0.4946000999999997
2006-07-13,0.4964000999999998
2006-07-14,0.4950000999999997
2006-07-17,0.4895000999999997
2006-07-18,0.4880000999999998
2006-07-19,0.4915000999999999
2006-07-20,0.4943000999999998
2006-07-21,0.4946000999999997
2006-07-24,0.4962000999999998
2006-07-25,0.4949000999999997
2006-07-26,0.5034000999999998
2006-07-27,0.5041000999999998
2006-07-28,0.5091000999999997
2006-07-31,0.5081000999999997
2006-08-01,0.5081000999999997
2006-08-02,0.5060000999999997
2006-08-03,0.5029000999999997
2006-08-04,0.5070000999999997
2006-08-07,0.5051000999999997
2006-08-08,0.5040000999999997
2006-08-09,0.5078000999999998
2006-08-10,0.5096000999999998
2006-08-11,0.5077000999999998
2006-08-14,0.5014000999999998
2006-08-15,0.5067000999999998
2006-08-16,0.5104000999999998
2006-08-17,0.5028000999999998
2006-08-18,0.5002000999999998
2006-08-21,0.5054000999999998
2006-08-22,0.5040000999999997
2006-08-23,0.5055000999999998
2006-08-24,0.5038000999999998
2006-08-25,0.4983000999999998
2006-08-28,0.5017000999999998
2006-08-29,0.5061000999999997
2006-08-30,0.5055000999999998
2006-08-31,0.5058000999999998
2006-09-01,0.5090000999999997
2006-09-04,
2006-09-05,0.5138000999999998
2006-09-06,0.5091000999999997
2006-09-07,0.5011000999999998
2006-09-08,0.4960000999999997
2006-09-11,0.4931000999999998
2006-09-12,0.4927000999999997
2006-09-13,0.4953000999999998
2006-09-14,0.4970000999999997
2006-09-15,0.4948000999999997
2006-09-18,0.4975000999999998
2006-09-19,0.4951000999999997
2006-09-20,0.4948000999999997
2006-09-21,0.4996000999999997
2006-09-22,0.4923000999999997
2006-09-25,0.4962000999999997
2006-09-26,0.4958000999999997
2006-09-27,0.4936000999999997
2006-09-28,0.4914000999999998
2006-09-29,0.4883000999999997
2006-10-02,0.4912000999999997
2006-10-03,0.4859000999999997
2006-10-04,0.4883000999999997
2006-10-05,0.4887000999999997
2006-10-06,0.4854000999999998
2006-10-09,0.4854000999999998
2006-10-10,0.4860000999999997
2006-10-11,0.4854000999999998
2006-10-12,0.4938000999999997
2006-10-13,0.4944000999999997
2006-10-16,0.4967000999999997
2006-10-17,0.4956000999999997
2006-10-18,0.4974000999999997
2006-10-19,0.5026000999999998
2006-10-20,0.5018000999999997
2006-10-23,0.4998000999999997
2006-10-24,0.5008000999999997
2006-10-25,0.5045000999999998
2006-10-26,0.5071000999999997
2006-10-27,0.5121000999999997
2006-10-30,0.5126000999999998
2006-10-31,0.5176000999999998
2006-11-01,0.5196000999999997
2006-11-02,0.5175000999999997
2006-11-03,0.5131000999999997
2006-11-06,0.5148000999999998
2006-11-07,0.5176000999999998
2006-11-08,0.5145000999999997
2006-11-09,0.5108000999999998
2006-11-10,0.5102000999999997
2006-11-13,0.5058000999999998
2006-11-14,0.5085000999999997
2006-11-15,0.5081000999999997
2006-11-16,0.5100000999999997
2006-11-17,0.5121000999999997
2006-11-20,0.5131000999999997
2006-11-21,0.5146000999999998
2006-11-22,0.5193000999999997
2006-11-23,0.5182000999999997
2006-11-24,0.5222000999999997
2006-11-27,0.5226000999999997
2006-11-28,0.5269000999999996
2006-11-29,0.5275000999999997
2006-11-30,0.5329000999999998
2006-12-01,0.5324000999999997
2006-12-04,0.5336000999999997
2006-12-05,0.5303000999999997
2006-12-06,0.5293000999999997
2006-12-07,0.5324000999999997
2006-12-08,0.5290000999999998
2006-12-11,0.5289000999999998
2006-12-12,0.5299000999999997
2006-12-13,0.5300000999999998
2006-12-14,0.5268000999999998
2006-12-15,0.5261000999999998
2006-12-18,0.5243000999999998
2006-12-19,0.5281000999999999
2006-12-20,0.5301000999999999
2006-12-21,0.5288000999999998
2006-12-22,0.5284000999999998
2006-12-25,
2006-12-26,0.5266000999999998
2006-12-27,0.5289000999999999
2006-12-28,0.5352000999999998
2006-12-29,0.5337000999999998
2007-01-01,
2007-01-02,0.5407000999999998
2007-01-03,0.5358000999999998
2007-01-04,0.5289000999999999
2007-01-05,0.5234000999999998
2007-01-08,0.5246000999999998
2007-01-09,0.5255000999999998
2007-01-10,0.5217000999999998
2007-01-11,0.5257000999999998
2007-01-12,0.5279000999999999
2007-01-15,0.5288000999999998
2007-01-16,0.5278000999999998
2007-01-17,0.5315000999999998
2007-01-18,0.5343000999999998
2007-01-19,0.5345000999999998
2007-01-22,0.5324000999999998
2007-01-23,0.5376000999999998
2007-01-24,0.5261000999999998
2007-01-25,0.5182000999999998
2007-01-26,0.5185000999999998
2007-01-29,0.5176000999999998
2007-01-30,0.5178000999999999
2007-01-31,0.5220000999999999
2007-02-01,0.5191000999999998
2007-02-02,0.5201000999999998
2007-02-05,0.5208000999999999
2007-02-06,0.5228000999999998
2007-02-07,0.5241000999999998
2007-02-08,0.5266000999999998
2007-02-09,0.5217000999999998
2007-02-12,0.5172000999999998
2007-02-13,0.5250000999999999
2007-02-14,0.5294000999999998
2007-02-15,0.5299000999999999
2007-02-16,0.5324000999999998
2007-02-19,0.5322000999999998
2007-02-20,0.5320000999999999
2007-02-21,0.5372000999999998
2007-02-22,0.5347000999999998
2007-02-23,0.5377000999999998
2007-02-26,0.5394000999999998
2007-02-27,0.5336000999999998
2007-02-28,0.5333000999999998
2007-03-01,0.5308000999999998
2007-03-02,0.5278000999999998
2007-03-05,0.5164000999999998
2007-03-06,0.5208000999999999
2007-03-07,0.5229000999999999
2007-03-08,0.5231000999999998
2007-03-09,0.5260000999999999
2007-03-12,0.5320000999999999
2007-03-13,0.5277000999999998
2007-03-14,0.5328000999999998
2007-03-15,0.5353000999999997
2007-03-16,0.5426000999999997
2007-03-19,0.5459000999999998
2007-03-20,0.5493000999999997
2007-03-21,0.5538000999999997
2007-03-22,0.5526000999999997
2007-03-23,0.5508000999999997
2007-03-26,0.5557000999999997
2007-03-27,0.5544000999999997
2007-03-28,0.5511000999999998
2007-03-29,0.5524000999999997
2007-03-30,0.5549000999999997
2007-04-02,0.5629000999999997
2007-04-03,0.5590000999999997
2007-04-04,0.5654000999999997
2007-04-05,0.5664000999999997
2007-04-06,0.5625000999999997
2007-04-09,0.5630000999999997
2007-04-10,0.5731000999999997
2007-04-11,0.5706000999999997
2007-04-12,0.5751000999999997
2007-04-13,0.5801000999999997
2007-04-16,0.5794000999999998
2007-04-17,0.5832000999999998
2007-04-18,0.5849000999999997
2007-04-19,0.5821000999999997
2007-04-20,0.5838000999999997
2007-04-23,0.5789000999999997
2007-04-24,0.5746000999999997
2007-04-25,0.5800000999999998
2007-04-26,0.5734000999999997
2007-04-27,0.5770000999999998
2007-04-30,0.5772000999999998
2007-05-01,0.5757000999999997
2007-05-02,0.5721000999999998
2007-05-03,0.5711000999999998
2007-05-04,0.5680000999999997
2007-05-07,0.5718000999999997
2007-05-08,0.5761000999999997
2007-05-09,0.5748000999999997
2007-05-10,0.5742000999999998
2007-05-11,0.5789000999999997
2007-05-14,0.5794000999999998
2007-05-15,0.5797000999999997
2007-05-16,0.5718000999999997
2007-05-17,0.5709000999999997
2007-05-18,0.5706000999999997
2007-05-21,0.5693000999999998
2007-05-22,0.5665000999999997
2007-05-23,0.5711000999999998
2007-05-24,0.5665000999999997
2007-05-25,0.5658000999999997
2007-05-28,0.5672000999999998
2007-05-29,0.5663000999999998
2007-05-30,0.5713000999999998
2007-05-31,0.5757000999999997
2007-06-01,0.5806000999999997
2007-06-04,0.5820000999999998
2007-06-05,0.5852000999999998
2007-06-06,0.5887000999999997
2007-06-07,0.5886000999999997
2007-06-08,0.5928000999999997
2007-06-11,0.5919000999999997
2007-06-12,0.5885000999999997
2007-06-13,0.5885000999999997
2007-06-14,0.5840000999999997
2007-06-15,0.5903000999999997
2007-06-18,0.5912000999999997
2007-06-19,0.5952000999999997
2007-06-20,0.5928000999999997
2007-06-21,0.5958000999999997
2007-06-22,0.5958000999999997
2007-06-25,0.5958000999999997
2007-06-26,0.5941000999999997
2007-06-27,0.5869000999999997
2007-06-28,0.5953000999999997
2007-06-29,0.5980000999999997
2007-07-02,0.6073000999999997
2007-07-03,0.6027000999999996
2007-07-04,0.6068000999999997
2007-07-05,0.6045000999999997
2007-07-06,0.6071000999999997
2007-07-09,0.6087000999999996
2007-07-10,0.6109000999999997
2007-07-11,0.6112000999999997
2007-07-12,0.6153000999999997
2007-07-13,0.6200000999999997
2007-07-16,0.6210000999999997
2007-07-17,0.6217000999999996
2007-07-18,0.6269000999999996
2007-07-19,0.6292000999999997
2007-07-20,0.6292000999999997
2007-07-23,0.6325000999999997
2007-07-24,0.6311000999999997
2007-07-25,0.6325000999999997
2007-07-26,0.6201000999999997
2007-07-27,0.6008000999999997
2007-07-30,0.6052000999999997
2007-07-31,0.6009000999999997
2007-08-01,0.6050000999999997
2007-08-02,0.6083000999999997
2007-08-03,0.6039000999999997
2007-08-06,0.6077000999999996
2007-08-07,0.6036000999999996
2007-08-08,0.6119000999999997
2007-08-09,0.5994000999999998
2007-08-10,0.5943000999999997
2007-08-13,0.5920000999999997
2007-08-14,0.5844000999999998
2007-08-15,0.5696000999999997
2007-08-16,0.5405000999999997
2007-08-17,0.5457000999999997
2007-08-20,0.5555000999999997
2007-08-21,0.5515000999999997
2007-08-22,0.5566000999999997
2007-08-23,0.5709000999999997
2007-08-24,0.5759000999999997
2007-08-27,0.5778000999999997
2007-08-28,0.5643000999999996
2007-08-29,0.5715000999999997
2007-08-30,0.5657000999999997
2007-08-31,0.5664000999999996
2007-09-03,0.5705000999999997
2007-09-04,0.5747000999999997
2007-09-05,0.5722000999999997
2007-09-06,0.5795000999999996
2007-09-07,0.5766000999999997
2007-09-10,0.5762000999999997
2007-09-11,0.5854000999999996
2007-09-12,0.5923000999999997
2007-09-13,0.5891000999999997
2007-09-14,0.5927000999999997
2007-09-17,0.5848000999999997
2007-09-18,0.6040000999999997
2007-09-19,0.6075000999999998
2007-09-20,0.6129000999999997
2007-09-21,0.6184000999999997
2007-09-24,0.6186000999999998
2007-09-25,0.6244000999999997
2007-09-26,0.6276000999999998
2007-09-27,0.6314000999999997
2007-09-28,0.6397000999999998
2007-10-01,0.6460000999999997
2007-10-02,0.6372000999999997
2007-10-03,0.6336000999999998
2007-10-04,0.6385000999999997
2007-10-05,0.6485000999999997
2007-10-08,
2007-10-09,0.6495000999999997
2007-10-10,0.6480000999999997
2007-10-11,0.6552000999999997
2007-10-12,0.6544000999999997
2007-10-15,0.6497000999999998
2007-10-16,0.6372000999999997
2007-10-17,0.6367000999999998
2007-10-18,0.6474000999999997
2007-10-19,0.6463000999999997
2007-10-22,0.6332000999999997
2007-10-23,0.6486000999999997
2007-10-24,0.6515000999999997
2007-10-25,0.6591000999999997
2007-10-26,0.6691000999999998
2007-10-29,0.6721000999999998
2007-10-30,0.6715000999999997
2007-10-31,0.6852000999999998
2007-11-01,0.6695000999999997
2007-11-02,0.6711000999999998
2007-11-05,0.6717000999999997
2007-11-06,0.6791000999999998
2007-11-07,0.6850000999999997
2007-11-08,0.6750000999999997
2007-11-09,0.6657000999999997
2007-11-12,
2007-11-13,0.6446000999999997
2007-11-14,0.6528000999999998
2007-11-15,0.6382000999999997
2007-11-16,0.6425000999999997
2007-11-19,0.6375000999999997
2007-11-20,0.6389000999999997
2007-11-21,0.6266000999999998
2007-11-22,
2007-11-23,0.6287000999999998
2007-11-26,0.6263000999999997
2007-11-27,0.6279000999999997
2007-11-28,0.6444000999999997
2007-11-29,0.6361000999999997
2007-11-30,0.6358000999999998
2007-12-03,0.6351000999999997
2007-12-04,0.6272000999999997
2007-12-05,0.6234000999999997
2007-12-06,0.6310000999999997
2007-12-07,0.6312000999999997
2007-12-10,0.6380000999999997
2007-12-11,0.6314000999999997
2007-12-12,0.6370000999999997
2007-12-13,0.6290000999999997
2007-12-14,0.6160000999999997
2007-12-17,0.6121000999999997
2007-12-18,0.6126000999999998
2007-12-19,0.6127000999999996
2007-12-20,0.6113000999999997
2007-12-21,0.6215000999999997
2007-12-24,0.6257000999999996
2007-12-25,
2007-12-26,0.6282000999999997
2007-12-27,0.6333000999999997
2007-12-28,0.6279000999999996
2007-12-31,0.6312000999999997
2008-01-01,
2008-01-02,0.6380000999999996
2008-01-03,0.6354000999999997
2008-01-04,0.6275000999999997
2008-01-07,0.6235000999999997
2008-01-08,0.6353000999999997
2008-01-09,0.6347000999999997
2008-01-10,0.6501000999999996
2008-01-11,0.6449000999999996
2008-01-14,0.6532000999999996
2008-01-15,0.6416000999999997
2008-01-16,0.6350000999999996
2008-01-17,0.6354000999999997
2008-01-18,0.6319000999999996
2008-01-21,
2008-01-22,0.6219000999999996
2008-01-23,0.6223000999999997
2008-01-24,0.6340000999999996
2008-01-25,0.6343000999999997
2008-01-28,0.6420000999999996
2008-01-29,0.6424000999999997
2008-01-30,0.6537000999999997
2008-01-31,0.6514000999999997
2008-02-01,0.6591000999999996
2008-02-04,0.6642000999999996
2008-02-05,0.6536000999999997
2008-02-06,0.6525000999999997
2008-02-07,0.6476000999999997
2008-02-08,0.6509000999999996
2008-02-11,0.6590000999999996
2008-02-12,0.6592000999999996
2008-02-13,0.6506000999999997
2008-02-14,0.6583000999999997
2008-02-15,0.6619000999999997
2008-02-18,
2008-02-19,0.6765000999999997
2008-02-20,0.6746000999999996
2008-02-21,0.6763000999999996
2008-02-22,0.6774000999999996
2008-02-25,0.6834000999999996
2008-02-26,0.6897000999999997
2008-02-27,0.6965000999999996
2008-02-28,0.7061000999999997
2008-02-29,0.6892000999999996
2008-03-03,0.6944000999999996
2008-03-04,0.6829000999999997
2008-03-05,0.6879000999999997
2008-03-06,0.6845000999999996
2008-03-07,0.6840000999999997
2008-03-10,0.6757000999999997
2008-03-11,0.6836000999999997
2008-03-12,0.6942000999999997
2008-03-13,0.7025000999999996
2008-03-14,0.6960000999999997
2008-03-17,0.6754000999999997
2008-03-18,0.6870000999999997
2008-03-19,0.6748000999999997
2008-03-20,0.6570000999999998
2008-03-21,
2008-03-24,0.6661000999999998
2008-03-25,0.6762000999999997
2008-03-26,0.6786000999999997
2008-03-27,0.6812000999999998
2008-03-28,0.6773000999999997
2008-03-31,0.6745000999999997
2008-04-01,0.6670000999999997
2008-04-02,0.6762000999999997
2008-04-03,0.6792000999999998
2008-04-04,0.6835000999999997
2008-04-07,0.6891000999999997
2008-04-08,0.6923000999999998
2008-04-09,0.6912000999999997
2008-04-10,0.6952000999999997
2008-04-11,0.6917000999999997
2008-04-14,0.6870000999999997
2008-04-15,0.6870000999999997
2008-04-16,0.7024000999999997
2008-04-17,0.6989000999999997
2008-04-18,0.6972000999999997
2008-04-21,0.7063000999999997
2008-04-22,0.7088000999999997
2008-04-23,0.7136000999999997
2008-04-24,0.7048000999999997
2008-04-25,0.6963000999999996
2008-04-28,0.7042000999999997
2008-04-29,0.6983000999999996
2008-04-30,0.7115000999999997
2008-05-01,0.6987000999999997
2008-05-02,0.7014000999999996
2008-05-05,0.7119000999999997
2008-05-06,0.7155000999999998
2008-05-07,0.7090000999999997
2008-05-08,0.7091000999999997
2008-05-09,0.7091000999999997
2008-05-12,0.7119000999999997
2008-05-13,0.7079000999999997
2008-05-14,0.7011000999999997
2008-05-15,0.7078000999999997
2008-05-16,0.7206000999999997
2008-05-19,0.7207000999999997
2008-05-20,0.7255000999999996
2008-05-21,0.7294000999999998
2008-05-22,0.7235000999999996
2008-05-23,0.7291000999999997
2008-05-26,
2008-05-27,0.7261000999999997
2008-05-28,0.7301000999999997
2008-05-29,0.7237000999999997
2008-05-30,0.7249000999999997
2008-06-02,0.7221000999999997
2008-06-03,0.7212000999999997
2008-06-04,0.7270000999999997
2008-06-05,0.7277000999999997
2008-06-06,0.7332000999999997
2008-06-09,0.7181000999999997
2008-06-10,0.7153000999999997
2008-06-11,0.7178000999999997
2008-06-12,0.7043000999999997
2008-06-13,0.7082000999999997
2008-06-16,0.7087000999999997
2008-06-17,0.7129000999999997
2008-06-18,0.7147000999999997
2008-06-19,0.7194000999999997
2008-06-20,0.7221000999999997
2008-06-23,0.7193000999999997
2008-06-24,0.7240000999999997
2008-06-25,0.7277000999999997
2008-06-26,0.7260000999999997
2008-06-27,0.7293000999999997
2008-06-30,0.7279000999999997
2008-07-01,0.7216000999999996
2008-07-02,0.7330000999999997
2008-07-03,0.7288000999999997
2008-07-04,
2008-07-07,0.7251000999999997
2008-07-08,0.7234000999999997
2008-07-09,0.7284000999999997
2008-07-10,0.7324000999999997
2008-07-11,0.7351000999999997
2008-07-14,0.7430000999999997
2008-07-15,0.7484000999999997
2008-07-16,0.7441000999999997
2008-07-17,0.7413000999999997
2008-07-18,0.7418000999999996
2008-07-21,0.7471000999999997
2008-07-22,0.7429000999999997
2008-07-23,0.7331000999999997
2008-07-24,0.7295000999999997
2008-07-25,0.7288000999999997
2008-07-28,0.7294000999999997
2008-07-29,0.7238000999999997
2008-07-30,0.7160000999999997
2008-07-31,0.7155000999999996
2008-08-01,0.7036000999999997
2008-08-04,0.7034000999999996
2008-08-05,0.6889000999999997
2008-08-06,0.6840000999999997
2008-08-07,0.6820000999999997
2008-08-08,0.6628000999999997
2008-08-11,0.6577000999999997
2008-08-12,0.6515000999999997
2008-08-13,0.6514000999999997
2008-08-14,0.6474000999999997
2008-08-15,0.6415000999999997
2008-08-18,0.6444000999999997
2008-08-19,0.6461000999999997
2008-08-20,0.6473000999999997
2008-08-21,0.6550000999999996
2008-08-22,0.6425000999999997
2008-08-25,0.6401000999999997
2008-08-26,0.6323000999999997
2008-08-27,0.6339000999999996
2008-08-28,0.6386000999999997
2008-08-29,0.6340000999999997
2008-09-01,
2008-09-02,0.6147000999999996
2008-09-03,0.6124000999999997
2008-09-04,0.6002000999999997
2008-09-05,0.5893000999999997
2008-09-08,0.5901000999999997
2008-09-09,0.5841000999999997
2008-09-10,0.5813000999999997
2008-09-11,0.5784000999999996
2008-09-12,0.6004000999999997
2008-09-15,0.5884000999999996
2008-09-16,0.5821000999999997
2008-09-17,0.5894000999999996
2008-09-18,0.5860000999999997
2008-09-19,0.6182000999999997
2008-09-22,0.6384000999999997
2008-09-23,0.6252000999999997
2008-09-24,0.6243000999999997
2008-09-25,0.6232000999999997
2008-09-26,0.6180000999999996
2008-09-29,0.5917000999999996
2008-09-30,0.5815000999999996
2008-10-01,0.5804000999999996
2008-10-02,0.5648000999999997
2008-10-03,0.5653000999999996
2008-10-06,0.4919000999999997
2008-10-07,0.5081000999999996
2008-10-08,0.4684000999999996
2008-10-09,0.4913000999999997
2008-10-10,0.4445000999999996
2008-10-13,
2008-10-14,0.4872000999999997
2008-10-15,0.4640000999999997
2008-10-16,0.4689000999999996
2008-10-17,0.4831000999999997
2008-10-20,0.4918000999999996
2008-10-21,0.4747000999999996
2008-10-22,0.4624000999999996
2008-10-23,0.4447000999999997
2008-10-24,0.4128000999999996
2008-10-27,0.3975000999999997
2008-10-28,0.4291000999999996
2008-10-29,0.4556000999999996
2008-10-30,0.4705000999999996
2008-10-31,0.4585000999999996
2008-11-03,0.4713000999999996
2008-11-04,0.4873000999999997
2008-11-05,0.4827000999999996
2008-11-06,0.4610000999999997
2008-11-07,0.4649000999999997
2008-11-10,0.4601000999999997
2008-11-11,
2008-11-12,0.4298000999999997
2008-11-13,0.4432000999999996
2008-11-14,0.4568000999999997
2008-11-17,0.4460000999999997
2008-11-18,0.4351000999999996
2008-11-19,0.4365000999999996
2008-11-20,0.4042000999999996
2008-11-21,0.4097000999999997
2008-11-24,0.4396000999999997
2008-11-25,0.4389000999999995
2008-11-26,0.4439000999999996
2008-11-27,
2008-11-28,0.4484000999999996
2008-12-01,0.4376000999999997
2008-12-02,0.4314000999999996
2008-12-03,0.4348000999999997
2008-12-04,0.4378000999999997
2008-12-05,0.4370000999999996
2008-12-08,0.4600000999999997
2008-12-09,0.4518000999999997
2008-12-10,0.4472000999999996
2008-12-11,0.4636000999999996
2008-12-12,0.4539000999999996
2008-12-15,0.4642000999999996
2008-12-16,0.4912000999999996
2008-12-17,0.4988000999999996
2008-12-18,0.4922000999999996
2008-12-19,0.4804000999999996
2008-12-22,0.4824000999999996
2008-12-23,0.4801000999999996
2008-12-24,0.4810000999999996
2008-12-25,
2008-12-26,0.5231000999999996
2008-12-29,0.4887000999999996
2008-12-30,0.4897000999999996
2008-12-31,0.5030000999999996
2009-01-01,
2009-01-02,0.5096000999999997
2009-01-05,0.5140000999999996
2009-01-06,0.5242000999999996
2009-01-07,0.5110000999999996
2009-01-08,0.5084000999999996
2009-01-09,0.5031000999999996
2009-01-12,0.4813000999999995
2009-01-13,0.4622000999999996
2009-01-14,0.4602000999999996
2009-01-15,0.4665000999999996
2009-01-16,0.4667000999999996
2009-01-19,
2009-01-20,0.4484000999999996
2009-01-21,0.4585000999999996
2009-01-22,0.4594000999999996
2009-01-23,0.4564000999999996
2009-01-26,0.4578000999999996
2009-01-27,0.4632000999999996
2009-01-28,0.4673000999999996
2009-01-29,0.4548000999999996
2009-01-30,0.4369000999999997
2009-02-02,0.4319000999999997
2009-02-03,0.4541000999999997
2009-02-04,0.4461000999999996
2009-02-05,0.4559000999999996
2009-02-06,0.4771000999999996
2009-02-09,0.4801000999999996
2009-02-10,0.4505000999999996
2009-02-11,0.4598000999999996
2009-02-12,0.4469000999999996
2009-02-13,0.4601000999999997
2009-02-16,
2009-02-17,0.4392000999999996
2009-02-18,0.4410000999999997
2009-02-19,0.4475000999999996
2009-02-20,0.4494000999999996
2009-02-23,0.4444000999999996
2009-02-24,0.4533000999999996
2009-02-25,0.4493000999999995
2009-02-26,0.4535000999999996
2009-02-27,0.4460000999999997
2009-03-02,0.4333000999999996
2009-03-03,0.4457000999999996
2009-03-04,0.4552000999999996
2009-03-05,0.4395000999999996
2009-03-06,0.4416000999999996
2009-03-09,0.4359000999999997
2009-03-10,0.4446000999999996
2009-03-11,0.4516000999999996
2009-03-12,0.4560000999999996
2009-03-13,0.4606000999999996
2009-03-16,0.4633000999999996
2009-03-17,0.4630000999999996
2009-03-18,0.4786000999999996
2009-03-19,0.4879000999999996
2009-03-20,0.4881000999999997
2009-03-23,0.5045000999999997
2009-03-24,0.5013000999999997
2009-03-25,0.4952000999999997
2009-03-26,0.5027000999999997
2009-03-27,0.4936000999999996
2009-03-30,0.4800000999999997
2009-03-31,0.4974000999999997
2009-04-01,0.4991000999999997
2009-04-02,0.5174000999999997
2009-04-03,0.5189000999999996
2009-04-06,0.5133000999999997
2009-04-07,0.5133000999999997
2009-04-08,0.5101000999999996
2009-04-09,0.5192000999999996
2009-04-10,
2009-04-13,0.5318000999999997
2009-04-14,0.5280000999999996
2009-04-15,0.5244000999999997
2009-04-16,0.5212000999999996
2009-04-17,0.5218000999999997
2009-04-20,0.4994000999999997
2009-04-21,0.5123000999999997
2009-04-22,0.5134000999999997
2009-04-23,0.5154000999999997
2009-04-24,0.5248000999999997
2009-04-27,0.5136000999999997
2009-04-28,0.5102000999999997
2009-04-29,0.5317000999999997
2009-04-30,0.5323000999999996
2009-05-01,0.5334000999999997
2009-05-04,0.5407000999999997
2009-05-05,0.5442000999999996
2009-05-06,0.5520000999999997
2009-05-07,0.5554000999999996
2009-05-08,0.5725000999999996
2009-05-11,0.5643000999999996
2009-05-12,0.5682000999999997
2009-05-13,0.5573000999999996
2009-05-14,0.5643000999999996
2009-05-15,0.5520000999999997
2009-05-18,0.5675000999999996
2009-05-19,0.5815000999999996
2009-05-20,0.5835000999999996
2009-05-21,0.5790000999999997
2009-05-22,0.5883000999999997
2009-05-25,
2009-05-26,0.5883000999999997
2009-05-27,0.5866000999999996
2009-05-28,0.5898000999999997
2009-05-29,0.6031000999999997
2009-06-01,0.6152000999999997
2009-06-02,0.6258000999999996
2009-06-03,0.5997000999999996
2009-06-04,0.6068000999999996
2009-06-05,0.5995000999999996
2009-06-08,0.5916000999999996
2009-06-09,0.6068000999999996
2009-06-10,0.6056000999999996
2009-06-11,0.6271000999999997
2009-06-12,0.6178000999999996
2009-06-15,0.6041000999999997
2009-06-16,0.6084000999999997
2009-06-17,0.6076000999999998
2009-06-18,0.6130000999999997
2009-06-19,0.6186000999999997
2009-06-22,0.6012000999999997
2009-06-23,0.6078000999999997
2009-06-24,0.6087000999999997
2009-06-25,0.6150000999999997
2009-06-26,0.6210000999999997
2009-06-29,0.6211000999999997
2009-06-30,0.6205000999999997
2009-07-01,0.6225000999999997
2009-07-02,0.6088000999999997
2009-07-03,
2009-07-06,0.6088000999999997
2009-07-07,0.6054000999999997
2009-07-08,0.5875000999999997
2009-07-09,0.5984000999999998
2009-07-10,0.5914000999999998
2009-07-13,0.5952000999999997
2009-07-14,0.6027000999999997
2009-07-15,0.6190000999999997
2009-07-16,0.6197000999999998
2009-07-17,0.6177000999999998
2009-07-20,0.6296000999999998
2009-07-21,0.6284000999999997
2009-07-22,0.6324000999999997
2009-07-23,0.6313000999999997
2009-07-24,0.6314000999999997
2009-07-27,0.6375000999999997
2009-07-28,0.6421000999999997
2009-07-29,0.6275000999999997
2009-07-30,0.6422000999999997
2009-07-31,0.6497000999999997
2009-08-03,0.6556000999999997
2009-08-04,0.6569000999999998
2009-08-05,0.6571000999999997
2009-08-06,0.6534000999999997
2009-08-07,0.6520000999999997
2009-08-10,0.6509000999999998
2009-08-11,0.6456000999999997
2009-08-12,0.6517000999999997
2009-08-13,0.6561000999999997
2009-08-14,0.6441000999999997
2009-08-17,0.6381000999999997
2009-08-18,0.6422000999999997
2009-08-19,0.6446000999999998
2009-08-20,0.6471000999999997
2009-08-21,0.6504000999999997
2009-08-24,0.6546000999999998
2009-08-25,0.6525000999999997
2009-08-26,0.6442000999999997
2009-08-27,0.6570000999999998
2009-08-28,0.6576000999999997
2009-08-31,0.6600000999999998
2009-09-01,0.6436000999999997
2009-09-02,0.6528000999999998
2009-09-03,0.6558000999999997
2009-09-04,0.6688000999999997
2009-09-07,
2009-09-08,0.6791000999999998
2009-09-09,0.6784000999999997
2009-09-10,0.6804000999999997
2009-09-11,0.6817000999999997
2009-09-14,0.6774000999999997
2009-09-15,0.6800000999999997
2009-09-16,0.6907000999999997
2009-09-17,0.6892000999999996
2009-09-18,0.6858000999999997
2009-09-21,0.6801000999999997
2009-09-22,0.6902000999999997
2009-09-23,0.6929000999999997
2009-09-24,0.6826000999999997
2009-09-25,0.6841000999999997
2009-09-28,0.6883000999999996
2009-09-29,0.6898000999999997
2009-09-30,0.7004000999999996
2009-10-01,0.6885000999999997
2009-10-02,0.6832000999999996
2009-10-05,0.6971000999999997
2009-10-06,0.7070000999999997
2009-10-07,0.7065000999999996
2009-10-08,0.7239000999999997
2009-10-09,0.7207000999999997
2009-10-12,
2009-10-13,0.7225000999999996
2009-10-14,0.7320000999999997
2009-10-15,0.7378000999999996
2009-10-16,0.7354000999999997
2009-10-19,0.7459000999999997
2009-10-20,0.7404000999999997
2009-10-21,0.7495000999999997
2009-10-22,0.7451000999999997
2009-10-23,0.7399000999999997
2009-10-26,0.7326000999999996
2009-10-27,0.7358000999999996
2009-10-28,0.7177000999999997
2009-10-29,0.7367000999999996
2009-10-30,0.7199000999999997
2009-11-02,0.7209000999999997
2009-11-03,0.7204000999999997
2009-11-04,0.7335000999999997
2009-11-05,0.7301000999999997
2009-11-06,0.7359000999999997
2009-11-09,0.7501000999999997
2009-11-10,0.7505000999999997
2009-11-11,0.7490000999999996
2009-11-12,0.7428000999999996
2009-11-13,0.7524000999999997
2009-11-16,0.7584000999999997
2009-11-17,0.7489000999999996
2009-11-18,0.7478000999999996
2009-11-19,0.7399000999999997
2009-11-20,0.7351000999999997
2009-11-23,0.7461000999999997
2009-11-24,0.7415000999999997
2009-11-25,0.7531000999999997
2009-11-26,
2009-11-27,0.7282000999999997
2009-11-30,0.7360000999999996
2009-12-01,0.7478000999999996
2009-12-02,0.7463000999999997
2009-12-03,0.7499000999999996
2009-12-04,0.7333000999999997
2009-12-07,0.7345000999999997
2009-12-08,0.7248000999999997
2009-12-09,0.7290000999999996
2009-12-10,0.7397000999999996
2009-12-11,0.7338000999999997
2009-12-14,0.7351000999999997
2009-12-15,0.7251000999999998
2009-12-16,0.7185000999999998
2009-12-17,0.7063000999999998
2009-12-18,0.7091000999999998
2009-12-21,0.7002000999999998
2009-12-22,0.6967000999999998
2009-12-23,0.7000000999999998
2009-12-24,0.7041000999999998
2009-12-25,
2009-12-28,0.7070000999999998
2009-12-29,0.7148000999999998
2009-12-30,0.7143000999999998
2009-12-31,0.7188000999999998
2010-01-01,
2010-01-04,0.7320000999999998
2010-01-05,0.7321000999999998
2010-01-06,0.7415000999999998
2010-01-07,0.7394000999999998
2010-01-08,0.7450000999999998
2010-01-11,0.7517000999999998
2010-01-12,0.7423000999999998
2010-01-13,0.7448000999999997
2010-01-14,0.7530000999999997
2010-01-15,0.7437000999999998
2010-01-18,
2010-01-19,0.7459000999999997
2010-01-20,0.7299000999999998
2010-01-21,0.7263000999999998
2010-01-22,0.7242000999999998
2010-01-25,0.7274000999999998
2010-01-26,0.7231000999999997
2010-01-27,0.7177000999999997
2010-01-28,0.7179000999999998
2010-01-29,0.7086000999999997
2010-02-01,0.7141000999999998
2010-02-02,0.7088000999999998
2010-02-03,0.7063000999999998
2010-02-04,0.6899000999999998
2010-02-05,0.6878000999999998
2010-02-08,0.6906000999999998
2010-02-09,0.6996000999999998
2010-02-10,0.7010000999999998
2010-02-11,0.7160000999999998
2010-02-12,0.7130000999999998
2010-02-15,
2010-02-16,0.7256000999999997
2010-02-17,0.7246000999999997
2010-02-18,0.7275000999999998
2010-02-19,0.7233000999999998
2010-02-22,0.7263000999999998
2010-02-23,0.7159000999999998
2010-02-24,0.7173000999999998
2010-02-25,0.7122000999999998
2010-02-26,0.7228000999999998
2010-03-01,0.7266000999999997
2010-03-02,0.7298000999999997
2010-03-03,0.7311000999999998
2010-03-04,0.7266000999999997
2010-03-05,0.7342000999999998
2010-03-08,0.7358000999999997
2010-03-09,0.7399000999999997
2010-03-10,0.7423000999999998
2010-03-11,0.7422000999999998
2010-03-12,0.7429000999999997
2010-03-15,0.7400000999999998
2010-03-16,0.7440000999999998
2010-03-17,0.7502000999999998
2010-03-18,0.7488000999999999
2010-03-19,0.7431000999999998
2010-03-22,0.7446000999999999
2010-03-23,0.7447000999999999
2010-03-24,0.7363000999999998
2010-03-25,0.7364000999999998
2010-03-26,0.7298000999999998
2010-03-29,0.7436000999999999
2010-03-30,0.7470000999999998
2010-03-31,0.7454000999999998
2010-04-01,0.7477000999999999
2010-04-02,0.7479000999999998
2010-04-05,0.7495000999999998
2010-04-06,0.7560000999999998
2010-04-07,0.7569000999999999
2010-04-08,0.7579000999999999
2010-04-09,0.7611000999999998
2010-04-12,0.7577000999999999
2010-04-13,0.7568000999999999
2010-04-14,0.7641000999999998
2010-04-15,0.7635000999999998
2010-04-16,0.7554000999999998
2010-04-19,0.7517000999999998
2010-04-20,0.7608000999999999
2010-04-21,0.7577000999999999
2010-04-22,0.7585000999999998
2010-04-23,0.7562000999999998
2010-04-26,0.7575000999999998
2010-04-27,0.7467000999999998
2010-04-28,0.7563000999999998
2010-04-29,0.7587000999999998
2010-04-30,0.7562000999999998
2010-05-03,0.7581000999999998
2010-05-04,0.7398000999999998
2010-05-05,0.7367000999999997
2010-05-06,0.7145000999999999
2010-05-07,0.7201000999999998
2010-05-10,0.7335000999999999
2010-05-11,0.7302000999999998
2010-05-12,0.7246000999999999
2010-05-13,0.7308000999999998
2010-05-14,0.7182000999999998
2010-05-17,0.7060000999999998
2010-05-18,0.6973000999999999
2010-05-19,0.6753000999999998
2010-05-20,0.6612000999999998
2010-05-21,0.6598000999999999
2010-05-24,0.6657000999999998
2010-05-25,0.6531000999999999
2010-05-26,0.6593000999999998
2010-05-27,0.6824000999999998
2010-05-28,0.6802000999999999
2010-05-31,
2010-06-01,0.6725000999999998
2010-06-02,0.6711000999999999
2010-06-03,0.6778000999999998
2010-06-04,0.6562000999999998
2010-06-07,0.6491000999999998
2010-06-08,0.6565000999999998
2010-06-09,0.6627000999999999
2010-06-10,0.6842000999999999
2010-06-11,0.6842000999999999
2010-06-14,0.6993000999999999
2010-06-15,0.6993000999999999
2010-06-16,0.7005000999999998
2010-06-17,0.7022000999999999
2010-06-18,0.7058000999999999
2010-06-21,0.7131000999999999
2010-06-22,0.7094000999999999
2010-06-23,0.7097000999999998
2010-06-24,0.7050000999999999
2010-06-25,0.7111000999999999
2010-06-28,0.7095000999999999
2010-06-29,0.6878000999999999
2010-06-30,0.6817000999999999
2010-07-01,0.6777000999999999
2010-07-02,0.6795000999999999
2010-07-05,
2010-07-06,0.6871000999999999
2010-07-07,0.7026000999999998
2010-07-08,0.7121000999999999
2010-07-09,0.7136000999999998
2010-07-12,0.7124000999999999
2010-07-13,0.7185000999999999
2010-07-14,0.7196000999999999
2010-07-15,0.7210000999999999
2010-07-16,0.7097000999999998
2010-07-19,0.7091000999999999
2010-07-20,0.7208000999999998
2010-07-21,0.7157000999999998
2010-07-22,0.7324000999999999
2010-07-23,0.7350000999999999
2010-07-26,0.7406000999999999
2010-07-27,0.7408000999999999
2010-07-28,0.7314000999999999
2010-07-29,0.7413000999999999
2010-07-30,0.7432000999999999
2010-08-02,0.7525000999999999
2010-08-03,0.7543000999999999
2010-08-04,0.7577000999999999
2010-08-05,0.7550000999999998
2010-08-06,0.7588000999999999
2010-08-09,0.7573000999999998
2010-08-10,0.7548000999999999
2010-08-11,0.7390000999999999
2010-08-12,0.7351000999999999
2010-08-13,0.7344000999999999
2010-08-16,0.7377000999999999
2010-08-17,0.7478000999999999
2010-08-18,0.7407000999999999
2010-08-19,0.7335000999999999
2010-08-20,0.7340000999999999
2010-08-23,0.7353000999999998
2010-08-24,0.7258000999999998
2010-08-25,0.7246000999999999
2010-08-26,0.7281000999999999
2010-08-27,0.7417000999999999
2010-08-30,0.7367000999999999
2010-08-31,0.7311000999999999
2010-09-01,0.7515000999999999
2010-09-02,0.7542000999999999
2010-09-03,0.7601000999999998
2010-09-06,
2010-09-07,0.7558000999999999
2010-09-08,0.7617000999999999
2010-09-09,0.7686000999999999
2010-09-10,0.7705000999999999
2010-09-13,0.7785000999999999
2010-09-14,0.7883001
2010-09-15,0.7826000999999999
2010-09-16,0.7798000999999999
2010-09-17,0.7822001
2010-09-20,0.7919000999999999
2010-09-21,0.7980001
2010-09-22,0.8008000999999999
2010-09-23,0.7969000999999999
2010-09-24,0.8034001
2010-09-27,0.8085000999999999
2010-09-28,0.8115001
2010-09-29,0.8159000999999999
2010-09-30,0.8126000999999999
2010-10-01,0.8176000999999999
2010-10-04,0.8128000999999999
2010-10-05,0.8173001
2010-10-06,0.8230001
2010-10-07,0.8276001
2010-10-08,0.8327000999999999
2010-10-11,0.8323000999999999
2010-10-12,0.8329000999999999
2010-10-13,0.8386001
2010-10-14,0.8380001
2010-10-15,0.8355001
2010-10-18,0.8407001
2010-10-19,0.8167000999999999
2010-10-20,0.8338000999999999
2010-10-21,0.8258000999999999
2010-10-22,0.8281000999999999
2010-10-25,0.8405001
2010-10-26,0.8319000999999999
2010-10-27,0.8186000999999999
2010-10-28,0.8269000999999999
2010-10-29,0.8282000999999999
2010-11-01,0.8343000999999999
2010-11-02,0.8482000999999999
2010-11-03,0.8494000999999999
2010-11-04,0.8645000999999999
2010-11-05,0.8640000999999999
2010-11-08,0.8634001
2010-11-09,0.8583000999999999
2010-11-10,0.8560000999999999
2010-11-11,0.8470000999999999
2010-11-12,0.8360000999999999
2010-11-15,0.8386001
2010-11-16,0.8271000999999999
2010-11-17,0.8303000999999999
2010-11-18,0.8406001
2010-11-19,0.8370000999999999
2010-11-22,0.8381000999999999
2010-11-23,0.8233001
2010-11-24,0.8331000999999999
2010-11-25,
2010-11-26,0.8164001
2010-11-29,0.8152001
2010-11-30,0.8129000999999999
2010-12-01,0.8210001
2010-12-02,0.8291000999999999
2010-12-03,0.8437001
2010-12-06,0.8440000999999999
2010-12-07,0.8389000999999999
2010-12-08,0.8333000999999999
2010-12-09,0.8367001
2010-12-10,0.8391000999999999
2010-12-13,0.8479000999999999
2010-12-14,0.8507001
2010-12-15,0.8356001
2010-12-16,0.8384000999999999
2010-12-17,0.8404000999999999
2010-12-20,0.8459000999999999
2010-12-21,0.8480000999999999
2010-12-22,0.8517001
2010-12-23,0.8573000999999999
2010-12-24,
2010-12-27,0.8565000999999999
2010-12-28,0.8622000999999999
2010-12-29,0.8702000999999999
2010-12-30,0.8688000999999999
2010-12-31,0.8762000999999999
2011-01-03,0.8723000999999999
2011-01-04,0.8586001
2011-01-05,0.8534000999999999
2011-01-06,0.8482000999999999
2011-01-07,0.8495001
2011-01-10,0.8506001
2011-01-11,0.8413000999999999
2011-01-12,0.8510000999999999
2011-01-13,0.8526001
2011-01-14,0.8445001
2011-01-17,
2011-01-18,0.8537001
2011-01-19,0.8549000999999999
2011-01-20,0.8438000999999999
2011-01-21,0.8454000999999999
2011-01-24,0.8542000999999999
2011-01-25,0.8489000999999999
2011-01-26,0.8523000999999999
2011-01-27,0.8494000999999999
2011-01-28,0.8506001
2011-01-31,0.8543000999999999
2011-02-01,0.8691001
2011-02-02,0.8655001
2011-02-03,0.8721000999999999
2011-02-04,0.8713001
2011-02-07,0.8719001
2011-02-08,0.8730000999999998
2011-02-09,0.8677001
2011-02-10,0.8623000999999999
2011-02-11,0.8603000999999999
2011-02-14,0.8616001
2011-02-15,0.8552000999999999
2011-02-16,0.8633001
2011-02-17,0.8718001
2011-02-18,0.8737001
2011-02-21,
2011-02-22,0.8571000999999999
2011-02-23,0.8611001
2011-02-24,0.8698001
2011-02-25,0.8779001
2011-02-28,0.8794001
2011-03-01,0.8743000999999999
2011-03-02,0.8773001
2011-03-03,0.8761000999999999
2011-03-04,0.8741000999999999
2011-03-07,0.8726000999999999
2011-03-08,0.8720001
2011-03-09,0.8724000999999999
2011-03-10,0.8622000999999999
2011-03-11,0.8764000999999999
2011-03-14,0.8703000999999999
2011-03-15,0.8703000999999999
2011-03-16,0.8635000999999999
2011-03-17,0.8610000999999998
2011-03-18,0.8764000999999999
2011-03-21,0.8863000999999999
2011-03-22,0.8923000999999999
2011-03-23,0.8956000999999998
2011-03-24,0.9033000999999998
2011-03-25,0.9064001
2011-03-28,0.9085001
2011-03-29,0.9102001
2011-03-30,0.9139000999999998
2011-03-31,0.9181001
2011-04-01,0.9205001
2011-04-04,0.9175000999999998
2011-04-05,0.9161001
2011-04-06,0.9258000999999998
2011-04-07,0.9275000999999998
2011-04-08,0.9345001
2011-04-11,0.9323001
2011-04-12,0.9298001
2011-04-13,0.9326001
2011-04-14,0.9372001
2011-04-15,0.9402001
2011-04-18,0.9350001
2011-04-19,0.9355000999999998
2011-04-20,0.9512001
2011-04-21,0.9589001
2011-04-22,
2011-04-25,0.9565001
2011-04-26,0.9620000999999998
2011-04-27,0.9691001
2011-04-28,0.9756001
2011-04-29,0.9821000999999996
2011-05-02,0.9810001
2011-05-03,0.9693001
2011-05-04,0.9607001
2011-05-05,0.9439000999999998
2011-05-06,0.9531001
2011-05-09,0.9627001
2011-05-10,0.9689001
2011-05-11,0.9547001
2011-05-12,0.9523001
2011-05-13,0.9451001
2011-05-16,0.9467001
2011-05-17,0.9491001
2011-05-18,0.9486001
2011-05-19,0.9538000999999998
2011-05-20,0.9575001
2011-05-23,0.9406001
2011-05-24,0.9442000999999998
2011-05-25,0.9406001
2011-05-26,0.9526001
2011-05-27,0.9597000999999998
2011-05-30,
2011-05-31,0.9554001
2011-06-01,0.9546001
2011-06-02,0.9567001
2011-06-03,0.9629001
2011-06-06,0.9608001
2011-06-07,0.9635001
2011-06-08,0.9526001
2011-06-09,0.9550001
2011-06-10,0.9477000999999998
2011-06-13,0.9482000999999998
2011-06-14,0.9482000999999998
2011-06-15,0.9335000999999998
2011-06-16,0.9299000999999998
2011-06-17,0.9409000999999996
2011-06-20,0.9371001
2011-06-21,0.9409000999999996
2011-06-22,0.9391001
2011-06-23,0.9302000999999998
2011-06-24,0.9300000999999998
2011-06-27,0.9234000999999998
2011-06-28,0.9347000999999996
2011-06-29,0.9482000999999998
2011-06-30,0.9543000999999998
2011-07-01,0.9599000999999998
2011-07-04,
2011-07-05,0.9507001
2011-07-06,0.9500000999999998
2011-07-07,0.9595001
2011-07-08,0.9564000999999998
2011-07-11,0.9468000999999996
2011-07-12,0.9456000999999998
2011-07-13,0.9582000999999998
2011-07-14,0.9540000999999998
2011-07-15,0.9457000999999998
2011-07-18,0.9433001
2011-07-19,0.9559000999999998
2011-07-20,0.9577000999999996
2011-07-21,0.9680000999999998
2011-07-22,0.9699000999999998
2011-07-25,0.9699000999999998
2011-07-26,0.9803000999999998
2011-07-27,0.9854000999999996
2011-07-28,0.9836000999999998
2011-07-29,0.9848000999999996
2011-08-01,0.9804000999999998
2011-08-02,0.9665000999999998
2011-08-03,0.9591000999999996
2011-08-04,0.9355000999999998
2011-08-05,0.9330000999999996
2011-08-08,0.9074000999999998
2011-08-09,0.8948000999999999
2011-08-10,0.9124000999999996
2011-08-11,0.9174000999999998
2011-08-12,0.9227000999999996
2011-08-15,0.9377000999999998
2011-08-16,0.9336000999999998
2011-08-17,0.9434001
2011-08-18,0.9251001
2011-08-19,0.9269000999999996
2011-08-22,0.9303000999999996
2011-08-23,0.9386000999999996
2011-08-24,0.9346000999999996
2011-08-25,0.9316000999999998
2011-08-26,0.9446000999999996
2011-08-29,0.9527000999999996
2011-08-30,0.9602000999999998
2011-08-31,0.9583000999999998
2011-09-01,0.9640000999999998
2011-09-02,0.9536000999999998
2011-09-05,
2011-09-06,0.9388000999999996
2011-09-07,0.9549000999999996
2011-09-08,0.9487000999999996
2011-09-09,0.9347000999999996
2011-09-12,0.9171001
2011-09-13,0.9233000999999998
2011-09-14,0.9162000999999996
2011-09-15,0.9235000999999996
2011-09-16,0.9289000999999996
2011-09-19,0.9092000999999996
2011-09-20,0.9189000999999996
2011-09-21,0.9048000999999996
2011-09-22,0.8639000999999997
2011-09-23,0.8659000999999997
2011-09-26,0.8682000999999997
2011-09-27,0.8889000999999997
2011-09-28,0.8750000999999997
2011-09-29,0.8657000999999998
2011-09-30,0.8635000999999997
2011-10-03,0.8507000999999997
2011-10-04,0.8346000999999997
2011-10-05,0.8590000999999997
2011-10-06,0.8699000999999997
2011-10-07,0.8724000999999997
2011-10-10,0.8952000999999997
2011-10-11,0.8927000999999997
2011-10-12,0.9127000999999996
2011-10-13,0.9144000999999996
2011-10-14,0.9282000999999998
2011-10-17,0.9146000999999996
2011-10-18,0.9189000999999996
2011-10-19,0.9171000999999996
2011-10-20,0.9208000999999996
2011-10-21,0.9289000999999996
2011-10-24,0.9439000999999998
2011-10-25,0.9416000999999996
2011-10-26,0.9347000999999996
2011-10-27,0.9682000999999998
2011-10-28,0.9673000999999996
2011-10-31,0.9555000999999996
2011-11-01,0.9311000999999997
2011-11-02,0.9306000999999996
2011-11-03,0.9386000999999996
2011-11-04,0.9367000999999996
2011-11-07,0.9351000999999995
2011-11-08,0.9365000999999996
2011-11-09,0.9126000999999996
2011-11-10,0.9109000999999995
2011-11-11,0.9268000999999996
2011-11-14,0.9152000999999996
2011-11-15,0.9175000999999996
2011-11-16,0.9134000999999996
2011-11-17,0.8971000999999997
2011-11-18,0.8995000999999997
2011-11-21,0.8824000999999997
2011-11-22,0.8832000999999997
2011-11-23,0.8676000999999997
2011-11-24,
2011-11-25,0.8701000999999997
2011-11-28,0.8886000999999997
2011-11-29,0.9025000999999996
2011-11-30,0.9263000999999996
2011-12-01,0.9244000999999996
2011-12-02,0.9237000999999998
2011-12-05,0.9288000999999996
2011-12-06,0.9270000999999995
2011-12-07,0.9290000999999996
2011-12-08,0.9185000999999996
2011-12-09,0.9231000999999996
2011-12-12,0.9080000999999998
2011-12-13,0.9042000999999996
2011-12-14,0.8911000999999997
2011-12-15,0.8935000999999998
2011-12-16,0.8978000999999998
2011-12-19,0.8939000999999998
2011-12-20,0.9085000999999998
2011-12-21,0.9098000999999998
2011-12-22,0.9160000999999998
2011-12-23,0.9195000999999998
2011-12-26,
2011-12-27,0.9203000999999996
2011-12-28,0.9122000999999996
2011-12-29,0.9161000999999998
2011-12-30,0.9291000999999997
2012-01-02,
2012-01-03,0.9419000999999998
2012-01-04,0.9402000999999998
2012-01-05,0.9305000999999996
2012-01-06,0.9275000999999998
2012-01-09,0.9273000999999998
2012-01-10,0.9369000999999996
2012-01-11,0.9347000999999996
2012-01-12,0.9380000999999998
2012-01-13,0.9342000999999998
2012-01-16,
2012-01-17,0.9420000999999998
2012-01-18,0.9467000999999996
2012-01-19,0.9453001
2012-01-20,0.9529000999999996
2012-01-23,0.9587000999999996
2012-01-24,0.9541000999999998
2012-01-25,0.9650000999999996
2012-01-26,0.9685000999999998
2012-01-27,0.9713000999999996
2012-01-30,0.9659000999999998
2012-01-31,0.9681000999999998
2012-02-01,0.9761000999999998
2012-02-02,0.9777000999999998
2012-02-03,0.9855000999999998
2012-02-06,0.9802000999999998
2012-02-07,0.9862001
2012-02-08,0.9866001
2012-02-09,0.9865000999999995
2012-02-10,0.9739000999999998
2012-02-13,0.9823000999999996
2012-02-14,0.9716001
2012-02-15,0.9766000999999996
2012-02-16,0.9842000999999996
2012-02-17,0.9803000999999998
2012-02-20,
2012-02-21,0.9758000999999998
2012-02-22,0.9733000999999996
2012-02-23,0.9775000999999996
2012-02-24,0.9795000999999997
2012-02-27,0.9854000999999996
2012-02-28,0.9850000999999996
2012-02-29,0.9860001
2012-03-01,0.9893000999999998
2012-03-02,0.9839001
2012-03-05,0.9771000999999996
2012-03-06,0.9630000999999996
2012-03-07,0.9680000999999998
2012-03-08,0.9766000999999996
2012-03-09,0.9683000999999998
2012-03-12,0.9611000999999996
2012-03-13,0.9620000999999998
2012-03-14,0.9557000999999998
2012-03-15,0.9661001
2012-03-16,0.9703001
2012-03-19,0.9737000999999998
2012-03-20,0.9593001
2012-03-21,0.9565001
2012-03-22,0.9502001
2012-03-23,0.9587001
2012-03-26,0.9656001
2012-03-27,0.9614001
2012-03-28,0.9512001
2012-03-29,0.9494001
2012-03-30,0.9495000999999998
2012-04-02,0.9579001
2012-04-03,0.9444001
2012-04-04,0.9402001
2012-04-05,0.9437000999999998
2012-04-06,0.9459001
2012-04-09,0.9475000999999998
2012-04-10,0.9403001
2012-04-11,0.9445001
2012-04-12,0.9594001
2012-04-13,0.9537000999999998
2012-04-16,0.9515000999999998
2012-04-17,0.9569001
2012-04-18,0.9517000999999998
2012-04-19,0.9489001
2012-04-20,0.9532001
2012-04-23,0.9470001
2012-04-24,0.9453001
2012-04-25,0.9521001
2012-04-26,0.9569001
2012-04-27,0.9642001
2012-04-30,0.9594001
2012-05-01,0.9512001
2012-05-02,0.9504001
2012-05-03,0.9435000999999998
2012-05-04,0.9366001
2012-05-07,0.9389001
2012-05-08,0.9308001
2012-05-09,0.9247001
2012-05-10,0.9286001
2012-05-11,0.9216001
2012-05-14,0.9160001
2012-05-15,0.9141001
2012-05-16,0.9113001
2012-05-17,0.9125001
2012-05-18,0.9013001
2012-05-21,0.9076001
2012-05-22,0.9042001
2012-05-23,0.8934000999999999
2012-05-24,0.8930001
2012-05-25,0.8980001
2012-05-28,
2012-05-29,0.9052001
2012-05-30,0.8923000999999999
2012-05-31,0.8953000999999999
2012-06-01,0.8897000999999999
2012-06-04,0.8938000999999999
2012-06-05,0.8957000999999999
2012-06-06,0.9127001
2012-06-07,0.9165001
2012-06-08,0.9124001
2012-06-11,0.9111001
2012-06-12,0.9158001
2012-06-13,0.9191001
2012-06-14,0.9198001
2012-06-15,0.9310001
2012-06-18,0.9347001
2012-06-19,0.9418001
2012-06-20,0.9403001
2012-06-21,0.9274001
2012-06-22,0.9303001
2012-06-25,0.9221001
2012-06-26,0.9307001
2012-06-27,0.9305001
2012-06-28,0.9245001
2012-06-29,0.9476000999999998
2012-07-02,0.9496000999999998
2012-07-03,0.9522001
2012-07-04,
2012-07-05,0.9531001
2012-07-06,0.9431001
2012-07-09,0.9439001
2012-07-10,0.9429001
2012-07-11,0.9468001
2012-07-12,0.9382001
2012-07-13,0.9470001
2012-07-16,0.9501001
2012-07-17,0.9563001
2012-07-18,0.9602001
2012-07-19,0.9684001
2012-07-20,0.9627001
2012-07-23,0.9520001
2012-07-24,0.9484001
2012-07-25,0.9584001
2012-07-26,0.9656001
2012-07-27,0.9732001
2012-07-30,0.9764001
2012-07-31,0.9775001
2012-08-01,0.9729001
2012-08-02,0.9716001
2012-08-03,0.9822001
2012-08-06,0.9847001
2012-08-07,0.9823001
2012-08-08,0.9834000999999998
2012-08-09,0.9849000999999998
2012-08-10,0.9839001
2012-08-13,0.9787001
2012-08-14,0.9774001
2012-08-15,0.9784001
2012-08-16,0.9799000999999998
2012-08-17,0.9701001
2012-08-20,0.9733001
2012-08-21,0.9761001
2012-08-22,0.9793001
2012-08-23,0.9729001
2012-08-24,0.9694001
2012-08-27,0.9666001
2012-08-28,0.9663001
2012-08-29,0.9651001
2012-08-30,0.9592001
2012-08-31,0.9618000999999998
2012-09-03,
2012-09-04,0.9522001
2012-09-05,0.9488001
2012-09-06,0.9592001
2012-09-07,0.9693001
2012-09-10,0.9640001
2012-09-11,0.9738000999999998
2012-09-12,0.9758000999999998
2012-09-13,0.9853000999999998
2012-09-14,0.9871001
2012-09-17,0.9768001
2012-09-18,0.9749001
2012-09-19,0.9807001
2012-09-20,0.9759000999999998
2012-09-21,0.9770001
2012-09-24,0.9748001
2012-09-25,0.9722000999999998
2012-09-26,0.9676001
2012-09-27,0.9769001
2012-09-28,0.9696001
2012-10-01,0.9703000999999998
2012-10-02,0.9581000999999998
2012-10-03,0.9531001
2012-10-04,0.9574001
2012-10-05,0.9501000999999998
2012-10-08,0.9552001
2012-10-09,0.9547001
2012-10-10,0.9571001
2012-10-11,0.9601000999999998
2012-10-12,0.9569001
2012-10-15,0.9584000999999998
2012-10-16,0.9610001
2012-10-17,0.9719000999999998
2012-10-18,0.9711001
2012-10-19,0.9676001
2012-10-22,0.9648001
2012-10-23,0.9607001
2012-10-24,0.9694001
2012-10-25,0.9715001
2012-10-26,0.9716001
2012-10-29,0.9689001
2012-10-30,0.9724000999999998
2012-10-31,0.9733001
2012-11-01,0.9756001
2012-11-02,0.9701000999999998
2012-11-05,0.9718000999999998
2012-11-06,0.9795001
2012-11-07,0.9775001
2012-11-08,0.9774001
2012-11-09,0.9755001
2012-11-12,0.9794001
2012-11-13,0.9804000999999998
2012-11-14,0.9748001
2012-11-15,0.9698000999999998
2012-11-16,0.9702000999999998
2012-11-19,0.9780000999999998
2012-11-20,0.9743000999999998
2012-11-21,0.9736001
2012-11-22,
2012-11-23,0.9840000999999996
2012-11-26,0.9834000999999998
2012-11-27,0.9825000999999997
2012-11-28,0.9854001
2012-11-29,0.9813001
2012-11-30,0.9803000999999998
2012-12-03,0.9798000999999998
2012-12-04,0.9856001
2012-12-05,0.9844000999999996
2012-12-06,0.9859000999999996
2012-12-07,0.9874000999999998
2012-12-10,0.9873001
2012-12-11,0.9909001
2012-12-12,0.9954000999999998
2012-12-13,0.9907000999999996
2012-12-14,0.9954000999999998
2012-12-17,0.9938001
2012-12-18,0.9923001
2012-12-19,0.9888000999999996
2012-12-20,0.9881001
2012-12-21,0.9803000999999998
2012-12-24,0.9765000999999998
2012-12-25,
2012-12-26,0.9770000999999996
2012-12-27,0.9779000999999998
2012-12-28,0.9774000999999995
2012-12-31,0.9789000999999996
2013-01-01,
2013-01-02,0.9895000999999998
2013-01-03,0.9885001
2013-01-04,0.9883001
2013-01-07,0.9904001
2013-01-08,0.9906001
2013-01-09,0.9919001
2013-01-10,1.0008000999999995
2013-01-11,0.9950000999999998
2013-01-14,0.9980001
2013-01-15,0.9972000999999996
2013-01-16,0.9986001
2013-01-17,0.9960000999999996
2013-01-18,0.9929000999999998
2013-01-21,
2013-01-22,0.9987000999999998
2013-01-23,0.9971000999999998
2013-01-24,0.9897000999999996
2013-01-25,0.9839001
2013-01-28,0.9841001
2013-01-29,0.9891000999999998
2013-01-30,0.9839001
2013-01-31,0.9864001
2013-02-01,0.9841001
2013-02-04,0.9865000999999995
2013-02-05,0.9847001
2013-02-06,0.9749000999999996
2013-02-07,0.9716000999999996
2013-02-08,0.9750000999999996
2013-02-11,0.9721000999999998
2013-02-12,0.9739000999999998
2013-02-13,0.9780000999999998
2013-02-14,0.9792000999999996
2013-02-15,0.9734000999999995
2013-02-18,
2013-02-19,0.9804000999999998
2013-02-20,0.9689000999999996
2013-02-21,0.9680000999999998
2013-02-22,0.9769000999999996
2013-02-25,0.9731000999999996
2013-02-26,0.9682000999999998
2013-02-27,0.9694000999999997
2013-02-28,0.9672000999999996
2013-03-01,0.9645000999999996
2013-03-04,0.9647000999999996
2013-03-05,0.9698000999999998
2013-03-06,0.9698000999999998
2013-03-07,0.9734000999999995
2013-03-08,0.9694000999999997
2013-03-11,0.9730000999999996
2013-03-12,0.9778000999999998
2013-03-13,0.9769000999999996
2013-03-14,0.9845001
2013-03-15,0.9870000999999998
2013-03-18,0.9862001
2013-03-19,0.9834000999999998
2013-03-20,0.9853000999999998
2013-03-21,0.9919001
2013-03-22,0.9914000999999998
2013-03-25,0.9930000999999996
2013-03-26,0.9962000999999996
2013-03-27,0.9920000999999996
2013-03-28,0.9890001
2013-03-29,
2013-04-01,0.9903000999999996
2013-04-02,0.9924000999999996
2013-04-03,0.9941000999999996
2013-04-04,0.9907000999999996
2013-04-05,0.9868000999999998
2013-04-08,0.9893000999999998
2013-04-09,0.9986001
2013-04-10,1.0026001
2013-04-11,1.0036001
2013-04-12,0.9990001
2013-04-15,0.9808000999999996
2013-04-16,0.9870000999999998
2013-04-17,0.9782000999999998
2013-04-18,0.9774001
2013-04-19,0.9772001
2013-04-22,0.9762000999999998
2013-04-23,0.9750001
2013-04-24,0.9783000999999998
2013-04-25,0.9795001
2013-04-26,0.9782000999999998
2013-04-29,0.9857000999999996
2013-04-30,0.9862001
2013-05-01,0.9794001
2013-05-02,0.9758000999999998
2013-05-03,0.9819000999999996
2013-05-06,0.9749001
2013-05-07,0.9692001
2013-05-08,0.9681000999999998
2013-05-09,0.9565000999999996
2013-05-10,0.9521001999999998
2013-05-13,0.9467000999999998
2013-05-14,0.9390001999999998
2013-05-15,0.9384001999999998
2013-05-16,0.9350001999999998
2013-05-17,0.9253000999999998
2013-05-20,0.9335000999999998
2013-05-21,0.9321001999999998
2013-05-22,0.9206002
2013-05-23,0.9258000999999998
2013-05-24,0.9164001999999998
2013-05-27,
2013-05-28,0.9163000999999998
2013-05-29,0.9157002
2013-05-30,0.9196002
2013-05-31,0.9099001999999998
2013-06-03,0.9282001999999998
2013-06-04,0.9164001999999998
2013-06-05,0.9054000999999998
2013-06-06,0.9142001999999998
2013-06-07,0.9031001999999998
2013-06-10,0.9009001999999998
2013-06-11,0.8978000999999999
2013-06-12,0.9022000999999998
2013-06-13,0.9142001999999998
2013-06-14,0.9137000999999998
2013-06-17,0.9065999999999996
2013-06-18,0.9029999999999996
2013-06-19,0.8880999999999998
2013-06-20,0.8715999999999997
2013-06-21,0.8789999999999998
2013-06-24,0.8815999999999997
2013-06-25,0.8807000999999998
2013-06-26,0.8810000999999997
2013-06-27,0.8824999999999997
2013-06-28,0.8707000999999998
2013-07-01,0.8779000999999997
2013-07-02,0.8696999999999997
2013-07-03,0.8635999999999997
2013-07-04,
2013-07-05,0.8617999999999998
2013-07-08,0.8695999999999997
2013-07-09,0.8745000999999998
2013-07-10,0.8670999999999998
2013-07-11,0.8734000999999998
2013-07-12,0.8615999999999997
2013-07-15,0.8657999999999998
2013-07-16,0.8802999999999997
2013-07-17,0.8786999999999997
2013-07-18,0.8730999999999998
2013-07-19,0.8757000999999998
2013-07-22,0.8807000999999998
2013-07-23,0.8860000999999997
2013-07-24,0.8721999999999998
2013-07-25,0.8782000999999997
2013-07-26,0.8827999999999997
2013-07-29,0.8770999999999998
2013-07-30,0.8632999999999997
2013-07-31,0.8577999999999998
2013-08-01,0.8510999999999997
2013-08-02,0.8484000999999998
2013-08-05,0.8487000999999997
2013-08-06,0.8560999999999998
2013-08-07,0.8565999999999997
2013-08-08,0.8698000999999997
2013-08-09,0.8792999999999997
2013-08-12,0.8735000999999998
2013-08-13,0.8682999999999997
2013-08-14,0.8723000999999997
2013-08-15,0.8721999999999998
2013-08-16,0.8782000999999997
2013-08-19,0.8709000999999997
2013-08-20,0.8677000999999998
2013-08-21,0.8609999999999998
2013-08-22,0.8585999999999997
2013-08-23,0.8619000999999997
2013-08-26,0.8617999999999998
2013-08-27,0.8569000999999997
2013-08-28,0.8531999999999997
2013-08-29,0.8524000999999998
2013-08-30,0.8491999999999997
2013-09-02,
2013-09-03,0.8645999999999997
2013-09-04,0.8761999999999998
2013-09-05,0.8714999999999997
2013-09-06,0.8785000999999998
2013-09-09,0.8826999999999997
2013-09-10,0.8907999999999997
2013-09-11,0.8929999999999998
2013-09-12,0.8865999999999997
2013-09-13,0.8850000999999997
2013-09-16,0.8954999999999997
2013-09-17,0.9002000999999997
2013-09-18,0.9149999999999996
2013-09-19,0.9089000999999998
2013-09-20,0.9056000999999996
2013-09-23,0.9095000999999996
2013-09-24,0.9044999999999996
2013-09-25,0.9014999999999996
2013-09-26,0.9012000999999996
2013-09-27,0.8974000999999997
2013-09-30,0.8981000999999997
2013-10-01,0.9042999999999998
2013-10-02,0.9042999999999998
2013-10-03,0.9059999999999996
2013-10-04,0.9089999999999996
2013-10-07,0.9097999999999996
2013-10-08,0.9086000999999996
2013-10-09,0.9107999999999996
2013-10-10,0.9121000999999996
2013-10-11,0.9131999999999996
2013-10-14,0.9142000999999996
2013-10-15,0.9171000999999998
2013-10-16,0.9218999999999996
2013-10-17,0.9301000999999998
2013-10-18,0.9332999999999996
2013-10-21,0.9323999999999998
2013-10-22,0.9372999999999996
2013-10-23,0.9286999999999996
2013-10-24,0.9282000999999998
2013-10-25,0.9254000999999996
2013-10-28,0.9251000999999998
2013-10-29,0.9154000999999996
2013-10-30,0.9139999999999996
2013-10-31,0.9132999999999998
2013-11-01,0.9111000999999996
2013-11-04,0.9182999999999998
2013-11-05,0.9168999999999996
2013-11-06,0.9210000999999998
2013-11-07,0.9137999999999996
2013-11-08,0.9055000999999996
2013-11-11,0.9024999999999996
2013-11-12,0.8977999999999997
2013-11-13,0.9003999999999998
2013-11-14,0.8999999999999997
2013-11-15,0.9044999999999996
2013-11-18,0.9059999999999996
2013-11-19,0.9102000999999996
2013-11-20,0.9014999999999996
2013-11-21,0.8906999999999997
2013-11-22,0.8854999999999997
2013-11-25,0.8845999999999997
2013-11-26,0.8825000999999997
2013-11-27,0.8766999999999997
2013-11-28,
2013-11-29,0.8794000999999997
2013-12-02,0.8794000999999997
2013-12-03,0.8831999999999998
2013-12-04,0.8722000999999997
2013-12-05,0.8761999999999998
2013-12-06,0.8794999999999997
2013-12-09,0.8804999999999997
2013-12-10,0.8854999999999997
2013-12-11,0.8762999999999997
2013-12-12,0.8637999999999997
2013-12-13,0.8664999999999997
2013-12-16,0.8657999999999997
2013-12-17,0.8606999999999997
2013-12-18,0.8595999999999997
2013-12-19,0.8567999999999997
2013-12-20,0.8629999999999998
2013-12-23,0.8647999999999997
2013-12-24,0.8640999999999998
2013-12-25,
2013-12-26,0.8608999999999998
2013-12-27,0.8582999999999997
2013-12-30,0.8629999999999998
2013-12-31,0.8644999999999997
2014-01-01,
2014-01-02,0.8626999999999997
2014-01-03,0.8695999999999997
2014-01-06,0.8684999999999997
2014-01-07,0.8642999999999997
2014-01-08,0.8631999999999997
2014-01-09,0.8613999999999997
2014-01-10,0.8716999999999997
2014-01-13,0.8783999999999997
2014-01-14,0.8683999999999997
2014-01-15,0.8635999999999997
2014-01-16,0.8544999999999997
2014-01-17,0.8499999999999998
2014-01-20,
2014-01-21,0.8532999999999997
2014-01-22,0.8576999999999997
2014-01-23,0.8493999999999997
2014-01-24,0.8446999999999997
2014-01-27,0.8485999999999997
2014-01-28,0.8505999999999997
2014-01-29,0.8480999999999997
2014-01-30,0.8521999999999997
2014-01-31,0.8483999999999997
2014-02-03,0.8492999999999997
2014-02-04,0.8670999999999998
2014-02-05,0.8646999999999997
2014-02-06,0.8703999999999997
2014-02-07,0.8700999999999998
2014-02-10,0.8686999999999997
2014-02-11,0.8778999999999997
2014-02-12,0.8774999999999997
2014-02-13,0.8733999999999997
2014-02-14,0.8780999999999998
2014-02-17,0.8774499999999997
2014-02-18,0.8779999999999997
2014-02-19,0.8750999999999998
2014-02-20,0.8746999999999997
2014-02-21,0.8721999999999998
2014-02-24,0.8788999999999997
2014-02-25,0.8767999999999997
2014-02-26,0.8710999999999998
2014-02-27,0.8715999999999997
2014-02-28,0.8682999999999997
2014-03-03,0.8682999999999997
2014-03-04,0.8697999999999997
2014-03-05,0.8738999999999997
2014-03-06,0.8852999999999998
2014-03-07,0.8823499999999997
2014-03-10,0.8780999999999998
2014-03-11,0.8725999999999997
2014-03-12,0.8746999999999997
2014-03-13,0.8789999999999997
2014-03-14,
2014-03-17,0.8848999999999997
2014-03-18,0.8893999999999996
2014-03-19,0.8812999999999996
2014-03-20,0.8805999999999997
2014-03-21,0.8850999999999997
2014-03-24,
2014-03-25,0.8932999999999996
2014-03-26,0.8993999999999996
2014-03-27,0.9029999999999996
2014-03-28,0.9017999999999996
2014-03-31,0.9042999999999995
2014-04-01,0.9010999999999996
2014-04-02,0.9009999999999996
2014-04-03,0.8995999999999996
2014-04-04,
2014-04-07,0.9043999999999996
2014-04-08,0.9070499999999996
2014-04-09,
2014-04-10,0.9187999999999996
2014-04-11,0.9174999999999996
2014-04-14,0.9189999999999996
2014-04-15,0.9129999999999996
2014-04-16,0.9162999999999996
2014-04-17,0.9108999999999996
2014-04-18,
2014-04-21,0.9118999999999996
2014-04-22,0.9145999999999996
2014-04-23,0.9067999999999996
2014-04-24,
2014-04-25,0.9056999999999996
2014-04-28,0.9032499999999996
2014-04-29,0.9043297349709112
2014-04-30,0.9075999999999996
2014-05-01,0.9061999999999996
2014-05-02,0.9058999999999996
2014-05-05,0.9066999999999996
2014-05-06,0.9149999999999996
2014-05-07,0.9127999999999996
2014-05-08,0.9173999999999995
2014-05-09,0.9150999999999996
2014-05-12,0.9158999999999996
2014-05-13,0.9151999999999996
2014-05-14,0.9173999999999995
2014-05-15,0.9154999999999996
2014-05-16,0.9165999999999996
2014-05-19,0.9130999999999996
2014-05-20,0.9055999999999996
2014-05-21,0.9034999999999996
2014-05-22,0.9029999999999996
2014-05-23,0.9039999999999996
2014-05-26,
2014-05-27,0.9064499999999996
2014-05-28,0.9039999999999996
2014-05-29,0.9101999999999996
2014-05-30,0.9114624999999996
2014-06-02,0.9053999999999996
2014-06-03,0.9067999999999996
2014-06-04,0.9083499999999995
2014-06-05,0.9154999999999996
2014-06-06,0.9146999999999996
2014-06-09,0.9164999999999996
2014-06-10,0.9186999999999996
2014-06-11,0.9197999999999996
2014-06-12,0.9238999999999996
2014-06-13,0.9214999999999997
2014-06-16,0.9216499999999996
2014-06-17,0.9151999999999996
2014-06-18,0.9223999999999996
2014-06-19,0.9221999999999996
2014-06-20,0.9207999999999996
2014-06-23,0.9238999999999996
2014-06-24,0.9204499999999995
2014-06-25,0.9221999999999996
2014-06-26,0.9236999999999996
2014-06-27,0.9249999999999996
2014-06-30,0.9255999999999996
2014-07-01,0.9322999999999996
2014-07-02,0.9265999999999996
2014-07-03,0.9179499999999996
2014-07-04,0.9182499999999996
2014-07-07,0.9205999999999996
2014-07-08,0.9232999999999996
2014-07-09,0.9245999999999996
2014-07-10,0.9230999999999996
2014-07-11,0.9223999999999996
2014-07-14,0.9226999999999996
2014-07-15,0.9208999999999996
2014-07-16,0.9203999999999996
2014-07-17,0.9197999999999996
2014-07-18,0.9234999999999997
2014-07-21,0.9217999999999996
2014-07-22,0.9235999999999996
2014-07-23,0.9299999999999996
2014-07-24,0.9264999999999995
2014-07-25,0.9239499999999996
2014-07-28,0.9253999999999996
2014-07-29,0.9225499999999996
2014-07-30,0.9228499999999996
2014-07-31,0.9228499999999996
2014-08-01,
2014-08-04,
2014-08-05,
2014-08-06,0.9201999999999996
2014-08-07,0.9123499999999996
2014-08-08,0.9127999999999996
2014-08-11,0.9116999999999996
2014-08-12,0.9129999999999996
2014-08-13,0.9160999999999996
2014-08-14,0.9173999999999995
2014-08-15,0.9181999999999996
2014-08-18,0.9183999999999996
2014-08-19,0.9162999999999996
2014-08-20,0.9150999999999996
2014-08-21,0.9161999999999996
2014-08-22,0.9175999999999996
2014-08-25,0.9159999999999996
2014-08-26,0.9169999999999996
2014-08-27,0.9201999999999996
2014-08-28,0.9224999999999997
2014-08-29,0.9205999999999996
2014-09-01,0.9206499999999996
2014-09-02,0.9146999999999996
2014-09-03,0.9216999999999996
2014-09-04,0.9222999999999996
2014-09-05,0.9248999999999996
2014-09-08,0.9152999999999996
2014-09-09,0.9077999999999996
2014-09-10,0.9031999999999996
2014-09-11,0.8967999999999997
2014-09-12,0.8919999999999997
2014-09-15,0.8905999999999997
2014-09-16,0.8971999999999997
2014-09-17,0.8847999999999997
2014-09-18,0.8866999999999997
2014-09-19,0.8809999999999997
2014-09-22,0.8760999999999997
2014-09-23,0.8730999999999997
2014-09-24,0.8761999999999996
2014-09-25,0.8673999999999997
2014-09-26,0.8652999999999997
2014-09-29,0.8612999999999997
2014-09-30,0.8633999999999997
2014-10-01,0.8618999999999997
2014-10-02,0.8696999999999996
2014-10-03,0.8563999999999997
2014-10-06,0.8588499999999997
2014-10-07,0.8710999999999997
2014-10-08,0.8732999999999997
2014-10-09,0.8670999999999996
2014-10-10,0.8591999999999997
2014-10-13,0.8659499999999997
2014-10-14,0.8612999999999997
2014-10-15,0.8709999999999997
2014-10-16,0.8666999999999997
2014-10-17,0.8661999999999997
2014-10-20,0.8695999999999997
2014-10-21,0.8680999999999996
2014-10-22,0.8681999999999997
2014-10-23,0.8659999999999997
2014-10-24,0.8703999999999997
2014-10-27,0.8707999999999997
2014-10-28,0.8761999999999996
2014-10-29,0.8700999999999997
2014-10-30,0.8744999999999997
2014-10-31,0.8705999999999997
2014-11-03,0.8600999999999996
2014-11-04,0.8648999999999997
2014-11-05,0.8504999999999997
2014-11-06,0.8479999999999996
2014-11-07,0.8553999999999997
2014-11-10,0.8530999999999997
2014-11-11,0.8611999999999997
2014-11-12,0.8632999999999997
2014-11-13,0.8633999999999997
2014-11-14,0.8680999999999996
2014-11-17,0.8627999999999997
2014-11-18,0.8644999999999997
2014-11-19,0.8535999999999997
2014-11-20,0.8552999999999997
2014-11-21,0.8587999999999997
2014-11-24,0.8538999999999997
2014-11-25,0.8456999999999997
2014-11-26,0.8475999999999997
2014-11-27,0.8472999999999997
2014-11-28,0.8433999999999997
2014-12-01,0.8424999999999997
2014-12-02,0.8376999999999998
2014-12-03,0.8332999999999997
2014-12-04,0.8316999999999997
2014-12-05,0.8256999999999998
2014-12-08,0.8224999999999997
2014-12-09,0.8231999999999997
2014-12-10,0.8259999999999997
2014-12-11,0.8196999999999997
2014-12-12,0.8189999999999997
2014-12-15,0.8140999999999997
2014-12-16,0.8141999999999997
2014-12-17,0.8059999999999997
2014-12-18,0.8097999999999997
2014-12-19,0.8081999999999997
2014-12-22,0.8062999999999997
2014-12-23,0.8028999999999997
2014-12-24,0.8040999999999997
2014-12-25,
2014-12-26,
2014-12-29,0.8071999999999997
2014-12-30,0.8119999999999997
2014-12-31,0.8112999999999997
2015-01-01,
2015-01-02,0.8047999999999997
2015-01-05,0.8038999999999997
2015-01-06,0.8040999999999997
2015-01-07,0.8013999999999997
2015-01-08,0.8058999999999997
2015-01-09,0.8148999999999997
2015-01-12,0.8106999999999998
2015-01-13,0.8113999999999997
2015-01-14,0.8103999999999998
2015-01-15,0.8172999999999997
2015-01-16,0.8186999999999998
2015-01-19,0.8158999999999997
2015-01-20,0.8125999999999998
2015-01-21,0.8041999999999997
2015-01-22,0.7994999999999998
2015-01-23,0.7875999999999997
2015-01-26,0.7880999999999997
2015-01-27,0.7897999999999997
2015-01-28,0.7863999999999997
2015-01-29,0.7730999999999998
2015-01-30,0.7746999999999997
2015-02-02,0.7770999999999997
2015-02-03,0.7773999999999998
2015-02-04,0.7746999999999997
2015-02-05,0.7781999999999998
2015-02-06,0.7762999999999998
2015-02-09,0.7777999999999997
2015-02-10,0.7737999999999997
2015-02-11,0.7680999999999998
2015-02-12,0.7715999999999997
2015-02-13,0.7735999999999997
2015-02-16,0.7738999999999997
2015-02-17,0.7788999999999997
2015-02-18,0.7792999999999998
2015-02-19,0.7758999999999997
2015-02-20,0.7805999999999997
2015-02-23,0.7770999999999997
2015-02-24,0.7809999999999997
2015-02-25,0.7865999999999997
2015-02-26,0.7766999999999997
2015-02-27,0.7787499999999997
2015-03-02,0.7743999999999996
2015-03-03,0.7795999999999997
2015-03-04,0.7799999999999997
2015-03-05,0.7750999999999997
2015-03-06,0.7698999999999997
2015-03-09,0.7682999999999998
2015-03-10,0.7606999999999997
2015-03-11,0.7577999999999997
2015-03-12,0.7690999999999998
2015-03-13,0.7613999999999997
2015-03-16,0.7617999999999998
2015-03-17,0.7594999999999997
2015-03-18,0.7758999999999998
2015-03-19,0.7626999999999998
2015-03-20,0.7755999999999997
2015-03-23,0.7862999999999998
2015-03-24,0.7860999999999998
2015-03-25,0.7832999999999998
2015-03-26,0.7814999999999998
2015-03-27,0.7738999999999998
2015-03-30,0.7631999999999998
2015-03-31,0.7599999999999998
2015-04-01,0.7589999999999998
2015-04-02,0.7566999999999998
2015-04-03,
2015-04-06,0.7653499999999998
2015-04-07,0.7628999999999998
2015-04-08,0.7684999999999997
2015-04-09,0.7679999999999998
2015-04-10,0.7675999999999997
2015-04-13,0.7585999999999997
2015-04-14,0.7620999999999998
2015-04-15,0.7672999999999998
2015-04-16,0.7791999999999998
2015-04-17,0.7783999999999998
2015-04-20,0.7718999999999998
2015-04-21,0.7702999999999998
2015-04-22,0.7759999999999998
2015-04-23,0.7775999999999997
2015-04-24,0.7821999999999998
2015-04-27,0.7850999999999997
2015-04-28,0.8009999999999998
2015-04-29,0.8021999999999998
2015-04-30,0.7913999999999998
2015-05-01,0.7841999999999998
2015-05-04,0.7844999999999998
2015-05-05,0.7943999999999998
2015-05-06,0.7968999999999997
2015-05-07,0.7907999999999997
2015-05-08,0.7937999999999997
2015-05-11,0.7899999999999998
2015-05-12,0.7996999999999997
2015-05-13,0.8107999999999997
2015-05-14,0.8089999999999997
2015-05-15,0.8043999999999998
2015-05-18,0.7994999999999998
2015-05-19,0.7922999999999998
2015-05-20,0.7894999999999998
2015-05-21,0.7900999999999997
2015-05-22,0.7824999999999998
2015-05-25,0.7836999999999998
2015-05-26,0.7745999999999997
2015-05-27,0.7739999999999998
2015-05-28,0.7662999999999998
2015-05-29,0.7660999999999998
2015-06-01,0.7620999999999998
2015-06-02,0.7789999999999998
2015-06-03,0.7799999999999998
2015-06-04,0.7700999999999998
2015-06-05,0.7640999999999998
2015-06-08,0.7720999999999998
2015-06-09,0.7701999999999998
2015-06-10,0.7778999999999998
2015-06-11,0.7780999999999997
2015-06-12,0.7752999999999998
2015-06-15,0.7783999999999998
2015-06-16,0.7764999999999999
2015-06-17,0.7756999999999998
2015-06-18,0.7820999999999998
2015-06-19,0.7791999999999998
2015-06-22,0.7750999999999998
2015-06-23,0.7753999999999998
2015-06-24,0.7728999999999998
2015-06-25,0.7764999999999999
2015-06-26,0.7678999999999998
2015-06-29,0.7714999999999999
2015-06-30,0.7736999999999998
2015-07-01,0.7676999999999998
2015-07-02,0.7657999999999998
2015-07-03,0.7540999999999998
2015-07-06,0.7526999999999998
2015-07-07,0.7482999999999999
2015-07-08,0.7460999999999998
2015-07-09,0.7471999999999998
2015-07-10,0.7475999999999998
2015-07-13,0.7443999999999998
2015-07-14,0.7480999999999998
2015-07-15,0.7410999999999998
2015-07-16,0.7441999999999998
2015-07-17,0.7414999999999998
2015-07-20,0.7410999999999998
2015-07-21,0.7454999999999998
2015-07-22,0.7408999999999998
2015-07-23,0.7394999999999998
2015-07-24,0.7321999999999999
2015-07-27,0.7313999999999998
2015-07-28,0.7365999999999998
2015-07-29,0.7333999999999998
2015-07-30,0.7332999999999998
2015-07-31,0.7350999999999998
2015-08-03,0.7315999999999998
2015-08-04,0.7420999999999998
2015-08-05,0.7394999999999998
2015-08-06,0.7390999999999998
2015-08-07,0.7449999999999998
2015-08-10,0.7451999999999998
2015-08-11,0.7343999999999998
2015-08-12,0.7430999999999998
2015-08-13,0.7411999999999999
2015-08-14,0.7421999999999999
2015-08-17,0.7421999999999999
2015-08-18,0.7388999999999998
2015-08-19,0.7401999999999999
2015-08-20,0.7386999999999998
2015-08-21,0.7384999999999998
2015-08-24,0.7229999999999998
2015-08-25,0.7184999999999998
2015-08-26,0.7166999999999998
2015-08-27,0.7217999999999998
2015-08-28,0.7216999999999998
2015-08-31,0.7166499999999998
2015-09-01,
2015-09-02,0.7092999999999998
2015-09-03,0.7063999999999998
2015-09-04,0.6976999999999998
2015-09-07,0.6983499999999998
2015-09-08,0.7082999999999998
2015-09-09,0.7069999999999999
2015-09-10,0.7127999999999999
2015-09-11,0.7140999999999998
2015-09-14,0.7191999999999998
2015-09-15,0.7198999999999998
2015-09-16,0.7254999999999998
2015-09-17,0.7238999999999998
2015-09-18,0.7253999999999998
2015-09-21,0.7182499999999998
2015-09-22,0.7146999999999998
2015-09-23,0.7048999999999997
2015-09-24,0.7089999999999997
2015-09-25,0.7089999999999997
2015-09-28,0.7043999999999998
2015-09-29,0.7053999999999998
2015-09-30,0.7080999999999998
2015-10-01,0.7091999999999998
2015-10-02,0.7104999999999998
2015-10-05,0.7149999999999997
2015-10-06,0.7236999999999998
2015-10-07,0.7276999999999998
2015-10-08,0.7323999999999998
2015-10-09,0.7389999999999998
2015-10-12,0.7423999999999998
2015-10-13,0.7327999999999998
2015-10-14,0.7371999999999997
2015-10-15,0.7392999999999998
2015-10-16,0.7338999999999998
2015-10-19,0.7313999999999998
2015-10-20,0.7327999999999998
2015-10-21,0.7281999999999998
2015-10-22,0.7281999999999998
2015-10-23,0.7285999999999998
2015-10-26,0.7319999999999998
2015-10-27,0.7263999999999998
2015-10-28,0.7181999999999998
2015-10-29,0.7177499999999998
2015-10-30,
2015-11-02,0.7215999999999998
2015-11-03,0.7270999999999997
2015-11-04,0.7226999999999998
2015-11-05,0.7216999999999998
2015-11-06,0.7123999999999998
2015-11-09,0.7127999999999998
2015-11-10,0.7102999999999998
2015-11-11,0.7137999999999998
2015-11-12,0.7201999999999998
2015-11-13,0.7205999999999998
2015-11-16,0.7172999999999998
2015-11-17,0.7196999999999998
2015-11-18,0.7185999999999998
2015-11-19,0.7271999999999998
2015-11-20,0.7318999999999998
2015-11-23,0.7272999999999998
2015-11-24,0.7327999999999998
2015-11-25,0.7338999999999998
2015-11-26,0.7318499999999998
2015-11-27,0.7277999999999998
2015-11-30,0.7314999999999998
2015-12-01,0.7409999999999998
2015-12-02,0.7389999999999998
2015-12-03,0.7442999999999999
2015-12-04,0.7422999999999998
2015-12-07,0.7352999999999998
2015-12-08,0.7298999999999998
2015-12-09,0.7323999999999998
2015-12-10,0.7368999999999998
2015-12-11,0.7275999999999998
2015-12-14,0.7326999999999998
2015-12-15,0.7283999999999997
2015-12-16,0.7346999999999998
2015-12-17,0.7204999999999998
2015-12-18,0.7272999999999997
2015-12-21,0.7279999999999998
2015-12-22,0.7320999999999998
2015-12-23,0.7329999999999998
2015-12-24,0.7368499999999998
2015-12-25,
2015-12-28,0.7350999999999998
2015-12-29,0.7396999999999998
2015-12-30,0.7386999999999998
2015-12-31,0.7384999999999997
2016-01-01,
2016-01-04,0.7280999999999997
2016-01-05,0.7262999999999998
2016-01-06,0.7165999999999998
2016-01-07,0.7105999999999998
2016-01-08,0.7075999999999998
2016-01-11,0.7093999999999998
2016-01-12,0.7090999999999997
2016-01-13,0.7067999999999998
2016-01-14,0.7088999999999998
2016-01-15,0.6963999999999998
2016-01-18,0.6967499999999998
2016-01-19,0.7016999999999998
2016-01-20,0.7022999999999997
2016-01-21,0.7093999999999998
2016-01-22,0.7107999999999998
2016-01-25,0.7061999999999997
2016-01-26,0.7123999999999997
2016-01-27,0.7134999999999998
2016-01-28,0.7191999999999997
2016-01-29,0.7187999999999998
2016-02-01,0.7212999999999998
2016-02-02,0.7159999999999997
2016-02-03,0.7288999999999998
2016-02-04,0.7310999999999998
2016-02-05,0.7183999999999997
2016-02-08,0.7198999999999998
2016-02-09,0.7178999999999998
2016-02-10,0.7216999999999998
2016-02-11,0.7212999999999998
2016-02-12,0.7212999999999998
2016-02-15,0.7257499999999997
2016-02-16,0.7217999999999998
2016-02-17,0.7291999999999997
2016-02-18,0.7262999999999998
2016-02-19,0.7265999999999998
2016-02-22,0.7352999999999997
2016-02-23,0.7331999999999997
2016-02-24,0.7319999999999998
2016-02-25,0.7347999999999998
2016-02-26,0.7246999999999998
2016-02-29,0.7254999999999997
2016-03-01,0.7297999999999998
2016-03-02,0.7411999999999997
2016-03-03,0.7478999999999998
2016-03-04,0.7552999999999997
2016-03-07,0.7591999999999998
2016-03-08,0.7557999999999998
2016-03-09,0.7604999999999997
2016-03-10,0.7568999999999998
2016-03-11,0.7683999999999997
2016-03-14,0.7640999999999998
2016-03-15,0.7582999999999998
2016-03-16,0.7676999999999997
2016-03-17,0.7772999999999998
2016-03-18,0.7725999999999997
2016-03-21,0.7702999999999998
2016-03-22,0.7747999999999997
2016-03-23,0.7657999999999997
2016-03-24,0.7654999999999997
2016-03-25,
2016-03-28,0.7675499999999997
2016-03-29,0.7764999999999996
2016-03-30,0.7801999999999998
2016-03-31,0.7799999999999997
2016-04-01,0.7806999999999997
2016-04-04,0.7733999999999998
2016-04-05,0.7665999999999997
2016-04-06,0.7736999999999997
2016-04-07,0.7638999999999997
2016-04-08,0.7685999999999997
2016-04-11,0.7729999999999997
2016-04-12,0.7814999999999996
2016-04-13,0.7789999999999997
2016-04-14,0.7829999999999997
2016-04-15,0.7851999999999998
2016-04-18,0.7882999999999998
2016-04-19,0.7953999999999998
2016-04-20,0.7926999999999997
2016-04-21,0.7879999999999997
2016-04-22,0.7851999999999998
2016-04-25,0.7847999999999997
2016-04-26,0.7878999999999997
2016-04-27,0.7717999999999997
2016-04-28,0.7767999999999997
2016-04-29,0.7743999999999998
2016-05-02,0.7805999999999997
2016-05-03,0.7633999999999997
2016-05-04,0.7598999999999997
2016-05-05,0.7606999999999997
2016-05-06,0.7512999999999997
2016-05-09,0.7452999999999997
2016-05-10,0.7506999999999997
2016-05-11,0.7520999999999998
2016-05-12,0.7471999999999998
2016-05-13,0.7414999999999997
2016-05-16,0.7436999999999997
2016-05-17,0.7476999999999997
2016-05-18,0.7371999999999997
2016-05-19,0.7370999999999998
2016-05-20,0.7374999999999997
2016-05-23,0.7372999999999997
2016-05-24,0.7327999999999998
2016-05-25,0.7350999999999998
2016-05-26,0.7369999999999998
2016-05-27,0.7333999999999997
2016-05-30,0.7333999999999997
2016-05-31,0.7378999999999998
2016-06-01,0.7407999999999997
2016-06-02,0.7379999999999998
2016-06-03,0.7516999999999997
2016-06-06,0.7522999999999997
2016-06-07,0.7609999999999998
2016-06-08,0.7627999999999997
2016-06-09,0.7593999999999997
2016-06-10,0.7534999999999997
2016-06-13,0.7542999999999997
2016-06-14,0.7514999999999997
2016-06-15,0.7562999999999998
2016-06-16,0.7528999999999998
2016-06-17,0.7549999999999998
2016-06-20,0.7608999999999998
2016-06-21,0.7614999999999997
2016-06-22,0.7658999999999998
2016-06-23,0.7763999999999998
2016-06-24,0.7630999999999998
2016-06-27,0.7500999999999998
2016-06-28,0.7551999999999998
2016-06-29,0.7598999999999998
2016-06-30,0.7619999999999998
2016-07-01,0.7652999999999998
2016-07-04,0.7702999999999998
2016-07-05,0.7618999999999998
2016-07-06,0.7679999999999998
2016-07-07,0.7646999999999998
2016-07-08,0.7728999999999998
2016-07-11,0.7696999999999997
2016-07-12,0.7791999999999997
2016-07-13,0.7768999999999998
2016-07-14,0.7799999999999998
2016-07-15,0.7761999999999998
2016-07-18,0.7762999999999998
2016-07-19,0.7671999999999999
2016-07-20,0.7639999999999998
2016-07-21,0.7660999999999998
2016-07-22,0.7632999999999998
2016-07-25,0.7637999999999998
2016-07-26,0.7673999999999997
2016-07-27,0.7651999999999998
2016-07-28,0.7671999999999999
2016-07-29,0.7775999999999997
2016-08-01,0.7734999999999997
2016-08-02,0.7777999999999998
2016-08-03,0.7750999999999998
2016-08-04,0.7804499999999998
2016-08-05,0.7793999999999998
2016-08-08,0.7825999999999997
2016-08-09,0.7839999999999998
2016-08-10,0.7882999999999998
2016-08-11,0.7878999999999998
2016-08-12,0.7824999999999998
2016-08-15,0.7845999999999997
2016-08-16,0.7868999999999998
2016-08-17,0.7827999999999997
2016-08-18,0.7863999999999998
2016-08-19,0.7800999999999998
2016-08-22,0.7802499999999998
2016-08-23,0.7793999999999998
2016-08-24,0.7788999999999998
2016-08-25,0.7794999999999997
2016-08-26,0.7742999999999998
2016-08-29,0.7748999999999998
2016-08-30,0.7685999999999997
2016-08-31,0.7694999999999997
2016-09-01,0.7731999999999998
2016-09-02,0.7747999999999998
2016-09-05,0.7764499999999998
2016-09-06,0.7864999999999998
2016-09-07,0.7850999999999998
2016-09-08,0.7822999999999998
2016-09-09,0.7719999999999998
2016-09-12,0.7746999999999997
2016-09-13,0.7643999999999997
2016-09-14,0.7650999999999998
2016-09-15,0.7690999999999998
2016-09-16,0.7671999999999998
2016-09-19,0.7713999999999998
2016-09-20,0.7738999999999998
2016-09-21,0.7805999999999998
2016-09-22,0.7823999999999998
2016-09-23,0.7804999999999999
2016-09-26,0.7821999999999998
2016-09-27,0.7846999999999998
2016-09-28,0.7871999999999998
2016-09-29,0.7821999999999998
2016-09-30,0.7844999999999998
2016-10-03,0.7858999999999997
2016-10-04,0.7809999999999998
2016-10-05,0.7803999999999998
2016-10-06,0.7771999999999998
2016-10-07,0.7769999999999998
2016-10-10,0.7791999999999998
2016-10-11,0.7724999999999999
2016-10-12,0.7750999999999998
2016-10-13,0.7753999999999998
2016-10-14,0.7798999999999998
2016-10-17,0.7811999999999998
2016-10-18,0.7853999999999998
2016-10-19,0.7904999999999998
2016-10-20,0.7812999999999998
2016-10-21,0.7792999999999998
2016-10-24,0.7796999999999998
2016-10-25,0.7830999999999998
2016-10-26,0.7833999999999998
2016-10-27,0.7777999999999998
2016-10-28,0.7785999999999998
2016-10-31,0.7797999999999998
2016-11-01,0.7840999999999998
2016-11-02,0.7850999999999998
2016-11-03,0.7872999999999998
2016-11-04,0.7863999999999998
2016-11-07,0.7916999999999998
2016-11-08,0.7961999999999998
2016-11-09,0.7844999999999998
2016-11-10,0.7799999999999998
2016-11-11,0.7742999999999998
2016-11-14,0.7741999999999998
2016-11-15,0.7748999999999998
2016-11-16,0.7666999999999998
2016-11-17,0.7607999999999998
2016-11-18,0.7531999999999998
2016-11-21,0.7565999999999998
2016-11-22,0.7594999999999998
2016-11-23,0.7577999999999998
2016-11-24,0.7594999999999998
2016-11-25,0.7627999999999998
2016-11-28,0.7670999999999998
2016-11-29,0.7675499999999998
2016-11-30,0.7577999999999998
2016-12-01,0.7612999999999998
2016-12-02,0.7647999999999998
2016-12-05,0.7667999999999998
2016-12-06,0.7656999999999998
2016-12-07,0.7673999999999999
2016-12-08,0.7658999999999998
2016-12-09,0.7649999999999998
2016-12-12,0.7687999999999998
2016-12-13,0.7695999999999998
2016-12-14,0.7608999999999998
2016-12-15,0.7553999999999997
2016-12-16,0.7493999999999997
2016-12-19,0.7445999999999998
2016-12-20,0.7453999999999997
2016-12-21,0.7444999999999998
2016-12-22,0.7408999999999998
2016-12-23,0.7370999999999998
2016-12-26,
2016-12-27,0.7379999999999998
2016-12-28,0.7380999999999998
2016-12-29,0.7408999999999998
2016-12-30,0.7416999999999998
2017-01-02,
2017-01-03,0.7421999999999997
2017-01-04,0.7482999999999997
2017-01-05,0.7544999999999997
2017-01-06,0.7495999999999998
2017-01-09,0.7553999999999997
2017-01-10,0.7572999999999998
2017-01-11,0.7643999999999997
2017-01-12,0.7689999999999998
2017-01-13,0.7704999999999997
2017-01-16,0.7682999999999998
2017-01-17,0.7767999999999998
2017-01-18,0.7711999999999998
2017-01-19,0.7763999999999998
2017-01-20,0.7753999999999998
2017-01-23,0.7776999999999997
2017-01-24,0.7785999999999997
2017-01-25,0.7771999999999997
2017-01-26,0.7741999999999998
2017-01-27,0.7753999999999998
2017-01-30,0.7752999999999998
2017-01-31,0.7787999999999998
2017-02-01,0.7788999999999998
2017-02-02,0.7867999999999997
2017-02-03,0.7887999999999997
2017-02-06,0.7866999999999997
2017-02-07,0.7835999999999997
2017-02-08,0.7844999999999998
2017-02-09,0.7834999999999998
2017-02-10,0.7879999999999998
2017-02-13,0.7850999999999998
2017-02-14,0.7864999999999998
2017-02-15,0.7925999999999997
2017-02-16,0.7901999999999998
2017-02-17,0.7874999999999998
2017-02-20,0.7892499999999998
2017-02-21,0.7888999999999998
2017-02-22,0.7915999999999997
2017-02-23,0.7926999999999997
2017-02-24,0.7886999999999997
2017-02-27,0.7884999999999998
2017-02-28,0.7866999999999997
2017-03-01,0.7886999999999997
2017-03-02,0.7781999999999998
2017-03-03,0.7807999999999998
2017-03-06,0.7793999999999998
2017-03-07,0.7799999999999998
2017-03-08,0.7741999999999998
2017-03-09,0.7720999999999998
2017-03-10,0.7760999999999998
2017-03-13,0.7784999999999999
2017-03-14,0.7771999999999998
2017-03-15,0.7923999999999999
2017-03-16,0.7890999999999998
2017-03-17,0.7918999999999998
2017-03-20,0.7943999999999999
2017-03-21,0.7904999999999999
2017-03-22,0.7891999999999998
2017-03-23,0.7843999999999999
2017-03-24,0.7838999999999998
2017-03-27,0.7835999999999999
2017-03-28,0.7848999999999998
2017-03-29,0.7885999999999999
2017-03-30,0.7866999999999998
2017-03-31,0.7857999999999998
2017-04-03,0.7821999999999998
2017-04-04,0.7779999999999998
2017-04-05,0.7787999999999998
2017-04-06,0.7759999999999998
2017-04-07,0.7720999999999998
2017-04-10,0.7716999999999999
2017-04-11,0.7712999999999999
2017-04-12,0.7734999999999999
2017-04-13,0.7781999999999998
2017-04-14,
2017-04-17,0.7806999999999998
2017-04-18,0.7774999999999999
2017-04-19,0.7716999999999999
2017-04-20,0.7741999999999998
2017-04-21,0.7756999999999998
2017-04-24,0.7783999999999999
2017-04-25,0.7755999999999998
2017-04-26,0.7693999999999999
2017-04-27,0.7690999999999998
2017-04-28,0.7706999999999998
2017-05-01,0.7749999999999998
2017-05-02,0.7750999999999998
2017-05-03,0.7647999999999998
2017-05-04,0.7631999999999999
2017-05-05,0.7645999999999998
2017-05-08,0.7604999999999998
2017-05-09,0.7561999999999999
2017-05-10,0.7585999999999998
2017-05-11,0.7601999999999999
2017-05-12,0.7607999999999998
2017-05-15,0.7636999999999998
2017-05-16,0.7647999999999998
2017-05-17,0.7653999999999999
2017-05-18,0.7641999999999999
2017-05-19,0.7679999999999998
2017-05-22,0.7701499999999998
2017-05-23,0.7699999999999998
2017-05-24,0.7724999999999999
2017-05-25,0.7678999999999998
2017-05-26,0.7661999999999999
2017-05-29,0.7666499999999998
2017-05-30,0.7688999999999998
2017-05-31,0.7656999999999998
2017-06-01,0.7597999999999998
2017-06-02,0.7664999999999998
2017-06-05,0.7710999999999998
2017-06-06,0.7733999999999999
2017-06-07,0.7776999999999998
2017-06-08,0.7773999999999999
2017-06-09,0.7754999999999999
2017-06-12,0.7769999999999998
2017-06-13,0.7763999999999999
2017-06-14,0.7818999999999998
2017-06-15,0.7804999999999999
2017-06-16,0.7849999999999998
2017-06-19,0.7822999999999999
2017-06-20,0.7799999999999998
2017-06-21,0.7780999999999998
2017-06-22,0.7767999999999998
2017-06-23,0.7797999999999998
2017-06-26,0.7813999999999999
2017-06-27,0.7815999999999999
2017-06-28,0.7868999999999998
2017-06-29,0.7911999999999998
2017-06-30,0.7916999999999998
2017-07-03,0.7882999999999999
2017-07-04,0.7836999999999998
2017-07-05,0.7828999999999998
2017-07-06,0.7812999999999999
2017-07-07,0.7829999999999998
2017-07-10,0.7836499999999998
2017-07-11,
2017-07-12,0.7906999999999998
2017-07-13,0.7961999999999998
2017-07-14,0.8056999999999999
2017-07-17,0.8027999999999998
2017-07-18,0.8148999999999998
2017-07-19,0.8183999999999998
2017-07-20,0.8189999999999998
2017-07-21,0.8142999999999998
2017-07-24,0.8154999999999999
2017-07-25,0.8167999999999999
2017-07-26,0.8229999999999998
2017-07-27,0.8195999999999998
2017-07-28,0.8218999999999999
2017-07-31,0.8231999999999998
2017-08-01,0.8199999999999998
2017-08-02,0.8196999999999999
2017-08-03,0.8179999999999998
2017-08-04,0.8160999999999998
2017-08-07,0.8143999999999998
2017-08-08,0.8144999999999999
2017-08-09,0.8119999999999998
2017-08-10,0.8105999999999999
2017-08-11,0.8129999999999998
2017-08-14,0.8083999999999999
2017-08-15,0.8052999999999998
2017-08-16,0.8157999999999999
2017-08-17,0.8116999999999999
2017-08-18,0.8163999999999998
2017-08-21,0.8173999999999998
2017-08-22,0.8143999999999998
2017-08-23,0.8136999999999999
2017-08-24,0.8133999999999998
2017-08-25,0.8165999999999998
2017-08-28,0.8198999999999999
2017-08-29,0.8186999999999999
2017-08-30,0.8134999999999999
2017-08-31,0.8179999999999998
2017-09-01,0.8201999999999998
2017-09-04,0.8183499999999998
2017-09-05,0.8230999999999998
2017-09-06,0.8235999999999999
2017-09-07,0.8282999999999998
2017-09-08,0.8287999999999999
2017-09-11,0.8263999999999998
2017-09-12,0.8253999999999998
2017-09-13,0.8219999999999998
2017-09-14,0.8235999999999999
2017-09-15,0.8237999999999999
2017-09-18,0.8195999999999999
2017-09-19,0.8242999999999999
2017-09-20,0.8264999999999999
2017-09-21,0.8167999999999999
2017-09-22,0.8195999999999999
2017-09-25,0.8171999999999998
2017-09-26,0.8122999999999999
2017-09-27,0.8084999999999999
2017-09-28,0.8094999999999999
2017-09-29,0.8072999999999999
2017-10-02,0.8062999999999999
2017-10-03,0.8072999999999999
2017-10-04,0.8098999999999998
2017-10-05,0.8031999999999999
2017-10-06,0.8010999999999998
2017-10-09,0.7990999999999999
2017-10-10,0.8017999999999998
2017-10-11,0.8030999999999998
2017-10-12,0.8057999999999998
2017-10-13,0.8125999999999999
2017-10-16,0.8086999999999999
2017-10-17,0.8065999999999999
2017-10-18,0.8085999999999999
2017-10-19,0.8117999999999999
2017-10-20,0.8053999999999998
2017-10-23,0.8045999999999999
2017-10-24,0.8018999999999998
2017-10-25,0.7935999999999999
2017-10-26,0.7897999999999998
2017-10-27,0.7908999999999998
2017-10-30,0.7927999999999998
2017-10-31,0.7895999999999999
2017-11-01,0.7916999999999998
2017-11-02,0.7954999999999999
2017-11-03,0.7888999999999998
2017-11-06,0.7928999999999998
2017-11-07,0.7884999999999999
2017-11-08,0.7918999999999998
2017-11-09,0.7922999999999999
2017-11-10,0.7903999999999998
2017-11-13,0.7866999999999998
2017-11-14,0.7871999999999999
2017-11-15,0.7830999999999999
2017-11-16,0.7829999999999999
2017-11-17,0.7805999999999998
2017-11-20,0.7787999999999998
2017-11-21,0.7820999999999999
2017-11-22,0.7860999999999999
2017-11-23,0.7867999999999998
2017-11-24,0.7855999999999999
2017-11-27,0.7846999999999998
2017-11-28,0.7837999999999998
2017-11-29,0.7819499999999998
2017-11-30,0.7808999999999998
2017-12-01,0.7853999999999998
2017-12-04,0.7839999999999999
2017-12-05,0.7850999999999999
2017-12-06,0.7805999999999998
2017-12-07,0.7753999999999998
2017-12-08,0.7746999999999998
2017-12-11,0.7770999999999999
2017-12-12,0.7803999999999998
2017-12-13,0.7878999999999998
2017-12-14,0.7910999999999999
2017-12-15,0.7890999999999999
2017-12-18,0.7911999999999999
2017-12-19,0.7910999999999999
2017-12-20,0.7911999999999999
2017-12-21,0.7949999999999999
2017-12-22,0.7960999999999999
2017-12-25,
2017-12-26,0.7975
2017-12-27,0.8022999999999999
2017-12-28,0.8041999999999999
2017-12-29,0.8048
2018-01-01,
2018-01-02,0.8079999999999999
2018-01-03,0.8083999999999999
2018-01-04,0.8111999999999999
2018-01-05,0.81075
2018-01-08,0.8087
2018-01-09,0.8069
2018-01-10,0.8086
2018-01-11,0.8138
2018-01-12,0.8167
2018-01-15,0.8218
2018-01-16,0.8209
2018-01-17,0.8265999999999999
2018-01-18,0.8240999999999999
2018-01-19,0.8247
2018-01-22,0.8254999999999999
2018-01-23,0.824
2018-01-24,0.832
2018-01-25,0.8275999999999999
2018-01-26,0.836
2018-01-29,0.8342999999999999
2018-01-30,0.8327999999999999
2018-01-31,0.8303999999999999
2018-02-01,0.8289
2018-02-02,0.8183999999999999
2018-02-05,0.8153999999999999
2018-02-06,0.814
2018-02-07,0.8068
2018-02-08,0.8029999999999999
2018-02-09,0.8049999999999999
2018-02-12,0.8109999999999999
2018-02-13,0.8104999999999999
2018-02-14,0.8171999999999999
2018-02-15,0.8190999999999999
2018-02-16,0.8160999999999999
2018-02-19,0.81595
2018-02-20,0.8131999999999999
2018-02-21,0.8050999999999999
2018-02-22,0.8092999999999999
2018-02-23,0.8087
2018-02-26,0.8100999999999999
2018-02-27,0.8033999999999999
2018-02-28,0.8009999999999999
2018-03-01,0.8002999999999999
2018-03-02,0.80085
2018-03-05,0.8007
2018-03-06,0.8070999999999999
2018-03-07,0.8060999999999999
2018-03-08,0.8027
2018-03-09,0.8092999999999999
2018-03-12,0.8123999999999999
2018-03-13,0.8099999999999999
2018-03-14,0.8130999999999999
2018-03-15,0.8044
2018-03-16,0.7957
2018-03-19,0.7966
2018-03-20,0.7929999999999999
2018-03-21,0.8010999999999999
2018-03-22,0.7939999999999999
2018-03-23,0.7941
2018-03-26,0.7993
2018-03-27,0.7922
2018-03-28,0.7906
2018-03-29,0.7923
2018-03-30,
2018-04-02,0.7903999999999999
2018-04-03,0.7925
2018-04-04,0.7961
2018-04-05,0.7927
2018-04-06,0.7918999999999999
2018-04-09,0.7944
2018-04-10,0.8008
2018-04-11,0.8000999999999999
2018-04-12,0.8000999999999999
2018-04-13,0.8009
2018-04-16,0.8025
2018-04-17,0.8016
2018-04-18,0.8029
2018-04-19,0.7978
2018-04-20,0.7913
2018-04-23,0.7848999999999999
2018-04-24,0.7848999999999999
2018-04-25,0.7811
2018-04-26,0.7796
2018-04-27,0.7823
2018-04-30,0.7773
2018-05-01,0.7732
2018-05-02,0.7734000000000001
2018-05-03,0.7774
2018-05-04,0.7777
2018-05-07,0.776
2018-05-08,0.7696999999999999
2018-05-09,0.7705
2018-05-10,0.778
2018-05-11,0.779
2018-05-14,0.7773
2018-05-15,0.7716
2018-05-16,0.776
2018-05-17,0.7753
2018-05-18,0.7755
2018-05-21,0.783
2018-05-22,0.7822
2018-05-23,0.7803999999999999
2018-05-24,0.7825
2018-05-25,0.7796
2018-05-28,0.7788499999999999
2018-05-29,0.775
2018-05-30,0.78135
2018-05-31,0.781
2018-06-01,0.7813
2018-06-04,0.7894
2018-06-05,0.7858999999999999
2018-06-06,0.7902
2018-06-07,
2018-06-08,0.7843
2018-06-11,0.7853999999999999
2018-06-12,0.7816
2018-06-13,0.7817
2018-06-14,0.7727999999999999
2018-06-15,0.7686
2018-06-18,0.7660999999999999
2018-06-19,0.7617999999999999
2018-06-20,0.7606999999999999
2018-06-21,0.7622999999999999
2018-06-22,0.768
2018-06-25,0.7650999999999999
2018-06-26,0.7632999999999999
2018-06-27,0.7580999999999999
2018-06-28,0.7592999999999999
2018-06-29,0.7642999999999999
2018-07-02,0.758
2018-07-03,0.7612999999999999
2018-07-04,
2018-07-05,0.7626999999999999
2018-07-06,0.7671999999999999
2018-07-09,0.7701999999999999
2018-07-10,0.7709999999999999
2018-07-11,0.7605999999999999
2018-07-12,0.7646
2018-07-13,0.7656999999999999
2018-07-16,0.7657999999999999
2018-07-17,0.7626
2018-07-18,0.7639999999999999
2018-07-19,0.7596999999999999
2018-07-20,0.7666
2018-07-23,0.7626
2018-07-24,0.7657999999999999
2018-07-25,0.7689999999999999
2018-07-26,0.7617999999999999
2018-07-27,0.7645
2018-07-30,0.7647999999999999
2018-07-31,0.7669999999999999
2018-08-01,0.7645
2018-08-02,0.7604
2018-08-03,0.7640999999999999
2018-08-06,0.7627999999999999
2018-08-07,0.7661999999999999
2018-08-08,
2018-08-09,0.7626
2018-08-10,0.7530999999999999
2018-08-13,0.7500999999999999
2018-08-14,0.7475999999999999
2018-08-15,0.7477999999999999
2018-08-16,0.7499999999999999
2018-08-17,0.7557999999999999
2018-08-20,0.7567999999999999
2018-08-21,0.7605999999999999
2018-08-22,0.7592999999999999
2018-08-23,0.7489999999999999
2018-08-24,0.7565999999999999
2018-08-27,0.7587999999999999
2018-08-28,0.7577999999999999
2018-08-29,0.7548999999999999
2018-08-30,0.7505999999999999
2018-08-31,0.7426999999999999
2018-09-03,0.7436999999999999
2018-09-04,0.7466999999999999
2018-09-05,0.7425999999999999
2018-09-06,0.741
2018-09-07,0.7347999999999999
2018-09-10,0.7353999999999999
2018-09-11,0.7365999999999999
2018-09-12,0.7342
2018-09-13,0.7418999999999999
2018-09-14,0.739
2018-09-17,0.74
2018-09-18,0.7445999999999999
2018-09-19,0.7484999999999999
2018-09-20,0.7497999999999999
2018-09-21,0.7509999999999999
2018-09-24,0.7501
2018-09-25,0.7484
2018-09-26,0.7504
2018-09-27,0.7473
2018-09-28,0.747
2018-10-01,0.7448999999999999
2018-10-02,0.7441
2018-10-03,0.7423
2018-10-04,0.7327
2018-10-05,0.7295999999999999
2018-10-08,0.7302
2018-10-09,0.7323
2018-10-10,0.7366999999999999
2018-10-11,0.7313999999999999
2018-10-12,0.7345999999999999
2018-10-15,0.7346999999999999
2018-10-16,0.7362
2018-10-17,0.738
2018-10-18,0.7365999999999999
2018-10-19,0.7353
2018-10-22,0.7349
2018-10-23,0.7304999999999999
2018-10-24,0.7342
2018-10-25,0.7314999999999999
2018-10-26,0.7339
2018-10-29,0.734
2018-10-30,0.7329
2018-10-31,0.7331
2018-11-01,0.7364999999999999
2018-11-02,0.7438999999999999
2018-11-05,0.743
2018-11-06,0.7462
2018-11-07,0.7482
2018-11-08,0.7529999999999999
2018-11-09,0.7465999999999999
2018-11-12,0.744
2018-11-13,0.7453
2018-11-14,0.7461
2018-11-15,0.7521
2018-11-16,0.7556999999999999
2018-11-19,0.7551
2018-11-20,0.7523
2018-11-21,0.7478999999999999
2018-11-22,0.7494
2018-11-23,0.7472
2018-11-26,0.7493
2018-11-27,0.7474
2018-11-28,0.7477999999999999
2018-11-29,0.7557999999999999
2018-11-30,0.7613
2018-12-03,0.7606999999999999
2018-12-04,0.7616999999999999
2018-12-05,0.7537999999999999
2018-12-06,0.7461
2018-12-07,0.7418999999999999
2018-12-10,0.7448999999999999
2018-12-11,0.7435999999999999
2018-12-12,0.7448999999999999
2018-12-13,0.7475
2018-12-14,0.7415
2018-12-17,0.7414000000000001
2018-12-18,0.7423
2018-12-19,0.7432
2018-12-20,0.7338
2018-12-21,0.7287
2018-12-24,0.7296
2018-12-25,0.7285
2018-12-26,0.7291
2018-12-27,0.7281
2018-12-28,0.7283000000000001
2018-12-31,0.7301000000000001
2019-01-01,0.7288
2019-01-02,0.7277
2019-01-03,0.7182000000000001
2019-01-04,0.7362
2019-01-07,0.7371000000000001
2019-01-08,0.7364
2019-01-09,0.7388
2019-01-10,0.7426
2019-01-11,0.744
2019-01-14,0.7421000000000001
2019-01-15,0.7454000000000001
2019-01-16,0.7439
2019-01-17,0.739
2019-01-18,0.7399
2019-01-21,0.741
2019-01-22,0.7372
2019-01-23,0.7376
2019-01-24,0.7336
2019-01-25,0.7415
2019-01-28,0.7425
2019-01-29,0.7402
2019-01-30,0.743
2019-01-31,0.7501
2019-02-01,0.7484
2019-02-04,0.747
2019-02-05,0.7492
2019-02-06,0.7378
2019-02-07,0.7338
2019-02-08,0.7335
2019-02-11,0.7338
2019-02-12,0.7316
2019-02-13,0.7362
2019-02-14,0.7357
2019-02-15,0.738
2019-02-18,0.7385
2019-02-19,0.7349
2019-02-20,0.7395
2019-02-21,0.733
2019-02-22,0.7391
2019-02-25,0.7381
2019-02-26,0.7391
2019-02-27,0.7415
2019-02-28,0.7371000000000001
2019-03-01,0.7332
2019-03-04,0.7323000000000001
2019-03-05,0.7312
2019-03-06,0.727
2019-03-07,0.7276
2019-03-08,0.7269
2019-03-11,0.7271000000000001
2019-03-12,0.7296
2019-03-13,0.7291000000000001
2019-03-14,0.7294
2019-03-15,0.7312
2019-03-18,0.7344
2019-03-19,0.7328
2019-03-20,0.7308
2019-03-21,0.7375
2019-03-22,0.7309
2019-03-25,0.7314
2019-03-26,0.7349
2019-03-27,0.7335
2019-03-28,0.7333000000000001
2019-03-29,0.7337
2019-04-01,0.7359
2019-04-02,0.7312
2019-04-03,0.7339
2019-04-04,0.7348
2019-04-05,0.7336
2019-04-08,0.7324
2019-04-09,0.7367
2019-04-10,0.7373
2019-04-11,0.7393
2019-04-12,0.7404000000000001
2019-04-15,0.7397
2019-04-16,0.7377
2019-04-17,0.743
2019-04-18,0.7412
2019-04-19,0.7379
2019-04-22,0.7368
2019-04-23,0.7349
2019-04-24,0.7267
2019-04-25,0.725
2019-04-26,0.7273000000000001
2019-04-29,0.7285
2019-04-30,0.7268
2019-05-01,0.7281
2019-05-02,0.7248
2019-05-03,0.7224
2019-05-06,0.7217
2019-05-07,0.7263000000000001
2019-05-08,0.7248
2019-05-09,0.7202000000000001
2019-05-10,0.7217
2019-05-13,0.7202000000000001
2019-05-14,0.718
2019-05-15,0.7159
2019-05-16,0.7139
2019-05-17,0.7116
2019-05-20,0.7144
2019-05-21,0.7104
2019-05-22,0.71
2019-05-23,0.7102
2019-05-24,0.7156
2019-05-27,0.7162000000000001
2019-05-28,0.7154
2019-05-29,0.7154
2019-05-30,0.7153
2019-05-31,0.7157
2019-06-03,0.7171
2019-06-04,0.7205
2019-06-05,0.7223
2019-06-06,0.7197
2019-06-07,0.7217
2019-06-10,0.7191000000000001
2019-06-11,0.7175
2019-06-12,0.7169
2019-06-13,0.7136000000000001
2019-06-14,0.7095000000000001
2019-06-17,0.7099000000000001
2019-06-18,0.7061000000000001
2019-06-19,0.7098000000000001
2019-06-20,0.7116000000000001
2019-06-21,0.7155000000000001
2019-06-24,0.7173
2019-06-25,0.7178000000000001
2019-06-26,0.7190000000000001
2019-06-27,0.7212000000000001
2019-06-28,0.7250000000000001
2019-07-01,0.7215
2019-07-02,0.7199000000000001
2019-07-03,0.7218000000000001
2019-07-04,0.7255
2019-07-05,0.7202000000000001
2019-07-08,0.7209000000000001
2019-07-09,0.7177000000000001
2019-07-10,0.7144000000000001
2019-07-11,0.7191000000000001
2019-07-12,0.7239000000000001
2019-07-15,0.7251000000000001
2019-07-16,0.7253000000000001
2019-07-17,0.7227000000000001
2019-07-18,0.7250000000000001
2019-07-19,0.7258000000000001
2019-07-22,0.7254
2019-07-23,0.7234
2019-07-24,0.7199000000000001
2019-07-25,0.7183
2019-07-26,0.7126000000000001
2019-07-29,0.7122
2019-07-30,0.7111000000000001
2019-07-31,0.7107000000000001
2019-08-01,0.7062
2019-08-02,0.7005000000000001
2019-08-05,0.6981
2019-08-06,0.6997000000000001
2019-08-07,0.6929000000000001
2019-08-08,0.6986000000000001
2019-08-09,0.6996000000000001
2019-08-12,0.6998000000000001
2019-08-13,0.6976000000000001
2019-08-14,0.6998000000000001
2019-08-15,0.6991
2019-08-16,0.6996000000000001
2019-08-19,0.6993
2019-08-20,0.6997000000000001
2019-08-21,0.6990000000000001
2019-08-22,0.6978000000000001
2019-08-23,0.6905000000000001
2019-08-26,0.6941
2019-08-27,0.6966000000000001
2019-08-28,0.6945000000000001
2019-08-29,0.6931
2019-08-30,0.6936000000000001
2019-09-02,0.6934
2019-09-03,0.6926000000000001
2019-09-04,0.6981
2019-09-05,0.7022
2019-09-06,0.7055000000000001
2019-09-09,0.7066000000000001
2019-09-10,0.7065000000000001
2019-09-11,0.7080000000000001
2019-09-12,0.7086000000000001
2019-09-13,0.7080000000000001
2019-09-16,0.7080000000000001
2019-09-17,0.7073
2019-09-18,0.7041000000000001
2019-09-19,0.7009000000000001
2019-09-20,0.6975000000000001
2019-09-23,
2019-09-24,
2019-09-25,0.6961
2019-09-26,0.6960000000000001
2019-09-27,
2019-09-30,0.6959000000000001
2019-10-01,0.6915000000000001
2019-10-02,0.6915000000000001
2019-10-03,0.6955000000000001
2019-10-04,0.6969000000000001
2019-10-07,0.6939000000000001
2019-10-08,0.6936000000000001
2019-10-09,0.6919000000000001
2019-10-10,0.6968000000000001
2019-10-11,0.7001000000000001
2019-10-14,0.6984000000000001
2019-10-15,0.6957000000000001
2019-10-16,0.6960000000000001
2019-10-17,0.7029000000000001
2019-10-18,0.7049000000000001
2019-10-21,0.7068000000000001
2019-10-22,0.7062
2019-10-23,0.7057000000000001
2019-10-24,0.7018000000000001
2019-10-25,0.7025000000000001
2019-10-28,0.7039000000000001
2019-10-29,0.7061000000000001
2019-10-30,0.7102
2019-10-31,0.7090000000000001
2019-11-01,0.7118000000000001
2019-11-04,0.7091000000000001
2019-11-05,0.7091000000000001
2019-11-06,0.7077000000000001
2019-11-07,0.7100000000000001
2019-11-08,0.7057000000000001
2019-11-11,0.7048000000000001
2019-11-12,0.7041000000000001
2019-11-13,0.7038000000000001
2019-11-14,0.6985000000000001
2019-11-15,0.7014000000000001
2019-11-18,0.7003
2019-11-19,0.7023
2019-11-20,0.6996000000000001
2019-11-21,0.6986000000000001
2019-11-22,0.6989000000000001
2019-11-25,0.6973
2019-11-26,0.6984000000000001
2019-11-27,0.6965000000000001
2019-11-28,0.6964000000000001
2019-11-29,0.6962
2019-12-02,0.7014000000000001
2019-12-03,0.7045000000000001
2019-12-04,0.7044000000000001
2019-12-05,0.7028000000000001
2019-12-06,0.7031000000000001
2019-12-09,0.7021000000000001
2019-12-10,0.7006000000000001
2019-12-11,0.7064000000000001
2019-12-12,0.7120000000000001
2019-12-13,0.7068
2019-12-16,0.7067
2019-12-17,0.7045
2019-12-18,0.7048
2019-12-19,0.7083
2019-12-20,0.7098
2019-12-23,0.7118
2019-12-24,0.7112
2019-12-25,0.7118
2019-12-26,0.7139
2019-12-27,0.7174
2019-12-30,0.7194
2019-12-31,0.7201000000000001
2020-01-01,0.7211000000000001
2020-01-02,0.7175
2020-01-03,0.7135
2020-01-06,0.7127
2020-01-07,0.7049000000000001
2020-01-08,0.7065
2020-01-09,0.7042
2020-01-10,0.7089
2020-01-13,0.7086
2020-01-14,0.7084
2020-01-15,0.7096
2020-01-16,0.7086
2020-01-17,0.7070000000000001
2020-01-20,0.7063
2020-01-21,0.7035
2020-01-22,0.7029000000000001
2020-01-23,0.7034
2020-01-24,0.6986
2020-01-27,0.6947
2020-01-28,0.6949000000000001
2020-01-29,0.6937
2020-01-30,0.6890000000000001
2020-01-31,0.6878000000000001
2020-02-03,0.6873
2020-02-04,0.6915
2020-02-05,0.6935
2020-02-06,0.6914
2020-02-07,0.6853
2020-02-10,0.6872
2020-02-11,0.6901
2020-02-12,0.6896
2020-02-13,0.6902
2020-02-14,0.6908000000000001
2020-02-17,0.6892
2020-02-18,0.6877
2020-02-19,0.6863
2020-02-20,0.6793
2020-02-21,0.6787000000000001
2020-02-24,0.6792
2020-02-25,0.6786
2020-02-26,0.6728000000000001
2020-02-27,0.6761
2020-02-28,0.6696
2020-03-02,0.6731
2020-03-03,0.6764
2020-03-04,0.6808000000000001
2020-03-05,0.6796
2020-03-06,0.6788000000000001
2020-03-09,0.6788000000000001
2020-03-10,0.6687000000000001
2020-03-11,0.6661
2020-03-12,0.6467
2020-03-13,0.6344
2020-03-16,0.6301
2020-03-17,0.6167
2020-03-18,0.5975
2020-03-19,0.5856
2020-03-20,0.5895
2020-03-23,0.6022000000000001
2020-03-24,0.6159
2020-03-25,0.6082
2020-03-26,0.6218
2020-03-27,0.6312
2020-03-30,0.6353
2020-03-31,0.6295000000000001
2020-04-01,0.6263
2020-04-02,0.6245
2020-04-03,0.6188
2020-04-06,0.6264000000000001
2020-04-07,0.6347
2020-04-08,0.6414
2020-04-09,0.6407
2020-04-10,0.6512
2020-04-13,0.6573
2020-04-14,0.6619
2020-04-15,0.6493
2020-04-16,0.6536000000000001
2020-04-17,0.6533
2020-04-20,0.6524
2020-04-21,0.6462
2020-04-22,0.6498
2020-04-23,0.6555
2020-04-24,0.6569
2020-04-27,0.6639999999999999
2020-04-28,0.6673
2020-04-29,0.6731
2020-04-30,0.6677000000000001
2020-05-01,0.6564
2020-05-04,0.6604
2020-05-05,0.6622
2020-05-06,0.6565
2020-05-07,0.6688000000000001
2020-05-08,0.6707
2020-05-11,0.6668000000000001
2020-05-12,0.6657000000000001
2020-05-13,0.6633
2020-05-14,0.6637000000000001
2020-05-15,0.6605
2020-05-18,0.6705
2020-05-19,0.6716
2020-05-20,0.6776
2020-05-21,0.6748000000000001
2020-05-22,0.6719
2020-05-25,0.6724
2020-05-26,0.6829000000000001
2020-05-27,0.682
2020-05-28,0.6817
2020-05-29,0.685
2020-06-01,0.6978
2020-06-02,0.7076
2020-06-03,0.7113
2020-06-04,0.7120000000000001
2020-06-05,0.7148
2020-06-08,0.7202000000000001
2020-06-09,0.7146
2020-06-10,0.7200000000000001
2020-06-11,0.7028
2020-06-12,0.7022
2020-06-15,0.7096
2020-06-16,0.7074
2020-06-17,0.7066
2020-06-18,0.7028
2020-06-19,0.7030000000000001
2020-06-22,0.7098
2020-06-23,0.7117
2020-06-24,0.7048
2020-06-25,0.7054
2020-06-26,0.7046
2020-06-29,0.7042
2020-06-30,0.708
2020-07-01,0.7098
2020-07-02,0.7100000000000001
2020-07-03,
2020-07-06,0.7154
2020-07-07,0.7128
2020-07-08,0.7164
2020-07-09,0.7147
2020-07-10,0.713
2020-07-13,0.7123
2020-07-14,0.7156
2020-07-15,0.7189
2020-07-16,0.7153
2020-07-17,0.7174
2020-07-20,0.7197
2020-07-21,0.7309
2020-07-22,0.7323000000000001
2020-07-23,0.728
2020-07-24,0.7287
2020-07-27,0.733
2020-07-28,0.734
2020-07-29,0.7369
2020-07-30,0.7376
2020-07-31,0.7325
2020-08-03,0.7304
2020-08-04,0.7343000000000001
2020-08-05,0.7373000000000001
2020-08-06,0.7416
2020-08-07,0.7342
2020-08-10,0.7329
2020-08-11,0.7324
2020-08-12,0.7342
2020-08-13,0.7327
2020-08-14,0.7352
2020-08-17,0.7394000000000001
2020-08-18,0.7424000000000001
2020-08-19,0.7364
2020-08-20,0.7374
2020-08-21,0.7341
2020-08-24,0.7341
2020-08-25,0.7375
2020-08-26,0.7415
2020-08-27,0.7438
2020-08-28,0.7547
2020-08-31,0.7557
2020-09-01,0.7553
2020-09-02,0.7518
2020-09-03,0.7454000000000001
2020-09-04,0.7478
2020-09-07,
2020-09-08,0.7393000000000001
2020-09-09,0.7463
2020-09-10,0.7447
2020-09-11,0.7463000000000001
2020-09-14,0.7468000000000001
2020-09-15,0.748
2020-09-16,0.7486
2020-09-17,0.7492000000000001
2020-09-18,0.7472000000000001
2020-09-21,0.7403000000000001
2020-09-22,0.7347
2020-09-23,0.7254
2020-09-24,0.7225
2020-09-25,0.7208
2020-09-28,0.7251000000000001
2020-09-29,0.7309
2020-09-30,0.7341000000000001
2020-10-01,0.7362000000000001
2020-10-02,0.734
2020-10-05,0.7362000000000001
2020-10-06,0.7282000000000001
2020-10-07,0.7318000000000001
2020-10-08,0.7346
2020-10-09,0.7421000000000001
2020-10-12,0.7388
2020-10-13,0.734
2020-10-14,0.7342000000000001
2020-10-15,0.7273000000000001
2020-10-16,0.7259
2020-10-19,0.7247
2020-10-20,0.7227
2020-10-21,0.7296
2020-10-22,0.7296
2020-10-23,0.7317
2020-10-26,0.731
2020-10-27,0.7308
2020-10-28,0.7222000000000001
2020-10-29,0.7217
2020-10-30,0.7209
2020-11-02,0.7228
2020-11-03,0.7343000000000001
2020-11-04,0.7358
2020-11-05,0.7463000000000001
2020-11-06,0.7441
2020-11-09,0.746
2020-11-10,0.7466
2020-11-11,0.7459
2020-11-12,0.7413000000000001
2020-11-13,0.7449
2020-11-16,0.7499
2020-11-17,0.748
2020-11-18,0.7487
2020-11-19,0.7463000000000001
2020-11-20,0.7484000000000001
2020-11-23,0.747
2020-11-24,0.7533000000000001
2020-11-25,0.7545000000000001
2020-11-26,
2020-11-27,0.7567
2020-11-30,0.75215
2020-12-01,0.75505
2020-12-02,0.75965
2020-12-03,0.7621
2020-12-04,0.7605000000000001
2020-12-07,0.75975
2020-12-08,0.7588
2020-12-09,0.7615500000000001
2020-12-10,0.7713500000000001
2020-12-11,0.7712500000000001
2020-12-14,0.7712000000000001
2020-12-15,0.7736000000000001
2020-12-16,0.7756000000000001
2020-12-17,0.7805500000000001
2020-12-18,0.7802000000000001
2020-12-21,0.7768000000000002
2020-12-22,0.7706000000000001
2020-12-23,0.7755500000000001
2020-12-24,0.7780000000000001
2020-12-25,
2020-12-28,0.7757000000000002
2020-12-29,0.7784500000000001
2020-12-30,0.7862000000000001
2020-12-31,0.7871000000000001
2021-01-01,
2021-01-04,0.7842000000000001
2021-01-05,0.7936500000000001
2021-01-06,0.7979500000000002
2021-01-07,0.7942000000000001
2021-01-08,0.7939500000000002
2021-01-11,0.7869500000000001
2021-01-12,0.7947000000000001
2021-01-13,0.7908000000000002
2021-01-14,0.7953000000000001
2021-01-15,0.7883000000000001
2021-01-18,
2021-01-19,0.7869000000000002
2021-01-20,0.7919500000000002
2021-01-21,0.7937000000000001
2021-01-22,0.7888500000000002
2021-01-25,0.7886500000000001
2021-01-26,0.7921000000000001
2021-01-27,0.7835500000000001
2021-01-28,0.7849000000000002
2021-01-29,0.7814500000000001
2021-02-01,0.7794000000000001
2021-02-02,0.7779000000000001
2021-02-03,0.7792000000000001
2021-02-04,0.7772000000000001
2021-02-05,0.7851000000000001
2021-02-08,0.7875500000000001
2021-02-09,0.7910500000000001
2021-02-10,0.7894500000000001
2021-02-11,0.7927000000000001
2021-02-12,0.7927500000000001
2021-02-15,
2021-02-16,0.7925500000000001
2021-02-17,0.7921500000000001
2021-02-18,0.7941000000000001
2021-02-19,0.8042000000000001
2021-02-22,0.8095500000000001
2021-02-23,0.8082500000000001
2021-02-24,0.8139000000000001
2021-02-25,0.8074500000000001
2021-02-26,0.7873000000000001
2021-03-01,0.7943500000000001
2021-03-02,0.7990000000000002
2021-03-03,0.7946000000000001
2021-03-04,0.7892500000000001
2021-03-05,0.7856500000000001
2021-03-08,0.7817500000000001
2021-03-09,0.78885
2021-03-10,0.7906000000000001
2021-03-11,0.79605
2021-03-12,0.7925500000000001
2021-03-15,0.7927500000000001
2021-03-16,0.7915000000000001
2021-03-17,0.79605
2021-03-18,0.7927500000000001
2021-03-19,0.7914500000000001
2021-03-22,0.7914000000000001
2021-03-23,0.7795500000000001
2021-03-24,0.77585
2021-03-25,0.7749
2021-03-26,0.7805500000000001
2021-03-29,0.77995
2021-03-30,0.7764500000000001
2021-03-31,0.7765000000000001
2021-04-01,0.7785000000000001
2021-04-02,
2021-04-05,0.78195
2021-04-06,0.78315
2021-04-07,0.77805
2021-04-08,0.7821
2021-04-09,0.7785000000000001
2021-04-12,0.7791
2021-04-13,0.7811
2021-04-14,0.7891
2021-04-15,0.79185
2021-04-16,0.7902
2021-04-19,0.7925000000000001
2021-04-20,0.7892
2021-04-21,0.792
2021-04-22,0.7873500000000001
2021-04-23,0.7914500000000001
2021-04-26,0.7966000000000001
2021-04-27,0.7936000000000001
2021-04-28,0.7958500000000001
2021-04-29,0.79335
2021-04-30,0.7879
2021-05-03,0.79295
2021-05-04,0.7876500000000001
2021-05-05,0.7914500000000001
2021-05-06,0.79515
2021-05-07,0.80095
2021-05-10,0.7996500000000001
2021-05-11,0.8009000000000001
2021-05-12,0.7892
2021-05-13,0.7894500000000001
2021-05-14,0.795
2021-05-17,0.7934500000000001
2021-05-18,0.7957000000000001
2021-05-19,0.7893500000000001
2021-05-20,0.7942
2021-05-21,0.7898000000000001
2021-05-24,0.79195
2021-05-25,0.7921
2021-05-26,0.7909
2021-05-27,0.7911
2021-05-28,0.78805
2021-05-31,
2021-06-01,0.79195
2021-06-02,0.79195
2021-06-03,0.7826500000000001
2021-06-04,0.7906500000000001
2021-06-07,0.7921500000000001
2021-06-08,0.7903000000000001
2021-06-09,0.7897000000000001
2021-06-10,0.792
2021-06-11,0.7870500000000001
2021-06-14,0.7878000000000001
2021-06-15,0.7854000000000001
2021-06-16,0.7774500000000001
2021-06-17,0.7718500000000001
2021-06-18,0.7643500000000001
2021-06-21,0.7704500000000001
2021-06-22,0.7720000000000001
2021-06-23,0.7741500000000001
2021-06-24,0.7748
2021-06-25,0.7759000000000001
2021-06-28,0.7730500000000001
2021-06-29,0.7677
2021-06-30,0.7665500000000001
2021-07-01,0.7636000000000001
2021-07-02,0.7692000000000001
2021-07-05,
2021-07-06,0.7660500000000001
2021-07-07,0.7648000000000001
2021-07-08,0.7597
2021-07-09,0.76575
2021-07-12,0.7644500000000001
2021-07-13,0.7609500000000001
2021-07-14,0.76465
2021-07-15,0.7588500000000001
2021-07-16,0.7557500000000001
2021-07-19,0.7510500000000001
2021-07-20,0.7492500000000001
2021-07-21,0.7521500000000001
2021-07-22,0.7546
2021-07-23,0.7531000000000001
2021-07-26,0.7545000000000001
2021-07-27,0.7523500000000001
2021-07-28,0.7538000000000001
2021-07-29,0.7561000000000001
2021-07-30,0.75065
2021-08-02,0.7529000000000001
2021-08-03,0.7558000000000001
2021-08-04,0.75455
2021-08-05,0.7567500000000001
2021-08-06,0.7519500000000001
2021-08-09,0.7492500000000001
2021-08-10,0.7512000000000001
2021-08-11,0.7538000000000001
2021-08-12,0.7502000000000001
2021-08-13,0.7534000000000001
2021-08-16,0.7500500000000001
2021-08-17,0.7420000000000001
2021-08-18,0.7399500000000001
2021-08-19,0.7308500000000001
2021-08-20,0.7304
2021-08-23,0.73755
2021-08-24,0.7422500000000001
2021-08-25,0.7440000000000001
2021-08-26,0.7400500000000001
2021-08-27,0.74765
2021-08-30,0.7460500000000001
2021-08-31,0.7478000000000001
2021-09-01,0.7532000000000001
2021-09-02,0.7564000000000001
2021-09-03,0.7615500000000001
2021-09-06,
2021-09-07,0.7551
2021-09-08,0.75255
2021-09-09,0.7529
2021-09-10,0.7511
2021-09-13,0.75305
2021-09-14,0.7481500000000001
2021-09-15,0.7494500000000001
2021-09-16,0.7455
2021-09-17,0.74245
2021-09-20,0.7411500000000001
2021-09-21,0.7393000000000001
2021-09-22,0.73995
2021-09-23,0.74565
2021-09-24,0.7418
2021-09-27,0.74455
2021-09-28,0.7399
2021-09-29,0.7335
2021-09-30,0.7387
2021-10-01,0.7422000000000001
2021-10-04,0.7449
2021-10-05,0.74505
2021-10-06,0.7432000000000001
2021-10-07,0.7471500000000001
2021-10-08,0.74675
2021-10-11,0.7505000000000001
2021-10-12,0.751
2021-10-13,0.75375
2021-10-14,0.7575500000000001
2021-10-15,0.75785
2021-10-18,0.7571
2021-10-19,0.7632500000000001
2021-10-20,0.7676000000000001
2021-10-21,0.76265
2021-10-22,0.76295
2021-10-25,0.76515
2021-10-26,0.7661
2021-10-27,0.7677
2021-10-28,0.7701
2021-10-29,0.76795
2021-11-01,0.76815
2021-11-02,0.75885
2021-11-03,0.7605000000000001
2021-11-04,0.75595
2021-11-05,0.7563000000000001
2021-11-08,0.7581
2021-11-09,0.7538
2021-11-10,0.74855
2021-11-11,0.74495
2021-11-12,0.74895
2021-11-15,0.7503500000000001
2021-11-16,0.7463000000000001
2021-11-17,0.7422500000000001
2021-11-18,0.74355
2021-11-19,0.7394000000000001
2021-11-22,0.7382000000000001
2021-11-23,0.73845
2021-11-24,0.7352500000000001
2021-11-25,
2021-11-26,0.72785
2021-11-29,0.7300500000000001
2021-11-30,0.7287
2021-12-01,0.72635
2021-12-02,0.7252000000000001
2021-12-03,0.71565
2021-12-06,0.7209500000000001
2021-12-07,0.72765
2021-12-08,0.733
2021-12-09,0.7303499999999999
2021-12-10,0.73295
2021-12-13,0.7289
2021-12-14,0.72625
2021-12-15,0.7331
2021-12-16,0.7341
2021-12-17,0.7283499999999999
2021-12-20,0.7264999999999999
2021-12-21,0.73095
2021-12-22,0.7369
2021-12-23,0.7404999999999999
2021-12-24,
2021-12-27,0.7394499999999999
2021-12-28,0.7383
2021-12-29,0.7404999999999999
2021-12-30,0.7404999999999999
2021-12-31,0.7422
2022-01-03,0.7345999999999999
2022-01-04,0.7395999999999999
2022-01-05,0.7378
2022-01-06,0.7321
2022-01-07,0.7339
2022-01-10,0.7331
2022-01-11,0.7366499999999999
2022-01-12,0.7439
2022-01-13,0.7436999999999999
2022-01-14,0.73695
2022-01-17,0.7365499999999999
2022-01-18,0.73395
2022-01-19,0.7366499999999999
2022-01-20,0.73815
2022-01-21,0.7333999999999999
2022-01-24,0.72985
2022-01-25,0.7307
2022-01-26,0.7272
2022-01-27,0.7189
2022-01-28,0.7152499999999999
2022-01-31,0.7224499999999999
2022-02-01,0.7283
2022-02-02,0.72905
2022-02-03,0.7294499999999999
2022-02-04,0.7234999999999999
2022-02-07,0.72805
2022-02-08,0.7301
2022-02-09,0.7334499999999999
2022-02-10,0.73235
2022-02-11,0.7295999999999999
2022-02-14,0.7282
2022-02-15,0.73065
2022-02-16,0.73485
2022-02-17,0.73415
2022-02-18,0.733
2022-02-21,0.73435
2022-02-22,0.7373
2022-02-23,0.7387
2022-02-24,0.73175
2022-02-25,0.7386499999999999
2022-02-28,0.74175
2022-03-01,0.74025
2022-03-02,0.7453
2022-03-03,0.74835
2022-03-04,0.75315
2022-03-07,0.7469
2022-03-08,0.74235
2022-03-09,0.74735
2022-03-10,0.7511
2022-03-11,0.7444
2022-03-14,0.7341
2022-03-15,0.73465
2022-03-16,0.7439
2022-03-17,0.75285
2022-03-18,0.75675
2022-03-21,0.75515
2022-03-22,0.76245
2022-03-23,0.7652
2022-03-24,0.76645
2022-03-25,0.7667499999999999
2022-03-28,0.7643
2022-03-29,0.7657999999999999
2022-03-30,0.7661
2022-03-31,0.7635
2022-04-01,0.76505
2022-04-04,0.7694
2022-04-05,0.77305
2022-04-06,0.76595
2022-04-07,0.7629
2022-04-08,0.761
2022-04-11,0.75705
2022-04-12,0.7605
2022-04-13,0.76035
2022-04-14,0.75655
2022-04-15,
2022-04-18,0.75
2022-04-19,0.7525999999999999
2022-04-20,0.76005
2022-04-21,0.752
2022-04-22,0.7384999999999999
2022-04-25,0.73255
2022-04-26,0.7272
2022-04-27,0.7273499999999999
2022-04-28,0.7244499999999999
2022-04-29,0.7205
2022-05-02,0.7199
2022-05-03,0.7242999999999999
2022-05-04,0.7405999999999999
2022-05-05,0.72605
2022-05-06,0.722
2022-05-09,0.70965
2022-05-10,0.70865
2022-05-11,0.7085
2022-05-12,0.7001
2022-05-13,0.7085
2022-05-16,0.71165
2022-05-17,0.7173999999999999
2022-05-18,0.70995
2022-05-19,0.71925
2022-05-20,0.7185
2022-05-23,0.7253999999999999
2022-05-24,0.7253
2022-05-25,0.7231
2022-05-26,0.72425
2022-05-27,0.73025
2022-05-30,0.7342
2022-05-31,0.7323
2022-06-01,0.73235
2022-06-02,0.7412
2022-06-03,0.7354499999999999
2022-06-06,0.73405
2022-06-07,0.7374499999999999
2022-06-08,0.73315
2022-06-09,0.7237499999999999
2022-06-10,0.7183999999999999
2022-06-13,0.70705
2022-06-14,0.7014999999999999
2022-06-15,0.7143499999999999
2022-06-16,0.7185499999999999
2022-06-17,0.7075999999999999
2022-06-20,0.7093499999999999
2022-06-21,0.7114499999999999
2022-06-22,0.7069
2022-06-23,0.7035499999999999
2022-06-24,0.7083999999999999
2022-06-27,0.7067499999999999
2022-06-28,0.7049
2022-06-29,0.70205
2022-06-30,0.7045499999999999
2022-07-01,0.6959
2022-07-04,0.7006999999999999
2022-07-05,0.6941499999999999
2022-07-06,0.6926499999999999
2022-07-07,0.6981999999999999
2022-07-08,0.69975
2022-07-11,0.6878
2022-07-12,0.69
2022-07-13,0.6901499999999999
2022-07-14,0.68895
2022-07-15,0.6930999999999999
2022-07-18,0.6955499999999999
2022-07-19,0.70395
2022-07-20,0.703
2022-07-21,0.7077499999999999
2022-07-22,0.7063499999999999
2022-07-25,0.71005
2022-07-26,0.7081
2022-07-27,0.7133999999999999
2022-07-28,0.71315
2022-07-29,0.7137499999999999
2022-08-01,0.71705
2022-08-02,0.7064999999999999
2022-08-03,0.70915
2022-08-04,0.71105
2022-08-05,0.7054499999999999
2022-08-08,0.7124999999999999
2022-08-09,0.7102999999999999
2022-08-10,0.72225
2022-08-11,0.7247999999999999
2022-08-12,0.7268499999999999
2022-08-15,0.716
2022-08-16,0.7162
2022-08-17,0.7083999999999999
2022-08-18,0.7057499999999999
2022-08-19,0.7006499999999999
2022-08-22,0.701
2022-08-23,0.7058
2022-08-24,0.7042999999999999
2022-08-25,0.7116999999999999
2022-08-26,0.703
2022-08-29,0.7039
2022-08-30,0.6993999999999999
2022-08-31,0.6984999999999999
2022-09-01,0.692
2022-09-02,0.6952999999999999
2022-09-05,0.6952999999999999
2022-09-06,0.6869999999999999
2022-09-07,0.6891499999999999
2022-09-08,0.6886499999999999
2022-09-09,0.6980999999999999
2022-09-12,0.70205
2022-09-13,0.6875999999999999
2022-09-14,0.6879
2022-09-15,0.6842999999999999
2022-09-16,0.6845999999999999
2022-09-19,0.6851499999999999
2022-09-20,0.6829999999999999
2022-09-21,0.6835499999999999
2022-09-22,0.6774499999999999
2022-09-23,0.6650999999999999
2022-09-26,0.6592499999999999
2022-09-27,0.6570999999999999
2022-09-28,0.6662999999999999
2022-09-29,0.6610499999999999
2022-09-30,0.6543499999999999
2022-10-03,0.6652999999999999
2022-10-04,0.6638
2022-10-05,0.6642999999999999
2022-10-06,0.65455
2022-10-07,0.65055
2022-10-10,0.6434
2022-10-11,0.64055
2022-10-12,0.6415
2022-10-13,0.64445
2022-10-14,0.6340499999999999
2022-10-17,0.6432999999999999
2022-10-18,0.6432999999999999
2022-10-19,0.6401499999999999
2022-10-20,0.6416499999999999
2022-10-21,0.6502499999999999
2022-10-24,0.6446
2022-10-25,0.65245
2022-10-26,0.6631999999999999
2022-10-27,0.6597
2022-10-28,0.6547999999999999
2022-10-31,0.6528999999999999
2022-11-01,0.6536
2022-11-02,0.6555
2022-11-03,0.6435
2022-11-04,0.6612999999999999
2022-11-07,0.6612999999999999
2022-11-08,0.6634999999999999
2022-11-09,0.6558499999999999
2022-11-10,0.67275
2022-11-11,0.6849999999999999
2022-11-14,0.6854999999999999
2022-11-15,0.6906999999999999
2022-11-16,0.6875499999999999
2022-11-17,0.6819
2022-11-18,0.6809
2022-11-21,0.6731999999999999
2022-11-22,0.67765
2022-11-23,0.68685
2022-11-24,0.68685
2022-11-25,0.6878
2022-11-28,0.6781999999999999
2022-11-29,0.6821999999999999
2022-11-30,0.6926
2022-12-01,0.6953999999999999
2022-12-02,0.6944499999999999
2022-12-05,0.6832499999999999
2022-12-06,0.6821499999999999
2022-12-07,0.6863499999999999
2022-12-08,0.6902999999999999
2022-12-09,0.6934999999999999
2022-12-12,0.6873499999999999
2022-12-13,0.6989
2022-12-14,0.6979
2022-12-15,0.6832499999999999
2022-12-16,0.6821999999999999
2022-12-19,0.6822999999999999
2022-12-20,0.6806
2022-12-21,0.6831499999999999
2022-12-22,0.6783999999999999
2022-12-23,0.68375
2022-12-26,
2022-12-27,0.6860499999999999
2022-12-28,0.68695
2022-12-29,0.6911499999999999
2022-12-30,0.6934499999999999
2023-01-02,
2023-01-03,0.6859999999999999
2023-01-04,0.6964499999999999
2023-01-05,0.6881499999999999
2023-01-06,0.7005999999999999
2023-01-09,0.7058
2023-01-10,0.7017
2023-01-11,0.7034499999999999
2023-01-12,0.7093999999999999
2023-01-13,0.7099
2023-01-16,0.7099
2023-01-17,0.711
2023-01-18,0.7065499999999999
2023-01-19,0.7038
2023-01-20,0.709
2023-01-23,0.71395
2023-01-24,0.71695
2023-01-25,0.72215
2023-01-26,0.72315
2023-01-27,0.72295
2023-01-30,0.7175499999999999
2023-01-31,0.71705
2023-02-01,0.724
2023-02-02,0.7189
2023-02-03,0.7041999999999999
2023-02-06,0.6994999999999999
2023-02-07,0.7056499999999999
2023-02-08,0.70395
2023-02-09,0.7053499999999999
2023-02-10,0.7027
2023-02-13,0.7075999999999999
2023-02-14,0.7101999999999999
2023-02-15,0.7012999999999999
2023-02-16,0.70085
2023-02-17,0.69905
2023-02-20,0.69905
2023-02-21,0.6964
2023-02-22,0.6907
2023-02-23,0.69145
2023-02-24,0.68345
2023-02-27,0.68435
2023-02-28,0.68425
2023-03-01,0.68595
2023-03-02,0.68365
2023-03-03,0.68775
2023-03-06,0.6828
2023-03-07,0.66945
2023-03-08,0.66975
2023-03-09,0.66945
2023-03-10,0.66905
2023-03-13,0.6779499999999999
2023-03-14,0.6790499999999999
2023-03-15,0.6728999999999999
2023-03-16,0.6754
2023-03-17,0.6817
2023-03-20,0.6820499999999999
2023-03-21,0.6769
2023-03-22,0.68325
2023-03-23,0.6780499999999999
2023-03-24,0.67505
2023-03-27,0.6751
2023-03-28,0.68045
2023-03-29,0.67815
2023-03-30,0.6809999999999999
2023-03-31,0.6783
2023-04-03,0.6886
2023-04-04,0.6842
2023-04-05,0.68235
2023-04-06,0.6779999999999999
2023-04-07,
2023-04-10,0.6742
2023-04-11,0.67535
2023-04-12,0.6793
2023-04-13,0.68835
2023-04-14,0.68075
2023-04-17,0.6799499999999999
2023-04-18,0.6826
2023-04-19,0.6812
2023-04-20,0.6840499999999999
2023-04-21,0.6790499999999999
2023-04-24,0.6794
2023-04-25,0.67215
2023-04-26,0.6699499999999999
2023-04-27,0.6726
2023-04-28,0.6712
2023-05-01,0.6727
2023-05-02,0.67555
2023-05-03,0.67635
2023-05-04,0.67855
2023-05-05,0.68445
2023-05-08,0.6874
2023-05-09,0.6854
2023-05-10,0.6872
2023-05-11,0.67935
2023-05-12,0.67305
2023-05-15,0.67915
2023-05-16,0.67455
2023-05-17,0.6749499999999999
2023-05-18,0.67105
2023-05-19,0.6739999999999999
2023-05-22,0.67405
2023-05-23,0.66975
2023-05-24,0.6632
2023-05-25,0.65915
2023-05-26,0.66015
2023-05-29,0.6626
2023-05-30,0.66025
2023-05-31,0.6585
2023-06-01,0.66545
2023-06-02,0.6689
2023-06-05,0.6701
2023-06-06,0.67525
2023-06-07,0.6733
2023-06-08,0.67945
2023-06-09,0.68215
2023-06-12,0.6829000000000001
2023-06-13,0.68425
2023-06-14,0.6869500000000001
2023-06-15,0.69545
2023-06-16,0.6953
2023-06-19,0.6926
2023-06-20,0.6863
2023-06-21,0.68725
2023-06-22,0.6829000000000001
2023-06-23,0.6748000000000001
2023-06-26,0.6748000000000001
2023-06-27,0.6758500000000001
2023-06-28,0.6673
2023-06-29,0.66895
2023-06-30,0.67365
2023-07-03,0.6746
2023-07-04,0.67665
2023-07-05,0.6727500000000001
2023-07-06,0.6698500000000001
2023-07-07,0.67655
2023-07-10,0.6748000000000001
2023-07-11,0.67595
2023-07-12,0.68615
2023-07-13,0.6961
2023-07-14,0.6909000000000001
2023-07-17,0.6888
2023-07-18,0.68845
2023-07-19,0.6843
2023-07-20,0.6849000000000001
2023-07-21,0.68005
2023-07-24,0.6811
2023-07-25,0.68635
2023-07-26,0.6829000000000001
2023-07-27,0.67795
2023-07-28,0.6718000000000001
2023-07-31,0.6786
2023-08-01,0.66815
2023-08-02,0.6608
2023-08-03,0.66195
2023-08-04,0.6637000000000001
2023-08-07,0.6642
2023-08-08,0.6613
2023-08-09,0.6596000000000001
2023-08-10,0.6581
2023-08-11,0.65615
2023-08-14,0.65535
2023-08-15,0.65205
2023-08-16,0.64885
2023-08-17,0.64675
2023-08-18,0.64675
2023-08-21,0.6478
2023-08-22,0.6487
2023-08-23,0.6545
2023-08-24,0.6481
2023-08-25,0.64645
2023-08-28,0.6492
2023-08-29,0.6543
2023-08-30,0.65385
2023-08-31,0.6546500000000001
2023-09-01,0.651
2023-09-04,0.6523
2023-09-05,0.644
2023-09-06,0.6444000000000001
2023-09-07,0.6436000000000001
2023-09-08,0.6437
2023-09-11,0.649
2023-09-12,0.6485500000000001
2023-09-13,0.648
2023-09-14,0.6499
2023-09-15,0.6488
2023-09-18,0.6494500000000001
2023-09-19,0.65105
2023-09-20,0.6505000000000001
2023-09-21,0.64715
2023-09-22,0.64985
2023-09-25,0.64795
2023-09-26,0.6453
2023-09-27,0.64075
2023-09-28,0.64815
2023-09-29,0.64885
2023-10-02,0.6418
2023-10-03,0.63565
2023-10-04,0.63795
2023-10-05,0.6424000000000001
2023-10-06,0.64395
2023-10-09,0.6465000000000001
2023-10-10,0.6485000000000001
2023-10-11,0.6468
2023-10-12,0.6367
2023-10-13,0.6348
2023-10-16,0.6394500000000001
2023-10-17,0.6417
2023-10-18,0.63875
2023-10-19,0.6379
2023-10-20,0.63625
2023-10-23,0.6385000000000001
2023-10-24,0.6404500000000001
2023-10-25,0.63575
2023-10-26,0.637
2023-10-27,0.63815
2023-10-30,0.6422
2023-10-31,0.6385000000000001
2023-11-01,0.64405
2023-11-02,0.6481
2023-11-03,0.65605
2023-11-06,0.6534500000000001
2023-11-07,0.64815
2023-11-08,0.6446500000000001
2023-11-09,0.6411
2023-11-10,0.6405500000000001
2023-11-13,0.642
2023-11-14,0.6551
2023-11-15,0.6553
2023-11-16,0.6514500000000001
2023-11-17,0.65595
2023-11-20,0.66
2023-11-21,0.6599
2023-11-22,0.65845
2023-11-23,0.66
2023-11-24,0.6633
2023-11-27,0.6645500000000001
2023-11-28,0.66845
2023-11-29,0.6657500000000001
2023-11-30,0.6647000000000001
2023-12-01,0.67125
2023-12-04,0.6657000000000001
2023-12-05,0.65905
2023-12-06,0.6586000000000001
2023-12-07,0.66385
2023-12-08,0.6613
2023-12-11,0.6604
2023-12-12,0.6596000000000001
2023-12-13,0.6698000000000001
2023-12-14,0.67345
2023-12-15,0.6738500000000001
2023-12-18,0.67425
2023-12-19,0.6798500000000001
2023-12-20,0.6766000000000001
2023-12-21,0.6836
2023-12-22,0.68355
2023-12-25,
2023-12-26,0.6858500000000001
2023-12-27,0.68815
2023-12-28,0.68625
2023-12-29,0.68435
2024-01-01,
2024-01-02,0.6793
2024-01-03,0.6765
2024-01-04,0.6737500000000001
2024-01-05,0.6747500000000001
2024-01-08,0.6752
2024-01-09,0.6719
2024-01-10,0.6731
2024-01-11,0.6718000000000001
2024-01-12,0.6716000000000001
2024-01-15,0.669
2024-01-16,0.66135
2024-01-17,0.65815
2024-01-18,0.66015
2024-01-19,0.6625500000000001
2024-01-22,0.65985
2024-01-23,0.6607000000000001
2024-01-24,0.6605000000000001
2024-01-25,0.6612
2024-01-26,0.66015
2024-01-29,0.6638000000000001
2024-01-30,0.6629
2024-01-31,0.65945
2024-02-01,0.6598
2024-02-02,0.65385
2024-02-05,0.6509
2024-02-06,0.65485
2024-02-07,0.6545500000000001
2024-02-08,0.6515500000000001
2024-02-09,0.6548
2024-02-12,0.6554500000000001
2024-02-13,0.6477
2024-02-14,0.6515000000000001
2024-02-15,0.6547000000000001
2024-02-16,0.6554500000000001
2024-02-19,0.65635
2024-02-20,0.65715
2024-02-21,0.6574500000000001
2024-02-22,0.65785
2024-02-23,0.6585000000000001
2024-02-26,0.65615
2024-02-27,0.6564500000000001
2024-02-28,0.6516500000000001
2024-02-29,0.6517000000000001
2024-03-01,0.6545500000000001
2024-03-04,0.65295
2024-03-05,0.65235
2024-03-06,0.65845
2024-03-07,0.6639
2024-03-08,0.6644
2024-03-11,0.6633
2024-03-12,0.66225
2024-03-13,0.6644
2024-03-14,0.65995
2024-03-15,0.65805
2024-03-18,0.6573
2024-03-19,0.6547
2024-03-20,0.6594
2024-03-21,0.6585
2024-03-22,0.6531
2024-03-25,0.6554
2024-03-26,0.65485
2024-03-27,0.65435
2024-03-28,0.6533
