DATETIME,price
2021-08-23 01:00:00,71555.0
2021-08-23 02:00:00,71800.0
2021-08-23 03:00:00,72030.0
2021-08-23 04:00:00,72075.0
2021-08-23 05:00:00,70900.0
2021-08-23 06:00:00,71945.0
2021-08-23 07:00:00,71915.0
2021-08-23 08:00:00,71995.0
2021-08-23 09:00:00,72065.0
2021-08-23 10:00:00,71960.0
2021-08-23 11:00:00,72150.0
2021-08-23 12:00:00,71980.0
2021-08-23 13:00:00,71855.0
2021-08-23 14:00:00,71405.0
2021-08-23 15:00:00,71265.0
2021-08-23 16:00:00,71285.0
2021-08-23 17:00:00,71095.0
2021-08-23 18:00:00,71155.0
2021-08-23 19:00:00,70930.0
2021-08-23 20:00:00,71215.0
2021-08-23 22:00:00,71295.0
2021-08-23 23:00:00,71215.0
2021-08-24 00:00:00,70865.0
2021-08-24 01:00:00,70555.0
2021-08-24 02:00:00,70715.0
2021-08-24 03:00:00,70970.0
2021-08-24 04:00:00,71140.0
2021-08-24 05:00:00,71300.0
2021-08-24 06:00:00,71485.0
2021-08-24 07:00:00,71475.0
2021-08-24 08:00:00,71480.0
2021-08-24 09:00:00,71355.0
2021-08-24 10:00:00,71040.0
2021-08-24 11:00:00,71085.0
2021-08-24 12:00:00,70850.0
2021-08-24 13:00:00,70250.0
2021-08-24 14:00:00,70200.0
2021-08-24 15:00:00,69950.0
2021-08-24 16:00:00,69585.0
2021-08-24 17:00:00,69655.0
2021-08-24 18:00:00,69835.0
2021-08-24 19:00:00,69935.0
2021-08-24 20:00:00,69980.0
2021-08-24 22:00:00,69880.0
2021-08-24 23:00:00,69200.0
2021-08-25 00:00:00,69670.0
2021-08-25 01:00:00,69625.0
2021-08-25 02:00:00,69875.0
2021-08-25 03:00:00,69665.0
2021-08-25 04:00:00,69550.0
2021-08-25 05:00:00,70455.0
2021-08-25 06:00:00,70060.0
2021-08-25 07:00:00,69730.0
2021-08-25 08:00:00,69000.0
2021-08-25 09:00:00,68995.0
2021-08-25 10:00:00,69185.0
2021-08-25 11:00:00,69250.0
2021-08-25 12:00:00,69530.0
2021-08-25 13:00:00,69325.0
2021-08-25 14:00:00,70165.0
2021-08-25 15:00:00,70535.0
2021-08-25 16:00:00,70465.0
2021-08-25 17:00:00,70495.0
2021-08-25 18:00:00,70680.0
2021-08-25 19:00:00,70400.0
2021-08-25 20:00:00,70450.0
2021-08-25 22:00:00,70575.0
2021-08-25 23:00:00,70750.0
2021-08-26 00:00:00,71050.0
2021-08-26 01:00:00,70510.0
2021-08-26 02:00:00,70460.0
2021-08-26 03:00:00,69550.0
2021-08-26 04:00:00,69635.0
2021-08-26 05:00:00,68670.0
2021-08-26 06:00:00,68460.0
2021-08-26 07:00:00,68485.0
2021-08-26 08:00:00,68555.0
2021-08-26 09:00:00,68400.0
2021-08-26 10:00:00,68575.0
2021-08-26 11:00:00,68475.0
2021-08-26 12:00:00,68550.0
2021-08-26 13:00:00,68825.0
2021-08-26 14:00:00,68460.0
2021-08-26 15:00:00,68380.0
2021-08-26 16:00:00,68515.0
2021-08-26 17:00:00,68585.0
2021-08-26 18:00:00,68640.0
2021-08-26 19:00:00,68510.0
2021-08-26 20:00:00,68515.0
2021-08-26 22:00:00,68820.0
2021-08-26 23:00:00,68500.0
2021-08-27 00:00:00,68850.0
2021-08-27 01:00:00,68850.0
2021-08-27 02:00:00,68825.0
2021-08-27 03:00:00,68450.0
2021-08-27 04:00:00,68475.0
2021-08-27 05:00:00,70055.0
2021-08-27 06:00:00,68775.0
2021-08-27 07:00:00,69190.0
2021-08-27 08:00:00,68890.0
2021-08-27 09:00:00,68900.0
2021-08-27 10:00:00,69130.0
2021-08-27 11:00:00,69250.0
2021-08-27 12:00:00,68995.0
2021-08-27 13:00:00,68900.0
2021-08-27 14:00:00,69760.0
2021-08-27 15:00:00,69890.0
2021-08-27 16:00:00,69925.0
2021-08-27 17:00:00,69940.0
2021-08-27 18:00:00,70125.0
2021-08-27 19:00:00,70055.0
2021-08-27 20:00:00,70565.0
2021-08-29 22:00:00,70875.0
2021-08-29 23:00:00,70465.0
2021-08-30 00:00:00,70015.0
2021-08-30 01:00:00,70195.0
2021-08-30 02:00:00,70055.0
2021-08-30 03:00:00,69655.0
2021-08-30 04:00:00,69520.0
2021-08-30 05:00:00,69650.0
2021-08-30 06:00:00,69650.0
2021-08-30 07:00:00,69625.0
2021-08-30 08:00:00,69775.0
2021-08-30 09:00:00,69660.0
2021-08-30 10:00:00,69715.0
2021-08-30 11:00:00,69595.0
2021-08-30 12:00:00,69235.0
2021-08-30 13:00:00,69440.0
2021-08-30 14:00:00,69335.0
2021-08-30 15:00:00,69750.0
2021-08-30 16:00:00,69890.0
2021-08-30 17:00:00,70085.0
2021-08-30 18:00:00,70250.0
2021-08-30 19:00:00,70345.0
2021-08-30 20:00:00,70345.0
2021-08-30 22:00:00,69255.0
2021-08-30 23:00:00,68655.0
2021-08-31 00:00:00,68475.0
2021-08-31 01:00:00,68515.0
2021-08-31 02:00:00,68625.0
2021-08-31 03:00:00,68850.0
2021-08-31 04:00:00,68750.0
2021-08-31 05:00:00,68990.0
2021-08-31 06:00:00,68610.0
2021-08-31 07:00:00,69455.0
2021-08-31 08:00:00,69410.0
2021-08-31 09:00:00,69025.0
2021-08-31 10:00:00,69050.0
2021-08-31 11:00:00,69675.0
2021-08-31 12:00:00,69500.0
2021-08-31 13:00:00,69555.0
2021-08-31 14:00:00,68860.0
2021-08-31 15:00:00,69070.0
2021-08-31 16:00:00,69000.0
2021-08-31 17:00:00,68800.0
2021-08-31 18:00:00,68985.0
2021-08-31 19:00:00,68950.0
2021-08-31 20:00:00,68600.0
2021-08-31 22:00:00,68725.0
2021-08-31 23:00:00,68850.0
2021-09-01 00:00:00,68410.0
2021-09-01 01:00:00,68460.0
2021-09-01 02:00:00,68495.0
2021-09-01 03:00:00,68715.0
2021-09-01 04:00:00,68775.0
2021-09-01 05:00:00,69025.0
2021-09-01 06:00:00,68975.0
2021-09-01 07:00:00,68755.0
2021-09-01 08:00:00,69030.0
2021-09-01 09:00:00,69370.0
2021-09-01 10:00:00,69195.0
2021-09-01 11:00:00,69365.0
2021-09-01 12:00:00,69470.0
2021-09-01 13:00:00,69140.0
2021-09-01 14:00:00,68945.0
2021-09-01 15:00:00,69220.0
2021-09-01 16:00:00,70215.0
2021-09-01 17:00:00,70455.0
2021-09-01 18:00:00,70340.0
2021-09-01 19:00:00,69860.0
2021-09-01 20:00:00,70020.0
2021-09-01 22:00:00,70100.0
2021-09-01 23:00:00,70600.0
2021-09-02 00:00:00,70565.0
2021-09-02 01:00:00,71485.0
2021-09-02 02:00:00,71405.0
2021-09-02 03:00:00,71395.0
2021-09-02 04:00:00,71150.0
2021-09-02 05:00:00,70975.0
2021-09-02 06:00:00,71780.0
2021-09-02 07:00:00,71640.0
2021-09-02 08:00:00,71795.0
2021-09-02 09:00:00,71520.0
2021-09-02 10:00:00,71825.0
2021-09-02 11:00:00,71820.0
2021-09-02 12:00:00,71785.0
2021-09-02 13:00:00,71870.0
2021-09-02 14:00:00,71260.0
2021-09-02 15:00:00,71275.0
2021-09-02 16:00:00,71290.0
2021-09-02 17:00:00,71200.0
2021-09-02 18:00:00,71005.0
2021-09-02 19:00:00,70955.0
2021-09-02 20:00:00,71210.0
2021-09-02 22:00:00,71390.0
2021-09-02 23:00:00,70960.0
2021-09-03 00:00:00,70225.0
2021-09-03 01:00:00,70180.0
2021-09-03 02:00:00,70665.0
2021-09-03 03:00:00,71130.0
2021-09-03 04:00:00,71350.0
2021-09-03 05:00:00,71160.0
2021-09-03 06:00:00,71090.0
2021-09-03 07:00:00,70965.0
2021-09-03 08:00:00,71735.0
2021-09-03 09:00:00,71800.0
2021-09-03 10:00:00,71570.0
2021-09-03 11:00:00,71900.0
2021-09-03 12:00:00,72405.0
2021-09-03 13:00:00,72450.0
2021-09-03 14:00:00,72465.0
2021-09-03 15:00:00,72335.0
2021-09-03 16:00:00,72265.0
2021-09-03 17:00:00,72210.0
2021-09-03 18:00:00,72180.0
2021-09-03 19:00:00,72330.0
2021-09-03 20:00:00,71815.0
2021-09-05 22:00:00,73630.0
2021-09-05 23:00:00,73600.0
2021-09-06 00:00:00,73600.0
2021-09-06 01:00:00,73575.0
2021-09-06 02:00:00,73495.0
2021-09-06 03:00:00,73400.0
2021-09-06 04:00:00,73465.0
2021-09-06 05:00:00,73585.0
2021-09-06 06:00:00,73665.0
2021-09-06 07:00:00,73590.0
2021-09-06 08:00:00,73480.0
2021-09-06 09:00:00,73640.0
2021-09-06 10:00:00,73615.0
2021-09-06 11:00:00,73085.0
2021-09-06 12:00:00,73105.0
2021-09-06 13:00:00,73270.0
2021-09-06 14:00:00,73510.0
2021-09-06 15:00:00,73380.0
2021-09-06 16:00:00,73300.0
2021-09-06 22:00:00,74360.0
2021-09-06 23:00:00,74460.0
2021-09-07 00:00:00,74250.0
2021-09-07 01:00:00,74275.0
2021-09-07 02:00:00,74465.0
2021-09-07 03:00:00,74400.0
2021-09-07 04:00:00,74320.0
2021-09-07 05:00:00,74470.0
2021-09-07 06:00:00,74145.0
2021-09-07 07:00:00,74150.0
2021-09-07 08:00:00,73035.0
2021-09-07 09:00:00,72620.0
2021-09-07 10:00:00,72795.0
2021-09-07 11:00:00,72650.0
2021-09-07 12:00:00,72720.0
2021-09-07 13:00:00,72250.0
2021-09-07 14:00:00,68940.0
2021-09-07 15:00:00,68345.0
2021-09-07 16:00:00,69110.0
2021-09-07 17:00:00,68300.0
2021-09-07 18:00:00,68650.0
2021-09-07 19:00:00,68400.0
2021-09-07 20:00:00,68480.0
2021-09-07 22:00:00,68500.0
2021-09-07 23:00:00,68545.0
2021-09-08 00:00:00,68745.0
2021-09-08 01:00:00,68885.0
2021-09-08 02:00:00,68755.0
2021-09-08 03:00:00,68100.0
2021-09-08 04:00:00,68100.0
2021-09-08 05:00:00,67760.0
2021-09-08 06:00:00,66780.0
2021-09-08 07:00:00,66700.0
2021-09-08 08:00:00,67515.0
2021-09-08 09:00:00,67825.0
2021-09-08 10:00:00,68140.0
2021-09-08 11:00:00,68070.0
2021-09-08 12:00:00,67915.0
2021-09-08 13:00:00,67985.0
2021-09-08 14:00:00,67520.0
2021-09-08 15:00:00,67670.0
2021-09-08 16:00:00,68100.0
2021-09-08 17:00:00,67910.0
2021-09-08 18:00:00,68165.0
2021-09-08 19:00:00,68100.0
2021-09-08 20:00:00,67705.0
2021-09-08 22:00:00,68270.0
2021-09-08 23:00:00,67750.0
2021-09-09 00:00:00,67965.0
2021-09-09 01:00:00,67760.0
2021-09-09 02:00:00,67395.0
2021-09-09 03:00:00,67585.0
2021-09-09 04:00:00,67800.0
2021-09-09 05:00:00,68245.0
2021-09-09 06:00:00,67760.0
2021-09-09 07:00:00,67965.0
2021-09-09 08:00:00,67915.0
2021-09-09 09:00:00,67875.0
2021-09-09 10:00:00,67785.0
2021-09-09 11:00:00,67965.0
2021-09-09 12:00:00,68345.0
2021-09-09 13:00:00,68555.0
2021-09-09 14:00:00,68600.0
2021-09-09 15:00:00,68630.0
2021-09-09 16:00:00,68900.0
2021-09-09 17:00:00,68440.0
2021-09-09 18:00:00,68300.0
2021-09-09 19:00:00,68225.0
2021-09-09 20:00:00,67850.0
2021-09-09 22:00:00,68140.0
2021-09-09 23:00:00,67965.0
2021-09-10 00:00:00,68230.0
2021-09-10 01:00:00,68500.0
2021-09-10 02:00:00,68375.0
2021-09-10 03:00:00,68280.0
2021-09-10 04:00:00,68270.0
2021-09-10 05:00:00,67275.0
2021-09-10 06:00:00,68080.0
2021-09-10 07:00:00,67760.0
2021-09-10 08:00:00,67615.0
2021-09-10 09:00:00,67890.0
2021-09-10 10:00:00,67945.0
2021-09-10 11:00:00,67955.0
2021-09-10 12:00:00,67530.0
2021-09-10 13:00:00,67485.0
2021-09-10 14:00:00,66755.0
2021-09-10 15:00:00,67030.0
2021-09-10 16:00:00,67140.0
2021-09-10 17:00:00,67360.0
2021-09-10 18:00:00,67350.0
2021-09-10 19:00:00,67275.0
2021-09-10 20:00:00,66670.0
2021-09-12 22:00:00,67435.0
2021-09-12 23:00:00,67675.0
2021-09-13 00:00:00,67735.0
2021-09-13 01:00:00,66795.0
2021-09-13 02:00:00,66575.0
2021-09-13 03:00:00,66225.0
2021-09-13 04:00:00,66330.0
2021-09-13 05:00:00,66415.0
2021-09-13 06:00:00,66410.0
2021-09-13 07:00:00,66080.0
2021-09-13 08:00:00,66005.0
2021-09-13 09:00:00,66145.0
2021-09-13 10:00:00,66275.0
2021-09-13 11:00:00,66525.0
2021-09-13 12:00:00,66250.0
2021-09-13 13:00:00,67730.0
2021-09-13 14:00:00,65590.0
2021-09-13 15:00:00,65970.0
2021-09-13 16:00:00,66025.0
2021-09-13 17:00:00,66040.0
2021-09-13 18:00:00,66300.0
2021-09-13 19:00:00,66370.0
2021-09-13 20:00:00,66740.0
2021-09-13 22:00:00,66690.0
2021-09-13 23:00:00,66600.0
2021-09-14 00:00:00,66815.0
2021-09-14 01:00:00,66750.0
2021-09-14 02:00:00,66695.0
2021-09-14 03:00:00,66890.0
2021-09-14 04:00:00,66685.0
2021-09-14 05:00:00,66835.0
2021-09-14 06:00:00,67000.0
2021-09-14 07:00:00,67365.0
2021-09-14 08:00:00,67585.0
2021-09-14 09:00:00,67425.0
2021-09-14 10:00:00,67665.0
2021-09-14 11:00:00,67625.0
2021-09-14 12:00:00,68185.0
2021-09-14 13:00:00,68075.0
2021-09-14 14:00:00,68235.0
2021-09-14 15:00:00,68425.0
2021-09-14 16:00:00,68235.0
2021-09-14 17:00:00,68330.0
2021-09-14 18:00:00,68155.0
2021-09-14 19:00:00,68110.0
2021-09-14 20:00:00,68480.0
2021-09-14 22:00:00,68860.0
2021-09-14 23:00:00,68800.0
2021-09-15 00:00:00,68770.0
2021-09-15 01:00:00,68695.0
2021-09-15 02:00:00,68820.0
2021-09-15 03:00:00,68755.0
2021-09-15 04:00:00,68480.0
2021-09-15 05:00:00,68580.0
2021-09-15 06:00:00,68555.0
2021-09-15 07:00:00,68800.0
2021-09-15 08:00:00,68700.0
2021-09-15 09:00:00,68745.0
2021-09-15 10:00:00,69285.0
2021-09-15 11:00:00,69220.0
2021-09-15 12:00:00,69000.0
2021-09-15 13:00:00,69425.0
2021-09-15 14:00:00,69520.0
2021-09-15 15:00:00,69950.0
2021-09-15 16:00:00,69785.0
2021-09-15 17:00:00,69700.0
2021-09-15 18:00:00,69740.0
2021-09-15 19:00:00,69800.0
2021-09-15 20:00:00,69590.0
2021-09-15 22:00:00,69950.0
2021-09-15 23:00:00,69870.0
2021-09-16 00:00:00,69535.0
2021-09-16 01:00:00,69730.0
2021-09-16 02:00:00,69630.0
2021-09-16 03:00:00,69385.0
2021-09-16 04:00:00,69985.0
2021-09-16 05:00:00,69925.0
2021-09-16 06:00:00,70005.0
2021-09-16 07:00:00,69990.0
2021-09-16 08:00:00,69750.0
2021-09-16 09:00:00,69540.0
2021-09-16 10:00:00,69600.0
2021-09-16 11:00:00,69585.0
2021-09-16 12:00:00,69785.0
2021-09-16 13:00:00,69120.0
2021-09-16 14:00:00,69210.0
2021-09-16 15:00:00,69640.0
2021-09-16 16:00:00,69605.0
2021-09-16 17:00:00,69070.0
2021-09-16 18:00:00,69265.0
2021-09-16 19:00:00,69045.0
2021-09-16 20:00:00,68790.0
2021-09-16 22:00:00,69275.0
2021-09-16 23:00:00,69475.0
2021-09-17 00:00:00,69105.0
2021-09-17 01:00:00,69665.0
2021-09-17 02:00:00,69420.0
2021-09-17 03:00:00,69550.0
2021-09-17 04:00:00,69775.0
2021-09-17 05:00:00,69090.0
2021-09-17 06:00:00,69700.0
2021-09-17 07:00:00,69320.0
2021-09-17 08:00:00,69590.0
2021-09-17 09:00:00,69335.0
2021-09-17 10:00:00,69100.0
2021-09-17 11:00:00,69015.0
2021-09-17 12:00:00,69025.0
2021-09-17 13:00:00,68855.0
2021-09-17 14:00:00,69060.0
2021-09-17 15:00:00,69080.0
2021-09-17 16:00:00,69250.0
2021-09-17 17:00:00,68865.0
2021-09-17 18:00:00,68760.0
2021-09-17 19:00:00,69075.0
2021-09-17 20:00:00,68515.0
2021-09-19 22:00:00,68585.0
2021-09-19 23:00:00,68875.0
2021-09-20 00:00:00,68455.0
2021-09-20 01:00:00,68780.0
2021-09-20 02:00:00,67485.0
2021-09-20 03:00:00,67090.0
2021-09-20 04:00:00,67195.0
2021-09-20 05:00:00,65380.0
2021-09-20 06:00:00,67130.0
2021-09-20 07:00:00,66370.0
2021-09-20 08:00:00,66675.0
2021-09-20 09:00:00,66390.0
2021-09-20 10:00:00,66130.0
2021-09-20 11:00:00,65240.0
2021-09-20 12:00:00,65035.0
2021-09-20 13:00:00,65630.0
2021-09-20 14:00:00,65325.0
2021-09-20 15:00:00,65365.0
2021-09-20 16:00:00,65425.0
2021-09-20 17:00:00,65585.0
2021-09-20 18:00:00,64925.0
2021-09-20 19:00:00,65430.0
2021-09-20 20:00:00,65115.0
2021-09-20 22:00:00,64835.0
2021-09-20 23:00:00,64600.0
2021-09-21 00:00:00,63130.0
2021-09-21 01:00:00,64280.0
2021-09-21 02:00:00,64450.0
2021-09-21 03:00:00,64320.0
2021-09-21 04:00:00,63870.0
2021-09-21 05:00:00,63630.0
2021-09-21 06:00:00,64385.0
2021-09-21 07:00:00,64880.0
2021-09-21 08:00:00,64850.0
2021-09-21 09:00:00,64700.0
2021-09-21 10:00:00,64990.0
2021-09-21 11:00:00,64830.0
2021-09-21 12:00:00,64710.0
2021-09-21 13:00:00,64730.0
2021-09-21 14:00:00,64030.0
2021-09-21 15:00:00,64690.0
2021-09-21 16:00:00,63995.0
2021-09-21 17:00:00,63250.0
2021-09-21 18:00:00,63800.0
2021-09-21 19:00:00,63565.0
2021-09-21 20:00:00,62505.0
2021-09-21 22:00:00,62075.0
2021-09-21 23:00:00,62100.0
2021-09-22 00:00:00,62590.0
2021-09-22 01:00:00,63715.0
2021-09-22 02:00:00,63620.0
2021-09-22 03:00:00,63635.0
2021-09-22 04:00:00,63490.0
2021-09-22 05:00:00,64985.0
2021-09-22 06:00:00,63870.0
2021-09-22 07:00:00,64150.0
2021-09-22 08:00:00,63860.0
2021-09-22 09:00:00,63925.0
2021-09-22 10:00:00,63745.0
2021-09-22 11:00:00,63530.0
2021-09-22 12:00:00,63765.0
2021-09-22 13:00:00,64005.0
2021-09-22 14:00:00,63940.0
2021-09-22 15:00:00,64860.0
2021-09-22 16:00:00,64965.0
2021-09-22 17:00:00,64690.0
2021-09-22 18:00:00,64735.0
2021-09-22 19:00:00,65045.0
2021-09-22 20:00:00,65025.0
2021-09-22 22:00:00,65135.0
2021-09-22 23:00:00,65145.0
2021-09-23 00:00:00,64835.0
2021-09-23 01:00:00,65250.0
2021-09-23 02:00:00,65335.0
2021-09-23 03:00:00,65705.0
2021-09-23 04:00:00,65660.0
2021-09-23 05:00:00,65525.0
2021-09-23 06:00:00,65925.0
2021-09-23 07:00:00,65845.0
2021-09-23 08:00:00,65505.0
2021-09-23 09:00:00,65575.0
2021-09-23 10:00:00,65320.0
2021-09-23 11:00:00,65200.0
2021-09-23 12:00:00,65025.0
2021-09-23 13:00:00,65595.0
2021-09-23 14:00:00,65735.0
2021-09-23 15:00:00,65345.0
2021-09-23 16:00:00,65385.0
2021-09-23 17:00:00,66380.0
2021-09-23 18:00:00,66385.0
2021-09-23 19:00:00,66370.0
2021-09-23 20:00:00,66250.0
2021-09-23 22:00:00,66445.0
2021-09-23 23:00:00,66545.0
2021-09-24 00:00:00,66260.0
2021-09-24 01:00:00,66110.0
2021-09-24 02:00:00,66050.0
2021-09-24 03:00:00,65990.0
2021-09-24 04:00:00,65925.0
2021-09-24 05:00:00,65930.0
2021-09-24 06:00:00,65775.0
2021-09-24 07:00:00,66460.0
2021-09-24 08:00:00,66145.0
2021-09-24 09:00:00,63900.0
2021-09-24 10:00:00,63755.0
2021-09-24 11:00:00,63040.0
2021-09-24 12:00:00,62640.0
2021-09-24 13:00:00,63410.0
2021-09-24 14:00:00,63990.0
2021-09-24 15:00:00,63530.0
2021-09-24 16:00:00,63790.0
2021-09-24 17:00:00,63590.0
2021-09-24 18:00:00,63800.0
2021-09-24 19:00:00,63950.0
2021-09-24 20:00:00,64530.0
2021-09-26 22:00:00,64605.0
2021-09-26 23:00:00,64855.0
2021-09-27 00:00:00,65660.0
2021-09-27 01:00:00,65940.0
2021-09-27 02:00:00,65900.0
2021-09-27 03:00:00,65700.0
2021-09-27 04:00:00,65740.0
2021-09-27 05:00:00,65850.0
2021-09-27 06:00:00,65480.0
2021-09-27 07:00:00,65435.0
2021-09-27 08:00:00,65505.0
2021-09-27 09:00:00,65180.0
2021-09-27 10:00:00,65385.0
2021-09-27 11:00:00,65380.0
2021-09-27 12:00:00,65215.0
2021-09-27 13:00:00,65135.0
2021-09-27 14:00:00,64820.0
2021-09-27 15:00:00,64860.0
2021-09-27 16:00:00,64645.0
2021-09-27 17:00:00,64620.0
2021-09-27 18:00:00,64620.0
2021-09-27 19:00:00,64590.0
2021-09-27 20:00:00,64225.0
2021-09-27 22:00:00,64715.0
2021-09-27 23:00:00,63700.0
2021-09-28 00:00:00,63850.0
2021-09-28 01:00:00,64060.0
2021-09-28 02:00:00,64060.0
2021-09-28 03:00:00,64155.0
2021-09-28 04:00:00,64240.0
2021-09-28 05:00:00,64005.0
2021-09-28 06:00:00,63815.0
2021-09-28 07:00:00,63265.0
2021-09-28 08:00:00,63335.0
2021-09-28 09:00:00,63375.0
2021-09-28 10:00:00,63285.0
2021-09-28 11:00:00,63605.0
2021-09-28 12:00:00,63325.0
2021-09-28 13:00:00,63520.0
2021-09-28 14:00:00,63010.0
2021-09-28 15:00:00,62940.0
2021-09-28 16:00:00,62700.0
2021-09-28 17:00:00,62910.0
2021-09-28 18:00:00,63090.0
2021-09-28 19:00:00,63055.0
2021-09-28 20:00:00,63210.0
2021-09-28 22:00:00,63090.0
2021-09-28 23:00:00,62485.0
2021-09-29 00:00:00,63030.0
2021-09-29 01:00:00,63025.0
2021-09-29 02:00:00,63200.0
2021-09-29 03:00:00,63635.0
2021-09-29 04:00:00,63730.0
2021-09-29 05:00:00,62570.0
2021-09-29 06:00:00,63950.0
2021-09-29 07:00:00,64005.0
2021-09-29 08:00:00,63880.0
2021-09-29 09:00:00,63810.0
2021-09-29 10:00:00,64000.0
2021-09-29 11:00:00,63895.0
2021-09-29 12:00:00,63555.0
2021-09-29 13:00:00,63635.0
2021-09-29 14:00:00,63730.0
2021-09-29 15:00:00,63130.0
2021-09-29 16:00:00,62965.0
2021-09-29 17:00:00,62645.0
2021-09-29 18:00:00,62755.0
2021-09-29 19:00:00,62600.0
2021-09-29 20:00:00,62545.0
2021-09-29 22:00:00,62840.0
2021-09-29 23:00:00,63000.0
2021-09-30 00:00:00,63765.0
2021-09-30 01:00:00,64440.0
2021-09-30 02:00:00,64915.0
2021-09-30 03:00:00,65150.0
2021-09-30 04:00:00,65055.0
2021-09-30 05:00:00,65005.0
2021-09-30 06:00:00,64865.0
2021-09-30 07:00:00,64790.0
2021-09-30 08:00:00,64605.0
2021-09-30 09:00:00,64675.0
2021-09-30 10:00:00,64305.0
2021-09-30 11:00:00,64560.0
2021-09-30 12:00:00,64920.0
2021-09-30 13:00:00,64580.0
2021-09-30 14:00:00,64610.0
2021-09-30 15:00:00,64670.0
2021-09-30 16:00:00,64390.0
2021-09-30 17:00:00,64800.0
2021-09-30 18:00:00,65475.0
2021-09-30 19:00:00,65025.0
2021-09-30 20:00:00,64885.0
2021-09-30 22:00:00,65240.0
2021-09-30 23:00:00,65250.0
2021-10-01 00:00:00,65240.0
2021-10-01 01:00:00,65240.0
2021-10-01 02:00:00,64915.0
2021-10-01 03:00:00,65175.0
2021-10-01 04:00:00,65200.0
2021-10-01 05:00:00,69805.0
2021-10-01 06:00:00,65600.0
2021-10-01 07:00:00,66390.0
2021-10-01 08:00:00,66600.0
2021-10-01 09:00:00,66500.0
2021-10-01 10:00:00,68765.0
2021-10-01 11:00:00,69120.0
2021-10-01 12:00:00,68925.0
2021-10-01 13:00:00,68680.0
2021-10-01 14:00:00,68820.0
2021-10-01 15:00:00,69060.0
2021-10-01 16:00:00,69310.0
2021-10-01 17:00:00,69395.0
2021-10-01 18:00:00,69415.0
2021-10-01 19:00:00,69820.0
2021-10-01 20:00:00,69910.0
2021-10-03 22:00:00,69735.0
2021-10-03 23:00:00,69955.0
2021-10-04 00:00:00,69605.0
2021-10-04 01:00:00,69550.0
2021-10-04 02:00:00,69430.0
2021-10-04 03:00:00,69225.0
2021-10-04 04:00:00,69510.0
2021-10-04 05:00:00,69510.0
2021-10-04 06:00:00,69465.0
2021-10-04 07:00:00,69550.0
2021-10-04 08:00:00,69320.0
2021-10-04 09:00:00,69420.0
2021-10-04 10:00:00,69300.0
2021-10-04 11:00:00,69255.0
2021-10-04 12:00:00,69405.0
2021-10-04 13:00:00,69835.0
2021-10-04 14:00:00,69135.0
2021-10-04 15:00:00,69510.0
2021-10-04 16:00:00,70315.0
2021-10-04 17:00:00,71020.0
2021-10-04 18:00:00,71090.0
2021-10-04 19:00:00,71340.0
2021-10-04 20:00:00,70755.0
2021-10-04 22:00:00,70645.0
2021-10-04 23:00:00,70995.0
2021-10-05 00:00:00,71330.0
2021-10-05 01:00:00,71050.0
2021-10-05 02:00:00,71035.0
2021-10-05 03:00:00,71050.0
2021-10-05 04:00:00,70845.0
2021-10-05 05:00:00,73045.0
2021-10-05 06:00:00,71045.0
2021-10-05 07:00:00,71250.0
2021-10-05 08:00:00,71730.0
2021-10-05 09:00:00,72085.0
2021-10-05 10:00:00,71770.0
2021-10-05 11:00:00,71675.0
2021-10-05 12:00:00,71815.0
2021-10-05 13:00:00,72045.0
2021-10-05 14:00:00,71680.0
2021-10-05 15:00:00,71540.0
2021-10-05 16:00:00,71840.0
2021-10-05 17:00:00,71920.0
2021-10-05 18:00:00,72490.0
2021-10-05 19:00:00,73040.0
2021-10-05 20:00:00,73355.0
2021-10-05 22:00:00,73280.0
2021-10-05 23:00:00,73335.0
2021-10-06 00:00:00,73100.0
2021-10-06 01:00:00,73120.0
2021-10-06 02:00:00,73395.0
2021-10-06 03:00:00,73400.0
2021-10-06 04:00:00,73190.0
2021-10-06 05:00:00,73415.0
2021-10-06 06:00:00,73415.0
2021-10-06 07:00:00,73260.0
2021-10-06 08:00:00,72585.0
2021-10-06 09:00:00,72565.0
2021-10-06 10:00:00,73055.0
2021-10-06 11:00:00,73215.0
2021-10-06 12:00:00,74625.0
2021-10-06 13:00:00,75875.0
2021-10-06 14:00:00,76430.0
2021-10-06 15:00:00,76905.0
2021-10-06 16:00:00,76780.0
2021-10-06 17:00:00,76480.0
2021-10-06 18:00:00,76455.0
2021-10-06 19:00:00,77085.0
2021-10-06 20:00:00,76765.0
2021-10-06 22:00:00,77170.0
2021-10-06 23:00:00,77275.0
2021-10-07 00:00:00,76755.0
2021-10-07 01:00:00,76740.0
2021-10-07 02:00:00,77015.0
2021-10-07 03:00:00,76785.0
2021-10-07 04:00:00,77010.0
2021-10-07 05:00:00,75885.0
2021-10-07 06:00:00,76505.0
2021-10-07 07:00:00,76775.0
2021-10-07 08:00:00,76550.0
2021-10-07 09:00:00,76270.0
2021-10-07 10:00:00,75920.0
2021-10-07 11:00:00,76260.0
2021-10-07 12:00:00,75960.0
2021-10-07 13:00:00,76510.0
2021-10-07 14:00:00,75720.0
2021-10-07 15:00:00,75765.0
2021-10-07 16:00:00,76055.0
2021-10-07 17:00:00,76185.0
2021-10-07 18:00:00,75875.0
2021-10-07 19:00:00,75910.0
2021-10-07 20:00:00,76205.0
2021-10-07 22:00:00,75775.0
2021-10-07 23:00:00,75725.0
2021-10-08 00:00:00,76120.0
2021-10-08 01:00:00,76255.0
2021-10-08 02:00:00,75820.0
2021-10-08 03:00:00,75725.0
2021-10-08 04:00:00,75890.0
2021-10-08 05:00:00,76595.0
2021-10-08 06:00:00,76115.0
2021-10-08 07:00:00,76750.0
2021-10-08 08:00:00,77745.0
2021-10-08 09:00:00,77205.0
2021-10-08 10:00:00,77520.0
2021-10-08 11:00:00,77195.0
2021-10-08 12:00:00,76850.0
2021-10-08 13:00:00,76105.0
2021-10-08 14:00:00,76500.0
2021-10-08 15:00:00,76170.0
2021-10-08 16:00:00,76245.0
2021-10-08 17:00:00,76215.0
2021-10-08 18:00:00,76365.0
2021-10-08 19:00:00,76600.0
2021-10-08 20:00:00,75945.0
2021-10-10 22:00:00,76765.0
2021-10-10 23:00:00,76570.0
2021-10-11 00:00:00,77070.0
2021-10-11 01:00:00,77320.0
2021-10-11 02:00:00,77735.0
2021-10-11 03:00:00,78480.0
2021-10-11 04:00:00,78435.0
2021-10-11 05:00:00,79405.0
2021-10-11 06:00:00,78610.0
2021-10-11 07:00:00,78715.0
2021-10-11 08:00:00,78465.0
2021-10-11 09:00:00,78455.0
2021-10-11 10:00:00,78140.0
2021-10-11 11:00:00,78390.0
2021-10-11 12:00:00,78405.0
2021-10-11 13:00:00,79200.0
2021-10-11 14:00:00,79380.0
2021-10-11 15:00:00,79335.0
2021-10-11 16:00:00,79265.0
2021-10-11 17:00:00,79360.0
2021-10-11 18:00:00,79325.0
2021-10-11 19:00:00,79360.0
2021-10-11 20:00:00,79215.0
2021-10-11 22:00:00,79150.0
2021-10-11 23:00:00,79420.0
2021-10-12 00:00:00,78815.0
2021-10-12 01:00:00,78965.0
2021-10-12 02:00:00,78635.0
2021-10-12 03:00:00,78620.0
2021-10-12 04:00:00,78870.0
2021-10-12 05:00:00,77230.0
2021-10-12 06:00:00,79115.0
2021-10-12 07:00:00,79290.0
2021-10-12 08:00:00,79395.0
2021-10-12 09:00:00,78845.0
2021-10-12 10:00:00,79140.0
2021-10-12 11:00:00,79160.0
2021-10-12 12:00:00,78825.0
2021-10-12 13:00:00,78865.0
2021-10-12 14:00:00,78275.0
2021-10-12 15:00:00,78265.0
2021-10-12 16:00:00,77830.0
2021-10-12 17:00:00,77825.0
2021-10-12 18:00:00,77455.0
2021-10-12 19:00:00,77220.0
2021-10-12 20:00:00,77175.0
2021-10-12 22:00:00,78245.0
2021-10-12 23:00:00,77730.0
2021-10-13 00:00:00,78290.0
2021-10-13 01:00:00,78115.0
2021-10-13 02:00:00,78285.0
2021-10-13 03:00:00,78175.0
2021-10-13 04:00:00,77895.0
2021-10-13 05:00:00,76955.0
2021-10-13 06:00:00,77225.0
2021-10-13 07:00:00,76460.0
2021-10-13 08:00:00,76465.0
2021-10-13 09:00:00,76715.0
2021-10-13 10:00:00,76440.0
2021-10-13 11:00:00,77060.0
2021-10-13 12:00:00,76920.0
2021-10-13 13:00:00,76720.0
2021-10-13 14:00:00,77665.0
2021-10-13 15:00:00,78080.0
2021-10-13 16:00:00,78850.0
2021-10-13 17:00:00,78705.0
2021-10-13 18:00:00,78855.0
2021-10-13 19:00:00,79125.0
2021-10-13 20:00:00,78795.0
2021-10-13 22:00:00,79240.0
2021-10-13 23:00:00,79200.0
2021-10-14 00:00:00,79640.0
2021-10-14 01:00:00,80190.0
2021-10-14 02:00:00,80180.0
2021-10-14 03:00:00,79990.0
2021-10-14 04:00:00,79905.0
2021-10-14 05:00:00,79940.0
2021-10-14 06:00:00,79500.0
2021-10-14 07:00:00,79260.0
2021-10-14 08:00:00,79405.0
2021-10-14 09:00:00,79300.0
2021-10-14 10:00:00,79520.0
2021-10-14 11:00:00,79475.0
2021-10-14 12:00:00,79430.0
2021-10-14 13:00:00,79245.0
2021-10-14 14:00:00,79255.0
2021-10-14 15:00:00,79190.0
2021-10-14 16:00:00,78960.0
2021-10-14 17:00:00,79080.0
2021-10-14 18:00:00,79865.0
2021-10-14 19:00:00,79665.0
2021-10-14 20:00:00,79205.0
2021-10-14 22:00:00,79430.0
2021-10-14 23:00:00,79170.0
2021-10-15 00:00:00,78875.0
2021-10-15 01:00:00,79060.0
2021-10-15 02:00:00,81055.0
2021-10-15 03:00:00,81360.0
2021-10-15 04:00:00,81560.0
2021-10-15 05:00:00,83490.0
2021-10-15 06:00:00,81795.0
2021-10-15 07:00:00,81295.0
2021-10-15 08:00:00,80875.0
2021-10-15 09:00:00,81300.0
2021-10-15 10:00:00,81215.0
2021-10-15 11:00:00,81470.0
2021-10-15 12:00:00,81235.0
2021-10-15 13:00:00,81955.0
2021-10-15 14:00:00,82065.0
2021-10-15 15:00:00,82035.0
2021-10-15 16:00:00,83515.0
2021-10-15 17:00:00,83740.0
2021-10-15 18:00:00,83540.0
2021-10-15 19:00:00,83475.0
2021-10-15 20:00:00,84510.0
2021-10-17 22:00:00,83140.0
2021-10-17 23:00:00,83290.0
2021-10-18 00:00:00,84295.0
2021-10-18 01:00:00,83915.0
2021-10-18 02:00:00,83940.0
2021-10-18 03:00:00,84000.0
2021-10-18 04:00:00,84325.0
2021-10-18 05:00:00,83065.0
2021-10-18 06:00:00,84215.0
2021-10-18 07:00:00,83750.0
2021-10-18 08:00:00,83650.0
2021-10-18 09:00:00,82970.0
2021-10-18 10:00:00,83065.0
2021-10-18 11:00:00,82675.0
2021-10-18 12:00:00,82290.0
2021-10-18 13:00:00,83565.0
2021-10-18 14:00:00,83810.0
2021-10-18 15:00:00,83700.0
2021-10-18 16:00:00,83485.0
2021-10-18 17:00:00,83340.0
2021-10-18 18:00:00,83460.0
2021-10-18 19:00:00,83060.0
2021-10-18 20:00:00,83050.0
2021-10-18 22:00:00,83760.0
2021-10-18 23:00:00,83690.0
2021-10-19 00:00:00,83600.0
2021-10-19 01:00:00,83495.0
2021-10-19 02:00:00,83545.0
2021-10-19 03:00:00,84415.0
2021-10-19 04:00:00,84235.0
2021-10-19 05:00:00,86075.0
2021-10-19 06:00:00,83975.0
2021-10-19 07:00:00,84125.0
2021-10-19 08:00:00,84310.0
2021-10-19 09:00:00,83880.0
2021-10-19 10:00:00,84065.0
2021-10-19 11:00:00,83880.0
2021-10-19 12:00:00,83990.0
2021-10-19 13:00:00,84495.0
2021-10-19 14:00:00,84375.0
2021-10-19 15:00:00,84320.0
2021-10-19 16:00:00,85045.0
2021-10-19 17:00:00,85305.0
2021-10-19 18:00:00,85235.0
2021-10-19 19:00:00,85970.0
2021-10-19 20:00:00,85730.0
2021-10-19 22:00:00,85880.0
2021-10-19 23:00:00,86105.0
2021-10-20 00:00:00,85905.0
2021-10-20 01:00:00,85615.0
2021-10-20 02:00:00,85625.0
2021-10-20 03:00:00,85625.0
2021-10-20 04:00:00,85765.0
2021-10-20 05:00:00,88080.0
2021-10-20 06:00:00,85540.0
2021-10-20 07:00:00,85835.0
2021-10-20 08:00:00,85845.0
2021-10-20 09:00:00,85770.0
2021-10-20 10:00:00,85625.0
2021-10-20 11:00:00,85570.0
2021-10-20 12:00:00,86280.0
2021-10-20 13:00:00,88120.0
2021-10-20 14:00:00,88730.0
2021-10-20 15:00:00,88840.0
2021-10-20 16:00:00,88320.0
2021-10-20 17:00:00,88175.0
2021-10-20 18:00:00,88545.0
2021-10-20 19:00:00,88060.0
2021-10-20 20:00:00,87700.0
2021-10-20 22:00:00,87675.0
2021-10-20 23:00:00,87745.0
2021-10-21 00:00:00,87370.0
2021-10-21 01:00:00,86705.0
2021-10-21 02:00:00,86625.0
2021-10-21 03:00:00,86720.0
2021-10-21 04:00:00,86770.0
2021-10-21 05:00:00,84325.0
2021-10-21 06:00:00,86300.0
2021-10-21 07:00:00,86795.0
2021-10-21 08:00:00,87660.0
2021-10-21 09:00:00,87935.0
2021-10-21 10:00:00,87420.0
2021-10-21 11:00:00,86515.0
2021-10-21 12:00:00,86650.0
2021-10-21 13:00:00,86360.0
2021-10-21 14:00:00,85270.0
2021-10-21 15:00:00,84580.0
2021-10-21 16:00:00,84415.0
2021-10-21 17:00:00,84110.0
2021-10-21 18:00:00,84355.0
2021-10-21 19:00:00,84375.0
2021-10-21 20:00:00,84295.0
2021-10-21 22:00:00,84090.0
2021-10-21 23:00:00,83810.0
2021-10-22 00:00:00,84450.0
2021-10-22 01:00:00,84305.0
2021-10-22 02:00:00,84555.0
2021-10-22 03:00:00,85075.0
2021-10-22 04:00:00,84730.0
2021-10-22 05:00:00,84800.0
2021-10-22 06:00:00,84270.0
2021-10-22 07:00:00,84945.0
2021-10-22 08:00:00,85395.0
2021-10-22 09:00:00,84970.0
2021-10-22 10:00:00,84890.0
2021-10-22 11:00:00,85085.0
2021-10-22 12:00:00,85375.0
2021-10-22 13:00:00,84110.0
2021-10-22 14:00:00,82935.0
2021-10-22 15:00:00,82070.0
2021-10-22 16:00:00,82505.0
2021-10-22 17:00:00,82065.0
2021-10-22 18:00:00,81940.0
2021-10-22 19:00:00,82290.0
2021-10-22 20:00:00,82140.0
2021-10-24 22:00:00,82295.0
2021-10-24 23:00:00,82295.0
2021-10-25 00:00:00,83030.0
2021-10-25 01:00:00,82955.0
2021-10-25 02:00:00,83220.0
2021-10-25 03:00:00,83290.0
2021-10-25 04:00:00,83280.0
2021-10-25 05:00:00,83945.0
2021-10-25 06:00:00,83340.0
2021-10-25 07:00:00,84060.0
2021-10-25 08:00:00,84190.0
2021-10-25 09:00:00,84130.0
2021-10-25 10:00:00,83910.0
2021-10-25 11:00:00,84170.0
2021-10-25 12:00:00,84085.0
2021-10-25 13:00:00,84665.0
2021-10-25 14:00:00,84770.0
2021-10-25 15:00:00,85025.0
2021-10-25 16:00:00,84970.0
2021-10-25 17:00:00,84595.0
2021-10-25 18:00:00,84555.0
2021-10-25 19:00:00,83995.0
2021-10-25 20:00:00,83780.0
2021-10-25 22:00:00,84330.0
2021-10-25 23:00:00,84220.0
2021-10-26 00:00:00,84485.0
2021-10-26 01:00:00,84040.0
2021-10-26 02:00:00,84095.0
2021-10-26 03:00:00,83965.0
2021-10-26 04:00:00,83870.0
2021-10-26 05:00:00,83790.0
2021-10-26 06:00:00,83690.0
2021-10-26 07:00:00,83590.0
2021-10-26 08:00:00,84075.0
2021-10-26 09:00:00,83990.0
2021-10-26 10:00:00,84355.0
2021-10-26 11:00:00,84060.0
2021-10-26 12:00:00,83880.0
2021-10-26 13:00:00,83625.0
2021-10-26 14:00:00,83200.0
2021-10-26 15:00:00,83790.0
2021-10-26 16:00:00,83300.0
2021-10-26 17:00:00,83585.0
2021-10-26 18:00:00,83500.0
2021-10-26 19:00:00,83120.0
2021-10-26 20:00:00,83085.0
2021-10-26 22:00:00,81245.0
2021-10-26 23:00:00,81315.0
2021-10-27 00:00:00,81730.0
2021-10-27 01:00:00,81440.0
2021-10-27 02:00:00,81400.0
2021-10-27 03:00:00,81620.0
2021-10-27 04:00:00,82110.0
2021-10-27 05:00:00,79985.0
2021-10-27 06:00:00,81840.0
2021-10-27 07:00:00,80920.0
2021-10-27 08:00:00,80275.0
2021-10-27 09:00:00,79945.0
2021-10-27 10:00:00,80000.0
2021-10-27 11:00:00,79590.0
2021-10-27 12:00:00,80010.0
2021-10-27 13:00:00,80045.0
2021-10-27 14:00:00,80220.0
2021-10-27 15:00:00,79760.0
2021-10-27 16:00:00,79785.0
2021-10-27 17:00:00,79800.0
2021-10-27 18:00:00,79700.0
2021-10-27 19:00:00,80000.0
2021-10-27 20:00:00,79870.0
2021-10-27 22:00:00,79640.0
2021-10-27 23:00:00,79290.0
2021-10-28 00:00:00,79020.0
2021-10-28 01:00:00,79610.0
2021-10-28 02:00:00,79795.0
2021-10-28 03:00:00,79785.0
2021-10-28 04:00:00,79620.0
2021-10-28 05:00:00,82350.0
2021-10-28 06:00:00,80080.0
2021-10-28 07:00:00,80070.0
2021-10-28 08:00:00,81580.0
2021-10-28 09:00:00,81975.0
2021-10-28 10:00:00,82020.0
2021-10-28 11:00:00,81935.0
2021-10-28 12:00:00,82165.0
2021-10-28 13:00:00,82510.0
2021-10-28 14:00:00,82560.0
2021-10-28 15:00:00,82250.0
2021-10-28 16:00:00,82250.0
2021-10-28 17:00:00,82060.0
2021-10-28 18:00:00,81260.0
2021-10-28 19:00:00,82335.0
2021-10-28 20:00:00,82335.0
2021-10-28 22:00:00,81690.0
2021-10-28 23:00:00,81755.0
2021-10-29 00:00:00,82525.0
2021-10-29 01:00:00,82635.0
2021-10-29 02:00:00,82785.0
2021-10-29 03:00:00,82905.0
2021-10-29 04:00:00,82745.0
2021-10-29 05:00:00,82065.0
2021-10-29 06:00:00,82485.0
2021-10-29 07:00:00,81615.0
2021-10-29 08:00:00,81965.0
2021-10-29 09:00:00,81915.0
2021-10-29 10:00:00,82120.0
2021-10-29 11:00:00,81985.0
2021-10-29 12:00:00,82015.0
2021-10-29 13:00:00,82405.0
2021-10-29 14:00:00,82320.0
2021-10-29 15:00:00,83565.0
2021-10-29 16:00:00,83895.0
2021-10-29 17:00:00,83600.0
2021-10-29 18:00:00,83225.0
2021-10-29 19:00:00,83585.0
2021-10-29 20:00:00,83385.0
2021-10-31 22:00:00,82410.0
2021-10-31 23:00:00,82245.0
2021-11-01 00:00:00,82590.0
2021-11-01 01:00:00,82305.0
2021-11-01 02:00:00,81490.0
2021-11-01 03:00:00,80825.0
2021-11-01 04:00:00,81455.0
2021-11-01 05:00:00,81510.0
2021-11-01 06:00:00,81605.0
2021-11-01 07:00:00,83085.0
2021-11-01 08:00:00,82875.0
2021-11-01 09:00:00,82940.0
2021-11-01 10:00:00,83225.0
2021-11-01 11:00:00,82840.0
2021-11-01 12:00:00,82805.0
2021-11-01 13:00:00,82925.0
2021-11-01 14:00:00,82380.0
2021-11-01 15:00:00,82495.0
2021-11-01 16:00:00,81895.0
2021-11-01 17:00:00,81520.0
2021-11-01 18:00:00,81395.0
2021-11-01 19:00:00,82265.0
2021-11-01 20:00:00,81550.0
2021-11-01 22:00:00,81910.0
2021-11-01 23:00:00,81915.0
2021-11-02 00:00:00,81775.0
2021-11-02 01:00:00,82135.0
2021-11-02 02:00:00,81670.0
2021-11-02 03:00:00,81890.0
2021-11-02 04:00:00,82265.0
2021-11-02 05:00:00,82570.0
2021-11-02 06:00:00,82520.0
2021-11-02 07:00:00,82330.0
2021-11-02 08:00:00,82495.0
2021-11-02 09:00:00,83945.0
2021-11-02 10:00:00,84130.0
2021-11-02 11:00:00,83895.0
2021-11-02 12:00:00,83990.0
2021-11-02 13:00:00,84380.0
2021-11-02 14:00:00,84310.0
2021-11-02 15:00:00,85005.0
2021-11-02 16:00:00,84670.0
2021-11-02 17:00:00,84445.0
2021-11-02 18:00:00,84200.0
2021-11-02 19:00:00,84600.0
2021-11-02 20:00:00,84005.0
2021-11-02 22:00:00,83930.0
2021-11-02 23:00:00,84170.0
2021-11-03 00:00:00,84565.0
2021-11-03 01:00:00,84085.0
2021-11-03 02:00:00,84155.0
2021-11-03 03:00:00,84050.0
2021-11-03 04:00:00,83660.0
2021-11-03 05:00:00,83635.0
2021-11-03 06:00:00,83765.0
2021-11-03 07:00:00,84320.0
2021-11-03 08:00:00,83860.0
2021-11-03 09:00:00,84160.0
2021-11-03 10:00:00,84070.0
2021-11-03 11:00:00,84030.0
2021-11-03 12:00:00,83350.0
2021-11-03 13:00:00,82595.0
2021-11-03 14:00:00,82765.0
2021-11-03 15:00:00,82995.0
2021-11-03 16:00:00,82850.0
2021-11-03 17:00:00,83220.0
2021-11-03 18:00:00,84035.0
2021-11-03 19:00:00,83640.0
2021-11-03 20:00:00,83595.0
2021-11-03 22:00:00,83660.0
2021-11-03 23:00:00,83860.0
2021-11-04 00:00:00,83695.0
2021-11-04 01:00:00,83210.0
2021-11-04 02:00:00,83385.0
2021-11-04 03:00:00,83310.0
2021-11-04 04:00:00,83630.0
2021-11-04 05:00:00,83195.0
2021-11-04 06:00:00,83295.0
2021-11-04 07:00:00,82690.0
2021-11-04 08:00:00,82420.0
2021-11-04 09:00:00,82650.0
2021-11-04 10:00:00,82755.0
2021-11-04 11:00:00,82235.0
2021-11-04 12:00:00,82775.0
2021-11-04 13:00:00,83005.0
2021-11-04 14:00:00,82660.0
2021-11-04 15:00:00,81865.0
2021-11-04 16:00:00,81995.0
2021-11-04 17:00:00,81670.0
2021-11-04 18:00:00,81430.0
2021-11-04 19:00:00,81995.0
2021-11-04 20:00:00,82045.0
2021-11-04 22:00:00,81905.0
2021-11-04 23:00:00,82135.0
2021-11-05 00:00:00,81590.0
2021-11-05 01:00:00,82485.0
2021-11-05 02:00:00,82515.0
2021-11-05 03:00:00,83105.0
2021-11-05 04:00:00,82920.0
2021-11-05 05:00:00,81950.0
2021-11-05 06:00:00,83025.0
2021-11-05 07:00:00,82980.0
2021-11-05 08:00:00,83080.0
2021-11-05 09:00:00,82585.0
2021-11-05 10:00:00,82380.0
2021-11-05 11:00:00,82125.0
2021-11-05 12:00:00,82410.0
2021-11-05 13:00:00,82595.0
2021-11-05 14:00:00,82060.0
2021-11-05 15:00:00,81575.0
2021-11-05 16:00:00,81630.0
2021-11-05 17:00:00,81770.0
2021-11-05 18:00:00,81995.0
2021-11-05 19:00:00,81945.0
2021-11-05 20:00:00,81760.0
2021-11-07 23:00:00,84255.0
2021-11-08 00:00:00,86070.0
2021-11-08 01:00:00,86140.0
2021-11-08 02:00:00,86170.0
2021-11-08 03:00:00,86190.0
2021-11-08 04:00:00,86175.0
2021-11-08 05:00:00,86485.0
2021-11-08 06:00:00,87105.0
2021-11-08 07:00:00,87095.0
2021-11-08 08:00:00,87345.0
2021-11-08 09:00:00,87170.0
2021-11-08 10:00:00,87210.0
2021-11-08 11:00:00,87115.0
2021-11-08 12:00:00,86895.0
2021-11-08 13:00:00,86370.0
2021-11-08 14:00:00,86290.0
2021-11-08 15:00:00,87425.0
2021-11-08 16:00:00,86965.0
2021-11-08 17:00:00,87135.0
2021-11-08 18:00:00,86955.0
2021-11-08 19:00:00,86850.0
2021-11-08 20:00:00,87080.0
2021-11-08 21:00:00,87105.0
2021-11-08 23:00:00,88650.0
2021-11-09 00:00:00,88650.0
2021-11-09 01:00:00,88485.0
2021-11-09 02:00:00,88665.0
2021-11-09 03:00:00,89545.0
2021-11-09 04:00:00,89305.0
2021-11-09 05:00:00,89160.0
2021-11-09 06:00:00,88195.0
2021-11-09 07:00:00,88865.0
2021-11-09 08:00:00,89115.0
2021-11-09 09:00:00,89365.0
2021-11-09 10:00:00,88800.0
2021-11-09 11:00:00,88555.0
2021-11-09 12:00:00,88570.0
2021-11-09 13:00:00,89065.0
2021-11-09 14:00:00,88230.0
2021-11-09 15:00:00,87635.0
2021-11-09 16:00:00,87555.0
2021-11-09 17:00:00,87610.0
2021-11-09 18:00:00,87300.0
2021-11-09 19:00:00,87600.0
2021-11-09 20:00:00,88200.0
2021-11-09 21:00:00,88495.0
2021-11-09 23:00:00,87760.0
2021-11-10 00:00:00,87795.0
2021-11-10 01:00:00,87850.0
2021-11-10 02:00:00,87615.0
2021-11-10 03:00:00,87315.0
2021-11-10 04:00:00,87455.0
2021-11-10 05:00:00,87100.0
2021-11-10 06:00:00,86645.0
2021-11-10 07:00:00,87205.0
2021-11-10 08:00:00,87410.0
2021-11-10 09:00:00,87455.0
2021-11-10 10:00:00,87585.0
2021-11-10 11:00:00,87345.0
2021-11-10 12:00:00,87130.0
2021-11-10 13:00:00,88815.0
2021-11-10 14:00:00,89325.0
2021-11-10 15:00:00,89245.0
2021-11-10 16:00:00,89475.0
2021-11-10 17:00:00,89610.0
2021-11-10 18:00:00,88660.0
2021-11-10 19:00:00,87475.0
2021-11-10 20:00:00,86690.0
2021-11-10 21:00:00,85105.0
2021-11-10 23:00:00,85780.0
2021-11-11 00:00:00,85730.0
2021-11-11 01:00:00,85610.0
2021-11-11 02:00:00,85230.0
2021-11-11 03:00:00,85450.0
2021-11-11 04:00:00,85465.0
2021-11-11 05:00:00,85490.0
2021-11-11 06:00:00,85625.0
2021-11-11 07:00:00,86015.0
2021-11-11 08:00:00,86160.0
2021-11-11 09:00:00,86220.0
2021-11-11 10:00:00,86140.0
2021-11-11 11:00:00,86065.0
2021-11-11 12:00:00,85860.0
2021-11-11 13:00:00,85585.0
2021-11-11 14:00:00,86070.0
2021-11-11 15:00:00,85640.0
2021-11-11 16:00:00,85915.0
2021-11-11 17:00:00,85700.0
2021-11-11 18:00:00,85620.0
2021-11-11 19:00:00,86010.0
2021-11-11 20:00:00,85610.0
2021-11-11 21:00:00,85810.0
2021-11-11 23:00:00,85650.0
2021-11-12 00:00:00,85645.0
2021-11-12 01:00:00,85895.0
2021-11-12 02:00:00,85845.0
2021-11-12 03:00:00,85630.0
2021-11-12 04:00:00,85760.0
2021-11-12 05:00:00,85450.0
2021-11-12 06:00:00,84805.0
2021-11-12 07:00:00,85240.0
2021-11-12 08:00:00,85660.0
2021-11-12 09:00:00,84555.0
2021-11-12 10:00:00,84370.0
2021-11-12 11:00:00,84470.0
2021-11-12 12:00:00,84605.0
2021-11-12 13:00:00,84765.0
2021-11-12 14:00:00,84225.0
2021-11-12 15:00:00,83845.0
2021-11-12 16:00:00,83815.0
2021-11-12 17:00:00,84330.0
2021-11-12 18:00:00,84650.0
2021-11-12 19:00:00,84630.0
2021-11-12 20:00:00,84810.0
2021-11-12 21:00:00,84765.0
2021-11-14 23:00:00,86215.0
2021-11-15 00:00:00,86645.0
2021-11-15 01:00:00,86655.0
2021-11-15 02:00:00,86480.0
2021-11-15 03:00:00,86460.0
2021-11-15 04:00:00,86480.0
2021-11-15 05:00:00,86440.0
2021-11-15 06:00:00,84480.0
2021-11-15 07:00:00,86325.0
2021-11-15 08:00:00,86455.0
2021-11-15 09:00:00,86710.0
2021-11-15 10:00:00,86665.0
2021-11-15 11:00:00,86440.0
2021-11-15 12:00:00,86410.0
2021-11-15 13:00:00,86180.0
2021-11-15 14:00:00,85490.0
2021-11-15 15:00:00,84870.0
2021-11-15 16:00:00,84825.0
2021-11-15 17:00:00,84605.0
2021-11-15 18:00:00,84410.0
2021-11-15 19:00:00,84800.0
2021-11-15 20:00:00,84480.0
2021-11-15 21:00:00,84475.0
2021-11-15 23:00:00,84180.0
2021-11-16 00:00:00,83120.0
2021-11-16 01:00:00,82690.0
2021-11-16 02:00:00,82165.0
2021-11-16 03:00:00,81450.0
2021-11-16 04:00:00,81775.0
2021-11-16 05:00:00,81500.0
2021-11-16 06:00:00,81370.0
2021-11-16 07:00:00,81320.0
2021-11-16 08:00:00,81570.0
2021-11-16 09:00:00,80770.0
2021-11-16 10:00:00,80790.0
2021-11-16 11:00:00,81180.0
2021-11-16 12:00:00,80670.0
2021-11-16 13:00:00,81185.0
2021-11-16 14:00:00,81570.0
2021-11-16 15:00:00,81380.0
2021-11-16 16:00:00,81365.0
2021-11-16 17:00:00,81130.0
2021-11-16 18:00:00,80580.0
2021-11-16 19:00:00,80885.0
2021-11-16 20:00:00,80320.0
2021-11-16 21:00:00,81140.0
2021-11-16 23:00:00,80700.0
2021-11-17 00:00:00,80310.0
2021-11-17 01:00:00,79970.0
2021-11-17 02:00:00,80020.0
2021-11-17 03:00:00,79570.0
2021-11-17 04:00:00,80050.0
2021-11-17 05:00:00,80240.0
2021-11-17 06:00:00,81055.0
2021-11-17 07:00:00,80265.0
2021-11-17 08:00:00,80260.0
2021-11-17 09:00:00,79525.0
2021-11-17 10:00:00,81110.0
2021-11-17 11:00:00,81395.0
2021-11-17 12:00:00,81095.0
2021-11-17 13:00:00,80760.0
2021-11-17 14:00:00,80240.0
2021-11-17 15:00:00,80270.0
2021-11-17 16:00:00,81055.0
2021-11-17 17:00:00,80790.0
2021-11-17 18:00:00,81095.0
2021-11-17 19:00:00,80795.0
2021-11-17 20:00:00,81010.0
2021-11-17 21:00:00,80660.0
2021-11-17 23:00:00,80960.0
2021-11-18 00:00:00,81185.0
2021-11-18 01:00:00,81265.0
2021-11-18 02:00:00,81265.0
2021-11-18 03:00:00,80570.0
2021-11-18 04:00:00,80450.0
2021-11-18 05:00:00,80380.0
2021-11-18 06:00:00,80445.0
2021-11-18 07:00:00,80365.0
2021-11-18 08:00:00,80170.0
2021-11-18 09:00:00,79880.0
2021-11-18 10:00:00,80445.0
2021-11-18 11:00:00,79760.0
2021-11-18 12:00:00,79740.0
2021-11-18 13:00:00,79820.0
2021-11-18 14:00:00,79490.0
2021-11-18 15:00:00,78650.0
2021-11-18 16:00:00,77875.0
2021-11-18 17:00:00,78150.0
2021-11-18 18:00:00,78610.0
2021-11-18 19:00:00,78530.0
2021-11-18 20:00:00,78580.0
2021-11-18 21:00:00,78170.0
2021-11-18 23:00:00,77470.0
2021-11-19 00:00:00,78040.0
2021-11-19 01:00:00,77320.0
2021-11-19 02:00:00,76580.0
2021-11-19 03:00:00,76495.0
2021-11-19 04:00:00,76810.0
2021-11-19 05:00:00,76980.0
2021-11-19 06:00:00,76860.0
2021-11-19 07:00:00,76530.0
2021-11-19 08:00:00,77615.0
2021-11-19 09:00:00,77615.0
2021-11-19 10:00:00,77515.0
2021-11-19 11:00:00,77595.0
2021-11-19 12:00:00,77475.0
2021-11-19 13:00:00,78270.0
2021-11-19 14:00:00,78620.0
2021-11-19 15:00:00,78520.0
2021-11-19 16:00:00,78845.0
2021-11-19 17:00:00,78620.0
2021-11-19 18:00:00,78495.0
2021-11-19 19:00:00,78740.0
2021-11-19 20:00:00,78345.0
2021-11-19 21:00:00,78470.0
2021-11-21 23:00:00,79350.0
2021-11-22 00:00:00,78885.0
2021-11-22 01:00:00,78760.0
2021-11-22 02:00:00,78465.0
2021-11-22 03:00:00,78075.0
2021-11-22 04:00:00,77845.0
2021-11-22 05:00:00,78165.0
2021-11-22 06:00:00,76385.0
2021-11-22 07:00:00,77970.0
2021-11-22 08:00:00,78020.0
2021-11-22 09:00:00,77890.0
2021-11-22 10:00:00,77945.0
2021-11-22 11:00:00,77840.0
2021-11-22 12:00:00,77870.0
2021-11-22 13:00:00,79595.0
2021-11-22 14:00:00,78905.0
2021-11-22 15:00:00,78865.0
2021-11-22 16:00:00,78310.0
2021-11-22 17:00:00,77995.0
2021-11-22 18:00:00,77020.0
2021-11-22 19:00:00,76590.0
2021-11-22 20:00:00,76395.0
2021-11-22 21:00:00,76845.0
2021-11-22 23:00:00,76780.0
2021-11-23 00:00:00,77145.0
2021-11-23 01:00:00,77640.0
2021-11-23 02:00:00,77460.0
2021-11-23 03:00:00,77645.0
2021-11-23 04:00:00,77645.0
2021-11-23 05:00:00,77080.0
2021-11-23 06:00:00,77070.0
2021-11-23 07:00:00,76715.0
2021-11-23 08:00:00,76655.0
2021-11-23 09:00:00,77270.0
2021-11-23 10:00:00,77060.0
2021-11-23 11:00:00,76840.0
2021-11-23 12:00:00,76930.0
2021-11-23 13:00:00,77295.0
2021-11-23 14:00:00,78345.0
2021-11-23 15:00:00,77440.0
2021-11-23 16:00:00,78090.0
2021-11-23 17:00:00,77970.0
2021-11-23 18:00:00,78190.0
2021-11-23 19:00:00,78545.0
2021-11-23 20:00:00,78505.0
2021-11-23 21:00:00,78260.0
2021-11-23 23:00:00,78280.0
2021-11-24 00:00:00,78225.0
2021-11-24 01:00:00,77845.0
2021-11-24 02:00:00,76865.0
2021-11-24 03:00:00,77025.0
2021-11-24 04:00:00,77065.0
2021-11-24 05:00:00,77110.0
2021-11-24 06:00:00,77960.0
2021-11-24 07:00:00,77045.0
2021-11-24 08:00:00,77380.0
2021-11-24 09:00:00,77180.0
2021-11-24 10:00:00,77045.0
2021-11-24 11:00:00,77290.0
2021-11-24 12:00:00,77040.0
2021-11-24 13:00:00,76550.0
2021-11-24 14:00:00,76765.0
2021-11-24 15:00:00,77305.0
2021-11-24 16:00:00,77250.0
2021-11-24 17:00:00,77090.0
2021-11-24 18:00:00,77335.0
2021-11-24 19:00:00,77360.0
2021-11-24 20:00:00,77945.0
2021-11-24 21:00:00,77855.0
2021-11-24 23:00:00,77665.0
2021-11-25 00:00:00,78580.0
2021-11-25 01:00:00,78365.0
2021-11-25 02:00:00,78240.0
2021-11-25 03:00:00,78300.0
2021-11-25 04:00:00,77790.0
2021-11-25 05:00:00,77645.0
2021-11-25 06:00:00,77795.0
2021-11-25 07:00:00,78095.0
2021-11-25 08:00:00,78175.0
2021-11-25 09:00:00,78265.0
2021-11-25 10:00:00,78590.0
2021-11-25 11:00:00,78660.0
2021-11-25 12:00:00,79290.0
2021-11-25 13:00:00,79130.0
2021-11-25 14:00:00,79375.0
2021-11-25 15:00:00,79710.0
2021-11-25 16:00:00,79695.0
2021-11-25 17:00:00,79680.0
2021-11-25 23:00:00,79505.0
2021-11-26 00:00:00,79325.0
2021-11-26 01:00:00,79220.0
2021-11-26 02:00:00,78795.0
2021-11-26 03:00:00,78400.0
2021-11-26 04:00:00,78325.0
2021-11-26 05:00:00,78360.0
2021-11-26 06:00:00,74575.0
2021-11-26 07:00:00,77340.0
2021-11-26 08:00:00,75385.0
2021-11-26 09:00:00,75030.0
2021-11-26 10:00:00,74620.0
2021-11-26 11:00:00,73940.0
2021-11-26 12:00:00,74530.0
2021-11-26 13:00:00,74780.0
2021-11-26 14:00:00,74990.0
2021-11-26 15:00:00,74650.0
2021-11-26 16:00:00,74605.0
2021-11-26 17:00:00,74550.0
2021-11-26 18:00:00,74610.0
2021-11-28 23:00:00,77870.0
2021-11-29 00:00:00,78365.0
2021-11-29 01:00:00,78295.0
2021-11-29 02:00:00,77910.0
2021-11-29 03:00:00,78000.0
2021-11-29 04:00:00,77855.0
2021-11-29 05:00:00,77910.0
2021-11-29 06:00:00,78615.0
2021-11-29 07:00:00,78110.0
2021-11-29 08:00:00,77865.0
2021-11-29 09:00:00,77475.0
2021-11-29 10:00:00,77785.0
2021-11-29 11:00:00,77460.0
2021-11-29 12:00:00,77445.0
2021-11-29 13:00:00,77850.0
2021-11-29 14:00:00,77525.0
2021-11-29 15:00:00,77610.0
2021-11-29 16:00:00,77985.0
2021-11-29 17:00:00,79195.0
2021-11-29 18:00:00,79255.0
2021-11-29 19:00:00,78495.0
2021-11-29 20:00:00,78595.0
2021-11-29 21:00:00,78830.0
2021-11-29 23:00:00,78325.0
2021-11-30 00:00:00,78235.0
2021-11-30 01:00:00,77845.0
2021-11-30 02:00:00,77895.0
2021-11-30 03:00:00,77500.0
2021-11-30 04:00:00,77680.0
2021-11-30 05:00:00,76750.0
2021-11-30 06:00:00,76965.0
2021-11-30 07:00:00,77005.0
2021-11-30 08:00:00,77175.0
2021-11-30 09:00:00,77185.0
2021-11-30 10:00:00,77545.0
2021-11-30 11:00:00,78040.0
2021-11-30 12:00:00,78325.0
2021-11-30 13:00:00,78910.0
2021-11-30 14:00:00,78955.0
2021-11-30 15:00:00,77720.0
2021-11-30 16:00:00,77200.0
2021-11-30 17:00:00,77805.0
2021-11-30 18:00:00,78880.0
2021-11-30 19:00:00,78100.0
2021-11-30 20:00:00,77865.0
2021-11-30 21:00:00,77620.0
2021-11-30 23:00:00,77375.0
2021-12-01 00:00:00,78005.0
2021-12-01 01:00:00,77545.0
2021-12-01 02:00:00,77730.0
2021-12-01 03:00:00,77725.0
2021-12-01 04:00:00,77585.0
2021-12-01 05:00:00,77220.0
2021-12-01 06:00:00,77415.0
2021-12-01 07:00:00,77685.0
2021-12-01 08:00:00,77400.0
2021-12-01 09:00:00,77590.0
2021-12-01 10:00:00,77485.0
2021-12-01 11:00:00,77660.0
2021-12-01 12:00:00,77510.0
2021-12-01 13:00:00,78200.0
2021-12-01 14:00:00,79180.0
2021-12-01 15:00:00,79245.0
2021-12-01 16:00:00,78980.0
2021-12-01 17:00:00,78505.0
2021-12-01 18:00:00,77900.0
2021-12-01 19:00:00,77800.0
2021-12-01 20:00:00,77160.0
2021-12-01 21:00:00,77380.0
2021-12-01 23:00:00,77545.0
2021-12-02 00:00:00,77350.0
2021-12-02 01:00:00,77570.0
2021-12-02 02:00:00,77345.0
2021-12-02 03:00:00,76665.0
2021-12-02 04:00:00,76845.0
2021-12-02 05:00:00,77315.0
2021-12-02 06:00:00,77320.0
2021-12-02 07:00:00,77185.0
2021-12-02 08:00:00,77395.0
2021-12-02 09:00:00,77110.0
2021-12-02 10:00:00,76970.0
2021-12-02 11:00:00,76780.0
2021-12-02 12:00:00,77010.0
2021-12-02 13:00:00,76855.0
2021-12-02 14:00:00,77565.0
2021-12-02 15:00:00,76890.0
2021-12-02 16:00:00,76695.0
2021-12-02 17:00:00,76910.0
2021-12-02 18:00:00,77070.0
2021-12-02 19:00:00,76950.0
2021-12-02 20:00:00,77350.0
2021-12-02 21:00:00,77175.0
2021-12-02 23:00:00,76815.0
2021-12-03 00:00:00,76885.0
2021-12-03 01:00:00,76910.0
2021-12-03 02:00:00,76550.0
2021-12-03 03:00:00,76635.0
2021-12-03 04:00:00,76945.0
2021-12-03 05:00:00,77120.0
2021-12-03 06:00:00,77195.0
2021-12-03 07:00:00,77090.0
2021-12-03 08:00:00,76865.0
2021-12-03 09:00:00,77255.0
2021-12-03 10:00:00,77275.0
2021-12-03 11:00:00,77375.0
2021-12-03 12:00:00,77160.0
2021-12-03 13:00:00,77205.0
2021-12-03 14:00:00,76535.0
2021-12-03 15:00:00,76250.0
2021-12-03 16:00:00,75125.0
2021-12-03 17:00:00,75150.0
2021-12-03 18:00:00,75010.0
2021-12-03 19:00:00,73940.0
2021-12-03 20:00:00,73655.0
2021-12-03 21:00:00,73850.0
2021-12-05 23:00:00,69625.0
2021-12-06 00:00:00,68975.0
2021-12-06 01:00:00,68990.0
2021-12-06 02:00:00,69090.0
2021-12-06 03:00:00,69265.0
2021-12-06 04:00:00,69170.0
2021-12-06 05:00:00,68925.0
2021-12-06 06:00:00,68385.0
2021-12-06 07:00:00,68560.0
2021-12-06 08:00:00,68460.0
2021-12-06 09:00:00,67685.0
2021-12-06 10:00:00,67695.0
2021-12-06 11:00:00,68845.0
2021-12-06 12:00:00,68725.0
2021-12-06 13:00:00,68485.0
2021-12-06 14:00:00,68390.0
2021-12-06 15:00:00,69235.0
2021-12-06 16:00:00,69395.0
2021-12-06 17:00:00,69260.0
2021-12-06 18:00:00,69515.0
2021-12-06 19:00:00,69445.0
2021-12-06 20:00:00,69100.0
2021-12-06 21:00:00,70345.0
2021-12-06 23:00:00,70795.0
2021-12-07 00:00:00,70985.0
2021-12-07 01:00:00,70935.0
2021-12-07 02:00:00,70965.0
2021-12-07 03:00:00,71285.0
2021-12-07 04:00:00,71240.0
2021-12-07 05:00:00,71265.0
2021-12-07 06:00:00,71395.0
2021-12-07 07:00:00,71245.0
2021-12-07 08:00:00,71595.0
2021-12-07 09:00:00,71610.0
2021-12-07 10:00:00,71740.0
2021-12-07 11:00:00,71805.0
2021-12-07 12:00:00,71170.0
2021-12-07 13:00:00,71240.0
2021-12-07 14:00:00,71885.0
2021-12-07 15:00:00,72130.0
2021-12-07 16:00:00,71720.0
2021-12-07 17:00:00,71380.0
2021-12-07 18:00:00,71270.0
2021-12-07 19:00:00,71245.0
2021-12-07 20:00:00,70805.0
2021-12-07 21:00:00,70800.0
2021-12-07 23:00:00,70975.0
2021-12-08 00:00:00,71005.0
2021-12-08 01:00:00,70765.0
2021-12-08 02:00:00,70780.0
2021-12-08 03:00:00,70445.0
2021-12-08 04:00:00,70560.0
2021-12-08 05:00:00,70715.0
2021-12-08 06:00:00,71070.0
2021-12-08 07:00:00,70740.0
2021-12-08 08:00:00,70685.0
2021-12-08 09:00:00,70375.0
2021-12-08 10:00:00,69495.0
2021-12-08 11:00:00,69440.0
2021-12-08 12:00:00,69470.0
2021-12-08 13:00:00,69285.0
2021-12-08 14:00:00,71010.0
2021-12-08 15:00:00,70955.0
2021-12-08 16:00:00,70725.0
2021-12-08 17:00:00,70580.0
2021-12-08 18:00:00,70920.0
2021-12-08 19:00:00,70670.0
2021-12-08 20:00:00,71005.0
2021-12-08 21:00:00,70905.0
2021-12-08 23:00:00,70790.0
2021-12-09 00:00:00,70725.0
2021-12-09 01:00:00,70465.0
2021-12-09 02:00:00,70200.0
2021-12-09 03:00:00,69795.0
2021-12-09 04:00:00,70080.0
2021-12-09 05:00:00,70010.0
2021-12-09 06:00:00,69875.0
2021-12-09 07:00:00,70275.0
2021-12-09 08:00:00,69810.0
2021-12-09 09:00:00,69460.0
2021-12-09 10:00:00,69595.0
2021-12-09 11:00:00,69435.0
2021-12-09 12:00:00,69650.0
2021-12-09 13:00:00,69600.0
2021-12-09 14:00:00,68825.0
2021-12-09 15:00:00,68685.0
2021-12-09 16:00:00,68675.0
2021-12-09 17:00:00,68440.0
2021-12-09 18:00:00,67900.0
2021-12-09 19:00:00,67805.0
2021-12-09 20:00:00,67810.0
2021-12-09 21:00:00,68175.0
2021-12-09 23:00:00,67795.0
2021-12-10 00:00:00,68145.0
2021-12-10 01:00:00,68625.0
2021-12-10 02:00:00,68660.0
2021-12-10 03:00:00,68630.0
2021-12-10 04:00:00,68525.0
2021-12-10 05:00:00,68405.0
2021-12-10 06:00:00,68635.0
2021-12-10 07:00:00,67830.0
2021-12-10 08:00:00,68380.0
2021-12-10 09:00:00,68590.0
2021-12-10 10:00:00,68470.0
2021-12-10 11:00:00,68955.0
2021-12-10 12:00:00,69295.0
2021-12-10 13:00:00,69900.0
2021-12-10 14:00:00,68540.0
2021-12-10 15:00:00,68185.0
2021-12-10 16:00:00,67760.0
2021-12-10 17:00:00,67910.0
2021-12-10 18:00:00,67965.0
2021-12-10 19:00:00,68285.0
2021-12-10 20:00:00,68645.0
2021-12-10 21:00:00,68165.0
2021-12-12 23:00:00,70285.0
2021-12-13 00:00:00,69825.0
2021-12-13 01:00:00,68800.0
2021-12-13 02:00:00,68980.0
2021-12-13 03:00:00,69095.0
2021-12-13 04:00:00,69200.0
2021-12-13 05:00:00,69380.0
2021-12-13 06:00:00,66740.0
2021-12-13 07:00:00,68915.0
2021-12-13 08:00:00,69260.0
2021-12-13 09:00:00,68870.0
2021-12-13 10:00:00,68830.0
2021-12-13 11:00:00,68985.0
2021-12-13 12:00:00,68735.0
2021-12-13 13:00:00,68660.0
2021-12-13 14:00:00,68120.0
2021-12-13 15:00:00,67365.0
2021-12-13 16:00:00,67305.0
2021-12-13 17:00:00,67600.0
2021-12-13 18:00:00,67590.0
2021-12-13 19:00:00,66910.0
2021-12-13 20:00:00,66785.0
2021-12-13 21:00:00,66920.0
2021-12-13 23:00:00,66900.0
2021-12-14 00:00:00,67250.0
2021-12-14 01:00:00,67090.0
2021-12-14 02:00:00,67215.0
2021-12-14 03:00:00,67140.0
2021-12-14 04:00:00,67170.0
2021-12-14 05:00:00,66940.0
2021-12-14 06:00:00,68015.0
2021-12-14 07:00:00,67200.0
2021-12-14 08:00:00,67730.0
2021-12-14 09:00:00,67005.0
2021-12-14 10:00:00,67565.0
2021-12-14 11:00:00,67790.0
2021-12-14 12:00:00,67815.0
2021-12-14 13:00:00,67340.0
2021-12-14 14:00:00,67495.0
2021-12-14 15:00:00,67000.0
2021-12-14 16:00:00,66925.0
2021-12-14 17:00:00,66765.0
2021-12-14 18:00:00,66765.0
2021-12-14 19:00:00,67075.0
2021-12-14 20:00:00,68015.0
2021-12-14 21:00:00,68410.0
2021-12-14 23:00:00,68605.0
2021-12-15 00:00:00,68325.0
2021-12-15 01:00:00,68215.0
2021-12-15 02:00:00,68155.0
2021-12-15 03:00:00,68485.0
2021-12-15 04:00:00,68420.0
2021-12-15 05:00:00,68255.0
2021-12-15 06:00:00,69495.0
2021-12-15 07:00:00,68410.0
2021-12-15 08:00:00,68715.0
2021-12-15 09:00:00,68660.0
2021-12-15 10:00:00,68425.0
2021-12-15 11:00:00,68300.0
2021-12-15 12:00:00,67810.0
2021-12-15 13:00:00,67815.0
2021-12-15 14:00:00,67500.0
2021-12-15 15:00:00,66825.0
2021-12-15 16:00:00,67175.0
2021-12-15 17:00:00,67330.0
2021-12-15 18:00:00,67995.0
2021-12-15 19:00:00,68835.0
2021-12-15 20:00:00,69435.0
2021-12-15 21:00:00,69350.0
2021-12-15 23:00:00,69115.0
2021-12-16 00:00:00,69260.0
2021-12-16 01:00:00,69265.0
2021-12-16 02:00:00,69260.0
2021-12-16 03:00:00,69055.0
2021-12-16 04:00:00,68930.0
2021-12-16 05:00:00,68735.0
2021-12-16 06:00:00,68155.0
2021-12-16 07:00:00,68945.0
2021-12-16 08:00:00,69000.0
2021-12-16 09:00:00,69105.0
2021-12-16 10:00:00,69395.0
2021-12-16 11:00:00,69420.0
2021-12-16 12:00:00,68875.0
2021-12-16 13:00:00,69155.0
2021-12-16 14:00:00,68685.0
2021-12-16 15:00:00,68715.0
2021-12-16 16:00:00,68605.0
2021-12-16 17:00:00,68205.0
2021-12-16 18:00:00,68125.0
2021-12-16 19:00:00,68000.0
2021-12-16 20:00:00,68060.0
2021-12-16 21:00:00,68305.0
2021-12-16 23:00:00,67915.0
2021-12-17 00:00:00,67930.0
2021-12-17 01:00:00,67970.0
2021-12-17 02:00:00,67945.0
2021-12-17 03:00:00,67910.0
2021-12-17 04:00:00,68070.0
2021-12-17 05:00:00,67875.0
2021-12-17 06:00:00,66395.0
2021-12-17 07:00:00,67125.0
2021-12-17 08:00:00,67260.0
2021-12-17 09:00:00,67335.0
2021-12-17 10:00:00,67040.0
2021-12-17 11:00:00,67300.0
2021-12-17 12:00:00,67180.0
2021-12-17 13:00:00,67115.0
2021-12-17 14:00:00,66050.0
2021-12-17 15:00:00,66675.0
2021-12-17 16:00:00,67270.0
2021-12-17 17:00:00,66940.0
2021-12-17 18:00:00,67100.0
2021-12-17 19:00:00,66855.0
2021-12-17 20:00:00,66290.0
2021-12-17 21:00:00,67025.0
2021-12-19 23:00:00,66755.0
2021-12-20 00:00:00,66990.0
2021-12-20 01:00:00,66740.0
2021-12-20 02:00:00,66815.0
2021-12-20 03:00:00,66775.0
2021-12-20 04:00:00,67155.0
2021-12-20 05:00:00,66490.0
2021-12-20 06:00:00,66650.0
2021-12-20 07:00:00,66525.0
2021-12-20 08:00:00,66265.0
2021-12-20 09:00:00,65905.0
2021-12-20 10:00:00,65950.0
2021-12-20 11:00:00,66215.0
2021-12-20 12:00:00,65855.0
2021-12-20 13:00:00,65835.0
2021-12-20 14:00:00,66460.0
2021-12-20 15:00:00,66110.0
2021-12-20 16:00:00,66570.0
2021-12-20 17:00:00,66280.0
2021-12-20 18:00:00,66435.0
2021-12-20 19:00:00,66750.0
2021-12-20 20:00:00,67195.0
2021-12-20 21:00:00,67125.0
2021-12-20 23:00:00,67165.0
2021-12-21 00:00:00,66940.0
2021-12-21 01:00:00,67185.0
2021-12-21 02:00:00,67135.0
2021-12-21 03:00:00,68195.0
2021-12-21 04:00:00,68805.0
2021-12-21 05:00:00,68800.0
2021-12-21 06:00:00,68755.0
2021-12-21 07:00:00,68765.0
2021-12-21 08:00:00,68735.0
2021-12-21 09:00:00,68820.0
2021-12-21 10:00:00,68905.0
2021-12-21 11:00:00,69115.0
2021-12-21 12:00:00,68965.0
2021-12-21 13:00:00,69135.0
2021-12-21 14:00:00,68815.0
2021-12-21 15:00:00,68660.0
2021-12-21 16:00:00,68890.0
2021-12-21 17:00:00,68815.0
2021-12-21 18:00:00,68650.0
2021-12-21 19:00:00,68815.0
2021-12-21 20:00:00,68800.0
2021-12-21 21:00:00,69235.0
2021-12-21 23:00:00,69070.0
2021-12-22 00:00:00,68825.0
2021-12-22 01:00:00,68990.0
2021-12-22 02:00:00,69565.0
2021-12-22 03:00:00,69470.0
2021-12-22 04:00:00,69520.0
2021-12-22 05:00:00,69155.0
2021-12-22 06:00:00,69285.0
2021-12-22 07:00:00,69485.0
2021-12-22 08:00:00,69515.0
2021-12-22 09:00:00,69110.0
2021-12-22 10:00:00,69395.0
2021-12-22 11:00:00,69220.0
2021-12-22 12:00:00,68850.0
2021-12-22 13:00:00,68780.0
2021-12-22 14:00:00,69035.0
2021-12-22 15:00:00,69115.0
2021-12-22 16:00:00,69210.0
2021-12-22 17:00:00,68945.0
2021-12-22 18:00:00,68720.0
2021-12-22 19:00:00,69165.0
2021-12-22 20:00:00,69195.0
2021-12-22 21:00:00,69295.0
2021-12-22 23:00:00,68870.0
2021-12-23 00:00:00,68450.0
2021-12-23 01:00:00,68510.0
2021-12-23 02:00:00,68485.0
2021-12-23 03:00:00,68485.0
2021-12-23 04:00:00,68645.0
2021-12-23 06:00:00,71060.0
2021-12-23 07:00:00,68210.0
2021-12-23 08:00:00,68370.0
2021-12-23 09:00:00,68410.0
2021-12-23 10:00:00,68395.0
2021-12-23 11:00:00,68440.0
2021-12-23 12:00:00,68545.0
2021-12-23 13:00:00,68700.0
2021-12-23 14:00:00,68555.0
2021-12-23 15:00:00,68920.0
2021-12-23 16:00:00,69020.0
2021-12-23 17:00:00,70190.0
2021-12-23 18:00:00,70790.0
2021-12-23 19:00:00,71260.0
2021-12-23 20:00:00,71050.0
2021-12-23 21:00:00,70850.0
2021-12-26 23:00:00,70835.0
2021-12-27 00:00:00,70595.0
2021-12-27 01:00:00,70905.0
2021-12-27 02:00:00,70950.0
2021-12-27 03:00:00,71055.0
2021-12-27 04:00:00,70995.0
2021-12-27 05:00:00,70950.0
2021-12-27 06:00:00,70945.0
2021-12-27 07:00:00,70770.0
2021-12-27 08:00:00,70605.0
2021-12-27 09:00:00,70645.0
2021-12-27 10:00:00,70820.0
2021-12-27 11:00:00,70725.0
2021-12-27 12:00:00,71120.0
2021-12-27 13:00:00,71355.0
2021-12-27 14:00:00,71565.0
2021-12-27 15:00:00,71485.0
2021-12-27 16:00:00,71490.0
2021-12-27 17:00:00,71930.0
2021-12-27 18:00:00,71720.0
2021-12-27 19:00:00,71345.0
2021-12-27 20:00:00,71315.0
2021-12-27 21:00:00,70970.0
2021-12-27 23:00:00,70750.0
2021-12-28 00:00:00,70420.0
2021-12-28 01:00:00,69865.0
2021-12-28 02:00:00,69820.0
2021-12-28 03:00:00,69635.0
2021-12-28 04:00:00,69125.0
2021-12-28 05:00:00,69265.0
2021-12-28 06:00:00,67755.0
2021-12-28 07:00:00,69180.0
2021-12-28 08:00:00,69365.0
2021-12-28 09:00:00,69060.0
2021-12-28 10:00:00,69005.0
2021-12-28 11:00:00,69215.0
2021-12-28 12:00:00,69145.0
2021-12-28 13:00:00,69020.0
2021-12-28 14:00:00,69080.0
2021-12-28 15:00:00,68925.0
2021-12-28 16:00:00,68515.0
2021-12-28 17:00:00,68005.0
2021-12-28 18:00:00,67730.0
2021-12-28 19:00:00,67690.0
2021-12-28 20:00:00,67750.0
2021-12-28 21:00:00,67570.0
2021-12-28 23:00:00,67480.0
2021-12-29 00:00:00,67750.0
2021-12-29 01:00:00,67690.0
2021-12-29 02:00:00,68030.0
2021-12-29 03:00:00,67975.0
2021-12-29 04:00:00,67800.0
2021-12-29 05:00:00,67790.0
2021-12-29 06:00:00,67875.0
2021-12-29 07:00:00,67540.0
2021-12-29 08:00:00,67620.0
2021-12-29 09:00:00,67950.0
2021-12-29 10:00:00,67805.0
2021-12-29 11:00:00,67660.0
2021-12-29 12:00:00,66795.0
2021-12-29 13:00:00,67375.0
2021-12-29 14:00:00,67765.0
2021-12-29 15:00:00,67970.0
2021-12-29 16:00:00,67690.0
2021-12-29 17:00:00,67485.0
2021-12-29 18:00:00,67395.0
2021-12-29 19:00:00,66975.0
2021-12-29 20:00:00,67230.0
2021-12-29 21:00:00,67085.0
2021-12-29 23:00:00,66295.0
2021-12-30 00:00:00,66535.0
2021-12-30 01:00:00,66405.0
2021-12-30 02:00:00,66410.0
2021-12-30 03:00:00,66485.0
2021-12-30 04:00:00,66655.0
2021-12-30 05:00:00,66585.0
2021-12-30 06:00:00,67030.0
2021-12-30 07:00:00,66895.0
2021-12-30 08:00:00,66700.0
2021-12-30 09:00:00,66635.0
2021-12-30 10:00:00,66835.0
2021-12-30 11:00:00,67480.0
2021-12-30 12:00:00,67460.0
2021-12-30 13:00:00,67230.0
2021-12-30 14:00:00,67205.0
2021-12-30 15:00:00,66980.0
2021-12-30 16:00:00,67465.0
2021-12-30 17:00:00,67535.0
2021-12-30 18:00:00,67765.0
2021-12-30 19:00:00,67425.0
2021-12-30 20:00:00,67110.0
2021-12-30 21:00:00,67135.0
2021-12-30 23:00:00,66995.0
2021-12-31 00:00:00,66970.0
2021-12-31 01:00:00,67020.0
2021-12-31 02:00:00,66855.0
2021-12-31 03:00:00,67060.0
2021-12-31 04:00:00,67180.0
2021-12-31 05:00:00,67190.0
2021-12-31 06:00:00,67310.0
2021-12-31 07:00:00,67015.0
2021-12-31 08:00:00,68350.0
2021-12-31 09:00:00,68210.0
2021-12-31 10:00:00,67915.0
2021-12-31 11:00:00,67875.0
2021-12-31 12:00:00,67870.0
2021-12-31 13:00:00,67855.0
2021-12-31 14:00:00,67900.0
2021-12-31 15:00:00,67920.0
2021-12-31 16:00:00,67305.0
2021-12-31 17:00:00,66845.0
2021-12-31 18:00:00,66520.0
2021-12-31 19:00:00,65545.0
2021-12-31 20:00:00,65640.0
2021-12-31 21:00:00,66145.0
2022-01-02 23:00:00,67220.0
2022-01-03 00:00:00,67030.0
2022-01-03 01:00:00,66970.0
2022-01-03 02:00:00,66835.0
2022-01-03 03:00:00,66635.0
2022-01-03 04:00:00,66735.0
2022-01-03 05:00:00,66920.0
2022-01-03 06:00:00,66760.0
2022-01-03 07:00:00,66935.0
2022-01-03 08:00:00,66795.0
2022-01-03 09:00:00,66830.0
2022-01-03 10:00:00,66995.0
2022-01-03 11:00:00,67330.0
2022-01-03 12:00:00,67105.0
2022-01-03 13:00:00,67040.0
2022-01-03 14:00:00,66700.0
2022-01-03 15:00:00,66545.0
2022-01-03 16:00:00,66310.0
2022-01-03 17:00:00,66390.0
2022-01-03 18:00:00,66300.0
2022-01-03 19:00:00,66265.0
2022-01-03 20:00:00,65730.0
2022-01-03 21:00:00,65755.0
2022-01-03 23:00:00,66255.0
2022-01-04 00:00:00,66060.0
2022-01-04 01:00:00,65935.0
2022-01-04 02:00:00,66020.0
2022-01-04 03:00:00,66195.0
2022-01-04 04:00:00,65955.0
2022-01-04 05:00:00,66000.0
2022-01-04 06:00:00,66125.0
2022-01-04 07:00:00,66395.0
2022-01-04 08:00:00,66375.0
2022-01-04 09:00:00,66210.0
2022-01-04 10:00:00,66565.0
2022-01-04 11:00:00,66615.0
2022-01-04 12:00:00,66535.0
2022-01-04 13:00:00,66910.0
2022-01-04 14:00:00,67305.0
2022-01-04 15:00:00,66805.0
2022-01-04 16:00:00,66640.0
2022-01-04 17:00:00,66370.0
2022-01-04 18:00:00,65470.0
2022-01-04 19:00:00,65820.0
2022-01-04 20:00:00,66100.0
2022-01-04 21:00:00,66025.0
2022-01-04 23:00:00,65650.0
2022-01-05 00:00:00,66100.0
2022-01-05 01:00:00,65970.0
2022-01-05 02:00:00,66170.0
2022-01-05 03:00:00,66285.0
2022-01-05 04:00:00,66240.0
2022-01-05 05:00:00,66100.0
2022-01-05 06:00:00,66245.0
2022-01-05 07:00:00,66185.0
2022-01-05 08:00:00,66435.0
2022-01-05 09:00:00,66690.0
2022-01-05 10:00:00,66625.0
2022-01-05 11:00:00,66105.0
2022-01-05 12:00:00,66055.0
2022-01-05 13:00:00,66225.0
2022-01-05 14:00:00,66565.0
2022-01-05 15:00:00,66455.0
2022-01-05 16:00:00,66140.0
2022-01-05 17:00:00,65790.0
2022-01-05 18:00:00,65730.0
2022-01-05 19:00:00,64330.0
2022-01-05 20:00:00,63620.0
2022-01-05 21:00:00,63325.0
2022-01-05 23:00:00,63215.0
2022-01-06 00:00:00,63445.0
2022-01-06 01:00:00,63330.0
2022-01-06 02:00:00,63015.0
2022-01-06 03:00:00,62615.0
2022-01-06 04:00:00,62805.0
2022-01-06 05:00:00,62895.0
2022-01-06 06:00:00,62845.0
2022-01-06 07:00:00,63010.0
2022-01-06 08:00:00,62820.0
2022-01-06 09:00:00,62370.0
2022-01-06 10:00:00,62625.0
2022-01-06 11:00:00,62620.0
2022-01-06 12:00:00,62845.0
2022-01-06 13:00:00,62900.0
2022-01-06 14:00:00,62520.0
2022-01-06 15:00:00,62680.0
2022-01-06 16:00:00,62650.0
2022-01-06 17:00:00,62770.0
2022-01-06 18:00:00,63190.0
2022-01-06 19:00:00,63245.0
2022-01-06 20:00:00,63040.0
2022-01-06 21:00:00,62965.0
2022-01-06 23:00:00,62915.0
2022-01-07 00:00:00,62620.0
2022-01-07 01:00:00,62820.0
2022-01-07 02:00:00,62585.0
2022-01-07 03:00:00,61560.0
2022-01-07 04:00:00,61400.0
2022-01-07 05:00:00,61610.0
2022-01-07 06:00:00,61260.0
2022-01-07 07:00:00,61480.0
2022-01-07 08:00:00,61895.0
2022-01-07 09:00:00,62225.0
2022-01-07 10:00:00,61990.0
2022-01-07 11:00:00,61995.0
2022-01-07 12:00:00,62235.0
2022-01-07 13:00:00,61200.0
2022-01-07 14:00:00,61625.0
2022-01-07 15:00:00,61035.0
2022-01-07 16:00:00,61880.0
2022-01-07 17:00:00,61745.0
2022-01-07 18:00:00,61420.0
2022-01-07 19:00:00,61480.0
2022-01-07 20:00:00,61645.0
2022-01-07 21:00:00,61605.0
2022-01-09 23:00:00,61605.0
2022-01-10 00:00:00,61410.0
2022-01-10 01:00:00,61610.0
2022-01-10 02:00:00,61745.0
2022-01-10 03:00:00,61715.0
2022-01-10 04:00:00,61980.0
2022-01-10 05:00:00,61735.0
2022-01-10 06:00:00,61565.0
2022-01-10 07:00:00,61825.0
2022-01-10 08:00:00,61580.0
2022-01-10 09:00:00,61625.0
2022-01-10 10:00:00,61575.0
2022-01-10 11:00:00,61275.0
2022-01-10 12:00:00,60700.0
2022-01-10 13:00:00,60505.0
2022-01-10 14:00:00,60480.0
2022-01-10 15:00:00,60750.0
2022-01-10 16:00:00,61730.0
2022-01-10 17:00:00,60965.0
2022-01-10 18:00:00,61430.0
2022-01-10 19:00:00,61085.0
2022-01-10 20:00:00,61505.0
2022-01-10 21:00:00,61415.0
2022-01-10 23:00:00,61635.0
2022-01-11 00:00:00,61445.0
2022-01-11 01:00:00,61705.0
2022-01-11 02:00:00,62045.0
2022-01-11 03:00:00,62125.0
2022-01-11 04:00:00,62125.0
2022-01-11 05:00:00,61995.0
2022-01-11 06:00:00,62625.0
2022-01-11 07:00:00,62050.0
2022-01-11 08:00:00,61815.0
2022-01-11 09:00:00,61795.0
2022-01-11 10:00:00,61410.0
2022-01-11 11:00:00,61670.0
2022-01-11 12:00:00,61665.0
2022-01-11 13:00:00,61530.0
2022-01-11 14:00:00,61380.0
2022-01-11 15:00:00,61525.0
2022-01-11 16:00:00,62595.0
2022-01-11 17:00:00,62415.0
2022-01-11 18:00:00,62610.0
2022-01-11 19:00:00,62835.0
2022-01-11 20:00:00,62670.0
2022-01-11 21:00:00,62470.0
2022-01-11 23:00:00,62550.0
2022-01-12 00:00:00,62510.0
2022-01-12 01:00:00,62420.0
2022-01-12 02:00:00,62370.0
2022-01-12 03:00:00,62415.0
2022-01-12 04:00:00,62455.0
2022-01-12 05:00:00,62545.0
2022-01-12 06:00:00,63645.0
2022-01-12 07:00:00,62390.0
2022-01-12 08:00:00,62515.0
2022-01-12 09:00:00,62650.0
2022-01-12 10:00:00,62695.0
2022-01-12 11:00:00,62755.0
2022-01-12 12:00:00,63110.0
2022-01-12 13:00:00,63840.0
2022-01-12 14:00:00,63770.0
2022-01-12 15:00:00,63385.0
2022-01-12 16:00:00,63465.0
2022-01-12 17:00:00,63740.0
2022-01-12 18:00:00,63470.0
2022-01-12 19:00:00,63620.0
2022-01-12 20:00:00,63650.0
2022-01-12 21:00:00,63565.0
2022-01-12 23:00:00,63715.0
2022-01-13 00:00:00,63510.0
2022-01-13 01:00:00,63355.0
2022-01-13 02:00:00,63385.0
2022-01-13 03:00:00,63315.0
2022-01-13 04:00:00,63455.0
2022-01-13 05:00:00,63470.0
2022-01-13 06:00:00,63540.0
2022-01-13 07:00:00,63485.0
2022-01-13 08:00:00,63690.0
2022-01-13 09:00:00,63685.0
2022-01-13 10:00:00,63625.0
2022-01-13 11:00:00,63405.0
2022-01-13 12:00:00,63560.0
2022-01-13 13:00:00,63750.0
2022-01-13 14:00:00,64030.0
2022-01-13 15:00:00,62970.0
2022-01-13 16:00:00,63065.0
2022-01-13 17:00:00,62575.0
2022-01-13 18:00:00,62530.0
2022-01-13 19:00:00,62520.0
2022-01-13 20:00:00,62580.0
2022-01-13 21:00:00,62620.0
2022-01-13 23:00:00,62275.0
2022-01-14 00:00:00,62500.0
2022-01-14 01:00:00,62320.0
2022-01-14 02:00:00,62500.0
2022-01-14 03:00:00,62400.0
2022-01-14 04:00:00,62550.0
2022-01-14 05:00:00,62675.0
2022-01-14 06:00:00,62660.0
2022-01-14 07:00:00,62450.0
2022-01-14 08:00:00,62320.0
2022-01-14 09:00:00,62375.0
2022-01-14 10:00:00,61895.0
2022-01-14 11:00:00,61790.0
2022-01-14 12:00:00,61845.0
2022-01-14 13:00:00,61965.0
2022-01-14 14:00:00,62810.0
2022-01-14 15:00:00,62915.0
2022-01-14 16:00:00,63025.0
2022-01-14 17:00:00,62710.0
2022-01-14 18:00:00,62905.0
2022-01-14 19:00:00,62895.0
2022-01-14 20:00:00,62925.0
2022-01-14 21:00:00,63100.0
2022-01-16 23:00:00,62895.0
2022-01-17 00:00:00,62705.0
2022-01-17 01:00:00,62730.0
2022-01-17 02:00:00,62765.0
2022-01-17 03:00:00,62500.0
2022-01-17 04:00:00,62455.0
2022-01-17 05:00:00,62520.0
2022-01-17 06:00:00,62620.0
2022-01-17 07:00:00,62500.0
2022-01-17 08:00:00,62690.0
2022-01-17 09:00:00,62720.0
2022-01-17 10:00:00,62640.0
2022-01-17 11:00:00,62530.0
2022-01-17 12:00:00,62395.0
2022-01-17 13:00:00,62515.0
2022-01-17 14:00:00,62450.0
2022-01-17 15:00:00,62255.0
2022-01-17 16:00:00,62100.0
2022-01-17 17:00:00,61930.0
2022-01-17 18:00:00,62020.0
2022-01-17 19:00:00,62110.0
2022-01-17 20:00:00,61865.0
2022-01-17 21:00:00,61505.0
2022-01-17 23:00:00,61955.0
2022-01-18 00:00:00,62175.0
2022-01-18 01:00:00,62075.0
2022-01-18 02:00:00,62070.0
2022-01-18 03:00:00,61810.0
2022-01-18 04:00:00,61890.0
2022-01-18 05:00:00,61960.0
2022-01-18 06:00:00,62125.0
2022-01-18 07:00:00,61860.0
2022-01-18 08:00:00,61525.0
2022-01-18 09:00:00,61695.0
2022-01-18 10:00:00,61760.0
2022-01-18 11:00:00,61665.0
2022-01-18 12:00:00,61620.0
2022-01-18 13:00:00,61440.0
2022-01-18 14:00:00,61180.0
2022-01-18 15:00:00,61340.0
2022-01-18 16:00:00,61475.0
2022-01-18 17:00:00,61235.0
2022-01-18 18:00:00,61370.0
2022-01-18 19:00:00,61500.0
2022-01-18 20:00:00,61515.0
2022-01-18 21:00:00,62135.0
2022-01-18 23:00:00,62155.0
2022-01-19 00:00:00,62090.0
2022-01-19 01:00:00,62180.0
2022-01-19 02:00:00,62125.0
2022-01-19 03:00:00,61650.0
2022-01-19 04:00:00,61465.0
2022-01-19 05:00:00,61520.0
2022-01-19 06:00:00,61560.0
2022-01-19 07:00:00,61045.0
2022-01-19 08:00:00,61125.0
2022-01-19 09:00:00,61400.0
2022-01-19 10:00:00,61305.0
2022-01-19 11:00:00,61865.0
2022-01-19 12:00:00,61980.0
2022-01-19 13:00:00,62050.0
2022-01-19 14:00:00,62390.0
2022-01-19 15:00:00,61785.0
2022-01-19 16:00:00,61705.0
2022-01-19 17:00:00,61970.0
2022-01-19 18:00:00,61820.0
2022-01-19 19:00:00,61705.0
2022-01-19 20:00:00,61395.0
2022-01-19 21:00:00,61550.0
2022-01-19 23:00:00,61420.0
2022-01-20 00:00:00,61535.0
2022-01-20 01:00:00,61525.0
2022-01-20 02:00:00,61795.0
2022-01-20 03:00:00,61730.0
2022-01-20 04:00:00,61665.0
2022-01-20 05:00:00,61610.0
2022-01-20 06:00:00,62495.0
2022-01-20 07:00:00,61805.0
2022-01-20 08:00:00,61730.0
2022-01-20 09:00:00,61870.0
2022-01-20 10:00:00,61920.0
2022-01-20 11:00:00,61950.0
2022-01-20 12:00:00,61835.0
2022-01-20 13:00:00,62235.0
2022-01-20 14:00:00,62835.0
2022-01-20 15:00:00,63125.0
2022-01-20 16:00:00,63120.0
2022-01-20 17:00:00,62845.0
2022-01-20 18:00:00,62680.0
2022-01-20 19:00:00,62690.0
2022-01-20 20:00:00,62490.0
2022-01-20 21:00:00,61120.0
2022-01-20 23:00:00,60440.0
2022-01-21 00:00:00,60655.0
2022-01-21 01:00:00,59465.0
2022-01-21 02:00:00,59500.0
2022-01-21 03:00:00,58160.0
2022-01-21 04:00:00,58525.0
2022-01-21 05:00:00,58600.0
2022-01-21 06:00:00,58390.0
2022-01-21 07:00:00,58820.0
2022-01-21 08:00:00,58905.0
2022-01-21 09:00:00,58690.0
2022-01-21 10:00:00,58740.0
2022-01-21 11:00:00,58660.0
2022-01-21 12:00:00,57935.0
2022-01-21 13:00:00,58170.0
2022-01-21 14:00:00,58180.0
2022-01-21 15:00:00,58610.0
2022-01-21 16:00:00,58495.0
2022-01-21 17:00:00,58150.0
2022-01-21 18:00:00,58070.0
2022-01-21 19:00:00,57720.0
2022-01-21 20:00:00,58130.0
2022-01-21 21:00:00,56520.0
2022-01-23 23:00:00,56160.0
2022-01-24 00:00:00,55790.0
2022-01-24 01:00:00,55480.0
2022-01-24 02:00:00,54940.0
2022-01-24 03:00:00,55090.0
2022-01-24 04:00:00,54885.0
2022-01-24 05:00:00,54955.0
2022-01-24 06:00:00,57035.0
2022-01-24 07:00:00,54705.0
2022-01-24 08:00:00,54735.0
2022-01-24 09:00:00,54335.0
2022-01-24 10:00:00,53355.0
2022-01-24 11:00:00,53465.0
2022-01-24 12:00:00,53005.0
2022-01-24 13:00:00,53280.0
2022-01-24 14:00:00,53385.0
2022-01-24 15:00:00,54070.0
2022-01-24 16:00:00,54155.0
2022-01-24 17:00:00,55185.0
2022-01-24 18:00:00,55970.0
2022-01-24 19:00:00,55725.0
2022-01-24 20:00:00,57035.0
2022-01-24 21:00:00,56665.0
2022-01-24 23:00:00,56450.0
2022-01-25 00:00:00,55855.0
2022-01-25 01:00:00,55995.0
2022-01-25 02:00:00,56085.0
2022-01-25 03:00:00,56205.0
2022-01-25 04:00:00,55785.0
2022-01-25 05:00:00,55755.0
2022-01-25 06:00:00,55705.0
2022-01-25 07:00:00,55915.0
2022-01-25 08:00:00,55905.0
2022-01-25 09:00:00,56275.0
2022-01-25 10:00:00,56235.0
2022-01-25 11:00:00,56085.0
2022-01-25 12:00:00,56370.0
2022-01-25 13:00:00,56275.0
2022-01-25 14:00:00,56025.0
2022-01-25 15:00:00,56310.0
2022-01-25 16:00:00,56650.0
2022-01-25 17:00:00,57010.0
2022-01-25 18:00:00,57130.0
2022-01-25 19:00:00,57000.0
2022-01-25 20:00:00,56615.0
2022-01-25 21:00:00,56400.0
2022-01-25 23:00:00,56705.0
2022-01-26 00:00:00,56450.0
2022-01-26 01:00:00,56655.0
2022-01-26 02:00:00,56675.0
2022-01-26 03:00:00,57275.0
2022-01-26 04:00:00,57495.0
2022-01-26 05:00:00,57455.0
2022-01-26 06:00:00,56830.0
2022-01-26 07:00:00,57180.0
2022-01-26 08:00:00,57365.0
2022-01-26 09:00:00,57490.0
2022-01-26 10:00:00,57810.0
2022-01-26 11:00:00,57895.0
2022-01-26 12:00:00,57615.0
2022-01-26 13:00:00,58025.0
2022-01-26 14:00:00,58025.0
2022-01-26 15:00:00,57780.0
2022-01-26 16:00:00,58035.0
2022-01-26 17:00:00,57835.0
2022-01-26 18:00:00,57865.0
2022-01-26 19:00:00,57330.0
2022-01-26 20:00:00,56745.0
2022-01-26 21:00:00,56125.0
2022-01-26 23:00:00,56630.0
2022-01-27 00:00:00,56770.0
2022-01-27 01:00:00,55545.0
2022-01-27 02:00:00,55735.0
2022-01-27 03:00:00,55455.0
2022-01-27 04:00:00,55695.0
2022-01-27 05:00:00,55690.0
2022-01-27 06:00:00,55845.0
2022-01-27 07:00:00,55895.0
2022-01-27 08:00:00,56230.0
2022-01-27 09:00:00,56255.0
2022-01-27 10:00:00,56190.0
2022-01-27 11:00:00,56520.0
2022-01-27 12:00:00,56450.0
2022-01-27 13:00:00,56625.0
2022-01-27 14:00:00,56650.0
2022-01-27 15:00:00,56450.0
2022-01-27 16:00:00,56295.0
2022-01-27 17:00:00,56065.0
2022-01-27 18:00:00,55985.0
2022-01-27 19:00:00,56000.0
2022-01-27 20:00:00,55235.0
2022-01-27 21:00:00,55895.0
2022-01-27 23:00:00,56810.0
2022-01-28 00:00:00,56890.0
2022-01-28 01:00:00,56680.0
2022-01-28 02:00:00,56720.0
2022-01-28 03:00:00,57105.0
2022-01-28 04:00:00,56955.0
2022-01-28 05:00:00,56975.0
2022-01-28 06:00:00,57545.0
2022-01-28 07:00:00,56535.0
2022-01-28 08:00:00,56370.0
2022-01-28 09:00:00,56235.0
2022-01-28 10:00:00,56330.0
2022-01-28 11:00:00,56145.0
2022-01-28 12:00:00,55975.0
2022-01-28 13:00:00,56660.0
2022-01-28 14:00:00,56470.0
2022-01-28 15:00:00,56900.0
2022-01-28 16:00:00,56855.0
2022-01-28 17:00:00,56595.0
2022-01-28 18:00:00,56820.0
2022-01-28 19:00:00,56985.0
2022-01-28 20:00:00,57550.0
2022-01-28 21:00:00,57530.0
2022-01-30 23:00:00,57665.0
2022-01-31 00:00:00,56605.0
2022-01-31 01:00:00,56560.0
2022-01-31 02:00:00,56740.0
2022-01-31 03:00:00,56760.0
2022-01-31 04:00:00,56660.0
2022-01-31 05:00:00,56745.0
2022-01-31 06:00:00,58240.0
2022-01-31 07:00:00,56860.0
2022-01-31 08:00:00,56920.0
2022-01-31 09:00:00,56950.0
2022-01-31 10:00:00,57090.0
2022-01-31 11:00:00,57060.0
2022-01-31 12:00:00,56840.0
2022-01-31 13:00:00,57040.0
2022-01-31 14:00:00,57295.0
2022-01-31 15:00:00,57490.0
2022-01-31 16:00:00,58120.0
2022-01-31 17:00:00,58310.0
2022-01-31 18:00:00,58300.0
2022-01-31 19:00:00,58240.0
2022-01-31 20:00:00,58245.0
2022-01-31 21:00:00,58215.0
2022-01-31 23:00:00,58175.0
2022-02-01 00:00:00,58095.0
2022-02-01 01:00:00,57970.0
2022-02-01 02:00:00,58215.0
2022-02-01 03:00:00,58370.0
2022-02-01 04:00:00,58310.0
2022-02-01 05:00:00,58205.0
2022-02-01 06:00:00,58340.0
2022-02-01 07:00:00,58245.0
2022-02-01 08:00:00,58385.0
2022-02-01 09:00:00,58015.0
2022-02-01 10:00:00,58035.0
2022-02-01 11:00:00,58210.0
2022-02-01 12:00:00,58440.0
2022-02-01 13:00:00,58670.0
2022-02-01 14:00:00,58255.0
2022-02-01 15:00:00,58430.0
2022-02-01 16:00:00,58935.0
2022-02-01 17:00:00,58635.0
2022-02-01 18:00:00,58245.0
2022-02-01 19:00:00,58150.0
2022-02-01 20:00:00,58255.0
2022-02-01 21:00:00,58490.0
2022-02-01 23:00:00,58505.0
2022-02-02 00:00:00,58330.0
2022-02-02 01:00:00,58200.0
2022-02-02 02:00:00,58430.0
2022-02-02 03:00:00,58325.0
2022-02-02 04:00:00,58160.0
2022-02-02 05:00:00,58170.0
2022-02-02 06:00:00,58000.0
2022-02-02 07:00:00,58060.0
2022-02-02 08:00:00,58235.0
2022-02-02 09:00:00,58305.0
2022-02-02 10:00:00,58380.0
2022-02-02 11:00:00,58270.0
2022-02-02 12:00:00,58470.0
2022-02-02 13:00:00,58105.0
2022-02-02 14:00:00,57415.0
2022-02-02 15:00:00,57130.0
2022-02-02 16:00:00,57065.0
2022-02-02 17:00:00,57160.0
2022-02-02 18:00:00,57160.0
2022-02-02 19:00:00,57285.0
2022-02-02 20:00:00,57275.0
2022-02-02 21:00:00,56690.0
2022-02-02 23:00:00,56590.0
2022-02-03 00:00:00,56595.0
2022-02-03 01:00:00,56615.0
2022-02-03 02:00:00,56690.0
2022-02-03 03:00:00,56520.0
2022-02-03 04:00:00,56655.0
2022-02-03 05:00:00,56705.0
2022-02-03 06:00:00,56570.0
2022-02-03 07:00:00,56750.0
2022-02-03 08:00:00,56765.0
2022-02-03 09:00:00,56350.0
2022-02-03 10:00:00,56110.0
2022-02-03 11:00:00,56455.0
2022-02-03 12:00:00,56430.0
2022-02-03 13:00:00,56320.0
2022-02-03 14:00:00,56195.0
2022-02-03 15:00:00,56670.0
2022-02-03 16:00:00,56450.0
2022-02-03 17:00:00,56545.0
2022-02-03 18:00:00,56525.0
2022-02-03 19:00:00,56280.0
2022-02-03 20:00:00,56055.0
2022-02-03 21:00:00,56650.0
2022-02-03 23:00:00,57030.0
2022-02-04 00:00:00,56905.0
2022-02-04 01:00:00,56945.0
2022-02-04 02:00:00,57045.0
2022-02-04 03:00:00,57085.0
2022-02-04 04:00:00,57070.0
2022-02-04 05:00:00,57305.0
2022-02-04 06:00:00,60395.0
2022-02-04 07:00:00,57630.0
2022-02-04 08:00:00,57720.0
2022-02-04 09:00:00,57775.0
2022-02-04 10:00:00,57600.0
2022-02-04 11:00:00,57560.0
2022-02-04 12:00:00,57710.0
2022-02-04 13:00:00,57115.0
2022-02-04 14:00:00,57655.0
2022-02-04 15:00:00,59250.0
2022-02-04 16:00:00,60060.0
2022-02-04 17:00:00,60345.0
2022-02-04 18:00:00,60285.0
2022-02-04 19:00:00,60535.0
2022-02-04 20:00:00,60405.0
2022-02-04 21:00:00,60450.0
2022-02-06 23:00:00,62165.0
2022-02-07 00:00:00,61650.0
2022-02-07 01:00:00,61890.0
2022-02-07 02:00:00,62130.0
2022-02-07 03:00:00,62675.0
2022-02-07 04:00:00,62630.0
2022-02-07 05:00:00,62555.0
2022-02-07 06:00:00,62545.0
2022-02-07 07:00:00,62535.0
2022-02-07 08:00:00,62365.0
2022-02-07 09:00:00,62185.0
2022-02-07 10:00:00,62335.0
2022-02-07 11:00:00,62510.0
2022-02-07 12:00:00,62460.0
2022-02-07 13:00:00,62585.0
2022-02-07 14:00:00,63225.0
2022-02-07 15:00:00,63665.0
2022-02-07 16:00:00,63585.0
2022-02-07 17:00:00,63970.0
2022-02-07 18:00:00,63895.0
2022-02-07 19:00:00,64095.0
2022-02-07 20:00:00,63950.0
2022-02-07 21:00:00,63910.0
2022-02-07 23:00:00,63685.0
2022-02-08 00:00:00,63620.0
2022-02-08 01:00:00,63885.0
2022-02-08 02:00:00,63770.0
2022-02-08 03:00:00,64005.0
2022-02-08 04:00:00,64155.0
2022-02-08 05:00:00,64695.0
2022-02-08 06:00:00,64095.0
2022-02-08 07:00:00,64735.0
2022-02-08 08:00:00,63865.0
2022-02-08 09:00:00,63610.0
2022-02-08 10:00:00,63675.0
2022-02-08 11:00:00,63785.0
2022-02-08 12:00:00,63295.0
2022-02-08 13:00:00,63470.0
2022-02-08 14:00:00,63390.0
2022-02-08 15:00:00,63315.0
2022-02-08 16:00:00,62895.0
2022-02-08 17:00:00,62780.0
2022-02-08 18:00:00,62815.0
2022-02-08 19:00:00,62870.0
2022-02-08 20:00:00,64115.0
2022-02-08 21:00:00,64070.0
2022-02-08 23:00:00,63880.0
2022-02-09 00:00:00,64110.0
2022-02-09 01:00:00,63655.0
2022-02-09 02:00:00,63185.0
2022-02-09 03:00:00,63155.0
2022-02-09 04:00:00,63325.0
2022-02-09 05:00:00,63415.0
2022-02-09 06:00:00,63560.0
2022-02-09 07:00:00,63725.0
2022-02-09 08:00:00,63290.0
2022-02-09 09:00:00,63185.0
2022-02-09 10:00:00,63465.0
2022-02-09 11:00:00,63620.0
2022-02-09 12:00:00,63940.0
2022-02-09 13:00:00,63795.0
2022-02-09 14:00:00,64040.0
2022-02-09 15:00:00,63715.0
2022-02-09 16:00:00,63935.0
2022-02-09 17:00:00,63900.0
2022-02-09 18:00:00,63960.0
2022-02-09 19:00:00,64315.0
2022-02-09 20:00:00,64640.0
2022-02-09 21:00:00,64315.0
2022-02-09 23:00:00,64185.0
2022-02-10 00:00:00,63975.0
2022-02-10 01:00:00,64120.0
2022-02-10 02:00:00,63630.0
2022-02-10 03:00:00,63610.0
2022-02-10 04:00:00,63645.0
2022-02-10 05:00:00,63675.0
2022-02-10 06:00:00,63935.0
2022-02-10 07:00:00,63900.0
2022-02-10 08:00:00,64045.0
2022-02-10 09:00:00,64215.0
2022-02-10 10:00:00,64455.0
2022-02-10 11:00:00,64730.0
2022-02-10 12:00:00,64695.0
2022-02-10 13:00:00,63490.0
2022-02-10 14:00:00,64175.0
2022-02-10 15:00:00,64785.0
2022-02-10 16:00:00,65280.0
2022-02-10 17:00:00,65195.0
2022-02-10 18:00:00,65085.0
2022-02-10 19:00:00,64195.0
2022-02-10 20:00:00,63895.0
2022-02-10 21:00:00,63610.0
2022-02-10 23:00:00,63315.0
2022-02-11 00:00:00,62865.0
2022-02-11 01:00:00,62885.0
2022-02-11 02:00:00,62930.0
2022-02-11 03:00:00,63190.0
2022-02-11 04:00:00,62900.0
2022-02-11 05:00:00,62650.0
2022-02-11 06:00:00,62145.0
2022-02-11 07:00:00,63185.0
2022-02-11 08:00:00,62840.0
2022-02-11 09:00:00,63285.0
2022-02-11 10:00:00,63375.0
2022-02-11 11:00:00,63165.0
2022-02-11 12:00:00,63430.0
2022-02-11 13:00:00,63650.0
2022-02-11 14:00:00,63300.0
2022-02-11 15:00:00,63500.0
2022-02-11 16:00:00,63445.0
2022-02-11 17:00:00,63265.0
2022-02-11 18:00:00,62465.0
2022-02-11 19:00:00,62545.0
2022-02-11 20:00:00,62150.0
2022-02-11 21:00:00,62410.0
2022-02-13 23:00:00,61785.0
2022-02-14 00:00:00,61875.0
2022-02-14 01:00:00,61460.0
2022-02-14 02:00:00,61505.0
2022-02-14 03:00:00,61700.0
2022-02-14 04:00:00,61755.0
2022-02-14 05:00:00,61565.0
2022-02-14 06:00:00,61960.0
2022-02-14 07:00:00,62105.0
2022-02-14 08:00:00,61830.0
2022-02-14 09:00:00,61855.0
2022-02-14 10:00:00,62015.0
2022-02-14 11:00:00,61895.0
2022-02-14 12:00:00,62380.0
2022-02-14 13:00:00,62315.0
2022-02-14 14:00:00,62315.0
2022-02-14 15:00:00,62400.0
2022-02-14 16:00:00,62480.0
2022-02-14 17:00:00,62405.0
2022-02-14 18:00:00,62025.0
2022-02-14 19:00:00,61930.0
2022-02-14 20:00:00,61960.0
2022-02-14 21:00:00,62010.0
2022-02-14 23:00:00,62440.0
2022-02-15 00:00:00,62265.0
2022-02-15 01:00:00,63295.0
2022-02-15 02:00:00,63410.0
2022-02-15 03:00:00,63410.0
2022-02-15 04:00:00,63335.0
2022-02-15 05:00:00,63370.0
2022-02-15 06:00:00,63970.0
2022-02-15 07:00:00,63530.0
2022-02-15 08:00:00,63840.0
2022-02-15 09:00:00,63865.0
2022-02-15 10:00:00,64045.0
2022-02-15 11:00:00,64085.0
2022-02-15 12:00:00,64080.0
2022-02-15 13:00:00,64110.0
2022-02-15 14:00:00,64105.0
2022-02-15 15:00:00,64090.0
2022-02-15 16:00:00,63975.0
2022-02-15 17:00:00,63745.0
2022-02-15 18:00:00,63995.0
2022-02-15 19:00:00,63790.0
2022-02-15 20:00:00,63975.0
2022-02-15 21:00:00,63750.0
2022-02-15 23:00:00,64360.0
2022-02-16 00:00:00,64015.0
2022-02-16 01:00:00,63825.0
2022-02-16 02:00:00,63880.0
2022-02-16 03:00:00,63805.0
2022-02-16 04:00:00,63755.0
2022-02-16 05:00:00,63945.0
2022-02-16 06:00:00,63930.0
2022-02-16 07:00:00,64030.0
2022-02-16 08:00:00,63970.0
2022-02-16 09:00:00,63825.0
2022-02-16 10:00:00,63920.0
2022-02-16 11:00:00,64065.0
2022-02-16 12:00:00,63830.0
2022-02-16 13:00:00,63425.0
2022-02-16 14:00:00,63285.0
2022-02-16 15:00:00,63390.0
2022-02-16 16:00:00,63470.0
2022-02-16 17:00:00,63375.0
2022-02-16 18:00:00,63655.0
2022-02-16 19:00:00,64075.0
2022-02-16 20:00:00,63945.0
2022-02-16 21:00:00,63925.0
2022-02-16 23:00:00,63705.0
2022-02-17 00:00:00,63880.0
2022-02-17 01:00:00,63790.0
2022-02-17 02:00:00,63815.0
2022-02-17 03:00:00,63410.0
2022-02-17 04:00:00,63405.0
2022-02-17 05:00:00,63415.0
2022-02-17 06:00:00,63650.0
2022-02-17 07:00:00,63700.0
2022-02-17 08:00:00,63230.0
2022-02-17 09:00:00,63050.0
2022-02-17 10:00:00,62840.0
2022-02-17 11:00:00,62930.0
2022-02-17 12:00:00,63030.0
2022-02-17 13:00:00,62020.0
2022-02-17 14:00:00,61655.0
2022-02-17 15:00:00,61685.0
2022-02-17 16:00:00,61735.0
2022-02-17 17:00:00,61545.0
2022-02-17 18:00:00,61025.0
2022-02-17 19:00:00,60980.0
2022-02-17 20:00:00,60645.0
2022-02-17 21:00:00,60430.0
2022-02-17 23:00:00,60335.0
2022-02-18 00:00:00,60350.0
2022-02-18 01:00:00,60600.0
2022-02-18 02:00:00,60545.0
2022-02-18 03:00:00,60490.0
2022-02-18 04:00:00,60315.0
2022-02-18 05:00:00,60430.0
2022-02-18 06:00:00,60480.0
2022-02-18 07:00:00,60440.0
2022-02-18 08:00:00,60665.0
2022-02-18 09:00:00,60645.0
2022-02-18 10:00:00,60590.0
2022-02-18 11:00:00,59985.0
2022-02-18 12:00:00,60230.0
2022-02-18 13:00:00,60195.0
2022-02-18 14:00:00,60245.0
2022-02-18 15:00:00,59595.0
2022-02-18 16:00:00,59725.0
2022-02-18 17:00:00,59780.0
2022-02-18 18:00:00,59885.0
2022-02-18 19:00:00,59975.0
2022-02-18 20:00:00,59695.0
2022-02-18 21:00:00,59680.0
2022-02-20 23:00:00,58075.0
2022-02-21 00:00:00,58455.0
2022-02-21 01:00:00,58910.0
2022-02-21 02:00:00,58890.0
2022-02-21 03:00:00,58675.0
2022-02-21 04:00:00,59040.0
2022-02-21 05:00:00,58975.0
2022-02-21 06:00:00,58975.0
2022-02-21 07:00:00,59045.0
2022-02-21 08:00:00,58760.0
2022-02-21 09:00:00,58680.0
2022-02-21 10:00:00,58030.0
2022-02-21 11:00:00,57290.0
2022-02-21 12:00:00,57280.0
2022-02-21 13:00:00,57340.0
2022-02-21 14:00:00,58425.0
2022-02-21 15:00:00,58555.0
2022-02-21 16:00:00,58435.0
2022-02-21 17:00:00,58290.0
2022-02-21 18:00:00,57480.0
2022-02-21 19:00:00,57900.0
2022-02-21 20:00:00,57980.0
2022-02-21 21:00:00,56795.0
2022-02-21 23:00:00,56805.0
2022-02-22 00:00:00,56945.0
2022-02-22 01:00:00,57000.0
2022-02-22 02:00:00,56650.0
2022-02-22 03:00:00,56285.0
2022-02-22 04:00:00,56325.0
2022-02-22 05:00:00,56505.0
2022-02-22 06:00:00,57670.0
2022-02-22 07:00:00,56510.0
2022-02-22 08:00:00,56905.0
2022-02-22 09:00:00,56895.0
2022-02-22 10:00:00,57500.0
2022-02-22 11:00:00,57310.0
2022-02-22 12:00:00,57410.0
2022-02-22 13:00:00,57615.0
2022-02-22 14:00:00,57910.0
2022-02-22 15:00:00,57520.0
2022-02-22 16:00:00,57415.0
2022-02-22 17:00:00,57395.0
2022-02-22 18:00:00,57440.0
2022-02-22 19:00:00,57840.0
2022-02-22 20:00:00,57680.0
2022-02-22 21:00:00,57595.0
2022-02-22 23:00:00,57945.0
2022-02-23 00:00:00,57900.0
2022-02-23 01:00:00,57700.0
2022-02-23 02:00:00,57380.0
2022-02-23 03:00:00,57485.0
2022-02-23 04:00:00,57790.0
2022-02-23 05:00:00,57695.0
2022-02-23 06:00:00,57355.0
2022-02-23 07:00:00,57880.0
2022-02-23 08:00:00,58425.0
2022-02-23 09:00:00,58610.0
2022-02-23 10:00:00,58580.0
2022-02-23 11:00:00,58540.0
2022-02-23 12:00:00,58790.0
2022-02-23 13:00:00,58680.0
2022-02-23 14:00:00,58400.0
2022-02-23 15:00:00,58210.0
2022-02-23 16:00:00,58360.0
2022-02-23 17:00:00,57740.0
2022-02-23 18:00:00,57415.0
2022-02-23 19:00:00,57250.0
2022-02-23 20:00:00,57365.0
2022-02-23 21:00:00,57205.0
2022-02-23 23:00:00,57010.0
2022-02-24 00:00:00,56395.0
2022-02-24 01:00:00,56615.0
2022-02-24 02:00:00,55620.0
2022-02-24 03:00:00,54555.0
2022-02-24 04:00:00,54740.0
2022-02-24 05:00:00,54355.0
2022-02-24 06:00:00,54500.0
2022-02-24 07:00:00,54980.0
2022-02-24 08:00:00,55310.0
2022-02-24 09:00:00,55040.0
2022-02-24 10:00:00,54850.0
2022-02-24 11:00:00,55165.0
2022-02-24 12:00:00,55045.0
2022-02-24 13:00:00,55200.0
2022-02-24 14:00:00,55345.0
2022-02-24 15:00:00,55605.0
2022-02-24 16:00:00,55900.0
2022-02-24 17:00:00,55595.0
2022-02-24 18:00:00,56100.0
2022-02-24 19:00:00,57055.0
2022-02-24 20:00:00,58070.0
2022-02-24 21:00:00,58020.0
2022-02-24 23:00:00,58015.0
2022-02-25 00:00:00,57975.0
2022-02-25 01:00:00,58230.0
2022-02-25 02:00:00,58455.0
2022-02-25 03:00:00,58660.0
2022-02-25 04:00:00,58500.0
2022-02-25 05:00:00,58210.0
2022-02-25 06:00:00,58815.0
2022-02-25 07:00:00,58120.0
2022-02-25 08:00:00,58120.0
2022-02-25 09:00:00,58510.0
2022-02-25 10:00:00,58255.0
2022-02-25 11:00:00,58510.0
2022-02-25 12:00:00,59040.0
2022-02-25 13:00:00,59090.0
2022-02-25 14:00:00,58725.0
2022-02-25 15:00:00,59185.0
2022-02-25 16:00:00,59105.0
2022-02-25 17:00:00,58680.0
2022-02-25 18:00:00,58350.0
2022-02-25 19:00:00,58355.0
2022-02-25 20:00:00,58800.0
2022-02-25 21:00:00,58640.0
2022-02-27 23:00:00,57355.0
2022-02-28 00:00:00,57210.0
2022-02-28 01:00:00,57645.0
2022-02-28 02:00:00,57400.0
2022-02-28 03:00:00,57490.0
2022-02-28 04:00:00,57455.0
2022-02-28 05:00:00,57485.0
2022-02-28 06:00:00,57640.0
2022-02-28 07:00:00,57955.0
2022-02-28 08:00:00,57985.0
2022-02-28 09:00:00,57830.0
2022-02-28 10:00:00,58045.0
2022-02-28 11:00:00,58060.0
2022-02-28 12:00:00,57985.0
2022-02-28 13:00:00,57705.0
2022-02-28 14:00:00,59575.0
2022-02-28 15:00:00,60595.0
2022-02-28 16:00:00,60785.0
2022-02-28 17:00:00,61200.0
2022-02-28 18:00:00,61000.0
2022-02-28 19:00:00,61135.0
2022-02-28 20:00:00,61730.0
2022-02-28 21:00:00,61420.0
2022-02-28 23:00:00,62960.0
2022-03-01 00:00:00,63355.0
2022-03-01 01:00:00,63020.0
2022-03-01 02:00:00,62965.0
2022-03-01 03:00:00,62940.0
2022-03-01 04:00:00,63135.0
2022-03-01 05:00:00,62960.0
2022-03-01 06:00:00,63940.0
2022-03-01 07:00:00,63260.0
2022-03-01 08:00:00,63280.0
2022-03-01 09:00:00,63025.0
2022-03-01 10:00:00,63400.0
2022-03-01 11:00:00,63405.0
2022-03-01 12:00:00,64475.0
2022-03-01 13:00:00,64265.0
2022-03-01 14:00:00,63655.0
2022-03-01 15:00:00,63460.0
2022-03-01 16:00:00,63155.0
2022-03-01 17:00:00,63485.0
2022-03-01 18:00:00,63655.0
2022-03-01 19:00:00,63525.0
2022-03-01 20:00:00,63935.0
2022-03-01 21:00:00,63735.0
2022-03-01 23:00:00,64245.0
2022-03-02 00:00:00,64110.0
2022-03-02 01:00:00,63845.0
2022-03-02 02:00:00,64060.0
2022-03-02 03:00:00,64175.0
2022-03-02 04:00:00,64020.0
2022-03-02 05:00:00,64070.0
2022-03-02 06:00:00,63625.0
2022-03-02 07:00:00,63750.0
2022-03-02 08:00:00,63640.0
2022-03-02 09:00:00,63705.0
2022-03-02 10:00:00,63940.0
2022-03-02 11:00:00,63890.0
2022-03-02 12:00:00,63770.0
2022-03-02 13:00:00,63285.0
2022-03-02 14:00:00,64675.0
2022-03-02 15:00:00,63900.0
2022-03-02 16:00:00,64065.0
2022-03-02 17:00:00,63580.0
2022-03-02 18:00:00,63380.0
2022-03-02 19:00:00,63530.0
2022-03-02 20:00:00,63615.0
2022-03-02 21:00:00,63940.0
2022-03-02 23:00:00,63750.0
2022-03-03 00:00:00,63830.0
2022-03-03 01:00:00,63665.0
2022-03-03 02:00:00,63655.0
2022-03-03 03:00:00,63170.0
2022-03-03 04:00:00,63205.0
2022-03-03 05:00:00,63130.0
2022-03-03 06:00:00,63300.0
2022-03-03 07:00:00,63265.0
2022-03-03 08:00:00,63205.0
2022-03-03 09:00:00,62955.0
2022-03-03 10:00:00,63180.0
2022-03-03 11:00:00,63230.0
2022-03-03 12:00:00,63410.0
2022-03-03 13:00:00,63800.0
2022-03-03 14:00:00,63290.0
2022-03-03 15:00:00,62330.0
2022-03-03 16:00:00,62200.0
2022-03-03 17:00:00,62160.0
2022-03-03 18:00:00,62040.0
2022-03-03 19:00:00,61975.0
2022-03-03 20:00:00,61820.0
2022-03-03 21:00:00,61925.0
2022-03-03 23:00:00,62225.0
2022-03-04 00:00:00,61300.0
2022-03-04 01:00:00,61275.0
2022-03-04 02:00:00,61110.0
2022-03-04 03:00:00,61205.0
2022-03-04 04:00:00,61095.0
2022-03-04 05:00:00,61020.0
2022-03-04 06:00:00,59245.0
2022-03-04 07:00:00,61185.0
2022-03-04 08:00:00,61305.0
2022-03-04 09:00:00,61265.0
2022-03-04 10:00:00,61490.0
2022-03-04 11:00:00,61350.0
2022-03-04 12:00:00,61230.0
2022-03-04 13:00:00,61005.0
2022-03-04 14:00:00,60880.0
2022-03-04 15:00:00,60400.0
2022-03-04 16:00:00,60470.0
2022-03-04 17:00:00,60560.0
2022-03-04 18:00:00,60315.0
2022-03-04 19:00:00,59445.0
2022-03-04 20:00:00,59190.0
2022-03-04 21:00:00,59075.0
2022-03-06 23:00:00,58035.0
2022-03-07 00:00:00,58115.0
2022-03-07 01:00:00,58015.0
2022-03-07 02:00:00,57425.0
2022-03-07 03:00:00,57545.0
2022-03-07 04:00:00,57625.0
2022-03-07 05:00:00,57670.0
2022-03-07 06:00:00,57240.0
2022-03-07 07:00:00,57580.0
2022-03-07 08:00:00,57835.0
2022-03-07 09:00:00,57850.0
2022-03-07 10:00:00,57660.0
2022-03-07 11:00:00,58095.0
2022-03-07 12:00:00,58265.0
2022-03-07 13:00:00,58720.0
2022-03-07 14:00:00,58540.0
2022-03-07 15:00:00,58795.0
2022-03-07 16:00:00,58515.0
2022-03-07 17:00:00,58290.0
2022-03-07 18:00:00,57710.0
2022-03-07 19:00:00,57000.0
2022-03-07 20:00:00,57255.0
2022-03-07 21:00:00,57580.0
2022-03-07 23:00:00,57675.0
2022-03-08 00:00:00,57885.0
2022-03-08 01:00:00,58065.0
2022-03-08 02:00:00,58310.0
2022-03-08 03:00:00,58410.0
2022-03-08 04:00:00,58225.0
2022-03-08 05:00:00,58090.0
2022-03-08 06:00:00,58205.0
2022-03-08 07:00:00,58225.0
2022-03-08 08:00:00,58455.0
2022-03-08 09:00:00,58660.0
2022-03-08 10:00:00,58680.0
2022-03-08 11:00:00,58715.0
2022-03-08 12:00:00,58525.0
2022-03-08 13:00:00,58555.0
2022-03-08 14:00:00,58505.0
2022-03-08 15:00:00,58355.0
2022-03-08 16:00:00,58020.0
2022-03-08 17:00:00,58840.0
2022-03-08 18:00:00,58395.0
2022-03-08 19:00:00,58405.0
2022-03-08 20:00:00,58195.0
2022-03-08 21:00:00,58220.0
2022-03-08 23:00:00,58445.0
2022-03-09 00:00:00,58640.0
2022-03-09 01:00:00,58900.0
2022-03-09 02:00:00,59150.0
2022-03-09 03:00:00,60990.0
2022-03-09 04:00:00,61360.0
2022-03-09 05:00:00,61285.0
2022-03-09 06:00:00,61330.0
2022-03-09 07:00:00,61595.0
2022-03-09 08:00:00,61830.0
2022-03-09 09:00:00,61775.0
2022-03-09 10:00:00,62010.0
2022-03-09 11:00:00,61965.0
2022-03-09 12:00:00,61725.0
2022-03-09 13:00:00,61655.0
2022-03-09 14:00:00,62030.0
2022-03-09 15:00:00,62330.0
2022-03-09 16:00:00,62035.0
2022-03-09 17:00:00,62180.0
2022-03-09 18:00:00,61845.0
2022-03-09 19:00:00,62055.0
2022-03-09 20:00:00,61605.0
2022-03-09 21:00:00,61670.0
2022-03-09 23:00:00,61775.0
2022-03-10 00:00:00,61635.0
2022-03-10 01:00:00,60700.0
2022-03-10 02:00:00,60480.0
2022-03-10 03:00:00,60630.0
2022-03-10 04:00:00,59315.0
2022-03-10 05:00:00,58990.0
2022-03-10 06:00:00,59330.0
2022-03-10 07:00:00,58970.0
2022-03-10 08:00:00,59000.0
2022-03-10 09:00:00,58905.0
2022-03-10 10:00:00,58765.0
2022-03-10 11:00:00,58815.0
2022-03-10 12:00:00,58985.0
2022-03-10 13:00:00,58625.0
2022-03-10 14:00:00,59005.0
2022-03-10 15:00:00,58840.0
2022-03-10 16:00:00,58895.0
2022-03-10 17:00:00,58900.0
2022-03-10 18:00:00,58865.0
2022-03-10 19:00:00,59170.0
2022-03-10 20:00:00,59320.0
2022-03-10 21:00:00,59060.0
2022-03-10 23:00:00,59110.0
2022-03-11 00:00:00,58995.0
2022-03-11 01:00:00,58365.0
2022-03-11 02:00:00,57985.0
2022-03-11 03:00:00,58455.0
2022-03-11 04:00:00,58235.0
2022-03-11 05:00:00,58510.0
2022-03-11 06:00:00,58025.0
2022-03-11 07:00:00,58840.0
2022-03-11 08:00:00,58765.0
2022-03-11 09:00:00,58785.0
2022-03-11 10:00:00,58770.0
2022-03-11 11:00:00,59610.0
2022-03-11 12:00:00,59655.0
2022-03-11 13:00:00,59005.0
2022-03-11 14:00:00,59020.0
2022-03-11 15:00:00,58800.0
2022-03-11 16:00:00,58395.0
2022-03-11 17:00:00,58470.0
2022-03-11 18:00:00,58295.0
2022-03-11 19:00:00,58475.0
2022-03-11 20:00:00,58025.0
2022-03-11 21:00:00,58495.0
2022-03-13 22:00:00,57345.0
2022-03-13 23:00:00,57405.0
2022-03-14 00:00:00,57495.0
2022-03-14 01:00:00,57735.0
2022-03-14 02:00:00,57740.0
2022-03-14 03:00:00,57820.0
2022-03-14 04:00:00,58140.0
2022-03-14 05:00:00,58530.0
2022-03-14 06:00:00,58290.0
2022-03-14 07:00:00,58775.0
2022-03-14 08:00:00,58800.0
2022-03-14 09:00:00,58870.0
2022-03-14 10:00:00,58835.0
2022-03-14 11:00:00,58585.0
2022-03-14 12:00:00,58525.0
2022-03-14 13:00:00,58550.0
2022-03-14 14:00:00,58870.0
2022-03-14 15:00:00,58660.0
2022-03-14 16:00:00,58525.0
2022-03-14 17:00:00,58415.0
2022-03-14 18:00:00,58375.0
2022-03-14 19:00:00,58520.0
2022-03-14 20:00:00,58445.0
2022-03-14 22:00:00,59045.0
2022-03-14 23:00:00,59385.0
2022-03-15 00:00:00,59265.0
2022-03-15 01:00:00,58520.0
2022-03-15 02:00:00,58685.0
2022-03-15 03:00:00,58440.0
2022-03-15 04:00:00,58430.0
2022-03-15 05:00:00,58440.0
2022-03-15 06:00:00,58455.0
2022-03-15 07:00:00,58120.0
2022-03-15 08:00:00,58080.0
2022-03-15 09:00:00,58235.0
2022-03-15 10:00:00,58400.0
2022-03-15 11:00:00,58360.0
2022-03-15 12:00:00,58540.0
2022-03-15 13:00:00,58390.0
2022-03-15 14:00:00,58785.0
2022-03-15 15:00:00,58760.0
2022-03-15 16:00:00,58910.0
2022-03-15 17:00:00,59045.0
2022-03-15 18:00:00,59170.0
2022-03-15 19:00:00,59510.0
2022-03-15 20:00:00,59190.0
2022-03-15 22:00:00,59250.0
2022-03-15 23:00:00,59030.0
2022-03-16 00:00:00,58920.0
2022-03-16 01:00:00,59210.0
2022-03-16 02:00:00,60615.0
2022-03-16 03:00:00,58915.0
2022-03-16 04:00:00,58845.0
2022-03-16 05:00:00,60620.0
2022-03-16 06:00:00,59320.0
2022-03-16 07:00:00,59330.0
2022-03-16 08:00:00,60110.0
2022-03-16 09:00:00,60265.0
2022-03-16 10:00:00,60070.0
2022-03-16 11:00:00,60290.0
2022-03-16 12:00:00,60115.0
2022-03-16 13:00:00,60420.0
2022-03-16 14:00:00,60550.0
2022-03-16 15:00:00,60395.0
2022-03-16 16:00:00,60005.0
2022-03-16 17:00:00,60205.0
2022-03-16 18:00:00,59685.0
2022-03-16 19:00:00,60685.0
2022-03-16 20:00:00,60980.0
2022-03-16 22:00:00,60665.0
2022-03-16 23:00:00,60935.0
2022-03-17 00:00:00,60790.0
2022-03-17 01:00:00,60955.0
2022-03-17 02:00:00,60845.0
2022-03-17 03:00:00,60770.0
2022-03-17 04:00:00,61085.0
2022-03-17 05:00:00,60585.0
2022-03-17 06:00:00,60470.0
2022-03-17 07:00:00,60515.0
2022-03-17 08:00:00,60575.0
2022-03-17 09:00:00,60490.0
2022-03-17 10:00:00,60445.0
2022-03-17 11:00:00,60455.0
2022-03-17 12:00:00,60810.0
2022-03-17 13:00:00,60905.0
2022-03-17 14:00:00,60550.0
2022-03-17 15:00:00,60525.0
2022-03-17 16:00:00,60565.0
2022-03-17 17:00:00,60565.0
2022-03-17 18:00:00,60550.0
2022-03-17 19:00:00,60620.0
2022-03-17 20:00:00,60395.0
2022-03-17 22:00:00,60700.0
2022-03-17 23:00:00,60655.0
2022-03-18 00:00:00,60085.0
2022-03-18 01:00:00,60285.0
2022-03-18 02:00:00,60270.0
2022-03-18 03:00:00,60290.0
2022-03-18 04:00:00,60375.0
2022-03-18 05:00:00,61795.0
2022-03-18 06:00:00,60465.0
2022-03-18 07:00:00,60315.0
2022-03-18 08:00:00,60345.0
2022-03-18 09:00:00,60235.0
2022-03-18 10:00:00,60100.0
2022-03-18 11:00:00,60160.0
2022-03-18 12:00:00,60180.0
2022-03-18 13:00:00,60355.0
2022-03-18 14:00:00,60325.0
2022-03-18 15:00:00,60700.0
2022-03-18 16:00:00,61230.0
2022-03-18 17:00:00,61490.0
2022-03-18 18:00:00,61500.0
2022-03-18 19:00:00,61790.0
2022-03-18 20:00:00,61465.0
2022-03-20 22:00:00,61135.0
2022-03-20 23:00:00,61000.0
2022-03-21 00:00:00,61190.0
2022-03-21 01:00:00,60985.0
2022-03-21 02:00:00,60555.0
2022-03-21 03:00:00,60645.0
2022-03-21 04:00:00,60600.0
2022-03-21 05:00:00,60920.0
2022-03-21 06:00:00,60580.0
2022-03-21 07:00:00,60885.0
2022-03-21 08:00:00,60975.0
2022-03-21 09:00:00,61100.0
2022-03-21 10:00:00,61100.0
2022-03-21 11:00:00,61025.0
2022-03-21 12:00:00,60955.0
2022-03-21 13:00:00,60830.0
2022-03-21 14:00:00,60725.0
2022-03-21 15:00:00,60930.0
2022-03-21 16:00:00,60480.0
2022-03-21 17:00:00,60685.0
2022-03-21 18:00:00,60625.0
2022-03-21 19:00:00,60920.0
2022-03-21 20:00:00,60885.0
2022-03-21 22:00:00,60855.0
2022-03-21 23:00:00,60720.0
2022-03-22 00:00:00,60845.0
2022-03-22 01:00:00,60870.0
2022-03-22 02:00:00,61630.0
2022-03-22 03:00:00,62035.0
2022-03-22 04:00:00,62765.0
2022-03-22 05:00:00,62090.0
2022-03-22 06:00:00,61920.0
2022-03-22 07:00:00,61990.0
2022-03-22 08:00:00,62300.0
2022-03-22 09:00:00,62280.0
2022-03-22 10:00:00,62615.0
2022-03-22 11:00:00,62810.0
2022-03-22 12:00:00,62780.0
2022-03-22 13:00:00,62630.0
2022-03-22 14:00:00,62595.0
2022-03-22 15:00:00,62365.0
2022-03-22 16:00:00,62300.0
2022-03-22 17:00:00,62365.0
2022-03-22 18:00:00,62375.0
2022-03-22 19:00:00,62060.0
2022-03-22 20:00:00,62350.0
2022-03-22 22:00:00,62255.0
2022-03-22 23:00:00,62115.0
2022-03-23 00:00:00,62125.0
2022-03-23 01:00:00,61925.0
2022-03-23 02:00:00,62090.0
2022-03-23 03:00:00,61805.0
2022-03-23 04:00:00,61580.0
2022-03-23 05:00:00,61915.0
2022-03-23 06:00:00,61995.0
2022-03-23 07:00:00,61835.0
2022-03-23 08:00:00,61945.0
2022-03-23 09:00:00,61745.0
2022-03-23 10:00:00,61925.0
2022-03-23 11:00:00,61605.0
2022-03-23 12:00:00,62085.0
2022-03-23 13:00:00,61720.0
2022-03-23 14:00:00,62075.0
2022-03-23 15:00:00,62390.0
2022-03-23 16:00:00,62285.0
2022-03-23 17:00:00,61855.0
2022-03-23 18:00:00,61860.0
2022-03-23 19:00:00,61895.0
2022-03-23 20:00:00,62120.0
2022-03-23 22:00:00,62270.0
2022-03-23 23:00:00,62645.0
2022-03-24 00:00:00,62830.0
2022-03-24 01:00:00,62550.0
2022-03-24 02:00:00,62650.0
2022-03-24 03:00:00,62505.0
2022-03-24 04:00:00,62645.0
2022-03-24 05:00:00,63770.0
2022-03-24 06:00:00,62975.0
2022-03-24 07:00:00,62915.0
2022-03-24 08:00:00,62865.0
2022-03-24 09:00:00,62790.0
2022-03-24 10:00:00,62790.0
2022-03-24 11:00:00,62735.0
2022-03-24 12:00:00,62575.0
2022-03-24 13:00:00,62765.0
2022-03-24 14:00:00,63375.0
2022-03-24 15:00:00,63815.0
2022-03-24 16:00:00,63905.0
2022-03-24 17:00:00,63740.0
2022-03-24 18:00:00,63855.0
2022-03-24 19:00:00,63820.0
2022-03-24 20:00:00,63740.0
2022-03-24 22:00:00,63795.0
2022-03-24 23:00:00,63805.0
2022-03-25 00:00:00,63805.0
2022-03-25 01:00:00,63995.0
2022-03-25 02:00:00,63800.0
2022-03-25 03:00:00,63830.0
2022-03-25 04:00:00,63985.0
2022-03-25 05:00:00,63975.0
2022-03-25 06:00:00,63880.0
2022-03-25 07:00:00,63815.0
2022-03-25 08:00:00,63845.0
2022-03-25 09:00:00,64005.0
2022-03-25 10:00:00,64125.0
2022-03-25 11:00:00,64515.0
2022-03-25 12:00:00,64760.0
2022-03-25 13:00:00,64885.0
2022-03-25 14:00:00,64770.0
2022-03-25 15:00:00,64130.0
2022-03-25 16:00:00,64025.0
2022-03-25 17:00:00,64115.0
2022-03-25 18:00:00,64250.0
2022-03-25 19:00:00,64265.0
2022-03-25 20:00:00,64440.0
2022-03-27 22:00:00,66500.0
2022-03-27 23:00:00,66645.0
2022-03-28 00:00:00,66775.0
2022-03-28 01:00:00,66645.0
2022-03-28 02:00:00,66805.0
2022-03-28 03:00:00,66875.0
2022-03-28 04:00:00,66955.0
2022-03-28 05:00:00,66945.0
2022-03-28 06:00:00,66740.0
2022-03-28 07:00:00,66825.0
2022-03-28 08:00:00,66825.0
2022-03-28 09:00:00,66965.0
2022-03-28 10:00:00,67035.0
2022-03-28 11:00:00,67060.0
2022-03-28 12:00:00,67040.0
2022-03-28 13:00:00,67615.0
2022-03-28 14:00:00,67465.0
2022-03-28 15:00:00,67255.0
2022-03-28 16:00:00,67330.0
2022-03-28 17:00:00,67480.0
2022-03-28 18:00:00,67890.0
2022-03-28 19:00:00,67795.0
2022-03-28 20:00:00,67815.0
2022-03-28 22:00:00,67395.0
2022-03-28 23:00:00,67000.0
2022-03-29 00:00:00,67290.0
2022-03-29 01:00:00,67470.0
2022-03-29 02:00:00,67305.0
2022-03-29 03:00:00,67235.0
2022-03-29 04:00:00,67500.0
2022-03-29 05:00:00,67535.0
2022-03-29 06:00:00,67470.0
2022-03-29 07:00:00,67210.0
2022-03-29 08:00:00,67440.0
2022-03-29 09:00:00,67435.0
2022-03-29 10:00:00,67490.0
2022-03-29 11:00:00,67830.0
2022-03-29 12:00:00,67735.0
2022-03-29 13:00:00,67540.0
2022-03-29 14:00:00,67685.0
2022-03-29 15:00:00,67340.0
2022-03-29 16:00:00,67415.0
2022-03-29 17:00:00,67360.0
2022-03-29 18:00:00,67420.0
2022-03-29 19:00:00,67545.0
2022-03-29 20:00:00,67325.0
2022-03-29 22:00:00,67205.0
2022-03-29 23:00:00,67270.0
2022-03-30 00:00:00,67045.0
2022-03-30 01:00:00,66710.0
2022-03-30 02:00:00,67060.0
2022-03-30 03:00:00,67255.0
2022-03-30 04:00:00,67060.0
2022-03-30 05:00:00,67350.0
2022-03-30 06:00:00,67255.0
2022-03-30 07:00:00,67215.0
2022-03-30 08:00:00,67275.0
2022-03-30 09:00:00,67070.0
2022-03-30 10:00:00,67075.0
2022-03-30 11:00:00,67140.0
2022-03-30 12:00:00,67100.0
2022-03-30 13:00:00,66750.0
2022-03-30 14:00:00,66950.0
2022-03-30 15:00:00,66980.0
2022-03-30 16:00:00,67100.0
2022-03-30 17:00:00,67565.0
2022-03-30 18:00:00,66950.0
2022-03-30 19:00:00,66835.0
2022-03-30 20:00:00,67030.0
2022-03-30 22:00:00,66895.0
2022-03-30 23:00:00,66825.0
2022-03-31 00:00:00,66975.0
2022-03-31 01:00:00,67180.0
2022-03-31 02:00:00,67030.0
2022-03-31 03:00:00,66925.0
2022-03-31 04:00:00,66810.0
2022-03-31 05:00:00,65340.0
2022-03-31 06:00:00,66955.0
2022-03-31 07:00:00,66965.0
2022-03-31 08:00:00,67105.0
2022-03-31 09:00:00,67140.0
2022-03-31 10:00:00,67100.0
2022-03-31 11:00:00,66955.0
2022-03-31 12:00:00,67235.0
2022-03-31 13:00:00,66690.0
2022-03-31 14:00:00,66420.0
2022-03-31 15:00:00,66175.0
2022-03-31 16:00:00,65390.0
2022-03-31 17:00:00,65540.0
2022-03-31 18:00:00,65700.0
2022-03-31 19:00:00,65280.0
2022-03-31 20:00:00,65435.0
2022-03-31 22:00:00,65525.0
2022-03-31 23:00:00,65200.0
2022-04-01 00:00:00,65270.0
2022-04-01 01:00:00,64605.0
2022-04-01 02:00:00,64000.0
2022-04-01 03:00:00,64210.0
2022-04-01 04:00:00,64290.0
2022-04-01 05:00:00,66155.0
2022-04-01 06:00:00,64460.0
2022-04-01 07:00:00,64710.0
2022-04-01 08:00:00,64840.0
2022-04-01 09:00:00,64790.0
2022-04-01 10:00:00,64945.0
2022-04-01 11:00:00,64810.0
2022-04-01 12:00:00,64950.0
2022-04-01 13:00:00,65140.0
2022-04-01 14:00:00,65875.0
2022-04-01 15:00:00,66350.0
2022-04-01 16:00:00,65830.0
2022-04-01 17:00:00,66250.0
2022-04-01 18:00:00,66150.0
2022-04-01 19:00:00,66160.0
2022-04-01 20:00:00,65955.0
2022-04-03 22:00:00,66445.0
2022-04-03 23:00:00,66180.0
2022-04-04 00:00:00,65590.0
2022-04-04 01:00:00,65655.0
2022-04-04 02:00:00,65770.0
2022-04-04 03:00:00,65755.0
2022-04-04 04:00:00,65800.0
2022-04-04 05:00:00,65975.0
2022-04-04 06:00:00,66000.0
2022-04-04 07:00:00,65840.0
2022-04-04 08:00:00,65880.0
2022-04-04 09:00:00,65585.0
2022-04-04 10:00:00,65715.0
2022-04-04 11:00:00,65970.0
2022-04-04 12:00:00,65745.0
2022-04-04 13:00:00,65940.0
2022-04-04 14:00:00,65625.0
2022-04-04 15:00:00,65290.0
2022-04-04 16:00:00,65405.0
2022-04-04 17:00:00,65040.0
2022-04-04 18:00:00,65220.0
2022-04-04 19:00:00,65680.0
2022-04-04 20:00:00,66035.0
2022-04-04 22:00:00,66530.0
2022-04-04 23:00:00,66410.0
2022-04-05 00:00:00,66350.0
2022-04-05 01:00:00,66460.0
2022-04-05 02:00:00,66430.0
2022-04-05 03:00:00,66450.0
2022-04-05 04:00:00,66615.0
2022-04-05 05:00:00,65745.0
2022-04-05 06:00:00,66405.0
2022-04-05 07:00:00,66530.0
2022-04-05 08:00:00,66490.0
2022-04-05 09:00:00,66355.0
2022-04-05 10:00:00,66460.0
2022-04-05 11:00:00,66450.0
2022-04-05 12:00:00,66570.0
2022-04-05 13:00:00,66140.0
2022-04-05 14:00:00,65540.0
2022-04-05 15:00:00,65445.0
2022-04-05 16:00:00,65580.0
2022-04-05 17:00:00,65635.0
2022-04-05 18:00:00,65595.0
2022-04-05 19:00:00,65750.0
2022-04-05 20:00:00,65535.0
2022-04-05 22:00:00,65640.0
2022-04-05 23:00:00,65175.0
2022-04-06 00:00:00,64760.0
2022-04-06 01:00:00,64820.0
2022-04-06 02:00:00,64865.0
2022-04-06 03:00:00,64840.0
2022-04-06 04:00:00,65040.0
2022-04-06 05:00:00,63380.0
2022-04-06 06:00:00,65140.0
2022-04-06 07:00:00,64955.0
2022-04-06 08:00:00,65080.0
2022-04-06 09:00:00,65015.0
2022-04-06 10:00:00,64770.0
2022-04-06 11:00:00,64475.0
2022-04-06 12:00:00,64450.0
2022-04-06 13:00:00,63755.0
2022-04-06 14:00:00,63835.0
2022-04-06 15:00:00,63785.0
2022-04-06 16:00:00,63365.0
2022-04-06 17:00:00,63415.0
2022-04-06 18:00:00,63435.0
2022-04-06 19:00:00,63360.0
2022-04-06 20:00:00,63490.0
2022-04-06 22:00:00,63090.0
2022-04-06 23:00:00,62735.0
2022-04-07 00:00:00,62450.0
2022-04-07 01:00:00,63025.0
2022-04-07 02:00:00,62990.0
2022-04-07 03:00:00,62925.0
2022-04-07 04:00:00,63035.0
2022-04-07 05:00:00,62930.0
2022-04-07 06:00:00,63015.0
2022-04-07 07:00:00,63055.0
2022-04-07 08:00:00,63095.0
2022-04-07 09:00:00,63085.0
2022-04-07 10:00:00,63050.0
2022-04-07 11:00:00,63330.0
2022-04-07 12:00:00,63195.0
2022-04-07 13:00:00,63305.0
2022-04-07 14:00:00,63095.0
2022-04-07 15:00:00,62980.0
2022-04-07 16:00:00,63155.0
2022-04-07 17:00:00,63310.0
2022-04-07 18:00:00,63375.0
2022-04-07 19:00:00,62995.0
2022-04-07 20:00:00,63145.0
2022-04-07 22:00:00,63260.0
2022-04-07 23:00:00,63055.0
2022-04-08 00:00:00,62975.0
2022-04-08 01:00:00,63250.0
2022-04-08 02:00:00,63305.0
2022-04-08 03:00:00,63260.0
2022-04-08 04:00:00,63155.0
2022-04-08 05:00:00,62320.0
2022-04-08 06:00:00,63245.0
2022-04-08 07:00:00,63450.0
2022-04-08 08:00:00,63380.0
2022-04-08 09:00:00,63210.0
2022-04-08 10:00:00,63245.0
2022-04-08 11:00:00,62925.0
2022-04-08 12:00:00,62815.0
2022-04-08 13:00:00,62545.0
2022-04-08 14:00:00,63465.0
2022-04-08 15:00:00,63325.0
2022-04-08 16:00:00,63140.0
2022-04-08 17:00:00,62635.0
2022-04-08 18:00:00,62610.0
2022-04-08 19:00:00,62345.0
2022-04-08 20:00:00,62395.0
2022-04-10 22:00:00,61775.0
2022-04-10 23:00:00,61785.0
2022-04-11 00:00:00,61910.0
2022-04-11 01:00:00,61755.0
2022-04-11 02:00:00,61530.0
2022-04-11 03:00:00,61755.0
2022-04-11 04:00:00,61920.0
2022-04-11 05:00:00,61955.0
2022-04-11 06:00:00,61930.0
2022-04-11 07:00:00,61955.0
2022-04-11 08:00:00,61860.0
2022-04-11 09:00:00,61070.0
2022-04-11 10:00:00,61195.0
2022-04-11 11:00:00,60670.0
2022-04-11 12:00:00,60730.0
2022-04-11 13:00:00,60775.0
2022-04-11 14:00:00,60370.0
2022-04-11 15:00:00,60175.0
2022-04-11 16:00:00,60365.0
2022-04-11 17:00:00,60015.0
2022-04-11 18:00:00,60060.0
2022-04-11 19:00:00,59565.0
2022-04-11 20:00:00,59430.0
2022-04-11 22:00:00,59395.0
2022-04-11 23:00:00,59150.0
2022-04-12 00:00:00,59190.0
2022-04-12 01:00:00,59135.0
2022-04-12 02:00:00,59040.0
2022-04-12 03:00:00,59290.0
2022-04-12 04:00:00,59530.0
2022-04-12 05:00:00,58895.0
2022-04-12 06:00:00,59535.0
2022-04-12 07:00:00,59765.0
2022-04-12 08:00:00,59840.0
2022-04-12 09:00:00,59865.0
2022-04-12 10:00:00,59785.0
2022-04-12 11:00:00,60000.0
2022-04-12 12:00:00,60225.0
2022-04-12 13:00:00,60060.0
2022-04-12 14:00:00,59615.0
2022-04-12 15:00:00,59780.0
2022-04-12 16:00:00,59710.0
2022-04-12 17:00:00,59590.0
2022-04-12 18:00:00,59270.0
2022-04-12 19:00:00,58870.0
2022-04-12 20:00:00,59095.0
2022-04-12 22:00:00,59465.0
2022-04-12 23:00:00,59680.0
2022-04-13 00:00:00,59495.0
2022-04-13 01:00:00,59485.0
2022-04-13 02:00:00,59635.0
2022-04-13 03:00:00,59670.0
2022-04-13 04:00:00,59690.0
2022-04-13 05:00:00,60725.0
2022-04-13 06:00:00,59470.0
2022-04-13 07:00:00,59700.0
2022-04-13 08:00:00,59735.0
2022-04-13 09:00:00,59650.0
2022-04-13 10:00:00,59375.0
2022-04-13 11:00:00,59310.0
2022-04-13 12:00:00,59300.0
2022-04-13 13:00:00,60130.0
2022-04-13 14:00:00,60285.0
2022-04-13 15:00:00,60820.0
2022-04-13 16:00:00,60685.0
2022-04-13 17:00:00,60625.0
2022-04-13 18:00:00,61010.0
2022-04-13 19:00:00,60725.0
2022-04-13 20:00:00,60930.0
2022-04-13 22:00:00,60865.0
2022-04-13 23:00:00,60800.0
2022-04-14 00:00:00,60840.0
2022-04-14 01:00:00,61145.0
2022-04-14 02:00:00,61055.0
2022-04-14 03:00:00,60955.0
2022-04-14 04:00:00,60915.0
2022-04-14 05:00:00,60990.0
2022-04-14 06:00:00,60815.0
2022-04-14 07:00:00,60905.0
2022-04-14 08:00:00,60805.0
2022-04-14 09:00:00,60785.0
2022-04-14 10:00:00,60560.0
2022-04-14 11:00:00,60535.0
2022-04-14 12:00:00,60785.0
2022-04-14 13:00:00,60200.0
2022-04-14 14:00:00,60080.0
2022-04-14 15:00:00,59585.0
2022-04-14 16:00:00,59580.0
2022-04-14 17:00:00,59585.0
2022-04-14 18:00:00,59315.0
2022-04-14 19:00:00,59410.0
2022-04-14 20:00:00,59480.0
2022-04-17 22:00:00,59600.0
2022-04-17 23:00:00,59250.0
2022-04-18 00:00:00,59300.0
2022-04-18 01:00:00,59330.0
2022-04-18 02:00:00,59370.0
2022-04-18 03:00:00,59440.0
2022-04-18 04:00:00,58425.0
2022-04-18 05:00:00,60305.0
2022-04-18 06:00:00,58630.0
2022-04-18 07:00:00,58545.0
2022-04-18 08:00:00,58525.0
2022-04-18 09:00:00,58580.0
2022-04-18 10:00:00,58570.0
2022-04-18 11:00:00,58615.0
2022-04-18 12:00:00,59030.0
2022-04-18 13:00:00,58940.0
2022-04-18 14:00:00,58985.0
2022-04-18 15:00:00,58860.0
2022-04-18 16:00:00,59105.0
2022-04-18 17:00:00,59865.0
2022-04-18 18:00:00,60285.0
2022-04-18 19:00:00,60295.0
2022-04-18 20:00:00,60335.0
2022-04-18 22:00:00,60560.0
2022-04-18 23:00:00,60440.0
2022-04-19 00:00:00,60495.0
2022-04-19 01:00:00,60365.0
2022-04-19 02:00:00,60255.0
2022-04-19 03:00:00,60360.0
2022-04-19 04:00:00,60500.0
2022-04-19 05:00:00,61125.0
2022-04-19 06:00:00,60370.0
2022-04-19 07:00:00,60305.0
2022-04-19 08:00:00,60400.0
2022-04-19 09:00:00,60250.0
2022-04-19 10:00:00,60440.0
2022-04-19 11:00:00,60310.0
2022-04-19 12:00:00,60610.0
2022-04-19 13:00:00,61130.0
2022-04-19 14:00:00,61250.0
2022-04-19 15:00:00,61135.0
2022-04-19 16:00:00,61040.0
2022-04-19 17:00:00,61065.0
2022-04-19 18:00:00,61105.0
2022-04-19 19:00:00,61095.0
2022-04-19 20:00:00,60925.0
2022-04-19 22:00:00,61040.0
2022-04-19 23:00:00,61195.0
2022-04-20 00:00:00,61060.0
2022-04-20 01:00:00,61015.0
2022-04-20 02:00:00,61020.0
2022-04-20 03:00:00,61060.0
2022-04-20 04:00:00,60960.0
2022-04-20 05:00:00,61125.0
2022-04-20 06:00:00,61055.0
2022-04-20 07:00:00,61010.0
2022-04-20 08:00:00,61155.0
2022-04-20 09:00:00,61215.0
2022-04-20 10:00:00,61460.0
2022-04-20 11:00:00,61780.0
2022-04-20 12:00:00,61830.0
2022-04-20 13:00:00,61225.0
2022-04-20 14:00:00,61175.0
2022-04-20 15:00:00,60850.0
2022-04-20 16:00:00,61015.0
2022-04-20 17:00:00,61010.0
2022-04-20 18:00:00,60575.0
2022-04-20 19:00:00,60855.0
2022-04-20 20:00:00,61030.0
2022-04-20 22:00:00,61165.0
2022-04-20 23:00:00,61025.0
2022-04-21 00:00:00,61205.0
2022-04-21 01:00:00,61305.0
2022-04-21 02:00:00,61255.0
2022-04-21 03:00:00,61305.0
2022-04-21 04:00:00,61220.0
2022-04-21 05:00:00,60850.0
2022-04-21 06:00:00,61150.0
2022-04-21 07:00:00,61570.0
2022-04-21 08:00:00,61590.0
2022-04-21 09:00:00,61475.0
2022-04-21 10:00:00,61910.0
2022-04-21 11:00:00,62110.0
2022-04-21 12:00:00,62360.0
2022-04-21 13:00:00,62360.0
2022-04-21 14:00:00,62175.0
2022-04-21 15:00:00,61770.0
2022-04-21 16:00:00,61450.0
2022-04-21 17:00:00,61150.0
2022-04-21 18:00:00,61070.0
2022-04-21 19:00:00,60800.0
2022-04-21 20:00:00,60275.0
2022-04-21 22:00:00,59995.0
2022-04-21 23:00:00,60060.0
2022-04-22 00:00:00,60020.0
2022-04-22 01:00:00,60185.0
2022-04-22 02:00:00,60220.0
2022-04-22 03:00:00,60125.0
2022-04-22 04:00:00,60125.0
2022-04-22 05:00:00,60320.0
2022-04-22 07:00:00,60405.0
2022-04-22 08:00:00,60355.0
2022-04-22 09:00:00,60110.0
2022-04-22 10:00:00,60030.0
2022-04-22 11:00:00,60135.0
2022-04-22 12:00:00,60070.0
2022-04-22 13:00:00,59955.0
2022-04-22 14:00:00,59540.0
2022-04-22 15:00:00,58970.0
2022-04-22 16:00:00,58980.0
2022-04-22 17:00:00,58965.0
2022-04-22 18:00:00,59020.0
2022-04-22 19:00:00,59090.0
2022-04-22 20:00:00,59105.0
2022-04-24 22:00:00,59210.0
2022-04-24 23:00:00,59195.0
2022-04-25 00:00:00,58300.0
2022-04-25 01:00:00,58700.0
2022-04-25 02:00:00,58630.0
2022-04-25 03:00:00,58860.0
2022-04-25 04:00:00,58790.0
2022-04-25 05:00:00,59865.0
2022-04-25 06:00:00,58210.0
2022-04-25 07:00:00,58040.0
2022-04-25 08:00:00,58075.0
2022-04-25 09:00:00,58225.0
2022-04-25 10:00:00,58060.0
2022-04-25 11:00:00,58465.0
2022-04-25 12:00:00,58505.0
2022-04-25 13:00:00,58345.0
2022-04-25 14:00:00,58710.0
2022-04-25 15:00:00,58610.0
2022-04-25 16:00:00,59165.0
2022-04-25 17:00:00,59075.0
2022-04-25 18:00:00,59655.0
2022-04-25 19:00:00,59895.0
2022-04-25 20:00:00,59850.0
2022-04-25 22:00:00,60045.0
2022-04-25 23:00:00,60140.0
2022-04-26 00:00:00,60265.0
2022-04-26 01:00:00,60265.0
2022-04-26 02:00:00,60110.0
2022-04-26 03:00:00,60210.0
2022-04-26 04:00:00,60205.0
2022-04-26 05:00:00,57925.0
2022-04-26 06:00:00,60190.0
2022-04-26 07:00:00,60255.0
2022-04-26 08:00:00,60225.0
2022-04-26 09:00:00,60010.0
2022-04-26 10:00:00,60015.0
2022-04-26 11:00:00,60200.0
2022-04-26 12:00:00,59960.0
2022-04-26 13:00:00,59470.0
2022-04-26 14:00:00,58890.0
2022-04-26 15:00:00,58165.0
2022-04-26 16:00:00,58335.0
2022-04-26 17:00:00,57955.0
2022-04-26 18:00:00,58055.0
2022-04-26 19:00:00,57970.0
2022-04-26 20:00:00,57645.0
2022-04-26 22:00:00,57810.0
2022-04-26 23:00:00,57740.0
2022-04-27 00:00:00,57740.0
2022-04-27 01:00:00,57875.0
2022-04-27 02:00:00,58010.0
2022-04-27 03:00:00,57955.0
2022-04-27 04:00:00,58045.0
2022-04-27 05:00:00,58545.0
2022-04-27 06:00:00,58255.0
2022-04-27 07:00:00,58730.0
2022-04-27 08:00:00,58610.0
2022-04-27 09:00:00,58710.0
2022-04-27 10:00:00,58675.0
2022-04-27 11:00:00,58610.0
2022-04-27 12:00:00,58560.0
2022-04-27 13:00:00,58955.0
2022-04-27 14:00:00,58270.0
2022-04-27 15:00:00,58520.0
2022-04-27 16:00:00,58815.0
2022-04-27 17:00:00,58790.0
2022-04-27 18:00:00,58395.0
2022-04-27 19:00:00,58475.0
2022-04-27 20:00:00,58695.0
2022-04-27 22:00:00,58725.0
2022-04-27 23:00:00,58825.0
2022-04-28 00:00:00,59025.0
2022-04-28 01:00:00,58885.0
2022-04-28 02:00:00,59020.0
2022-04-28 03:00:00,58995.0
2022-04-28 04:00:00,59030.0
2022-04-28 05:00:00,58970.0
2022-04-28 06:00:00,59025.0
2022-04-28 07:00:00,59075.0
2022-04-28 08:00:00,59245.0
2022-04-28 09:00:00,59465.0
2022-04-28 10:00:00,59350.0
2022-04-28 11:00:00,59340.0
2022-04-28 12:00:00,59210.0
2022-04-28 13:00:00,58715.0
2022-04-28 14:00:00,58910.0
2022-04-28 15:00:00,59110.0
2022-04-28 16:00:00,59555.0
2022-04-28 17:00:00,59975.0
2022-04-28 18:00:00,59760.0
2022-04-28 19:00:00,59660.0
2022-04-28 20:00:00,59530.0
2022-04-28 22:00:00,59430.0
2022-04-28 23:00:00,59400.0
2022-04-29 00:00:00,59485.0
2022-04-29 01:00:00,59480.0
2022-04-29 02:00:00,59190.0
2022-04-29 03:00:00,59160.0
2022-04-29 04:00:00,59210.0
2022-04-29 05:00:00,57895.0
2022-04-29 06:00:00,59115.0
2022-04-29 07:00:00,59270.0
2022-04-29 08:00:00,59030.0
2022-04-29 09:00:00,58770.0
2022-04-29 10:00:00,58415.0
2022-04-29 11:00:00,58350.0
2022-04-29 12:00:00,58500.0
2022-04-29 13:00:00,58925.0
2022-04-29 14:00:00,58590.0
2022-04-29 15:00:00,58655.0
2022-04-29 16:00:00,58055.0
2022-04-29 17:00:00,58260.0
2022-04-29 18:00:00,58110.0
2022-04-29 19:00:00,57915.0
2022-04-29 20:00:00,58170.0
2022-05-01 22:00:00,57885.0
2022-05-01 23:00:00,57990.0
2022-05-02 00:00:00,58245.0
2022-05-02 01:00:00,58075.0
2022-05-02 02:00:00,58170.0
2022-05-02 03:00:00,58280.0
2022-05-02 04:00:00,58615.0
2022-05-02 05:00:00,58595.0
2022-05-02 06:00:00,58590.0
2022-05-02 07:00:00,58415.0
2022-05-02 08:00:00,58525.0
2022-05-02 09:00:00,58410.0
2022-05-02 10:00:00,58320.0
2022-05-02 11:00:00,58120.0
2022-05-02 12:00:00,58085.0
2022-05-02 13:00:00,58530.0
2022-05-02 14:00:00,58395.0
2022-05-02 15:00:00,58210.0
2022-05-02 16:00:00,58135.0
2022-05-02 17:00:00,57945.0
2022-05-02 18:00:00,57755.0
2022-05-02 19:00:00,58120.0
2022-05-02 20:00:00,57870.0
2022-05-02 22:00:00,58165.0
2022-05-02 23:00:00,58110.0
2022-05-03 00:00:00,58045.0
2022-05-03 01:00:00,58110.0
2022-05-03 02:00:00,57985.0
2022-05-03 03:00:00,58040.0
2022-05-03 04:00:00,58135.0
2022-05-03 05:00:00,58060.0
2022-05-03 06:00:00,58070.0
2022-05-03 07:00:00,58160.0
2022-05-03 08:00:00,58150.0
2022-05-03 09:00:00,58050.0
2022-05-03 10:00:00,57985.0
2022-05-03 11:00:00,58130.0
2022-05-03 12:00:00,58020.0
2022-05-03 13:00:00,57940.0
2022-05-03 14:00:00,57845.0
2022-05-03 15:00:00,57870.0
2022-05-03 16:00:00,57710.0
2022-05-03 17:00:00,57590.0
2022-05-03 18:00:00,57295.0
2022-05-03 19:00:00,57230.0
2022-05-03 20:00:00,57340.0
2022-05-03 22:00:00,57260.0
2022-05-03 23:00:00,57245.0
2022-05-04 00:00:00,57395.0
2022-05-04 01:00:00,57365.0
2022-05-04 02:00:00,57480.0
2022-05-04 03:00:00,57520.0
2022-05-04 04:00:00,57480.0
2022-05-04 05:00:00,57620.0
2022-05-04 06:00:00,57960.0
2022-05-04 07:00:00,58285.0
2022-05-04 08:00:00,58580.0
2022-05-04 09:00:00,58485.0
2022-05-04 10:00:00,58580.0
2022-05-04 11:00:00,58620.0
2022-05-04 12:00:00,58580.0
2022-05-04 13:00:00,58340.0
2022-05-04 14:00:00,58435.0
2022-05-04 15:00:00,58635.0
2022-05-04 16:00:00,58830.0
2022-05-04 17:00:00,58620.0
2022-05-04 18:00:00,59225.0
2022-05-04 19:00:00,59515.0
2022-05-04 20:00:00,59435.0
2022-05-04 22:00:00,59375.0
2022-05-04 23:00:00,59380.0
2022-05-05 00:00:00,59305.0
2022-05-05 01:00:00,59310.0
2022-05-05 02:00:00,59480.0
2022-05-05 03:00:00,59400.0
2022-05-05 04:00:00,59440.0
2022-05-05 05:00:00,55880.0
2022-05-05 06:00:00,59195.0
2022-05-05 07:00:00,59260.0
2022-05-05 08:00:00,59140.0
2022-05-05 09:00:00,59150.0
2022-05-05 10:00:00,59175.0
2022-05-05 11:00:00,59125.0
2022-05-05 12:00:00,59180.0
2022-05-05 13:00:00,58610.0
2022-05-05 14:00:00,57780.0
2022-05-05 15:00:00,56445.0
2022-05-05 16:00:00,56570.0
2022-05-05 17:00:00,56350.0
2022-05-05 18:00:00,55900.0
2022-05-05 19:00:00,55865.0
2022-05-05 20:00:00,56075.0
2022-05-05 22:00:00,55810.0
2022-05-05 23:00:00,56145.0
2022-05-06 00:00:00,55865.0
2022-05-06 01:00:00,55770.0
2022-05-06 02:00:00,55985.0
2022-05-06 03:00:00,56025.0
2022-05-06 04:00:00,55950.0
2022-05-06 05:00:00,55535.0
2022-05-06 06:00:00,55965.0
2022-05-06 07:00:00,55920.0
2022-05-06 08:00:00,55765.0
2022-05-06 09:00:00,55985.0
2022-05-06 10:00:00,55520.0
2022-05-06 11:00:00,55330.0
2022-05-06 12:00:00,55365.0
2022-05-06 13:00:00,55275.0
2022-05-06 14:00:00,55690.0
2022-05-06 15:00:00,55580.0
2022-05-06 16:00:00,55790.0
2022-05-06 17:00:00,55460.0
2022-05-06 18:00:00,55500.0
2022-05-06 19:00:00,55545.0
2022-05-06 20:00:00,55685.0
2022-05-08 22:00:00,53815.0
2022-05-08 23:00:00,53580.0
2022-05-09 00:00:00,53650.0
2022-05-09 01:00:00,53585.0
2022-05-09 02:00:00,52985.0
2022-05-09 03:00:00,53100.0
2022-05-09 04:00:00,53195.0
2022-05-09 05:00:00,50540.0
2022-05-09 06:00:00,52940.0
2022-05-09 07:00:00,53065.0
2022-05-09 08:00:00,53195.0
2022-05-09 09:00:00,52995.0
2022-05-09 10:00:00,52350.0
2022-05-09 11:00:00,52700.0
2022-05-09 12:00:00,52415.0
2022-05-09 13:00:00,52570.0
2022-05-09 14:00:00,52000.0
2022-05-09 15:00:00,51905.0
2022-05-09 16:00:00,51325.0
2022-05-09 17:00:00,50880.0
2022-05-09 18:00:00,50315.0
2022-05-09 19:00:00,50485.0
2022-05-09 20:00:00,50495.0
2022-05-09 22:00:00,50635.0
2022-05-09 23:00:00,49650.0
2022-05-10 00:00:00,50320.0
2022-05-10 01:00:00,50480.0
2022-05-10 02:00:00,50635.0
2022-05-10 03:00:00,50255.0
2022-05-10 04:00:00,50825.0
2022-05-10 05:00:00,51420.0
2022-05-10 06:00:00,51770.0
2022-05-10 07:00:00,51180.0
2022-05-10 08:00:00,51375.0
2022-05-10 09:00:00,50995.0
2022-05-10 10:00:00,50845.0
2022-05-10 11:00:00,51195.0
2022-05-10 12:00:00,51740.0
2022-05-10 13:00:00,51345.0
2022-05-10 14:00:00,50625.0
2022-05-10 15:00:00,50835.0
2022-05-10 16:00:00,50730.0
2022-05-10 17:00:00,51265.0
2022-05-10 18:00:00,51155.0
2022-05-10 19:00:00,50835.0
2022-05-10 20:00:00,50610.0
2022-05-10 22:00:00,50310.0
2022-05-10 23:00:00,50550.0
2022-05-11 00:00:00,50525.0
2022-05-11 01:00:00,50375.0
2022-05-11 02:00:00,51020.0
2022-05-11 03:00:00,50795.0
2022-05-11 04:00:00,50785.0
2022-05-11 05:00:00,48805.0
2022-05-11 06:00:00,49985.0
2022-05-11 07:00:00,50115.0
2022-05-11 08:00:00,50880.0
2022-05-11 09:00:00,51355.0
2022-05-11 10:00:00,51440.0
2022-05-11 11:00:00,51080.0
2022-05-11 12:00:00,48790.0
2022-05-11 13:00:00,50750.0
2022-05-11 14:00:00,51325.0
2022-05-11 15:00:00,50555.0
2022-05-11 16:00:00,49850.0
2022-05-11 17:00:00,49330.0
2022-05-11 18:00:00,49405.0
2022-05-11 19:00:00,48805.0
2022-05-11 20:00:00,48015.0
2022-05-11 22:00:00,48275.0
2022-05-11 23:00:00,48575.0
2022-05-12 00:00:00,49320.0
2022-05-12 01:00:00,48705.0
2022-05-12 02:00:00,48305.0
2022-05-12 03:00:00,47900.0
2022-05-12 04:00:00,47215.0
2022-05-12 05:00:00,46425.0
2022-05-12 06:00:00,45895.0
2022-05-12 07:00:00,47340.0
2022-05-12 08:00:00,47215.0
2022-05-12 09:00:00,47155.0
2022-05-12 10:00:00,47820.0
2022-05-12 11:00:00,47810.0
2022-05-12 12:00:00,47855.0
2022-05-12 13:00:00,47605.0
2022-05-12 14:00:00,49030.0
2022-05-12 15:00:00,48475.0
2022-05-12 16:00:00,49180.0
2022-05-12 17:00:00,48065.0
2022-05-12 18:00:00,47865.0
2022-05-12 19:00:00,48120.0
2022-05-12 20:00:00,48075.0
2022-05-12 22:00:00,48335.0
2022-05-12 23:00:00,48480.0
2022-05-13 00:00:00,49060.0
2022-05-13 01:00:00,48975.0
2022-05-13 02:00:00,49590.0
2022-05-13 03:00:00,50090.0
2022-05-13 04:00:00,49955.0
2022-05-13 05:00:00,49990.0
2022-05-13 06:00:00,49860.0
2022-05-13 07:00:00,49685.0
2022-05-13 08:00:00,49880.0
2022-05-13 09:00:00,50005.0
2022-05-13 10:00:00,50040.0
2022-05-13 11:00:00,50215.0
2022-05-13 12:00:00,50285.0
2022-05-13 13:00:00,50295.0
2022-05-13 14:00:00,50280.0
2022-05-13 15:00:00,49905.0
2022-05-13 16:00:00,49525.0
2022-05-13 17:00:00,49205.0
2022-05-13 18:00:00,49700.0
2022-05-13 19:00:00,49655.0
2022-05-13 20:00:00,49385.0
2022-05-15 22:00:00,50600.0
2022-05-15 23:00:00,50860.0
2022-05-16 00:00:00,50630.0
2022-05-16 01:00:00,50310.0
2022-05-16 02:00:00,50060.0
2022-05-16 03:00:00,49810.0
2022-05-16 04:00:00,49885.0
2022-05-16 05:00:00,49115.0
2022-05-16 06:00:00,49070.0
2022-05-16 07:00:00,49105.0
2022-05-16 08:00:00,49295.0
2022-05-16 09:00:00,49155.0
2022-05-16 10:00:00,49730.0
2022-05-16 11:00:00,49520.0
2022-05-16 12:00:00,49470.0
2022-05-16 13:00:00,49150.0
2022-05-16 14:00:00,49015.0
2022-05-16 15:00:00,49225.0
2022-05-16 16:00:00,48850.0
2022-05-16 17:00:00,49230.0
2022-05-16 18:00:00,49455.0
2022-05-16 19:00:00,49095.0
2022-05-16 20:00:00,49520.0
2022-05-16 22:00:00,49530.0
2022-05-16 23:00:00,49470.0
2022-05-17 00:00:00,49740.0
2022-05-17 01:00:00,49590.0
2022-05-17 02:00:00,49625.0
2022-05-17 03:00:00,49945.0
2022-05-17 04:00:00,49930.0
2022-05-17 05:00:00,49610.0
2022-05-17 06:00:00,50095.0
2022-05-17 07:00:00,49980.0
2022-05-17 08:00:00,50195.0
2022-05-17 09:00:00,50200.0
2022-05-17 10:00:00,50035.0
2022-05-17 11:00:00,49900.0
2022-05-17 12:00:00,50185.0
2022-05-17 13:00:00,50090.0
2022-05-17 14:00:00,49625.0
2022-05-17 15:00:00,49735.0
2022-05-17 16:00:00,49715.0
2022-05-17 17:00:00,49660.0
2022-05-17 18:00:00,49370.0
2022-05-17 19:00:00,49625.0
2022-05-17 20:00:00,49675.0
2022-05-17 22:00:00,49905.0
2022-05-17 23:00:00,50085.0
2022-05-18 00:00:00,50065.0
2022-05-18 01:00:00,49670.0
2022-05-18 02:00:00,49790.0
2022-05-18 03:00:00,49410.0
2022-05-18 04:00:00,49355.0
2022-05-18 05:00:00,48795.0
2022-05-18 06:00:00,49270.0
2022-05-18 07:00:00,49445.0
2022-05-18 08:00:00,49425.0
2022-05-18 09:00:00,49475.0
2022-05-18 10:00:00,49490.0
2022-05-18 11:00:00,49355.0
2022-05-18 12:00:00,49060.0
2022-05-18 13:00:00,48860.0
2022-05-18 14:00:00,48760.0
2022-05-18 15:00:00,48485.0
2022-05-18 16:00:00,48725.0
2022-05-18 17:00:00,48475.0
2022-05-18 18:00:00,48700.0
2022-05-18 19:00:00,48740.0
2022-05-18 20:00:00,48765.0
2022-05-18 22:00:00,48500.0
2022-05-18 23:00:00,48220.0
2022-05-19 00:00:00,48425.0
2022-05-19 01:00:00,48275.0
2022-05-19 02:00:00,48645.0
2022-05-19 03:00:00,48715.0
2022-05-19 04:00:00,48635.0
2022-05-19 05:00:00,49555.0
2022-05-19 06:00:00,48855.0
2022-05-19 07:00:00,48710.0
2022-05-19 08:00:00,48540.0
2022-05-19 09:00:00,48540.0
2022-05-19 10:00:00,48740.0
2022-05-19 11:00:00,49095.0
2022-05-19 12:00:00,49070.0
2022-05-19 13:00:00,49075.0
2022-05-19 14:00:00,49435.0
2022-05-19 15:00:00,49955.0
2022-05-19 16:00:00,49700.0
2022-05-19 17:00:00,49770.0
2022-05-19 18:00:00,49800.0
2022-05-19 19:00:00,49520.0
2022-05-19 20:00:00,49875.0
2022-05-19 22:00:00,49705.0
2022-05-19 23:00:00,49940.0
2022-05-20 00:00:00,49845.0
2022-05-20 01:00:00,50035.0
2022-05-20 02:00:00,49870.0
2022-05-20 03:00:00,49735.0
2022-05-20 04:00:00,49655.0
2022-05-20 05:00:00,49705.0
2022-05-20 06:00:00,49510.0
2022-05-20 07:00:00,49850.0
2022-05-20 08:00:00,49745.0
2022-05-20 09:00:00,49870.0
2022-05-20 10:00:00,50010.0
2022-05-20 11:00:00,50000.0
2022-05-20 12:00:00,49815.0
2022-05-20 13:00:00,49950.0
2022-05-20 14:00:00,49030.0
2022-05-20 15:00:00,48670.0
2022-05-20 16:00:00,48430.0
2022-05-20 17:00:00,48480.0
2022-05-20 18:00:00,48545.0
2022-05-20 19:00:00,48830.0
2022-05-20 20:00:00,48710.0
2022-05-22 22:00:00,49910.0
2022-05-22 23:00:00,49900.0
2022-05-23 00:00:00,49905.0
2022-05-23 01:00:00,49815.0
2022-05-23 02:00:00,49705.0
2022-05-23 03:00:00,49785.0
2022-05-23 04:00:00,49805.0
2022-05-23 05:00:00,48680.0
2022-05-23 06:00:00,50130.0
2022-05-23 07:00:00,50200.0
2022-05-23 08:00:00,49930.0
2022-05-23 09:00:00,49965.0
2022-05-23 10:00:00,50080.0
2022-05-23 11:00:00,50080.0
2022-05-23 12:00:00,50015.0
2022-05-23 13:00:00,49980.0
2022-05-23 14:00:00,49820.0
2022-05-23 15:00:00,50015.0
2022-05-23 16:00:00,49895.0
2022-05-23 17:00:00,49665.0
2022-05-23 18:00:00,49440.0
2022-05-23 19:00:00,48750.0
2022-05-23 20:00:00,48905.0
2022-05-23 22:00:00,48775.0
2022-05-23 23:00:00,48665.0
2022-05-24 00:00:00,48775.0
2022-05-24 01:00:00,48810.0
2022-05-24 02:00:00,48845.0
2022-05-24 03:00:00,48840.0
2022-05-24 04:00:00,48980.0
2022-05-24 05:00:00,48950.0
2022-05-24 06:00:00,48825.0
2022-05-24 07:00:00,49005.0
2022-05-24 08:00:00,48830.0
2022-05-24 09:00:00,48910.0
2022-05-24 11:00:00,48855.0
2022-05-24 12:00:00,48860.0
2022-05-24 13:00:00,48485.0
2022-05-24 14:00:00,48505.0
2022-05-24 15:00:00,48925.0
2022-05-24 16:00:00,48875.0
2022-05-24 17:00:00,48900.0
2022-05-24 18:00:00,48740.0
2022-05-24 19:00:00,48945.0
2022-05-24 20:00:00,48945.0
2022-05-24 22:00:00,49205.0
2022-05-24 23:00:00,49235.0
2022-05-25 00:00:00,49175.0
2022-05-25 01:00:00,49375.0
2022-05-25 02:00:00,49755.0
2022-05-25 03:00:00,49845.0
2022-05-25 04:00:00,49720.0
2022-05-25 05:00:00,49110.0
2022-05-25 06:00:00,49355.0
2022-05-25 07:00:00,49345.0
2022-05-25 08:00:00,49420.0
2022-05-25 09:00:00,49340.0
2022-05-25 10:00:00,49300.0
2022-05-25 11:00:00,48990.0
2022-05-25 12:00:00,49125.0
2022-05-25 13:00:00,49225.0
2022-05-25 14:00:00,49310.0
2022-05-25 15:00:00,49135.0
2022-05-25 16:00:00,49080.0
2022-05-25 17:00:00,49285.0
2022-05-25 18:00:00,49425.0
2022-05-25 19:00:00,49075.0
2022-05-25 20:00:00,49305.0
2022-05-25 22:00:00,49305.0
2022-05-25 23:00:00,49050.0
2022-05-26 00:00:00,49345.0
2022-05-26 01:00:00,49190.0
2022-05-26 02:00:00,49405.0
2022-05-26 03:00:00,49415.0
2022-05-26 04:00:00,49355.0
2022-05-26 05:00:00,48970.0
2022-05-26 06:00:00,49175.0
2022-05-26 07:00:00,49235.0
2022-05-26 08:00:00,48540.0
2022-05-26 09:00:00,48690.0
2022-05-26 10:00:00,48670.0
2022-05-26 11:00:00,48540.0
2022-05-26 12:00:00,48430.0
2022-05-26 13:00:00,48395.0
2022-05-26 14:00:00,48795.0
2022-05-26 15:00:00,48980.0
2022-05-26 16:00:00,49120.0
2022-05-26 17:00:00,49205.0
2022-05-26 18:00:00,49180.0
2022-05-26 19:00:00,48975.0
2022-05-26 20:00:00,49050.0
2022-05-26 22:00:00,49085.0
2022-05-26 23:00:00,48730.0
2022-05-27 00:00:00,48650.0
2022-05-27 01:00:00,48430.0
2022-05-27 02:00:00,48530.0
2022-05-27 03:00:00,48575.0
2022-05-27 04:00:00,48455.0
2022-05-27 05:00:00,48345.0
2022-05-27 06:00:00,48530.0
2022-05-27 07:00:00,48570.0
2022-05-27 08:00:00,48490.0
2022-05-27 09:00:00,48555.0
2022-05-27 10:00:00,48345.0
2022-05-27 11:00:00,48425.0
2022-05-27 12:00:00,48830.0
2022-05-27 13:00:00,48890.0
2022-05-27 14:00:00,48310.0
2022-05-27 15:00:00,48390.0
2022-05-27 16:00:00,48260.0
2022-05-27 17:00:00,47895.0
2022-05-27 18:00:00,47950.0
2022-05-27 19:00:00,48415.0
2022-05-27 20:00:00,48275.0
2022-05-29 22:00:00,49050.0
2022-05-29 23:00:00,49100.0
2022-05-30 00:00:00,48925.0
2022-05-30 01:00:00,49360.0
2022-05-30 02:00:00,49865.0
2022-05-30 03:00:00,49975.0
2022-05-30 04:00:00,49970.0
2022-05-30 05:00:00,50145.0
2022-05-30 06:00:00,50390.0
2022-05-30 07:00:00,50290.0
2022-05-30 08:00:00,50405.0
2022-05-30 09:00:00,50395.0
2022-05-30 10:00:00,50300.0
2022-05-30 11:00:00,50295.0
2022-05-30 12:00:00,50175.0
2022-05-30 13:00:00,50155.0
2022-05-30 14:00:00,50085.0
2022-05-30 15:00:00,50285.0
2022-05-30 16:00:00,50170.0
2022-05-30 17:00:00,50335.0
2022-05-30 18:00:00,50310.0
2022-05-30 19:00:00,50265.0
2022-05-30 20:00:00,50865.0
2022-05-30 22:00:00,51380.0
2022-05-30 23:00:00,51385.0
2022-05-31 00:00:00,51185.0
2022-05-31 01:00:00,51160.0
2022-05-31 02:00:00,51345.0
2022-05-31 03:00:00,51380.0
2022-05-31 04:00:00,51300.0
2022-05-31 05:00:00,51255.0
2022-05-31 06:00:00,51115.0
2022-05-31 07:00:00,51185.0
2022-05-31 08:00:00,51265.0
2022-05-31 09:00:00,51150.0
2022-05-31 10:00:00,51275.0
2022-05-31 11:00:00,51405.0
2022-05-31 12:00:00,51245.0
2022-05-31 13:00:00,50985.0
2022-05-31 14:00:00,51325.0
2022-05-31 15:00:00,51720.0
2022-05-31 16:00:00,51810.0
2022-05-31 17:00:00,51795.0
2022-05-31 18:00:00,51300.0
2022-05-31 19:00:00,51225.0
2022-05-31 20:00:00,51355.0
2022-05-31 22:00:00,51515.0
2022-05-31 23:00:00,51395.0
2022-06-01 00:00:00,51625.0
2022-06-01 01:00:00,51580.0
2022-06-01 02:00:00,51470.0
2022-06-01 03:00:00,51315.0
2022-06-01 04:00:00,51195.0
2022-06-01 05:00:00,51240.0
2022-06-01 06:00:00,51210.0
2022-06-01 07:00:00,51075.0
2022-06-01 08:00:00,51210.0
2022-06-01 09:00:00,51295.0
2022-06-01 10:00:00,51160.0
2022-06-01 11:00:00,51235.0
2022-06-01 12:00:00,51345.0
2022-06-01 13:00:00,51345.0
2022-06-01 14:00:00,50740.0
2022-06-01 15:00:00,50260.0
2022-06-01 16:00:00,49955.0
2022-06-01 17:00:00,49755.0
2022-06-01 18:00:00,49715.0
2022-06-01 19:00:00,49650.0
2022-06-01 20:00:00,49240.0
2022-06-01 22:00:00,49270.0
2022-06-01 23:00:00,49295.0
2022-06-02 00:00:00,49225.0
2022-06-02 01:00:00,49380.0
2022-06-02 02:00:00,49355.0
2022-06-02 03:00:00,49255.0
2022-06-02 04:00:00,49205.0
2022-06-02 05:00:00,49435.0
2022-06-02 06:00:00,49495.0
2022-06-02 07:00:00,49525.0
2022-06-02 08:00:00,49525.0
2022-06-02 09:00:00,49475.0
2022-06-02 10:00:00,49620.0
2022-06-02 11:00:00,49775.0
2022-06-02 12:00:00,49665.0
2022-06-02 13:00:00,49490.0
2022-06-02 14:00:00,49665.0
2022-06-02 15:00:00,49825.0
2022-06-02 16:00:00,49905.0
2022-06-02 17:00:00,49775.0
2022-06-02 18:00:00,49760.0
2022-06-02 19:00:00,49890.0
2022-06-02 20:00:00,49865.0
2022-06-02 22:00:00,50095.0
2022-06-02 23:00:00,50040.0
2022-06-03 00:00:00,49985.0
2022-06-03 01:00:00,50175.0
2022-06-03 02:00:00,50210.0
2022-06-03 03:00:00,50160.0
2022-06-03 04:00:00,50030.0
2022-06-03 05:00:00,49140.0
2022-06-03 06:00:00,50020.0
2022-06-03 07:00:00,49950.0
2022-06-03 08:00:00,50025.0
2022-06-03 09:00:00,49865.0
2022-06-03 10:00:00,49410.0
2022-06-03 11:00:00,49305.0
2022-06-03 12:00:00,49060.0
2022-06-03 13:00:00,49240.0
2022-06-03 14:00:00,49000.0
2022-06-03 15:00:00,49020.0
2022-06-03 16:00:00,49060.0
2022-06-03 17:00:00,49030.0
2022-06-03 18:00:00,49110.0
2022-06-03 19:00:00,49135.0
2022-06-03 20:00:00,49205.0
2022-06-05 22:00:00,49590.0
2022-06-05 23:00:00,49485.0
2022-06-06 00:00:00,49885.0
2022-06-06 01:00:00,50425.0
2022-06-06 02:00:00,50555.0
2022-06-06 03:00:00,50870.0
2022-06-06 04:00:00,50830.0
2022-06-06 05:00:00,50820.0
2022-06-06 06:00:00,50955.0
2022-06-06 07:00:00,50920.0
2022-06-06 08:00:00,51105.0
2022-06-06 09:00:00,51145.0
2022-06-06 10:00:00,51140.0
2022-06-06 11:00:00,51045.0
2022-06-06 12:00:00,51045.0
2022-06-06 13:00:00,51080.0
2022-06-06 14:00:00,51110.0
2022-06-06 15:00:00,51165.0
2022-06-06 16:00:00,50905.0
2022-06-06 17:00:00,50960.0
2022-06-06 18:00:00,50975.0
2022-06-06 19:00:00,51090.0
2022-06-06 20:00:00,51060.0
2022-06-06 22:00:00,51025.0
2022-06-06 23:00:00,50965.0
2022-06-07 00:00:00,49805.0
2022-06-07 01:00:00,49135.0
2022-06-07 02:00:00,48945.0
2022-06-07 03:00:00,49125.0
2022-06-07 04:00:00,49080.0
2022-06-07 05:00:00,49030.0
2022-06-07 06:00:00,49105.0
2022-06-07 07:00:00,49150.0
2022-06-07 08:00:00,49120.0
2022-06-07 09:00:00,49105.0
2022-06-07 10:00:00,49155.0
2022-06-07 11:00:00,49045.0
2022-06-07 12:00:00,49025.0
2022-06-07 13:00:00,49110.0
2022-06-07 14:00:00,49485.0
2022-06-07 15:00:00,49475.0
2022-06-07 16:00:00,49505.0
2022-06-07 17:00:00,49535.0
2022-06-07 18:00:00,49830.0
2022-06-07 19:00:00,50700.0
2022-06-07 20:00:00,51010.0
2022-06-07 22:00:00,50820.0
2022-06-07 23:00:00,50785.0
2022-06-08 00:00:00,50700.0
2022-06-08 01:00:00,50755.0
2022-06-08 02:00:00,50585.0
2022-06-08 03:00:00,49560.0
2022-06-08 04:00:00,49795.0
2022-06-08 05:00:00,49685.0
2022-06-08 06:00:00,50040.0
2022-06-08 07:00:00,50175.0
2022-06-08 08:00:00,50055.0
2022-06-08 09:00:00,50045.0
2022-06-08 10:00:00,49965.0
2022-06-08 11:00:00,50005.0
2022-06-08 12:00:00,49710.0
2022-06-08 13:00:00,50345.0
2022-06-08 14:00:00,49995.0
2022-06-08 15:00:00,50020.0
2022-06-08 16:00:00,49900.0
2022-06-08 17:00:00,49965.0
2022-06-08 18:00:00,49820.0
2022-06-08 19:00:00,49675.0
2022-06-08 20:00:00,49740.0
2022-06-08 22:00:00,49850.0
2022-06-08 23:00:00,49745.0
2022-06-09 00:00:00,49800.0
2022-06-09 01:00:00,49720.0
2022-06-09 02:00:00,49755.0
2022-06-09 03:00:00,49885.0
2022-06-09 04:00:00,49830.0
2022-06-09 05:00:00,49550.0
2022-06-09 06:00:00,49855.0
2022-06-09 07:00:00,50040.0
2022-06-09 08:00:00,50130.0
2022-06-09 09:00:00,50110.0
2022-06-09 10:00:00,50015.0
2022-06-09 11:00:00,49830.0
2022-06-09 12:00:00,49675.0
2022-06-09 13:00:00,49725.0
2022-06-09 14:00:00,49680.0
2022-06-09 15:00:00,49840.0
2022-06-09 16:00:00,49925.0
2022-06-09 17:00:00,49905.0
2022-06-09 18:00:00,49725.0
2022-06-09 19:00:00,49535.0
2022-06-09 20:00:00,49745.0
2022-06-09 22:00:00,49600.0
2022-06-09 23:00:00,49670.0
2022-06-10 00:00:00,49305.0
2022-06-10 01:00:00,49495.0
2022-06-10 02:00:00,49535.0
2022-06-10 03:00:00,49695.0
2022-06-10 04:00:00,49670.0
2022-06-10 05:00:00,48525.0
2022-06-10 06:00:00,49665.0
2022-06-10 07:00:00,49655.0
2022-06-10 08:00:00,49580.0
2022-06-10 09:00:00,49440.0
2022-06-10 10:00:00,49540.0
2022-06-10 11:00:00,49595.0
2022-06-10 12:00:00,49195.0
2022-06-10 13:00:00,48890.0
2022-06-10 14:00:00,49065.0
2022-06-10 15:00:00,48975.0
2022-06-10 16:00:00,48555.0
2022-06-10 17:00:00,48635.0
2022-06-10 18:00:00,48610.0
2022-06-10 19:00:00,48485.0
2022-06-10 20:00:00,48730.0
2022-06-12 22:00:00,46545.0
2022-06-12 23:00:00,46110.0
2022-06-13 00:00:00,45855.0
2022-06-13 01:00:00,45310.0
2022-06-13 02:00:00,44930.0
2022-06-13 03:00:00,45045.0
2022-06-13 04:00:00,44975.0
2022-06-13 05:00:00,42715.0
2022-06-13 06:00:00,44825.0
2022-06-13 07:00:00,44325.0
2022-06-13 08:00:00,43725.0
2022-06-13 09:00:00,43545.0
2022-06-13 10:00:00,43605.0
2022-06-13 11:00:00,43260.0
2022-06-13 12:00:00,43205.0
2022-06-13 13:00:00,43180.0
2022-06-13 14:00:00,42345.0
2022-06-13 15:00:00,42805.0
2022-06-13 16:00:00,43240.0
2022-06-13 17:00:00,43090.0
2022-06-13 18:00:00,43010.0
2022-06-13 19:00:00,42710.0
2022-06-13 20:00:00,42805.0
2022-06-13 22:00:00,42110.0
2022-06-13 23:00:00,42015.0
2022-06-14 00:00:00,41280.0
2022-06-14 01:00:00,40425.0
2022-06-14 02:00:00,41100.0
2022-06-14 03:00:00,41670.0
2022-06-14 04:00:00,41590.0
2022-06-14 05:00:00,41730.0
2022-06-14 06:00:00,42130.0
2022-06-14 07:00:00,42470.0
2022-06-14 08:00:00,42160.0
2022-06-14 09:00:00,41850.0
2022-06-14 10:00:00,41965.0
2022-06-14 11:00:00,41550.0
2022-06-14 12:00:00,41745.0
2022-06-14 13:00:00,41990.0
2022-06-14 14:00:00,42095.0
2022-06-14 15:00:00,42265.0
2022-06-14 16:00:00,42025.0
2022-06-14 17:00:00,41940.0
2022-06-14 18:00:00,41815.0
2022-06-14 19:00:00,41725.0
2022-06-14 20:00:00,41545.0
2022-06-14 22:00:00,41130.0
2022-06-14 23:00:00,41680.0
2022-06-15 00:00:00,41340.0
2022-06-15 01:00:00,41755.0
2022-06-15 02:00:00,41490.0
2022-06-15 03:00:00,40985.0
2022-06-15 04:00:00,40680.0
2022-06-15 05:00:00,40820.0
2022-06-15 06:00:00,40940.0
2022-06-15 07:00:00,40275.0
2022-06-15 08:00:00,39785.0
2022-06-15 09:00:00,39785.0
2022-06-15 10:00:00,40155.0
2022-06-15 11:00:00,40715.0
2022-06-15 12:00:00,40780.0
2022-06-15 13:00:00,41110.0
2022-06-15 14:00:00,40780.0
2022-06-15 15:00:00,40980.0
2022-06-15 16:00:00,40265.0
2022-06-15 17:00:00,40735.0
2022-06-15 18:00:00,41075.0
2022-06-15 19:00:00,41185.0
2022-06-15 20:00:00,41220.0
2022-06-15 22:00:00,42075.0
2022-06-15 23:00:00,42070.0
2022-06-16 00:00:00,42215.0
2022-06-16 01:00:00,41930.0
2022-06-16 02:00:00,42080.0
2022-06-16 03:00:00,41770.0
2022-06-16 04:00:00,41695.0
2022-06-16 05:00:00,40395.0
2022-06-16 06:00:00,41350.0
2022-06-16 07:00:00,41340.0
2022-06-16 08:00:00,41370.0
2022-06-16 09:00:00,40850.0
2022-06-16 10:00:00,40810.0
2022-06-16 11:00:00,40605.0
2022-06-16 12:00:00,40740.0
2022-06-16 13:00:00,40580.0
2022-06-16 14:00:00,40495.0
2022-06-16 15:00:00,40625.0
2022-06-16 16:00:00,40710.0
2022-06-16 17:00:00,40620.0
2022-06-16 18:00:00,40580.0
2022-06-16 19:00:00,40395.0
2022-06-16 20:00:00,40355.0
2022-06-16 22:00:00,39905.0
2022-06-16 23:00:00,39930.0
2022-06-17 00:00:00,39845.0
2022-06-17 01:00:00,40420.0
2022-06-17 02:00:00,40125.0
2022-06-17 03:00:00,39910.0
2022-06-17 04:00:00,40090.0
2022-06-17 05:00:00,40345.0
2022-06-17 06:00:00,40430.0
2022-06-17 07:00:00,40675.0
2022-06-17 08:00:00,40630.0
2022-06-17 09:00:00,40540.0
2022-06-17 10:00:00,40685.0
2022-06-17 11:00:00,40520.0
2022-06-17 12:00:00,40205.0
2022-06-17 13:00:00,40350.0
2022-06-17 14:00:00,40090.0
2022-06-17 15:00:00,40230.0
2022-06-17 16:00:00,40140.0
2022-06-17 17:00:00,40135.0
2022-06-17 18:00:00,40045.0
2022-06-17 19:00:00,40055.0
2022-06-17 20:00:00,40205.0
2022-06-19 22:00:00,40300.0
2022-06-19 23:00:00,40155.0
2022-06-20 00:00:00,39630.0
2022-06-20 01:00:00,39375.0
2022-06-20 02:00:00,39515.0
2022-06-20 03:00:00,39545.0
2022-06-20 04:00:00,39485.0
2022-06-20 05:00:00,39655.0
2022-06-20 06:00:00,39725.0
2022-06-20 07:00:00,39655.0
2022-06-20 08:00:00,40155.0
2022-06-20 09:00:00,40215.0
2022-06-20 10:00:00,40475.0
2022-06-20 11:00:00,40380.0
2022-06-20 12:00:00,40150.0
2022-06-20 13:00:00,40115.0
2022-06-20 14:00:00,40425.0
2022-06-20 15:00:00,40405.0
2022-06-20 16:00:00,39870.0
2022-06-20 17:00:00,39555.0
2022-06-20 18:00:00,39630.0
2022-06-20 19:00:00,39670.0
2022-06-20 20:00:00,40065.0
2022-06-20 22:00:00,40110.0
2022-06-20 23:00:00,40130.0
2022-06-21 00:00:00,40235.0
2022-06-21 01:00:00,40255.0
2022-06-21 02:00:00,40035.0
2022-06-21 03:00:00,40190.0
2022-06-21 04:00:00,40235.0
2022-06-21 05:00:00,40495.0
2022-06-21 06:00:00,40765.0
2022-06-21 07:00:00,40715.0
2022-06-21 08:00:00,40970.0
2022-06-21 09:00:00,40770.0
2022-06-21 10:00:00,40865.0
2022-06-21 11:00:00,40525.0
2022-06-21 12:00:00,40685.0
2022-06-21 13:00:00,41205.0
2022-06-21 14:00:00,41180.0
2022-06-21 15:00:00,40975.0
2022-06-21 16:00:00,40995.0
2022-06-21 17:00:00,40815.0
2022-06-21 18:00:00,40695.0
2022-06-21 19:00:00,40475.0
2022-06-21 20:00:00,40410.0
2022-06-21 22:00:00,40340.0
2022-06-21 23:00:00,40305.0
2022-06-22 00:00:00,40160.0
2022-06-22 01:00:00,40005.0
2022-06-22 02:00:00,40035.0
2022-06-22 03:00:00,39900.0
2022-06-22 04:00:00,40035.0
2022-06-22 05:00:00,39985.0
2022-06-22 06:00:00,39705.0
2022-06-22 07:00:00,39685.0
2022-06-22 08:00:00,39800.0
2022-06-22 09:00:00,40005.0
2022-06-22 10:00:00,40000.0
2022-06-22 11:00:00,40085.0
2022-06-22 12:00:00,39955.0
2022-06-22 13:00:00,40335.0
2022-06-22 14:00:00,40310.0
2022-06-22 15:00:00,39650.0
2022-06-22 16:00:00,39920.0
2022-06-22 17:00:00,39860.0
2022-06-22 18:00:00,39790.0
2022-06-22 19:00:00,39685.0
2022-06-22 20:00:00,39475.0
2022-06-22 22:00:00,39705.0
2022-06-22 23:00:00,39575.0
2022-06-23 00:00:00,40000.0
2022-06-23 01:00:00,39950.0
2022-06-23 02:00:00,39970.0
2022-06-23 03:00:00,39805.0
2022-06-23 04:00:00,39925.0
2022-06-23 05:00:00,39910.0
2022-06-23 06:00:00,40120.0
2022-06-23 07:00:00,40065.0
2022-06-23 08:00:00,40070.0
2022-06-23 09:00:00,40315.0
2022-06-23 10:00:00,40285.0
2022-06-23 11:00:00,40230.0
2022-06-23 12:00:00,40090.0
2022-06-23 13:00:00,39940.0
2022-06-23 14:00:00,40140.0
2022-06-23 15:00:00,39905.0
2022-06-23 16:00:00,39825.0
2022-06-23 17:00:00,39835.0
2022-06-23 18:00:00,39965.0
2022-06-23 19:00:00,40470.0
2022-06-23 20:00:00,40360.0
2022-06-23 22:00:00,40530.0
2022-06-23 23:00:00,40695.0
2022-06-24 00:00:00,40555.0
2022-06-24 01:00:00,40630.0
2022-06-24 02:00:00,40855.0
2022-06-24 03:00:00,40665.0
2022-06-24 04:00:00,40635.0
2022-06-24 05:00:00,40840.0
2022-06-24 06:00:00,40365.0
2022-06-24 07:00:00,40470.0
2022-06-24 08:00:00,40630.0
2022-06-24 09:00:00,40375.0
2022-06-24 10:00:00,40535.0
2022-06-24 11:00:00,40725.0
2022-06-24 12:00:00,40775.0
2022-06-24 13:00:00,40800.0
2022-06-24 14:00:00,40705.0
2022-06-24 15:00:00,40455.0
2022-06-24 16:00:00,40620.0
2022-06-24 17:00:00,40560.0
2022-06-24 18:00:00,40690.0
2022-06-24 19:00:00,40850.0
2022-06-24 20:00:00,40790.0
2022-06-26 22:00:00,40610.0
2022-06-26 23:00:00,40610.0
2022-06-27 00:00:00,40605.0
2022-06-27 01:00:00,40655.0
2022-06-27 02:00:00,40690.0
2022-06-27 03:00:00,40730.0
2022-06-27 04:00:00,40815.0
2022-06-27 05:00:00,40385.0
2022-06-27 06:00:00,40770.0
2022-06-27 07:00:00,40925.0
2022-06-27 08:00:00,41085.0
2022-06-27 09:00:00,41060.0
2022-06-27 10:00:00,41005.0
2022-06-27 11:00:00,40870.0
2022-06-27 12:00:00,40760.0
2022-06-27 13:00:00,40235.0
2022-06-27 14:00:00,40340.0
2022-06-27 15:00:00,40260.0
2022-06-27 16:00:00,40235.0
2022-06-27 17:00:00,40230.0
2022-06-27 18:00:00,40330.0
2022-06-27 19:00:00,40365.0
2022-06-27 20:00:00,40415.0
2022-06-27 22:00:00,40340.0
2022-06-27 23:00:00,40255.0
2022-06-28 00:00:00,40245.0
2022-06-28 01:00:00,40045.0
2022-06-28 02:00:00,40120.0
2022-06-28 03:00:00,40265.0
2022-06-28 04:00:00,40315.0
2022-06-28 05:00:00,40295.0
2022-06-28 06:00:00,40440.0
2022-06-28 07:00:00,40445.0
2022-06-28 08:00:00,40645.0
2022-06-28 09:00:00,40655.0
2022-06-28 10:00:00,40590.0
2022-06-28 11:00:00,40545.0
2022-06-28 12:00:00,40510.0
2022-06-28 13:00:00,40625.0
2022-06-28 14:00:00,40385.0
2022-06-28 15:00:00,40135.0
2022-06-28 16:00:00,40230.0
2022-06-28 17:00:00,40135.0
2022-06-28 18:00:00,39865.0
2022-06-28 19:00:00,39740.0
2022-06-28 20:00:00,39815.0
2022-06-28 22:00:00,39850.0
2022-06-28 23:00:00,39745.0
2022-06-29 00:00:00,39780.0
2022-06-29 01:00:00,39900.0
2022-06-29 02:00:00,39855.0
2022-06-29 03:00:00,39815.0
2022-06-29 04:00:00,39845.0
2022-06-29 05:00:00,39770.0
2022-06-29 06:00:00,39450.0
2022-06-29 07:00:00,39600.0
2022-06-29 08:00:00,39500.0
2022-06-29 09:00:00,39570.0
2022-06-29 10:00:00,39620.0
2022-06-29 11:00:00,39650.0
2022-06-29 12:00:00,39550.0
2022-06-29 13:00:00,39620.0
2022-06-29 14:00:00,39670.0
2022-06-29 15:00:00,39610.0
2022-06-29 16:00:00,39575.0
2022-06-29 17:00:00,39615.0
2022-06-29 18:00:00,39610.0
2022-06-29 19:00:00,39760.0
2022-06-29 20:00:00,39755.0
2022-06-29 22:00:00,39755.0
2022-06-29 23:00:00,39660.0
2022-06-30 00:00:00,39585.0
2022-06-30 01:00:00,39560.0
2022-06-30 02:00:00,39630.0
2022-06-30 03:00:00,39630.0
2022-06-30 04:00:00,39570.0
2022-06-30 05:00:00,39545.0
2022-06-30 06:00:00,38890.0
2022-06-30 07:00:00,38930.0
2022-06-30 08:00:00,38710.0
2022-06-30 09:00:00,38665.0
2022-06-30 10:00:00,38625.0
2022-06-30 11:00:00,38595.0
2022-06-30 12:00:00,38725.0
2022-06-30 13:00:00,38380.0
2022-06-30 14:00:00,38610.0
2022-06-30 15:00:00,38625.0
2022-06-30 16:00:00,38630.0
2022-06-30 17:00:00,38585.0
2022-06-30 18:00:00,38440.0
2022-06-30 19:00:00,38360.0
2022-06-30 20:00:00,38195.0
2022-06-30 22:00:00,38385.0
2022-06-30 23:00:00,39340.0
2022-07-01 00:00:00,39690.0
2022-07-01 01:00:00,39870.0
2022-07-01 02:00:00,39820.0
2022-07-01 03:00:00,39260.0
2022-07-01 04:00:00,38910.0
2022-07-01 05:00:00,38900.0
2022-07-01 06:00:00,38895.0
2022-07-01 07:00:00,39105.0
2022-07-01 08:00:00,39065.0
2022-07-01 09:00:00,38955.0
2022-07-01 10:00:00,38575.0
2022-07-01 11:00:00,38700.0
2022-07-01 12:00:00,38795.0
2022-07-01 13:00:00,39020.0
2022-07-01 14:00:00,38930.0
2022-07-01 15:00:00,38835.0
2022-07-01 16:00:00,38895.0
2022-07-01 17:00:00,39010.0
2022-07-01 18:00:00,38975.0
2022-07-01 19:00:00,38930.0
2022-07-01 20:00:00,38970.0
2022-07-03 22:00:00,38805.0
2022-07-03 23:00:00,38845.0
2022-07-04 00:00:00,38785.0
2022-07-04 01:00:00,38725.0
2022-07-04 02:00:00,38610.0
2022-07-04 03:00:00,38650.0
2022-07-04 04:00:00,38645.0
2022-07-04 05:00:00,38655.0
2022-07-04 06:00:00,38610.0
2022-07-04 07:00:00,38635.0
2022-07-04 08:00:00,38655.0
2022-07-04 09:00:00,38905.0
2022-07-04 10:00:00,39020.0
2022-07-04 11:00:00,39335.0
2022-07-04 12:00:00,39270.0
2022-07-04 13:00:00,39115.0
2022-07-04 14:00:00,39160.0
2022-07-04 15:00:00,39370.0
2022-07-04 16:00:00,39280.0
2022-07-04 17:00:00,39465.0
2022-07-04 18:00:00,39445.0
2022-07-04 19:00:00,39355.0
2022-07-04 20:00:00,39325.0
2022-07-04 22:00:00,39700.0
2022-07-04 23:00:00,39775.0
2022-07-05 00:00:00,39965.0
2022-07-05 01:00:00,39845.0
2022-07-05 02:00:00,39725.0
2022-07-05 03:00:00,39855.0
2022-07-05 04:00:00,39805.0
2022-07-05 05:00:00,39855.0
2022-07-05 06:00:00,39920.0
2022-07-05 07:00:00,39770.0
2022-07-05 08:00:00,39450.0
2022-07-05 09:00:00,39300.0
2022-07-05 10:00:00,39255.0
2022-07-05 11:00:00,39040.0
2022-07-05 12:00:00,38890.0
2022-07-05 13:00:00,38915.0
2022-07-05 14:00:00,39000.0
2022-07-05 15:00:00,39060.0
2022-07-05 16:00:00,39080.0
2022-07-05 17:00:00,39265.0
2022-07-05 18:00:00,39675.0
2022-07-05 19:00:00,40005.0
2022-07-05 20:00:00,40080.0
2022-07-05 22:00:00,40005.0
2022-07-05 23:00:00,39780.0
2022-07-06 00:00:00,39830.0
2022-07-06 01:00:00,39450.0
2022-07-06 02:00:00,39440.0
2022-07-06 03:00:00,39490.0
2022-07-06 04:00:00,39610.0
2022-07-06 05:00:00,39575.0
2022-07-06 06:00:00,39650.0
2022-07-06 07:00:00,39720.0
2022-07-06 08:00:00,39760.0
2022-07-06 09:00:00,39730.0
2022-07-06 10:00:00,39665.0
2022-07-06 11:00:00,39660.0
2022-07-06 12:00:00,39710.0
2022-07-06 13:00:00,39780.0
2022-07-06 14:00:00,39725.0
2022-07-06 15:00:00,39680.0
2022-07-06 16:00:00,39845.0
2022-07-06 17:00:00,39855.0
2022-07-06 18:00:00,39930.0
2022-07-06 19:00:00,39885.0
2022-07-06 20:00:00,39970.0
2022-07-06 22:00:00,40085.0
2022-07-06 23:00:00,40110.0
2022-07-07 00:00:00,40140.0
2022-07-07 01:00:00,40095.0
2022-07-07 02:00:00,40005.0
2022-07-07 03:00:00,40025.0
2022-07-07 04:00:00,39950.0
2022-07-07 05:00:00,39835.0
2022-07-07 06:00:00,39915.0
2022-07-07 07:00:00,40000.0
2022-07-07 08:00:00,40110.0
2022-07-07 09:00:00,40125.0
2022-07-07 10:00:00,40060.0
2022-07-07 11:00:00,40085.0
2022-07-07 12:00:00,39975.0
2022-07-07 13:00:00,40130.0
2022-07-07 14:00:00,40505.0
2022-07-07 15:00:00,40475.0
2022-07-07 16:00:00,40660.0
2022-07-07 17:00:00,40485.0
2022-07-07 18:00:00,40960.0
2022-07-07 19:00:00,41450.0
2022-07-07 20:00:00,41200.0
2022-07-07 22:00:00,41215.0
2022-07-07 23:00:00,41215.0
2022-07-08 00:00:00,41320.0
2022-07-08 01:00:00,41710.0
2022-07-08 02:00:00,41580.0
2022-07-08 03:00:00,41705.0
2022-07-08 04:00:00,41580.0
2022-07-08 05:00:00,41440.0
2022-07-08 06:00:00,41425.0
2022-07-08 07:00:00,41395.0
2022-07-08 08:00:00,41035.0
2022-07-08 09:00:00,41145.0
2022-07-08 10:00:00,41120.0
2022-07-08 11:00:00,41160.0
2022-07-08 12:00:00,40970.0
2022-07-08 13:00:00,40830.0
2022-07-08 14:00:00,41315.0
2022-07-08 15:00:00,41535.0
2022-07-08 16:00:00,41270.0
2022-07-08 17:00:00,41300.0
2022-07-08 18:00:00,41290.0
2022-07-08 19:00:00,41370.0
2022-07-08 20:00:00,41435.0
2022-07-10 22:00:00,40395.0
2022-07-10 23:00:00,40395.0
2022-07-11 00:00:00,40345.0
2022-07-11 01:00:00,40080.0
2022-07-11 02:00:00,40100.0
2022-07-11 03:00:00,40065.0
2022-07-11 04:00:00,40075.0
2022-07-11 05:00:00,40050.0
2022-07-11 06:00:00,39965.0
2022-07-11 07:00:00,39965.0
2022-07-11 08:00:00,40055.0
2022-07-11 09:00:00,40080.0
2022-07-11 10:00:00,40050.0
2022-07-11 11:00:00,40000.0
2022-07-11 12:00:00,40155.0
2022-07-11 13:00:00,39930.0
2022-07-11 14:00:00,39940.0
2022-07-11 15:00:00,39970.0
2022-07-11 16:00:00,39955.0
2022-07-11 17:00:00,40190.0
2022-07-11 18:00:00,40125.0
2022-07-11 19:00:00,40050.0
2022-07-11 20:00:00,39960.0
2022-07-11 22:00:00,39585.0
2022-07-11 23:00:00,39500.0
2022-07-12 00:00:00,39355.0
2022-07-12 01:00:00,39425.0
2022-07-12 02:00:00,39510.0
2022-07-12 03:00:00,39490.0
2022-07-12 04:00:00,39540.0
2022-07-12 05:00:00,38900.0
2022-07-12 06:00:00,39395.0
2022-07-12 07:00:00,39260.0
2022-07-12 08:00:00,39305.0
2022-07-12 09:00:00,39125.0
2022-07-12 10:00:00,39160.0
2022-07-12 11:00:00,39345.0
2022-07-12 12:00:00,39430.0
2022-07-12 13:00:00,39315.0
2022-07-12 14:00:00,39470.0
2022-07-12 15:00:00,39445.0
2022-07-12 16:00:00,39445.0
2022-07-12 17:00:00,39425.0
2022-07-12 18:00:00,39260.0
2022-07-12 19:00:00,38915.0
2022-07-12 20:00:00,38950.0
2022-07-12 22:00:00,38875.0
2022-07-12 23:00:00,38845.0
2022-07-13 00:00:00,38965.0
2022-07-13 01:00:00,38965.0
2022-07-13 02:00:00,39050.0
2022-07-13 03:00:00,39010.0
2022-07-13 04:00:00,39015.0
2022-07-13 05:00:00,39045.0
2022-07-13 06:00:00,39075.0
2022-07-13 07:00:00,39250.0
2022-07-13 08:00:00,39385.0
2022-07-13 09:00:00,39330.0
2022-07-13 10:00:00,39315.0
2022-07-13 11:00:00,39375.0
2022-07-13 12:00:00,38705.0
2022-07-13 13:00:00,38835.0
2022-07-13 14:00:00,39120.0
2022-07-13 15:00:00,39000.0
2022-07-13 16:00:00,39180.0
2022-07-13 17:00:00,39425.0
2022-07-13 18:00:00,39380.0
2022-07-13 19:00:00,39180.0
2022-07-13 20:00:00,39200.0
2022-07-13 22:00:00,39395.0
2022-07-13 23:00:00,39795.0
2022-07-14 00:00:00,39885.0
2022-07-14 01:00:00,39825.0
2022-07-14 02:00:00,39785.0
2022-07-14 03:00:00,39770.0
2022-07-14 04:00:00,39635.0
2022-07-14 05:00:00,39635.0
2022-07-14 06:00:00,39595.0
2022-07-14 07:00:00,39555.0
2022-07-14 08:00:00,39300.0
2022-07-14 09:00:00,39365.0
2022-07-14 10:00:00,39340.0
2022-07-14 11:00:00,39285.0
2022-07-14 12:00:00,39345.0
2022-07-14 13:00:00,39340.0
2022-07-14 14:00:00,39435.0
2022-07-14 15:00:00,39955.0
2022-07-14 16:00:00,39795.0
2022-07-14 17:00:00,40320.0
2022-07-14 18:00:00,40295.0
2022-07-14 19:00:00,40195.0
2022-07-14 20:00:00,40255.0
2022-07-14 22:00:00,40090.0
2022-07-14 23:00:00,40165.0
2022-07-15 00:00:00,40000.0
2022-07-15 01:00:00,40205.0
2022-07-15 02:00:00,40085.0
2022-07-15 03:00:00,40185.0
2022-07-15 04:00:00,40115.0
2022-07-15 05:00:00,40205.0
2022-07-15 06:00:00,40170.0
2022-07-15 07:00:00,40365.0
2022-07-15 08:00:00,40460.0
2022-07-15 09:00:00,40480.0
2022-07-15 10:00:00,40460.0
2022-07-15 11:00:00,40345.0
2022-07-15 12:00:00,40575.0
2022-07-15 13:00:00,40430.0
2022-07-15 14:00:00,40480.0
2022-07-15 15:00:00,40365.0
2022-07-15 16:00:00,40340.0
2022-07-15 17:00:00,40370.0
2022-07-15 18:00:00,40640.0
2022-07-15 19:00:00,40765.0
2022-07-15 20:00:00,40545.0
2022-07-17 22:00:00,40610.0
2022-07-17 23:00:00,40325.0
2022-07-18 00:00:00,40420.0
2022-07-18 01:00:00,40600.0
2022-07-18 02:00:00,40945.0
2022-07-18 03:00:00,40860.0
2022-07-18 04:00:00,40850.0
2022-07-18 05:00:00,41470.0
2022-07-18 06:00:00,41810.0
2022-07-18 07:00:00,41865.0
2022-07-18 08:00:00,41915.0
2022-07-18 09:00:00,41850.0
2022-07-18 10:00:00,41820.0
2022-07-18 11:00:00,41740.0
2022-07-18 12:00:00,41900.0
2022-07-18 13:00:00,41730.0
2022-07-18 14:00:00,41830.0
2022-07-18 15:00:00,42275.0
2022-07-18 16:00:00,41805.0
2022-07-18 17:00:00,41460.0
2022-07-18 18:00:00,41420.0
2022-07-18 19:00:00,41215.0
2022-07-18 20:00:00,41125.0
2022-07-18 22:00:00,41380.0
2022-07-18 23:00:00,42025.0
2022-07-19 00:00:00,41905.0
2022-07-19 01:00:00,41635.0
2022-07-19 02:00:00,41700.0
2022-07-19 03:00:00,41405.0
2022-07-19 04:00:00,41510.0
2022-07-19 05:00:00,43045.0
2022-07-19 06:00:00,41325.0
2022-07-19 07:00:00,41365.0
2022-07-19 08:00:00,41520.0
2022-07-19 09:00:00,41500.0
2022-07-19 10:00:00,41600.0
2022-07-19 11:00:00,41575.0
2022-07-19 12:00:00,41785.0
2022-07-19 13:00:00,41885.0
2022-07-19 14:00:00,42265.0
2022-07-19 15:00:00,42760.0
2022-07-19 16:00:00,42870.0
2022-07-19 17:00:00,43110.0
2022-07-19 18:00:00,43010.0
2022-07-19 19:00:00,43045.0
2022-07-19 20:00:00,42900.0
2022-07-19 22:00:00,43105.0
2022-07-19 23:00:00,42990.0
2022-07-20 00:00:00,42690.0
2022-07-20 01:00:00,42875.0
2022-07-20 02:00:00,42985.0
2022-07-20 03:00:00,43030.0
2022-07-20 04:00:00,43000.0
2022-07-20 05:00:00,43280.0
2022-07-20 06:00:00,43400.0
2022-07-20 07:00:00,43005.0
2022-07-20 08:00:00,42975.0
2022-07-20 09:00:00,43140.0
2022-07-20 10:00:00,43320.0
2022-07-20 11:00:00,43340.0
2022-07-20 12:00:00,43405.0
2022-07-20 13:00:00,43385.0
2022-07-20 14:00:00,43820.0
2022-07-20 15:00:00,43800.0
2022-07-20 16:00:00,43345.0
2022-07-20 17:00:00,43145.0
2022-07-20 18:00:00,43370.0
2022-07-20 19:00:00,43285.0
2022-07-20 20:00:00,42825.0
2022-07-20 22:00:00,42955.0
2022-07-20 23:00:00,42825.0
2022-07-21 00:00:00,42855.0
2022-07-21 01:00:00,42795.0
2022-07-21 02:00:00,42305.0
2022-07-21 03:00:00,42345.0
2022-07-21 04:00:00,42485.0
2022-07-21 05:00:00,42815.0
2022-07-21 06:00:00,42405.0
2022-07-21 07:00:00,42520.0
2022-07-21 08:00:00,42445.0
2022-07-21 09:00:00,42600.0
2022-07-21 10:00:00,42460.0
2022-07-21 11:00:00,42215.0
2022-07-21 12:00:00,42420.0
2022-07-21 13:00:00,42300.0
2022-07-21 14:00:00,42165.0
2022-07-21 15:00:00,42255.0
2022-07-21 16:00:00,42655.0
2022-07-21 17:00:00,42460.0
2022-07-21 18:00:00,42535.0
2022-07-21 19:00:00,42830.0
2022-07-21 20:00:00,42760.0
2022-07-21 22:00:00,42610.0
2022-07-21 23:00:00,42790.0
2022-07-22 00:00:00,42910.0
2022-07-22 01:00:00,42770.0
2022-07-22 02:00:00,42650.0
2022-07-22 03:00:00,42510.0
2022-07-22 04:00:00,42510.0
2022-07-22 05:00:00,42180.0
2022-07-22 06:00:00,42740.0
2022-07-22 07:00:00,42725.0
2022-07-22 08:00:00,42810.0
2022-07-22 09:00:00,43165.0
2022-07-22 10:00:00,43065.0
2022-07-22 11:00:00,43160.0
2022-07-22 12:00:00,43290.0
2022-07-22 13:00:00,43080.0
2022-07-22 14:00:00,43160.0
2022-07-22 15:00:00,42875.0
2022-07-22 16:00:00,42710.0
2022-07-22 17:00:00,42560.0
2022-07-22 18:00:00,42620.0
2022-07-22 19:00:00,42200.0
2022-07-22 20:00:00,42120.0
2022-07-24 22:00:00,42525.0
2022-07-24 23:00:00,42260.0
2022-07-25 00:00:00,41915.0
2022-07-25 01:00:00,41760.0
2022-07-25 02:00:00,41570.0
2022-07-25 03:00:00,41380.0
2022-07-25 04:00:00,41490.0
2022-07-25 05:00:00,41450.0
2022-07-25 06:00:00,41440.0
2022-07-25 07:00:00,41550.0
2022-07-25 08:00:00,41625.0
2022-07-25 09:00:00,41630.0
2022-07-25 10:00:00,41660.0
2022-07-25 11:00:00,41535.0
2022-07-25 12:00:00,41525.0
2022-07-25 13:00:00,41490.0
2022-07-25 14:00:00,41465.0
2022-07-25 15:00:00,41495.0
2022-07-25 16:00:00,41590.0
2022-07-25 17:00:00,41480.0
2022-07-25 18:00:00,41480.0
2022-07-25 19:00:00,41370.0
2022-07-25 20:00:00,41770.0
2022-07-25 22:00:00,41210.0
2022-07-25 23:00:00,40880.0
2022-07-26 00:00:00,40560.0
2022-07-26 01:00:00,40730.0
2022-07-26 02:00:00,40665.0
2022-07-26 03:00:00,40685.0
2022-07-26 04:00:00,40770.0
2022-07-26 05:00:00,40500.0
2022-07-26 06:00:00,40655.0
2022-07-26 07:00:00,40660.0
2022-07-26 08:00:00,40680.0
2022-07-26 09:00:00,40700.0
2022-07-26 10:00:00,40655.0
2022-07-26 11:00:00,40690.0
2022-07-26 12:00:00,40580.0
2022-07-26 13:00:00,40530.0
2022-07-26 14:00:00,40500.0
2022-07-26 15:00:00,40345.0
2022-07-26 16:00:00,40515.0
2022-07-26 17:00:00,40500.0
2022-07-26 18:00:00,40440.0
2022-07-26 19:00:00,40500.0
2022-07-26 20:00:00,40530.0
2022-07-26 22:00:00,40705.0
2022-07-26 23:00:00,40830.0
2022-07-27 00:00:00,40725.0
2022-07-27 01:00:00,40795.0
2022-07-27 02:00:00,40745.0
2022-07-27 03:00:00,40630.0
2022-07-27 04:00:00,40715.0
2022-07-27 05:00:00,40820.0
2022-07-27 06:00:00,40860.0
2022-07-27 07:00:00,40945.0
2022-07-27 08:00:00,40945.0
2022-07-27 09:00:00,40845.0
2022-07-27 10:00:00,40900.0
2022-07-27 11:00:00,40770.0
2022-07-27 12:00:00,40900.0
2022-07-27 13:00:00,41040.0
2022-07-27 14:00:00,41050.0
2022-07-27 15:00:00,41115.0
2022-07-27 16:00:00,41135.0
2022-07-27 17:00:00,41280.0
2022-07-27 18:00:00,42125.0
2022-07-27 19:00:00,42440.0
2022-07-27 20:00:00,42395.0
2022-07-27 22:00:00,42535.0
2022-07-27 23:00:00,42570.0
2022-07-28 00:00:00,42395.0
2022-07-28 01:00:00,42420.0
2022-07-28 02:00:00,42915.0
2022-07-28 03:00:00,42765.0
2022-07-28 04:00:00,42705.0
2022-07-28 05:00:00,43505.0
2022-07-28 06:00:00,42665.0
2022-07-28 07:00:00,42550.0
2022-07-28 08:00:00,42555.0
2022-07-28 09:00:00,42610.0
2022-07-28 10:00:00,42640.0
2022-07-28 11:00:00,42760.0
2022-07-28 12:00:00,42640.0
2022-07-28 13:00:00,42495.0
2022-07-28 14:00:00,42720.0
2022-07-28 15:00:00,43425.0
2022-07-28 16:00:00,43445.0
2022-07-28 17:00:00,43675.0
2022-07-28 18:00:00,43530.0
2022-07-28 19:00:00,43525.0
2022-07-28 20:00:00,43705.0
2022-07-28 22:00:00,43680.0
2022-07-28 23:00:00,43585.0
2022-07-29 00:00:00,43610.0
2022-07-29 01:00:00,43550.0
2022-07-29 02:00:00,43535.0
2022-07-29 03:00:00,43665.0
2022-07-29 04:00:00,43705.0
2022-07-29 05:00:00,43685.0
2022-07-29 06:00:00,43680.0
2022-07-29 07:00:00,43675.0
2022-07-29 08:00:00,43630.0
2022-07-29 09:00:00,43785.0
2022-07-29 10:00:00,43755.0
2022-07-29 11:00:00,43445.0
2022-07-29 12:00:00,43240.0
2022-07-29 13:00:00,43415.0
2022-07-29 14:00:00,43720.0
2022-07-29 15:00:00,43715.0
2022-07-29 16:00:00,43550.0
2022-07-29 17:00:00,43495.0
2022-07-29 18:00:00,43625.0
2022-07-29 19:00:00,43600.0
2022-07-29 20:00:00,43675.0
2022-07-31 22:00:00,42965.0
2022-07-31 23:00:00,42960.0
2022-08-01 00:00:00,43025.0
2022-08-01 01:00:00,43090.0
2022-08-01 02:00:00,43080.0
2022-08-01 03:00:00,42990.0
2022-08-01 04:00:00,43050.0
2022-08-01 05:00:00,42955.0
2022-08-01 06:00:00,42865.0
2022-08-01 07:00:00,42975.0
2022-08-01 08:00:00,42950.0
2022-08-01 09:00:00,42955.0
2022-08-01 10:00:00,42665.0
2022-08-01 11:00:00,42875.0
2022-08-01 12:00:00,42810.0
2022-08-01 13:00:00,42900.0
2022-08-01 14:00:00,43075.0
2022-08-01 15:00:00,43000.0
2022-08-01 16:00:00,42865.0
2022-08-01 17:00:00,42605.0
2022-08-01 18:00:00,42605.0
2022-08-01 19:00:00,42590.0
2022-08-01 20:00:00,42730.0
2022-08-01 22:00:00,42820.0
2022-08-01 23:00:00,42940.0
2022-08-02 00:00:00,42845.0
2022-08-02 01:00:00,42635.0
2022-08-02 02:00:00,42510.0
2022-08-02 03:00:00,42470.0
2022-08-02 04:00:00,42475.0
2022-08-02 05:00:00,42580.0
2022-08-02 06:00:00,42505.0
2022-08-02 07:00:00,42450.0
2022-08-02 08:00:00,42445.0
2022-08-02 09:00:00,42315.0
2022-08-02 10:00:00,42445.0
2022-08-02 11:00:00,42490.0
2022-08-02 12:00:00,42320.0
2022-08-02 13:00:00,42375.0
2022-08-02 14:00:00,42670.0
2022-08-02 15:00:00,42615.0
2022-08-02 16:00:00,42990.0
2022-08-02 17:00:00,42820.0
2022-08-02 18:00:00,42620.0
2022-08-02 19:00:00,42570.0
2022-08-02 20:00:00,42630.0
2022-08-02 22:00:00,42730.0
2022-08-02 23:00:00,42540.0
2022-08-03 00:00:00,42380.0
2022-08-03 01:00:00,42400.0
2022-08-03 02:00:00,42365.0
2022-08-03 03:00:00,42415.0
2022-08-03 04:00:00,42465.0
2022-08-03 05:00:00,42550.0
2022-08-03 06:00:00,42650.0
2022-08-03 07:00:00,42600.0
2022-08-03 08:00:00,42920.0
2022-08-03 09:00:00,43035.0
2022-08-03 10:00:00,43065.0
2022-08-03 11:00:00,43065.0
2022-08-03 12:00:00,42920.0
2022-08-03 13:00:00,42980.0
2022-08-03 14:00:00,42950.0
2022-08-03 15:00:00,42970.0
2022-08-03 16:00:00,43115.0
2022-08-03 17:00:00,43100.0
2022-08-03 18:00:00,43160.0
2022-08-03 19:00:00,43130.0
2022-08-03 20:00:00,42960.0
2022-08-03 22:00:00,42590.0
2022-08-03 23:00:00,42430.0
2022-08-04 00:00:00,42645.0
2022-08-04 01:00:00,42830.0
2022-08-04 02:00:00,42745.0
2022-08-04 03:00:00,42670.0
2022-08-04 04:00:00,42715.0
2022-08-04 05:00:00,42765.0
2022-08-04 06:00:00,42520.0
2022-08-04 07:00:00,42550.0
2022-08-04 08:00:00,42405.0
2022-08-04 09:00:00,42485.0
2022-08-04 10:00:00,42475.0
2022-08-04 11:00:00,42505.0
2022-08-04 12:00:00,42515.0
2022-08-04 13:00:00,42675.0
2022-08-04 14:00:00,42535.0
2022-08-04 15:00:00,42530.0
2022-08-04 16:00:00,42175.0
2022-08-04 17:00:00,42220.0
2022-08-04 18:00:00,42140.0
2022-08-04 19:00:00,42015.0
2022-08-04 20:00:00,42090.0
2022-08-04 22:00:00,42230.0
2022-08-04 23:00:00,42210.0
2022-08-05 00:00:00,42245.0
2022-08-05 01:00:00,42520.0
2022-08-05 02:00:00,42670.0
2022-08-05 03:00:00,42850.0
2022-08-05 04:00:00,42800.0
2022-08-05 05:00:00,42840.0
2022-08-05 06:00:00,42895.0
2022-08-05 07:00:00,42830.0
2022-08-05 08:00:00,42765.0
2022-08-05 09:00:00,42810.0
2022-08-05 10:00:00,42805.0
2022-08-05 11:00:00,43045.0
2022-08-05 12:00:00,42635.0
2022-08-05 13:00:00,42675.0
2022-08-05 14:00:00,42810.0
2022-08-05 15:00:00,42615.0
2022-08-05 16:00:00,42625.0
2022-08-05 17:00:00,42425.0
2022-08-05 18:00:00,42395.0
2022-08-05 19:00:00,42525.0
2022-08-05 20:00:00,42610.0
2022-08-07 22:00:00,42850.0
2022-08-07 23:00:00,42795.0
2022-08-08 00:00:00,42870.0
2022-08-08 01:00:00,42815.0
2022-08-08 02:00:00,42930.0
2022-08-08 03:00:00,42935.0
2022-08-08 04:00:00,42935.0
2022-08-08 05:00:00,43565.0
2022-08-08 06:00:00,43405.0
2022-08-08 07:00:00,43495.0
2022-08-08 08:00:00,43825.0
2022-08-08 09:00:00,43750.0
2022-08-08 10:00:00,43720.0
2022-08-08 11:00:00,43810.0
2022-08-08 12:00:00,43810.0
2022-08-08 13:00:00,43830.0
2022-08-08 14:00:00,43825.0
2022-08-08 15:00:00,43640.0
2022-08-08 16:00:00,43560.0
2022-08-08 17:00:00,43600.0
2022-08-08 18:00:00,43540.0
2022-08-08 19:00:00,43550.0
2022-08-08 20:00:00,43685.0
2022-08-08 22:00:00,43395.0
2022-08-08 23:00:00,43400.0
2022-08-09 00:00:00,43410.0
2022-08-09 01:00:00,43340.0
2022-08-09 02:00:00,43405.0
2022-08-09 03:00:00,43440.0
2022-08-09 04:00:00,43470.0
2022-08-09 05:00:00,42640.0
2022-08-09 06:00:00,43475.0
2022-08-09 07:00:00,43490.0
2022-08-09 08:00:00,43425.0
2022-08-09 09:00:00,43080.0
2022-08-09 10:00:00,42950.0
2022-08-09 11:00:00,42855.0
2022-08-09 12:00:00,42810.0
2022-08-09 13:00:00,42630.0
2022-08-09 14:00:00,42660.0
2022-08-09 15:00:00,42630.0
2022-08-09 16:00:00,42620.0
2022-08-09 17:00:00,42630.0
2022-08-09 18:00:00,42640.0
2022-08-09 19:00:00,42620.0
2022-08-09 20:00:00,42690.0
2022-08-09 22:00:00,42725.0
2022-08-09 23:00:00,42720.0
2022-08-10 00:00:00,42300.0
2022-08-10 01:00:00,42470.0
2022-08-10 02:00:00,42420.0
2022-08-10 03:00:00,42455.0
2022-08-10 04:00:00,42555.0
2022-08-10 05:00:00,43235.0
2022-08-10 06:00:00,42515.0
2022-08-10 07:00:00,42505.0
2022-08-10 08:00:00,42715.0
2022-08-10 09:00:00,42665.0
2022-08-10 10:00:00,42625.0
2022-08-10 11:00:00,42685.0
2022-08-10 12:00:00,43615.0
2022-08-10 13:00:00,43655.0
2022-08-10 14:00:00,43675.0
2022-08-10 15:00:00,43675.0
2022-08-10 16:00:00,43625.0
2022-08-10 17:00:00,43530.0
2022-08-10 18:00:00,43215.0
2022-08-10 19:00:00,43245.0
2022-08-10 20:00:00,43495.0
2022-08-10 22:00:00,43450.0
2022-08-10 23:00:00,43565.0
2022-08-11 00:00:00,43690.0
2022-08-11 01:00:00,44060.0
2022-08-11 02:00:00,43885.0
2022-08-11 03:00:00,43960.0
2022-08-11 04:00:00,44125.0
2022-08-11 05:00:00,44240.0
2022-08-11 06:00:00,44205.0
2022-08-11 07:00:00,44090.0
2022-08-11 08:00:00,44150.0
2022-08-11 09:00:00,44095.0
2022-08-11 10:00:00,44130.0
2022-08-11 11:00:00,44245.0
2022-08-11 12:00:00,44520.0
2022-08-11 13:00:00,44370.0
2022-08-11 14:00:00,44200.0
2022-08-11 15:00:00,43975.0
2022-08-11 16:00:00,43980.0
2022-08-11 17:00:00,43970.0
2022-08-11 18:00:00,43775.0
2022-08-11 19:00:00,43860.0
2022-08-11 20:00:00,43825.0
2022-08-11 22:00:00,43495.0
2022-08-11 23:00:00,43555.0
2022-08-12 00:00:00,43605.0
2022-08-12 01:00:00,43525.0
2022-08-12 02:00:00,43660.0
2022-08-12 03:00:00,43630.0
2022-08-12 04:00:00,43545.0
2022-08-12 05:00:00,43560.0
2022-08-12 06:00:00,43505.0
2022-08-12 07:00:00,43525.0
2022-08-12 08:00:00,43555.0
2022-08-12 09:00:00,43585.0
2022-08-12 10:00:00,43350.0
2022-08-12 11:00:00,43305.0
2022-08-12 12:00:00,43375.0
2022-08-12 13:00:00,43390.0
2022-08-12 14:00:00,43425.0
2022-08-12 15:00:00,43605.0
2022-08-12 16:00:00,43620.0
2022-08-12 17:00:00,43635.0
2022-08-12 18:00:00,43760.0
2022-08-12 19:00:00,43795.0
2022-08-12 20:00:00,43890.0
2022-08-14 22:00:00,43915.0
2022-08-14 23:00:00,43915.0
2022-08-15 00:00:00,44030.0
2022-08-15 01:00:00,44285.0
2022-08-15 02:00:00,44560.0
2022-08-15 03:00:00,44510.0
2022-08-15 04:00:00,44495.0
2022-08-15 05:00:00,43580.0
2022-08-15 06:00:00,43740.0
2022-08-15 07:00:00,43645.0
2022-08-15 08:00:00,43615.0
2022-08-15 09:00:00,43730.0
2022-08-15 10:00:00,43855.0
2022-08-15 11:00:00,43650.0
2022-08-15 12:00:00,43555.0
2022-08-15 13:00:00,43760.0
2022-08-15 14:00:00,43685.0
2022-08-15 15:00:00,43830.0
2022-08-15 16:00:00,43875.0
2022-08-15 17:00:00,43695.0
2022-08-15 18:00:00,43680.0
2022-08-15 19:00:00,43570.0
2022-08-15 20:00:00,43710.0
2022-08-15 22:00:00,43645.0
2022-08-15 23:00:00,43695.0
2022-08-16 00:00:00,43715.0
2022-08-16 01:00:00,43810.0
2022-08-16 02:00:00,43645.0
2022-08-16 03:00:00,43705.0
2022-08-16 04:00:00,43570.0
2022-08-16 05:00:00,43525.0
2022-08-16 06:00:00,43610.0
2022-08-16 07:00:00,43650.0
2022-08-16 08:00:00,43585.0
2022-08-16 09:00:00,43715.0
2022-08-16 10:00:00,43645.0
2022-08-16 11:00:00,43645.0
2022-08-16 12:00:00,43515.0
2022-08-16 13:00:00,43470.0
2022-08-16 14:00:00,43255.0
2022-08-16 15:00:00,43475.0
2022-08-16 16:00:00,43375.0
2022-08-16 17:00:00,43440.0
2022-08-16 18:00:00,43400.0
2022-08-16 19:00:00,43525.0
2022-08-16 20:00:00,43590.0
2022-08-16 22:00:00,43415.0
2022-08-16 23:00:00,43470.0
2022-08-17 00:00:00,43580.0
2022-08-17 01:00:00,43620.0
2022-08-17 02:00:00,43545.0
2022-08-17 03:00:00,43605.0
2022-08-17 04:00:00,43640.0
2022-08-17 05:00:00,42810.0
2022-08-17 06:00:00,44030.0
2022-08-17 07:00:00,43370.0
2022-08-17 08:00:00,43360.0
2022-08-17 09:00:00,43390.0
2022-08-17 10:00:00,43340.0
2022-08-17 11:00:00,43290.0
2022-08-17 12:00:00,43250.0
2022-08-17 13:00:00,42985.0
2022-08-17 14:00:00,42855.0
2022-08-17 15:00:00,42910.0
2022-08-17 16:00:00,42955.0
2022-08-17 17:00:00,43025.0
2022-08-17 18:00:00,43010.0
2022-08-17 19:00:00,42805.0
2022-08-17 20:00:00,42970.0
2022-08-17 22:00:00,42895.0
2022-08-17 23:00:00,42825.0
2022-08-18 00:00:00,42995.0
2022-08-18 01:00:00,43035.0
2022-08-18 02:00:00,43035.0
2022-08-18 03:00:00,42980.0
2022-08-18 04:00:00,42950.0
2022-08-18 05:00:00,42915.0
2022-08-18 06:00:00,42985.0
2022-08-18 07:00:00,42955.0
2022-08-18 08:00:00,43030.0
2022-08-18 09:00:00,43095.0
2022-08-18 10:00:00,43055.0
2022-08-18 11:00:00,43080.0
2022-08-18 12:00:00,43100.0
2022-08-18 13:00:00,43000.0
2022-08-18 14:00:00,42980.0
2022-08-18 15:00:00,43030.0
2022-08-18 16:00:00,42900.0
2022-08-18 17:00:00,42825.0
2022-08-18 18:00:00,42885.0
2022-08-18 19:00:00,42905.0
2022-08-18 20:00:00,42995.0
2022-08-18 22:00:00,42935.0
2022-08-18 23:00:00,42765.0
2022-08-19 00:00:00,42460.0
2022-08-19 01:00:00,42260.0
2022-08-19 02:00:00,42310.0
2022-08-19 03:00:00,42290.0
2022-08-19 04:00:00,42320.0
2022-08-19 05:00:00,42295.0
2022-08-19 06:00:00,41460.0
2022-08-19 07:00:00,41430.0
2022-08-19 08:00:00,41360.0
2022-08-19 09:00:00,41265.0
2022-08-19 10:00:00,41145.0
2022-08-19 11:00:00,40965.0
2022-08-19 12:00:00,41045.0
2022-08-19 13:00:00,40920.0
2022-08-19 14:00:00,40835.0
2022-08-19 15:00:00,40955.0
2022-08-19 16:00:00,41055.0
2022-08-19 17:00:00,40950.0
2022-08-19 18:00:00,40840.0
2022-08-19 19:00:00,40790.0
2022-08-19 20:00:00,40765.0
2022-08-21 22:00:00,41065.0
2022-08-21 23:00:00,41010.0
2022-08-22 00:00:00,40960.0
2022-08-22 01:00:00,40960.0
2022-08-22 02:00:00,40985.0
2022-08-22 03:00:00,40930.0
2022-08-22 04:00:00,40980.0
2022-08-22 05:00:00,40970.0
2022-08-22 06:00:00,40850.0
2022-08-22 07:00:00,40585.0
2022-08-22 08:00:00,40665.0
2022-08-22 09:00:00,40685.0
2022-08-22 10:00:00,40780.0
2022-08-22 11:00:00,40755.0
2022-08-22 12:00:00,40705.0
2022-08-22 13:00:00,40815.0
2022-08-22 14:00:00,40680.0
2022-08-22 15:00:00,40890.0
2022-08-22 16:00:00,40825.0
2022-08-22 17:00:00,40720.0
2022-08-22 18:00:00,40490.0
2022-08-22 19:00:00,40540.0
2022-08-22 20:00:00,40635.0
2022-08-22 22:00:00,40665.0
2022-08-22 23:00:00,40895.0
2022-08-23 00:00:00,40810.0
2022-08-23 01:00:00,40895.0
2022-08-23 02:00:00,40840.0
2022-08-23 03:00:00,40765.0
2022-08-23 04:00:00,40795.0
2022-08-23 05:00:00,40480.0
2022-08-23 06:00:00,40545.0
2022-08-23 07:00:00,40780.0
2022-08-23 08:00:00,41040.0
2022-08-23 09:00:00,40990.0
2022-08-23 10:00:00,40960.0
2022-08-23 11:00:00,40940.0
2022-08-23 12:00:00,40910.0
2022-08-23 13:00:00,41045.0
2022-08-23 14:00:00,41030.0
2022-08-23 15:00:00,41025.0
2022-08-23 16:00:00,41010.0
2022-08-23 17:00:00,40950.0
2022-08-23 18:00:00,41100.0
2022-08-23 19:00:00,41055.0
2022-08-23 20:00:00,41030.0
2022-08-23 22:00:00,41120.0
2022-08-23 23:00:00,41090.0
2022-08-24 00:00:00,40910.0
2022-08-24 01:00:00,40790.0
2022-08-24 02:00:00,40710.0
2022-08-24 03:00:00,40790.0
2022-08-24 04:00:00,40840.0
2022-08-24 05:00:00,40980.0
2022-08-24 06:00:00,40890.0
2022-08-24 07:00:00,40800.0
2022-08-24 08:00:00,40850.0
2022-08-24 09:00:00,40810.0
2022-08-24 10:00:00,40750.0
2022-08-24 11:00:00,40940.0
2022-08-24 12:00:00,41000.0
2022-08-24 13:00:00,40935.0
2022-08-24 14:00:00,40980.0
2022-08-24 15:00:00,41145.0
2022-08-24 16:00:00,41250.0
2022-08-24 17:00:00,41145.0
2022-08-24 18:00:00,41170.0
2022-08-24 19:00:00,41255.0
2022-08-24 20:00:00,41160.0
2022-08-24 22:00:00,41005.0
2022-08-24 23:00:00,40855.0
2022-08-25 00:00:00,40980.0
2022-08-25 01:00:00,41120.0
2022-08-25 02:00:00,41030.0
2022-08-25 03:00:00,40950.0
2022-08-25 04:00:00,41045.0
2022-08-25 05:00:00,41045.0
2022-08-25 06:00:00,41180.0
2022-08-25 07:00:00,41250.0
2022-08-25 08:00:00,41240.0
2022-08-25 09:00:00,41175.0
2022-08-25 10:00:00,41125.0
2022-08-25 11:00:00,41185.0
2022-08-25 12:00:00,41145.0
2022-08-25 13:00:00,41210.0
2022-08-25 14:00:00,41155.0
2022-08-25 15:00:00,41000.0
2022-08-25 16:00:00,40880.0
2022-08-25 17:00:00,41030.0
2022-08-25 18:00:00,40985.0
2022-08-25 19:00:00,41095.0
2022-08-25 20:00:00,41160.0
2022-08-25 22:00:00,41055.0
2022-08-25 23:00:00,41095.0
2022-08-26 00:00:00,40930.0
2022-08-26 01:00:00,41015.0
2022-08-26 02:00:00,41075.0
2022-08-26 03:00:00,41060.0
2022-08-26 04:00:00,41015.0
2022-08-26 05:00:00,40875.0
2022-08-26 06:00:00,40895.0
2022-08-26 07:00:00,40915.0
2022-08-26 08:00:00,40880.0
2022-08-26 09:00:00,40915.0
2022-08-26 10:00:00,40875.0
2022-08-26 11:00:00,40635.0
2022-08-26 12:00:00,41145.0
2022-08-26 13:00:00,41260.0
2022-08-26 14:00:00,40635.0
2022-08-26 15:00:00,40120.0
2022-08-26 16:00:00,40070.0
2022-08-26 17:00:00,39990.0
2022-08-26 18:00:00,40010.0
2022-08-26 19:00:00,39970.0
2022-08-26 20:00:00,40085.0
2022-08-28 22:00:00,39305.0
2022-08-28 23:00:00,38945.0
2022-08-29 00:00:00,39020.0
2022-08-29 01:00:00,39070.0
2022-08-29 02:00:00,39165.0
2022-08-29 03:00:00,39265.0
2022-08-29 04:00:00,39210.0
2022-08-29 05:00:00,39545.0
2022-08-29 06:00:00,39315.0
2022-08-29 07:00:00,39330.0
2022-08-29 08:00:00,39250.0
2022-08-29 09:00:00,39260.0
2022-08-29 10:00:00,39280.0
2022-08-29 11:00:00,39255.0
2022-08-29 12:00:00,39360.0
2022-08-29 13:00:00,39555.0
2022-08-29 14:00:00,39650.0
2022-08-29 15:00:00,39720.0
2022-08-29 16:00:00,39780.0
2022-08-29 17:00:00,39765.0
2022-08-29 18:00:00,39660.0
2022-08-29 19:00:00,39560.0
2022-08-29 20:00:00,39650.0
2022-08-29 22:00:00,39650.0
2022-08-29 23:00:00,39760.0
2022-08-30 00:00:00,39705.0
2022-08-30 01:00:00,39610.0
2022-08-30 02:00:00,39670.0
2022-08-30 03:00:00,39725.0
2022-08-30 04:00:00,39945.0
2022-08-30 05:00:00,39895.0
2022-08-30 06:00:00,39870.0
2022-08-30 07:00:00,39930.0
2022-08-30 08:00:00,39885.0
2022-08-30 09:00:00,39890.0
2022-08-30 10:00:00,39910.0
2022-08-30 11:00:00,39875.0
2022-08-30 12:00:00,39830.0
2022-08-30 13:00:00,39750.0
2022-08-30 14:00:00,39225.0
2022-08-30 15:00:00,39155.0
2022-08-30 16:00:00,38980.0
2022-08-30 17:00:00,39035.0
2022-08-30 18:00:00,39150.0
2022-08-30 19:00:00,39345.0
2022-08-30 20:00:00,39365.0
2022-08-30 22:00:00,39285.0
2022-08-30 23:00:00,39215.0
2022-08-31 00:00:00,39410.0
2022-08-31 01:00:00,39665.0
2022-08-31 02:00:00,39780.0
2022-08-31 03:00:00,39860.0
2022-08-31 04:00:00,39810.0
2022-08-31 05:00:00,39645.0
2022-08-31 06:00:00,39695.0
2022-08-31 07:00:00,39705.0
2022-08-31 08:00:00,39715.0
2022-08-31 09:00:00,39660.0
2022-08-31 10:00:00,39840.0
2022-08-31 11:00:00,39720.0
2022-08-31 12:00:00,39770.0
2022-08-31 13:00:00,39790.0
2022-08-31 14:00:00,39560.0
2022-08-31 15:00:00,39580.0
2022-08-31 16:00:00,39455.0
2022-08-31 17:00:00,39400.0
2022-08-31 18:00:00,39390.0
2022-08-31 19:00:00,39650.0
2022-08-31 20:00:00,39610.0
2022-08-31 22:00:00,39580.0
2022-08-31 23:00:00,39390.0
2022-09-01 00:00:00,39460.0
2022-09-01 01:00:00,39545.0
2022-09-01 02:00:00,39540.0
2022-09-01 03:00:00,39495.0
2022-09-01 04:00:00,39505.0
2022-09-01 05:00:00,39540.0
2022-09-01 06:00:00,39385.0
2022-09-01 07:00:00,39305.0
2022-09-01 08:00:00,39330.0
2022-09-01 09:00:00,39365.0
2022-09-01 10:00:00,39400.0
2022-09-01 11:00:00,39515.0
2022-09-01 12:00:00,39440.0
2022-09-01 13:00:00,39405.0
2022-09-01 14:00:00,39080.0
2022-09-01 15:00:00,39175.0
2022-09-01 16:00:00,38995.0
2022-09-01 17:00:00,39115.0
2022-09-01 18:00:00,39220.0
2022-09-01 19:00:00,39265.0
2022-09-01 20:00:00,39550.0
2022-09-01 22:00:00,39500.0
2022-09-01 23:00:00,39565.0
2022-09-02 00:00:00,39525.0
2022-09-02 01:00:00,39490.0
2022-09-02 02:00:00,39415.0
2022-09-02 03:00:00,39625.0
2022-09-02 04:00:00,39605.0
2022-09-02 05:00:00,39575.0
2022-09-02 06:00:00,39545.0
2022-09-02 07:00:00,39555.0
2022-09-02 08:00:00,39520.0
2022-09-02 09:00:00,39605.0
2022-09-02 10:00:00,39515.0
2022-09-02 11:00:00,39535.0
2022-09-02 12:00:00,39770.0
2022-09-02 13:00:00,39735.0
2022-09-02 14:00:00,39900.0
2022-09-02 15:00:00,39840.0
2022-09-02 16:00:00,39565.0
2022-09-02 17:00:00,39140.0
2022-09-02 18:00:00,39345.0
2022-09-02 19:00:00,39355.0
2022-09-02 20:00:00,39375.0
2022-09-04 22:00:00,39290.0
2022-09-04 23:00:00,39460.0
2022-09-05 00:00:00,39345.0
2022-09-05 01:00:00,39275.0
2022-09-05 02:00:00,39295.0
2022-09-05 03:00:00,39340.0
2022-09-05 04:00:00,39295.0
2022-09-05 05:00:00,39130.0
2022-09-05 06:00:00,39180.0
2022-09-05 07:00:00,39150.0
2022-09-05 08:00:00,39205.0
2022-09-05 09:00:00,39225.0
2022-09-05 10:00:00,39085.0
2022-09-05 11:00:00,39125.0
2022-09-05 12:00:00,39170.0
2022-09-05 13:00:00,39205.0
2022-09-05 14:00:00,39305.0
2022-09-05 15:00:00,39310.0
2022-09-05 16:00:00,39290.0
2022-09-05 17:00:00,39280.0
2022-09-05 18:00:00,39140.0
2022-09-05 19:00:00,39140.0
2022-09-05 20:00:00,39215.0
2022-09-05 22:00:00,39250.0
2022-09-05 23:00:00,39240.0
2022-09-06 00:00:00,39575.0
2022-09-06 01:00:00,39245.0
2022-09-06 02:00:00,39215.0
2022-09-06 03:00:00,39200.0
2022-09-06 04:00:00,39185.0
2022-09-06 05:00:00,39255.0
2022-09-06 06:00:00,39295.0
2022-09-06 07:00:00,39360.0
2022-09-06 08:00:00,39445.0
2022-09-06 09:00:00,39370.0
2022-09-06 10:00:00,39360.0
2022-09-06 11:00:00,39380.0
2022-09-06 12:00:00,39355.0
2022-09-06 13:00:00,39205.0
2022-09-06 14:00:00,39295.0
2022-09-06 15:00:00,39275.0
2022-09-06 16:00:00,39185.0
2022-09-06 17:00:00,38500.0
2022-09-06 18:00:00,38370.0
2022-09-06 19:00:00,38215.0
2022-09-06 20:00:00,38375.0
2022-09-06 22:00:00,38300.0
2022-09-06 23:00:00,38165.0
2022-09-07 00:00:00,38220.0
2022-09-07 01:00:00,38180.0
2022-09-07 02:00:00,38030.0
2022-09-07 03:00:00,38175.0
2022-09-07 04:00:00,38150.0
2022-09-07 05:00:00,38185.0
2022-09-07 06:00:00,38235.0
2022-09-07 07:00:00,38255.0
2022-09-07 08:00:00,38230.0
2022-09-07 09:00:00,38215.0
2022-09-07 10:00:00,38195.0
2022-09-07 11:00:00,38170.0
2022-09-07 12:00:00,38220.0
2022-09-07 13:00:00,38290.0
2022-09-07 14:00:00,38375.0
2022-09-07 15:00:00,38355.0
2022-09-07 16:00:00,38390.0
2022-09-07 17:00:00,38465.0
2022-09-07 18:00:00,38555.0
2022-09-07 19:00:00,38465.0
2022-09-07 20:00:00,38860.0
2022-09-07 22:00:00,38850.0
2022-09-07 23:00:00,38810.0
2022-09-08 00:00:00,38765.0
2022-09-08 01:00:00,38685.0
2022-09-08 02:00:00,38725.0
2022-09-08 03:00:00,38700.0
2022-09-08 04:00:00,38820.0
2022-09-08 05:00:00,38785.0
2022-09-08 06:00:00,38705.0
2022-09-08 07:00:00,38630.0
2022-09-08 08:00:00,38685.0
2022-09-08 09:00:00,38640.0
2022-09-08 10:00:00,38785.0
2022-09-08 11:00:00,38795.0
2022-09-08 12:00:00,38600.0
2022-09-08 13:00:00,38700.0
2022-09-08 14:00:00,38820.0
2022-09-08 15:00:00,38770.0
2022-09-08 16:00:00,38680.0
2022-09-08 17:00:00,38700.0
2022-09-08 18:00:00,38705.0
2022-09-08 19:00:00,38840.0
2022-09-08 20:00:00,38900.0
2022-09-08 22:00:00,38780.0
2022-09-08 23:00:00,38830.0
2022-09-09 00:00:00,38895.0
2022-09-09 01:00:00,38835.0
2022-09-09 02:00:00,38905.0
2022-09-09 03:00:00,39460.0
2022-09-09 04:00:00,39910.0
2022-09-09 05:00:00,40065.0
2022-09-09 06:00:00,40250.0
2022-09-09 07:00:00,40200.0
2022-09-09 08:00:00,40360.0
2022-09-09 09:00:00,40330.0
2022-09-09 10:00:00,40660.0
2022-09-09 11:00:00,40530.0
2022-09-09 12:00:00,40685.0
2022-09-09 13:00:00,40605.0
2022-09-09 14:00:00,40730.0
2022-09-09 15:00:00,40885.0
2022-09-09 16:00:00,40910.0
2022-09-09 17:00:00,40855.0
2022-09-09 18:00:00,40755.0
2022-09-09 19:00:00,40910.0
2022-09-09 20:00:00,40950.0
2022-09-11 22:00:00,41275.0
2022-09-11 23:00:00,41480.0
2022-09-12 00:00:00,41300.0
2022-09-12 01:00:00,41625.0
2022-09-12 02:00:00,41380.0
2022-09-12 03:00:00,41215.0
2022-09-12 04:00:00,41305.0
2022-09-12 05:00:00,41380.0
2022-09-12 06:00:00,41435.0
2022-09-12 07:00:00,41805.0
2022-09-12 08:00:00,41840.0
2022-09-12 09:00:00,41780.0
2022-09-12 10:00:00,41780.0
2022-09-12 11:00:00,41925.0
2022-09-12 12:00:00,41950.0
2022-09-12 13:00:00,42015.0
2022-09-12 14:00:00,41930.0
2022-09-12 15:00:00,41720.0
2022-09-12 16:00:00,41855.0
2022-09-12 17:00:00,41975.0
2022-09-12 18:00:00,42035.0
2022-09-12 19:00:00,42055.0
2022-09-12 20:00:00,42040.0
2022-09-12 22:00:00,41925.0
2022-09-12 23:00:00,42035.0
2022-09-13 00:00:00,41855.0
2022-09-13 01:00:00,41860.0
2022-09-13 02:00:00,41895.0
2022-09-13 03:00:00,41835.0
2022-09-13 04:00:00,41905.0
2022-09-13 05:00:00,42015.0
2022-09-13 06:00:00,41940.0
2022-09-13 07:00:00,41905.0
2022-09-13 08:00:00,41865.0
2022-09-13 09:00:00,42020.0
2022-09-13 10:00:00,42150.0
2022-09-13 11:00:00,42145.0
2022-09-13 12:00:00,40980.0
2022-09-13 13:00:00,40800.0
2022-09-13 14:00:00,40570.0
2022-09-13 15:00:00,40390.0
2022-09-13 16:00:00,40305.0
2022-09-13 17:00:00,40320.0
2022-09-13 18:00:00,39825.0
2022-09-13 19:00:00,39855.0
2022-09-13 20:00:00,39765.0
2022-09-13 22:00:00,39795.0
2022-09-13 23:00:00,39740.0
2022-09-14 00:00:00,39740.0
2022-09-14 01:00:00,39820.0
2022-09-14 02:00:00,39930.0
2022-09-14 03:00:00,39855.0
2022-09-14 04:00:00,39935.0
2022-09-14 05:00:00,39505.0
2022-09-14 06:00:00,39780.0
2022-09-14 07:00:00,39785.0
2022-09-14 08:00:00,39935.0
2022-09-14 09:00:00,39900.0
2022-09-14 10:00:00,39905.0
2022-09-14 11:00:00,39770.0
2022-09-14 12:00:00,39865.0
2022-09-14 13:00:00,39865.0
2022-09-14 14:00:00,39850.0
2022-09-14 15:00:00,39725.0
2022-09-14 16:00:00,39670.0
2022-09-14 17:00:00,39655.0
2022-09-14 18:00:00,39330.0
2022-09-14 19:00:00,39480.0
2022-09-14 20:00:00,39515.0
2022-09-14 22:00:00,39810.0
2022-09-14 23:00:00,39740.0
2022-09-15 00:00:00,39680.0
2022-09-15 01:00:00,39735.0
2022-09-15 02:00:00,39660.0
2022-09-15 03:00:00,39560.0
2022-09-15 04:00:00,39575.0
2022-09-15 05:00:00,39675.0
2022-09-15 06:00:00,39580.0
2022-09-15 07:00:00,39730.0
2022-09-15 08:00:00,39690.0
2022-09-15 09:00:00,39670.0
2022-09-15 10:00:00,39685.0
2022-09-15 11:00:00,39700.0
2022-09-15 12:00:00,39705.0
2022-09-15 13:00:00,39655.0
2022-09-15 14:00:00,39240.0
2022-09-15 15:00:00,39250.0
2022-09-15 16:00:00,39350.0
2022-09-15 17:00:00,39355.0
2022-09-15 18:00:00,39265.0
2022-09-15 19:00:00,39290.0
2022-09-15 20:00:00,39365.0
2022-09-15 22:00:00,39250.0
2022-09-15 23:00:00,39200.0
2022-09-16 00:00:00,39325.0
2022-09-16 01:00:00,39235.0
2022-09-16 02:00:00,39225.0
2022-09-16 03:00:00,39260.0
2022-09-16 04:00:00,39365.0
2022-09-16 05:00:00,39365.0
2022-09-16 06:00:00,39295.0
2022-09-16 07:00:00,39270.0
2022-09-16 08:00:00,39215.0
2022-09-16 09:00:00,39290.0
2022-09-16 10:00:00,39340.0
2022-09-16 11:00:00,39405.0
2022-09-16 12:00:00,39205.0
2022-09-16 13:00:00,39035.0
2022-09-16 14:00:00,39205.0
2022-09-16 15:00:00,39190.0
2022-09-16 16:00:00,39060.0
2022-09-16 17:00:00,38960.0
2022-09-16 18:00:00,39090.0
2022-09-16 19:00:00,39150.0
2022-09-16 20:00:00,39260.0
2022-09-18 22:00:00,38915.0
2022-09-18 23:00:00,38925.0
2022-09-19 00:00:00,38945.0
2022-09-19 01:00:00,38955.0
2022-09-19 02:00:00,38265.0
2022-09-19 03:00:00,38275.0
2022-09-19 04:00:00,38320.0
2022-09-19 05:00:00,39060.0
2022-09-19 06:00:00,37975.0
2022-09-19 07:00:00,37990.0
2022-09-19 08:00:00,37940.0
2022-09-19 09:00:00,38000.0
2022-09-19 10:00:00,38290.0
2022-09-19 11:00:00,38205.0
2022-09-19 12:00:00,38335.0
2022-09-19 13:00:00,38650.0
2022-09-19 14:00:00,38875.0
2022-09-19 15:00:00,38650.0
2022-09-19 16:00:00,38800.0
2022-09-19 17:00:00,38545.0
2022-09-19 18:00:00,38720.0
2022-09-19 19:00:00,39075.0
2022-09-19 20:00:00,39095.0
2022-09-19 22:00:00,39190.0
2022-09-19 23:00:00,39080.0
2022-09-20 00:00:00,39080.0
2022-09-20 01:00:00,39010.0
2022-09-20 02:00:00,39025.0
2022-09-20 03:00:00,38920.0
2022-09-20 04:00:00,38900.0
2022-09-20 05:00:00,38530.0
2022-09-20 06:00:00,38945.0
2022-09-20 07:00:00,38910.0
2022-09-20 08:00:00,38850.0
2022-09-20 09:00:00,38770.0
2022-09-20 10:00:00,38855.0
2022-09-20 11:00:00,38765.0
2022-09-20 12:00:00,38655.0
2022-09-20 13:00:00,38465.0
2022-09-20 14:00:00,38605.0
2022-09-20 15:00:00,38800.0
2022-09-20 16:00:00,38640.0
2022-09-20 17:00:00,38310.0
2022-09-20 18:00:00,38525.0
2022-09-20 19:00:00,38535.0
2022-09-20 20:00:00,38495.0
2022-09-20 22:00:00,38480.0
2022-09-20 23:00:00,38430.0
2022-09-21 00:00:00,38480.0
2022-09-21 01:00:00,38430.0
2022-09-21 02:00:00,38575.0
2022-09-21 03:00:00,38580.0
2022-09-21 04:00:00,38530.0
2022-09-21 05:00:00,38450.0
2022-09-21 06:00:00,38440.0
2022-09-21 07:00:00,38495.0
2022-09-21 08:00:00,38435.0
2022-09-21 09:00:00,38560.0
2022-09-21 10:00:00,38655.0
2022-09-21 11:00:00,38715.0
2022-09-21 12:00:00,38790.0
2022-09-21 13:00:00,38835.0
2022-09-21 14:00:00,38790.0
2022-09-21 15:00:00,38740.0
2022-09-21 16:00:00,38810.0
2022-09-21 17:00:00,39085.0
2022-09-21 18:00:00,39175.0
2022-09-21 19:00:00,38525.0
2022-09-21 20:00:00,38450.0
2022-09-21 22:00:00,38005.0
2022-09-21 23:00:00,37975.0
2022-09-22 00:00:00,37915.0
2022-09-22 01:00:00,38020.0
2022-09-22 02:00:00,38265.0
2022-09-22 03:00:00,38210.0
2022-09-22 04:00:00,38250.0
2022-09-22 05:00:00,38875.0
2022-09-22 06:00:00,38315.0
2022-09-22 07:00:00,38470.0
2022-09-22 08:00:00,38755.0
2022-09-22 09:00:00,38725.0
2022-09-22 10:00:00,38700.0
2022-09-22 11:00:00,38790.0
2022-09-22 12:00:00,38755.0
2022-09-22 13:00:00,38440.0
2022-09-22 14:00:00,38405.0
2022-09-22 15:00:00,38525.0
2022-09-22 16:00:00,38585.0
2022-09-22 17:00:00,38635.0
2022-09-22 18:00:00,38735.0
2022-09-22 19:00:00,38870.0
2022-09-22 20:00:00,38820.0
2022-09-22 22:00:00,38935.0
2022-09-22 23:00:00,38995.0
2022-09-23 00:00:00,38890.0
2022-09-23 01:00:00,38800.0
2022-09-23 03:00:00,38940.0
2022-09-23 04:00:00,39070.0
2022-09-23 05:00:00,38295.0
2022-09-23 07:00:00,38810.0
2022-09-23 08:00:00,38620.0
2022-09-23 09:00:00,38555.0
2022-09-23 11:00:00,38435.0
2022-09-23 12:00:00,38405.0
2022-09-23 13:00:00,38170.0
2022-09-23 14:00:00,38170.0
2022-09-23 15:00:00,38195.0
2022-09-23 16:00:00,38265.0
2022-09-23 17:00:00,38260.0
2022-09-23 18:00:00,38150.0
2022-09-23 19:00:00,38335.0
2022-09-23 20:00:00,38355.0
2022-09-25 22:00:00,38330.0
2022-09-25 23:00:00,38270.0
2022-09-26 00:00:00,38350.0
2022-09-26 01:00:00,38380.0
2022-09-26 02:00:00,38375.0
2022-09-26 03:00:00,38385.0
2022-09-26 04:00:00,38385.0
2022-09-26 05:00:00,38320.0
2022-09-26 06:00:00,38220.0
2022-09-26 07:00:00,38300.0
2022-09-26 08:00:00,38725.0
2022-09-26 09:00:00,38640.0
2022-09-26 10:00:00,38680.0
2022-09-26 11:00:00,38405.0
2022-09-26 12:00:00,38620.0
2022-09-26 13:00:00,38700.0
2022-09-26 14:00:00,38680.0
2022-09-26 15:00:00,38600.0
2022-09-26 16:00:00,38640.0
2022-09-26 17:00:00,38660.0
2022-09-26 18:00:00,38730.0
2022-09-26 19:00:00,38710.0
2022-09-26 20:00:00,38650.0
2022-09-26 22:00:00,38690.0
2022-09-26 23:00:00,38775.0
2022-09-27 00:00:00,38875.0
2022-09-27 01:00:00,39370.0
2022-09-27 02:00:00,39655.0
2022-09-27 03:00:00,39680.0
2022-09-27 04:00:00,39655.0
2022-09-27 05:00:00,39760.0
2022-09-27 06:00:00,39775.0
2022-09-27 07:00:00,39755.0
2022-09-27 08:00:00,39790.0
2022-09-27 09:00:00,39800.0
2022-09-27 10:00:00,39855.0
2022-09-27 11:00:00,39810.0
2022-09-27 12:00:00,39850.0
2022-09-27 13:00:00,39755.0
2022-09-27 14:00:00,39835.0
2022-09-27 15:00:00,39420.0
2022-09-27 16:00:00,38690.0
2022-09-27 17:00:00,38455.0
2022-09-27 18:00:00,38645.0
2022-09-27 19:00:00,38605.0
2022-09-27 20:00:00,38565.0
2022-09-27 22:00:00,38600.0
2022-09-27 23:00:00,38590.0
2022-09-28 00:00:00,38600.0
2022-09-28 01:00:00,38510.0
2022-09-28 02:00:00,38160.0
2022-09-28 03:00:00,38255.0
2022-09-28 04:00:00,38285.0
2022-09-28 05:00:00,38265.0
2022-09-28 06:00:00,38205.0
2022-09-28 07:00:00,38285.0
2022-09-28 08:00:00,38245.0
2022-09-28 09:00:00,38165.0
2022-09-28 10:00:00,38525.0
2022-09-28 11:00:00,38455.0
2022-09-28 12:00:00,38595.0
2022-09-28 13:00:00,38695.0
2022-09-28 14:00:00,38940.0
2022-09-28 15:00:00,39050.0
2022-09-28 16:00:00,39095.0
2022-09-28 17:00:00,38935.0
2022-09-28 18:00:00,39150.0
2022-09-28 19:00:00,39165.0
2022-09-28 20:00:00,39185.0
2022-09-28 22:00:00,39085.0
2022-09-28 23:00:00,39010.0
2022-09-29 00:00:00,39035.0
2022-09-29 01:00:00,39135.0
2022-09-29 02:00:00,39000.0
2022-09-29 03:00:00,39100.0
2022-09-29 04:00:00,39165.0
2022-09-29 05:00:00,39040.0
2022-09-29 06:00:00,38960.0
2022-09-29 07:00:00,38880.0
2022-09-29 08:00:00,38915.0
2022-09-29 09:00:00,39030.0
2022-09-29 10:00:00,39015.0
2022-09-29 11:00:00,39035.0
2022-09-29 12:00:00,38755.0
2022-09-29 13:00:00,38530.0
2022-09-29 14:00:00,38720.0
2022-09-29 15:00:00,38825.0
2022-09-29 16:00:00,39000.0
2022-09-29 17:00:00,38820.0
2022-09-29 18:00:00,38845.0
2022-09-29 19:00:00,38965.0
2022-09-29 20:00:00,39100.0
2022-09-29 22:00:00,39015.0
2022-09-29 23:00:00,39180.0
2022-09-30 00:00:00,39125.0
2022-09-30 01:00:00,39055.0
2022-09-30 02:00:00,38935.0
2022-09-30 03:00:00,38960.0
2022-09-30 04:00:00,38995.0
2022-09-30 05:00:00,39080.0
2022-09-30 06:00:00,39035.0
2022-09-30 07:00:00,39155.0
2022-09-30 08:00:00,39230.0
2022-09-30 09:00:00,39115.0
2022-09-30 10:00:00,39070.0
2022-09-30 11:00:00,39020.0
2022-09-30 12:00:00,38885.0
2022-09-30 13:00:00,39045.0
2022-09-30 14:00:00,39600.0
2022-09-30 15:00:00,39355.0
2022-09-30 16:00:00,39305.0
2022-09-30 17:00:00,39270.0
2022-09-30 18:00:00,39240.0
2022-09-30 19:00:00,39030.0
2022-09-30 20:00:00,38955.0
2022-10-02 22:00:00,38715.0
2022-10-02 23:00:00,38525.0
2022-10-03 00:00:00,38605.0
2022-10-03 01:00:00,38740.0
2022-10-03 02:00:00,38685.0
2022-10-03 03:00:00,38710.0
2022-10-03 04:00:00,38625.0
2022-10-03 05:00:00,38785.0
2022-10-03 06:00:00,38715.0
2022-10-03 07:00:00,38725.0
2022-10-03 08:00:00,38720.0
2022-10-03 09:00:00,38675.0
2022-10-03 10:00:00,38755.0
2022-10-03 11:00:00,38805.0
2022-10-03 12:00:00,38795.0
2022-10-03 13:00:00,38700.0
2022-10-03 14:00:00,38985.0
2022-10-03 15:00:00,38920.0
2022-10-03 16:00:00,38975.0
2022-10-03 17:00:00,39170.0
2022-10-03 18:00:00,39255.0
2022-10-03 19:00:00,39155.0
2022-10-03 20:00:00,39185.0
2022-10-03 22:00:00,39150.0
2022-10-03 23:00:00,39275.0
2022-10-04 00:00:00,39210.0
2022-10-04 01:00:00,39145.0
2022-10-04 02:00:00,39165.0
2022-10-04 03:00:00,39230.0
2022-10-04 04:00:00,39235.0
2022-10-04 05:00:00,39250.0
2022-10-04 06:00:00,39480.0
2022-10-04 07:00:00,39590.0
2022-10-04 08:00:00,39550.0
2022-10-04 09:00:00,39620.0
2022-10-04 10:00:00,39625.0
2022-10-04 11:00:00,39610.0
2022-10-04 12:00:00,39660.0
2022-10-04 13:00:00,39740.0
2022-10-04 14:00:00,39785.0
2022-10-04 15:00:00,39780.0
2022-10-04 16:00:00,39655.0
2022-10-04 17:00:00,39685.0
2022-10-04 18:00:00,39810.0
2022-10-04 19:00:00,39905.0
2022-10-04 20:00:00,40010.0
2022-10-04 22:00:00,39950.0
2022-10-04 23:00:00,40030.0
2022-10-05 00:00:00,39875.0
2022-10-05 01:00:00,39895.0
2022-10-05 02:00:00,39865.0
2022-10-05 03:00:00,39870.0
2022-10-05 04:00:00,39805.0
2022-10-05 05:00:00,39860.0
2022-10-05 06:00:00,39920.0
2022-10-05 07:00:00,39880.0
2022-10-05 08:00:00,39790.0
2022-10-05 09:00:00,39720.0
2022-10-05 10:00:00,39775.0
2022-10-05 11:00:00,39680.0
2022-10-05 12:00:00,39665.0
2022-10-05 13:00:00,39555.0
2022-10-05 14:00:00,39520.0
2022-10-05 15:00:00,39645.0
2022-10-05 16:00:00,39900.0
2022-10-05 17:00:00,39845.0
2022-10-05 18:00:00,39925.0
2022-10-05 19:00:00,39770.0
2022-10-05 20:00:00,39645.0
2022-10-05 22:00:00,39880.0
2022-10-05 23:00:00,39820.0
2022-10-06 00:00:00,39920.0
2022-10-06 01:00:00,40075.0
2022-10-06 02:00:00,40015.0
2022-10-06 03:00:00,40040.0
2022-10-06 04:00:00,40045.0
2022-10-06 05:00:00,39645.0
2022-10-06 06:00:00,39820.0
2022-10-06 07:00:00,39895.0
2022-10-06 08:00:00,39800.0
2022-10-06 09:00:00,39740.0
2022-10-06 10:00:00,39785.0
2022-10-06 11:00:00,39895.0
2022-10-06 12:00:00,39845.0
2022-10-06 13:00:00,39755.0
2022-10-06 14:00:00,39735.0
2022-10-06 15:00:00,39650.0
2022-10-06 16:00:00,39710.0
2022-10-06 17:00:00,39785.0
2022-10-06 18:00:00,39645.0
2022-10-06 19:00:00,39640.0
2022-10-06 20:00:00,39680.0
2022-10-06 22:00:00,39525.0
2022-10-06 23:00:00,39575.0
2022-10-07 00:00:00,39630.0
2022-10-07 01:00:00,39625.0
2022-10-07 02:00:00,39665.0
2022-10-07 04:00:00,39580.0
2022-10-07 05:00:00,39030.0
2022-10-07 06:00:00,39460.0
2022-10-07 07:00:00,39540.0
2022-10-07 08:00:00,39600.0
2022-10-07 09:00:00,39615.0
2022-10-07 10:00:00,39595.0
2022-10-07 11:00:00,39620.0
2022-10-07 12:00:00,39210.0
2022-10-07 13:00:00,39150.0
2022-10-07 14:00:00,39220.0
2022-10-07 15:00:00,39125.0
2022-10-07 16:00:00,38935.0
2022-10-07 17:00:00,38975.0
2022-10-07 18:00:00,38985.0
2022-10-07 19:00:00,39020.0
2022-10-07 20:00:00,39120.0
2022-10-09 22:00:00,38930.0
2022-10-09 23:00:00,38985.0
2022-10-10 00:00:00,39055.0
2022-10-10 01:00:00,39055.0
2022-10-10 02:00:00,39030.0
2022-10-10 03:00:00,39005.0
2022-10-10 04:00:00,39020.0
2022-10-10 05:00:00,38745.0
2022-10-10 06:00:00,38935.0
2022-10-10 07:00:00,38975.0
2022-10-10 08:00:00,38785.0
2022-10-10 09:00:00,38890.0
2022-10-10 10:00:00,38840.0
2022-10-10 11:00:00,38895.0
2022-10-10 12:00:00,38995.0
2022-10-10 13:00:00,38880.0
2022-10-10 14:00:00,38810.0
2022-10-10 15:00:00,38820.0
2022-10-10 16:00:00,38655.0
2022-10-10 17:00:00,38860.0
2022-10-10 18:00:00,38765.0
2022-10-10 19:00:00,38740.0
2022-10-10 20:00:00,38795.0
2022-10-10 22:00:00,38665.0
2022-10-10 23:00:00,38645.0
2022-10-11 00:00:00,38535.0
2022-10-11 01:00:00,38535.0
2022-10-11 02:00:00,38570.0
2022-10-11 03:00:00,38575.0
2022-10-11 04:00:00,38555.0
2022-10-11 05:00:00,38520.0
2022-10-11 06:00:00,38575.0
2022-10-11 07:00:00,38625.0
2022-10-11 08:00:00,38650.0
2022-10-11 09:00:00,38570.0
2022-10-11 10:00:00,38620.0
2022-10-11 11:00:00,38725.0
2022-10-11 12:00:00,38705.0
2022-10-11 13:00:00,38520.0
2022-10-11 14:00:00,38560.0
2022-10-11 15:00:00,38700.0
2022-10-11 16:00:00,38710.0
2022-10-11 17:00:00,38690.0
2022-10-11 18:00:00,38495.0
2022-10-11 19:00:00,38525.0
2022-10-11 20:00:00,38535.0
2022-10-11 22:00:00,38570.0
2022-10-11 23:00:00,38590.0
2022-10-12 00:00:00,38645.0
2022-10-12 01:00:00,38590.0
2022-10-12 02:00:00,38590.0
2022-10-12 03:00:00,38585.0
2022-10-12 04:00:00,38630.0
2022-10-12 05:00:00,38715.0
2022-10-12 06:00:00,38690.0
2022-10-12 07:00:00,38655.0
2022-10-12 08:00:00,38705.0
2022-10-12 09:00:00,38715.0
2022-10-12 10:00:00,38710.0
2022-10-12 11:00:00,38660.0
2022-10-12 12:00:00,38620.0
2022-10-12 13:00:00,38670.0
2022-10-12 14:00:00,38640.0
2022-10-12 15:00:00,38700.0
2022-10-12 16:00:00,38670.0
2022-10-12 17:00:00,38650.0
2022-10-12 18:00:00,38685.0
2022-10-12 19:00:00,38705.0
2022-10-12 20:00:00,38690.0
2022-10-12 22:00:00,38735.0
2022-10-12 23:00:00,38715.0
2022-10-13 00:00:00,38720.0
2022-10-13 01:00:00,38665.0
2022-10-13 02:00:00,38660.0
2022-10-13 03:00:00,38650.0
2022-10-13 04:00:00,38650.0
2022-10-13 05:00:00,38980.0
2022-10-13 06:00:00,38620.0
2022-10-13 07:00:00,38560.0
2022-10-13 08:00:00,38555.0
2022-10-13 09:00:00,38530.0
2022-10-13 10:00:00,38225.0
2022-10-13 11:00:00,38295.0
2022-10-13 12:00:00,37880.0
2022-10-13 13:00:00,37915.0
2022-10-13 14:00:00,37915.0
2022-10-13 15:00:00,38535.0
2022-10-13 16:00:00,38705.0
2022-10-13 17:00:00,38770.0
2022-10-13 18:00:00,39085.0
2022-10-13 19:00:00,38985.0
2022-10-13 20:00:00,39025.0
2022-10-13 22:00:00,39065.0
2022-10-13 23:00:00,39010.0
2022-10-14 00:00:00,39045.0
2022-10-14 01:00:00,39505.0
2022-10-14 02:00:00,39475.0
2022-10-14 03:00:00,39485.0
2022-10-14 04:00:00,39460.0
2022-10-14 05:00:00,38730.0
2022-10-14 06:00:00,39420.0
2022-10-14 07:00:00,39290.0
2022-10-14 08:00:00,39245.0
2022-10-14 09:00:00,39270.0
2022-10-14 10:00:00,39300.0
2022-10-14 11:00:00,39215.0
2022-10-14 12:00:00,39435.0
2022-10-14 13:00:00,39285.0
2022-10-14 14:00:00,39055.0
2022-10-14 15:00:00,38945.0
2022-10-14 16:00:00,38865.0
2022-10-14 17:00:00,38950.0
2022-10-14 18:00:00,38790.0
2022-10-14 19:00:00,38770.0
2022-10-14 20:00:00,38750.0
2022-10-16 22:00:00,38855.0
2022-10-16 23:00:00,38850.0
2022-10-17 00:00:00,38795.0
2022-10-17 01:00:00,38790.0
2022-10-17 02:00:00,38785.0
2022-10-17 03:00:00,38755.0
2022-10-17 04:00:00,38795.0
2022-10-17 05:00:00,38845.0
2022-10-17 06:00:00,38815.0
2022-10-17 07:00:00,38895.0
2022-10-17 08:00:00,38840.0
2022-10-17 09:00:00,38935.0
2022-10-17 10:00:00,39000.0
2022-10-17 11:00:00,39090.0
2022-10-17 12:00:00,39165.0
2022-10-17 13:00:00,39210.0
2022-10-17 14:00:00,39085.0
2022-10-17 15:00:00,39185.0
2022-10-17 16:00:00,39115.0
2022-10-17 17:00:00,39140.0
2022-10-17 18:00:00,39130.0
2022-10-17 19:00:00,39125.0
2022-10-17 20:00:00,39135.0
2022-10-17 22:00:00,39140.0
2022-10-17 23:00:00,39165.0
2022-10-18 00:00:00,39225.0
2022-10-18 01:00:00,39150.0
2022-10-18 02:00:00,39105.0
2022-10-18 03:00:00,39160.0
2022-10-18 04:00:00,39200.0
2022-10-18 05:00:00,39205.0
2022-10-18 06:00:00,39275.0
2022-10-18 07:00:00,39300.0
2022-10-18 08:00:00,39155.0
2022-10-18 09:00:00,39145.0
2022-10-18 10:00:00,39140.0
2022-10-18 11:00:00,39190.0
2022-10-18 12:00:00,39270.0
2022-10-18 13:00:00,39155.0
2022-10-18 14:00:00,39015.0
2022-10-18 15:00:00,38950.0
2022-10-18 16:00:00,39010.0
2022-10-18 17:00:00,39000.0
2022-10-18 18:00:00,38805.0
2022-10-18 19:00:00,38800.0
2022-10-18 20:00:00,38960.0
2022-10-18 22:00:00,38900.0
2022-10-18 23:00:00,38905.0
2022-10-19 00:00:00,38815.0
2022-10-19 01:00:00,38910.0
2022-10-19 02:00:00,38875.0
2022-10-19 03:00:00,38880.0
2022-10-19 04:00:00,38850.0
2022-10-19 05:00:00,38840.0
2022-10-19 06:00:00,38770.0
2022-10-19 07:00:00,38805.0
2022-10-19 08:00:00,38780.0
2022-10-19 09:00:00,38855.0
2022-10-19 10:00:00,38785.0
2022-10-19 11:00:00,38770.0
2022-10-19 12:00:00,38745.0
2022-10-19 13:00:00,38705.0
2022-10-19 14:00:00,38745.0
2022-10-19 15:00:00,38875.0
2022-10-19 16:00:00,38760.0
2022-10-19 17:00:00,38765.0
2022-10-19 18:00:00,38780.0
2022-10-19 19:00:00,38830.0
2022-10-19 20:00:00,38785.0
2022-10-19 22:00:00,38725.0
2022-10-19 23:00:00,38725.0
2022-10-20 00:00:00,38545.0
2022-10-20 01:00:00,38625.0
2022-10-20 02:00:00,38650.0
2022-10-20 03:00:00,38620.0
2022-10-20 04:00:00,38810.0
2022-10-20 05:00:00,38650.0
2022-10-20 06:00:00,38730.0
2022-10-20 07:00:00,38735.0
2022-10-20 08:00:00,38715.0
2022-10-20 09:00:00,38785.0
2022-10-20 10:00:00,38785.0
2022-10-20 11:00:00,38810.0
2022-10-20 12:00:00,38735.0
2022-10-20 13:00:00,38765.0
2022-10-20 14:00:00,38950.0
2022-10-20 15:00:00,38870.0
2022-10-20 16:00:00,38770.0
2022-10-20 17:00:00,38675.0
2022-10-20 18:00:00,38640.0
2022-10-20 19:00:00,38655.0
2022-10-20 20:00:00,38605.0
2022-10-20 22:00:00,38590.0
2022-10-20 23:00:00,38615.0
2022-10-21 00:00:00,38640.0
2022-10-21 01:00:00,38645.0
2022-10-21 02:00:00,38705.0
2022-10-21 03:00:00,38640.0
2022-10-21 04:00:00,38620.0
2022-10-21 05:00:00,38635.0
2022-10-21 06:00:00,38625.0
2022-10-21 07:00:00,38610.0
2022-10-21 08:00:00,38550.0
2022-10-21 09:00:00,38605.0
2022-10-21 10:00:00,38585.0
2022-10-21 11:00:00,38535.0
2022-10-21 12:00:00,38455.0
2022-10-21 13:00:00,38670.0
2022-10-21 14:00:00,38570.0
2022-10-21 15:00:00,38765.0
2022-10-21 16:00:00,38745.0
2022-10-21 17:00:00,38765.0
2022-10-21 18:00:00,38770.0
2022-10-21 19:00:00,38815.0
2022-10-21 20:00:00,38780.0
2022-10-23 22:00:00,39205.0
2022-10-23 23:00:00,39145.0
2022-10-24 00:00:00,39075.0
2022-10-24 01:00:00,38965.0
2022-10-24 02:00:00,38990.0
2022-10-24 03:00:00,38960.0
2022-10-24 04:00:00,38915.0
2022-10-24 05:00:00,38900.0
2022-10-24 06:00:00,38860.0
2022-10-24 07:00:00,38865.0
2022-10-24 08:00:00,38870.0
2022-10-24 09:00:00,38930.0
2022-10-24 10:00:00,38930.0
2022-10-24 11:00:00,39010.0
2022-10-24 12:00:00,38940.0
2022-10-24 13:00:00,38915.0
2022-10-24 14:00:00,38835.0
2022-10-24 15:00:00,38855.0
2022-10-24 16:00:00,38845.0
2022-10-24 17:00:00,38860.0
2022-10-24 18:00:00,38900.0
2022-10-24 19:00:00,38930.0
2022-10-24 20:00:00,38960.0
2022-10-24 22:00:00,38935.0
2022-10-24 23:00:00,38910.0
2022-10-25 00:00:00,38880.0
2022-10-25 01:00:00,38820.0
2022-10-25 03:00:00,38820.0
2022-10-25 04:00:00,38915.0
2022-10-25 05:00:00,39905.0
2022-10-25 06:00:00,38890.0
2022-10-25 07:00:00,38865.0
2022-10-25 08:00:00,38850.0
2022-10-25 10:00:00,38860.0
2022-10-25 11:00:00,38860.0
2022-10-25 12:00:00,38880.0
2022-10-25 13:00:00,39060.0
2022-10-25 14:00:00,39095.0
2022-10-25 15:00:00,39360.0
2022-10-25 16:00:00,39410.0
2022-10-25 17:00:00,39730.0
2022-10-25 18:00:00,39905.0
2022-10-25 19:00:00,39910.0
2022-10-25 20:00:00,39815.0
2022-10-25 22:00:00,39680.0
2022-10-25 23:00:00,39715.0
2022-10-26 00:00:00,39770.0
2022-10-26 01:00:00,39835.0
2022-10-26 02:00:00,39820.0
2022-10-26 03:00:00,39870.0
2022-10-26 04:00:00,39795.0
2022-10-26 05:00:00,40405.0
2022-10-26 06:00:00,39825.0
2022-10-26 07:00:00,39955.0
2022-10-26 08:00:00,40280.0
2022-10-26 09:00:00,40210.0
2022-10-26 10:00:00,40325.0
2022-10-26 11:00:00,40210.0
2022-10-26 12:00:00,40180.0
2022-10-26 13:00:00,40180.0
2022-10-26 14:00:00,40480.0
2022-10-26 15:00:00,40505.0
2022-10-26 16:00:00,40395.0
2022-10-26 17:00:00,40465.0
2022-10-26 18:00:00,40335.0
2022-10-26 19:00:00,40440.0
2022-10-26 20:00:00,40405.0
2022-10-26 22:00:00,40480.0
2022-10-26 23:00:00,40405.0
2022-10-27 00:00:00,40385.0
2022-10-27 01:00:00,40370.0
2022-10-27 02:00:00,40350.0
2022-10-27 03:00:00,40435.0
2022-10-27 04:00:00,40495.0
2022-10-27 05:00:00,40445.0
2022-10-27 06:00:00,40360.0
2022-10-27 07:00:00,40345.0
2022-10-27 08:00:00,40360.0
2022-10-27 09:00:00,40270.0
2022-10-27 10:00:00,40180.0
2022-10-27 11:00:00,40270.0
2022-10-27 12:00:00,40365.0
2022-10-27 13:00:00,40170.0
2022-10-27 14:00:00,40260.0
2022-10-27 15:00:00,40230.0
2022-10-27 16:00:00,40270.0
2022-10-27 17:00:00,40270.0
2022-10-27 18:00:00,40295.0
2022-10-27 19:00:00,40325.0
2022-10-27 20:00:00,40115.0
2022-10-27 22:00:00,39945.0
2022-10-27 23:00:00,39960.0
2022-10-28 00:00:00,39955.0
2022-10-28 01:00:00,40010.0
2022-10-28 02:00:00,39915.0
2022-10-28 03:00:00,39975.0
2022-10-28 04:00:00,39935.0
2022-10-28 05:00:00,39955.0
2022-10-28 06:00:00,39930.0
2022-10-28 07:00:00,39750.0
2022-10-28 08:00:00,39850.0
2022-10-28 09:00:00,39855.0
2022-10-28 10:00:00,39830.0
2022-10-28 11:00:00,39845.0
2022-10-28 12:00:00,39825.0
2022-10-28 13:00:00,40125.0
2022-10-28 14:00:00,40160.0
2022-10-28 15:00:00,40135.0
2022-10-28 16:00:00,40380.0
2022-10-28 17:00:00,40305.0
2022-10-28 18:00:00,40295.0
2022-10-28 19:00:00,40280.0
2022-10-28 20:00:00,40300.0
2022-10-30 22:00:00,40220.0
2022-10-30 23:00:00,40280.0
2022-10-31 00:00:00,40195.0
2022-10-31 01:00:00,40190.0
2022-10-31 02:00:00,40115.0
2022-10-31 03:00:00,40180.0
2022-10-31 04:00:00,40225.0
2022-10-31 05:00:00,40175.0
2022-10-31 06:00:00,40165.0
2022-10-31 07:00:00,40215.0
2022-10-31 08:00:00,40140.0
2022-10-31 09:00:00,40375.0
2022-10-31 10:00:00,40395.0
2022-10-31 11:00:00,40380.0
2022-10-31 12:00:00,40360.0
2022-10-31 13:00:00,39965.0
2022-10-31 14:00:00,39950.0
2022-10-31 15:00:00,39985.0
2022-10-31 16:00:00,39990.0
2022-10-31 17:00:00,39990.0
2022-10-31 18:00:00,40055.0
2022-10-31 19:00:00,40000.0
2022-10-31 20:00:00,40035.0
2022-10-31 22:00:00,40100.0
2022-10-31 23:00:00,40120.0
2022-11-01 00:00:00,40085.0
2022-11-01 01:00:00,40145.0
2022-11-01 02:00:00,40210.0
2022-11-01 03:00:00,40125.0
2022-11-01 04:00:00,40125.0
2022-11-01 05:00:00,40160.0
2022-11-01 06:00:00,40265.0
2022-11-01 07:00:00,40230.0
2022-11-01 08:00:00,40220.0
2022-11-01 09:00:00,40230.0
2022-11-01 10:00:00,40275.0
2022-11-01 11:00:00,40170.0
2022-11-01 12:00:00,40200.0
2022-11-01 13:00:00,40055.0
2022-11-01 14:00:00,40005.0
2022-11-01 15:00:00,40085.0
2022-11-01 16:00:00,40040.0
2022-11-01 17:00:00,40070.0
2022-11-01 18:00:00,40100.0
2022-11-01 19:00:00,40085.0
2022-11-01 20:00:00,40105.0
2022-11-01 22:00:00,40080.0
2022-11-01 23:00:00,40110.0
2022-11-02 00:00:00,40165.0
2022-11-02 01:00:00,40145.0
2022-11-02 02:00:00,40165.0
2022-11-02 03:00:00,40160.0
2022-11-02 04:00:00,40170.0
2022-11-02 05:00:00,40135.0
2022-11-02 06:00:00,40110.0
2022-11-02 07:00:00,40090.0
2022-11-02 08:00:00,40145.0
2022-11-02 09:00:00,40110.0
2022-11-02 10:00:00,40045.0
2022-11-02 11:00:00,40070.0
2022-11-02 12:00:00,40025.0
2022-11-02 13:00:00,40025.0
2022-11-02 14:00:00,40070.0
2022-11-02 15:00:00,40060.0
2022-11-02 16:00:00,40155.0
2022-11-02 17:00:00,40060.0
2022-11-02 18:00:00,40105.0
2022-11-02 19:00:00,39860.0
2022-11-02 20:00:00,39810.0
2022-11-02 22:00:00,39690.0
2022-11-02 23:00:00,39745.0
2022-11-03 00:00:00,39805.0
2022-11-03 01:00:00,39920.0
2022-11-03 02:00:00,39895.0
2022-11-03 03:00:00,39935.0
2022-11-03 04:00:00,39970.0
2022-11-03 05:00:00,40000.0
2022-11-03 06:00:00,39930.0
2022-11-03 07:00:00,39915.0
2022-11-03 08:00:00,39920.0
2022-11-03 09:00:00,39945.0
2022-11-03 10:00:00,39880.0
2022-11-03 11:00:00,39740.0
2022-11-03 12:00:00,39720.0
2022-11-03 13:00:00,39720.0
2022-11-03 14:00:00,39965.0
2022-11-03 15:00:00,39880.0
2022-11-03 16:00:00,39935.0
2022-11-03 17:00:00,39860.0
2022-11-03 18:00:00,39870.0
2022-11-03 19:00:00,39885.0
2022-11-03 20:00:00,39875.0
2022-11-03 22:00:00,39825.0
2022-11-03 23:00:00,39855.0
2022-11-04 00:00:00,39920.0
2022-11-04 01:00:00,39905.0
2022-11-04 02:00:00,39965.0
2022-11-04 03:00:00,39960.0
2022-11-04 04:00:00,39960.0
2022-11-04 05:00:00,40770.0
2022-11-04 06:00:00,40270.0
2022-11-04 07:00:00,40270.0
2022-11-04 08:00:00,40240.0
2022-11-04 09:00:00,40225.0
2022-11-04 10:00:00,40300.0
2022-11-04 11:00:00,40195.0
2022-11-04 12:00:00,40415.0
2022-11-04 13:00:00,40440.0
2022-11-04 14:00:00,40930.0
2022-11-04 15:00:00,40535.0
2022-11-04 16:00:00,40470.0
2022-11-04 17:00:00,40460.0
2022-11-04 18:00:00,40650.0
2022-11-04 19:00:00,40815.0
2022-11-04 20:00:00,40830.0
2022-11-06 23:00:00,40590.0
2022-11-07 00:00:00,40585.0
2022-11-07 01:00:00,40675.0
2022-11-07 02:00:00,40645.0
2022-11-07 03:00:00,40600.0
2022-11-07 04:00:00,40565.0
2022-11-07 05:00:00,40530.0
2022-11-07 06:00:00,40535.0
2022-11-07 07:00:00,40335.0
2022-11-07 08:00:00,40375.0
2022-11-07 09:00:00,40355.0
2022-11-07 10:00:00,40430.0
2022-11-07 11:00:00,40405.0
2022-11-07 12:00:00,40445.0
2022-11-07 13:00:00,40400.0
2022-11-07 14:00:00,40295.0
2022-11-07 15:00:00,40420.0
2022-11-07 16:00:00,40305.0
2022-11-07 17:00:00,40335.0
2022-11-07 18:00:00,40355.0
2022-11-07 19:00:00,40485.0
2022-11-07 20:00:00,40435.0
2022-11-07 21:00:00,40325.0
2022-11-07 23:00:00,40235.0
2022-11-08 00:00:00,40170.0
2022-11-08 01:00:00,40270.0
2022-11-08 02:00:00,40110.0
2022-11-08 03:00:00,39790.0
2022-11-08 04:00:00,39265.0
2022-11-08 05:00:00,39350.0
2022-11-08 06:00:00,37695.0
2022-11-08 07:00:00,39440.0
2022-11-08 08:00:00,39355.0
2022-11-08 09:00:00,39395.0
2022-11-08 10:00:00,39310.0
2022-11-08 11:00:00,39325.0
2022-11-08 12:00:00,39310.0
2022-11-08 13:00:00,39160.0
2022-11-08 14:00:00,39015.0
2022-11-08 15:00:00,39110.0
2022-11-08 16:00:00,39970.0
2022-11-08 17:00:00,38930.0
2022-11-08 18:00:00,38150.0
2022-11-08 19:00:00,37835.0
2022-11-08 20:00:00,37680.0
2022-11-08 21:00:00,38210.0
2022-11-08 23:00:00,38070.0
2022-11-09 00:00:00,37855.0
2022-11-09 01:00:00,37835.0
2022-11-09 02:00:00,37630.0
2022-11-09 03:00:00,37800.0
2022-11-09 04:00:00,37740.0
2022-11-09 05:00:00,37895.0
2022-11-09 06:00:00,37795.0
2022-11-09 07:00:00,37750.0
2022-11-09 08:00:00,37650.0
2022-11-09 09:00:00,37205.0
2022-11-09 10:00:00,37170.0
2022-11-09 11:00:00,37275.0
2022-11-09 12:00:00,37115.0
2022-11-09 13:00:00,37045.0
2022-11-09 14:00:00,37105.0
2022-11-09 15:00:00,36485.0
2022-11-09 16:00:00,36435.0
2022-11-09 17:00:00,36250.0
2022-11-09 18:00:00,35840.0
2022-11-09 19:00:00,36085.0
2022-11-09 20:00:00,35215.0
2022-11-09 21:00:00,34665.0
2022-11-09 23:00:00,35175.0
2022-11-10 00:00:00,35450.0
2022-11-10 01:00:00,35270.0
2022-11-10 02:00:00,35345.0
2022-11-10 03:00:00,35495.0
2022-11-10 04:00:00,35560.0
2022-11-10 05:00:00,35575.0
2022-11-10 06:00:00,37395.0
2022-11-10 07:00:00,35435.0
2022-11-10 08:00:00,35825.0
2022-11-10 09:00:00,35820.0
2022-11-10 10:00:00,35420.0
2022-11-10 11:00:00,35155.0
2022-11-10 12:00:00,35125.0
2022-11-10 13:00:00,36190.0
2022-11-10 14:00:00,36275.0
2022-11-10 15:00:00,36680.0
2022-11-10 16:00:00,36930.0
2022-11-10 17:00:00,36425.0
2022-11-10 18:00:00,36620.0
2022-11-10 19:00:00,36635.0
2022-11-10 20:00:00,37250.0
2022-11-10 21:00:00,37085.0
2022-11-10 23:00:00,36780.0
2022-11-11 00:00:00,36740.0
2022-11-11 01:00:00,36350.0
2022-11-11 02:00:00,36275.0
2022-11-11 03:00:00,36015.0
2022-11-11 04:00:00,35955.0
2022-11-11 05:00:00,36305.0
2022-11-11 06:00:00,36305.0
2022-11-11 07:00:00,36450.0
2022-11-11 08:00:00,36465.0
2022-11-11 09:00:00,36415.0
2022-11-11 10:00:00,36340.0
2022-11-11 11:00:00,36350.0
2022-11-11 12:00:00,36450.0
2022-11-11 13:00:00,36160.0
2022-11-11 14:00:00,35860.0
2022-11-11 15:00:00,35875.0
2022-11-11 16:00:00,35810.0
2022-11-11 17:00:00,35870.0
2022-11-11 18:00:00,35835.0
2022-11-11 19:00:00,35860.0
2022-11-11 20:00:00,35530.0
2022-11-11 21:00:00,35600.0
2022-11-13 23:00:00,35335.0
2022-11-14 00:00:00,35260.0
2022-11-14 01:00:00,35130.0
2022-11-14 02:00:00,35215.0
2022-11-14 03:00:00,35155.0
2022-11-14 04:00:00,35025.0
2022-11-14 05:00:00,34895.0
2022-11-14 06:00:00,35735.0
2022-11-14 07:00:00,35830.0
2022-11-14 08:00:00,35825.0
2022-11-14 09:00:00,35815.0
2022-11-14 10:00:00,35860.0
2022-11-14 11:00:00,35860.0
2022-11-14 12:00:00,35915.0
2022-11-14 13:00:00,35915.0
2022-11-14 14:00:00,35855.0
2022-11-14 15:00:00,35780.0
2022-11-14 16:00:00,35660.0
2022-11-14 17:00:00,35815.0
2022-11-14 18:00:00,35895.0
2022-11-14 19:00:00,35580.0
2022-11-14 20:00:00,35570.0
2022-11-14 21:00:00,35640.0
2022-11-14 23:00:00,35895.0
2022-11-15 00:00:00,35830.0
2022-11-15 01:00:00,36020.0
2022-11-15 02:00:00,36055.0
2022-11-15 03:00:00,36105.0
2022-11-15 04:00:00,36060.0
2022-11-15 05:00:00,35975.0
2022-11-15 06:00:00,35980.0
2022-11-15 07:00:00,36175.0
2022-11-15 08:00:00,36230.0
2022-11-15 09:00:00,36105.0
2022-11-15 10:00:00,36215.0
2022-11-15 11:00:00,36125.0
2022-11-15 12:00:00,36180.0
2022-11-15 13:00:00,36410.0
2022-11-15 14:00:00,36340.0
2022-11-15 15:00:00,36365.0
2022-11-15 16:00:00,36415.0
2022-11-15 17:00:00,36430.0
2022-11-15 18:00:00,36125.0
2022-11-15 19:00:00,36310.0
2022-11-15 20:00:00,36310.0
2022-11-15 21:00:00,36375.0
2022-11-15 23:00:00,36370.0
2022-11-16 00:00:00,36245.0
2022-11-16 01:00:00,36310.0
2022-11-16 02:00:00,36410.0
2022-11-16 03:00:00,36390.0
2022-11-16 04:00:00,36340.0
2022-11-16 05:00:00,36365.0
2022-11-16 06:00:00,35900.0
2022-11-16 07:00:00,36240.0
2022-11-16 08:00:00,36190.0
2022-11-16 09:00:00,36150.0
2022-11-16 10:00:00,36115.0
2022-11-16 11:00:00,36095.0
2022-11-16 12:00:00,36065.0
2022-11-16 13:00:00,35845.0
2022-11-16 14:00:00,35780.0
2022-11-16 15:00:00,35735.0
2022-11-16 16:00:00,35785.0
2022-11-16 17:00:00,35850.0
2022-11-16 18:00:00,35850.0
2022-11-16 19:00:00,35900.0
2022-11-16 20:00:00,35900.0
2022-11-16 21:00:00,35870.0
2022-11-16 23:00:00,35980.0
2022-11-17 00:00:00,36040.0
2022-11-17 01:00:00,36030.0
2022-11-17 02:00:00,35885.0
2022-11-17 03:00:00,35840.0
2022-11-17 04:00:00,35825.0
2022-11-17 05:00:00,35930.0
2022-11-17 06:00:00,35900.0
2022-11-17 07:00:00,35955.0
2022-11-17 08:00:00,35905.0
2022-11-17 09:00:00,35855.0
2022-11-17 10:00:00,35860.0
2022-11-17 11:00:00,35940.0
2022-11-17 12:00:00,35930.0
2022-11-17 13:00:00,35840.0
2022-11-17 14:00:00,35870.0
2022-11-17 15:00:00,35930.0
2022-11-17 16:00:00,36065.0
2022-11-17 17:00:00,36160.0
2022-11-17 18:00:00,36195.0
2022-11-17 19:00:00,36070.0
2022-11-17 20:00:00,36130.0
2022-11-17 21:00:00,36195.0
2022-11-17 23:00:00,36150.0
2022-11-18 00:00:00,36435.0
2022-11-18 01:00:00,36355.0
2022-11-18 02:00:00,36375.0
2022-11-18 03:00:00,36325.0
2022-11-18 04:00:00,36290.0
2022-11-18 05:00:00,36290.0
2022-11-18 06:00:00,36145.0
2022-11-18 07:00:00,36215.0
2022-11-18 08:00:00,36200.0
2022-11-18 09:00:00,36220.0
2022-11-18 10:00:00,36265.0
2022-11-18 11:00:00,36230.0
2022-11-18 12:00:00,36275.0
2022-11-18 13:00:00,36230.0
2022-11-18 14:00:00,36145.0
2022-11-18 15:00:00,36165.0
2022-11-18 16:00:00,36115.0
2022-11-18 17:00:00,36050.0
2022-11-18 18:00:00,36070.0
2022-11-18 19:00:00,36145.0
2022-11-18 20:00:00,36125.0
2022-11-18 21:00:00,36220.0
2022-11-20 23:00:00,35775.0
2022-11-21 00:00:00,35755.0
2022-11-21 01:00:00,35675.0
2022-11-21 02:00:00,35440.0
2022-11-21 03:00:00,35495.0
2022-11-21 04:00:00,35600.0
2022-11-21 05:00:00,35675.0
2022-11-21 06:00:00,35305.0
2022-11-21 07:00:00,35485.0
2022-11-21 08:00:00,35525.0
2022-11-21 09:00:00,35595.0
2022-11-21 10:00:00,35615.0
2022-11-21 11:00:00,35565.0
2022-11-21 12:00:00,35605.0
2022-11-21 13:00:00,35685.0
2022-11-21 14:00:00,35720.0
2022-11-21 15:00:00,35640.0
2022-11-21 16:00:00,35500.0
2022-11-21 17:00:00,35535.0
2022-11-21 18:00:00,35485.0
2022-11-21 19:00:00,35225.0
2022-11-21 20:00:00,35290.0
2022-11-21 21:00:00,35195.0
2022-11-21 23:00:00,35295.0
2022-11-22 00:00:00,35380.0
2022-11-22 01:00:00,35305.0
2022-11-22 02:00:00,35445.0
2022-11-22 03:00:00,35380.0
2022-11-22 04:00:00,35320.0
2022-11-22 05:00:00,35315.0
2022-11-22 06:00:00,35670.0
2022-11-22 07:00:00,35275.0
2022-11-22 08:00:00,35220.0
2022-11-22 09:00:00,35170.0
2022-11-22 10:00:00,35320.0
2022-11-22 11:00:00,35250.0
2022-11-22 12:00:00,35350.0
2022-11-22 13:00:00,35660.0
2022-11-22 14:00:00,35645.0
2022-11-22 15:00:00,35795.0
2022-11-22 16:00:00,35740.0
2022-11-22 17:00:00,35635.0
2022-11-22 18:00:00,35705.0
2022-11-22 19:00:00,35730.0
2022-11-22 20:00:00,35690.0
2022-11-22 21:00:00,35640.0
2022-11-22 23:00:00,35715.0
2022-11-23 00:00:00,35740.0
2022-11-23 01:00:00,35765.0
2022-11-23 02:00:00,36095.0
2022-11-23 03:00:00,36140.0
2022-11-23 04:00:00,36105.0
2022-11-23 05:00:00,36065.0
2022-11-23 06:00:00,36145.0
2022-11-23 07:00:00,36290.0
2022-11-23 08:00:00,36225.0
2022-11-23 09:00:00,36250.0
2022-11-23 10:00:00,36300.0
2022-11-23 11:00:00,36215.0
2022-11-23 12:00:00,36140.0
2022-11-23 13:00:00,36025.0
2022-11-23 14:00:00,36050.0
2022-11-23 15:00:00,36070.0
2022-11-23 16:00:00,35930.0
2022-11-23 17:00:00,36005.0
2022-11-23 18:00:00,36215.0
2022-11-23 19:00:00,36220.0
2022-11-23 20:00:00,36385.0
2022-11-23 21:00:00,36270.0
2022-11-23 23:00:00,36375.0
2022-11-24 00:00:00,36315.0
2022-11-24 01:00:00,36550.0
2022-11-24 02:00:00,36490.0
2022-11-24 03:00:00,36500.0
2022-11-24 04:00:00,36475.0
2022-11-24 05:00:00,36430.0
2022-11-24 06:00:00,36460.0
2022-11-24 07:00:00,36480.0
2022-11-24 08:00:00,36360.0
2022-11-24 09:00:00,36370.0
2022-11-24 10:00:00,36275.0
2022-11-24 11:00:00,36330.0
2022-11-24 13:00:00,36370.0
2022-11-24 14:00:00,36330.0
2022-11-24 15:00:00,36340.0
2022-11-24 16:00:00,36420.0
2022-11-24 17:00:00,36395.0
2022-11-24 19:00:00,36370.0
2022-11-24 20:00:00,36350.0
2022-11-24 21:00:00,36400.0
2022-11-24 23:00:00,36425.0
2022-11-25 00:00:00,36320.0
2022-11-25 01:00:00,36350.0
2022-11-25 02:00:00,36330.0
2022-11-25 03:00:00,36310.0
2022-11-25 04:00:00,36170.0
2022-11-25 05:00:00,36155.0
2022-11-25 06:00:00,36205.0
2022-11-25 07:00:00,36230.0
2022-11-25 08:00:00,36225.0
2022-11-25 09:00:00,36200.0
2022-11-25 10:00:00,36265.0
2022-11-25 11:00:00,36330.0
2022-11-25 12:00:00,36320.0
2022-11-25 13:00:00,36300.0
2022-11-25 14:00:00,36395.0
2022-11-25 15:00:00,36410.0
2022-11-25 16:00:00,36400.0
2022-11-25 17:00:00,36430.0
2022-11-25 18:00:00,36440.0
2022-11-27 23:00:00,36320.0
2022-11-28 00:00:00,36375.0
2022-11-28 01:00:00,35970.0
2022-11-28 02:00:00,35890.0
2022-11-28 03:00:00,35950.0
2022-11-28 04:00:00,35950.0
2022-11-28 05:00:00,35880.0
2022-11-28 06:00:00,36130.0
2022-11-28 07:00:00,35970.0
2022-11-28 08:00:00,35980.0
2022-11-28 09:00:00,35990.0
2022-11-28 10:00:00,36000.0
2022-11-28 11:00:00,36055.0
2022-11-28 12:00:00,36035.0
2022-11-28 13:00:00,36020.0
2022-11-28 14:00:00,36130.0
2022-11-28 15:00:00,35965.0
2022-11-28 16:00:00,36105.0
2022-11-28 17:00:00,36040.0
2022-11-28 18:00:00,36005.0
2022-11-28 19:00:00,36055.0
2022-11-28 20:00:00,36135.0
2022-11-28 21:00:00,36085.0
2022-11-28 23:00:00,36115.0
2022-11-29 00:00:00,36085.0
2022-11-29 01:00:00,36180.0
2022-11-29 02:00:00,36170.0
2022-11-29 03:00:00,36215.0
2022-11-29 04:00:00,36430.0
2022-11-29 05:00:00,36490.0
2022-11-29 06:00:00,36405.0
2022-11-29 07:00:00,36445.0
2022-11-29 08:00:00,36485.0
2022-11-29 09:00:00,36500.0
2022-11-29 10:00:00,36505.0
2022-11-29 11:00:00,36470.0
2022-11-29 12:00:00,36440.0
2022-11-29 13:00:00,36340.0
2022-11-29 14:00:00,36225.0
2022-11-29 15:00:00,36270.0
2022-11-29 16:00:00,36275.0
2022-11-29 17:00:00,36285.0
2022-11-29 18:00:00,36315.0
2022-11-29 19:00:00,36285.0
2022-11-29 20:00:00,36395.0
2022-11-29 21:00:00,36320.0
2022-11-29 23:00:00,36325.0
2022-11-30 00:00:00,36765.0
2022-11-30 01:00:00,36830.0
2022-11-30 02:00:00,36935.0
2022-11-30 03:00:00,36815.0
2022-11-30 04:00:00,36870.0
2022-11-30 05:00:00,36850.0
2022-11-30 06:00:00,37220.0
2022-11-30 07:00:00,36865.0
2022-11-30 08:00:00,36880.0
2022-11-30 09:00:00,36855.0
2022-11-30 10:00:00,36850.0
2022-11-30 11:00:00,36840.0
2022-11-30 12:00:00,36745.0
2022-11-30 13:00:00,36770.0
2022-11-30 14:00:00,36840.0
2022-11-30 15:00:00,36875.0
2022-11-30 16:00:00,36880.0
2022-11-30 17:00:00,36765.0
2022-11-30 18:00:00,36990.0
2022-11-30 19:00:00,37180.0
2022-11-30 20:00:00,37225.0
2022-11-30 21:00:00,37235.0
2022-11-30 23:00:00,37265.0
2022-12-01 00:00:00,37285.0
2022-12-01 01:00:00,37225.0
2022-12-01 02:00:00,37230.0
2022-12-01 03:00:00,37245.0
2022-12-01 04:00:00,37250.0
2022-12-01 05:00:00,37195.0
2022-12-01 06:00:00,36960.0
2022-12-01 07:00:00,37150.0
2022-12-01 08:00:00,37170.0
2022-12-01 09:00:00,37160.0
2022-12-01 10:00:00,37145.0
2022-12-01 11:00:00,37145.0
2022-12-01 12:00:00,37210.0
2022-12-01 13:00:00,37100.0
2022-12-01 14:00:00,37180.0
2022-12-01 15:00:00,36980.0
2022-12-01 16:00:00,36985.0
2022-12-01 17:00:00,36985.0
2022-12-01 18:00:00,36945.0
2022-12-01 19:00:00,36975.0
2022-12-01 20:00:00,36970.0
2022-12-01 21:00:00,36965.0
2022-12-01 23:00:00,36995.0
2022-12-02 00:00:00,37065.0
2022-12-02 01:00:00,36950.0
2022-12-02 02:00:00,36955.0
2022-12-02 03:00:00,36950.0
2022-12-02 04:00:00,36970.0
2022-12-02 05:00:00,36990.0
2022-12-02 06:00:00,37135.0
2022-12-02 07:00:00,37005.0
2022-12-02 08:00:00,37015.0
2022-12-02 09:00:00,37020.0
2022-12-02 10:00:00,37010.0
2022-12-02 11:00:00,37050.0
2022-12-02 12:00:00,37100.0
2022-12-02 13:00:00,36920.0
2022-12-02 14:00:00,36980.0
2022-12-02 15:00:00,37045.0
2022-12-02 16:00:00,37025.0
2022-12-02 17:00:00,37025.0
2022-12-02 18:00:00,37040.0
2022-12-02 19:00:00,37090.0
2022-12-02 20:00:00,37120.0
2022-12-02 21:00:00,37085.0
2022-12-04 23:00:00,37190.0
2022-12-05 00:00:00,37295.0
2022-12-05 01:00:00,37365.0
2022-12-05 02:00:00,37360.0
2022-12-05 03:00:00,37310.0
2022-12-05 04:00:00,37480.0
2022-12-05 05:00:00,37485.0
2022-12-05 06:00:00,37440.0
2022-12-05 07:00:00,37430.0
2022-12-05 08:00:00,37500.0
2022-12-05 09:00:00,37475.0
2022-12-05 10:00:00,37400.0
2022-12-05 11:00:00,37415.0
2022-12-05 12:00:00,37350.0
2022-12-05 13:00:00,37310.0
2022-12-05 14:00:00,37310.0
2022-12-05 15:00:00,37150.0
2022-12-05 16:00:00,37090.0
2022-12-05 17:00:00,37090.0
2022-12-05 18:00:00,37070.0
2022-12-05 19:00:00,36945.0
2022-12-05 20:00:00,36970.0
2022-12-05 21:00:00,37015.0
2022-12-05 23:00:00,37000.0
2022-12-06 00:00:00,37080.0
2022-12-06 01:00:00,37095.0
2022-12-06 02:00:00,37095.0
2022-12-06 03:00:00,37060.0
2022-12-06 04:00:00,37065.0
2022-12-06 05:00:00,37040.0
2022-12-06 06:00:00,37055.0
2022-12-06 07:00:00,37085.0
2022-12-06 08:00:00,37105.0
2022-12-06 09:00:00,37040.0
2022-12-06 10:00:00,37040.0
2022-12-06 11:00:00,37045.0
2022-12-06 12:00:00,37060.0
2022-12-06 13:00:00,37070.0
2022-12-06 14:00:00,37045.0
2022-12-06 15:00:00,37050.0
2022-12-06 16:00:00,37045.0
2022-12-06 17:00:00,37010.0
2022-12-06 18:00:00,37045.0
2022-12-06 19:00:00,37030.0
2022-12-06 20:00:00,37095.0
2022-12-06 21:00:00,37090.0
2022-12-06 23:00:00,37170.0
2022-12-07 00:00:00,37160.0
2022-12-07 01:00:00,37165.0
2022-12-07 02:00:00,37155.0
2022-12-07 03:00:00,37120.0
2022-12-07 04:00:00,37110.0
2022-12-07 05:00:00,37085.0
2022-12-07 06:00:00,37045.0
2022-12-07 07:00:00,36810.0
2022-12-07 08:00:00,36830.0
2022-12-07 09:00:00,36865.0
2022-12-07 10:00:00,36845.0
2022-12-07 11:00:00,36845.0
2022-12-07 12:00:00,36835.0
2022-12-07 13:00:00,36945.0
2022-12-07 14:00:00,36905.0
2022-12-07 15:00:00,36920.0
2022-12-07 16:00:00,36855.0
2022-12-07 17:00:00,36860.0
2022-12-07 18:00:00,36830.0
2022-12-07 19:00:00,36860.0
2022-12-07 20:00:00,36860.0
2022-12-07 21:00:00,36900.0
2022-12-07 23:00:00,36890.0
2022-12-08 00:00:00,36865.0
2022-12-08 01:00:00,36845.0
2022-12-08 02:00:00,36885.0
2022-12-08 03:00:00,36890.0
2022-12-08 04:00:00,36870.0
2022-12-08 05:00:00,36880.0
2022-12-08 06:00:00,36865.0
2022-12-08 07:00:00,36895.0
2022-12-08 08:00:00,36905.0
2022-12-08 09:00:00,36860.0
2022-12-08 10:00:00,36900.0
2022-12-08 11:00:00,36910.0
2022-12-08 12:00:00,36890.0
2022-12-08 13:00:00,36935.0
2022-12-08 14:00:00,36975.0
2022-12-08 15:00:00,37035.0
2022-12-08 16:00:00,37075.0
2022-12-08 17:00:00,37100.0
2022-12-08 18:00:00,37395.0
2022-12-08 19:00:00,37400.0
2022-12-08 20:00:00,37350.0
2022-12-08 21:00:00,37325.0
2022-12-08 23:00:00,37385.0
2022-12-09 00:00:00,37345.0
2022-12-09 01:00:00,37370.0
2022-12-09 02:00:00,37355.0
2022-12-09 03:00:00,37345.0
2022-12-09 04:00:00,37345.0
2022-12-09 05:00:00,37350.0
2022-12-09 06:00:00,37175.0
2022-12-09 07:00:00,37360.0
2022-12-09 08:00:00,37325.0
2022-12-09 09:00:00,37335.0
2022-12-09 10:00:00,37350.0
2022-12-09 11:00:00,37375.0
2022-12-09 12:00:00,37400.0
2022-12-09 13:00:00,37255.0
2022-12-09 14:00:00,37265.0
2022-12-09 15:00:00,37325.0
2022-12-09 16:00:00,37305.0
2022-12-09 17:00:00,37290.0
2022-12-09 18:00:00,37260.0
2022-12-09 19:00:00,37240.0
2022-12-09 20:00:00,37175.0
2022-12-09 21:00:00,37235.0
2022-12-11 23:00:00,37155.0
2022-12-12 00:00:00,37015.0
2022-12-12 01:00:00,37015.0
2022-12-12 02:00:00,36965.0
2022-12-12 03:00:00,37005.0
2022-12-12 04:00:00,37010.0
2022-12-12 05:00:00,37035.0
2022-12-12 06:00:00,37025.0
2022-12-12 07:00:00,37020.0
2022-12-12 08:00:00,37005.0
2022-12-12 09:00:00,37060.0
2022-12-12 10:00:00,37090.0
2022-12-12 11:00:00,37095.0
2022-12-12 12:00:00,37065.0
2022-12-12 13:00:00,37110.0
2022-12-12 14:00:00,37160.0
2022-12-12 15:00:00,37130.0
2022-12-12 16:00:00,37115.0
2022-12-12 17:00:00,37130.0
2022-12-12 18:00:00,37135.0
2022-12-12 19:00:00,37170.0
2022-12-12 20:00:00,37265.0
2022-12-12 21:00:00,37305.0
2022-12-12 23:00:00,37330.0
2022-12-13 00:00:00,37250.0
2022-12-13 01:00:00,37255.0
2022-12-13 02:00:00,37260.0
2022-12-13 03:00:00,37255.0
2022-12-13 04:00:00,37285.0
2022-12-13 05:00:00,37300.0
2022-12-13 06:00:00,37885.0
2022-12-13 07:00:00,37265.0
2022-12-13 08:00:00,37275.0
2022-12-13 09:00:00,37705.0
2022-12-13 10:00:00,37545.0
2022-12-13 11:00:00,37580.0
2022-12-13 12:00:00,37575.0
2022-12-13 13:00:00,38075.0
2022-12-13 14:00:00,38025.0
2022-12-13 15:00:00,37855.0
2022-12-13 16:00:00,37865.0
2022-12-13 17:00:00,37760.0
2022-12-13 18:00:00,37845.0
2022-12-13 19:00:00,37890.0
2022-12-13 20:00:00,37860.0
2022-12-13 21:00:00,37900.0
2022-12-13 23:00:00,37915.0
2022-12-14 00:00:00,37950.0
2022-12-14 01:00:00,37910.0
2022-12-14 02:00:00,37915.0
2022-12-14 03:00:00,37930.0
2022-12-14 04:00:00,37890.0
2022-12-14 05:00:00,37890.0
2022-12-14 06:00:00,37935.0
2022-12-14 07:00:00,37935.0
2022-12-14 08:00:00,37950.0
2022-12-14 09:00:00,37930.0
2022-12-14 10:00:00,37945.0
2022-12-14 11:00:00,37930.0
2022-12-14 12:00:00,38030.0
2022-12-14 13:00:00,38015.0
2022-12-14 14:00:00,38230.0
2022-12-14 15:00:00,38225.0
2022-12-14 16:00:00,38255.0
2022-12-14 17:00:00,38250.0
2022-12-14 18:00:00,38390.0
2022-12-14 19:00:00,37925.0
2022-12-14 20:00:00,37920.0
2022-12-14 21:00:00,37990.0
2022-12-14 23:00:00,37970.0
2022-12-15 00:00:00,37965.0
2022-12-15 01:00:00,37760.0
2022-12-15 02:00:00,37870.0
2022-12-15 03:00:00,37880.0
2022-12-15 04:00:00,37860.0
2022-12-15 05:00:00,37880.0
2022-12-15 06:00:00,37535.0
2022-12-15 07:00:00,37845.0
2022-12-15 08:00:00,37775.0
2022-12-15 09:00:00,37830.0
2022-12-15 10:00:00,37800.0
2022-12-15 11:00:00,37845.0
2022-12-15 12:00:00,37820.0
2022-12-15 13:00:00,37620.0
2022-12-15 14:00:00,37555.0
2022-12-15 15:00:00,37555.0
2022-12-15 16:00:00,37515.0
2022-12-15 17:00:00,37500.0
2022-12-15 18:00:00,37495.0
2022-12-15 19:00:00,37560.0
2022-12-15 20:00:00,37535.0
2022-12-15 21:00:00,37540.0
2022-12-15 23:00:00,37450.0
2022-12-16 00:00:00,37545.0
2022-12-16 01:00:00,37505.0
2022-12-16 02:00:00,37560.0
2022-12-16 03:00:00,37560.0
2022-12-16 04:00:00,37535.0
2022-12-16 05:00:00,37515.0
2022-12-16 06:00:00,36915.0
2022-12-16 07:00:00,37630.0
2022-12-16 08:00:00,37320.0
2022-12-16 09:00:00,37135.0
2022-12-16 10:00:00,37085.0
2022-12-16 11:00:00,37110.0
2022-12-16 12:00:00,37110.0
2022-12-16 13:00:00,37035.0
2022-12-16 14:00:00,37155.0
2022-12-16 15:00:00,37070.0
2022-12-16 16:00:00,36870.0
2022-12-16 17:00:00,36850.0
2022-12-16 18:00:00,36840.0
2022-12-16 19:00:00,36910.0
2022-12-16 20:00:00,36905.0
2022-12-16 21:00:00,36880.0
2022-12-18 23:00:00,36795.0
2022-12-19 00:00:00,36830.0
2022-12-19 01:00:00,36860.0
2022-12-19 02:00:00,36795.0
2022-12-19 03:00:00,36750.0
2022-12-19 04:00:00,36790.0
2022-12-19 05:00:00,36790.0
2022-12-19 06:00:00,36825.0
2022-12-19 07:00:00,36785.0
2022-12-19 08:00:00,36840.0
2022-12-19 09:00:00,36825.0
2022-12-19 10:00:00,36850.0
2022-12-19 11:00:00,36825.0
2022-12-19 12:00:00,36840.0
2022-12-19 13:00:00,36790.0
2022-12-19 14:00:00,36795.0
2022-12-19 15:00:00,36755.0
2022-12-19 16:00:00,36685.0
2022-12-19 17:00:00,36625.0
2022-12-19 18:00:00,36575.0
2022-12-19 19:00:00,36580.0
2022-12-19 20:00:00,36620.0
2022-12-19 21:00:00,36625.0
2022-12-19 23:00:00,36500.0
2022-12-20 00:00:00,36500.0
2022-12-20 01:00:00,36635.0
2022-12-20 02:00:00,36815.0
2022-12-20 03:00:00,36800.0
2022-12-20 04:00:00,36900.0
2022-12-20 05:00:00,36880.0
2022-12-20 06:00:00,36920.0
2022-12-20 07:00:00,36890.0
2022-12-20 08:00:00,36910.0
2022-12-20 09:00:00,36905.0
2022-12-20 10:00:00,36870.0
2022-12-20 11:00:00,36910.0
2022-12-20 12:00:00,36915.0
2022-12-20 13:00:00,36865.0
2022-12-20 14:00:00,37030.0
2022-12-20 15:00:00,37035.0
2022-12-20 16:00:00,36955.0
2022-12-20 17:00:00,36905.0
2022-12-20 18:00:00,36935.0
2022-12-20 19:00:00,37005.0
2022-12-20 20:00:00,36965.0
2022-12-20 21:00:00,36955.0
2022-12-20 23:00:00,37005.0
2022-12-21 00:00:00,36945.0
2022-12-21 01:00:00,36960.0
2022-12-21 02:00:00,36930.0
2022-12-21 03:00:00,36925.0
2022-12-21 04:00:00,36900.0
2022-12-21 05:00:00,36920.0
2022-12-21 06:00:00,36875.0
2022-12-21 07:00:00,36900.0
2022-12-21 08:00:00,36945.0
2022-12-21 09:00:00,36960.0
2022-12-21 10:00:00,36965.0
2022-12-21 11:00:00,36980.0
2022-12-21 12:00:00,36945.0
2022-12-21 13:00:00,36935.0
2022-12-21 14:00:00,36875.0
2022-12-21 15:00:00,36955.0
2022-12-21 16:00:00,36900.0
2022-12-21 17:00:00,36920.0
2022-12-21 18:00:00,36880.0
2022-12-21 19:00:00,36855.0
2022-12-21 20:00:00,36875.0
2022-12-21 21:00:00,36915.0
2022-12-21 23:00:00,36925.0
2022-12-22 00:00:00,36940.0
2022-12-22 01:00:00,36920.0
2022-12-22 02:00:00,36950.0
2022-12-22 03:00:00,36960.0
2022-12-22 04:00:00,36950.0
2022-12-22 05:00:00,36940.0
2022-12-22 06:00:00,36915.0
2022-12-22 07:00:00,36935.0
2022-12-22 08:00:00,36940.0
2022-12-22 09:00:00,36960.0
2022-12-22 10:00:00,36925.0
2022-12-22 11:00:00,36940.0
2022-12-22 12:00:00,36920.0
2022-12-22 13:00:00,36865.0
2022-12-22 14:00:00,36740.0
2022-12-22 15:00:00,36685.0
2022-12-22 16:00:00,36710.0
2022-12-22 17:00:00,36655.0
2022-12-22 18:00:00,36670.0
2022-12-22 19:00:00,36720.0
2022-12-22 20:00:00,36855.0
2022-12-22 21:00:00,36875.0
2022-12-22 23:00:00,36905.0
2022-12-23 00:00:00,36905.0
2022-12-23 01:00:00,36905.0
2022-12-23 02:00:00,36980.0
2022-12-23 03:00:00,37010.0
2022-12-23 06:00:00,37000.0
2022-12-23 09:00:00,37015.0
2022-12-23 10:00:00,37050.0
2022-12-23 11:00:00,37020.0
2022-12-23 12:00:00,37035.0
2022-12-23 13:00:00,37040.0
2022-12-23 14:00:00,36900.0
2022-12-23 15:00:00,37030.0
2022-12-23 16:00:00,36990.0
2022-12-23 17:00:00,37000.0
2022-12-23 18:00:00,37005.0
2022-12-23 19:00:00,37010.0
2022-12-23 20:00:00,36975.0
2022-12-23 21:00:00,36995.0
2022-12-26 23:00:00,37105.0
2022-12-27 00:00:00,37040.0
2022-12-27 01:00:00,37050.0
2022-12-27 02:00:00,37070.0
2022-12-27 04:00:00,37060.0
2022-12-27 06:00:00,36785.0
2022-12-27 10:00:00,37050.0
2022-12-27 11:00:00,36985.0
2022-12-27 12:00:00,37000.0
2022-12-27 13:00:00,36990.0
2022-12-27 14:00:00,36945.0
2022-12-27 15:00:00,36950.0
2022-12-27 16:00:00,36895.0
2022-12-27 17:00:00,36790.0
2022-12-27 18:00:00,36710.0
2022-12-27 19:00:00,36765.0
2022-12-27 20:00:00,36815.0
2022-12-27 21:00:00,36770.0
2022-12-27 23:00:00,36790.0
2022-12-28 01:00:00,36815.0
2022-12-28 02:00:00,36815.0
2022-12-28 03:00:00,36695.0
2022-12-28 04:00:00,36780.0
2022-12-28 05:00:00,36705.0
2022-12-28 06:00:00,36745.0
2022-12-28 07:00:00,36750.0
2022-12-28 09:00:00,36750.0
2022-12-28 10:00:00,36755.0
2022-12-28 12:00:00,36755.0
2022-12-28 13:00:00,36730.0
2022-12-28 14:00:00,36830.0
2022-12-28 15:00:00,36615.0
2022-12-28 16:00:00,36640.0
2022-12-28 17:00:00,36705.0
2022-12-28 18:00:00,36760.0
2022-12-28 19:00:00,36715.0
2022-12-28 20:00:00,36725.0
2022-12-28 21:00:00,36625.0
2022-12-28 23:00:00,36655.0
2022-12-29 00:00:00,36700.0
2022-12-29 01:00:00,36650.0
2022-12-29 02:00:00,36625.0
2022-12-29 03:00:00,36650.0
2022-12-29 04:00:00,36660.0
2022-12-29 06:00:00,36735.0
2022-12-29 07:00:00,36650.0
2022-12-29 08:00:00,36630.0
2022-12-29 09:00:00,36690.0
2022-12-29 10:00:00,36725.0
2022-12-29 11:00:00,36715.0
2022-12-29 12:00:00,36750.0
2022-12-29 13:00:00,36760.0
2022-12-29 14:00:00,36770.0
2022-12-29 15:00:00,36745.0
2022-12-29 16:00:00,36760.0
2022-12-29 17:00:00,36745.0
2022-12-29 18:00:00,36775.0
2022-12-29 19:00:00,36755.0
2022-12-29 20:00:00,36750.0
2022-12-29 21:00:00,36760.0
2022-12-29 23:00:00,36805.0
2022-12-30 00:00:00,36775.0
2022-12-30 01:00:00,36770.0
2022-12-30 02:00:00,36775.0
2022-12-30 03:00:00,36790.0
2022-12-30 04:00:00,36800.0
2022-12-30 05:00:00,36745.0
2022-12-30 06:00:00,36750.0
2022-12-30 07:00:00,36655.0
2022-12-30 08:00:00,36665.0
2022-12-30 09:00:00,36710.0
2022-12-30 10:00:00,36680.0
2022-12-30 11:00:00,36700.0
2022-12-30 12:00:00,36695.0
2022-12-30 13:00:00,36620.0
2022-12-30 14:00:00,36565.0
2022-12-30 15:00:00,36825.0
2022-12-30 16:00:00,36830.0
2022-12-30 17:00:00,36835.0
2022-12-30 18:00:00,36890.0
2022-12-30 19:00:00,36855.0
2022-12-30 20:00:00,36885.0
2022-12-30 21:00:00,36915.0
2023-01-02 23:00:00,37010.0
2023-01-03 00:00:00,37020.0
2023-01-03 01:00:00,36985.0
2023-01-03 02:00:00,37000.0
2023-01-03 03:00:00,37015.0
2023-01-03 04:00:00,37005.0
2023-01-03 05:00:00,37015.0
2023-01-03 06:00:00,37045.0
2023-01-03 07:00:00,37055.0
2023-01-03 08:00:00,37030.0
2023-01-03 09:00:00,37080.0
2023-01-03 10:00:00,37075.0
2023-01-03 11:00:00,37045.0
2023-01-03 12:00:00,37020.0
2023-01-03 13:00:00,37050.0
2023-01-03 14:00:00,36965.0
2023-01-03 15:00:00,36975.0
2023-01-03 16:00:00,36910.0
2023-01-03 17:00:00,36905.0
2023-01-03 18:00:00,36910.0
2023-01-03 19:00:00,36915.0
2023-01-03 20:00:00,36955.0
2023-01-03 21:00:00,37020.0
2023-01-03 23:00:00,36970.0
2023-01-04 00:00:00,36970.0
2023-01-04 01:00:00,37010.0
2023-01-04 02:00:00,37060.0
2023-01-04 03:00:00,37205.0
2023-01-04 04:00:00,37205.0
2023-01-04 05:00:00,37190.0
2023-01-04 06:00:00,37130.0
2023-01-04 07:00:00,37205.0
2023-01-04 08:00:00,37200.0
2023-01-04 09:00:00,37170.0
2023-01-04 10:00:00,37170.0
2023-01-04 11:00:00,37160.0
2023-01-04 12:00:00,37120.0
2023-01-04 13:00:00,37150.0
2023-01-04 14:00:00,37150.0
2023-01-04 15:00:00,37170.0
2023-01-04 16:00:00,37205.0
2023-01-04 17:00:00,37250.0
2023-01-04 18:00:00,37315.0
2023-01-04 19:00:00,37165.0
2023-01-04 20:00:00,37135.0
2023-01-04 21:00:00,37130.0
2023-01-04 23:00:00,37200.0
2023-01-05 00:00:00,37170.0
2023-01-05 01:00:00,37150.0
2023-01-05 02:00:00,37155.0
2023-01-05 03:00:00,37155.0
2023-01-05 04:00:00,37170.0
2023-01-05 05:00:00,37190.0
2023-01-05 06:00:00,37150.0
2023-01-05 07:00:00,37125.0
2023-01-05 08:00:00,37135.0
2023-01-05 09:00:00,37120.0
2023-01-05 10:00:00,37145.0
2023-01-05 11:00:00,37160.0
2023-01-05 12:00:00,37130.0
2023-01-05 13:00:00,37085.0
2023-01-05 14:00:00,37135.0
2023-01-05 15:00:00,37195.0
2023-01-05 16:00:00,37195.0
2023-01-05 17:00:00,37140.0
2023-01-05 18:00:00,37180.0
2023-01-05 19:00:00,37205.0
2023-01-05 20:00:00,37180.0
2023-01-05 21:00:00,37210.0
2023-01-05 23:00:00,37195.0
2023-01-06 00:00:00,37195.0
2023-01-06 01:00:00,37165.0
2023-01-06 02:00:00,37180.0
2023-01-06 03:00:00,37185.0
2023-01-06 04:00:00,37160.0
2023-01-06 05:00:00,37140.0
2023-01-06 06:00:00,37245.0
2023-01-06 07:00:00,37105.0
2023-01-06 08:00:00,37120.0
2023-01-06 10:00:00,37080.0
2023-01-06 11:00:00,37040.0
2023-01-06 12:00:00,37040.0
2023-01-06 13:00:00,37095.0
2023-01-06 14:00:00,37025.0
2023-01-06 15:00:00,37190.0
2023-01-06 16:00:00,37170.0
2023-01-06 17:00:00,37165.0
2023-01-06 18:00:00,37210.0
2023-01-06 19:00:00,37320.0
2023-01-06 20:00:00,37260.0
2023-01-06 21:00:00,37275.0
2023-01-08 23:00:00,37495.0
2023-01-09 00:00:00,37570.0
2023-01-09 01:00:00,37585.0
2023-01-09 02:00:00,37590.0
2023-01-09 03:00:00,37580.0
2023-01-09 04:00:00,37600.0
2023-01-09 05:00:00,37570.0
2023-01-09 06:00:00,37575.0
2023-01-09 07:00:00,37560.0
2023-01-09 08:00:00,37575.0
2023-01-09 09:00:00,37605.0
2023-01-09 10:00:00,37615.0
2023-01-09 11:00:00,37600.0
2023-01-09 12:00:00,37590.0
2023-01-09 13:00:00,37595.0
2023-01-09 14:00:00,37625.0
2023-01-09 15:00:00,37630.0
2023-01-09 16:00:00,37720.0
2023-01-09 17:00:00,37740.0
2023-01-09 18:00:00,37740.0
2023-01-09 19:00:00,37680.0
2023-01-09 20:00:00,37595.0
2023-01-09 21:00:00,37575.0
2023-01-09 23:00:00,37520.0
2023-01-10 00:00:00,37590.0
2023-01-10 01:00:00,37565.0
2023-01-10 02:00:00,37535.0
2023-01-10 03:00:00,37565.0
2023-01-10 04:00:00,37585.0
2023-01-10 05:00:00,37570.0
2023-01-10 06:00:00,37885.0
2023-01-10 07:00:00,37545.0
2023-01-10 08:00:00,37610.0
2023-01-10 09:00:00,37605.0
2023-01-10 10:00:00,37630.0
2023-01-10 11:00:00,37635.0
2023-01-10 12:00:00,37585.0
2023-01-10 13:00:00,37610.0
2023-01-10 14:00:00,37670.0
2023-01-10 15:00:00,37695.0
2023-01-10 16:00:00,37700.0
2023-01-10 17:00:00,37725.0
2023-01-10 18:00:00,37825.0
2023-01-10 19:00:00,37830.0
2023-01-10 20:00:00,37875.0
2023-01-10 21:00:00,37855.0
2023-01-10 23:00:00,37855.0
2023-01-11 00:00:00,37865.0
2023-01-11 01:00:00,37855.0
2023-01-11 02:00:00,37765.0
2023-01-11 03:00:00,37810.0
2023-01-11 04:00:00,37775.0
2023-01-11 05:00:00,37785.0
2023-01-11 06:00:00,37810.0
2023-01-11 07:00:00,37830.0
2023-01-11 08:00:00,37835.0
2023-01-11 09:00:00,37830.0
2023-01-11 10:00:00,37830.0
2023-01-11 11:00:00,37820.0
2023-01-11 12:00:00,37795.0
2023-01-11 13:00:00,37795.0
2023-01-11 14:00:00,37780.0
2023-01-11 15:00:00,37695.0
2023-01-11 16:00:00,37725.0
2023-01-11 17:00:00,37770.0
2023-01-11 18:00:00,37875.0
2023-01-11 19:00:00,37950.0
2023-01-11 20:00:00,37960.0
2023-01-11 21:00:00,37925.0
2023-01-11 23:00:00,38350.0
2023-01-12 00:00:00,38675.0
2023-01-12 01:00:00,38660.0
2023-01-12 02:00:00,38650.0
2023-01-12 03:00:00,38645.0
2023-01-12 04:00:00,38625.0
2023-01-12 05:00:00,38530.0
2023-01-12 06:00:00,39505.0
2023-01-12 07:00:00,38540.0
2023-01-12 08:00:00,38550.0
2023-01-12 09:00:00,38575.0
2023-01-12 10:00:00,38595.0
2023-01-12 11:00:00,38600.0
2023-01-12 12:00:00,38660.0
2023-01-12 13:00:00,38720.0
2023-01-12 14:00:00,38395.0
2023-01-12 15:00:00,38490.0
2023-01-12 16:00:00,38555.0
2023-01-12 17:00:00,39250.0
2023-01-12 18:00:00,39250.0
2023-01-12 19:00:00,39320.0
2023-01-12 20:00:00,39490.0
2023-01-12 21:00:00,39240.0
2023-01-12 23:00:00,39270.0
2023-01-13 00:00:00,39205.0
2023-01-13 01:00:00,39225.0
2023-01-13 02:00:00,39255.0
2023-01-13 03:00:00,39305.0
2023-01-13 04:00:00,39255.0
2023-01-13 05:00:00,39205.0
2023-01-13 06:00:00,39250.0
2023-01-13 07:00:00,39230.0
2023-01-13 08:00:00,39255.0
2023-01-13 09:00:00,39335.0
2023-01-13 10:00:00,39455.0
2023-01-13 11:00:00,39350.0
2023-01-13 12:00:00,39260.0
2023-01-13 13:00:00,39295.0
2023-01-13 14:00:00,39440.0
2023-01-13 15:00:00,39690.0
2023-01-13 16:00:00,39530.0
2023-01-13 17:00:00,39665.0
2023-01-13 18:00:00,39730.0
2023-01-13 19:00:00,39795.0
2023-01-13 20:00:00,39915.0
2023-01-13 21:00:00,40235.0
2023-01-15 23:00:00,41310.0
2023-01-16 00:00:00,41440.0
2023-01-16 01:00:00,41645.0
2023-01-16 02:00:00,41690.0
2023-01-16 03:00:00,41550.0
2023-01-16 04:00:00,41615.0
2023-01-16 05:00:00,41650.0
2023-01-16 06:00:00,41605.0
2023-01-16 07:00:00,41550.0
2023-01-16 08:00:00,41205.0
2023-01-16 09:00:00,41255.0
2023-01-16 10:00:00,41265.0
2023-01-16 11:00:00,41270.0
2023-01-16 12:00:00,41220.0
2023-01-16 13:00:00,41250.0
2023-01-16 14:00:00,41285.0
2023-01-16 15:00:00,41425.0
2023-01-16 16:00:00,41440.0
2023-01-16 17:00:00,41530.0
2023-01-16 18:00:00,41710.0
2023-01-16 19:00:00,41775.0
2023-01-16 20:00:00,41730.0
2023-01-16 21:00:00,41520.0
2023-01-16 23:00:00,41590.0
2023-01-17 00:00:00,41525.0
2023-01-17 01:00:00,41460.0
2023-01-17 02:00:00,41530.0
2023-01-17 03:00:00,41545.0
2023-01-17 04:00:00,41585.0
2023-01-17 05:00:00,41580.0
2023-01-17 06:00:00,41495.0
2023-01-17 07:00:00,41540.0
2023-01-17 08:00:00,41630.0
2023-01-17 09:00:00,41615.0
2023-01-17 10:00:00,41545.0
2023-01-17 11:00:00,41655.0
2023-01-17 12:00:00,41690.0
2023-01-17 13:00:00,41640.0
2023-01-17 14:00:00,41705.0
2023-01-17 15:00:00,41605.0
2023-01-17 16:00:00,41595.0
2023-01-17 17:00:00,41670.0
2023-01-17 18:00:00,41810.0
2023-01-17 19:00:00,41780.0
2023-01-17 20:00:00,41855.0
2023-01-17 21:00:00,41790.0
2023-01-17 23:00:00,41575.0
2023-01-18 00:00:00,41635.0
2023-01-18 01:00:00,41645.0
2023-01-18 02:00:00,41720.0
2023-01-18 03:00:00,41735.0
2023-01-18 04:00:00,41710.0
2023-01-18 05:00:00,41740.0
2023-01-18 06:00:00,41690.0
2023-01-18 07:00:00,41735.0
2023-01-18 08:00:00,41670.0
2023-01-18 09:00:00,41675.0
2023-01-18 10:00:00,41605.0
2023-01-18 11:00:00,41630.0
2023-01-18 12:00:00,41705.0
2023-01-18 13:00:00,41880.0
2023-01-18 14:00:00,41880.0
2023-01-18 15:00:00,41450.0
2023-01-18 16:00:00,41320.0
2023-01-18 17:00:00,41285.0
2023-01-18 18:00:00,41345.0
2023-01-18 19:00:00,41315.0
2023-01-18 20:00:00,41150.0
2023-01-18 21:00:00,41190.0
2023-01-18 23:00:00,41110.0
2023-01-19 00:00:00,41120.0
2023-01-19 01:00:00,41145.0
2023-01-19 02:00:00,41200.0
2023-01-19 03:00:00,41175.0
2023-01-19 04:00:00,41250.0
2023-01-19 05:00:00,41260.0
2023-01-19 06:00:00,41260.0
2023-01-19 07:00:00,41265.0
2023-01-19 08:00:00,41185.0
2023-01-19 09:00:00,41210.0
2023-01-19 10:00:00,41210.0
2023-01-19 11:00:00,41145.0
2023-01-19 12:00:00,41140.0
2023-01-19 13:00:00,41205.0
2023-01-19 14:00:00,41235.0
2023-01-19 15:00:00,41305.0
2023-01-19 16:00:00,41305.0
2023-01-19 17:00:00,41290.0
2023-01-19 18:00:00,41425.0
2023-01-19 19:00:00,41530.0
2023-01-19 20:00:00,41550.0
2023-01-19 21:00:00,41410.0
2023-01-19 23:00:00,41500.0
2023-01-20 00:00:00,41465.0
2023-01-20 01:00:00,41550.0
2023-01-20 02:00:00,41510.0
2023-01-20 03:00:00,41510.0
2023-01-20 04:00:00,41410.0
2023-01-20 05:00:00,41390.0
2023-01-20 06:00:00,42740.0
2023-01-20 07:00:00,41375.0
2023-01-20 08:00:00,41365.0
2023-01-20 09:00:00,41385.0
2023-01-20 10:00:00,41380.0
2023-01-20 11:00:00,41375.0
2023-01-20 12:00:00,41540.0
2023-01-20 13:00:00,41490.0
2023-01-20 14:00:00,41585.0
2023-01-20 15:00:00,41555.0
2023-01-20 16:00:00,41760.0
2023-01-20 17:00:00,41805.0
2023-01-20 18:00:00,41845.0
2023-01-20 19:00:00,41945.0
2023-01-20 20:00:00,42735.0
2023-01-20 21:00:00,42730.0
2023-01-22 23:00:00,43130.0
2023-01-23 00:00:00,43155.0
2023-01-23 01:00:00,43105.0
2023-01-23 02:00:00,43130.0
2023-01-23 03:00:00,43130.0
2023-01-23 04:00:00,43155.0
2023-01-23 05:00:00,43160.0
2023-01-23 06:00:00,43560.0
2023-01-23 07:00:00,43125.0
2023-01-23 08:00:00,43070.0
2023-01-23 09:00:00,43200.0
2023-01-23 10:00:00,43390.0
2023-01-23 11:00:00,43300.0
2023-01-23 12:00:00,43390.0
2023-01-23 13:00:00,43250.0
2023-01-23 14:00:00,43065.0
2023-01-23 15:00:00,43355.0
2023-01-23 16:00:00,43445.0
2023-01-23 17:00:00,43475.0
2023-01-23 18:00:00,43375.0
2023-01-23 19:00:00,43280.0
2023-01-23 20:00:00,43535.0
2023-01-23 21:00:00,43395.0
2023-01-23 23:00:00,43460.0
2023-01-24 00:00:00,43505.0
2023-01-24 01:00:00,43500.0
2023-01-24 02:00:00,43600.0
2023-01-24 03:00:00,43595.0
2023-01-24 04:00:00,43590.0
2023-01-24 05:00:00,43535.0
2023-01-24 06:00:00,43590.0
2023-01-24 07:00:00,43610.0
2023-01-24 08:00:00,43585.0
2023-01-24 09:00:00,43415.0
2023-01-24 10:00:00,43480.0
2023-01-24 11:00:00,43420.0
2023-01-24 12:00:00,43505.0
2023-01-24 13:00:00,43325.0
2023-01-24 14:00:00,43380.0
2023-01-24 15:00:00,43480.0
2023-01-24 16:00:00,43375.0
2023-01-24 17:00:00,43390.0
2023-01-24 18:00:00,43530.0
2023-01-24 19:00:00,43485.0
2023-01-24 20:00:00,43515.0
2023-01-24 21:00:00,43405.0
2023-01-24 23:00:00,43080.0
2023-01-25 00:00:00,43185.0
2023-01-25 01:00:00,42915.0
2023-01-25 02:00:00,43040.0
2023-01-25 03:00:00,43140.0
2023-01-25 04:00:00,43110.0
2023-01-25 05:00:00,43110.0
2023-01-25 06:00:00,43210.0
2023-01-25 07:00:00,43180.0
2023-01-25 09:00:00,43090.0
2023-01-25 10:00:00,43070.0
2023-01-25 11:00:00,43060.0
2023-01-25 12:00:00,43205.0
2023-01-25 13:00:00,43080.0
2023-01-25 14:00:00,42910.0
2023-01-25 15:00:00,43050.0
2023-01-25 16:00:00,43140.0
2023-01-25 17:00:00,43055.0
2023-01-25 18:00:00,43190.0
2023-01-25 19:00:00,43245.0
2023-01-25 20:00:00,43410.0
2023-01-25 21:00:00,44110.0
2023-01-25 23:00:00,43485.0
2023-01-26 00:00:00,43670.0
2023-01-26 01:00:00,43675.0
2023-01-26 02:00:00,43630.0
2023-01-26 03:00:00,43560.0
2023-01-26 04:00:00,43545.0
2023-01-26 05:00:00,43600.0
2023-01-26 06:00:00,43610.0
2023-01-26 07:00:00,43420.0
2023-01-26 08:00:00,43445.0
2023-01-26 09:00:00,43415.0
2023-01-26 10:00:00,43350.0
2023-01-26 11:00:00,43415.0
2023-01-26 12:00:00,43565.0
2023-01-26 13:00:00,43575.0
2023-01-26 14:00:00,43515.0
2023-01-26 15:00:00,43435.0
2023-01-26 16:00:00,43505.0
2023-01-26 17:00:00,43505.0
2023-01-26 18:00:00,43500.0
2023-01-26 19:00:00,43520.0
2023-01-26 20:00:00,43600.0
2023-01-26 21:00:00,43605.0
2023-01-26 23:00:00,43485.0
2023-01-27 00:00:00,43395.0
2023-01-27 01:00:00,43135.0
2023-01-27 02:00:00,43270.0
2023-01-27 03:00:00,43235.0
2023-01-27 04:00:00,43265.0
2023-01-27 05:00:00,43495.0
2023-01-27 06:00:00,43475.0
2023-01-27 07:00:00,43535.0
2023-01-27 08:00:00,43450.0
2023-01-27 09:00:00,43425.0
2023-01-27 10:00:00,43430.0
2023-01-27 11:00:00,43455.0
2023-01-27 12:00:00,43410.0
2023-01-27 13:00:00,43400.0
2023-01-27 14:00:00,43480.0
2023-01-27 15:00:00,43355.0
2023-01-27 16:00:00,43655.0
2023-01-27 17:00:00,43730.0
2023-01-27 18:00:00,43665.0
2023-01-27 19:00:00,43760.0
2023-01-27 20:00:00,43590.0
2023-01-27 21:00:00,43570.0
2023-01-29 23:00:00,44255.0
2023-01-30 00:00:00,44255.0
2023-01-30 01:00:00,44125.0
2023-01-30 02:00:00,44095.0
2023-01-30 03:00:00,44145.0
2023-01-30 04:00:00,44155.0
2023-01-30 05:00:00,44175.0
2023-01-30 06:00:00,43100.0
2023-01-30 07:00:00,44100.0
2023-01-30 08:00:00,43990.0
2023-01-30 09:00:00,43625.0
2023-01-30 10:00:00,43670.0
2023-01-30 11:00:00,43520.0
2023-01-30 12:00:00,43505.0
2023-01-30 13:00:00,43490.0
2023-01-30 14:00:00,43740.0
2023-01-30 15:00:00,43600.0
2023-01-30 16:00:00,43600.0
2023-01-30 17:00:00,43525.0
2023-01-30 18:00:00,43565.0
2023-01-30 19:00:00,43225.0
2023-01-30 20:00:00,43120.0
2023-01-30 21:00:00,43160.0
2023-01-30 23:00:00,43255.0
2023-01-31 00:00:00,43240.0
2023-01-31 01:00:00,43245.0
2023-01-31 02:00:00,43280.0
2023-01-31 03:00:00,43265.0
2023-01-31 04:00:00,43275.0
2023-01-31 05:00:00,43175.0
2023-01-31 06:00:00,43525.0
2023-01-31 07:00:00,43405.0
2023-01-31 08:00:00,43320.0
2023-01-31 09:00:00,43320.0
2023-01-31 10:00:00,43240.0
2023-01-31 11:00:00,43285.0
2023-01-31 12:00:00,43320.0
2023-01-31 13:00:00,43560.0
2023-01-31 14:00:00,43585.0
2023-01-31 15:00:00,43545.0
2023-01-31 16:00:00,43565.0
2023-01-31 17:00:00,43600.0
2023-01-31 18:00:00,43630.0
2023-01-31 19:00:00,43615.0
2023-01-31 20:00:00,43515.0
2023-01-31 21:00:00,43385.0
2023-01-31 23:00:00,43565.0
2023-02-01 00:00:00,43510.0
2023-02-01 01:00:00,43545.0
2023-02-01 02:00:00,43500.0
2023-02-01 03:00:00,43530.0
2023-02-01 04:00:00,43565.0
2023-02-01 05:00:00,43540.0
2023-02-01 06:00:00,44030.0
2023-02-01 07:00:00,43470.0
2023-02-01 08:00:00,43385.0
2023-02-01 09:00:00,43405.0
2023-02-01 10:00:00,43410.0
2023-02-01 11:00:00,43490.0
2023-02-01 12:00:00,43480.0
2023-02-01 13:00:00,43515.0
2023-02-01 14:00:00,43525.0
2023-02-01 15:00:00,43395.0
2023-02-01 16:00:00,43430.0
2023-02-01 17:00:00,43410.0
2023-02-01 18:00:00,43470.0
2023-02-01 19:00:00,43830.0
2023-02-01 20:00:00,44040.0
2023-02-01 21:00:00,44155.0
2023-02-01 23:00:00,44165.0
2023-02-02 00:00:00,44655.0
2023-02-02 01:00:00,44430.0
2023-02-02 02:00:00,44385.0
2023-02-02 03:00:00,44330.0
2023-02-02 04:00:00,44380.0
2023-02-02 05:00:00,44270.0
2023-02-02 06:00:00,44240.0
2023-02-02 07:00:00,44240.0
2023-02-02 08:00:00,44255.0
2023-02-02 09:00:00,44295.0
2023-02-02 10:00:00,44225.0
2023-02-02 11:00:00,44275.0
2023-02-02 12:00:00,44260.0
2023-02-02 13:00:00,44215.0
2023-02-02 14:00:00,44025.0
2023-02-02 15:00:00,44310.0
2023-02-02 16:00:00,44255.0
2023-02-02 17:00:00,44345.0
2023-02-02 18:00:00,44520.0
2023-02-02 19:00:00,44230.0
2023-02-02 20:00:00,44310.0
2023-02-02 21:00:00,43850.0
2023-02-02 23:00:00,43900.0
2023-02-03 00:00:00,43940.0
2023-02-03 01:00:00,43965.0
2023-02-03 02:00:00,43895.0
2023-02-03 03:00:00,43955.0
2023-02-03 04:00:00,43940.0
2023-02-03 05:00:00,43955.0
2023-02-03 06:00:00,43940.0
2023-02-03 07:00:00,43865.0
2023-02-03 08:00:00,43835.0
2023-02-03 09:00:00,43835.0
2023-02-03 10:00:00,43860.0
2023-02-03 11:00:00,43960.0
2023-02-03 12:00:00,43955.0
2023-02-03 13:00:00,43755.0
2023-02-03 14:00:00,43940.0
2023-02-03 15:00:00,44040.0
2023-02-03 16:00:00,43955.0
2023-02-03 17:00:00,43925.0
2023-02-03 18:00:00,43820.0
2023-02-03 19:00:00,43720.0
2023-02-03 20:00:00,43750.0
2023-02-03 21:00:00,43850.0
2023-02-05 23:00:00,43330.0
2023-02-06 00:00:00,43445.0
2023-02-06 01:00:00,43385.0
2023-02-06 02:00:00,43275.0
2023-02-06 03:00:00,43300.0
2023-02-06 04:00:00,43275.0
2023-02-06 05:00:00,43145.0
2023-02-06 06:00:00,43385.0
2023-02-06 07:00:00,43270.0
2023-02-06 08:00:00,43255.0
2023-02-06 09:00:00,43210.0
2023-02-06 10:00:00,43195.0
2023-02-06 11:00:00,43275.0
2023-02-06 12:00:00,43285.0
2023-02-06 13:00:00,43195.0
2023-02-06 14:00:00,43215.0
2023-02-06 15:00:00,43430.0
2023-02-06 16:00:00,43405.0
2023-02-06 17:00:00,43445.0
2023-02-06 18:00:00,43420.0
2023-02-06 19:00:00,43420.0
2023-02-06 20:00:00,43390.0
2023-02-06 21:00:00,43265.0
2023-02-06 23:00:00,43130.0
2023-02-07 00:00:00,43160.0
2023-02-07 01:00:00,43240.0
2023-02-07 02:00:00,43250.0
2023-02-07 03:00:00,43270.0
2023-02-07 04:00:00,43255.0
2023-02-07 05:00:00,43305.0
2023-02-07 06:00:00,43575.0
2023-02-07 07:00:00,43275.0
2023-02-07 08:00:00,43230.0
2023-02-07 09:00:00,43385.0
2023-02-07 10:00:00,43380.0
2023-02-07 11:00:00,43345.0
2023-02-07 12:00:00,43380.0
2023-02-07 13:00:00,43340.0
2023-02-07 14:00:00,43325.0
2023-02-07 15:00:00,43260.0
2023-02-07 16:00:00,43345.0
2023-02-07 17:00:00,43670.0
2023-02-07 18:00:00,43265.0
2023-02-07 19:00:00,43465.0
2023-02-07 20:00:00,43555.0
2023-02-07 21:00:00,43540.0
2023-02-07 23:00:00,43620.0
2023-02-08 00:00:00,43695.0
2023-02-08 01:00:00,43655.0
2023-02-08 02:00:00,43625.0
2023-02-08 03:00:00,43640.0
2023-02-08 04:00:00,43635.0
2023-02-08 05:00:00,43615.0
2023-02-08 06:00:00,43595.0
2023-02-08 07:00:00,43605.0
2023-02-08 08:00:00,43560.0
2023-02-08 09:00:00,43550.0
2023-02-08 10:00:00,43485.0
2023-02-08 11:00:00,43510.0
2023-02-08 12:00:00,43455.0
2023-02-08 13:00:00,43440.0
2023-02-08 14:00:00,43380.0
2023-02-08 15:00:00,43195.0
2023-02-08 16:00:00,43285.0
2023-02-08 17:00:00,43340.0
2023-02-08 18:00:00,43195.0
2023-02-08 19:00:00,43215.0
2023-02-08 20:00:00,43155.0
2023-02-08 21:00:00,43290.0
2023-02-08 23:00:00,43275.0
2023-02-09 00:00:00,43310.0
2023-02-09 01:00:00,43275.0
2023-02-09 02:00:00,43145.0
2023-02-09 03:00:00,42835.0
2023-02-09 04:00:00,42870.0
2023-02-09 05:00:00,42925.0
2023-02-09 06:00:00,43050.0
2023-02-09 07:00:00,43015.0
2023-02-09 08:00:00,43055.0
2023-02-09 09:00:00,43065.0
2023-02-09 10:00:00,43065.0
2023-02-09 11:00:00,43015.0
2023-02-09 12:00:00,43065.0
2023-02-09 13:00:00,43115.0
2023-02-09 14:00:00,43020.0
2023-02-09 15:00:00,42915.0
2023-02-09 16:00:00,42825.0
2023-02-09 17:00:00,42830.0
2023-02-09 18:00:00,42820.0
2023-02-09 19:00:00,42335.0
2023-02-09 20:00:00,42270.0
2023-02-09 21:00:00,42180.0
2023-02-09 23:00:00,42075.0
2023-02-10 00:00:00,42110.0
2023-02-10 01:00:00,42190.0
2023-02-10 02:00:00,42235.0
2023-02-10 03:00:00,42135.0
2023-02-10 04:00:00,42085.0
2023-02-10 05:00:00,42105.0
2023-02-10 06:00:00,42050.0
2023-02-10 07:00:00,42225.0
2023-02-10 08:00:00,42220.0
2023-02-10 09:00:00,42160.0
2023-02-10 10:00:00,42170.0
2023-02-10 11:00:00,42065.0
2023-02-10 12:00:00,42045.0
2023-02-10 13:00:00,42100.0
2023-02-10 14:00:00,42180.0
2023-02-10 15:00:00,41965.0
2023-02-10 16:00:00,41915.0
2023-02-10 17:00:00,42010.0
2023-02-10 18:00:00,42040.0
2023-02-10 19:00:00,42100.0
2023-02-10 20:00:00,42030.0
2023-02-10 21:00:00,41890.0
2023-02-12 23:00:00,42100.0
2023-02-13 00:00:00,42135.0
2023-02-13 01:00:00,42020.0
2023-02-13 02:00:00,42090.0
2023-02-13 03:00:00,42125.0
2023-02-13 04:00:00,42165.0
2023-02-13 05:00:00,42165.0
2023-02-13 06:00:00,42140.0
2023-02-13 07:00:00,42195.0
2023-02-13 08:00:00,42035.0
2023-02-13 09:00:00,41890.0
2023-02-13 10:00:00,41905.0
2023-02-13 11:00:00,41890.0
2023-02-13 12:00:00,41955.0
2023-02-13 13:00:00,41890.0
2023-02-13 14:00:00,41990.0
2023-02-13 15:00:00,41885.0
2023-02-13 16:00:00,41815.0
2023-02-13 17:00:00,41730.0
2023-02-13 18:00:00,41950.0
2023-02-13 19:00:00,41930.0
2023-02-13 20:00:00,42000.0
2023-02-13 21:00:00,41960.0
2023-02-13 23:00:00,42135.0
2023-02-14 00:00:00,42055.0
2023-02-14 01:00:00,42010.0
2023-02-14 02:00:00,42020.0
2023-02-14 03:00:00,42025.0
2023-02-14 04:00:00,42020.0
2023-02-14 05:00:00,42020.0
2023-02-14 06:00:00,42610.0
2023-02-14 07:00:00,42075.0
2023-02-14 08:00:00,42000.0
2023-02-14 09:00:00,42145.0
2023-02-14 10:00:00,42120.0
2023-02-14 11:00:00,42115.0
2023-02-14 12:00:00,42175.0
2023-02-14 13:00:00,42020.0
2023-02-14 14:00:00,42580.0
2023-02-14 15:00:00,42375.0
2023-02-14 16:00:00,42335.0
2023-02-14 17:00:00,42375.0
2023-02-14 18:00:00,42465.0
2023-02-14 19:00:00,42555.0
2023-02-14 20:00:00,42615.0
2023-02-14 21:00:00,42555.0
2023-02-14 23:00:00,42550.0
2023-02-15 00:00:00,42470.0
2023-02-15 01:00:00,42445.0
2023-02-15 02:00:00,42365.0
2023-02-15 03:00:00,42425.0
2023-02-15 04:00:00,42420.0
2023-02-15 05:00:00,42435.0
2023-02-15 06:00:00,44525.0
2023-02-15 07:00:00,42450.0
2023-02-15 08:00:00,42415.0
2023-02-15 09:00:00,42455.0
2023-02-15 10:00:00,42550.0
2023-02-15 11:00:00,42770.0
2023-02-15 12:00:00,43100.0
2023-02-15 13:00:00,43020.0
2023-02-15 14:00:00,42995.0
2023-02-15 15:00:00,43145.0
2023-02-15 16:00:00,43115.0
2023-02-15 17:00:00,43145.0
2023-02-15 18:00:00,43330.0
2023-02-15 19:00:00,43655.0
2023-02-15 20:00:00,44530.0
2023-02-15 21:00:00,44555.0
2023-02-15 23:00:00,44715.0
2023-02-16 00:00:00,44950.0
2023-02-16 01:00:00,45010.0
2023-02-16 02:00:00,45055.0
2023-02-16 03:00:00,45090.0
2023-02-16 04:00:00,45000.0
2023-02-16 05:00:00,45040.0
2023-02-16 06:00:00,45000.0
2023-02-16 07:00:00,44970.0
2023-02-16 08:00:00,44970.0
2023-02-16 09:00:00,45015.0
2023-02-16 10:00:00,44975.0
2023-02-16 11:00:00,44920.0
2023-02-16 12:00:00,44935.0
2023-02-16 13:00:00,44775.0
2023-02-16 14:00:00,44775.0
2023-02-16 15:00:00,45445.0
2023-02-16 16:00:00,45255.0
2023-02-16 17:00:00,45225.0
2023-02-16 18:00:00,45320.0
2023-02-16 19:00:00,45220.0
2023-02-16 20:00:00,44940.0
2023-02-16 21:00:00,44925.0
2023-02-16 23:00:00,43845.0
2023-02-17 00:00:00,44075.0
2023-02-17 01:00:00,44205.0
2023-02-17 02:00:00,44115.0
2023-02-17 03:00:00,44175.0
2023-02-17 04:00:00,44150.0
2023-02-17 05:00:00,44045.0
2023-02-17 06:00:00,44000.0
2023-02-17 07:00:00,43990.0
2023-02-17 08:00:00,44145.0
2023-02-17 09:00:00,44120.0
2023-02-17 10:00:00,44095.0
2023-02-17 11:00:00,44130.0
2023-02-17 12:00:00,44220.0
2023-02-17 13:00:00,44150.0
2023-02-17 14:00:00,44205.0
2023-02-17 15:00:00,44470.0
2023-02-17 16:00:00,44435.0
2023-02-17 17:00:00,44645.0
2023-02-17 18:00:00,44700.0
2023-02-17 19:00:00,44870.0
2023-02-17 20:00:00,45165.0
2023-02-17 21:00:00,44780.0
2023-02-19 23:00:00,44625.0
2023-02-20 00:00:00,44565.0
2023-02-20 01:00:00,44575.0
2023-02-20 02:00:00,44685.0
2023-02-20 03:00:00,44775.0
2023-02-20 04:00:00,44810.0
2023-02-20 05:00:00,44770.0
2023-02-20 06:00:00,44780.0
2023-02-20 07:00:00,44825.0
2023-02-20 08:00:00,44810.0
2023-02-20 09:00:00,45205.0
2023-02-20 10:00:00,45250.0
2023-02-20 11:00:00,45215.0
2023-02-20 12:00:00,45160.0
2023-02-20 13:00:00,45175.0
2023-02-20 14:00:00,45305.0
2023-02-20 15:00:00,45255.0
2023-02-20 16:00:00,45200.0
2023-02-20 17:00:00,45145.0
2023-02-20 18:00:00,45135.0
2023-02-20 19:00:00,45180.0
2023-02-20 20:00:00,45140.0
2023-02-20 21:00:00,45110.0
2023-02-20 23:00:00,45170.0
2023-02-21 00:00:00,45185.0
2023-02-21 01:00:00,45205.0
2023-02-21 02:00:00,45250.0
2023-02-21 03:00:00,45255.0
2023-02-21 04:00:00,45220.0
2023-02-21 05:00:00,45270.0
2023-02-21 06:00:00,45350.0
2023-02-21 07:00:00,45310.0
2023-02-21 08:00:00,44980.0
2023-02-21 09:00:00,45110.0
2023-02-21 10:00:00,45000.0
2023-02-21 11:00:00,44875.0
2023-02-21 12:00:00,44935.0
2023-02-21 13:00:00,44870.0
2023-02-21 14:00:00,44980.0
2023-02-21 15:00:00,44855.0
2023-02-21 16:00:00,44695.0
2023-02-21 17:00:00,44940.0
2023-02-21 18:00:00,44980.0
2023-02-21 19:00:00,44895.0
2023-02-21 20:00:00,44765.0
2023-02-21 21:00:00,44520.0
2023-02-21 23:00:00,44735.0
2023-02-22 00:00:00,44675.0
2023-02-22 01:00:00,44465.0
2023-02-22 02:00:00,44455.0
2023-02-22 03:00:00,44515.0
2023-02-22 04:00:00,44455.0
2023-02-22 05:00:00,44385.0
2023-02-22 06:00:00,44075.0
2023-02-22 07:00:00,44340.0
2023-02-22 08:00:00,44265.0
2023-02-22 09:00:00,44410.0
2023-02-22 10:00:00,44480.0
2023-02-22 11:00:00,44445.0
2023-02-22 12:00:00,44430.0
2023-02-22 13:00:00,44415.0
2023-02-22 14:00:00,44225.0
2023-02-22 15:00:00,44010.0
2023-02-22 16:00:00,43925.0
2023-02-22 17:00:00,44015.0
2023-02-22 18:00:00,44040.0
2023-02-22 19:00:00,44045.0
2023-02-22 20:00:00,44090.0
2023-02-22 21:00:00,44095.0
2023-02-22 23:00:00,44470.0
2023-02-23 00:00:00,44405.0
2023-02-23 01:00:00,44420.0
2023-02-23 02:00:00,44765.0
2023-02-23 03:00:00,44705.0
2023-02-23 04:00:00,44755.0
2023-02-23 05:00:00,44680.0
2023-02-23 06:00:00,44585.0
2023-02-23 07:00:00,44675.0
2023-02-23 08:00:00,44675.0
2023-02-23 09:00:00,44560.0
2023-02-23 10:00:00,44510.0
2023-02-23 11:00:00,43990.0
2023-02-23 12:00:00,44170.0
2023-02-23 13:00:00,44280.0
2023-02-23 14:00:00,44290.0
2023-02-23 15:00:00,44205.0
2023-02-23 16:00:00,44045.0
2023-02-23 17:00:00,44045.0
2023-02-23 18:00:00,44130.0
2023-02-23 19:00:00,44270.0
2023-02-23 20:00:00,44225.0
2023-02-23 21:00:00,44135.0
2023-02-23 23:00:00,44200.0
2023-02-24 00:00:00,44180.0
2023-02-24 01:00:00,44265.0
2023-02-24 02:00:00,44180.0
2023-02-24 03:00:00,44245.0
2023-02-24 04:00:00,44195.0
2023-02-24 05:00:00,44155.0
2023-02-24 06:00:00,43400.0
2023-02-24 07:00:00,44145.0
2023-02-24 08:00:00,44180.0
2023-02-24 09:00:00,44120.0
2023-02-24 10:00:00,44120.0
2023-02-24 11:00:00,44165.0
2023-02-24 12:00:00,44150.0
2023-02-24 13:00:00,44045.0
2023-02-24 14:00:00,44055.0
2023-02-24 15:00:00,43530.0
2023-02-24 16:00:00,43380.0
2023-02-24 17:00:00,43245.0
2023-02-24 18:00:00,43255.0
2023-02-24 19:00:00,43355.0
2023-02-24 20:00:00,43375.0
2023-02-24 21:00:00,43280.0
2023-02-26 23:00:00,43715.0
2023-02-27 00:00:00,43655.0
2023-02-27 01:00:00,43745.0
2023-02-27 02:00:00,43750.0
2023-02-27 03:00:00,43740.0
2023-02-27 04:00:00,43690.0
2023-02-27 05:00:00,43560.0
2023-02-27 06:00:00,43600.0
2023-02-27 07:00:00,43605.0
2023-02-27 08:00:00,43570.0
2023-02-27 09:00:00,43585.0
2023-02-27 10:00:00,43575.0
2023-02-27 11:00:00,43615.0
2023-02-27 12:00:00,43545.0
2023-02-27 13:00:00,43920.0
2023-02-27 14:00:00,44020.0
2023-02-27 15:00:00,43750.0
2023-02-27 16:00:00,43590.0
2023-02-27 17:00:00,43520.0
2023-02-27 18:00:00,43410.0
2023-02-27 19:00:00,43440.0
2023-02-27 20:00:00,43495.0
2023-02-27 21:00:00,43570.0
2023-02-27 23:00:00,43670.0
2023-02-28 00:00:00,43635.0
2023-02-28 01:00:00,43640.0
2023-02-28 02:00:00,43625.0
2023-02-28 03:00:00,43640.0
2023-02-28 04:00:00,43595.0
2023-02-28 05:00:00,43570.0
2023-02-28 06:00:00,43575.0
2023-02-28 07:00:00,43415.0
2023-02-28 08:00:00,43440.0
2023-02-28 09:00:00,43465.0
2023-02-28 10:00:00,43565.0
2023-02-28 11:00:00,43575.0
2023-02-28 12:00:00,43650.0
2023-02-28 13:00:00,43600.0
2023-02-28 14:00:00,43645.0
2023-02-28 15:00:00,43745.0
2023-02-28 16:00:00,43665.0
2023-02-28 17:00:00,43735.0
2023-02-28 18:00:00,43680.0
2023-02-28 19:00:00,43440.0
2023-02-28 20:00:00,43445.0
2023-02-28 21:00:00,43335.0
2023-02-28 23:00:00,43305.0
2023-03-01 00:00:00,43245.0
2023-03-01 01:00:00,43450.0
2023-03-01 02:00:00,43520.0
2023-03-01 03:00:00,43640.0
2023-03-01 04:00:00,43990.0
2023-03-01 05:00:00,43885.0
2023-03-01 06:00:00,43960.0
2023-03-01 07:00:00,43915.0
2023-03-01 08:00:00,44080.0
2023-03-01 09:00:00,43965.0
2023-03-01 10:00:00,43965.0
2023-03-01 11:00:00,43925.0
2023-03-01 12:00:00,43940.0
2023-03-01 13:00:00,43915.0
2023-03-01 14:00:00,43885.0
2023-03-01 15:00:00,43925.0
2023-03-01 16:00:00,43915.0
2023-03-01 17:00:00,43900.0
2023-03-01 18:00:00,43885.0
2023-03-01 19:00:00,43525.0
2023-03-01 20:00:00,43590.0
2023-03-01 21:00:00,43735.0
2023-03-01 23:00:00,43820.0
2023-03-02 00:00:00,43775.0
2023-03-02 01:00:00,43685.0
2023-03-02 02:00:00,43665.0
2023-03-02 03:00:00,43670.0
2023-03-02 04:00:00,43710.0
2023-03-02 05:00:00,43610.0
2023-03-02 06:00:00,43605.0
2023-03-02 07:00:00,43560.0
2023-03-02 08:00:00,43630.0
2023-03-02 09:00:00,43595.0
2023-03-02 10:00:00,43535.0
2023-03-02 11:00:00,43605.0
2023-03-02 12:00:00,43520.0
2023-03-02 13:00:00,43435.0
2023-03-02 14:00:00,43450.0
2023-03-02 15:00:00,43545.0
2023-03-02 16:00:00,43435.0
2023-03-02 17:00:00,43415.0
2023-03-02 18:00:00,43640.0
2023-03-02 19:00:00,43660.0
2023-03-02 20:00:00,43655.0
2023-03-02 21:00:00,43590.0
2023-03-02 23:00:00,43635.0
2023-03-03 00:00:00,43605.0
2023-03-03 01:00:00,42260.0
2023-03-03 02:00:00,42475.0
2023-03-03 03:00:00,42445.0
2023-03-03 04:00:00,42490.0
2023-03-03 05:00:00,42460.0
2023-03-03 06:00:00,42475.0
2023-03-03 07:00:00,42450.0
2023-03-03 08:00:00,42525.0
2023-03-03 09:00:00,42485.0
2023-03-03 10:00:00,42470.0
2023-03-03 11:00:00,42475.0
2023-03-03 12:00:00,42480.0
2023-03-03 13:00:00,42515.0
2023-03-03 14:00:00,42480.0
2023-03-03 15:00:00,42445.0
2023-03-03 16:00:00,42475.0
2023-03-03 17:00:00,42550.0
2023-03-03 18:00:00,42445.0
2023-03-03 19:00:00,42445.0
2023-03-03 20:00:00,42370.0
2023-03-03 21:00:00,42315.0
2023-03-05 23:00:00,42515.0
2023-03-06 00:00:00,42530.0
2023-03-06 01:00:00,42490.0
2023-03-06 02:00:00,42485.0
2023-03-06 03:00:00,42475.0
2023-03-06 04:00:00,42435.0
2023-03-06 05:00:00,42450.0
2023-03-06 06:00:00,42445.0
2023-03-06 07:00:00,42475.0
2023-03-06 08:00:00,42505.0
2023-03-06 09:00:00,42490.0
2023-03-06 10:00:00,42495.0
2023-03-06 11:00:00,42475.0
2023-03-06 12:00:00,42490.0
2023-03-06 13:00:00,42535.0
2023-03-06 14:00:00,42545.0
2023-03-06 15:00:00,42665.0
2023-03-06 16:00:00,42635.0
2023-03-06 17:00:00,42575.0
2023-03-06 18:00:00,42620.0
2023-03-06 19:00:00,42470.0
2023-03-06 20:00:00,42435.0
2023-03-06 21:00:00,42495.0
2023-03-06 23:00:00,42490.0
2023-03-07 00:00:00,42495.0
2023-03-07 01:00:00,42580.0
2023-03-07 02:00:00,42595.0
2023-03-07 03:00:00,42560.0
2023-03-07 04:00:00,42565.0
2023-03-07 05:00:00,42560.0
2023-03-07 06:00:00,42515.0
2023-03-07 07:00:00,42505.0
2023-03-07 08:00:00,42490.0
2023-03-07 09:00:00,42475.0
2023-03-07 10:00:00,42475.0
2023-03-07 11:00:00,42435.0
2023-03-07 12:00:00,42490.0
2023-03-07 13:00:00,42460.0
2023-03-07 14:00:00,42390.0
2023-03-07 15:00:00,42415.0
2023-03-07 16:00:00,42310.0
2023-03-07 17:00:00,42400.0
2023-03-07 18:00:00,42270.0
2023-03-07 19:00:00,42215.0
2023-03-07 20:00:00,42135.0
2023-03-07 21:00:00,42140.0
2023-03-07 23:00:00,42245.0
2023-03-08 00:00:00,42320.0
2023-03-08 01:00:00,42250.0
2023-03-08 02:00:00,42260.0
2023-03-08 03:00:00,42215.0
2023-03-08 04:00:00,42220.0
2023-03-08 05:00:00,42040.0
2023-03-08 06:00:00,42120.0
2023-03-08 07:00:00,42110.0
2023-03-08 08:00:00,42080.0
2023-03-08 09:00:00,42095.0
2023-03-08 10:00:00,42205.0
2023-03-08 11:00:00,42180.0
2023-03-08 12:00:00,42110.0
2023-03-08 13:00:00,42065.0
2023-03-08 14:00:00,42045.0
2023-03-08 15:00:00,42235.0
2023-03-08 16:00:00,42230.0
2023-03-08 17:00:00,42115.0
2023-03-08 18:00:00,42105.0
2023-03-08 19:00:00,42080.0
2023-03-08 20:00:00,42190.0
2023-03-08 21:00:00,42075.0
2023-03-08 23:00:00,41775.0
2023-03-09 00:00:00,41790.0
2023-03-09 01:00:00,41790.0
2023-03-09 02:00:00,41840.0
2023-03-09 03:00:00,41835.0
2023-03-09 04:00:00,41825.0
2023-03-09 05:00:00,41810.0
2023-03-09 06:00:00,41820.0
2023-03-09 07:00:00,41765.0
2023-03-09 08:00:00,41740.0
2023-03-09 09:00:00,41700.0
2023-03-09 10:00:00,41720.0
2023-03-09 11:00:00,41725.0
2023-03-09 12:00:00,41675.0
2023-03-09 13:00:00,41765.0
2023-03-09 14:00:00,41760.0
2023-03-09 15:00:00,41670.0
2023-03-09 16:00:00,41550.0
2023-03-09 17:00:00,41495.0
2023-03-09 18:00:00,41030.0
2023-03-09 19:00:00,40880.0
2023-03-09 20:00:00,40115.0
2023-03-09 21:00:00,40185.0
2023-03-09 23:00:00,40365.0
2023-03-10 00:00:00,40140.0
2023-03-10 01:00:00,40120.0
2023-03-10 02:00:00,40050.0
2023-03-10 03:00:00,40060.0
2023-03-10 04:00:00,39875.0
2023-03-10 05:00:00,40015.0
2023-03-10 06:00:00,39885.0
2023-03-10 07:00:00,39970.0
2023-03-10 08:00:00,39975.0
2023-03-10 09:00:00,39925.0
2023-03-10 10:00:00,39665.0
2023-03-10 11:00:00,39805.0
2023-03-10 12:00:00,39965.0
2023-03-10 13:00:00,40220.0
2023-03-10 14:00:00,39870.0
2023-03-10 15:00:00,40070.0
2023-03-10 16:00:00,40050.0
2023-03-10 17:00:00,39965.0
2023-03-10 18:00:00,39880.0
2023-03-10 19:00:00,40040.0
2023-03-10 20:00:00,40015.0
2023-03-10 21:00:00,40155.0
2023-03-12 22:00:00,41785.0
2023-03-12 23:00:00,42085.0
2023-03-13 00:00:00,42550.0
2023-03-13 01:00:00,42425.0
2023-03-13 02:00:00,42245.0
2023-03-13 03:00:00,42365.0
2023-03-13 04:00:00,42415.0
2023-03-13 05:00:00,44460.0
2023-03-13 06:00:00,42425.0
2023-03-13 07:00:00,42550.0
2023-03-13 08:00:00,42270.0
2023-03-13 09:00:00,42020.0
2023-03-13 10:00:00,42215.0
2023-03-13 11:00:00,42155.0
2023-03-13 12:00:00,42230.0
2023-03-13 13:00:00,42610.0
2023-03-13 14:00:00,43680.0
2023-03-13 15:00:00,44215.0
2023-03-13 16:00:00,44145.0
2023-03-13 17:00:00,44265.0
2023-03-13 18:00:00,44415.0
2023-03-13 19:00:00,44515.0
2023-03-13 20:00:00,44300.0
2023-03-13 22:00:00,44370.0
2023-03-13 23:00:00,44265.0
2023-03-14 00:00:00,44325.0
2023-03-14 01:00:00,44590.0
2023-03-14 02:00:00,44445.0
2023-03-14 03:00:00,44540.0
2023-03-14 04:00:00,44585.0
2023-03-14 05:00:00,45295.0
2023-03-14 06:00:00,44510.0
2023-03-14 07:00:00,44440.0
2023-03-14 08:00:00,44430.0
2023-03-14 09:00:00,44450.0
2023-03-14 10:00:00,44755.0
2023-03-14 11:00:00,44930.0
2023-03-14 12:00:00,46070.0
2023-03-14 13:00:00,46005.0
2023-03-14 14:00:00,45990.0
2023-03-14 15:00:00,46110.0
2023-03-14 16:00:00,46080.0
2023-03-14 17:00:00,45825.0
2023-03-14 18:00:00,45185.0
2023-03-14 19:00:00,45300.0
2023-03-14 20:00:00,44805.0
2023-03-14 22:00:00,44955.0
2023-03-14 23:00:00,44895.0
2023-03-15 00:00:00,44960.0
2023-03-15 01:00:00,45135.0
2023-03-15 02:00:00,45095.0
2023-03-15 03:00:00,44955.0
2023-03-15 04:00:00,45020.0
2023-03-15 05:00:00,44545.0
2023-03-15 06:00:00,45040.0
2023-03-15 07:00:00,45140.0
2023-03-15 08:00:00,45045.0
2023-03-15 09:00:00,44790.0
2023-03-15 10:00:00,44785.0
2023-03-15 11:00:00,45010.0
2023-03-15 12:00:00,45110.0
2023-03-15 13:00:00,45035.0
2023-03-15 14:00:00,45015.0
2023-03-15 15:00:00,44720.0
2023-03-15 16:00:00,44320.0
2023-03-15 17:00:00,44505.0
2023-03-15 18:00:00,44570.0
2023-03-15 19:00:00,44605.0
2023-03-15 20:00:00,44500.0
2023-03-15 22:00:00,44595.0
2023-03-15 23:00:00,44480.0
2023-03-16 00:00:00,44450.0
2023-03-16 01:00:00,44530.0
2023-03-16 02:00:00,44570.0
2023-03-16 03:00:00,44450.0
2023-03-16 04:00:00,44460.0
2023-03-16 05:00:00,44540.0
2023-03-16 06:00:00,44760.0
2023-03-16 07:00:00,44820.0
2023-03-16 08:00:00,44780.0
2023-03-16 09:00:00,44870.0
2023-03-16 10:00:00,45140.0
2023-03-16 11:00:00,45025.0
2023-03-16 12:00:00,44885.0
2023-03-16 13:00:00,45020.0
2023-03-16 14:00:00,45060.0
2023-03-16 15:00:00,45060.0
2023-03-16 16:00:00,44985.0
2023-03-16 17:00:00,44860.0
2023-03-16 18:00:00,44985.0
2023-03-16 19:00:00,45145.0
2023-03-16 20:00:00,44845.0
2023-03-16 22:00:00,45190.0
2023-03-16 23:00:00,45190.0
2023-03-17 00:00:00,45085.0
2023-03-17 01:00:00,45875.0
2023-03-17 02:00:00,45790.0
2023-03-17 03:00:00,45990.0
2023-03-17 04:00:00,45945.0
2023-03-17 05:00:00,45945.0
2023-03-17 06:00:00,46365.0
2023-03-17 07:00:00,46290.0
2023-03-17 08:00:00,46200.0
2023-03-17 09:00:00,46475.0
2023-03-17 10:00:00,46965.0
2023-03-17 11:00:00,47155.0
2023-03-17 12:00:00,46845.0
2023-03-17 13:00:00,46675.0
2023-03-17 14:00:00,46560.0
2023-03-17 15:00:00,46660.0
2023-03-17 16:00:00,46665.0
2023-03-17 17:00:00,46735.0
2023-03-17 18:00:00,46850.0
2023-03-17 19:00:00,47125.0
2023-03-17 20:00:00,47050.0
2023-03-19 22:00:00,48395.0
2023-03-19 23:00:00,48205.0
2023-03-20 00:00:00,48055.0
2023-03-20 01:00:00,47890.0
2023-03-20 02:00:00,47635.0
2023-03-20 03:00:00,47515.0
2023-03-20 04:00:00,47630.0
2023-03-20 05:00:00,48000.0
2023-03-20 06:00:00,47890.0
2023-03-20 07:00:00,48510.0
2023-03-20 08:00:00,48620.0
2023-03-20 09:00:00,48525.0
2023-03-20 10:00:00,48405.0
2023-03-20 11:00:00,48520.0
2023-03-20 12:00:00,48500.0
2023-03-20 13:00:00,48055.0
2023-03-20 14:00:00,48310.0
2023-03-20 15:00:00,47930.0
2023-03-20 16:00:00,47795.0
2023-03-20 17:00:00,47860.0
2023-03-20 18:00:00,48250.0
2023-03-20 19:00:00,48000.0
2023-03-20 20:00:00,48235.0
2023-03-20 22:00:00,48170.0
2023-03-20 23:00:00,47970.0
2023-03-21 00:00:00,48185.0
2023-03-21 01:00:00,48155.0
2023-03-21 02:00:00,48055.0
2023-03-21 03:00:00,48030.0
2023-03-21 04:00:00,48195.0
2023-03-21 05:00:00,48365.0
2023-03-21 06:00:00,47900.0
2023-03-21 07:00:00,47760.0
2023-03-21 08:00:00,47910.0
2023-03-21 09:00:00,48195.0
2023-03-21 10:00:00,48225.0
2023-03-21 11:00:00,48285.0
2023-03-21 12:00:00,48430.0
2023-03-21 13:00:00,48290.0
2023-03-21 14:00:00,48135.0
2023-03-21 15:00:00,48315.0
2023-03-21 16:00:00,48635.0
2023-03-21 17:00:00,48280.0
2023-03-21 18:00:00,48400.0
2023-03-21 19:00:00,48390.0
2023-03-21 20:00:00,48295.0
2023-03-21 22:00:00,48270.0
2023-03-21 23:00:00,48315.0
2023-03-22 00:00:00,48225.0
2023-03-22 01:00:00,48295.0
2023-03-22 02:00:00,48290.0
2023-03-22 03:00:00,48390.0
2023-03-22 04:00:00,48430.0
2023-03-22 05:00:00,46855.0
2023-03-22 06:00:00,48425.0
2023-03-22 07:00:00,48300.0
2023-03-22 08:00:00,48285.0
2023-03-22 09:00:00,48325.0
2023-03-22 10:00:00,48380.0
2023-03-22 11:00:00,48345.0
2023-03-22 12:00:00,48485.0
2023-03-22 13:00:00,48545.0
2023-03-22 14:00:00,48810.0
2023-03-22 15:00:00,48835.0
2023-03-22 16:00:00,48870.0
2023-03-22 17:00:00,48690.0
2023-03-22 18:00:00,48210.0
2023-03-22 19:00:00,46780.0
2023-03-22 20:00:00,47480.0
2023-03-22 22:00:00,47365.0
2023-03-22 23:00:00,47425.0
2023-03-23 00:00:00,47460.0
2023-03-23 01:00:00,47490.0
2023-03-23 02:00:00,47515.0
2023-03-23 03:00:00,47580.0
2023-03-23 04:00:00,47490.0
2023-03-23 05:00:00,48665.0
2023-03-23 06:00:00,47835.0
2023-03-23 07:00:00,47835.0
2023-03-23 08:00:00,47785.0
2023-03-23 09:00:00,47820.0
2023-03-23 10:00:00,47850.0
2023-03-23 11:00:00,47805.0
2023-03-23 12:00:00,47775.0
2023-03-23 13:00:00,47565.0
2023-03-23 14:00:00,48240.0
2023-03-23 15:00:00,48915.0
2023-03-23 16:00:00,48690.0
2023-03-23 17:00:00,48490.0
2023-03-23 18:00:00,48140.0
2023-03-23 19:00:00,48665.0
2023-03-23 20:00:00,48495.0
2023-03-23 22:00:00,48470.0
2023-03-23 23:00:00,48590.0
2023-03-24 00:00:00,48465.0
2023-03-24 01:00:00,48500.0
2023-03-24 05:00:00,48015.0
2023-03-24 06:00:00,48620.0
2023-03-24 07:00:00,48365.0
2023-03-24 08:00:00,48220.0
2023-03-24 09:00:00,48265.0
2023-03-24 10:00:00,48240.0
2023-03-24 11:00:00,47830.0
2023-03-24 12:00:00,48200.0
2023-03-24 13:00:00,48165.0
2023-03-24 14:00:00,48250.0
2023-03-24 15:00:00,48260.0
2023-03-24 16:00:00,48140.0
2023-03-24 17:00:00,47815.0
2023-03-24 18:00:00,48005.0
2023-03-24 19:00:00,48075.0
2023-03-24 20:00:00,47840.0
2023-03-26 22:00:00,48140.0
2023-03-26 23:00:00,48165.0
2023-03-27 00:00:00,48235.0
2023-03-27 01:00:00,48035.0
2023-03-27 02:00:00,48125.0
2023-03-27 03:00:00,48175.0
2023-03-27 04:00:00,48115.0
2023-03-27 05:00:00,47135.0
2023-03-27 07:00:00,48025.0
2023-03-27 08:00:00,48005.0
2023-03-27 10:00:00,48145.0
2023-03-27 11:00:00,48195.0
2023-03-27 12:00:00,47950.0
2023-03-27 13:00:00,47870.0
2023-03-27 14:00:00,47200.0
2023-03-27 15:00:00,47115.0
2023-03-27 16:00:00,47295.0
2023-03-27 17:00:00,47130.0
2023-03-27 18:00:00,47335.0
2023-03-27 19:00:00,47155.0
2023-03-27 20:00:00,47235.0
2023-03-27 22:00:00,47295.0
2023-03-27 23:00:00,47295.0
2023-03-28 00:00:00,47110.0
2023-03-28 01:00:00,47295.0
2023-03-28 03:00:00,47090.0
2023-03-28 04:00:00,47110.0
2023-03-28 05:00:00,47060.0
2023-03-28 06:00:00,47275.0
2023-03-28 07:00:00,47160.0
2023-03-28 08:00:00,47190.0
2023-03-28 09:00:00,47085.0
2023-03-28 10:00:00,46875.0
2023-03-28 11:00:00,47280.0
2023-03-28 12:00:00,47105.0
2023-03-28 13:00:00,47050.0
2023-03-28 14:00:00,47120.0
2023-03-28 15:00:00,47225.0
2023-03-28 16:00:00,47010.0
2023-03-28 17:00:00,46980.0
2023-03-28 18:00:00,47380.0
2023-03-28 19:00:00,47530.0
2023-03-28 20:00:00,47425.0
2023-03-28 22:00:00,47325.0
2023-03-28 23:00:00,47400.0
2023-03-29 00:00:00,47405.0
2023-03-29 01:00:00,47575.0
2023-03-29 02:00:00,47550.0
2023-03-29 03:00:00,47495.0
2023-03-29 04:00:00,47690.0
2023-03-29 05:00:00,47720.0
2023-03-29 06:00:00,48170.0
2023-03-29 07:00:00,48265.0
2023-03-29 08:00:00,48735.0
2023-03-29 09:00:00,48515.0
2023-03-29 10:00:00,48515.0
2023-03-29 11:00:00,48540.0
2023-03-29 12:00:00,48595.0
2023-03-29 13:00:00,48545.0
2023-03-29 14:00:00,48405.0
2023-03-29 15:00:00,48610.0
2023-03-29 16:00:00,48280.0
2023-03-29 17:00:00,48390.0
2023-03-29 18:00:00,48465.0
2023-03-29 19:00:00,48555.0
2023-03-29 20:00:00,48585.0
2023-03-29 22:00:00,48575.0
2023-03-29 23:00:00,48480.0
2023-03-30 00:00:00,48425.0
2023-03-30 01:00:00,48495.0
2023-03-30 02:00:00,49140.0
2023-03-30 03:00:00,48630.0
2023-03-30 04:00:00,48790.0
2023-03-30 05:00:00,48135.0
2023-03-30 06:00:00,48825.0
2023-03-30 07:00:00,48890.0
2023-03-30 08:00:00,48785.0
2023-03-30 09:00:00,48760.0
2023-03-30 10:00:00,48730.0
2023-03-30 11:00:00,48795.0
2023-03-30 12:00:00,48810.0
2023-03-30 13:00:00,48670.0
2023-03-30 14:00:00,48570.0
2023-03-30 15:00:00,48470.0
2023-03-30 16:00:00,48430.0
2023-03-30 17:00:00,47905.0
2023-03-30 18:00:00,48030.0
2023-03-30 19:00:00,48125.0
2023-03-30 20:00:00,48300.0
2023-03-30 22:00:00,48075.0
2023-03-30 23:00:00,48170.0
2023-03-31 00:00:00,48380.0
2023-03-31 01:00:00,48285.0
2023-03-31 02:00:00,48270.0
2023-03-31 03:00:00,48335.0
2023-03-31 04:00:00,48345.0
2023-03-31 05:00:00,48655.0
2023-03-31 06:00:00,48235.0
2023-03-31 07:00:00,47890.0
2023-03-31 08:00:00,47940.0
2023-03-31 09:00:00,47955.0
2023-03-31 10:00:00,48035.0
2023-03-31 11:00:00,48100.0
2023-03-31 12:00:00,48280.0
2023-03-31 13:00:00,48570.0
2023-03-31 14:00:00,48755.0
2023-03-31 15:00:00,48700.0
2023-03-31 16:00:00,48655.0
2023-03-31 17:00:00,48535.0
2023-03-31 18:00:00,48520.0
2023-03-31 19:00:00,48650.0
2023-03-31 20:00:00,48655.0
2023-04-02 22:00:00,48280.0
2023-04-02 23:00:00,48365.0
2023-04-03 00:00:00,48285.0
2023-04-03 01:00:00,47825.0
2023-04-03 02:00:00,47840.0
2023-04-03 03:00:00,47870.0
2023-04-03 04:00:00,47845.0
2023-04-03 05:00:00,48180.0
2023-04-03 06:00:00,47905.0
2023-04-03 07:00:00,48110.0
2023-04-03 08:00:00,48505.0
2023-04-03 09:00:00,48515.0
2023-04-03 10:00:00,48485.0
2023-04-03 11:00:00,48445.0
2023-04-03 12:00:00,48300.0
2023-04-03 13:00:00,48390.0
2023-04-03 14:00:00,48115.0
2023-04-03 15:00:00,48175.0
2023-04-03 16:00:00,48045.0
2023-04-03 17:00:00,48085.0
2023-04-03 18:00:00,48265.0
2023-04-03 19:00:00,48190.0
2023-04-03 20:00:00,47690.0
2023-04-03 22:00:00,47885.0
2023-04-03 23:00:00,47890.0
2023-04-04 00:00:00,47830.0
2023-04-04 01:00:00,47880.0
2023-04-04 02:00:00,47945.0
2023-04-04 03:00:00,47965.0
2023-04-04 04:00:00,47910.0
2023-04-04 05:00:00,48290.0
2023-04-04 06:00:00,48175.0
2023-04-04 07:00:00,48120.0
2023-04-04 08:00:00,48210.0
2023-04-04 09:00:00,48320.0
2023-04-04 10:00:00,48335.0
2023-04-04 11:00:00,48410.0
2023-04-04 12:00:00,48375.0
2023-04-04 13:00:00,48200.0
2023-04-04 14:00:00,48210.0
2023-04-04 15:00:00,48115.0
2023-04-04 16:00:00,48200.0
2023-04-04 17:00:00,48315.0
2023-04-04 18:00:00,48175.0
2023-04-04 19:00:00,48285.0
2023-04-04 20:00:00,48345.0
2023-04-04 22:00:00,48255.0
2023-04-04 23:00:00,48235.0
2023-04-05 00:00:00,48780.0
2023-04-05 01:00:00,48690.0
2023-04-05 02:00:00,48670.0
2023-04-05 03:00:00,48640.0
2023-04-05 04:00:00,48620.0
2023-04-05 05:00:00,48300.0
2023-04-05 06:00:00,48640.0
2023-04-05 07:00:00,48605.0
2023-04-05 08:00:00,48660.0
2023-04-05 09:00:00,48620.0
2023-04-05 10:00:00,48595.0
2023-04-05 11:00:00,48635.0
2023-04-05 12:00:00,48660.0
2023-04-05 13:00:00,48520.0
2023-04-05 14:00:00,48180.0
2023-04-05 15:00:00,48080.0
2023-04-05 16:00:00,47985.0
2023-04-05 17:00:00,48055.0
2023-04-05 18:00:00,48060.0
2023-04-05 19:00:00,48280.0
2023-04-05 20:00:00,48200.0
2023-04-05 22:00:00,48215.0
2023-04-05 23:00:00,48220.0
2023-04-06 00:00:00,48030.0
2023-04-06 01:00:00,48140.0
2023-04-06 02:00:00,48080.0
2023-04-06 03:00:00,48185.0
2023-04-06 04:00:00,48105.0
2023-04-06 05:00:00,48070.0
2023-04-06 06:00:00,48100.0
2023-04-06 07:00:00,47945.0
2023-04-06 08:00:00,47960.0
2023-04-06 09:00:00,47915.0
2023-04-06 10:00:00,47840.0
2023-04-06 11:00:00,47940.0
2023-04-06 12:00:00,47915.0
2023-04-06 13:00:00,47875.0
2023-04-06 14:00:00,47980.0
2023-04-06 15:00:00,48165.0
2023-04-06 16:00:00,48115.0
2023-04-06 17:00:00,48105.0
2023-04-06 18:00:00,48070.0
2023-04-06 19:00:00,48050.0
2023-04-06 20:00:00,47975.0
2023-04-06 22:00:00,48045.0
2023-04-06 23:00:00,48065.0
2023-04-07 00:00:00,48110.0
2023-04-07 02:00:00,47985.0
2023-04-07 03:00:00,48075.0
2023-04-07 04:00:00,48025.0
2023-04-07 05:00:00,48010.0
2023-04-07 06:00:00,47950.0
2023-04-07 07:00:00,47790.0
2023-04-07 08:00:00,47880.0
2023-04-07 09:00:00,47915.0
2023-04-07 10:00:00,47965.0
2023-04-07 11:00:00,47855.0
2023-04-07 12:00:00,47940.0
2023-04-07 13:00:00,47930.0
2023-04-07 14:00:00,47965.0
2023-04-07 15:00:00,47975.0
2023-04-09 22:00:00,48395.0
2023-04-09 23:00:00,48385.0
2023-04-10 00:00:00,48450.0
2023-04-10 01:00:00,48365.0
2023-04-10 02:00:00,48370.0
2023-04-10 03:00:00,48330.0
2023-04-10 04:00:00,48265.0
2023-04-10 05:00:00,49335.0
2023-04-10 06:00:00,48310.0
2023-04-10 07:00:00,48320.0
2023-04-10 08:00:00,48335.0
2023-04-10 09:00:00,48325.0
2023-04-10 10:00:00,48365.0
2023-04-10 11:00:00,48325.0
2023-04-10 12:00:00,48350.0
2023-04-10 13:00:00,48220.0
2023-04-10 14:00:00,48375.0
2023-04-10 15:00:00,48525.0
2023-04-10 16:00:00,49320.0
2023-04-10 17:00:00,49395.0
2023-04-10 18:00:00,49515.0
2023-04-10 19:00:00,49300.0
2023-04-10 20:00:00,49255.0
2023-04-10 22:00:00,49740.0
2023-04-10 23:00:00,49815.0
2023-04-11 00:00:00,50035.0
2023-04-11 01:00:00,50315.0
2023-04-11 02:00:00,50220.0
2023-04-11 03:00:00,50230.0
2023-04-11 04:00:00,50220.0
2023-04-11 05:00:00,50240.0
2023-04-11 06:00:00,50175.0
2023-04-11 07:00:00,50245.0
2023-04-11 08:00:00,50235.0
2023-04-11 09:00:00,50150.0
2023-04-11 10:00:00,50240.0
2023-04-11 11:00:00,50160.0
2023-04-11 12:00:00,50235.0
2023-04-11 13:00:00,50375.0
2023-04-11 14:00:00,50155.0
2023-04-11 15:00:00,50330.0
2023-04-11 16:00:00,50270.0
2023-04-11 17:00:00,50325.0
2023-04-11 18:00:00,50360.0
2023-04-11 19:00:00,50220.0
2023-04-11 20:00:00,50290.0
2023-04-11 22:00:00,50385.0
2023-04-11 23:00:00,50335.0
2023-04-12 00:00:00,50355.0
2023-04-12 01:00:00,50280.0
2023-04-12 02:00:00,50010.0
2023-04-12 03:00:00,50025.0
2023-04-12 04:00:00,50105.0
2023-04-12 05:00:00,49840.0
2023-04-12 06:00:00,50035.0
2023-04-12 07:00:00,50085.0
2023-04-12 08:00:00,50010.0
2023-04-12 09:00:00,50080.0
2023-04-12 10:00:00,50100.0
2023-04-12 11:00:00,50125.0
2023-04-12 12:00:00,50305.0
2023-04-12 13:00:00,50105.0
2023-04-12 14:00:00,50110.0
2023-04-12 15:00:00,50035.0
2023-04-12 16:00:00,50055.0
2023-04-12 17:00:00,50120.0
2023-04-12 18:00:00,49985.0
2023-04-12 19:00:00,49870.0
2023-04-12 20:00:00,50010.0
2023-04-12 22:00:00,49900.0
2023-04-12 23:00:00,49910.0
2023-04-13 00:00:00,50035.0
2023-04-13 01:00:00,50120.0
2023-04-13 02:00:00,50160.0
2023-04-13 03:00:00,50150.0
2023-04-13 04:00:00,50085.0
2023-04-13 05:00:00,50445.0
2023-04-13 06:00:00,50070.0
2023-04-13 07:00:00,50125.0
2023-04-13 08:00:00,50280.0
2023-04-13 09:00:00,50280.0
2023-04-13 10:00:00,50325.0
2023-04-13 11:00:00,50255.0
2023-04-13 12:00:00,50430.0
2023-04-13 13:00:00,50315.0
2023-04-13 14:00:00,50660.0
2023-04-13 15:00:00,50610.0
2023-04-13 16:00:00,50420.0
2023-04-13 17:00:00,50580.0
2023-04-13 18:00:00,50585.0
2023-04-13 19:00:00,50455.0
2023-04-13 20:00:00,50345.0
2023-04-13 22:00:00,50385.0
2023-04-13 23:00:00,50435.0
2023-04-14 00:00:00,50815.0
2023-04-14 01:00:00,50845.0
2023-04-14 02:00:00,50675.0
2023-04-14 03:00:00,50775.0
2023-04-14 04:00:00,50795.0
2023-04-14 05:00:00,50385.0
2023-04-14 06:00:00,51005.0
2023-04-14 07:00:00,50800.0
2023-04-14 08:00:00,50795.0
2023-04-14 09:00:00,50860.0
2023-04-14 10:00:00,50860.0
2023-04-14 11:00:00,50910.0
2023-04-14 12:00:00,50675.0
2023-04-14 13:00:00,50820.0
2023-04-14 14:00:00,50630.0
2023-04-14 15:00:00,50235.0
2023-04-14 16:00:00,50160.0
2023-04-14 17:00:00,50295.0
2023-04-14 18:00:00,50320.0
2023-04-14 19:00:00,50400.0
2023-04-14 20:00:00,50510.0
2023-04-16 22:00:00,50405.0
2023-04-16 23:00:00,50350.0
2023-04-17 00:00:00,49850.0
2023-04-17 01:00:00,50000.0
2023-04-17 02:00:00,50080.0
2023-04-17 03:00:00,50020.0
2023-04-17 04:00:00,50005.0
2023-04-17 05:00:00,50030.0
2023-04-17 06:00:00,49930.0
2023-04-17 07:00:00,49875.0
2023-04-17 08:00:00,49940.0
2023-04-17 09:00:00,49885.0
2023-04-17 10:00:00,49890.0
2023-04-17 11:00:00,49590.0
2023-04-17 12:00:00,49510.0
2023-04-17 13:00:00,49345.0
2023-04-17 14:00:00,49405.0
2023-04-17 15:00:00,49345.0
2023-04-17 16:00:00,49445.0
2023-04-17 17:00:00,49460.0
2023-04-17 18:00:00,49520.0
2023-04-17 19:00:00,49460.0
2023-04-17 20:00:00,49440.0
2023-04-17 22:00:00,49485.0
2023-04-17 23:00:00,49425.0
2023-04-18 00:00:00,49325.0
2023-04-18 01:00:00,49360.0
2023-04-18 02:00:00,49455.0
2023-04-18 03:00:00,49465.0
2023-04-18 04:00:00,49470.0
2023-04-18 05:00:00,49530.0
2023-04-18 06:00:00,49680.0
2023-04-18 07:00:00,49780.0
2023-04-18 08:00:00,49695.0
2023-04-18 09:00:00,49875.0
2023-04-18 10:00:00,49885.0
2023-04-18 11:00:00,50390.0
2023-04-18 12:00:00,50300.0
2023-04-18 13:00:00,50385.0
2023-04-18 14:00:00,50250.0
2023-04-18 15:00:00,50165.0
2023-04-18 16:00:00,50235.0
2023-04-18 17:00:00,50030.0
2023-04-18 18:00:00,50125.0
2023-04-18 19:00:00,50245.0
2023-04-18 20:00:00,50450.0
2023-04-18 22:00:00,50360.0
2023-04-18 23:00:00,50380.0
2023-04-19 00:00:00,50305.0
2023-04-19 01:00:00,50210.0
2023-04-19 02:00:00,50160.0
2023-04-19 03:00:00,50190.0
2023-04-19 04:00:00,50160.0
2023-04-19 05:00:00,49180.0
2023-04-19 06:00:00,49980.0
2023-04-19 07:00:00,50065.0
2023-04-19 08:00:00,49115.0
2023-04-19 09:00:00,49130.0
2023-04-19 10:00:00,49205.0
2023-04-19 11:00:00,49245.0
2023-04-19 12:00:00,49175.0
2023-04-19 13:00:00,49290.0
2023-04-19 14:00:00,49395.0
2023-04-19 15:00:00,49235.0
2023-04-19 16:00:00,49305.0
2023-04-19 17:00:00,49265.0
2023-04-19 18:00:00,49230.0
2023-04-19 19:00:00,49190.0
2023-04-19 20:00:00,49195.0
2023-04-19 22:00:00,49045.0
2023-04-19 23:00:00,48750.0
2023-04-20 00:00:00,48835.0
2023-04-20 01:00:00,48870.0
2023-04-20 02:00:00,48690.0
2023-04-20 03:00:00,48815.0
2023-04-20 04:00:00,48810.0
2023-04-20 05:00:00,48010.0
2023-04-20 06:00:00,48885.0
2023-04-20 07:00:00,48815.0
2023-04-20 08:00:00,48785.0
2023-04-20 09:00:00,48820.0
2023-04-20 10:00:00,48795.0
2023-04-20 11:00:00,48575.0
2023-04-20 12:00:00,48850.0
2023-04-20 13:00:00,48800.0
2023-04-20 14:00:00,48665.0
2023-04-20 15:00:00,48445.0
2023-04-20 16:00:00,48380.0
2023-04-20 17:00:00,48445.0
2023-04-20 18:00:00,48300.0
2023-04-20 19:00:00,48010.0
2023-04-20 20:00:00,48150.0
2023-04-20 22:00:00,48155.0
2023-04-20 23:00:00,48155.0
2023-04-21 00:00:00,48215.0
2023-04-21 01:00:00,48135.0
2023-04-21 02:00:00,48130.0
2023-04-21 03:00:00,48250.0
2023-04-21 04:00:00,48160.0
2023-04-21 05:00:00,47225.0
2023-04-21 06:00:00,47820.0
2023-04-21 07:00:00,48100.0
2023-04-21 08:00:00,48025.0
2023-04-21 09:00:00,47995.0
2023-04-21 10:00:00,47925.0
2023-04-21 11:00:00,47985.0
2023-04-21 12:00:00,48155.0
2023-04-21 13:00:00,48035.0
2023-04-21 14:00:00,47975.0
2023-04-21 15:00:00,47975.0
2023-04-21 16:00:00,47960.0
2023-04-21 17:00:00,47840.0
2023-04-21 18:00:00,47720.0
2023-04-21 19:00:00,47210.0
2023-04-21 20:00:00,47160.0
2023-04-23 22:00:00,47510.0
2023-04-23 23:00:00,47535.0
2023-04-24 00:00:00,47715.0
2023-04-24 01:00:00,47630.0
2023-04-24 02:00:00,47620.0
2023-04-24 03:00:00,47695.0
2023-04-24 04:00:00,47615.0
2023-04-24 05:00:00,47310.0
2023-04-24 06:00:00,47490.0
2023-04-24 07:00:00,47385.0
2023-04-24 08:00:00,47110.0
2023-04-24 09:00:00,47220.0
2023-04-24 10:00:00,47280.0
2023-04-24 11:00:00,47345.0
2023-04-24 12:00:00,47365.0
2023-04-24 13:00:00,47545.0
2023-04-24 14:00:00,47315.0
2023-04-24 15:00:00,47190.0
2023-04-24 16:00:00,47005.0
2023-04-24 17:00:00,47295.0
2023-04-24 18:00:00,47275.0
2023-04-24 19:00:00,47310.0
2023-04-24 20:00:00,47400.0
2023-04-24 22:00:00,47365.0
2023-04-24 23:00:00,47470.0
2023-04-25 00:00:00,47375.0
2023-04-25 01:00:00,47325.0
2023-04-25 03:00:00,47280.0
2023-04-25 04:00:00,47260.0
2023-04-25 05:00:00,47365.0
2023-04-25 06:00:00,47295.0
2023-04-25 07:00:00,47155.0
2023-04-25 08:00:00,47340.0
2023-04-25 09:00:00,47215.0
2023-04-25 10:00:00,47245.0
2023-04-25 11:00:00,47245.0
2023-04-25 12:00:00,47265.0
2023-04-25 13:00:00,47225.0
2023-04-25 14:00:00,47145.0
2023-04-25 15:00:00,47230.0
2023-04-25 16:00:00,47340.0
2023-04-25 17:00:00,47550.0
2023-04-25 18:00:00,47485.0
2023-04-25 19:00:00,47525.0
2023-04-25 20:00:00,47965.0
2023-04-25 22:00:00,48165.0
2023-04-25 23:00:00,48285.0
2023-04-26 00:00:00,48305.0
2023-04-26 01:00:00,48310.0
2023-04-26 03:00:00,48330.0
2023-04-26 04:00:00,48230.0
2023-04-26 05:00:00,47870.0
2023-04-26 06:00:00,48330.0
2023-04-26 07:00:00,48245.0
2023-04-26 08:00:00,48630.0
2023-04-26 09:00:00,48865.0
2023-04-26 10:00:00,48980.0
2023-04-26 11:00:00,48905.0
2023-04-26 12:00:00,49940.0
2023-04-26 13:00:00,49795.0
2023-04-26 14:00:00,49685.0
2023-04-26 15:00:00,49795.0
2023-04-26 16:00:00,49780.0
2023-04-26 17:00:00,49675.0
2023-04-26 18:00:00,49690.0
2023-04-26 19:00:00,47880.0
2023-04-26 20:00:00,48395.0
2023-04-26 22:00:00,48280.0
2023-04-26 23:00:00,48390.0
2023-04-27 00:00:00,49200.0
2023-04-27 01:00:00,48665.0
2023-04-27 02:00:00,49030.0
2023-04-27 03:00:00,48850.0
2023-04-27 04:00:00,49040.0
2023-04-27 05:00:00,49085.0
2023-04-27 06:00:00,48765.0
2023-04-27 07:00:00,48815.0
2023-04-27 08:00:00,48935.0
2023-04-27 09:00:00,48975.0
2023-04-27 10:00:00,48950.0
2023-04-27 11:00:00,48905.0
2023-04-27 12:00:00,48845.0
2023-04-27 13:00:00,48890.0
2023-04-27 14:00:00,48980.0
2023-04-27 15:00:00,49155.0
2023-04-27 16:00:00,49110.0
2023-04-27 17:00:00,49315.0
2023-04-27 18:00:00,49765.0
2023-04-27 19:00:00,49730.0
2023-04-27 20:00:00,49625.0
2023-04-27 22:00:00,49410.0
2023-04-27 23:00:00,49480.0
2023-04-28 00:00:00,49560.0
2023-04-28 01:00:00,49510.0
2023-04-28 02:00:00,49395.0
2023-04-28 03:00:00,49405.0
2023-04-28 04:00:00,49490.0
2023-04-28 05:00:00,49240.0
2023-04-28 06:00:00,49450.0
2023-04-28 07:00:00,49460.0
2023-04-28 08:00:00,49235.0
2023-04-28 09:00:00,49180.0
2023-04-28 10:00:00,49225.0
2023-04-28 11:00:00,49260.0
2023-04-28 12:00:00,49170.0
2023-04-28 13:00:00,48955.0
2023-04-28 14:00:00,49005.0
2023-04-28 15:00:00,49055.0
2023-04-28 16:00:00,49220.0
2023-04-28 17:00:00,49165.0
2023-04-28 18:00:00,49175.0
2023-04-28 19:00:00,49235.0
2023-04-28 20:00:00,49250.0
2023-04-30 22:00:00,49310.0
2023-04-30 23:00:00,49155.0
2023-05-01 00:00:00,49240.0
2023-05-01 01:00:00,48395.0
2023-05-01 02:00:00,48470.0
2023-05-01 03:00:00,48460.0
2023-05-01 04:00:00,48420.0
2023-05-01 05:00:00,47680.0
2023-05-01 06:00:00,48445.0
2023-05-01 07:00:00,48490.0
2023-05-01 08:00:00,48455.0
2023-05-01 09:00:00,48385.0
2023-05-01 10:00:00,48400.0
2023-05-01 11:00:00,48375.0
2023-05-01 12:00:00,48475.0
2023-05-01 13:00:00,48290.0
2023-05-01 14:00:00,48310.0
2023-05-01 15:00:00,48000.0
2023-05-01 16:00:00,48200.0
2023-05-01 17:00:00,48110.0
2023-05-01 18:00:00,48020.0
2023-05-01 19:00:00,47675.0
2023-05-01 20:00:00,47470.0
2023-05-01 22:00:00,47820.0
2023-05-01 23:00:00,47895.0
2023-05-02 00:00:00,47895.0
2023-05-02 01:00:00,47760.0
2023-05-02 02:00:00,47845.0
2023-05-02 03:00:00,47880.0
2023-05-02 04:00:00,47765.0
2023-05-02 05:00:00,47835.0
2023-05-02 06:00:00,47845.0
2023-05-02 07:00:00,47855.0
2023-05-02 08:00:00,47860.0
2023-05-02 09:00:00,47800.0
2023-05-02 10:00:00,47860.0
2023-05-02 11:00:00,47910.0
2023-05-02 12:00:00,47950.0
2023-05-02 13:00:00,47830.0
2023-05-02 14:00:00,48275.0
2023-05-02 15:00:00,48460.0
2023-05-02 16:00:00,48385.0
2023-05-02 17:00:00,48490.0
2023-05-02 18:00:00,48660.0
2023-05-02 19:00:00,48615.0
2023-05-02 20:00:00,48600.0
2023-05-02 22:00:00,48645.0
2023-05-02 23:00:00,48575.0
2023-05-03 00:00:00,48405.0
2023-05-03 01:00:00,48425.0
2023-05-03 02:00:00,48395.0
2023-05-03 03:00:00,48435.0
2023-05-03 04:00:00,48410.0
2023-05-03 05:00:00,48180.0
2023-05-03 06:00:00,48525.0
2023-05-03 07:00:00,48570.0
2023-05-03 08:00:00,48640.0
2023-05-03 09:00:00,48585.0
2023-05-03 10:00:00,48475.0
2023-05-03 11:00:00,48455.0
2023-05-03 12:00:00,48190.0
2023-05-03 13:00:00,48235.0
2023-05-03 14:00:00,48050.0
2023-05-03 15:00:00,48165.0
2023-05-03 16:00:00,48340.0
2023-05-03 17:00:00,48425.0
2023-05-03 18:00:00,48315.0
2023-05-03 19:00:00,48185.0
2023-05-03 20:00:00,48420.0
2023-05-03 22:00:00,49000.0
2023-05-03 23:00:00,48910.0
2023-05-04 00:00:00,48935.0
2023-05-04 01:00:00,48970.0
2023-05-04 02:00:00,48950.0
2023-05-04 03:00:00,49005.0
2023-05-04 04:00:00,49005.0
2023-05-04 05:00:00,48780.0
2023-05-04 06:00:00,49090.0
2023-05-04 07:00:00,48975.0
2023-05-04 08:00:00,48980.0
2023-05-04 09:00:00,48965.0
2023-05-04 10:00:00,49150.0
2023-05-04 11:00:00,49060.0
2023-05-04 12:00:00,48960.0
2023-05-04 13:00:00,48655.0
2023-05-04 14:00:00,48660.0
2023-05-04 15:00:00,48775.0
2023-05-04 16:00:00,48790.0
2023-05-04 17:00:00,48725.0
2023-05-04 18:00:00,48695.0
2023-05-04 19:00:00,48785.0
2023-05-04 20:00:00,48785.0
2023-05-04 22:00:00,48665.0
2023-05-04 23:00:00,48730.0
2023-05-05 00:00:00,48855.0
2023-05-05 01:00:00,49265.0
2023-05-05 02:00:00,49180.0
2023-05-05 03:00:00,49115.0
2023-05-05 04:00:00,49160.0
2023-05-05 05:00:00,49530.0
2023-05-05 06:00:00,49110.0
2023-05-05 07:00:00,49000.0
2023-05-05 08:00:00,49015.0
2023-05-05 09:00:00,49015.0
2023-05-05 10:00:00,49010.0
2023-05-05 11:00:00,49075.0
2023-05-05 12:00:00,48875.0
2023-05-05 13:00:00,49085.0
2023-05-05 14:00:00,49225.0
2023-05-05 15:00:00,49325.0
2023-05-05 16:00:00,49555.0
2023-05-05 17:00:00,49495.0
2023-05-05 18:00:00,49320.0
2023-05-05 19:00:00,49565.0
2023-05-05 20:00:00,49450.0
2023-05-07 22:00:00,48670.0
2023-05-07 23:00:00,48335.0
2023-05-08 00:00:00,48430.0
2023-05-08 01:00:00,48085.0
2023-05-08 02:00:00,48165.0
2023-05-08 03:00:00,48070.0
2023-05-08 04:00:00,48000.0
2023-05-08 05:00:00,48090.0
2023-05-08 06:00:00,47990.0
2023-05-08 07:00:00,47855.0
2023-05-08 08:00:00,47565.0
2023-05-08 09:00:00,47755.0
2023-05-08 10:00:00,47775.0
2023-05-08 11:00:00,47740.0
2023-05-08 12:00:00,47560.0
2023-05-08 13:00:00,47665.0
2023-05-08 14:00:00,47805.0
2023-05-08 15:00:00,47725.0
2023-05-08 16:00:00,47695.0
2023-05-08 17:00:00,47340.0
2023-05-08 18:00:00,47270.0
2023-05-08 19:00:00,47170.0
2023-05-08 20:00:00,47380.0
2023-05-08 22:00:00,47495.0
2023-05-08 23:00:00,47480.0
2023-05-09 00:00:00,47370.0
2023-05-09 01:00:00,47525.0
2023-05-09 02:00:00,47460.0
2023-05-09 03:00:00,47395.0
2023-05-09 04:00:00,47410.0
2023-05-09 05:00:00,47350.0
2023-05-09 06:00:00,47350.0
2023-05-09 07:00:00,47465.0
2023-05-09 08:00:00,47370.0
2023-05-09 09:00:00,47375.0
2023-05-09 10:00:00,47450.0
2023-05-09 11:00:00,47490.0
2023-05-09 12:00:00,47575.0
2023-05-09 13:00:00,47425.0
2023-05-09 14:00:00,47360.0
2023-05-09 15:00:00,47200.0
2023-05-09 16:00:00,47515.0
2023-05-09 17:00:00,47435.0
2023-05-09 18:00:00,47390.0
2023-05-09 19:00:00,47530.0
2023-05-09 20:00:00,47485.0
2023-05-09 22:00:00,47380.0
2023-05-09 23:00:00,47460.0
2023-05-10 00:00:00,47565.0
2023-05-10 01:00:00,47535.0
2023-05-10 02:00:00,47495.0
2023-05-10 03:00:00,47535.0
2023-05-10 04:00:00,47485.0
2023-05-10 05:00:00,47540.0
2023-05-10 06:00:00,47415.0
2023-05-10 07:00:00,47360.0
2023-05-10 08:00:00,47380.0
2023-05-10 09:00:00,47395.0
2023-05-10 10:00:00,47395.0
2023-05-10 11:00:00,47465.0
2023-05-10 12:00:00,48010.0
2023-05-10 13:00:00,48020.0
2023-05-10 14:00:00,47945.0
2023-05-10 15:00:00,47995.0
2023-05-10 16:00:00,48035.0
2023-05-10 17:00:00,47290.0
2023-05-10 18:00:00,47260.0
2023-05-10 19:00:00,47545.0
2023-05-10 20:00:00,47670.0
2023-05-10 22:00:00,47515.0
2023-05-10 23:00:00,47415.0
2023-05-11 00:00:00,47360.0
2023-05-11 01:00:00,47405.0
2023-05-11 02:00:00,47370.0
2023-05-11 03:00:00,47290.0
2023-05-11 04:00:00,47325.0
2023-05-11 05:00:00,46610.0
2023-05-11 06:00:00,47330.0
2023-05-11 07:00:00,47275.0
2023-05-11 08:00:00,47200.0
2023-05-11 09:00:00,47265.0
2023-05-11 10:00:00,47280.0
2023-05-11 11:00:00,47230.0
2023-05-11 12:00:00,47220.0
2023-05-11 13:00:00,46990.0
2023-05-11 14:00:00,46900.0
2023-05-11 15:00:00,46985.0
2023-05-11 16:00:00,46920.0
2023-05-11 17:00:00,46695.0
2023-05-11 18:00:00,46760.0
2023-05-11 19:00:00,46620.0
2023-05-11 20:00:00,46765.0
2023-05-11 22:00:00,46675.0
2023-05-11 23:00:00,46750.0
2023-05-12 00:00:00,46800.0
2023-05-12 01:00:00,46655.0
2023-05-12 02:00:00,46415.0
2023-05-12 03:00:00,46355.0
2023-05-12 04:00:00,46420.0
2023-05-12 05:00:00,46065.0
2023-05-12 06:00:00,46070.0
2023-05-12 07:00:00,46095.0
2023-05-12 08:00:00,46080.0
2023-05-12 09:00:00,46175.0
2023-05-12 10:00:00,46155.0
2023-05-12 11:00:00,46140.0
2023-05-12 12:00:00,46190.0
2023-05-12 13:00:00,46260.0
2023-05-12 14:00:00,46090.0
2023-05-12 15:00:00,46095.0
2023-05-12 16:00:00,46075.0
2023-05-12 17:00:00,46100.0
2023-05-12 18:00:00,46100.0
2023-05-12 19:00:00,46260.0
2023-05-12 20:00:00,46235.0
2023-05-14 22:00:00,46685.0
2023-05-14 23:00:00,46725.0
2023-05-15 00:00:00,46600.0
2023-05-15 01:00:00,47010.0
2023-05-15 02:00:00,46975.0
2023-05-15 03:00:00,47055.0
2023-05-15 04:00:00,47080.0
2023-05-15 05:00:00,47150.0
2023-05-15 06:00:00,47290.0
2023-05-15 07:00:00,47220.0
2023-05-15 08:00:00,47225.0
2023-05-15 09:00:00,47200.0
2023-05-15 10:00:00,47235.0
2023-05-15 11:00:00,47140.0
2023-05-15 12:00:00,47210.0
2023-05-15 13:00:00,47205.0
2023-05-15 14:00:00,47225.0
2023-05-15 15:00:00,47210.0
2023-05-15 16:00:00,47320.0
2023-05-15 17:00:00,47335.0
2023-05-15 18:00:00,47265.0
2023-05-15 19:00:00,47245.0
2023-05-15 20:00:00,47180.0
2023-05-15 22:00:00,47115.0
2023-05-15 23:00:00,46970.0
2023-05-16 00:00:00,47000.0
2023-05-16 01:00:00,46810.0
2023-05-16 02:00:00,46885.0
2023-05-16 03:00:00,46930.0
2023-05-16 04:00:00,46925.0
2023-05-16 05:00:00,46855.0
2023-05-16 06:00:00,46845.0
2023-05-16 07:00:00,47075.0
2023-05-16 08:00:00,47015.0
2023-05-16 09:00:00,46900.0
2023-05-16 10:00:00,46830.0
2023-05-16 11:00:00,46845.0
2023-05-16 12:00:00,46855.0
2023-05-16 13:00:00,46780.0
2023-05-16 14:00:00,46765.0
2023-05-16 15:00:00,46840.0
2023-05-16 16:00:00,46870.0
2023-05-16 17:00:00,46900.0
2023-05-16 18:00:00,46865.0
2023-05-16 19:00:00,46735.0
2023-05-16 20:00:00,46740.0
2023-05-16 22:00:00,46790.0
2023-05-16 23:00:00,46825.0
2023-05-17 00:00:00,46905.0
2023-05-17 01:00:00,46985.0
2023-05-17 02:00:00,46885.0
2023-05-17 03:00:00,46890.0
2023-05-17 04:00:00,46880.0
2023-05-17 05:00:00,46780.0
2023-05-17 06:00:00,46780.0
2023-05-17 07:00:00,46635.0
2023-05-17 08:00:00,46595.0
2023-05-17 09:00:00,46660.0
2023-05-17 10:00:00,46660.0
2023-05-17 11:00:00,46400.0
2023-05-17 12:00:00,46455.0
2023-05-17 13:00:00,46405.0
2023-05-17 14:00:00,46575.0
2023-05-17 15:00:00,46600.0
2023-05-17 16:00:00,46720.0
2023-05-17 17:00:00,46900.0
2023-05-17 18:00:00,46915.0
2023-05-17 19:00:00,47215.0
2023-05-17 20:00:00,47160.0
2023-05-17 22:00:00,47150.0
2023-05-17 23:00:00,47220.0
2023-05-18 00:00:00,47185.0
2023-05-18 01:00:00,47120.0
2023-05-18 02:00:00,47160.0
2023-05-18 03:00:00,47140.0
2023-05-18 04:00:00,47105.0
2023-05-18 05:00:00,46545.0
2023-05-18 06:00:00,47010.0
2023-05-18 07:00:00,47205.0
2023-05-18 08:00:00,47210.0
2023-05-18 09:00:00,47220.0
2023-05-18 10:00:00,47165.0
2023-05-18 11:00:00,47210.0
2023-05-18 12:00:00,47035.0
2023-05-18 13:00:00,47050.0
2023-05-18 14:00:00,47015.0
2023-05-18 15:00:00,46855.0
2023-05-18 16:00:00,46850.0
2023-05-18 17:00:00,46255.0
2023-05-18 18:00:00,46375.0
2023-05-18 19:00:00,46500.0
2023-05-18 20:00:00,46505.0
2023-05-18 22:00:00,46655.0
2023-05-18 23:00:00,46590.0
2023-05-19 00:00:00,46630.0
2023-05-19 01:00:00,46590.0
2023-05-19 02:00:00,46600.0
2023-05-19 03:00:00,46630.0
2023-05-19 04:00:00,46670.0
2023-05-19 05:00:00,46650.0
2023-05-19 06:00:00,46710.0
2023-05-19 07:00:00,46650.0
2023-05-19 08:00:00,46680.0
2023-05-19 09:00:00,46625.0
2023-05-19 10:00:00,46630.0
2023-05-19 11:00:00,46650.0
2023-05-19 12:00:00,46705.0
2023-05-19 13:00:00,46660.0
2023-05-19 14:00:00,46610.0
2023-05-19 15:00:00,46690.0
2023-05-19 16:00:00,46645.0
2023-05-19 17:00:00,46725.0
2023-05-19 18:00:00,46710.0
2023-05-19 19:00:00,46650.0
2023-05-19 20:00:00,46650.0
2023-05-21 22:00:00,46545.0
2023-05-21 23:00:00,46520.0
2023-05-22 00:00:00,46430.0
2023-05-22 01:00:00,46345.0
2023-05-22 02:00:00,46415.0
2023-05-22 03:00:00,46445.0
2023-05-22 04:00:00,46470.0
2023-05-22 05:00:00,46540.0
2023-05-22 06:00:00,46615.0
2023-05-22 07:00:00,46640.0
2023-05-22 08:00:00,46610.0
2023-05-22 09:00:00,46660.0
2023-05-22 10:00:00,46630.0
2023-05-22 11:00:00,46610.0
2023-05-22 12:00:00,46530.0
2023-05-22 13:00:00,46835.0
2023-05-22 14:00:00,46770.0
2023-05-22 15:00:00,46665.0
2023-05-22 16:00:00,46675.0
2023-05-22 17:00:00,46640.0
2023-05-22 18:00:00,46660.0
2023-05-22 19:00:00,46635.0
2023-05-22 20:00:00,46690.0
2023-05-22 22:00:00,46665.0
2023-05-22 23:00:00,46625.0
2023-05-23 00:00:00,46595.0
2023-05-23 01:00:00,46940.0
2023-05-23 02:00:00,46945.0
2023-05-23 03:00:00,47240.0
2023-05-23 04:00:00,47200.0
2023-05-23 05:00:00,47140.0
2023-05-23 06:00:00,47090.0
2023-05-23 07:00:00,47040.0
2023-05-23 08:00:00,47110.0
2023-05-23 09:00:00,47040.0
2023-05-23 10:00:00,47125.0
2023-05-23 11:00:00,47110.0
2023-05-23 12:00:00,47070.0
2023-05-23 13:00:00,47020.0
2023-05-23 14:00:00,47100.0
2023-05-23 15:00:00,47100.0
2023-05-23 16:00:00,47010.0
2023-05-23 17:00:00,47025.0
2023-05-23 18:00:00,46955.0
2023-05-23 19:00:00,47000.0
2023-05-23 20:00:00,46985.0
2023-05-23 22:00:00,47020.0
2023-05-23 23:00:00,47030.0
2023-05-24 00:00:00,46955.0
2023-05-24 01:00:00,46975.0
2023-05-24 02:00:00,46940.0
2023-05-24 03:00:00,46575.0
2023-05-24 04:00:00,46525.0
2023-05-24 05:00:00,46495.0
2023-05-24 06:00:00,46445.0
2023-05-24 08:00:00,46475.0
2023-05-24 09:00:00,46565.0
2023-05-24 10:00:00,46475.0
2023-05-24 11:00:00,46460.0
2023-05-24 12:00:00,46455.0
2023-05-24 13:00:00,46200.0
2023-05-24 14:00:00,45955.0
2023-05-24 15:00:00,46015.0
2023-05-24 16:00:00,45920.0
2023-05-24 17:00:00,46025.0
2023-05-24 18:00:00,45955.0
2023-05-24 19:00:00,45970.0
2023-05-24 20:00:00,46120.0
2023-05-24 22:00:00,46055.0
2023-05-24 23:00:00,46050.0
2023-05-25 00:00:00,45885.0
2023-05-25 01:00:00,45810.0
2023-05-25 02:00:00,45785.0
2023-05-25 03:00:00,45875.0
2023-05-25 04:00:00,45940.0
2023-05-25 05:00:00,45930.0
2023-05-25 06:00:00,45980.0
2023-05-25 07:00:00,45870.0
2023-05-25 08:00:00,45915.0
2023-05-25 09:00:00,45950.0
2023-05-25 10:00:00,45945.0
2023-05-25 11:00:00,45985.0
2023-05-25 12:00:00,46075.0
2023-05-25 13:00:00,45975.0
2023-05-25 14:00:00,45965.0
2023-05-25 15:00:00,45800.0
2023-05-25 16:00:00,45890.0
2023-05-25 17:00:00,45935.0
2023-05-25 18:00:00,45950.0
2023-05-25 19:00:00,46100.0
2023-05-25 20:00:00,46080.0
2023-05-25 22:00:00,46080.0
2023-05-25 23:00:00,46090.0
2023-05-26 00:00:00,46080.0
2023-05-26 01:00:00,46020.0
2023-05-26 02:00:00,46005.0
2023-05-26 03:00:00,46055.0
2023-05-26 04:00:00,46035.0
2023-05-26 05:00:00,46005.0
2023-05-26 06:00:00,46045.0
2023-05-26 07:00:00,46130.0
2023-05-26 08:00:00,46110.0
2023-05-26 09:00:00,46070.0
2023-05-26 10:00:00,46120.0
2023-05-26 11:00:00,46110.0
2023-05-26 12:00:00,46085.0
2023-05-26 13:00:00,46205.0
2023-05-26 14:00:00,46485.0
2023-05-26 15:00:00,46455.0
2023-05-26 16:00:00,46520.0
2023-05-26 17:00:00,46420.0
2023-05-26 18:00:00,46425.0
2023-05-26 19:00:00,46465.0
2023-05-26 20:00:00,46410.0
2023-05-28 22:00:00,47850.0
2023-05-28 23:00:00,47830.0
2023-05-29 00:00:00,47965.0
2023-05-29 01:00:00,47895.0
2023-05-29 02:00:00,47845.0
2023-05-29 03:00:00,47695.0
2023-05-29 04:00:00,47700.0
2023-05-29 05:00:00,47745.0
2023-05-29 06:00:00,47765.0
2023-05-29 07:00:00,47635.0
2023-05-29 08:00:00,47600.0
2023-05-29 09:00:00,47655.0
2023-05-29 10:00:00,47590.0
2023-05-29 11:00:00,47650.0
2023-05-29 12:00:00,47600.0
2023-05-29 13:00:00,47640.0
2023-05-29 14:00:00,47505.0
2023-05-29 15:00:00,47335.0
2023-05-29 16:00:00,47300.0
2023-05-29 17:00:00,47425.0
2023-05-29 18:00:00,47330.0
2023-05-29 19:00:00,47350.0
2023-05-29 20:00:00,47415.0
2023-05-29 22:00:00,47395.0
2023-05-29 23:00:00,47445.0
2023-05-30 00:00:00,47440.0
2023-05-30 01:00:00,47515.0
2023-05-30 02:00:00,47540.0
2023-05-30 03:00:00,47580.0
2023-05-30 04:00:00,47510.0
2023-05-30 05:00:00,47485.0
2023-05-30 06:00:00,47550.0
2023-05-30 07:00:00,47525.0
2023-05-30 08:00:00,47530.0
2023-05-30 09:00:00,47620.0
2023-05-30 10:00:00,47675.0
2023-05-30 11:00:00,47785.0
2023-05-30 12:00:00,47665.0
2023-05-30 13:00:00,47585.0
2023-05-30 14:00:00,47335.0
2023-05-30 15:00:00,47380.0
2023-05-30 16:00:00,47420.0
2023-05-30 17:00:00,47415.0
2023-05-30 18:00:00,47515.0
2023-05-30 19:00:00,47640.0
2023-05-30 20:00:00,47495.0
2023-05-30 22:00:00,47470.0
2023-05-30 23:00:00,47435.0
2023-05-31 00:00:00,47505.0
2023-05-31 01:00:00,47495.0
2023-05-31 02:00:00,47415.0
2023-05-31 03:00:00,47395.0
2023-05-31 04:00:00,46980.0
2023-05-31 05:00:00,46620.0
2023-05-31 06:00:00,46820.0
2023-05-31 07:00:00,46830.0
2023-05-31 08:00:00,46795.0
2023-05-31 09:00:00,46790.0
2023-05-31 10:00:00,46720.0
2023-05-31 11:00:00,46750.0
2023-05-31 12:00:00,46715.0
2023-05-31 13:00:00,46800.0
2023-05-31 14:00:00,46685.0
2023-05-31 15:00:00,46510.0
2023-05-31 16:00:00,46570.0
2023-05-31 17:00:00,46690.0
2023-05-31 18:00:00,46660.0
2023-05-31 19:00:00,46615.0
2023-05-31 20:00:00,46750.0
2023-05-31 22:00:00,46805.0
2023-05-31 23:00:00,46835.0
2023-06-01 00:00:00,46665.0
2023-06-01 01:00:00,46715.0
2023-06-01 02:00:00,46325.0
2023-06-01 03:00:00,46400.0
2023-06-01 04:00:00,46430.0
2023-06-01 05:00:00,46470.0
2023-06-01 06:00:00,46405.0
2023-06-01 07:00:00,46400.0
2023-06-01 08:00:00,46555.0
2023-06-01 09:00:00,46550.0
2023-06-01 10:00:00,46490.0
2023-06-01 11:00:00,46510.0
2023-06-01 12:00:00,46570.0
2023-06-01 13:00:00,46505.0
2023-06-01 14:00:00,46500.0
2023-06-01 15:00:00,46500.0
2023-06-01 16:00:00,46740.0
2023-06-01 17:00:00,46580.0
2023-06-01 18:00:00,46590.0
2023-06-01 19:00:00,46480.0
2023-06-01 20:00:00,46465.0
2023-06-01 22:00:00,46490.0
2023-06-01 23:00:00,46415.0
2023-06-02 00:00:00,46390.0
2023-06-02 01:00:00,46415.0
2023-06-02 02:00:00,46590.0
2023-06-02 03:00:00,46630.0
2023-06-02 04:00:00,46690.0
2023-06-02 05:00:00,46930.0
2023-06-02 06:00:00,46695.0
2023-06-02 07:00:00,46695.0
2023-06-02 08:00:00,46810.0
2023-06-02 09:00:00,46700.0
2023-06-02 10:00:00,46720.0
2023-06-02 11:00:00,46730.0
2023-06-02 12:00:00,46720.0
2023-06-02 13:00:00,46520.0
2023-06-02 14:00:00,46575.0
2023-06-02 15:00:00,46745.0
2023-06-02 16:00:00,46695.0
2023-06-02 17:00:00,46710.0
2023-06-02 18:00:00,46860.0
2023-06-02 19:00:00,46940.0
2023-06-02 20:00:00,46850.0
2023-06-04 22:00:00,46890.0
2023-06-04 23:00:00,46755.0
2023-06-05 00:00:00,46645.0
2023-06-05 01:00:00,46665.0
2023-06-05 02:00:00,46560.0
2023-06-05 03:00:00,46450.0
2023-06-05 04:00:00,46460.0
2023-06-05 05:00:00,45185.0
2023-06-05 06:00:00,46375.0
2023-06-05 07:00:00,46460.0
2023-06-05 08:00:00,46435.0
2023-06-05 09:00:00,46395.0
2023-06-05 10:00:00,46335.0
2023-06-05 11:00:00,46400.0
2023-06-05 12:00:00,46290.0
2023-06-05 13:00:00,46340.0
2023-06-05 14:00:00,46420.0
2023-06-05 15:00:00,45560.0
2023-06-05 16:00:00,45340.0
2023-06-05 17:00:00,45275.0
2023-06-05 18:00:00,45075.0
2023-06-05 19:00:00,45220.0
2023-06-05 20:00:00,45220.0
2023-06-05 22:00:00,45250.0
2023-06-05 23:00:00,45285.0
2023-06-06 00:00:00,45240.0
2023-06-06 01:00:00,45200.0
2023-06-06 02:00:00,45350.0
2023-06-06 03:00:00,45315.0
2023-06-06 04:00:00,45375.0
2023-06-06 05:00:00,46810.0
2023-06-06 06:00:00,45360.0
2023-06-06 07:00:00,45300.0
2023-06-06 08:00:00,45275.0
2023-06-06 09:00:00,45345.0
2023-06-06 10:00:00,45315.0
2023-06-06 11:00:00,45250.0
2023-06-06 12:00:00,45105.0
2023-06-06 13:00:00,45320.0
2023-06-06 14:00:00,45625.0
2023-06-06 15:00:00,45675.0
2023-06-06 16:00:00,46005.0
2023-06-06 17:00:00,46325.0
2023-06-06 18:00:00,46370.0
2023-06-06 19:00:00,46770.0
2023-06-06 20:00:00,46625.0
2023-06-06 22:00:00,46835.0
2023-06-06 23:00:00,46895.0
2023-06-07 00:00:00,46850.0
2023-06-07 01:00:00,46740.0
2023-06-07 02:00:00,46635.0
2023-06-07 03:00:00,46605.0
2023-06-07 04:00:00,46625.0
2023-06-07 05:00:00,46610.0
2023-06-07 06:00:00,46525.0
2023-06-07 07:00:00,46510.0
2023-06-07 08:00:00,46495.0
2023-06-07 09:00:00,46190.0
2023-06-07 10:00:00,46260.0
2023-06-07 11:00:00,46540.0
2023-06-07 12:00:00,46485.0
2023-06-07 13:00:00,46510.0
2023-06-07 14:00:00,46085.0
2023-06-07 15:00:00,45985.0
2023-06-07 16:00:00,45995.0
2023-06-07 17:00:00,46170.0
2023-06-07 18:00:00,46125.0
2023-06-07 19:00:00,46135.0
2023-06-07 20:00:00,46040.0
2023-06-07 22:00:00,45905.0
2023-06-07 23:00:00,45980.0
2023-06-08 00:00:00,46060.0
2023-06-08 01:00:00,46090.0
2023-06-08 02:00:00,46035.0
2023-06-08 03:00:00,45980.0
2023-06-08 04:00:00,46060.0
2023-06-08 05:00:00,46195.0
2023-06-08 06:00:00,46070.0
2023-06-08 07:00:00,46095.0
2023-06-08 08:00:00,46110.0
2023-06-08 09:00:00,46045.0
2023-06-08 10:00:00,46115.0
2023-06-08 11:00:00,46070.0
2023-06-08 12:00:00,46115.0
2023-06-08 13:00:00,46045.0
2023-06-08 14:00:00,46315.0
2023-06-08 15:00:00,46410.0
2023-06-08 16:00:00,46180.0
2023-06-08 17:00:00,46135.0
2023-06-08 18:00:00,46215.0
2023-06-08 19:00:00,46195.0
2023-06-08 20:00:00,46285.0
2023-06-08 22:00:00,46200.0
2023-06-08 23:00:00,46135.0
2023-06-09 00:00:00,46105.0
2023-06-09 01:00:00,46155.0
2023-06-09 02:00:00,46085.0
2023-06-09 03:00:00,46115.0
2023-06-09 04:00:00,46120.0
2023-06-09 05:00:00,46130.0
2023-06-09 06:00:00,46130.0
2023-06-09 07:00:00,46105.0
2023-06-09 08:00:00,46305.0
2023-06-09 09:00:00,46285.0
2023-06-09 10:00:00,46290.0
2023-06-09 11:00:00,46270.0
2023-06-09 12:00:00,46345.0
2023-06-09 13:00:00,46315.0
2023-06-09 14:00:00,46215.0
2023-06-09 15:00:00,46095.0
2023-06-09 16:00:00,46095.0
2023-06-09 17:00:00,46120.0
2023-06-09 18:00:00,46085.0
2023-06-09 19:00:00,46035.0
2023-06-09 20:00:00,46080.0
2023-06-11 22:00:00,45515.0
2023-06-11 23:00:00,45535.0
2023-06-12 00:00:00,45585.0
2023-06-12 01:00:00,45525.0
2023-06-12 02:00:00,45395.0
2023-06-12 03:00:00,45395.0
2023-06-12 04:00:00,45410.0
2023-06-12 05:00:00,45435.0
2023-06-12 06:00:00,45445.0
2023-06-12 07:00:00,45400.0
2023-06-12 08:00:00,45530.0
2023-06-12 09:00:00,45590.0
2023-06-12 10:00:00,45595.0
2023-06-12 11:00:00,45600.0
2023-06-12 12:00:00,45525.0
2023-06-12 13:00:00,45380.0
2023-06-12 14:00:00,45390.0
2023-06-12 15:00:00,45430.0
2023-06-12 16:00:00,45420.0
2023-06-12 17:00:00,45425.0
2023-06-12 18:00:00,45460.0
2023-06-12 19:00:00,45435.0
2023-06-12 20:00:00,45505.0
2023-06-12 22:00:00,45535.0
2023-06-12 23:00:00,45515.0
2023-06-13 00:00:00,45455.0
2023-06-13 01:00:00,45570.0
2023-06-13 02:00:00,45755.0
2023-06-13 03:00:00,45675.0
2023-06-13 04:00:00,45655.0
2023-06-13 05:00:00,45475.0
2023-06-13 06:00:00,45705.0
2023-06-13 07:00:00,45685.0
2023-06-13 08:00:00,45780.0
2023-06-13 09:00:00,45735.0
2023-06-13 10:00:00,45780.0
2023-06-13 11:00:00,45795.0
2023-06-13 12:00:00,45680.0
2023-06-13 13:00:00,45625.0
2023-06-13 14:00:00,45540.0
2023-06-13 15:00:00,45320.0
2023-06-13 16:00:00,45420.0
2023-06-13 17:00:00,45375.0
2023-06-13 18:00:00,45465.0
2023-06-13 19:00:00,45470.0
2023-06-13 20:00:00,45420.0
2023-06-13 22:00:00,45410.0
2023-06-13 23:00:00,45485.0
2023-06-14 00:00:00,45560.0
2023-06-14 01:00:00,45630.0
2023-06-14 02:00:00,45600.0
2023-06-14 03:00:00,45555.0
2023-06-14 04:00:00,45550.0
2023-06-14 05:00:00,45445.0
2023-06-14 06:00:00,45500.0
2023-06-14 07:00:00,45480.0
2023-06-14 08:00:00,45510.0
2023-06-14 09:00:00,45565.0
2023-06-14 10:00:00,45560.0
2023-06-14 11:00:00,45545.0
2023-06-14 12:00:00,45655.0
2023-06-14 13:00:00,45575.0
2023-06-14 14:00:00,45625.0
2023-06-14 15:00:00,45585.0
2023-06-14 16:00:00,45580.0
2023-06-14 17:00:00,45605.0
2023-06-14 18:00:00,45510.0
2023-06-14 19:00:00,45440.0
2023-06-14 20:00:00,44490.0
2023-06-14 22:00:00,44565.0
2023-06-14 23:00:00,44640.0
2023-06-15 00:00:00,44735.0
2023-06-15 01:00:00,44595.0
2023-06-15 02:00:00,44615.0
2023-06-15 03:00:00,44590.0
2023-06-15 04:00:00,44545.0
2023-06-15 05:00:00,44535.0
2023-06-15 06:00:00,44435.0
2023-06-15 07:00:00,44475.0
2023-06-15 08:00:00,44445.0
2023-06-15 09:00:00,44470.0
2023-06-15 10:00:00,44425.0
2023-06-15 11:00:00,44555.0
2023-06-15 12:00:00,44435.0
2023-06-15 13:00:00,44520.0
2023-06-15 14:00:00,44520.0
2023-06-15 15:00:00,44445.0
2023-06-15 16:00:00,44535.0
2023-06-15 17:00:00,44665.0
2023-06-15 18:00:00,44960.0
2023-06-15 19:00:00,45025.0
2023-06-15 20:00:00,45125.0
2023-06-15 22:00:00,45205.0
2023-06-15 23:00:00,45165.0
2023-06-16 00:00:00,45055.0
2023-06-16 01:00:00,45070.0
2023-06-16 02:00:00,45105.0
2023-06-16 03:00:00,45140.0
2023-06-16 04:00:00,45090.0
2023-06-16 05:00:00,45130.0
2023-06-16 06:00:00,45155.0
2023-06-16 07:00:00,45120.0
2023-06-16 08:00:00,45115.0
2023-06-16 09:00:00,45150.0
2023-06-16 10:00:00,45125.0
2023-06-16 11:00:00,45055.0
2023-06-16 12:00:00,45135.0
2023-06-16 13:00:00,45025.0
2023-06-16 14:00:00,45145.0
2023-06-16 15:00:00,45390.0
2023-06-16 16:00:00,45550.0
2023-06-16 17:00:00,45940.0
2023-06-16 18:00:00,45990.0
2023-06-16 19:00:00,45995.0
2023-06-16 20:00:00,45985.0
2023-06-18 22:00:00,46020.0
2023-06-18 23:00:00,45925.0
2023-06-19 00:00:00,45920.0
2023-06-19 01:00:00,46040.0
2023-06-19 02:00:00,46045.0
2023-06-19 03:00:00,46000.0
2023-06-19 04:00:00,46000.0
2023-06-19 05:00:00,46070.0
2023-06-19 06:00:00,46030.0
2023-06-19 07:00:00,46030.0
2023-06-19 08:00:00,45995.0
2023-06-19 09:00:00,45990.0
2023-06-19 10:00:00,45975.0
2023-06-19 11:00:00,46040.0
2023-06-19 12:00:00,46130.0
2023-06-19 13:00:00,46140.0
2023-06-19 14:00:00,46020.0
2023-06-19 15:00:00,46040.0
2023-06-19 16:00:00,46105.0
2023-06-19 17:00:00,46275.0
2023-06-19 18:00:00,46135.0
2023-06-19 19:00:00,46275.0
2023-06-19 20:00:00,46325.0
2023-06-19 22:00:00,46370.0
2023-06-19 23:00:00,46460.0
2023-06-20 00:00:00,46605.0
2023-06-20 01:00:00,46510.0
2023-06-20 02:00:00,46525.0
2023-06-20 03:00:00,46525.0
2023-06-20 04:00:00,46580.0
2023-06-20 05:00:00,46430.0
2023-06-20 06:00:00,46410.0
2023-06-20 07:00:00,46445.0
2023-06-20 08:00:00,46345.0
2023-06-20 09:00:00,46360.0
2023-06-20 10:00:00,46385.0
2023-06-20 11:00:00,46515.0
2023-06-20 12:00:00,46475.0
2023-06-20 13:00:00,46425.0
2023-06-20 14:00:00,46370.0
2023-06-20 15:00:00,46700.0
2023-06-20 16:00:00,47030.0
2023-06-20 17:00:00,47480.0
2023-06-20 18:00:00,47830.0
2023-06-20 19:00:00,47770.0
2023-06-20 20:00:00,47885.0
2023-06-20 22:00:00,47950.0
2023-06-20 23:00:00,48025.0
2023-06-21 00:00:00,48155.0
2023-06-21 01:00:00,48490.0
2023-06-21 02:00:00,48485.0
2023-06-21 03:00:00,48460.0
2023-06-21 04:00:00,48535.0
2023-06-21 05:00:00,48730.0
2023-06-21 06:00:00,48600.0
2023-06-21 07:00:00,48600.0
2023-06-21 08:00:00,48570.0
2023-06-21 09:00:00,48680.0
2023-06-21 10:00:00,48540.0
2023-06-21 11:00:00,48670.0
2023-06-21 12:00:00,48665.0
2023-06-21 13:00:00,49060.0
2023-06-21 14:00:00,49265.0
2023-06-21 15:00:00,49565.0
2023-06-21 16:00:00,49855.0
2023-06-21 17:00:00,49790.0
2023-06-21 18:00:00,49850.0
2023-06-21 19:00:00,49805.0
2023-06-21 20:00:00,49725.0
2023-06-21 22:00:00,49840.0
2023-06-21 23:00:00,49725.0
2023-06-22 00:00:00,49870.0
2023-06-22 01:00:00,49880.0
2023-06-22 02:00:00,50215.0
2023-06-22 03:00:00,50020.0
2023-06-22 04:00:00,50035.0
2023-06-22 05:00:00,49915.0
2023-06-22 06:00:00,49860.0
2023-06-22 07:00:00,49855.0
2023-06-22 08:00:00,49845.0
2023-06-22 09:00:00,49880.0
2023-06-22 10:00:00,49915.0
2023-06-22 11:00:00,49670.0
2023-06-22 12:00:00,49930.0
2023-06-22 13:00:00,50025.0
2023-06-22 14:00:00,49500.0
2023-06-22 15:00:00,49580.0
2023-06-22 16:00:00,49680.0
2023-06-22 17:00:00,49840.0
2023-06-22 18:00:00,49845.0
2023-06-22 19:00:00,49915.0
2023-06-22 20:00:00,49875.0
2023-06-22 22:00:00,49595.0
2023-06-22 23:00:00,49590.0
2023-06-23 00:00:00,49750.0
2023-06-23 01:00:00,49785.0
2023-06-23 02:00:00,49780.0
2023-06-23 03:00:00,49760.0
2023-06-23 04:00:00,49850.0
2023-06-23 05:00:00,50785.0
2023-06-23 06:00:00,49825.0
2023-06-23 08:00:00,49805.0
2023-06-23 09:00:00,49790.0
2023-06-23 10:00:00,49900.0
2023-06-23 11:00:00,49960.0
2023-06-23 12:00:00,49895.0
2023-06-23 13:00:00,49875.0
2023-06-23 14:00:00,50115.0
2023-06-23 15:00:00,51085.0
2023-06-23 16:00:00,51005.0
2023-06-23 17:00:00,51165.0
2023-06-23 18:00:00,50780.0
2023-06-23 19:00:00,50760.0
2023-06-23 20:00:00,50860.0
2023-06-25 22:00:00,50340.0
2023-06-25 23:00:00,50325.0
2023-06-26 00:00:00,50350.0
2023-06-26 01:00:00,50090.0
2023-06-26 02:00:00,50060.0
2023-06-26 03:00:00,50155.0
2023-06-26 04:00:00,50070.0
2023-06-26 05:00:00,49990.0
2023-06-26 06:00:00,50310.0
2023-06-26 07:00:00,50190.0
2023-06-26 08:00:00,50230.0
2023-06-26 09:00:00,50090.0
2023-06-26 10:00:00,50070.0
2023-06-26 11:00:00,50155.0
2023-06-26 12:00:00,50180.0
2023-06-26 13:00:00,50485.0
2023-06-26 14:00:00,50205.0
2023-06-26 15:00:00,50300.0
2023-06-26 16:00:00,49900.0
2023-06-26 17:00:00,49900.0
2023-06-26 18:00:00,50040.0
2023-06-26 19:00:00,49990.0
2023-06-26 20:00:00,49895.0
2023-06-26 22:00:00,49965.0
2023-06-26 23:00:00,50035.0
2023-06-27 00:00:00,50115.0
2023-06-27 02:00:00,50255.0
2023-06-27 03:00:00,50175.0
2023-06-27 04:00:00,50160.0
2023-06-27 05:00:00,50030.0
2023-06-27 06:00:00,50070.0
2023-06-27 07:00:00,50210.0
2023-06-27 08:00:00,50205.0
2023-06-27 09:00:00,50145.0
2023-06-27 10:00:00,50415.0
2023-06-27 11:00:00,50560.0
2023-06-27 12:00:00,50600.0
2023-06-27 13:00:00,50430.0
2023-06-27 14:00:00,50635.0
2023-06-27 15:00:00,50295.0
2023-06-27 16:00:00,50460.0
2023-06-27 17:00:00,50515.0
2023-06-27 18:00:00,50455.0
2023-06-27 19:00:00,50470.0
2023-06-27 20:00:00,50410.0
2023-06-27 22:00:00,50395.0
2023-06-27 23:00:00,50510.0
2023-06-28 00:00:00,50340.0
2023-06-28 01:00:00,50395.0
2023-06-28 02:00:00,50215.0
2023-06-28 03:00:00,50230.0
2023-06-28 04:00:00,50275.0
2023-06-28 05:00:00,50210.0
2023-06-28 06:00:00,50240.0
2023-06-28 07:00:00,49965.0
2023-06-28 08:00:00,49980.0
2023-06-28 09:00:00,50030.0
2023-06-28 10:00:00,50075.0
2023-06-28 11:00:00,50110.0
2023-06-28 12:00:00,49865.0
2023-06-28 13:00:00,49960.0
2023-06-28 14:00:00,50130.0
2023-06-28 15:00:00,50190.0
2023-06-28 16:00:00,50115.0
2023-06-28 17:00:00,49950.0
2023-06-28 18:00:00,50005.0
2023-06-28 19:00:00,49940.0
2023-06-28 20:00:00,49870.0
2023-06-28 22:00:00,49880.0
2023-06-28 23:00:00,49915.0
2023-06-29 00:00:00,49880.0
2023-06-29 01:00:00,50010.0
2023-06-29 02:00:00,49930.0
2023-06-29 03:00:00,49955.0
2023-06-29 04:00:00,50010.0
2023-06-29 05:00:00,50470.0
2023-06-29 06:00:00,50065.0
2023-06-29 07:00:00,50170.0
2023-06-29 08:00:00,50180.0
2023-06-29 09:00:00,50235.0
2023-06-29 10:00:00,50550.0
2023-06-29 11:00:00,50505.0
2023-06-29 12:00:00,50485.0
2023-06-29 13:00:00,50430.0
2023-06-29 14:00:00,50290.0
2023-06-29 15:00:00,50325.0
2023-06-29 16:00:00,50375.0
2023-06-29 17:00:00,50480.0
2023-06-29 18:00:00,50530.0
2023-06-29 19:00:00,50430.0
2023-06-29 20:00:00,50310.0
2023-06-29 22:00:00,50240.0
2023-06-29 23:00:00,50290.0
2023-06-30 00:00:00,50275.0
2023-06-30 01:00:00,50180.0
2023-06-30 02:00:00,50500.0
2023-06-30 03:00:00,50585.0
2023-06-30 04:00:00,50715.0
2023-06-30 05:00:00,50110.0
2023-06-30 06:00:00,50460.0
2023-06-30 07:00:00,50615.0
2023-06-30 08:00:00,50660.0
2023-06-30 09:00:00,50630.0
2023-06-30 10:00:00,50640.0
2023-06-30 11:00:00,50725.0
2023-06-30 12:00:00,50890.0
2023-06-30 13:00:00,49805.0
2023-06-30 14:00:00,49790.0
2023-06-30 15:00:00,49750.0
2023-06-30 16:00:00,50140.0
2023-06-30 17:00:00,50245.0
2023-06-30 18:00:00,50105.0
2023-06-30 19:00:00,50065.0
2023-06-30 20:00:00,50105.0
2023-07-02 22:00:00,50380.0
2023-07-02 23:00:00,50325.0
2023-07-03 00:00:00,50335.0
2023-07-03 01:00:00,50400.0
2023-07-03 02:00:00,50510.0
2023-07-03 03:00:00,50525.0
2023-07-03 04:00:00,50415.0
2023-07-03 05:00:00,51130.0
2023-07-03 06:00:00,50375.0
2023-07-03 07:00:00,50420.0
2023-07-03 08:00:00,50400.0
2023-07-03 09:00:00,50380.0
2023-07-03 10:00:00,50425.0
2023-07-03 11:00:00,50390.0
2023-07-03 12:00:00,50400.0
2023-07-03 13:00:00,50365.0
2023-07-03 14:00:00,50465.0
2023-07-03 15:00:00,50880.0
2023-07-03 16:00:00,50850.0
2023-07-03 17:00:00,50830.0
2023-07-03 18:00:00,51060.0
2023-07-03 19:00:00,51135.0
2023-07-03 20:00:00,51000.0
2023-07-03 22:00:00,50990.0
2023-07-03 23:00:00,51030.0
2023-07-04 00:00:00,50985.0
2023-07-04 01:00:00,51135.0
2023-07-04 02:00:00,51060.0
2023-07-04 03:00:00,51025.0
2023-07-04 04:00:00,50885.0
2023-07-04 05:00:00,50840.0
2023-07-04 06:00:00,50820.0
2023-07-04 07:00:00,50700.0
2023-07-04 08:00:00,50710.0
2023-07-04 09:00:00,50815.0
2023-07-04 10:00:00,50810.0
2023-07-04 11:00:00,50855.0
2023-07-04 12:00:00,50830.0
2023-07-04 13:00:00,50800.0
2023-07-04 14:00:00,50795.0
2023-07-04 15:00:00,50770.0
2023-07-04 16:00:00,50725.0
2023-07-04 17:00:00,50665.0
2023-07-04 18:00:00,50655.0
2023-07-04 19:00:00,50445.0
2023-07-04 20:00:00,50540.0
2023-07-04 22:00:00,50565.0
2023-07-04 23:00:00,50500.0
2023-07-05 00:00:00,50490.0
2023-07-05 01:00:00,50520.0
2023-07-05 02:00:00,50570.0
2023-07-05 03:00:00,50600.0
2023-07-05 04:00:00,50545.0
2023-07-05 05:00:00,50545.0
2023-07-05 06:00:00,50520.0
2023-07-05 07:00:00,50490.0
2023-07-05 08:00:00,50480.0
2023-07-05 09:00:00,50385.0
2023-07-05 10:00:00,50130.0
2023-07-05 11:00:00,50085.0
2023-07-05 12:00:00,49965.0
2023-07-05 13:00:00,50005.0
2023-07-05 14:00:00,50055.0
2023-07-05 15:00:00,50000.0
2023-07-05 16:00:00,50145.0
2023-07-05 17:00:00,50225.0
2023-07-05 18:00:00,50205.0
2023-07-05 19:00:00,50105.0
2023-07-05 20:00:00,50140.0
2023-07-05 22:00:00,50115.0
2023-07-05 23:00:00,50180.0
2023-07-06 00:00:00,50085.0
2023-07-06 01:00:00,50170.0
2023-07-06 02:00:00,50180.0
2023-07-06 03:00:00,50205.0
2023-07-06 04:00:00,50165.0
2023-07-06 05:00:00,49940.0
2023-07-06 06:00:00,50410.0
2023-07-06 07:00:00,50505.0
2023-07-06 08:00:00,51075.0
2023-07-06 09:00:00,50820.0
2023-07-06 10:00:00,51005.0
2023-07-06 11:00:00,50555.0
2023-07-06 12:00:00,50300.0
2023-07-06 13:00:00,50030.0
2023-07-06 14:00:00,49815.0
2023-07-06 15:00:00,50050.0
2023-07-06 16:00:00,49945.0
2023-07-06 17:00:00,49880.0
2023-07-06 18:00:00,49980.0
2023-07-06 19:00:00,49935.0
2023-07-06 20:00:00,49945.0
2023-07-06 22:00:00,49765.0
2023-07-06 23:00:00,49490.0
2023-07-07 00:00:00,49665.0
2023-07-07 01:00:00,49705.0
2023-07-07 02:00:00,49705.0
2023-07-07 03:00:00,49760.0
2023-07-07 04:00:00,49700.0
2023-07-07 05:00:00,49820.0
2023-07-07 06:00:00,49755.0
2023-07-07 07:00:00,49640.0
2023-07-07 08:00:00,49680.0
2023-07-07 09:00:00,49770.0
2023-07-07 10:00:00,49780.0
2023-07-07 11:00:00,49720.0
2023-07-07 12:00:00,49825.0
2023-07-07 13:00:00,50050.0
2023-07-07 14:00:00,49995.0
2023-07-07 15:00:00,50015.0
2023-07-07 16:00:00,49975.0
2023-07-07 17:00:00,49845.0
2023-07-07 18:00:00,49755.0
2023-07-07 19:00:00,49815.0
2023-07-07 20:00:00,49855.0
2023-07-09 22:00:00,49745.0
2023-07-09 23:00:00,49740.0
2023-07-10 00:00:00,49660.0
2023-07-10 01:00:00,49610.0
2023-07-10 02:00:00,49800.0
2023-07-10 03:00:00,49740.0
2023-07-10 04:00:00,49700.0
2023-07-10 05:00:00,50485.0
2023-07-10 06:00:00,49630.0
2023-07-10 07:00:00,49675.0
2023-07-10 08:00:00,49645.0
2023-07-10 09:00:00,49710.0
2023-07-10 10:00:00,49775.0
2023-07-10 11:00:00,49820.0
2023-07-10 12:00:00,49730.0
2023-07-10 13:00:00,49845.0
2023-07-10 14:00:00,49935.0
2023-07-10 15:00:00,49940.0
2023-07-10 16:00:00,49980.0
2023-07-10 17:00:00,49875.0
2023-07-10 18:00:00,50155.0
2023-07-10 19:00:00,50490.0
2023-07-10 20:00:00,50415.0
2023-07-10 22:00:00,49930.0
2023-07-10 23:00:00,50015.0
2023-07-11 00:00:00,49990.0
2023-07-11 01:00:00,50185.0
2023-07-11 02:00:00,50065.0
2023-07-11 03:00:00,50055.0
2023-07-11 04:00:00,50035.0
2023-07-11 05:00:00,50025.0
2023-07-11 06:00:00,50220.0
2023-07-11 07:00:00,50125.0
2023-07-11 08:00:00,50075.0
2023-07-11 09:00:00,50020.0
2023-07-11 10:00:00,49955.0
2023-07-11 11:00:00,49965.0
2023-07-11 12:00:00,49980.0
2023-07-11 13:00:00,50015.0
2023-07-11 14:00:00,50125.0
2023-07-11 15:00:00,50170.0
2023-07-11 16:00:00,50230.0
2023-07-11 17:00:00,50165.0
2023-07-11 18:00:00,50055.0
2023-07-11 19:00:00,50180.0
2023-07-11 20:00:00,50155.0
2023-07-11 22:00:00,50170.0
2023-07-11 23:00:00,50230.0
2023-07-12 00:00:00,50090.0
2023-07-12 01:00:00,50125.0
2023-07-12 02:00:00,50205.0
2023-07-12 03:00:00,50210.0
2023-07-12 04:00:00,50215.0
2023-07-12 05:00:00,49825.0
2023-07-12 06:00:00,50355.0
2023-07-12 07:00:00,50365.0
2023-07-12 08:00:00,50340.0
2023-07-12 09:00:00,50340.0
2023-07-12 10:00:00,50270.0
2023-07-12 11:00:00,50370.0
2023-07-12 12:00:00,50300.0
2023-07-12 13:00:00,50245.0
2023-07-12 14:00:00,50355.0
2023-07-12 15:00:00,50100.0
2023-07-12 16:00:00,50040.0
2023-07-12 17:00:00,50010.0
2023-07-12 18:00:00,50125.0
2023-07-12 19:00:00,49840.0
2023-07-12 20:00:00,49855.0
2023-07-12 22:00:00,49890.0
2023-07-12 23:00:00,49930.0
2023-07-13 00:00:00,49875.0
2023-07-13 01:00:00,49935.0
2023-07-13 02:00:00,49870.0
2023-07-13 03:00:00,49835.0
2023-07-13 04:00:00,49835.0
2023-07-13 05:00:00,49845.0
2023-07-13 06:00:00,49950.0
2023-07-13 07:00:00,49920.0
2023-07-13 08:00:00,50000.0
2023-07-13 09:00:00,50165.0
2023-07-13 10:00:00,50185.0
2023-07-13 11:00:00,50125.0
2023-07-13 12:00:00,50115.0
2023-07-13 13:00:00,50295.0
2023-07-13 14:00:00,50210.0
2023-07-13 15:00:00,50690.0
2023-07-13 16:00:00,50535.0
2023-07-13 17:00:00,50750.0
2023-07-13 18:00:00,50955.0
2023-07-13 19:00:00,51330.0
2023-07-13 20:00:00,51035.0
2023-07-13 22:00:00,50985.0
2023-07-13 23:00:00,51130.0
2023-07-14 00:00:00,51120.0
2023-07-14 01:00:00,51080.0
2023-07-14 02:00:00,51155.0
2023-07-14 03:00:00,51150.0
2023-07-14 04:00:00,51085.0
2023-07-14 05:00:00,49665.0
2023-07-14 06:00:00,50985.0
2023-07-14 07:00:00,50790.0
2023-07-14 08:00:00,50875.0
2023-07-14 09:00:00,50840.0
2023-07-14 10:00:00,50835.0
2023-07-14 11:00:00,50865.0
2023-07-14 12:00:00,50735.0
2023-07-14 13:00:00,50845.0
2023-07-14 14:00:00,50920.0
2023-07-14 15:00:00,50840.0
2023-07-14 16:00:00,50795.0
2023-07-14 17:00:00,50220.0
2023-07-14 18:00:00,49640.0
2023-07-14 19:00:00,49685.0
2023-07-14 20:00:00,49790.0
2023-07-16 22:00:00,49875.0
2023-07-16 23:00:00,49760.0
2023-07-17 00:00:00,49740.0
2023-07-17 01:00:00,49815.0
2023-07-17 02:00:00,49780.0
2023-07-17 03:00:00,49830.0
2023-07-17 04:00:00,49795.0
2023-07-17 05:00:00,49765.0
2023-07-17 06:00:00,49770.0
2023-07-17 07:00:00,49770.0
2023-07-17 08:00:00,49745.0
2023-07-17 09:00:00,49680.0
2023-07-17 10:00:00,49675.0
2023-07-17 11:00:00,49650.0
2023-07-17 12:00:00,49700.0
2023-07-17 13:00:00,49815.0
2023-07-17 14:00:00,49815.0
2023-07-17 15:00:00,49710.0
2023-07-17 16:00:00,49670.0
2023-07-17 17:00:00,49585.0
2023-07-17 18:00:00,49335.0
2023-07-17 19:00:00,49390.0
2023-07-17 20:00:00,49440.0
2023-07-17 22:00:00,49605.0
2023-07-17 23:00:00,49660.0
2023-07-18 00:00:00,49680.0
2023-07-18 01:00:00,49725.0
2023-07-18 02:00:00,49625.0
2023-07-18 03:00:00,49580.0
2023-07-18 04:00:00,49620.0
2023-07-18 05:00:00,49565.0
2023-07-18 06:00:00,49480.0
2023-07-18 07:00:00,49445.0
2023-07-18 08:00:00,49510.0
2023-07-18 09:00:00,49445.0
2023-07-18 10:00:00,49490.0
2023-07-18 11:00:00,49385.0
2023-07-18 12:00:00,49255.0
2023-07-18 13:00:00,49320.0
2023-07-18 14:00:00,49430.0
2023-07-18 15:00:00,49420.0
2023-07-18 16:00:00,49195.0
2023-07-18 17:00:00,49320.0
2023-07-18 18:00:00,49395.0
2023-07-18 19:00:00,49210.0
2023-07-18 20:00:00,49245.0
2023-07-18 22:00:00,49285.0
2023-07-18 23:00:00,49340.0
2023-07-19 00:00:00,49550.0
2023-07-19 01:00:00,49505.0
2023-07-19 02:00:00,49520.0
2023-07-19 03:00:00,49565.0
2023-07-19 04:00:00,49595.0
2023-07-19 05:00:00,49600.0
2023-07-19 06:00:00,49550.0
2023-07-19 07:00:00,49490.0
2023-07-19 08:00:00,49395.0
2023-07-19 09:00:00,49495.0
2023-07-19 10:00:00,49485.0
2023-07-19 11:00:00,49505.0
2023-07-19 12:00:00,49440.0
2023-07-19 13:00:00,49470.0
2023-07-19 14:00:00,49285.0
2023-07-19 15:00:00,49420.0
2023-07-19 16:00:00,49375.0
2023-07-19 17:00:00,49490.0
2023-07-19 18:00:00,49580.0
2023-07-19 19:00:00,49540.0
2023-07-19 20:00:00,49475.0
2023-07-19 22:00:00,49335.0
2023-07-19 23:00:00,49380.0
2023-07-20 00:00:00,49480.0
2023-07-20 01:00:00,49470.0
2023-07-20 02:00:00,49495.0
2023-07-20 03:00:00,49445.0
2023-07-20 04:00:00,49450.0
2023-07-20 05:00:00,49635.0
2023-07-20 06:00:00,49615.0
2023-07-20 07:00:00,49695.0
2023-07-20 08:00:00,49780.0
2023-07-20 09:00:00,49855.0
2023-07-20 10:00:00,49810.0
2023-07-20 11:00:00,49795.0
2023-07-20 12:00:00,49730.0
2023-07-20 13:00:00,49730.0
2023-07-20 14:00:00,49215.0
2023-07-20 15:00:00,49265.0
2023-07-20 16:00:00,49150.0
2023-07-20 17:00:00,49210.0
2023-07-20 18:00:00,49115.0
2023-07-20 19:00:00,49210.0
2023-07-20 20:00:00,49210.0
2023-07-20 22:00:00,49275.0
2023-07-20 23:00:00,49260.0
2023-07-21 00:00:00,49240.0
2023-07-21 01:00:00,49355.0
2023-07-21 02:00:00,49360.0
2023-07-21 03:00:00,49355.0
2023-07-21 04:00:00,49360.0
2023-07-21 05:00:00,49275.0
2023-07-21 06:00:00,49310.0
2023-07-21 07:00:00,49250.0
2023-07-21 08:00:00,49250.0
2023-07-21 09:00:00,49205.0
2023-07-21 10:00:00,49250.0
2023-07-21 11:00:00,49220.0
2023-07-21 12:00:00,49345.0
2023-07-21 13:00:00,49265.0
2023-07-21 14:00:00,49345.0
2023-07-21 15:00:00,49320.0
2023-07-21 16:00:00,49290.0
2023-07-21 17:00:00,49395.0
2023-07-21 18:00:00,49465.0
2023-07-21 19:00:00,49315.0
2023-07-21 20:00:00,49300.0
2023-07-23 22:00:00,49475.0
2023-07-23 23:00:00,49125.0
2023-07-24 00:00:00,49425.0
2023-07-24 01:00:00,49305.0
2023-07-24 02:00:00,49200.0
2023-07-24 03:00:00,49080.0
2023-07-24 04:00:00,49170.0
2023-07-24 05:00:00,48460.0
2023-07-24 06:00:00,49175.0
2023-07-24 07:00:00,49125.0
2023-07-24 08:00:00,49175.0
2023-07-24 09:00:00,48570.0
2023-07-24 10:00:00,48700.0
2023-07-24 11:00:00,48620.0
2023-07-24 12:00:00,48570.0
2023-07-24 13:00:00,48555.0
2023-07-24 14:00:00,48385.0
2023-07-24 15:00:00,48370.0
2023-07-24 16:00:00,48425.0
2023-07-24 17:00:00,48325.0
2023-07-24 18:00:00,48460.0
2023-07-24 19:00:00,48455.0
2023-07-24 20:00:00,48525.0
2023-07-24 22:00:00,48470.0
2023-07-24 23:00:00,48555.0
2023-07-25 00:00:00,48490.0
2023-07-25 01:00:00,48400.0
2023-07-25 02:00:00,48480.0
2023-07-25 03:00:00,48455.0
2023-07-25 04:00:00,48435.0
2023-07-25 05:00:00,48575.0
2023-07-25 06:00:00,48515.0
2023-07-25 08:00:00,48530.0
2023-07-25 09:00:00,48535.0
2023-07-25 10:00:00,48490.0
2023-07-25 11:00:00,48535.0
2023-07-25 12:00:00,48455.0
2023-07-25 13:00:00,48610.0
2023-07-25 14:00:00,48530.0
2023-07-25 15:00:00,48580.0
2023-07-25 16:00:00,48560.0
2023-07-25 17:00:00,48600.0
2023-07-25 18:00:00,48620.0
2023-07-25 19:00:00,48580.0
2023-07-25 20:00:00,48610.0
2023-07-25 22:00:00,48605.0
2023-07-25 23:00:00,48570.0
2023-07-26 00:00:00,48525.0
2023-07-26 01:00:00,48480.0
2023-07-26 02:00:00,48590.0
2023-07-26 03:00:00,48595.0
2023-07-26 04:00:00,48560.0
2023-07-26 05:00:00,48580.0
2023-07-26 06:00:00,48635.0
2023-07-26 07:00:00,48580.0
2023-07-26 08:00:00,48535.0
2023-07-26 09:00:00,48490.0
2023-07-26 10:00:00,48505.0
2023-07-26 11:00:00,48530.0
2023-07-26 12:00:00,48550.0
2023-07-26 13:00:00,48660.0
2023-07-26 14:00:00,48615.0
2023-07-26 15:00:00,48640.0
2023-07-26 16:00:00,48655.0
2023-07-26 17:00:00,48560.0
2023-07-26 18:00:00,48675.0
2023-07-26 19:00:00,48700.0
2023-07-26 20:00:00,48935.0
2023-07-26 22:00:00,48780.0
2023-07-26 23:00:00,48645.0
2023-07-27 00:00:00,48665.0
2023-07-27 01:00:00,48695.0
2023-07-27 02:00:00,48695.0
2023-07-27 03:00:00,48695.0
2023-07-27 04:00:00,48825.0
2023-07-27 05:00:00,48825.0
2023-07-27 06:00:00,48810.0
2023-07-27 07:00:00,48795.0
2023-07-27 08:00:00,48780.0
2023-07-27 09:00:00,48895.0
2023-07-27 10:00:00,48880.0
2023-07-27 11:00:00,48850.0
2023-07-27 12:00:00,48810.0
2023-07-27 13:00:00,48740.0
2023-07-27 14:00:00,48605.0
2023-07-27 15:00:00,48520.0
2023-07-27 16:00:00,48465.0
2023-07-27 17:00:00,48390.0
2023-07-27 18:00:00,48385.0
2023-07-27 19:00:00,48380.0
2023-07-27 20:00:00,48375.0
2023-07-27 22:00:00,48390.0
2023-07-27 23:00:00,48410.0
2023-07-28 00:00:00,48485.0
2023-07-28 01:00:00,48475.0
2023-07-28 02:00:00,48450.0
2023-07-28 03:00:00,48450.0
2023-07-28 04:00:00,48475.0
2023-07-28 05:00:00,48615.0
2023-07-28 06:00:00,48425.0
2023-07-28 07:00:00,48365.0
2023-07-28 08:00:00,48380.0
2023-07-28 09:00:00,48475.0
2023-07-28 10:00:00,48465.0
2023-07-28 11:00:00,48460.0
2023-07-28 12:00:00,48560.0
2023-07-28 13:00:00,48560.0
2023-07-28 14:00:00,48815.0
2023-07-28 15:00:00,48720.0
2023-07-28 16:00:00,48665.0
2023-07-28 17:00:00,48550.0
2023-07-28 18:00:00,48580.0
2023-07-28 19:00:00,48615.0
2023-07-28 20:00:00,48655.0
2023-07-30 22:00:00,48405.0
2023-07-30 23:00:00,48535.0
2023-07-31 00:00:00,48740.0
2023-07-31 01:00:00,48745.0
2023-07-31 02:00:00,48765.0
2023-07-31 03:00:00,48730.0
2023-07-31 04:00:00,48705.0
2023-07-31 05:00:00,48365.0
2023-07-31 06:00:00,48725.0
2023-07-31 07:00:00,48730.0
2023-07-31 08:00:00,48675.0
2023-07-31 09:00:00,48655.0
2023-07-31 10:00:00,48695.0
2023-07-31 11:00:00,48680.0
2023-07-31 12:00:00,48790.0
2023-07-31 13:00:00,48640.0
2023-07-31 14:00:00,48575.0
2023-07-31 15:00:00,48495.0
2023-07-31 16:00:00,48455.0
2023-07-31 17:00:00,48455.0
2023-07-31 18:00:00,48440.0
2023-07-31 19:00:00,48405.0
2023-07-31 20:00:00,48435.0
2023-07-31 22:00:00,48440.0
2023-07-31 23:00:00,48410.0
2023-08-01 00:00:00,48525.0
2023-08-01 01:00:00,48410.0
2023-08-01 02:00:00,48145.0
2023-08-01 03:00:00,48005.0
2023-08-01 04:00:00,48010.0
2023-08-01 05:00:00,48520.0
2023-08-01 06:00:00,48110.0
2023-08-01 07:00:00,48085.0
2023-08-01 08:00:00,48175.0
2023-08-01 09:00:00,48125.0
2023-08-01 10:00:00,48135.0
2023-08-01 11:00:00,48035.0
2023-08-01 12:00:00,48020.0
2023-08-01 13:00:00,48030.0
2023-08-01 14:00:00,47985.0
2023-08-01 15:00:00,48135.0
2023-08-01 16:00:00,48145.0
2023-08-01 17:00:00,48165.0
2023-08-01 18:00:00,48520.0
2023-08-01 19:00:00,48530.0
2023-08-01 20:00:00,48485.0
2023-08-01 22:00:00,48490.0
2023-08-01 23:00:00,49000.0
2023-08-02 00:00:00,49090.0
2023-08-02 01:00:00,49135.0
2023-08-02 02:00:00,49125.0
2023-08-02 03:00:00,48945.0
2023-08-02 04:00:00,48950.0
2023-08-02 05:00:00,48940.0
2023-08-02 06:00:00,48865.0
2023-08-02 07:00:00,48855.0
2023-08-02 08:00:00,48745.0
2023-08-02 09:00:00,48720.0
2023-08-02 10:00:00,48800.0
2023-08-02 11:00:00,48860.0
2023-08-02 12:00:00,48760.0
2023-08-02 13:00:00,48660.0
2023-08-02 14:00:00,48485.0
2023-08-02 15:00:00,48520.0
2023-08-02 16:00:00,48165.0
2023-08-02 17:00:00,48305.0
2023-08-02 18:00:00,48335.0
2023-08-02 19:00:00,48355.0
2023-08-02 20:00:00,48345.0
2023-08-02 22:00:00,48370.0
2023-08-02 23:00:00,48355.0
2023-08-03 00:00:00,48365.0
2023-08-03 01:00:00,48455.0
2023-08-03 02:00:00,48375.0
2023-08-03 03:00:00,48370.0
2023-08-03 04:00:00,48320.0
2023-08-03 05:00:00,48490.0
2023-08-03 06:00:00,48215.0
2023-08-03 07:00:00,48215.0
2023-08-03 08:00:00,48290.0
2023-08-03 09:00:00,48345.0
2023-08-03 10:00:00,48375.0
2023-08-03 11:00:00,48335.0
2023-08-03 12:00:00,48290.0
2023-08-03 13:00:00,48425.0
2023-08-03 14:00:00,48650.0
2023-08-03 15:00:00,48505.0
2023-08-03 16:00:00,48545.0
2023-08-03 17:00:00,48460.0
2023-08-03 18:00:00,48490.0
2023-08-03 19:00:00,48490.0
2023-08-03 20:00:00,48515.0
2023-08-03 22:00:00,48450.0
2023-08-03 23:00:00,48435.0
2023-08-04 00:00:00,48365.0
2023-08-04 01:00:00,48415.0
2023-08-04 02:00:00,48365.0
2023-08-04 03:00:00,48330.0
2023-08-04 04:00:00,48380.0
2023-08-04 05:00:00,48445.0
2023-08-04 06:00:00,48400.0
2023-08-04 07:00:00,48375.0
2023-08-04 08:00:00,48395.0
2023-08-04 09:00:00,48395.0
2023-08-04 10:00:00,48345.0
2023-08-04 11:00:00,48325.0
2023-08-04 12:00:00,48430.0
2023-08-04 13:00:00,48445.0
2023-08-04 14:00:00,48490.0
2023-08-04 15:00:00,48500.0
2023-08-04 16:00:00,48480.0
2023-08-04 17:00:00,48395.0
2023-08-04 18:00:00,48215.0
2023-08-04 19:00:00,48170.0
2023-08-04 20:00:00,48135.0
2023-08-06 22:00:00,48250.0
2023-08-06 23:00:00,48220.0
2023-08-07 00:00:00,48195.0
2023-08-07 01:00:00,48310.0
2023-08-07 02:00:00,48330.0
2023-08-07 03:00:00,48325.0
2023-08-07 04:00:00,48335.0
2023-08-07 05:00:00,48295.0
2023-08-07 06:00:00,48205.0
2023-08-07 07:00:00,48245.0
2023-08-07 08:00:00,48205.0
2023-08-07 09:00:00,48225.0
2023-08-07 10:00:00,48285.0
2023-08-07 11:00:00,48255.0
2023-08-07 12:00:00,48245.0
2023-08-07 13:00:00,48175.0
2023-08-07 14:00:00,48150.0
2023-08-07 15:00:00,47960.0
2023-08-07 16:00:00,48050.0
2023-08-07 17:00:00,48120.0
2023-08-07 18:00:00,48280.0
2023-08-07 19:00:00,48340.0
2023-08-07 20:00:00,48385.0
2023-08-07 22:00:00,48370.0
2023-08-07 23:00:00,48385.0
2023-08-08 00:00:00,48465.0
2023-08-08 01:00:00,48325.0
2023-08-08 02:00:00,48375.0
2023-08-08 03:00:00,48395.0
2023-08-08 04:00:00,48420.0
2023-08-08 05:00:00,48440.0
2023-08-08 06:00:00,48425.0
2023-08-08 07:00:00,48385.0
2023-08-08 08:00:00,48385.0
2023-08-08 09:00:00,48355.0
2023-08-08 10:00:00,48505.0
2023-08-08 11:00:00,48635.0
2023-08-08 12:00:00,48830.0
2023-08-08 13:00:00,48555.0
2023-08-08 14:00:00,48660.0
2023-08-08 15:00:00,48775.0
2023-08-08 16:00:00,49050.0
2023-08-08 17:00:00,49100.0
2023-08-08 18:00:00,49200.0
2023-08-08 19:00:00,49165.0
2023-08-08 20:00:00,49225.0
2023-08-08 22:00:00,49015.0
2023-08-08 23:00:00,49050.0
2023-08-09 00:00:00,49050.0
2023-08-09 01:00:00,49110.0
2023-08-09 02:00:00,48930.0
2023-08-09 03:00:00,48925.0
2023-08-09 04:00:00,49000.0
2023-08-09 05:00:00,48965.0
2023-08-09 06:00:00,48970.0
2023-08-09 07:00:00,49075.0
2023-08-09 08:00:00,49070.0
2023-08-09 09:00:00,49005.0
2023-08-09 10:00:00,49050.0
2023-08-09 11:00:00,49090.0
2023-08-09 12:00:00,49290.0
2023-08-09 13:00:00,49105.0
2023-08-09 14:00:00,48965.0
2023-08-09 15:00:00,48955.0
2023-08-09 16:00:00,48680.0
2023-08-09 17:00:00,48675.0
2023-08-09 18:00:00,48680.0
2023-08-09 19:00:00,48580.0
2023-08-09 20:00:00,48700.0
2023-08-09 22:00:00,48735.0
2023-08-09 23:00:00,48750.0
2023-08-10 00:00:00,48775.0
2023-08-10 01:00:00,48800.0
2023-08-10 02:00:00,48825.0
2023-08-10 03:00:00,48775.0
2023-08-10 04:00:00,48725.0
2023-08-10 05:00:00,48575.0
2023-08-10 06:00:00,48690.0
2023-08-10 07:00:00,48685.0
2023-08-10 08:00:00,48675.0
2023-08-10 09:00:00,48710.0
2023-08-10 10:00:00,48715.0
2023-08-10 11:00:00,48640.0
2023-08-10 12:00:00,48700.0
2023-08-10 13:00:00,48875.0
2023-08-10 14:00:00,48630.0
2023-08-10 15:00:00,48610.0
2023-08-10 16:00:00,48560.0
2023-08-10 17:00:00,48535.0
2023-08-10 18:00:00,48590.0
2023-08-10 19:00:00,48595.0
2023-08-10 20:00:00,48595.0
2023-08-10 22:00:00,48615.0
2023-08-10 23:00:00,48595.0
2023-08-11 00:00:00,48640.0
2023-08-11 01:00:00,48585.0
2023-08-11 02:00:00,48495.0
2023-08-11 03:00:00,48515.0
2023-08-11 04:00:00,48540.0
2023-08-11 05:00:00,48570.0
2023-08-11 06:00:00,48600.0
2023-08-11 07:00:00,48585.0
2023-08-11 08:00:00,48560.0
2023-08-11 09:00:00,48500.0
2023-08-11 10:00:00,48515.0
2023-08-11 11:00:00,48575.0
2023-08-11 12:00:00,48575.0
2023-08-11 13:00:00,48655.0
2023-08-11 14:00:00,48685.0
2023-08-11 15:00:00,48540.0
2023-08-11 16:00:00,48520.0
2023-08-11 17:00:00,48480.0
2023-08-11 18:00:00,48500.0
2023-08-11 19:00:00,48545.0
2023-08-11 20:00:00,48605.0
2023-08-13 22:00:00,48470.0
2023-08-13 23:00:00,48455.0
2023-08-14 00:00:00,48380.0
2023-08-14 01:00:00,48360.0
2023-08-14 02:00:00,48430.0
2023-08-14 03:00:00,48490.0
2023-08-14 04:00:00,48555.0
2023-08-14 05:00:00,48590.0
2023-08-14 06:00:00,48560.0
2023-08-14 07:00:00,48575.0
2023-08-14 08:00:00,48585.0
2023-08-14 09:00:00,48520.0
2023-08-14 10:00:00,48575.0
2023-08-14 11:00:00,48525.0
2023-08-14 12:00:00,48480.0
2023-08-14 13:00:00,48515.0
2023-08-14 14:00:00,48705.0
2023-08-14 15:00:00,48800.0
2023-08-14 16:00:00,48850.0
2023-08-14 17:00:00,48620.0
2023-08-14 18:00:00,48455.0
2023-08-14 19:00:00,48465.0
2023-08-14 20:00:00,48495.0
2023-08-14 22:00:00,48570.0
2023-08-14 23:00:00,48565.0
2023-08-15 00:00:00,48540.0
2023-08-15 01:00:00,48515.0
2023-08-15 02:00:00,48495.0
2023-08-15 03:00:00,48505.0
2023-08-15 04:00:00,48510.0
2023-08-15 05:00:00,48305.0
2023-08-15 06:00:00,48480.0
2023-08-15 07:00:00,48515.0
2023-08-15 08:00:00,48560.0
2023-08-15 09:00:00,48545.0
2023-08-15 10:00:00,48510.0
2023-08-15 11:00:00,48475.0
2023-08-15 12:00:00,48480.0
2023-08-15 13:00:00,48515.0
2023-08-15 14:00:00,48630.0
2023-08-15 15:00:00,48465.0
2023-08-15 16:00:00,48410.0
2023-08-15 17:00:00,48435.0
2023-08-15 18:00:00,48475.0
2023-08-15 19:00:00,48310.0
2023-08-15 20:00:00,48325.0
2023-08-15 22:00:00,48285.0
2023-08-15 23:00:00,48305.0
2023-08-16 00:00:00,48315.0
2023-08-16 01:00:00,48340.0
2023-08-16 02:00:00,48360.0
2023-08-16 03:00:00,48350.0
2023-08-16 04:00:00,48325.0
2023-08-16 05:00:00,48210.0
2023-08-16 06:00:00,48295.0
2023-08-16 07:00:00,48315.0
2023-08-16 08:00:00,48320.0
2023-08-16 09:00:00,48250.0
2023-08-16 10:00:00,48325.0
2023-08-16 11:00:00,48260.0
2023-08-16 12:00:00,48265.0
2023-08-16 13:00:00,48185.0
2023-08-16 14:00:00,48260.0
2023-08-16 15:00:00,48205.0
2023-08-16 16:00:00,48150.0
2023-08-16 17:00:00,48290.0
2023-08-16 18:00:00,48305.0
2023-08-16 19:00:00,48205.0
2023-08-16 20:00:00,48080.0
2023-08-16 22:00:00,48005.0
2023-08-16 23:00:00,47800.0
2023-08-17 00:00:00,47665.0
2023-08-17 01:00:00,47650.0
2023-08-17 02:00:00,47640.0
2023-08-17 03:00:00,47710.0
2023-08-17 04:00:00,47670.0
2023-08-17 05:00:00,46930.0
2023-08-17 06:00:00,47710.0
2023-08-17 07:00:00,47660.0
2023-08-17 08:00:00,47605.0
2023-08-17 09:00:00,47660.0
2023-08-17 10:00:00,47590.0
2023-08-17 11:00:00,47585.0
2023-08-17 12:00:00,47555.0
2023-08-17 13:00:00,47440.0
2023-08-17 14:00:00,47460.0
2023-08-17 15:00:00,46960.0
2023-08-17 16:00:00,46980.0
2023-08-17 17:00:00,47000.0
2023-08-17 18:00:00,46905.0
2023-08-17 19:00:00,46930.0
2023-08-17 20:00:00,46695.0
2023-08-17 22:00:00,45920.0
2023-08-17 23:00:00,45720.0
2023-08-18 00:00:00,45815.0
2023-08-18 01:00:00,45645.0
2023-08-18 02:00:00,45530.0
2023-08-18 03:00:00,45480.0
2023-08-18 04:00:00,45325.0
2023-08-18 05:00:00,45515.0
2023-08-18 06:00:00,45555.0
2023-08-18 07:00:00,45490.0
2023-08-18 08:00:00,45670.0
2023-08-18 09:00:00,45500.0
2023-08-18 10:00:00,45515.0
2023-08-18 11:00:00,45565.0
2023-08-18 12:00:00,45380.0
2023-08-18 13:00:00,45290.0
2023-08-18 14:00:00,45060.0
2023-08-18 15:00:00,45030.0
2023-08-18 16:00:00,44930.0
2023-08-18 17:00:00,45065.0
2023-08-18 18:00:00,45185.0
2023-08-18 19:00:00,45125.0
2023-08-18 20:00:00,45135.0
2023-08-20 22:00:00,45285.0
2023-08-20 23:00:00,45245.0
2023-08-21 00:00:00,45195.0
2023-08-21 01:00:00,45160.0
2023-08-21 02:00:00,45145.0
2023-08-21 03:00:00,45140.0
2023-08-21 04:00:00,45090.0
2023-08-21 05:00:00,45145.0
2023-08-21 06:00:00,45060.0
2023-08-21 07:00:00,45080.0
2023-08-21 08:00:00,45120.0
2023-08-21 09:00:00,45095.0
2023-08-21 10:00:00,44970.0
2023-08-21 11:00:00,45030.0
2023-08-21 12:00:00,45065.0
2023-08-21 13:00:00,45210.0
2023-08-21 14:00:00,45170.0
2023-08-21 15:00:00,45010.0
2023-08-21 16:00:00,45095.0
2023-08-21 17:00:00,45120.0
2023-08-21 18:00:00,45110.0
2023-08-21 19:00:00,45160.0
2023-08-21 20:00:00,45185.0
2023-08-21 22:00:00,45190.0
2023-08-21 23:00:00,45195.0
2023-08-22 00:00:00,45175.0
2023-08-22 01:00:00,45125.0
2023-08-22 02:00:00,45125.0
2023-08-22 03:00:00,45095.0
2023-08-22 04:00:00,45070.0
2023-08-22 05:00:00,45095.0
2023-08-22 06:00:00,45120.0
2023-08-22 07:00:00,45155.0
2023-08-22 08:00:00,45105.0
2023-08-22 09:00:00,45135.0
2023-08-22 10:00:00,45105.0
2023-08-22 11:00:00,45105.0
2023-08-22 12:00:00,45120.0
2023-08-22 13:00:00,45050.0
2023-08-22 14:00:00,45030.0
2023-08-22 15:00:00,44975.0
2023-08-22 16:00:00,45050.0
2023-08-22 17:00:00,44865.0
2023-08-22 18:00:00,44955.0
2023-08-22 19:00:00,44800.0
2023-08-22 20:00:00,44920.0
2023-08-22 22:00:00,44850.0
2023-08-22 23:00:00,45095.0
2023-08-23 00:00:00,45100.0
2023-08-23 01:00:00,45070.0
2023-08-23 02:00:00,45035.0
2023-08-23 03:00:00,44965.0
2023-08-23 04:00:00,45025.0
2023-08-23 05:00:00,45010.0
2023-08-23 06:00:00,45135.0
2023-08-23 07:00:00,45040.0
2023-08-23 08:00:00,45040.0
2023-08-23 10:00:00,45005.0
2023-08-23 11:00:00,44955.0
2023-08-23 12:00:00,44860.0
2023-08-23 13:00:00,45040.0
2023-08-23 14:00:00,45080.0
2023-08-23 15:00:00,45130.0
2023-08-23 16:00:00,45425.0
2023-08-23 17:00:00,45525.0
2023-08-23 18:00:00,45415.0
2023-08-23 19:00:00,45600.0
2023-08-23 20:00:00,45615.0
2023-08-23 22:00:00,45410.0
2023-08-23 23:00:00,45410.0
2023-08-24 00:00:00,45500.0
2023-08-24 01:00:00,45320.0
2023-08-24 02:00:00,45350.0
2023-08-24 03:00:00,45455.0
2023-08-24 04:00:00,45450.0
2023-08-24 05:00:00,45000.0
2023-08-24 06:00:00,45410.0
2023-08-24 07:00:00,45480.0
2023-08-24 08:00:00,45410.0
2023-08-24 09:00:00,45520.0
2023-08-24 10:00:00,45435.0
2023-08-24 11:00:00,45480.0
2023-08-24 12:00:00,45375.0
2023-08-24 13:00:00,45275.0
2023-08-24 14:00:00,45065.0
2023-08-24 15:00:00,44940.0
2023-08-24 16:00:00,45045.0
2023-08-24 17:00:00,44985.0
2023-08-24 18:00:00,44990.0
2023-08-24 19:00:00,44960.0
2023-08-24 20:00:00,44930.0
2023-08-24 22:00:00,45040.0
2023-08-24 23:00:00,45135.0
2023-08-25 00:00:00,45125.0
2023-08-25 01:00:00,45115.0
2023-08-25 02:00:00,45080.0
2023-08-25 03:00:00,45060.0
2023-08-25 04:00:00,44990.0
2023-08-25 05:00:00,44940.0
2023-08-25 06:00:00,44980.0
2023-08-25 07:00:00,44950.0
2023-08-25 08:00:00,45065.0
2023-08-25 09:00:00,45065.0
2023-08-25 10:00:00,45075.0
2023-08-25 11:00:00,45090.0
2023-08-25 12:00:00,45105.0
2023-08-25 13:00:00,45060.0
2023-08-25 14:00:00,44795.0
2023-08-25 15:00:00,44885.0
2023-08-25 16:00:00,44870.0
2023-08-25 17:00:00,44825.0
2023-08-25 18:00:00,45005.0
2023-08-25 19:00:00,44935.0
2023-08-25 20:00:00,45040.0
2023-08-27 22:00:00,45085.0
2023-08-27 23:00:00,45080.0
2023-08-28 00:00:00,44980.0
2023-08-28 01:00:00,44975.0
2023-08-28 02:00:00,45015.0
2023-08-28 03:00:00,44970.0
2023-08-28 04:00:00,44975.0
2023-08-28 05:00:00,44910.0
2023-08-28 06:00:00,44875.0
2023-08-28 07:00:00,44815.0
2023-08-28 08:00:00,44900.0
2023-08-28 09:00:00,44860.0
2023-08-28 10:00:00,44890.0
2023-08-28 11:00:00,44945.0
2023-08-28 12:00:00,45100.0
2023-08-28 13:00:00,45050.0
2023-08-28 14:00:00,45090.0
2023-08-28 15:00:00,45055.0
2023-08-28 16:00:00,45125.0
2023-08-28 17:00:00,45120.0
2023-08-28 18:00:00,45080.0
2023-08-28 19:00:00,44945.0
2023-08-28 20:00:00,44935.0
2023-08-28 22:00:00,44995.0
2023-08-28 23:00:00,45090.0
2023-08-29 00:00:00,45105.0
2023-08-29 01:00:00,45070.0
2023-08-29 02:00:00,45060.0
2023-08-29 03:00:00,45055.0
2023-08-29 04:00:00,45020.0
2023-08-29 05:00:00,46870.0
2023-08-29 06:00:00,44955.0
2023-08-29 07:00:00,44930.0
2023-08-29 08:00:00,44880.0
2023-08-29 09:00:00,44895.0
2023-08-29 10:00:00,44910.0
2023-08-29 11:00:00,44895.0
2023-08-29 12:00:00,44950.0
2023-08-29 13:00:00,45025.0
2023-08-29 14:00:00,46585.0
2023-08-29 15:00:00,46480.0
2023-08-29 16:00:00,47060.0
2023-08-29 17:00:00,46945.0
2023-08-29 18:00:00,47030.0
2023-08-29 19:00:00,46860.0
2023-08-29 20:00:00,46625.0
2023-08-29 22:00:00,46675.0
2023-08-29 23:00:00,46765.0
2023-08-30 00:00:00,46685.0
2023-08-30 01:00:00,46585.0
2023-08-30 02:00:00,46445.0
2023-08-30 03:00:00,46425.0
2023-08-30 04:00:00,46470.0
2023-08-30 05:00:00,46470.0
2023-08-30 06:00:00,46385.0
2023-08-30 07:00:00,46440.0
2023-08-30 08:00:00,46495.0
2023-08-30 09:00:00,46440.0
2023-08-30 10:00:00,46435.0
2023-08-30 11:00:00,46330.0
2023-08-30 12:00:00,46340.0
2023-08-30 13:00:00,46345.0
2023-08-30 14:00:00,46080.0
2023-08-30 15:00:00,46190.0
2023-08-30 16:00:00,46135.0
2023-08-30 17:00:00,46145.0
2023-08-30 18:00:00,46255.0
2023-08-30 19:00:00,46120.0
2023-08-30 20:00:00,46205.0
2023-08-30 22:00:00,46235.0
2023-08-30 23:00:00,46285.0
2023-08-31 00:00:00,46190.0
2023-08-31 01:00:00,46155.0
2023-08-31 02:00:00,46185.0
2023-08-31 03:00:00,46170.0
2023-08-31 04:00:00,46230.0
2023-08-31 05:00:00,45100.0
2023-08-31 06:00:00,46260.0
2023-08-31 07:00:00,46240.0
2023-08-31 08:00:00,46230.0
2023-08-31 09:00:00,46185.0
2023-08-31 10:00:00,46185.0
2023-08-31 11:00:00,46295.0
2023-08-31 12:00:00,46190.0
2023-08-31 13:00:00,46110.0
2023-08-31 14:00:00,46150.0
2023-08-31 15:00:00,45865.0
2023-08-31 16:00:00,45170.0
2023-08-31 17:00:00,45255.0
2023-08-31 18:00:00,45225.0
2023-08-31 19:00:00,45080.0
2023-08-31 20:00:00,44900.0
2023-08-31 22:00:00,44965.0
2023-08-31 23:00:00,44850.0
2023-09-01 00:00:00,44960.0
2023-09-01 01:00:00,44900.0
2023-09-01 02:00:00,44970.0
2023-09-01 03:00:00,44985.0
2023-09-01 04:00:00,44945.0
2023-09-01 05:00:00,44560.0
2023-09-01 06:00:00,44900.0
2023-09-01 07:00:00,44920.0
2023-09-01 08:00:00,44910.0
2023-09-01 09:00:00,44960.0
2023-09-01 10:00:00,44925.0
2023-09-01 11:00:00,44985.0
2023-09-01 12:00:00,44990.0
2023-09-01 13:00:00,44900.0
2023-09-01 14:00:00,44625.0
2023-09-01 15:00:00,44720.0
2023-09-01 16:00:00,44690.0
2023-09-01 17:00:00,44395.0
2023-09-01 18:00:00,44550.0
2023-09-01 19:00:00,44575.0
2023-09-01 20:00:00,44730.0
2023-09-03 22:00:00,44860.0
2023-09-03 23:00:00,44885.0
2023-09-04 00:00:00,44830.0
2023-09-04 01:00:00,44820.0
2023-09-04 02:00:00,44910.0
2023-09-04 03:00:00,44895.0
2023-09-04 04:00:00,44910.0
2023-09-04 05:00:00,44860.0
2023-09-04 06:00:00,44875.0
2023-09-04 07:00:00,44860.0
2023-09-04 08:00:00,44890.0
2023-09-04 09:00:00,44860.0
2023-09-04 10:00:00,44795.0
2023-09-04 11:00:00,44800.0
2023-09-04 12:00:00,44735.0
2023-09-04 13:00:00,44790.0
2023-09-04 14:00:00,44760.0
2023-09-04 15:00:00,44725.0
2023-09-04 16:00:00,44775.0
2023-09-04 17:00:00,44805.0
2023-09-04 18:00:00,44815.0
2023-09-04 19:00:00,44780.0
2023-09-04 20:00:00,44725.0
2023-09-04 22:00:00,44665.0
2023-09-04 23:00:00,44725.0
2023-09-05 00:00:00,44695.0
2023-09-05 01:00:00,44635.0
2023-09-05 02:00:00,44570.0
2023-09-05 03:00:00,44575.0
2023-09-05 04:00:00,44585.0
2023-09-05 05:00:00,44610.0
2023-09-05 06:00:00,44595.0
2023-09-05 07:00:00,44625.0
2023-09-05 08:00:00,44585.0
2023-09-05 09:00:00,44660.0
2023-09-05 10:00:00,44630.0
2023-09-05 11:00:00,44680.0
2023-09-05 12:00:00,44720.0
2023-09-05 13:00:00,44630.0
2023-09-05 14:00:00,44595.0
2023-09-05 15:00:00,44695.0
2023-09-05 16:00:00,44685.0
2023-09-05 17:00:00,44675.0
2023-09-05 18:00:00,44665.0
2023-09-05 19:00:00,44580.0
2023-09-05 20:00:00,44660.0
2023-09-05 22:00:00,44680.0
2023-09-05 23:00:00,44710.0
2023-09-06 00:00:00,44720.0
2023-09-06 01:00:00,44705.0
2023-09-06 02:00:00,44760.0
2023-09-06 03:00:00,44725.0
2023-09-06 04:00:00,44685.0
2023-09-06 05:00:00,44565.0
2023-09-06 06:00:00,44665.0
2023-09-06 07:00:00,44665.0
2023-09-06 08:00:00,44640.0
2023-09-06 09:00:00,44655.0
2023-09-06 10:00:00,44635.0
2023-09-06 11:00:00,44595.0
2023-09-06 12:00:00,44605.0
2023-09-06 13:00:00,44660.0
2023-09-06 14:00:00,44500.0
2023-09-06 15:00:00,44475.0
2023-09-06 16:00:00,44495.0
2023-09-06 17:00:00,44810.0
2023-09-06 18:00:00,44565.0
2023-09-06 19:00:00,44610.0
2023-09-06 20:00:00,44590.0
2023-09-06 22:00:00,44635.0
2023-09-06 23:00:00,44665.0
2023-09-07 00:00:00,44635.0
2023-09-07 01:00:00,44635.0
2023-09-07 02:00:00,44660.0
2023-09-07 03:00:00,44735.0
2023-09-07 04:00:00,44695.0
2023-09-07 05:00:00,44840.0
2023-09-07 06:00:00,44655.0
2023-09-07 07:00:00,44660.0
2023-09-07 08:00:00,44640.0
2023-09-07 09:00:00,44645.0
2023-09-07 10:00:00,44625.0
2023-09-07 11:00:00,44585.0
2023-09-07 12:00:00,44535.0
2023-09-07 13:00:00,44535.0
2023-09-07 14:00:00,44685.0
2023-09-07 15:00:00,44715.0
2023-09-07 16:00:00,44795.0
2023-09-07 17:00:00,44870.0
2023-09-07 18:00:00,44835.0
2023-09-07 19:00:00,44815.0
2023-09-07 20:00:00,44960.0
2023-09-07 22:00:00,45295.0
2023-09-07 23:00:00,45225.0
2023-09-08 00:00:00,45340.0
2023-09-08 01:00:00,45240.0
2023-09-08 02:00:00,45215.0
2023-09-08 03:00:00,45260.0
2023-09-08 04:00:00,45340.0
2023-09-08 05:00:00,44865.0
2023-09-08 06:00:00,45200.0
2023-09-08 07:00:00,45240.0
2023-09-08 08:00:00,45160.0
2023-09-08 09:00:00,45025.0
2023-09-08 10:00:00,44745.0
2023-09-08 11:00:00,44745.0
2023-09-08 12:00:00,44785.0
2023-09-08 13:00:00,44830.0
2023-09-08 14:00:00,44770.0
2023-09-08 15:00:00,44780.0
2023-09-08 16:00:00,44735.0
2023-09-08 17:00:00,44810.0
2023-09-08 18:00:00,44770.0
2023-09-08 19:00:00,44870.0
2023-09-08 20:00:00,44895.0
2023-09-10 22:00:00,44820.0
2023-09-10 23:00:00,44795.0
2023-09-11 00:00:00,44680.0
2023-09-11 01:00:00,44635.0
2023-09-11 02:00:00,44605.0
2023-09-11 03:00:00,44675.0
2023-09-11 04:00:00,44725.0
2023-09-11 05:00:00,43890.0
2023-09-11 06:00:00,44780.0
2023-09-11 07:00:00,44765.0
2023-09-11 08:00:00,44755.0
2023-09-11 09:00:00,44680.0
2023-09-11 10:00:00,44655.0
2023-09-11 11:00:00,44530.0
2023-09-11 12:00:00,44625.0
2023-09-11 13:00:00,44525.0
2023-09-11 14:00:00,44005.0
2023-09-11 15:00:00,43975.0
2023-09-11 16:00:00,44060.0
2023-09-11 17:00:00,44100.0
2023-09-11 18:00:00,44040.0
2023-09-11 19:00:00,43915.0
2023-09-11 20:00:00,43985.0
2023-09-11 22:00:00,44000.0
2023-09-11 23:00:00,44050.0
2023-09-12 00:00:00,44085.0
2023-09-12 01:00:00,44040.0
2023-09-12 02:00:00,44100.0
2023-09-12 03:00:00,44715.0
2023-09-12 04:00:00,44675.0
2023-09-12 05:00:00,44660.0
2023-09-12 06:00:00,44680.0
2023-09-12 07:00:00,44740.0
2023-09-12 08:00:00,44700.0
2023-09-12 09:00:00,44800.0
2023-09-12 10:00:00,45080.0
2023-09-12 11:00:00,45015.0
2023-09-12 12:00:00,45055.0
2023-09-12 13:00:00,45250.0
2023-09-12 14:00:00,45100.0
2023-09-12 15:00:00,45160.0
2023-09-12 16:00:00,45065.0
2023-09-12 17:00:00,44855.0
2023-09-12 18:00:00,44915.0
2023-09-12 19:00:00,44990.0
2023-09-12 20:00:00,45020.0
2023-09-12 22:00:00,44920.0
2023-09-12 23:00:00,44780.0
2023-09-13 00:00:00,44865.0
2023-09-13 01:00:00,44890.0
2023-09-13 02:00:00,44835.0
2023-09-13 03:00:00,44775.0
2023-09-13 04:00:00,44835.0
2023-09-13 05:00:00,44815.0
2023-09-13 06:00:00,44870.0
2023-09-13 07:00:00,44790.0
2023-09-13 08:00:00,44890.0
2023-09-13 09:00:00,45080.0
2023-09-13 10:00:00,45045.0
2023-09-13 11:00:00,45135.0
2023-09-13 12:00:00,45165.0
2023-09-13 13:00:00,45075.0
2023-09-13 14:00:00,45175.0
2023-09-13 15:00:00,45205.0
2023-09-13 16:00:00,45280.0
2023-09-13 17:00:00,45065.0
2023-09-13 18:00:00,45050.0
2023-09-13 19:00:00,45070.0
2023-09-13 20:00:00,45160.0
2023-09-13 22:00:00,45180.0
2023-09-13 23:00:00,45160.0
2023-09-14 00:00:00,45470.0
2023-09-14 01:00:00,45095.0
2023-09-14 02:00:00,45205.0
2023-09-14 03:00:00,45185.0
2023-09-14 04:00:00,45145.0
2023-09-14 05:00:00,45095.0
2023-09-14 06:00:00,45170.0
2023-09-14 07:00:00,45295.0
2023-09-14 08:00:00,45240.0
2023-09-14 09:00:00,45220.0
2023-09-14 10:00:00,45255.0
2023-09-14 11:00:00,45385.0
2023-09-14 12:00:00,45425.0
2023-09-14 13:00:00,45560.0
2023-09-14 14:00:00,45710.0
2023-09-14 15:00:00,45660.0
2023-09-14 16:00:00,45590.0
2023-09-14 17:00:00,45600.0
2023-09-14 18:00:00,45565.0
2023-09-14 19:00:00,45620.0
2023-09-14 20:00:00,45530.0
2023-09-14 22:00:00,45560.0
2023-09-14 23:00:00,45485.0
2023-09-15 00:00:00,45460.0
2023-09-15 01:00:00,45435.0
2023-09-15 02:00:00,45560.0
2023-09-15 03:00:00,45585.0
2023-09-15 04:00:00,45625.0
2023-09-15 05:00:00,45335.0
2023-09-15 06:00:00,45530.0
2023-09-15 07:00:00,45530.0
2023-09-15 08:00:00,45510.0
2023-09-15 09:00:00,45575.0
2023-09-15 10:00:00,45580.0
2023-09-15 11:00:00,45360.0
2023-09-15 12:00:00,45300.0
2023-09-15 13:00:00,45310.0
2023-09-15 14:00:00,45150.0
2023-09-15 15:00:00,45260.0
2023-09-15 16:00:00,45340.0
2023-09-15 17:00:00,45295.0
2023-09-15 18:00:00,45315.0
2023-09-15 19:00:00,45350.0
2023-09-15 20:00:00,45370.0
2023-09-17 22:00:00,45395.0
2023-09-17 23:00:00,45420.0
2023-09-18 00:00:00,45425.0
2023-09-18 01:00:00,45380.0
2023-09-18 02:00:00,45625.0
2023-09-18 03:00:00,45620.0
2023-09-18 04:00:00,45535.0
2023-09-18 05:00:00,45640.0
2023-09-18 06:00:00,45595.0
2023-09-18 07:00:00,45685.0
2023-09-18 08:00:00,45665.0
2023-09-18 09:00:00,45830.0
2023-09-18 10:00:00,46110.0
2023-09-18 11:00:00,46185.0
2023-09-18 12:00:00,46395.0
2023-09-18 13:00:00,46245.0
2023-09-18 14:00:00,46240.0
2023-09-18 15:00:00,46245.0
2023-09-18 16:00:00,46200.0
2023-09-18 17:00:00,45685.0
2023-09-18 18:00:00,45615.0
2023-09-18 19:00:00,45730.0
2023-09-18 20:00:00,45695.0
2023-09-18 22:00:00,45770.0
2023-09-18 23:00:00,45685.0
2023-09-19 00:00:00,45585.0
2023-09-19 01:00:00,45605.0
2023-09-19 02:00:00,45720.0
2023-09-19 03:00:00,45735.0
2023-09-19 04:00:00,45770.0
2023-09-19 05:00:00,45765.0
2023-09-19 06:00:00,45740.0
2023-09-19 07:00:00,45760.0
2023-09-19 08:00:00,45995.0
2023-09-19 09:00:00,46260.0
2023-09-19 10:00:00,46115.0
2023-09-19 11:00:00,46195.0
2023-09-19 12:00:00,46115.0
2023-09-19 13:00:00,45930.0
2023-09-19 14:00:00,46130.0
2023-09-19 15:00:00,46400.0
2023-09-19 16:00:00,46240.0
2023-09-19 17:00:00,46090.0
2023-09-19 18:00:00,46075.0
2023-09-19 19:00:00,46125.0
2023-09-19 20:00:00,46100.0
2023-09-19 22:00:00,46130.0
2023-09-19 23:00:00,46155.0
2023-09-20 00:00:00,46140.0
2023-09-20 01:00:00,46255.0
2023-09-20 02:00:00,46065.0
2023-09-20 03:00:00,46035.0
2023-09-20 04:00:00,46030.0
2023-09-20 05:00:00,45935.0
2023-09-20 06:00:00,45935.0
2023-09-20 07:00:00,46010.0
2023-09-20 08:00:00,46055.0
2023-09-20 09:00:00,45985.0
2023-09-20 10:00:00,46000.0
2023-09-20 11:00:00,46010.0
2023-09-20 12:00:00,45990.0
2023-09-20 13:00:00,46090.0
2023-09-20 14:00:00,46050.0
2023-09-20 15:00:00,46130.0
2023-09-20 16:00:00,46105.0
2023-09-20 17:00:00,46170.0
2023-09-20 18:00:00,46105.0
2023-09-20 19:00:00,45825.0
2023-09-20 20:00:00,45995.0
2023-09-20 22:00:00,46015.0
2023-09-20 23:00:00,46045.0
2023-09-21 00:00:00,45980.0
2023-09-21 01:00:00,45950.0
2023-09-21 02:00:00,45880.0
2023-09-21 03:00:00,45970.0
2023-09-21 04:00:00,46030.0
2023-09-21 05:00:00,45495.0
2023-09-21 06:00:00,45970.0
2023-09-21 07:00:00,45910.0
2023-09-21 08:00:00,45840.0
2023-09-21 09:00:00,45660.0
2023-09-21 10:00:00,45535.0
2023-09-21 11:00:00,45620.0
2023-09-21 12:00:00,45530.0
2023-09-21 13:00:00,45280.0
2023-09-21 14:00:00,45470.0
2023-09-21 15:00:00,45490.0
2023-09-21 16:00:00,45520.0
2023-09-21 17:00:00,45585.0
2023-09-21 18:00:00,45530.0
2023-09-21 19:00:00,45495.0
2023-09-21 20:00:00,45500.0
2023-09-21 22:00:00,45460.0
2023-09-21 23:00:00,45465.0
2023-09-22 00:00:00,45565.0
2023-09-22 01:00:00,45515.0
2023-09-22 02:00:00,45495.0
2023-09-22 05:00:00,45400.0
2023-09-22 07:00:00,45505.0
2023-09-22 08:00:00,45630.0
2023-09-22 09:00:00,45510.0
2023-09-22 12:00:00,45455.0
2023-09-22 14:00:00,45520.0
2023-09-22 15:00:00,45555.0
2023-09-22 16:00:00,45515.0
2023-09-22 17:00:00,45480.0
2023-09-22 18:00:00,45480.0
2023-09-22 19:00:00,45430.0
2023-09-22 20:00:00,45375.0
2023-09-24 22:00:00,45370.0
2023-09-24 23:00:00,45110.0
2023-09-25 00:00:00,45105.0
2023-09-25 01:00:00,45075.0
2023-09-25 02:00:00,45095.0
2023-09-25 03:00:00,45010.0
2023-09-25 04:00:00,44925.0
2023-09-25 05:00:00,45245.0
2023-09-25 06:00:00,45005.0
2023-09-25 07:00:00,44965.0
2023-09-25 08:00:00,45025.0
2023-09-25 09:00:00,44925.0
2023-09-25 10:00:00,44960.0
2023-09-25 11:00:00,44930.0
2023-09-25 12:00:00,44855.0
2023-09-25 13:00:00,45010.0
2023-09-25 14:00:00,45000.0
2023-09-25 15:00:00,45115.0
2023-09-25 16:00:00,45215.0
2023-09-25 17:00:00,45250.0
2023-09-25 18:00:00,45235.0
2023-09-25 19:00:00,45235.0
2023-09-25 20:00:00,45245.0
2023-09-25 22:00:00,45140.0
2023-09-26 04:00:00,45190.0
2023-09-26 05:00:00,45120.0
2023-09-26 06:00:00,45185.0
2023-09-26 07:00:00,45120.0
2023-09-26 08:00:00,45130.0
2023-09-26 10:00:00,45075.0
2023-09-26 11:00:00,45095.0
2023-09-26 12:00:00,45060.0
2023-09-26 13:00:00,45125.0
2023-09-26 14:00:00,45015.0
2023-09-26 15:00:00,44905.0
2023-09-26 16:00:00,45100.0
2023-09-26 17:00:00,45035.0
2023-09-26 18:00:00,45000.0
2023-09-26 19:00:00,45115.0
2023-09-26 20:00:00,45030.0
2023-09-26 22:00:00,45010.0
2023-09-27 00:00:00,45115.0
2023-09-27 01:00:00,45070.0
2023-09-27 02:00:00,45070.0
2023-09-27 03:00:00,45115.0
2023-09-27 04:00:00,45095.0
2023-09-27 05:00:00,45115.0
2023-09-27 06:00:00,45105.0
2023-09-27 07:00:00,45085.0
2023-09-27 08:00:00,45085.0
2023-09-27 09:00:00,45275.0
2023-09-27 10:00:00,45360.0
2023-09-27 11:00:00,45615.0
2023-09-27 12:00:00,45625.0
2023-09-27 13:00:00,45450.0
2023-09-27 14:00:00,45035.0
2023-09-27 15:00:00,45125.0
2023-09-27 16:00:00,45060.0
2023-09-27 17:00:00,45095.0
2023-09-27 18:00:00,45160.0
2023-09-27 19:00:00,45135.0
2023-09-27 20:00:00,45080.0
2023-09-27 22:00:00,45140.0
2023-09-28 00:00:00,45285.0
2023-09-28 01:00:00,45235.0
2023-09-28 02:00:00,45215.0
2023-09-28 03:00:00,45205.0
2023-09-28 04:00:00,45275.0
2023-09-28 05:00:00,46060.0
2023-09-28 06:00:00,45305.0
2023-09-28 07:00:00,45300.0
2023-09-28 08:00:00,45310.0
2023-09-28 09:00:00,45270.0
2023-09-28 10:00:00,45425.0
2023-09-28 11:00:00,45355.0
2023-09-28 12:00:00,45365.0
2023-09-28 13:00:00,45375.0
2023-09-28 14:00:00,45755.0
2023-09-28 15:00:00,45975.0
2023-09-28 16:00:00,46075.0
2023-09-28 17:00:00,46145.0
2023-09-28 18:00:00,45940.0
2023-09-28 19:00:00,46085.0
2023-09-28 20:00:00,46065.0
2023-09-28 22:00:00,45985.0
2023-09-28 23:00:00,45975.0
2023-09-29 00:00:00,45945.0
2023-09-29 01:00:00,45970.0
2023-09-29 02:00:00,45815.0
2023-09-29 03:00:00,45885.0
2023-09-29 04:00:00,45880.0
2023-09-29 05:00:00,45805.0
2023-09-29 06:00:00,45915.0
2023-09-29 07:00:00,46090.0
2023-09-29 08:00:00,45910.0
2023-09-29 09:00:00,45915.0
2023-09-29 10:00:00,45915.0
2023-09-29 11:00:00,45860.0
2023-09-29 12:00:00,45890.0
2023-09-29 13:00:00,45770.0
2023-09-29 14:00:00,45795.0
2023-09-29 15:00:00,45735.0
2023-09-29 16:00:00,45735.0
2023-09-29 17:00:00,45700.0
2023-09-29 18:00:00,45790.0
2023-09-29 19:00:00,45800.0
2023-09-29 20:00:00,45785.0
2023-10-01 22:00:00,46885.0
2023-10-01 23:00:00,46905.0
2023-10-02 00:00:00,46855.0
2023-10-02 01:00:00,46855.0
2023-10-02 02:00:00,46960.0
2023-10-02 03:00:00,47050.0
2023-10-02 04:00:00,47055.0
2023-10-02 05:00:00,46855.0
2023-10-02 06:00:00,47165.0
2023-10-02 07:00:00,47335.0
2023-10-02 08:00:00,47340.0
2023-10-02 09:00:00,47330.0
2023-10-02 10:00:00,47330.0
2023-10-02 11:00:00,47230.0
2023-10-02 12:00:00,47390.0
2023-10-02 13:00:00,47600.0
2023-10-02 14:00:00,47300.0
2023-10-02 15:00:00,46930.0
2023-10-02 16:00:00,46885.0
2023-10-02 17:00:00,46960.0
2023-10-02 18:00:00,46635.0
2023-10-02 19:00:00,46870.0
2023-10-02 20:00:00,46735.0
2023-10-02 22:00:00,46430.0
2023-10-02 23:00:00,46360.0
2023-10-03 00:00:00,46275.0
2023-10-03 01:00:00,46395.0
2023-10-03 02:00:00,46415.0
2023-10-03 03:00:00,46425.0
2023-10-03 04:00:00,46465.0
2023-10-03 05:00:00,46090.0
2023-10-03 06:00:00,46505.0
2023-10-03 07:00:00,46410.0
2023-10-03 08:00:00,46465.0
2023-10-03 09:00:00,46420.0
2023-10-03 10:00:00,46465.0
2023-10-03 11:00:00,46400.0
2023-10-03 12:00:00,46300.0
2023-10-03 13:00:00,46440.0
2023-10-03 14:00:00,46185.0
2023-10-03 15:00:00,46175.0
2023-10-03 16:00:00,46235.0
2023-10-03 17:00:00,46255.0
2023-10-03 18:00:00,46135.0
2023-10-03 19:00:00,46100.0
2023-10-03 20:00:00,46250.0
2023-10-03 22:00:00,46130.0
2023-10-03 23:00:00,46255.0
2023-10-04 00:00:00,46100.0
2023-10-04 01:00:00,46150.0
2023-10-04 02:00:00,46245.0
2023-10-04 03:00:00,46240.0
2023-10-04 04:00:00,46185.0
2023-10-04 05:00:00,46175.0
2023-10-04 06:00:00,46205.0
2023-10-04 07:00:00,46250.0
2023-10-04 08:00:00,46340.0
2023-10-04 09:00:00,46450.0
2023-10-04 10:00:00,46360.0
2023-10-04 11:00:00,46405.0
2023-10-04 12:00:00,46405.0
2023-10-04 13:00:00,46220.0
2023-10-04 14:00:00,46185.0
2023-10-04 15:00:00,46245.0
2023-10-04 16:00:00,46375.0
2023-10-04 17:00:00,46390.0
2023-10-04 18:00:00,46475.0
2023-10-04 19:00:00,46475.0
2023-10-04 20:00:00,46540.0
2023-10-04 22:00:00,46610.0
2023-10-04 23:00:00,46655.0
2023-10-05 00:00:00,46675.0
2023-10-05 01:00:00,46570.0
2023-10-05 02:00:00,46525.0
2023-10-05 03:00:00,46505.0
2023-10-05 04:00:00,46480.0
2023-10-05 05:00:00,46310.0
2023-10-05 06:00:00,46505.0
2023-10-05 07:00:00,46430.0
2023-10-05 08:00:00,46490.0
2023-10-05 09:00:00,46525.0
2023-10-05 10:00:00,46600.0
2023-10-05 11:00:00,46585.0
2023-10-05 12:00:00,46565.0
2023-10-05 13:00:00,46940.0
2023-10-05 14:00:00,46865.0
2023-10-05 15:00:00,46385.0
2023-10-05 16:00:00,46280.0
2023-10-05 17:00:00,46300.0
2023-10-05 18:00:00,46345.0
2023-10-05 19:00:00,46305.0
2023-10-05 20:00:00,46285.0
2023-10-05 22:00:00,46235.0
2023-10-05 23:00:00,46240.0
2023-10-06 00:00:00,46265.0
2023-10-06 01:00:00,46340.0
2023-10-06 02:00:00,46405.0
2023-10-06 03:00:00,46405.0
2023-10-06 04:00:00,46355.0
2023-10-06 05:00:00,46325.0
2023-10-06 06:00:00,46285.0
2023-10-06 07:00:00,46470.0
2023-10-06 08:00:00,46470.0
2023-10-06 09:00:00,46555.0
2023-10-06 10:00:00,46530.0
2023-10-06 11:00:00,46620.0
2023-10-06 12:00:00,46055.0
2023-10-06 13:00:00,46370.0
2023-10-06 14:00:00,46565.0
2023-10-06 15:00:00,46865.0
2023-10-06 16:00:00,46780.0
2023-10-06 17:00:00,46875.0
2023-10-06 18:00:00,46805.0
2023-10-06 19:00:00,46845.0
2023-10-06 20:00:00,46895.0
2023-10-08 22:00:00,46800.0
2023-10-08 23:00:00,46785.0
2023-10-09 00:00:00,46710.0
2023-10-09 01:00:00,46815.0
2023-10-09 02:00:00,46815.0
2023-10-09 03:00:00,46780.0
2023-10-09 04:00:00,46800.0
2023-10-09 05:00:00,46795.0
2023-10-09 06:00:00,46780.0
2023-10-09 07:00:00,46655.0
2023-10-09 08:00:00,46580.0
2023-10-09 09:00:00,46345.0
2023-10-09 10:00:00,46350.0
2023-10-09 11:00:00,46255.0
2023-10-09 12:00:00,46240.0
2023-10-09 13:00:00,46320.0
2023-10-09 14:00:00,46335.0
2023-10-09 15:00:00,46290.0
2023-10-09 16:00:00,46215.0
2023-10-09 17:00:00,46425.0
2023-10-09 18:00:00,46405.0
2023-10-09 19:00:00,46440.0
2023-10-09 20:00:00,46425.0
2023-10-09 22:00:00,46450.0
2023-10-09 23:00:00,46445.0
2023-10-10 00:00:00,46405.0
2023-10-10 01:00:00,46435.0
2023-10-10 02:00:00,46540.0
2023-10-10 03:00:00,46495.0
2023-10-10 04:00:00,46455.0
2023-10-10 05:00:00,46445.0
2023-10-10 06:00:00,46475.0
2023-10-10 07:00:00,46495.0
2023-10-10 08:00:00,46515.0
2023-10-10 09:00:00,46500.0
2023-10-10 10:00:00,46495.0
2023-10-10 11:00:00,46320.0
2023-10-10 12:00:00,46230.0
2023-10-10 13:00:00,46180.0
2023-10-10 14:00:00,46260.0
2023-10-10 15:00:00,46205.0
2023-10-10 16:00:00,46210.0
2023-10-10 17:00:00,46145.0
2023-10-10 18:00:00,46145.0
2023-10-10 19:00:00,46200.0
2023-10-10 20:00:00,46235.0
2023-10-10 22:00:00,46270.0
2023-10-10 23:00:00,46235.0
2023-10-11 00:00:00,46295.0
2023-10-11 01:00:00,46260.0
2023-10-11 02:00:00,45905.0
2023-10-11 03:00:00,45810.0
2023-10-11 04:00:00,45870.0
2023-10-11 05:00:00,45505.0
2023-10-11 06:00:00,45810.0
2023-10-11 07:00:00,45765.0
2023-10-11 08:00:00,45850.0
2023-10-11 09:00:00,46085.0
2023-10-11 10:00:00,46070.0
2023-10-11 11:00:00,45990.0
2023-10-11 12:00:00,45965.0
2023-10-11 13:00:00,45920.0
2023-10-11 14:00:00,45855.0
2023-10-11 15:00:00,45525.0
2023-10-11 16:00:00,45415.0
2023-10-11 17:00:00,45365.0
2023-10-11 18:00:00,45415.0
2023-10-11 19:00:00,45490.0
2023-10-11 20:00:00,45510.0
2023-10-11 22:00:00,45535.0
2023-10-11 23:00:00,45655.0
2023-10-12 00:00:00,45560.0
2023-10-12 01:00:00,45520.0
2023-10-12 02:00:00,45700.0
2023-10-12 03:00:00,45615.0
2023-10-12 04:00:00,45580.0
2023-10-12 05:00:00,45620.0
2023-10-12 06:00:00,45645.0
2023-10-12 07:00:00,45580.0
2023-10-12 08:00:00,45560.0
2023-10-12 09:00:00,45480.0
2023-10-12 10:00:00,45520.0
2023-10-12 11:00:00,45575.0
2023-10-12 12:00:00,45605.0
2023-10-12 13:00:00,45515.0
2023-10-12 14:00:00,45450.0
2023-10-12 15:00:00,45405.0
2023-10-12 16:00:00,45435.0
2023-10-12 17:00:00,45360.0
2023-10-12 18:00:00,45385.0
2023-10-12 19:00:00,45460.0
2023-10-12 20:00:00,45515.0
2023-10-12 22:00:00,45505.0
2023-10-12 23:00:00,45515.0
2023-10-13 00:00:00,45605.0
2023-10-13 01:00:00,45570.0
2023-10-13 02:00:00,45560.0
2023-10-13 03:00:00,45540.0
2023-10-13 04:00:00,45565.0
2023-10-13 05:00:00,45545.0
2023-10-13 06:00:00,45630.0
2023-10-13 07:00:00,45655.0
2023-10-13 08:00:00,45590.0
2023-10-13 09:00:00,45505.0
2023-10-13 10:00:00,45515.0
2023-10-13 11:00:00,45570.0
2023-10-13 12:00:00,45730.0
2023-10-13 13:00:00,45640.0
2023-10-13 14:00:00,45500.0
2023-10-13 15:00:00,45450.0
2023-10-13 16:00:00,45545.0
2023-10-13 17:00:00,45515.0
2023-10-13 18:00:00,45490.0
2023-10-13 19:00:00,45540.0
2023-10-13 20:00:00,45745.0
2023-10-15 22:00:00,45950.0
2023-10-15 23:00:00,45975.0
2023-10-16 00:00:00,45980.0
2023-10-16 01:00:00,46050.0
2023-10-16 02:00:00,46020.0
2023-10-16 03:00:00,46060.0
2023-10-16 04:00:00,46115.0
2023-10-16 05:00:00,46850.0
2023-10-16 06:00:00,46790.0
2023-10-16 07:00:00,46735.0
2023-10-16 08:00:00,46690.0
2023-10-16 09:00:00,46610.0
2023-10-16 10:00:00,46585.0
2023-10-16 11:00:00,46570.0
2023-10-16 12:00:00,46740.0
2023-10-16 13:00:00,46820.0
2023-10-16 14:00:00,47000.0
2023-10-16 15:00:00,46880.0
2023-10-16 16:00:00,46905.0
2023-10-16 17:00:00,47040.0
2023-10-16 18:00:00,47390.0
2023-10-16 19:00:00,47285.0
2023-10-16 20:00:00,47215.0
2023-10-16 22:00:00,47345.0
2023-10-16 23:00:00,47350.0
2023-10-17 00:00:00,47150.0
2023-10-17 01:00:00,47210.0
2023-10-17 02:00:00,47245.0
2023-10-17 03:00:00,47130.0
2023-10-17 04:00:00,47045.0
2023-10-17 05:00:00,47325.0
2023-10-17 06:00:00,46985.0
2023-10-17 07:00:00,47270.0
2023-10-17 08:00:00,47300.0
2023-10-17 09:00:00,47290.0
2023-10-17 10:00:00,47330.0
2023-10-17 11:00:00,47275.0
2023-10-17 12:00:00,47035.0
2023-10-17 13:00:00,47140.0
2023-10-17 14:00:00,47330.0
2023-10-17 15:00:00,47320.0
2023-10-17 16:00:00,47455.0
2023-10-17 17:00:00,47270.0
2023-10-17 18:00:00,47175.0
2023-10-17 19:00:00,47350.0
2023-10-17 20:00:00,47240.0
2023-10-17 22:00:00,47205.0
2023-10-17 23:00:00,47255.0
2023-10-18 00:00:00,47205.0
2023-10-18 01:00:00,47190.0
2023-10-18 02:00:00,47310.0
2023-10-18 03:00:00,47355.0
2023-10-18 04:00:00,47560.0
2023-10-18 05:00:00,47515.0
2023-10-18 06:00:00,47520.0
2023-10-18 07:00:00,47330.0
2023-10-18 08:00:00,47395.0
2023-10-18 09:00:00,47065.0
2023-10-18 10:00:00,47190.0
2023-10-18 11:00:00,47190.0
2023-10-18 12:00:00,47125.0
2023-10-18 13:00:00,47140.0
2023-10-18 14:00:00,47005.0
2023-10-18 15:00:00,47035.0
2023-10-18 16:00:00,47150.0
2023-10-18 17:00:00,47145.0
2023-10-18 18:00:00,47085.0
2023-10-18 19:00:00,47025.0
2023-10-18 20:00:00,47025.0
2023-10-18 22:00:00,47115.0
2023-10-18 23:00:00,47075.0
2023-10-19 00:00:00,47165.0
2023-10-19 01:00:00,46980.0
2023-10-19 02:00:00,46980.0
2023-10-19 03:00:00,47015.0
2023-10-19 04:00:00,47065.0
2023-10-19 05:00:00,47100.0
2023-10-19 06:00:00,47060.0
2023-10-19 07:00:00,47115.0
2023-10-19 08:00:00,47135.0
2023-10-19 09:00:00,47225.0
2023-10-19 10:00:00,47315.0
2023-10-19 11:00:00,47250.0
2023-10-19 12:00:00,47320.0
2023-10-19 13:00:00,47305.0
2023-10-19 14:00:00,47530.0
2023-10-19 15:00:00,47515.0
2023-10-19 16:00:00,47490.0
2023-10-19 17:00:00,47390.0
2023-10-19 18:00:00,47475.0
2023-10-19 19:00:00,47610.0
2023-10-19 20:00:00,47560.0
2023-10-19 22:00:00,47525.0
2023-10-19 23:00:00,47535.0
2023-10-20 00:00:00,47500.0
2023-10-20 01:00:00,47455.0
2023-10-20 02:00:00,47850.0
2023-10-20 03:00:00,48085.0
2023-10-20 04:00:00,48185.0
2023-10-20 05:00:00,48080.0
2023-10-20 06:00:00,48160.0
2023-10-20 07:00:00,48115.0
2023-10-20 08:00:00,48635.0
2023-10-20 09:00:00,48695.0
2023-10-20 10:00:00,48750.0
2023-10-20 11:00:00,48725.0
2023-10-20 12:00:00,48455.0
2023-10-20 13:00:00,48530.0
2023-10-20 14:00:00,48440.0
2023-10-20 15:00:00,48405.0
2023-10-20 16:00:00,48330.0
2023-10-20 17:00:00,48325.0
2023-10-20 18:00:00,48295.0
2023-10-20 19:00:00,48400.0
2023-10-20 20:00:00,48370.0
2023-10-22 22:00:00,48815.0
2023-10-22 23:00:00,48785.0
2023-10-23 00:00:00,48920.0
2023-10-23 01:00:00,49040.0
2023-10-23 02:00:00,49135.0
2023-10-23 03:00:00,49480.0
2023-10-23 04:00:00,49435.0
2023-10-23 05:00:00,49610.0
2023-10-23 06:00:00,49510.0
2023-10-23 07:00:00,49495.0
2023-10-23 08:00:00,49350.0
2023-10-23 09:00:00,49225.0
2023-10-23 10:00:00,49325.0
2023-10-23 11:00:00,49380.0
2023-10-23 12:00:00,49450.0
2023-10-23 13:00:00,49360.0
2023-10-23 14:00:00,49620.0
2023-10-23 15:00:00,49685.0
2023-10-23 16:00:00,50040.0
2023-10-23 17:00:00,49840.0
2023-10-23 18:00:00,49980.0
2023-10-23 19:00:00,50210.0
2023-10-23 20:00:00,50445.0
2023-10-23 22:00:00,52135.0
2023-10-23 23:00:00,51810.0
2023-10-24 00:00:00,52435.0
2023-10-24 01:00:00,52920.0
2023-10-24 02:00:00,53290.0
2023-10-24 03:00:00,52825.0
2023-10-24 04:00:00,53165.0
2023-10-24 05:00:00,52700.0
2023-10-24 06:00:00,52780.0
2023-10-24 07:00:00,52550.0
2023-10-24 08:00:00,53015.0
2023-10-24 09:00:00,53190.0
2023-10-24 10:00:00,53315.0
2023-10-24 11:00:00,53410.0
2023-10-24 12:00:00,53370.0
2023-10-24 13:00:00,53285.0
2023-10-24 14:00:00,53275.0
2023-10-24 15:00:00,52580.0
2023-10-24 16:00:00,52725.0
2023-10-24 17:00:00,52615.0
2023-10-24 18:00:00,52660.0
2023-10-24 19:00:00,52600.0
2023-10-24 20:00:00,52460.0
2023-10-24 22:00:00,52855.0
2023-10-24 23:00:00,52590.0
2023-10-25 00:00:00,52680.0
2023-10-25 01:00:00,53030.0
2023-10-25 02:00:00,52835.0
2023-10-25 03:00:00,52750.0
2023-10-25 04:00:00,52980.0
2023-10-25 05:00:00,52830.0
2023-10-25 06:00:00,52945.0
2023-10-25 07:00:00,52640.0
2023-10-25 08:00:00,52770.0
2023-10-25 09:00:00,52910.0
2023-10-25 10:00:00,53095.0
2023-10-25 11:00:00,53035.0
2023-10-25 12:00:00,53180.0
2023-10-25 13:00:00,53365.0
2023-10-25 14:00:00,53660.0
2023-10-25 15:00:00,53765.0
2023-10-25 16:00:00,53455.0
2023-10-25 17:00:00,53535.0
2023-10-25 18:00:00,53505.0
2023-10-25 19:00:00,53705.0
2023-10-25 20:00:00,53530.0
2023-10-25 22:00:00,53490.0
2023-10-25 23:00:00,53365.0
2023-10-26 00:00:00,53325.0
2023-10-26 01:00:00,53585.0
2023-10-26 02:00:00,53695.0
2023-10-26 03:00:00,53720.0
2023-10-26 04:00:00,53625.0
2023-10-26 05:00:00,53500.0
2023-10-26 06:00:00,53525.0
2023-10-26 07:00:00,53585.0
2023-10-26 08:00:00,53465.0
2023-10-26 09:00:00,53325.0
2023-10-26 10:00:00,53215.0
2023-10-26 11:00:00,52995.0
2023-10-26 12:00:00,53180.0
2023-10-26 13:00:00,53070.0
2023-10-26 14:00:00,53070.0
2023-10-26 15:00:00,52880.0
2023-10-26 16:00:00,52625.0
2023-10-26 17:00:00,52825.0
2023-10-26 18:00:00,52705.0
2023-10-26 19:00:00,52705.0
2023-10-26 20:00:00,52955.0
2023-10-26 22:00:00,52965.0
2023-10-26 23:00:00,52890.0
2023-10-27 00:00:00,52770.0
2023-10-27 01:00:00,52570.0
2023-10-27 02:00:00,52870.0
2023-10-27 03:00:00,52885.0
2023-10-27 04:00:00,52900.0
2023-10-27 05:00:00,52390.0
2023-10-27 06:00:00,53050.0
2023-10-27 07:00:00,52775.0
2023-10-27 08:00:00,52895.0
2023-10-27 09:00:00,53000.0
2023-10-27 10:00:00,52935.0
2023-10-27 11:00:00,52915.0
2023-10-27 12:00:00,52960.0
2023-10-27 13:00:00,52945.0
2023-10-27 14:00:00,52680.0
2023-10-27 15:00:00,52765.0
2023-10-27 16:00:00,52610.0
2023-10-27 17:00:00,52340.0
2023-10-27 18:00:00,52325.0
2023-10-27 19:00:00,52425.0
2023-10-27 20:00:00,52530.0
2023-10-29 22:00:00,53495.0
2023-10-29 23:00:00,53250.0
2023-10-30 00:00:00,53175.0
2023-10-30 01:00:00,53130.0
2023-10-30 02:00:00,53020.0
2023-10-30 03:00:00,52975.0
2023-10-30 04:00:00,53000.0
2023-10-30 05:00:00,53200.0
2023-10-30 06:00:00,52970.0
2023-10-30 07:00:00,52870.0
2023-10-30 08:00:00,53100.0
2023-10-30 09:00:00,53240.0
2023-10-30 10:00:00,53275.0
2023-10-30 11:00:00,53335.0
2023-10-30 12:00:00,53300.0
2023-10-30 13:00:00,53405.0
2023-10-30 14:00:00,53375.0
2023-10-30 15:00:00,53415.0
2023-10-30 16:00:00,53175.0
2023-10-30 17:00:00,53040.0
2023-10-30 18:00:00,53055.0
2023-10-30 19:00:00,53205.0
2023-10-30 20:00:00,53140.0
2023-10-30 22:00:00,53215.0
2023-10-30 23:00:00,53220.0
2023-10-31 00:00:00,53300.0
2023-10-31 01:00:00,53185.0
2023-10-31 02:00:00,53015.0
2023-10-31 03:00:00,52945.0
2023-10-31 04:00:00,52920.0
2023-10-31 05:00:00,52965.0
2023-10-31 06:00:00,52965.0
2023-10-31 07:00:00,52850.0
2023-10-31 08:00:00,53105.0
2023-10-31 09:00:00,53160.0
2023-10-31 10:00:00,53185.0
2023-10-31 11:00:00,53220.0
2023-10-31 12:00:00,53030.0
2023-10-31 13:00:00,52955.0
2023-10-31 14:00:00,53080.0
2023-10-31 15:00:00,53020.0
2023-10-31 16:00:00,53200.0
2023-10-31 17:00:00,53135.0
2023-10-31 18:00:00,53260.0
2023-10-31 19:00:00,53345.0
2023-10-31 20:00:00,53510.0
2023-10-31 22:00:00,53430.0
2023-10-31 23:00:00,53520.0
2023-11-01 00:00:00,53435.0
2023-11-01 01:00:00,53365.0
2023-11-01 02:00:00,53330.0
2023-11-01 03:00:00,53275.0
2023-11-01 04:00:00,53245.0
2023-11-01 05:00:00,53130.0
2023-11-01 06:00:00,53195.0
2023-11-01 07:00:00,53250.0
2023-11-01 08:00:00,53225.0
2023-11-01 09:00:00,53270.0
2023-11-01 10:00:00,53165.0
2023-11-01 11:00:00,53200.0
2023-11-01 12:00:00,53655.0
2023-11-01 13:00:00,53345.0
2023-11-01 14:00:00,52880.0
2023-11-01 15:00:00,53030.0
2023-11-01 16:00:00,53245.0
2023-11-01 17:00:00,53280.0
2023-11-01 18:00:00,53450.0
2023-11-01 19:00:00,53415.0
2023-11-01 20:00:00,54310.0
2023-11-01 22:00:00,54150.0
2023-11-01 23:00:00,54345.0
2023-11-02 00:00:00,54415.0
2023-11-02 01:00:00,54570.0
2023-11-02 02:00:00,54715.0
2023-11-02 03:00:00,54650.0
2023-11-02 04:00:00,54550.0
2023-11-02 05:00:00,54225.0
2023-11-02 06:00:00,54190.0
2023-11-02 07:00:00,54180.0
2023-11-02 08:00:00,54200.0
2023-11-02 09:00:00,54225.0
2023-11-02 10:00:00,54235.0
2023-11-02 11:00:00,54230.0
2023-11-02 12:00:00,54145.0
2023-11-02 13:00:00,53715.0
2023-11-02 14:00:00,53690.0
2023-11-02 15:00:00,53395.0
2023-11-02 16:00:00,53355.0
2023-11-02 17:00:00,53510.0
2023-11-02 18:00:00,53610.0
2023-11-02 19:00:00,53730.0
2023-11-02 20:00:00,53670.0
2023-11-02 22:00:00,53520.0
2023-11-02 23:00:00,53700.0
2023-11-03 00:00:00,53310.0
2023-11-03 01:00:00,53430.0
2023-11-03 02:00:00,53435.0
2023-11-03 03:00:00,53490.0
2023-11-03 04:00:00,53190.0
2023-11-03 05:00:00,53330.0
2023-11-03 06:00:00,53240.0
2023-11-03 07:00:00,53265.0
2023-11-03 08:00:00,53205.0
2023-11-03 09:00:00,52985.0
2023-11-03 10:00:00,52955.0
2023-11-03 11:00:00,52935.0
2023-11-03 12:00:00,53080.0
2023-11-03 13:00:00,53295.0
2023-11-03 14:00:00,53470.0
2023-11-03 15:00:00,53525.0
2023-11-03 16:00:00,53435.0
2023-11-03 17:00:00,53180.0
2023-11-03 18:00:00,53245.0
2023-11-03 19:00:00,53235.0
2023-11-03 20:00:00,53295.0
2023-11-05 23:00:00,53805.0
2023-11-06 00:00:00,53855.0
2023-11-06 01:00:00,53655.0
2023-11-06 02:00:00,53660.0
2023-11-06 03:00:00,53735.0
2023-11-06 04:00:00,53620.0
2023-11-06 05:00:00,53550.0
2023-11-06 06:00:00,53580.0
2023-11-06 07:00:00,53590.0
2023-11-06 08:00:00,53650.0
2023-11-06 09:00:00,53855.0
2023-11-06 10:00:00,53955.0
2023-11-06 11:00:00,54015.0
2023-11-06 12:00:00,54000.0
2023-11-06 13:00:00,53770.0
2023-11-06 14:00:00,53975.0
2023-11-06 15:00:00,53835.0
2023-11-06 16:00:00,53715.0
2023-11-06 17:00:00,53695.0
2023-11-06 18:00:00,53655.0
2023-11-06 19:00:00,53795.0
2023-11-06 20:00:00,53755.0
2023-11-06 21:00:00,53725.0
2023-11-06 23:00:00,53755.0
2023-11-07 00:00:00,53650.0
2023-11-07 01:00:00,53650.0
2023-11-07 02:00:00,53580.0
2023-11-07 03:00:00,53620.0
2023-11-07 04:00:00,53625.0
2023-11-07 05:00:00,53575.0
2023-11-07 06:00:00,53630.0
2023-11-07 07:00:00,53640.0
2023-11-07 08:00:00,53620.0
2023-11-07 09:00:00,53505.0
2023-11-07 10:00:00,53265.0
2023-11-07 11:00:00,53335.0
2023-11-07 12:00:00,53425.0
2023-11-07 13:00:00,53390.0
2023-11-07 14:00:00,53515.0
2023-11-07 15:00:00,53410.0
2023-11-07 16:00:00,53350.0
2023-11-07 17:00:00,53510.0
2023-11-07 18:00:00,54160.0
2023-11-07 19:00:00,54255.0
2023-11-07 20:00:00,54545.0
2023-11-07 21:00:00,54335.0
2023-11-07 23:00:00,54215.0
2023-11-08 00:00:00,54135.0
2023-11-08 01:00:00,54115.0
2023-11-08 02:00:00,54035.0
2023-11-08 03:00:00,53995.0
2023-11-08 04:00:00,54040.0
2023-11-08 05:00:00,53960.0
2023-11-08 06:00:00,54330.0
2023-11-08 07:00:00,53915.0
2023-11-08 08:00:00,54005.0
2023-11-08 09:00:00,54005.0
2023-11-08 10:00:00,54085.0
2023-11-08 11:00:00,54015.0
2023-11-08 12:00:00,54100.0
2023-11-08 13:00:00,54075.0
2023-11-08 14:00:00,53970.0
2023-11-08 15:00:00,53850.0
2023-11-08 16:00:00,54110.0
2023-11-08 17:00:00,54000.0
2023-11-08 18:00:00,54320.0
2023-11-08 19:00:00,54330.0
2023-11-08 20:00:00,54330.0
2023-11-08 21:00:00,54345.0
2023-11-08 23:00:00,54355.0
2023-11-09 00:00:00,54565.0
2023-11-09 01:00:00,54705.0
2023-11-09 02:00:00,55155.0
2023-11-09 03:00:00,55230.0
2023-11-09 04:00:00,55525.0
2023-11-09 05:00:00,55390.0
2023-11-09 06:00:00,55240.0
2023-11-09 07:00:00,55380.0
2023-11-09 08:00:00,55510.0
2023-11-09 09:00:00,55685.0
2023-11-09 10:00:00,55615.0
2023-11-09 11:00:00,55640.0
2023-11-09 12:00:00,55690.0
2023-11-09 13:00:00,55965.0
2023-11-09 14:00:00,56705.0
2023-11-09 15:00:00,55925.0
2023-11-09 16:00:00,55065.0
2023-11-09 17:00:00,55305.0
2023-11-09 18:00:00,55055.0
2023-11-09 19:00:00,55065.0
2023-11-09 20:00:00,55260.0
2023-11-09 21:00:00,55270.0
2023-11-09 23:00:00,55370.0
2023-11-10 00:00:00,55155.0
2023-11-10 01:00:00,55390.0
2023-11-10 02:00:00,55555.0
2023-11-10 03:00:00,55445.0
2023-11-10 04:00:00,55505.0
2023-11-10 05:00:00,55450.0
2023-11-10 06:00:00,55275.0
2023-11-10 07:00:00,55135.0
2023-11-10 08:00:00,55235.0
2023-11-10 09:00:00,55255.0
2023-11-10 10:00:00,55435.0
2023-11-10 11:00:00,55765.0
2023-11-10 12:00:00,55865.0
2023-11-10 13:00:00,55695.0
2023-11-10 14:00:00,55770.0
2023-11-10 15:00:00,55825.0
2023-11-10 16:00:00,56235.0
2023-11-10 17:00:00,55990.0
2023-11-10 18:00:00,56045.0
2023-11-10 19:00:00,55990.0
2023-11-10 20:00:00,56005.0
2023-11-10 21:00:00,56045.0
2023-11-12 23:00:00,55790.0
2023-11-13 00:00:00,55825.0
2023-11-13 01:00:00,55905.0
2023-11-13 02:00:00,55810.0
2023-11-13 03:00:00,55575.0
2023-11-13 04:00:00,55550.0
2023-11-13 05:00:00,55560.0
2023-11-13 06:00:00,55350.0
2023-11-13 07:00:00,55610.0
2023-11-13 08:00:00,55655.0
2023-11-13 09:00:00,55605.0
2023-11-13 10:00:00,55635.0
2023-11-13 11:00:00,55460.0
2023-11-13 12:00:00,55580.0
2023-11-13 13:00:00,55455.0
2023-11-13 14:00:00,55400.0
2023-11-13 15:00:00,55470.0
2023-11-13 16:00:00,55505.0
2023-11-13 17:00:00,55275.0
2023-11-13 18:00:00,55375.0
2023-11-13 19:00:00,55475.0
2023-11-13 20:00:00,55395.0
2023-11-13 21:00:00,55090.0
2023-11-13 23:00:00,55065.0
2023-11-14 00:00:00,54785.0
2023-11-14 01:00:00,54935.0
2023-11-14 02:00:00,55025.0
2023-11-14 03:00:00,55050.0
2023-11-14 04:00:00,55095.0
2023-11-14 05:00:00,55240.0
2023-11-14 06:00:00,53800.0
2023-11-14 07:00:00,55335.0
2023-11-14 08:00:00,55390.0
2023-11-14 09:00:00,55095.0
2023-11-14 10:00:00,55095.0
2023-11-14 11:00:00,54870.0
2023-11-14 12:00:00,54875.0
2023-11-14 13:00:00,55120.0
2023-11-14 14:00:00,55235.0
2023-11-14 15:00:00,54705.0
2023-11-14 16:00:00,54860.0
2023-11-14 17:00:00,54665.0
2023-11-14 18:00:00,53755.0
2023-11-14 19:00:00,53810.0
2023-11-14 20:00:00,53810.0
2023-11-14 21:00:00,54130.0
2023-11-14 23:00:00,54060.0
2023-11-15 00:00:00,54010.0
2023-11-15 01:00:00,53975.0
2023-11-15 02:00:00,54035.0
2023-11-15 03:00:00,53940.0
2023-11-15 04:00:00,54150.0
2023-11-15 05:00:00,54175.0
2023-11-15 06:00:00,54135.0
2023-11-15 07:00:00,54135.0
2023-11-15 08:00:00,54390.0
2023-11-15 09:00:00,54370.0
2023-11-15 10:00:00,54460.0
2023-11-15 11:00:00,54835.0
2023-11-15 12:00:00,54775.0
2023-11-15 13:00:00,54695.0
2023-11-15 14:00:00,54710.0
2023-11-15 15:00:00,55055.0
2023-11-15 16:00:00,55000.0
2023-11-15 17:00:00,55115.0
2023-11-15 18:00:00,56075.0
2023-11-15 19:00:00,56230.0
2023-11-15 20:00:00,56265.0
2023-11-15 21:00:00,56340.0
2023-11-15 23:00:00,56620.0
2023-11-16 00:00:00,56500.0
2023-11-16 01:00:00,56125.0
2023-11-16 02:00:00,56145.0
2023-11-16 03:00:00,56075.0
2023-11-16 04:00:00,56115.0
2023-11-16 05:00:00,56080.0
2023-11-16 06:00:00,54475.0
2023-11-16 07:00:00,56040.0
2023-11-16 08:00:00,55965.0
2023-11-16 09:00:00,55955.0
2023-11-16 10:00:00,55910.0
2023-11-16 11:00:00,55815.0
2023-11-16 12:00:00,55680.0
2023-11-16 13:00:00,55355.0
2023-11-16 14:00:00,55265.0
2023-11-16 15:00:00,54975.0
2023-11-16 16:00:00,55110.0
2023-11-16 17:00:00,54880.0
2023-11-16 18:00:00,54820.0
2023-11-16 19:00:00,54445.0
2023-11-16 20:00:00,54495.0
2023-11-16 21:00:00,54505.0
2023-11-16 23:00:00,54660.0
2023-11-17 00:00:00,54870.0
2023-11-17 01:00:00,55055.0
2023-11-17 02:00:00,54975.0
2023-11-17 03:00:00,55000.0
2023-11-17 04:00:00,55000.0
2023-11-17 05:00:00,54810.0
2023-11-17 06:00:00,54910.0
2023-11-17 07:00:00,54795.0
2023-11-17 08:00:00,54930.0
2023-11-17 09:00:00,54885.0
2023-11-17 10:00:00,54910.0
2023-11-17 11:00:00,54920.0
2023-11-17 12:00:00,55050.0
2023-11-17 13:00:00,54875.0
2023-11-17 14:00:00,54555.0
2023-11-17 15:00:00,54615.0
2023-11-17 16:00:00,54525.0
2023-11-17 17:00:00,55050.0
2023-11-17 18:00:00,55015.0
2023-11-17 19:00:00,54865.0
2023-11-17 20:00:00,55015.0
2023-11-17 21:00:00,54965.0
2023-11-19 23:00:00,55955.0
2023-11-20 00:00:00,55900.0
2023-11-20 01:00:00,55870.0
2023-11-20 02:00:00,55915.0
2023-11-20 03:00:00,55685.0
2023-11-20 04:00:00,55785.0
2023-11-20 05:00:00,55705.0
2023-11-20 06:00:00,56050.0
2023-11-20 07:00:00,55825.0
2023-11-20 08:00:00,55650.0
2023-11-20 09:00:00,55755.0
2023-11-20 10:00:00,55750.0
2023-11-20 11:00:00,55710.0
2023-11-20 12:00:00,55655.0
2023-11-20 13:00:00,55630.0
2023-11-20 14:00:00,55970.0
2023-11-20 15:00:00,56010.0
2023-11-20 16:00:00,55750.0
2023-11-20 17:00:00,56125.0
2023-11-20 18:00:00,56085.0
2023-11-20 19:00:00,56135.0
2023-11-20 20:00:00,56085.0
2023-11-20 21:00:00,55950.0
2023-11-20 23:00:00,55980.0
2023-11-21 00:00:00,55905.0
2023-11-21 01:00:00,56155.0
2023-11-21 02:00:00,55960.0
2023-11-21 03:00:00,55975.0
2023-11-21 04:00:00,55905.0
2023-11-21 05:00:00,55845.0
2023-11-21 06:00:00,55355.0
2023-11-21 07:00:00,55755.0
2023-11-21 08:00:00,55875.0
2023-11-21 09:00:00,55825.0
2023-11-21 10:00:00,55845.0
2023-11-21 11:00:00,55640.0
2023-11-21 12:00:00,55635.0
2023-11-21 13:00:00,55470.0
2023-11-21 14:00:00,55080.0
2023-11-21 15:00:00,55480.0
2023-11-21 16:00:00,55695.0
2023-11-21 17:00:00,55380.0
2023-11-21 18:00:00,55365.0
2023-11-21 19:00:00,55455.0
2023-11-21 20:00:00,55385.0
2023-11-21 21:00:00,55285.0
2023-11-21 23:00:00,54200.0
2023-11-22 00:00:00,54540.0
2023-11-22 01:00:00,54505.0
2023-11-22 02:00:00,54740.0
2023-11-22 03:00:00,54835.0
2023-11-22 04:00:00,54860.0
2023-11-22 05:00:00,54795.0
2023-11-22 06:00:00,56090.0
2023-11-22 07:00:00,54895.0
2023-11-22 08:00:00,55035.0
2023-11-22 09:00:00,55135.0
2023-11-22 10:00:00,55115.0
2023-11-22 11:00:00,54910.0
2023-11-22 12:00:00,55050.0
2023-11-22 13:00:00,55070.0
2023-11-22 14:00:00,54835.0
2023-11-22 15:00:00,54935.0
2023-11-22 16:00:00,54910.0
2023-11-22 17:00:00,55030.0
2023-11-22 18:00:00,55685.0
2023-11-22 19:00:00,55750.0
2023-11-22 20:00:00,56080.0
2023-11-22 21:00:00,56170.0
2023-11-22 23:00:00,55970.0
2023-11-23 00:00:00,55810.0
2023-11-23 01:00:00,55880.0
2023-11-23 02:00:00,55815.0
2023-11-23 03:00:00,55820.0
2023-11-23 04:00:00,55840.0
2023-11-23 05:00:00,55790.0
2023-11-23 06:00:00,55750.0
2023-11-23 07:00:00,55765.0
2023-11-23 08:00:00,55955.0
2023-11-23 09:00:00,56075.0
2023-11-23 10:00:00,55930.0
2023-11-23 11:00:00,55815.0
2023-11-23 12:00:00,55685.0
2023-11-23 13:00:00,55635.0
2023-11-23 14:00:00,55575.0
2023-11-23 15:00:00,55370.0
2023-11-23 16:00:00,55475.0
2023-11-23 17:00:00,55500.0
2023-11-23 18:00:00,55590.0
2023-11-23 19:00:00,55645.0
2023-11-23 20:00:00,55620.0
2023-11-23 21:00:00,55670.0
2023-11-23 23:00:00,55655.0
2023-11-24 00:00:00,55665.0
2023-11-24 01:00:00,55770.0
2023-11-24 02:00:00,55780.0
2023-11-24 03:00:00,55685.0
2023-11-24 04:00:00,55715.0
2023-11-24 05:00:00,55785.0
2023-11-24 06:00:00,56240.0
2023-11-24 07:00:00,55920.0
2023-11-24 08:00:00,55865.0
2023-11-24 09:00:00,56010.0
2023-11-24 10:00:00,56070.0
2023-11-24 11:00:00,56220.0
2023-11-24 12:00:00,56180.0
2023-11-24 13:00:00,56265.0
2023-11-24 14:00:00,56215.0
2023-11-24 15:00:00,56840.0
2023-11-24 16:00:00,56230.0
2023-11-24 17:00:00,56245.0
2023-11-24 18:00:00,55960.0
2023-11-26 23:00:00,55535.0
2023-11-27 00:00:00,55635.0
2023-11-27 01:00:00,55645.0
2023-11-27 02:00:00,55425.0
2023-11-27 03:00:00,55420.0
2023-11-27 04:00:00,55510.0
2023-11-27 05:00:00,55425.0
2023-11-27 06:00:00,54875.0
2023-11-27 07:00:00,55420.0
2023-11-27 08:00:00,55465.0
2023-11-27 09:00:00,55500.0
2023-11-27 10:00:00,55185.0
2023-11-27 11:00:00,55120.0
2023-11-27 12:00:00,55065.0
2023-11-27 13:00:00,54940.0
2023-11-27 14:00:00,54820.0
2023-11-27 15:00:00,54825.0
2023-11-27 16:00:00,55150.0
2023-11-27 17:00:00,55035.0
2023-11-27 18:00:00,55075.0
2023-11-27 19:00:00,54995.0
2023-11-27 20:00:00,54870.0
2023-11-27 21:00:00,55130.0
2023-11-27 23:00:00,55340.0
2023-11-28 00:00:00,55370.0
2023-11-28 01:00:00,55325.0
2023-11-28 02:00:00,55295.0
2023-11-28 03:00:00,55250.0
2023-11-28 04:00:00,55115.0
2023-11-28 05:00:00,55030.0
2023-11-28 06:00:00,55240.0
2023-11-28 07:00:00,55240.0
2023-11-28 08:00:00,55055.0
2023-11-28 09:00:00,55250.0
2023-11-28 10:00:00,55230.0
2023-11-28 11:00:00,55395.0
2023-11-28 12:00:00,55335.0
2023-11-28 13:00:00,55620.0
2023-11-28 14:00:00,55555.0
2023-11-28 15:00:00,55765.0
2023-11-28 16:00:00,56235.0
2023-11-28 17:00:00,56735.0
2023-11-28 18:00:00,56625.0
2023-11-28 19:00:00,56535.0
2023-11-28 20:00:00,56540.0
2023-11-28 21:00:00,56305.0
2023-11-28 23:00:00,56160.0
2023-11-29 00:00:00,56215.0
2023-11-29 01:00:00,56245.0
2023-11-29 02:00:00,56225.0
2023-11-29 03:00:00,56195.0
2023-11-29 04:00:00,56175.0
2023-11-29 05:00:00,56290.0
2023-11-29 06:00:00,56450.0
2023-11-29 07:00:00,56405.0
2023-11-29 08:00:00,56630.0
2023-11-29 09:00:00,56565.0
2023-11-29 10:00:00,56250.0
2023-11-29 11:00:00,56390.0
2023-11-29 12:00:00,56460.0
2023-11-29 13:00:00,56355.0
2023-11-29 14:00:00,55995.0
2023-11-29 15:00:00,55995.0
2023-11-29 16:00:00,55905.0
2023-11-29 17:00:00,55925.0
2023-11-29 18:00:00,55995.0
2023-11-29 19:00:00,56005.0
2023-11-29 20:00:00,55780.0
2023-11-29 21:00:00,55830.0
2023-11-29 23:00:00,55965.0
2023-11-30 00:00:00,55940.0
2023-11-30 01:00:00,55830.0
2023-11-30 02:00:00,56050.0
2023-11-30 03:00:00,56210.0
2023-11-30 04:00:00,56155.0
2023-11-30 05:00:00,56015.0
2023-11-30 06:00:00,55855.0
2023-11-30 07:00:00,55855.0
2023-11-30 08:00:00,55680.0
2023-11-30 09:00:00,55750.0
2023-11-30 10:00:00,55685.0
2023-11-30 11:00:00,55965.0
2023-11-30 12:00:00,55980.0
2023-11-30 13:00:00,55815.0
2023-11-30 14:00:00,55750.0
2023-11-30 15:00:00,55640.0
2023-11-30 16:00:00,55785.0
2023-11-30 17:00:00,55815.0
2023-11-30 18:00:00,55830.0
2023-11-30 19:00:00,55890.0
2023-11-30 20:00:00,55850.0
2023-11-30 21:00:00,55860.0
2023-11-30 23:00:00,55810.0
2023-12-01 00:00:00,55800.0
2023-12-01 01:00:00,56105.0
2023-12-01 02:00:00,56145.0
2023-12-01 03:00:00,56245.0
2023-12-01 04:00:00,56445.0
2023-12-01 05:00:00,56395.0
2023-12-01 06:00:00,56890.0
2023-12-01 07:00:00,56600.0
2023-12-01 08:00:00,56685.0
2023-12-01 09:00:00,57205.0
2023-12-01 10:00:00,56800.0
2023-12-01 11:00:00,56815.0
2023-12-01 12:00:00,56515.0
2023-12-01 13:00:00,56590.0
2023-12-01 14:00:00,56535.0
2023-12-01 15:00:00,56615.0
2023-12-01 16:00:00,57075.0
2023-12-01 17:00:00,57065.0
2023-12-01 18:00:00,56970.0
2023-12-01 19:00:00,56945.0
2023-12-01 20:00:00,56890.0
2023-12-01 21:00:00,56895.0
2023-12-03 23:00:00,58205.0
2023-12-04 00:00:00,58400.0
2023-12-04 01:00:00,58815.0
2023-12-04 02:00:00,58930.0
2023-12-04 03:00:00,58930.0
2023-12-04 04:00:00,59125.0
2023-12-04 05:00:00,59715.0
2023-12-04 06:00:00,59945.0
2023-12-04 07:00:00,59650.0
2023-12-04 08:00:00,59925.0
2023-12-04 09:00:00,59805.0
2023-12-04 10:00:00,60200.0
2023-12-04 11:00:00,59840.0
2023-12-04 12:00:00,60030.0
2023-12-04 13:00:00,60025.0
2023-12-04 14:00:00,59925.0
2023-12-04 15:00:00,59405.0
2023-12-04 16:00:00,59805.0
2023-12-04 17:00:00,59755.0
2023-12-04 18:00:00,59830.0
2023-12-04 19:00:00,60160.0
2023-12-04 20:00:00,59900.0
2023-12-04 21:00:00,60205.0
2023-12-04 23:00:00,60060.0
2023-12-05 00:00:00,60040.0
2023-12-05 01:00:00,59895.0
2023-12-05 02:00:00,59835.0
2023-12-05 03:00:00,59930.0
2023-12-05 04:00:00,59885.0
2023-12-05 05:00:00,60000.0
2023-12-05 06:00:00,59800.0
2023-12-05 07:00:00,59615.0
2023-12-05 08:00:00,59755.0
2023-12-05 09:00:00,59865.0
2023-12-05 10:00:00,59805.0
2023-12-05 11:00:00,59870.0
2023-12-05 12:00:00,60010.0
2023-12-05 13:00:00,59935.0
2023-12-05 14:00:00,60390.0
2023-12-05 15:00:00,60420.0
2023-12-05 16:00:00,60860.0
2023-12-05 17:00:00,61510.0
2023-12-05 18:00:00,61815.0
2023-12-05 19:00:00,61965.0
2023-12-05 20:00:00,61950.0
2023-12-05 21:00:00,62105.0
2023-12-05 23:00:00,62240.0
2023-12-06 00:00:00,62285.0
2023-12-06 01:00:00,61985.0
2023-12-06 02:00:00,62040.0
2023-12-06 03:00:00,61815.0
2023-12-06 04:00:00,61880.0
2023-12-06 05:00:00,61855.0
2023-12-06 06:00:00,61825.0
2023-12-06 07:00:00,61800.0
2023-12-06 08:00:00,61920.0
2023-12-06 09:00:00,61980.0
2023-12-06 10:00:00,62210.0
2023-12-06 11:00:00,61965.0
2023-12-06 12:00:00,62165.0
2023-12-06 13:00:00,62275.0
2023-12-06 14:00:00,62165.0
2023-12-06 15:00:00,61915.0
2023-12-06 16:00:00,61930.0
2023-12-06 17:00:00,62035.0
2023-12-06 18:00:00,61990.0
2023-12-06 19:00:00,62100.0
2023-12-06 20:00:00,61860.0
2023-12-06 21:00:00,61970.0
2023-12-06 23:00:00,61800.0
2023-12-07 00:00:00,61965.0
2023-12-07 01:00:00,62075.0
2023-12-07 02:00:00,62105.0
2023-12-07 03:00:00,62085.0
2023-12-07 04:00:00,62130.0
2023-12-07 05:00:00,62175.0
2023-12-07 06:00:00,61365.0
2023-12-07 07:00:00,62040.0
2023-12-07 08:00:00,61715.0
2023-12-07 09:00:00,61525.0
2023-12-07 10:00:00,61270.0
2023-12-07 11:00:00,61305.0
2023-12-07 12:00:00,61455.0
2023-12-07 13:00:00,61455.0
2023-12-07 14:00:00,61665.0
2023-12-07 15:00:00,61800.0
2023-12-07 16:00:00,61850.0
2023-12-07 17:00:00,61600.0
2023-12-07 18:00:00,61470.0
2023-12-07 19:00:00,61305.0
2023-12-07 20:00:00,61370.0
2023-12-07 21:00:00,61565.0
2023-12-07 23:00:00,61385.0
2023-12-08 00:00:00,61525.0
2023-12-08 01:00:00,61515.0
2023-12-08 02:00:00,61625.0
2023-12-08 03:00:00,61480.0
2023-12-08 04:00:00,61590.0
2023-12-08 05:00:00,61565.0
2023-12-08 06:00:00,62575.0
2023-12-08 07:00:00,61260.0
2023-12-08 08:00:00,61305.0
2023-12-08 09:00:00,61230.0
2023-12-08 10:00:00,61455.0
2023-12-08 11:00:00,61780.0
2023-12-08 12:00:00,61850.0
2023-12-08 13:00:00,61675.0
2023-12-08 14:00:00,62145.0
2023-12-08 15:00:00,61945.0
2023-12-08 16:00:00,61990.0
2023-12-08 17:00:00,61875.0
2023-12-08 18:00:00,62015.0
2023-12-08 19:00:00,62120.0
2023-12-08 20:00:00,62565.0
2023-12-08 21:00:00,62735.0
2023-12-10 23:00:00,61855.0
2023-12-11 00:00:00,61635.0
2023-12-11 01:00:00,61180.0
2023-12-11 02:00:00,59955.0
2023-12-11 03:00:00,60290.0
2023-12-11 04:00:00,60110.0
2023-12-11 05:00:00,59990.0
2023-12-11 06:00:00,60075.0
2023-12-11 07:00:00,60065.0
2023-12-11 08:00:00,60170.0
2023-12-11 09:00:00,60355.0
2023-12-11 10:00:00,60355.0
2023-12-11 11:00:00,60310.0
2023-12-11 12:00:00,60190.0
2023-12-11 13:00:00,59960.0
2023-12-11 14:00:00,59760.0
2023-12-11 15:00:00,59715.0
2023-12-11 16:00:00,59720.0
2023-12-11 17:00:00,59255.0
2023-12-11 18:00:00,58935.0
2023-12-11 19:00:00,58630.0
2023-12-11 20:00:00,58715.0
2023-12-11 21:00:00,59065.0
2023-12-11 23:00:00,59150.0
2023-12-12 00:00:00,59545.0
2023-12-12 01:00:00,59510.0
2023-12-12 02:00:00,59730.0
2023-12-12 03:00:00,59590.0
2023-12-12 04:00:00,59265.0
2023-12-12 05:00:00,59440.0
2023-12-12 06:00:00,59120.0
2023-12-12 07:00:00,59850.0
2023-12-12 08:00:00,59920.0
2023-12-12 09:00:00,59680.0
2023-12-12 10:00:00,59685.0
2023-12-12 11:00:00,59445.0
2023-12-12 12:00:00,59715.0
2023-12-12 13:00:00,59670.0
2023-12-12 14:00:00,59405.0
2023-12-12 15:00:00,59260.0
2023-12-12 16:00:00,59255.0
2023-12-12 17:00:00,58600.0
2023-12-12 18:00:00,59185.0
2023-12-12 19:00:00,59045.0
2023-12-12 20:00:00,59110.0
2023-12-12 21:00:00,58935.0
2023-12-12 23:00:00,59320.0
2023-12-13 00:00:00,59295.0
2023-12-13 01:00:00,58905.0
2023-12-13 02:00:00,58890.0
2023-12-13 03:00:00,58705.0
2023-12-13 04:00:00,58775.0
2023-12-13 05:00:00,58905.0
2023-12-13 06:00:00,58725.0
2023-12-13 07:00:00,59025.0
2023-12-13 08:00:00,59190.0
2023-12-13 09:00:00,59075.0
2023-12-13 10:00:00,59060.0
2023-12-13 11:00:00,58895.0
2023-12-13 12:00:00,59145.0
2023-12-13 13:00:00,59430.0
2023-12-13 14:00:00,59400.0
2023-12-13 15:00:00,59920.0
2023-12-13 16:00:00,59870.0
2023-12-13 17:00:00,60120.0
2023-12-13 18:00:00,60100.0
2023-12-13 19:00:00,60725.0
2023-12-13 20:00:00,60890.0
2023-12-13 21:00:00,61000.0
2023-12-13 23:00:00,60925.0
2023-12-14 00:00:00,60840.0
2023-12-14 01:00:00,60875.0
2023-12-14 02:00:00,60765.0
2023-12-14 03:00:00,60725.0
2023-12-14 04:00:00,60730.0
2023-12-14 05:00:00,60850.0
2023-12-14 06:00:00,60805.0
2023-12-14 07:00:00,60870.0
2023-12-14 08:00:00,60725.0
2023-12-14 09:00:00,60805.0
2023-12-14 10:00:00,60925.0
2023-12-14 11:00:00,61190.0
2023-12-14 12:00:00,61030.0
2023-12-14 13:00:00,60485.0
2023-12-14 14:00:00,60570.0
2023-12-14 15:00:00,60350.0
2023-12-14 16:00:00,60530.0
2023-12-14 17:00:00,61155.0
2023-12-14 18:00:00,60755.0
2023-12-14 19:00:00,61040.0
2023-12-14 20:00:00,60790.0
2023-12-14 21:00:00,60930.0
2023-12-14 23:00:00,60915.0
2023-12-15 00:00:00,60840.0
2023-12-15 01:00:00,60910.0
2023-12-15 02:00:00,60835.0
2023-12-15 03:00:00,60750.0
2023-12-15 04:00:00,60750.0
2023-12-15 05:00:00,60500.0
2023-12-15 06:00:00,60525.0
2023-12-15 07:00:00,60675.0
2023-12-15 08:00:00,60855.0
2023-12-15 09:00:00,60795.0
2023-12-15 10:00:00,60805.0
2023-12-15 11:00:00,60720.0
2023-12-15 12:00:00,60575.0
2023-12-15 13:00:00,60165.0
2023-12-15 14:00:00,60070.0
2023-12-15 15:00:00,59750.0
2023-12-15 16:00:00,59630.0
2023-12-15 17:00:00,59665.0
2023-12-15 18:00:00,59895.0
2023-12-15 19:00:00,59930.0
2023-12-15 20:00:00,60070.0
2023-12-15 21:00:00,60130.0
2023-12-17 23:00:00,59180.0
2023-12-18 00:00:00,59230.0
2023-12-18 01:00:00,58860.0
2023-12-18 02:00:00,58720.0
2023-12-18 03:00:00,58890.0
2023-12-18 04:00:00,58995.0
2023-12-18 05:00:00,58835.0
2023-12-18 06:00:00,59770.0
2023-12-18 07:00:00,58915.0
2023-12-18 08:00:00,59025.0
2023-12-18 09:00:00,58925.0
2023-12-18 10:00:00,58625.0
2023-12-18 11:00:00,58905.0
2023-12-18 12:00:00,58700.0
2023-12-18 13:00:00,59180.0
2023-12-18 14:00:00,59435.0
2023-12-18 15:00:00,59065.0
2023-12-18 16:00:00,59290.0
2023-12-18 17:00:00,59220.0
2023-12-18 18:00:00,59480.0
2023-12-18 19:00:00,59570.0
2023-12-18 20:00:00,59810.0
2023-12-18 21:00:00,60535.0
2023-12-18 23:00:00,60565.0
2023-12-19 00:00:00,60595.0
2023-12-19 01:00:00,61185.0
2023-12-19 02:00:00,60985.0
2023-12-19 03:00:00,60985.0
2023-12-19 04:00:00,60820.0
2023-12-19 05:00:00,60895.0
2023-12-19 06:00:00,60025.0
2023-12-19 07:00:00,60960.0
2023-12-19 08:00:00,60995.0
2023-12-19 09:00:00,60940.0
2023-12-19 10:00:00,61040.0
2023-12-19 11:00:00,60885.0
2023-12-19 12:00:00,60865.0
2023-12-19 13:00:00,60710.0
2023-12-19 14:00:00,60210.0
2023-12-19 15:00:00,60315.0
2023-12-19 16:00:00,60100.0
2023-12-19 17:00:00,59600.0
2023-12-19 18:00:00,59940.0
2023-12-19 19:00:00,60110.0
2023-12-19 20:00:00,60020.0
2023-12-19 21:00:00,60290.0
2023-12-19 23:00:00,60065.0
2023-12-20 00:00:00,60165.0
2023-12-20 01:00:00,60090.0
2023-12-20 02:00:00,60200.0
2023-12-20 03:00:00,60165.0
2023-12-20 04:00:00,60610.0
2023-12-20 05:00:00,60530.0
2023-12-20 06:00:00,60700.0
2023-12-20 07:00:00,60770.0
2023-12-20 08:00:00,60600.0
2023-12-20 09:00:00,60585.0
2023-12-20 10:00:00,60715.0
2023-12-20 11:00:00,60710.0
2023-12-20 12:00:00,60830.0
2023-12-20 13:00:00,61650.0
2023-12-20 14:00:00,61800.0
2023-12-20 15:00:00,61975.0
2023-12-20 16:00:00,61615.0
2023-12-20 17:00:00,61870.0
2023-12-20 18:00:00,62070.0
2023-12-20 19:00:00,61640.0
2023-12-20 20:00:00,61300.0
2023-12-20 21:00:00,61255.0
2023-12-20 23:00:00,61465.0
2023-12-21 00:00:00,61370.0
2023-12-21 01:00:00,61265.0
2023-12-21 02:00:00,61210.0
2023-12-21 03:00:00,61470.0
2023-12-21 04:00:00,61410.0
2023-12-21 05:00:00,61315.0
2023-12-21 06:00:00,61580.0
2023-12-21 07:00:00,61570.0
2023-12-21 08:00:00,61505.0
2023-12-21 09:00:00,61510.0
2023-12-21 10:00:00,61805.0
2023-12-21 11:00:00,61755.0
2023-12-21 12:00:00,61950.0
2023-12-21 13:00:00,62035.0
2023-12-21 14:00:00,61365.0
2023-12-21 15:00:00,61635.0
2023-12-21 16:00:00,61480.0
2023-12-21 17:00:00,61225.0
2023-12-21 18:00:00,61310.0
2023-12-21 19:00:00,61380.0
2023-12-21 20:00:00,61525.0
2023-12-21 21:00:00,61795.0
2023-12-21 23:00:00,61660.0
2023-12-22 00:00:00,61640.0
2023-12-22 01:00:00,61975.0
2023-12-22 02:00:00,61760.0
2023-12-22 03:00:00,61795.0
2023-12-22 04:00:00,61955.0
2023-12-22 05:00:00,62000.0
2023-12-22 06:00:00,61405.0
2023-12-22 07:00:00,61550.0
2023-12-22 08:00:00,61495.0
2023-12-22 09:00:00,61500.0
2023-12-22 10:00:00,61450.0
2023-12-22 11:00:00,61525.0
2023-12-22 13:00:00,61465.0
2023-12-22 14:00:00,61360.0
2023-12-22 15:00:00,61425.0
2023-12-22 16:00:00,61330.0
2023-12-22 17:00:00,61525.0
2023-12-22 18:00:00,61780.0
2023-12-22 19:00:00,61480.0
2023-12-22 20:00:00,61380.0
2023-12-22 21:00:00,61510.0
2023-12-25 23:00:00,61275.0
2023-12-26 00:00:00,61100.0
2023-12-26 01:00:00,61135.0
2023-12-26 02:00:00,61095.0
2023-12-26 03:00:00,61040.0
2023-12-26 04:00:00,61060.0
2023-12-26 05:00:00,60185.0
2023-12-26 06:00:00,59755.0
2023-12-26 07:00:00,60135.0
2023-12-26 08:00:00,60120.0
2023-12-26 09:00:00,59850.0
2023-12-26 10:00:00,60055.0
2023-12-26 11:00:00,60180.0
2023-12-26 12:00:00,60285.0
2023-12-26 13:00:00,60225.0
2023-12-26 14:00:00,60135.0
2023-12-26 15:00:00,59875.0
2023-12-26 16:00:00,59865.0
2023-12-26 17:00:00,59645.0
2023-12-26 18:00:00,59800.0
2023-12-26 19:00:00,59745.0
2023-12-26 20:00:00,59820.0
2023-12-26 21:00:00,59905.0
2023-12-26 23:00:00,60145.0
2023-12-27 00:00:00,59985.0
2023-12-27 01:00:00,60010.0
2023-12-27 02:00:00,59835.0
2023-12-27 03:00:00,59895.0
2023-12-27 04:00:00,59810.0
2023-12-27 05:00:00,60075.0
2023-12-27 06:00:00,60100.0
2023-12-27 07:00:00,60135.0
2023-12-27 08:00:00,60350.0
2023-12-27 09:00:00,60455.0
2023-12-27 10:00:00,60950.0
2023-12-27 11:00:00,60765.0
2023-12-27 12:00:00,60650.0
2023-12-27 13:00:00,60625.0
2023-12-27 14:00:00,60655.0
2023-12-27 15:00:00,60700.0
2023-12-27 16:00:00,60820.0
2023-12-27 17:00:00,60720.0
2023-12-27 18:00:00,60895.0
2023-12-27 19:00:00,60840.0
2023-12-27 20:00:00,61230.0
2023-12-27 21:00:00,61055.0
2023-12-27 23:00:00,61230.0
2023-12-28 00:00:00,61370.0
2023-12-28 01:00:00,61290.0
2023-12-28 02:00:00,61190.0
2023-12-28 03:00:00,61230.0
2023-12-28 04:00:00,61125.0
2023-12-28 05:00:00,61020.0
2023-12-28 06:00:00,60085.0
2023-12-28 07:00:00,60815.0
2023-12-28 08:00:00,60775.0
2023-12-28 09:00:00,60795.0
2023-12-28 10:00:00,60825.0
2023-12-28 11:00:00,60800.0
2023-12-28 12:00:00,60420.0
2023-12-28 13:00:00,60430.0
2023-12-28 14:00:00,60255.0
2023-12-28 15:00:00,60010.0
2023-12-28 16:00:00,60025.0
2023-12-28 17:00:00,60095.0
2023-12-28 18:00:00,60050.0
2023-12-28 19:00:00,60125.0
2023-12-28 20:00:00,60075.0
2023-12-28 21:00:00,60005.0
2023-12-28 23:00:00,60090.0
2023-12-29 00:00:00,59910.0
2023-12-29 01:00:00,59880.0
2023-12-29 02:00:00,60150.0
2023-12-29 03:00:00,60345.0
2023-12-29 04:00:00,60320.0
2023-12-29 05:00:00,60330.0
2023-12-29 06:00:00,59460.0
2023-12-29 07:00:00,59850.0
2023-12-29 08:00:00,60055.0
2023-12-29 09:00:00,60240.0
2023-12-29 10:00:00,60345.0
2023-12-29 11:00:00,60445.0
2023-12-29 12:00:00,60410.0
2023-12-29 13:00:00,60400.0
2023-12-29 14:00:00,60600.0
2023-12-29 15:00:00,59675.0
2023-12-29 16:00:00,59375.0
2023-12-29 17:00:00,59165.0
2023-12-29 18:00:00,59390.0
2023-12-29 19:00:00,59520.0
2023-12-29 20:00:00,59465.0
2023-12-29 21:00:00,59410.0
2024-01-01 23:00:00,62625.0
2024-01-02 00:00:00,63640.0
2024-01-02 01:00:00,63370.0
2024-01-02 02:00:00,63635.0
2024-01-02 03:00:00,63765.0
2024-01-02 04:00:00,63575.0
2024-01-02 05:00:00,63385.0
2024-01-02 06:00:00,62305.0
2024-01-02 07:00:00,63625.0
2024-01-02 08:00:00,63930.0
2024-01-02 09:00:00,63910.0
2024-01-02 10:00:00,63855.0
2024-01-02 11:00:00,63340.0
2024-01-02 12:00:00,63145.0
2024-01-02 13:00:00,63695.0
2024-01-02 14:00:00,63100.0
2024-01-02 15:00:00,62860.0
2024-01-02 16:00:00,63095.0
2024-01-02 17:00:00,62585.0
2024-01-02 18:00:00,62675.0
2024-01-02 19:00:00,62565.0
2024-01-02 20:00:00,62300.0
2024-01-02 21:00:00,62625.0
2024-01-02 23:00:00,62375.0
2024-01-03 00:00:00,62500.0
2024-01-03 01:00:00,62800.0
2024-01-03 02:00:00,62815.0
2024-01-03 03:00:00,62805.0
2024-01-03 04:00:00,62690.0
2024-01-03 05:00:00,62695.0
2024-01-03 06:00:00,60055.0
2024-01-03 07:00:00,62480.0
2024-01-03 08:00:00,62665.0
2024-01-03 09:00:00,62840.0
2024-01-03 10:00:00,62645.0
2024-01-03 11:00:00,61040.0
2024-01-03 12:00:00,60065.0
2024-01-03 13:00:00,59845.0
2024-01-03 14:00:00,59525.0
2024-01-03 15:00:00,60330.0
2024-01-03 16:00:00,60400.0
2024-01-03 17:00:00,60230.0
2024-01-03 18:00:00,59525.0
2024-01-03 19:00:00,60000.0
2024-01-03 20:00:00,60025.0
2024-01-03 21:00:00,60345.0
2024-01-03 23:00:00,60225.0
2024-01-04 00:00:00,60285.0
2024-01-04 01:00:00,60050.0
2024-01-04 02:00:00,60580.0
2024-01-04 03:00:00,60490.0
2024-01-04 04:00:00,60550.0
2024-01-04 05:00:00,60560.0
2024-01-04 06:00:00,61605.0
2024-01-04 07:00:00,60200.0
2024-01-04 08:00:00,60285.0
2024-01-04 09:00:00,60410.0
2024-01-04 10:00:00,60520.0
2024-01-04 11:00:00,60615.0
2024-01-04 12:00:00,60705.0
2024-01-04 13:00:00,60760.0
2024-01-04 14:00:00,61105.0
2024-01-04 15:00:00,61545.0
2024-01-04 16:00:00,61375.0
2024-01-04 17:00:00,61425.0
2024-01-04 18:00:00,61540.0
2024-01-04 19:00:00,61475.0
2024-01-04 20:00:00,61550.0
2024-01-04 21:00:00,61900.0
2024-01-04 23:00:00,61590.0
2024-01-05 00:00:00,61710.0
2024-01-05 01:00:00,60840.0
2024-01-05 02:00:00,60925.0
2024-01-05 03:00:00,60885.0
2024-01-05 04:00:00,60955.0
2024-01-05 05:00:00,61015.0
2024-01-05 06:00:00,61190.0
2024-01-05 07:00:00,61145.0
2024-01-05 08:00:00,61280.0
2024-01-05 09:00:00,61570.0
2024-01-05 10:00:00,60970.0
2024-01-05 11:00:00,61175.0
2024-01-05 12:00:00,61290.0
2024-01-05 13:00:00,61375.0
2024-01-05 14:00:00,60830.0
2024-01-05 15:00:00,60845.0
2024-01-05 16:00:00,60550.0
2024-01-05 17:00:00,60990.0
2024-01-05 18:00:00,60960.0
2024-01-05 19:00:00,60945.0
2024-01-05 20:00:00,61355.0
2024-01-05 21:00:00,61330.0
2024-01-07 23:00:00,61335.0
2024-01-08 00:00:00,61025.0
2024-01-08 01:00:00,61060.0
2024-01-08 02:00:00,60635.0
2024-01-08 03:00:00,60770.0
2024-01-08 04:00:00,60785.0
2024-01-08 05:00:00,60905.0
2024-01-08 06:00:00,61195.0
2024-01-08 07:00:00,61255.0
2024-01-08 08:00:00,61220.0
2024-01-08 09:00:00,61010.0
2024-01-08 10:00:00,61385.0
2024-01-08 11:00:00,61995.0
2024-01-08 12:00:00,62535.0
2024-01-08 13:00:00,62410.0
2024-01-08 14:00:00,62220.0
2024-01-08 15:00:00,62310.0
2024-01-08 16:00:00,62305.0
2024-01-08 17:00:00,63045.0
2024-01-08 18:00:00,64445.0
2024-01-08 19:00:00,64450.0
2024-01-08 20:00:00,64325.0
2024-01-08 21:00:00,64565.0
2024-01-08 23:00:00,64500.0
2024-01-09 00:00:00,64210.0
2024-01-09 01:00:00,64035.0
2024-01-09 02:00:00,64245.0
2024-01-09 03:00:00,64450.0
2024-01-09 04:00:00,64300.0
2024-01-09 05:00:00,64155.0
2024-01-09 06:00:00,64230.0
2024-01-09 07:00:00,64260.0
2024-01-09 08:00:00,63945.0
2024-01-09 09:00:00,63905.0
2024-01-09 10:00:00,63855.0
2024-01-09 11:00:00,64015.0
2024-01-09 12:00:00,63540.0
2024-01-09 13:00:00,64230.0
2024-01-09 14:00:00,63940.0
2024-01-09 15:00:00,64245.0
2024-01-09 16:00:00,64305.0
2024-01-09 17:00:00,64070.0
2024-01-09 18:00:00,63940.0
2024-01-09 19:00:00,64190.0
2024-01-09 20:00:00,64030.0
2024-01-09 21:00:00,62690.0
2024-01-09 23:00:00,63370.0
2024-01-10 00:00:00,63095.0
2024-01-10 01:00:00,63170.0
2024-01-10 02:00:00,63255.0
2024-01-10 03:00:00,63360.0
2024-01-10 04:00:00,63205.0
2024-01-10 05:00:00,63190.0
2024-01-10 06:00:00,63225.0
2024-01-10 07:00:00,62950.0
2024-01-10 08:00:00,62500.0
2024-01-10 09:00:00,62870.0
2024-01-10 10:00:00,62775.0
2024-01-10 11:00:00,62680.0
2024-01-10 12:00:00,61855.0
2024-01-10 13:00:00,62290.0
2024-01-10 14:00:00,61990.0
2024-01-10 15:00:00,62725.0
2024-01-10 16:00:00,62535.0
2024-01-10 17:00:00,63625.0
2024-01-10 18:00:00,63820.0
2024-01-10 19:00:00,63750.0
2024-01-10 20:00:00,63310.0
2024-01-10 21:00:00,63095.0
2024-01-10 23:00:00,63900.0
2024-01-11 00:00:00,63905.0
2024-01-11 01:00:00,63675.0
2024-01-11 02:00:00,63755.0
2024-01-11 03:00:00,63590.0
2024-01-11 04:00:00,63535.0
2024-01-11 05:00:00,63145.0
2024-01-11 06:00:00,63325.0
2024-01-11 07:00:00,63165.0
2024-01-11 08:00:00,63380.0
2024-01-11 09:00:00,63355.0
2024-01-11 10:00:00,63985.0
2024-01-11 11:00:00,64210.0
2024-01-11 12:00:00,64650.0
2024-01-11 13:00:00,64570.0
2024-01-11 14:00:00,65945.0
2024-01-11 15:00:00,63855.0
2024-01-11 16:00:00,63045.0
2024-01-11 17:00:00,63655.0
2024-01-11 18:00:00,63715.0
2024-01-11 19:00:00,63835.0
2024-01-11 20:00:00,63375.0
2024-01-11 21:00:00,63170.0
2024-01-11 23:00:00,63465.0
2024-01-12 00:00:00,63460.0
2024-01-12 01:00:00,63335.0
2024-01-12 02:00:00,63255.0
2024-01-12 03:00:00,63140.0
2024-01-12 04:00:00,63095.0
2024-01-12 05:00:00,63320.0
2024-01-12 06:00:00,63255.0
2024-01-12 07:00:00,63115.0
2024-01-12 08:00:00,63015.0
2024-01-12 09:00:00,63015.0
2024-01-12 10:00:00,63170.0
2024-01-12 11:00:00,63075.0
2024-01-12 12:00:00,62900.0
2024-01-12 13:00:00,62860.0
2024-01-12 14:00:00,62455.0
2024-01-12 15:00:00,61400.0
2024-01-12 16:00:00,60520.0
2024-01-12 17:00:00,60725.0
2024-01-12 18:00:00,60455.0
2024-01-12 19:00:00,60420.0
2024-01-12 20:00:00,60645.0
2024-01-12 21:00:00,60390.0
2024-01-14 23:00:00,58700.0
2024-01-15 00:00:00,59260.0
2024-01-15 01:00:00,59250.0
2024-01-15 02:00:00,59385.0
2024-01-15 03:00:00,59560.0
2024-01-15 04:00:00,59565.0
2024-01-15 05:00:00,59680.0
2024-01-15 06:00:00,59605.0
2024-01-15 07:00:00,59690.0
2024-01-15 08:00:00,59650.0
2024-01-15 09:00:00,59720.0
2024-01-15 10:00:00,59525.0
2024-01-15 11:00:00,59695.0
2024-01-15 12:00:00,59675.0
2024-01-15 13:00:00,59885.0
2024-01-15 14:00:00,59200.0
2024-01-15 15:00:00,59310.0
2024-01-15 16:00:00,59575.0
2024-01-15 17:00:00,59735.0
2024-01-15 18:00:00,60025.0
2024-01-15 19:00:00,60010.0
2024-01-15 20:00:00,59865.0
2024-01-15 21:00:00,59710.0
2024-01-15 23:00:00,59475.0
2024-01-16 00:00:00,59555.0
2024-01-16 01:00:00,59500.0
2024-01-16 02:00:00,59660.0
2024-01-16 03:00:00,59840.0
2024-01-16 04:00:00,59745.0
2024-01-16 05:00:00,59700.0
2024-01-16 06:00:00,60270.0
2024-01-16 07:00:00,59725.0
2024-01-16 08:00:00,60030.0
2024-01-16 09:00:00,59950.0
2024-01-16 10:00:00,59875.0
2024-01-16 11:00:00,59890.0
2024-01-16 12:00:00,60180.0
2024-01-16 13:00:00,59825.0
2024-01-16 14:00:00,59750.0
2024-01-16 15:00:00,60330.0
2024-01-16 16:00:00,60275.0
2024-01-16 17:00:00,60125.0
2024-01-16 18:00:00,60085.0
2024-01-16 19:00:00,60215.0
2024-01-16 20:00:00,60300.0
2024-01-16 21:00:00,60475.0
2024-01-16 23:00:00,60205.0
2024-01-17 00:00:00,60120.0
2024-01-17 01:00:00,59980.0
2024-01-17 02:00:00,60030.0
2024-01-17 03:00:00,59875.0
2024-01-17 04:00:00,59860.0
2024-01-17 05:00:00,59740.0
2024-01-17 06:00:00,59775.0
2024-01-17 07:00:00,59650.0
2024-01-17 08:00:00,59700.0
2024-01-17 09:00:00,59735.0
2024-01-17 10:00:00,59780.0
2024-01-17 11:00:00,59665.0
2024-01-17 12:00:00,59755.0
2024-01-17 13:00:00,59635.0
2024-01-17 14:00:00,59590.0
2024-01-17 15:00:00,59520.0
2024-01-17 16:00:00,59355.0
2024-01-17 17:00:00,59365.0
2024-01-17 18:00:00,59595.0
2024-01-17 19:00:00,59620.0
2024-01-17 20:00:00,59840.0
2024-01-17 21:00:00,59755.0
2024-01-17 23:00:00,59755.0
2024-01-18 00:00:00,59700.0
2024-01-18 01:00:00,59625.0
2024-01-18 02:00:00,59685.0
2024-01-18 03:00:00,59605.0
2024-01-18 04:00:00,59695.0
2024-01-18 05:00:00,59765.0
2024-01-18 06:00:00,57855.0
2024-01-18 07:00:00,59895.0
2024-01-18 08:00:00,59695.0
2024-01-18 09:00:00,59800.0
2024-01-18 10:00:00,59355.0
2024-01-18 11:00:00,59500.0
2024-01-18 12:00:00,59385.0
2024-01-18 13:00:00,59495.0
2024-01-18 14:00:00,59780.0
2024-01-18 15:00:00,59650.0
2024-01-18 16:00:00,58900.0
2024-01-18 17:00:00,58775.0
2024-01-18 18:00:00,58460.0
2024-01-18 19:00:00,57965.0
2024-01-18 20:00:00,57790.0
2024-01-18 21:00:00,58085.0
2024-01-18 23:00:00,58200.0
2024-01-19 00:00:00,58270.0
2024-01-19 01:00:00,58245.0
2024-01-19 02:00:00,58105.0
2024-01-19 03:00:00,57985.0
2024-01-19 04:00:00,58065.0
2024-01-19 05:00:00,58205.0
2024-01-19 06:00:00,58560.0
2024-01-19 07:00:00,58255.0
2024-01-19 08:00:00,58305.0
2024-01-19 09:00:00,58400.0
2024-01-19 10:00:00,58450.0
2024-01-19 11:00:00,58470.0
2024-01-19 12:00:00,58325.0
2024-01-19 13:00:00,58335.0
2024-01-19 14:00:00,57905.0
2024-01-19 15:00:00,57870.0
2024-01-19 16:00:00,57360.0
2024-01-19 17:00:00,58195.0
2024-01-19 18:00:00,58755.0
2024-01-19 19:00:00,58750.0
2024-01-19 20:00:00,58605.0
2024-01-19 21:00:00,58620.0
2024-01-21 23:00:00,58485.0
2024-01-22 00:00:00,58565.0
2024-01-22 01:00:00,58300.0
2024-01-22 02:00:00,58260.0
2024-01-22 03:00:00,58125.0
2024-01-22 04:00:00,57725.0
2024-01-22 05:00:00,58070.0
2024-01-22 06:00:00,58135.0
2024-01-22 07:00:00,57945.0
2024-01-22 08:00:00,57795.0
2024-01-22 09:00:00,57620.0
2024-01-22 10:00:00,57545.0
2024-01-22 11:00:00,57730.0
2024-01-22 12:00:00,57775.0
2024-01-22 13:00:00,57865.0
2024-01-22 14:00:00,57640.0
2024-01-22 15:00:00,57695.0
2024-01-22 16:00:00,57445.0
2024-01-22 17:00:00,57650.0
2024-01-22 18:00:00,57235.0
2024-01-22 19:00:00,56755.0
2024-01-22 20:00:00,57190.0
2024-01-22 21:00:00,56845.0
2024-01-22 23:00:00,56480.0
2024-01-23 00:00:00,56805.0
2024-01-23 01:00:00,56935.0
2024-01-23 02:00:00,57065.0
2024-01-23 03:00:00,57065.0
2024-01-23 04:00:00,57140.0
2024-01-23 05:00:00,57215.0
2024-01-23 06:00:00,56325.0
2024-01-23 07:00:00,56765.0
2024-01-23 08:00:00,56565.0
2024-01-23 09:00:00,56125.0
2024-01-23 10:00:00,56000.0
2024-01-23 11:00:00,55700.0
2024-01-23 12:00:00,56165.0
2024-01-23 13:00:00,55915.0
2024-01-23 14:00:00,55825.0
2024-01-23 15:00:00,56245.0
2024-01-23 16:00:00,56415.0
2024-01-23 17:00:00,56500.0
2024-01-23 18:00:00,56190.0
2024-01-23 19:00:00,56270.0
2024-01-23 20:00:00,56370.0
2024-01-23 21:00:00,56325.0
2024-01-23 23:00:00,56965.0
2024-01-24 00:00:00,57310.0
2024-01-24 01:00:00,56865.0
2024-01-24 02:00:00,56795.0
2024-01-24 03:00:00,56775.0
2024-01-24 04:00:00,56825.0
2024-01-24 05:00:00,56895.0
2024-01-24 06:00:00,56965.0
2024-01-24 07:00:00,57085.0
2024-01-24 08:00:00,57015.0
2024-01-24 09:00:00,57095.0
2024-01-24 10:00:00,57605.0
2024-01-24 11:00:00,57335.0
2024-01-24 12:00:00,57120.0
2024-01-24 13:00:00,57080.0
2024-01-24 14:00:00,56970.0
2024-01-24 15:00:00,57115.0
2024-01-24 16:00:00,57265.0
2024-01-24 17:00:00,57195.0
2024-01-24 18:00:00,56870.0
2024-01-24 19:00:00,56925.0
2024-01-24 20:00:00,56680.0
2024-01-24 21:00:00,56850.0
2024-01-24 23:00:00,57245.0
2024-01-25 00:00:00,57190.0
2024-01-25 01:00:00,57085.0
2024-01-25 02:00:00,57085.0
2024-01-25 03:00:00,57130.0
2024-01-25 04:00:00,57045.0
2024-01-25 05:00:00,56995.0
2024-01-25 06:00:00,57165.0
2024-01-25 07:00:00,57245.0
2024-01-25 08:00:00,57165.0
2024-01-25 09:00:00,57175.0
2024-01-25 10:00:00,57215.0
2024-01-25 11:00:00,57335.0
2024-01-25 12:00:00,56945.0
2024-01-25 13:00:00,56945.0
2024-01-25 14:00:00,57095.0
2024-01-25 15:00:00,56915.0
2024-01-25 16:00:00,56750.0
2024-01-25 17:00:00,56905.0
2024-01-25 18:00:00,56865.0
2024-01-25 19:00:00,57015.0
2024-01-25 20:00:00,56915.0
2024-01-25 21:00:00,57025.0
2024-01-25 23:00:00,56990.0
2024-01-26 00:00:00,56975.0
2024-01-26 01:00:00,57020.0
2024-01-26 02:00:00,57230.0
2024-01-26 03:00:00,57180.0
2024-01-26 04:00:00,57255.0
2024-01-26 05:00:00,57265.0
2024-01-26 06:00:00,59155.0
2024-01-26 07:00:00,57025.0
2024-01-26 08:00:00,57240.0
2024-01-26 09:00:00,57180.0
2024-01-26 10:00:00,57850.0
2024-01-26 11:00:00,58430.0
2024-01-26 12:00:00,58270.0
2024-01-26 13:00:00,58125.0
2024-01-26 14:00:00,58660.0
2024-01-26 15:00:00,58530.0
2024-01-26 16:00:00,59100.0
2024-01-26 17:00:00,59060.0
2024-01-26 18:00:00,59220.0
2024-01-26 19:00:00,59230.0
2024-01-26 20:00:00,59145.0
2024-01-26 21:00:00,59100.0
2024-01-28 23:00:00,59150.0
2024-01-29 00:00:00,59050.0
2024-01-29 01:00:00,59215.0
2024-01-29 02:00:00,59320.0
2024-01-29 03:00:00,59450.0
2024-01-29 04:00:00,59300.0
2024-01-29 05:00:00,59170.0
2024-01-29 06:00:00,59160.0
2024-01-29 07:00:00,59065.0
2024-01-29 08:00:00,59140.0
2024-01-29 09:00:00,59290.0
2024-01-29 10:00:00,59355.0
2024-01-29 11:00:00,59240.0
2024-01-29 12:00:00,59135.0
2024-01-29 13:00:00,59030.0
2024-01-29 14:00:00,58980.0
2024-01-29 15:00:00,59715.0
2024-01-29 16:00:00,60305.0
2024-01-29 17:00:00,60110.0
2024-01-29 18:00:00,60135.0
2024-01-29 19:00:00,60115.0
2024-01-29 20:00:00,60300.0
2024-01-29 21:00:00,60290.0
2024-01-29 23:00:00,60425.0
2024-01-30 00:00:00,60285.0
2024-01-30 01:00:00,60590.0
2024-01-30 02:00:00,60770.0
2024-01-30 03:00:00,60670.0
2024-01-30 04:00:00,60590.0
2024-01-30 05:00:00,60515.0
2024-01-30 06:00:00,60495.0
2024-01-30 07:00:00,60490.0
2024-01-30 08:00:00,60545.0
2024-01-30 09:00:00,60435.0
2024-01-30 10:00:00,60635.0
2024-01-30 11:00:00,60645.0
2024-01-30 12:00:00,60465.0
2024-01-30 13:00:00,60380.0
2024-01-30 14:00:00,60580.0
2024-01-30 15:00:00,60475.0
2024-01-30 16:00:00,60600.0
2024-01-30 17:00:00,60510.0
2024-01-30 18:00:00,60505.0
2024-01-30 19:00:00,60680.0
2024-01-30 20:00:00,60655.0
2024-01-30 21:00:00,60620.0
2024-01-30 23:00:00,60090.0
2024-01-31 00:00:00,60065.0
2024-01-31 01:00:00,59855.0
2024-01-31 02:00:00,59990.0
2024-01-31 03:00:00,60025.0
2024-01-31 04:00:00,60055.0
2024-01-31 05:00:00,60065.0
2024-01-31 06:00:00,59580.0
2024-01-31 07:00:00,60130.0
2024-01-31 08:00:00,60085.0
2024-01-31 09:00:00,59675.0
2024-01-31 10:00:00,59425.0
2024-01-31 11:00:00,59695.0
2024-01-31 12:00:00,59655.0
2024-01-31 13:00:00,59870.0
2024-01-31 14:00:00,60015.0
2024-01-31 15:00:00,60455.0
2024-01-31 16:00:00,60590.0
2024-01-31 17:00:00,60870.0
2024-01-31 18:00:00,60620.0
2024-01-31 19:00:00,60395.0
2024-01-31 20:00:00,59595.0
2024-01-31 21:00:00,59515.0
2024-01-31 23:00:00,59630.0
2024-02-01 00:00:00,59485.0
2024-02-01 01:00:00,58975.0
2024-02-01 02:00:00,59115.0
2024-02-01 03:00:00,59010.0
2024-02-01 04:00:00,59045.0
2024-02-01 05:00:00,59110.0
2024-02-01 06:00:00,60040.0
2024-02-01 07:00:00,59170.0
2024-02-01 08:00:00,59210.0
2024-02-01 09:00:00,59120.0
2024-02-01 10:00:00,59215.0
2024-02-01 11:00:00,59075.0
2024-02-01 12:00:00,59140.0
2024-02-01 13:00:00,59235.0
2024-02-01 14:00:00,59745.0
2024-02-01 15:00:00,59565.0
2024-02-01 16:00:00,59730.0
2024-02-01 17:00:00,59985.0
2024-02-01 18:00:00,59920.0
2024-02-01 19:00:00,60310.0
2024-02-01 20:00:00,60080.0
2024-02-01 21:00:00,60210.0
2024-02-01 23:00:00,60180.0
2024-02-02 00:00:00,60270.0
2024-02-02 01:00:00,60195.0
2024-02-02 02:00:00,60140.0
2024-02-02 03:00:00,60120.0
2024-02-02 04:00:00,60010.0
2024-02-02 05:00:00,60175.0
2024-02-02 06:00:00,59950.0
2024-02-02 07:00:00,60185.0
2024-02-02 08:00:00,60035.0
2024-02-02 09:00:00,60050.0
2024-02-02 10:00:00,60205.0
2024-02-02 11:00:00,60220.0
2024-02-02 12:00:00,60215.0
2024-02-02 13:00:00,59695.0
2024-02-02 14:00:00,59830.0
2024-02-02 15:00:00,60280.0
2024-02-02 16:00:00,60285.0
2024-02-02 17:00:00,59940.0
2024-02-02 18:00:00,59955.0
2024-02-02 19:00:00,60080.0
2024-02-02 20:00:00,59975.0
2024-02-02 21:00:00,59995.0
2024-02-04 23:00:00,59530.0
2024-02-05 00:00:00,59290.0
2024-02-05 01:00:00,59485.0
2024-02-05 02:00:00,59385.0
2024-02-05 03:00:00,59665.0
2024-02-05 04:00:00,59730.0
2024-02-05 05:00:00,59760.0
2024-02-05 06:00:00,59320.0
2024-02-05 07:00:00,60060.0
2024-02-05 08:00:00,60010.0
2024-02-05 09:00:00,59985.0
2024-02-05 10:00:00,60095.0
2024-02-05 11:00:00,60180.0
2024-02-05 12:00:00,60240.0
2024-02-05 13:00:00,60475.0
2024-02-05 14:00:00,60190.0
2024-02-05 15:00:00,59570.0
2024-02-05 16:00:00,59650.0
2024-02-05 17:00:00,59660.0
2024-02-05 18:00:00,59650.0
2024-02-05 19:00:00,59720.0
2024-02-05 20:00:00,59345.0
2024-02-05 21:00:00,59325.0
2024-02-05 23:00:00,59615.0
2024-02-06 00:00:00,59545.0
2024-02-06 01:00:00,59595.0
2024-02-06 02:00:00,59775.0
2024-02-06 03:00:00,59805.0
2024-02-06 04:00:00,59770.0
2024-02-06 05:00:00,59715.0
2024-02-06 06:00:00,60070.0
2024-02-06 07:00:00,59845.0
2024-02-06 08:00:00,60045.0
2024-02-06 09:00:00,59975.0
2024-02-06 10:00:00,59780.0
2024-02-06 11:00:00,59805.0
2024-02-06 12:00:00,59745.0
2024-02-06 13:00:00,59830.0
2024-02-06 14:00:00,59880.0
2024-02-06 15:00:00,60260.0
2024-02-06 16:00:00,60195.0
2024-02-06 17:00:00,60180.0
2024-02-06 18:00:00,60205.0
2024-02-06 19:00:00,60300.0
2024-02-06 20:00:00,60105.0
2024-02-06 21:00:00,60185.0
2024-02-06 23:00:00,60100.0
2024-02-07 00:00:00,60070.0
2024-02-07 01:00:00,60045.0
2024-02-07 02:00:00,60050.0
2024-02-07 03:00:00,59700.0
2024-02-07 04:00:00,59830.0
2024-02-07 05:00:00,59955.0
2024-02-07 06:00:00,59880.0
2024-02-07 07:00:00,59835.0
2024-02-07 08:00:00,59880.0
2024-02-07 09:00:00,60145.0
2024-02-07 10:00:00,59860.0
2024-02-07 11:00:00,59855.0
2024-02-07 12:00:00,60050.0
2024-02-07 13:00:00,60155.0
2024-02-07 14:00:00,59995.0
2024-02-07 15:00:00,60030.0
2024-02-07 16:00:00,60190.0
2024-02-07 17:00:00,60510.0
2024-02-07 18:00:00,60690.0
2024-02-07 19:00:00,60595.0
2024-02-07 20:00:00,61215.0
2024-02-07 21:00:00,61285.0
2024-02-07 23:00:00,61425.0
2024-02-08 00:00:00,61745.0
2024-02-08 01:00:00,61740.0
2024-02-08 02:00:00,61760.0
2024-02-08 03:00:00,61645.0
2024-02-08 04:00:00,61595.0
2024-02-08 05:00:00,61670.0
2024-02-08 06:00:00,62515.0
2024-02-08 07:00:00,61645.0
2024-02-08 08:00:00,61825.0
2024-02-08 09:00:00,61815.0
2024-02-08 10:00:00,61910.0
2024-02-08 11:00:00,61780.0
2024-02-08 12:00:00,61750.0
2024-02-08 13:00:00,62030.0
2024-02-08 14:00:00,62115.0
2024-02-08 15:00:00,62510.0
2024-02-08 16:00:00,62125.0
2024-02-08 17:00:00,62110.0
2024-02-08 18:00:00,62390.0
2024-02-08 19:00:00,62315.0
2024-02-08 20:00:00,62550.0
2024-02-08 21:00:00,62325.0
2024-02-08 23:00:00,62340.0
2024-02-09 00:00:00,62365.0
2024-02-09 01:00:00,62565.0
2024-02-09 02:00:00,63390.0
2024-02-09 03:00:00,63075.0
2024-02-09 04:00:00,63015.0
2024-02-09 05:00:00,63315.0
2024-02-09 06:00:00,63305.0
2024-02-09 07:00:00,63335.0
2024-02-09 08:00:00,63765.0
2024-02-09 09:00:00,63625.0
2024-02-09 10:00:00,63865.0
2024-02-09 11:00:00,64235.0
2024-02-09 12:00:00,64375.0
2024-02-09 13:00:00,64530.0
2024-02-09 14:00:00,64145.0
2024-02-09 15:00:00,64260.0
2024-02-09 16:00:00,64365.0
2024-02-09 17:00:00,64795.0
2024-02-09 18:00:00,64710.0
2024-02-09 19:00:00,64575.0
2024-02-09 20:00:00,64550.0
2024-02-09 21:00:00,64570.0
2024-02-11 23:00:00,65435.0
2024-02-12 00:00:00,65670.0
2024-02-12 01:00:00,65545.0
2024-02-12 02:00:00,65200.0
2024-02-12 03:00:00,65185.0
2024-02-12 04:00:00,65100.0
2024-02-12 05:00:00,65065.0
2024-02-12 06:00:00,67230.0
2024-02-12 07:00:00,65220.0
2024-02-12 08:00:00,65115.0
2024-02-12 09:00:00,64875.0
2024-02-12 10:00:00,64870.0
2024-02-12 11:00:00,64900.0
2024-02-12 12:00:00,65055.0
2024-02-12 13:00:00,64960.0
2024-02-12 14:00:00,65855.0
2024-02-12 15:00:00,67040.0
2024-02-12 16:00:00,66675.0
2024-02-12 17:00:00,66960.0
2024-02-12 18:00:00,66810.0
2024-02-12 19:00:00,66565.0
2024-02-12 20:00:00,67230.0
2024-02-12 21:00:00,66855.0
2024-02-12 23:00:00,66990.0
2024-02-13 00:00:00,67175.0
2024-02-13 01:00:00,67260.0
2024-02-13 02:00:00,67020.0
2024-02-13 03:00:00,66830.0
2024-02-13 04:00:00,66980.0
2024-02-13 05:00:00,67120.0
2024-02-13 06:00:00,67050.0
2024-02-13 07:00:00,67085.0
2024-02-13 08:00:00,67200.0
2024-02-13 09:00:00,67310.0
2024-02-13 10:00:00,66900.0
2024-02-13 11:00:00,67010.0
2024-02-13 12:00:00,66920.0
2024-02-13 13:00:00,66585.0
2024-02-13 14:00:00,65750.0
2024-02-13 15:00:00,65775.0
2024-02-13 16:00:00,65510.0
2024-02-13 17:00:00,65880.0
2024-02-13 18:00:00,66135.0
2024-02-13 19:00:00,66025.0
2024-02-13 20:00:00,66430.0
2024-02-13 21:00:00,66595.0
2024-02-13 23:00:00,66800.0
2024-02-14 00:00:00,66550.0
2024-02-14 01:00:00,66470.0
2024-02-14 02:00:00,66605.0
2024-02-14 03:00:00,66610.0
2024-02-14 04:00:00,66465.0
2024-02-14 05:00:00,66755.0
2024-02-14 06:00:00,66765.0
2024-02-14 07:00:00,67005.0
2024-02-14 08:00:00,68035.0
2024-02-14 09:00:00,68680.0
2024-02-14 10:00:00,68470.0
2024-02-14 11:00:00,68645.0
2024-02-14 12:00:00,68665.0
2024-02-14 13:00:00,68875.0
2024-02-14 14:00:00,69070.0
2024-02-14 15:00:00,68675.0
2024-02-14 16:00:00,68705.0
2024-02-14 17:00:00,68755.0
2024-02-14 18:00:00,68530.0
2024-02-14 19:00:00,68760.0
2024-02-14 20:00:00,68795.0
2024-02-14 21:00:00,68850.0
2024-02-14 23:00:00,68860.0
2024-02-15 00:00:00,69405.0
2024-02-15 01:00:00,68965.0
2024-02-15 02:00:00,69145.0
2024-02-15 03:00:00,69465.0
2024-02-15 04:00:00,69300.0
2024-02-15 05:00:00,69015.0
2024-02-15 06:00:00,69070.0
2024-02-15 07:00:00,68895.0
2024-02-15 08:00:00,69040.0
2024-02-15 09:00:00,69310.0
2024-02-15 10:00:00,69415.0
2024-02-15 11:00:00,69465.0
2024-02-15 12:00:00,69455.0
2024-02-15 13:00:00,69305.0
2024-02-15 14:00:00,69690.0
2024-02-15 15:00:00,68955.0
2024-02-15 16:00:00,69315.0
2024-02-15 17:00:00,68920.0
2024-02-15 18:00:00,69020.0
2024-02-15 19:00:00,69045.0
2024-02-15 20:00:00,68725.0
2024-02-15 21:00:00,68410.0
2024-02-15 23:00:00,69010.0
2024-02-16 00:00:00,69000.0
2024-02-16 01:00:00,69070.0
2024-02-16 02:00:00,69275.0
2024-02-16 03:00:00,69365.0
2024-02-16 04:00:00,69210.0
2024-02-16 05:00:00,69115.0
2024-02-16 06:00:00,68790.0
2024-02-16 07:00:00,68830.0
2024-02-16 08:00:00,68955.0
2024-02-16 09:00:00,68920.0
2024-02-16 10:00:00,69380.0
2024-02-16 11:00:00,69330.0
2024-02-16 12:00:00,69470.0
2024-02-16 13:00:00,69515.0
2024-02-16 14:00:00,68975.0
2024-02-16 15:00:00,68940.0
2024-02-16 16:00:00,69090.0
2024-02-16 17:00:00,69045.0
2024-02-16 18:00:00,68995.0
2024-02-16 19:00:00,68755.0
2024-02-16 20:00:00,68825.0
2024-02-16 21:00:00,69005.0
2024-02-18 23:00:00,69070.0
2024-02-19 00:00:00,69160.0
2024-02-19 01:00:00,69060.0
2024-02-19 02:00:00,69090.0
2024-02-19 03:00:00,69020.0
2024-02-19 04:00:00,69060.0
2024-02-19 05:00:00,69075.0
2024-02-19 06:00:00,69400.0
2024-02-19 07:00:00,69350.0
2024-02-19 08:00:00,69025.0
2024-02-19 09:00:00,69200.0
2024-02-19 10:00:00,69305.0
2024-02-19 11:00:00,69295.0
2024-02-19 12:00:00,69230.0
2024-02-19 13:00:00,69100.0
2024-02-19 14:00:00,69025.0
2024-02-19 15:00:00,69005.0
2024-02-19 16:00:00,68660.0
2024-02-19 17:00:00,69030.0
2024-02-19 18:00:00,68870.0
2024-02-19 19:00:00,68740.0
2024-02-19 20:00:00,68700.0
2024-02-19 21:00:00,68805.0
2024-02-19 23:00:00,68695.0
2024-02-20 00:00:00,68530.0
2024-02-20 01:00:00,68520.0
2024-02-20 02:00:00,68580.0
2024-02-20 03:00:00,68465.0
2024-02-20 04:00:00,68695.0
2024-02-20 05:00:00,68810.0
2024-02-20 06:00:00,68855.0
2024-02-20 07:00:00,68775.0
2024-02-20 08:00:00,68700.0
2024-02-20 09:00:00,68640.0
2024-02-20 10:00:00,69040.0
2024-02-20 11:00:00,69260.0
2024-02-20 12:00:00,69100.0
2024-02-20 13:00:00,69765.0
2024-02-20 14:00:00,68920.0
2024-02-20 15:00:00,68530.0
2024-02-20 16:00:00,68225.0
2024-02-20 17:00:00,68170.0
2024-02-20 18:00:00,68365.0
2024-02-20 19:00:00,68970.0
2024-02-20 20:00:00,68860.0
2024-02-20 21:00:00,68890.0
2024-02-20 23:00:00,69190.0
2024-02-21 00:00:00,69065.0
2024-02-21 01:00:00,69010.0
2024-02-21 02:00:00,68950.0
2024-02-21 03:00:00,68885.0
2024-02-21 04:00:00,68815.0
2024-02-21 05:00:00,68685.0
2024-02-21 06:00:00,68560.0
2024-02-21 07:00:00,68375.0
2024-02-21 08:00:00,68470.0
2024-02-21 09:00:00,67905.0
2024-02-21 10:00:00,68060.0
2024-02-21 11:00:00,67740.0
2024-02-21 12:00:00,68080.0
2024-02-21 13:00:00,67945.0
2024-02-21 14:00:00,67720.0
2024-02-21 15:00:00,67910.0
2024-02-21 16:00:00,68145.0
2024-02-21 17:00:00,67735.0
2024-02-21 18:00:00,67680.0
2024-02-21 19:00:00,67860.0
2024-02-21 20:00:00,67715.0
2024-02-21 21:00:00,68175.0
2024-02-21 23:00:00,68700.0
2024-02-22 00:00:00,68360.0
2024-02-22 01:00:00,68055.0
2024-02-22 02:00:00,68240.0
2024-02-22 03:00:00,68410.0
2024-02-22 04:00:00,68245.0
2024-02-22 05:00:00,68305.0
2024-02-22 06:00:00,68575.0
2024-02-22 07:00:00,68635.0
2024-02-22 08:00:00,68715.0
2024-02-22 09:00:00,68725.0
2024-02-22 10:00:00,68500.0
2024-02-22 11:00:00,68440.0
2024-02-22 12:00:00,68315.0
2024-02-22 13:00:00,67905.0
2024-02-22 14:00:00,68145.0
2024-02-22 15:00:00,68385.0
2024-02-22 16:00:00,68240.0
2024-02-22 17:00:00,68470.0
2024-02-22 18:00:00,68505.0
2024-02-22 19:00:00,68295.0
2024-02-22 20:00:00,68715.0
2024-02-22 21:00:00,68490.0
2024-02-22 23:00:00,68060.0
2024-02-23 00:00:00,68225.0
2024-02-23 01:00:00,68100.0
2024-02-23 02:00:00,67805.0
2024-02-23 03:00:00,67855.0
2024-02-23 04:00:00,67985.0
2024-02-23 05:00:00,67975.0
2024-02-23 06:00:00,67890.0
2024-02-23 07:00:00,67665.0
2024-02-23 08:00:00,67750.0
2024-02-23 09:00:00,67755.0
2024-02-23 10:00:00,67965.0
2024-02-23 11:00:00,68010.0
2024-02-23 12:00:00,67760.0
2024-02-23 13:00:00,67835.0
2024-02-23 14:00:00,67880.0
2024-02-23 15:00:00,67750.0
2024-02-23 16:00:00,67895.0
2024-02-23 17:00:00,67995.0
2024-02-23 18:00:00,67940.0
2024-02-23 19:00:00,67920.0
2024-02-23 20:00:00,67855.0
2024-02-23 21:00:00,67745.0
2024-02-25 23:00:00,68690.0
2024-02-26 00:00:00,68615.0
2024-02-26 01:00:00,68325.0
2024-02-26 02:00:00,68250.0
2024-02-26 03:00:00,68320.0
2024-02-26 04:00:00,68310.0
2024-02-26 05:00:00,68330.0
2024-02-26 06:00:00,71430.0
2024-02-26 07:00:00,67995.0
2024-02-26 08:00:00,67945.0
2024-02-26 09:00:00,67615.0
2024-02-26 10:00:00,67905.0
2024-02-26 11:00:00,67800.0
2024-02-26 12:00:00,67940.0
2024-02-26 13:00:00,68000.0
2024-02-26 14:00:00,68530.0
2024-02-26 15:00:00,69865.0
2024-02-26 16:00:00,70420.0
2024-02-26 17:00:00,70520.0
2024-02-26 18:00:00,70630.0
2024-02-26 19:00:00,71480.0
2024-02-26 20:00:00,71440.0
2024-02-26 21:00:00,71625.0
2024-02-26 23:00:00,71465.0
2024-02-27 00:00:00,71495.0
2024-02-27 01:00:00,72840.0
2024-02-27 02:00:00,73265.0
2024-02-27 03:00:00,72620.0
2024-02-27 04:00:00,72680.0
2024-02-27 05:00:00,73010.0
2024-02-27 06:00:00,73240.0
2024-02-27 07:00:00,72970.0
2024-02-27 08:00:00,73170.0
2024-02-27 09:00:00,73565.0
2024-02-27 10:00:00,73510.0
2024-02-27 11:00:00,73490.0
2024-02-27 12:00:00,73765.0
2024-02-27 13:00:00,74010.0
2024-02-27 14:00:00,73895.0
2024-02-27 15:00:00,73630.0
2024-02-27 16:00:00,73975.0
2024-02-27 17:00:00,73640.0
2024-02-27 18:00:00,74025.0
2024-02-27 19:00:00,74240.0
2024-02-27 20:00:00,73870.0
2024-02-27 21:00:00,73555.0
2024-02-27 23:00:00,73965.0
2024-02-28 00:00:00,73895.0
2024-02-28 01:00:00,73635.0
2024-02-28 02:00:00,73770.0
2024-02-28 03:00:00,73820.0
2024-02-28 04:00:00,74140.0
2024-02-28 05:00:00,73990.0
2024-02-28 06:00:00,74115.0
2024-02-28 07:00:00,75235.0
2024-02-28 08:00:00,76275.0
2024-02-28 09:00:00,76080.0
2024-02-28 10:00:00,76100.0
2024-02-28 11:00:00,75800.0
2024-02-28 12:00:00,76150.0
2024-02-28 13:00:00,77355.0
2024-02-28 14:00:00,77935.0
2024-02-28 15:00:00,77885.0
2024-02-28 16:00:00,79440.0
2024-02-28 17:00:00,78155.0
2024-02-28 18:00:00,77990.0
2024-02-28 19:00:00,77745.0
2024-02-28 20:00:00,77150.0
2024-02-28 21:00:00,77415.0
2024-02-28 23:00:00,79260.0
2024-02-29 00:00:00,77985.0
2024-02-29 01:00:00,77975.0
2024-02-29 02:00:00,78425.0
2024-02-29 03:00:00,78240.0
2024-02-29 04:00:00,79230.0
2024-02-29 05:00:00,79130.0
2024-02-29 06:00:00,79580.0
2024-02-29 07:00:00,79225.0
2024-02-29 08:00:00,79495.0
2024-02-29 09:00:00,79415.0
2024-02-29 10:00:00,79450.0
2024-02-29 11:00:00,79725.0
2024-02-29 12:00:00,79400.0
2024-02-29 13:00:00,79780.0
2024-02-29 14:00:00,79720.0
2024-02-29 15:00:00,79630.0
2024-02-29 16:00:00,79040.0
2024-02-29 17:00:00,77865.0
2024-02-29 18:00:00,77580.0
2024-02-29 19:00:00,78430.0
2024-02-29 20:00:00,78755.0
2024-02-29 21:00:00,78260.0
2024-02-29 23:00:00,77925.0
2024-03-01 00:00:00,78375.0
2024-03-01 01:00:00,78110.0
2024-03-01 02:00:00,77850.0
2024-03-01 03:00:00,78030.0
2024-03-01 04:00:00,78475.0
2024-03-01 05:00:00,78225.0
2024-03-01 06:00:00,79965.0
2024-03-01 07:00:00,78415.0
2024-03-01 08:00:00,78965.0
2024-03-01 09:00:00,79250.0
2024-03-01 10:00:00,78985.0
2024-03-01 11:00:00,78830.0
2024-03-01 12:00:00,79225.0
2024-03-01 13:00:00,79350.0
2024-03-01 14:00:00,78795.0
2024-03-01 15:00:00,78105.0
2024-03-01 16:00:00,78310.0
2024-03-01 17:00:00,78785.0
2024-03-01 18:00:00,79240.0
2024-03-01 19:00:00,79200.0
2024-03-01 20:00:00,79770.0
2024-03-01 21:00:00,79540.0
2024-03-03 23:00:00,80150.0
2024-03-04 00:00:00,80370.0
2024-03-04 01:00:00,80380.0
2024-03-04 02:00:00,80525.0
2024-03-04 03:00:00,80265.0
2024-03-04 04:00:00,80435.0
2024-03-04 05:00:00,80030.0
2024-03-04 06:00:00,80355.0
2024-03-04 07:00:00,80925.0
2024-03-04 08:00:00,81965.0
2024-03-04 09:00:00,82160.0
2024-03-04 10:00:00,81935.0
2024-03-04 11:00:00,82100.0
2024-03-04 12:00:00,82010.0
2024-03-04 13:00:00,81925.0
2024-03-04 14:00:00,83075.0
2024-03-04 15:00:00,83355.0
2024-03-04 16:00:00,83535.0
2024-03-04 17:00:00,83845.0
2024-03-04 18:00:00,83665.0
2024-03-04 19:00:00,84475.0
2024-03-04 20:00:00,84455.0
2024-03-04 21:00:00,84430.0
2024-03-04 23:00:00,85215.0
2024-03-05 00:00:00,85010.0
2024-03-05 01:00:00,85500.0
2024-03-05 02:00:00,85050.0
2024-03-05 03:00:00,85065.0
2024-03-05 04:00:00,84190.0
2024-03-05 05:00:00,83775.0
2024-03-05 06:00:00,78565.0
2024-03-05 07:00:00,82950.0
2024-03-05 08:00:00,83635.0
2024-03-05 09:00:00,83070.0
2024-03-05 10:00:00,83540.0
2024-03-05 11:00:00,83395.0
2024-03-05 12:00:00,84130.0
2024-03-05 13:00:00,84640.0
2024-03-05 14:00:00,85785.0
2024-03-05 15:00:00,83520.0
2024-03-05 16:00:00,82210.0
2024-03-05 17:00:00,82345.0
2024-03-05 18:00:00,80720.0
2024-03-05 19:00:00,78165.0
2024-03-05 20:00:00,78560.0
2024-03-05 21:00:00,80035.0
2024-03-05 23:00:00,80530.0
2024-03-06 00:00:00,80105.0
2024-03-06 01:00:00,79800.0
2024-03-06 02:00:00,79560.0
2024-03-06 03:00:00,80045.0
2024-03-06 04:00:00,81370.0
2024-03-06 05:00:00,83040.0
2024-03-06 06:00:00,82420.0
2024-03-06 07:00:00,83310.0
2024-03-06 08:00:00,83520.0
2024-03-06 09:00:00,82735.0
2024-03-06 10:00:00,83280.0
2024-03-06 11:00:00,83945.0
2024-03-06 12:00:00,82665.0
2024-03-06 13:00:00,83005.0
2024-03-06 14:00:00,82615.0
2024-03-06 15:00:00,83215.0
2024-03-06 16:00:00,83915.0
2024-03-06 17:00:00,84195.0
2024-03-06 18:00:00,83960.0
2024-03-06 19:00:00,83580.0
2024-03-06 20:00:00,83710.0
2024-03-06 21:00:00,83235.0
2024-03-06 23:00:00,82750.0
2024-03-07 00:00:00,82905.0
2024-03-07 01:00:00,83110.0
2024-03-07 02:00:00,82805.0
2024-03-07 03:00:00,82590.0
2024-03-07 04:00:00,82605.0
2024-03-07 05:00:00,82555.0
2024-03-07 06:00:00,82640.0
2024-03-07 07:00:00,83150.0
2024-03-07 08:00:00,83465.0
2024-03-07 09:00:00,83510.0
2024-03-07 10:00:00,83720.0
2024-03-07 11:00:00,83735.0
2024-03-07 12:00:00,83580.0
2024-03-07 13:00:00,83790.0
2024-03-07 14:00:00,83855.0
2024-03-07 15:00:00,84110.0
2024-03-07 16:00:00,84225.0
2024-03-07 17:00:00,84550.0
2024-03-07 18:00:00,84535.0
2024-03-07 19:00:00,84430.0
2024-03-07 20:00:00,84455.0
2024-03-07 21:00:00,84040.0
2024-03-07 23:00:00,83615.0
2024-03-08 00:00:00,83870.0
2024-03-08 01:00:00,83740.0
2024-03-08 02:00:00,83850.0
2024-03-08 03:00:00,83860.0
2024-03-08 04:00:00,83790.0
2024-03-08 05:00:00,83650.0
2024-03-08 06:00:00,84390.0
2024-03-08 07:00:00,84190.0
2024-03-08 08:00:00,84165.0
2024-03-08 09:00:00,84020.0
2024-03-08 10:00:00,84280.0
2024-03-08 11:00:00,84725.0
2024-03-08 12:00:00,84355.0
2024-03-08 13:00:00,84815.0
2024-03-08 14:00:00,85425.0
2024-03-08 15:00:00,84405.0
2024-03-08 16:00:00,84690.0
2024-03-08 17:00:00,85160.0
2024-03-08 18:00:00,85490.0
2024-03-08 19:00:00,85830.0
2024-03-08 20:00:00,86030.0
2024-03-08 21:00:00,85155.0
2024-03-10 22:00:00,85355.0
2024-03-10 23:00:00,85740.0
2024-03-11 00:00:00,84740.0
2024-03-11 01:00:00,84975.0
2024-03-11 02:00:00,84905.0
2024-03-11 03:00:00,85185.0
2024-03-11 04:00:00,85165.0
2024-03-11 05:00:00,85200.0
2024-03-11 06:00:00,85940.0
2024-03-11 07:00:00,87885.0
2024-03-11 08:00:00,88095.0
2024-03-11 09:00:00,88705.0
2024-03-11 10:00:00,88435.0
2024-03-11 11:00:00,88490.0
2024-03-11 12:00:00,88915.0
2024-03-11 13:00:00,88270.0
2024-03-11 14:00:00,89090.0
2024-03-11 15:00:00,88945.0
2024-03-11 16:00:00,89480.0
2024-03-11 17:00:00,89480.0
2024-03-11 18:00:00,89390.0
2024-03-11 19:00:00,88915.0
2024-03-11 20:00:00,88985.0
2024-03-11 22:00:00,89445.0
2024-03-11 23:00:00,88975.0
2024-03-12 00:00:00,88865.0
2024-03-12 01:00:00,89305.0
2024-03-12 02:00:00,88985.0
2024-03-12 03:00:00,88350.0
2024-03-12 04:00:00,88510.0
2024-03-12 05:00:00,88700.0
2024-03-12 06:00:00,88890.0
2024-03-12 07:00:00,88785.0
2024-03-12 08:00:00,88265.0
2024-03-12 09:00:00,88550.0
2024-03-12 10:00:00,88455.0
2024-03-12 11:00:00,88710.0
2024-03-12 12:00:00,88840.0
2024-03-12 13:00:00,89090.0
2024-03-12 14:00:00,88300.0
2024-03-12 15:00:00,88400.0
2024-03-12 16:00:00,87205.0
2024-03-12 17:00:00,87720.0
2024-03-12 18:00:00,88070.0
2024-03-12 19:00:00,88035.0
2024-03-12 20:00:00,87730.0
2024-03-12 22:00:00,87810.0
2024-03-12 23:00:00,88150.0
2024-03-13 00:00:00,88110.0
2024-03-13 01:00:00,88755.0
2024-03-13 02:00:00,88790.0
2024-03-13 03:00:00,88800.0
2024-03-13 04:00:00,89030.0
2024-03-13 05:00:00,90055.0
2024-03-13 06:00:00,89565.0
2024-03-13 07:00:00,89825.0
2024-03-13 08:00:00,90240.0
2024-03-13 09:00:00,90050.0
2024-03-13 10:00:00,89990.0
2024-03-13 11:00:00,89850.0
2024-03-13 12:00:00,89525.0
2024-03-13 13:00:00,88870.0
2024-03-13 14:00:00,89080.0
2024-03-13 15:00:00,89370.0
2024-03-13 16:00:00,89740.0
2024-03-13 17:00:00,89540.0
2024-03-13 18:00:00,89850.0
2024-03-13 19:00:00,90150.0
2024-03-13 20:00:00,89860.0
2024-03-13 22:00:00,89720.0
2024-03-13 23:00:00,89870.0
2024-03-14 00:00:00,89615.0
2024-03-14 01:00:00,89710.0
2024-03-14 02:00:00,89825.0
2024-03-14 03:00:00,90090.0
2024-03-14 04:00:00,89765.0
2024-03-14 05:00:00,85740.0
2024-03-14 06:00:00,90290.0
2024-03-14 07:00:00,89980.0
2024-03-14 08:00:00,90075.0
2024-03-14 09:00:00,90090.0
2024-03-14 10:00:00,89745.0
2024-03-14 11:00:00,89615.0
2024-03-14 12:00:00,89530.0
2024-03-14 13:00:00,88500.0
2024-03-14 14:00:00,88185.0
2024-03-14 15:00:00,87360.0
2024-03-14 16:00:00,87800.0
2024-03-14 17:00:00,87520.0
2024-03-14 18:00:00,86630.0
2024-03-14 19:00:00,85815.0
2024-03-14 20:00:00,87150.0
2024-03-14 22:00:00,87955.0
2024-03-14 23:00:00,87860.0
2024-03-15 00:00:00,88430.0
2024-03-15 01:00:00,88170.0
2024-03-15 02:00:00,85610.0
2024-03-15 03:00:00,84625.0
2024-03-15 04:00:00,83985.0
2024-03-15 05:00:00,83930.0
2024-03-15 06:00:00,85150.0
2024-03-15 07:00:00,84920.0
2024-03-15 08:00:00,83540.0
2024-03-15 09:00:00,84245.0
2024-03-15 10:00:00,83730.0
2024-03-15 11:00:00,84270.0
2024-03-15 12:00:00,84475.0
2024-03-15 13:00:00,85015.0
2024-03-15 14:00:00,85190.0
2024-03-15 15:00:00,84715.0
2024-03-15 16:00:00,84450.0
2024-03-15 17:00:00,84815.0
2024-03-15 18:00:00,86720.0
2024-03-15 19:00:00,85570.0
2024-03-15 20:00:00,84380.0
2024-03-17 22:00:00,84755.0
2024-03-17 23:00:00,84790.0
2024-03-18 00:00:00,83720.0
2024-03-18 01:00:00,84105.0
2024-03-18 02:00:00,84160.0
2024-03-18 03:00:00,84430.0
2024-03-18 04:00:00,84920.0
2024-03-18 05:00:00,85200.0
2024-03-18 06:00:00,85000.0
2024-03-18 07:00:00,84695.0
2024-03-18 08:00:00,84480.0
2024-03-18 09:00:00,84295.0
2024-03-18 10:00:00,84525.0
2024-03-18 11:00:00,84720.0
2024-03-18 12:00:00,85040.0
2024-03-18 13:00:00,83905.0
2024-03-18 14:00:00,83380.0
2024-03-18 15:00:00,83880.0
2024-03-18 16:00:00,83545.0
2024-03-18 17:00:00,83820.0
2024-03-18 18:00:00,83455.0
2024-03-18 19:00:00,83290.0
2024-03-18 20:00:00,83670.0
2024-03-18 22:00:00,84045.0
2024-03-18 23:00:00,83955.0
2024-03-19 00:00:00,83525.0
2024-03-19 01:00:00,82220.0
2024-03-19 02:00:00,82245.0
2024-03-19 03:00:00,82220.0
2024-03-19 04:00:00,81755.0
2024-03-19 05:00:00,81595.0
2024-03-19 06:00:00,81300.0
2024-03-19 07:00:00,81025.0
2024-03-19 08:00:00,79870.0
2024-03-19 09:00:00,80605.0
2024-03-19 10:00:00,79660.0
2024-03-19 11:00:00,79475.0
2024-03-19 12:00:00,79970.0
2024-03-19 13:00:00,79970.0
2024-03-19 14:00:00,79145.0
2024-03-19 15:00:00,80340.0
2024-03-19 16:00:00,81405.0
2024-03-19 17:00:00,81315.0
2024-03-19 18:00:00,81160.0
2024-03-19 19:00:00,80700.0
2024-03-19 20:00:00,80040.0
2024-03-19 22:00:00,78960.0
2024-03-19 23:00:00,78340.0
2024-03-20 00:00:00,79615.0
2024-03-20 01:00:00,78765.0
2024-03-20 02:00:00,79200.0
2024-03-20 03:00:00,78130.0
2024-03-20 04:00:00,78010.0
2024-03-20 05:00:00,82130.0
2024-03-20 06:00:00,77990.0
2024-03-20 07:00:00,79230.0
2024-03-20 08:00:00,79075.0
2024-03-20 09:00:00,79600.0
2024-03-20 10:00:00,79350.0
2024-03-20 11:00:00,79730.0
2024-03-20 12:00:00,80415.0
2024-03-20 13:00:00,79920.0
2024-03-20 14:00:00,80650.0
2024-03-20 15:00:00,79980.0
2024-03-20 16:00:00,79485.0
2024-03-20 17:00:00,80535.0
2024-03-20 18:00:00,81745.0
2024-03-20 19:00:00,82210.0
2024-03-20 20:00:00,83525.0
2024-03-20 22:00:00,84135.0
2024-03-20 23:00:00,84230.0
2024-03-21 00:00:00,83970.0
2024-03-21 01:00:00,84100.0
2024-03-21 02:00:00,83785.0
2024-03-21 03:00:00,82935.0
2024-03-21 04:00:00,82945.0
2024-03-21 05:00:00,81555.0
2024-03-21 06:00:00,83215.0
2024-03-21 07:00:00,83160.0
2024-03-21 08:00:00,83475.0
2024-03-21 09:00:00,83030.0
2024-03-21 10:00:00,83175.0
2024-03-21 11:00:00,83390.0
2024-03-21 12:00:00,83445.0
2024-03-21 13:00:00,83005.0
2024-03-21 14:00:00,83130.0
2024-03-21 15:00:00,82815.0
2024-03-21 16:00:00,83020.0
2024-03-21 17:00:00,81930.0
2024-03-21 18:00:00,81370.0
2024-03-21 19:00:00,81425.0
2024-03-21 20:00:00,81700.0
2024-03-21 22:00:00,81625.0
2024-03-21 23:00:00,81735.0
2024-03-22 00:00:00,82035.0
2024-03-22 01:00:00,81470.0
2024-03-22 02:00:00,81925.0
2024-03-22 03:00:00,82385.0
2024-03-22 04:00:00,82535.0
2024-03-22 05:00:00,82635.0
2024-03-22 06:00:00,82805.0
2024-03-22 07:00:00,82435.0
2024-03-22 08:00:00,82115.0
2024-03-22 09:00:00,81635.0
2024-03-22 10:00:00,80720.0
2024-03-22 11:00:00,80450.0
2024-03-22 12:00:00,80435.0
2024-03-22 13:00:00,79220.0
2024-03-22 14:00:00,79090.0
2024-03-22 15:00:00,80040.0
2024-03-22 16:00:00,79590.0
2024-03-22 17:00:00,79815.0
2024-03-22 18:00:00,80060.0
2024-03-22 19:00:00,80085.0
2024-03-22 20:00:00,79695.0
2024-03-24 22:00:00,83160.0
2024-03-24 23:00:00,83460.0
2024-03-25 00:00:00,82890.0
2024-03-25 01:00:00,82785.0
2024-03-25 02:00:00,82925.0
2024-03-25 03:00:00,83665.0
2024-03-25 04:00:00,83785.0
2024-03-25 05:00:00,83775.0
2024-03-25 06:00:00,83525.0
2024-03-25 07:00:00,83110.0
2024-03-25 08:00:00,83265.0
2024-03-25 09:00:00,83425.0
2024-03-25 10:00:00,83235.0
2024-03-25 11:00:00,83075.0
2024-03-25 12:00:00,83380.0
2024-03-25 13:00:00,84320.0
2024-03-25 14:00:00,85655.0
2024-03-25 15:00:00,86055.0
2024-03-25 16:00:00,86595.0
2024-03-25 17:00:00,86835.0
2024-03-25 18:00:00,87265.0
2024-03-25 19:00:00,87425.0
2024-03-25 20:00:00,87325.0
2024-03-25 22:00:00,86695.0
2024-03-25 23:00:00,86330.0
2024-03-26 00:00:00,86260.0
2024-03-26 01:00:00,86570.0
2024-03-26 02:00:00,86705.0
2024-03-26 03:00:00,86705.0
2024-03-26 04:00:00,86820.0
2024-03-26 05:00:00,85645.0
2024-03-26 06:00:00,86930.0
2024-03-26 07:00:00,86705.0
2024-03-26 08:00:00,86845.0
2024-03-26 09:00:00,87485.0
2024-03-26 10:00:00,87285.0
2024-03-26 11:00:00,87055.0
2024-03-26 12:00:00,87455.0
2024-03-26 13:00:00,86650.0
2024-03-26 14:00:00,86565.0
2024-03-26 15:00:00,86585.0
2024-03-26 16:00:00,86025.0
2024-03-26 17:00:00,86375.0
2024-03-26 18:00:00,86300.0
2024-03-26 19:00:00,85595.0
2024-03-26 20:00:00,85995.0
2024-03-26 22:00:00,86475.0
2024-03-26 23:00:00,86200.0
2024-03-27 00:00:00,86845.0
2024-03-27 01:00:00,86525.0
2024-03-27 02:00:00,86780.0
2024-03-27 03:00:00,86560.0
2024-03-27 04:00:00,86375.0
2024-03-27 05:00:00,86655.0
2024-03-27 06:00:00,86485.0
2024-03-27 07:00:00,85800.0
2024-03-27 08:00:00,85655.0
2024-03-27 09:00:00,86100.0
2024-03-27 10:00:00,86190.0
2024-03-27 11:00:00,86385.0
2024-03-27 12:00:00,86295.0
2024-03-27 13:00:00,86005.0
2024-03-27 14:00:00,86150.0
2024-03-27 15:00:00,84975.0
2024-03-27 16:00:00,85360.0
2024-03-27 17:00:00,84765.0
2024-03-27 18:00:00,84565.0
2024-03-27 19:00:00,84670.0
2024-03-27 20:00:00,84945.0
2024-03-27 22:00:00,85540.0
2024-03-27 23:00:00,85495.0
2024-03-28 00:00:00,85720.0
2024-03-28 01:00:00,85510.0
2024-03-28 02:00:00,85205.0
2024-03-28 03:00:00,85370.0
2024-03-28 04:00:00,85865.0
2024-03-28 05:00:00,86965.0
2024-03-28 06:00:00,86585.0
2024-03-28 07:00:00,86640.0
2024-03-28 08:00:00,86755.0
2024-03-28 09:00:00,86795.0
2024-03-28 10:00:00,87060.0
2024-03-28 11:00:00,86910.0
2024-03-28 12:00:00,87130.0
2024-03-28 13:00:00,87200.0
2024-03-28 14:00:00,87900.0
2024-03-28 15:00:00,87690.0
2024-03-28 16:00:00,87020.0
2024-03-28 17:00:00,87060.0
2024-03-28 18:00:00,86805.0
2024-03-28 19:00:00,86980.0
2024-03-28 20:00:00,86945.0
2024-03-31 22:00:00,87285.0
2024-03-31 23:00:00,87685.0
2024-04-01 00:00:00,87495.0
2024-04-01 01:00:00,86990.0
2024-04-01 02:00:00,86900.0
2024-04-01 03:00:00,86585.0
2024-04-01 04:00:00,86420.0
2024-04-01 05:00:00,84960.0
2024-04-01 06:00:00,85335.0
2024-04-01 07:00:00,85525.0
2024-04-01 08:00:00,85345.0
2024-04-01 09:00:00,85375.0
2024-04-01 10:00:00,85580.0
2024-04-01 11:00:00,85515.0
2024-04-01 12:00:00,85910.0
2024-04-01 13:00:00,85950.0
2024-04-01 14:00:00,84930.0
2024-04-01 15:00:00,84180.0
2024-04-01 16:00:00,84565.0
2024-04-01 17:00:00,84720.0
2024-04-01 18:00:00,84965.0
2024-04-01 19:00:00,85715.0
2024-04-01 20:00:00,85830.0
2024-04-01 22:00:00,85855.0
2024-04-01 23:00:00,85760.0
2024-04-02 00:00:00,85390.0
2024-04-02 01:00:00,85460.0
2024-04-02 02:00:00,82950.0
2024-04-02 03:00:00,82585.0
2024-04-02 04:00:00,82470.0
2024-04-02 05:00:00,82690.0
2024-04-02 06:00:00,82730.0
2024-04-02 07:00:00,82390.0
2024-04-02 08:00:00,82180.0
2024-04-02 09:00:00,81965.0
2024-04-02 10:00:00,81930.0
2024-04-02 11:00:00,81580.0
2024-04-02 12:00:00,81160.0
2024-04-02 13:00:00,81145.0
2024-04-02 14:00:00,81675.0
2024-04-02 15:00:00,80815.0
2024-04-02 16:00:00,81485.0
2024-04-02 17:00:00,81580.0
2024-04-02 18:00:00,81770.0
2024-04-02 19:00:00,81795.0
2024-04-02 20:00:00,81395.0
2024-04-02 22:00:00,81645.0
2024-04-02 23:00:00,81270.0
2024-04-03 00:00:00,81300.0
2024-04-03 01:00:00,81765.0
2024-04-03 02:00:00,81910.0
2024-04-03 03:00:00,82150.0
2024-04-03 04:00:00,82285.0
2024-04-03 05:00:00,81740.0
2024-04-03 06:00:00,82355.0
2024-04-03 07:00:00,82130.0
2024-04-03 08:00:00,82595.0
2024-04-03 09:00:00,82475.0
2024-04-03 10:00:00,82150.0
2024-04-03 11:00:00,81965.0
2024-04-03 12:00:00,81790.0
2024-04-03 13:00:00,81735.0
2024-04-03 14:00:00,82645.0
2024-04-03 15:00:00,81785.0
2024-04-03 16:00:00,82215.0
2024-04-03 17:00:00,81985.0
2024-04-03 18:00:00,81985.0
2024-04-03 19:00:00,81670.0
2024-04-03 20:00:00,81545.0
2024-04-03 22:00:00,82020.0
2024-04-03 23:00:00,81815.0
2024-04-04 00:00:00,82170.0
2024-04-04 01:00:00,81985.0
2024-04-04 02:00:00,81610.0
2024-04-04 03:00:00,81425.0
2024-04-04 04:00:00,81330.0
2024-04-04 05:00:00,84275.0
2024-04-04 06:00:00,81605.0
2024-04-04 07:00:00,81900.0
2024-04-04 08:00:00,82050.0
2024-04-04 09:00:00,82145.0
2024-04-04 10:00:00,82180.0
2024-04-04 11:00:00,82240.0
2024-04-04 12:00:00,82600.0
2024-04-04 13:00:00,83270.0
2024-04-04 14:00:00,83725.0
2024-04-04 15:00:00,83625.0
2024-04-04 16:00:00,83835.0
2024-04-04 17:00:00,84875.0
2024-04-04 18:00:00,84515.0
2024-04-04 19:00:00,84425.0
2024-04-04 20:00:00,83865.0
2024-04-04 22:00:00,83825.0
2024-04-04 23:00:00,84375.0
2024-04-05 00:00:00,84435.0
2024-04-05 01:00:00,83935.0
2024-04-05 02:00:00,83380.0
2024-04-05 03:00:00,83760.0
2024-04-05 04:00:00,83485.0
2024-04-05 05:00:00,82660.0
2024-04-05 06:00:00,82835.0
2024-04-05 07:00:00,82585.0
2024-04-05 08:00:00,82875.0
2024-04-05 09:00:00,82530.0
2024-04-05 10:00:00,82780.0
2024-04-05 11:00:00,82260.0
2024-04-05 12:00:00,82695.0
2024-04-05 13:00:00,83390.0
2024-04-05 14:00:00,84165.0
2024-04-05 15:00:00,84150.0
2024-04-05 16:00:00,83900.0
2024-04-05 17:00:00,83275.0
2024-04-05 18:00:00,83445.0
2024-04-05 19:00:00,83165.0
2024-04-05 20:00:00,83470.0
2024-04-07 22:00:00,84995.0
2024-04-07 23:00:00,85200.0
2024-04-08 00:00:00,85145.0
2024-04-08 01:00:00,85285.0
2024-04-08 02:00:00,85035.0
2024-04-08 03:00:00,85305.0
2024-04-08 04:00:00,85250.0
2024-04-08 05:00:00,85550.0
2024-04-08 06:00:00,85780.0
2024-04-08 07:00:00,86695.0
2024-04-08 08:00:00,88035.0
2024-04-08 09:00:00,88265.0
2024-04-08 10:00:00,88445.0
2024-04-08 11:00:00,88460.0
2024-04-08 12:00:00,88195.0
2024-04-08 13:00:00,87870.0
2024-04-08 14:00:00,87605.0
2024-04-08 15:00:00,87685.0
2024-04-08 16:00:00,87625.0
2024-04-08 17:00:00,87645.0
2024-04-08 18:00:00,87875.0
2024-04-08 19:00:00,87705.0
2024-04-08 20:00:00,87640.0
2024-04-08 22:00:00,87825.0
2024-04-08 23:00:00,87470.0
2024-04-09 00:00:00,87215.0
2024-04-09 01:00:00,87065.0
2024-04-09 02:00:00,87240.0
2024-04-09 03:00:00,87075.0
2024-04-09 04:00:00,86950.0
2024-04-09 05:00:00,84790.0
2024-04-09 06:00:00,86525.0
2024-04-09 07:00:00,86155.0
2024-04-09 08:00:00,86290.0
2024-04-09 09:00:00,86195.0
2024-04-09 10:00:00,86315.0
2024-04-09 11:00:00,86530.0
2024-04-09 12:00:00,86430.0
2024-04-09 13:00:00,85710.0
2024-04-09 14:00:00,85105.0
2024-04-09 15:00:00,85010.0
2024-04-09 16:00:00,84315.0
2024-04-09 17:00:00,84600.0
2024-04-09 18:00:00,84640.0
2024-04-09 19:00:00,84705.0
2024-04-09 20:00:00,84885.0
2024-04-09 22:00:00,85025.0
2024-04-09 23:00:00,84870.0
2024-04-10 00:00:00,84815.0
2024-04-10 01:00:00,85035.0
2024-04-10 02:00:00,84455.0
2024-04-10 03:00:00,84945.0
2024-04-10 04:00:00,84885.0
2024-04-10 05:00:00,85845.0
2024-04-10 06:00:00,85135.0
2024-04-10 07:00:00,85070.0
2024-04-10 08:00:00,84735.0
2024-04-10 09:00:00,84795.0
2024-04-10 10:00:00,84670.0
2024-04-10 11:00:00,84780.0
2024-04-10 12:00:00,83715.0
2024-04-10 13:00:00,84020.0
2024-04-10 14:00:00,84595.0
2024-04-10 15:00:00,84475.0
2024-04-10 16:00:00,85390.0
2024-04-10 17:00:00,85150.0
2024-04-10 18:00:00,85095.0
2024-04-10 19:00:00,85895.0
2024-04-10 20:00:00,85645.0
2024-04-10 22:00:00,86440.0
2024-04-10 23:00:00,86530.0
2024-04-11 00:00:00,86440.0
2024-04-11 01:00:00,86445.0
2024-04-11 02:00:00,86895.0
2024-04-11 03:00:00,86775.0
2024-04-11 04:00:00,86555.0
2024-04-11 05:00:00,86525.0
2024-04-11 06:00:00,86650.0
2024-04-11 07:00:00,86680.0
2024-04-11 08:00:00,86935.0
2024-04-11 09:00:00,86465.0
2024-04-11 10:00:00,86325.0
2024-04-11 11:00:00,85870.0
2024-04-11 12:00:00,86710.0
2024-04-11 13:00:00,86080.0
2024-04-11 14:00:00,85335.0
2024-04-11 15:00:00,85785.0
2024-04-11 16:00:00,85800.0
2024-04-11 17:00:00,86025.0
2024-04-11 18:00:00,85875.0
2024-04-11 19:00:00,86295.0
2024-04-11 20:00:00,86385.0
2024-04-11 22:00:00,86040.0
2024-04-11 23:00:00,85845.0
2024-04-12 00:00:00,86105.0
2024-04-12 01:00:00,86135.0
2024-04-12 02:00:00,86565.0
2024-04-12 03:00:00,86935.0
2024-04-12 04:00:00,87105.0
2024-04-12 05:00:00,86950.0
2024-04-12 06:00:00,86850.0
2024-04-12 07:00:00,86660.0
2024-04-12 08:00:00,86710.0
2024-04-12 09:00:00,86515.0
2024-04-12 10:00:00,86685.0
2024-04-12 11:00:00,86765.0
2024-04-12 12:00:00,86315.0
2024-04-12 13:00:00,85650.0
2024-04-12 14:00:00,84915.0
2024-04-12 15:00:00,85055.0
2024-04-12 16:00:00,84515.0
2024-04-12 17:00:00,83765.0
2024-04-12 18:00:00,82120.0
2024-04-12 19:00:00,82520.0
2024-04-12 20:00:00,82890.0
2024-04-14 22:00:00,81210.0
2024-04-14 23:00:00,81605.0
2024-04-15 00:00:00,81465.0
2024-04-15 01:00:00,81220.0
2024-04-15 02:00:00,80970.0
2024-04-15 03:00:00,80935.0
2024-04-15 04:00:00,80720.0
2024-04-15 05:00:00,78995.0
2024-04-15 06:00:00,82330.0
2024-04-15 07:00:00,82105.0
2024-04-15 08:00:00,82100.0
2024-04-15 09:00:00,82445.0
2024-04-15 10:00:00,82420.0
2024-04-15 11:00:00,81645.0
2024-04-15 12:00:00,81810.0
2024-04-15 13:00:00,81675.0
2024-04-15 14:00:00,79865.0
2024-04-15 15:00:00,80275.0
2024-04-15 16:00:00,79810.0
2024-04-15 17:00:00,79545.0
2024-04-15 18:00:00,78785.0
2024-04-15 19:00:00,78890.0
2024-04-15 20:00:00,78700.0
2024-04-15 22:00:00,79100.0
2024-04-15 23:00:00,79065.0
2024-04-16 00:00:00,78910.0
2024-04-16 01:00:00,78845.0
2024-04-16 02:00:00,79095.0
2024-04-16 03:00:00,78650.0
2024-04-16 04:00:00,78185.0
2024-04-16 05:00:00,78430.0
2024-04-16 06:00:00,78875.0
2024-04-16 07:00:00,79090.0
2024-04-16 08:00:00,78950.0
2024-04-16 09:00:00,78940.0
2024-04-16 10:00:00,78280.0
2024-04-16 11:00:00,78745.0
2024-04-16 12:00:00,78680.0
2024-04-16 13:00:00,78415.0
2024-04-16 14:00:00,77775.0
2024-04-16 15:00:00,77440.0
2024-04-16 16:00:00,78375.0
2024-04-16 17:00:00,78185.0
2024-04-16 18:00:00,78670.0
2024-04-16 19:00:00,78350.0
2024-04-16 20:00:00,78625.0
2024-04-16 22:00:00,79415.0
2024-04-16 23:00:00,79400.0
2024-04-17 00:00:00,79635.0
2024-04-17 01:00:00,79610.0
2024-04-17 02:00:00,79445.0
2024-04-17 03:00:00,79460.0
2024-04-17 04:00:00,79695.0
2024-04-17 05:00:00,76565.0
2024-04-17 06:00:00,79445.0
2024-04-17 07:00:00,78845.0
2024-04-17 08:00:00,78905.0
2024-04-17 09:00:00,78910.0
2024-04-17 10:00:00,78500.0
2024-04-17 11:00:00,78220.0
2024-04-17 12:00:00,77945.0
2024-04-17 13:00:00,78205.0
2024-04-17 14:00:00,76800.0
2024-04-17 15:00:00,75745.0
2024-04-17 16:00:00,75675.0
2024-04-17 17:00:00,76830.0
2024-04-17 18:00:00,76980.0
2024-04-17 19:00:00,76505.0
2024-04-17 20:00:00,76335.0
2024-04-17 22:00:00,77210.0
2024-04-17 23:00:00,76790.0
2024-04-18 00:00:00,77030.0
2024-04-18 01:00:00,77235.0
2024-04-18 02:00:00,77235.0
2024-04-18 03:00:00,77570.0
2024-04-18 04:00:00,77235.0
2024-04-18 05:00:00,79095.0
2024-04-18 06:00:00,76755.0
2024-04-18 07:00:00,76785.0
2024-04-18 08:00:00,76930.0
2024-04-18 09:00:00,77245.0
2024-04-18 10:00:00,77460.0
2024-04-18 11:00:00,78310.0
2024-04-18 12:00:00,77745.0
2024-04-18 13:00:00,78440.0
2024-04-18 14:00:00,79515.0
2024-04-18 15:00:00,79145.0
2024-04-18 16:00:00,79105.0
2024-04-18 17:00:00,78370.0
2024-04-18 18:00:00,78685.0
2024-04-18 19:00:00,79065.0
2024-04-18 20:00:00,79065.0
2024-04-18 22:00:00,79110.0
2024-04-18 23:00:00,79040.0
2024-04-19 00:00:00,78235.0
2024-04-19 01:00:00,76445.0
2024-04-19 02:00:00,76770.0
2024-04-19 03:00:00,77305.0
2024-04-19 04:00:00,78025.0
2024-04-19 05:00:00,77620.0
2024-04-19 06:00:00,80180.0
2024-04-19 07:00:00,80185.0
2024-04-19 08:00:00,80275.0
2024-04-19 09:00:00,80405.0
2024-04-19 10:00:00,80380.0
2024-04-19 11:00:00,80510.0
2024-04-19 12:00:00,80615.0
2024-04-19 13:00:00,80505.0
2024-04-19 14:00:00,79985.0
2024-04-19 15:00:00,79950.0
2024-04-19 16:00:00,79560.0
2024-04-19 17:00:00,80235.0
2024-04-19 18:00:00,79700.0
2024-04-19 19:00:00,79850.0
2024-04-19 20:00:00,79565.0
2024-04-21 22:00:00,80555.0
2024-04-21 23:00:00,80380.0
2024-04-22 00:00:00,80405.0
2024-04-22 01:00:00,80170.0
2024-04-22 02:00:00,80250.0
2024-04-22 03:00:00,81190.0
2024-04-22 04:00:00,81205.0
2024-04-22 05:00:00,82045.0
2024-04-22 06:00:00,81830.0
2024-04-22 07:00:00,81555.0
2024-04-22 08:00:00,81425.0
2024-04-22 09:00:00,81435.0
2024-04-22 10:00:00,81550.0
2024-04-22 11:00:00,81350.0
2024-04-22 12:00:00,81470.0
2024-04-22 13:00:00,81675.0
2024-04-22 14:00:00,81595.0
2024-04-22 15:00:00,81525.0
2024-04-22 16:00:00,81660.0
2024-04-22 17:00:00,82050.0
2024-04-22 18:00:00,81810.0
2024-04-22 19:00:00,82005.0
2024-04-22 20:00:00,82065.0
2024-04-22 22:00:00,82545.0
2024-04-22 23:00:00,82370.0
2024-04-23 00:00:00,82560.0
2024-04-23 01:00:00,82340.0
2024-04-23 02:00:00,82110.0
2024-04-23 03:00:00,81960.0
2024-04-23 04:00:00,81690.0
2024-04-23 05:00:00,81935.0
2024-04-23 06:00:00,81845.0
2024-04-23 07:00:00,81650.0
2024-04-23 08:00:00,81500.0
2024-04-23 09:00:00,81555.0
2024-04-23 10:00:00,81675.0
2024-04-23 11:00:00,81490.0
2024-04-23 12:00:00,81460.0
2024-04-23 13:00:00,82020.0
2024-04-23 14:00:00,82470.0
2024-04-23 15:00:00,81870.0
2024-04-23 16:00:00,82235.0
2024-04-23 17:00:00,82210.0
2024-04-23 18:00:00,82240.0
2024-04-23 19:00:00,81970.0
2024-04-23 20:00:00,81660.0
2024-04-23 22:00:00,81710.0
2024-04-23 23:00:00,81835.0
2024-04-24 00:00:00,82190.0
2024-04-24 01:00:00,82235.0
2024-04-24 02:00:00,82000.0
2024-04-24 03:00:00,82050.0
2024-04-24 04:00:00,82565.0
2024-04-24 05:00:00,82195.0
2024-04-24 06:00:00,82275.0
2024-04-24 07:00:00,82100.0
2024-04-24 08:00:00,81940.0
2024-04-24 09:00:00,81830.0
2024-04-24 10:00:00,81835.0
2024-04-24 11:00:00,82000.0
2024-04-24 12:00:00,81760.0
2024-04-24 13:00:00,81425.0
2024-04-24 14:00:00,80545.0
2024-04-24 15:00:00,79900.0
2024-04-24 16:00:00,80100.0
2024-04-24 17:00:00,80120.0
2024-04-24 18:00:00,79355.0
2024-04-24 19:00:00,79260.0
2024-04-24 20:00:00,79275.0
2024-04-24 22:00:00,79280.0
2024-04-24 23:00:00,79515.0
2024-04-25 00:00:00,79790.0
2024-04-25 01:00:00,79350.0
2024-04-25 02:00:00,79530.0
2024-04-25 03:00:00,79615.0
2024-04-25 04:00:00,79575.0
2024-04-25 05:00:00,79515.0
2024-04-25 06:00:00,79555.0
2024-04-25 07:00:00,79265.0
2024-04-25 08:00:00,79110.0
2024-04-25 09:00:00,79060.0
2024-04-25 10:00:00,78690.0
2024-04-25 11:00:00,79085.0
2024-04-25 12:00:00,78620.0
2024-04-25 13:00:00,78770.0
2024-04-25 14:00:00,78545.0
2024-04-25 15:00:00,79390.0
2024-04-25 16:00:00,79650.0
2024-04-25 17:00:00,79980.0
2024-04-25 18:00:00,79950.0
2024-04-25 19:00:00,80050.0
2024-04-25 20:00:00,80150.0
2024-04-25 22:00:00,79950.0
2024-04-25 23:00:00,79835.0
2024-04-26 00:00:00,79675.0
2024-04-26 01:00:00,79685.0
2024-04-26 02:00:00,79870.0
2024-04-26 03:00:00,79705.0
2024-04-26 04:00:00,79500.0
2024-04-26 05:00:00,79840.0
2024-04-26 06:00:00,79685.0
2024-04-26 07:00:00,79585.0
2024-04-26 08:00:00,79725.0
2024-04-26 09:00:00,79725.0
2024-04-26 10:00:00,79420.0
2024-04-26 11:00:00,79520.0
2024-04-26 12:00:00,79380.0
2024-04-26 13:00:00,79780.0
2024-04-26 14:00:00,79000.0
2024-04-26 15:00:00,78655.0
2024-04-26 16:00:00,78940.0
2024-04-26 17:00:00,79200.0
2024-04-26 18:00:00,79315.0
2024-04-26 19:00:00,78910.0
2024-04-26 20:00:00,79150.0
2024-04-28 22:00:00,78325.0
2024-04-28 23:00:00,78265.0
2024-04-29 00:00:00,78400.0
2024-04-29 01:00:00,78420.0
2024-04-29 02:00:00,77885.0
2024-04-29 03:00:00,77340.0
2024-04-29 04:00:00,77590.0
2024-04-29 05:00:00,78160.0
2024-04-29 06:00:00,77195.0
2024-04-29 07:00:00,77370.0
2024-04-29 08:00:00,77400.0
2024-04-29 09:00:00,77540.0
2024-04-29 10:00:00,77420.0
2024-04-29 11:00:00,77315.0
2024-04-29 12:00:00,77670.0
2024-04-29 13:00:00,77065.0
2024-04-29 14:00:00,78100.0
2024-04-29 15:00:00,78225.0
2024-04-29 16:00:00,78010.0
2024-04-29 17:00:00,78245.0
2024-04-29 18:00:00,78065.0
2024-04-29 19:00:00,78200.0
2024-04-29 20:00:00,78170.0
2024-04-29 22:00:00,79095.0
2024-04-29 23:00:00,79130.0
2024-04-30 00:00:00,79800.0
2024-04-30 01:00:00,78840.0
2024-04-30 02:00:00,78925.0
2024-04-30 03:00:00,78770.0
2024-04-30 04:00:00,78525.0
2024-04-30 05:00:00,78485.0
2024-04-30 06:00:00,78500.0
2024-04-30 07:00:00,78250.0
2024-04-30 08:00:00,76970.0
2024-04-30 09:00:00,76665.0
2024-04-30 10:00:00,76765.0
2024-04-30 11:00:00,76220.0
2024-04-30 12:00:00,76290.0
2024-04-30 13:00:00,75845.0
2024-04-30 14:00:00,76345.0
2024-04-30 15:00:00,75830.0
2024-04-30 16:00:00,75380.0
2024-04-30 17:00:00,75425.0
2024-04-30 18:00:00,75415.0
2024-04-30 19:00:00,74085.0
2024-04-30 20:00:00,74765.0
2024-04-30 22:00:00,75410.0
2024-04-30 23:00:00,75500.0
2024-05-01 00:00:00,75155.0
2024-05-01 01:00:00,75035.0
2024-05-01 02:00:00,74855.0
2024-05-01 03:00:00,75200.0
2024-05-01 04:00:00,75270.0
2024-05-01 05:00:00,75020.0
2024-05-01 06:00:00,74550.0
2024-05-01 07:00:00,72465.0
2024-05-01 08:00:00,72210.0
2024-05-01 09:00:00,72165.0
2024-05-01 10:00:00,72795.0
2024-05-01 11:00:00,72935.0
2024-05-01 12:00:00,73035.0
2024-05-01 13:00:00,72310.0
2024-05-01 14:00:00,72505.0
2024-05-01 15:00:00,71870.0
2024-05-01 16:00:00,71995.0
2024-05-01 17:00:00,72500.0
2024-05-01 18:00:00,73945.0
2024-05-01 19:00:00,71945.0
2024-05-01 20:00:00,72360.0
2024-05-01 22:00:00,72860.0
2024-05-01 23:00:00,73310.0
2024-05-02 00:00:00,72775.0
2024-05-02 01:00:00,72170.0
2024-05-02 02:00:00,72550.0
2024-05-02 03:00:00,72560.0
2024-05-02 04:00:00,72510.0
2024-05-02 05:00:00,72555.0
2024-05-02 06:00:00,72725.0
2024-05-02 07:00:00,72765.0
2024-05-02 08:00:00,72870.0
2024-05-02 09:00:00,72895.0
2024-05-02 10:00:00,72910.0
2024-05-02 11:00:00,73615.0
2024-05-02 12:00:00,73705.0
2024-05-02 13:00:00,73610.0
2024-05-02 14:00:00,74210.0
2024-05-02 15:00:00,74440.0
2024-05-02 16:00:00,74225.0
2024-05-02 17:00:00,74365.0
2024-05-02 18:00:00,74585.0
2024-05-02 19:00:00,74540.0
2024-05-02 20:00:00,73990.0
2024-05-02 22:00:00,74530.0
2024-05-02 23:00:00,74260.0
2024-05-03 00:00:00,74235.0
2024-05-03 01:00:00,74510.0
2024-05-03 02:00:00,74720.0
2024-05-03 03:00:00,74970.0
2024-05-03 04:00:00,74815.0
2024-05-03 05:00:00,74775.0
2024-05-03 06:00:00,74500.0
2024-05-03 07:00:00,74380.0
2024-05-03 08:00:00,74365.0
2024-05-03 09:00:00,74635.0
2024-05-03 10:00:00,74180.0
2024-05-03 11:00:00,74395.0
2024-05-03 12:00:00,75820.0
2024-05-03 13:00:00,76910.0
2024-05-03 14:00:00,76820.0
2024-05-03 15:00:00,76870.0
2024-05-03 16:00:00,76900.0
2024-05-03 17:00:00,77060.0
2024-05-03 18:00:00,77025.0
2024-05-03 19:00:00,77275.0
2024-05-03 20:00:00,78070.0
2024-05-05 22:00:00,79100.0
2024-05-05 23:00:00,79185.0
2024-05-06 00:00:00,79420.0
2024-05-06 01:00:00,79330.0
2024-05-06 02:00:00,78960.0
2024-05-06 03:00:00,79020.0
2024-05-06 04:00:00,79320.0
2024-05-06 05:00:00,79330.0
2024-05-06 06:00:00,79475.0
2024-05-06 07:00:00,79740.0
2024-05-06 08:00:00,80380.0
2024-05-06 09:00:00,80380.0
2024-05-06 10:00:00,79275.0
2024-05-06 11:00:00,79445.0
2024-05-06 12:00:00,78760.0
2024-05-06 13:00:00,79005.0
2024-05-06 14:00:00,78390.0
2024-05-06 15:00:00,78815.0
2024-05-06 16:00:00,78280.0
2024-05-06 17:00:00,78250.0
2024-05-06 18:00:00,78445.0
2024-05-06 19:00:00,78290.0
2024-05-06 20:00:00,78415.0
2024-05-06 22:00:00,78575.0
2024-05-06 23:00:00,78270.0
2024-05-07 00:00:00,78640.0
2024-05-07 01:00:00,78990.0
2024-05-07 02:00:00,78820.0
2024-05-07 03:00:00,78335.0
2024-05-07 04:00:00,78565.0
2024-05-07 05:00:00,78075.0
2024-05-07 06:00:00,78750.0
2024-05-07 07:00:00,78780.0
2024-05-07 08:00:00,79350.0
2024-05-07 09:00:00,79305.0
2024-05-07 10:00:00,79240.0
2024-05-07 11:00:00,78600.0
2024-05-07 12:00:00,78795.0
2024-05-07 13:00:00,78305.0
2024-05-07 14:00:00,79130.0
2024-05-07 15:00:00,78845.0
2024-05-07 16:00:00,78720.0
2024-05-07 17:00:00,78455.0
2024-05-07 18:00:00,78235.0
2024-05-07 19:00:00,78125.0
2024-05-07 20:00:00,77960.0
2024-05-07 22:00:00,77855.0
2024-05-07 23:00:00,77360.0
2024-05-08 00:00:00,77605.0
2024-05-08 01:00:00,77530.0
2024-05-08 02:00:00,77785.0
2024-05-08 03:00:00,77950.0
2024-05-08 04:00:00,77565.0
2024-05-08 05:00:00,77645.0
2024-05-08 06:00:00,77525.0
2024-05-08 07:00:00,77205.0
2024-05-08 08:00:00,77400.0
2024-05-08 09:00:00,77310.0
2024-05-08 10:00:00,77475.0
2024-05-08 11:00:00,77210.0
2024-05-08 12:00:00,77225.0
2024-05-08 13:00:00,77475.0
2024-05-08 14:00:00,77635.0
2024-05-08 15:00:00,77330.0
2024-05-08 16:00:00,77505.0
2024-05-08 17:00:00,77675.0
2024-05-08 18:00:00,77555.0
2024-05-08 19:00:00,77190.0
2024-05-08 20:00:00,76590.0
2024-05-08 22:00:00,76280.0
2024-05-08 23:00:00,76165.0
2024-05-09 00:00:00,76365.0
2024-05-09 01:00:00,76540.0
2024-05-09 02:00:00,76685.0
2024-05-09 03:00:00,76680.0
2024-05-09 04:00:00,76495.0
2024-05-09 05:00:00,77550.0
2024-05-09 06:00:00,76615.0
2024-05-09 07:00:00,76195.0
2024-05-09 08:00:00,76290.0
2024-05-09 09:00:00,76250.0
2024-05-09 10:00:00,75765.0
2024-05-09 11:00:00,76030.0
2024-05-09 12:00:00,76485.0
2024-05-09 13:00:00,76170.0
2024-05-09 14:00:00,76610.0
2024-05-09 15:00:00,77245.0
2024-05-09 16:00:00,76955.0
2024-05-09 17:00:00,77035.0
2024-05-09 18:00:00,77330.0
2024-05-09 19:00:00,77530.0
2024-05-09 20:00:00,77750.0
2024-05-09 22:00:00,78380.0
2024-05-09 23:00:00,78145.0
2024-05-10 00:00:00,77880.0
2024-05-10 01:00:00,77920.0
2024-05-10 02:00:00,77930.0
2024-05-10 03:00:00,77970.0
2024-05-10 04:00:00,77960.0
2024-05-10 05:00:00,77830.0
2024-05-10 06:00:00,78235.0
2024-05-10 07:00:00,78170.0
2024-05-10 08:00:00,78095.0
2024-05-10 09:00:00,78215.0
2024-05-10 10:00:00,78125.0
2024-05-10 11:00:00,78400.0
2024-05-10 12:00:00,78095.0
2024-05-10 13:00:00,78055.0
2024-05-10 14:00:00,76030.0
2024-05-10 15:00:00,75870.0
2024-05-10 16:00:00,76025.0
2024-05-10 17:00:00,75340.0
2024-05-10 18:00:00,75645.0
2024-05-10 19:00:00,75680.0
2024-05-10 20:00:00,75550.0
2024-05-12 22:00:00,76325.0
2024-05-12 23:00:00,76480.0
2024-05-13 00:00:00,76520.0
2024-05-13 01:00:00,76435.0
2024-05-13 02:00:00,76055.0
2024-05-13 03:00:00,76135.0
2024-05-13 04:00:00,75995.0
2024-05-13 05:00:00,78190.0
2024-05-13 06:00:00,76565.0
2024-05-13 07:00:00,77455.0
2024-05-13 08:00:00,77905.0
2024-05-13 09:00:00,78210.0
2024-05-13 10:00:00,77815.0
2024-05-13 11:00:00,77815.0
2024-05-13 12:00:00,77935.0
2024-05-13 13:00:00,77820.0
2024-05-13 14:00:00,77790.0
2024-05-13 15:00:00,78060.0
2024-05-13 16:00:00,78225.0
2024-05-13 17:00:00,77850.0
2024-05-13 18:00:00,77820.0
2024-05-13 19:00:00,78250.0
2024-05-13 20:00:00,78120.0
2024-05-13 22:00:00,77795.0
2024-05-13 23:00:00,78005.0
2024-05-14 00:00:00,77890.0
2024-05-14 01:00:00,77710.0
2024-05-14 02:00:00,77575.0
2024-05-14 03:00:00,77505.0
2024-05-14 04:00:00,77535.0
2024-05-14 05:00:00,76545.0
2024-05-14 06:00:00,77045.0
2024-05-14 07:00:00,76990.0
2024-05-14 08:00:00,76855.0
2024-05-14 09:00:00,76800.0
2024-05-14 10:00:00,76700.0
2024-05-14 11:00:00,76825.0
2024-05-14 12:00:00,76585.0
2024-05-14 13:00:00,76660.0
2024-05-14 14:00:00,76765.0
2024-05-14 15:00:00,76760.0
2024-05-14 16:00:00,76370.0
2024-05-14 17:00:00,76230.0
2024-05-14 18:00:00,76380.0
2024-05-14 19:00:00,76530.0
2024-05-14 20:00:00,76580.0
2024-05-14 22:00:00,76680.0
2024-05-14 23:00:00,76500.0
2024-05-15 00:00:00,76355.0
2024-05-15 01:00:00,76630.0
2024-05-15 02:00:00,76690.0
2024-05-15 03:00:00,76905.0
2024-05-15 04:00:00,76880.0
2024-05-15 05:00:00,81205.0
2024-05-15 06:00:00,76920.0
2024-05-15 07:00:00,77150.0
2024-05-15 08:00:00,77095.0
2024-05-15 09:00:00,77720.0
2024-05-15 10:00:00,77690.0
2024-05-15 11:00:00,77445.0
2024-05-15 12:00:00,78845.0
2024-05-15 13:00:00,79245.0
2024-05-15 14:00:00,79605.0
2024-05-15 15:00:00,79820.0
2024-05-15 16:00:00,79910.0
2024-05-15 17:00:00,80290.0
2024-05-15 18:00:00,80880.0
2024-05-15 19:00:00,81175.0
2024-05-15 20:00:00,81075.0
2024-05-15 22:00:00,81295.0
2024-05-15 23:00:00,81360.0
2024-05-16 00:00:00,81165.0
2024-05-16 01:00:00,81060.0
2024-05-16 02:00:00,80965.0
2024-05-16 03:00:00,81065.0
2024-05-16 04:00:00,80880.0
2024-05-16 05:00:00,80155.0
2024-05-16 06:00:00,81005.0
2024-05-16 07:00:00,81265.0
2024-05-16 08:00:00,81460.0
2024-05-16 09:00:00,81440.0
2024-05-16 10:00:00,81305.0
2024-05-16 11:00:00,81635.0
2024-05-16 12:00:00,81085.0
2024-05-16 13:00:00,81435.0
2024-05-16 14:00:00,80650.0
2024-05-16 15:00:00,80855.0
2024-05-16 16:00:00,80180.0
2024-05-16 17:00:00,79980.0
2024-05-16 18:00:00,80105.0
2024-05-16 19:00:00,80180.0
2024-05-16 20:00:00,80255.0
2024-05-16 22:00:00,80375.0
2024-05-16 23:00:00,80210.0
2024-05-17 00:00:00,80480.0
2024-05-17 01:00:00,80330.0
2024-05-17 02:00:00,80350.0
2024-05-17 03:00:00,80520.0
2024-05-17 04:00:00,80390.0
2024-05-17 05:00:00,82075.0
2024-05-17 06:00:00,80920.0
2024-05-17 07:00:00,81360.0
2024-05-17 08:00:00,81100.0
2024-05-17 09:00:00,81325.0
2024-05-17 10:00:00,81475.0
2024-05-17 11:00:00,81165.0
2024-05-17 12:00:00,81425.0
2024-05-17 13:00:00,80960.0
2024-05-17 14:00:00,81890.0
2024-05-17 15:00:00,82295.0
2024-05-17 16:00:00,82020.0
2024-05-17 17:00:00,81795.0
2024-05-17 18:00:00,81900.0
2024-05-17 19:00:00,82140.0
2024-05-17 20:00:00,81980.0
2024-05-19 22:00:00,81305.0
2024-05-19 23:00:00,81200.0
2024-05-20 00:00:00,81410.0
2024-05-20 01:00:00,81490.0
2024-05-20 02:00:00,81600.0
2024-05-20 03:00:00,81645.0
2024-05-20 04:00:00,82125.0
2024-05-20 05:00:00,85145.0
2024-05-20 06:00:00,81355.0
2024-05-20 07:00:00,81805.0
2024-05-20 08:00:00,81740.0
2024-05-20 09:00:00,81880.0
2024-05-20 10:00:00,82160.0
2024-05-20 11:00:00,82050.0
2024-05-20 12:00:00,81905.0
2024-05-20 13:00:00,82065.0
2024-05-20 14:00:00,81955.0
2024-05-20 15:00:00,82455.0
2024-05-20 16:00:00,83245.0
2024-05-20 17:00:00,83400.0
2024-05-20 18:00:00,83810.0
2024-05-20 19:00:00,85165.0
2024-05-20 20:00:00,84630.0
2024-05-20 22:00:00,84690.0
2024-05-20 23:00:00,86460.0
2024-05-21 00:00:00,86295.0
2024-05-21 01:00:00,86130.0
2024-05-21 02:00:00,86380.0
2024-05-21 03:00:00,86375.0
2024-05-21 04:00:00,86005.0
2024-05-21 05:00:00,86300.0
2024-05-21 06:00:00,86350.0
2024-05-21 07:00:00,85965.0
2024-05-21 08:00:00,86015.0
2024-05-21 09:00:00,86120.0
2024-05-21 10:00:00,86080.0
2024-05-21 11:00:00,86195.0
2024-05-21 12:00:00,86360.0
2024-05-21 13:00:00,85560.0
2024-05-21 14:00:00,85150.0
2024-05-21 15:00:00,84760.0
2024-05-21 16:00:00,84625.0
2024-05-21 17:00:00,84820.0
2024-05-21 18:00:00,84785.0
2024-05-21 19:00:00,84195.0
2024-05-21 20:00:00,84715.0
2024-05-21 22:00:00,85180.0
2024-05-21 23:00:00,85200.0
2024-05-22 00:00:00,85140.0
2024-05-22 01:00:00,85220.0
2024-05-22 02:00:00,85020.0
2024-05-22 03:00:00,84970.0
2024-05-22 04:00:00,84675.0
2024-05-22 05:00:00,84525.0
2024-05-22 06:00:00,84960.0
2024-05-22 07:00:00,84820.0
2024-05-22 08:00:00,85065.0
2024-05-22 09:00:00,85085.0
2024-05-22 10:00:00,85290.0
2024-05-22 11:00:00,84805.0
2024-05-22 12:00:00,84665.0
2024-05-22 13:00:00,84590.0
2024-05-22 14:00:00,85105.0
2024-05-22 15:00:00,85470.0
2024-05-22 16:00:00,85215.0
2024-05-22 17:00:00,84835.0
2024-05-22 18:00:00,84535.0
2024-05-22 19:00:00,84550.0
2024-05-22 20:00:00,84355.0
2024-05-22 22:00:00,84050.0
2024-05-22 23:00:00,84060.0
2024-05-23 00:00:00,84445.0
2024-05-23 01:00:00,84220.0
2024-05-23 02:00:00,84390.0
2024-05-23 03:00:00,84175.0
2024-05-23 04:00:00,84245.0
2024-05-23 05:00:00,84270.0
2024-05-23 06:00:00,84520.0
2024-05-23 07:00:00,84565.0
2024-05-23 08:00:00,84450.0
2024-05-23 09:00:00,84625.0
2024-05-23 10:00:00,84410.0
2024-05-23 11:00:00,84870.0
2024-05-23 12:00:00,84155.0
2024-05-23 13:00:00,82820.0
2024-05-23 14:00:00,82530.0
2024-05-23 15:00:00,82890.0
2024-05-23 16:00:00,82620.0
2024-05-23 17:00:00,82420.0
2024-05-23 18:00:00,82135.0
2024-05-23 19:00:00,81825.0
2024-05-23 20:00:00,82540.0
2024-05-23 22:00:00,82420.0
2024-05-23 23:00:00,82420.0
2024-05-24 00:00:00,82680.0
2024-05-24 01:00:00,82545.0
2024-05-24 02:00:00,82490.0
2024-05-24 03:00:00,82590.0
2024-05-24 04:00:00,82495.0
2024-05-24 05:00:00,82025.0
2024-05-24 06:00:00,81790.0
2024-05-24 07:00:00,81900.0
2024-05-24 08:00:00,81535.0
2024-05-24 09:00:00,82185.0
2024-05-24 10:00:00,82335.0
2024-05-24 11:00:00,82115.0
2024-05-24 12:00:00,82400.0
2024-05-24 13:00:00,81880.0
2024-05-24 14:00:00,82780.0
2024-05-24 15:00:00,83205.0
2024-05-24 16:00:00,83095.0
2024-05-24 17:00:00,83775.0
2024-05-24 18:00:00,83915.0
2024-05-24 19:00:00,84170.0
2024-05-24 20:00:00,83700.0
2024-05-26 22:00:00,83530.0
2024-05-26 23:00:00,83220.0
2024-05-27 00:00:00,83725.0
2024-05-27 01:00:00,83930.0
2024-05-27 02:00:00,83990.0
2024-05-27 03:00:00,83725.0
2024-05-27 04:00:00,83700.0
2024-05-27 05:00:00,83275.0
2024-05-27 06:00:00,83345.0
2024-05-27 07:00:00,83210.0
2024-05-27 08:00:00,83570.0
2024-05-27 09:00:00,83410.0
2024-05-27 10:00:00,83275.0
2024-05-27 11:00:00,83245.0
2024-05-27 12:00:00,83345.0
2024-05-27 13:00:00,83675.0
2024-05-27 14:00:00,84320.0
2024-05-27 15:00:00,85155.0
2024-05-27 16:00:00,85065.0
2024-05-27 17:00:00,85070.0
2024-05-27 18:00:00,84800.0
2024-05-27 19:00:00,84075.0
2024-05-27 20:00:00,84515.0
2024-05-27 22:00:00,84350.0
2024-05-27 23:00:00,84165.0
2024-05-28 00:00:00,84110.0
2024-05-28 01:00:00,83335.0
2024-05-28 02:00:00,83495.0
2024-05-28 03:00:00,82810.0
2024-05-28 04:00:00,82450.0
2024-05-28 05:00:00,83145.0
2024-05-28 06:00:00,82605.0
2024-05-28 07:00:00,82375.0
2024-05-28 08:00:00,82825.0
2024-05-28 09:00:00,83100.0
2024-05-28 10:00:00,83250.0
2024-05-28 11:00:00,83130.0
2024-05-28 12:00:00,83055.0
2024-05-28 13:00:00,82420.0
2024-05-28 14:00:00,82610.0
2024-05-28 15:00:00,83065.0
2024-05-28 16:00:00,82400.0
2024-05-28 17:00:00,82415.0
2024-05-28 18:00:00,82550.0
2024-05-28 19:00:00,83135.0
2024-05-28 20:00:00,82985.0
2024-05-28 22:00:00,83300.0
2024-05-28 23:00:00,83145.0
2024-05-29 00:00:00,83205.0
2024-05-29 01:00:00,83230.0
2024-05-29 02:00:00,83405.0
2024-05-29 03:00:00,83510.0
2024-05-29 04:00:00,83535.0
2024-05-29 05:00:00,81850.0
2024-05-29 06:00:00,83275.0
2024-05-29 07:00:00,82715.0
2024-05-29 08:00:00,82560.0
2024-05-29 09:00:00,82690.0
2024-05-29 10:00:00,82640.0
2024-05-29 11:00:00,82440.0
2024-05-29 12:00:00,82600.0
2024-05-29 13:00:00,82560.0
2024-05-29 14:00:00,82340.0
2024-05-29 15:00:00,82025.0
2024-05-29 16:00:00,82240.0
2024-05-29 17:00:00,82230.0
2024-05-29 18:00:00,82000.0
2024-05-29 19:00:00,81850.0
2024-05-29 20:00:00,82035.0
2024-05-29 22:00:00,82245.0
2024-05-29 23:00:00,82235.0
2024-05-30 00:00:00,82165.0
2024-05-30 01:00:00,82415.0
2024-05-30 02:00:00,82650.0
2024-05-30 03:00:00,82770.0
2024-05-30 04:00:00,82905.0
2024-05-30 05:00:00,82795.0
2024-05-30 06:00:00,82555.0
2024-05-30 07:00:00,82365.0
2024-05-30 08:00:00,82410.0
2024-05-30 09:00:00,82440.0
2024-05-30 10:00:00,82650.0
2024-05-30 11:00:00,82615.0
2024-05-30 12:00:00,82855.0
2024-05-30 13:00:00,83370.0
2024-05-30 14:00:00,83090.0
2024-05-30 15:00:00,83315.0
2024-05-30 16:00:00,83430.0
2024-05-30 17:00:00,84235.0
2024-05-30 18:00:00,84170.0
2024-05-30 19:00:00,83485.0
2024-05-30 20:00:00,83315.0
2024-05-30 22:00:00,83040.0
2024-05-30 23:00:00,83050.0
2024-05-31 00:00:00,83150.0
2024-05-31 01:00:00,83145.0
2024-05-31 02:00:00,83195.0
2024-05-31 03:00:00,83215.0
2024-05-31 04:00:00,83195.0
2024-05-31 05:00:00,82105.0
2024-05-31 06:00:00,82970.0
2024-05-31 07:00:00,82790.0
2024-05-31 08:00:00,82845.0
2024-05-31 09:00:00,82580.0
2024-05-31 10:00:00,82920.0
2024-05-31 11:00:00,82970.0
2024-05-31 12:00:00,83380.0
2024-05-31 13:00:00,82695.0
2024-05-31 14:00:00,81975.0
2024-05-31 15:00:00,81670.0
2024-05-31 16:00:00,81685.0
2024-05-31 17:00:00,81820.0
2024-05-31 18:00:00,81890.0
2024-05-31 19:00:00,82110.0
2024-05-31 20:00:00,82190.0
2024-06-02 22:00:00,82440.0
2024-06-02 23:00:00,82290.0
2024-06-03 00:00:00,82315.0
2024-06-03 01:00:00,83145.0
2024-06-03 02:00:00,83160.0
2024-06-03 03:00:00,83060.0
2024-06-03 04:00:00,83215.0
2024-06-03 05:00:00,83730.0
2024-06-03 06:00:00,83890.0
2024-06-03 07:00:00,83725.0
2024-06-03 08:00:00,84005.0
2024-06-03 09:00:00,83845.0
2024-06-03 10:00:00,83760.0
2024-06-03 11:00:00,83920.0
2024-06-03 12:00:00,84605.0
2024-06-03 13:00:00,84535.0
2024-06-03 14:00:00,83365.0
2024-06-03 15:00:00,84175.0
2024-06-03 16:00:00,83675.0
2024-06-03 17:00:00,83885.0
2024-06-03 18:00:00,83875.0
2024-06-03 19:00:00,83790.0
2024-06-03 20:00:00,83620.0
2024-06-03 22:00:00,83625.0
2024-06-03 23:00:00,83345.0
2024-06-04 00:00:00,83505.0
2024-06-04 01:00:00,83750.0
2024-06-04 02:00:00,83645.0
2024-06-04 03:00:00,83685.0
2024-06-04 04:00:00,83540.0
2024-06-04 05:00:00,83475.0
2024-06-04 06:00:00,83445.0
2024-06-04 07:00:00,83520.0
2024-06-04 08:00:00,83330.0
2024-06-04 09:00:00,83195.0
2024-06-04 10:00:00,83370.0
2024-06-04 11:00:00,83460.0
2024-06-04 12:00:00,83500.0
2024-06-04 13:00:00,84160.0
2024-06-04 14:00:00,84240.0
2024-06-04 15:00:00,85160.0
2024-06-04 16:00:00,85580.0
2024-06-04 17:00:00,85360.0
2024-06-04 18:00:00,85505.0
2024-06-04 19:00:00,85100.0
2024-06-04 20:00:00,85090.0
2024-06-04 22:00:00,85215.0
2024-06-04 23:00:00,85260.0
2024-06-05 00:00:00,85500.0
2024-06-05 01:00:00,85710.0
2024-06-05 02:00:00,85545.0
2024-06-05 03:00:00,85705.0
2024-06-05 04:00:00,85870.0
2024-06-05 05:00:00,85960.0
2024-06-05 06:00:00,85860.0
2024-06-05 07:00:00,85985.0
2024-06-05 08:00:00,85645.0
2024-06-05 09:00:00,85635.0
2024-06-05 10:00:00,85495.0
2024-06-05 11:00:00,85695.0
2024-06-05 12:00:00,85605.0
2024-06-05 13:00:00,85345.0
2024-06-05 14:00:00,85495.0
2024-06-05 15:00:00,86330.0
2024-06-05 16:00:00,86015.0
2024-06-05 17:00:00,86365.0
2024-06-05 18:00:00,85785.0
2024-06-05 19:00:00,85890.0
2024-06-05 20:00:00,85830.0
2024-06-05 22:00:00,85765.0
2024-06-05 23:00:00,85715.0
2024-06-06 00:00:00,85650.0
2024-06-06 01:00:00,85850.0
2024-06-06 02:00:00,85845.0
2024-06-06 03:00:00,85685.0
2024-06-06 04:00:00,85695.0
2024-06-06 05:00:00,85490.0
2024-06-06 06:00:00,85520.0
2024-06-06 07:00:00,85625.0
2024-06-06 08:00:00,85500.0
2024-06-06 09:00:00,85570.0
2024-06-06 10:00:00,85595.0
2024-06-06 11:00:00,85775.0
2024-06-06 12:00:00,85815.0
2024-06-06 13:00:00,85720.0
2024-06-06 14:00:00,86130.0
2024-06-06 15:00:00,85955.0
2024-06-06 16:00:00,85565.0
2024-06-06 17:00:00,85755.0
2024-06-06 18:00:00,85720.0
2024-06-06 19:00:00,85025.0
2024-06-06 20:00:00,85230.0
2024-06-06 22:00:00,85390.0
2024-06-06 23:00:00,85330.0
2024-06-07 00:00:00,85390.0
2024-06-07 01:00:00,85345.0
2024-06-07 02:00:00,85355.0
2024-06-07 03:00:00,85560.0
2024-06-07 04:00:00,85830.0
2024-06-07 05:00:00,86005.0
2024-06-07 06:00:00,85950.0
2024-06-07 07:00:00,85755.0
2024-06-07 08:00:00,85760.0
2024-06-07 09:00:00,85955.0
2024-06-07 10:00:00,86020.0
2024-06-07 11:00:00,86455.0
2024-06-07 12:00:00,85790.0
2024-06-07 13:00:00,86135.0
2024-06-07 14:00:00,86035.0
2024-06-07 15:00:00,85655.0
2024-06-07 16:00:00,85455.0
2024-06-07 17:00:00,84130.0
2024-06-07 18:00:00,83505.0
2024-06-07 19:00:00,83685.0
2024-06-07 20:00:00,83675.0
2024-06-09 22:00:00,84040.0
2024-06-09 23:00:00,84045.0
2024-06-10 00:00:00,83925.0
2024-06-10 01:00:00,83995.0
2024-06-10 02:00:00,84090.0
2024-06-10 03:00:00,83960.0
2024-06-10 04:00:00,84020.0
2024-06-10 05:00:00,83945.0
2024-06-10 06:00:00,83785.0
2024-06-10 07:00:00,83630.0
2024-06-10 08:00:00,83795.0
2024-06-10 09:00:00,83805.0
2024-06-10 10:00:00,83795.0
2024-06-10 11:00:00,83820.0
2024-06-10 12:00:00,83675.0
2024-06-10 13:00:00,83760.0
2024-06-10 14:00:00,84135.0
2024-06-10 15:00:00,84535.0
2024-06-10 16:00:00,84455.0
2024-06-10 17:00:00,84570.0
2024-06-10 18:00:00,84280.0
2024-06-10 19:00:00,83880.0
2024-06-10 20:00:00,84065.0
2024-06-10 22:00:00,83855.0
2024-06-10 23:00:00,83915.0
2024-06-11 00:00:00,83735.0
2024-06-11 01:00:00,83030.0
2024-06-11 02:00:00,82465.0
2024-06-11 03:00:00,82720.0
2024-06-11 04:00:00,82270.0
2024-06-11 05:00:00,82125.0
2024-06-11 06:00:00,81885.0
2024-06-11 07:00:00,81810.0
2024-06-11 08:00:00,81785.0
2024-06-11 09:00:00,81360.0
2024-06-11 10:00:00,81235.0
2024-06-11 11:00:00,81100.0
2024-06-11 12:00:00,81300.0
2024-06-11 13:00:00,81090.0
2024-06-11 14:00:00,81130.0
2024-06-11 15:00:00,80550.0
2024-06-11 16:00:00,80795.0
2024-06-11 17:00:00,81120.0
2024-06-11 18:00:00,81510.0
2024-06-11 19:00:00,81835.0
2024-06-11 20:00:00,81645.0
2024-06-11 22:00:00,81735.0
2024-06-11 23:00:00,81745.0
2024-06-12 00:00:00,81615.0
2024-06-12 01:00:00,81515.0
2024-06-12 02:00:00,81820.0
2024-06-12 03:00:00,81830.0
2024-06-12 04:00:00,81925.0
2024-06-12 05:00:00,81945.0
2024-06-12 06:00:00,81740.0
2024-06-12 07:00:00,81890.0
2024-06-12 08:00:00,81855.0
2024-06-12 09:00:00,82205.0
2024-06-12 10:00:00,82485.0
2024-06-12 11:00:00,82215.0
2024-06-12 12:00:00,83815.0
2024-06-12 13:00:00,83790.0
2024-06-12 14:00:00,84475.0
2024-06-12 15:00:00,84205.0
2024-06-12 16:00:00,84085.0
2024-06-12 17:00:00,84300.0
2024-06-12 18:00:00,83210.0
2024-06-12 19:00:00,81870.0
2024-06-12 20:00:00,82450.0
2024-06-12 22:00:00,82700.0
2024-06-12 23:00:00,82620.0
2024-06-13 00:00:00,82695.0
2024-06-13 01:00:00,82305.0
2024-06-13 02:00:00,82055.0
2024-06-13 03:00:00,81810.0
2024-06-13 04:00:00,81635.0
2024-06-13 05:00:00,80930.0
2024-06-13 06:00:00,81790.0
2024-06-13 07:00:00,82040.0
2024-06-13 08:00:00,81905.0
2024-06-13 09:00:00,81705.0
2024-06-13 10:00:00,82140.0
2024-06-13 11:00:00,82045.0
2024-06-13 12:00:00,82120.0
2024-06-13 13:00:00,81945.0
2024-06-13 14:00:00,81655.0
2024-06-13 15:00:00,80700.0
2024-06-13 16:00:00,81255.0
2024-06-13 17:00:00,81225.0
2024-06-13 18:00:00,81155.0
2024-06-13 19:00:00,80890.0
2024-06-13 20:00:00,80945.0
2024-06-13 22:00:00,81180.0
2024-06-13 23:00:00,81060.0
2024-06-14 00:00:00,80960.0
2024-06-14 01:00:00,81070.0
2024-06-14 02:00:00,81255.0
2024-06-14 03:00:00,81010.0
2024-06-14 04:00:00,81000.0
2024-06-14 05:00:00,79710.0
2024-06-14 06:00:00,81270.0
2024-06-14 07:00:00,81180.0
2024-06-14 08:00:00,81400.0
2024-06-14 09:00:00,81155.0
2024-06-14 10:00:00,81105.0
2024-06-14 11:00:00,81285.0
2024-06-14 12:00:00,81385.0
2024-06-14 13:00:00,81385.0
2024-06-14 14:00:00,81280.0
2024-06-14 15:00:00,80635.0
2024-06-14 16:00:00,79480.0
2024-06-14 17:00:00,79615.0
2024-06-14 18:00:00,79760.0
2024-06-14 19:00:00,79750.0
2024-06-14 20:00:00,80050.0
2024-06-16 22:00:00,80995.0
2024-06-16 23:00:00,80945.0
2024-06-17 00:00:00,80820.0
2024-06-17 01:00:00,80735.0
2024-06-17 02:00:00,80570.0
2024-06-17 03:00:00,80520.0
2024-06-17 04:00:00,80720.0
2024-06-17 05:00:00,80935.0
2024-06-17 06:00:00,80395.0
2024-06-17 07:00:00,80425.0
2024-06-17 08:00:00,80430.0
2024-06-17 09:00:00,79970.0
2024-06-17 10:00:00,80035.0
2024-06-17 11:00:00,80010.0
2024-06-17 12:00:00,79780.0
2024-06-17 13:00:00,79345.0
2024-06-17 14:00:00,79595.0
2024-06-17 15:00:00,79530.0
2024-06-17 16:00:00,80155.0
2024-06-17 17:00:00,80865.0
2024-06-17 18:00:00,81365.0
2024-06-17 19:00:00,80965.0
2024-06-17 20:00:00,80635.0
2024-06-17 22:00:00,80935.0
2024-06-17 23:00:00,80730.0
2024-06-18 00:00:00,79945.0
2024-06-18 01:00:00,79320.0
2024-06-18 02:00:00,79640.0
2024-06-18 03:00:00,79680.0
2024-06-18 04:00:00,79775.0
2024-06-18 05:00:00,78545.0
2024-06-18 06:00:00,79675.0
2024-06-18 07:00:00,79840.0
2024-06-18 08:00:00,79940.0
2024-06-18 09:00:00,79665.0
2024-06-18 10:00:00,79625.0
2024-06-18 11:00:00,79555.0
2024-06-18 12:00:00,79365.0
2024-06-18 13:00:00,78990.0
2024-06-18 14:00:00,78705.0
2024-06-18 15:00:00,78850.0
2024-06-18 16:00:00,78840.0
2024-06-18 17:00:00,78730.0
2024-06-18 18:00:00,78845.0
2024-06-18 19:00:00,78545.0
2024-06-18 20:00:00,79060.0
2024-06-18 22:00:00,79375.0
2024-06-18 23:00:00,79315.0
2024-06-19 00:00:00,79300.0
2024-06-19 01:00:00,79155.0
2024-06-19 02:00:00,79520.0
2024-06-19 03:00:00,79590.0
2024-06-19 04:00:00,79660.0
2024-06-19 05:00:00,79645.0
2024-06-19 06:00:00,79790.0
2024-06-19 07:00:00,79535.0
2024-06-19 08:00:00,79390.0
2024-06-19 09:00:00,79490.0
2024-06-19 10:00:00,79675.0
2024-06-19 11:00:00,79400.0
2024-06-19 12:00:00,79380.0
2024-06-19 13:00:00,79250.0
2024-06-19 14:00:00,79120.0
2024-06-19 15:00:00,79085.0
2024-06-19 16:00:00,79080.0
2024-06-19 17:00:00,79295.0
2024-06-19 18:00:00,79085.0
2024-06-19 19:00:00,79040.0
2024-06-19 20:00:00,79050.0
2024-06-19 22:00:00,78930.0
2024-06-19 23:00:00,79120.0
2024-06-20 00:00:00,79265.0
2024-06-20 01:00:00,79310.0
2024-06-20 02:00:00,79390.0
2024-06-20 03:00:00,79385.0
2024-06-20 04:00:00,79495.0
2024-06-20 05:00:00,79170.0
2024-06-20 06:00:00,79645.0
2024-06-20 07:00:00,80110.0
2024-06-20 08:00:00,79895.0
2024-06-20 09:00:00,79945.0
2024-06-20 10:00:00,80490.0
2024-06-20 11:00:00,80390.0
2024-06-20 12:00:00,80180.0
2024-06-20 13:00:00,79320.0
2024-06-20 14:00:00,79065.0
2024-06-20 15:00:00,78985.0
2024-06-20 16:00:00,78970.0
2024-06-20 17:00:00,79100.0
2024-06-20 18:00:00,79285.0
2024-06-20 19:00:00,79235.0
2024-06-20 20:00:00,79265.0
2024-06-20 22:00:00,79170.0
2024-06-20 23:00:00,79050.0
2024-06-21 00:00:00,79000.0
2024-06-21 01:00:00,79155.0
2024-06-21 02:00:00,78955.0
2024-06-21 03:00:00,78645.0
2024-06-21 04:00:00,78755.0
2024-06-21 05:00:00,78765.0
2024-06-21 06:00:00,78710.0
2024-06-21 07:00:00,78290.0
2024-06-21 08:00:00,77760.0
2024-06-21 09:00:00,78190.0
2024-06-21 10:00:00,77985.0
2024-06-21 11:00:00,77880.0
2024-06-21 12:00:00,77915.0
2024-06-21 13:00:00,77700.0
2024-06-21 14:00:00,78365.0
2024-06-21 15:00:00,77815.0
2024-06-21 16:00:00,77745.0
2024-06-21 17:00:00,77755.0
2024-06-21 18:00:00,78285.0
2024-06-21 19:00:00,78385.0
2024-06-21 20:00:00,78260.0
2024-06-23 22:00:00,77780.0
2024-06-23 23:00:00,77220.0
2024-06-24 00:00:00,77270.0
2024-06-24 01:00:00,77280.0
2024-06-24 02:00:00,76750.0
2024-06-24 03:00:00,76780.0
2024-06-24 04:00:00,76805.0
2024-06-24 05:00:00,76325.0
2024-06-24 06:00:00,76245.0
2024-06-24 07:00:00,76320.0
2024-06-24 08:00:00,76620.0
2024-06-24 09:00:00,75330.0
2024-06-24 10:00:00,75210.0
2024-06-24 11:00:00,75225.0
2024-06-24 12:00:00,75105.0
2024-06-24 13:00:00,75495.0
2024-06-24 14:00:00,75110.0
2024-06-24 15:00:00,74645.0
2024-06-24 16:00:00,74055.0
2024-06-24 17:00:00,74135.0
2024-06-24 18:00:00,74200.0
2024-06-24 19:00:00,73155.0
2024-06-24 20:00:00,73475.0
2024-06-24 22:00:00,73895.0
2024-06-24 23:00:00,74270.0
2024-06-25 00:00:00,74375.0
2024-06-25 01:00:00,74305.0
2024-06-25 02:00:00,74550.0
2024-06-25 03:00:00,75325.0
2024-06-25 04:00:00,75360.0
2024-06-25 05:00:00,75970.0
2024-06-25 06:00:00,74995.0
2024-06-25 07:00:00,74555.0
2024-06-25 08:00:00,74765.0
2024-06-25 09:00:00,75430.0
2024-06-25 10:00:00,75260.0
2024-06-25 11:00:00,75150.0
2024-06-25 12:00:00,74950.0
2024-06-25 13:00:00,75060.0
2024-06-25 14:00:00,75695.0
2024-06-25 15:00:00,75760.0
2024-06-25 16:00:00,75265.0
2024-06-25 17:00:00,75325.0
2024-06-25 18:00:00,76145.0
2024-06-25 19:00:00,75955.0
2024-06-25 20:00:00,75880.0
2024-06-25 22:00:00,75815.0
2024-06-25 23:00:00,75780.0
2024-06-26 00:00:00,75620.0
2024-06-26 01:00:00,75990.0
2024-06-26 02:00:00,76000.0
2024-06-26 03:00:00,75905.0
2024-06-26 04:00:00,75680.0
2024-06-26 05:00:00,75540.0
2024-06-26 06:00:00,75520.0
2024-06-26 07:00:00,75680.0
2024-06-26 08:00:00,75420.0
2024-06-26 09:00:00,75250.0
2024-06-26 10:00:00,75235.0
2024-06-26 11:00:00,75370.0
2024-06-26 12:00:00,75335.0
2024-06-26 13:00:00,75650.0
2024-06-26 14:00:00,75690.0
2024-06-26 15:00:00,75320.0
2024-06-26 16:00:00,75165.0
2024-06-26 17:00:00,75025.0
2024-06-26 18:00:00,74780.0
2024-06-26 19:00:00,74855.0
2024-06-26 20:00:00,74860.0
2024-06-26 22:00:00,74730.0
2024-06-26 23:00:00,74690.0
2024-06-27 00:00:00,74835.0
2024-06-27 01:00:00,74905.0
2024-06-27 02:00:00,74800.0
2024-06-27 03:00:00,74885.0
2024-06-27 04:00:00,74965.0
2024-06-27 05:00:00,75265.0
2024-06-27 06:00:00,74565.0
2024-06-27 07:00:00,74595.0
2024-06-27 08:00:00,74685.0
2024-06-27 09:00:00,75185.0
2024-06-27 10:00:00,75070.0
2024-06-27 11:00:00,75150.0
2024-06-27 12:00:00,75255.0
2024-06-27 13:00:00,75935.0
2024-06-27 14:00:00,75655.0
2024-06-27 15:00:00,75560.0
2024-06-27 16:00:00,75570.0
2024-06-27 17:00:00,75830.0
2024-06-27 18:00:00,75725.0
2024-06-27 19:00:00,75270.0
2024-06-27 20:00:00,75355.0
2024-06-27 22:00:00,75415.0
2024-06-27 23:00:00,75470.0
2024-06-28 00:00:00,75375.0
2024-06-28 01:00:00,75915.0
2024-06-28 02:00:00,75525.0
2024-06-28 03:00:00,75635.0
2024-06-28 04:00:00,75515.0
2024-06-28 05:00:00,75375.0
2024-06-28 06:00:00,75410.0
2024-06-28 07:00:00,75100.0
2024-06-28 08:00:00,75225.0
2024-06-28 09:00:00,75345.0
2024-06-28 10:00:00,75360.0
2024-06-28 11:00:00,75495.0
2024-06-28 12:00:00,75200.0
2024-06-28 13:00:00,75105.0
2024-06-28 14:00:00,74700.0
2024-06-28 15:00:00,74795.0
2024-06-28 16:00:00,74590.0
2024-06-28 17:00:00,74525.0
2024-06-28 18:00:00,74505.0
2024-06-28 19:00:00,73715.0
2024-06-28 20:00:00,73890.0
2024-06-30 22:00:00,76755.0
2024-06-30 23:00:00,76605.0
2024-07-01 00:00:00,76725.0
2024-07-01 01:00:00,77500.0
2024-07-01 02:00:00,77335.0
2024-07-01 03:00:00,77345.0
2024-07-01 04:00:00,77170.0
2024-07-01 05:00:00,77325.0
2024-07-01 06:00:00,77300.0
2024-07-01 07:00:00,77170.0
2024-07-01 08:00:00,76785.0
2024-07-01 09:00:00,76765.0
2024-07-01 10:00:00,76690.0
2024-07-01 11:00:00,76415.0
2024-07-01 12:00:00,76685.0
2024-07-01 13:00:00,76470.0
2024-07-01 14:00:00,76585.0
2024-07-01 15:00:00,76945.0
2024-07-01 16:00:00,76935.0
2024-07-01 17:00:00,77505.0
2024-07-01 18:00:00,77500.0
2024-07-01 19:00:00,77065.0
2024-07-01 20:00:00,77055.0
2024-07-01 22:00:00,76815.0
2024-07-01 23:00:00,76710.0
2024-07-02 00:00:00,76720.0
2024-07-02 01:00:00,76750.0
2024-07-02 02:00:00,76805.0
2024-07-02 03:00:00,76965.0
2024-07-02 04:00:00,76835.0
2024-07-02 05:00:00,75605.0
2024-07-02 06:00:00,76650.0
2024-07-02 07:00:00,76370.0
2024-07-02 08:00:00,76375.0
2024-07-02 09:00:00,76355.0
2024-07-02 10:00:00,76395.0
2024-07-02 11:00:00,76530.0
2024-07-02 12:00:00,76570.0
2024-07-02 13:00:00,76315.0
2024-07-02 14:00:00,75720.0
2024-07-02 15:00:00,75620.0
2024-07-02 16:00:00,75595.0
2024-07-02 17:00:00,75825.0
2024-07-02 18:00:00,76040.0
2024-07-02 19:00:00,75635.0
2024-07-02 20:00:00,75655.0
2024-07-02 22:00:00,75740.0
2024-07-02 23:00:00,75785.0
2024-07-03 00:00:00,75740.0
2024-07-03 01:00:00,75280.0
2024-07-03 02:00:00,75030.0
2024-07-03 03:00:00,74590.0
2024-07-03 04:00:00,74470.0
2024-07-03 05:00:00,73245.0
2024-07-03 06:00:00,74620.0
2024-07-03 07:00:00,74515.0
2024-07-03 08:00:00,74115.0
2024-07-03 09:00:00,74185.0
2024-07-03 10:00:00,73940.0
2024-07-03 11:00:00,73990.0
2024-07-03 12:00:00,73615.0
2024-07-03 13:00:00,74220.0
2024-07-03 14:00:00,73890.0
2024-07-03 15:00:00,73835.0
2024-07-03 16:00:00,74175.0
2024-07-03 17:00:00,74005.0
2024-07-03 18:00:00,73865.0
2024-07-03 19:00:00,73250.0
2024-07-03 20:00:00,73220.0
2024-07-03 22:00:00,73930.0
2024-07-03 23:00:00,73800.0
2024-07-04 00:00:00,74020.0
2024-07-04 01:00:00,72175.0
2024-07-04 02:00:00,72565.0
2024-07-04 03:00:00,72695.0
2024-07-04 04:00:00,72615.0
2024-07-04 05:00:00,72470.0
2024-07-04 06:00:00,72375.0
2024-07-04 07:00:00,71755.0
2024-07-04 08:00:00,71300.0
2024-07-04 09:00:00,71350.0
2024-07-04 10:00:00,71570.0
2024-07-04 11:00:00,71360.0
2024-07-04 12:00:00,70835.0
2024-07-04 13:00:00,70990.0
2024-07-04 14:00:00,71010.0
2024-07-04 15:00:00,71700.0
2024-07-04 16:00:00,71880.0
2024-07-04 17:00:00,71845.0
2024-07-04 18:00:00,71755.0
2024-07-04 19:00:00,71815.0
2024-07-04 20:00:00,71890.0
2024-07-04 22:00:00,71600.0
2024-07-04 23:00:00,70695.0
2024-07-05 00:00:00,71010.0
2024-07-05 01:00:00,70810.0
2024-07-05 02:00:00,69485.0
2024-07-05 03:00:00,68900.0
2024-07-05 04:00:00,67645.0
2024-07-05 05:00:00,68455.0
2024-07-05 06:00:00,67980.0
2024-07-05 07:00:00,68100.0
2024-07-05 08:00:00,67750.0
2024-07-05 09:00:00,68215.0
2024-07-05 10:00:00,68645.0
2024-07-05 11:00:00,69195.0
2024-07-05 12:00:00,68745.0
2024-07-05 13:00:00,69565.0
2024-07-05 14:00:00,69460.0
2024-07-05 15:00:00,70375.0
2024-07-05 16:00:00,70205.0
2024-07-05 17:00:00,70210.0
2024-07-05 18:00:00,70260.0
2024-07-05 19:00:00,70120.0
2024-07-05 20:00:00,69995.0
2024-07-07 22:00:00,70095.0
2024-07-07 23:00:00,69545.0
2024-07-08 00:00:00,68785.0
2024-07-08 01:00:00,68680.0
2024-07-08 02:00:00,69120.0
2024-07-08 03:00:00,68915.0
2024-07-08 04:00:00,69230.0
2024-07-08 05:00:00,70175.0
2024-07-08 06:00:00,69315.0
2024-07-08 07:00:00,69570.0
2024-07-08 08:00:00,71485.0
2024-07-08 09:00:00,71215.0
2024-07-08 10:00:00,70525.0
2024-07-08 11:00:00,70860.0
2024-07-08 12:00:00,70860.0
2024-07-08 13:00:00,70900.0
2024-07-08 14:00:00,69795.0
2024-07-08 15:00:00,69455.0
2024-07-08 16:00:00,69455.0
2024-07-08 17:00:00,69995.0
2024-07-08 18:00:00,69950.0
2024-07-08 19:00:00,70145.0
2024-07-08 20:00:00,69975.0
2024-07-08 22:00:00,70345.0
2024-07-08 23:00:00,70375.0
2024-07-09 00:00:00,70280.0
2024-07-09 01:00:00,70235.0
2024-07-09 02:00:00,70870.0
2024-07-09 03:00:00,70795.0
2024-07-09 04:00:00,70945.0
2024-07-09 05:00:00,70950.0
2024-07-09 06:00:00,71165.0
2024-07-09 07:00:00,70755.0
2024-07-09 08:00:00,71230.0
2024-07-09 09:00:00,71235.0
2024-07-09 10:00:00,71085.0
2024-07-09 11:00:00,71090.0
2024-07-09 12:00:00,70970.0
2024-07-09 13:00:00,71030.0
2024-07-09 14:00:00,70775.0
2024-07-09 15:00:00,71175.0
2024-07-09 16:00:00,71375.0
2024-07-09 17:00:00,71225.0
2024-07-09 18:00:00,71590.0
2024-07-09 19:00:00,71555.0
2024-07-09 20:00:00,71610.0
2024-07-09 22:00:00,71580.0
2024-07-09 23:00:00,71690.0
2024-07-10 00:00:00,71145.0
2024-07-10 01:00:00,71470.0
2024-07-10 02:00:00,71490.0
2024-07-10 03:00:00,71825.0
2024-07-10 04:00:00,73030.0
2024-07-10 05:00:00,71045.0
2024-07-10 06:00:00,72975.0
2024-07-10 07:00:00,72690.0
2024-07-10 08:00:00,72440.0
2024-07-10 09:00:00,72200.0
2024-07-10 10:00:00,72320.0
2024-07-10 11:00:00,72135.0
2024-07-10 12:00:00,71800.0
2024-07-10 13:00:00,71415.0
2024-07-10 14:00:00,71350.0
2024-07-10 15:00:00,71340.0
2024-07-10 16:00:00,71330.0
2024-07-10 17:00:00,71240.0
2024-07-10 18:00:00,71230.0
2024-07-10 19:00:00,71000.0
2024-07-10 20:00:00,70985.0
2024-07-10 22:00:00,71335.0
2024-07-10 23:00:00,71315.0
2024-07-11 00:00:00,71225.0
2024-07-11 01:00:00,71915.0
2024-07-11 02:00:00,71470.0
2024-07-11 03:00:00,71185.0
2024-07-11 04:00:00,71385.0
2024-07-11 05:00:00,71625.0
2024-07-11 06:00:00,71630.0
2024-07-11 07:00:00,71850.0
2024-07-11 08:00:00,71815.0
2024-07-11 09:00:00,71945.0
2024-07-11 10:00:00,72055.0
2024-07-11 11:00:00,72460.0
2024-07-11 12:00:00,72470.0
2024-07-11 13:00:00,72245.0
2024-07-11 14:00:00,71405.0
2024-07-11 15:00:00,71020.0
2024-07-11 16:00:00,71265.0
2024-07-11 17:00:00,71395.0
2024-07-11 18:00:00,71480.0
2024-07-11 19:00:00,70995.0
2024-07-11 20:00:00,71145.0
2024-07-11 22:00:00,70950.0
2024-07-11 23:00:00,70920.0
2024-07-12 00:00:00,70825.0
2024-07-12 01:00:00,70520.0
2024-07-12 02:00:00,70960.0
2024-07-12 03:00:00,70540.0
2024-07-12 04:00:00,70675.0
2024-07-12 05:00:00,71265.0
2024-07-12 06:00:00,70885.0
2024-07-12 07:00:00,70680.0
2024-07-12 08:00:00,70960.0
2024-07-12 09:00:00,70545.0
2024-07-12 10:00:00,70810.0
2024-07-12 11:00:00,70780.0
2024-07-12 12:00:00,71020.0
2024-07-12 13:00:00,71520.0
2024-07-12 14:00:00,71500.0
2024-07-12 15:00:00,71875.0
2024-07-12 16:00:00,71830.0
2024-07-12 17:00:00,71845.0
2024-07-12 18:00:00,71980.0
2024-07-12 19:00:00,71255.0
2024-07-12 20:00:00,71175.0
2024-07-14 22:00:00,74430.0
2024-07-14 23:00:00,74400.0
2024-07-15 00:00:00,74845.0
2024-07-15 01:00:00,75015.0
2024-07-15 02:00:00,76120.0
2024-07-15 03:00:00,76270.0
2024-07-15 04:00:00,76230.0
2024-07-15 05:00:00,76480.0
2024-07-15 06:00:00,76555.0
2024-07-15 07:00:00,76510.0
2024-07-15 08:00:00,76550.0
2024-07-15 09:00:00,76290.0
2024-07-15 10:00:00,76200.0
2024-07-15 11:00:00,76105.0
2024-07-15 12:00:00,76280.0
2024-07-15 13:00:00,76580.0
2024-07-15 14:00:00,76910.0
2024-07-15 15:00:00,76720.0
2024-07-15 16:00:00,77130.0
2024-07-15 17:00:00,76800.0
2024-07-15 18:00:00,77255.0
2024-07-15 19:00:00,77090.0
2024-07-15 20:00:00,77445.0
2024-07-15 22:00:00,77985.0
2024-07-15 23:00:00,78370.0
2024-07-16 00:00:00,78270.0
2024-07-16 01:00:00,78505.0
2024-07-16 02:00:00,78475.0
2024-07-16 03:00:00,78405.0
2024-07-16 04:00:00,78140.0
2024-07-16 05:00:00,78870.0
2024-07-16 06:00:00,76585.0
2024-07-16 07:00:00,76570.0
2024-07-16 08:00:00,76470.0
2024-07-16 09:00:00,76810.0
2024-07-16 10:00:00,77080.0
2024-07-16 11:00:00,77405.0
2024-07-16 12:00:00,77400.0
2024-07-16 13:00:00,77065.0
2024-07-16 14:00:00,77480.0
2024-07-16 15:00:00,78515.0
2024-07-16 16:00:00,78120.0
2024-07-16 17:00:00,78210.0
2024-07-16 18:00:00,78425.0
2024-07-16 19:00:00,78865.0
2024-07-16 20:00:00,78385.0
2024-07-16 22:00:00,78270.0
2024-07-16 23:00:00,78705.0
2024-07-17 00:00:00,79170.0
2024-07-17 01:00:00,79335.0
2024-07-17 02:00:00,79270.0
2024-07-17 03:00:00,79370.0
2024-07-17 04:00:00,79485.0
2024-07-17 05:00:00,79265.0
2024-07-17 06:00:00,79235.0
2024-07-17 07:00:00,78870.0
2024-07-17 08:00:00,78805.0
2024-07-17 09:00:00,78960.0
2024-07-17 10:00:00,78735.0
2024-07-17 11:00:00,78305.0
2024-07-17 12:00:00,78320.0
2024-07-17 13:00:00,78835.0
2024-07-17 14:00:00,78690.0
2024-07-17 15:00:00,78385.0
2024-07-17 16:00:00,77865.0
2024-07-17 17:00:00,77890.0
2024-07-17 18:00:00,78135.0
2024-07-17 19:00:00,78170.0
2024-07-17 20:00:00,78130.0
2024-07-17 22:00:00,77855.0
2024-07-17 23:00:00,77715.0
2024-07-18 00:00:00,78085.0
2024-07-18 01:00:00,78315.0
2024-07-18 02:00:00,78335.0
2024-07-18 03:00:00,78515.0
2024-07-18 04:00:00,78185.0
2024-07-18 05:00:00,77070.0
2024-07-18 06:00:00,78655.0
2024-07-18 07:00:00,78315.0
2024-07-18 08:00:00,78565.0
2024-07-18 09:00:00,78470.0
2024-07-18 10:00:00,78205.0
2024-07-18 11:00:00,78355.0
2024-07-18 12:00:00,78525.0
2024-07-18 13:00:00,78215.0
2024-07-18 14:00:00,77525.0
2024-07-18 15:00:00,77130.0
2024-07-18 16:00:00,77470.0
2024-07-18 17:00:00,77100.0
2024-07-18 18:00:00,77075.0
2024-07-18 19:00:00,77120.0
2024-07-18 20:00:00,77415.0
2024-07-18 22:00:00,77540.0
2024-07-18 23:00:00,77500.0
2024-07-19 00:00:00,77125.0
2024-07-19 01:00:00,77380.0
2024-07-19 02:00:00,77420.0
2024-07-19 03:00:00,77920.0
2024-07-19 04:00:00,77770.0
2024-07-19 05:00:00,80900.0
2024-07-19 06:00:00,77785.0
2024-07-19 07:00:00,77330.0
2024-07-19 08:00:00,77420.0
2024-07-19 09:00:00,77320.0
2024-07-19 10:00:00,77605.0
2024-07-19 11:00:00,77705.0
2024-07-19 12:00:00,78050.0
2024-07-19 13:00:00,78800.0
2024-07-19 14:00:00,79430.0
2024-07-19 15:00:00,79520.0
2024-07-19 16:00:00,80160.0
2024-07-19 17:00:00,80460.0
2024-07-19 18:00:00,80525.0
2024-07-19 19:00:00,80875.0
2024-07-19 20:00:00,80670.0
2024-07-21 22:00:00,81610.0
2024-07-21 23:00:00,81765.0
2024-07-22 00:00:00,81770.0
2024-07-22 01:00:00,81390.0
2024-07-22 02:00:00,81660.0
2024-07-22 03:00:00,81425.0
2024-07-22 04:00:00,81460.0
2024-07-22 05:00:00,81760.0
2024-07-22 06:00:00,80950.0
2024-07-22 07:00:00,80740.0
2024-07-22 08:00:00,80615.0
2024-07-22 09:00:00,80965.0
2024-07-22 10:00:00,80965.0
2024-07-22 11:00:00,81070.0
2024-07-22 12:00:00,81280.0
2024-07-22 13:00:00,80630.0
2024-07-22 14:00:00,80230.0
2024-07-22 15:00:00,80615.0
2024-07-22 16:00:00,80615.0
2024-07-22 17:00:00,81070.0
2024-07-22 18:00:00,81035.0
2024-07-22 19:00:00,81810.0
2024-07-22 20:00:00,81645.0
2024-07-22 22:00:00,81190.0
2024-07-22 23:00:00,81070.0
2024-07-23 00:00:00,81020.0
2024-07-23 01:00:00,80845.0
2024-07-23 02:00:00,81075.0
2024-07-23 03:00:00,81080.0
2024-07-23 04:00:00,80445.0
2024-07-23 05:00:00,78940.0
2024-07-23 06:00:00,80015.0
2024-07-23 07:00:00,80045.0
2024-07-23 08:00:00,80440.0
2024-07-23 09:00:00,80485.0
2024-07-23 10:00:00,80425.0
2024-07-23 11:00:00,80245.0
2024-07-23 12:00:00,79965.0
2024-07-23 13:00:00,79570.0
2024-07-23 14:00:00,80735.0
2024-07-23 15:00:00,79995.0
2024-07-23 16:00:00,79360.0
2024-07-23 17:00:00,79410.0
2024-07-23 18:00:00,79470.0
2024-07-23 19:00:00,79015.0
2024-07-23 20:00:00,79260.0
2024-07-23 22:00:00,79440.0
2024-07-23 23:00:00,79390.0
2024-07-24 00:00:00,79280.0
2024-07-24 01:00:00,79120.0
2024-07-24 02:00:00,79325.0
2024-07-24 03:00:00,79510.0
2024-07-24 04:00:00,79355.0
2024-07-24 05:00:00,79290.0
2024-07-24 06:00:00,79310.0
2024-07-24 07:00:00,79490.0
2024-07-24 08:00:00,79975.0
2024-07-24 09:00:00,79955.0
2024-07-24 10:00:00,79975.0
2024-07-24 11:00:00,79850.0
2024-07-24 12:00:00,79795.0
2024-07-24 13:00:00,79845.0
2024-07-24 14:00:00,80250.0
2024-07-24 15:00:00,79615.0
2024-07-24 16:00:00,79835.0
2024-07-24 17:00:00,80095.0
2024-07-24 18:00:00,79230.0
2024-07-24 19:00:00,79090.0
2024-07-24 20:00:00,79505.0
2024-07-24 22:00:00,78690.0
2024-07-24 23:00:00,78795.0
2024-07-25 00:00:00,78920.0
2024-07-25 01:00:00,77785.0
2024-07-25 02:00:00,77585.0
2024-07-25 03:00:00,77465.0
2024-07-25 04:00:00,77545.0
2024-07-25 05:00:00,78035.0
2024-07-25 06:00:00,77630.0
2024-07-25 07:00:00,77415.0
2024-07-25 08:00:00,77665.0
2024-07-25 09:00:00,77670.0
2024-07-25 10:00:00,77530.0
2024-07-25 11:00:00,77485.0
2024-07-25 12:00:00,77490.0
2024-07-25 13:00:00,77300.0
2024-07-25 14:00:00,78285.0
2024-07-25 15:00:00,78060.0
2024-07-25 16:00:00,78240.0
2024-07-25 17:00:00,78385.0
2024-07-25 18:00:00,77865.0
2024-07-25 19:00:00,78010.0
2024-07-25 20:00:00,78585.0
2024-07-25 22:00:00,79005.0
2024-07-25 23:00:00,79160.0
2024-07-26 00:00:00,79880.0
2024-07-26 01:00:00,79870.0
2024-07-26 02:00:00,80450.0
2024-07-26 03:00:00,80495.0
2024-07-26 04:00:00,80565.0
2024-07-26 05:00:00,81420.0
2024-07-26 06:00:00,80535.0
2024-07-26 07:00:00,80375.0
2024-07-26 08:00:00,80570.0
2024-07-26 09:00:00,80765.0
2024-07-26 10:00:00,80765.0
2024-07-26 11:00:00,80775.0
2024-07-26 12:00:00,80745.0
2024-07-26 13:00:00,81395.0
2024-07-26 14:00:00,80765.0
2024-07-26 15:00:00,81015.0
2024-07-26 16:00:00,80795.0
2024-07-26 17:00:00,80770.0
2024-07-26 18:00:00,80950.0
2024-07-26 19:00:00,81485.0
2024-07-26 20:00:00,80830.0
2024-07-28 22:00:00,81435.0
2024-07-28 23:00:00,81675.0
2024-07-29 00:00:00,82150.0
2024-07-29 01:00:00,81960.0
2024-07-29 02:00:00,82990.0
2024-07-29 03:00:00,82835.0
2024-07-29 04:00:00,82830.0
2024-07-29 05:00:00,80505.0
2024-07-29 06:00:00,83095.0
2024-07-29 07:00:00,82985.0
2024-07-29 08:00:00,82925.0
2024-07-29 09:00:00,82985.0
2024-07-29 10:00:00,83080.0
2024-07-29 11:00:00,83020.0
2024-07-29 12:00:00,83220.0
2024-07-29 13:00:00,82625.0
2024-07-29 14:00:00,81505.0
2024-07-29 15:00:00,81365.0
2024-07-29 16:00:00,80165.0
2024-07-29 17:00:00,80190.0
2024-07-29 18:00:00,80610.0
2024-07-29 19:00:00,80525.0
2024-07-29 20:00:00,80645.0
2024-07-29 22:00:00,80415.0
2024-07-29 23:00:00,79975.0
2024-07-30 00:00:00,79830.0
2024-07-30 01:00:00,79360.0
2024-07-30 02:00:00,79640.0
2024-07-30 03:00:00,79800.0
2024-07-30 04:00:00,80050.0
2024-07-30 05:00:00,79685.0
2024-07-30 06:00:00,79985.0
2024-07-30 07:00:00,80160.0
2024-07-30 08:00:00,80010.0
2024-07-30 09:00:00,79825.0
2024-07-30 10:00:00,79785.0
2024-07-30 11:00:00,79805.0
2024-07-30 12:00:00,79895.0
2024-07-30 13:00:00,79595.0
2024-07-30 14:00:00,78955.0
2024-07-30 15:00:00,79415.0
2024-07-30 16:00:00,79360.0
2024-07-30 17:00:00,79015.0
2024-07-30 18:00:00,78950.0
2024-07-30 19:00:00,79065.0
2024-07-30 20:00:00,79390.0
2024-07-30 22:00:00,79330.0
2024-07-30 23:00:00,79315.0
2024-07-31 00:00:00,79505.0
2024-07-31 01:00:00,79450.0
2024-07-31 02:00:00,79265.0
2024-07-31 03:00:00,79220.0
2024-07-31 04:00:00,78980.0
2024-07-31 05:00:00,79310.0
2024-07-31 06:00:00,79660.0
2024-07-31 07:00:00,79415.0
2024-07-31 08:00:00,79485.0
2024-07-31 09:00:00,79430.0
2024-07-31 10:00:00,79155.0
2024-07-31 11:00:00,79250.0
2024-07-31 12:00:00,79300.0
2024-07-31 13:00:00,79695.0
2024-07-31 14:00:00,79580.0
2024-07-31 15:00:00,79570.0
2024-07-31 16:00:00,79510.0
2024-07-31 17:00:00,79885.0
2024-07-31 18:00:00,79630.0
2024-07-31 19:00:00,78335.0
2024-07-31 20:00:00,77740.0
2024-07-31 22:00:00,78050.0
2024-07-31 23:00:00,77710.0
2024-08-01 00:00:00,77725.0
2024-08-01 01:00:00,77275.0
2024-08-01 02:00:00,77200.0
2024-08-01 03:00:00,77005.0
2024-08-01 04:00:00,76815.0
2024-08-01 05:00:00,76435.0
2024-08-01 06:00:00,77295.0
2024-08-01 07:00:00,77380.0
2024-08-01 08:00:00,77570.0
2024-08-01 09:00:00,77550.0
2024-08-01 10:00:00,77660.0
2024-08-01 11:00:00,77760.0
2024-08-01 12:00:00,78015.0
2024-08-01 13:00:00,77870.0
2024-08-01 14:00:00,77000.0
2024-08-01 15:00:00,75905.0
2024-08-01 16:00:00,75915.0
2024-08-01 17:00:00,76230.0
2024-08-01 18:00:00,75850.0
2024-08-01 19:00:00,76415.0
2024-08-01 20:00:00,77795.0
2024-08-01 22:00:00,78205.0
2024-08-01 23:00:00,78440.0
2024-08-02 00:00:00,77925.0
2024-08-02 01:00:00,77690.0
2024-08-02 02:00:00,77335.0
2024-08-02 03:00:00,77585.0
2024-08-02 04:00:00,77535.0
2024-08-02 05:00:00,75590.0
2024-08-02 06:00:00,77480.0
2024-08-02 07:00:00,77110.0
2024-08-02 08:00:00,77610.0
2024-08-02 09:00:00,77550.0
2024-08-02 10:00:00,77795.0
2024-08-02 11:00:00,77700.0
2024-08-02 12:00:00,77920.0
2024-08-02 13:00:00,78290.0
2024-08-02 14:00:00,76060.0
2024-08-02 15:00:00,76360.0
2024-08-02 16:00:00,76280.0
2024-08-02 17:00:00,76020.0
2024-08-02 18:00:00,75865.0
2024-08-02 19:00:00,75510.0
2024-08-02 20:00:00,75565.0
2024-08-04 22:00:00,71615.0
2024-08-04 23:00:00,71115.0
2024-08-05 00:00:00,69120.0
2024-08-05 01:00:00,67400.0
2024-08-05 02:00:00,67670.0
2024-08-05 03:00:00,66905.0
2024-08-05 04:00:00,66485.0
2024-08-05 05:00:00,65660.0
2024-08-05 06:00:00,64605.0
2024-08-05 07:00:00,65735.0
2024-08-05 08:00:00,65785.0
2024-08-05 09:00:00,65715.0
2024-08-05 10:00:00,64395.0
2024-08-05 11:00:00,64360.0
2024-08-05 12:00:00,62750.0
2024-08-05 13:00:00,64980.0
2024-08-05 14:00:00,67015.0
2024-08-05 15:00:00,67270.0
2024-08-05 16:00:00,67025.0
2024-08-05 17:00:00,67635.0
2024-08-05 18:00:00,66040.0
2024-08-05 19:00:00,66385.0
2024-08-05 20:00:00,67300.0
2024-08-05 22:00:00,67635.0
2024-08-05 23:00:00,66980.0
2024-08-06 00:00:00,68990.0
2024-08-06 01:00:00,68630.0
2024-08-06 02:00:00,68770.0
2024-08-06 03:00:00,68600.0
2024-08-06 04:00:00,68425.0
2024-08-06 05:00:00,68895.0
2024-08-06 06:00:00,68665.0
2024-08-06 07:00:00,68910.0
2024-08-06 08:00:00,67905.0
2024-08-06 09:00:00,68110.0
2024-08-06 10:00:00,67980.0
2024-08-06 11:00:00,68105.0
2024-08-06 12:00:00,67670.0
2024-08-06 13:00:00,68075.0
2024-08-06 14:00:00,69050.0
2024-08-06 15:00:00,69355.0
2024-08-06 16:00:00,69795.0
2024-08-06 17:00:00,69475.0
2024-08-06 18:00:00,69715.0
2024-08-06 19:00:00,69755.0
2024-08-06 20:00:00,69535.0
2024-08-06 22:00:00,69140.0
2024-08-06 23:00:00,68990.0
2024-08-07 00:00:00,69205.0
2024-08-07 01:00:00,69965.0
2024-08-07 02:00:00,69760.0
2024-08-07 03:00:00,69855.0
2024-08-07 04:00:00,70065.0
2024-08-07 05:00:00,67645.0
2024-08-07 06:00:00,69755.0
2024-08-07 07:00:00,69900.0
2024-08-07 08:00:00,70350.0
2024-08-07 09:00:00,70355.0
2024-08-07 10:00:00,70310.0
2024-08-07 11:00:00,69905.0
2024-08-07 12:00:00,70250.0
2024-08-07 13:00:00,69765.0
2024-08-07 14:00:00,69015.0
2024-08-07 15:00:00,68995.0
2024-08-07 16:00:00,69080.0
2024-08-07 17:00:00,68510.0
2024-08-07 18:00:00,67670.0
2024-08-07 19:00:00,67640.0
2024-08-07 20:00:00,68005.0
2024-08-07 22:00:00,68115.0
2024-08-07 23:00:00,67895.0
2024-08-08 00:00:00,68135.0
2024-08-08 01:00:00,69725.0
2024-08-08 02:00:00,70250.0
2024-08-08 03:00:00,69945.0
2024-08-08 04:00:00,69675.0
2024-08-08 05:00:00,69835.0
2024-08-08 06:00:00,70165.0
2024-08-08 07:00:00,70085.0
2024-08-08 08:00:00,70110.0
2024-08-08 09:00:00,70305.0
2024-08-08 10:00:00,70275.0
2024-08-08 11:00:00,70235.0
2024-08-08 12:00:00,70840.0
2024-08-08 13:00:00,70200.0
2024-08-08 14:00:00,71925.0
2024-08-08 15:00:00,72425.0
2024-08-08 16:00:00,72545.0
2024-08-08 17:00:00,72470.0
2024-08-08 18:00:00,72355.0
2024-08-08 19:00:00,72445.0
2024-08-08 20:00:00,72480.0
2024-08-08 22:00:00,75300.0
2024-08-08 23:00:00,74585.0
2024-08-09 00:00:00,74095.0
2024-08-09 01:00:00,74295.0
2024-08-09 02:00:00,74140.0
2024-08-09 03:00:00,74270.0
2024-08-09 04:00:00,73645.0
2024-08-09 05:00:00,73635.0
2024-08-09 06:00:00,73780.0
2024-08-09 07:00:00,73700.0
2024-08-09 08:00:00,73995.0
2024-08-09 09:00:00,73640.0
2024-08-09 10:00:00,73520.0
2024-08-09 11:00:00,73625.0
2024-08-09 12:00:00,73450.0
2024-08-09 13:00:00,73390.0
2024-08-09 14:00:00,73255.0
2024-08-09 15:00:00,72750.0
2024-08-09 16:00:00,73380.0
2024-08-09 17:00:00,73160.0
2024-08-09 18:00:00,73210.0
2024-08-09 19:00:00,73635.0
2024-08-09 20:00:00,73725.0
2024-08-11 22:00:00,71860.0
2024-08-11 23:00:00,71625.0
2024-08-12 00:00:00,71380.0
2024-08-12 01:00:00,71515.0
2024-08-12 02:00:00,71610.0
2024-08-12 03:00:00,71445.0
2024-08-12 04:00:00,71465.0
2024-08-12 05:00:00,71845.0
2024-08-12 06:00:00,71365.0
2024-08-12 07:00:00,71595.0
2024-08-12 08:00:00,71245.0
2024-08-12 09:00:00,71190.0
2024-08-12 10:00:00,71885.0
2024-08-12 11:00:00,72745.0
2024-08-12 12:00:00,72605.0
2024-08-12 13:00:00,71060.0
2024-08-12 14:00:00,73235.0
2024-08-12 15:00:00,73065.0
2024-08-12 16:00:00,72485.0
2024-08-12 17:00:00,72195.0
2024-08-12 18:00:00,71405.0
2024-08-12 19:00:00,71895.0
2024-08-12 20:00:00,71730.0
2024-08-12 22:00:00,71900.0
2024-08-12 23:00:00,72155.0
2024-08-13 00:00:00,72605.0
2024-08-13 01:00:00,72545.0
2024-08-13 02:00:00,72330.0
2024-08-13 03:00:00,71860.0
2024-08-13 04:00:00,72065.0
2024-08-13 05:00:00,73750.0
2024-08-13 06:00:00,72220.0
2024-08-13 07:00:00,72040.0
2024-08-13 08:00:00,71920.0
2024-08-13 09:00:00,71810.0
2024-08-13 10:00:00,71545.0
2024-08-13 11:00:00,71670.0
2024-08-13 12:00:00,71995.0
2024-08-13 13:00:00,72220.0
2024-08-13 14:00:00,72525.0
2024-08-13 15:00:00,72355.0
2024-08-13 16:00:00,74075.0
2024-08-13 17:00:00,74100.0
2024-08-13 18:00:00,73750.0
2024-08-13 19:00:00,73715.0
2024-08-13 20:00:00,73455.0
2024-08-13 22:00:00,73420.0
2024-08-13 23:00:00,73445.0
2024-08-14 00:00:00,73645.0
2024-08-14 01:00:00,73390.0
2024-08-14 02:00:00,73660.0
2024-08-14 03:00:00,73850.0
2024-08-14 04:00:00,73805.0
2024-08-14 05:00:00,71725.0
2024-08-14 06:00:00,73705.0
2024-08-14 07:00:00,73740.0
2024-08-14 08:00:00,73765.0
2024-08-14 09:00:00,73715.0
2024-08-14 10:00:00,73955.0
2024-08-14 11:00:00,74165.0
2024-08-14 12:00:00,73910.0
2024-08-14 13:00:00,72485.0
2024-08-14 14:00:00,72340.0
2024-08-14 15:00:00,72285.0
2024-08-14 16:00:00,71965.0
2024-08-14 17:00:00,72005.0
2024-08-14 18:00:00,71830.0
2024-08-14 19:00:00,71730.0
2024-08-14 20:00:00,71965.0
2024-08-14 22:00:00,71800.0
2024-08-14 23:00:00,71490.0
2024-08-15 00:00:00,71820.0
2024-08-15 01:00:00,71035.0
2024-08-15 02:00:00,71240.0
2024-08-15 03:00:00,71270.0
2024-08-15 04:00:00,71245.0
2024-08-15 05:00:00,69865.0
2024-08-15 06:00:00,70940.0
2024-08-15 07:00:00,70885.0
2024-08-15 08:00:00,71180.0
2024-08-15 09:00:00,71255.0
2024-08-15 10:00:00,71225.0
2024-08-15 11:00:00,71600.0
2024-08-15 12:00:00,71640.0
2024-08-15 13:00:00,72305.0
2024-08-15 14:00:00,72300.0
2024-08-15 15:00:00,72550.0
2024-08-15 16:00:00,72410.0
2024-08-15 17:00:00,71750.0
2024-08-15 18:00:00,70700.0
2024-08-15 19:00:00,69865.0
2024-08-15 20:00:00,69490.0
2024-08-15 22:00:00,70430.0
2024-08-15 23:00:00,70330.0
2024-08-16 00:00:00,70285.0
2024-08-16 01:00:00,70360.0
2024-08-16 02:00:00,71035.0
2024-08-16 03:00:00,70760.0
2024-08-16 04:00:00,71135.0
2024-08-16 05:00:00,72635.0
2024-08-16 06:00:00,71360.0
2024-08-16 07:00:00,71360.0
2024-08-16 08:00:00,71270.0
2024-08-16 09:00:00,71560.0
2024-08-16 10:00:00,71350.0
2024-08-16 11:00:00,71280.0
2024-08-16 12:00:00,70750.0
2024-08-16 13:00:00,71245.0
2024-08-16 14:00:00,70860.0
2024-08-16 15:00:00,70975.0
2024-08-16 16:00:00,71480.0
2024-08-16 17:00:00,72105.0
2024-08-16 18:00:00,72390.0
2024-08-16 19:00:00,72615.0
2024-08-16 20:00:00,72200.0
2024-08-18 22:00:00,72205.0
2024-08-18 23:00:00,71250.0
2024-08-19 00:00:00,71160.0
2024-08-19 01:00:00,71345.0
2024-08-19 02:00:00,71495.0
2024-08-19 03:00:00,71540.0
2024-08-19 04:00:00,71390.0
2024-08-19 05:00:00,71845.0
2024-08-19 06:00:00,71380.0
2024-08-19 07:00:00,71320.0
2024-08-19 08:00:00,71425.0
2024-08-19 09:00:00,70850.0
2024-08-19 10:00:00,70885.0
2024-08-19 11:00:00,71245.0
2024-08-19 12:00:00,71255.0
2024-08-19 13:00:00,71000.0
2024-08-19 14:00:00,71435.0
2024-08-19 15:00:00,71360.0
2024-08-19 16:00:00,71530.0
2024-08-19 17:00:00,71825.0
2024-08-19 18:00:00,71840.0
2024-08-19 19:00:00,71785.0
2024-08-19 20:00:00,71920.0
2024-08-19 22:00:00,72105.0
2024-08-19 23:00:00,72300.0
2024-08-20 00:00:00,73405.0
2024-08-20 01:00:00,73375.0
2024-08-20 02:00:00,73405.0
2024-08-20 03:00:00,73485.0
2024-08-20 04:00:00,73765.0
2024-08-20 05:00:00,73985.0
2024-08-20 06:00:00,73850.0
2024-08-20 07:00:00,73800.0
2024-08-20 08:00:00,73615.0
2024-08-20 09:00:00,73740.0
2024-08-20 10:00:00,73595.0
2024-08-20 11:00:00,73355.0
2024-08-20 12:00:00,73510.0
2024-08-20 13:00:00,73725.0
2024-08-20 14:00:00,72230.0
2024-08-20 15:00:00,71600.0
2024-08-20 16:00:00,71565.0
2024-08-20 17:00:00,71810.0
2024-08-20 18:00:00,71985.0
2024-08-20 19:00:00,72315.0
2024-08-20 20:00:00,72085.0
2024-08-20 22:00:00,72160.0
2024-08-20 23:00:00,71750.0
2024-08-21 00:00:00,71755.0
2024-08-21 01:00:00,72075.0
2024-08-21 02:00:00,72160.0
2024-08-21 03:00:00,72100.0
2024-08-21 04:00:00,72145.0
2024-08-21 05:00:00,74375.0
2024-08-21 06:00:00,72445.0
2024-08-21 07:00:00,72520.0
2024-08-21 08:00:00,72265.0
2024-08-21 09:00:00,72055.0
2024-08-21 10:00:00,72275.0
2024-08-21 11:00:00,72200.0
2024-08-21 12:00:00,72315.0
2024-08-21 13:00:00,72735.0
2024-08-21 14:00:00,72210.0
2024-08-21 15:00:00,72315.0
2024-08-21 16:00:00,72685.0
2024-08-21 17:00:00,72745.0
2024-08-21 18:00:00,73610.0
2024-08-21 19:00:00,74415.0
2024-08-21 20:00:00,74020.0
2024-08-21 22:00:00,74040.0
2024-08-21 23:00:00,73980.0
2024-08-22 00:00:00,73630.0
2024-08-22 01:00:00,73760.0
2024-08-22 02:00:00,72910.0
2024-08-22 03:00:00,73325.0
2024-08-22 04:00:00,73670.0
2024-08-22 05:00:00,72995.0
2024-08-22 06:00:00,73575.0
2024-08-22 07:00:00,73790.0
2024-08-22 08:00:00,73715.0
2024-08-22 09:00:00,73695.0
2024-08-22 10:00:00,74155.0
2024-08-22 11:00:00,74130.0
2024-08-22 12:00:00,73685.0
2024-08-22 13:00:00,73610.0
2024-08-22 14:00:00,73280.0
2024-08-22 15:00:00,73165.0
2024-08-22 16:00:00,73085.0
2024-08-22 17:00:00,72910.0
2024-08-22 18:00:00,73065.0
2024-08-22 19:00:00,73045.0
2024-08-22 20:00:00,73435.0
2024-08-22 22:00:00,73145.0
2024-08-22 23:00:00,73090.0
2024-08-23 00:00:00,73465.0
2024-08-23 01:00:00,73595.0
2024-08-23 02:00:00,73555.0
2024-08-23 03:00:00,73415.0
2024-08-23 05:00:00,76530.0
2024-08-23 06:00:00,74100.0
2024-08-23 07:00:00,73880.0
2024-08-23 08:00:00,74085.0
2024-08-23 09:00:00,73900.0
2024-08-23 10:00:00,73895.0
2024-08-23 11:00:00,73535.0
2024-08-23 12:00:00,73900.0
2024-08-23 13:00:00,73870.0
2024-08-23 14:00:00,73770.0
2024-08-23 15:00:00,74280.0
2024-08-23 16:00:00,74605.0
2024-08-23 17:00:00,75910.0
2024-08-23 18:00:00,76070.0
2024-08-23 19:00:00,76585.0
2024-08-23 20:00:00,76630.0
2024-08-25 22:00:00,77300.0
2024-08-25 23:00:00,77175.0
2024-08-26 00:00:00,76750.0
2024-08-26 01:00:00,76750.0
2024-08-26 02:00:00,76750.0
2024-08-26 03:00:00,76860.0
2024-08-26 04:00:00,76890.0
2024-08-26 05:00:00,76060.0
2024-08-26 06:00:00,76590.0
2024-08-26 07:00:00,76460.0
2024-08-26 08:00:00,76610.0
2024-08-26 09:00:00,76400.0
2024-08-26 10:00:00,76660.0
2024-08-26 11:00:00,76570.0
2024-08-26 12:00:00,76355.0
2024-08-26 13:00:00,76655.0
2024-08-26 14:00:00,76265.0
2024-08-26 15:00:00,76325.0
2024-08-26 16:00:00,76475.0
2024-08-26 17:00:00,76075.0
2024-08-26 18:00:00,76415.0
2024-08-26 19:00:00,76170.0
2024-08-26 20:00:00,76270.0
2024-08-26 22:00:00,75710.0
2024-08-26 23:00:00,75660.0
2024-08-27 00:00:00,75470.0
2024-08-27 01:00:00,75785.0
2024-08-27 02:00:00,75725.0
2024-08-27 03:00:00,75655.0
2024-08-27 04:00:00,75800.0
2024-08-27 05:00:00,75870.0
2024-08-27 06:00:00,75500.0
2024-08-27 07:00:00,75550.0
2024-08-27 08:00:00,75400.0
2024-08-27 09:00:00,75340.0
2024-08-27 10:00:00,74990.0
2024-08-27 11:00:00,75140.0
2024-08-27 12:00:00,75160.0
2024-08-27 13:00:00,74975.0
2024-08-27 14:00:00,74540.0
2024-08-27 15:00:00,74315.0
2024-08-27 16:00:00,74200.0
2024-08-27 17:00:00,74605.0
2024-08-27 18:00:00,74805.0
2024-08-27 19:00:00,74820.0
2024-08-27 20:00:00,74585.0
2024-08-27 22:00:00,72200.0
2024-08-27 23:00:00,72120.0
2024-08-28 00:00:00,71905.0
2024-08-28 01:00:00,72010.0
2024-08-28 02:00:00,71980.0
2024-08-28 03:00:00,72250.0
2024-08-28 04:00:00,72030.0
2024-08-28 05:00:00,71540.0
2024-08-28 06:00:00,71830.0
2024-08-28 07:00:00,71350.0
2024-08-28 08:00:00,71900.0
2024-08-28 09:00:00,72900.0
2024-08-28 10:00:00,72500.0
2024-08-28 11:00:00,72600.0
2024-08-28 12:00:00,72675.0
2024-08-28 13:00:00,72000.0
2024-08-28 14:00:00,71885.0
2024-08-28 15:00:00,71660.0
2024-08-28 16:00:00,71850.0
2024-08-28 17:00:00,71270.0
2024-08-28 18:00:00,72165.0
2024-08-28 19:00:00,71450.0
2024-08-28 20:00:00,71790.0
2024-08-28 22:00:00,71480.0
2024-08-28 23:00:00,71505.0
2024-08-29 00:00:00,71760.0
2024-08-29 01:00:00,71490.0
2024-08-29 02:00:00,71680.0
2024-08-29 03:00:00,71665.0
2024-08-29 04:00:00,71710.0
2024-08-29 05:00:00,71845.0
2024-08-29 06:00:00,72130.0
2024-08-29 07:00:00,72175.0
2024-08-29 08:00:00,72050.0
2024-08-29 09:00:00,72320.0
2024-08-29 10:00:00,72290.0
2024-08-29 11:00:00,72630.0
2024-08-29 12:00:00,72925.0
2024-08-29 13:00:00,73245.0
2024-08-29 14:00:00,73405.0
2024-08-29 15:00:00,73370.0
2024-08-29 16:00:00,72920.0
2024-08-29 17:00:00,73095.0
2024-08-29 18:00:00,71715.0
2024-08-29 19:00:00,71840.0
2024-08-29 20:00:00,72025.0
2024-08-29 22:00:00,71745.0
2024-08-29 23:00:00,71955.0
2024-08-30 00:00:00,71795.0
2024-08-30 01:00:00,71780.0
2024-08-30 02:00:00,71795.0
2024-08-30 03:00:00,71610.0
2024-08-30 04:00:00,71580.0
2024-08-30 05:00:00,71320.0
2024-08-30 06:00:00,71910.0
2024-08-30 07:00:00,71810.0
2024-08-30 08:00:00,71945.0
2024-08-30 09:00:00,72085.0
2024-08-30 10:00:00,72145.0
2024-08-30 11:00:00,71955.0
2024-08-30 12:00:00,72090.0
2024-08-30 13:00:00,72205.0
2024-08-30 14:00:00,70990.0
2024-08-30 15:00:00,70590.0
2024-08-30 16:00:00,71015.0
2024-08-30 17:00:00,71135.0
2024-08-30 18:00:00,71875.0
2024-08-30 19:00:00,71130.0
2024-08-30 20:00:00,71500.0
2024-09-01 22:00:00,69730.0
2024-09-01 23:00:00,69710.0
2024-09-02 00:00:00,69865.0
2024-09-02 01:00:00,69805.0
2024-09-02 02:00:00,69905.0
2024-09-02 03:00:00,70140.0
2024-09-02 04:00:00,69870.0
2024-09-02 05:00:00,70170.0
2024-09-02 06:00:00,70060.0
2024-09-02 07:00:00,69935.0
2024-09-02 08:00:00,70535.0
2024-09-02 09:00:00,70870.0
2024-09-02 10:00:00,70965.0
2024-09-02 11:00:00,70880.0
2024-09-02 12:00:00,70825.0
2024-09-02 13:00:00,70640.0
2024-09-02 14:00:00,71100.0
2024-09-02 15:00:00,71025.0
2024-09-02 16:00:00,70825.0
2024-09-02 17:00:00,71020.0
2024-09-02 18:00:00,71015.0
2024-09-02 19:00:00,70955.0
2024-09-02 20:00:00,71475.0
2024-09-02 22:00:00,71805.0
2024-09-02 23:00:00,71600.0
2024-09-03 00:00:00,71730.0
2024-09-03 01:00:00,71900.0
2024-09-03 02:00:00,71835.0
2024-09-03 03:00:00,71575.0
2024-09-03 04:00:00,71540.0
2024-09-03 05:00:00,70440.0
2024-09-03 06:00:00,71355.0
2024-09-03 07:00:00,71605.0
2024-09-03 08:00:00,71220.0
2024-09-03 09:00:00,71340.0
2024-09-03 10:00:00,71545.0
2024-09-03 11:00:00,71540.0
2024-09-03 12:00:00,71645.0
2024-09-03 13:00:00,70835.0
2024-09-03 14:00:00,70050.0
2024-09-03 15:00:00,70110.0
2024-09-03 16:00:00,70075.0
2024-09-03 17:00:00,70080.0
2024-09-03 18:00:00,70330.0
2024-09-03 19:00:00,70465.0
2024-09-03 20:00:00,70645.0
2024-09-03 22:00:00,70270.0
2024-09-03 23:00:00,69915.0
2024-09-04 00:00:00,69555.0
2024-09-04 01:00:00,69240.0
2024-09-04 02:00:00,69085.0
2024-09-04 03:00:00,69110.0
2024-09-04 04:00:00,69150.0
2024-09-04 05:00:00,70555.0
2024-09-04 06:00:00,68700.0
2024-09-04 07:00:00,69200.0
2024-09-04 08:00:00,69255.0
2024-09-04 09:00:00,69070.0
2024-09-04 10:00:00,68920.0
2024-09-04 11:00:00,68990.0
2024-09-04 12:00:00,69050.0
2024-09-04 13:00:00,68845.0
2024-09-04 14:00:00,69995.0
2024-09-04 15:00:00,70615.0
2024-09-04 16:00:00,70900.0
2024-09-04 17:00:00,70375.0
2024-09-04 18:00:00,70130.0
2024-09-04 19:00:00,70530.0
2024-09-04 20:00:00,70505.0
2024-09-04 22:00:00,70580.0
2024-09-04 23:00:00,70425.0
2024-09-05 00:00:00,70470.0
2024-09-05 01:00:00,70505.0
2024-09-05 02:00:00,70135.0
2024-09-05 03:00:00,69490.0
2024-09-05 04:00:00,69595.0
2024-09-05 05:00:00,68415.0
2024-09-05 06:00:00,69325.0
2024-09-05 07:00:00,69560.0
2024-09-05 08:00:00,69395.0
2024-09-05 09:00:00,69180.0
2024-09-05 10:00:00,69125.0
2024-09-05 11:00:00,69045.0
2024-09-05 12:00:00,69020.0
2024-09-05 13:00:00,69355.0
2024-09-05 14:00:00,68935.0
2024-09-05 15:00:00,68350.0
2024-09-05 16:00:00,68710.0
2024-09-05 17:00:00,69030.0
2024-09-05 18:00:00,68960.0
2024-09-05 19:00:00,68460.0
2024-09-05 20:00:00,68475.0
2024-09-05 22:00:00,68490.0
2024-09-05 23:00:00,68570.0
2024-09-06 00:00:00,68560.0
2024-09-06 01:00:00,68955.0
2024-09-06 02:00:00,69145.0
2024-09-06 03:00:00,69020.0
2024-09-06 04:00:00,69045.0
2024-09-06 05:00:00,65895.0
2024-09-06 06:00:00,68845.0
2024-09-06 07:00:00,68180.0
2024-09-06 08:00:00,68190.0
2024-09-06 09:00:00,68310.0
2024-09-06 10:00:00,68605.0
2024-09-06 11:00:00,68465.0
2024-09-06 12:00:00,69330.0
2024-09-06 13:00:00,68295.0
2024-09-06 14:00:00,67035.0
2024-09-06 15:00:00,66340.0
2024-09-06 16:00:00,66380.0
2024-09-06 17:00:00,66175.0
2024-09-06 18:00:00,65635.0
2024-09-06 19:00:00,65830.0
2024-09-06 20:00:00,65200.0
2024-09-08 22:00:00,66895.0
2024-09-08 23:00:00,67320.0
2024-09-09 00:00:00,67465.0
2024-09-09 01:00:00,67575.0
2024-09-09 02:00:00,67560.0
2024-09-09 03:00:00,67555.0
2024-09-09 04:00:00,67295.0
2024-09-09 05:00:00,67065.0
2024-09-09 06:00:00,67305.0
2024-09-09 07:00:00,67380.0
2024-09-09 08:00:00,67640.0
2024-09-09 09:00:00,67580.0
2024-09-09 10:00:00,67785.0
2024-09-09 11:00:00,67700.0
2024-09-09 12:00:00,67765.0
2024-09-09 13:00:00,68130.0
2024-09-09 14:00:00,67245.0
2024-09-09 15:00:00,67825.0
2024-09-09 16:00:00,68900.0
2024-09-09 17:00:00,68955.0
2024-09-09 18:00:00,68955.0
2024-09-09 19:00:00,69560.0
2024-09-09 20:00:00,69425.0
2024-09-09 22:00:00,69710.0
2024-09-09 23:00:00,69500.0
2024-09-10 00:00:00,69425.0
2024-09-10 01:00:00,69340.0
2024-09-10 02:00:00,69210.0
2024-09-10 03:00:00,68930.0
2024-09-10 04:00:00,69005.0
2024-09-10 05:00:00,70395.0
2024-09-10 06:00:00,69270.0
2024-09-10 07:00:00,69665.0
2024-09-10 08:00:00,69460.0
2024-09-10 09:00:00,69530.0
2024-09-10 10:00:00,69540.0
2024-09-10 11:00:00,69675.0
2024-09-10 12:00:00,69620.0
2024-09-10 13:00:00,69100.0
2024-09-10 14:00:00,69325.0
2024-09-10 15:00:00,68970.0
2024-09-10 16:00:00,69220.0
2024-09-10 17:00:00,69550.0
2024-09-10 18:00:00,70010.0
2024-09-10 19:00:00,70355.0
2024-09-10 20:00:00,70005.0
2024-09-10 22:00:00,70030.0
2024-09-10 23:00:00,70050.0
2024-09-11 00:00:00,70115.0
2024-09-11 01:00:00,69110.0
2024-09-11 02:00:00,69300.0
2024-09-11 03:00:00,69150.0
2024-09-11 04:00:00,68880.0
2024-09-11 05:00:00,70060.0
2024-09-11 06:00:00,68750.0
2024-09-11 07:00:00,69060.0
2024-09-11 08:00:00,68780.0
2024-09-11 09:00:00,69035.0
2024-09-11 10:00:00,68870.0
2024-09-11 11:00:00,69150.0
2024-09-11 12:00:00,69100.0
2024-09-11 13:00:00,68070.0
2024-09-11 14:00:00,68300.0
2024-09-11 15:00:00,69080.0
2024-09-11 16:00:00,69695.0
2024-09-11 17:00:00,70090.0
2024-09-11 18:00:00,69915.0
2024-09-11 19:00:00,70000.0
2024-09-11 20:00:00,69890.0
2024-09-11 22:00:00,69885.0
2024-09-11 23:00:00,69745.0
2024-09-12 00:00:00,70080.0
2024-09-12 01:00:00,70535.0
2024-09-12 02:00:00,70345.0
2024-09-12 03:00:00,70655.0
2024-09-12 04:00:00,70580.0
2024-09-12 05:00:00,70365.0
2024-09-12 06:00:00,70370.0
2024-09-12 07:00:00,70535.0
2024-09-12 08:00:00,70545.0
2024-09-12 09:00:00,70450.0
2024-09-12 10:00:00,70320.0
2024-09-12 11:00:00,70460.0
2024-09-12 12:00:00,70065.0
2024-09-12 13:00:00,69970.0
2024-09-12 14:00:00,69880.0
2024-09-12 15:00:00,69850.0
2024-09-12 16:00:00,70435.0
2024-09-12 17:00:00,70780.0
2024-09-12 18:00:00,70550.0
2024-09-12 19:00:00,70800.0
2024-09-12 20:00:00,70595.0
2024-09-12 22:00:00,70475.0
2024-09-12 23:00:00,70515.0
2024-09-13 00:00:00,70425.0
2024-09-13 01:00:00,70520.0
2024-09-13 02:00:00,70445.0
2024-09-13 03:00:00,70235.0
2024-09-13 04:00:00,70225.0
2024-09-13 05:00:00,72135.0
2024-09-13 06:00:00,70145.0
2024-09-13 07:00:00,70505.0
2024-09-13 08:00:00,70345.0
2024-09-13 09:00:00,70485.0
2024-09-13 10:00:00,70770.0
2024-09-13 11:00:00,70255.0
2024-09-13 12:00:00,70275.0
2024-09-13 13:00:00,70435.0
2024-09-13 14:00:00,70885.0
2024-09-13 15:00:00,72135.0
2024-09-13 16:00:00,71890.0
2024-09-13 17:00:00,72015.0
2024-09-13 18:00:00,72180.0
2024-09-13 19:00:00,72170.0
2024-09-13 20:00:00,72300.0
2024-09-15 22:00:00,71790.0
2024-09-15 23:00:00,71485.0
2024-09-16 00:00:00,70955.0
2024-09-16 01:00:00,70920.0
2024-09-16 02:00:00,70500.0
2024-09-16 03:00:00,70830.0
2024-09-16 04:00:00,70585.0
2024-09-16 05:00:00,70185.0
2024-09-16 06:00:00,70950.0
2024-09-16 07:00:00,71180.0
2024-09-16 08:00:00,71235.0
2024-09-16 09:00:00,70950.0
2024-09-16 10:00:00,71035.0
2024-09-16 11:00:00,70950.0
2024-09-16 12:00:00,70820.0
2024-09-16 13:00:00,70810.0
2024-09-16 14:00:00,69860.0
2024-09-16 15:00:00,70185.0
2024-09-16 16:00:00,70075.0
2024-09-16 17:00:00,70425.0
2024-09-16 18:00:00,70160.0
2024-09-16 19:00:00,70250.0
2024-09-16 20:00:00,69950.0
2024-09-16 22:00:00,70240.0
2024-09-16 23:00:00,70500.0
2024-09-17 00:00:00,69890.0
2024-09-17 01:00:00,70145.0
2024-09-17 02:00:00,70390.0
2024-09-17 03:00:00,70375.0
2024-09-17 04:00:00,70560.0
2024-09-17 05:00:00,72305.0
2024-09-17 06:00:00,70810.0
2024-09-17 07:00:00,71020.0
2024-09-17 08:00:00,71105.0
2024-09-17 09:00:00,71305.0
2024-09-17 10:00:00,71575.0
2024-09-17 11:00:00,71450.0
2024-09-17 12:00:00,71765.0
2024-09-17 13:00:00,71320.0
2024-09-17 14:00:00,72655.0
2024-09-17 15:00:00,73510.0
2024-09-17 16:00:00,73245.0
2024-09-17 17:00:00,73350.0
2024-09-17 18:00:00,72890.0
2024-09-17 19:00:00,72285.0
2024-09-17 20:00:00,72435.0
2024-09-17 22:00:00,72540.0
2024-09-17 23:00:00,72580.0
2024-09-18 00:00:00,72530.0
2024-09-18 01:00:00,72400.0
2024-09-18 02:00:00,72610.0
2024-09-18 03:00:00,72760.0
2024-09-18 04:00:00,72700.0
2024-09-18 05:00:00,72340.0
2024-09-18 06:00:00,72680.0
2024-09-18 07:00:00,72700.0
2024-09-18 08:00:00,72450.0
2024-09-18 09:00:00,71940.0
2024-09-18 10:00:00,72170.0
2024-09-18 11:00:00,72100.0
2024-09-18 12:00:00,72255.0
2024-09-18 13:00:00,71740.0
2024-09-18 14:00:00,71745.0
2024-09-18 15:00:00,71695.0
2024-09-18 16:00:00,72195.0
2024-09-18 17:00:00,72235.0
2024-09-18 18:00:00,72900.0
2024-09-18 19:00:00,72315.0
2024-09-18 20:00:00,72465.0
2024-09-18 22:00:00,72995.0
2024-09-18 23:00:00,74100.0
2024-09-19 00:00:00,74605.0
2024-09-19 01:00:00,74390.0
2024-09-19 02:00:00,74600.0
2024-09-19 03:00:00,74500.0
2024-09-19 04:00:00,74455.0
2024-09-19 05:00:00,75615.0
2024-09-19 06:00:00,74385.0
2024-09-19 07:00:00,74450.0
2024-09-19 08:00:00,74280.0
2024-09-19 09:00:00,74610.0
2024-09-19 10:00:00,74690.0
2024-09-19 11:00:00,74980.0
2024-09-19 12:00:00,75220.0
2024-09-19 13:00:00,75380.0
2024-09-19 14:00:00,75270.0
2024-09-19 15:00:00,75490.0
2024-09-19 16:00:00,75895.0
2024-09-19 17:00:00,76075.0
2024-09-19 18:00:00,75990.0
2024-09-19 19:00:00,75575.0
2024-09-19 20:00:00,75325.0
2024-09-19 22:00:00,75285.0
2024-09-19 23:00:00,75305.0
2024-09-20 00:00:00,75140.0
2024-09-20 01:00:00,75375.0
2024-09-20 02:00:00,75450.0
2024-09-20 03:00:00,76055.0
2024-09-20 04:00:00,76145.0
2024-09-20 05:00:00,75135.0
2024-09-20 06:00:00,76095.0
2024-09-20 07:00:00,75815.0
2024-09-20 08:00:00,75630.0
2024-09-20 09:00:00,75825.0
2024-09-20 10:00:00,75980.0
2024-09-20 11:00:00,75805.0
2024-09-20 12:00:00,75765.0
2024-09-20 13:00:00,75180.0
2024-09-20 14:00:00,75385.0
2024-09-20 15:00:00,75510.0
2024-09-20 16:00:00,75190.0
2024-09-20 17:00:00,75040.0
2024-09-20 18:00:00,75215.0
2024-09-20 19:00:00,75070.0
2024-09-20 20:00:00,75140.0
2024-09-22 22:00:00,76155.0
2024-09-22 23:00:00,75945.0
2024-09-23 00:00:00,75860.0
2024-09-23 01:00:00,76110.0
2024-09-23 02:00:00,76305.0
2024-09-23 03:00:00,76825.0
2024-09-23 04:00:00,76180.0
2024-09-23 05:00:00,75565.0
2024-09-23 06:00:00,76035.0
2024-09-23 07:00:00,75810.0
2024-09-23 08:00:00,75730.0
2024-09-23 09:00:00,75940.0
2024-09-23 10:00:00,75840.0
2024-09-23 11:00:00,75700.0
2024-09-23 12:00:00,75625.0
2024-09-23 13:00:00,75475.0
2024-09-23 14:00:00,75675.0
2024-09-23 15:00:00,75990.0
2024-09-23 16:00:00,75420.0
2024-09-23 17:00:00,75550.0
2024-09-23 18:00:00,75790.0
2024-09-23 19:00:00,75520.0
2024-09-23 20:00:00,75740.0
2024-09-23 22:00:00,75520.0
2024-09-23 23:00:00,75545.0
2024-09-24 00:00:00,75190.0
2024-09-24 01:00:00,75130.0
2024-09-24 02:00:00,75395.0
2024-09-24 03:00:00,75180.0
2024-09-24 04:00:00,75390.0
2024-09-24 05:00:00,75455.0
2024-09-24 06:00:00,75595.0
2024-09-24 07:00:00,75830.0
2024-09-24 08:00:00,76200.0
2024-09-24 09:00:00,75830.0
2024-09-24 10:00:00,75870.0
2024-09-24 11:00:00,75680.0
2024-09-24 12:00:00,75750.0
2024-09-24 13:00:00,75770.0
2024-09-24 14:00:00,75390.0
2024-09-24 15:00:00,75395.0
2024-09-24 16:00:00,75485.0
2024-09-24 17:00:00,76070.0
2024-09-24 18:00:00,75975.0
2024-09-24 19:00:00,76585.0
2024-09-24 20:00:00,76490.0
2024-09-24 22:00:00,76895.0
2024-09-24 23:00:00,76585.0
2024-09-25 00:00:00,76385.0
2024-09-25 01:00:00,76750.0
2024-09-25 02:00:00,76685.0
2024-09-25 03:00:00,76695.0
2024-09-25 04:00:00,76410.0
2024-09-25 05:00:00,76410.0
2024-09-25 06:00:00,76035.0
2024-09-25 07:00:00,76120.0
2024-09-25 08:00:00,76070.0
2024-09-25 09:00:00,75890.0
2024-09-25 10:00:00,75885.0
2024-09-25 11:00:00,75985.0
2024-09-25 12:00:00,75920.0
2024-09-25 13:00:00,76000.0
2024-09-25 14:00:00,76235.0
2024-09-25 15:00:00,75760.0
2024-09-25 16:00:00,75695.0
2024-09-25 17:00:00,75385.0
2024-09-25 18:00:00,75520.0
2024-09-25 19:00:00,75380.0
2024-09-25 20:00:00,75700.0
2024-09-25 22:00:00,75450.0
2024-09-25 23:00:00,75370.0
2024-09-26 00:00:00,75135.0
2024-09-26 01:00:00,75360.0
2024-09-26 02:00:00,75580.0
2024-09-26 03:00:00,75710.0
2024-09-26 04:00:00,75690.0
2024-09-26 05:00:00,75830.0
2024-09-26 06:00:00,75900.0
2024-09-26 07:00:00,76050.0
2024-09-26 08:00:00,75940.0
2024-09-26 09:00:00,75980.0
2024-09-26 10:00:00,76615.0
2024-09-26 11:00:00,76620.0
2024-09-26 12:00:00,76780.0
2024-09-26 13:00:00,76755.0
2024-09-26 14:00:00,76700.0
2024-09-26 15:00:00,77640.0
2024-09-26 16:00:00,77700.0
2024-09-26 17:00:00,77460.0
2024-09-26 18:00:00,77590.0
2024-09-26 19:00:00,76985.0
2024-09-26 20:00:00,77015.0
2024-09-26 22:00:00,77375.0
2024-09-26 23:00:00,77470.0
2024-09-27 00:00:00,77510.0
2024-09-27 01:00:00,77380.0
2024-09-27 02:00:00,77140.0
2024-09-27 03:00:00,77650.0
2024-09-27 04:00:00,77585.0
2024-09-27 05:00:00,77920.0
2024-09-27 06:00:00,77590.0
2024-09-27 07:00:00,77760.0
2024-09-27 08:00:00,78040.0
2024-09-27 09:00:00,78110.0
2024-09-27 10:00:00,77805.0
2024-09-27 11:00:00,77710.0
2024-09-27 12:00:00,78010.0
2024-09-27 13:00:00,77955.0
2024-09-27 14:00:00,78625.0
2024-09-27 15:00:00,78340.0
2024-09-27 16:00:00,78640.0
2024-09-27 17:00:00,78210.0
2024-09-27 18:00:00,78140.0
2024-09-27 19:00:00,77915.0
2024-09-27 20:00:00,78040.0
2024-09-29 22:00:00,77835.0
2024-09-29 23:00:00,77730.0
2024-09-30 00:00:00,77610.0
2024-09-30 01:00:00,76855.0
2024-09-30 02:00:00,76465.0
2024-09-30 03:00:00,76620.0
2024-09-30 04:00:00,76495.0
2024-09-30 05:00:00,76620.0
2024-09-30 06:00:00,76400.0
2024-09-30 07:00:00,76650.0
2024-09-30 08:00:00,76375.0
2024-09-30 09:00:00,75590.0
2024-09-30 10:00:00,75690.0
2024-09-30 11:00:00,75895.0
2024-09-30 12:00:00,76105.0
2024-09-30 13:00:00,75980.0
2024-09-30 14:00:00,75885.0
2024-09-30 15:00:00,75695.0
2024-09-30 16:00:00,75660.0
2024-09-30 17:00:00,75815.0
2024-09-30 18:00:00,75445.0
2024-09-30 19:00:00,75550.0
2024-09-30 20:00:00,75870.0
2024-09-30 22:00:00,75575.0
2024-09-30 23:00:00,75395.0
2024-10-01 00:00:00,75600.0
2024-10-01 01:00:00,75520.0
2024-10-01 02:00:00,75430.0
2024-10-01 03:00:00,75785.0
2024-10-01 04:00:00,75935.0
2024-10-01 05:00:00,75810.0
2024-10-01 06:00:00,76125.0
2024-10-01 07:00:00,76105.0
2024-10-01 08:00:00,76055.0
2024-10-01 09:00:00,75970.0
2024-10-01 10:00:00,76020.0
2024-10-01 11:00:00,75835.0
2024-10-01 12:00:00,75755.0
2024-10-01 13:00:00,74885.0
2024-10-01 14:00:00,74575.0
2024-10-01 15:00:00,74630.0
2024-10-01 16:00:00,74420.0
2024-10-01 17:00:00,74115.0
2024-10-01 18:00:00,73980.0
2024-10-01 19:00:00,73795.0
2024-10-01 20:00:00,72780.0
2024-10-01 22:00:00,72685.0
2024-10-01 23:00:00,72810.0
2024-10-02 00:00:00,73010.0
2024-10-02 01:00:00,73490.0
2024-10-02 02:00:00,73740.0
2024-10-02 03:00:00,73730.0
2024-10-02 04:00:00,73475.0
2024-10-02 05:00:00,73495.0
2024-10-02 06:00:00,73770.0
2024-10-02 07:00:00,73815.0
2024-10-02 08:00:00,73870.0
2024-10-02 09:00:00,73275.0
2024-10-02 10:00:00,73225.0
2024-10-02 11:00:00,73255.0
2024-10-02 12:00:00,72855.0
2024-10-02 13:00:00,73435.0
2024-10-02 14:00:00,73105.0
2024-10-02 15:00:00,73965.0
2024-10-02 16:00:00,73835.0
2024-10-02 17:00:00,73725.0
2024-10-02 18:00:00,72815.0
2024-10-02 19:00:00,72215.0
2024-10-02 20:00:00,72940.0
2024-10-02 22:00:00,72855.0
2024-10-02 23:00:00,72630.0
2024-10-03 00:00:00,72960.0
2024-10-03 01:00:00,73005.0
2024-10-03 02:00:00,73195.0
2024-10-03 03:00:00,73445.0
2024-10-03 04:00:00,73320.0
2024-10-03 05:00:00,73075.0
2024-10-03 06:00:00,73340.0
2024-10-03 07:00:00,72925.0
2024-10-03 08:00:00,72320.0
2024-10-03 09:00:00,72705.0
2024-10-03 10:00:00,73045.0
2024-10-03 11:00:00,72785.0
2024-10-03 12:00:00,72450.0
2024-10-03 13:00:00,72385.0
2024-10-03 14:00:00,72135.0
2024-10-03 15:00:00,72640.0
2024-10-03 16:00:00,72175.0
2024-10-03 17:00:00,72660.0
2024-10-03 18:00:00,72735.0
2024-10-03 19:00:00,73080.0
2024-10-03 20:00:00,72810.0
2024-10-03 22:00:00,72945.0
2024-10-03 23:00:00,72755.0
2024-10-04 00:00:00,72480.0
2024-10-04 01:00:00,73205.0
2024-10-04 02:00:00,73050.0
2024-10-04 03:00:00,72905.0
2024-10-04 04:00:00,72985.0
2024-10-04 05:00:00,74495.0
2024-10-04 06:00:00,73130.0
2024-10-04 07:00:00,73430.0
2024-10-04 08:00:00,73450.0
2024-10-04 09:00:00,73330.0
2024-10-04 10:00:00,73230.0
2024-10-04 11:00:00,73405.0
2024-10-04 12:00:00,73930.0
2024-10-04 13:00:00,73550.0
2024-10-04 14:00:00,73225.0
2024-10-04 15:00:00,73905.0
2024-10-04 16:00:00,74315.0
2024-10-04 17:00:00,74025.0
2024-10-04 18:00:00,74405.0
2024-10-04 19:00:00,74445.0
2024-10-04 20:00:00,74460.0
2024-10-06 22:00:00,74695.0
2024-10-06 23:00:00,74855.0
2024-10-07 00:00:00,75750.0
2024-10-07 01:00:00,75890.0
2024-10-07 02:00:00,75720.0
2024-10-07 03:00:00,75600.0
2024-10-07 04:00:00,75535.0
2024-10-07 05:00:00,75400.0
2024-10-07 06:00:00,75730.0
2024-10-07 07:00:00,75535.0
2024-10-07 08:00:00,75595.0
2024-10-07 09:00:00,75190.0
2024-10-07 10:00:00,74875.0
2024-10-07 11:00:00,75115.0
2024-10-07 12:00:00,74855.0
2024-10-07 13:00:00,75455.0
2024-10-07 14:00:00,76050.0
2024-10-07 15:00:00,75695.0
2024-10-07 16:00:00,75880.0
2024-10-07 17:00:00,75860.0
2024-10-07 18:00:00,74835.0
2024-10-07 19:00:00,75400.0
2024-10-07 20:00:00,75025.0
2024-10-07 22:00:00,74495.0
2024-10-07 23:00:00,74230.0
2024-10-08 00:00:00,74580.0
2024-10-08 01:00:00,74630.0
2024-10-08 02:00:00,74760.0
2024-10-08 03:00:00,74590.0
2024-10-08 04:00:00,74690.0
2024-10-08 05:00:00,74480.0
2024-10-08 06:00:00,74485.0
2024-10-08 07:00:00,74270.0
2024-10-08 08:00:00,74395.0
2024-10-08 09:00:00,74540.0
2024-10-08 10:00:00,74520.0
2024-10-08 11:00:00,74635.0
2024-10-08 12:00:00,74440.0
2024-10-08 13:00:00,75055.0
2024-10-08 14:00:00,74785.0
2024-10-08 15:00:00,74265.0
2024-10-08 16:00:00,74520.0
2024-10-08 17:00:00,74335.0
2024-10-08 18:00:00,74040.0
2024-10-08 19:00:00,74175.0
2024-10-08 20:00:00,74345.0
2024-10-08 22:00:00,74090.0
2024-10-08 23:00:00,74065.0
2024-10-09 00:00:00,74035.0
2024-10-09 01:00:00,74395.0
2024-10-09 02:00:00,74170.0
2024-10-09 03:00:00,74315.0
2024-10-09 04:00:00,74280.0
2024-10-09 05:00:00,74460.0
2024-10-09 06:00:00,74365.0
2024-10-09 07:00:00,74195.0
2024-10-09 08:00:00,74025.0
2024-10-09 09:00:00,74190.0
2024-10-09 10:00:00,74080.0
2024-10-09 11:00:00,74110.0
2024-10-09 12:00:00,73870.0
2024-10-09 13:00:00,73710.0
2024-10-09 14:00:00,73780.0
2024-10-09 15:00:00,74265.0
2024-10-09 16:00:00,73720.0
2024-10-09 17:00:00,73635.0
2024-10-09 18:00:00,73060.0
2024-10-09 19:00:00,72895.0
2024-10-09 20:00:00,72340.0
2024-10-09 22:00:00,72635.0
2024-10-09 23:00:00,72460.0
2024-10-10 00:00:00,72255.0
2024-10-10 01:00:00,72635.0
2024-10-10 02:00:00,72745.0
2024-10-10 03:00:00,72750.0
2024-10-10 04:00:00,72760.0
2024-10-10 05:00:00,71575.0
2024-10-10 06:00:00,73010.0
2024-10-10 07:00:00,72760.0
2024-10-10 08:00:00,72645.0
2024-10-10 09:00:00,72790.0
2024-10-10 10:00:00,72930.0
2024-10-10 11:00:00,73145.0
2024-10-10 12:00:00,72860.0
2024-10-10 13:00:00,72820.0
2024-10-10 14:00:00,72455.0
2024-10-10 15:00:00,72655.0
2024-10-10 16:00:00,72135.0
2024-10-10 17:00:00,71425.0
2024-10-10 18:00:00,71310.0
2024-10-10 19:00:00,71585.0
2024-10-10 20:00:00,71595.0
2024-10-10 22:00:00,71980.0
2024-10-10 23:00:00,72210.0
2024-10-11 00:00:00,72070.0
2024-10-11 01:00:00,72495.0
2024-10-11 02:00:00,72440.0
2024-10-11 03:00:00,72535.0
2024-10-11 04:00:00,72610.0
2024-10-11 05:00:00,72520.0
2024-10-11 06:00:00,72715.0
2024-10-11 07:00:00,72565.0
2024-10-11 08:00:00,72570.0
2024-10-11 09:00:00,72980.0
2024-10-11 10:00:00,73060.0
2024-10-11 11:00:00,73080.0
2024-10-11 12:00:00,73315.0
2024-10-11 13:00:00,73630.0
2024-10-11 14:00:00,73740.0
2024-10-11 15:00:00,74255.0
2024-10-11 16:00:00,74270.0
2024-10-11 17:00:00,74945.0
2024-10-11 18:00:00,74950.0
2024-10-11 19:00:00,75125.0
2024-10-11 20:00:00,75065.0
2024-10-13 22:00:00,74835.0
2024-10-13 23:00:00,74845.0
2024-10-14 00:00:00,74495.0
2024-10-14 01:00:00,74600.0
2024-10-14 02:00:00,74555.0
2024-10-14 03:00:00,76315.0
2024-10-14 04:00:00,76210.0
2024-10-14 05:00:00,77925.0
2024-10-14 06:00:00,76135.0
2024-10-14 07:00:00,76655.0
2024-10-14 08:00:00,76465.0
2024-10-14 09:00:00,76830.0
2024-10-14 10:00:00,76905.0
2024-10-14 11:00:00,76940.0
2024-10-14 12:00:00,76880.0
2024-10-14 13:00:00,77175.0
2024-10-14 14:00:00,77965.0
2024-10-14 15:00:00,77945.0
2024-10-14 16:00:00,77760.0
2024-10-14 17:00:00,77680.0
2024-10-14 18:00:00,77805.0
2024-10-14 19:00:00,77920.0
2024-10-14 20:00:00,77950.0
2024-10-14 22:00:00,78480.0
2024-10-14 23:00:00,78080.0
2024-10-15 00:00:00,77960.0
2024-10-15 01:00:00,77885.0
2024-10-15 02:00:00,77785.0
2024-10-15 03:00:00,77455.0
2024-10-15 04:00:00,77635.0
2024-10-15 05:00:00,77375.0
2024-10-15 06:00:00,77605.0
2024-10-15 07:00:00,77650.0
2024-10-15 08:00:00,77720.0
2024-10-15 09:00:00,77650.0
2024-10-15 10:00:00,77650.0
2024-10-15 11:00:00,77405.0
2024-10-15 12:00:00,77815.0
2024-10-15 13:00:00,79720.0
2024-10-15 14:00:00,77335.0
2024-10-15 15:00:00,77965.0
2024-10-15 16:00:00,78870.0
2024-10-15 17:00:00,78830.0
2024-10-15 18:00:00,78915.0
2024-10-15 19:00:00,78990.0
2024-10-15 20:00:00,78565.0
2024-10-15 22:00:00,78795.0
2024-10-15 23:00:00,79125.0
2024-10-16 00:00:00,78925.0
2024-10-16 01:00:00,79345.0
2024-10-16 02:00:00,79330.0
2024-10-16 03:00:00,79100.0
2024-10-16 04:00:00,79065.0
2024-10-16 05:00:00,79260.0
2024-10-16 06:00:00,79105.0
2024-10-16 07:00:00,78970.0
2024-10-16 08:00:00,79160.0
2024-10-16 09:00:00,79445.0
2024-10-16 10:00:00,79765.0
2024-10-16 11:00:00,79950.0
2024-10-16 12:00:00,79855.0
2024-10-16 13:00:00,79380.0
2024-10-16 14:00:00,79600.0
2024-10-16 15:00:00,79735.0
2024-10-16 16:00:00,79790.0
2024-10-16 17:00:00,79915.0
2024-10-16 18:00:00,79805.0
2024-10-16 19:00:00,79675.0
2024-10-16 20:00:00,79605.0
2024-10-16 22:00:00,79765.0
2024-10-16 23:00:00,79600.0
2024-10-17 00:00:00,79685.0
2024-10-17 01:00:00,79875.0
2024-10-17 02:00:00,79425.0
2024-10-17 03:00:00,79570.0
2024-10-17 04:00:00,79195.0
2024-10-17 05:00:00,78685.0
2024-10-17 06:00:00,79100.0
2024-10-17 07:00:00,79235.0
2024-10-17 08:00:00,79390.0
2024-10-17 09:00:00,79145.0
2024-10-17 10:00:00,79195.0
2024-10-17 11:00:00,78805.0
2024-10-17 12:00:00,79110.0
2024-10-17 13:00:00,78945.0
2024-10-17 14:00:00,79045.0
2024-10-17 15:00:00,79535.0
2024-10-17 16:00:00,79310.0
2024-10-17 17:00:00,79225.0
2024-10-17 18:00:00,78850.0
2024-10-17 19:00:00,78720.0
2024-10-17 20:00:00,78880.0
2024-10-17 22:00:00,79340.0
2024-10-17 23:00:00,79330.0
2024-10-18 00:00:00,79120.0
2024-10-18 01:00:00,80055.0
2024-10-18 02:00:00,80055.0
2024-10-18 03:00:00,79465.0
2024-10-18 04:00:00,79650.0
2024-10-18 05:00:00,79930.0
2024-10-18 06:00:00,80045.0
2024-10-18 07:00:00,79905.0
2024-10-18 08:00:00,79840.0
2024-10-18 09:00:00,79695.0
2024-10-18 10:00:00,79815.0
2024-10-18 11:00:00,79590.0
2024-10-18 12:00:00,79550.0
2024-10-18 13:00:00,80130.0
2024-10-18 14:00:00,80385.0
2024-10-18 15:00:00,80680.0
2024-10-18 16:00:00,80755.0
2024-10-18 17:00:00,80710.0
2024-10-18 18:00:00,80885.0
2024-10-18 19:00:00,80530.0
2024-10-18 20:00:00,80315.0
2024-10-20 22:00:00,81045.0
2024-10-20 23:00:00,80905.0
2024-10-21 00:00:00,81050.0
2024-10-21 01:00:00,81075.0
2024-10-21 02:00:00,80585.0
2024-10-21 03:00:00,80800.0
2024-10-21 04:00:00,80905.0
2024-10-21 05:00:00,80855.0
2024-10-21 06:00:00,80520.0
2024-10-21 07:00:00,80360.0
2024-10-21 08:00:00,80155.0
2024-10-21 09:00:00,80220.0
2024-10-21 10:00:00,80130.0
2024-10-21 11:00:00,80100.0
2024-10-21 12:00:00,80055.0
2024-10-21 13:00:00,79140.0
2024-10-21 14:00:00,79100.0
2024-10-21 15:00:00,79150.0
2024-10-21 16:00:00,79135.0
2024-10-21 17:00:00,79315.0
2024-10-21 18:00:00,79135.0
2024-10-21 19:00:00,79575.0
2024-10-21 20:00:00,79560.0
2024-10-21 22:00:00,79560.0
2024-10-21 23:00:00,79145.0
2024-10-22 00:00:00,78940.0
2024-10-22 01:00:00,79320.0
2024-10-22 02:00:00,79120.0
2024-10-22 03:00:00,79225.0
2024-10-22 04:00:00,79320.0
2024-10-22 05:00:00,79270.0
2024-10-22 06:00:00,79430.0
2024-10-22 07:00:00,79200.0
2024-10-22 08:00:00,78715.0
2024-10-22 09:00:00,78780.0
2024-10-22 10:00:00,78995.0
2024-10-22 11:00:00,79135.0
2024-10-22 12:00:00,78790.0
2024-10-22 13:00:00,78815.0
2024-10-22 14:00:00,79370.0
2024-10-22 15:00:00,79110.0
2024-10-22 16:00:00,78770.0
2024-10-22 17:00:00,79125.0
2024-10-22 18:00:00,79190.0
2024-10-22 19:00:00,79270.0
2024-10-22 20:00:00,79310.0
2024-10-22 22:00:00,79515.0
2024-10-22 23:00:00,79180.0
2024-10-23 00:00:00,78915.0
2024-10-23 01:00:00,79125.0
2024-10-23 02:00:00,78915.0
2024-10-23 03:00:00,78910.0
2024-10-23 04:00:00,79045.0
2024-10-23 05:00:00,78920.0
2024-10-23 06:00:00,78735.0
2024-10-23 07:00:00,78615.0
2024-10-23 08:00:00,78285.0
2024-10-23 09:00:00,78300.0
2024-10-23 10:00:00,78235.0
2024-10-23 11:00:00,78255.0
2024-10-23 12:00:00,78270.0
2024-10-23 13:00:00,78660.0
2024-10-23 14:00:00,78270.0
2024-10-23 15:00:00,78045.0
2024-10-23 16:00:00,77620.0
2024-10-23 17:00:00,77460.0
2024-10-23 18:00:00,77765.0
2024-10-23 19:00:00,78160.0
2024-10-23 20:00:00,78490.0
2024-10-23 22:00:00,78260.0
2024-10-23 23:00:00,78550.0
2024-10-24 00:00:00,79275.0
2024-10-24 01:00:00,79040.0
2024-10-24 02:00:00,79285.0
2024-10-24 03:00:00,79045.0
2024-10-24 04:00:00,79225.0
2024-10-24 05:00:00,80075.0
2024-10-24 06:00:00,78920.0
2024-10-24 07:00:00,78885.0
2024-10-24 08:00:00,78685.0
2024-10-24 09:00:00,78670.0
2024-10-24 10:00:00,78835.0
2024-10-24 11:00:00,79070.0
2024-10-24 12:00:00,79285.0
2024-10-24 13:00:00,79730.0
2024-10-24 14:00:00,79545.0
2024-10-24 15:00:00,79515.0
2024-10-24 16:00:00,79455.0
2024-10-24 17:00:00,79465.0
2024-10-24 18:00:00,79600.0
2024-10-24 19:00:00,80150.0
2024-10-24 20:00:00,80035.0
2024-10-24 22:00:00,80075.0
2024-10-24 23:00:00,80065.0
2024-10-25 00:00:00,79865.0
2024-10-25 01:00:00,79825.0
2024-10-25 02:00:00,79925.0
2024-10-25 03:00:00,79870.0
2024-10-25 04:00:00,79595.0
2024-10-25 05:00:00,78520.0
2024-10-25 06:00:00,79500.0
2024-10-25 07:00:00,79390.0
2024-10-25 08:00:00,79495.0
2024-10-25 09:00:00,79660.0
2024-10-25 10:00:00,79700.0
2024-10-25 11:00:00,79970.0
2024-10-25 12:00:00,79945.0
2024-10-25 13:00:00,80205.0
2024-10-25 14:00:00,80250.0
2024-10-25 15:00:00,79465.0
2024-10-25 16:00:00,79470.0
2024-10-25 17:00:00,78520.0
2024-10-25 18:00:00,78755.0
2024-10-25 19:00:00,78540.0
2024-10-25 20:00:00,78705.0
2024-10-27 22:00:00,80150.0
2024-10-27 23:00:00,79930.0
2024-10-28 00:00:00,79665.0
2024-10-28 01:00:00,79510.0
2024-10-28 02:00:00,79515.0
2024-10-28 03:00:00,79450.0
2024-10-28 04:00:00,79440.0
2024-10-28 05:00:00,79605.0
2024-10-28 06:00:00,79655.0
2024-10-28 07:00:00,80225.0
2024-10-28 08:00:00,80135.0
2024-10-28 09:00:00,80350.0
2024-10-28 10:00:00,80450.0
2024-10-28 11:00:00,80540.0
2024-10-28 12:00:00,80745.0
2024-10-28 13:00:00,80690.0
2024-10-28 14:00:00,80705.0
2024-10-28 15:00:00,80310.0
2024-10-28 16:00:00,80560.0
2024-10-28 17:00:00,80845.0
2024-10-28 18:00:00,81080.0
2024-10-28 19:00:00,81515.0
2024-10-28 20:00:00,81590.0
2024-10-28 22:00:00,81835.0
2024-10-28 23:00:00,81895.0
2024-10-29 00:00:00,81875.0
2024-10-29 01:00:00,82230.0
2024-10-29 02:00:00,83175.0
2024-10-29 03:00:00,82945.0
2024-10-29 04:00:00,83105.0
2024-10-29 05:00:00,84575.0
2024-10-29 06:00:00,83255.0
2024-10-29 07:00:00,83050.0
2024-10-29 08:00:00,83135.0
2024-10-29 09:00:00,83290.0
2024-10-29 10:00:00,83175.0
2024-10-29 11:00:00,83480.0
2024-10-29 12:00:00,83060.0
2024-10-29 13:00:00,83795.0
2024-10-29 14:00:00,83895.0
2024-10-29 15:00:00,84475.0
2024-10-29 16:00:00,84810.0
2024-10-29 17:00:00,84815.0
2024-10-29 18:00:00,85275.0
2024-10-29 19:00:00,84530.0
2024-10-29 20:00:00,84375.0
2024-10-29 22:00:00,84725.0
2024-10-29 23:00:00,84880.0
2024-10-30 00:00:00,84435.0
2024-10-30 01:00:00,84520.0
2024-10-30 02:00:00,84385.0
2024-10-30 03:00:00,84280.0
2024-10-30 04:00:00,84330.0
2024-10-30 05:00:00,83770.0
2024-10-30 06:00:00,84345.0
2024-10-30 07:00:00,84295.0
2024-10-30 08:00:00,84335.0
2024-10-30 09:00:00,84660.0
2024-10-30 10:00:00,84445.0
2024-10-30 11:00:00,84085.0
2024-10-30 12:00:00,83910.0
2024-10-30 13:00:00,83920.0
2024-10-30 14:00:00,84395.0
2024-10-30 15:00:00,84045.0
2024-10-30 16:00:00,84135.0
2024-10-30 17:00:00,83855.0
2024-10-30 18:00:00,83930.0
2024-10-30 19:00:00,83760.0
2024-10-30 20:00:00,84890.0
2024-10-30 22:00:00,84395.0
2024-10-30 23:00:00,84315.0
2024-10-31 00:00:00,84135.0
2024-10-31 01:00:00,84355.0
2024-10-31 02:00:00,84585.0
2024-10-31 03:00:00,84385.0
2024-10-31 04:00:00,84275.0
2024-10-31 05:00:00,84280.0
2024-10-31 06:00:00,84155.0
2024-10-31 07:00:00,84415.0
2024-10-31 08:00:00,84255.0
2024-10-31 09:00:00,84280.0
2024-10-31 10:00:00,84635.0
2024-10-31 11:00:00,84230.0
2024-10-31 12:00:00,84095.0
2024-10-31 13:00:00,83125.0
2024-10-31 14:00:00,82545.0
2024-10-31 15:00:00,82385.0
2024-10-31 16:00:00,82150.0
2024-10-31 17:00:00,82510.0
2024-10-31 18:00:00,82335.0
2024-10-31 19:00:00,81720.0
2024-10-31 20:00:00,81630.0
2024-10-31 22:00:00,82115.0
2024-10-31 23:00:00,81920.0
2024-11-01 00:00:00,81745.0
2024-11-01 01:00:00,81000.0
2024-11-01 02:00:00,81130.0
2024-11-01 03:00:00,80920.0
2024-11-01 04:00:00,81160.0
2024-11-01 05:00:00,80965.0
2024-11-01 06:00:00,80785.0
2024-11-01 07:00:00,80845.0
2024-11-01 08:00:00,80970.0
2024-11-01 09:00:00,81130.0
2024-11-01 10:00:00,81555.0
2024-11-01 11:00:00,81630.0
2024-11-01 12:00:00,81970.0
2024-11-01 13:00:00,82910.0
2024-11-01 14:00:00,83055.0
2024-11-01 15:00:00,81080.0
2024-11-01 16:00:00,81635.0
2024-11-01 17:00:00,81270.0
2024-11-01 18:00:00,80775.0
2024-11-01 19:00:00,80930.0
2024-11-01 20:00:00,80935.0
2024-11-03 23:00:00,80305.0
2024-11-04 00:00:00,80260.0
2024-11-04 01:00:00,80535.0
2024-11-04 02:00:00,80835.0
2024-11-04 03:00:00,80560.0
2024-11-04 04:00:00,80695.0
2024-11-04 05:00:00,80315.0
2024-11-04 06:00:00,80620.0
2024-11-04 07:00:00,80100.0
2024-11-04 08:00:00,80205.0
2024-11-04 09:00:00,80210.0
2024-11-04 10:00:00,80425.0
2024-11-04 11:00:00,80380.0
2024-11-04 12:00:00,80520.0
2024-11-04 13:00:00,80215.0
2024-11-04 14:00:00,80000.0
2024-11-04 15:00:00,80285.0
2024-11-04 16:00:00,79325.0
2024-11-04 17:00:00,79395.0
2024-11-04 18:00:00,79220.0
2024-11-04 19:00:00,79435.0
2024-11-04 20:00:00,78915.0
2024-11-04 21:00:00,78635.0
2024-11-04 23:00:00,79390.0
2024-11-05 00:00:00,79555.0
2024-11-05 01:00:00,79530.0
2024-11-05 02:00:00,79420.0
2024-11-05 03:00:00,79760.0
2024-11-05 04:00:00,79830.0
2024-11-05 05:00:00,80260.0
2024-11-05 06:00:00,80335.0
2024-11-05 07:00:00,80435.0
2024-11-05 08:00:00,80620.0
2024-11-05 09:00:00,80360.0
2024-11-05 10:00:00,80320.0
2024-11-05 11:00:00,80380.0
2024-11-05 12:00:00,80430.0
2024-11-05 13:00:00,80380.0
2024-11-05 14:00:00,81625.0
2024-11-05 15:00:00,81210.0
2024-11-05 16:00:00,81800.0
2024-11-05 17:00:00,81605.0
2024-11-05 18:00:00,81940.0
2024-11-05 19:00:00,80645.0
2024-11-05 20:00:00,81085.0
2024-11-05 21:00:00,80855.0
2024-11-05 23:00:00,80975.0
2024-11-06 00:00:00,82880.0
2024-11-06 01:00:00,82900.0
2024-11-06 02:00:00,84980.0
2024-11-06 03:00:00,86220.0
2024-11-06 04:00:00,86185.0
2024-11-06 05:00:00,86730.0
2024-11-06 06:00:00,86220.0
2024-11-06 07:00:00,85370.0
2024-11-06 08:00:00,85405.0
2024-11-06 09:00:00,85690.0
2024-11-06 10:00:00,85755.0
2024-11-06 11:00:00,86215.0
2024-11-06 12:00:00,86090.0
2024-11-06 13:00:00,85895.0
2024-11-06 14:00:00,85510.0
2024-11-06 15:00:00,86195.0
2024-11-06 16:00:00,86235.0
2024-11-06 17:00:00,86355.0
2024-11-06 18:00:00,87235.0
2024-11-06 19:00:00,87855.0
2024-11-06 20:00:00,87985.0
2024-11-06 21:00:00,87890.0
2024-11-06 23:00:00,87510.0
2024-11-07 00:00:00,87305.0
2024-11-07 01:00:00,87305.0
2024-11-07 02:00:00,87155.0
2024-11-07 03:00:00,86935.0
2024-11-07 04:00:00,86645.0
2024-11-07 05:00:00,86675.0
2024-11-07 06:00:00,86660.0
2024-11-07 07:00:00,86690.0
2024-11-07 08:00:00,87075.0
2024-11-07 09:00:00,86840.0
2024-11-07 10:00:00,86960.0
2024-11-07 11:00:00,86650.0
2024-11-07 12:00:00,86895.0
2024-11-07 13:00:00,86525.0
2024-11-07 14:00:00,86690.0
2024-11-07 15:00:00,88025.0
2024-11-07 16:00:00,87845.0
2024-11-07 17:00:00,88190.0
2024-11-07 18:00:00,88525.0
2024-11-07 19:00:00,88515.0
2024-11-07 20:00:00,88340.0
2024-11-07 21:00:00,87750.0
2024-11-07 23:00:00,87770.0
2024-11-08 00:00:00,87940.0
2024-11-08 01:00:00,87930.0
2024-11-08 02:00:00,87670.0
2024-11-08 03:00:00,87880.0
2024-11-08 04:00:00,87830.0
2024-11-08 05:00:00,87930.0
2024-11-08 06:00:00,88595.0
2024-11-08 07:00:00,88190.0
2024-11-08 08:00:00,87740.0
2024-11-08 09:00:00,87910.0
2024-11-08 10:00:00,88215.0
2024-11-08 11:00:00,87885.0
2024-11-08 12:00:00,88000.0
2024-11-08 13:00:00,88245.0
2024-11-08 14:00:00,87645.0
2024-11-08 15:00:00,88350.0
2024-11-08 16:00:00,87765.0
2024-11-08 17:00:00,88285.0
2024-11-08 18:00:00,88805.0
2024-11-08 19:00:00,88920.0
2024-11-08 20:00:00,88510.0
2024-11-08 21:00:00,88335.0
2024-11-10 23:00:00,92310.0
2024-11-11 00:00:00,92445.0
2024-11-11 01:00:00,93110.0
2024-11-11 02:00:00,93410.0
2024-11-11 03:00:00,93555.0
2024-11-11 04:00:00,93440.0
2024-11-11 05:00:00,92675.0
2024-11-11 06:00:00,98970.0
2024-11-11 07:00:00,93030.0
2024-11-11 08:00:00,93165.0
2024-11-11 09:00:00,93650.0
2024-11-11 10:00:00,93915.0
2024-11-11 11:00:00,94100.0
2024-11-11 12:00:00,94185.0
2024-11-11 13:00:00,93810.0
2024-11-11 14:00:00,94455.0
2024-11-11 15:00:00,96140.0
2024-11-11 16:00:00,96235.0
2024-11-11 17:00:00,96630.0
2024-11-11 18:00:00,97925.0
2024-11-11 19:00:00,98230.0
2024-11-11 20:00:00,98960.0
2024-11-11 21:00:00,99935.0
2024-11-11 23:00:00,100650.0
2024-11-12 00:00:00,100970.0
2024-11-12 01:00:00,100530.0
2024-11-12 02:00:00,99750.0
2024-11-12 03:00:00,100140.0
2024-11-12 04:00:00,100435.0
2024-11-12 05:00:00,100440.0
2024-11-12 06:00:00,101325.0
2024-11-12 07:00:00,101105.0
2024-11-12 08:00:00,101370.0
2024-11-12 09:00:00,99660.0
2024-11-12 10:00:00,99015.0
2024-11-12 11:00:00,99310.0
2024-11-12 12:00:00,98445.0
2024-11-12 13:00:00,98390.0
2024-11-12 14:00:00,98930.0
2024-11-12 15:00:00,98555.0
2024-11-12 16:00:00,98960.0
2024-11-12 17:00:00,98795.0
2024-11-12 18:00:00,100720.0
2024-11-12 19:00:00,100675.0
2024-11-12 20:00:00,101445.0
2024-11-12 21:00:00,100220.0
2024-11-12 23:00:00,99945.0
2024-11-13 00:00:00,100165.0
2024-11-13 01:00:00,100315.0
2024-11-13 02:00:00,99950.0
2024-11-13 03:00:00,99220.0
2024-11-13 04:00:00,99250.0
2024-11-13 05:00:00,98605.0
2024-11-13 06:00:00,101490.0
2024-11-13 07:00:00,99375.0
2024-11-13 08:00:00,99165.0
2024-11-13 09:00:00,99380.0
2024-11-13 10:00:00,99460.0
2024-11-13 11:00:00,99535.0
2024-11-13 12:00:00,99535.0
2024-11-13 13:00:00,101125.0
2024-11-13 14:00:00,103470.0
2024-11-13 15:00:00,104640.0
2024-11-13 16:00:00,104330.0
2024-11-13 17:00:00,104225.0
2024-11-13 18:00:00,104745.0
2024-11-13 19:00:00,102075.0
2024-11-13 20:00:00,101515.0
2024-11-13 21:00:00,100275.0
2024-11-13 23:00:00,102130.0
2024-11-14 00:00:00,101890.0
2024-11-14 01:00:00,102165.0
2024-11-14 02:00:00,101860.0
2024-11-14 03:00:00,101740.0
2024-11-14 04:00:00,101875.0
2024-11-14 05:00:00,101710.0
2024-11-14 06:00:00,99155.0
2024-11-14 07:00:00,102490.0
2024-11-14 08:00:00,102270.0
2024-11-14 09:00:00,102695.0
2024-11-14 10:00:00,102880.0
2024-11-14 11:00:00,103280.0
2024-11-14 12:00:00,103025.0
2024-11-14 13:00:00,102495.0
2024-11-14 14:00:00,100460.0
2024-11-14 15:00:00,99630.0
2024-11-14 16:00:00,100845.0
2024-11-14 17:00:00,100955.0
2024-11-14 18:00:00,100810.0
2024-11-14 19:00:00,101135.0
2024-11-14 20:00:00,99140.0
2024-11-14 21:00:00,99750.0
2024-11-14 23:00:00,98890.0
2024-11-15 00:00:00,99515.0
2024-11-15 01:00:00,99745.0
2024-11-15 02:00:00,99980.0
2024-11-15 03:00:00,99840.0
2024-11-15 04:00:00,99135.0
2024-11-15 05:00:00,99375.0
2024-11-15 06:00:00,99790.0
2024-11-15 07:00:00,99330.0
2024-11-15 08:00:00,99725.0
2024-11-15 09:00:00,100875.0
2024-11-15 10:00:00,100995.0
2024-11-15 11:00:00,101375.0
2024-11-15 12:00:00,101455.0
2024-11-15 13:00:00,101860.0
2024-11-15 14:00:00,100840.0
2024-11-15 15:00:00,100065.0
2024-11-15 16:00:00,101000.0
2024-11-15 17:00:00,101145.0
2024-11-15 18:00:00,101005.0
2024-11-15 19:00:00,102095.0
2024-11-15 20:00:00,103285.0
2024-11-15 21:00:00,103520.0
2024-11-17 23:00:00,101545.0
2024-11-18 00:00:00,101595.0
2024-11-18 01:00:00,102530.0
2024-11-18 02:00:00,102250.0
2024-11-18 03:00:00,102430.0
2024-11-18 04:00:00,102240.0
2024-11-18 05:00:00,102405.0
2024-11-18 06:00:00,103295.0
2024-11-18 07:00:00,103540.0
2024-11-18 08:00:00,103550.0
2024-11-18 09:00:00,103520.0
2024-11-18 10:00:00,103505.0
2024-11-18 11:00:00,101960.0
2024-11-18 12:00:00,102185.0
2024-11-18 13:00:00,101210.0
2024-11-18 14:00:00,102065.0
2024-11-18 15:00:00,104145.0
2024-11-18 16:00:00,103185.0
2024-11-18 17:00:00,103375.0
2024-11-18 18:00:00,102090.0
2024-11-18 19:00:00,102385.0
2024-11-18 20:00:00,103300.0
2024-11-18 21:00:00,103175.0
2024-11-18 23:00:00,102255.0
2024-11-19 00:00:00,102780.0
2024-11-19 01:00:00,102460.0
2024-11-19 02:00:00,103020.0
2024-11-19 03:00:00,103205.0
2024-11-19 04:00:00,103270.0
2024-11-19 05:00:00,103785.0
2024-11-19 06:00:00,103865.0
2024-11-19 07:00:00,103485.0
2024-11-19 08:00:00,103620.0
2024-11-19 09:00:00,103560.0
2024-11-19 10:00:00,103620.0
2024-11-19 11:00:00,103520.0
2024-11-19 12:00:00,104385.0
2024-11-19 13:00:00,102900.0
2024-11-19 14:00:00,103635.0
2024-11-19 15:00:00,104200.0
2024-11-19 16:00:00,104415.0
2024-11-19 17:00:00,104740.0
2024-11-19 18:00:00,105600.0
2024-11-19 19:00:00,105135.0
2024-11-19 20:00:00,104320.0
2024-11-19 21:00:00,104105.0
2024-11-19 23:00:00,104110.0
2024-11-20 00:00:00,103875.0
2024-11-20 01:00:00,103785.0
2024-11-20 02:00:00,103560.0
2024-11-20 03:00:00,103815.0
2024-11-20 04:00:00,103895.0
2024-11-20 05:00:00,104295.0
2024-11-20 06:00:00,104185.0
2024-11-20 07:00:00,104685.0
2024-11-20 08:00:00,105080.0
2024-11-20 09:00:00,104935.0
2024-11-20 10:00:00,105110.0
2024-11-20 11:00:00,105330.0
2024-11-20 12:00:00,105430.0
2024-11-20 13:00:00,106255.0
2024-11-20 14:00:00,106480.0
2024-11-20 15:00:00,106670.0
2024-11-20 16:00:00,105885.0
2024-11-20 17:00:00,105710.0
2024-11-20 18:00:00,105490.0
2024-11-20 19:00:00,105835.0
2024-11-20 20:00:00,106045.0
2024-11-20 21:00:00,106180.0
2024-11-20 23:00:00,106070.0
2024-11-21 00:00:00,106510.0
2024-11-21 01:00:00,106485.0
2024-11-21 02:00:00,106165.0
2024-11-21 03:00:00,107600.0
2024-11-21 04:00:00,109350.0
2024-11-21 05:00:00,109080.0
2024-11-21 06:00:00,109970.0
2024-11-21 07:00:00,108675.0
2024-11-21 08:00:00,108890.0
2024-11-21 09:00:00,109375.0
2024-11-21 10:00:00,109505.0
2024-11-21 11:00:00,109685.0
2024-11-21 12:00:00,109055.0
2024-11-21 13:00:00,109275.0
2024-11-21 14:00:00,108725.0
2024-11-21 15:00:00,108305.0
2024-11-21 16:00:00,108825.0
2024-11-21 17:00:00,109860.0
2024-11-21 18:00:00,110040.0
2024-11-21 19:00:00,109565.0
2024-11-21 20:00:00,109810.0
2024-11-21 21:00:00,109815.0
2024-11-21 23:00:00,110120.0
2024-11-22 00:00:00,109735.0
2024-11-22 01:00:00,109970.0
2024-11-22 02:00:00,110600.0
2024-11-22 03:00:00,110700.0
2024-11-22 04:00:00,110645.0
2024-11-22 05:00:00,110605.0
2024-11-22 06:00:00,110825.0
2024-11-22 07:00:00,111085.0
2024-11-22 08:00:00,110875.0
2024-11-22 09:00:00,110365.0
2024-11-22 10:00:00,110050.0
2024-11-22 11:00:00,110735.0
2024-11-22 12:00:00,110375.0
2024-11-22 13:00:00,109430.0
2024-11-22 14:00:00,108850.0
2024-11-22 15:00:00,110425.0
2024-11-22 16:00:00,110740.0
2024-11-22 17:00:00,110775.0
2024-11-22 18:00:00,111020.0
2024-11-22 19:00:00,110925.0
2024-11-22 20:00:00,110955.0
2024-11-22 21:00:00,111205.0
2024-11-24 23:00:00,109635.0
2024-11-25 00:00:00,109605.0
2024-11-25 01:00:00,109000.0
2024-11-25 02:00:00,109055.0
2024-11-25 03:00:00,109535.0
2024-11-25 04:00:00,109320.0
2024-11-25 05:00:00,109700.0
2024-11-25 06:00:00,109945.0
2024-11-25 07:00:00,109555.0
2024-11-25 08:00:00,109970.0
2024-11-25 09:00:00,110350.0
2024-11-25 10:00:00,110215.0
2024-11-25 11:00:00,109915.0
2024-11-25 12:00:00,109835.0
2024-11-25 13:00:00,109260.0
2024-11-25 14:00:00,106890.0
2024-11-25 15:00:00,107590.0
2024-11-25 16:00:00,107595.0
2024-11-25 17:00:00,106795.0
2024-11-25 18:00:00,106525.0
2024-11-25 19:00:00,106175.0
2024-11-25 20:00:00,106445.0
2024-11-25 21:00:00,105080.0
2024-11-25 23:00:00,104535.0
2024-11-26 00:00:00,105435.0
2024-11-26 01:00:00,106425.0
2024-11-26 02:00:00,106075.0
2024-11-26 03:00:00,106145.0
2024-11-26 04:00:00,105860.0
2024-11-26 05:00:00,106335.0
2024-11-26 06:00:00,106100.0
2024-11-26 07:00:00,105325.0
2024-11-26 08:00:00,104385.0
2024-11-26 09:00:00,105090.0
2024-11-26 10:00:00,103825.0
2024-11-26 11:00:00,103805.0
2024-11-26 12:00:00,103660.0
2024-11-26 13:00:00,103710.0
2024-11-26 14:00:00,104975.0
2024-11-26 15:00:00,104355.0
2024-11-26 16:00:00,105655.0
2024-11-26 17:00:00,105175.0
2024-11-26 18:00:00,103595.0
2024-11-26 19:00:00,103210.0
2024-11-26 20:00:00,102390.0
2024-11-26 21:00:00,103090.0
2024-11-26 23:00:00,103325.0
2024-11-27 00:00:00,103335.0
2024-11-27 01:00:00,104240.0
2024-11-27 02:00:00,104335.0
2024-11-27 03:00:00,104095.0
2024-11-27 04:00:00,104070.0
2024-11-27 05:00:00,104230.0
2024-11-27 06:00:00,104645.0
2024-11-27 07:00:00,105140.0
2024-11-27 08:00:00,104980.0
2024-11-27 09:00:00,105005.0
2024-11-27 10:00:00,105435.0
2024-11-27 11:00:00,104970.0
2024-11-27 12:00:00,105090.0
2024-11-27 13:00:00,105900.0
2024-11-27 14:00:00,106600.0
2024-11-27 15:00:00,107290.0
2024-11-27 16:00:00,107385.0
2024-11-27 17:00:00,107945.0
2024-11-27 18:00:00,107995.0
2024-11-27 19:00:00,108375.0
2024-11-27 20:00:00,108355.0
2024-11-27 21:00:00,108095.0
2024-11-27 23:00:00,107725.0
2024-11-28 00:00:00,108420.0
2024-11-28 01:00:00,108150.0
2024-11-28 02:00:00,107595.0
2024-11-28 03:00:00,107380.0
2024-11-28 04:00:00,107525.0
2024-11-28 05:00:00,107190.0
2024-11-28 06:00:00,107300.0
2024-11-28 07:00:00,107160.0
2024-11-28 08:00:00,107275.0
2024-11-28 09:00:00,106725.0
2024-11-28 10:00:00,106755.0
2024-11-28 11:00:00,107175.0
2024-11-28 12:00:00,107320.0
2024-11-28 13:00:00,107455.0
2024-11-28 14:00:00,107170.0
2024-11-28 15:00:00,106700.0
2024-11-28 16:00:00,106655.0
2024-11-28 17:00:00,106580.0
2024-11-28 18:00:00,107000.0
2024-11-28 19:00:00,106820.0
2024-11-28 20:00:00,106585.0
2024-11-28 21:00:00,106875.0
2024-11-28 23:00:00,107385.0
2024-11-29 00:00:00,107215.0
2024-11-29 01:00:00,107650.0
2024-11-29 02:00:00,108565.0
2024-11-29 03:00:00,108365.0
2024-11-29 04:00:00,108065.0
2024-11-29 05:00:00,107970.0
2024-11-29 06:00:00,108790.0
2024-11-29 07:00:00,107420.0
2024-11-29 08:00:00,107695.0
2024-11-29 09:00:00,108185.0
2024-11-29 10:00:00,108675.0
2024-11-29 11:00:00,109075.0
2024-11-29 12:00:00,108775.0
2024-11-29 13:00:00,109020.0
2024-11-29 14:00:00,109965.0
2024-11-29 15:00:00,110240.0
2024-11-29 16:00:00,109930.0
2024-11-29 17:00:00,108760.0
2024-11-29 18:00:00,108965.0
2024-11-29 19:00:00,108970.0
2024-12-01 23:00:00,109130.0
2024-12-02 00:00:00,109305.0
2024-12-02 01:00:00,109810.0
2024-12-02 02:00:00,109425.0
2024-12-02 03:00:00,108090.0
2024-12-02 04:00:00,108275.0
2024-12-02 05:00:00,107945.0
2024-12-02 06:00:00,107060.0
2024-12-02 07:00:00,107520.0
2024-12-02 08:00:00,106580.0
2024-12-02 09:00:00,107045.0
2024-12-02 10:00:00,106495.0
2024-12-02 11:00:00,106640.0
2024-12-02 12:00:00,106445.0
2024-12-02 13:00:00,107215.0
2024-12-02 14:00:00,107950.0
2024-12-02 15:00:00,108710.0
2024-12-02 16:00:00,107735.0
2024-12-02 17:00:00,106000.0
2024-12-02 18:00:00,107040.0
2024-12-02 19:00:00,107200.0
2024-12-02 20:00:00,107070.0
2024-12-02 21:00:00,106850.0
2024-12-02 23:00:00,107325.0
2024-12-03 00:00:00,107300.0
2024-12-03 01:00:00,106990.0
2024-12-03 02:00:00,107530.0
2024-12-03 03:00:00,107625.0
2024-12-03 04:00:00,107485.0
2024-12-03 05:00:00,107685.0
2024-12-03 06:00:00,106960.0
2024-12-03 07:00:00,107060.0
2024-12-03 08:00:00,106995.0
2024-12-03 09:00:00,106735.0
2024-12-03 10:00:00,106195.0
2024-12-03 11:00:00,106420.0
2024-12-03 12:00:00,106275.0
2024-12-03 13:00:00,104925.0
2024-12-03 14:00:00,106615.0
2024-12-03 15:00:00,107180.0
2024-12-03 16:00:00,106525.0
2024-12-03 17:00:00,107220.0
2024-12-03 18:00:00,106865.0
2024-12-03 19:00:00,106850.0
2024-12-03 20:00:00,106970.0
2024-12-03 21:00:00,107405.0
2024-12-03 23:00:00,107340.0
2024-12-04 00:00:00,107255.0
2024-12-04 01:00:00,107745.0
2024-12-04 02:00:00,107255.0
2024-12-04 03:00:00,107220.0
2024-12-04 04:00:00,107435.0
2024-12-04 05:00:00,108035.0
2024-12-04 06:00:00,108060.0
2024-12-04 07:00:00,108130.0
2024-12-04 08:00:00,108320.0
2024-12-04 09:00:00,108455.0
2024-12-04 10:00:00,108165.0
2024-12-04 11:00:00,107780.0
2024-12-04 12:00:00,107480.0
2024-12-04 13:00:00,107130.0
2024-12-04 14:00:00,107230.0
2024-12-04 15:00:00,107200.0
2024-12-04 16:00:00,106125.0
2024-12-04 17:00:00,106820.0
2024-12-04 18:00:00,107435.0
2024-12-04 19:00:00,108665.0
2024-12-04 20:00:00,110445.0
2024-12-04 21:00:00,109355.0
2024-12-04 23:00:00,110325.0
2024-12-05 00:00:00,110105.0
2024-12-05 01:00:00,109975.0
2024-12-05 02:00:00,113125.0
2024-12-05 03:00:00,114685.0
2024-12-05 04:00:00,115025.0
2024-12-05 05:00:00,114220.0
2024-12-05 06:00:00,113615.0
2024-12-05 07:00:00,113945.0
2024-12-05 08:00:00,114560.0
2024-12-05 09:00:00,114400.0
2024-12-05 10:00:00,114035.0
2024-12-05 11:00:00,114285.0
2024-12-05 12:00:00,114585.0
2024-12-05 13:00:00,114505.0
2024-12-05 14:00:00,115165.0
2024-12-05 15:00:00,112590.0
2024-12-05 16:00:00,112420.0
2024-12-05 17:00:00,112620.0
2024-12-05 18:00:00,111405.0
2024-12-05 19:00:00,110310.0
2024-12-05 20:00:00,110185.0
2024-12-05 21:00:00,110190.0
2024-12-05 23:00:00,108085.0
2024-12-06 00:00:00,108625.0
2024-12-06 01:00:00,109160.0
2024-12-06 02:00:00,108640.0
2024-12-06 03:00:00,108810.0
2024-12-06 04:00:00,108920.0
2024-12-06 05:00:00,108895.0
2024-12-06 06:00:00,109105.0
2024-12-06 07:00:00,109140.0
2024-12-06 08:00:00,109415.0
2024-12-06 09:00:00,109125.0
2024-12-06 10:00:00,109265.0
2024-12-06 11:00:00,109225.0
2024-12-06 12:00:00,108780.0
2024-12-06 13:00:00,109830.0
2024-12-06 14:00:00,110815.0
2024-12-06 15:00:00,110645.0
2024-12-06 16:00:00,110350.0
2024-12-06 17:00:00,112235.0
2024-12-06 18:00:00,112835.0
2024-12-06 19:00:00,112955.0
2024-12-06 20:00:00,112905.0
2024-12-06 21:00:00,112020.0
2024-12-08 23:00:00,112475.0
2024-12-09 00:00:00,110765.0
2024-12-09 01:00:00,110595.0
2024-12-09 02:00:00,110185.0
2024-12-09 03:00:00,110095.0
2024-12-09 04:00:00,110445.0
2024-12-09 05:00:00,110445.0
2024-12-09 06:00:00,107215.0
2024-12-09 07:00:00,110570.0
2024-12-09 08:00:00,109870.0
2024-12-09 09:00:00,109425.0
2024-12-09 10:00:00,109715.0
2024-12-09 11:00:00,109045.0
2024-12-09 12:00:00,109675.0
2024-12-09 13:00:00,110075.0
2024-12-09 14:00:00,111355.0
2024-12-09 15:00:00,108750.0
2024-12-09 16:00:00,108810.0
2024-12-09 17:00:00,108325.0
2024-12-09 18:00:00,108760.0
2024-12-09 19:00:00,107995.0
2024-12-09 20:00:00,107145.0
2024-12-09 21:00:00,107875.0
2024-12-09 23:00:00,108280.0
2024-12-10 00:00:00,108885.0
2024-12-10 01:00:00,108995.0
2024-12-10 02:00:00,107725.0
2024-12-10 03:00:00,107825.0
2024-12-10 04:00:00,108055.0
2024-12-10 05:00:00,107950.0
2024-12-10 06:00:00,108475.0
2024-12-10 07:00:00,108225.0
2024-12-10 08:00:00,108455.0
2024-12-10 09:00:00,108565.0
2024-12-10 10:00:00,108790.0
2024-12-10 11:00:00,108810.0
2024-12-10 12:00:00,108260.0
2024-12-10 13:00:00,108805.0
2024-12-10 14:00:00,108885.0
2024-12-10 15:00:00,106700.0
2024-12-10 16:00:00,107250.0
2024-12-10 17:00:00,105490.0
2024-12-10 18:00:00,106140.0
2024-12-10 19:00:00,106890.0
2024-12-10 20:00:00,107460.0
2024-12-10 21:00:00,107800.0
2024-12-10 23:00:00,107630.0
2024-12-11 00:00:00,107425.0
2024-12-11 01:00:00,106795.0
2024-12-11 02:00:00,108300.0
2024-12-11 03:00:00,108425.0
2024-12-11 04:00:00,108595.0
2024-12-11 05:00:00,108530.0
2024-12-11 06:00:00,108735.0
2024-12-11 07:00:00,108370.0
2024-12-11 08:00:00,109185.0
2024-12-11 09:00:00,109055.0
2024-12-11 10:00:00,109245.0
2024-12-11 11:00:00,109390.0
2024-12-11 12:00:00,109355.0
2024-12-11 13:00:00,109870.0
2024-12-11 14:00:00,110730.0
2024-12-11 15:00:00,111610.0
2024-12-11 16:00:00,111855.0
2024-12-11 17:00:00,111060.0
2024-12-11 18:00:00,111570.0
2024-12-11 19:00:00,112305.0
2024-12-11 20:00:00,112490.0
2024-12-11 21:00:00,112655.0
2024-12-11 23:00:00,112300.0
2024-12-12 00:00:00,111945.0
2024-12-12 01:00:00,111685.0
2024-12-12 02:00:00,113025.0
2024-12-12 03:00:00,112080.0
2024-12-12 04:00:00,111740.0
2024-12-12 05:00:00,111650.0
2024-12-12 06:00:00,110830.0
2024-12-12 07:00:00,111460.0
2024-12-12 08:00:00,111960.0
2024-12-12 09:00:00,111830.0
2024-12-12 10:00:00,111565.0
2024-12-12 11:00:00,111350.0
2024-12-12 12:00:00,111845.0
2024-12-12 13:00:00,112005.0
2024-12-12 14:00:00,112770.0
2024-12-12 15:00:00,112855.0
2024-12-12 16:00:00,112530.0
2024-12-12 17:00:00,112625.0
2024-12-12 18:00:00,111830.0
2024-12-12 19:00:00,110370.0
2024-12-12 20:00:00,110940.0
2024-12-12 21:00:00,110625.0
2024-12-12 23:00:00,110955.0
2024-12-13 00:00:00,110980.0
2024-12-13 01:00:00,110265.0
2024-12-13 02:00:00,110320.0
2024-12-13 03:00:00,110565.0
2024-12-13 04:00:00,110845.0
2024-12-13 05:00:00,110760.0
2024-12-13 06:00:00,112725.0
2024-12-13 07:00:00,111025.0
2024-12-13 08:00:00,111175.0
2024-12-13 09:00:00,111060.0
2024-12-13 10:00:00,111470.0
2024-12-13 11:00:00,111350.0
2024-12-13 12:00:00,111275.0
2024-12-13 13:00:00,111300.0
2024-12-13 14:00:00,112120.0
2024-12-13 15:00:00,110815.0
2024-12-13 16:00:00,111955.0
2024-12-13 17:00:00,112815.0
2024-12-13 18:00:00,112575.0
2024-12-13 19:00:00,112500.0
2024-12-13 20:00:00,112700.0
2024-12-13 21:00:00,112240.0
2024-12-15 23:00:00,115515.0
2024-12-16 00:00:00,116475.0
2024-12-16 01:00:00,116575.0
2024-12-16 02:00:00,115595.0
2024-12-16 03:00:00,115545.0
2024-12-16 04:00:00,115635.0
2024-12-16 05:00:00,115975.0
2024-12-16 06:00:00,116150.0
2024-12-16 07:00:00,116015.0
2024-12-16 08:00:00,115490.0
2024-12-16 09:00:00,115660.0
2024-12-16 10:00:00,115625.0
2024-12-16 11:00:00,114660.0
2024-12-16 12:00:00,114510.0
2024-12-16 13:00:00,114790.0
2024-12-16 14:00:00,116460.0
2024-12-16 15:00:00,117425.0
2024-12-16 16:00:00,117900.0
2024-12-16 17:00:00,118210.0
2024-12-16 18:00:00,118240.0
2024-12-16 19:00:00,117690.0
2024-12-16 20:00:00,116790.0
2024-12-16 21:00:00,116960.0
2024-12-16 23:00:00,117020.0
2024-12-17 00:00:00,116840.0
2024-12-17 01:00:00,117330.0
2024-12-17 02:00:00,117155.0
2024-12-17 03:00:00,117815.0
2024-12-17 04:00:00,117420.0
2024-12-17 05:00:00,117780.0
2024-12-17 06:00:00,117615.0
2024-12-17 07:00:00,117750.0
2024-12-17 08:00:00,118380.0
2024-12-17 09:00:00,118245.0
2024-12-17 10:00:00,118145.0
2024-12-17 11:00:00,117675.0
2024-12-17 12:00:00,118105.0
2024-12-17 13:00:00,118280.0
2024-12-17 14:00:00,119315.0
2024-12-17 15:00:00,117410.0
2024-12-17 16:00:00,118040.0
2024-12-17 17:00:00,118525.0
2024-12-17 18:00:00,117475.0
2024-12-17 19:00:00,117465.0
2024-12-17 20:00:00,117670.0
2024-12-17 21:00:00,117390.0
2024-12-17 23:00:00,117060.0
2024-12-18 00:00:00,117005.0
2024-12-18 01:00:00,116225.0
2024-12-18 02:00:00,116150.0
2024-12-18 03:00:00,115555.0
2024-12-18 04:00:00,114630.0
2024-12-18 05:00:00,114270.0
2024-12-18 06:00:00,114425.0
2024-12-18 07:00:00,114895.0
2024-12-18 08:00:00,114525.0
2024-12-18 09:00:00,114800.0
2024-12-18 10:00:00,115275.0
2024-12-18 11:00:00,115790.0
2024-12-18 12:00:00,115720.0
2024-12-18 13:00:00,115365.0
2024-12-18 14:00:00,114780.0
2024-12-18 15:00:00,115245.0
2024-12-18 16:00:00,114970.0
2024-12-18 17:00:00,115450.0
2024-12-18 18:00:00,115640.0
2024-12-18 19:00:00,113475.0
2024-12-18 20:00:00,111325.0
2024-12-18 21:00:00,111600.0
2024-12-18 23:00:00,110720.0
2024-12-19 00:00:00,111415.0
2024-12-19 01:00:00,110265.0
2024-12-19 02:00:00,111075.0
2024-12-19 03:00:00,111810.0
2024-12-19 04:00:00,111295.0
2024-12-19 05:00:00,111860.0
2024-12-19 06:00:00,106930.0
2024-12-19 07:00:00,112275.0
2024-12-19 08:00:00,112300.0
2024-12-19 09:00:00,112495.0
2024-12-19 10:00:00,113090.0
2024-12-19 11:00:00,113170.0
2024-12-19 12:00:00,112690.0
2024-12-19 13:00:00,112685.0
2024-12-19 14:00:00,111645.0
2024-12-19 15:00:00,111285.0
2024-12-19 16:00:00,111340.0
2024-12-19 17:00:00,109345.0
2024-12-19 18:00:00,109480.0
2024-12-19 19:00:00,107745.0
2024-12-19 20:00:00,106965.0
2024-12-19 21:00:00,107960.0
2024-12-19 23:00:00,108005.0
2024-12-20 00:00:00,107695.0
2024-12-20 01:00:00,106805.0
2024-12-20 02:00:00,108115.0
2024-12-20 03:00:00,107635.0
2024-12-20 04:00:00,107820.0
2024-12-20 05:00:00,107255.0
2024-12-20 06:00:00,107770.0
2024-12-20 07:00:00,108335.0
2024-12-20 08:00:00,105925.0
2024-12-20 09:00:00,105320.0
2024-12-20 10:00:00,104840.0
2024-12-20 11:00:00,103255.0
2024-12-20 12:00:00,104415.0
2024-12-20 13:00:00,105725.0
2024-12-20 14:00:00,106175.0
2024-12-20 15:00:00,107605.0
2024-12-20 16:00:00,107365.0
2024-12-20 17:00:00,107890.0
2024-12-20 18:00:00,107690.0
2024-12-20 19:00:00,107695.0
2024-12-20 20:00:00,106985.0
2024-12-20 21:00:00,107105.0
2024-12-22 23:00:00,105635.0
2024-12-23 00:00:00,104855.0
2024-12-23 01:00:00,104810.0
2024-12-23 02:00:00,105065.0
2024-12-23 03:00:00,106330.0
2024-12-23 04:00:00,106145.0
2024-12-23 05:00:00,106030.0
2024-12-23 06:00:00,103380.0
2024-12-23 07:00:00,105720.0
2024-12-23 08:00:00,105845.0
2024-12-23 09:00:00,106375.0
2024-12-23 10:00:00,106710.0
2024-12-23 11:00:00,106255.0
2024-12-23 12:00:00,106660.0
2024-12-23 13:00:00,105095.0
2024-12-23 14:00:00,104540.0
2024-12-23 15:00:00,103365.0
2024-12-23 16:00:00,104195.0
2024-12-23 17:00:00,103520.0
2024-12-23 18:00:00,102820.0
2024-12-23 19:00:00,103095.0
2024-12-23 20:00:00,103190.0
2024-12-23 21:00:00,104085.0
2024-12-23 23:00:00,104975.0
2024-12-24 00:00:00,104800.0
2024-12-24 01:00:00,104260.0
2024-12-24 02:00:00,104060.0
2024-12-24 03:00:00,104460.0
2024-12-24 04:00:00,104580.0
2024-12-24 05:00:00,104710.0
2024-12-24 06:00:00,103910.0
2024-12-24 07:00:00,104285.0
2024-12-24 08:00:00,104675.0
2024-12-24 09:00:00,104120.0
2024-12-24 10:00:00,104135.0
2024-12-24 11:00:00,104490.0
2024-12-24 12:00:00,104320.0
2024-12-24 13:00:00,106140.0
2024-12-24 14:00:00,107865.0
2024-12-24 15:00:00,108725.0
2024-12-24 16:00:00,109210.0
2024-12-24 17:00:00,109495.0
2024-12-24 18:00:00,109200.0
2024-12-25 23:00:00,110140.0
2024-12-26 00:00:00,109670.0
2024-12-26 01:00:00,109675.0
2024-12-26 02:00:00,109360.0
2024-12-26 03:00:00,109585.0
2024-12-26 04:00:00,108820.0
2024-12-26 05:00:00,108905.0
2024-12-26 06:00:00,105715.0
2024-12-26 07:00:00,108300.0
2024-12-26 08:00:00,106265.0
2024-12-26 09:00:00,105685.0
2024-12-26 10:00:00,105575.0
2024-12-26 11:00:00,105640.0
2024-12-26 12:00:00,105745.0
2024-12-26 13:00:00,105815.0
2024-12-26 14:00:00,105560.0
2024-12-26 15:00:00,106245.0
2024-12-26 16:00:00,106710.0
2024-12-26 17:00:00,105910.0
2024-12-26 18:00:00,105730.0
2024-12-26 19:00:00,106135.0
2024-12-26 20:00:00,105640.0
2024-12-26 21:00:00,105875.0
2024-12-26 23:00:00,105945.0
2024-12-27 00:00:00,105900.0
2024-12-27 01:00:00,105990.0
2024-12-27 02:00:00,106140.0
2024-12-27 03:00:00,106525.0
2024-12-27 04:00:00,106395.0
2024-12-27 05:00:00,106390.0
2024-12-27 06:00:00,106720.0
2024-12-27 07:00:00,105190.0
2024-12-27 08:00:00,105850.0
2024-12-27 09:00:00,106945.0
2024-12-27 10:00:00,106690.0
2024-12-27 11:00:00,107060.0
2024-12-27 12:00:00,106700.0
2024-12-27 13:00:00,106490.0
2024-12-27 14:00:00,105695.0
2024-12-27 15:00:00,104515.0
2024-12-27 16:00:00,104020.0
2024-12-27 17:00:00,104080.0
2024-12-27 18:00:00,104345.0
2024-12-27 19:00:00,104605.0
2024-12-27 20:00:00,104475.0
2024-12-27 21:00:00,104350.0
2024-12-29 23:00:00,103550.0
2024-12-30 00:00:00,103405.0
2024-12-30 01:00:00,103665.0
2024-12-30 02:00:00,103600.0
2024-12-30 03:00:00,103510.0
2024-12-30 04:00:00,103040.0
2024-12-30 05:00:00,103315.0
2024-12-30 06:00:00,103685.0
2024-12-30 07:00:00,103540.0
2024-12-30 08:00:00,103665.0
2024-12-30 09:00:00,103680.0
2024-12-30 10:00:00,103625.0
2024-12-30 11:00:00,103795.0
2024-12-30 12:00:00,103585.0
2024-12-30 13:00:00,102315.0
2024-12-30 14:00:00,101410.0
2024-12-30 15:00:00,101685.0
2024-12-30 16:00:00,101730.0
2024-12-30 17:00:00,103505.0
2024-12-30 18:00:00,104365.0
2024-12-30 19:00:00,104195.0
2024-12-30 20:00:00,104180.0
2024-12-30 21:00:00,101890.0
2024-12-30 23:00:00,102575.0
2024-12-31 00:00:00,102225.0
2024-12-31 01:00:00,102155.0
2024-12-31 02:00:00,102265.0
2024-12-31 03:00:00,102285.0
2024-12-31 04:00:00,102265.0
2024-12-31 05:00:00,102440.0
2024-12-31 06:00:00,102630.0
2024-12-31 07:00:00,102700.0
2024-12-31 08:00:00,103770.0
2024-12-31 09:00:00,103805.0
2024-12-31 10:00:00,103965.0
2024-12-31 11:00:00,104110.0
2024-12-31 12:00:00,104425.0
2024-12-31 13:00:00,105390.0
2024-12-31 14:00:00,105550.0
2024-12-31 15:00:00,105315.0
2024-12-31 16:00:00,104700.0
2024-12-31 17:00:00,103970.0
2024-12-31 18:00:00,103650.0
2024-12-31 19:00:00,103985.0
2024-12-31 20:00:00,103290.0
2024-12-31 21:00:00,103650.0
2025-01-01 23:00:00,104260.0
2025-01-02 00:00:00,104850.0
2025-01-02 01:00:00,104610.0
2025-01-02 02:00:00,105020.0
2025-01-02 03:00:00,104725.0
2025-01-02 04:00:00,105520.0
2025-01-02 05:00:00,105365.0
2025-01-02 06:00:00,105420.0
2025-01-02 07:00:00,105675.0
2025-01-02 08:00:00,105980.0
2025-01-02 09:00:00,106605.0
2025-01-02 10:00:00,106650.0
2025-01-02 11:00:00,106705.0
2025-01-02 12:00:00,106855.0
2025-01-02 13:00:00,106470.0
2025-01-02 14:00:00,107335.0
2025-01-02 15:00:00,106405.0
2025-01-02 16:00:00,107270.0
2025-01-02 17:00:00,106685.0
2025-01-02 18:00:00,107340.0
2025-01-02 19:00:00,107335.0
2025-01-02 20:00:00,107355.0
2025-01-02 21:00:00,107215.0
2025-01-02 23:00:00,106995.0
2025-01-03 00:00:00,106860.0
2025-01-03 01:00:00,106975.0
2025-01-03 02:00:00,106965.0
2025-01-03 03:00:00,107045.0
2025-01-03 04:00:00,106755.0
2025-01-03 05:00:00,106695.0
2025-01-03 06:00:00,108440.0
2025-01-03 07:00:00,106310.0
2025-01-03 08:00:00,105985.0
2025-01-03 09:00:00,106495.0
2025-01-03 10:00:00,106460.0
2025-01-03 11:00:00,106725.0
2025-01-03 12:00:00,106595.0
2025-01-03 13:00:00,106415.0
2025-01-03 14:00:00,107075.0
2025-01-03 15:00:00,107520.0
2025-01-03 16:00:00,107865.0
2025-01-03 17:00:00,107995.0
2025-01-03 18:00:00,108560.0
2025-01-03 19:00:00,108680.0
2025-01-03 20:00:00,108415.0
2025-01-03 21:00:00,108405.0
2025-01-05 23:00:00,108385.0
2025-01-06 00:00:00,108195.0
2025-01-06 01:00:00,108755.0
2025-01-06 02:00:00,108795.0
2025-01-06 03:00:00,109000.0
2025-01-06 04:00:00,109480.0
2025-01-06 05:00:00,109735.0
2025-01-06 06:00:00,112360.0
2025-01-06 07:00:00,109395.0
2025-01-06 08:00:00,109065.0
2025-01-06 09:00:00,109015.0
2025-01-06 10:00:00,108725.0
2025-01-06 11:00:00,109225.0
2025-01-06 12:00:00,109150.0
2025-01-06 13:00:00,109470.0
2025-01-06 14:00:00,110845.0
2025-01-06 15:00:00,112410.0
2025-01-06 16:00:00,112465.0
2025-01-06 17:00:00,112040.0
2025-01-06 18:00:00,111960.0
2025-01-06 19:00:00,112000.0
2025-01-06 20:00:00,112275.0
2025-01-06 21:00:00,111860.0
2025-01-06 23:00:00,112440.0
2025-01-07 00:00:00,112190.0
2025-01-07 01:00:00,112005.0
2025-01-07 02:00:00,111755.0
2025-01-07 03:00:00,111820.0
2025-01-07 04:00:00,111730.0
2025-01-07 05:00:00,111785.0
2025-01-07 06:00:00,105995.0
2025-01-07 07:00:00,111685.0
2025-01-07 08:00:00,111995.0
2025-01-07 09:00:00,111810.0
2025-01-07 10:00:00,111435.0
2025-01-07 11:00:00,110815.0
2025-01-07 12:00:00,110705.0
2025-01-07 13:00:00,110570.0
2025-01-07 14:00:00,109800.0
2025-01-07 15:00:00,107640.0
2025-01-07 16:00:00,107410.0
2025-01-07 17:00:00,106945.0
2025-01-07 18:00:00,106395.0
2025-01-07 19:00:00,106060.0
2025-01-07 20:00:00,106065.0
2025-01-07 21:00:00,106090.0
2025-01-07 23:00:00,106515.0
2025-01-08 00:00:00,106780.0
2025-01-08 01:00:00,106460.0
2025-01-08 02:00:00,106435.0
2025-01-08 03:00:00,106035.0
2025-01-08 04:00:00,105780.0
2025-01-08 05:00:00,106015.0
2025-01-08 06:00:00,104830.0
2025-01-08 07:00:00,105240.0
2025-01-08 08:00:00,105560.0
2025-01-08 09:00:00,105010.0
2025-01-08 10:00:00,105570.0
2025-01-08 11:00:00,104725.0
2025-01-08 12:00:00,104445.0
2025-01-08 13:00:00,105020.0
2025-01-08 14:00:00,104880.0
2025-01-08 15:00:00,105040.0
2025-01-08 16:00:00,104330.0
2025-01-08 17:00:00,103545.0
2025-01-08 18:00:00,103845.0
2025-01-08 19:00:00,103815.0
2025-01-08 20:00:00,103520.0
2025-01-08 21:00:00,103995.0
2025-01-08 23:00:00,104560.0
2025-01-09 00:00:00,104675.0
2025-01-09 01:00:00,104470.0
2025-01-09 02:00:00,104260.0
2025-01-09 03:00:00,103515.0
2025-01-09 04:00:00,103870.0
2025-01-09 05:00:00,103950.0
2025-01-09 06:00:00,101350.0
2025-01-09 07:00:00,102765.0
2025-01-09 08:00:00,102440.0
2025-01-09 09:00:00,102940.0
2025-01-09 10:00:00,102880.0
2025-01-09 11:00:00,102915.0
2025-01-09 12:00:00,102845.0
2025-01-09 13:00:00,101430.0
2025-01-09 14:00:00,102275.0
2025-01-09 15:00:00,103670.0
2025-01-09 16:00:00,103735.0
2025-01-09 17:00:00,102185.0
2025-01-09 18:00:00,102495.0
2025-01-09 19:00:00,101430.0
2025-01-09 20:00:00,101350.0
2025-01-09 21:00:00,101640.0
2025-01-09 23:00:00,102085.0
2025-01-10 00:00:00,102270.0
2025-01-10 01:00:00,102625.0
2025-01-10 02:00:00,102900.0
2025-01-10 03:00:00,103285.0
2025-01-10 04:00:00,103425.0
2025-01-10 05:00:00,103560.0
2025-01-10 06:00:00,103840.0
2025-01-10 07:00:00,104150.0
2025-01-10 08:00:00,104315.0
2025-01-10 09:00:00,104430.0
2025-01-10 10:00:00,104910.0
2025-01-10 11:00:00,104770.0
2025-01-10 12:00:00,104735.0
2025-01-10 13:00:00,103195.0
2025-01-10 14:00:00,103735.0
2025-01-10 15:00:00,103365.0
2025-01-10 16:00:00,103315.0
2025-01-10 17:00:00,105525.0
2025-01-10 18:00:00,104590.0
2025-01-10 19:00:00,105030.0
2025-01-10 20:00:00,104330.0
2025-01-10 21:00:00,104325.0
2025-01-12 23:00:00,104210.0
2025-01-13 00:00:00,105045.0
2025-01-13 01:00:00,103835.0
2025-01-13 02:00:00,103770.0
2025-01-13 03:00:00,103870.0
2025-01-13 04:00:00,104135.0
2025-01-13 05:00:00,103760.0
2025-01-13 06:00:00,103210.0
2025-01-13 07:00:00,103130.0
2025-01-13 08:00:00,102535.0
2025-01-13 09:00:00,102365.0
2025-01-13 10:00:00,101060.0
2025-01-13 11:00:00,100270.0
2025-01-13 12:00:00,100235.0
2025-01-13 13:00:00,100580.0
2025-01-13 14:00:00,101380.0
2025-01-13 15:00:00,101675.0
2025-01-13 16:00:00,100785.0
2025-01-13 17:00:00,101500.0
2025-01-13 18:00:00,101610.0
2025-01-13 19:00:00,101830.0
2025-01-13 20:00:00,103130.0
2025-01-13 21:00:00,103720.0
2025-01-13 23:00:00,104080.0
2025-01-14 00:00:00,104015.0
2025-01-14 01:00:00,104370.0
2025-01-14 02:00:00,104460.0
2025-01-14 03:00:00,104425.0
2025-01-14 04:00:00,104730.0
2025-01-14 05:00:00,104545.0
2025-01-14 06:00:00,104620.0
2025-01-14 07:00:00,104425.0
2025-01-14 08:00:00,105125.0
2025-01-14 09:00:00,106835.0
2025-01-14 10:00:00,106275.0
2025-01-14 11:00:00,106135.0
2025-01-14 12:00:00,105535.0
2025-01-14 13:00:00,105860.0
2025-01-14 14:00:00,105770.0
2025-01-14 15:00:00,105935.0
2025-01-14 16:00:00,105215.0
2025-01-14 17:00:00,106075.0
2025-01-14 18:00:00,106305.0
2025-01-14 19:00:00,106105.0
2025-01-14 20:00:00,106040.0
2025-01-14 21:00:00,105975.0
2025-01-14 23:00:00,106105.0
2025-01-15 00:00:00,106465.0
2025-01-15 01:00:00,106940.0
2025-01-15 02:00:00,106440.0
2025-01-15 03:00:00,106910.0
2025-01-15 04:00:00,106825.0
2025-01-15 05:00:00,106620.0
2025-01-15 06:00:00,109270.0
2025-01-15 07:00:00,106945.0
2025-01-15 08:00:00,106800.0
2025-01-15 09:00:00,106420.0
2025-01-15 10:00:00,106540.0
2025-01-15 11:00:00,106340.0
2025-01-15 12:00:00,106490.0
2025-01-15 13:00:00,108680.0
2025-01-15 14:00:00,109150.0
2025-01-15 15:00:00,108595.0
2025-01-15 16:00:00,108680.0
2025-01-15 17:00:00,108255.0
2025-01-15 18:00:00,109170.0
2025-01-15 19:00:00,109545.0
2025-01-15 20:00:00,109210.0
2025-01-15 21:00:00,109335.0
2025-01-15 23:00:00,110210.0
2025-01-16 00:00:00,109505.0
2025-01-16 01:00:00,109740.0
2025-01-16 02:00:00,109305.0
2025-01-16 03:00:00,109085.0
2025-01-16 04:00:00,109285.0
2025-01-16 05:00:00,109000.0
2025-01-16 06:00:00,109910.0
2025-01-16 07:00:00,109445.0
2025-01-16 08:00:00,108605.0
2025-01-16 09:00:00,108750.0
2025-01-16 10:00:00,108875.0
2025-01-16 11:00:00,108870.0
2025-01-16 12:00:00,108995.0
2025-01-16 13:00:00,108675.0
2025-01-16 14:00:00,107090.0
2025-01-16 15:00:00,108895.0
2025-01-16 16:00:00,108945.0
2025-01-16 17:00:00,109420.0
2025-01-16 18:00:00,109160.0
2025-01-16 19:00:00,110000.0
2025-01-16 20:00:00,109940.0
2025-01-16 21:00:00,109730.0
2025-01-16 23:00:00,109605.0
2025-01-17 00:00:00,109745.0
2025-01-17 01:00:00,111345.0
2025-01-17 02:00:00,110755.0
2025-01-17 03:00:00,110695.0
2025-01-17 04:00:00,111155.0
2025-01-17 05:00:00,111030.0
2025-01-17 06:00:00,114490.0
2025-01-17 07:00:00,111170.0
2025-01-17 08:00:00,111800.0
2025-01-17 09:00:00,111535.0
2025-01-17 10:00:00,111975.0
2025-01-17 11:00:00,111910.0
2025-01-17 12:00:00,112430.0
2025-01-17 13:00:00,112170.0
2025-01-17 14:00:00,113080.0
2025-01-17 15:00:00,113760.0
2025-01-17 16:00:00,114790.0
2025-01-17 17:00:00,113915.0
2025-01-17 18:00:00,114680.0
2025-01-17 19:00:00,115740.0
2025-01-17 20:00:00,114445.0
2025-01-17 21:00:00,114405.0
2025-01-19 23:00:00,110840.0
2025-01-20 00:00:00,109175.0
2025-01-20 01:00:00,110095.0
2025-01-20 02:00:00,111410.0
2025-01-20 03:00:00,111480.0
2025-01-20 04:00:00,111770.0
2025-01-20 05:00:00,111845.0
2025-01-20 06:00:00,117150.0
2025-01-20 07:00:00,116685.0
2025-01-20 08:00:00,117900.0
2025-01-20 09:00:00,117750.0
2025-01-20 10:00:00,117555.0
2025-01-20 11:00:00,117875.0
2025-01-20 12:00:00,116500.0
2025-01-20 13:00:00,117550.0
2025-01-20 14:00:00,117430.0
2025-01-20 15:00:00,114500.0
2025-01-20 16:00:00,116165.0
2025-01-20 17:00:00,112635.0
2025-01-20 18:00:00,113445.0
2025-01-20 19:00:00,113175.0
2025-01-20 20:00:00,113205.0
2025-01-20 21:00:00,112135.0
2025-01-20 23:00:00,111805.0
2025-01-21 00:00:00,110545.0
2025-01-21 01:00:00,110945.0
2025-01-21 02:00:00,111975.0
2025-01-21 03:00:00,112410.0
2025-01-21 04:00:00,111725.0
2025-01-21 05:00:00,110825.0
2025-01-21 06:00:00,111520.0
2025-01-21 07:00:00,111400.0
2025-01-21 08:00:00,111780.0
2025-01-21 09:00:00,112085.0
2025-01-21 10:00:00,112585.0
2025-01-21 11:00:00,113230.0
2025-01-21 12:00:00,113950.0
2025-01-21 13:00:00,113940.0
2025-01-21 14:00:00,112665.0
2025-01-21 15:00:00,113400.0
2025-01-21 16:00:00,114505.0
2025-01-21 17:00:00,115760.0
2025-01-21 18:00:00,116480.0
2025-01-21 19:00:00,116690.0
2025-01-21 20:00:00,115660.0
2025-01-21 21:00:00,116490.0
2025-01-21 23:00:00,115675.0
2025-01-22 00:00:00,115550.0
2025-01-22 01:00:00,115355.0
2025-01-22 02:00:00,115060.0
2025-01-22 03:00:00,115175.0
2025-01-22 04:00:00,115175.0
2025-01-22 05:00:00,115240.0
2025-01-22 06:00:00,113640.0
2025-01-22 07:00:00,114580.0
2025-01-22 08:00:00,114740.0
2025-01-22 09:00:00,114405.0
2025-01-22 10:00:00,114515.0
2025-01-22 11:00:00,114535.0
2025-01-22 12:00:00,114790.0
2025-01-22 13:00:00,113480.0
2025-01-22 14:00:00,113835.0
2025-01-22 15:00:00,113610.0
2025-01-22 16:00:00,113095.0
2025-01-22 17:00:00,113725.0
2025-01-22 18:00:00,113275.0
2025-01-22 19:00:00,114045.0
2025-01-22 20:00:00,113680.0
2025-01-22 21:00:00,113450.0
2025-01-22 23:00:00,113145.0
2025-01-23 00:00:00,112595.0
2025-01-23 01:00:00,112070.0
2025-01-23 02:00:00,111790.0
2025-01-23 03:00:00,111490.0
2025-01-23 04:00:00,111075.0
2025-01-23 05:00:00,111695.0
2025-01-23 06:00:00,111285.0
2025-01-23 07:00:00,111835.0
2025-01-23 08:00:00,111285.0
2025-01-23 09:00:00,110690.0
2025-01-23 10:00:00,110645.0
2025-01-23 11:00:00,111005.0
2025-01-23 12:00:00,110695.0
2025-01-23 13:00:00,111690.0
2025-01-23 14:00:00,114385.0
2025-01-23 15:00:00,114610.0
2025-01-23 16:00:00,114450.0
2025-01-23 17:00:00,115290.0
2025-01-23 18:00:00,114840.0
2025-01-23 19:00:00,113160.0
2025-01-23 20:00:00,112470.0
2025-01-23 21:00:00,112255.0
2025-01-23 23:00:00,113065.0
2025-01-24 00:00:00,112760.0
2025-01-24 01:00:00,112335.0
2025-01-24 02:00:00,112120.0
2025-01-24 03:00:00,113000.0
2025-01-24 04:00:00,113790.0
2025-01-24 05:00:00,114465.0
2025-01-24 06:00:00,114180.0
2025-01-24 07:00:00,114315.0
2025-01-24 08:00:00,114865.0
2025-01-24 09:00:00,114515.0
2025-01-24 10:00:00,114760.0
2025-01-24 11:00:00,114775.0
2025-01-24 12:00:00,114900.0
2025-01-24 13:00:00,114330.0
2025-01-24 14:00:00,115255.0
2025-01-24 15:00:00,115325.0
2025-01-24 16:00:00,114955.0
2025-01-24 17:00:00,115855.0
2025-01-24 18:00:00,115655.0
2025-01-24 19:00:00,115125.0
2025-01-24 20:00:00,114135.0
2025-01-24 21:00:00,114265.0
2025-01-26 23:00:00,111635.0
2025-01-27 00:00:00,110440.0
2025-01-27 01:00:00,110110.0
2025-01-27 02:00:00,109635.0
2025-01-27 03:00:00,110150.0
2025-01-27 04:00:00,109290.0
2025-01-27 05:00:00,109120.0
2025-01-27 06:00:00,107715.0
2025-01-27 07:00:00,107790.0
2025-01-27 08:00:00,107755.0
2025-01-27 09:00:00,108215.0
2025-01-27 10:00:00,107080.0
2025-01-27 11:00:00,107600.0
2025-01-27 12:00:00,109440.0
2025-01-27 13:00:00,109490.0
2025-01-27 14:00:00,111000.0
2025-01-27 15:00:00,110155.0
2025-01-27 16:00:00,108625.0
2025-01-27 17:00:00,108010.0
2025-01-27 18:00:00,108040.0
2025-01-27 19:00:00,108600.0
2025-01-27 20:00:00,110355.0
2025-01-27 21:00:00,110220.0
2025-01-27 23:00:00,111175.0
2025-01-28 00:00:00,110800.0
2025-01-28 01:00:00,110495.0
2025-01-28 02:00:00,111400.0
2025-01-28 03:00:00,111805.0
2025-01-28 04:00:00,112050.0
2025-01-28 05:00:00,112190.0
2025-01-28 06:00:00,110235.0
2025-01-28 07:00:00,112035.0
2025-01-28 08:00:00,111975.0
2025-01-28 09:00:00,112050.0
2025-01-28 10:00:00,111815.0
2025-01-28 11:00:00,111920.0
2025-01-28 12:00:00,111745.0
2025-01-28 13:00:00,111700.0
2025-01-28 14:00:00,111740.0
2025-01-28 15:00:00,111860.0
2025-01-28 16:00:00,111340.0
2025-01-28 17:00:00,111695.0
2025-01-28 18:00:00,111230.0
2025-01-28 19:00:00,111590.0
2025-01-28 20:00:00,110260.0
2025-01-28 21:00:00,109390.0
2025-01-28 23:00:00,110370.0
2025-01-29 00:00:00,110770.0
2025-01-29 01:00:00,110910.0
2025-01-29 02:00:00,110890.0
2025-01-29 03:00:00,111190.0
2025-01-29 04:00:00,111150.0
2025-01-29 05:00:00,111380.0
2025-01-29 06:00:00,113370.0
2025-01-29 07:00:00,111835.0
2025-01-29 08:00:00,111820.0
2025-01-29 09:00:00,111480.0
2025-01-29 10:00:00,111655.0
2025-01-29 11:00:00,111745.0
2025-01-29 12:00:00,111340.0
2025-01-29 13:00:00,110835.0
2025-01-29 14:00:00,111110.0
2025-01-29 15:00:00,110995.0
2025-01-29 16:00:00,111160.0
2025-01-29 17:00:00,111465.0
2025-01-29 18:00:00,112145.0
2025-01-29 19:00:00,112740.0
2025-01-29 20:00:00,113385.0
2025-01-29 21:00:00,113075.0
2025-01-29 23:00:00,112870.0
2025-01-30 00:00:00,113180.0
2025-01-30 01:00:00,113380.0
2025-01-30 02:00:00,113760.0
2025-01-30 03:00:00,114375.0
2025-01-30 04:00:00,114720.0
2025-01-30 05:00:00,114565.0
2025-01-30 06:00:00,113995.0
2025-01-30 07:00:00,114430.0
2025-01-30 08:00:00,114470.0
2025-01-30 09:00:00,114740.0
2025-01-30 10:00:00,114600.0
2025-01-30 11:00:00,114635.0
2025-01-30 12:00:00,114310.0
2025-01-30 13:00:00,114100.0
2025-01-30 14:00:00,115100.0
2025-01-30 15:00:00,114690.0
2025-01-30 16:00:00,114960.0
2025-01-30 17:00:00,114485.0
2025-01-30 18:00:00,114815.0
2025-01-30 19:00:00,114935.0
2025-01-30 20:00:00,113970.0
2025-01-30 21:00:00,114210.0
2025-01-30 23:00:00,113850.0
2025-01-31 00:00:00,114075.0
2025-01-31 01:00:00,113875.0
2025-01-31 02:00:00,113275.0
2025-01-31 03:00:00,113265.0
2025-01-31 04:00:00,112870.0
2025-01-31 05:00:00,113240.0
2025-01-31 06:00:00,113480.0
2025-01-31 07:00:00,113060.0
2025-01-31 08:00:00,112915.0
2025-01-31 09:00:00,113200.0
2025-01-31 10:00:00,113275.0
2025-01-31 11:00:00,113710.0
2025-01-31 12:00:00,113720.0
2025-01-31 13:00:00,113710.0
2025-01-31 14:00:00,113500.0
2025-01-31 15:00:00,114575.0
2025-01-31 16:00:00,114115.0
2025-01-31 17:00:00,113560.0
2025-01-31 18:00:00,111480.0
2025-01-31 19:00:00,111095.0
2025-01-31 20:00:00,110385.0
2025-01-31 21:00:00,110905.0
2025-02-02 23:00:00,106365.0
2025-02-03 00:00:00,105195.0
2025-02-03 01:00:00,102095.0
2025-02-03 02:00:00,102175.0
2025-02-03 03:00:00,102730.0
2025-02-03 04:00:00,101395.0
2025-02-03 05:00:00,102885.0
2025-02-03 06:00:00,102635.0
2025-02-03 07:00:00,104095.0
2025-02-03 08:00:00,104110.0
2025-02-03 09:00:00,104100.0
2025-02-03 10:00:00,104535.0
2025-02-03 11:00:00,103880.0
2025-02-03 12:00:00,103610.0
2025-02-03 13:00:00,103585.0
2025-02-03 14:00:00,105510.0
2025-02-03 15:00:00,107930.0
2025-02-03 16:00:00,107525.0
2025-02-03 17:00:00,108180.0
2025-02-03 18:00:00,108885.0
2025-02-03 19:00:00,111040.0
2025-02-03 20:00:00,110125.0
2025-02-03 21:00:00,110840.0
2025-02-03 23:00:00,110305.0
2025-02-04 00:00:00,110050.0
2025-02-04 01:00:00,110340.0
2025-02-04 02:00:00,109765.0
2025-02-04 03:00:00,109525.0
2025-02-04 04:00:00,109005.0
2025-02-04 05:00:00,107715.0
2025-02-04 06:00:00,107445.0
2025-02-04 07:00:00,107305.0
2025-02-04 08:00:00,107030.0
2025-02-04 09:00:00,107110.0
2025-02-04 10:00:00,107600.0
2025-02-04 11:00:00,107735.0
2025-02-04 12:00:00,108165.0
2025-02-04 13:00:00,107790.0
2025-02-04 14:00:00,108840.0
2025-02-04 15:00:00,108215.0
2025-02-04 16:00:00,107890.0
2025-02-04 17:00:00,108020.0
2025-02-04 18:00:00,108260.0
2025-02-04 19:00:00,107655.0
2025-02-04 20:00:00,107450.0
2025-02-04 21:00:00,105360.0
2025-02-04 23:00:00,106545.0
2025-02-05 00:00:00,107175.0
2025-02-05 01:00:00,106630.0
2025-02-05 02:00:00,106775.0
2025-02-05 03:00:00,106845.0
2025-02-05 04:00:00,106855.0
2025-02-05 05:00:00,106945.0
2025-02-05 06:00:00,106380.0
2025-02-05 07:00:00,106625.0
2025-02-05 08:00:00,106375.0
2025-02-05 09:00:00,106135.0
2025-02-05 10:00:00,106505.0
2025-02-05 11:00:00,107010.0
2025-02-05 12:00:00,106825.0
2025-02-05 13:00:00,107350.0
2025-02-05 14:00:00,107050.0
2025-02-05 15:00:00,106855.0
2025-02-05 16:00:00,106770.0
2025-02-05 17:00:00,106255.0
2025-02-05 18:00:00,105450.0
2025-02-05 19:00:00,106060.0
2025-02-05 20:00:00,105985.0
2025-02-05 21:00:00,105555.0
2025-02-05 23:00:00,105300.0
2025-02-06 00:00:00,105510.0
2025-02-06 01:00:00,105935.0
2025-02-06 02:00:00,106115.0
2025-02-06 03:00:00,106080.0
2025-02-06 04:00:00,106390.0
2025-02-06 05:00:00,106610.0
2025-02-06 06:00:00,105545.0
2025-02-06 07:00:00,107015.0
2025-02-06 08:00:00,106920.0
2025-02-06 09:00:00,107400.0
2025-02-06 10:00:00,107855.0
2025-02-06 11:00:00,107680.0
2025-02-06 12:00:00,107135.0
2025-02-06 13:00:00,107375.0
2025-02-06 14:00:00,106610.0
2025-02-06 15:00:00,106040.0
2025-02-06 16:00:00,105305.0
2025-02-06 17:00:00,105395.0
2025-02-06 18:00:00,104955.0
2025-02-06 19:00:00,104630.0
2025-02-06 20:00:00,105610.0
2025-02-06 21:00:00,105410.0
2025-02-06 23:00:00,105155.0
2025-02-07 00:00:00,105190.0
2025-02-07 01:00:00,106075.0
2025-02-07 02:00:00,106295.0
2025-02-07 03:00:00,106195.0
2025-02-07 04:00:00,106200.0
2025-02-07 05:00:00,106035.0
2025-02-07 06:00:00,104250.0
2025-02-07 07:00:00,105445.0
2025-02-07 08:00:00,105715.0
2025-02-07 09:00:00,105985.0
2025-02-07 10:00:00,105980.0
2025-02-07 11:00:00,106475.0
2025-02-07 12:00:00,106730.0
2025-02-07 13:00:00,107660.0
2025-02-07 14:00:00,108575.0
2025-02-07 15:00:00,107030.0
2025-02-07 16:00:00,106560.0
2025-02-07 17:00:00,106165.0
2025-02-07 18:00:00,106410.0
2025-02-07 19:00:00,105530.0
2025-02-07 20:00:00,104310.0
2025-02-07 21:00:00,104520.0
2025-02-09 23:00:00,105030.0
2025-02-10 00:00:00,105355.0
2025-02-10 01:00:00,104140.0
2025-02-10 02:00:00,104340.0
2025-02-10 03:00:00,105430.0
2025-02-10 04:00:00,105550.0
2025-02-10 05:00:00,105660.0
2025-02-10 06:00:00,105940.0
2025-02-10 07:00:00,106125.0
2025-02-10 08:00:00,106320.0
2025-02-10 09:00:00,106380.0
2025-02-10 10:00:00,106390.0
2025-02-10 11:00:00,106335.0
2025-02-10 12:00:00,106040.0
2025-02-10 13:00:00,106895.0
2025-02-10 14:00:00,105920.0
2025-02-10 15:00:00,105850.0
2025-02-10 16:00:00,105945.0
2025-02-10 17:00:00,106150.0
2025-02-10 18:00:00,106270.0
2025-02-10 19:00:00,106045.0
2025-02-10 20:00:00,105965.0
2025-02-10 21:00:00,106010.0
2025-02-10 23:00:00,106060.0
2025-02-11 00:00:00,106435.0
2025-02-11 01:00:00,106640.0
2025-02-11 02:00:00,106355.0
2025-02-11 03:00:00,106255.0
2025-02-11 04:00:00,106700.0
2025-02-11 05:00:00,107130.0
2025-02-11 06:00:00,103685.0
2025-02-11 07:00:00,106945.0
2025-02-11 08:00:00,106865.0
2025-02-11 09:00:00,106675.0
2025-02-11 10:00:00,106635.0
2025-02-11 11:00:00,106785.0
2025-02-11 12:00:00,106330.0
2025-02-11 13:00:00,105355.0
2025-02-11 14:00:00,105520.0
2025-02-11 15:00:00,105615.0
2025-02-11 16:00:00,104910.0
2025-02-11 17:00:00,104665.0
2025-02-11 18:00:00,103930.0
2025-02-11 19:00:00,103480.0
2025-02-11 20:00:00,103715.0
2025-02-11 21:00:00,104880.0
2025-02-11 23:00:00,104255.0
2025-02-12 00:00:00,104570.0
2025-02-12 01:00:00,104695.0
2025-02-12 02:00:00,104040.0
2025-02-12 03:00:00,103745.0
2025-02-12 04:00:00,104005.0
2025-02-12 05:00:00,104355.0
2025-02-12 06:00:00,105655.0
2025-02-12 07:00:00,104585.0
2025-02-12 08:00:00,104870.0
2025-02-12 09:00:00,104625.0
2025-02-12 10:00:00,104460.0
2025-02-12 11:00:00,104550.0
2025-02-12 12:00:00,104495.0
2025-02-12 13:00:00,103425.0
2025-02-12 14:00:00,104150.0
2025-02-12 15:00:00,104310.0
2025-02-12 16:00:00,105615.0
2025-02-12 17:00:00,105970.0
2025-02-12 18:00:00,105470.0
2025-02-12 19:00:00,105790.0
2025-02-12 20:00:00,105605.0
2025-02-12 21:00:00,106240.0
2025-02-12 23:00:00,106520.0
2025-02-13 00:00:00,106460.0
2025-02-13 01:00:00,106645.0
2025-02-13 02:00:00,106030.0
2025-02-13 03:00:00,106050.0
2025-02-13 04:00:00,105465.0
2025-02-13 05:00:00,105185.0
2025-02-13 06:00:00,104770.0
2025-02-13 07:00:00,104440.0
2025-02-13 08:00:00,104390.0
2025-02-13 09:00:00,104740.0
2025-02-13 10:00:00,104640.0
2025-02-13 11:00:00,104340.0
2025-02-13 12:00:00,104295.0
2025-02-13 13:00:00,104550.0
2025-02-13 14:00:00,104330.0
2025-02-13 15:00:00,104485.0
2025-02-13 16:00:00,103765.0
2025-02-13 17:00:00,104110.0
2025-02-13 18:00:00,104445.0
2025-02-13 19:00:00,104055.0
2025-02-13 20:00:00,104760.0
2025-02-13 21:00:00,104980.0
2025-02-13 23:00:00,105130.0
2025-02-14 00:00:00,105240.0
2025-02-14 01:00:00,105030.0
2025-02-14 02:00:00,105040.0
2025-02-14 03:00:00,105675.0
2025-02-14 04:00:00,105300.0
2025-02-14 05:00:00,105200.0
2025-02-14 06:00:00,105815.0
2025-02-14 07:00:00,105485.0
2025-02-14 08:00:00,105420.0
2025-02-14 09:00:00,105670.0
2025-02-14 10:00:00,105590.0
2025-02-14 11:00:00,105395.0
2025-02-14 12:00:00,105105.0
2025-02-14 13:00:00,105330.0
2025-02-14 14:00:00,105855.0
2025-02-14 15:00:00,105450.0
2025-02-14 16:00:00,106195.0
2025-02-14 17:00:00,107270.0
2025-02-14 18:00:00,106880.0
2025-02-14 19:00:00,106590.0
2025-02-14 20:00:00,105810.0
2025-02-14 21:00:00,106100.0
2025-02-16 23:00:00,104585.0
2025-02-17 00:00:00,104750.0
2025-02-17 01:00:00,104965.0
2025-02-17 02:00:00,104710.0
2025-02-17 03:00:00,104640.0
2025-02-17 04:00:00,104485.0
2025-02-17 05:00:00,104670.0
2025-02-17 06:00:00,104855.0
2025-02-17 07:00:00,104490.0
2025-02-17 08:00:00,104550.0
2025-02-17 09:00:00,104600.0
2025-02-17 10:00:00,104530.0
2025-02-17 11:00:00,104480.0
2025-02-17 12:00:00,104865.0
2025-02-17 13:00:00,104850.0
2025-02-17 14:00:00,105230.0
2025-02-17 15:00:00,104065.0
2025-02-17 16:00:00,103720.0
2025-02-17 17:00:00,103810.0
2025-02-17 18:00:00,103695.0
2025-02-17 19:00:00,103890.0
2025-02-17 20:00:00,104345.0
2025-02-17 21:00:00,104810.0
2025-02-17 23:00:00,104175.0
2025-02-18 00:00:00,104025.0
2025-02-18 01:00:00,104655.0
2025-02-18 02:00:00,104440.0
2025-02-18 03:00:00,104600.0
2025-02-18 04:00:00,104440.0
2025-02-18 05:00:00,103940.0
2025-02-18 06:00:00,102315.0
2025-02-18 07:00:00,103795.0
2025-02-18 08:00:00,103535.0
2025-02-18 09:00:00,104125.0
2025-02-18 10:00:00,104120.0
2025-02-18 11:00:00,104000.0
2025-02-18 12:00:00,104575.0
2025-02-18 13:00:00,104600.0
2025-02-18 14:00:00,103850.0
2025-02-18 15:00:00,103875.0
2025-02-18 16:00:00,102940.0
2025-02-18 17:00:00,102345.0
2025-02-18 18:00:00,102135.0
2025-02-18 19:00:00,102325.0
2025-02-18 20:00:00,102415.0
2025-02-18 21:00:00,103280.0
2025-02-18 23:00:00,103915.0
2025-02-19 00:00:00,103635.0
2025-02-19 01:00:00,103740.0
2025-02-19 02:00:00,104100.0
2025-02-19 03:00:00,104015.0
2025-02-19 04:00:00,103505.0
2025-02-19 05:00:00,103565.0
2025-02-19 06:00:00,103955.0
2025-02-19 07:00:00,104055.0
2025-02-19 08:00:00,103995.0
2025-02-19 09:00:00,104295.0
2025-02-19 10:00:00,104740.0
2025-02-19 11:00:00,104840.0
2025-02-19 12:00:00,104550.0
2025-02-19 13:00:00,104685.0
2025-02-19 14:00:00,104130.0
2025-02-19 15:00:00,104280.0
2025-02-19 16:00:00,104700.0
2025-02-19 17:00:00,104785.0
2025-02-19 18:00:00,104035.0
2025-02-19 19:00:00,104580.0
2025-02-19 20:00:00,104565.0
2025-02-19 21:00:00,104640.0
2025-02-19 23:00:00,105010.0
2025-02-20 00:00:00,105225.0
2025-02-20 01:00:00,105125.0
2025-02-20 02:00:00,105535.0
2025-02-20 03:00:00,105480.0
2025-02-20 04:00:00,105615.0
2025-02-20 05:00:00,105305.0
2025-02-20 06:00:00,106965.0
2025-02-20 07:00:00,105285.0
2025-02-20 08:00:00,105570.0
2025-02-20 09:00:00,105615.0
2025-02-20 10:00:00,105820.0
2025-02-20 11:00:00,105615.0
2025-02-20 12:00:00,105875.0
2025-02-20 13:00:00,106005.0
2025-02-20 14:00:00,105315.0
2025-02-20 15:00:00,105265.0
2025-02-20 16:00:00,105955.0
2025-02-20 17:00:00,106445.0
2025-02-20 18:00:00,106810.0
2025-02-20 19:00:00,106935.0
2025-02-20 20:00:00,106975.0
2025-02-20 21:00:00,106540.0
2025-02-20 23:00:00,106790.0
2025-02-21 00:00:00,106720.0
2025-02-21 01:00:00,106800.0
2025-02-21 02:00:00,106575.0
2025-02-21 03:00:00,106625.0
2025-02-21 04:00:00,106655.0
2025-02-21 05:00:00,106805.0
2025-02-21 06:00:00,106910.0
2025-02-21 07:00:00,106625.0
2025-02-21 08:00:00,106655.0
2025-02-21 09:00:00,106820.0
2025-02-21 10:00:00,107100.0
2025-02-21 11:00:00,107120.0
2025-02-21 12:00:00,107390.0
2025-02-21 13:00:00,107860.0
2025-02-21 14:00:00,107190.0
2025-02-21 15:00:00,106485.0
2025-02-21 16:00:00,106715.0
2025-02-21 17:00:00,105195.0
2025-02-21 18:00:00,104745.0
2025-02-21 19:00:00,103340.0
2025-02-21 20:00:00,103065.0
2025-02-21 21:00:00,103400.0
2025-02-23 23:00:00,104585.0
2025-02-24 00:00:00,104745.0
2025-02-24 01:00:00,104345.0
2025-02-24 02:00:00,104105.0
2025-02-24 03:00:00,103900.0
2025-02-24 04:00:00,103545.0
2025-02-24 05:00:00,104060.0
2025-02-24 06:00:00,102175.0
2025-02-24 07:00:00,104215.0
2025-02-24 08:00:00,103905.0
2025-02-24 09:00:00,103975.0
2025-02-24 10:00:00,103890.0
2025-02-24 11:00:00,104120.0
2025-02-24 12:00:00,104035.0
2025-02-24 13:00:00,103895.0
2025-02-24 14:00:00,102800.0
2025-02-24 15:00:00,102440.0
2025-02-24 16:00:00,102485.0
2025-02-24 17:00:00,102760.0
2025-02-24 18:00:00,102205.0
2025-02-24 19:00:00,102040.0
2025-02-24 20:00:00,102220.0
2025-02-24 21:00:00,102050.0
2025-02-24 23:00:00,99530.0
2025-02-25 00:00:00,99875.0
2025-02-25 01:00:00,99995.0
2025-02-25 02:00:00,100450.0
2025-02-25 03:00:00,100240.0
2025-02-25 04:00:00,100055.0
2025-02-25 05:00:00,99955.0
2025-02-25 06:00:00,99205.0
2025-02-25 07:00:00,97340.0
2025-02-25 08:00:00,97335.0
2025-02-25 09:00:00,96255.0
2025-02-25 10:00:00,96155.0
2025-02-25 11:00:00,97260.0
2025-02-25 12:00:00,97425.0
2025-02-25 13:00:00,96910.0
2025-02-25 14:00:00,95110.0
2025-02-25 15:00:00,95095.0
2025-02-25 16:00:00,95420.0
2025-02-25 17:00:00,95240.0
2025-02-25 18:00:00,94990.0
2025-02-25 19:00:00,95860.0
2025-02-25 20:00:00,96345.0
2025-02-25 21:00:00,96680.0
2025-02-25 23:00:00,96755.0
2025-02-26 00:00:00,96175.0
2025-02-26 01:00:00,96850.0
2025-02-26 02:00:00,97160.0
2025-02-26 03:00:00,96950.0
2025-02-26 04:00:00,96790.0
2025-02-26 05:00:00,96485.0
2025-02-26 06:00:00,96855.0
2025-02-26 07:00:00,96665.0
2025-02-26 08:00:00,96565.0
2025-02-26 09:00:00,97165.0
2025-02-26 10:00:00,97305.0
2025-02-26 11:00:00,96560.0
2025-02-26 12:00:00,95995.0
2025-02-26 13:00:00,95000.0
2025-02-26 14:00:00,95580.0
2025-02-26 15:00:00,95510.0
2025-02-26 16:00:00,94765.0
2025-02-26 17:00:00,93945.0
2025-02-26 18:00:00,92320.0
2025-02-26 19:00:00,91870.0
2025-02-26 20:00:00,92495.0
2025-02-26 21:00:00,92435.0
2025-02-26 23:00:00,92210.0
2025-02-27 00:00:00,92760.0
2025-02-27 01:00:00,92770.0
2025-02-27 02:00:00,92285.0
2025-02-27 03:00:00,93280.0
2025-02-27 04:00:00,93260.0
2025-02-27 05:00:00,94010.0
2025-02-27 06:00:00,94345.0
2025-02-27 07:00:00,94340.0
2025-02-27 08:00:00,94175.0
2025-02-27 09:00:00,94210.0
2025-02-27 10:00:00,95145.0
2025-02-27 11:00:00,94835.0
2025-02-27 12:00:00,94455.0
2025-02-27 13:00:00,94225.0
2025-02-27 14:00:00,93000.0
2025-02-27 15:00:00,93510.0
2025-02-27 16:00:00,92465.0
2025-02-27 17:00:00,92635.0
2025-02-27 18:00:00,92605.0
2025-02-27 19:00:00,92065.0
2025-02-27 20:00:00,91425.0
2025-02-27 21:00:00,92315.0
2025-02-27 23:00:00,92780.0
2025-02-28 00:00:00,92185.0
2025-02-28 01:00:00,89575.0
2025-02-28 02:00:00,88800.0
2025-02-28 03:00:00,88425.0
2025-02-28 04:00:00,88405.0
2025-02-28 05:00:00,87965.0
2025-02-28 06:00:00,87380.0
2025-02-28 07:00:00,87245.0
2025-02-28 08:00:00,87045.0
2025-02-28 09:00:00,88435.0
2025-02-28 10:00:00,88140.0
2025-02-28 11:00:00,88685.0
2025-02-28 12:00:00,88920.0
2025-02-28 13:00:00,89585.0
2025-02-28 14:00:00,90260.0
2025-02-28 15:00:00,92190.0
2025-02-28 16:00:00,92565.0
2025-02-28 17:00:00,91710.0
2025-02-28 18:00:00,92635.0
2025-02-28 19:00:00,92640.0
2025-02-28 20:00:00,92305.0
2025-02-28 21:00:00,92390.0
2025-03-02 23:00:00,102420.0
2025-03-03 00:00:00,101410.0
2025-03-03 01:00:00,101175.0
2025-03-03 02:00:00,101440.0
2025-03-03 03:00:00,100810.0
2025-03-03 04:00:00,100920.0
2025-03-03 05:00:00,101435.0
2025-03-03 06:00:00,93960.0
2025-03-03 07:00:00,100410.0
2025-03-03 08:00:00,99490.0
2025-03-03 09:00:00,99895.0
2025-03-03 10:00:00,100645.0
2025-03-03 11:00:00,100830.0
2025-03-03 12:00:00,101105.0
2025-03-03 13:00:00,101695.0
2025-03-03 14:00:00,97280.0
2025-03-03 15:00:00,97995.0
2025-03-03 16:00:00,98200.0
2025-03-03 17:00:00,98355.0
2025-03-03 18:00:00,95240.0
2025-03-03 19:00:00,93565.0
2025-03-03 20:00:00,94035.0
2025-03-03 21:00:00,93310.0
2025-03-03 23:00:00,94195.0
2025-03-04 00:00:00,93995.0
2025-03-04 01:00:00,91350.0
2025-03-04 02:00:00,92005.0
2025-03-04 03:00:00,92115.0
2025-03-04 04:00:00,91470.0
2025-03-04 05:00:00,92340.0
2025-03-04 06:00:00,94975.0
2025-03-04 07:00:00,91230.0
2025-03-04 08:00:00,92000.0
2025-03-04 09:00:00,91750.0
2025-03-04 10:00:00,92000.0
2025-03-04 11:00:00,91950.0
2025-03-04 12:00:00,91760.0
2025-03-04 13:00:00,90760.0
2025-03-04 14:00:00,91165.0
2025-03-04 15:00:00,90915.0
2025-03-04 16:00:00,91545.0
2025-03-04 17:00:00,93455.0
2025-03-04 18:00:00,94850.0
2025-03-04 19:00:00,96295.0
2025-03-04 20:00:00,94940.0
2025-03-04 21:00:00,95615.0
2025-03-04 23:00:00,95330.0
2025-03-05 00:00:00,94825.0
2025-03-05 01:00:00,95665.0
2025-03-05 02:00:00,95510.0
2025-03-05 03:00:00,94810.0
2025-03-05 04:00:00,94920.0
2025-03-05 05:00:00,95145.0
2025-03-05 06:00:00,98580.0
2025-03-05 07:00:00,95600.0
2025-03-05 08:00:00,95715.0
2025-03-05 09:00:00,96510.0
2025-03-05 10:00:00,97960.0
2025-03-05 11:00:00,97860.0
2025-03-05 12:00:00,98445.0
2025-03-05 13:00:00,97555.0
2025-03-05 14:00:00,96530.0
2025-03-05 15:00:00,96350.0
2025-03-05 16:00:00,96955.0
2025-03-05 17:00:00,97770.0
2025-03-05 18:00:00,97750.0
2025-03-05 19:00:00,97800.0
2025-03-05 20:00:00,98575.0
2025-03-05 21:00:00,98475.0
2025-03-05 23:00:00,98725.0
2025-03-06 00:00:00,98135.0
2025-03-06 01:00:00,99210.0
2025-03-06 02:00:00,99905.0
2025-03-06 03:00:00,99665.0
2025-03-06 04:00:00,100410.0
2025-03-06 05:00:00,100790.0
2025-03-06 06:00:00,97105.0
2025-03-06 07:00:00,99395.0
2025-03-06 08:00:00,99175.0
2025-03-06 09:00:00,98780.0
2025-03-06 10:00:00,99320.0
2025-03-06 11:00:00,99380.0
2025-03-06 12:00:00,98205.0
2025-03-06 13:00:00,97575.0
2025-03-06 14:00:00,97790.0
2025-03-06 15:00:00,98910.0
2025-03-06 16:00:00,97325.0
2025-03-06 17:00:00,96605.0
2025-03-06 18:00:00,96420.0
2025-03-06 19:00:00,96520.0
2025-03-06 20:00:00,97025.0
2025-03-06 21:00:00,97560.0
2025-03-06 23:00:00,97995.0
2025-03-07 00:00:00,93375.0
2025-03-07 01:00:00,96250.0
2025-03-07 02:00:00,95165.0
2025-03-07 03:00:00,94915.0
2025-03-07 04:00:00,95540.0
2025-03-07 05:00:00,96145.0
2025-03-07 06:00:00,94895.0
2025-03-07 07:00:00,96315.0
2025-03-07 08:00:00,96305.0
2025-03-07 09:00:00,96885.0
2025-03-07 10:00:00,97240.0
2025-03-07 11:00:00,96890.0
2025-03-07 12:00:00,97005.0
2025-03-07 13:00:00,97105.0
2025-03-07 14:00:00,98450.0
2025-03-07 15:00:00,96380.0
2025-03-07 16:00:00,95105.0
2025-03-07 17:00:00,95560.0
2025-03-07 18:00:00,96490.0
2025-03-07 19:00:00,95730.0
2025-03-07 20:00:00,94875.0
2025-03-07 21:00:00,94280.0
2025-03-09 22:00:00,88340.0
2025-03-09 23:00:00,88600.0
2025-03-10 00:00:00,89185.0
2025-03-10 01:00:00,89670.0
2025-03-10 02:00:00,90115.0
2025-03-10 03:00:00,89925.0
2025-03-10 04:00:00,90525.0
2025-03-10 05:00:00,86670.0
2025-03-10 06:00:00,90255.0
2025-03-10 07:00:00,90250.0
2025-03-10 08:00:00,89200.0
2025-03-10 09:00:00,90365.0
2025-03-10 10:00:00,90170.0
2025-03-10 11:00:00,91440.0
2025-03-10 12:00:00,91120.0
2025-03-10 13:00:00,89365.0
2025-03-10 14:00:00,87620.0
2025-03-10 15:00:00,87775.0
2025-03-10 16:00:00,86780.0
2025-03-10 17:00:00,86205.0
2025-03-10 18:00:00,85390.0
2025-03-10 19:00:00,86790.0
2025-03-10 20:00:00,87075.0
2025-03-10 22:00:00,87250.0
2025-03-10 23:00:00,86320.0
2025-03-11 00:00:00,85485.0
2025-03-11 01:00:00,86925.0
2025-03-11 02:00:00,87160.0
2025-03-11 03:00:00,87335.0
2025-03-11 04:00:00,87615.0
2025-03-11 05:00:00,88045.0
2025-03-11 06:00:00,87940.0
2025-03-11 07:00:00,88265.0
2025-03-11 08:00:00,89000.0
2025-03-11 09:00:00,89330.0
2025-03-11 10:00:00,89655.0
2025-03-11 11:00:00,89570.0
2025-03-11 12:00:00,89135.0
2025-03-11 13:00:00,88760.0
2025-03-11 14:00:00,87595.0
2025-03-11 15:00:00,89050.0
2025-03-11 16:00:00,89160.0
2025-03-11 17:00:00,89175.0
2025-03-11 18:00:00,91135.0
2025-03-11 19:00:00,91005.0
2025-03-11 20:00:00,90690.0
2025-03-11 22:00:00,91020.0
2025-03-11 23:00:00,90700.0
2025-03-12 00:00:00,90645.0
2025-03-12 01:00:00,91245.0
2025-03-12 02:00:00,90275.0
2025-03-12 03:00:00,89955.0
2025-03-12 04:00:00,89625.0
2025-03-12 05:00:00,89780.0
2025-03-12 06:00:00,89220.0
2025-03-12 07:00:00,90230.0
2025-03-12 08:00:00,90510.0
2025-03-12 09:00:00,90505.0
2025-03-12 10:00:00,90275.0
2025-03-12 11:00:00,90840.0
2025-03-12 12:00:00,91930.0
2025-03-12 13:00:00,90505.0
2025-03-12 14:00:00,89265.0
2025-03-12 15:00:00,89570.0
2025-03-12 16:00:00,89770.0
2025-03-12 17:00:00,89600.0
2025-03-12 18:00:00,90465.0
2025-03-12 19:00:00,90725.0
2025-03-12 20:00:00,90975.0
2025-03-12 22:00:00,91525.0
2025-03-12 23:00:00,91495.0
2025-03-13 00:00:00,91250.0
2025-03-13 01:00:00,91775.0
2025-03-13 02:00:00,91635.0
2025-03-13 03:00:00,91380.0
2025-03-13 04:00:00,91120.0
2025-03-13 05:00:00,87890.0
2025-03-13 06:00:00,91100.0
2025-03-13 07:00:00,90960.0
2025-03-13 08:00:00,90840.0
2025-03-13 09:00:00,91265.0
2025-03-13 10:00:00,90990.0
2025-03-13 11:00:00,90755.0
2025-03-13 12:00:00,90275.0
2025-03-13 13:00:00,89535.0
2025-03-13 14:00:00,89725.0
2025-03-13 15:00:00,88790.0
2025-03-13 16:00:00,88625.0
2025-03-13 17:00:00,87780.0
2025-03-13 18:00:00,88565.0
2025-03-13 19:00:00,87920.0
2025-03-13 20:00:00,88095.0
2025-03-13 22:00:00,89170.0
2025-03-13 23:00:00,88840.0
2025-03-14 00:00:00,89250.0
2025-03-14 01:00:00,89385.0
2025-03-14 02:00:00,89995.0
2025-03-14 03:00:00,89675.0
2025-03-14 04:00:00,89755.0
2025-03-14 05:00:00,89910.0
2025-03-14 06:00:00,89810.0
2025-03-14 07:00:00,89950.0
2025-03-14 08:00:00,90410.0
2025-03-14 09:00:00,90605.0
2025-03-14 10:00:00,90875.0
2025-03-14 11:00:00,91095.0
2025-03-14 12:00:00,91300.0
2025-03-14 13:00:00,91500.0
2025-03-14 14:00:00,91440.0
2025-03-14 15:00:00,92655.0
2025-03-14 16:00:00,92665.0
2025-03-14 17:00:00,92210.0
2025-03-14 18:00:00,92430.0
2025-03-14 19:00:00,92440.0
2025-03-14 20:00:00,92075.0
2025-03-16 22:00:00,89875.0
2025-03-16 23:00:00,90355.0
2025-03-17 00:00:00,90845.0
2025-03-17 01:00:00,91020.0
2025-03-17 02:00:00,91015.0
2025-03-17 03:00:00,91465.0
2025-03-17 04:00:00,91410.0
2025-03-17 05:00:00,90900.0
2025-03-17 06:00:00,90995.0
2025-03-17 07:00:00,91325.0
2025-03-17 08:00:00,91300.0
2025-03-17 09:00:00,91435.0
2025-03-17 10:00:00,91125.0
2025-03-17 11:00:00,91300.0
2025-03-17 12:00:00,90845.0
2025-03-17 13:00:00,90780.0
2025-03-17 14:00:00,90690.0
2025-03-17 15:00:00,91320.0
2025-03-17 16:00:00,91210.0
2025-03-17 17:00:00,92005.0
2025-03-17 18:00:00,92280.0
2025-03-17 19:00:00,92270.0
2025-03-17 20:00:00,91790.0
2025-03-17 22:00:00,91860.0
2025-03-17 23:00:00,91795.0
2025-03-18 00:00:00,91605.0
2025-03-18 01:00:00,90945.0
2025-03-18 02:00:00,91165.0
2025-03-18 03:00:00,90870.0
2025-03-18 04:00:00,90715.0
2025-03-18 05:00:00,90720.0
2025-03-18 06:00:00,90145.0
2025-03-18 07:00:00,90875.0
2025-03-18 08:00:00,90995.0
2025-03-18 09:00:00,90535.0
2025-03-18 10:00:00,90545.0
2025-03-18 11:00:00,90305.0
2025-03-18 12:00:00,90090.0
2025-03-18 13:00:00,89015.0
2025-03-18 14:00:00,89550.0
2025-03-18 15:00:00,89290.0
2025-03-18 16:00:00,89530.0
2025-03-18 17:00:00,89120.0
2025-03-18 18:00:00,89565.0
2025-03-18 19:00:00,89975.0
2025-03-18 20:00:00,89715.0
2025-03-18 22:00:00,90135.0
2025-03-18 23:00:00,90405.0
2025-03-19 00:00:00,90845.0
2025-03-19 01:00:00,90350.0
2025-03-19 02:00:00,90610.0
2025-03-19 03:00:00,90770.0
2025-03-19 04:00:00,90700.0
2025-03-19 05:00:00,93280.0
2025-03-19 06:00:00,90945.0
2025-03-19 07:00:00,90975.0
2025-03-19 08:00:00,91185.0
2025-03-19 09:00:00,91315.0
2025-03-19 10:00:00,91225.0
2025-03-19 11:00:00,91650.0
2025-03-19 12:00:00,91530.0
2025-03-19 13:00:00,91885.0
2025-03-19 14:00:00,92090.0
2025-03-19 15:00:00,92545.0
2025-03-19 16:00:00,92410.0
2025-03-19 17:00:00,91940.0
2025-03-19 18:00:00,93470.0
2025-03-19 19:00:00,93295.0
2025-03-19 20:00:00,93235.0
2025-03-19 22:00:00,93965.0
2025-03-19 23:00:00,94680.0
2025-03-20 00:00:00,93865.0
2025-03-20 01:00:00,93690.0
2025-03-20 02:00:00,93890.0
2025-03-20 03:00:00,93685.0
2025-03-20 04:00:00,93465.0
2025-03-20 05:00:00,91840.0
2025-03-20 06:00:00,93520.0
2025-03-20 07:00:00,93585.0
2025-03-20 08:00:00,94025.0
2025-03-20 09:00:00,93645.0
2025-03-20 10:00:00,92855.0
2025-03-20 11:00:00,93250.0
2025-03-20 12:00:00,93095.0
2025-03-20 13:00:00,93245.0
2025-03-20 14:00:00,93915.0
2025-03-20 15:00:00,92405.0
2025-03-20 16:00:00,91485.0
2025-03-20 17:00:00,91750.0
2025-03-20 18:00:00,91725.0
2025-03-20 19:00:00,91855.0
2025-03-20 20:00:00,92190.0
2025-03-20 22:00:00,91795.0
2025-03-20 23:00:00,91890.0
2025-03-21 00:00:00,92160.0
2025-03-21 01:00:00,92470.0
2025-03-21 02:00:00,92360.0
2025-03-21 03:00:00,92135.0
2025-03-21 04:00:00,92350.0
2025-03-21 05:00:00,91600.0
2025-03-21 06:00:00,91885.0
2025-03-21 07:00:00,91620.0
2025-03-21 08:00:00,91670.0
2025-03-21 09:00:00,91810.0
2025-03-21 10:00:00,91820.0
2025-03-21 11:00:00,91690.0
2025-03-21 12:00:00,91095.0
2025-03-21 13:00:00,91625.0
2025-03-21 14:00:00,91940.0
2025-03-21 15:00:00,91200.0
2025-03-21 16:00:00,91785.0
2025-03-21 17:00:00,91695.0
2025-03-21 18:00:00,91795.0
2025-03-21 19:00:00,91585.0
2025-03-21 20:00:00,91820.0
2025-03-23 22:00:00,93080.0
2025-03-23 23:00:00,93820.0
2025-03-24 00:00:00,93735.0
2025-03-24 01:00:00,93295.0
2025-03-24 02:00:00,93720.0
2025-03-24 03:00:00,94230.0
2025-03-24 04:00:00,94675.0
2025-03-24 05:00:00,94650.0
2025-03-24 06:00:00,94950.0
2025-03-24 07:00:00,94745.0
2025-03-24 08:00:00,95135.0
2025-03-24 09:00:00,95045.0
2025-03-24 10:00:00,95595.0
2025-03-24 11:00:00,95420.0
2025-03-24 12:00:00,95090.0
2025-03-24 13:00:00,95400.0
2025-03-24 14:00:00,95670.0
2025-03-24 15:00:00,96110.0
2025-03-24 16:00:00,95800.0
2025-03-24 17:00:00,96200.0
2025-03-24 18:00:00,96245.0
2025-03-24 19:00:00,96060.0
2025-03-24 20:00:00,95695.0
2025-03-24 22:00:00,95150.0
2025-03-24 23:00:00,95200.0
2025-03-25 00:00:00,95420.0
2025-03-25 01:00:00,94755.0
2025-03-25 02:00:00,94650.0
2025-03-25 03:00:00,94215.0
2025-03-25 04:00:00,94220.0
2025-03-25 05:00:00,95855.0
2025-03-25 06:00:00,94175.0
2025-03-25 07:00:00,94070.0
2025-03-25 08:00:00,94330.0
2025-03-25 09:00:00,94880.0
2025-03-25 10:00:00,94775.0
2025-03-25 11:00:00,95055.0
2025-03-25 12:00:00,94640.0
2025-03-25 13:00:00,95350.0
2025-03-25 14:00:00,95630.0
2025-03-25 15:00:00,95500.0
2025-03-25 16:00:00,95510.0
2025-03-25 17:00:00,95620.0
2025-03-25 18:00:00,95555.0
2025-03-25 19:00:00,95845.0
2025-03-25 20:00:00,95685.0
2025-03-25 22:00:00,95280.0
2025-03-25 23:00:00,95195.0
2025-03-26 00:00:00,95360.0
2025-03-26 01:00:00,95615.0
2025-03-26 02:00:00,95085.0
2025-03-26 03:00:00,94725.0
2025-03-26 04:00:00,94940.0
2025-03-26 05:00:00,95195.0
2025-03-26 06:00:00,95570.0
2025-03-26 07:00:00,95895.0
2025-03-26 08:00:00,95660.0
2025-03-26 09:00:00,95620.0
2025-03-26 10:00:00,95970.0
2025-03-26 11:00:00,95655.0
2025-03-26 12:00:00,95485.0
2025-03-26 13:00:00,94520.0
2025-03-26 14:00:00,94410.0
2025-03-26 15:00:00,94360.0
2025-03-26 16:00:00,94070.0
2025-03-26 17:00:00,94170.0
2025-03-26 18:00:00,93840.0
2025-03-26 19:00:00,94200.0
2025-03-26 20:00:00,94895.0
2025-03-26 22:00:00,94410.0
2025-03-26 23:00:00,94520.0
2025-03-27 00:00:00,94930.0
2025-03-27 01:00:00,95065.0
2025-03-27 02:00:00,95255.0
2025-03-27 03:00:00,95395.0
2025-03-27 04:00:00,95160.0
2025-03-27 05:00:00,94655.0
2025-03-27 06:00:00,95075.0
2025-03-27 07:00:00,95060.0
2025-03-27 08:00:00,95065.0
2025-03-27 09:00:00,95135.0
2025-03-27 10:00:00,94875.0
2025-03-27 11:00:00,94650.0
2025-03-27 12:00:00,94320.0
2025-03-27 13:00:00,93975.0
2025-03-27 14:00:00,94960.0
2025-03-27 15:00:00,94550.0
2025-03-27 16:00:00,94375.0
2025-03-27 17:00:00,94490.0
2025-03-27 18:00:00,94790.0
2025-03-27 19:00:00,94680.0
2025-03-27 20:00:00,94900.0
2025-03-27 22:00:00,94950.0
2025-03-27 23:00:00,94850.0
2025-03-28 00:00:00,94970.0
2025-03-28 01:00:00,94855.0
2025-03-28 02:00:00,94550.0
2025-03-28 03:00:00,94330.0
2025-03-28 04:00:00,93820.0
2025-03-28 05:00:00,93560.0
2025-03-28 06:00:00,93190.0
2025-03-28 07:00:00,92680.0
2025-03-28 08:00:00,92665.0
2025-03-28 09:00:00,92615.0
2025-03-28 10:00:00,92370.0
2025-03-28 11:00:00,92750.0
2025-03-28 12:00:00,92515.0
2025-03-28 13:00:00,92445.0
2025-03-28 14:00:00,91575.0
2025-03-28 15:00:00,91455.0
2025-03-28 16:00:00,91160.0
2025-03-28 17:00:00,91400.0
2025-03-28 18:00:00,91300.0
2025-03-28 19:00:00,91230.0
2025-03-28 20:00:00,91220.0
2025-03-30 22:00:00,89805.0
2025-03-30 23:00:00,89780.0
2025-03-31 00:00:00,88985.0
2025-03-31 01:00:00,89325.0
2025-03-31 02:00:00,89340.0
2025-03-31 03:00:00,88905.0
2025-03-31 04:00:00,89275.0
2025-03-31 05:00:00,89535.0
2025-03-31 06:00:00,89450.0
2025-03-31 07:00:00,89275.0
2025-03-31 08:00:00,89320.0
2025-03-31 09:00:00,88865.0
2025-03-31 10:00:00,89615.0
2025-03-31 11:00:00,89690.0
2025-03-31 12:00:00,90275.0
2025-03-31 13:00:00,89935.0
2025-03-31 14:00:00,90995.0
2025-03-31 15:00:00,90955.0
2025-03-31 16:00:00,90815.0
2025-03-31 17:00:00,90205.0
2025-03-31 18:00:00,90820.0
2025-03-31 19:00:00,89915.0
2025-03-31 20:00:00,89880.0
2025-03-31 22:00:00,89845.0
2025-03-31 23:00:00,89980.0
2025-04-01 00:00:00,90115.0
2025-04-01 01:00:00,90140.0
2025-04-01 02:00:00,90540.0
2025-04-01 03:00:00,90390.0
2025-04-01 04:00:00,90500.0
2025-04-01 05:00:00,92550.0
2025-04-01 06:00:00,90930.0
2025-04-01 07:00:00,90955.0
2025-04-01 08:00:00,91665.0
2025-04-01 09:00:00,91935.0
2025-04-01 10:00:00,91715.0
2025-04-01 11:00:00,91450.0
2025-04-01 12:00:00,91120.0
2025-04-01 13:00:00,91120.0
2025-04-01 14:00:00,91780.0
2025-04-01 15:00:00,92915.0
2025-04-01 16:00:00,92750.0
2025-04-01 17:00:00,92725.0
2025-04-01 18:00:00,92740.0
2025-04-01 19:00:00,92570.0
2025-04-01 20:00:00,92795.0
2025-04-01 22:00:00,92675.0
2025-04-01 23:00:00,92795.0
2025-04-02 00:00:00,92585.0
2025-04-02 01:00:00,92790.0
2025-04-02 02:00:00,92340.0
2025-04-02 03:00:00,92140.0
2025-04-02 04:00:00,92185.0
2025-04-02 05:00:00,94575.0
2025-04-02 06:00:00,91690.0
2025-04-02 07:00:00,92000.0
2025-04-02 08:00:00,92215.0
2025-04-02 09:00:00,92575.0
2025-04-02 10:00:00,92435.0
2025-04-02 11:00:00,92130.0
2025-04-02 12:00:00,92600.0
2025-04-02 13:00:00,92875.0
2025-04-02 14:00:00,93520.0
2025-04-02 15:00:00,94460.0
2025-04-02 16:00:00,94765.0
2025-04-02 17:00:00,94280.0
2025-04-02 18:00:00,93900.0
2025-04-02 19:00:00,94530.0
2025-04-02 20:00:00,93255.0
2025-04-02 22:00:00,90170.0
2025-04-02 23:00:00,89830.0
2025-04-03 00:00:00,90680.0
2025-04-03 01:00:00,91185.0
2025-04-03 02:00:00,91225.0
2025-04-03 03:00:00,90930.0
2025-04-03 04:00:00,91030.0
2025-04-03 05:00:00,90815.0
2025-04-03 06:00:00,90535.0
2025-04-03 07:00:00,90930.0
2025-04-03 08:00:00,91180.0
2025-04-03 09:00:00,90990.0
2025-04-03 10:00:00,90740.0
2025-04-03 11:00:00,90545.0
2025-04-03 12:00:00,89400.0
2025-04-03 13:00:00,89775.0
2025-04-03 14:00:00,88920.0
2025-04-03 15:00:00,89450.0
2025-04-03 16:00:00,89225.0
2025-04-03 17:00:00,89225.0
2025-04-03 18:00:00,89515.0
2025-04-03 19:00:00,89395.0
2025-04-03 20:00:00,89750.0
2025-04-03 22:00:00,90130.0
2025-04-03 23:00:00,90595.0
2025-04-04 00:00:00,90430.0
2025-04-04 01:00:00,90095.0
2025-04-04 02:00:00,90305.0
2025-04-04 03:00:00,90185.0
2025-04-04 04:00:00,90100.0
2025-04-04 05:00:00,90610.0
2025-04-04 06:00:00,90490.0
2025-04-04 07:00:00,91430.0
2025-04-04 08:00:00,91940.0
2025-04-04 09:00:00,92130.0
2025-04-04 10:00:00,90035.0
2025-04-04 11:00:00,90140.0
2025-04-04 12:00:00,90340.0
2025-04-04 13:00:00,90815.0
2025-04-04 14:00:00,89960.0
2025-04-04 15:00:00,90270.0
2025-04-04 16:00:00,90880.0
2025-04-04 17:00:00,92030.0
2025-04-04 18:00:00,91475.0
2025-04-04 19:00:00,91550.0
2025-04-04 20:00:00,91700.0
2025-04-06 22:00:00,85315.0
2025-04-06 23:00:00,85730.0
2025-04-07 00:00:00,85715.0
2025-04-07 01:00:00,86560.0
2025-04-07 02:00:00,85835.0
2025-04-07 03:00:00,85075.0
2025-04-07 04:00:00,84340.0
2025-04-07 05:00:00,84285.0
2025-04-07 06:00:00,82210.0
2025-04-07 07:00:00,82435.0
2025-04-07 08:00:00,83665.0
2025-04-07 09:00:00,83695.0
2025-04-07 10:00:00,84390.0
2025-04-07 11:00:00,84080.0
2025-04-07 12:00:00,84700.0
2025-04-07 13:00:00,85780.0
2025-04-07 14:00:00,86535.0
2025-04-07 15:00:00,85935.0
2025-04-07 16:00:00,84865.0
2025-04-07 17:00:00,86540.0
2025-04-07 18:00:00,85915.0
2025-04-07 19:00:00,85515.0
2025-04-07 20:00:00,86345.0
2025-04-07 22:00:00,87405.0
2025-04-07 23:00:00,86585.0
2025-04-08 00:00:00,86395.0
2025-04-08 01:00:00,88020.0
2025-04-08 02:00:00,87370.0
2025-04-08 03:00:00,87270.0
2025-04-08 04:00:00,87700.0
2025-04-08 05:00:00,84015.0
2025-04-08 06:00:00,86820.0
2025-04-08 07:00:00,86835.0
2025-04-08 08:00:00,86515.0
2025-04-08 09:00:00,86260.0
2025-04-08 10:00:00,86365.0
2025-04-08 11:00:00,87330.0
2025-04-08 12:00:00,87215.0
2025-04-08 13:00:00,87280.0
2025-04-08 14:00:00,85830.0
2025-04-08 15:00:00,85825.0
2025-04-08 16:00:00,84690.0
2025-04-08 17:00:00,84640.0
2025-04-08 18:00:00,84550.0
2025-04-08 19:00:00,84070.0
2025-04-08 20:00:00,84300.0
2025-04-08 22:00:00,83980.0
2025-04-08 23:00:00,83520.0
2025-04-09 00:00:00,83710.0
2025-04-09 01:00:00,83335.0
2025-04-09 02:00:00,82900.0
2025-04-09 03:00:00,82260.0
2025-04-09 04:00:00,83625.0
2025-04-09 05:00:00,83950.0
2025-04-09 06:00:00,84035.0
2025-04-09 07:00:00,84985.0
2025-04-09 08:00:00,84525.0
2025-04-09 09:00:00,84720.0
2025-04-09 10:00:00,84400.0
2025-04-09 11:00:00,83510.0
2025-04-09 12:00:00,84035.0
2025-04-09 13:00:00,84990.0
2025-04-09 14:00:00,84150.0
2025-04-09 15:00:00,84525.0
2025-04-09 16:00:00,85570.0
2025-04-09 17:00:00,89630.0
2025-04-09 18:00:00,89250.0
2025-04-09 19:00:00,89810.0
2025-04-09 20:00:00,90620.0
2025-04-09 22:00:00,90555.0
2025-04-09 23:00:00,90070.0
2025-04-10 00:00:00,89790.0
2025-04-10 01:00:00,89690.0
2025-04-10 02:00:00,89640.0
2025-04-10 03:00:00,89220.0
2025-04-10 04:00:00,89435.0
2025-04-10 05:00:00,86895.0
2025-04-10 06:00:00,89565.0
2025-04-10 07:00:00,88980.0
2025-04-10 08:00:00,88925.0
2025-04-10 09:00:00,89385.0
2025-04-10 10:00:00,89105.0
2025-04-10 11:00:00,89260.0
2025-04-10 12:00:00,89040.0
2025-04-10 13:00:00,88165.0
2025-04-10 14:00:00,88600.0
2025-04-10 15:00:00,86005.0
2025-04-10 16:00:00,86725.0
2025-04-10 17:00:00,86610.0
2025-04-10 18:00:00,86790.0
2025-04-10 19:00:00,86910.0
2025-04-10 20:00:00,87175.0
2025-04-10 22:00:00,86935.0
2025-04-10 23:00:00,86845.0
2025-04-11 00:00:00,86320.0
2025-04-11 01:00:00,87790.0
2025-04-11 02:00:00,87595.0
2025-04-11 03:00:00,88175.0
2025-04-11 04:00:00,88220.0
2025-04-11 05:00:00,91295.0
2025-04-11 06:00:00,88460.0
2025-04-11 07:00:00,88555.0
2025-04-11 08:00:00,88915.0
2025-04-11 09:00:00,89820.0
2025-04-11 10:00:00,90100.0
2025-04-11 11:00:00,89490.0
2025-04-11 12:00:00,89490.0
2025-04-11 13:00:00,90315.0
2025-04-11 14:00:00,89255.0
2025-04-11 15:00:00,89965.0
2025-04-11 16:00:00,90230.0
2025-04-11 17:00:00,91400.0
2025-04-11 18:00:00,91045.0
2025-04-11 19:00:00,91295.0
2025-04-11 20:00:00,91335.0
2025-04-13 22:00:00,90685.0
2025-04-13 23:00:00,91120.0
2025-04-14 00:00:00,91695.0
2025-04-14 01:00:00,91600.0
2025-04-14 02:00:00,92485.0
2025-04-14 03:00:00,91950.0
2025-04-14 04:00:00,92270.0
2025-04-14 05:00:00,92365.0
2025-04-14 06:00:00,92010.0
2025-04-14 07:00:00,91925.0
2025-04-14 08:00:00,92080.0
2025-04-14 09:00:00,91790.0
2025-04-14 10:00:00,92010.0
2025-04-14 11:00:00,92305.0
2025-04-14 12:00:00,92545.0
2025-04-14 13:00:00,91755.0
2025-04-14 14:00:00,92865.0
2025-04-14 15:00:00,91480.0
2025-04-14 16:00:00,91735.0
2025-04-14 17:00:00,92285.0
2025-04-14 18:00:00,92430.0
2025-04-14 19:00:00,92345.0
2025-04-14 20:00:00,92295.0
2025-04-14 22:00:00,91900.0
2025-04-14 23:00:00,91990.0
2025-04-15 00:00:00,92345.0
2025-04-15 01:00:00,92390.0
2025-04-15 02:00:00,92655.0
2025-04-15 03:00:00,92785.0
2025-04-15 04:00:00,92950.0
2025-04-15 05:00:00,92995.0
2025-04-15 06:00:00,92865.0
2025-04-15 07:00:00,93230.0
2025-04-15 08:00:00,93295.0
2025-04-15 09:00:00,93445.0
2025-04-15 10:00:00,93100.0
2025-04-15 11:00:00,93035.0
2025-04-15 12:00:00,93270.0
2025-04-15 13:00:00,93045.0
2025-04-15 14:00:00,92620.0
2025-04-15 15:00:00,92355.0
2025-04-15 16:00:00,92290.0
2025-04-15 17:00:00,91920.0
2025-04-15 18:00:00,91595.0
2025-04-15 19:00:00,91395.0
2025-04-15 20:00:00,91350.0
2025-04-15 22:00:00,91170.0
2025-04-15 23:00:00,90975.0
2025-04-16 00:00:00,90435.0
2025-04-16 01:00:00,90955.0
2025-04-16 02:00:00,91170.0
2025-04-16 03:00:00,91005.0
2025-04-16 04:00:00,90895.0
2025-04-16 05:00:00,91735.0
2025-04-16 06:00:00,90960.0
2025-04-16 07:00:00,90660.0
2025-04-16 08:00:00,91065.0
2025-04-16 09:00:00,90925.0
2025-04-16 10:00:00,91275.0
2025-04-16 11:00:00,91395.0
2025-04-16 12:00:00,91095.0
2025-04-16 13:00:00,91100.0
2025-04-16 14:00:00,91995.0
2025-04-16 15:00:00,92270.0
2025-04-16 16:00:00,92490.0
2025-04-16 17:00:00,90665.0
2025-04-16 18:00:00,91440.0
2025-04-16 19:00:00,91730.0
2025-04-16 20:00:00,91760.0
2025-04-16 22:00:00,91910.0
2025-04-16 23:00:00,91415.0
2025-04-17 00:00:00,91595.0
2025-04-17 01:00:00,91680.0
2025-04-17 02:00:00,91660.0
2025-04-17 03:00:00,91380.0
2025-04-17 04:00:00,91515.0
2025-04-17 05:00:00,91795.0
2025-04-17 06:00:00,92205.0
2025-04-17 07:00:00,92055.0
2025-04-17 08:00:00,91830.0
2025-04-17 09:00:00,91855.0
2025-04-17 10:00:00,91725.0
2025-04-17 11:00:00,91905.0
2025-04-17 12:00:00,92160.0
2025-04-17 13:00:00,91835.0
2025-04-17 14:00:00,91455.0
2025-04-17 15:00:00,91930.0
2025-04-17 16:00:00,92330.0
2025-04-17 17:00:00,92515.0
2025-04-17 18:00:00,92325.0
2025-04-17 19:00:00,92285.0
2025-04-17 20:00:00,92600.0
2025-04-20 22:00:00,92160.0
2025-04-20 23:00:00,92540.0
2025-04-21 00:00:00,94070.0
2025-04-21 01:00:00,94785.0
2025-04-21 02:00:00,94860.0
2025-04-21 03:00:00,94735.0
2025-04-21 04:00:00,94870.0
2025-04-21 05:00:00,94735.0
2025-04-21 06:00:00,95020.0
2025-04-21 07:00:00,94865.0
2025-04-21 08:00:00,94990.0
2025-04-21 09:00:00,94930.0
2025-04-21 10:00:00,94765.0
2025-04-21 11:00:00,94380.0
2025-04-21 12:00:00,94445.0
2025-04-21 13:00:00,94400.0
2025-04-21 14:00:00,95735.0
2025-04-21 15:00:00,95520.0
2025-04-21 16:00:00,94520.0
2025-04-21 17:00:00,94175.0
2025-04-21 18:00:00,94145.0
2025-04-21 19:00:00,94730.0
2025-04-21 20:00:00,94670.0
2025-04-21 22:00:00,94495.0
2025-04-21 23:00:00,94820.0
2025-04-22 00:00:00,94990.0
2025-04-22 01:00:00,95730.0
2025-04-22 02:00:00,95495.0
2025-04-22 03:00:00,95530.0
2025-04-22 04:00:00,95370.0
2025-04-22 05:00:00,98860.0
2025-04-22 06:00:00,95595.0
2025-04-22 07:00:00,95850.0
2025-04-22 08:00:00,95775.0
2025-04-22 09:00:00,95920.0
2025-04-22 10:00:00,95860.0
2025-04-22 11:00:00,95970.0
2025-04-22 12:00:00,96395.0
2025-04-22 13:00:00,97725.0
2025-04-22 14:00:00,98310.0
2025-04-22 15:00:00,98455.0
2025-04-22 16:00:00,98215.0
2025-04-22 17:00:00,98945.0
2025-04-22 18:00:00,98990.0
2025-04-22 19:00:00,98825.0
2025-04-22 20:00:00,98580.0
2025-04-22 22:00:00,100150.0
2025-04-22 23:00:00,100865.0
2025-04-23 00:00:00,100260.0
2025-04-23 01:00:00,100080.0
2025-04-23 02:00:00,100320.0
2025-04-23 03:00:00,100550.0
2025-04-23 04:00:00,101060.0
2025-04-23 05:00:00,100865.0
2025-04-23 06:00:00,101045.0
2025-04-23 07:00:00,101640.0
2025-04-23 08:00:00,101770.0
2025-04-23 09:00:00,101430.0
2025-04-23 10:00:00,101145.0
2025-04-23 11:00:00,100845.0
2025-04-23 12:00:00,101145.0
2025-04-23 13:00:00,100395.0
2025-04-23 14:00:00,100295.0
2025-04-23 15:00:00,100585.0
2025-04-23 16:00:00,101040.0
2025-04-23 17:00:00,101380.0
2025-04-23 18:00:00,101115.0
2025-04-23 19:00:00,100830.0
2025-04-23 20:00:00,101065.0
2025-04-23 22:00:00,101170.0
2025-04-23 23:00:00,101115.0
2025-04-24 00:00:00,100770.0
2025-04-24 01:00:00,100900.0
2025-04-24 02:00:00,100455.0
2025-04-24 03:00:00,100040.0
2025-04-24 04:00:00,100125.0
2025-04-24 05:00:00,99940.0
2025-04-24 06:00:00,99790.0
2025-04-24 07:00:00,99525.0
2025-04-24 08:00:00,99435.0
2025-04-24 09:00:00,99755.0
2025-04-24 10:00:00,99985.0
2025-04-24 11:00:00,99960.0
2025-04-24 12:00:00,100125.0
2025-04-24 13:00:00,100240.0
2025-04-24 14:00:00,100460.0
2025-04-24 15:00:00,100605.0
2025-04-24 16:00:00,100800.0
2025-04-24 17:00:00,100410.0
2025-04-24 18:00:00,100775.0
2025-04-24 19:00:00,100995.0
2025-04-24 20:00:00,100840.0
2025-04-24 22:00:00,100915.0
2025-04-24 23:00:00,101460.0
2025-04-25 00:00:00,101420.0
2025-04-25 01:00:00,101155.0
2025-04-25 02:00:00,100385.0
2025-04-25 03:00:00,100770.0
2025-04-25 04:00:00,100550.0
2025-04-25 05:00:00,100640.0
2025-04-25 06:00:00,101030.0
2025-04-25 07:00:00,101270.0
2025-04-25 08:00:00,101110.0
2025-04-25 09:00:00,101275.0
2025-04-25 10:00:00,101015.0
2025-04-25 11:00:00,101985.0
2025-04-25 12:00:00,101885.0
2025-04-25 13:00:00,101845.0
2025-04-25 14:00:00,102950.0
2025-04-25 15:00:00,102595.0
2025-04-25 16:00:00,102710.0
2025-04-25 17:00:00,101955.0
2025-04-25 18:00:00,102450.0
2025-04-25 19:00:00,102750.0
2025-04-25 20:00:00,102335.0
2025-04-27 22:00:00,101290.0
2025-04-27 23:00:00,101105.0
2025-04-28 00:00:00,100765.0
2025-04-28 01:00:00,100290.0
2025-04-28 02:00:00,100950.0
2025-04-28 03:00:00,101220.0
2025-04-28 04:00:00,101420.0
2025-04-28 05:00:00,101680.0
2025-04-28 06:00:00,102045.0
2025-04-28 07:00:00,102160.0
2025-04-28 08:00:00,102225.0
2025-04-28 09:00:00,102155.0
2025-04-28 10:00:00,102530.0
2025-04-28 11:00:00,102710.0
2025-04-28 12:00:00,102770.0
2025-04-28 13:00:00,101315.0
2025-04-28 14:00:00,101785.0
2025-04-28 15:00:00,101150.0
2025-04-28 16:00:00,101010.0
2025-04-28 17:00:00,101355.0
2025-04-28 18:00:00,101485.0
2025-04-28 19:00:00,102045.0
2025-04-28 20:00:00,101725.0
2025-04-28 22:00:00,102145.0
2025-04-28 23:00:00,102270.0
2025-04-29 00:00:00,102335.0
2025-04-29 01:00:00,102170.0
2025-04-29 02:00:00,101895.0
2025-04-29 03:00:00,101935.0
2025-04-29 04:00:00,101670.0
2025-04-29 05:00:00,101530.0
2025-04-29 06:00:00,102115.0
2025-04-29 07:00:00,102240.0
2025-04-29 08:00:00,102370.0
2025-04-29 09:00:00,102315.0
2025-04-29 10:00:00,102165.0
2025-04-29 11:00:00,102475.0
2025-04-29 12:00:00,102150.0
2025-04-29 13:00:00,102115.0
2025-04-29 14:00:00,102360.0
2025-04-29 15:00:00,102135.0
2025-04-29 16:00:00,102230.0
2025-04-29 17:00:00,102475.0
2025-04-29 18:00:00,102680.0
2025-04-29 19:00:00,102550.0
2025-04-29 20:00:00,102110.0
2025-04-29 22:00:00,101450.0
2025-04-29 23:00:00,101505.0
2025-04-30 00:00:00,101815.0
2025-04-30 01:00:00,101800.0
2025-04-30 02:00:00,101960.0
2025-04-30 03:00:00,102310.0
2025-04-30 04:00:00,102345.0
2025-04-30 05:00:00,102255.0
2025-04-30 06:00:00,102110.0
2025-04-30 07:00:00,101940.0
2025-04-30 08:00:00,102050.0
2025-04-30 09:00:00,102315.0
2025-04-30 10:00:00,102245.0
2025-04-30 11:00:00,102520.0
2025-04-30 12:00:00,101805.0
2025-04-30 13:00:00,100195.0
2025-04-30 14:00:00,100830.0
2025-04-30 15:00:00,101140.0
2025-04-30 16:00:00,101085.0
2025-04-30 17:00:00,101250.0
2025-04-30 18:00:00,101200.0
2025-04-30 19:00:00,101250.0
2025-04-30 20:00:00,101725.0
2025-04-30 22:00:00,101305.0
2025-04-30 23:00:00,101375.0
2025-05-01 00:00:00,101580.0
2025-05-01 01:00:00,101830.0
2025-05-01 02:00:00,102040.0
2025-05-01 03:00:00,102040.0
2025-05-01 04:00:00,102145.0
2025-05-01 05:00:00,102455.0
2025-05-01 06:00:00,102190.0
2025-05-01 07:00:00,102305.0
2025-05-01 08:00:00,102485.0
2025-05-01 09:00:00,102860.0
2025-05-01 10:00:00,103500.0
2025-05-01 11:00:00,103545.0
2025-05-01 12:00:00,103715.0
2025-05-01 13:00:00,103130.0
2025-05-01 14:00:00,104195.0
2025-05-01 15:00:00,104170.0
2025-05-01 16:00:00,104375.0
2025-05-01 17:00:00,104100.0
2025-05-01 18:00:00,104135.0
2025-05-01 19:00:00,103770.0
2025-05-01 20:00:00,103650.0
2025-05-01 22:00:00,103640.0
2025-05-01 23:00:00,103805.0
2025-05-02 00:00:00,104340.0
2025-05-02 01:00:00,104270.0
2025-05-02 02:00:00,104245.0
2025-05-02 03:00:00,104440.0
2025-05-02 04:00:00,104240.0
2025-05-02 05:00:00,104055.0
2025-05-02 06:00:00,103980.0
2025-05-02 07:00:00,103595.0
2025-05-02 08:00:00,103900.0
2025-05-02 09:00:00,103880.0
2025-05-02 10:00:00,104195.0
2025-05-02 11:00:00,104180.0
2025-05-02 12:00:00,104460.0
2025-05-02 13:00:00,103990.0
2025-05-02 14:00:00,105000.0
2025-05-02 15:00:00,104530.0
2025-05-02 16:00:00,104535.0
2025-05-02 17:00:00,104560.0
2025-05-02 18:00:00,104320.0
2025-05-02 19:00:00,104065.0
2025-05-02 20:00:00,104230.0
2025-05-04 22:00:00,102050.0
2025-05-04 23:00:00,101255.0
2025-05-05 00:00:00,101755.0
2025-05-05 01:00:00,100920.0
2025-05-05 02:00:00,101230.0
2025-05-05 03:00:00,101015.0
2025-05-05 04:00:00,101390.0
2025-05-05 05:00:00,101280.0
2025-05-05 06:00:00,101790.0
2025-05-05 07:00:00,101775.0
2025-05-05 08:00:00,101515.0
2025-05-05 09:00:00,101525.0
2025-05-05 10:00:00,101085.0
2025-05-05 11:00:00,100985.0
2025-05-05 12:00:00,101285.0
2025-05-05 13:00:00,101145.0
2025-05-05 14:00:00,100830.0
2025-05-05 15:00:00,100720.0
2025-05-05 16:00:00,101185.0
2025-05-05 17:00:00,101495.0
2025-05-05 18:00:00,101760.0
2025-05-05 19:00:00,101305.0
2025-05-05 20:00:00,101135.0
2025-05-05 22:00:00,102005.0
2025-05-05 23:00:00,101700.0
2025-05-06 00:00:00,101545.0
2025-05-06 01:00:00,101210.0
2025-05-06 02:00:00,101235.0
2025-05-06 03:00:00,101395.0
2025-05-06 04:00:00,101475.0
2025-05-06 05:00:00,101250.0
2025-05-06 06:00:00,101440.0
2025-05-06 07:00:00,101340.0
2025-05-06 08:00:00,101280.0
2025-05-06 09:00:00,101130.0
2025-05-06 10:00:00,100840.0
2025-05-06 11:00:00,100665.0
2025-05-06 12:00:00,100885.0
2025-05-06 13:00:00,100465.0
2025-05-06 14:00:00,101080.0
2025-05-06 15:00:00,101500.0
2025-05-06 16:00:00,101200.0
2025-05-06 17:00:00,101510.0
2025-05-06 18:00:00,102060.0
2025-05-06 19:00:00,101935.0
2025-05-06 20:00:00,101750.0
2025-05-06 22:00:00,103310.0
2025-05-06 23:00:00,103865.0
2025-05-07 00:00:00,104470.0
2025-05-07 01:00:00,104330.0
2025-05-07 02:00:00,103695.0
2025-05-07 03:00:00,103530.0
2025-05-07 04:00:00,103600.0
2025-05-07 05:00:00,103385.0
2025-05-07 06:00:00,103585.0
2025-05-07 07:00:00,104020.0
2025-05-07 08:00:00,104075.0
2025-05-07 09:00:00,104010.0
2025-05-07 10:00:00,104080.0
2025-05-07 11:00:00,104095.0
2025-05-07 12:00:00,104025.0
2025-05-07 13:00:00,104105.0
2025-05-07 14:00:00,104005.0
2025-05-07 15:00:00,104000.0
2025-05-07 16:00:00,103895.0
2025-05-07 17:00:00,103325.0
2025-05-07 18:00:00,103615.0
2025-05-07 19:00:00,103190.0
2025-05-07 20:00:00,103850.0
2025-05-07 22:00:00,104315.0
2025-05-07 23:00:00,104140.0
2025-05-08 00:00:00,104840.0
2025-05-08 01:00:00,104875.0
2025-05-08 02:00:00,105775.0
2025-05-08 03:00:00,106250.0
2025-05-08 04:00:00,106050.0
2025-05-08 05:00:00,105845.0
2025-05-08 06:00:00,106125.0
2025-05-08 07:00:00,106400.0
2025-05-08 08:00:00,106810.0
2025-05-08 09:00:00,106940.0
2025-05-08 10:00:00,106920.0
2025-05-08 11:00:00,106460.0
2025-05-08 12:00:00,106375.0
2025-05-08 13:00:00,106350.0
2025-05-08 14:00:00,106415.0
2025-05-08 15:00:00,107825.0
2025-05-08 16:00:00,108385.0
2025-05-08 17:00:00,108095.0
2025-05-08 18:00:00,108465.0
2025-05-08 19:00:00,108390.0
2025-05-08 20:00:00,109655.0
2025-05-08 22:00:00,110045.0
2025-05-08 23:00:00,110280.0
2025-05-09 00:00:00,109845.0
2025-05-09 01:00:00,110105.0
2025-05-09 02:00:00,109625.0
2025-05-09 03:00:00,109475.0
2025-05-09 04:00:00,109830.0
2025-05-09 05:00:00,109990.0
2025-05-09 06:00:00,110205.0
2025-05-09 07:00:00,110670.0
2025-05-09 08:00:00,109910.0
2025-05-09 09:00:00,109940.0
2025-05-09 10:00:00,110390.0
2025-05-09 11:00:00,109930.0
2025-05-09 12:00:00,109950.0
2025-05-09 13:00:00,110650.0
2025-05-09 14:00:00,110185.0
2025-05-09 15:00:00,109920.0
2025-05-09 16:00:00,109445.0
2025-05-09 17:00:00,110215.0
2025-05-09 18:00:00,110195.0
2025-05-09 19:00:00,110215.0
2025-05-09 20:00:00,110250.0
2025-05-11 22:00:00,110740.0
2025-05-11 23:00:00,111035.0
2025-05-12 00:00:00,111590.0
2025-05-12 01:00:00,110930.0
2025-05-12 02:00:00,110840.0
2025-05-12 03:00:00,111045.0
2025-05-12 04:00:00,111010.0
2025-05-12 05:00:00,110910.0
2025-05-12 06:00:00,111345.0
2025-05-12 07:00:00,111405.0
2025-05-12 08:00:00,111510.0
2025-05-12 09:00:00,111400.0
2025-05-12 10:00:00,111445.0
2025-05-12 11:00:00,110655.0
2025-05-12 12:00:00,110770.0
2025-05-12 13:00:00,111220.0
2025-05-12 14:00:00,109695.0
2025-05-12 15:00:00,109400.0
2025-05-12 16:00:00,109725.0
2025-05-12 17:00:00,109435.0
2025-05-12 18:00:00,108480.0
2025-05-12 19:00:00,108710.0
2025-05-12 20:00:00,109575.0
2025-05-12 22:00:00,109770.0
2025-05-12 23:00:00,109675.0
2025-05-13 00:00:00,109140.0
2025-05-13 01:00:00,109260.0
2025-05-13 02:00:00,108980.0
2025-05-13 03:00:00,108595.0
2025-05-13 04:00:00,109685.0
2025-05-13 05:00:00,111815.0
2025-05-13 06:00:00,109475.0
2025-05-13 07:00:00,109590.0
2025-05-13 08:00:00,109670.0
2025-05-13 09:00:00,110420.0
2025-05-13 10:00:00,110515.0
2025-05-13 11:00:00,110635.0
2025-05-13 12:00:00,110605.0
2025-05-13 13:00:00,110705.0
2025-05-13 14:00:00,110140.0
2025-05-13 15:00:00,110660.0
2025-05-13 16:00:00,110730.0
2025-05-13 17:00:00,111240.0
2025-05-13 18:00:00,111375.0
2025-05-13 19:00:00,111820.0
2025-05-13 20:00:00,111560.0
2025-05-13 22:00:00,111155.0
2025-05-13 23:00:00,111150.0
2025-05-14 00:00:00,110935.0
2025-05-14 01:00:00,110725.0
2025-05-14 02:00:00,110685.0
2025-05-14 03:00:00,110550.0
2025-05-14 04:00:00,110680.0
2025-05-14 05:00:00,110170.0
2025-05-14 06:00:00,110770.0
2025-05-14 07:00:00,110610.0
2025-05-14 08:00:00,110125.0
2025-05-14 09:00:00,110410.0
2025-05-14 10:00:00,110640.0
2025-05-14 11:00:00,110900.0
2025-05-14 12:00:00,110970.0
2025-05-14 13:00:00,110915.0
2025-05-14 14:00:00,110205.0
2025-05-14 15:00:00,110445.0
2025-05-14 16:00:00,110310.0
2025-05-14 17:00:00,110185.0
2025-05-14 18:00:00,110435.0
2025-05-14 19:00:00,110190.0
2025-05-14 20:00:00,110475.0
2025-05-14 22:00:00,110375.0
2025-05-14 23:00:00,110395.0
2025-05-15 00:00:00,110720.0
2025-05-15 01:00:00,109910.0
2025-05-15 02:00:00,109930.0
2025-05-15 03:00:00,109585.0
2025-05-15 04:00:00,109750.0
2025-05-15 05:00:00,110050.0
2025-05-15 06:00:00,109090.0
2025-05-15 07:00:00,108655.0
2025-05-15 08:00:00,109115.0
2025-05-15 09:00:00,108685.0
2025-05-15 10:00:00,108670.0
2025-05-15 11:00:00,109250.0
2025-05-15 12:00:00,109470.0
2025-05-15 13:00:00,109010.0
2025-05-15 14:00:00,108805.0
2025-05-15 15:00:00,110170.0
2025-05-15 16:00:00,110790.0
2025-05-15 17:00:00,110900.0
2025-05-15 18:00:00,109635.0
2025-05-15 19:00:00,110070.0
2025-05-15 20:00:00,110325.0
2025-05-15 22:00:00,110425.0
2025-05-15 23:00:00,110700.0
2025-05-16 00:00:00,110675.0
2025-05-16 01:00:00,110980.0
2025-05-16 02:00:00,111155.0
2025-05-16 03:00:00,111015.0
2025-05-16 04:00:00,110895.0
2025-05-16 05:00:00,110975.0
2025-05-16 06:00:00,110950.0
2025-05-16 07:00:00,110670.0
2025-05-16 08:00:00,110370.0
2025-05-16 09:00:00,110795.0
2025-05-16 10:00:00,110780.0
2025-05-16 11:00:00,110630.0
2025-05-16 12:00:00,110490.0
2025-05-16 13:00:00,110945.0
2025-05-16 14:00:00,110550.0
2025-05-16 15:00:00,111155.0
2025-05-16 16:00:00,111135.0
2025-05-16 17:00:00,110840.0
2025-05-16 18:00:00,110660.0
2025-05-16 19:00:00,110990.0
2025-05-16 20:00:00,110640.0
2025-05-18 22:00:00,112910.0
2025-05-18 23:00:00,113490.0
2025-05-19 00:00:00,112165.0
2025-05-19 01:00:00,111950.0
2025-05-19 02:00:00,111495.0
2025-05-19 03:00:00,110450.0
2025-05-19 04:00:00,109825.0
2025-05-19 05:00:00,109795.0
2025-05-19 06:00:00,109005.0
2025-05-19 07:00:00,110065.0
2025-05-19 08:00:00,110120.0
2025-05-19 09:00:00,109915.0
2025-05-19 10:00:00,109770.0
2025-05-19 11:00:00,109815.0
2025-05-19 12:00:00,109320.0
2025-05-19 13:00:00,110155.0
2025-05-19 14:00:00,111210.0
2025-05-19 15:00:00,111710.0
2025-05-19 16:00:00,112265.0
2025-05-19 17:00:00,112280.0
2025-05-19 18:00:00,111725.0
2025-05-19 19:00:00,112410.0
2025-05-19 20:00:00,112400.0
2025-05-19 22:00:00,112510.0
2025-05-19 23:00:00,112520.0
2025-05-20 00:00:00,112660.0
2025-05-20 01:00:00,113375.0
2025-05-20 02:00:00,112965.0
2025-05-20 03:00:00,112605.0
2025-05-20 04:00:00,113100.0
2025-05-20 05:00:00,113910.0
2025-05-20 06:00:00,112325.0
2025-05-20 07:00:00,111920.0
2025-05-20 08:00:00,112055.0
2025-05-20 09:00:00,112105.0
2025-05-20 10:00:00,111880.0
2025-05-20 11:00:00,112060.0
2025-05-20 12:00:00,111640.0
2025-05-20 13:00:00,111220.0
2025-05-20 14:00:00,111345.0
2025-05-20 15:00:00,112155.0
2025-05-20 16:00:00,112055.0
2025-05-20 17:00:00,113050.0
2025-05-20 18:00:00,112125.0
2025-05-20 19:00:00,113930.0
2025-05-20 20:00:00,113940.0
2025-05-20 22:00:00,113705.0
2025-05-20 23:00:00,113700.0
2025-05-21 00:00:00,113695.0
2025-05-21 01:00:00,113430.0
2025-05-21 02:00:00,113795.0
2025-05-21 03:00:00,113790.0
2025-05-21 04:00:00,114210.0
2025-05-21 05:00:00,115510.0
2025-05-21 06:00:00,114680.0
2025-05-21 07:00:00,113415.0
2025-05-21 08:00:00,113220.0
2025-05-21 09:00:00,113055.0
2025-05-21 10:00:00,113160.0
2025-05-21 11:00:00,113360.0
2025-05-21 12:00:00,113415.0
2025-05-21 13:00:00,114095.0
2025-05-21 14:00:00,115900.0
2025-05-21 15:00:00,115880.0
2025-05-21 16:00:00,116060.0
2025-05-21 17:00:00,113405.0
2025-05-21 18:00:00,113765.0
2025-05-21 19:00:00,115425.0
2025-05-21 20:00:00,115110.0
2025-05-21 22:00:00,115655.0
2025-05-21 23:00:00,116555.0
2025-05-22 00:00:00,116810.0
2025-05-22 01:00:00,116730.0
2025-05-22 02:00:00,117375.0
2025-05-22 03:00:00,118615.0
2025-05-22 04:00:00,118360.0
2025-05-22 05:00:00,117750.0
2025-05-22 06:00:00,117500.0
2025-05-22 07:00:00,117945.0
2025-05-22 08:00:00,117280.0
2025-05-22 09:00:00,117640.0
2025-05-22 10:00:00,117675.0
2025-05-22 11:00:00,117810.0
2025-05-22 12:00:00,118495.0
2025-05-22 13:00:00,117775.0
2025-05-22 14:00:00,117725.0
2025-05-22 15:00:00,118180.0
2025-05-22 16:00:00,118130.0
2025-05-22 17:00:00,118325.0
2025-05-22 18:00:00,118570.0
2025-05-22 19:00:00,118040.0
2025-05-22 20:00:00,117875.0
2025-05-22 22:00:00,117855.0
2025-05-22 23:00:00,118520.0
2025-05-23 00:00:00,118430.0
2025-05-23 01:00:00,118050.0
2025-05-23 02:00:00,117925.0
2025-05-23 03:00:00,117805.0
2025-05-23 04:00:00,117355.0
2025-05-23 05:00:00,117390.0
2025-05-23 06:00:00,117035.0
2025-05-23 07:00:00,117390.0
2025-05-23 08:00:00,117625.0
2025-05-23 09:00:00,118050.0
2025-05-23 10:00:00,117715.0
2025-05-23 11:00:00,115750.0
2025-05-23 12:00:00,115060.0
2025-05-23 13:00:00,116310.0
2025-05-23 14:00:00,116370.0
2025-05-23 15:00:00,115590.0
2025-05-23 16:00:00,115785.0
2025-05-23 17:00:00,116215.0
2025-05-23 18:00:00,115445.0
2025-05-23 19:00:00,115330.0
2025-05-23 20:00:00,114775.0
2025-05-25 22:00:00,115770.0
2025-05-25 23:00:00,115655.0
2025-05-26 00:00:00,116225.0
2025-05-26 01:00:00,116205.0
2025-05-26 02:00:00,115865.0
2025-05-26 03:00:00,116220.0
2025-05-26 04:00:00,116355.0
2025-05-26 05:00:00,116415.0
2025-05-26 06:00:00,116630.0
2025-05-26 07:00:00,116745.0
2025-05-26 08:00:00,116390.0
2025-05-26 09:00:00,116380.0
2025-05-26 10:00:00,116285.0
2025-05-26 11:00:00,116450.0
2025-05-26 12:00:00,116565.0
2025-05-26 13:00:00,116265.0
2025-05-26 14:00:00,116285.0
2025-05-26 15:00:00,116755.0
2025-05-26 16:00:00,116100.0
2025-05-26 17:00:00,115570.0
2025-05-26 18:00:00,115775.0
2025-05-26 19:00:00,115765.0
2025-05-26 20:00:00,116225.0
2025-05-26 22:00:00,115780.0
2025-05-26 23:00:00,116115.0
2025-05-27 00:00:00,115815.0
2025-05-27 01:00:00,114920.0
2025-05-27 02:00:00,114915.0
2025-05-27 03:00:00,115610.0
2025-05-27 04:00:00,115780.0
2025-05-27 05:00:00,115540.0
2025-05-27 06:00:00,115525.0
2025-05-27 07:00:00,116145.0
2025-05-27 08:00:00,116300.0
2025-05-27 09:00:00,116535.0
2025-05-27 10:00:00,116375.0
2025-05-27 11:00:00,116250.0
2025-05-27 12:00:00,116275.0
2025-05-27 13:00:00,116595.0
2025-05-27 14:00:00,115965.0
2025-05-27 15:00:00,116785.0
2025-05-27 16:00:00,116925.0
2025-05-27 17:00:00,116965.0
2025-05-27 18:00:00,116580.0
2025-05-27 19:00:00,116650.0
2025-05-27 20:00:00,116285.0
2025-05-27 22:00:00,115785.0
2025-05-27 23:00:00,115620.0
2025-05-28 00:00:00,115895.0
2025-05-28 01:00:00,115430.0
2025-05-28 02:00:00,115260.0
2025-05-28 03:00:00,115475.0
2025-05-28 04:00:00,115540.0
2025-05-28 05:00:00,115610.0
2025-05-28 06:00:00,115355.0
2025-05-28 07:00:00,115475.0
2025-05-28 08:00:00,115680.0
2025-05-28 09:00:00,115420.0
2025-05-28 10:00:00,115440.0
2025-05-28 11:00:00,115530.0
2025-05-28 12:00:00,115555.0
2025-05-28 13:00:00,114725.0
2025-05-28 14:00:00,114155.0
2025-05-28 15:00:00,113610.0
2025-05-28 16:00:00,113855.0
2025-05-28 17:00:00,114115.0
2025-05-28 18:00:00,114010.0
2025-05-28 19:00:00,113420.0
2025-05-28 20:00:00,113755.0
2025-05-28 22:00:00,113955.0
2025-05-28 23:00:00,114385.0
2025-05-29 00:00:00,114770.0
2025-05-29 01:00:00,114680.0
2025-05-29 02:00:00,114990.0
2025-05-29 03:00:00,114610.0
2025-05-29 04:00:00,114060.0
2025-05-29 05:00:00,112020.0
2025-05-29 06:00:00,114345.0
2025-05-29 07:00:00,114340.0
2025-05-29 08:00:00,115090.0
2025-05-29 09:00:00,115135.0
2025-05-29 10:00:00,115315.0
2025-05-29 11:00:00,115410.0
2025-05-29 12:00:00,115010.0
2025-05-29 13:00:00,114105.0
2025-05-29 14:00:00,114020.0
2025-05-29 15:00:00,113355.0
2025-05-29 16:00:00,113195.0
2025-05-29 17:00:00,112630.0
2025-05-29 18:00:00,112105.0
2025-05-29 19:00:00,112080.0
2025-05-29 20:00:00,112435.0
2025-05-29 22:00:00,112185.0
2025-05-29 23:00:00,111880.0
2025-05-30 00:00:00,111325.0
2025-05-30 01:00:00,112105.0
2025-05-30 02:00:00,112435.0
2025-05-30 03:00:00,112450.0
2025-05-30 04:00:00,112580.0
2025-05-30 05:00:00,112565.0
2025-05-30 06:00:00,112165.0
2025-05-30 07:00:00,111495.0
2025-05-30 08:00:00,111645.0
2025-05-30 09:00:00,112075.0
2025-05-30 10:00:00,112340.0
2025-05-30 11:00:00,112340.0
2025-05-30 12:00:00,112140.0
2025-05-30 13:00:00,111935.0
2025-05-30 14:00:00,111655.0
2025-05-30 15:00:00,111900.0
2025-05-30 16:00:00,110120.0
2025-05-30 17:00:00,110395.0
2025-05-30 18:00:00,111140.0
2025-05-30 19:00:00,110905.0
2025-05-30 20:00:00,110800.0
2025-06-01 22:00:00,111745.0
2025-06-01 23:00:00,111940.0
2025-06-02 00:00:00,111680.0
2025-06-02 01:00:00,111580.0
2025-06-02 02:00:00,111245.0
2025-06-02 03:00:00,111030.0
2025-06-02 04:00:00,110980.0
2025-06-02 05:00:00,111040.0
2025-06-02 06:00:00,111460.0
2025-06-02 07:00:00,111705.0
2025-06-02 08:00:00,111665.0
2025-06-02 09:00:00,110875.0
2025-06-02 10:00:00,110650.0
2025-06-02 11:00:00,110260.0
2025-06-02 12:00:00,110430.0
2025-06-02 13:00:00,110025.0
2025-06-02 14:00:00,110430.0
2025-06-02 15:00:00,110740.0
2025-06-02 16:00:00,110565.0
2025-06-02 17:00:00,110680.0
2025-06-02 18:00:00,110630.0
2025-06-02 19:00:00,110730.0
2025-06-02 20:00:00,111230.0
2025-06-02 22:00:00,112005.0
2025-06-02 23:00:00,112235.0
2025-06-03 00:00:00,112730.0
2025-06-03 01:00:00,112910.0
2025-06-03 02:00:00,112025.0
2025-06-03 03:00:00,111820.0
2025-06-03 04:00:00,111415.0
2025-06-03 05:00:00,112575.0
2025-06-03 06:00:00,111715.0
2025-06-03 07:00:00,111450.0
2025-06-03 08:00:00,111350.0
2025-06-03 09:00:00,111445.0
2025-06-03 10:00:00,111565.0
2025-06-03 11:00:00,111580.0
2025-06-03 12:00:00,111585.0
2025-06-03 13:00:00,111725.0
2025-06-03 14:00:00,112980.0
2025-06-03 15:00:00,113045.0
2025-06-03 16:00:00,112245.0
2025-06-03 17:00:00,112340.0
2025-06-03 18:00:00,112370.0
2025-06-03 19:00:00,112585.0
2025-06-03 20:00:00,112025.0
2025-06-03 22:00:00,112085.0
2025-06-03 23:00:00,111670.0
2025-06-04 00:00:00,111740.0
2025-06-04 01:00:00,111880.0
2025-06-04 02:00:00,111750.0
2025-06-04 03:00:00,111805.0
2025-06-04 04:00:00,111695.0
2025-06-04 05:00:00,111210.0
2025-06-04 06:00:00,111530.0
2025-06-04 07:00:00,111540.0
2025-06-04 08:00:00,111700.0
2025-06-04 09:00:00,112085.0
2025-06-04 10:00:00,111965.0
2025-06-04 11:00:00,111355.0
2025-06-04 12:00:00,111300.0
2025-06-04 13:00:00,110965.0
2025-06-04 14:00:00,111310.0
2025-06-04 15:00:00,111590.0
2025-06-04 16:00:00,111760.0
2025-06-04 17:00:00,111350.0
2025-06-04 18:00:00,111265.0
2025-06-04 19:00:00,111175.0
2025-06-04 20:00:00,110895.0
2025-06-04 22:00:00,111005.0
2025-06-04 23:00:00,110890.0
2025-06-05 00:00:00,111230.0
2025-06-05 01:00:00,110985.0
2025-06-05 02:00:00,111230.0
2025-06-05 03:00:00,111270.0
2025-06-05 04:00:00,111460.0
2025-06-05 05:00:00,110835.0
2025-06-05 06:00:00,110645.0
2025-06-05 07:00:00,110665.0
2025-06-05 08:00:00,110860.0
2025-06-05 09:00:00,111120.0
2025-06-05 10:00:00,110875.0
2025-06-05 11:00:00,111070.0
2025-06-05 12:00:00,111970.0
2025-06-05 13:00:00,110705.0
2025-06-05 14:00:00,110850.0
2025-06-05 15:00:00,110745.0
2025-06-05 16:00:00,109350.0
2025-06-05 17:00:00,109295.0
2025-06-05 18:00:00,109090.0
2025-06-05 19:00:00,107985.0
2025-06-05 20:00:00,106625.0
2025-06-05 22:00:00,107570.0
2025-06-05 23:00:00,107595.0
2025-06-06 00:00:00,107945.0
2025-06-06 01:00:00,107900.0
2025-06-06 02:00:00,108205.0
2025-06-06 03:00:00,108490.0
2025-06-06 04:00:00,108880.0
2025-06-06 05:00:00,110495.0
2025-06-06 06:00:00,109335.0
2025-06-06 07:00:00,109340.0
2025-06-06 08:00:00,109760.0
2025-06-06 09:00:00,109875.0
2025-06-06 10:00:00,109910.0
2025-06-06 11:00:00,110185.0
2025-06-06 12:00:00,110030.0
2025-06-06 13:00:00,110355.0
2025-06-06 14:00:00,111090.0
2025-06-06 15:00:00,111430.0
2025-06-06 16:00:00,111090.0
2025-06-06 17:00:00,111235.0
2025-06-06 18:00:00,110805.0
2025-06-06 19:00:00,110460.0
2025-06-06 20:00:00,110785.0
2025-06-08 22:00:00,111950.0
2025-06-08 23:00:00,111900.0
2025-06-09 00:00:00,111845.0
2025-06-09 01:00:00,111685.0
2025-06-09 02:00:00,111730.0
2025-06-09 03:00:00,111835.0
2025-06-09 04:00:00,111610.0
2025-06-09 05:00:00,111555.0
2025-06-09 06:00:00,111840.0
2025-06-09 07:00:00,111740.0
2025-06-09 08:00:00,112085.0
2025-06-09 09:00:00,112855.0
2025-06-09 10:00:00,113450.0
2025-06-09 11:00:00,114020.0
2025-06-09 12:00:00,113995.0
2025-06-09 13:00:00,113295.0
2025-06-09 14:00:00,113865.0
2025-06-09 15:00:00,113915.0
2025-06-09 16:00:00,113995.0
2025-06-09 17:00:00,114635.0
2025-06-09 18:00:00,114775.0
2025-06-09 19:00:00,114855.0
2025-06-09 20:00:00,115005.0
2025-06-09 22:00:00,116415.0
2025-06-09 23:00:00,116495.0
2025-06-10 00:00:00,116180.0
2025-06-10 01:00:00,116070.0
2025-06-10 02:00:00,115895.0
2025-06-10 03:00:00,115845.0
2025-06-10 04:00:00,115775.0
2025-06-10 05:00:00,115585.0
2025-06-10 06:00:00,115750.0
2025-06-10 07:00:00,115435.0
2025-06-10 08:00:00,115340.0
2025-06-10 09:00:00,115720.0
2025-06-10 10:00:00,115495.0
2025-06-10 11:00:00,115735.0
2025-06-10 12:00:00,115870.0
2025-06-10 13:00:00,115500.0
2025-06-10 14:00:00,114770.0
2025-06-10 15:00:00,115210.0
2025-06-10 16:00:00,114885.0
2025-06-10 17:00:00,114845.0
2025-06-10 18:00:00,115415.0
2025-06-10 19:00:00,115710.0
2025-06-10 20:00:00,116145.0
2025-06-10 22:00:00,115910.0
2025-06-10 23:00:00,116450.0
2025-06-11 00:00:00,115955.0
2025-06-11 01:00:00,115725.0
2025-06-11 02:00:00,115820.0
2025-06-11 03:00:00,115885.0
2025-06-11 04:00:00,115755.0
2025-06-11 05:00:00,115660.0
2025-06-11 06:00:00,115780.0
2025-06-11 07:00:00,115630.0
2025-06-11 08:00:00,115755.0
2025-06-11 09:00:00,115355.0
2025-06-11 10:00:00,115505.0
2025-06-11 11:00:00,115350.0
2025-06-11 12:00:00,115825.0
2025-06-11 13:00:00,115830.0
2025-06-11 14:00:00,116050.0
2025-06-11 15:00:00,115855.0
2025-06-11 16:00:00,115565.0
2025-06-11 17:00:00,115100.0
2025-06-11 18:00:00,114950.0
2025-06-11 19:00:00,114895.0
2025-06-11 20:00:00,115075.0
2025-06-11 22:00:00,114530.0
2025-06-11 23:00:00,114765.0
2025-06-12 00:00:00,114780.0
2025-06-12 01:00:00,114610.0
2025-06-12 02:00:00,114480.0
2025-06-12 03:00:00,113940.0
2025-06-12 04:00:00,113825.0
2025-06-12 05:00:00,113790.0
2025-06-12 06:00:00,113935.0
2025-06-12 07:00:00,113610.0
2025-06-12 08:00:00,113775.0
2025-06-12 09:00:00,113585.0
2025-06-12 10:00:00,113380.0
2025-06-12 11:00:00,112900.0
2025-06-12 12:00:00,112995.0
2025-06-12 13:00:00,113030.0
2025-06-12 14:00:00,113620.0
2025-06-12 15:00:00,113020.0
2025-06-12 16:00:00,113765.0
2025-06-12 17:00:00,114375.0
2025-06-12 18:00:00,113585.0
2025-06-12 19:00:00,112830.0
2025-06-12 20:00:00,112005.0
2025-06-12 22:00:00,111940.0
2025-06-12 23:00:00,111695.0
2025-06-13 00:00:00,109845.0
2025-06-13 01:00:00,109800.0
2025-06-13 02:00:00,109635.0
2025-06-13 03:00:00,110280.0
2025-06-13 04:00:00,110360.0
2025-06-13 05:00:00,111105.0
2025-06-13 06:00:00,110715.0
2025-06-13 07:00:00,110890.0
2025-06-13 08:00:00,110770.0
2025-06-13 09:00:00,110840.0
2025-06-13 10:00:00,110935.0
2025-06-13 11:00:00,111000.0
2025-06-13 12:00:00,110915.0
2025-06-13 13:00:00,110740.0
2025-06-13 14:00:00,111015.0
2025-06-13 15:00:00,111530.0
2025-06-13 16:00:00,111850.0
2025-06-13 17:00:00,111460.0
2025-06-13 18:00:00,111245.0
2025-06-13 19:00:00,111130.0
2025-06-13 20:00:00,111470.0
2025-06-15 22:00:00,111270.0
2025-06-15 23:00:00,111580.0
2025-06-16 00:00:00,111430.0
2025-06-16 01:00:00,111805.0
2025-06-16 02:00:00,111775.0
2025-06-16 03:00:00,111915.0
2025-06-16 04:00:00,112375.0
2025-06-16 05:00:00,114645.0
2025-06-16 06:00:00,112600.0
2025-06-16 07:00:00,113075.0
2025-06-16 08:00:00,113185.0
2025-06-16 09:00:00,112985.0
2025-06-16 10:00:00,112810.0
2025-06-16 11:00:00,112880.0
2025-06-16 12:00:00,112675.0
2025-06-16 13:00:00,113150.0
2025-06-16 14:00:00,113575.0
2025-06-16 15:00:00,113450.0
2025-06-16 16:00:00,113810.0
2025-06-16 17:00:00,113805.0
2025-06-16 18:00:00,114330.0
2025-06-16 19:00:00,114725.0
2025-06-16 20:00:00,114805.0
2025-06-16 22:00:00,113805.0
2025-06-16 23:00:00,112840.0
2025-06-17 00:00:00,113260.0
2025-06-17 01:00:00,113190.0
2025-06-17 02:00:00,113485.0
2025-06-17 03:00:00,113605.0
2025-06-17 04:00:00,113360.0
2025-06-17 05:00:00,110635.0
2025-06-17 06:00:00,112800.0
2025-06-17 07:00:00,112705.0
2025-06-17 08:00:00,112555.0
2025-06-17 09:00:00,112145.0
2025-06-17 10:00:00,111920.0
2025-06-17 11:00:00,111570.0
2025-06-17 12:00:00,111430.0
2025-06-17 13:00:00,111270.0
2025-06-17 14:00:00,110725.0
2025-06-17 15:00:00,110135.0
2025-06-17 16:00:00,109520.0
2025-06-17 17:00:00,109700.0
2025-06-17 18:00:00,110350.0
2025-06-17 19:00:00,110615.0
2025-06-17 20:00:00,110205.0
2025-06-17 22:00:00,110115.0
2025-06-17 23:00:00,110470.0
2025-06-18 00:00:00,110690.0
2025-06-18 01:00:00,110620.0
2025-06-18 02:00:00,110760.0
2025-06-18 03:00:00,111115.0
2025-06-18 04:00:00,111335.0
2025-06-18 05:00:00,109690.0
2025-06-18 06:00:00,110915.0
2025-06-18 07:00:00,110855.0
2025-06-18 08:00:00,110835.0
2025-06-18 09:00:00,110575.0
2025-06-18 10:00:00,110195.0
2025-06-18 11:00:00,110770.0
2025-06-18 12:00:00,110415.0
2025-06-18 13:00:00,110355.0
2025-06-18 14:00:00,110525.0
2025-06-18 15:00:00,110740.0
2025-06-18 16:00:00,110315.0
2025-06-18 17:00:00,110115.0
2025-06-18 18:00:00,109475.0
2025-06-18 19:00:00,109675.0
2025-06-18 20:00:00,110675.0
2025-06-18 22:00:00,110655.0
2025-06-18 23:00:00,110715.0
2025-06-19 00:00:00,110820.0
2025-06-19 01:00:00,110435.0
2025-06-19 02:00:00,110605.0
2025-06-19 03:00:00,110930.0
2025-06-19 04:00:00,110940.0
2025-06-19 05:00:00,110750.0
2025-06-19 06:00:00,110540.0
2025-06-19 07:00:00,110470.0
2025-06-19 08:00:00,110615.0
2025-06-19 09:00:00,110830.0
2025-06-19 10:00:00,110760.0
2025-06-19 11:00:00,110645.0
2025-06-19 12:00:00,110590.0
2025-06-19 13:00:00,110110.0
2025-06-19 14:00:00,109980.0
2025-06-19 15:00:00,109950.0
2025-06-19 16:00:00,109870.0
2025-06-19 17:00:00,110400.0
2025-06-19 18:00:00,110250.0
2025-06-19 19:00:00,110115.0
2025-06-19 20:00:00,110130.0
2025-06-19 22:00:00,110435.0
2025-06-19 23:00:00,110515.0
2025-06-20 00:00:00,110550.0
2025-06-20 01:00:00,110635.0
2025-06-20 02:00:00,110525.0
2025-06-20 03:00:00,110460.0
2025-06-20 04:00:00,110100.0
2025-06-20 05:00:00,109145.0
2025-06-20 06:00:00,110585.0
2025-06-20 07:00:00,111725.0
2025-06-20 08:00:00,111895.0
2025-06-20 09:00:00,111840.0
2025-06-20 10:00:00,111860.0
2025-06-20 11:00:00,111910.0
2025-06-20 12:00:00,111885.0
2025-06-20 13:00:00,111565.0
2025-06-20 14:00:00,109750.0
2025-06-20 15:00:00,110035.0
2025-06-20 16:00:00,109500.0
2025-06-20 17:00:00,109065.0
2025-06-20 18:00:00,108950.0
2025-06-20 19:00:00,109115.0
2025-06-20 20:00:00,109465.0
2025-06-22 22:00:00,106790.0
2025-06-22 23:00:00,106775.0
2025-06-23 00:00:00,106755.0
2025-06-23 01:00:00,106915.0
2025-06-23 02:00:00,107080.0
2025-06-23 03:00:00,106955.0
2025-06-23 04:00:00,106970.0
2025-06-23 05:00:00,108990.0
2025-06-23 06:00:00,107585.0
2025-06-23 07:00:00,107750.0
2025-06-23 08:00:00,107745.0
2025-06-23 09:00:00,107380.0
2025-06-23 10:00:00,107320.0
2025-06-23 11:00:00,107210.0
2025-06-23 12:00:00,107540.0
2025-06-23 13:00:00,108170.0
2025-06-23 14:00:00,107370.0
2025-06-23 15:00:00,107215.0
2025-06-23 16:00:00,106490.0
2025-06-23 17:00:00,108295.0
2025-06-23 18:00:00,108855.0
2025-06-23 19:00:00,109020.0
2025-06-23 20:00:00,109610.0
2025-06-23 22:00:00,111410.0
2025-06-23 23:00:00,111210.0
2025-06-24 00:00:00,111020.0
2025-06-24 01:00:00,111320.0
2025-06-24 02:00:00,110600.0
2025-06-24 03:00:00,110800.0
2025-06-24 04:00:00,110735.0
2025-06-24 05:00:00,111230.0
2025-06-24 06:00:00,111565.0
2025-06-24 07:00:00,110795.0
2025-06-24 08:00:00,110820.0
2025-06-24 09:00:00,111070.0
2025-06-24 10:00:00,111080.0
2025-06-24 11:00:00,111055.0
2025-06-24 12:00:00,111075.0
2025-06-24 13:00:00,110875.0
2025-06-24 14:00:00,111355.0
2025-06-24 15:00:00,111055.0
2025-06-24 16:00:00,112085.0
2025-06-24 17:00:00,111945.0
2025-06-24 18:00:00,111405.0
2025-06-24 19:00:00,111540.0
2025-06-24 20:00:00,112040.0
2025-06-24 22:00:00,111930.0
2025-06-24 23:00:00,111970.0
2025-06-25 00:00:00,112280.0
2025-06-25 01:00:00,112280.0
2025-06-25 02:00:00,112405.0
2025-06-25 03:00:00,112105.0
2025-06-25 04:00:00,112055.0
2025-06-25 05:00:00,112080.0
2025-06-25 06:00:00,112350.0
2025-06-25 07:00:00,112550.0
2025-06-25 08:00:00,112490.0
2025-06-25 09:00:00,112610.0
2025-06-25 10:00:00,113005.0
2025-06-25 11:00:00,113115.0
2025-06-25 12:00:00,113145.0
2025-06-25 13:00:00,113850.0
2025-06-25 14:00:00,113585.0
2025-06-25 15:00:00,112910.0
2025-06-25 16:00:00,112990.0
2025-06-25 17:00:00,113205.0
2025-06-25 18:00:00,113230.0
2025-06-25 19:00:00,113605.0
2025-06-25 20:00:00,113645.0
2025-06-25 22:00:00,113190.0
2025-06-25 23:00:00,113225.0
2025-06-26 00:00:00,113170.0
2025-06-26 01:00:00,113510.0
2025-06-26 02:00:00,113775.0
2025-06-26 03:00:00,113780.0
2025-06-26 04:00:00,113645.0
2025-06-26 05:00:00,113345.0
2025-06-26 06:00:00,113620.0
2025-06-26 07:00:00,113690.0
2025-06-26 08:00:00,113660.0
2025-06-26 09:00:00,113180.0
2025-06-26 10:00:00,113245.0
2025-06-26 11:00:00,113150.0
2025-06-26 12:00:00,112915.0
2025-06-26 13:00:00,112725.0
2025-06-26 14:00:00,113280.0
2025-06-26 15:00:00,113115.0
2025-06-26 16:00:00,112930.0
2025-06-26 17:00:00,112945.0
2025-06-26 18:00:00,113195.0
2025-06-26 19:00:00,113325.0
2025-06-26 20:00:00,113570.0
2025-06-26 22:00:00,112805.0
2025-06-26 23:00:00,112800.0
2025-06-27 00:00:00,112500.0
2025-06-27 01:00:00,112935.0
2025-06-27 02:00:00,113085.0
2025-06-27 03:00:00,113330.0
2025-06-27 04:00:00,113345.0
2025-06-27 05:00:00,112555.0
2025-06-27 06:00:00,113125.0
2025-06-27 07:00:00,112695.0
2025-06-27 08:00:00,112800.0
2025-06-27 09:00:00,112890.0
2025-06-27 10:00:00,112815.0
2025-06-27 11:00:00,112760.0
2025-06-27 12:00:00,112445.0
2025-06-27 13:00:00,112610.0
2025-06-27 14:00:00,112400.0
2025-06-27 15:00:00,113135.0
2025-06-27 16:00:00,113310.0
2025-06-27 17:00:00,112665.0
2025-06-27 18:00:00,112520.0
2025-06-27 19:00:00,112520.0
2025-06-27 20:00:00,112865.0
2025-06-29 22:00:00,113765.0
2025-06-29 23:00:00,114105.0
2025-06-30 00:00:00,114525.0
2025-06-30 01:00:00,114290.0
2025-06-30 02:00:00,114305.0
2025-06-30 03:00:00,114320.0
2025-06-30 04:00:00,114120.0
2025-06-30 05:00:00,114035.0
2025-06-30 06:00:00,113255.0
2025-06-30 07:00:00,113275.0
2025-06-30 08:00:00,113145.0
2025-06-30 09:00:00,113110.0
2025-06-30 10:00:00,113275.0
2025-06-30 11:00:00,113315.0
2025-06-30 12:00:00,113245.0
2025-06-30 13:00:00,113150.0
2025-06-30 14:00:00,112375.0
2025-06-30 15:00:00,113235.0
2025-06-30 16:00:00,113215.0
2025-06-30 17:00:00,113035.0
2025-06-30 18:00:00,112810.0
2025-06-30 19:00:00,113285.0
2025-06-30 20:00:00,113195.0
2025-06-30 22:00:00,112680.0
2025-06-30 23:00:00,112730.0
2025-07-01 00:00:00,112940.0
2025-07-01 01:00:00,112770.0
2025-07-01 02:00:00,112630.0
2025-07-01 03:00:00,112740.0
2025-07-01 04:00:00,112440.0
2025-07-01 05:00:00,110820.0
2025-07-01 06:00:00,112420.0
2025-07-01 07:00:00,112665.0
2025-07-01 08:00:00,112225.0
2025-07-01 09:00:00,111990.0
2025-07-01 10:00:00,111915.0
2025-07-01 11:00:00,112095.0
2025-07-01 12:00:00,111865.0
2025-07-01 13:00:00,112335.0
2025-07-01 14:00:00,111365.0
2025-07-01 15:00:00,111390.0
2025-07-01 16:00:00,111495.0
2025-07-01 17:00:00,111665.0
2025-07-01 18:00:00,111135.0
2025-07-01 19:00:00,110810.0
2025-07-01 20:00:00,111320.0
2025-07-01 22:00:00,110980.0
2025-07-01 23:00:00,111095.0
2025-07-02 00:00:00,110765.0
2025-07-02 01:00:00,111130.0
2025-07-02 02:00:00,111285.0
2025-07-02 03:00:00,111620.0
2025-07-02 04:00:00,111830.0
2025-07-02 05:00:00,112110.0
2025-07-02 06:00:00,112575.0
2025-07-02 07:00:00,112650.0
2025-07-02 08:00:00,113315.0
2025-07-02 09:00:00,113260.0
2025-07-02 10:00:00,113480.0
2025-07-02 11:00:00,113090.0
2025-07-02 12:00:00,112975.0
2025-07-02 13:00:00,113405.0
2025-07-02 14:00:00,113840.0
2025-07-02 15:00:00,114430.0
2025-07-02 16:00:00,115195.0
2025-07-02 17:00:00,114905.0
2025-07-02 18:00:00,115325.0
2025-07-02 19:00:00,115365.0
2025-07-02 20:00:00,114865.0
2025-07-02 22:00:00,114870.0
2025-07-02 23:00:00,114585.0
2025-07-03 00:00:00,114625.0
2025-07-03 01:00:00,114690.0
2025-07-03 02:00:00,114440.0
2025-07-03 03:00:00,114325.0
2025-07-03 04:00:00,114490.0
2025-07-03 05:00:00,115485.0
2025-07-03 06:00:00,115210.0
2025-07-03 07:00:00,114995.0
2025-07-03 08:00:00,115100.0
2025-07-03 09:00:00,115685.0
2025-07-03 10:00:00,115580.0
2025-07-03 11:00:00,115310.0
2025-07-03 12:00:00,114860.0
2025-07-03 13:00:00,116025.0
2025-07-03 14:00:00,115475.0
2025-07-03 15:00:00,114815.0
2025-07-03 16:00:00,114955.0
2025-07-03 17:00:00,115225.0
2025-07-03 18:00:00,115385.0
2025-07-03 19:00:00,115500.0
2025-07-03 20:00:00,115670.0
2025-07-03 22:00:00,115400.0
2025-07-03 23:00:00,115290.0
2025-07-04 00:00:00,115180.0
2025-07-04 01:00:00,115220.0
2025-07-04 02:00:00,114895.0
2025-07-04 03:00:00,114935.0
2025-07-04 04:00:00,114670.0
2025-07-04 05:00:00,114700.0
2025-07-04 06:00:00,114685.0
2025-07-04 07:00:00,114410.0
2025-07-04 08:00:00,114450.0
2025-07-04 09:00:00,114660.0
2025-07-04 10:00:00,114535.0
2025-07-04 11:00:00,114530.0
2025-07-04 12:00:00,114375.0
2025-07-04 13:00:00,113595.0
2025-07-04 14:00:00,113465.0
2025-07-04 15:00:00,113200.0
2025-07-04 16:00:00,113225.0
2025-07-06 22:00:00,114865.0
2025-07-06 23:00:00,114810.0
2025-07-07 00:00:00,114335.0
2025-07-07 01:00:00,114590.0
2025-07-07 02:00:00,114950.0
2025-07-07 03:00:00,114995.0
2025-07-07 04:00:00,114645.0
2025-07-07 05:00:00,113525.0
2025-07-07 06:00:00,114270.0
2025-07-07 07:00:00,114615.0
2025-07-07 08:00:00,114575.0
2025-07-07 09:00:00,114440.0
2025-07-07 10:00:00,114250.0
2025-07-07 11:00:00,114200.0
2025-07-07 12:00:00,113885.0
2025-07-07 13:00:00,114025.0
2025-07-07 14:00:00,113715.0
2025-07-07 15:00:00,113815.0
2025-07-07 16:00:00,113425.0
2025-07-07 17:00:00,113400.0
2025-07-07 18:00:00,113490.0
2025-07-07 19:00:00,113520.0
2025-07-07 20:00:00,113260.0
2025-07-07 22:00:00,113460.0
2025-07-07 23:00:00,113690.0
2025-07-08 00:00:00,113720.0
2025-07-08 01:00:00,113070.0
2025-07-08 02:00:00,113185.0
2025-07-08 03:00:00,113270.0
2025-07-08 04:00:00,113470.0
2025-07-08 05:00:00,113645.0
2025-07-08 06:00:00,113760.0
2025-07-08 07:00:00,113945.0
2025-07-08 08:00:00,113735.0
2025-07-08 09:00:00,113945.0
2025-07-08 10:00:00,114320.0
2025-07-08 11:00:00,114275.0
2025-07-08 12:00:00,114470.0
2025-07-08 13:00:00,114570.0
2025-07-08 14:00:00,113835.0
2025-07-08 15:00:00,113685.0
2025-07-08 16:00:00,113875.0
2025-07-08 17:00:00,114455.0
2025-07-08 18:00:00,114640.0
2025-07-08 19:00:00,114255.0
2025-07-08 20:00:00,114155.0
2025-07-08 22:00:00,114410.0
2025-07-08 23:00:00,114425.0
2025-07-09 00:00:00,114440.0
2025-07-09 01:00:00,114250.0
2025-07-09 02:00:00,114060.0
2025-07-09 03:00:00,113770.0
2025-07-09 04:00:00,113955.0
2025-07-09 05:00:00,114195.0
2025-07-09 06:00:00,114300.0
2025-07-09 07:00:00,114150.0
2025-07-09 08:00:00,114115.0
2025-07-09 09:00:00,114165.0
2025-07-09 10:00:00,114390.0
2025-07-09 11:00:00,114580.0
2025-07-09 12:00:00,114845.0
2025-07-09 13:00:00,114705.0
2025-07-09 14:00:00,114300.0
2025-07-09 15:00:00,114505.0
2025-07-09 16:00:00,114920.0
2025-07-09 17:00:00,114635.0
2025-07-09 18:00:00,114990.0
2025-07-09 19:00:00,117355.0
2025-07-09 20:00:00,116365.0
2025-07-09 22:00:00,117045.0
2025-07-09 23:00:00,116835.0
2025-07-10 00:00:00,116545.0
2025-07-10 01:00:00,116820.0
2025-07-10 02:00:00,116825.0
2025-07-10 03:00:00,116640.0
2025-07-10 04:00:00,116710.0
2025-07-10 05:00:00,116645.0
2025-07-10 06:00:00,116780.0
2025-07-10 07:00:00,116760.0
2025-07-10 08:00:00,116800.0
2025-07-10 09:00:00,116575.0
2025-07-10 10:00:00,116585.0
2025-07-10 11:00:00,116545.0
2025-07-10 12:00:00,116370.0
2025-07-10 13:00:00,116305.0
2025-07-10 14:00:00,116800.0
2025-07-10 15:00:00,116990.0
2025-07-10 16:00:00,118290.0
2025-07-10 17:00:00,119370.0
2025-07-10 18:00:00,119060.0
2025-07-10 19:00:00,118905.0
2025-07-10 20:00:00,119100.0
2025-07-10 22:00:00,121455.0
2025-07-10 23:00:00,121570.0
2025-07-11 00:00:00,121130.0
2025-07-11 01:00:00,121505.0
2025-07-11 02:00:00,122210.0
2025-07-11 03:00:00,122465.0
2025-07-11 04:00:00,122475.0
2025-07-11 05:00:00,123415.0
2025-07-11 06:00:00,123205.0
2025-07-11 07:00:00,123140.0
2025-07-11 08:00:00,123605.0
2025-07-11 09:00:00,124045.0
2025-07-11 10:00:00,123580.0
2025-07-11 11:00:00,123385.0
2025-07-11 12:00:00,123415.0
2025-07-11 13:00:00,123530.0
2025-07-11 14:00:00,123395.0
2025-07-11 15:00:00,122395.0
2025-07-11 16:00:00,122955.0
2025-07-11 17:00:00,123185.0
2025-07-11 18:00:00,123225.0
2025-07-11 19:00:00,123625.0
2025-07-11 20:00:00,123235.0
2025-07-13 22:00:00,123985.0
2025-07-13 23:00:00,124575.0
2025-07-14 00:00:00,124560.0
2025-07-14 01:00:00,124545.0
2025-07-14 02:00:00,125130.0
2025-07-14 03:00:00,126185.0
2025-07-14 04:00:00,126855.0
2025-07-14 05:00:00,125305.0
2025-07-14 06:00:00,127595.0
2025-07-14 07:00:00,128170.0
2025-07-14 08:00:00,128010.0
2025-07-14 09:00:00,127435.0
2025-07-14 10:00:00,127310.0
2025-07-14 11:00:00,126885.0
2025-07-14 12:00:00,127335.0
2025-07-14 13:00:00,127100.0
2025-07-14 14:00:00,126625.0
2025-07-14 15:00:00,125295.0
2025-07-14 16:00:00,125700.0
2025-07-14 17:00:00,125300.0
2025-07-14 18:00:00,125065.0
2025-07-14 19:00:00,125335.0
2025-07-14 20:00:00,125660.0
2025-07-14 22:00:00,125475.0
2025-07-14 23:00:00,125285.0
2025-07-15 00:00:00,124890.0
2025-07-15 01:00:00,123980.0
2025-07-15 02:00:00,123720.0
2025-07-15 03:00:00,122685.0
2025-07-15 04:00:00,122915.0
2025-07-15 05:00:00,121810.0
2025-07-15 06:00:00,122455.0
2025-07-15 07:00:00,122185.0
2025-07-15 08:00:00,122215.0
2025-07-15 09:00:00,122170.0
2025-07-15 10:00:00,122500.0
2025-07-15 11:00:00,122585.0
2025-07-15 12:00:00,122650.0
2025-07-15 13:00:00,123565.0
2025-07-15 14:00:00,121430.0
2025-07-15 15:00:00,121815.0
2025-07-15 16:00:00,122605.0
2025-07-15 17:00:00,122845.0
2025-07-15 18:00:00,122145.0
2025-07-15 19:00:00,121810.0
2025-07-15 20:00:00,121850.0
2025-07-15 22:00:00,123180.0
2025-07-15 23:00:00,123135.0
2025-07-16 00:00:00,123460.0
2025-07-16 01:00:00,123070.0
2025-07-16 02:00:00,122630.0
2025-07-16 03:00:00,122815.0
2025-07-16 04:00:00,122935.0
2025-07-16 05:00:00,123190.0
2025-07-16 06:00:00,123665.0
2025-07-16 07:00:00,123545.0
2025-07-16 08:00:00,124085.0
2025-07-16 09:00:00,124580.0
2025-07-16 10:00:00,124140.0
2025-07-16 11:00:00,124175.0
2025-07-16 12:00:00,124010.0
2025-07-16 13:00:00,124060.0
2025-07-16 14:00:00,124530.0
2025-07-16 15:00:00,124545.0
2025-07-16 16:00:00,124715.0
2025-07-16 17:00:00,124525.0
2025-07-16 18:00:00,125010.0
2025-07-16 19:00:00,124705.0
2025-07-16 20:00:00,125400.0
2025-07-16 22:00:00,124060.0
2025-07-16 23:00:00,124035.0
2025-07-17 00:00:00,124355.0
2025-07-17 01:00:00,123585.0
2025-07-17 02:00:00,123685.0
2025-07-17 03:00:00,123555.0
2025-07-17 04:00:00,123975.0
2025-07-17 05:00:00,124360.0
2025-07-17 06:00:00,123885.0
2025-07-17 07:00:00,123705.0
2025-07-17 08:00:00,123715.0
2025-07-17 09:00:00,124190.0
2025-07-17 10:00:00,123765.0
2025-07-17 11:00:00,123310.0
2025-07-17 12:00:00,123195.0
2025-07-17 13:00:00,123635.0
2025-07-17 14:00:00,124135.0
2025-07-17 15:00:00,124320.0
2025-07-17 16:00:00,123915.0
2025-07-17 17:00:00,124710.0
2025-07-17 18:00:00,125055.0
2025-07-17 19:00:00,124375.0
2025-07-17 20:00:00,124900.0
2025-07-17 22:00:00,125180.0
2025-07-17 23:00:00,124580.0
2025-07-18 00:00:00,125200.0
2025-07-18 01:00:00,125780.0
2025-07-18 02:00:00,125510.0
2025-07-18 03:00:00,125595.0
2025-07-18 04:00:00,125780.0
2025-07-18 05:00:00,122635.0
2025-07-18 06:00:00,125625.0
2025-07-18 07:00:00,124740.0
2025-07-18 08:00:00,124035.0
2025-07-18 09:00:00,124275.0
2025-07-18 10:00:00,124630.0
2025-07-18 11:00:00,124580.0
2025-07-18 12:00:00,124815.0
2025-07-18 13:00:00,124080.0
2025-07-18 14:00:00,123455.0
2025-07-18 15:00:00,123110.0
2025-07-18 16:00:00,122850.0
2025-07-18 17:00:00,122900.0
2025-07-18 18:00:00,122605.0
2025-07-18 19:00:00,122655.0
2025-07-18 20:00:00,122695.0
2025-07-20 22:00:00,122750.0
2025-07-20 23:00:00,122495.0
2025-07-21 00:00:00,122625.0
2025-07-21 01:00:00,122590.0
2025-07-21 02:00:00,123430.0
2025-07-21 03:00:00,123670.0
2025-07-21 04:00:00,123580.0
2025-07-21 05:00:00,121890.0
2025-07-21 06:00:00,124410.0
2025-07-21 07:00:00,124635.0
2025-07-21 08:00:00,124225.0
2025-07-21 09:00:00,123915.0
2025-07-21 10:00:00,123735.0
2025-07-21 11:00:00,123255.0
2025-07-21 12:00:00,123345.0
2025-07-21 13:00:00,124080.0
2025-07-21 14:00:00,124100.0
2025-07-21 15:00:00,123555.0
2025-07-21 16:00:00,122960.0
2025-07-21 17:00:00,123085.0
2025-07-21 18:00:00,122365.0
2025-07-21 19:00:00,121970.0
2025-07-21 20:00:00,122115.0
2025-07-21 22:00:00,122500.0
2025-07-21 23:00:00,122580.0
2025-07-22 00:00:00,122320.0
2025-07-22 01:00:00,122995.0
2025-07-22 02:00:00,122285.0
2025-07-22 03:00:00,122440.0
2025-07-22 04:00:00,121825.0
2025-07-22 05:00:00,122585.0
2025-07-22 06:00:00,123070.0
2025-07-22 07:00:00,123235.0
2025-07-22 08:00:00,123540.0
2025-07-22 09:00:00,123685.0
2025-07-22 10:00:00,124225.0
2025-07-22 11:00:00,124465.0
2025-07-22 12:00:00,124615.0
2025-07-22 13:00:00,123445.0
2025-07-22 14:00:00,124385.0
2025-07-22 15:00:00,124230.0
2025-07-22 16:00:00,124000.0
2025-07-22 17:00:00,124540.0
2025-07-22 18:00:00,125145.0
2025-07-22 19:00:00,124595.0
2025-07-22 20:00:00,125095.0
2025-07-22 22:00:00,125185.0
2025-07-22 23:00:00,125335.0
2025-07-23 00:00:00,124895.0
2025-07-23 01:00:00,124900.0
2025-07-23 02:00:00,124410.0
2025-07-23 03:00:00,123915.0
2025-07-23 04:00:00,124150.0
2025-07-23 05:00:00,123920.0
2025-07-23 06:00:00,123635.0
2025-07-23 07:00:00,123600.0
2025-07-23 08:00:00,123700.0
2025-07-23 09:00:00,123260.0
2025-07-23 10:00:00,123660.0
2025-07-23 11:00:00,123780.0
2025-07-23 12:00:00,123265.0
2025-07-23 13:00:00,122575.0
2025-07-23 14:00:00,123470.0
2025-07-23 15:00:00,123855.0
2025-07-23 16:00:00,122945.0
2025-07-23 17:00:00,123405.0
2025-07-23 18:00:00,123675.0
2025-07-23 19:00:00,123640.0
2025-07-23 20:00:00,123120.0
2025-07-23 22:00:00,123880.0
2025-07-23 23:00:00,124030.0
2025-07-24 00:00:00,124290.0
2025-07-24 01:00:00,124365.0
2025-07-24 02:00:00,124190.0
2025-07-24 03:00:00,123785.0
2025-07-24 04:00:00,123225.0
2025-07-24 05:00:00,124260.0
2025-07-24 06:00:00,122750.0
2025-07-24 07:00:00,123705.0
2025-07-24 08:00:00,124110.0
2025-07-24 09:00:00,123815.0
2025-07-24 10:00:00,123690.0
2025-07-24 11:00:00,123910.0
2025-07-24 12:00:00,123845.0
2025-07-24 13:00:00,123530.0
2025-07-24 14:00:00,124365.0
2025-07-24 15:00:00,124400.0
2025-07-24 16:00:00,123775.0
2025-07-24 17:00:00,124400.0
2025-07-24 18:00:00,124360.0
2025-07-24 19:00:00,124295.0
2025-07-24 20:00:00,124110.0
2025-07-24 22:00:00,123620.0
2025-07-24 23:00:00,123740.0
2025-07-25 00:00:00,122940.0
2025-07-25 01:00:00,122605.0
2025-07-25 02:00:00,121605.0
2025-07-25 03:00:00,120635.0
2025-07-25 04:00:00,121355.0
2025-07-25 05:00:00,120795.0
2025-07-25 06:00:00,120500.0
2025-07-25 07:00:00,120450.0
2025-07-25 08:00:00,120445.0
2025-07-25 09:00:00,121195.0
2025-07-25 10:00:00,121470.0
2025-07-25 11:00:00,121765.0
2025-07-25 12:00:00,121355.0
2025-07-25 13:00:00,121460.0
2025-07-25 14:00:00,120260.0
2025-07-25 15:00:00,121045.0
2025-07-25 16:00:00,121540.0
2025-07-25 17:00:00,121450.0
2025-07-25 18:00:00,121870.0
2025-07-25 19:00:00,121985.0
2025-07-25 20:00:00,122410.0
2025-07-27 22:00:00,125080.0
2025-07-27 23:00:00,124840.0
2025-07-28 00:00:00,124660.0
2025-07-28 01:00:00,124325.0
2025-07-28 02:00:00,124740.0
2025-07-28 03:00:00,124565.0
2025-07-28 04:00:00,124500.0
2025-07-28 05:00:00,124825.0
2025-07-28 06:00:00,124780.0
2025-07-28 07:00:00,124055.0
2025-07-28 08:00:00,124275.0
2025-07-28 09:00:00,124110.0
2025-07-28 10:00:00,123965.0
2025-07-28 11:00:00,124030.0
2025-07-28 12:00:00,123985.0
2025-07-28 13:00:00,123595.0
2025-07-28 14:00:00,123110.0
2025-07-28 15:00:00,123320.0
2025-07-28 16:00:00,123100.0
2025-07-28 17:00:00,122770.0
2025-07-28 18:00:00,122825.0
2025-07-28 19:00:00,123170.0
2025-07-28 20:00:00,123200.0
2025-07-28 22:00:00,123020.0
2025-07-28 23:00:00,123230.0
2025-07-29 00:00:00,123115.0
2025-07-29 01:00:00,122940.0
2025-07-29 02:00:00,123250.0
2025-07-29 03:00:00,124000.0
2025-07-29 04:00:00,123710.0
2025-07-29 05:00:00,124010.0
2025-07-29 06:00:00,124005.0
2025-07-29 07:00:00,124160.0
2025-07-29 08:00:00,124155.0
2025-07-29 09:00:00,123995.0
2025-07-29 10:00:00,123495.0
2025-07-29 11:00:00,123815.0
2025-07-29 12:00:00,124055.0
2025-07-29 13:00:00,123765.0
2025-07-29 14:00:00,122875.0
2025-07-29 15:00:00,122370.0
2025-07-29 16:00:00,122720.0
2025-07-29 17:00:00,122775.0
2025-07-29 18:00:00,122560.0
2025-07-29 19:00:00,122445.0
2025-07-29 20:00:00,122415.0
2025-07-29 22:00:00,122850.0
2025-07-29 23:00:00,122935.0
2025-07-30 00:00:00,122760.0
2025-07-30 01:00:00,122885.0
2025-07-30 02:00:00,123055.0
2025-07-30 03:00:00,123220.0
2025-07-30 04:00:00,123065.0
2025-07-30 05:00:00,123015.0
2025-07-30 06:00:00,123330.0
2025-07-30 07:00:00,123170.0
2025-07-30 08:00:00,123460.0
2025-07-30 09:00:00,123245.0
2025-07-30 10:00:00,123005.0
2025-07-30 11:00:00,122640.0
2025-07-30 12:00:00,122775.0
2025-07-30 13:00:00,122705.0
2025-07-30 14:00:00,123765.0
2025-07-30 15:00:00,122975.0
2025-07-30 16:00:00,122710.0
2025-07-30 17:00:00,122795.0
2025-07-30 18:00:00,121350.0
2025-07-30 19:00:00,121765.0
2025-07-30 20:00:00,121955.0
2025-07-30 22:00:00,122355.0
2025-07-30 23:00:00,122705.0
2025-07-31 00:00:00,123330.0
2025-07-31 01:00:00,122955.0
2025-07-31 02:00:00,123330.0
2025-07-31 03:00:00,123380.0
2025-07-31 04:00:00,123450.0
2025-07-31 05:00:00,123310.0
2025-07-31 06:00:00,123675.0
2025-07-31 07:00:00,123670.0
2025-07-31 08:00:00,123535.0
2025-07-31 09:00:00,123600.0
2025-07-31 10:00:00,123520.0
2025-07-31 11:00:00,123345.0
2025-07-31 12:00:00,123565.0
2025-07-31 13:00:00,123560.0
2025-07-31 14:00:00,122790.0
2025-07-31 15:00:00,123220.0
2025-07-31 16:00:00,123450.0
2025-07-31 17:00:00,122600.0
2025-07-31 18:00:00,122505.0
2025-07-31 19:00:00,121585.0
2025-07-31 20:00:00,121250.0
2025-07-31 22:00:00,120725.0
2025-07-31 23:00:00,120380.0
2025-08-01 00:00:00,120045.0
2025-08-01 01:00:00,119950.0
2025-08-01 02:00:00,120520.0
2025-08-01 03:00:00,120210.0
2025-08-01 04:00:00,120260.0
2025-08-01 05:00:00,117720.0
2025-08-01 06:00:00,119655.0
2025-08-01 07:00:00,119565.0
2025-08-01 08:00:00,119020.0
2025-08-01 09:00:00,119460.0
2025-08-01 10:00:00,119220.0
2025-08-01 11:00:00,119855.0
2025-08-01 12:00:00,120355.0
2025-08-01 13:00:00,118840.0
2025-08-01 14:00:00,120205.0
2025-08-01 15:00:00,119965.0
2025-08-01 16:00:00,119565.0
2025-08-01 17:00:00,118925.0
2025-08-01 18:00:00,118335.0
2025-08-01 19:00:00,117735.0
2025-08-01 20:00:00,118335.0
2025-08-03 22:00:00,118800.0
2025-08-03 23:00:00,118660.0
2025-08-04 00:00:00,119445.0
2025-08-04 01:00:00,119180.0
2025-08-04 02:00:00,119380.0
2025-08-04 03:00:00,119125.0
2025-08-04 04:00:00,118895.0
2025-08-04 05:00:00,119435.0
2025-08-04 06:00:00,118960.0
2025-08-04 07:00:00,119215.0
2025-08-04 08:00:00,119160.0
2025-08-04 09:00:00,118925.0
2025-08-04 10:00:00,118840.0
2025-08-04 11:00:00,119090.0
2025-08-04 12:00:00,119020.0
2025-08-04 13:00:00,119510.0
2025-08-04 14:00:00,119365.0
2025-08-04 15:00:00,119440.0
2025-08-04 16:00:00,119980.0
2025-08-04 17:00:00,119885.0
2025-08-04 18:00:00,119630.0
2025-08-04 19:00:00,119440.0
2025-08-04 20:00:00,119520.0
2025-08-04 22:00:00,120010.0
2025-08-04 23:00:00,119695.0
2025-08-05 00:00:00,119510.0
2025-08-05 01:00:00,119320.0
2025-08-05 02:00:00,119350.0
2025-08-05 03:00:00,118845.0
2025-08-05 04:00:00,118940.0
2025-08-05 05:00:00,119035.0
2025-08-05 06:00:00,118770.0
2025-08-05 07:00:00,118565.0
2025-08-05 08:00:00,118890.0
2025-08-05 09:00:00,119365.0
2025-08-05 10:00:00,119545.0
2025-08-05 11:00:00,119510.0
2025-08-05 12:00:00,118615.0
2025-08-05 13:00:00,119005.0
2025-08-05 14:00:00,117590.0
2025-08-05 15:00:00,117495.0
2025-08-05 16:00:00,117800.0
2025-08-05 17:00:00,118290.0
2025-08-05 18:00:00,118300.0
2025-08-05 19:00:00,118260.0
2025-08-05 20:00:00,118325.0
2025-08-05 22:00:00,118585.0
2025-08-05 23:00:00,118800.0
2025-08-06 00:00:00,118540.0
2025-08-06 01:00:00,118500.0
2025-08-06 02:00:00,118280.0
2025-08-06 03:00:00,118180.0
2025-08-06 04:00:00,118075.0
2025-08-06 05:00:00,119980.0
2025-08-06 06:00:00,118700.0
2025-08-06 07:00:00,118920.0
2025-08-06 08:00:00,118585.0
2025-08-06 09:00:00,118720.0
2025-08-06 10:00:00,118720.0
2025-08-06 11:00:00,118900.0
2025-08-06 12:00:00,118570.0
2025-08-06 13:00:00,118910.0
2025-08-06 14:00:00,119890.0
2025-08-06 15:00:00,120150.0
2025-08-06 16:00:00,119870.0
2025-08-06 17:00:00,120270.0
2025-08-06 18:00:00,120135.0
2025-08-06 19:00:00,119985.0
2025-08-06 20:00:00,119725.0
2025-08-06 22:00:00,119835.0
2025-08-06 23:00:00,119760.0
2025-08-07 00:00:00,119645.0
2025-08-07 01:00:00,119470.0
2025-08-07 02:00:00,119220.0
2025-08-07 03:00:00,119185.0
2025-08-07 04:00:00,118950.0
2025-08-07 05:00:00,122315.0
2025-08-07 06:00:00,119310.0
2025-08-07 07:00:00,119430.0
2025-08-07 08:00:00,119645.0
2025-08-07 09:00:00,119740.0
2025-08-07 10:00:00,121130.0
2025-08-07 11:00:00,121275.0
2025-08-07 12:00:00,121105.0
2025-08-07 13:00:00,121415.0
2025-08-07 14:00:00,121105.0
2025-08-07 15:00:00,121470.0
2025-08-07 16:00:00,121020.0
2025-08-07 17:00:00,121255.0
2025-08-07 18:00:00,121330.0
2025-08-07 19:00:00,122310.0
2025-08-07 20:00:00,122095.0
2025-08-07 22:00:00,122490.0
2025-08-07 23:00:00,122340.0
2025-08-08 00:00:00,122115.0
2025-08-08 01:00:00,121720.0
2025-08-08 02:00:00,121520.0
2025-08-08 03:00:00,121560.0
2025-08-08 04:00:00,121505.0
2025-08-08 05:00:00,121285.0
2025-08-08 06:00:00,121500.0
2025-08-08 07:00:00,121560.0
2025-08-08 08:00:00,121355.0
2025-08-08 09:00:00,121420.0
2025-08-08 10:00:00,121270.0
2025-08-08 11:00:00,121650.0
2025-08-08 12:00:00,121225.0
2025-08-08 13:00:00,121625.0
2025-08-08 14:00:00,121155.0
2025-08-08 15:00:00,120840.0
2025-08-08 16:00:00,120855.0
2025-08-08 17:00:00,121375.0
2025-08-08 18:00:00,121180.0
2025-08-08 19:00:00,121085.0
2025-08-08 20:00:00,121505.0
2025-08-10 22:00:00,123850.0
2025-08-10 23:00:00,123995.0
2025-08-11 00:00:00,123840.0
2025-08-11 01:00:00,124755.0
2025-08-11 02:00:00,126645.0
2025-08-11 03:00:00,126400.0
2025-08-11 04:00:00,126800.0
2025-08-11 05:00:00,126725.0
2025-08-11 06:00:00,127075.0
2025-08-11 07:00:00,126225.0
2025-08-11 08:00:00,126370.0
2025-08-11 09:00:00,126025.0
2025-08-11 10:00:00,125815.0
2025-08-11 11:00:00,125210.0
2025-08-11 12:00:00,124240.0
2025-08-11 13:00:00,124600.0
2025-08-11 14:00:00,124820.0
2025-08-11 15:00:00,124935.0
2025-08-11 16:00:00,124610.0
2025-08-11 17:00:00,124145.0
2025-08-11 18:00:00,124390.0
2025-08-11 19:00:00,123675.0
2025-08-11 20:00:00,123525.0
2025-08-11 22:00:00,123550.0
2025-08-11 23:00:00,123270.0
2025-08-12 00:00:00,123585.0
2025-08-12 01:00:00,123580.0
2025-08-12 02:00:00,123615.0
2025-08-12 03:00:00,123450.0
2025-08-12 04:00:00,123620.0
2025-08-12 05:00:00,123400.0
2025-08-12 06:00:00,123370.0
2025-08-12 07:00:00,123580.0
2025-08-12 08:00:00,123400.0
2025-08-12 09:00:00,122955.0
2025-08-12 10:00:00,123005.0
2025-08-12 11:00:00,123030.0
2025-08-12 12:00:00,123835.0
2025-08-12 13:00:00,123370.0
2025-08-12 14:00:00,124050.0
2025-08-12 15:00:00,124565.0
2025-08-12 16:00:00,124280.0
2025-08-12 17:00:00,123925.0
2025-08-12 18:00:00,123985.0
2025-08-12 19:00:00,124305.0
2025-08-12 20:00:00,124855.0
2025-08-12 22:00:00,124745.0
2025-08-12 23:00:00,124715.0
2025-08-13 00:00:00,124260.0
2025-08-13 01:00:00,123980.0
2025-08-13 02:00:00,124100.0
2025-08-13 03:00:00,124010.0
2025-08-13 04:00:00,123870.0
2025-08-13 05:00:00,127580.0
2025-08-13 06:00:00,123990.0
2025-08-13 07:00:00,124175.0
2025-08-13 08:00:00,124680.0
2025-08-13 09:00:00,124740.0
2025-08-13 10:00:00,125160.0
2025-08-13 11:00:00,125230.0
2025-08-13 12:00:00,124960.0
2025-08-13 13:00:00,126480.0
2025-08-13 14:00:00,125625.0
2025-08-13 15:00:00,125645.0
2025-08-13 16:00:00,126200.0
2025-08-13 17:00:00,126575.0
2025-08-13 18:00:00,126385.0
2025-08-13 19:00:00,127580.0
2025-08-13 20:00:00,127805.0
2025-08-13 22:00:00,127865.0
2025-08-13 23:00:00,128290.0
2025-08-14 00:00:00,128750.0
2025-08-14 01:00:00,128250.0
2025-08-14 02:00:00,128555.0
2025-08-14 03:00:00,128235.0
2025-08-14 04:00:00,127910.0
2025-08-14 05:00:00,122565.0
2025-08-14 06:00:00,126585.0
2025-08-14 07:00:00,126505.0
2025-08-14 08:00:00,126390.0
2025-08-14 09:00:00,126375.0
2025-08-14 10:00:00,125685.0
2025-08-14 11:00:00,125680.0
2025-08-14 12:00:00,123525.0
2025-08-14 13:00:00,123110.0
2025-08-14 14:00:00,123495.0
2025-08-14 15:00:00,122885.0
2025-08-14 16:00:00,122475.0
2025-08-14 17:00:00,122515.0
2025-08-14 18:00:00,122735.0
2025-08-14 19:00:00,122520.0
2025-08-14 20:00:00,122505.0
2025-08-14 22:00:00,122960.0
2025-08-14 23:00:00,122965.0
2025-08-15 00:00:00,122865.0
2025-08-15 01:00:00,123335.0
2025-08-15 02:00:00,123365.0
2025-08-15 03:00:00,123635.0
2025-08-15 04:00:00,123525.0
2025-08-15 05:00:00,121385.0
2025-08-15 06:00:00,123765.0
2025-08-15 07:00:00,123675.0
2025-08-15 08:00:00,123615.0
2025-08-15 09:00:00,123370.0
2025-08-15 10:00:00,123580.0
2025-08-15 11:00:00,123705.0
2025-08-15 12:00:00,123365.0
2025-08-15 13:00:00,122345.0
2025-08-15 14:00:00,121925.0
2025-08-15 15:00:00,121815.0
2025-08-15 16:00:00,121895.0
2025-08-15 17:00:00,122135.0
2025-08-15 18:00:00,121685.0
2025-08-15 19:00:00,121445.0
2025-08-15 20:00:00,121785.0
2025-08-17 22:00:00,122445.0
2025-08-17 23:00:00,121820.0
2025-08-18 00:00:00,121700.0
2025-08-18 01:00:00,120730.0
2025-08-18 02:00:00,119880.0
2025-08-18 03:00:00,119700.0
2025-08-18 04:00:00,119820.0
2025-08-18 05:00:00,120750.0
2025-08-18 06:00:00,119680.0
2025-08-18 07:00:00,119640.0
2025-08-18 08:00:00,119565.0
2025-08-18 09:00:00,119495.0
2025-08-18 10:00:00,119530.0
2025-08-18 11:00:00,119405.0
2025-08-18 12:00:00,119955.0
2025-08-18 13:00:00,119270.0
2025-08-18 14:00:00,120045.0
2025-08-18 15:00:00,120570.0
2025-08-18 16:00:00,120400.0
2025-08-18 17:00:00,120890.0
2025-08-18 18:00:00,120935.0
2025-08-18 19:00:00,120740.0
2025-08-18 20:00:00,120910.0
2025-08-18 22:00:00,120855.0
2025-08-18 23:00:00,120690.0
2025-08-19 00:00:00,121050.0
2025-08-19 01:00:00,120230.0
2025-08-19 02:00:00,120150.0
2025-08-19 03:00:00,119240.0
2025-08-19 04:00:00,119725.0
2025-08-19 05:00:00,117385.0
2025-08-19 06:00:00,119470.0
2025-08-19 07:00:00,119380.0
2025-08-19 08:00:00,119660.0
2025-08-19 09:00:00,119770.0
2025-08-19 10:00:00,119840.0
2025-08-19 11:00:00,119990.0
2025-08-19 12:00:00,120015.0
2025-08-19 13:00:00,119595.0
2025-08-19 14:00:00,118145.0
2025-08-19 15:00:00,118050.0
2025-08-19 16:00:00,117645.0
2025-08-19 17:00:00,117760.0
2025-08-19 18:00:00,117300.0
2025-08-19 19:00:00,117395.0
2025-08-19 20:00:00,117830.0
2025-08-19 22:00:00,117415.0
2025-08-19 23:00:00,117160.0
2025-08-20 00:00:00,117505.0
2025-08-20 01:00:00,117295.0
2025-08-20 02:00:00,117805.0
2025-08-20 03:00:00,117825.0
2025-08-20 04:00:00,117960.0
2025-08-20 05:00:00,118040.0
2025-08-20 06:00:00,118020.0
2025-08-20 07:00:00,117775.0
2025-08-20 08:00:00,118355.0
2025-08-20 09:00:00,118010.0
2025-08-20 10:00:00,118135.0
2025-08-20 11:00:00,117970.0
2025-08-20 12:00:00,117975.0
2025-08-20 13:00:00,116950.0
2025-08-20 14:00:00,117750.0
2025-08-20 15:00:00,117655.0
2025-08-20 16:00:00,118185.0
2025-08-20 17:00:00,118545.0
2025-08-20 18:00:00,117775.0
2025-08-20 19:00:00,118590.0
2025-08-20 20:00:00,118725.0
2025-08-20 22:00:00,118965.0
2025-08-20 23:00:00,118615.0
2025-08-21 00:00:00,118645.0
2025-08-21 01:00:00,119060.0
2025-08-21 02:00:00,118355.0
2025-08-21 03:00:00,118285.0
2025-08-21 04:00:00,118105.0
2025-08-21 05:00:00,116435.0
2025-08-21 06:00:00,118120.0
2025-08-21 07:00:00,118205.0
2025-08-21 08:00:00,117885.0
2025-08-21 09:00:00,117660.0
2025-08-21 10:00:00,117650.0
2025-08-21 11:00:00,117440.0
2025-08-21 12:00:00,117385.0
2025-08-21 13:00:00,117795.0
2025-08-21 14:00:00,117585.0
2025-08-21 15:00:00,117085.0
2025-08-21 16:00:00,116650.0
2025-08-21 17:00:00,116690.0
2025-08-21 18:00:00,116885.0
2025-08-21 19:00:00,116450.0
2025-08-21 20:00:00,116715.0
2025-08-21 22:00:00,116735.0
2025-08-21 23:00:00,116765.0
2025-08-22 00:00:00,116915.0
2025-08-22 01:00:00,117150.0
2025-08-22 02:00:00,117485.0
2025-08-22 03:00:00,117210.0
2025-08-22 04:00:00,117100.0
2025-08-22 05:00:00,121055.0
2025-08-22 06:00:00,117345.0
2025-08-22 07:00:00,117475.0
2025-08-22 08:00:00,117355.0
2025-08-22 09:00:00,117420.0
2025-08-22 10:00:00,116830.0
2025-08-22 11:00:00,116650.0
2025-08-22 12:00:00,116670.0
2025-08-22 13:00:00,116685.0
2025-08-22 14:00:00,120215.0
2025-08-22 15:00:00,120800.0
2025-08-22 16:00:00,120515.0
2025-08-22 17:00:00,121465.0
2025-08-22 18:00:00,121130.0
2025-08-22 19:00:00,121060.0
2025-08-22 20:00:00,121345.0
2025-08-24 22:00:00,117815.0
2025-08-24 23:00:00,117775.0
2025-08-25 00:00:00,116880.0
2025-08-25 01:00:00,117340.0
2025-08-25 02:00:00,117685.0
2025-08-25 03:00:00,117215.0
2025-08-25 04:00:00,117090.0
2025-08-25 05:00:00,115075.0
2025-08-25 06:00:00,116265.0
2025-08-25 07:00:00,115755.0
2025-08-25 08:00:00,115790.0
2025-08-25 09:00:00,116120.0
2025-08-25 10:00:00,115320.0
2025-08-25 11:00:00,115530.0
2025-08-25 12:00:00,115905.0
2025-08-25 13:00:00,115815.0
2025-08-25 14:00:00,116565.0
2025-08-25 15:00:00,116500.0
2025-08-25 16:00:00,116895.0
2025-08-25 17:00:00,116755.0
2025-08-25 18:00:00,116740.0
2025-08-25 19:00:00,115035.0
2025-08-25 20:00:00,113820.0
2025-08-25 22:00:00,114465.0
2025-08-25 23:00:00,114500.0
2025-08-26 00:00:00,113395.0
2025-08-26 01:00:00,114260.0
2025-08-26 02:00:00,113985.0
2025-08-26 03:00:00,114125.0
2025-08-26 04:00:00,114415.0
2025-08-26 05:00:00,114570.0
2025-08-26 06:00:00,114340.0
2025-08-26 07:00:00,114505.0
2025-08-26 08:00:00,114430.0
2025-08-26 09:00:00,114390.0
2025-08-26 10:00:00,114485.0
2025-08-26 11:00:00,114150.0
2025-08-26 12:00:00,114465.0
2025-08-26 13:00:00,114305.0
2025-08-26 14:00:00,114615.0
2025-08-26 15:00:00,113935.0
2025-08-26 16:00:00,114420.0
2025-08-26 17:00:00,114260.0
2025-08-26 18:00:00,115020.0
2025-08-26 19:00:00,115365.0
2025-08-26 20:00:00,115620.0
2025-08-26 22:00:00,116255.0
2025-08-26 23:00:00,116055.0
2025-08-27 00:00:00,115580.0
2025-08-27 01:00:00,115560.0
2025-08-27 02:00:00,115425.0
2025-08-27 03:00:00,115760.0
2025-08-27 04:00:00,115835.0
2025-08-27 05:00:00,116345.0
2025-08-27 06:00:00,115280.0
2025-08-27 07:00:00,114920.0
2025-08-27 08:00:00,114925.0
2025-08-27 09:00:00,115080.0
2025-08-27 10:00:00,115225.0
2025-08-27 11:00:00,115605.0
2025-08-27 12:00:00,115615.0
2025-08-27 13:00:00,115720.0
2025-08-27 14:00:00,116090.0
2025-08-27 15:00:00,116220.0
2025-08-27 16:00:00,116375.0
2025-08-27 17:00:00,116595.0
2025-08-27 18:00:00,116180.0
2025-08-27 19:00:00,116330.0
2025-08-27 20:00:00,116680.0
2025-08-27 22:00:00,115675.0
2025-08-27 23:00:00,115400.0
2025-08-28 00:00:00,115565.0
2025-08-28 01:00:00,115930.0
2025-08-28 02:00:00,115780.0
2025-08-28 03:00:00,116245.0
2025-08-28 04:00:00,117215.0
2025-08-28 05:00:00,117160.0
2025-08-28 06:00:00,117495.0
2025-08-28 07:00:00,117400.0
2025-08-28 08:00:00,117405.0
2025-08-28 09:00:00,117140.0
2025-08-28 10:00:00,117395.0
2025-08-28 11:00:00,117125.0
2025-08-28 12:00:00,117495.0
2025-08-28 13:00:00,116990.0
2025-08-28 14:00:00,117430.0
2025-08-28 15:00:00,116905.0
2025-08-28 16:00:00,116600.0
2025-08-28 17:00:00,116710.0
2025-08-28 18:00:00,116645.0
2025-08-28 19:00:00,116160.0
2025-08-28 20:00:00,116160.0
2025-08-28 22:00:00,116560.0
2025-08-28 23:00:00,116800.0
2025-08-29 00:00:00,116440.0
2025-08-29 01:00:00,115645.0
2025-08-29 02:00:00,115625.0
2025-08-29 03:00:00,115900.0
2025-08-29 04:00:00,115655.0
2025-08-29 05:00:00,112240.0
2025-08-29 06:00:00,115415.0
2025-08-29 07:00:00,114185.0
2025-08-29 08:00:00,113775.0
2025-08-29 09:00:00,113910.0
2025-08-29 10:00:00,114170.0
2025-08-29 11:00:00,114260.0
2025-08-29 12:00:00,114875.0
2025-08-29 13:00:00,113085.0
2025-08-29 14:00:00,112190.0
2025-08-29 15:00:00,112415.0
2025-08-29 16:00:00,112810.0
2025-08-29 17:00:00,112570.0
2025-08-29 18:00:00,112200.0
2025-08-29 19:00:00,112215.0
2025-08-29 20:00:00,111780.0
2025-08-31 22:00:00,112895.0
2025-08-31 23:00:00,112265.0
2025-09-01 00:00:00,112200.0
2025-09-01 01:00:00,112220.0
2025-09-01 02:00:00,111635.0
2025-09-01 03:00:00,111715.0
2025-09-01 04:00:00,111390.0
2025-09-01 05:00:00,111900.0
2025-09-01 06:00:00,112095.0
2025-09-01 07:00:00,113515.0
2025-09-01 08:00:00,113655.0
2025-09-01 09:00:00,113550.0
2025-09-01 10:00:00,112630.0
2025-09-01 11:00:00,112835.0
2025-09-01 12:00:00,113185.0
2025-09-01 13:00:00,113045.0
2025-09-01 14:00:00,113205.0
2025-09-01 15:00:00,112815.0
2025-09-01 16:00:00,112840.0
2025-09-01 17:00:00,113055.0
2025-09-01 18:00:00,113260.0
2025-09-01 19:00:00,113280.0
2025-09-01 20:00:00,112820.0
2025-09-01 22:00:00,112520.0
2025-09-01 23:00:00,113305.0
2025-09-02 00:00:00,113120.0
2025-09-02 01:00:00,113410.0
2025-09-02 02:00:00,114355.0
2025-09-02 03:00:00,114435.0
2025-09-02 04:00:00,114420.0
2025-09-02 05:00:00,114330.0
2025-09-02 06:00:00,114515.0
2025-09-02 07:00:00,114305.0
2025-09-02 08:00:00,114500.0
2025-09-02 09:00:00,114595.0
2025-09-02 10:00:00,114335.0
2025-09-02 11:00:00,113845.0
2025-09-02 12:00:00,112885.0
2025-09-02 13:00:00,115285.0
2025-09-02 14:00:00,115465.0
2025-09-02 15:00:00,114950.0
2025-09-02 16:00:00,114875.0
2025-09-02 17:00:00,115000.0
2025-09-02 18:00:00,114720.0
2025-09-02 19:00:00,114905.0
2025-09-02 20:00:00,115545.0
2025-09-02 22:00:00,115395.0
2025-09-02 23:00:00,115340.0
2025-09-03 00:00:00,115410.0
2025-09-03 01:00:00,115260.0
2025-09-03 02:00:00,115460.0
2025-09-03 03:00:00,115120.0
2025-09-03 04:00:00,115090.0
2025-09-03 05:00:00,116295.0
2025-09-03 06:00:00,114830.0
2025-09-03 07:00:00,115210.0
2025-09-03 08:00:00,115105.0
2025-09-03 09:00:00,115440.0
2025-09-03 10:00:00,115575.0
2025-09-03 11:00:00,115555.0
2025-09-03 12:00:00,115220.0
2025-09-03 13:00:00,115590.0
2025-09-03 14:00:00,116400.0
2025-09-03 15:00:00,116315.0
2025-09-03 16:00:00,115965.0
2025-09-03 17:00:00,116385.0
2025-09-03 18:00:00,116060.0
2025-09-03 19:00:00,116265.0
2025-09-03 20:00:00,116350.0
2025-09-03 22:00:00,116045.0
2025-09-03 23:00:00,115805.0
2025-09-04 00:00:00,116180.0
2025-09-04 01:00:00,116040.0
2025-09-04 02:00:00,115475.0
2025-09-04 03:00:00,115175.0
2025-09-04 04:00:00,114955.0
2025-09-04 05:00:00,114635.0
2025-09-04 06:00:00,114315.0
2025-09-04 07:00:00,114400.0
2025-09-04 08:00:00,114575.0
2025-09-04 09:00:00,114755.0
2025-09-04 10:00:00,114605.0
2025-09-04 11:00:00,114760.0
2025-09-04 12:00:00,114920.0
2025-09-04 13:00:00,114405.0
2025-09-04 14:00:00,113740.0
2025-09-04 15:00:00,113350.0
2025-09-04 16:00:00,113270.0
2025-09-04 17:00:00,113650.0
2025-09-04 18:00:00,113860.0
2025-09-04 19:00:00,113680.0
2025-09-04 20:00:00,114310.0
2025-09-04 22:00:00,115330.0
2025-09-04 23:00:00,114500.0
2025-09-05 00:00:00,114275.0
2025-09-05 01:00:00,114985.0
2025-09-05 02:00:00,115205.0
2025-09-05 03:00:00,115190.0
2025-09-05 04:00:00,115315.0
2025-09-05 05:00:00,115420.0
2025-09-05 06:00:00,115785.0
2025-09-05 07:00:00,116870.0
2025-09-05 08:00:00,116505.0
2025-09-05 09:00:00,116190.0
2025-09-05 10:00:00,116125.0
2025-09-05 11:00:00,116235.0
2025-09-05 12:00:00,117135.0
2025-09-05 13:00:00,116980.0
2025-09-05 14:00:00,114320.0
2025-09-05 15:00:00,114500.0
2025-09-05 16:00:00,114595.0
2025-09-05 17:00:00,114380.0
2025-09-05 18:00:00,115040.0
2025-09-05 19:00:00,115480.0
2025-09-05 20:00:00,115525.0
2025-09-07 22:00:00,115100.0
2025-09-07 23:00:00,114985.0
2025-09-08 00:00:00,114705.0
2025-09-08 01:00:00,114755.0
2025-09-08 02:00:00,115120.0
2025-09-08 03:00:00,114945.0
2025-09-08 04:00:00,114800.0
2025-09-08 05:00:00,115945.0
2025-09-08 06:00:00,115015.0
2025-09-08 07:00:00,115150.0
2025-09-08 08:00:00,115540.0
2025-09-08 09:00:00,115970.0
2025-09-08 10:00:00,115955.0
2025-09-08 11:00:00,115940.0
2025-09-08 12:00:00,115970.0
2025-09-08 13:00:00,115775.0
2025-09-08 14:00:00,116565.0
2025-09-08 15:00:00,116575.0
2025-09-08 16:00:00,116285.0
2025-09-08 17:00:00,116120.0
2025-09-08 18:00:00,116400.0
2025-09-08 19:00:00,115985.0
2025-09-08 20:00:00,115935.0
2025-09-08 22:00:00,116215.0
2025-09-08 23:00:00,116025.0
2025-09-09 00:00:00,115515.0
2025-09-09 01:00:00,115185.0
2025-09-09 02:00:00,115180.0
2025-09-09 03:00:00,115540.0
2025-09-09 04:00:00,115880.0
2025-09-09 05:00:00,116105.0
2025-09-09 06:00:00,117000.0
2025-09-09 07:00:00,116990.0
2025-09-09 08:00:00,116940.0
2025-09-09 09:00:00,116900.0
2025-09-09 10:00:00,116675.0
2025-09-09 11:00:00,116340.0
2025-09-09 12:00:00,116570.0
2025-09-09 13:00:00,116645.0
2025-09-09 14:00:00,115555.0
2025-09-09 15:00:00,114605.0
2025-09-09 16:00:00,114695.0
2025-09-09 17:00:00,114755.0
2025-09-09 18:00:00,114935.0
2025-09-09 19:00:00,115150.0
2025-09-09 20:00:00,115380.0
2025-09-09 22:00:00,115400.0
2025-09-09 23:00:00,115345.0
2025-09-10 00:00:00,114750.0
2025-09-10 01:00:00,114795.0
2025-09-10 02:00:00,115195.0
2025-09-10 03:00:00,115405.0
2025-09-10 04:00:00,115390.0
2025-09-10 05:00:00,117440.0
2025-09-10 06:00:00,115675.0
2025-09-10 07:00:00,116470.0
2025-09-10 08:00:00,116290.0
2025-09-10 09:00:00,116160.0
2025-09-10 10:00:00,116165.0
2025-09-10 11:00:00,116195.0
2025-09-10 12:00:00,117345.0
2025-09-10 13:00:00,117960.0
2025-09-10 14:00:00,117890.0
2025-09-10 15:00:00,117815.0
2025-09-10 16:00:00,117695.0
2025-09-10 17:00:00,117645.0
2025-09-10 18:00:00,117485.0
2025-09-10 19:00:00,117490.0
2025-09-10 20:00:00,117535.0
2025-09-10 22:00:00,117815.0
2025-09-10 23:00:00,117835.0
2025-09-11 00:00:00,117780.0
2025-09-11 01:00:00,117760.0
2025-09-11 02:00:00,117675.0
2025-09-11 03:00:00,118315.0
2025-09-11 04:00:00,118030.0
2025-09-11 05:00:00,118395.0
2025-09-11 06:00:00,118275.0
2025-09-11 07:00:00,118000.0
2025-09-11 08:00:00,117950.0
2025-09-11 09:00:00,117750.0
2025-09-11 10:00:00,117975.0
2025-09-11 11:00:00,117880.0
2025-09-11 12:00:00,117870.0
2025-09-11 13:00:00,118565.0
2025-09-11 14:00:00,118405.0
2025-09-11 15:00:00,118100.0
2025-09-11 16:00:00,118435.0
2025-09-11 17:00:00,118520.0
2025-09-11 18:00:00,118165.0
2025-09-11 19:00:00,118320.0
2025-09-11 20:00:00,118275.0
2025-09-11 22:00:00,119000.0
2025-09-11 23:00:00,119425.0
2025-09-12 00:00:00,119815.0
2025-09-12 01:00:00,119300.0
2025-09-12 02:00:00,119310.0
2025-09-12 03:00:00,119070.0
2025-09-12 04:00:00,119290.0
2025-09-12 05:00:00,119530.0
2025-09-12 06:00:00,119270.0
2025-09-12 07:00:00,118985.0
2025-09-12 08:00:00,118935.0
2025-09-12 09:00:00,118880.0
2025-09-12 10:00:00,118865.0
2025-09-12 11:00:00,118775.0
2025-09-12 12:00:00,118955.0
2025-09-12 13:00:00,119015.0
2025-09-12 14:00:00,119180.0
2025-09-12 15:00:00,119005.0
2025-09-12 16:00:00,119430.0
2025-09-12 17:00:00,119810.0
2025-09-12 18:00:00,120575.0
2025-09-12 19:00:00,120715.0
2025-09-12 20:00:00,120300.0
2025-09-14 22:00:00,120005.0
2025-09-14 23:00:00,119120.0
2025-09-15 00:00:00,118915.0
2025-09-15 01:00:00,119065.0
2025-09-15 02:00:00,119190.0
2025-09-15 03:00:00,119295.0
2025-09-15 04:00:00,119950.0
2025-09-15 05:00:00,119040.0
2025-09-15 06:00:00,120055.0
2025-09-15 07:00:00,119655.0
2025-09-15 08:00:00,118550.0
2025-09-15 09:00:00,118680.0
2025-09-15 10:00:00,118580.0
2025-09-15 11:00:00,118845.0
2025-09-15 12:00:00,118515.0
2025-09-15 13:00:00,118395.0
2025-09-15 14:00:00,118435.0
2025-09-15 15:00:00,118655.0
2025-09-15 16:00:00,118470.0
2025-09-15 17:00:00,118945.0
2025-09-15 18:00:00,119125.0
2025-09-15 19:00:00,119045.0
2025-09-15 20:00:00,119105.0
2025-09-15 22:00:00,119075.0
2025-09-15 23:00:00,119175.0
2025-09-16 00:00:00,118815.0
2025-09-16 01:00:00,118790.0
2025-09-16 02:00:00,118790.0
2025-09-16 03:00:00,119110.0
2025-09-16 04:00:00,119325.0
2025-09-16 05:00:00,119785.0
2025-09-16 06:00:00,119615.0
2025-09-16 07:00:00,119580.0
2025-09-16 08:00:00,119400.0
2025-09-16 09:00:00,119220.0
2025-09-16 10:00:00,119115.0
2025-09-16 11:00:00,119015.0
2025-09-16 12:00:00,119150.0
2025-09-16 13:00:00,118890.0
2025-09-16 14:00:00,119045.0
2025-09-16 15:00:00,119690.0
2025-09-16 16:00:00,119875.0
2025-09-16 17:00:00,120345.0
2025-09-16 18:00:00,120245.0
2025-09-16 19:00:00,120600.0
2025-09-16 20:00:00,120640.0
2025-09-16 22:00:00,120680.0
2025-09-16 23:00:00,120640.0
2025-09-17 00:00:00,120410.0
2025-09-17 01:00:00,120480.0
2025-09-17 02:00:00,120560.0
2025-09-17 03:00:00,120170.0
2025-09-17 04:00:00,120095.0
2025-09-17 05:00:00,119290.0
2025-09-17 06:00:00,121060.0
2025-09-17 07:00:00,121035.0
2025-09-17 08:00:00,120665.0
2025-09-17 09:00:00,120325.0
2025-09-17 10:00:00,120110.0
2025-09-17 11:00:00,119960.0
2025-09-17 12:00:00,119875.0
2025-09-17 13:00:00,119815.0
2025-09-17 14:00:00,119255.0
2025-09-17 15:00:00,119535.0
2025-09-17 16:00:00,119305.0
2025-09-17 17:00:00,119305.0
2025-09-17 18:00:00,118880.0
2025-09-17 19:00:00,119315.0
2025-09-17 20:00:00,119315.0
2025-09-17 22:00:00,120325.0
2025-09-17 23:00:00,120120.0
2025-09-18 00:00:00,120055.0
2025-09-18 01:00:00,120360.0
2025-09-18 02:00:00,120710.0
2025-09-18 03:00:00,121385.0
2025-09-18 04:00:00,121420.0
2025-09-18 05:00:00,121235.0
2025-09-18 06:00:00,120800.0
2025-09-18 07:00:00,120785.0
2025-09-18 08:00:00,120980.0
2025-09-18 09:00:00,121075.0
2025-09-18 10:00:00,120965.0
2025-09-18 11:00:00,120765.0
2025-09-18 12:00:00,120825.0
2025-09-18 13:00:00,121195.0
2025-09-18 14:00:00,121440.0
2025-09-18 15:00:00,121360.0
2025-09-18 16:00:00,121330.0
2025-09-18 17:00:00,121345.0
2025-09-18 18:00:00,121625.0
2025-09-18 19:00:00,121215.0
2025-09-18 20:00:00,121335.0
2025-09-18 22:00:00,120860.0
2025-09-18 23:00:00,120795.0
2025-09-19 00:00:00,121235.0
2025-09-19 01:00:00,121035.0
2025-09-19 02:00:00,120890.0
2025-09-19 03:00:00,120740.0
2025-09-19 04:00:00,120705.0
2025-09-19 05:00:00,118730.0
2025-09-19 06:00:00,120420.0
2025-09-19 07:00:00,120640.0
2025-09-19 08:00:00,120680.0
2025-09-19 09:00:00,120195.0
2025-09-19 10:00:00,120260.0
2025-09-19 11:00:00,120070.0
2025-09-19 12:00:00,119795.0
2025-09-19 13:00:00,120000.0
2025-09-19 14:00:00,119565.0
2025-09-19 15:00:00,119575.0
2025-09-19 16:00:00,119795.0
2025-09-19 17:00:00,119170.0
2025-09-19 18:00:00,119040.0
2025-09-19 19:00:00,118745.0
2025-09-19 20:00:00,118910.0
2025-09-21 22:00:00,119110.0
2025-09-21 23:00:00,118780.0
2025-09-22 00:00:00,117940.0
2025-09-22 01:00:00,117835.0
2025-09-22 02:00:00,117740.0
2025-09-22 03:00:00,118235.0
2025-09-22 04:00:00,118010.0
2025-09-22 05:00:00,117255.0
2025-09-22 06:00:00,116335.0
2025-09-22 07:00:00,116030.0
2025-09-22 08:00:00,116175.0
2025-09-22 09:00:00,115935.0
2025-09-22 10:00:00,116385.0
2025-09-22 11:00:00,116515.0
2025-09-22 12:00:00,116325.0
2025-09-22 13:00:00,116765.0
2025-09-22 14:00:00,116525.0
2025-09-22 15:00:00,116415.0
2025-09-22 16:00:00,116230.0
2025-09-22 17:00:00,115950.0
2025-09-22 18:00:00,116030.0
2025-09-22 19:00:00,115695.0
2025-09-22 20:00:00,116350.0
2025-09-22 22:00:00,116275.0
2025-09-22 23:00:00,116240.0
2025-09-23 00:00:00,115980.0
2025-09-23 01:00:00,115745.0
2025-09-23 02:00:00,115385.0
2025-09-23 03:00:00,115920.0
2025-09-23 04:00:00,116010.0
2025-09-23 05:00:00,115170.0
2025-09-23 06:00:00,116625.0
2025-09-23 07:00:00,116715.0
2025-09-23 08:00:00,116730.0
2025-09-23 09:00:00,116540.0
2025-09-23 10:00:00,116515.0
2025-09-23 11:00:00,116550.0
2025-09-23 12:00:00,116525.0
2025-09-23 13:00:00,116515.0
2025-09-23 14:00:00,116195.0
2025-09-23 15:00:00,116450.0
2025-09-23 16:00:00,116405.0
2025-09-23 17:00:00,115395.0
2025-09-23 18:00:00,115265.0
2025-09-23 19:00:00,115220.0
2025-09-23 20:00:00,115435.0
2025-09-23 22:00:00,115615.0
2025-09-23 23:00:00,115500.0
2025-09-24 00:00:00,115750.0
2025-09-24 01:00:00,115965.0
2025-09-24 02:00:00,115665.0
2025-09-24 03:00:00,115175.0
2025-09-24 04:00:00,115685.0
2025-09-24 05:00:00,116935.0
2025-09-24 06:00:00,116135.0
2025-09-24 07:00:00,116145.0
2025-09-24 08:00:00,116080.0
2025-09-24 09:00:00,116355.0
2025-09-24 10:00:00,116525.0
2025-09-24 11:00:00,116615.0
2025-09-24 12:00:00,116680.0
2025-09-24 13:00:00,116410.0
2025-09-24 14:00:00,117305.0
2025-09-24 15:00:00,116905.0
2025-09-24 16:00:00,117280.0
2025-09-24 17:00:00,117330.0
2025-09-24 18:00:00,117200.0
2025-09-24 19:00:00,116940.0
2025-09-24 20:00:00,117110.0
2025-09-24 22:00:00,116855.0
2025-09-24 23:00:00,116895.0
2025-09-25 00:00:00,116610.0
2025-09-25 01:00:00,116140.0
2025-09-25 02:00:00,116390.0
2025-09-25 03:00:00,116065.0
2025-09-25 04:00:00,115210.0
2025-09-25 05:00:00,115195.0
2025-09-25 06:00:00,114995.0
2025-09-25 07:00:00,115160.0
2025-09-25 08:00:00,115205.0
2025-09-25 09:00:00,115020.0
2025-09-25 10:00:00,115100.0
2025-09-25 11:00:00,114790.0
2025-09-25 12:00:00,114550.0
2025-09-25 13:00:00,114365.0
2025-09-25 14:00:00,114995.0
2025-09-25 15:00:00,115020.0
2025-09-25 16:00:00,114390.0
2025-09-25 17:00:00,112055.0
2025-09-25 18:00:00,113135.0
2025-09-25 19:00:00,112680.0
2025-09-25 20:00:00,112490.0
2025-09-25 22:00:00,112695.0
2025-09-25 23:00:00,112295.0
2025-09-26 00:00:00,112850.0
2025-09-26 01:00:00,113020.0
2025-09-26 02:00:00,112955.0
2025-09-26 03:00:00,112910.0
2025-09-26 04:00:00,112690.0
2025-09-26 05:00:00,112595.0
2025-09-26 06:00:00,112705.0
2025-09-26 07:00:00,112640.0
2025-09-26 08:00:00,112935.0
2025-09-26 09:00:00,112905.0
2025-09-26 10:00:00,112175.0
2025-09-26 11:00:00,112440.0
2025-09-26 12:00:00,112680.0
2025-09-26 13:00:00,113010.0
2025-09-26 14:00:00,112025.0
2025-09-26 15:00:00,112240.0
2025-09-26 16:00:00,112730.0
2025-09-26 17:00:00,113230.0
2025-09-26 18:00:00,112965.0
2025-09-26 19:00:00,112415.0
2025-09-26 20:00:00,112555.0
2025-09-28 22:00:00,115310.0
2025-09-28 23:00:00,115585.0
2025-09-29 00:00:00,115585.0
2025-09-29 01:00:00,115165.0
2025-09-29 02:00:00,115035.0
2025-09-29 03:00:00,115190.0
2025-09-29 04:00:00,115135.0
2025-09-29 05:00:00,117885.0
2025-09-29 06:00:00,115010.0
2025-09-29 07:00:00,115195.0
2025-09-29 08:00:00,115515.0
2025-09-29 09:00:00,115490.0
2025-09-29 10:00:00,115500.0
2025-09-29 11:00:00,115540.0
2025-09-29 12:00:00,115410.0
2025-09-29 13:00:00,116705.0
2025-09-29 14:00:00,117620.0
2025-09-29 15:00:00,117350.0
2025-09-29 16:00:00,117140.0
2025-09-29 17:00:00,117590.0
2025-09-29 18:00:00,117555.0
2025-09-29 19:00:00,117840.0
2025-09-29 20:00:00,117810.0
2025-09-29 22:00:00,117720.0
2025-09-29 23:00:00,117875.0
2025-09-30 00:00:00,118160.0
2025-09-30 01:00:00,118125.0
2025-09-30 02:00:00,118015.0
2025-09-30 03:00:00,117900.0
2025-09-30 04:00:00,117620.0
2025-09-30 05:00:00,117840.0
2025-09-30 06:00:00,117365.0
2025-09-30 07:00:00,117190.0
2025-09-30 08:00:00,116935.0
2025-09-30 09:00:00,116235.0
2025-09-30 10:00:00,116380.0
2025-09-30 11:00:00,116515.0
2025-09-30 12:00:00,116435.0
2025-09-30 13:00:00,116825.0
2025-09-30 14:00:00,117055.0
2025-09-30 15:00:00,116555.0
2025-09-30 16:00:00,116225.0
2025-09-30 17:00:00,116715.0
2025-09-30 18:00:00,117205.0
2025-09-30 19:00:00,117795.0
2025-09-30 20:00:00,118130.0
2025-09-30 22:00:00,117430.0
2025-09-30 23:00:00,117555.0
2025-10-01 00:00:00,117755.0
2025-10-01 01:00:00,118100.0
2025-10-01 02:00:00,117835.0
2025-10-01 03:00:00,117710.0
2025-10-01 04:00:00,117840.0
2025-10-01 05:00:00,120940.0
2025-10-01 06:00:00,117765.0
2025-10-01 07:00:00,118095.0
2025-10-01 08:00:00,119680.0
2025-10-01 09:00:00,119995.0
2025-10-01 10:00:00,119875.0
2025-10-01 11:00:00,120390.0
2025-10-01 12:00:00,119950.0
2025-10-01 13:00:00,120325.0
2025-10-01 14:00:00,120895.0
2025-10-01 15:00:00,120970.0
2025-10-01 16:00:00,121125.0
2025-10-01 17:00:00,120245.0
2025-10-01 18:00:00,120795.0
2025-10-01 19:00:00,120955.0
2025-10-01 20:00:00,121080.0
2025-10-01 22:00:00,121325.0
2025-10-01 23:00:00,122170.0
2025-10-02 00:00:00,121950.0
2025-10-02 01:00:00,122175.0
2025-10-02 02:00:00,122315.0
2025-10-02 03:00:00,122345.0
2025-10-02 04:00:00,122265.0
2025-10-02 05:00:00,121960.0
2025-10-02 06:00:00,122265.0
2025-10-02 07:00:00,122100.0
2025-10-02 08:00:00,122290.0
2025-10-02 09:00:00,122495.0
2025-10-02 10:00:00,122240.0
2025-10-02 11:00:00,122390.0
2025-10-02 12:00:00,123055.0
2025-10-02 13:00:00,123245.0
2025-10-02 14:00:00,122430.0
2025-10-02 15:00:00,123575.0
2025-10-02 16:00:00,123410.0
2025-10-02 17:00:00,123570.0
2025-10-02 18:00:00,124180.0
2025-10-02 19:00:00,124530.0
2025-10-02 20:00:00,124365.0
2025-10-02 22:00:00,124000.0
2025-10-02 23:00:00,124295.0
2025-10-03 00:00:00,123915.0
2025-10-03 01:00:00,123645.0
2025-10-03 02:00:00,123970.0
2025-10-03 03:00:00,123990.0
2025-10-03 04:00:00,123830.0
2025-10-03 05:00:00,123685.0
2025-10-03 06:00:00,123680.0
2025-10-03 07:00:00,123430.0
2025-10-03 08:00:00,123890.0
2025-10-03 09:00:00,124140.0
2025-10-03 10:00:00,124270.0
2025-10-03 11:00:00,124165.0
2025-10-03 12:00:00,124155.0
2025-10-03 13:00:00,124125.0
2025-10-03 14:00:00,124680.0
2025-10-03 15:00:00,126010.0
2025-10-03 16:00:00,126250.0
2025-10-03 17:00:00,125735.0
2025-10-03 18:00:00,126265.0
2025-10-03 19:00:00,126300.0
2025-10-03 20:00:00,126090.0
2025-10-05 22:00:00,126895.0
2025-10-05 23:00:00,127195.0
2025-10-06 00:00:00,126920.0
2025-10-06 01:00:00,127680.0
2025-10-06 02:00:00,127755.0
2025-10-06 03:00:00,127445.0
2025-10-06 04:00:00,127220.0
2025-10-06 05:00:00,128970.0
2025-10-06 06:00:00,127550.0
2025-10-06 07:00:00,127035.0
2025-10-06 08:00:00,127485.0
2025-10-06 09:00:00,127595.0
2025-10-06 10:00:00,127625.0
2025-10-06 11:00:00,127835.0
2025-10-06 12:00:00,128140.0
2025-10-06 13:00:00,128665.0
2025-10-06 14:00:00,128135.0
2025-10-06 15:00:00,128615.0
2025-10-06 16:00:00,129075.0
2025-10-06 17:00:00,128905.0
2025-10-06 18:00:00,129685.0
2025-10-06 19:00:00,128990.0
2025-10-06 20:00:00,128785.0
2025-10-06 22:00:00,128665.0
2025-10-06 23:00:00,128325.0
2025-10-07 00:00:00,128650.0
2025-10-07 01:00:00,128440.0
2025-10-07 02:00:00,127970.0
2025-10-07 03:00:00,128035.0
2025-10-07 04:00:00,128185.0
2025-10-07 05:00:00,125010.0
2025-10-07 06:00:00,127555.0
2025-10-07 07:00:00,127315.0
2025-10-07 08:00:00,127575.0
2025-10-07 09:00:00,127820.0
2025-10-07 10:00:00,128020.0
2025-10-07 11:00:00,128160.0
2025-10-07 12:00:00,128600.0
2025-10-07 13:00:00,127525.0
2025-10-07 14:00:00,126360.0
2025-10-07 15:00:00,125355.0
2025-10-07 16:00:00,125170.0
2025-10-07 17:00:00,124635.0
2025-10-07 18:00:00,124380.0
2025-10-07 19:00:00,125025.0
2025-10-07 20:00:00,125335.0
2025-10-07 22:00:00,125480.0
2025-10-07 23:00:00,124795.0
2025-10-08 00:00:00,125420.0
2025-10-08 01:00:00,125430.0
2025-10-08 02:00:00,125505.0
2025-10-08 03:00:00,124810.0
2025-10-08 04:00:00,125390.0
2025-10-08 05:00:00,126725.0
2025-10-08 06:00:00,125245.0
2025-10-08 07:00:00,125075.0
2025-10-08 08:00:00,125890.0
2025-10-08 09:00:00,125960.0
2025-10-08 10:00:00,126425.0
2025-10-08 11:00:00,126285.0
2025-10-08 12:00:00,126020.0
2025-10-08 13:00:00,125970.0
2025-10-08 14:00:00,125715.0
2025-10-08 15:00:00,125590.0
2025-10-08 16:00:00,126465.0
2025-10-08 17:00:00,127455.0
2025-10-08 18:00:00,126755.0
2025-10-08 19:00:00,126695.0
2025-10-08 20:00:00,126010.0
2025-10-08 22:00:00,126530.0
2025-10-08 23:00:00,126635.0
2025-10-09 00:00:00,126145.0
2025-10-09 01:00:00,125860.0
2025-10-09 02:00:00,124905.0
2025-10-09 03:00:00,125345.0
2025-10-09 04:00:00,125445.0
2025-10-09 05:00:00,124275.0
2025-10-09 06:00:00,125245.0
2025-10-09 07:00:00,125200.0
2025-10-09 08:00:00,124550.0
2025-10-09 09:00:00,125115.0
2025-10-09 10:00:00,125490.0
2025-10-09 11:00:00,126100.0
2025-10-09 12:00:00,126915.0
2025-10-09 13:00:00,125730.0
2025-10-09 14:00:00,124685.0
2025-10-09 15:00:00,124500.0
2025-10-09 16:00:00,123220.0
2025-10-09 17:00:00,124305.0
2025-10-09 18:00:00,123985.0
2025-10-09 19:00:00,124330.0
2025-10-09 20:00:00,124445.0
2025-10-09 22:00:00,125010.0
2025-10-09 23:00:00,124970.0
2025-10-10 00:00:00,125070.0
2025-10-10 01:00:00,124945.0
2025-10-10 02:00:00,124400.0
2025-10-10 03:00:00,124385.0
2025-10-10 04:00:00,124605.0
2025-10-10 05:00:00,119645.0
2025-10-10 06:00:00,124715.0
2025-10-10 07:00:00,124315.0
2025-10-10 08:00:00,125015.0
2025-10-10 09:00:00,124700.0
2025-10-10 10:00:00,124850.0
2025-10-10 11:00:00,124920.0
2025-10-10 12:00:00,124940.0
2025-10-10 13:00:00,125055.0
2025-10-10 14:00:00,123805.0
2025-10-10 15:00:00,122215.0
2025-10-10 16:00:00,121305.0
2025-10-10 17:00:00,120705.0
2025-10-10 18:00:00,120265.0
2025-10-10 19:00:00,119665.0
2025-10-10 20:00:00,117320.0
2025-10-12 22:00:00,118415.0
2025-10-12 23:00:00,118200.0
2025-10-13 00:00:00,118545.0
2025-10-13 01:00:00,118970.0
2025-10-13 02:00:00,118555.0
2025-10-13 03:00:00,117995.0
2025-10-13 04:00:00,117850.0
2025-10-13 05:00:00,117745.0
2025-10-13 06:00:00,118275.0
2025-10-13 07:00:00,118450.0
2025-10-13 08:00:00,118455.0
2025-10-13 09:00:00,118210.0
2025-10-13 10:00:00,117955.0
2025-10-13 11:00:00,117350.0
2025-10-13 12:00:00,117495.0
2025-10-13 13:00:00,118535.0
2025-10-13 14:00:00,117135.0
2025-10-13 15:00:00,117445.0
2025-10-13 16:00:00,117770.0
2025-10-13 17:00:00,118130.0
2025-10-13 18:00:00,118265.0
2025-10-13 19:00:00,119020.0
2025-10-13 20:00:00,119000.0
2025-10-13 22:00:00,118720.0
2025-10-13 23:00:00,118330.0
2025-10-14 00:00:00,118075.0
2025-10-14 01:00:00,117320.0
2025-10-14 02:00:00,116680.0
2025-10-14 03:00:00,116550.0
2025-10-14 04:00:00,116025.0
2025-10-14 05:00:00,115530.0
2025-10-14 06:00:00,115005.0
2025-10-14 07:00:00,114735.0
2025-10-14 08:00:00,114870.0
2025-10-14 09:00:00,114330.0
2025-10-14 10:00:00,113735.0
2025-10-14 11:00:00,114445.0
2025-10-14 12:00:00,113920.0
2025-10-14 13:00:00,114130.0
2025-10-14 14:00:00,114505.0
2025-10-14 15:00:00,115995.0
2025-10-14 16:00:00,115410.0
2025-10-14 17:00:00,115905.0
2025-10-14 18:00:00,115965.0
2025-10-14 19:00:00,115725.0
2025-10-14 20:00:00,116125.0
2025-10-14 22:00:00,116300.0
2025-10-14 23:00:00,116115.0
2025-10-15 00:00:00,116150.0
2025-10-15 01:00:00,115855.0
2025-10-15 02:00:00,115860.0
2025-10-15 03:00:00,115075.0
2025-10-15 04:00:00,115390.0
2025-10-15 05:00:00,114205.0
2025-10-15 06:00:00,115475.0
2025-10-15 07:00:00,115670.0
2025-10-15 08:00:00,116045.0
2025-10-15 09:00:00,115555.0
2025-10-15 10:00:00,115295.0
2025-10-15 11:00:00,115005.0
2025-10-15 12:00:00,114750.0
2025-10-15 13:00:00,114400.0
2025-10-15 14:00:00,114095.0
2025-10-15 15:00:00,113780.0
2025-10-15 16:00:00,113705.0
2025-10-15 17:00:00,114180.0
2025-10-15 18:00:00,114405.0
2025-10-15 19:00:00,114215.0
2025-10-15 20:00:00,114055.0
2025-10-15 22:00:00,113590.0
2025-10-15 23:00:00,113660.0
2025-10-16 00:00:00,113370.0
2025-10-16 01:00:00,114235.0
2025-10-16 02:00:00,114455.0
2025-10-16 03:00:00,114290.0
2025-10-16 04:00:00,113910.0
2025-10-16 05:00:00,111100.0
2025-10-16 06:00:00,114675.0
2025-10-16 07:00:00,113495.0
2025-10-16 08:00:00,113800.0
2025-10-16 09:00:00,114105.0
2025-10-16 10:00:00,114440.0
2025-10-16 11:00:00,114355.0
2025-10-16 12:00:00,114425.0
2025-10-16 13:00:00,113780.0
2025-10-16 14:00:00,113465.0
2025-10-16 15:00:00,111450.0
2025-10-16 16:00:00,112115.0
2025-10-16 17:00:00,111150.0
2025-10-16 18:00:00,111585.0
2025-10-16 19:00:00,111130.0
2025-10-16 20:00:00,110735.0
2025-10-16 22:00:00,110715.0
2025-10-16 23:00:00,111035.0
2025-10-17 00:00:00,111645.0
2025-10-17 01:00:00,111725.0
2025-10-17 02:00:00,111870.0
2025-10-17 03:00:00,112040.0
2025-10-17 04:00:00,111650.0
2025-10-17 05:00:00,111230.0
2025-10-17 06:00:00,109630.0
2025-10-17 07:00:00,108480.0
2025-10-17 08:00:00,107770.0
2025-10-17 09:00:00,107350.0
2025-10-17 10:00:00,107600.0
2025-10-17 11:00:00,108555.0
2025-10-17 12:00:00,108165.0
2025-10-17 13:00:00,108705.0
2025-10-17 14:00:00,107965.0
2025-10-17 15:00:00,109590.0
2025-10-17 16:00:00,109175.0
2025-10-17 17:00:00,109340.0
2025-10-17 18:00:00,109495.0
2025-10-17 19:00:00,109350.0
2025-10-17 20:00:00,109850.0
2025-10-19 22:00:00,112010.0
2025-10-19 23:00:00,111490.0
2025-10-20 00:00:00,110915.0
2025-10-20 01:00:00,110925.0
2025-10-20 02:00:00,111610.0
2025-10-20 03:00:00,112985.0
2025-10-20 04:00:00,113235.0
2025-10-20 05:00:00,113730.0
2025-10-20 06:00:00,114095.0
2025-10-20 07:00:00,114040.0
2025-10-20 08:00:00,113930.0
2025-10-20 09:00:00,113815.0
2025-10-20 10:00:00,113570.0
2025-10-20 11:00:00,113850.0
2025-10-20 12:00:00,113665.0
2025-10-20 13:00:00,114030.0
2025-10-20 14:00:00,114075.0
2025-10-20 15:00:00,114025.0
2025-10-20 16:00:00,113590.0
2025-10-20 17:00:00,113180.0
2025-10-20 18:00:00,113830.0
2025-10-20 19:00:00,113715.0
2025-10-20 20:00:00,114060.0
2025-10-20 22:00:00,113750.0
2025-10-20 23:00:00,113445.0
2025-10-21 00:00:00,113395.0
2025-10-21 01:00:00,112790.0
2025-10-21 02:00:00,112440.0
2025-10-21 03:00:00,111985.0
2025-10-21 04:00:00,110715.0
2025-10-21 05:00:00,114760.0
2025-10-21 06:00:00,110795.0
2025-10-21 07:00:00,110945.0
2025-10-21 08:00:00,110590.0
2025-10-21 09:00:00,110695.0
2025-10-21 10:00:00,111370.0
2025-10-21 11:00:00,111465.0
2025-10-21 12:00:00,111695.0
2025-10-21 13:00:00,111350.0
2025-10-21 14:00:00,115170.0
2025-10-21 15:00:00,116400.0
2025-10-21 16:00:00,115550.0
2025-10-21 17:00:00,115000.0
2025-10-21 18:00:00,114965.0
2025-10-21 19:00:00,114730.0
2025-10-21 20:00:00,113770.0
2025-10-21 22:00:00,111950.0
2025-10-21 23:00:00,111290.0
2025-10-22 00:00:00,110970.0
2025-10-22 01:00:00,111240.0
2025-10-22 02:00:00,111085.0
2025-10-22 03:00:00,111120.0
2025-10-22 04:00:00,111535.0
2025-10-22 05:00:00,110600.0
2025-10-22 06:00:00,110870.0
2025-10-22 07:00:00,111155.0
2025-10-22 08:00:00,111080.0
2025-10-22 09:00:00,110805.0
2025-10-22 10:00:00,110470.0
2025-10-22 11:00:00,110410.0
2025-10-22 12:00:00,110930.0
2025-10-22 13:00:00,111615.0
2025-10-22 14:00:00,111775.0
2025-10-22 15:00:00,111200.0
2025-10-22 16:00:00,111055.0
2025-10-22 17:00:00,110580.0
2025-10-22 18:00:00,110865.0
2025-10-22 19:00:00,110660.0
2025-10-22 20:00:00,110445.0
2025-10-22 22:00:00,110030.0
2025-10-22 23:00:00,110375.0
2025-10-23 00:00:00,110675.0
2025-10-23 01:00:00,110935.0
2025-10-23 02:00:00,111060.0
2025-10-23 03:00:00,111090.0
2025-10-23 04:00:00,111555.0
2025-10-23 05:00:00,111745.0
2025-10-23 06:00:00,113035.0
2025-10-23 07:00:00,112050.0
2025-10-23 08:00:00,112230.0
2025-10-23 09:00:00,112210.0
2025-10-23 10:00:00,112220.0
2025-10-23 11:00:00,111980.0
2025-10-23 12:00:00,111865.0
2025-10-23 13:00:00,112150.0
2025-10-23 14:00:00,112365.0
2025-10-23 15:00:00,112685.0
2025-10-23 16:00:00,113080.0
2025-10-23 17:00:00,114030.0
2025-10-23 18:00:00,113355.0
2025-10-23 19:00:00,112970.0
2025-10-23 20:00:00,112350.0
2025-10-23 22:00:00,112700.0
2025-10-23 23:00:00,112755.0
2025-10-24 00:00:00,113285.0
2025-10-24 01:00:00,113400.0
2025-10-24 02:00:00,113355.0
2025-10-24 03:00:00,113240.0
2025-10-24 04:00:00,114105.0
2025-10-24 05:00:00,114090.0
2025-10-24 06:00:00,114300.0
2025-10-24 07:00:00,113895.0
2025-10-24 08:00:00,113850.0
2025-10-24 09:00:00,114145.0
2025-10-24 10:00:00,113925.0
2025-10-24 11:00:00,113905.0
2025-10-24 12:00:00,114075.0
2025-10-24 13:00:00,113650.0
2025-10-24 14:00:00,112895.0
2025-10-24 15:00:00,112720.0
2025-10-24 16:00:00,112935.0
2025-10-24 17:00:00,112990.0
2025-10-24 18:00:00,113335.0
2025-10-24 19:00:00,113360.0
2025-10-24 20:00:00,113635.0
2025-10-26 22:00:00,117330.0
2025-10-26 23:00:00,117210.0
2025-10-27 00:00:00,117525.0
2025-10-27 01:00:00,117955.0
2025-10-27 02:00:00,117660.0
2025-10-27 03:00:00,117720.0
2025-10-27 04:00:00,118055.0
2025-10-27 05:00:00,118340.0
2025-10-27 06:00:00,118775.0
2025-10-27 07:00:00,118380.0
2025-10-27 08:00:00,117715.0
2025-10-27 09:00:00,117960.0
2025-10-27 10:00:00,118125.0
2025-10-27 11:00:00,118130.0
2025-10-27 12:00:00,117715.0
2025-10-27 13:00:00,117965.0
2025-10-27 14:00:00,117475.0
2025-10-27 15:00:00,117715.0
2025-10-27 16:00:00,118315.0
2025-10-27 17:00:00,118470.0
2025-10-27 18:00:00,118095.0
2025-10-27 19:00:00,117660.0
2025-10-27 20:00:00,117355.0
2025-10-27 22:00:00,116800.0
2025-10-27 23:00:00,116805.0
2025-10-28 00:00:00,116685.0
2025-10-28 01:00:00,117115.0
2025-10-28 02:00:00,116655.0
2025-10-28 03:00:00,116615.0
2025-10-28 04:00:00,116650.0
2025-10-28 05:00:00,116310.0
2025-10-28 06:00:00,116685.0
2025-10-28 07:00:00,116865.0
2025-10-28 08:00:00,117070.0
2025-10-28 09:00:00,117210.0
2025-10-28 10:00:00,117295.0
2025-10-28 11:00:00,116995.0
2025-10-28 12:00:00,117185.0
2025-10-28 13:00:00,118255.0
2025-10-28 14:00:00,117775.0
2025-10-28 15:00:00,117335.0
2025-10-28 16:00:00,118090.0
2025-10-28 17:00:00,117970.0
2025-10-28 18:00:00,117625.0
2025-10-28 19:00:00,116290.0
2025-10-28 20:00:00,115460.0
2025-10-28 22:00:00,115875.0
2025-10-28 23:00:00,115540.0
2025-10-29 00:00:00,115185.0
2025-10-29 01:00:00,115170.0
2025-10-29 02:00:00,115275.0
2025-10-29 03:00:00,115180.0
2025-10-29 04:00:00,115490.0
2025-10-29 05:00:00,115675.0
2025-10-29 06:00:00,115955.0
2025-10-29 07:00:00,116240.0
2025-10-29 08:00:00,115640.0
2025-10-29 09:00:00,115640.0
2025-10-29 10:00:00,115525.0
2025-10-29 11:00:00,115720.0
2025-10-29 12:00:00,115760.0
2025-10-29 13:00:00,115440.0
2025-10-29 14:00:00,115010.0
2025-10-29 15:00:00,114015.0
2025-10-29 16:00:00,113595.0
2025-10-29 17:00:00,114285.0
2025-10-29 18:00:00,113310.0
2025-10-29 19:00:00,113150.0
2025-10-29 20:00:00,113940.0
2025-10-29 22:00:00,113560.0
2025-10-29 23:00:00,112530.0
2025-10-30 00:00:00,113090.0
2025-10-30 01:00:00,112970.0
2025-10-30 02:00:00,113500.0
2025-10-30 03:00:00,113275.0
2025-10-30 04:00:00,111060.0
2025-10-30 05:00:00,112775.0
2025-10-30 06:00:00,113280.0
2025-10-30 07:00:00,113945.0
2025-10-30 08:00:00,113225.0
2025-10-30 09:00:00,112625.0
2025-10-30 10:00:00,112570.0
2025-10-30 11:00:00,112165.0
2025-10-30 12:00:00,110825.0
2025-10-30 13:00:00,110030.0
2025-10-30 14:00:00,110715.0
2025-10-30 15:00:00,110095.0
2025-10-30 16:00:00,110595.0
2025-10-30 17:00:00,109900.0
2025-10-30 18:00:00,109265.0
2025-10-30 19:00:00,109035.0
2025-10-30 20:00:00,109950.0
2025-10-30 22:00:00,110350.0
2025-10-30 23:00:00,110705.0
2025-10-31 00:00:00,111735.0
2025-10-31 01:00:00,112125.0
2025-10-31 02:00:00,111305.0
2025-10-31 03:00:00,111715.0
2025-10-31 04:00:00,112565.0
2025-10-31 05:00:00,112310.0
2025-10-31 06:00:00,112085.0
2025-10-31 07:00:00,111905.0
2025-10-31 08:00:00,112530.0
2025-10-31 09:00:00,112350.0
2025-10-31 10:00:00,112275.0
2025-10-31 11:00:00,112925.0
2025-10-31 12:00:00,112155.0
2025-10-31 13:00:00,112620.0
2025-10-31 14:00:00,113235.0
2025-10-31 15:00:00,112710.0
2025-10-31 16:00:00,111355.0
2025-10-31 17:00:00,111815.0
2025-10-31 18:00:00,111925.0
2025-10-31 19:00:00,112300.0
2025-10-31 20:00:00,111890.0
2025-11-02 23:00:00,113040.0
2025-11-03 00:00:00,112225.0
2025-11-03 01:00:00,112185.0
2025-11-03 02:00:00,111515.0
2025-11-03 03:00:00,110430.0
2025-11-03 04:00:00,110380.0
2025-11-03 05:00:00,110080.0
2025-11-03 06:00:00,109935.0
2025-11-03 07:00:00,109955.0
2025-11-03 08:00:00,110055.0
2025-11-03 09:00:00,109695.0
2025-11-03 10:00:00,109495.0
2025-11-03 11:00:00,110340.0
2025-11-03 12:00:00,110275.0
2025-11-03 13:00:00,110415.0
2025-11-03 14:00:00,110570.0
2025-11-03 15:00:00,108200.0
2025-11-03 16:00:00,109130.0
2025-11-03 17:00:00,109965.0
2025-11-03 18:00:00,109415.0
2025-11-03 19:00:00,109495.0
2025-11-03 20:00:00,109105.0
2025-11-03 21:00:00,109350.0
2025-11-03 23:00:00,109030.0
2025-11-04 00:00:00,108890.0
2025-11-04 01:00:00,109460.0
2025-11-04 02:00:00,108895.0
2025-11-04 03:00:00,109640.0
2025-11-04 04:00:00,109170.0
2025-11-04 05:00:00,106610.0
2025-11-04 06:00:00,107105.0
2025-11-04 07:00:00,106840.0
2025-11-04 08:00:00,106400.0
2025-11-04 09:00:00,106190.0
2025-11-04 10:00:00,106175.0
2025-11-04 11:00:00,106965.0
2025-11-04 12:00:00,106310.0
2025-11-04 13:00:00,106235.0
2025-11-04 14:00:00,106880.0
2025-11-04 15:00:00,105535.0
2025-11-04 16:00:00,104565.0
2025-11-04 17:00:00,103350.0
2025-11-04 18:00:00,103705.0
2025-11-04 19:00:00,102795.0
2025-11-04 20:00:00,103050.0
2025-11-04 21:00:00,102560.0
2025-11-04 23:00:00,103765.0
2025-11-05 00:00:00,102875.0
2025-11-05 01:00:00,103115.0
2025-11-05 02:00:00,104045.0
2025-11-05 03:00:00,104475.0
2025-11-05 04:00:00,104325.0
2025-11-05 05:00:00,104175.0
2025-11-05 06:00:00,104445.0
2025-11-05 07:00:00,104350.0
2025-11-05 08:00:00,104065.0
2025-11-05 09:00:00,104360.0
2025-11-05 10:00:00,103710.0
2025-11-05 11:00:00,104390.0
2025-11-05 12:00:00,105030.0
2025-11-05 13:00:00,105315.0
2025-11-05 14:00:00,105525.0
2025-11-05 15:00:00,106065.0
2025-11-05 16:00:00,106280.0
2025-11-05 17:00:00,106260.0
2025-11-05 18:00:00,106735.0
2025-11-05 19:00:00,106345.0
2025-11-05 20:00:00,106190.0
2025-11-05 21:00:00,106070.0
2025-11-05 23:00:00,106290.0
2025-11-06 00:00:00,106025.0
2025-11-06 01:00:00,105720.0
2025-11-06 02:00:00,105695.0
2025-11-06 03:00:00,106000.0
2025-11-06 04:00:00,106435.0
2025-11-06 05:00:00,105515.0
2025-11-06 06:00:00,103200.0
2025-11-06 07:00:00,105650.0
2025-11-06 08:00:00,105590.0
2025-11-06 09:00:00,105175.0
2025-11-06 10:00:00,105490.0
2025-11-06 11:00:00,105605.0
2025-11-06 12:00:00,104925.0
2025-11-06 13:00:00,105685.0
2025-11-06 14:00:00,104425.0
2025-11-06 15:00:00,104300.0
2025-11-06 16:00:00,103125.0
2025-11-06 17:00:00,104080.0
2025-11-06 18:00:00,104045.0
2025-11-06 19:00:00,103715.0
2025-11-06 20:00:00,103225.0
2025-11-06 21:00:00,103365.0
2025-11-06 23:00:00,103565.0
2025-11-07 00:00:00,103705.0
2025-11-07 01:00:00,103815.0
2025-11-07 02:00:00,104140.0
2025-11-07 03:00:00,104200.0
2025-11-07 04:00:00,104290.0
2025-11-07 05:00:00,104785.0
2025-11-07 06:00:00,104085.0
2025-11-07 07:00:00,104225.0
2025-11-07 08:00:00,103700.0
2025-11-07 09:00:00,103255.0
2025-11-07 10:00:00,103045.0
2025-11-07 11:00:00,102695.0
2025-11-07 12:00:00,101840.0
2025-11-07 13:00:00,102610.0
2025-11-07 14:00:00,103060.0
2025-11-07 15:00:00,102975.0
2025-11-07 16:00:00,103365.0
2025-11-07 17:00:00,104675.0
2025-11-07 18:00:00,104885.0
2025-11-07 19:00:00,105690.0
2025-11-07 20:00:00,106070.0
2025-11-07 21:00:00,106095.0
2025-11-09 23:00:00,106965.0
2025-11-10 00:00:00,108620.0
2025-11-10 01:00:00,108065.0
2025-11-10 02:00:00,108310.0
2025-11-10 03:00:00,108355.0
2025-11-10 04:00:00,108465.0
2025-11-10 05:00:00,108415.0
2025-11-10 06:00:00,108355.0
2025-11-10 07:00:00,108865.0
2025-11-10 08:00:00,108350.0
2025-11-10 09:00:00,108805.0
2025-11-10 10:00:00,108335.0
2025-11-10 11:00:00,108555.0
2025-11-10 12:00:00,108300.0
2025-11-10 13:00:00,108870.0
2025-11-10 14:00:00,107150.0
2025-11-10 15:00:00,107280.0
2025-11-10 16:00:00,107505.0
2025-11-10 17:00:00,108250.0
2025-11-10 18:00:00,107710.0
2025-11-10 19:00:00,108130.0
2025-11-10 20:00:00,108315.0
2025-11-10 21:00:00,107910.0
2025-11-10 23:00:00,108335.0
2025-11-11 00:00:00,108510.0
2025-11-11 01:00:00,108410.0
2025-11-11 02:00:00,108980.0
2025-11-11 03:00:00,108810.0
2025-11-11 04:00:00,108060.0
2025-11-11 05:00:00,107515.0
2025-11-11 06:00:00,107590.0
2025-11-11 07:00:00,107095.0
2025-11-11 08:00:00,107485.0
2025-11-11 09:00:00,107310.0
2025-11-11 10:00:00,107500.0
2025-11-11 11:00:00,107625.0
2025-11-11 12:00:00,106885.0
2025-11-11 13:00:00,106740.0
2025-11-11 14:00:00,106870.0
2025-11-11 15:00:00,105710.0
2025-11-11 16:00:00,105625.0
2025-11-11 17:00:00,105600.0
2025-11-11 18:00:00,105680.0
2025-11-11 19:00:00,105385.0
2025-11-11 20:00:00,105015.0
2025-11-11 21:00:00,104885.0
2025-11-11 23:00:00,105240.0
2025-11-12 00:00:00,105055.0
2025-11-12 01:00:00,105485.0
2025-11-12 02:00:00,105385.0
2025-11-12 03:00:00,105555.0
2025-11-12 04:00:00,105480.0
2025-11-12 05:00:00,105630.0
2025-11-12 06:00:00,105585.0
2025-11-12 07:00:00,105360.0
2025-11-12 08:00:00,106440.0
2025-11-12 09:00:00,106825.0
2025-11-12 10:00:00,107160.0
2025-11-12 11:00:00,107295.0
2025-11-12 12:00:00,107305.0
2025-11-12 13:00:00,107335.0
2025-11-12 14:00:00,106275.0
2025-11-12 15:00:00,104335.0
2025-11-12 16:00:00,103635.0
2025-11-12 17:00:00,103950.0
2025-11-12 18:00:00,103720.0
2025-11-12 19:00:00,103470.0
2025-11-12 20:00:00,103725.0
2025-11-12 21:00:00,104050.0
2025-11-12 23:00:00,103820.0
2025-11-13 00:00:00,104060.0
2025-11-13 01:00:00,104215.0
2025-11-13 02:00:00,104245.0
2025-11-13 03:00:00,104340.0
2025-11-13 04:00:00,104335.0
2025-11-13 05:00:00,105370.0
2025-11-13 06:00:00,100115.0
2025-11-13 07:00:00,105720.0
2025-11-13 08:00:00,105945.0
2025-11-13 09:00:00,105010.0
2025-11-13 10:00:00,105220.0
2025-11-13 11:00:00,105155.0
2025-11-13 12:00:00,105370.0
2025-11-13 13:00:00,104495.0
2025-11-13 14:00:00,105045.0
2025-11-13 15:00:00,103535.0
2025-11-13 16:00:00,102765.0
2025-11-13 17:00:00,101740.0
2025-11-13 18:00:00,100625.0
2025-11-13 19:00:00,100695.0
2025-11-13 20:00:00,100145.0
2025-11-13 21:00:00,100740.0
2025-11-13 23:00:00,101535.0
2025-11-14 00:00:00,100975.0
2025-11-14 01:00:00,101295.0
2025-11-14 02:00:00,101700.0
2025-11-14 03:00:00,101210.0
2025-11-14 04:00:00,99920.0
2025-11-14 05:00:00,99645.0
2025-11-14 06:00:00,99640.0
2025-11-14 07:00:00,99225.0
2025-11-14 08:00:00,99490.0
2025-11-14 09:00:00,98965.0
2025-11-14 10:00:00,98865.0
2025-11-14 11:00:00,98340.0
2025-11-14 12:00:00,97455.0
2025-11-14 13:00:00,97275.0
2025-11-14 14:00:00,98645.0
2025-11-14 15:00:00,98890.0
2025-11-14 16:00:00,99135.0
2025-11-14 17:00:00,97940.0
2025-11-14 18:00:00,97160.0
2025-11-14 19:00:00,97865.0
2025-11-14 20:00:00,96405.0
2025-11-14 21:00:00,97030.0
2025-11-16 23:00:00,96305.0
2025-11-17 00:00:00,97485.0
2025-11-17 01:00:00,96855.0
2025-11-17 02:00:00,97030.0
2025-11-17 03:00:00,97565.0
2025-11-17 04:00:00,97175.0
2025-11-17 05:00:00,97210.0
2025-11-17 06:00:00,97335.0
2025-11-17 07:00:00,97775.0
2025-11-17 08:00:00,97720.0
2025-11-17 09:00:00,97760.0
2025-11-17 10:00:00,97710.0
2025-11-17 11:00:00,97620.0
2025-11-17 12:00:00,97370.0
2025-11-17 13:00:00,95980.0
2025-11-17 14:00:00,96815.0
2025-11-17 15:00:00,95990.0
2025-11-17 16:00:00,96385.0
2025-11-17 17:00:00,94785.0
2025-11-17 18:00:00,94565.0
2025-11-17 19:00:00,93670.0
2025-11-17 20:00:00,93955.0
2025-11-17 21:00:00,93925.0
2025-11-17 23:00:00,94175.0
2025-11-18 00:00:00,94170.0
2025-11-18 01:00:00,93705.0
2025-11-18 02:00:00,92880.0
2025-11-18 03:00:00,92885.0
2025-11-18 04:00:00,92090.0
2025-11-18 05:00:00,92220.0
2025-11-18 06:00:00,94915.0
2025-11-18 07:00:00,92535.0
2025-11-18 08:00:00,93260.0
2025-11-18 09:00:00,93500.0
2025-11-18 10:00:00,93640.0
2025-11-18 11:00:00,93555.0
2025-11-18 12:00:00,93570.0
2025-11-18 13:00:00,93540.0
2025-11-18 14:00:00,93380.0
2025-11-18 15:00:00,94960.0
2025-11-18 16:00:00,95635.0
2025-11-18 17:00:00,95340.0
2025-11-18 18:00:00,95430.0
2025-11-18 19:00:00,95260.0
2025-11-18 20:00:00,94875.0
2025-11-18 21:00:00,94575.0
2025-11-18 23:00:00,95015.0
2025-11-19 00:00:00,94455.0
2025-11-19 01:00:00,94470.0
2025-11-19 02:00:00,94585.0
2025-11-19 03:00:00,93895.0
2025-11-19 04:00:00,93175.0
2025-11-19 05:00:00,92465.0
2025-11-19 06:00:00,92990.0
2025-11-19 07:00:00,93885.0
2025-11-19 08:00:00,93515.0
2025-11-19 09:00:00,93535.0
2025-11-19 10:00:00,93375.0
2025-11-19 11:00:00,93440.0
2025-11-19 12:00:00,93810.0
2025-11-19 13:00:00,93425.0
2025-11-19 14:00:00,93750.0
2025-11-19 15:00:00,91955.0
2025-11-19 16:00:00,91905.0
2025-11-19 17:00:00,91520.0
2025-11-19 18:00:00,91220.0
2025-11-19 19:00:00,90880.0
2025-11-19 20:00:00,91540.0
2025-11-19 21:00:00,92565.0
2025-11-19 23:00:00,93605.0
2025-11-20 00:00:00,93935.0
2025-11-20 01:00:00,94610.0
2025-11-20 02:00:00,94665.0
2025-11-20 03:00:00,94515.0
2025-11-20 04:00:00,95035.0
2025-11-20 05:00:00,94660.0
2025-11-20 06:00:00,94020.0
2025-11-20 07:00:00,94375.0
2025-11-20 08:00:00,94160.0
2025-11-20 09:00:00,93860.0
2025-11-20 10:00:00,93825.0
2025-11-20 11:00:00,93990.0
2025-11-20 12:00:00,93820.0
2025-11-20 13:00:00,93540.0
2025-11-20 14:00:00,93070.0
2025-11-20 15:00:00,91820.0
2025-11-20 16:00:00,89845.0
2025-11-20 17:00:00,89200.0
2025-11-20 18:00:00,88455.0
2025-11-20 19:00:00,88920.0
2025-11-20 20:00:00,88470.0
2025-11-20 21:00:00,89205.0
2025-11-20 23:00:00,88645.0
2025-11-21 00:00:00,89270.0
2025-11-21 01:00:00,89060.0
2025-11-21 02:00:00,87435.0
2025-11-21 03:00:00,87830.0
2025-11-21 04:00:00,88065.0
2025-11-21 05:00:00,88180.0
2025-11-21 06:00:00,87570.0
2025-11-21 07:00:00,86050.0
2025-11-21 08:00:00,85660.0
2025-11-21 09:00:00,84240.0
2025-11-21 10:00:00,84765.0
2025-11-21 11:00:00,84365.0
2025-11-21 12:00:00,85300.0
2025-11-21 13:00:00,86190.0
2025-11-21 14:00:00,86950.0
2025-11-21 15:00:00,84970.0
2025-11-21 16:00:00,86950.0
2025-11-21 17:00:00,86910.0
2025-11-21 18:00:00,86615.0
2025-11-21 19:00:00,86270.0
2025-11-21 20:00:00,86605.0
2025-11-21 21:00:00,87215.0
2025-11-23 23:00:00,88865.0
2025-11-24 00:00:00,88740.0
2025-11-24 01:00:00,89090.0
2025-11-24 02:00:00,89520.0
2025-11-24 03:00:00,89470.0
2025-11-24 04:00:00,88650.0
2025-11-24 05:00:00,89470.0
2025-11-24 06:00:00,91125.0
2025-11-24 07:00:00,88985.0
2025-11-24 08:00:00,88875.0
2025-11-24 09:00:00,87940.0
2025-11-24 10:00:00,87980.0
2025-11-24 11:00:00,88230.0
2025-11-24 12:00:00,87870.0
2025-11-24 13:00:00,88005.0
2025-11-24 14:00:00,88050.0
2025-11-24 15:00:00,88465.0
2025-11-24 16:00:00,89115.0
2025-11-24 17:00:00,90305.0
2025-11-24 18:00:00,90680.0
2025-11-24 19:00:00,90260.0
2025-11-24 20:00:00,91045.0
2025-11-24 21:00:00,90770.0
2025-11-24 23:00:00,90220.0
2025-11-25 00:00:00,90045.0
2025-11-25 01:00:00,89705.0
2025-11-25 02:00:00,89865.0
2025-11-25 03:00:00,89675.0
2025-11-25 04:00:00,90240.0
2025-11-25 05:00:00,90015.0
2025-11-25 06:00:00,89355.0
2025-11-25 07:00:00,89325.0
2025-11-25 08:00:00,88915.0
2025-11-25 09:00:00,89185.0
2025-11-25 10:00:00,89355.0
2025-11-25 11:00:00,89305.0
2025-11-25 12:00:00,89465.0
2025-11-25 13:00:00,88970.0
2025-11-25 14:00:00,88670.0
2025-11-25 15:00:00,88925.0
2025-11-25 16:00:00,89105.0
2025-11-25 17:00:00,89520.0
2025-11-25 18:00:00,89170.0
2025-11-25 19:00:00,88810.0
2025-11-25 20:00:00,89320.0
2025-11-25 21:00:00,88945.0
2025-11-25 23:00:00,89250.0
2025-11-26 00:00:00,89510.0
2025-11-26 01:00:00,89895.0
2025-11-26 02:00:00,89605.0
2025-11-26 03:00:00,89030.0
2025-11-26 04:00:00,89120.0
2025-11-26 05:00:00,89390.0
2025-11-26 06:00:00,91925.0
2025-11-26 07:00:00,89840.0
2025-11-26 08:00:00,89315.0
2025-11-26 09:00:00,88725.0
2025-11-26 10:00:00,88820.0
2025-11-26 11:00:00,88980.0
2025-11-26 12:00:00,88510.0
2025-11-26 13:00:00,89020.0
2025-11-26 14:00:00,88750.0
2025-11-26 15:00:00,88910.0
2025-11-26 16:00:00,89825.0
2025-11-26 17:00:00,91870.0
2025-11-26 18:00:00,92200.0
2025-11-26 19:00:00,91990.0
2025-11-26 20:00:00,91915.0
2025-11-26 21:00:00,92275.0
2025-11-26 23:00:00,92580.0
2025-11-27 00:00:00,92495.0
2025-11-27 01:00:00,93240.0
2025-11-27 02:00:00,93425.0
2025-11-27 03:00:00,93165.0
2025-11-27 04:00:00,93390.0
2025-11-27 05:00:00,93025.0
2025-11-27 06:00:00,93275.0
2025-11-27 07:00:00,93550.0
2025-11-27 08:00:00,93555.0
2025-11-27 09:00:00,93655.0
2025-11-27 10:00:00,93750.0
2025-11-27 11:00:00,93445.0
2025-11-27 12:00:00,93055.0
2025-11-27 13:00:00,92855.0
2025-11-27 14:00:00,92855.0
2025-11-27 15:00:00,93010.0
2025-11-27 16:00:00,93530.0
2025-11-27 17:00:00,93560.0
2025-11-27 18:00:00,93815.0
2025-11-27 19:00:00,93565.0
2025-11-27 20:00:00,93525.0
2025-11-27 21:00:00,93480.0
2025-11-27 23:00:00,93415.0
2025-11-28 00:00:00,93305.0
2025-11-28 01:00:00,92840.0
2025-11-28 02:00:00,92900.0
2025-11-28 06:00:00,92635.0
2025-11-28 13:00:00,94510.0
2025-11-28 14:00:00,94245.0
2025-11-28 15:00:00,94375.0
2025-11-28 16:00:00,92950.0
2025-11-28 17:00:00,92675.0
2025-11-28 18:00:00,92875.0
2025-11-28 19:00:00,93090.0
2025-11-30 23:00:00,92380.0
2025-12-01 00:00:00,88950.0
2025-12-01 01:00:00,89095.0
2025-12-01 02:00:00,88665.0
2025-12-01 03:00:00,88255.0
2025-12-01 04:00:00,87740.0
2025-12-01 05:00:00,87925.0
2025-12-01 06:00:00,87330.0
2025-12-01 07:00:00,88430.0
2025-12-01 08:00:00,88800.0
2025-12-01 09:00:00,88650.0
2025-12-01 10:00:00,88595.0
2025-12-01 11:00:00,88040.0
2025-12-01 12:00:00,87295.0
2025-12-01 13:00:00,87885.0
2025-12-01 14:00:00,87955.0
2025-12-01 15:00:00,86590.0
2025-12-01 16:00:00,86430.0
2025-12-01 17:00:00,86785.0
2025-12-01 18:00:00,87085.0
2025-12-01 19:00:00,86880.0
2025-12-01 20:00:00,87440.0
2025-12-01 21:00:00,88400.0
2025-12-01 23:00:00,88205.0
2025-12-02 00:00:00,88410.0
2025-12-02 01:00:00,88340.0
2025-12-02 02:00:00,88420.0
2025-12-02 03:00:00,88825.0
2025-12-02 04:00:00,88850.0
2025-12-02 05:00:00,88870.0
2025-12-02 06:00:00,89005.0
2025-12-02 07:00:00,88900.0
2025-12-02 08:00:00,88380.0
2025-12-02 09:00:00,88655.0
2025-12-02 10:00:00,89185.0
2025-12-02 11:00:00,89255.0
2025-12-02 12:00:00,89205.0
2025-12-02 13:00:00,89650.0
2025-12-02 14:00:00,91220.0
2025-12-02 15:00:00,92820.0
2025-12-02 16:00:00,92730.0
2025-12-02 17:00:00,93435.0
2025-12-02 18:00:00,93930.0
2025-12-02 19:00:00,93880.0
2025-12-02 20:00:00,92995.0
2025-12-02 21:00:00,93520.0
2025-12-02 23:00:00,93200.0
2025-12-03 00:00:00,93620.0
2025-12-03 01:00:00,94230.0
2025-12-03 02:00:00,94750.0
2025-12-03 03:00:00,94525.0
2025-12-03 04:00:00,95305.0
2025-12-03 05:00:00,95565.0
2025-12-03 06:00:00,95395.0
2025-12-03 07:00:00,94965.0
2025-12-03 08:00:00,94715.0
2025-12-03 09:00:00,95115.0
2025-12-03 10:00:00,94850.0
2025-12-03 11:00:00,94905.0
2025-12-03 12:00:00,94855.0
2025-12-03 13:00:00,95025.0
2025-12-03 14:00:00,94305.0
2025-12-03 15:00:00,94320.0
2025-12-03 16:00:00,94140.0
2025-12-03 17:00:00,94880.0
2025-12-03 18:00:00,94525.0
2025-12-03 19:00:00,94945.0
2025-12-03 20:00:00,94860.0
2025-12-03 21:00:00,95670.0
2025-12-03 23:00:00,95370.0
2025-12-04 00:00:00,94925.0
2025-12-04 01:00:00,95075.0
2025-12-04 02:00:00,95875.0
2025-12-04 03:00:00,95460.0
2025-12-04 04:00:00,95270.0
2025-12-04 05:00:00,94800.0
2025-12-04 06:00:00,95020.0
2025-12-04 07:00:00,95300.0
2025-12-04 08:00:00,95170.0
2025-12-04 09:00:00,95375.0
2025-12-04 10:00:00,95150.0
2025-12-04 11:00:00,94850.0
2025-12-04 12:00:00,94860.0
2025-12-04 13:00:00,94385.0
2025-12-04 14:00:00,93735.0
2025-12-04 15:00:00,94875.0
2025-12-04 16:00:00,94360.0
2025-12-04 17:00:00,94340.0
2025-12-04 18:00:00,94045.0
2025-12-04 19:00:00,93895.0
2025-12-04 20:00:00,94405.0
2025-12-04 21:00:00,94070.0
2025-12-04 23:00:00,93950.0
2025-12-05 00:00:00,94205.0
2025-12-05 01:00:00,94240.0
2025-12-05 02:00:00,94425.0
2025-12-05 03:00:00,94065.0
2025-12-05 04:00:00,93940.0
2025-12-05 05:00:00,93815.0
2025-12-05 06:00:00,94170.0
2025-12-05 07:00:00,94210.0
2025-12-05 08:00:00,94045.0
2025-12-05 09:00:00,93020.0
2025-12-05 10:00:00,93165.0
2025-12-05 11:00:00,93250.0
2025-12-05 12:00:00,93190.0
2025-12-05 13:00:00,92380.0
2025-12-05 14:00:00,92190.0
2025-12-05 15:00:00,92355.0
2025-12-05 16:00:00,90695.0
2025-12-05 17:00:00,91225.0
2025-12-05 18:00:00,90820.0
2025-12-05 19:00:00,91575.0
2025-12-05 20:00:00,91205.0
2025-12-05 21:00:00,90980.0
2025-12-07 23:00:00,92270.0
2025-12-08 00:00:00,92195.0
2025-12-08 01:00:00,92770.0
2025-12-08 02:00:00,93245.0
2025-12-08 03:00:00,92950.0
2025-12-08 04:00:00,93125.0
2025-12-08 05:00:00,93220.0
2025-12-08 06:00:00,93325.0
2025-12-08 07:00:00,93455.0
2025-12-08 08:00:00,93770.0
2025-12-08 09:00:00,93790.0
2025-12-08 10:00:00,93995.0
2025-12-08 11:00:00,93850.0
2025-12-08 12:00:00,93660.0
2025-12-08 13:00:00,93325.0
2025-12-08 14:00:00,92650.0
2025-12-08 15:00:00,91745.0
2025-12-08 16:00:00,91750.0
2025-12-08 17:00:00,92070.0
2025-12-08 18:00:00,91680.0
2025-12-08 19:00:00,91895.0
2025-12-08 20:00:00,92570.0
2025-12-08 21:00:00,93095.0
2025-12-08 23:00:00,92470.0
2025-12-09 00:00:00,92205.0
2025-12-09 01:00:00,91910.0
2025-12-09 02:00:00,91850.0
2025-12-09 03:00:00,92255.0
2025-12-09 04:00:00,91690.0
2025-12-09 05:00:00,91705.0
2025-12-09 06:00:00,94910.0
2025-12-09 07:00:00,92335.0
2025-12-09 08:00:00,92345.0
2025-12-09 09:00:00,91975.0
2025-12-09 10:00:00,92140.0
2025-12-09 11:00:00,92210.0
2025-12-09 12:00:00,92430.0
2025-12-09 13:00:00,92200.0
2025-12-09 14:00:00,92210.0
2025-12-09 15:00:00,94590.0
2025-12-09 16:00:00,96110.0
2025-12-09 17:00:00,95805.0
2025-12-09 18:00:00,95775.0
2025-12-09 19:00:00,95655.0
2025-12-09 20:00:00,94945.0
2025-12-09 21:00:00,94480.0
2025-12-09 23:00:00,94485.0
2025-12-10 00:00:00,93950.0
2025-12-10 01:00:00,94110.0
2025-12-10 02:00:00,94305.0
2025-12-10 03:00:00,94200.0
2025-12-10 04:00:00,94345.0
2025-12-10 05:00:00,94395.0
2025-12-10 06:00:00,94355.0
2025-12-10 07:00:00,94635.0
2025-12-10 08:00:00,94425.0
2025-12-10 09:00:00,94770.0
2025-12-10 10:00:00,94130.0
2025-12-10 11:00:00,93975.0
2025-12-10 12:00:00,93835.0
2025-12-10 13:00:00,93920.0
2025-12-10 14:00:00,93640.0
2025-12-10 15:00:00,93905.0
2025-12-10 16:00:00,93955.0
2025-12-10 17:00:00,94225.0
2025-12-10 18:00:00,94310.0
2025-12-10 19:00:00,94870.0
2025-12-10 20:00:00,94300.0
2025-12-10 21:00:00,94235.0
2025-12-10 23:00:00,93845.0
2025-12-11 00:00:00,93195.0
2025-12-11 01:00:00,92465.0
2025-12-11 02:00:00,91850.0
2025-12-11 03:00:00,91615.0
2025-12-11 04:00:00,92160.0
2025-12-11 05:00:00,92035.0
2025-12-11 06:00:00,92085.0
2025-12-11 07:00:00,92055.0
2025-12-11 08:00:00,91975.0
2025-12-11 09:00:00,92010.0
2025-12-11 10:00:00,92105.0
2025-12-11 11:00:00,92035.0
2025-12-11 12:00:00,91775.0
2025-12-11 13:00:00,91880.0
2025-12-11 14:00:00,91290.0
2025-12-11 15:00:00,91650.0
2025-12-11 16:00:00,91500.0
2025-12-11 17:00:00,91765.0
2025-12-11 18:00:00,92550.0
2025-12-11 19:00:00,92670.0
2025-12-11 20:00:00,93595.0
2025-12-11 21:00:00,94715.0
2025-12-11 23:00:00,94400.0
2025-12-12 00:00:00,93475.0
2025-12-12 01:00:00,94030.0
2025-12-12 02:00:00,94440.0
2025-12-12 03:00:00,94130.0
2025-12-12 04:00:00,94250.0
2025-12-12 05:00:00,94320.0
2025-12-12 06:00:00,94370.0
2025-12-12 07:00:00,94285.0
2025-12-12 08:00:00,94205.0
2025-12-12 09:00:00,94365.0
2025-12-12 10:00:00,94370.0
2025-12-12 11:00:00,94240.0
2025-12-12 12:00:00,94295.0
2025-12-12 13:00:00,94140.0
2025-12-12 14:00:00,94260.0
2025-12-12 15:00:00,91660.0
2025-12-12 16:00:00,91770.0
2025-12-12 17:00:00,91840.0
2025-12-12 18:00:00,92145.0
2025-12-12 19:00:00,91960.0
2025-12-12 20:00:00,91985.0
2025-12-12 21:00:00,91885.0
2025-12-14 23:00:00,89875.0
2025-12-15 00:00:00,90165.0
2025-12-15 01:00:00,91015.0
2025-12-15 02:00:00,91105.0
2025-12-15 03:00:00,91050.0
2025-12-15 04:00:00,91465.0
2025-12-15 05:00:00,91420.0
2025-12-15 06:00:00,91540.0
2025-12-15 07:00:00,91510.0
2025-12-15 08:00:00,91575.0
2025-12-15 09:00:00,91680.0
2025-12-15 10:00:00,91660.0
2025-12-15 11:00:00,91430.0
2025-12-15 12:00:00,91510.0
2025-12-15 13:00:00,91215.0
2025-12-15 14:00:00,89745.0
2025-12-15 15:00:00,88785.0
2025-12-15 16:00:00,88130.0
2025-12-15 17:00:00,87490.0
2025-12-15 18:00:00,87870.0
2025-12-15 19:00:00,87840.0
2025-12-15 20:00:00,87470.0
2025-12-15 21:00:00,87860.0
2025-12-15 23:00:00,88060.0
2025-12-16 00:00:00,87540.0
2025-12-16 01:00:00,87520.0
2025-12-16 02:00:00,87580.0
2025-12-16 03:00:00,87510.0
2025-12-16 04:00:00,87495.0
2025-12-16 05:00:00,87730.0
2025-12-16 06:00:00,89365.0
2025-12-16 07:00:00,87660.0
2025-12-16 08:00:00,87955.0
2025-12-16 09:00:00,88065.0
2025-12-16 10:00:00,88675.0
2025-12-16 11:00:00,88950.0
2025-12-16 12:00:00,88930.0
2025-12-16 13:00:00,88140.0
2025-12-16 14:00:00,88955.0
2025-12-16 15:00:00,89730.0
2025-12-16 16:00:00,89285.0
2025-12-16 17:00:00,88825.0
2025-12-16 18:00:00,89540.0
2025-12-16 19:00:00,89310.0
2025-12-16 20:00:00,89290.0
2025-12-16 21:00:00,89510.0
2025-12-16 23:00:00,89600.0
2025-12-17 00:00:00,89220.0
2025-12-17 01:00:00,89260.0
2025-12-17 02:00:00,89225.0
2025-12-17 03:00:00,88905.0
2025-12-17 04:00:00,88430.0
2025-12-17 05:00:00,88310.0
2025-12-17 06:00:00,88485.0
2025-12-17 07:00:00,88775.0
2025-12-17 08:00:00,88045.0
2025-12-17 09:00:00,88100.0
2025-12-17 10:00:00,88295.0
2025-12-17 11:00:00,88670.0
2025-12-17 12:00:00,88705.0
2025-12-17 13:00:00,89330.0
2025-12-17 14:00:00,91385.0
2025-12-17 15:00:00,88870.0
2025-12-17 16:00:00,88680.0
2025-12-17 17:00:00,88090.0
2025-12-17 18:00:00,87505.0
2025-12-17 19:00:00,87695.0
2025-12-17 20:00:00,87590.0
2025-12-17 21:00:00,87690.0
2025-12-17 23:00:00,87915.0
2025-12-18 00:00:00,87855.0
2025-12-18 01:00:00,87755.0
2025-12-18 02:00:00,88370.0
2025-12-18 03:00:00,88285.0
2025-12-18 04:00:00,88450.0
2025-12-18 05:00:00,88130.0
2025-12-18 06:00:00,88330.0
2025-12-18 07:00:00,88555.0
2025-12-18 08:00:00,88700.0
2025-12-18 09:00:00,88985.0
2025-12-18 10:00:00,89055.0
2025-12-18 11:00:00,88965.0
2025-12-18 12:00:00,88950.0
2025-12-18 13:00:00,90565.0
2025-12-18 14:00:00,90085.0
2025-12-18 15:00:00,90205.0
2025-12-18 16:00:00,89670.0
2025-12-18 17:00:00,88130.0
2025-12-18 18:00:00,87660.0
2025-12-18 19:00:00,86135.0
2025-12-18 20:00:00,86235.0
2025-12-18 21:00:00,87245.0
2025-12-18 23:00:00,87120.0
2025-12-19 00:00:00,87215.0
2025-12-19 01:00:00,86930.0
2025-12-19 02:00:00,87285.0
2025-12-19 03:00:00,88540.0
2025-12-19 04:00:00,88750.0
2025-12-19 05:00:00,88795.0
2025-12-19 06:00:00,89150.0
2025-12-19 07:00:00,89600.0
2025-12-19 08:00:00,89785.0
2025-12-19 09:00:00,89815.0
2025-12-19 10:00:00,89950.0
2025-12-19 11:00:00,89865.0
2025-12-19 12:00:00,89500.0
2025-12-19 13:00:00,89665.0
2025-12-19 14:00:00,89835.0
2025-12-19 15:00:00,89625.0
2025-12-19 16:00:00,89665.0
2025-12-19 17:00:00,88600.0
2025-12-19 18:00:00,88800.0
2025-12-19 19:00:00,89460.0
2025-12-19 20:00:00,89690.0
2025-12-19 21:00:00,89480.0
2025-12-21 23:00:00,90275.0
2025-12-22 00:00:00,90250.0
2025-12-22 01:00:00,90230.0
2025-12-22 02:00:00,90085.0
2025-12-22 03:00:00,90390.0
2025-12-22 04:00:00,90525.0
2025-12-22 05:00:00,90460.0
2025-12-22 06:00:00,89960.0
2025-12-22 07:00:00,90790.0
2025-12-22 08:00:00,90920.0
2025-12-22 09:00:00,91465.0
2025-12-22 10:00:00,91415.0
2025-12-22 11:00:00,91585.0
2025-12-22 12:00:00,91875.0
2025-12-22 13:00:00,91525.0
2025-12-22 14:00:00,91780.0
2025-12-22 15:00:00,91355.0
2025-12-22 16:00:00,91140.0
2025-12-22 17:00:00,90915.0
2025-12-22 18:00:00,90705.0
2025-12-22 19:00:00,89620.0
2025-12-22 20:00:00,89910.0
2025-12-22 21:00:00,89815.0
2025-12-22 23:00:00,90185.0
2025-12-23 00:00:00,90365.0
2025-12-23 01:00:00,90180.0
2025-12-23 02:00:00,89780.0
2025-12-23 03:00:00,89745.0
2025-12-23 04:00:00,89545.0
2025-12-23 05:00:00,89375.0
2025-12-23 06:00:00,88950.0
2025-12-23 07:00:00,89125.0
2025-12-23 08:00:00,89000.0
2025-12-23 09:00:00,89090.0
2025-12-23 10:00:00,89175.0
2025-12-23 11:00:00,89395.0
2025-12-23 12:00:00,89370.0
2025-12-23 13:00:00,89140.0
2025-12-23 14:00:00,88330.0
2025-12-23 15:00:00,89015.0
2025-12-23 16:00:00,89545.0
2025-12-23 17:00:00,88780.0
2025-12-23 18:00:00,89575.0
2025-12-23 19:00:00,89285.0
2025-12-23 20:00:00,89260.0
2025-12-23 21:00:00,89200.0
2025-12-23 23:00:00,88970.0
2025-12-24 00:00:00,89120.0
2025-12-24 01:00:00,89170.0
2025-12-24 02:00:00,88570.0
2025-12-24 03:00:00,88795.0
2025-12-24 04:00:00,88560.0
2025-12-24 05:00:00,88355.0
2025-12-24 06:00:00,88395.0
2025-12-24 07:00:00,88315.0
2025-12-24 08:00:00,88160.0
2025-12-24 09:00:00,88235.0
2025-12-24 10:00:00,88500.0
2025-12-24 11:00:00,88620.0
2025-12-24 12:00:00,88900.0
2025-12-24 13:00:00,88785.0
2025-12-24 14:00:00,88465.0
2025-12-24 15:00:00,88500.0
2025-12-24 16:00:00,88820.0
2025-12-24 17:00:00,88865.0
2025-12-24 18:00:00,88960.0
2025-12-25 23:00:00,88770.0
2025-12-26 00:00:00,88680.0
2025-12-26 01:00:00,89005.0
2025-12-26 02:00:00,90825.0
2025-12-26 03:00:00,90425.0
2025-12-26 04:00:00,90555.0
2025-12-26 05:00:00,90600.0
2025-12-26 06:00:00,90750.0
2025-12-26 07:00:00,90040.0
2025-12-26 08:00:00,90320.0
2025-12-26 09:00:00,90400.0
2025-12-26 10:00:00,90360.0
2025-12-26 11:00:00,90115.0
2025-12-26 12:00:00,90245.0
2025-12-26 13:00:00,90620.0
2025-12-26 14:00:00,88830.0
2025-12-26 15:00:00,88565.0
2025-12-26 16:00:00,88300.0
2025-12-26 17:00:00,88780.0
2025-12-26 18:00:00,88755.0
2025-12-26 19:00:00,88985.0
2025-12-26 20:00:00,89070.0
2025-12-26 21:00:00,88930.0
2025-12-28 23:00:00,89475.0
2025-12-29 00:00:00,89830.0
2025-12-29 01:00:00,89985.0
2025-12-29 02:00:00,90770.0
2025-12-29 03:00:00,91750.0
2025-12-29 04:00:00,91825.0
2025-12-29 05:00:00,91705.0
2025-12-29 06:00:00,88675.0
2025-12-29 07:00:00,91260.0
2025-12-29 08:00:00,91155.0
2025-12-29 09:00:00,89620.0
2025-12-29 10:00:00,89275.0
2025-12-29 11:00:00,89015.0
2025-12-29 12:00:00,88795.0
2025-12-29 13:00:00,88845.0
2025-12-29 14:00:00,88860.0
2025-12-29 15:00:00,89130.0
2025-12-29 16:00:00,89125.0
2025-12-29 17:00:00,89345.0
2025-12-29 18:00:00,88905.0
2025-12-29 19:00:00,88840.0
2025-12-29 20:00:00,88650.0
2025-12-29 21:00:00,88760.0
2025-12-29 23:00:00,88670.0
2025-12-30 00:00:00,88680.0
2025-12-30 01:00:00,88720.0
2025-12-30 02:00:00,88500.0
2025-12-30 03:00:00,88830.0
2025-12-30 04:00:00,88760.0
2025-12-30 05:00:00,88665.0
2025-12-30 06:00:00,88925.0
2025-12-30 07:00:00,88960.0
2025-12-30 08:00:00,89310.0
2025-12-30 09:00:00,89450.0
2025-12-30 10:00:00,89450.0
2025-12-30 11:00:00,89410.0
2025-12-30 12:00:00,89565.0
2025-12-30 13:00:00,89660.0
2025-12-30 14:00:00,90425.0
2025-12-30 15:00:00,90665.0
2025-12-30 16:00:00,90340.0
2025-12-30 17:00:00,89935.0
2025-12-30 18:00:00,89830.0
2025-12-30 19:00:00,89770.0
2025-12-30 20:00:00,89405.0
2025-12-30 21:00:00,89845.0
2025-12-30 23:00:00,90000.0
2025-12-31 00:00:00,89750.0
2025-12-31 01:00:00,90170.0
2025-12-31 02:00:00,90205.0
2025-12-31 03:00:00,89925.0
2025-12-31 04:00:00,89815.0
2025-12-31 05:00:00,89970.0
2025-12-31 06:00:00,89000.0
2025-12-31 07:00:00,90070.0
2025-12-31 08:00:00,89920.0
2025-12-31 09:00:00,90185.0
2025-12-31 10:00:00,90410.0
2025-12-31 11:00:00,90605.0
2025-12-31 12:00:00,90350.0
2025-12-31 13:00:00,90570.0
2025-12-31 14:00:00,89980.0
2025-12-31 15:00:00,89340.0
2025-12-31 16:00:00,89005.0
2025-12-31 17:00:00,88960.0
2025-12-31 18:00:00,89035.0
2025-12-31 19:00:00,88880.0
2025-12-31 20:00:00,89000.0
2025-12-31 21:00:00,89200.0
2026-01-01 23:00:00,90370.0
2026-01-02 00:00:00,90385.0
2026-01-02 01:00:00,90200.0
2026-01-02 02:00:00,90170.0
2026-01-02 03:00:00,90550.0
2026-01-02 04:00:00,90230.0
2026-01-02 05:00:00,90320.0
2026-01-02 06:00:00,91305.0
2026-01-02 07:00:00,90455.0
2026-01-02 08:00:00,90835.0
2026-01-02 09:00:00,91125.0
2026-01-02 10:00:00,91425.0
2026-01-02 11:00:00,91240.0
2026-01-02 12:00:00,91065.0
2026-01-02 13:00:00,90915.0
2026-01-02 14:00:00,91170.0
2026-01-02 15:00:00,90980.0
2026-01-02 16:00:00,92030.0
2026-01-02 17:00:00,91995.0
2026-01-02 18:00:00,91305.0
2026-01-02 19:00:00,91455.0
2026-01-02 20:00:00,91335.0
2026-01-02 21:00:00,91690.0
2026-01-04 23:00:00,93150.0
2026-01-05 00:00:00,94065.0
2026-01-05 01:00:00,94695.0
2026-01-05 02:00:00,94685.0
2026-01-05 03:00:00,94500.0
2026-01-05 04:00:00,94205.0
2026-01-05 05:00:00,93920.0
2026-01-05 06:00:00,95700.0
2026-01-05 07:00:00,94080.0
2026-01-05 08:00:00,94050.0
2026-01-05 09:00:00,94320.0
2026-01-05 10:00:00,94710.0
2026-01-05 11:00:00,94740.0
2026-01-05 12:00:00,94410.0
2026-01-05 13:00:00,94310.0
2026-01-05 14:00:00,95035.0
2026-01-05 15:00:00,95585.0
2026-01-05 16:00:00,95310.0
2026-01-05 17:00:00,95970.0
2026-01-05 18:00:00,96050.0
2026-01-05 19:00:00,95870.0
2026-01-05 20:00:00,95750.0
2026-01-05 21:00:00,95700.0
2026-01-05 23:00:00,95435.0
2026-01-06 00:00:00,95350.0
2026-01-06 01:00:00,95340.0
2026-01-06 02:00:00,95120.0
2026-01-06 03:00:00,95290.0
2026-01-06 04:00:00,95295.0
2026-01-06 05:00:00,95115.0
2026-01-06 06:00:00,95335.0
2026-01-06 07:00:00,94695.0
2026-01-06 08:00:00,94650.0
2026-01-06 09:00:00,94955.0
2026-01-06 10:00:00,95115.0
2026-01-06 11:00:00,95395.0
2026-01-06 12:00:00,95425.0
2026-01-06 13:00:00,95225.0
2026-01-06 14:00:00,95305.0
2026-01-06 15:00:00,95140.0
2026-01-06 16:00:00,94065.0
2026-01-06 17:00:00,92915.0
2026-01-06 18:00:00,93370.0
2026-01-06 19:00:00,93460.0
2026-01-06 20:00:00,93915.0
2026-01-06 21:00:00,94735.0
2026-01-06 23:00:00,95250.0
2026-01-07 00:00:00,94090.0
2026-01-07 01:00:00,93835.0
2026-01-07 02:00:00,94365.0
2026-01-07 03:00:00,94230.0
2026-01-07 04:00:00,94075.0
2026-01-07 05:00:00,93925.0
2026-01-07 06:00:00,92350.0
2026-01-07 07:00:00,94270.0
2026-01-07 08:00:00,94045.0
2026-01-07 09:00:00,92985.0
2026-01-07 10:00:00,93250.0
2026-01-07 11:00:00,93380.0
2026-01-07 12:00:00,93295.0
2026-01-07 13:00:00,93330.0
2026-01-07 14:00:00,93265.0
2026-01-07 15:00:00,92625.0
2026-01-07 16:00:00,92540.0
2026-01-07 17:00:00,92545.0
2026-01-07 18:00:00,92250.0
2026-01-07 19:00:00,92515.0
2026-01-07 20:00:00,92345.0
2026-01-07 21:00:00,92435.0
2026-01-07 23:00:00,92660.0
2026-01-08 00:00:00,92695.0
2026-01-08 01:00:00,92735.0
2026-01-08 02:00:00,92220.0
2026-01-08 03:00:00,92055.0
2026-01-08 04:00:00,92315.0
2026-01-08 05:00:00,92115.0
2026-01-08 06:00:00,91110.0
2026-01-08 07:00:00,91815.0
2026-01-08 08:00:00,91520.0
2026-01-08 09:00:00,91240.0
2026-01-08 10:00:00,91645.0
2026-01-08 11:00:00,91500.0
2026-01-08 12:00:00,91255.0
2026-01-08 13:00:00,91240.0
2026-01-08 14:00:00,91255.0
2026-01-08 15:00:00,92130.0
2026-01-08 16:00:00,92315.0
2026-01-08 17:00:00,92730.0
2026-01-08 18:00:00,92490.0
2026-01-08 19:00:00,92280.0
2026-01-08 20:00:00,92245.0
2026-01-08 21:00:00,92600.0
2026-01-08 23:00:00,92475.0
2026-01-09 00:00:00,92625.0
2026-01-09 01:00:00,92340.0
2026-01-09 02:00:00,92340.0
2026-01-09 03:00:00,92505.0
2026-01-09 04:00:00,92320.0
2026-01-09 05:00:00,92380.0
2026-01-09 06:00:00,91520.0
2026-01-09 07:00:00,91990.0
2026-01-09 08:00:00,91240.0
2026-01-09 09:00:00,91590.0
2026-01-09 10:00:00,91755.0
2026-01-09 11:00:00,91725.0
2026-01-09 12:00:00,91705.0
2026-01-09 13:00:00,91935.0
2026-01-09 14:00:00,91415.0
2026-01-09 15:00:00,92495.0
2026-01-09 16:00:00,92950.0
2026-01-09 17:00:00,92715.0
2026-01-09 18:00:00,92065.0
2026-01-09 19:00:00,91545.0
2026-01-09 20:00:00,91545.0
2026-01-09 21:00:00,91760.0
2026-01-11 23:00:00,92255.0
2026-01-12 00:00:00,92505.0
2026-01-12 01:00:00,92650.0
2026-01-12 02:00:00,93575.0
2026-01-12 03:00:00,93130.0
2026-01-12 04:00:00,93530.0
2026-01-12 05:00:00,93445.0
2026-01-12 06:00:00,92775.0
2026-01-12 07:00:00,92640.0
2026-01-12 08:00:00,91925.0
2026-01-12 09:00:00,91880.0
2026-01-12 10:00:00,91610.0
2026-01-12 11:00:00,91775.0
2026-01-12 12:00:00,91965.0
2026-01-12 13:00:00,91845.0
2026-01-12 14:00:00,92165.0
2026-01-12 15:00:00,92995.0
2026-01-12 16:00:00,93525.0
2026-01-12 17:00:00,92815.0
2026-01-12 18:00:00,93000.0
2026-01-12 19:00:00,93205.0
2026-01-12 20:00:00,92780.0
2026-01-12 21:00:00,92315.0
2026-01-12 23:00:00,92505.0
2026-01-13 00:00:00,92705.0
2026-01-13 01:00:00,92405.0
2026-01-13 02:00:00,92345.0
2026-01-13 03:00:00,92690.0
2026-01-13 04:00:00,92810.0
2026-01-13 05:00:00,93235.0
2026-01-13 06:00:00,93575.0
2026-01-13 07:00:00,93290.0
2026-01-13 08:00:00,93530.0
2026-01-13 09:00:00,93630.0
2026-01-13 10:00:00,93470.0
2026-01-13 11:00:00,93305.0
2026-01-13 12:00:00,93390.0
2026-01-13 13:00:00,93380.0
2026-01-13 14:00:00,93800.0
2026-01-13 15:00:00,94915.0
2026-01-13 16:00:00,94840.0
2026-01-13 17:00:00,94620.0
2026-01-13 18:00:00,94995.0
2026-01-13 19:00:00,95670.0
2026-01-13 20:00:00,95820.0
2026-01-13 21:00:00,95545.0
2026-01-13 23:00:00,96820.0
2026-01-14 00:00:00,96650.0
2026-01-14 01:00:00,96685.0
2026-01-14 02:00:00,96770.0
2026-01-14 03:00:00,97160.0
2026-01-14 04:00:00,96665.0
2026-01-14 05:00:00,96420.0
2026-01-14 06:00:00,96470.0
2026-01-14 07:00:00,96640.0
2026-01-14 08:00:00,96285.0
2026-01-14 09:00:00,96500.0
2026-01-14 10:00:00,96500.0
2026-01-14 11:00:00,96170.0
2026-01-14 12:00:00,96490.0
2026-01-14 13:00:00,96400.0
2026-01-14 14:00:00,97915.0
2026-01-14 15:00:00,98225.0
2026-01-14 16:00:00,98770.0
2026-01-14 17:00:00,98410.0
2026-01-14 18:00:00,98245.0
2026-01-14 19:00:00,98675.0
2026-01-14 20:00:00,99070.0
2026-01-14 21:00:00,99005.0
2026-01-14 23:00:00,98345.0
2026-01-15 00:00:00,98040.0
2026-01-15 01:00:00,97840.0
2026-01-15 02:00:00,97705.0
2026-01-15 03:00:00,97315.0
2026-01-15 04:00:00,97645.0
2026-01-15 05:00:00,97745.0
2026-01-15 06:00:00,97600.0
2026-01-15 07:00:00,98020.0
2026-01-15 08:00:00,98010.0
2026-01-15 09:00:00,98495.0
2026-01-15 10:00:00,98200.0
2026-01-15 11:00:00,97920.0
2026-01-15 12:00:00,98355.0
2026-01-15 13:00:00,98195.0
2026-01-15 14:00:00,97385.0
2026-01-15 15:00:00,98015.0
2026-01-15 16:00:00,98115.0
2026-01-15 17:00:00,97975.0
2026-01-15 18:00:00,97140.0
2026-01-15 19:00:00,96775.0
2026-01-15 20:00:00,96515.0
2026-01-15 21:00:00,96805.0
2026-01-15 23:00:00,96870.0
2026-01-16 00:00:00,96865.0
2026-01-16 01:00:00,96915.0
2026-01-16 02:00:00,96770.0
2026-01-16 03:00:00,96610.0
2026-01-16 04:00:00,96525.0
2026-01-16 05:00:00,96985.0
2026-01-16 06:00:00,96780.0
2026-01-16 07:00:00,96995.0
2026-01-16 08:00:00,96995.0
2026-01-16 09:00:00,96925.0
2026-01-16 10:00:00,96555.0
2026-01-16 11:00:00,96685.0
2026-01-16 12:00:00,96720.0
2026-01-16 13:00:00,96705.0
2026-01-16 14:00:00,96420.0
2026-01-16 15:00:00,95800.0
2026-01-16 16:00:00,96115.0
2026-01-16 17:00:00,96365.0
2026-01-16 18:00:00,96255.0
2026-01-16 19:00:00,96235.0
2026-01-16 20:00:00,96810.0
2026-01-16 21:00:00,96845.0
2026-01-18 23:00:00,94815.0
2026-01-19 00:00:00,93865.0
2026-01-19 01:00:00,93725.0
2026-01-19 02:00:00,93700.0
2026-01-19 03:00:00,93835.0
2026-01-19 04:00:00,93815.0
2026-01-19 05:00:00,93650.0
2026-01-19 06:00:00,93705.0
2026-01-19 07:00:00,93980.0
2026-01-19 08:00:00,94475.0
2026-01-19 09:00:00,94215.0
2026-01-19 10:00:00,94245.0
2026-01-19 11:00:00,94385.0
2026-01-19 12:00:00,94250.0
2026-01-19 13:00:00,94205.0
2026-01-19 14:00:00,93980.0
2026-01-19 15:00:00,94275.0
2026-01-19 16:00:00,94550.0
2026-01-19 17:00:00,94465.0
2026-01-19 18:00:00,94230.0
2026-01-19 19:00:00,94320.0
2026-01-19 20:00:00,94350.0
2026-01-19 21:00:00,94245.0
2026-01-19 23:00:00,93840.0
2026-01-20 00:00:00,93895.0
2026-01-20 01:00:00,93895.0
2026-01-20 02:00:00,93710.0
2026-01-20 03:00:00,93550.0
2026-01-20 04:00:00,93180.0
2026-01-20 05:00:00,92785.0
2026-01-20 06:00:00,92050.0
2026-01-20 07:00:00,92305.0
2026-01-20 08:00:00,92180.0
2026-01-20 09:00:00,92150.0
2026-01-20 10:00:00,92395.0
2026-01-20 11:00:00,92350.0
2026-01-20 12:00:00,92440.0
2026-01-20 13:00:00,92050.0
2026-01-20 14:00:00,91625.0
2026-01-20 15:00:00,91815.0
2026-01-20 16:00:00,91265.0
2026-01-20 17:00:00,90835.0
2026-01-20 18:00:00,90575.0
2026-01-20 19:00:00,90800.0
2026-01-20 20:00:00,90800.0
2026-01-20 21:00:00,90635.0
2026-01-20 23:00:00,89530.0
2026-01-21 00:00:00,90075.0
2026-01-21 01:00:00,90115.0
2026-01-21 02:00:00,90150.0
2026-01-21 03:00:00,90550.0
2026-01-21 04:00:00,90565.0
2026-01-21 05:00:00,91105.0
2026-01-21 06:00:00,90770.0
2026-01-21 07:00:00,90320.0
2026-01-21 08:00:00,90320.0
2026-01-21 09:00:00,90200.0
2026-01-21 10:00:00,90370.0
2026-01-21 11:00:00,89910.0
2026-01-21 12:00:00,89890.0
2026-01-21 13:00:00,89825.0
2026-01-21 14:00:00,90960.0
2026-01-21 15:00:00,91455.0
2026-01-21 16:00:00,88690.0
2026-01-21 17:00:00,89045.0
2026-01-21 18:00:00,89610.0
2026-01-21 19:00:00,91535.0
2026-01-21 20:00:00,91385.0
2026-01-21 21:00:00,91420.0
2026-01-21 23:00:00,90610.0
2026-01-22 00:00:00,91095.0
2026-01-22 01:00:00,91250.0
2026-01-22 02:00:00,91100.0
2026-01-22 03:00:00,91045.0
2026-01-22 04:00:00,91155.0
2026-01-22 05:00:00,91155.0
2026-01-22 06:00:00,91350.0
2026-01-22 07:00:00,90940.0
2026-01-22 08:00:00,91040.0
2026-01-22 09:00:00,91195.0
2026-01-22 10:00:00,91240.0
2026-01-22 11:00:00,91085.0
2026-01-22 12:00:00,91165.0
2026-01-22 13:00:00,90740.0
2026-01-22 14:00:00,90220.0
2026-01-22 15:00:00,90140.0
2026-01-22 16:00:00,90185.0
2026-01-22 17:00:00,90750.0
2026-01-22 18:00:00,90490.0
2026-01-22 19:00:00,90945.0
2026-01-22 20:00:00,90515.0
2026-01-22 21:00:00,90450.0
2026-01-22 23:00:00,90735.0
2026-01-23 00:00:00,90685.0
2026-01-23 01:00:00,91005.0
2026-01-23 02:00:00,90750.0
2026-01-23 03:00:00,91065.0
2026-01-23 04:00:00,91130.0
2026-01-23 05:00:00,90635.0
2026-01-23 06:00:00,90600.0
2026-01-23 07:00:00,90640.0
2026-01-23 08:00:00,90355.0
2026-01-23 09:00:00,90000.0
2026-01-23 10:00:00,90115.0
2026-01-23 11:00:00,90390.0
2026-01-23 12:00:00,90400.0
2026-01-23 13:00:00,90390.0
2026-01-23 14:00:00,90105.0
2026-01-23 15:00:00,90870.0
2026-01-23 16:00:00,91205.0
2026-01-23 17:00:00,91675.0
2026-01-23 18:00:00,91670.0
2026-01-23 19:00:00,91065.0
2026-01-23 20:00:00,90620.0
2026-01-23 21:00:00,90430.0
2026-01-25 23:00:00,87730.0
2026-01-26 00:00:00,87865.0
2026-01-26 01:00:00,88750.0
2026-01-26 02:00:00,88625.0
2026-01-26 03:00:00,88125.0
2026-01-26 04:00:00,88895.0
2026-01-26 05:00:00,88990.0
2026-01-26 06:00:00,89050.0
2026-01-26 07:00:00,89110.0
2026-01-26 08:00:00,89065.0
2026-01-26 09:00:00,88700.0
2026-01-26 10:00:00,88990.0
2026-01-26 11:00:00,88925.0
2026-01-26 12:00:00,88900.0
2026-01-26 13:00:00,89070.0
2026-01-26 14:00:00,89250.0
2026-01-26 15:00:00,88745.0
2026-01-26 16:00:00,88800.0
2026-01-26 17:00:00,88795.0
2026-01-26 18:00:00,89550.0
2026-01-26 19:00:00,89110.0
2026-01-26 20:00:00,88720.0
2026-01-26 21:00:00,89150.0
2026-01-26 23:00:00,89450.0
2026-01-27 00:00:00,89410.0
2026-01-27 01:00:00,89670.0
2026-01-27 02:00:00,89890.0
2026-01-27 03:00:00,89790.0
2026-01-27 04:00:00,89650.0
2026-01-27 05:00:00,89535.0
2026-01-27 06:00:00,89360.0
2026-01-27 07:00:00,89385.0
2026-01-27 08:00:00,89210.0
2026-01-27 09:00:00,88940.0
2026-01-27 10:00:00,88835.0
2026-01-27 11:00:00,88975.0
2026-01-27 12:00:00,89010.0
2026-01-27 13:00:00,88985.0
2026-01-27 14:00:00,88730.0
2026-01-27 15:00:00,89050.0
2026-01-27 16:00:00,89655.0
2026-01-27 17:00:00,88565.0
2026-01-27 18:00:00,89385.0
2026-01-27 19:00:00,89450.0
2026-01-27 20:00:00,90485.0
2026-01-27 21:00:00,90185.0
2026-01-27 23:00:00,90295.0
2026-01-28 00:00:00,90555.0
2026-01-28 01:00:00,90490.0
2026-01-28 02:00:00,90330.0
2026-01-28 03:00:00,90170.0
2026-01-28 04:00:00,90015.0
2026-01-28 05:00:00,90075.0
2026-01-28 06:00:00,90390.0
2026-01-28 07:00:00,90230.0
2026-01-28 08:00:00,89985.0
2026-01-28 09:00:00,90535.0
2026-01-28 10:00:00,90540.0
2026-01-28 11:00:00,91200.0
2026-01-28 12:00:00,91180.0
2026-01-28 13:00:00,91360.0
2026-01-28 14:00:00,90665.0
2026-01-28 15:00:00,90535.0
2026-01-28 16:00:00,90670.0
2026-01-28 17:00:00,91260.0
2026-01-28 18:00:00,90530.0
2026-01-28 19:00:00,90415.0
2026-01-28 20:00:00,90175.0
2026-01-28 21:00:00,90485.0
2026-01-28 23:00:00,90305.0
2026-01-29 00:00:00,90030.0
2026-01-29 01:00:00,89585.0
2026-01-29 02:00:00,88805.0
2026-01-29 03:00:00,88955.0
2026-01-29 04:00:00,89260.0
2026-01-29 05:00:00,89165.0
2026-01-29 06:00:00,89290.0
2026-01-29 07:00:00,89320.0
2026-01-29 08:00:00,89040.0
2026-01-29 09:00:00,88825.0
2026-01-29 10:00:00,88855.0
2026-01-29 11:00:00,88765.0
2026-01-29 12:00:00,89050.0
2026-01-29 13:00:00,88965.0
2026-01-29 14:00:00,87860.0
2026-01-29 15:00:00,85820.0
2026-01-29 16:00:00,86150.0
2026-01-29 17:00:00,85080.0
2026-01-29 18:00:00,84340.0
2026-01-29 19:00:00,84835.0
2026-01-29 20:00:00,85160.0
2026-01-29 21:00:00,85460.0
2026-01-29 23:00:00,85580.0
2026-01-30 00:00:00,85100.0
2026-01-30 01:00:00,83445.0
2026-01-30 02:00:00,83095.0
2026-01-30 03:00:00,83610.0
2026-01-30 04:00:00,83875.0
2026-01-30 05:00:00,83830.0
2026-01-30 06:00:00,84855.0
2026-01-30 07:00:00,83655.0
2026-01-30 08:00:00,83570.0
2026-01-30 09:00:00,83270.0
2026-01-30 10:00:00,83755.0
2026-01-30 11:00:00,84080.0
2026-01-30 12:00:00,83695.0
2026-01-30 13:00:00,83655.0
2026-01-30 14:00:00,84045.0
2026-01-30 15:00:00,83790.0
2026-01-30 16:00:00,84095.0
2026-01-30 17:00:00,83865.0
2026-01-30 18:00:00,84900.0
2026-01-30 19:00:00,85200.0
2026-01-30 20:00:00,84865.0
2026-01-30 21:00:00,85390.0
2026-02-01 23:00:00,78020.0
2026-02-02 00:00:00,78700.0
2026-02-02 01:00:00,78515.0
2026-02-02 02:00:00,77465.0
2026-02-02 03:00:00,77255.0
2026-02-02 04:00:00,76870.0
2026-02-02 05:00:00,76515.0
2026-02-02 06:00:00,77590.0
2026-02-02 07:00:00,77635.0
2026-02-02 08:00:00,77940.0
2026-02-02 09:00:00,78765.0
2026-02-02 10:00:00,78575.0
2026-02-02 11:00:00,78825.0
2026-02-02 12:00:00,79055.0
2026-02-02 13:00:00,79305.0
2026-02-02 14:00:00,78895.0
2026-02-02 15:00:00,79950.0
2026-02-02 16:00:00,79680.0
2026-02-02 17:00:00,80040.0
2026-02-02 18:00:00,79600.0
2026-02-02 19:00:00,79335.0
2026-02-02 20:00:00,79015.0
2026-02-02 21:00:00,79505.0
2026-02-02 23:00:00,79685.0
2026-02-03 00:00:00,80065.0
2026-02-03 01:00:00,79985.0
2026-02-03 02:00:00,78755.0
2026-02-03 03:00:00,79765.0
2026-02-03 04:00:00,79810.0
2026-02-03 05:00:00,79190.0
2026-02-03 06:00:00,79570.0
2026-02-03 07:00:00,79730.0
2026-02-03 08:00:00,79725.0
2026-02-03 09:00:00,79340.0
2026-02-03 10:00:00,79075.0
2026-02-03 11:00:00,78990.0
2026-02-03 12:00:00,79270.0
2026-02-03 13:00:00,79225.0
2026-02-03 14:00:00,78115.0
2026-02-03 15:00:00,79085.0
2026-02-03 16:00:00,77390.0
2026-02-03 17:00:00,75780.0
2026-02-03 18:00:00,74025.0
2026-02-03 19:00:00,75835.0
2026-02-03 20:00:00,77405.0
2026-02-03 21:00:00,77170.0
2026-02-03 23:00:00,76695.0
2026-02-04 00:00:00,76850.0
2026-02-04 01:00:00,77340.0
2026-02-04 02:00:00,76885.0
2026-02-04 03:00:00,77600.0
2026-02-04 04:00:00,77385.0
2026-02-04 05:00:00,77230.0
2026-02-04 06:00:00,77585.0
2026-02-04 07:00:00,77435.0
2026-02-04 08:00:00,77495.0
2026-02-04 09:00:00,76990.0
2026-02-04 10:00:00,77205.0
2026-02-04 11:00:00,76920.0
2026-02-04 12:00:00,77100.0
2026-02-04 13:00:00,75720.0
2026-02-04 14:00:00,75185.0
2026-02-04 15:00:00,74980.0
2026-02-04 16:00:00,74450.0
2026-02-04 17:00:00,73360.0
2026-02-04 18:00:00,74245.0
2026-02-04 19:00:00,74770.0
2026-02-04 20:00:00,74410.0
2026-02-04 21:00:00,73545.0
2026-02-04 23:00:00,74015.0
2026-02-05 00:00:00,73720.0
2026-02-05 01:00:00,73230.0
2026-02-05 02:00:00,72240.0
2026-02-05 03:00:00,72005.0
2026-02-05 04:00:00,71675.0
2026-02-05 05:00:00,71545.0
2026-02-05 06:00:00,71825.0
2026-02-05 07:00:00,71575.0
2026-02-05 08:00:00,71920.0
2026-02-05 09:00:00,72435.0
2026-02-05 10:00:00,71695.0
2026-02-05 11:00:00,71200.0
2026-02-05 12:00:00,70355.0
2026-02-05 13:00:00,70540.0
2026-02-05 14:00:00,70235.0
2026-02-05 15:00:00,68330.0
2026-02-05 16:00:00,69145.0
2026-02-05 17:00:00,66980.0
2026-02-05 18:00:00,67200.0
2026-02-05 19:00:00,66115.0
2026-02-05 20:00:00,64670.0
2026-02-05 21:00:00,64020.0
2026-02-05 23:00:00,63750.0
2026-02-06 00:00:00,64435.0
2026-02-06 01:00:00,66650.0
2026-02-06 02:00:00,65925.0
2026-02-06 03:00:00,65125.0
2026-02-06 04:00:00,65845.0
2026-02-06 05:00:00,67270.0
2026-02-06 06:00:00,65880.0
2026-02-06 07:00:00,65665.0
2026-02-06 08:00:00,65750.0
2026-02-06 09:00:00,66685.0
2026-02-06 10:00:00,66800.0
2026-02-06 11:00:00,67510.0
2026-02-06 12:00:00,67495.0
2026-02-06 13:00:00,68215.0
2026-02-06 14:00:00,69165.0
2026-02-06 15:00:00,69585.0
2026-02-06 16:00:00,70885.0
2026-02-06 17:00:00,71735.0
2026-02-06 18:00:00,70705.0
2026-02-06 19:00:00,71655.0
2026-02-06 20:00:00,70940.0
2026-02-06 21:00:00,71255.0
2026-02-08 23:00:00,71225.0
2026-02-09 00:00:00,71365.0
2026-02-09 01:00:00,71230.0
2026-02-09 02:00:00,71495.0
2026-02-09 03:00:00,72195.0
2026-02-09 04:00:00,71850.0
2026-02-09 05:00:00,71890.0
2026-02-09 06:00:00,71695.0
2026-02-09 07:00:00,71290.0
2026-02-09 08:00:00,70720.0
2026-02-09 09:00:00,70440.0
2026-02-09 10:00:00,69530.0
2026-02-09 11:00:00,69755.0
2026-02-09 12:00:00,70015.0
2026-02-09 13:00:00,69420.0
2026-02-09 14:00:00,70185.0
2026-02-09 15:00:00,70485.0
2026-02-09 16:00:00,71010.0
2026-02-09 17:00:00,71535.0
2026-02-09 18:00:00,71340.0
2026-02-09 19:00:00,71905.0
2026-02-09 20:00:00,71660.0
2026-02-09 21:00:00,71315.0
2026-02-09 23:00:00,71055.0
2026-02-10 00:00:00,70710.0
2026-02-10 01:00:00,71360.0
2026-02-10 02:00:00,70970.0
2026-02-10 03:00:00,70375.0
2026-02-10 04:00:00,70710.0
2026-02-10 05:00:00,70335.0
2026-02-10 06:00:00,69810.0
2026-02-10 07:00:00,69780.0
2026-02-10 08:00:00,70020.0
2026-02-10 09:00:00,69985.0
2026-02-10 10:00:00,69770.0
2026-02-10 11:00:00,69375.0
2026-02-10 12:00:00,69455.0
2026-02-10 13:00:00,69890.0
2026-02-10 14:00:00,69285.0
2026-02-10 15:00:00,70155.0
2026-02-10 16:00:00,70380.0
2026-02-10 17:00:00,70855.0
2026-02-10 18:00:00,69790.0
2026-02-10 19:00:00,69985.0
2026-02-10 20:00:00,69685.0
2026-02-10 21:00:00,69570.0
2026-02-10 23:00:00,69715.0
2026-02-11 00:00:00,70080.0
2026-02-11 01:00:00,69845.0
2026-02-11 02:00:00,69555.0
2026-02-11 03:00:00,69020.0
2026-02-11 04:00:00,68405.0
2026-02-11 05:00:00,68295.0
2026-02-11 06:00:00,67690.0
2026-02-11 07:00:00,67900.0
2026-02-11 08:00:00,67870.0
2026-02-11 09:00:00,67740.0
2026-02-11 10:00:00,67370.0
2026-02-11 11:00:00,67950.0
2026-02-11 12:00:00,67970.0
2026-02-11 13:00:00,68330.0
2026-02-11 14:00:00,67410.0
2026-02-11 15:00:00,67380.0
2026-02-11 16:00:00,66880.0
2026-02-11 17:00:00,67365.0
2026-02-11 18:00:00,68155.0
2026-02-11 19:00:00,68460.0
2026-02-11 20:00:00,68435.0
2026-02-11 21:00:00,68635.0
2026-02-11 23:00:00,67925.0
2026-02-12 00:00:00,68305.0
2026-02-12 01:00:00,68520.0
2026-02-12 02:00:00,68275.0
2026-02-12 03:00:00,68405.0
2026-02-12 04:00:00,67815.0
2026-02-12 05:00:00,67950.0
2026-02-12 06:00:00,67920.0
2026-02-12 07:00:00,68040.0
2026-02-12 08:00:00,67950.0
2026-02-12 09:00:00,68380.0
2026-02-12 10:00:00,68870.0
2026-02-12 11:00:00,68960.0
2026-02-12 12:00:00,68735.0
2026-02-12 13:00:00,69240.0
2026-02-12 14:00:00,68400.0
2026-02-12 15:00:00,67950.0
2026-02-12 16:00:00,66650.0
2026-02-12 17:00:00,66185.0
2026-02-12 18:00:00,66405.0
2026-02-12 19:00:00,66615.0
2026-02-12 20:00:00,66240.0
2026-02-12 21:00:00,66580.0
2026-02-12 23:00:00,67045.0
2026-02-13 00:00:00,66745.0
2026-02-13 01:00:00,67270.0
2026-02-13 02:00:00,67495.0
2026-02-13 03:00:00,67350.0
2026-02-13 04:00:00,67140.0
2026-02-13 05:00:00,66975.0
2026-02-13 06:00:00,69585.0
2026-02-13 07:00:00,67010.0
2026-02-13 08:00:00,67545.0
2026-02-13 09:00:00,67820.0
2026-02-13 10:00:00,67830.0
2026-02-13 11:00:00,68010.0
2026-02-13 12:00:00,67915.0
2026-02-13 13:00:00,68155.0
2026-02-13 14:00:00,68590.0
2026-02-13 15:00:00,69540.0
2026-02-13 16:00:00,69810.0
2026-02-13 17:00:00,69895.0
2026-02-13 18:00:00,69990.0
2026-02-13 19:00:00,69790.0
2026-02-13 20:00:00,69595.0
2026-02-13 21:00:00,69750.0
2026-02-15 23:00:00,69650.0
2026-02-16 00:00:00,69665.0
2026-02-16 01:00:00,69425.0
2026-02-16 02:00:00,69140.0
2026-02-16 03:00:00,69215.0
2026-02-16 04:00:00,69680.0
2026-02-16 05:00:00,69195.0
2026-02-16 06:00:00,69270.0
2026-02-16 07:00:00,69400.0
2026-02-16 08:00:00,69600.0
2026-02-16 09:00:00,69840.0
2026-02-16 10:00:00,69655.0
2026-02-16 11:00:00,69695.0
2026-02-16 12:00:00,70585.0
2026-02-16 13:00:00,69185.0
2026-02-16 14:00:00,69200.0
2026-02-16 15:00:00,68300.0
2026-02-16 16:00:00,68695.0
2026-02-16 17:00:00,68785.0
2026-02-16 18:00:00,68620.0
2026-02-16 19:00:00,68735.0
2026-02-16 20:00:00,69320.0
2026-02-16 21:00:00,69635.0
2026-02-16 23:00:00,69705.0
2026-02-17 00:00:00,69685.0
2026-02-17 01:00:00,69385.0
2026-02-17 02:00:00,69610.0
2026-02-17 03:00:00,69225.0
2026-02-17 04:00:00,69245.0
2026-02-17 05:00:00,69035.0
2026-02-17 06:00:00,69235.0
2026-02-17 07:00:00,69170.0
2026-02-17 08:00:00,68960.0
2026-02-17 09:00:00,68885.0
2026-02-17 10:00:00,68615.0
2026-02-17 11:00:00,68635.0
2026-02-17 12:00:00,68700.0
2026-02-17 13:00:00,68905.0
2026-02-17 14:00:00,67625.0
2026-02-17 15:00:00,68165.0
2026-02-17 16:00:00,68325.0
2026-02-17 17:00:00,68060.0
2026-02-17 18:00:00,68925.0
2026-02-17 19:00:00,68600.0
2026-02-17 20:00:00,68585.0
2026-02-17 21:00:00,68500.0
2026-02-17 23:00:00,68315.0
2026-02-18 00:00:00,68100.0
2026-02-18 01:00:00,67945.0
2026-02-18 02:00:00,68130.0
2026-02-18 03:00:00,68430.0
2026-02-18 04:00:00,68640.0
2026-02-18 05:00:00,68465.0
2026-02-18 06:00:00,68670.0
2026-02-18 07:00:00,68945.0
2026-02-18 08:00:00,68975.0
2026-02-18 09:00:00,69015.0
2026-02-18 10:00:00,68590.0
2026-02-18 11:00:00,68190.0
2026-02-18 12:00:00,68265.0
2026-02-18 13:00:00,68040.0
2026-02-18 14:00:00,68030.0
2026-02-18 15:00:00,68525.0
2026-02-18 16:00:00,67945.0
2026-02-18 17:00:00,68020.0
2026-02-18 18:00:00,67175.0
2026-02-18 19:00:00,66975.0
2026-02-18 20:00:00,67075.0
2026-02-18 21:00:00,67165.0
2026-02-18 23:00:00,67280.0
2026-02-19 00:00:00,67225.0
2026-02-19 01:00:00,67695.0
2026-02-19 02:00:00,67640.0
2026-02-19 03:00:00,67805.0
2026-02-19 04:00:00,67605.0
2026-02-19 05:00:00,67690.0
2026-02-19 06:00:00,67955.0
2026-02-19 07:00:00,68050.0
2026-02-19 08:00:00,67770.0
2026-02-19 09:00:00,67635.0
2026-02-19 10:00:00,67630.0
2026-02-19 11:00:00,67280.0
2026-02-19 12:00:00,67305.0
2026-02-19 13:00:00,66705.0
2026-02-19 14:00:00,67230.0
2026-02-19 15:00:00,67230.0
2026-02-19 16:00:00,67135.0
2026-02-19 17:00:00,67160.0
2026-02-19 18:00:00,67860.0
2026-02-19 19:00:00,67895.0
2026-02-19 20:00:00,67965.0
2026-02-19 21:00:00,67785.0
2026-02-19 23:00:00,67850.0
2026-02-20 00:00:00,68080.0
2026-02-20 01:00:00,68130.0
2026-02-20 02:00:00,68075.0
2026-02-20 03:00:00,68220.0
2026-02-20 04:00:00,68110.0
2026-02-20 05:00:00,68660.0
2026-02-20 06:00:00,68575.0
2026-02-20 07:00:00,68705.0
2026-02-20 08:00:00,68760.0
2026-02-20 09:00:00,69095.0
2026-02-20 10:00:00,68820.0
2026-02-20 11:00:00,68165.0
2026-02-20 12:00:00,68390.0
2026-02-20 13:00:00,67640.0
2026-02-20 14:00:00,67905.0
2026-02-20 15:00:00,68410.0
2026-02-20 16:00:00,68645.0
2026-02-20 17:00:00,68465.0
2026-02-20 18:00:00,68800.0
2026-02-20 19:00:00,68480.0
2026-02-20 20:00:00,68570.0
2026-02-20 21:00:00,68620.0
2026-02-22 23:00:00,68430.0
2026-02-23 00:00:00,67500.0
2026-02-23 01:00:00,65275.0
2026-02-23 02:00:00,65590.0
2026-02-23 03:00:00,65765.0
2026-02-23 04:00:00,65675.0
2026-02-23 05:00:00,65825.0
2026-02-23 06:00:00,65295.0
2026-02-23 07:00:00,66745.0
2026-02-23 08:00:00,66540.0
2026-02-23 09:00:00,67295.0
2026-02-23 10:00:00,67240.0
2026-02-23 11:00:00,67100.0
2026-02-23 12:00:00,67120.0
2026-02-23 13:00:00,66965.0
2026-02-23 14:00:00,66740.0
2026-02-23 15:00:00,66470.0
2026-02-23 16:00:00,66145.0
2026-02-23 17:00:00,65605.0
2026-02-23 18:00:00,65390.0
2026-02-23 19:00:00,65125.0
2026-02-23 20:00:00,65305.0
2026-02-23 21:00:00,65340.0
2026-02-23 23:00:00,65465.0
2026-02-24 00:00:00,65805.0
2026-02-24 01:00:00,64990.0
2026-02-24 02:00:00,64900.0
2026-02-24 03:00:00,64330.0
2026-02-24 04:00:00,64105.0
2026-02-24 05:00:00,63875.0
2026-02-24 06:00:00,65330.0
2026-02-24 07:00:00,64000.0
2026-02-24 08:00:00,64215.0
2026-02-24 09:00:00,63945.0
2026-02-24 10:00:00,64150.0
2026-02-24 11:00:00,64035.0
2026-02-24 12:00:00,63755.0
2026-02-24 13:00:00,63740.0
2026-02-24 14:00:00,64305.0
2026-02-24 15:00:00,64835.0
2026-02-24 16:00:00,65155.0
2026-02-24 17:00:00,65095.0
2026-02-24 18:00:00,65295.0
2026-02-24 19:00:00,65290.0
2026-02-24 20:00:00,65325.0
2026-02-24 21:00:00,64920.0
2026-02-24 23:00:00,64935.0
2026-02-25 00:00:00,65090.0
2026-02-25 01:00:00,66795.0
2026-02-25 02:00:00,66825.0
2026-02-25 03:00:00,66225.0
2026-02-25 04:00:00,66315.0
2026-02-25 05:00:00,65710.0
2026-02-25 06:00:00,65750.0
2026-02-25 07:00:00,65885.0
2026-02-25 08:00:00,66350.0
2026-02-25 09:00:00,66430.0
2026-02-25 10:00:00,66245.0
2026-02-25 11:00:00,66220.0
2026-02-25 12:00:00,66900.0
2026-02-25 13:00:00,67115.0
2026-02-25 14:00:00,67870.0
2026-02-25 15:00:00,68290.0
2026-02-25 16:00:00,69210.0
2026-02-25 17:00:00,69580.0
2026-02-25 18:00:00,70245.0
2026-02-25 19:00:00,69965.0
2026-02-25 20:00:00,70020.0
2026-02-25 21:00:00,69845.0
2026-02-25 23:00:00,68835.0
2026-02-26 00:00:00,69225.0
2026-02-26 01:00:00,69145.0
2026-02-26 02:00:00,69110.0
2026-02-26 03:00:00,69065.0
2026-02-26 04:00:00,69450.0
2026-02-26 05:00:00,69320.0
2026-02-26 06:00:00,68310.0
2026-02-26 07:00:00,68710.0
2026-02-26 08:00:00,68820.0
2026-02-26 09:00:00,69425.0
2026-02-26 10:00:00,69170.0
2026-02-26 11:00:00,68900.0
2026-02-26 12:00:00,68980.0
2026-02-26 13:00:00,68765.0
2026-02-26 14:00:00,68565.0
2026-02-26 15:00:00,68255.0
2026-02-26 16:00:00,67455.0
2026-02-26 17:00:00,67710.0
2026-02-26 18:00:00,68160.0
2026-02-26 19:00:00,68460.0
2026-02-26 20:00:00,68290.0
2026-02-26 21:00:00,68280.0
2026-02-26 23:00:00,68355.0
2026-02-27 00:00:00,68075.0
2026-02-27 01:00:00,68225.0
2026-02-27 02:00:00,68185.0
2026-02-27 03:00:00,68470.0
2026-02-27 04:00:00,68615.0
2026-02-27 05:00:00,68565.0
2026-02-27 06:00:00,66420.0
2026-02-27 07:00:00,68565.0
2026-02-27 08:00:00,68820.0
2026-02-27 09:00:00,68195.0
2026-02-27 10:00:00,67435.0
2026-02-27 11:00:00,66910.0
2026-02-27 12:00:00,66760.0
2026-02-27 13:00:00,67100.0
2026-02-27 14:00:00,66700.0
2026-02-27 15:00:00,66940.0
2026-02-27 16:00:00,66305.0
2026-02-27 17:00:00,66530.0
2026-02-27 18:00:00,66135.0
2026-02-27 19:00:00,66225.0
2026-02-27 20:00:00,66440.0
2026-02-27 21:00:00,66315.0
2026-03-01 23:00:00,66565.0
2026-03-02 00:00:00,67365.0
2026-03-02 01:00:00,67370.0
2026-03-02 02:00:00,67150.0
2026-03-02 03:00:00,67670.0
2026-03-02 04:00:00,67715.0
2026-03-02 05:00:00,67560.0
2026-03-02 06:00:00,70020.0
2026-03-02 07:00:00,66820.0
2026-03-02 08:00:00,67165.0
2026-03-02 09:00:00,67040.0
2026-03-02 10:00:00,67175.0
2026-03-02 11:00:00,67225.0
2026-03-02 12:00:00,66800.0
2026-03-02 13:00:00,66245.0
2026-03-02 14:00:00,68070.0
2026-03-02 15:00:00,70045.0
2026-03-02 16:00:00,70325.0
2026-03-02 17:00:00,70055.0
2026-03-02 18:00:00,69745.0
2026-03-02 19:00:00,69790.0
2026-03-02 20:00:00,69940.0
2026-03-02 21:00:00,70270.0
2026-03-02 23:00:00,69640.0
2026-03-03 00:00:00,69915.0
2026-03-03 01:00:00,69545.0
2026-03-03 02:00:00,69335.0
2026-03-03 03:00:00,69150.0
2026-03-03 04:00:00,68890.0
2026-03-03 05:00:00,68715.0
2026-03-03 06:00:00,68880.0
2026-03-03 07:00:00,68960.0
2026-03-03 08:00:00,67715.0
2026-03-03 09:00:00,67380.0
2026-03-03 10:00:00,67510.0
2026-03-03 11:00:00,67805.0
2026-03-03 12:00:00,68155.0
2026-03-03 13:00:00,67680.0
2026-03-03 14:00:00,67320.0
2026-03-03 15:00:00,68540.0
2026-03-03 16:00:00,68995.0
2026-03-03 17:00:00,69135.0
2026-03-03 18:00:00,69415.0
2026-03-03 19:00:00,69210.0
2026-03-03 20:00:00,69045.0
2026-03-03 21:00:00,68790.0
2026-03-03 23:00:00,69095.0
2026-03-04 00:00:00,68885.0
2026-03-04 01:00:00,69210.0
2026-03-04 02:00:00,69085.0
2026-03-04 03:00:00,68505.0
2026-03-04 04:00:00,68545.0
2026-03-04 05:00:00,68975.0
2026-03-04 06:00:00,69325.0
2026-03-04 07:00:00,70295.0
2026-03-04 08:00:00,71880.0
2026-03-04 09:00:00,72435.0
2026-03-04 10:00:00,72225.0
2026-03-04 11:00:00,71980.0
2026-03-04 12:00:00,72220.0
2026-03-04 13:00:00,72330.0
2026-03-04 14:00:00,72495.0
2026-03-04 15:00:00,74320.0
2026-03-04 16:00:00,74190.0
2026-03-04 17:00:00,74080.0
2026-03-04 18:00:00,74550.0
2026-03-04 19:00:00,74485.0
2026-03-04 20:00:00,73915.0
2026-03-04 21:00:00,74155.0
2026-03-04 23:00:00,73505.0
2026-03-05 00:00:00,73585.0
2026-03-05 01:00:00,73345.0
2026-03-05 02:00:00,73330.0
2026-03-05 03:00:00,73290.0
2026-03-05 04:00:00,73630.0
2026-03-05 05:00:00,73230.0
2026-03-05 06:00:00,73340.0
2026-03-05 07:00:00,72830.0
2026-03-05 08:00:00,73135.0
2026-03-05 09:00:00,73405.0
2026-03-05 10:00:00,74205.0
2026-03-05 11:00:00,73735.0
2026-03-05 12:00:00,73675.0
2026-03-05 13:00:00,73250.0
2026-03-05 14:00:00,73420.0
2026-03-05 15:00:00,72445.0
2026-03-05 16:00:00,72075.0
2026-03-05 17:00:00,71440.0
2026-03-05 18:00:00,71760.0
2026-03-05 19:00:00,71695.0
2026-03-05 20:00:00,72020.0
2026-03-05 21:00:00,71880.0
2026-03-05 23:00:00,71640.0
2026-03-06 00:00:00,71740.0
2026-03-06 01:00:00,72030.0
2026-03-06 02:00:00,72000.0
2026-03-06 03:00:00,71830.0
2026-03-06 04:00:00,71360.0
2026-03-06 05:00:00,71180.0
2026-03-06 06:00:00,71350.0
2026-03-06 07:00:00,71785.0
2026-03-06 08:00:00,71525.0
2026-03-06 09:00:00,71310.0
2026-03-06 10:00:00,71290.0
2026-03-06 11:00:00,70965.0
2026-03-06 12:00:00,70645.0
2026-03-06 13:00:00,69920.0
2026-03-06 14:00:00,69095.0
2026-03-06 15:00:00,69205.0
2026-03-06 16:00:00,69145.0
2026-03-06 17:00:00,68635.0
2026-03-06 18:00:00,68870.0
2026-03-06 19:00:00,68810.0
2026-03-06 20:00:00,68840.0
2026-03-06 21:00:00,68975.0
2026-03-08 22:00:00,66895.0
2026-03-08 23:00:00,66635.0
2026-03-09 00:00:00,67040.0
2026-03-09 01:00:00,66880.0
2026-03-09 02:00:00,67235.0
2026-03-09 03:00:00,67910.0
2026-03-09 04:00:00,67845.0
2026-03-09 05:00:00,69745.0
2026-03-09 06:00:00,67950.0
2026-03-09 07:00:00,68195.0
2026-03-09 08:00:00,68500.0
2026-03-09 09:00:00,68685.0
2026-03-09 10:00:00,68295.0
2026-03-09 11:00:00,68445.0
2026-03-09 12:00:00,68850.0
2026-03-09 13:00:00,69740.0
2026-03-09 14:00:00,69900.0
2026-03-09 15:00:00,69615.0
2026-03-09 16:00:00,69690.0
2026-03-09 17:00:00,69320.0
2026-03-09 18:00:00,69065.0
2026-03-09 19:00:00,69725.0
2026-03-09 20:00:00,69695.0
2026-03-09 22:00:00,69350.0
2026-03-09 23:00:00,69105.0
2026-03-10 00:00:00,69900.0
2026-03-10 01:00:00,69995.0
2026-03-10 02:00:00,71005.0
2026-03-10 03:00:00,70140.0
2026-03-10 04:00:00,70765.0
2026-03-10 05:00:00,70720.0
2026-03-10 06:00:00,70665.0
2026-03-10 07:00:00,71145.0
2026-03-10 08:00:00,71465.0
2026-03-10 09:00:00,71835.0
2026-03-10 10:00:00,71520.0
2026-03-10 11:00:00,71345.0
2026-03-10 12:00:00,71240.0
2026-03-10 13:00:00,70615.0
2026-03-10 14:00:00,72255.0
2026-03-10 15:00:00,72100.0
2026-03-10 16:00:00,72035.0
2026-03-10 17:00:00,71650.0
2026-03-10 18:00:00,70730.0
2026-03-10 19:00:00,70735.0
2026-03-10 20:00:00,70925.0
2026-03-10 22:00:00,70410.0
2026-03-10 23:00:00,70675.0
2026-03-11 00:00:00,70745.0
2026-03-11 01:00:00,70790.0
2026-03-11 02:00:00,70505.0
2026-03-11 03:00:00,70265.0
2026-03-11 04:00:00,70865.0
2026-03-11 05:00:00,70165.0
2026-03-11 06:00:00,70635.0
2026-03-11 07:00:00,70370.0
2026-03-11 08:00:00,70350.0
2026-03-11 09:00:00,70105.0
2026-03-11 10:00:00,70310.0
2026-03-11 11:00:00,69835.0
2026-03-11 12:00:00,70045.0
2026-03-11 13:00:00,70885.0
2026-03-11 14:00:00,71290.0
2026-03-11 15:00:00,70935.0
2026-03-11 16:00:00,71330.0
2026-03-11 17:00:00,71540.0
2026-03-11 18:00:00,71375.0
2026-03-11 19:00:00,71385.0
2026-03-11 20:00:00,71320.0
2026-03-11 22:00:00,71070.0
2026-03-11 23:00:00,70895.0
2026-03-12 00:00:00,70940.0
2026-03-12 01:00:00,70525.0
2026-03-12 02:00:00,69975.0
2026-03-12 03:00:00,70130.0
2026-03-12 04:00:00,70050.0
2026-03-12 05:00:00,71185.0
2026-03-12 06:00:00,70165.0
2026-03-12 07:00:00,70510.0
2026-03-12 08:00:00,70590.0
2026-03-12 09:00:00,70670.0
2026-03-12 10:00:00,71130.0
2026-03-12 11:00:00,71150.0
2026-03-12 12:00:00,71110.0
2026-03-12 13:00:00,70660.0
2026-03-12 14:00:00,70265.0
2026-03-12 15:00:00,71065.0
2026-03-12 16:00:00,71115.0
2026-03-12 17:00:00,70925.0
2026-03-12 18:00:00,70515.0
2026-03-12 19:00:00,71155.0
2026-03-12 20:00:00,70895.0
2026-03-12 22:00:00,70860.0
2026-03-12 23:00:00,71215.0
2026-03-13 00:00:00,72260.0
2026-03-13 01:00:00,72425.0
2026-03-13 02:00:00,71865.0
2026-03-13 03:00:00,72130.0
2026-03-13 04:00:00,72145.0
2026-03-13 05:00:00,72290.0
2026-03-13 06:00:00,72085.0
2026-03-13 07:00:00,72385.0
2026-03-13 08:00:00,72600.0
2026-03-13 09:00:00,72760.0
2026-03-13 10:00:00,73235.0
2026-03-13 11:00:00,73030.0
2026-03-13 12:00:00,73565.0
2026-03-13 13:00:00,74175.0
2026-03-13 14:00:00,73135.0
2026-03-13 15:00:00,72515.0
2026-03-13 16:00:00,72610.0
2026-03-13 17:00:00,71730.0
2026-03-13 18:00:00,71735.0
2026-03-13 19:00:00,71875.0
2026-03-13 20:00:00,72080.0
2026-03-15 22:00:00,73410.0
2026-03-15 23:00:00,73560.0
2026-03-16 00:00:00,73190.0
2026-03-16 01:00:00,73410.0
2026-03-16 02:00:00,73180.0
2026-03-16 03:00:00,74285.0
2026-03-16 04:00:00,74565.0
2026-03-16 05:00:00,74940.0
2026-03-16 06:00:00,74445.0
2026-03-16 07:00:00,74175.0
2026-03-16 08:00:00,73830.0
2026-03-16 09:00:00,73925.0
2026-03-16 10:00:00,74515.0
2026-03-16 11:00:00,74240.0
2026-03-16 12:00:00,74560.0
2026-03-16 13:00:00,74855.0
2026-03-16 14:00:00,74245.0
2026-03-16 15:00:00,73925.0
2026-03-16 16:00:00,74455.0
2026-03-16 17:00:00,74615.0
2026-03-16 18:00:00,74580.0
2026-03-16 19:00:00,74645.0
2026-03-16 20:00:00,74875.0
2026-03-16 22:00:00,75475.0
2026-03-16 23:00:00,75590.0
2026-03-17 00:00:00,76025.0
2026-03-17 01:00:00,76360.0
2026-03-17 02:00:00,75915.0
2026-03-17 03:00:00,75130.0
2026-03-17 04:00:00,74900.0
2026-03-17 05:00:00,74725.0
2026-03-17 06:00:00,74745.0
2026-03-17 07:00:00,74915.0
2026-03-17 08:00:00,74840.0
2026-03-17 09:00:00,74605.0
2026-03-17 10:00:00,74375.0
2026-03-17 11:00:00,74715.0
2026-03-17 12:00:00,74385.0
2026-03-17 13:00:00,74280.0
2026-03-17 14:00:00,75115.0
2026-03-17 15:00:00,74630.0
2026-03-17 16:00:00,74860.0
2026-03-17 17:00:00,75245.0
2026-03-17 18:00:00,75400.0
2026-03-17 19:00:00,75225.0
2026-03-17 20:00:00,75180.0
2026-03-17 22:00:00,75015.0
2026-03-17 23:00:00,74585.0
2026-03-18 00:00:00,74535.0
2026-03-18 01:00:00,74790.0
2026-03-18 02:00:00,75060.0
2026-03-18 03:00:00,75200.0
2026-03-18 04:00:00,74900.0
2026-03-18 05:00:00,74655.0
2026-03-18 06:00:00,74635.0
2026-03-18 07:00:00,74545.0
2026-03-18 08:00:00,74710.0
2026-03-18 09:00:00,74875.0
2026-03-18 10:00:00,74605.0
2026-03-18 11:00:00,73590.0
2026-03-18 12:00:00,72990.0
2026-03-18 13:00:00,72745.0
2026-03-18 14:00:00,71810.0
2026-03-18 15:00:00,72090.0
2026-03-18 16:00:00,71920.0
2026-03-18 17:00:00,72250.0
2026-03-18 18:00:00,71715.0
2026-03-18 19:00:00,71655.0
2026-03-18 20:00:00,71820.0
2026-03-18 22:00:00,71755.0
2026-03-18 23:00:00,71835.0
2026-03-19 00:00:00,71630.0
2026-03-19 01:00:00,71750.0
2026-03-19 02:00:00,71655.0
2026-03-19 03:00:00,71835.0
2026-03-19 04:00:00,71460.0
2026-03-19 05:00:00,70900.0
2026-03-19 06:00:00,71180.0
2026-03-19 07:00:00,70815.0
2026-03-19 08:00:00,70615.0
2026-03-19 09:00:00,71115.0
2026-03-19 10:00:00,70730.0
2026-03-19 11:00:00,70590.0
2026-03-19 12:00:00,69890.0
2026-03-19 13:00:00,70545.0
2026-03-19 14:00:00,70120.0
2026-03-19 15:00:00,70020.0
2026-03-19 16:00:00,70070.0
2026-03-19 17:00:00,70490.0
2026-03-19 18:00:00,70445.0
2026-03-19 19:00:00,70885.0
2026-03-19 20:00:00,71065.0
2026-03-19 22:00:00,70835.0
2026-03-19 23:00:00,70500.0
2026-03-20 00:00:00,70830.0
2026-03-20 01:00:00,71020.0
2026-03-20 02:00:00,71045.0
2026-03-20 03:00:00,71365.0
2026-03-20 04:00:00,71400.0
2026-03-20 05:00:00,71235.0
2026-03-20 06:00:00,71105.0
2026-03-20 07:00:00,71490.0
2026-03-20 08:00:00,71665.0
2026-03-20 09:00:00,71165.0
2026-03-20 10:00:00,71220.0
2026-03-20 11:00:00,71090.0
2026-03-20 12:00:00,70950.0
2026-03-20 13:00:00,70450.0
2026-03-20 14:00:00,70310.0
2026-03-20 15:00:00,70450.0
2026-03-20 16:00:00,70415.0
2026-03-20 17:00:00,70570.0
2026-03-20 18:00:00,70330.0
2026-03-20 19:00:00,70780.0
2026-03-20 20:00:00,70695.0
2026-03-22 22:00:00,68890.0
2026-03-22 23:00:00,68445.0
2026-03-23 00:00:00,68220.0
2026-03-23 01:00:00,68590.0
2026-03-23 02:00:00,68880.0
2026-03-23 03:00:00,68600.0
2026-03-23 04:00:00,69125.0
2026-03-23 05:00:00,71270.0
2026-03-23 06:00:00,68340.0
2026-03-23 07:00:00,68875.0
2026-03-23 08:00:00,69080.0
2026-03-23 09:00:00,68810.0
2026-03-23 10:00:00,69115.0
2026-03-23 11:00:00,70715.0
2026-03-23 12:00:00,71340.0
2026-03-23 13:00:00,72095.0
2026-03-23 14:00:00,72075.0
2026-03-23 15:00:00,70660.0
2026-03-23 16:00:00,71075.0
2026-03-23 17:00:00,71665.0
2026-03-23 18:00:00,71635.0
2026-03-23 19:00:00,71250.0
2026-03-23 20:00:00,71445.0
2026-03-23 22:00:00,71365.0
2026-03-23 23:00:00,71525.0
2026-03-24 00:00:00,71295.0
2026-03-24 01:00:00,70975.0
2026-03-24 02:00:00,71025.0
2026-03-24 03:00:00,71050.0
2026-03-24 04:00:00,70950.0
2026-03-24 05:00:00,70820.0
2026-03-24 06:00:00,71060.0
2026-03-24 07:00:00,71850.0
2026-03-24 08:00:00,71520.0
2026-03-24 09:00:00,71955.0
2026-03-24 10:00:00,71760.0
2026-03-24 11:00:00,71705.0
2026-03-24 12:00:00,71515.0
2026-03-24 13:00:00,70565.0
2026-03-24 14:00:00,70235.0
2026-03-24 15:00:00,70435.0
2026-03-24 16:00:00,70000.0
2026-03-24 17:00:00,69790.0
2026-03-24 18:00:00,69950.0
2026-03-24 19:00:00,69925.0
2026-03-24 20:00:00,70565.0
2026-03-24 22:00:00,70900.0
2026-03-24 23:00:00,71155.0
2026-03-25 00:00:00,71450.0
2026-03-25 01:00:00,71275.0
2026-03-25 02:00:00,71055.0
2026-03-25 03:00:00,71370.0
2026-03-25 04:00:00,71555.0
2026-03-25 05:00:00,71415.0
2026-03-25 06:00:00,71620.0
2026-03-25 07:00:00,71550.0
2026-03-25 08:00:00,71835.0
2026-03-25 09:00:00,71980.0
2026-03-25 10:00:00,72125.0
2026-03-25 11:00:00,72300.0
2026-03-25 12:00:00,72320.0
2026-03-25 13:00:00,72110.0
2026-03-25 14:00:00,71820.0
2026-03-25 15:00:00,71395.0
2026-03-25 16:00:00,71915.0
2026-03-25 17:00:00,71325.0
2026-03-25 18:00:00,71335.0
2026-03-25 19:00:00,71425.0
2026-03-25 20:00:00,71535.0
2026-03-25 22:00:00,71960.0
2026-03-25 23:00:00,71885.0
2026-03-26 00:00:00,71870.0
2026-03-26 01:00:00,71825.0
2026-03-26 02:00:00,71415.0
2026-03-26 03:00:00,71430.0
2026-03-26 04:00:00,71295.0
2026-03-26 05:00:00,69045.0
2026-03-26 06:00:00,70600.0
2026-03-26 07:00:00,70580.0
2026-03-26 08:00:00,70435.0
2026-03-26 09:00:00,70055.0
2026-03-26 10:00:00,69965.0
2026-03-26 11:00:00,69755.0
2026-03-26 12:00:00,69905.0
2026-03-26 13:00:00,70165.0
2026-03-26 14:00:00,70000.0
2026-03-26 15:00:00,69565.0
2026-03-26 16:00:00,69420.0
2026-03-26 17:00:00,68935.0
2026-03-26 18:00:00,68915.0
2026-03-26 19:00:00,68975.0
2026-03-26 20:00:00,69420.0
2026-03-26 22:00:00,69340.0
2026-03-26 23:00:00,69290.0
2026-03-27 00:00:00,69220.0
2026-03-27 01:00:00,69575.0
2026-03-27 02:00:00,69600.0
2026-03-27 03:00:00,69280.0
2026-03-27 04:00:00,69070.0
2026-03-27 05:00:00,69210.0
2026-03-27 06:00:00,69220.0
2026-03-27 07:00:00,69085.0
2026-03-27 08:00:00,68530.0
2026-03-27 09:00:00,68310.0
2026-03-27 10:00:00,66980.0
2026-03-27 11:00:00,67265.0
2026-03-27 12:00:00,67050.0
2026-03-27 13:00:00,66540.0
2026-03-27 14:00:00,66340.0
2026-03-27 15:00:00,66600.0
2026-03-27 16:00:00,66380.0
2026-03-27 17:00:00,66115.0
2026-03-27 18:00:00,66335.0
2026-03-27 19:00:00,66545.0
2026-03-27 20:00:00,66475.0
