DATETIME,price
2011-03-08 06:00:00,6998.5
2011-03-09 06:00:00,7008.5
2011-03-10 06:00:00,6773.5
2011-03-11 06:00:00,6668.5
2011-03-14 05:00:00,6708.5
2011-03-15 05:00:00,6503.5
2011-03-16 05:00:00,6663.5
2011-03-17 05:00:00,6558.5
2011-03-18 05:00:00,6578.5
2011-03-21 05:00:00,6588.5
2011-03-22 05:00:00,6663.5
2011-03-23 05:00:00,6708.5
2011-03-24 05:00:00,6708.5
2011-03-25 05:00:00,6783.5
2011-03-28 05:00:00,6793.5
2011-03-29 05:00:00,6833.5
2011-03-30 05:00:00,6828.5
2011-03-31 05:00:00,6753.5
2011-04-01 05:00:00,6878.5
2011-04-06 05:00:00,7093.5
2011-04-07 05:00:00,7123.5
2011-04-08 05:00:00,7163.5
2011-04-11 05:00:00,7148.5
2011-04-12 05:00:00,7053.5
2011-04-13 05:00:00,7268.5
2011-04-14 05:00:00,7213.5
2011-04-15 05:00:00,7233.5
2011-04-18 05:00:00,7203.5
2011-04-19 05:00:00,7038.5
2011-04-20 05:00:00,7028.5
2011-04-21 05:00:00,7088.5
2011-04-22 05:00:00,7013.5
2011-04-25 05:00:00,6948.5
2011-04-26 05:00:00,6863.5
2011-04-27 05:00:00,6853.5
2011-04-28 05:00:00,6803.5
2011-04-29 05:00:00,6818.5
2011-05-03 05:00:00,6838.5
2011-05-04 05:00:00,6533.5
2011-05-05 05:00:00,6563.5
2011-05-06 05:00:00,6543.5
2011-05-09 05:00:00,6563.5
2011-05-10 05:00:00,6593.5
2011-05-11 05:00:00,6598.5
2011-05-12 05:00:00,6458.5
2011-05-13 05:00:00,6548.5
2011-05-16 05:00:00,6458.5
2011-05-17 05:00:00,6493.5
2011-05-18 05:00:00,6588.5
2011-05-19 05:00:00,6568.5
2011-05-20 05:00:00,6548.5
2011-05-23 05:00:00,6303.5
2011-05-24 05:00:00,6278.5
2011-05-25 05:00:00,6193.5
2011-05-26 05:00:00,6208.5
2011-05-27 05:00:00,6223.5
2011-05-30 05:00:00,6243.5
2011-05-31 05:00:00,6363.5
2011-06-01 05:00:00,6343.5
2011-06-02 05:00:00,6178.5
2011-06-03 05:00:00,6173.5
2011-06-07 05:00:00,6203.5
2011-06-08 05:00:00,6188.5
2011-06-09 05:00:00,6038.5
2011-06-10 05:00:00,6038.5
2011-06-13 05:00:00,6033.5
2011-06-14 05:00:00,6143.5
2011-06-15 05:00:00,6063.5
2011-06-16 05:00:00,5973.5
2011-06-17 05:00:00,5938.5
2011-06-20 05:00:00,5878.5
2011-06-21 05:00:00,5963.5
2011-06-22 05:00:00,5978.5
2011-06-23 05:00:00,6103.5
2011-06-24 05:00:00,6328.5
2011-06-27 05:00:00,6358.5
2011-06-28 05:00:00,6343.5
2011-06-29 05:00:00,6243.5
2011-06-30 05:00:00,6363.5
2011-07-01 05:00:00,6348.5
2011-07-04 05:00:00,6523.5
2011-07-05 05:00:00,6523.5
2011-07-06 05:00:00,6463.5
2011-07-07 05:00:00,6458.5
2011-07-08 05:00:00,6498.5
2011-07-11 05:00:00,6403.5
2011-07-12 05:00:00,6198.5
2011-07-13 05:00:00,6378.5
2011-07-14 05:00:00,6368.5
2011-07-15 05:00:00,6393.5
2011-07-18 05:00:00,6388.5
2011-07-19 05:00:00,6338.5
2011-07-20 05:00:00,6303.5
2011-07-21 05:00:00,6238.5
2011-07-22 05:00:00,6253.5
2011-07-25 05:00:00,5978.5
2011-07-26 05:00:00,6013.5
2011-07-27 05:00:00,6013.5
2011-07-28 05:00:00,5948.5
2011-07-29 05:00:00,5963.5
2011-08-01 05:00:00,5978.5
2011-08-02 05:00:00,5873.5
2011-08-03 05:00:00,5838.5
2011-08-04 05:00:00,5878.5
2011-08-05 05:00:00,5658.5
2011-08-08 05:00:00,5453.5
2011-08-09 05:00:00,5493.5
2011-08-10 05:00:00,5523.5
2011-08-11 05:00:00,5653.5
2011-08-12 05:00:00,5613.5
2011-08-15 05:00:00,5738.5
2011-08-16 05:00:00,5713.5
2011-08-17 05:00:00,5718.5
2011-08-18 05:00:00,5558.5
2011-08-19 05:00:00,5468.5
2011-08-22 05:00:00,5383.5
2011-08-23 05:00:00,5543.5
2011-08-24 05:00:00,5468.5
2011-08-25 05:00:00,5788.5
2011-08-26 05:00:00,5758.5
2011-08-29 05:00:00,5648.5
2011-08-30 05:00:00,5593.5
2011-08-31 05:00:00,5643.5
2011-09-01 05:00:00,5613.5
2011-09-02 05:00:00,5553.5
2011-09-05 05:00:00,5373.5
2011-09-06 05:00:00,5333.5
2011-09-07 05:00:00,5371.5
2011-09-08 05:00:00,5433.5
2011-09-09 05:00:00,5408.5
2011-09-13 05:00:00,5313.5
2011-09-14 05:00:00,5358.5
2011-09-15 05:00:00,5343.5
2011-09-16 05:00:00,5423.5
2011-09-19 05:00:00,5243.5
2011-09-20 05:00:00,5288.5
2011-09-21 05:00:00,5468.5
2011-09-22 05:00:00,5208.5
2011-09-23 05:00:00,5138.5
2011-09-26 05:00:00,4933.5
2011-09-27 05:00:00,5053.5
2011-09-28 05:00:00,4978.5
2011-09-29 05:00:00,4938.5
2011-09-30 05:00:00,4868.5
2011-10-10 05:00:00,4808.5
2011-10-11 05:00:00,4888.5
2011-10-12 05:00:00,5158.5
2011-10-13 05:00:00,5208.5
2011-10-14 05:00:00,5188.5
2011-10-17 05:00:00,5268.5
2011-10-18 05:00:00,5033.5
2011-10-19 05:00:00,5073.5
2011-10-20 05:00:00,4888.5
2011-10-21 05:00:00,4938.5
2011-10-24 05:00:00,5153.5
2011-10-25 05:00:00,5248.5
2011-10-26 05:00:00,5343.5
2011-10-27 05:00:00,5388.5
2011-10-28 05:00:00,5428.5
2011-10-31 05:00:00,5413.5
2011-11-01 05:00:00,5388.5
2011-11-02 05:00:00,5548.5
2011-11-03 05:00:00,5513.5
2011-11-04 05:00:00,5623.5
2011-11-07 06:00:00,5518.5
2011-11-08 06:00:00,5513.5
2011-11-09 06:00:00,5558.5
2011-11-10 06:00:00,5318.5
2011-11-11 06:00:00,5333.5
2011-11-14 06:00:00,5523.5
2011-11-15 06:00:00,5453.5
2011-11-16 06:00:00,5238.5
2011-11-17 06:00:00,5223.5
2011-11-18 06:00:00,5048.5
2011-11-21 06:00:00,5048.5
2011-11-22 06:00:00,5088.5
2011-11-23 06:00:00,4993.5
2011-11-24 06:00:00,5018.5
2011-11-25 06:00:00,4948.5
2011-11-28 06:00:00,5008.5
2011-11-29 06:00:00,5078.5
2011-11-30 06:00:00,4858.5
2011-12-01 06:00:00,5098.5
2011-12-02 06:00:00,5048.5
2011-12-05 06:00:00,4973.5
2011-12-06 06:00:00,4933.5
2011-12-07 06:00:00,4978.5
2011-12-08 06:00:00,4953.5
2011-12-09 06:00:00,4888.5
2011-12-12 06:00:00,4883.5
2011-12-13 06:00:00,4718.5
2011-12-14 06:00:00,4708.5
2011-12-15 06:00:00,4523.5
2011-12-16 06:00:00,4673.5
2011-12-19 06:00:00,4643.5
2011-12-20 06:00:00,4618.5
2011-12-21 06:00:00,4588.5
2011-12-22 06:00:00,4583.5
2011-12-23 06:00:00,4623.5
2011-12-26 06:00:00,4558.5
2011-12-27 06:00:00,4513.5
2011-12-28 06:00:00,4493.5
2011-12-29 06:00:00,4518.5
2011-12-30 06:00:00,4523.5
2012-01-04 06:00:00,4503.5
2012-01-05 06:00:00,4523.5
2012-01-06 06:00:00,4503.5
2012-01-09 06:00:00,4718.5
2012-01-10 06:00:00,4943.5
2012-01-11 06:00:00,4888.5
2012-01-12 06:00:00,4918.5
2012-01-13 06:00:00,4853.5
2012-01-16 06:00:00,4733.5
2012-01-17 06:00:00,5078.5
2012-01-18 06:00:00,4983.5
2012-01-19 06:00:00,5108.5
2012-01-20 06:00:00,5238.5
2012-01-30 06:00:00,5148.5
2012-01-31 06:00:00,5123.5
2012-02-01 06:00:00,5008.5
2012-02-02 06:00:00,5218.5
2012-02-03 06:00:00,5293.5
2012-02-06 06:00:00,5348.5
2012-02-07 06:00:00,5168.5
2012-02-08 06:00:00,5358.5
2012-02-09 06:00:00,5338.5
2012-02-10 06:00:00,5263.5
2012-02-13 06:00:00,5258.5
2012-02-14 06:00:00,5163.5
2012-02-15 06:00:00,5263.5
2012-02-16 06:00:00,5198.5
2012-02-17 06:00:00,5248.5
2012-02-20 06:00:00,5223.5
2012-02-21 06:00:00,5258.5
2012-02-22 06:00:00,5348.5
2012-02-23 06:00:00,5368.5
2012-02-24 06:00:00,5538.5
2012-02-27 06:00:00,5538.5
2012-02-28 06:00:00,5578.5
2012-02-29 06:00:00,5548.5
2012-03-01 06:00:00,5478.5
2012-03-02 06:00:00,5653.5
2012-03-05 06:00:00,5543.5
2012-03-06 06:00:00,5328.5
2012-03-07 06:00:00,5238.5
2012-03-08 06:00:00,5328.5
2012-03-09 06:00:00,5363.5
2012-03-12 05:00:00,5303.5
2012-03-13 05:00:00,5398.5
2012-03-14 05:00:00,5288.5
2012-03-15 05:00:00,5198.5
2012-03-16 05:00:00,5238.5
2012-03-19 05:00:00,5203.5
2012-03-20 05:00:00,5053.5
2012-03-21 05:00:00,5093.5
2012-03-22 05:00:00,5068.5
2012-03-23 05:00:00,5003.5
2012-03-26 05:00:00,5003.5
2012-03-27 05:00:00,4983.5
2012-03-28 05:00:00,4813.5
2012-03-29 05:00:00,4668.5
2012-03-30 05:00:00,4753.5
2012-04-05 05:00:00,4888.5
2012-04-06 05:00:00,4913.5
2012-04-09 05:00:00,4853.5
2012-04-10 05:00:00,4918.5
2012-04-11 05:00:00,4913.5
2012-04-12 05:00:00,5098.5
2012-04-13 05:00:00,5153.5
2012-04-16 05:00:00,5098.5
2012-04-17 05:00:00,5028.5
2012-04-18 05:00:00,5158.5
2012-04-19 05:00:00,5193.5
2012-04-20 05:00:00,5268.5
2012-04-23 05:00:00,5283.5
2012-04-24 05:00:00,5283.5
2012-04-25 05:00:00,5293.5
2012-04-26 05:00:00,5298.5
2012-04-27 05:00:00,5278.5
2012-05-02 05:00:00,5488.5
2012-05-03 05:00:00,5463.5
2012-05-04 05:00:00,5508.5
2012-05-07 05:00:00,5433.5
2012-05-08 05:00:00,5408.5
2012-05-09 05:00:00,5243.5
2012-05-10 05:00:00,5248.5
2012-05-11 05:00:00,5128.5
2012-05-14 05:00:00,5088.5
2012-05-15 05:00:00,5108.5
2012-05-16 05:00:00,4968.5
2012-05-17 05:00:00,5078.5
2012-05-18 05:00:00,4963.5
2012-05-21 05:00:00,4983.5
2012-05-22 05:00:00,5118.5
2012-05-23 05:00:00,5098.5
2012-05-24 05:00:00,5053.5
2012-05-25 05:00:00,4978.5
2012-05-28 05:00:00,5048.5
2012-05-29 05:00:00,5148.5
2012-05-30 05:00:00,5093.5
2012-05-31 05:00:00,5098.5
2012-06-01 05:00:00,5118.5
2012-06-04 05:00:00,4883.5
2012-06-05 05:00:00,4873.5
2012-06-06 05:00:00,4878.5
2012-06-07 05:00:00,4843.5
2012-06-08 05:00:00,4763.5
2012-06-11 05:00:00,4878.5
2012-06-12 05:00:00,4818.5
2012-06-13 05:00:00,4933.5
2012-06-14 05:00:00,4883.5
2012-06-15 05:00:00,4973.5
2012-06-18 05:00:00,5003.5
2012-06-19 05:00:00,4978.5
2012-06-20 05:00:00,4958.5
2012-06-21 05:00:00,4833.5
2012-06-25 05:00:00,4728.5
2012-06-26 05:00:00,4733.5
2012-06-27 05:00:00,4703.5
2012-06-28 05:00:00,4678.5
2012-06-29 05:00:00,4788.5
2012-07-02 05:00:00,4773.5
2012-07-03 05:00:00,4813.5
2012-07-04 05:00:00,4783.5
2012-07-05 05:00:00,4753.5
2012-07-06 05:00:00,4808.5
2012-07-09 05:00:00,4693.5
2012-07-10 05:00:00,4643.5
2012-07-11 05:00:00,4673.5
2012-07-12 05:00:00,4668.5
2012-07-13 05:00:00,4723.5
2012-07-16 05:00:00,4633.5
2012-07-17 05:00:00,4653.5
2012-07-18 05:00:00,4653.5
2012-07-19 05:00:00,4743.5
2012-07-20 05:00:00,4643.5
2012-07-23 05:00:00,4443.5
2012-07-24 05:00:00,4483.5
2012-07-25 05:00:00,4478.5
2012-07-26 05:00:00,4433.5
2012-07-27 05:00:00,4468.5
2012-07-30 05:00:00,4518.5
2012-07-31 05:00:00,4543.5
2012-08-01 05:00:00,4608.5
2012-08-02 05:00:00,4533.5
2012-08-03 05:00:00,4588.5
2012-08-06 05:00:00,4628.5
2012-08-07 05:00:00,4613.5
2012-08-08 05:00:00,4653.5
2012-08-09 05:00:00,4683.5
2012-08-10 05:00:00,4663.5
2012-08-13 05:00:00,4513.5
2012-08-14 05:00:00,4468.5
2012-08-15 05:00:00,4398.5
2012-08-16 05:00:00,4378.5
2012-08-17 05:00:00,4363.5
2012-08-20 05:00:00,4308.5
2012-08-21 05:00:00,4323.5
2012-08-22 05:00:00,4263.5
2012-08-23 05:00:00,4303.5
2012-08-24 05:00:00,4228.5
2012-08-27 05:00:00,4108.5
2012-08-28 05:00:00,4128.5
2012-08-29 05:00:00,4083.5
2012-08-30 05:00:00,4123.5
2012-08-31 05:00:00,4098.5
2012-09-03 05:00:00,4123.5
2012-09-04 05:00:00,4053.5
2012-09-05 05:00:00,4018.5
2012-09-06 05:00:00,4088.5
2012-09-07 05:00:00,4393.5
2012-09-10 05:00:00,4378.5
2012-09-11 05:00:00,4293.5
2012-09-12 05:00:00,4313.5
2012-09-13 05:00:00,4273.5
2012-09-14 05:00:00,4348.5
2012-09-17 05:00:00,4198.5
2012-09-18 05:00:00,4118.5
2012-09-19 05:00:00,4153.5
2012-09-20 05:00:00,4003.5
2012-09-21 05:00:00,4018.5
2012-09-24 05:00:00,4043.5
2012-09-25 05:00:00,4053.5
2012-09-26 05:00:00,4018.5
2012-09-27 05:00:00,4188.5
2012-09-28 05:00:00,4333.5
2012-10-08 05:00:00,4258.5
2012-10-09 05:00:00,4363.5
2012-10-10 05:00:00,4368.5
2012-10-11 05:00:00,4343.5
2012-10-12 05:00:00,4353.5
2012-10-15 05:00:00,4358.5
2012-10-16 05:00:00,4373.5
2012-10-17 05:00:00,4388.5
2012-10-18 05:00:00,4508.5
2012-10-19 05:00:00,4533.5
2012-10-22 05:00:00,4478.5
2012-10-23 05:00:00,4488.5
2012-10-24 05:00:00,4428.5
2012-10-25 05:00:00,4363.5
2012-10-26 05:00:00,4208.5
2012-10-29 05:00:00,4168.5
2012-10-30 05:00:00,4138.5
2012-10-31 05:00:00,4203.5
2012-11-01 05:00:00,4403.5
2012-11-02 05:00:00,4423.5
2012-11-05 06:00:00,4403.5
2012-11-06 06:00:00,4343.5
2012-11-07 06:00:00,4348.5
2012-11-08 06:00:00,4253.5
2012-11-09 06:00:00,4243.5
2012-11-12 06:00:00,4273.5
2012-11-13 06:00:00,4153.5
2012-11-14 06:00:00,4183.5
2012-11-15 06:00:00,4098.5
2012-11-16 06:00:00,4028.5
2012-11-19 06:00:00,4003.5
2012-11-20 06:00:00,3993.5
2012-11-21 06:00:00,4048.5
2012-11-22 06:00:00,4053.5
2012-11-23 06:00:00,4123.5
2012-11-26 06:00:00,4063.5
2012-11-27 06:00:00,4003.5
2012-11-28 06:00:00,3943.5
2012-11-29 06:00:00,3938.5
2012-11-30 06:00:00,3968.5
2012-12-03 06:00:00,3938.5
2012-12-04 06:00:00,3988.5
2012-12-05 06:00:00,4288.5
2012-12-06 06:00:00,4248.5
2012-12-07 06:00:00,4393.5
2012-12-10 06:00:00,4443.5
2012-12-11 06:00:00,4408.5
2012-12-12 06:00:00,4478.5
2012-12-13 06:00:00,4423.5
2012-12-14 06:00:00,4803.5
2012-12-17 06:00:00,4903.5
2012-12-18 06:00:00,4918.5
2012-12-19 06:00:00,4868.5
2012-12-20 06:00:00,4913.5
2012-12-21 06:00:00,4863.5
2012-12-24 06:00:00,4843.5
2012-12-25 06:00:00,5083.5
2012-12-26 06:00:00,5078.5
2012-12-27 06:00:00,5073.5
2012-12-28 06:00:00,5168.5
2012-12-31 06:00:00,5293.5
2013-01-04 06:00:00,5453.5
2013-01-07 06:00:00,5468.5
2013-01-08 06:00:00,5388.5
2013-01-09 06:00:00,5343.5
2013-01-10 06:00:00,5353.5
2013-01-11 06:00:00,5223.5
2013-01-14 06:00:00,5508.5
2013-01-15 06:00:00,5518.5
2013-01-16 06:00:00,5393.5
2013-01-17 06:00:00,5343.5
2013-01-18 06:00:00,5468.5
2013-01-21 06:00:00,5538.5
2013-01-22 06:00:00,5563.5
2013-01-23 06:00:00,5563.5
2013-01-24 06:00:00,5533.5
2013-01-25 06:00:00,5493.5
2013-01-28 06:00:00,5723.5
2013-01-29 06:00:00,5878.5
2013-01-30 06:00:00,5968.5
2013-01-31 06:00:00,5928.5
2013-02-01 06:00:00,6148.5
2013-02-04 06:00:00,6168.5
2013-02-05 06:00:00,6133.5
2013-02-06 06:00:00,6203.5
2013-02-07 06:00:00,6068.5
2013-02-08 06:00:00,6018.5
2013-02-18 06:00:00,5973.5
2013-02-19 06:00:00,5783.5
2013-02-20 06:00:00,5733.5
2013-02-21 06:00:00,5408.5
2013-02-22 06:00:00,5343.5
2013-02-25 06:00:00,5383.5
2013-02-26 06:00:00,5248.5
2013-02-27 06:00:00,5363.5
2013-02-28 06:00:00,5663.5
2013-03-01 06:00:00,5603.5
2013-03-04 06:00:00,5183.5
2013-03-05 06:00:00,5393.5
2013-03-06 06:00:00,5513.5
2013-03-07 06:00:00,5393.5
2013-03-08 06:00:00,5388.5
2013-03-11 05:00:00,5293.5
2013-03-12 05:00:00,5168.5
2013-03-13 05:00:00,5078.5
2013-03-14 05:00:00,5123.5
2013-03-15 05:00:00,5078.5
2013-03-18 05:00:00,4933.5
2013-03-19 05:00:00,4988.5
2013-03-20 05:00:00,5308.5
2013-03-21 05:00:00,5308.5
2013-03-22 05:00:00,5328.5
2013-03-25 05:00:00,5318.5
2013-03-26 05:00:00,5178.5
2013-03-27 05:00:00,5198.5
2013-03-28 05:00:00,4868.5
2013-03-29 05:00:00,4838.5
2013-04-01 05:00:00,4818.5
2013-04-02 05:00:00,4843.5
2013-04-03 05:00:00,4813.5
2013-04-08 05:00:00,4738.5
2013-04-09 05:00:00,4833.5
2013-04-10 05:00:00,4843.5
2013-04-11 05:00:00,4803.5
2013-04-12 05:00:00,4763.5
2013-04-15 05:00:00,4723.5
2013-04-16 05:00:00,4738.5
2013-04-17 05:00:00,4693.5
2013-04-18 05:00:00,4743.5
2013-04-19 05:00:00,5018.5
2013-04-22 05:00:00,4993.5
2013-04-23 05:00:00,4748.5
2013-04-24 05:00:00,4838.5
2013-04-25 05:00:00,4743.5
2013-04-26 05:00:00,4753.5
2013-05-02 05:00:00,4723.5
2013-05-03 05:00:00,4848.5
2013-05-06 05:00:00,4973.5
2013-05-07 05:00:00,4988.5
2013-05-08 05:00:00,5043.5
2013-05-09 05:00:00,4973.5
2013-05-10 05:00:00,5038.5
2013-05-13 05:00:00,4903.5
2013-05-14 05:00:00,4783.5
2013-05-15 05:00:00,4783.5
2013-05-16 05:00:00,4923.5
2013-05-17 05:00:00,5108.5
2013-05-20 05:00:00,5163.5
2013-05-21 05:00:00,5103.5
2013-05-22 05:00:00,5123.5
2013-05-23 05:00:00,4968.5
2013-05-24 05:00:00,4988.5
2013-05-27 05:00:00,4983.5
2013-05-28 05:00:00,5203.5
2013-05-29 05:00:00,5123.5
2013-05-30 05:00:00,5138.5
2013-05-31 05:00:00,5073.5
2013-06-03 05:00:00,5023.5
2013-06-04 05:00:00,4988.5
2013-06-05 05:00:00,4923.5
2013-06-06 05:00:00,4818.5
2013-06-07 05:00:00,4698.5
2013-06-13 05:00:00,4433.5
2013-06-14 05:00:00,4448.5
2013-06-17 05:00:00,4438.5
2013-06-18 05:00:00,4458.5
2013-06-19 05:00:00,4338.5
2013-06-20 05:00:00,4148.5
2013-06-21 05:00:00,4143.5
2013-06-24 05:00:00,3733.5
2013-06-25 05:00:00,3658.5
2013-06-26 05:00:00,3683.5
2013-06-27 05:00:00,3653.5
2013-06-28 05:00:00,3848.5
2013-07-01 05:00:00,3823.5
2013-07-02 05:00:00,3778.5
2013-07-03 05:00:00,3658.5
2013-07-04 05:00:00,3793.5
2013-07-05 05:00:00,3838.5
2013-07-08 05:00:00,3783.5
2013-07-09 05:00:00,3743.5
2013-07-10 05:00:00,3903.5
2013-07-11 05:00:00,4283.5
2013-07-12 05:00:00,4153.5
2013-07-15 05:00:00,4188.5
2013-07-16 05:00:00,4163.5
2013-07-17 05:00:00,4128.5
2013-07-18 05:00:00,3983.5
2013-07-19 05:00:00,3803.5
2013-07-22 05:00:00,3783.5
2013-07-23 05:00:00,3978.5
2013-07-24 05:00:00,3888.5
2013-07-25 05:00:00,3883.5
2013-07-26 05:00:00,3843.5
2013-07-29 05:00:00,3718.5
2013-07-30 05:00:00,3773.5
2013-07-31 05:00:00,3773.5
2013-08-01 05:00:00,3943.5
2013-08-02 05:00:00,3928.5
2013-08-05 05:00:00,4003.5
2013-08-06 05:00:00,4003.5
2013-08-07 05:00:00,3938.5
2013-08-08 05:00:00,3948.5
2013-08-09 05:00:00,3993.5
2013-08-12 05:00:00,4213.5
2013-08-13 05:00:00,4288.5
2013-08-14 05:00:00,4273.5
2013-08-15 05:00:00,4203.5
2013-08-16 05:00:00,4193.5
2013-08-19 05:00:00,4228.5
2013-08-20 05:00:00,4163.5
2013-08-21 05:00:00,4178.5
2013-08-22 05:00:00,4178.5
2013-08-23 05:00:00,4058.5
2013-08-26 05:00:00,4208.5
2013-08-27 05:00:00,4198.5
2013-08-28 05:00:00,4133.5
2013-08-29 05:00:00,4163.5
2013-08-30 05:00:00,4133.5
2013-09-02 05:00:00,4188.5
2013-09-03 05:00:00,4238.5
2013-09-04 05:00:00,4248.5
2013-09-05 05:00:00,4283.5
2013-09-06 05:00:00,4318.5
2013-09-09 05:00:00,4648.5
2013-09-10 05:00:00,4793.5
2013-09-11 05:00:00,4803.5
2013-09-12 05:00:00,4978.5
2013-09-13 05:00:00,4923.5
2013-09-16 05:00:00,4843.5
2013-09-17 05:00:00,4683.5
2013-09-18 05:00:00,4683.5
2013-09-23 05:00:00,4708.5
2013-09-24 05:00:00,4593.5
2013-09-25 05:00:00,4503.5
2013-09-26 05:00:00,4418.5
2013-09-27 05:00:00,4408.5
2013-09-30 05:00:00,4393.5
2013-10-08 05:00:00,4508.5
2013-10-09 05:00:00,4548.5
2013-10-10 05:00:00,4453.5
2013-10-11 05:00:00,4548.5
2013-10-14 05:00:00,4543.5
2013-10-15 05:00:00,4498.5
2013-10-16 05:00:00,4413.5
2013-10-17 05:00:00,4358.5
2013-10-18 05:00:00,4373.5
2013-10-21 05:00:00,4458.5
2013-10-22 05:00:00,4398.5
2013-10-23 05:00:00,4333.5
2013-10-24 05:00:00,4318.5
2013-10-25 05:00:00,4248.5
2013-10-28 05:00:00,4263.5
2013-10-29 05:00:00,4388.5
2013-10-30 05:00:00,4498.5
2013-10-31 05:00:00,4433.5
2013-11-01 05:00:00,4518.5
2013-11-04 06:00:00,4478.5
2013-11-05 06:00:00,4413.5
2013-11-06 06:00:00,4348.5
2013-11-07 06:00:00,4323.5
2013-11-08 06:00:00,4248.5
2013-11-11 06:00:00,4328.5
2013-11-12 06:00:00,4318.5
2013-11-13 06:00:00,4148.5
2013-11-14 06:00:00,4163.5
2013-11-15 06:00:00,4333.5
2013-11-18 06:00:00,4693.5
2013-11-19 06:00:00,4643.5
2013-11-20 06:00:00,4643.5
2013-11-21 06:00:00,4523.5
2013-11-22 06:00:00,4543.5
2013-11-25 06:00:00,4488.5
2013-11-26 06:00:00,4488.5
2013-11-27 06:00:00,4528.5
2013-11-28 06:00:00,4603.5
2013-11-29 06:00:00,4623.5
2013-12-02 06:00:00,4683.5
2013-12-03 06:00:00,4688.5
2013-12-04 06:00:00,4748.5
2013-12-05 06:00:00,4733.5
2013-12-06 06:00:00,4658.5
2013-12-09 06:00:00,4648.5
2013-12-10 06:00:00,4643.5
2013-12-11 06:00:00,4478.5
2013-12-12 06:00:00,4428.5
2013-12-13 06:00:00,4438.5
2013-12-16 06:00:00,4328.5
2013-12-17 06:00:00,4318.5
2013-12-18 06:00:00,4333.5
2013-12-19 06:00:00,4208.5
2013-12-20 06:00:00,4043.5
2013-12-23 06:00:00,4008.5
2013-12-24 06:00:00,4038.5
2013-12-25 06:00:00,4098.5
2013-12-26 06:00:00,3993.5
2013-12-27 06:00:00,4078.5
2013-12-30 06:00:00,4028.5
2013-12-31 06:00:00,4128.5
2014-01-02 06:00:00,4068.5
2014-01-03 06:00:00,3938.5
2014-01-06 06:00:00,3823.5
2014-01-07 06:00:00,3778.5
2014-01-08 06:00:00,3823.5
2014-01-09 06:00:00,3768.5
2014-01-10 06:00:00,3773.5
2014-01-13 06:00:00,3768.5
2014-01-14 06:00:00,3783.5
2014-01-15 06:00:00,3788.5
2014-01-16 06:00:00,3768.5
2014-01-17 06:00:00,3703.5
2014-01-20 06:00:00,3643.5
2014-01-21 06:00:00,3708.5
2014-01-22 06:00:00,3873.5
2014-01-23 06:00:00,3813.5
2014-01-24 06:00:00,3808.5
2014-01-27 06:00:00,3733.5
2014-01-28 06:00:00,3753.5
2014-01-29 06:00:00,3758.5
2014-01-30 06:00:00,3643.5
2014-02-07 06:00:00,3668.5
2014-02-10 06:00:00,3763.5
2014-02-11 06:00:00,3873.5
2014-02-12 06:00:00,3908.5
2014-02-13 06:00:00,3898.5
2014-02-14 06:00:00,3943.5
2014-02-17 06:00:00,3943.5
2014-02-18 06:00:00,3823.5
2014-02-19 06:00:00,3933.5
2014-02-20 06:00:00,3873.5
2014-02-21 06:00:00,3833.5
2014-02-24 06:00:00,3623.5
2014-02-25 06:00:00,3488.5
2014-02-26 06:00:00,3493.5
2014-02-27 06:00:00,3538.5
2014-02-28 06:00:00,3578.5
2014-03-03 06:00:00,3513.5
2014-03-04 06:00:00,3513.5
2014-03-05 06:00:00,3473.5
2014-03-06 06:00:00,3548.5
2014-03-07 06:00:00,3538.5
2014-03-10 05:00:00,3338.5
2014-03-11 05:00:00,3398.5
2014-03-12 05:00:00,3383.5
2014-03-13 05:00:00,3448.5
2014-03-14 05:00:00,3423.5
2014-03-17 05:00:00,3468.5
2014-03-18 05:00:00,3418.5
2014-03-19 05:00:00,3388.5
2014-03-20 05:00:00,3288.5
2014-03-21 05:00:00,3598.5
2014-03-24 05:00:00,3658.5
2014-03-25 05:00:00,3613.5
2014-03-26 05:00:00,3593.5
2014-03-27 05:00:00,3568.5
2014-03-28 05:00:00,3623.5
2014-03-31 05:00:00,3618.5
2014-04-01 05:00:00,3678.5
2014-04-02 05:00:00,3723.5
2014-04-03 05:00:00,3668.5
2014-04-04 05:00:00,3708.5
2014-04-08 05:00:00,3908.5
2014-04-09 05:00:00,3903.5
2014-04-10 05:00:00,4148.5
2014-04-11 05:00:00,4063.5
2014-04-14 05:00:00,4053.5
2014-04-15 05:00:00,3873.5
2014-04-16 05:00:00,3868.5
2014-04-17 05:00:00,3873.5
2014-04-18 05:00:00,3833.5
2014-04-21 05:00:00,3733.5
2014-04-22 05:00:00,3773.5
2014-04-23 05:00:00,3768.5
2014-04-24 05:00:00,3793.5
2014-04-25 05:00:00,3723.5
2014-04-28 05:00:00,3673.5
2014-04-29 05:00:00,3753.5
2014-04-30 05:00:00,3723.5
2014-05-05 05:00:00,3703.5
2014-05-06 05:00:00,3703.5
2014-05-07 05:00:00,3633.5
2014-05-08 05:00:00,3668.5
2014-05-09 05:00:00,3648.5
2014-05-12 05:00:00,3758.5
2014-05-13 05:00:00,3758.5
2014-05-14 05:00:00,3783.5
2014-05-15 05:00:00,3748.5
2014-05-16 05:00:00,3738.5
2014-05-19 05:00:00,3633.5
2014-05-20 05:00:00,3633.5
2014-05-21 05:00:00,3663.5
2014-05-22 05:00:00,3688.5
2014-05-23 05:00:00,3718.5
2014-05-26 05:00:00,3753.5
2014-05-27 05:00:00,3733.5
2014-05-28 05:00:00,3818.5
2014-05-29 05:00:00,3763.5
2014-05-30 05:00:00,3773.5
2014-06-03 05:00:00,3773.5
2014-06-04 05:00:00,3693.5
2014-06-05 05:00:00,3793.5
2014-06-06 05:00:00,3708.5
2014-06-09 05:00:00,3743.5
2014-06-10 05:00:00,3853.5
2014-06-11 05:00:00,3818.5
2014-06-12 05:00:00,3818.5
2014-06-13 05:00:00,3928.5
2014-06-16 05:00:00,3998.5
2014-06-17 05:00:00,3903.5
2014-06-18 05:00:00,3843.5
2014-06-19 05:00:00,3778.5
2014-06-20 05:00:00,3788.5
2014-06-23 05:00:00,3743.5
2014-06-24 05:00:00,3798.5
2014-06-25 05:00:00,3768.5
2014-06-26 05:00:00,3818.5
2014-06-27 05:00:00,3783.5
2014-06-30 05:00:00,3823.5
2014-07-01 05:00:00,3813.5
2014-07-02 05:00:00,3858.5
2014-07-03 05:00:00,3888.5
2014-07-04 05:00:00,3893.5
2014-07-07 05:00:00,3858.5
2014-07-08 05:00:00,3858.5
2014-07-09 05:00:00,3753.5
2014-07-10 05:00:00,3753.5
2014-07-11 05:00:00,3758.5
2014-07-14 05:00:00,3858.5
2014-07-15 05:00:00,3863.5
2014-07-16 05:00:00,3868.5
2014-07-17 05:00:00,3843.5
2014-07-18 05:00:00,3883.5
2014-07-21 05:00:00,3873.5
2014-07-22 05:00:00,4013.5
2014-07-23 05:00:00,4048.5
2014-07-24 05:00:00,4228.5
2014-07-25 05:00:00,4328.5
2014-07-28 05:00:00,4508.5
2014-07-29 05:00:00,4533.5
2014-07-30 05:00:00,4453.5
2014-07-31 05:00:00,4608.5
2014-08-01 05:00:00,4538.5
2014-08-04 05:00:00,4678.5
2014-08-05 05:00:00,4613.5
2014-08-06 05:00:00,4533.5
2014-08-07 05:00:00,4403.5
2014-08-08 05:00:00,4443.5
2014-08-11 05:00:00,4558.5
2014-08-12 05:00:00,4533.5
2014-08-13 05:00:00,4538.5
2014-08-14 05:00:00,4433.5
2014-08-15 05:00:00,4508.5
2014-08-18 05:00:00,4513.5
2014-08-19 05:00:00,4503.5
2014-08-20 05:00:00,4433.5
2014-08-21 05:00:00,4348.5
2014-08-22 05:00:00,4428.5
2014-08-25 05:00:00,4333.5
2014-08-26 05:00:00,4323.5
2014-08-27 05:00:00,4288.5
2014-08-28 05:00:00,4233.5
2014-08-29 05:00:00,4318.5
2014-09-01 05:00:00,4318.5
2014-09-02 05:00:00,4428.5
2014-09-03 05:00:00,4583.5
2014-09-04 05:00:00,4598.5
2014-09-05 05:00:00,4678.5
2014-09-09 05:00:00,4643.5
2014-09-10 05:00:00,4513.5
2014-09-11 05:00:00,4473.5
2014-09-12 05:00:00,4523.5
2014-09-15 05:00:00,4428.5
2014-09-16 05:00:00,4318.5
2014-09-17 05:00:00,4368.5
2014-09-18 05:00:00,4383.5
2014-09-19 05:00:00,4443.5
2014-09-22 05:00:00,4218.5
2014-09-23 05:00:00,4268.5
2014-09-24 05:00:00,4448.5
2014-09-25 05:00:00,4378.5
2014-09-26 05:00:00,4373.5
2014-09-29 05:00:00,4348.5
2014-09-30 05:00:00,4333.5
2014-10-08 05:00:00,4413.5
2014-10-09 05:00:00,4423.5
2014-10-10 05:00:00,4358.5
2014-10-13 05:00:00,4288.5
2014-10-14 05:00:00,4248.5
2014-10-15 05:00:00,4323.5
2014-10-16 05:00:00,4298.5
2014-10-17 05:00:00,4323.5
2014-10-20 05:00:00,4328.5
2014-10-21 05:00:00,4308.5
2014-10-22 05:00:00,4318.5
2014-10-23 05:00:00,4248.5
2014-10-24 05:00:00,4203.5
2014-10-27 05:00:00,4093.5
2014-10-28 05:00:00,4228.5
2014-10-29 05:00:00,4348.5
2014-10-30 05:00:00,4358.5
2014-10-31 05:00:00,4588.5
2014-11-03 06:00:00,4538.5
2014-11-04 06:00:00,4498.5
2014-11-05 06:00:00,4448.5
2014-11-06 06:00:00,4443.5
2014-11-07 06:00:00,4468.5
2014-11-10 06:00:00,4698.5
2014-11-11 06:00:00,4798.5
2014-11-12 06:00:00,4868.5
2014-11-13 06:00:00,4878.5
2014-11-14 06:00:00,4903.5
2014-11-17 06:00:00,4753.5
2014-11-18 06:00:00,4588.5
2014-11-19 06:00:00,4558.5
2014-11-20 06:00:00,4583.5
2014-11-21 06:00:00,4728.5
2014-11-24 06:00:00,4963.5
2014-11-25 06:00:00,5018.5
2014-11-26 06:00:00,5228.5
2014-11-27 06:00:00,5283.5
2014-11-28 06:00:00,5593.5
2014-12-01 06:00:00,5518.5
2014-12-02 06:00:00,6028.5
2014-12-03 06:00:00,6088.5
2014-12-04 06:00:00,6743.5
2014-12-05 06:00:00,6678.5
2014-12-08 06:00:00,7228.5
2014-12-09 06:00:00,6518.5
2014-12-10 06:00:00,6903.5
2014-12-11 06:00:00,6673.5
2014-12-12 06:00:00,6693.5
2014-12-15 06:00:00,6813.5
2014-12-16 06:00:00,7178.5
2014-12-17 06:00:00,7608.5
2014-12-18 06:00:00,7608.5
2014-12-19 06:00:00,7758.5
2014-12-22 06:00:00,7998.5
2014-12-23 06:00:00,7543.5
2014-12-24 06:00:00,7193.5
2014-12-25 06:00:00,7583.5
2014-12-26 06:00:00,8098.5
2014-12-29 06:00:00,8083.5
2014-12-30 06:00:00,8173.5
2014-12-31 06:00:00,8738.5
2015-01-05 06:00:00,8873.5
2015-01-06 06:00:00,8871.0
2015-01-07 06:00:00,8863.5
2015-01-08 06:00:00,8436.0
2015-01-09 06:00:00,8378.5
2015-01-12 06:00:00,8426.0
2015-01-13 06:00:00,8286.0
2015-01-14 06:00:00,8251.0
2015-01-15 06:00:00,8758.5
2015-01-16 06:00:00,8706.0
2015-01-19 06:00:00,7246.0
2015-01-20 06:00:00,7608.5
2015-01-21 06:00:00,8236.0
2015-01-22 06:00:00,8101.0
2015-01-23 06:00:00,8313.5
2015-01-26 06:00:00,8313.5
2015-01-27 06:00:00,8056.0
2015-01-28 06:00:00,7956.0
2015-01-29 06:00:00,7706.0
2015-01-30 06:00:00,7561.0
2015-02-02 06:00:00,7406.0
2015-02-03 06:00:00,7706.0
2015-02-04 06:00:00,7501.0
2015-02-05 06:00:00,7366.0
2015-02-06 06:00:00,7303.5
2015-02-09 06:00:00,7486.0
2015-02-10 06:00:00,7646.0
2015-02-11 06:00:00,7626.0
2015-02-12 06:00:00,7701.0
2015-02-13 06:00:00,7763.5
2015-02-16 06:00:00,7856.0
2015-02-17 06:00:00,7841.0
2015-02-25 06:00:00,7696.0
2015-02-26 06:00:00,8031.0
2015-02-27 06:00:00,7948.5
2015-03-02 06:00:00,7963.5
2015-03-03 06:00:00,7608.5
2015-03-04 06:00:00,7508.5
2015-03-05 06:00:00,7328.5
2015-03-06 06:00:00,7346.0
2015-03-09 05:00:00,7613.5
2015-03-10 05:00:00,7408.5
2015-03-11 05:00:00,7546.0
2015-03-12 05:00:00,7886.0
2015-03-13 05:00:00,7921.0
2015-03-16 05:00:00,8253.5
2015-03-17 05:00:00,8371.0
2015-03-18 05:00:00,8628.5
2015-03-19 05:00:00,8558.5
2015-03-20 05:00:00,8851.0
2015-03-23 05:00:00,8951.0
2015-03-24 05:00:00,8718.5
2015-03-25 05:00:00,8623.5
2015-03-26 05:00:00,8706.0
2015-03-27 05:00:00,8816.0
2015-03-30 05:00:00,9218.5
2015-03-31 05:00:00,8968.5
2015-04-01 05:00:00,9186.0
2015-04-02 05:00:00,9083.5
2015-04-03 05:00:00,9306.0
2015-04-07 05:00:00,9528.5
2015-04-08 05:00:00,9686.0
2015-04-09 05:00:00,9528.5
2015-04-10 05:00:00,9893.5
2015-04-13 05:00:00,10056.0
2015-04-14 05:00:00,10076.0
2015-04-15 05:00:00,10201.0
2015-04-16 05:00:00,10991.0
2015-04-17 05:00:00,11023.5
2015-04-20 05:00:00,10526.0
2015-04-21 05:00:00,10961.0
2015-04-22 05:00:00,11241.0
2015-04-23 05:00:00,10898.5
2015-04-24 05:00:00,10988.5
2015-04-27 05:00:00,11348.5
2015-04-28 05:00:00,11366.0
2015-04-29 05:00:00,11266.0
2015-04-30 05:00:00,11098.5
2015-05-04 05:00:00,11271.0
2015-05-05 05:00:00,10726.0
2015-05-06 05:00:00,10628.5
2015-05-07 05:00:00,10368.5
2015-05-08 05:00:00,10538.5
2015-05-11 05:00:00,10768.5
2015-05-12 05:00:00,10701.0
2015-05-13 05:00:00,10433.5
2015-05-14 05:00:00,10431.0
2015-05-15 05:00:00,10286.0
2015-05-18 05:00:00,9988.5
2015-05-19 05:00:00,10658.5
2015-05-20 05:00:00,10631.0
2015-05-21 05:00:00,10813.5
2015-05-22 05:00:00,11296.0
2015-05-25 05:00:00,11866.0
2015-05-26 05:00:00,11746.0
2015-05-27 05:00:00,11551.0
2015-05-28 05:00:00,10651.0
2015-05-29 05:00:00,10551.0
2015-06-01 05:00:00,11218.5
2015-06-02 05:00:00,11116.0
2015-06-03 05:00:00,11016.0
2015-06-04 05:00:00,11386.0
2015-06-05 05:00:00,11196.0
2015-06-08 05:00:00,12026.0
2015-06-09 05:00:00,11661.0
2015-06-10 05:00:00,11516.0
2015-06-11 05:00:00,11511.0
2015-06-12 05:00:00,11756.0
2015-06-15 05:00:00,11041.0
2015-06-16 05:00:00,10718.5
2015-06-17 05:00:00,10786.0
2015-06-18 05:00:00,10296.0
2015-06-19 05:00:00,9766.0
2015-06-23 05:00:00,10226.0
2015-06-24 05:00:00,10411.0
2015-06-25 05:00:00,10001.0
2015-06-26 05:00:00,8978.5
2015-06-29 05:00:00,8771.0
2015-06-30 05:00:00,9771.0
2015-07-01 05:00:00,8936.0
2015-07-02 05:00:00,9196.0
2015-07-03 05:00:00,8643.5
2015-07-06 05:00:00,9288.5
2015-07-07 05:00:00,9201.0
2015-07-08 05:00:00,7323.5
2015-07-09 05:00:00,9083.5
2015-07-10 05:00:00,9526.0
2015-07-13 05:00:00,9431.0
2015-07-14 05:00:00,9036.0
2015-07-15 05:00:00,8846.0
2015-07-16 05:00:00,9098.5
2015-07-17 05:00:00,9323.5
2015-07-20 05:00:00,9028.5
2015-07-21 05:00:00,8966.0
2015-07-22 05:00:00,8881.0
2015-07-23 05:00:00,9323.5
2015-07-24 05:00:00,8968.5
2015-07-27 05:00:00,7966.0
2015-07-28 05:00:00,7921.0
2015-07-29 05:00:00,8271.0
2015-07-30 05:00:00,7906.0
2015-07-31 05:00:00,7941.0
2015-08-03 05:00:00,8006.0
2015-08-04 05:00:00,8338.5
2015-08-05 05:00:00,8176.0
2015-08-06 05:00:00,8141.0
2015-08-07 05:00:00,8326.0
2015-08-10 05:00:00,8768.5
2015-08-11 05:00:00,8811.0
2015-08-12 05:00:00,8486.0
2015-08-13 05:00:00,8638.5
2015-08-14 05:00:00,8606.0
2015-08-17 05:00:00,8343.5
2015-08-18 05:00:00,7818.5
2015-08-19 05:00:00,7836.0
2015-08-20 05:00:00,7656.0
2015-08-21 05:00:00,7316.0
2015-08-24 05:00:00,6178.5
2015-08-25 05:00:00,5906.0
2015-08-26 05:00:00,5808.5
2015-08-27 05:00:00,6746.0
2015-08-28 05:00:00,6806.0
2015-08-31 05:00:00,6813.5
2015-09-01 05:00:00,6656.0
2015-09-02 05:00:00,6721.0
2015-09-07 05:00:00,6701.0
2015-09-08 05:00:00,7223.5
2015-09-09 05:00:00,7283.5
2015-09-10 05:00:00,7253.5
2015-09-11 05:00:00,7086.0
2015-09-14 05:00:00,6923.5
2015-09-15 05:00:00,6933.5
2015-09-16 05:00:00,7263.5
2015-09-17 05:00:00,7088.5
2015-09-18 05:00:00,7071.0
2015-09-21 05:00:00,7241.0
2015-09-22 05:00:00,7353.5
2015-09-23 05:00:00,7181.0
2015-09-24 05:00:00,7178.5
2015-09-25 05:00:00,7086.0
2015-09-28 05:00:00,7098.5
2015-09-29 05:00:00,6918.5
2015-09-30 05:00:00,6981.0
2015-10-08 05:00:00,7353.5
2015-10-09 05:00:00,7476.0
2015-10-12 05:00:00,7838.5
2015-10-13 05:00:00,7646.0
2015-10-14 05:00:00,7538.5
2015-10-15 05:00:00,7841.0
2015-10-16 05:00:00,7948.5
2015-10-19 05:00:00,7918.5
2015-10-20 05:00:00,7931.0
2015-10-21 05:00:00,7743.5
2015-10-22 05:00:00,7918.5
2015-10-23 05:00:00,8061.0
2015-10-26 05:00:00,8038.5
2015-10-27 05:00:00,8023.5
2015-10-28 05:00:00,7861.0
2015-10-29 05:00:00,7886.0
2015-10-30 05:00:00,7881.0
2015-11-02 06:00:00,7723.5
2015-11-03 06:00:00,7708.5
2015-11-04 06:00:00,8226.0
2015-11-05 06:00:00,8513.5
2015-11-06 06:00:00,8673.5
2015-11-09 06:00:00,8776.0
2015-11-10 06:00:00,8681.0
2015-11-11 06:00:00,8661.0
2015-11-12 06:00:00,8568.5
2015-11-13 06:00:00,8406.0
2015-11-16 06:00:00,8328.5
2015-11-17 06:00:00,8358.5
2015-11-18 06:00:00,8341.0
2015-11-19 06:00:00,8538.5
2015-11-20 06:00:00,8538.5
2015-11-23 06:00:00,8468.5
2015-11-24 06:00:00,8461.0
2015-11-25 06:00:00,8458.5
2015-11-26 06:00:00,8378.5
2015-11-27 06:00:00,7908.5
2015-11-30 06:00:00,7823.5
2015-12-01 06:00:00,7981.0
2015-12-02 06:00:00,8488.5
2015-12-03 06:00:00,8483.5
2015-12-04 06:00:00,8186.0
2015-12-07 06:00:00,8171.0
2015-12-08 06:00:00,7988.5
2015-12-09 06:00:00,8083.5
2015-12-10 06:00:00,7938.5
2015-12-11 06:00:00,7946.0
2015-12-14 06:00:00,8218.5
2015-12-15 06:00:00,8031.0
2015-12-16 06:00:00,8088.5
2015-12-17 06:00:00,8376.0
2015-12-18 06:00:00,8438.5
2015-12-21 06:00:00,8748.5
2015-12-22 06:00:00,8748.5
2015-12-23 06:00:00,8763.5
2015-12-24 06:00:00,8773.5
2015-12-25 06:00:00,8866.0
2015-12-28 06:00:00,8466.0
2015-12-29 06:00:00,8523.5
2015-12-30 06:00:00,8373.5
2015-12-31 06:00:00,8408.5
2016-01-04 06:00:00,7668.5
2016-01-05 06:00:00,7961.0
2016-01-06 06:00:00,7983.5
2016-01-07 06:00:00,7346.0
2016-01-08 06:00:00,7716.0
2016-01-11 06:00:00,7246.0
2016-01-12 06:00:00,7323.5
2016-01-13 06:00:00,7178.5
2016-01-14 06:00:00,7276.0
2016-01-15 06:00:00,7046.0
2016-01-18 06:00:00,7106.0
2016-01-19 06:00:00,7403.5
2016-01-20 06:00:00,7096.0
2016-01-21 06:00:00,6943.5
2016-01-22 06:00:00,7096.0
2016-01-25 06:00:00,7103.5
2016-01-26 06:00:00,6683.5
2016-01-27 06:00:00,6686.0
2016-01-28 06:00:00,6681.0
2016-01-29 06:00:00,6858.5
2016-02-01 06:00:00,6596.0
2016-02-02 06:00:00,6856.0
2016-02-03 06:00:00,6736.0
2016-02-04 06:00:00,6856.0
2016-02-05 06:00:00,6806.0
2016-02-15 06:00:00,6768.5
2016-02-16 06:00:00,7028.5
2016-02-17 06:00:00,7008.5
2016-02-18 06:00:00,7123.5
2016-02-19 06:00:00,7086.0
2016-02-22 06:00:00,7311.0
2016-02-23 06:00:00,7106.0
2016-02-24 06:00:00,7208.5
2016-02-25 06:00:00,6803.5
2016-02-26 06:00:00,6988.5
2016-02-29 06:00:00,6833.5
2016-03-01 06:00:00,6993.5
2016-03-02 06:00:00,7273.5
2016-03-03 06:00:00,7308.5
2016-03-04 06:00:00,7563.5
2016-03-07 06:00:00,7513.5
2016-03-08 06:00:00,7431.0
2016-03-09 06:00:00,7408.5
2016-03-10 06:00:00,7258.5
2016-03-11 06:00:00,7361.0
2016-03-14 05:00:00,7421.0
2016-03-15 05:00:00,7393.5
2016-03-16 05:00:00,7551.0
2016-03-17 05:00:00,7661.0
2016-03-18 05:00:00,7743.5
2016-03-21 05:00:00,7948.5
2016-03-22 05:00:00,7856.0
2016-03-23 05:00:00,7868.5
2016-03-24 05:00:00,7703.5
2016-03-25 05:00:00,7853.5
2016-03-28 05:00:00,7718.5
2016-03-29 05:00:00,7661.0
2016-03-30 05:00:00,7981.0
2016-03-31 05:00:00,7853.5
2016-04-01 05:00:00,7843.5
2016-04-05 05:00:00,7903.5
2016-04-06 05:00:00,7873.5
2016-04-07 05:00:00,7726.0
2016-04-08 05:00:00,7753.5
2016-04-11 05:00:00,7826.0
2016-04-12 05:00:00,7828.5
2016-04-13 05:00:00,8013.5
2016-04-14 05:00:00,7981.0
2016-04-15 05:00:00,7991.0
2016-04-18 05:00:00,7878.5
2016-04-19 05:00:00,7921.0
2016-04-20 05:00:00,7773.5
2016-04-21 05:00:00,7833.5
2016-04-22 05:00:00,7926.0
2016-04-25 05:00:00,7856.0
2016-04-26 05:00:00,7933.5
2016-04-27 05:00:00,7898.5
2016-04-28 05:00:00,7848.5
2016-04-29 05:00:00,7818.5
2016-05-03 05:00:00,7916.0
2016-05-04 05:00:00,7916.0
2016-05-05 05:00:00,7901.0
2016-05-06 05:00:00,7648.5
2016-05-09 05:00:00,7518.5
2016-05-10 05:00:00,7596.0
2016-05-11 05:00:00,7548.5
2016-05-12 05:00:00,7588.5
2016-05-13 05:00:00,7548.5
2016-05-16 05:00:00,7568.5
2016-05-17 05:00:00,7588.5
2016-05-18 05:00:00,7553.5
2016-05-19 05:00:00,7573.5
2016-05-20 05:00:00,7646.0
2016-05-23 05:00:00,7638.5
2016-05-24 05:00:00,7636.0
2016-05-25 05:00:00,7638.5
2016-05-26 05:00:00,7643.5
2016-05-27 05:00:00,7686.0
2016-05-30 05:00:00,7681.0
2016-05-31 05:00:00,8033.5
2016-06-01 05:00:00,7933.5
2016-06-02 05:00:00,7941.0
2016-06-03 05:00:00,7956.0
2016-06-06 05:00:00,7896.0
2016-06-07 05:00:00,7928.5
2016-06-08 05:00:00,7886.0
2016-06-13 05:00:00,7586.0
2016-06-14 05:00:00,7688.5
2016-06-15 05:00:00,7701.0
2016-06-16 05:00:00,7686.0
2016-06-17 05:00:00,7746.0
2016-06-20 05:00:00,7718.5
2016-06-21 05:00:00,7758.5
2016-06-22 05:00:00,7818.5
2016-06-23 05:00:00,7778.5
2016-06-24 05:00:00,7723.5
2016-06-27 05:00:00,7753.5
2016-06-28 05:00:00,7776.0
2016-06-29 05:00:00,7878.5
2016-06-30 05:00:00,7903.5
2016-07-01 05:00:00,7951.0
2016-07-04 05:00:00,8086.0
2016-07-05 05:00:00,8031.0
2016-07-06 05:00:00,8031.0
2016-07-07 05:00:00,8043.5
2016-07-08 05:00:00,8016.0
2016-07-11 05:00:00,8058.5
2016-07-12 05:00:00,8293.5
2016-07-13 05:00:00,8283.5
2016-07-14 05:00:00,8253.5
2016-07-15 05:00:00,8276.0
2016-07-18 05:00:00,8251.0
2016-07-19 05:00:00,8156.0
2016-07-20 05:00:00,8146.0
2016-07-21 05:00:00,8251.0
2016-07-22 05:00:00,8103.5
2016-07-25 05:00:00,8141.0
2016-07-26 05:00:00,8223.5
2016-07-27 05:00:00,8166.0
2016-07-28 05:00:00,8186.0
2016-07-29 05:00:00,8123.5
2016-08-01 05:00:00,8111.0
2016-08-02 05:00:00,8078.5
2016-08-03 05:00:00,8061.0
2016-08-04 05:00:00,8071.0
2016-08-05 05:00:00,8133.5
2016-08-08 05:00:00,8173.5
2016-08-09 05:00:00,8236.0
2016-08-10 05:00:00,8231.0
2016-08-11 05:00:00,8288.5
2016-08-12 05:00:00,8503.5
2016-08-15 05:00:00,8776.0
2016-08-16 05:00:00,8618.5
2016-08-17 05:00:00,8613.5
2016-08-18 05:00:00,8516.0
2016-08-19 05:00:00,8546.0
2016-08-22 05:00:00,8546.0
2016-08-23 05:00:00,8558.5
2016-08-24 05:00:00,8531.0
2016-08-25 05:00:00,8448.5
2016-08-26 05:00:00,8473.5
2016-08-29 05:00:00,8421.0
2016-08-30 05:00:00,8463.5
2016-08-31 05:00:00,8508.5
2016-09-01 05:00:00,8446.0
2016-09-02 05:00:00,8516.0
2016-09-05 05:00:00,8551.0
2016-09-06 05:00:00,8546.0
2016-09-07 05:00:00,8538.5
2016-09-08 05:00:00,8548.5
2016-09-09 05:00:00,8481.0
2016-09-12 05:00:00,8278.5
2016-09-13 05:00:00,8291.0
2016-09-14 05:00:00,8201.0
2016-09-19 05:00:00,8328.5
2016-09-20 05:00:00,8318.5
2016-09-21 05:00:00,8278.5
2016-09-22 05:00:00,8333.5
2016-09-23 05:00:00,8323.5
2016-09-26 05:00:00,8163.5
2016-09-27 05:00:00,8251.0
2016-09-28 05:00:00,8236.0
2016-09-29 05:00:00,8271.0
2016-09-30 05:00:00,8233.5
2016-10-10 05:00:00,8406.0
2016-10-11 05:00:00,8383.5
2016-10-12 05:00:00,8341.0
2016-10-13 05:00:00,8306.0
2016-10-14 05:00:00,8401.0
2016-10-17 05:00:00,8271.0
2016-10-18 05:00:00,8463.5
2016-10-19 05:00:00,8421.0
2016-10-20 05:00:00,8431.0
2016-10-21 05:00:00,8496.0
2016-10-24 05:00:00,8673.5
2016-10-25 05:00:00,8608.5
2016-10-26 05:00:00,8526.0
2016-10-27 05:00:00,8521.0
2016-10-28 05:00:00,8561.0
2016-10-31 05:00:00,8518.5
2016-11-01 05:00:00,8568.5
2016-11-02 05:00:00,8488.5
2016-11-03 05:00:00,8576.0
2016-11-04 05:00:00,8566.0
2016-11-07 06:00:00,8596.0
2016-11-08 06:00:00,8641.0
2016-11-09 06:00:00,8573.5
2016-11-10 06:00:00,8691.0
2016-11-11 06:00:00,8768.5
2016-11-14 06:00:00,8778.5
2016-11-15 06:00:00,8741.0
2016-11-16 06:00:00,8713.5
2016-11-17 06:00:00,8721.0
2016-11-18 06:00:00,8726.0
2016-11-21 06:00:00,8868.5
2016-11-22 06:00:00,8958.5
2016-11-23 06:00:00,9038.5
2016-11-24 06:00:00,9033.5
2016-11-25 06:00:00,9176.0
2016-11-28 06:00:00,9231.0
2016-11-29 06:00:00,9361.0
2016-11-30 06:00:00,9223.5
2016-12-01 06:00:00,9273.5
2016-12-02 06:00:00,9203.5
2016-12-05 06:00:00,9051.0
2016-12-06 06:00:00,9033.5
2016-12-07 06:00:00,9053.5
2016-12-08 06:00:00,9056.0
2016-12-09 06:00:00,9241.0
2016-12-12 06:00:00,9106.0
2016-12-13 06:00:00,9038.5
2016-12-14 06:00:00,9013.5
2016-12-15 06:00:00,8766.0
2016-12-16 06:00:00,8736.0
2016-12-19 06:00:00,8688.5
2016-12-20 06:00:00,8558.5
2016-12-21 06:00:00,8678.5
2016-12-22 06:00:00,8636.0
2016-12-23 06:00:00,8561.0
2016-12-26 06:00:00,8681.0
2016-12-27 06:00:00,8656.0
2016-12-28 06:00:00,8551.0
2016-12-29 06:00:00,8548.5
2016-12-30 06:00:00,8583.5
2017-01-03 06:00:00,8708.5
2017-01-04 06:00:00,8801.0
2017-01-05 06:00:00,8808.5
2017-01-06 06:00:00,8748.5
2017-01-09 06:00:00,8773.5
2017-01-10 06:00:00,8753.5
2017-01-11 06:00:00,8711.0
2017-01-12 06:00:00,8691.0
2017-01-13 06:00:00,8753.5
2017-01-16 06:00:00,8826.0
2017-01-17 06:00:00,8826.0
2017-01-18 06:00:00,8878.5
2017-01-19 06:00:00,8871.0
2017-01-20 06:00:00,8936.0
2017-01-23 06:00:00,8913.5
2017-01-24 06:00:00,8918.5
2017-01-25 06:00:00,8966.0
2017-01-26 06:00:00,9018.5
2017-02-03 06:00:00,8916.0
2017-02-06 06:00:00,8911.0
2017-02-07 06:00:00,8836.0
2017-02-08 06:00:00,8891.0
2017-02-09 06:00:00,8928.5
2017-02-10 06:00:00,9006.0
2017-02-13 06:00:00,9063.5
2017-02-14 06:00:00,9038.5
2017-02-15 06:00:00,9041.0
2017-02-16 06:00:00,9083.5
2017-02-17 06:00:00,9028.5
2017-02-20 06:00:00,9226.0
2017-02-21 06:00:00,9163.5
2017-02-22 06:00:00,9186.0
2017-02-23 06:00:00,9138.5
2017-02-24 06:00:00,9121.0
2017-02-27 06:00:00,9033.5
2017-02-28 06:00:00,9016.0
2017-03-01 06:00:00,9013.5
2017-03-02 06:00:00,8901.0
2017-03-03 06:00:00,8896.0
2017-03-06 06:00:00,8918.5
2017-03-07 06:00:00,8943.5
2017-03-08 06:00:00,8946.0
2017-03-09 06:00:00,8863.5
2017-03-10 06:00:00,8871.0
2017-03-13 05:00:00,8941.0
2017-03-14 05:00:00,8926.0
2017-03-15 05:00:00,8923.5
2017-03-16 05:00:00,9041.0
2017-03-17 05:00:00,8861.0
2017-03-20 05:00:00,8923.5
2017-03-21 05:00:00,8931.0
2017-03-22 05:00:00,8841.0
2017-03-23 05:00:00,8876.0
2017-03-24 05:00:00,9006.0
2017-03-27 05:00:00,8966.0
2017-03-28 05:00:00,8916.0
2017-03-29 05:00:00,8953.5
2017-03-30 05:00:00,8878.5
2017-03-31 05:00:00,8963.5
2017-04-05 05:00:00,9053.5
2017-04-06 05:00:00,9041.0
2017-04-07 05:00:00,9031.0
2017-04-10 05:00:00,8956.0
2017-04-11 05:00:00,8951.0
2017-04-12 05:00:00,8973.5
2017-04-13 05:00:00,8946.0
2017-04-14 05:00:00,8846.0
2017-04-17 05:00:00,8831.0
2017-04-18 05:00:00,8788.5
2017-04-19 05:00:00,8706.0
2017-04-20 05:00:00,8813.5
2017-04-21 05:00:00,8856.0
2017-04-24 05:00:00,8798.5
2017-04-25 05:00:00,8871.0
2017-04-26 05:00:00,8891.0
2017-04-27 05:00:00,8888.5
2017-04-28 05:00:00,8883.5
2017-05-02 05:00:00,8816.0
2017-05-03 05:00:00,8786.0
2017-05-04 05:00:00,8781.0
2017-05-05 05:00:00,8733.5
2017-05-08 05:00:00,8713.5
2017-05-09 05:00:00,8743.5
2017-05-10 05:00:00,8786.0
2017-05-11 05:00:00,8851.0
2017-05-12 05:00:00,9058.5
2017-05-15 05:00:00,9071.0
2017-05-16 05:00:00,9068.5
2017-05-17 05:00:00,9011.0
2017-05-18 05:00:00,8956.0
2017-05-19 05:00:00,9001.0
2017-05-22 05:00:00,9103.5
2017-05-23 05:00:00,9251.0
2017-05-24 05:00:00,9253.5
2017-05-25 05:00:00,9531.0
2017-05-26 05:00:00,9516.0
2017-05-31 05:00:00,9571.0
2017-06-01 05:00:00,9676.0
2017-06-02 05:00:00,9576.0
2017-06-05 05:00:00,9441.0
2017-06-06 05:00:00,9538.5
2017-06-07 05:00:00,9636.0
2017-06-08 05:00:00,9753.5
2017-06-09 05:00:00,9838.5
2017-06-12 05:00:00,9788.5
2017-06-13 05:00:00,9796.0
2017-06-14 05:00:00,9643.5
2017-06-15 05:00:00,9538.5
2017-06-16 05:00:00,9546.0
2017-06-19 05:00:00,9661.0
2017-06-20 05:00:00,9603.5
2017-06-21 05:00:00,9743.5
2017-06-22 05:00:00,9818.5
2017-06-23 05:00:00,9928.5
2017-06-26 05:00:00,10033.5
2017-06-27 05:00:00,10043.5
2017-06-28 05:00:00,9986.0
2017-06-29 05:00:00,10028.5
2017-06-30 05:00:00,10011.0
2017-07-03 05:00:00,9918.5
2017-07-04 05:00:00,9806.0
2017-07-05 05:00:00,9993.5
2017-07-06 05:00:00,10018.5
2017-07-07 05:00:00,9961.0
2017-07-10 05:00:00,10003.5
2017-07-11 05:00:00,10188.5
2017-07-12 05:00:00,10126.0
2017-07-13 05:00:00,10313.5
2017-07-14 05:00:00,10388.5
2017-07-17 05:00:00,10436.0
2017-07-18 05:00:00,10391.0
2017-07-19 05:00:00,10541.0
2017-07-20 05:00:00,10586.0
2017-07-21 05:00:00,10503.5
2017-07-24 05:00:00,10563.5
2017-07-25 05:00:00,10548.5
2017-07-26 05:00:00,10458.5
2017-07-27 05:00:00,10488.5
2017-07-28 05:00:00,10488.5
2017-07-31 05:00:00,10501.0
2017-08-01 05:00:00,10656.0
2017-08-02 05:00:00,10646.0
2017-08-03 05:00:00,10483.5
2017-08-04 05:00:00,10396.0
2017-08-07 05:00:00,10463.5
2017-08-08 05:00:00,10448.5
2017-08-09 05:00:00,10358.5
2017-08-10 05:00:00,10268.5
2017-08-11 05:00:00,10043.5
2017-08-14 05:00:00,10216.0
2017-08-15 05:00:00,10251.0
2017-08-16 05:00:00,10288.5
2017-08-17 05:00:00,10308.5
2017-08-18 05:00:00,10318.5
2017-08-21 05:00:00,10378.5
2017-08-22 05:00:00,10481.0
2017-08-23 05:00:00,10596.0
2017-08-24 05:00:00,10531.0
2017-08-25 05:00:00,10841.0
2017-08-28 05:00:00,10916.0
2017-08-29 05:00:00,10891.0
2017-08-30 05:00:00,10871.0
2017-08-31 05:00:00,10771.0
2017-09-01 05:00:00,10786.0
2017-09-04 05:00:00,10806.0
2017-09-05 05:00:00,10893.5
2017-09-06 05:00:00,10813.5
2017-09-07 05:00:00,10726.0
2017-09-08 05:00:00,10703.5
2017-09-11 05:00:00,10681.0
2017-09-12 05:00:00,10783.5
2017-09-13 05:00:00,10731.0
2017-09-14 05:00:00,10618.5
2017-09-15 05:00:00,10618.5
2017-09-18 05:00:00,10691.0
2017-09-19 05:00:00,10608.5
2017-09-20 05:00:00,10653.5
2017-09-21 05:00:00,10718.5
2017-09-22 05:00:00,10686.0
2017-09-25 05:00:00,10616.0
2017-09-26 05:00:00,10683.5
2017-09-27 05:00:00,10636.0
2017-09-28 05:00:00,10606.0
2017-09-29 05:00:00,10658.5
2017-10-09 05:00:00,10856.0
2017-10-10 05:00:00,10803.5
2017-10-11 05:00:00,10886.0
2017-10-12 05:00:00,10946.0
2017-10-13 05:00:00,10961.0
2017-10-16 05:00:00,11011.0
2017-10-17 05:00:00,10996.0
2017-10-18 05:00:00,11113.5
2017-10-19 05:00:00,11043.5
2017-10-20 05:00:00,11058.5
2017-10-23 05:00:00,11041.0
2017-10-24 05:00:00,11106.0
2017-10-25 05:00:00,11186.0
2017-10-26 05:00:00,11266.0
2017-10-27 05:00:00,11476.0
2017-10-30 05:00:00,11436.0
2017-10-31 05:00:00,11441.0
2017-11-01 05:00:00,11441.0
2017-11-02 05:00:00,11441.0
2017-11-03 05:00:00,11413.5
2017-11-06 06:00:00,11458.5
2017-11-07 06:00:00,11606.0
2017-11-08 06:00:00,11568.5
2017-11-09 06:00:00,11643.5
2017-11-10 06:00:00,11801.0
2017-11-13 06:00:00,11808.5
2017-11-14 06:00:00,11736.0
2017-11-15 06:00:00,11643.5
2017-11-16 06:00:00,11813.5
2017-11-17 06:00:00,12028.5
2017-11-20 06:00:00,12101.0
2017-11-21 06:00:00,12421.0
2017-11-22 06:00:00,12458.5
2017-11-23 06:00:00,12038.5
2017-11-24 06:00:00,12078.5
2017-11-27 06:00:00,11893.5
2017-11-28 06:00:00,11828.5
2017-11-29 06:00:00,11848.5
2017-11-30 06:00:00,11676.0
2017-12-01 06:00:00,11541.0
2017-12-04 06:00:00,11693.5
2017-12-05 06:00:00,11861.0
2017-12-06 06:00:00,11673.5
2017-12-07 06:00:00,11533.5
2017-12-08 06:00:00,11658.5
2017-12-11 06:00:00,11878.5
2017-12-12 06:00:00,11636.0
2017-12-13 06:00:00,11791.0
2017-12-14 06:00:00,11693.5
2017-12-15 06:00:00,11461.0
2017-12-18 06:00:00,11568.5
2017-12-19 06:00:00,11806.0
2017-12-20 06:00:00,11831.0
2017-12-21 06:00:00,11988.5
2017-12-22 06:00:00,11891.0
2017-12-25 06:00:00,11883.5
2017-12-26 06:00:00,11956.0
2017-12-27 06:00:00,11641.0
2017-12-28 06:00:00,11786.0
2017-12-29 06:00:00,11776.0
2018-01-02 06:00:00,12011.0
2018-01-03 06:00:00,12038.5
2018-01-04 06:00:00,12076.0
2018-01-05 06:00:00,12138.5
2018-01-08 06:00:00,12158.5
2018-01-09 06:00:00,12348.5
2018-01-10 06:00:00,12491.0
2018-01-11 06:00:00,12493.5
2018-01-12 06:00:00,12623.5
2018-01-15 06:00:00,12748.5
2018-01-16 06:00:00,12923.5
2018-01-17 06:00:00,12891.0
2018-01-18 06:00:00,13018.5
2018-01-19 06:00:00,13076.0
2018-01-22 06:00:00,13171.0
2018-01-23 06:00:00,13476.0
2018-01-24 06:00:00,13423.5
2018-01-25 06:00:00,13203.5
2018-01-26 06:00:00,13378.5
2018-01-29 06:00:00,12941.0
2018-01-30 06:00:00,12778.5
2018-01-31 06:00:00,13038.5
2018-02-01 06:00:00,13016.0
2018-02-02 06:00:00,13048.5
2018-02-05 06:00:00,13131.0
2018-02-06 06:00:00,12776.0
2018-02-07 06:00:00,12198.5
2018-02-08 06:00:00,12008.5
2018-02-09 06:00:00,11273.5
2018-02-12 06:00:00,11463.5
2018-02-13 06:00:00,11588.5
2018-02-14 06:00:00,11803.5
2018-02-22 06:00:00,12126.0
2018-02-23 06:00:00,12223.5
2018-02-26 06:00:00,12376.0
2018-02-27 06:00:00,12013.5
2018-02-28 06:00:00,11851.0
2018-03-01 06:00:00,11903.5
2018-03-02 06:00:00,11768.5
2018-03-05 06:00:00,11676.0
2018-03-06 06:00:00,11918.5
2018-03-07 06:00:00,11823.5
2018-03-08 06:00:00,11998.5
2018-03-09 06:00:00,12051.0
2018-03-12 05:00:00,12091.0
2018-03-13 05:00:00,11946.0
2018-03-14 05:00:00,11903.5
2018-03-15 05:00:00,11983.5
2018-03-16 05:00:00,11846.0
2018-03-19 05:00:00,11896.0
2018-03-20 05:00:00,11898.5
2018-03-21 05:00:00,11793.5
2018-03-22 05:00:00,11623.5
2018-03-23 05:00:00,11271.0
2018-03-26 05:00:00,11151.0
2018-03-27 05:00:00,11151.0
2018-03-28 05:00:00,10776.0
2018-03-29 05:00:00,11208.5
2018-03-30 05:00:00,11096.0
2018-04-02 05:00:00,10958.5
2018-04-03 05:00:00,10931.0
2018-04-04 05:00:00,10771.0
2018-04-09 05:00:00,10933.5
2018-04-10 05:00:00,11316.0
2018-04-11 05:00:00,11333.5
2018-04-12 05:00:00,11191.0
2018-04-13 05:00:00,11026.0
2018-04-16 05:00:00,10661.0
2018-04-17 05:00:00,10493.5
2018-04-18 05:00:00,10631.0
2018-04-19 05:00:00,10836.0
2018-04-20 05:00:00,10631.0
2018-04-23 05:00:00,10751.0
2018-04-24 05:00:00,11121.0
2018-04-25 05:00:00,10911.0
2018-04-26 05:00:00,10696.0
2018-04-27 05:00:00,10621.0
2018-05-02 05:00:00,10671.0
2018-05-03 05:00:00,10706.0
2018-05-04 05:00:00,10576.0
2018-05-07 05:00:00,10766.0
2018-05-08 05:00:00,11001.0
2018-05-09 05:00:00,11006.0
2018-05-10 05:00:00,11038.5
2018-05-11 05:00:00,11043.5
2018-05-14 05:00:00,11218.5
2018-05-15 05:00:00,11148.5
2018-05-16 05:00:00,11001.0
2018-05-17 05:00:00,10883.5
2018-05-18 05:00:00,11146.0
2018-05-21 05:00:00,11131.0
2018-05-22 05:00:00,10986.0
2018-05-23 05:00:00,10716.0
2018-05-24 05:00:00,10726.0
2018-05-25 05:00:00,10686.0
2018-05-28 05:00:00,10776.0
2018-05-29 05:00:00,10663.5
2018-05-30 05:00:00,10458.5
2018-05-31 05:00:00,10783.5
2018-06-01 05:00:00,10748.5
2018-06-04 05:00:00,10976.0
2018-06-05 05:00:00,11036.0
2018-06-06 05:00:00,10993.5
2018-06-07 05:00:00,11031.0
2018-06-08 05:00:00,10753.5
2018-06-11 05:00:00,10908.5
2018-06-12 05:00:00,11048.5
2018-06-13 05:00:00,10961.0
2018-06-14 05:00:00,10923.5
2018-06-15 05:00:00,10918.5
2018-06-18 05:00:00,10823.5
2018-06-19 05:00:00,10473.5
2018-06-20 05:00:00,10608.5
2018-06-21 05:00:00,10548.5
2018-06-22 05:00:00,10548.5
2018-06-25 05:00:00,10318.5
2018-06-26 05:00:00,10168.5
2018-06-27 05:00:00,9781.0
2018-06-28 05:00:00,9831.0
2018-06-29 05:00:00,10098.5
2018-07-02 05:00:00,9456.0
2018-07-03 05:00:00,9541.0
2018-07-04 05:00:00,9478.5
2018-07-05 05:00:00,9506.0
2018-07-06 05:00:00,9598.5
2018-07-09 05:00:00,9953.5
2018-07-10 05:00:00,9938.5
2018-07-11 05:00:00,9776.0
2018-07-12 05:00:00,10006.0
2018-07-13 05:00:00,10051.0
2018-07-16 05:00:00,9958.5
2018-07-17 05:00:00,9841.0
2018-07-18 05:00:00,9788.5
2018-07-19 05:00:00,9828.5
2018-07-20 05:00:00,10168.5
2018-07-23 05:00:00,10231.0
2018-07-24 05:00:00,10483.5
2018-07-25 05:00:00,10443.5
2018-07-26 05:00:00,10306.0
2018-07-27 05:00:00,10288.5
2018-07-30 05:00:00,10323.5
2018-07-31 05:00:00,10333.5
2018-08-01 05:00:00,10051.0
2018-08-02 05:00:00,9691.0
2018-08-03 05:00:00,9596.0
2018-08-06 05:00:00,9611.0
2018-08-07 05:00:00,9988.5
2018-08-08 05:00:00,9753.5
2018-08-09 05:00:00,10063.5
2018-08-10 05:00:00,10061.0
2018-08-13 05:00:00,9911.0
2018-08-14 05:00:00,9876.0
2018-08-15 05:00:00,9551.0
2018-08-16 05:00:00,9596.0
2018-08-17 05:00:00,9453.5
2018-08-20 05:00:00,9663.5
2018-08-21 05:00:00,9876.0
2018-08-22 05:00:00,9798.5
2018-08-23 05:00:00,9826.0
2018-08-24 05:00:00,9851.0
2018-08-27 05:00:00,10133.5
2018-08-28 05:00:00,10116.0
2018-08-29 05:00:00,10028.5
2018-08-30 05:00:00,9916.0
2018-08-31 05:00:00,9861.0
2018-09-03 05:00:00,9861.0
2018-09-04 05:00:00,10001.0
2018-09-05 05:00:00,9731.0
2018-09-06 05:00:00,9651.0
2018-09-07 05:00:00,9656.0
2018-09-10 05:00:00,9611.0
2018-09-11 05:00:00,9398.5
2018-09-12 05:00:00,9446.0
2018-09-13 05:00:00,9613.5
2018-09-14 05:00:00,9683.5
2018-09-17 05:00:00,9583.5
2018-09-18 05:00:00,9753.5
2018-09-19 05:00:00,9973.5
2018-09-20 05:00:00,9973.5
2018-09-21 05:00:00,10438.5
2018-09-24 05:00:00,10303.5
2018-09-25 05:00:00,10278.5
2018-09-26 05:00:00,10388.5
2018-09-27 05:00:00,10316.0
2018-09-28 05:00:00,10481.0
2018-10-01 05:00:00,10441.0
2018-10-02 05:00:00,10178.5
2018-10-03 05:00:00,10238.5
2018-10-04 05:00:00,10046.0
2018-10-05 05:00:00,9991.0
2018-10-08 05:00:00,9781.0
2018-10-09 05:00:00,9851.0
2018-10-10 05:00:00,9871.0
2018-10-11 05:00:00,9418.5
2018-10-12 05:00:00,9703.5
2018-10-15 05:00:00,9561.0
2018-10-16 05:00:00,9618.5
2018-10-17 05:00:00,9663.5
2018-10-18 05:00:00,9446.0
2018-10-19 05:00:00,9693.5
2018-10-22 05:00:00,10176.0
2018-10-23 05:00:00,9773.5
2018-10-24 05:00:00,9868.5
2018-10-25 05:00:00,9901.0
2018-10-26 05:00:00,9803.5
2018-10-29 05:00:00,9311.0
2018-10-30 05:00:00,9456.0
2018-10-31 05:00:00,9721.0
2018-11-01 05:00:00,9738.5
2018-11-02 05:00:00,10213.5
2018-11-05 06:00:00,9933.5
2018-11-06 06:00:00,9876.0
2018-11-07 06:00:00,9886.0
2018-11-08 06:00:00,9911.0
2018-11-09 06:00:00,9506.0
2018-11-12 06:00:00,9593.5
2018-11-13 06:00:00,9773.5
2018-11-14 06:00:00,9533.5
2018-11-15 06:00:00,9706.0
2018-11-16 06:00:00,9726.0
2018-11-19 06:00:00,9888.5
2018-11-20 06:00:00,9633.5
2018-11-21 06:00:00,9651.0
2018-11-22 06:00:00,9531.0
2018-11-23 06:00:00,9443.5
2018-11-26 06:00:00,9528.5
2018-11-27 06:00:00,9356.0
2018-11-28 06:00:00,9476.0
2018-11-29 06:00:00,9451.0
2018-11-30 06:00:00,9513.5
2018-12-03 06:00:00,9903.5
2018-12-04 06:00:00,9851.0
2018-12-05 06:00:00,9716.0
2018-12-06 06:00:00,9528.5
2018-12-07 06:00:00,9458.5
2018-12-10 06:00:00,9378.5
2018-12-11 06:00:00,9408.5
2018-12-12 06:00:00,9513.5
2018-12-13 06:00:00,9683.5
2018-12-14 06:00:00,9523.5
2018-12-17 06:00:00,9416.0
2018-12-18 06:00:00,9363.5
2018-12-19 06:00:00,9271.0
2018-12-20 06:00:00,9073.5
2018-12-21 06:00:00,8933.5
2018-12-24 06:00:00,8893.5
2018-12-25 06:00:00,8833.5
2018-12-26 06:00:00,8791.0
2018-12-27 06:00:00,8791.0
2018-12-28 06:00:00,8821.0
2018-12-31 06:00:00,8893.5
2019-01-02 06:00:00,8706.0
2019-01-03 06:00:00,8793.5
2019-01-04 06:00:00,8963.5
2019-01-07 06:00:00,8981.0
2019-01-08 06:00:00,8958.5
2019-01-09 06:00:00,9128.5
2019-01-10 06:00:00,9098.5
2019-01-11 06:00:00,9211.0
2019-01-14 06:00:00,9091.0
2019-01-15 06:00:00,9318.5
2019-01-16 06:00:00,9376.0
2019-01-17 06:00:00,9306.0
2019-01-18 06:00:00,9526.0
2019-01-21 06:00:00,9598.5
2019-01-22 06:00:00,9451.0
2019-01-23 06:00:00,9441.0
2019-01-24 06:00:00,9521.0
2019-01-25 06:00:00,9713.5
2019-01-28 06:00:00,9666.0
2019-01-29 06:00:00,9743.5
2019-01-30 06:00:00,9721.0
2019-01-31 06:00:00,9948.5
2019-02-01 06:00:00,10003.5
2019-02-04 06:00:00,10003.5
2019-02-05 06:00:00,10013.5
2019-02-06 06:00:00,10128.5
2019-02-07 06:00:00,10046.0
2019-02-08 06:00:00,9881.0
2019-02-11 06:00:00,10156.0
2019-02-12 06:00:00,10111.0
2019-02-13 06:00:00,10306.0
2019-02-14 06:00:00,10288.5
2019-02-15 06:00:00,10041.0
2019-02-18 06:00:00,10346.0
2019-02-19 06:00:00,10273.5
2019-02-20 06:00:00,10378.5
2019-02-21 06:00:00,10331.0
2019-02-22 06:00:00,10488.5
2019-02-25 06:00:00,11231.0
2019-02-26 06:00:00,10921.0
2019-02-27 06:00:00,10988.5
2019-02-28 06:00:00,10971.0
2019-03-01 06:00:00,11308.5
2019-03-04 06:00:00,11506.0
2019-03-05 06:00:00,11456.0
2019-03-06 06:00:00,11448.5
2019-03-07 06:00:00,11163.5
2019-03-08 06:00:00,10701.0
2019-03-11 05:00:00,10851.0
2019-03-12 05:00:00,10916.0
2019-03-13 05:00:00,10926.0
2019-03-14 05:00:00,10983.5
2019-03-15 05:00:00,11081.0
2019-03-18 05:00:00,11476.0
2019-03-19 05:00:00,11381.0
2019-03-20 05:00:00,11358.5
2019-03-21 05:00:00,11271.0
2019-03-22 05:00:00,11293.5
2019-03-25 05:00:00,10901.0
2019-03-26 05:00:00,10876.0
2019-03-27 05:00:00,11016.0
2019-03-28 05:00:00,11023.5
2019-03-29 05:00:00,11541.0
2019-04-01 05:00:00,11846.0
2019-04-02 05:00:00,11793.5
2019-04-03 05:00:00,11901.0
2019-04-04 05:00:00,12041.0
2019-04-05 05:00:00,12193.5
2019-04-08 05:00:00,12143.5
2019-04-09 05:00:00,12228.5
2019-04-10 05:00:00,12278.5
2019-04-11 05:00:00,11953.5
2019-04-12 05:00:00,12048.5
2019-04-15 05:00:00,12018.5
2019-04-16 05:00:00,12443.5
2019-04-17 05:00:00,12466.0
2019-04-18 05:00:00,12366.0
2019-04-19 05:00:00,12648.5
2019-04-22 05:00:00,12181.0
2019-04-23 05:00:00,12236.0
2019-04-24 05:00:00,12193.5
2019-04-25 05:00:00,11911.0
2019-04-26 05:00:00,11856.0
2019-04-29 05:00:00,12108.5
2019-04-30 05:00:00,12086.0
2019-05-01 05:00:00,12183.5
2019-05-02 05:00:00,12068.5
2019-05-03 05:00:00,12111.0
2019-05-06 05:00:00,11366.0
2019-05-07 05:00:00,11421.0
2019-05-08 05:00:00,11211.0
2019-05-09 05:00:00,10838.5
2019-05-10 05:00:00,11278.5
2019-05-13 05:00:00,11051.0
2019-05-14 05:00:00,11108.5
2019-05-15 05:00:00,11356.0
2019-05-16 05:00:00,11396.0
2019-05-17 05:00:00,11176.0
2019-05-20 05:00:00,11113.5
2019-05-21 05:00:00,11106.0
2019-05-22 05:00:00,11116.0
2019-05-23 05:00:00,10918.5
2019-05-24 05:00:00,11016.0
2019-05-27 05:00:00,11083.5
2019-05-28 05:00:00,11211.0
2019-05-29 05:00:00,11221.0
2019-05-30 05:00:00,11186.0
2019-05-31 05:00:00,11078.5
2019-06-03 05:00:00,11191.0
2019-06-04 05:00:00,11138.5
2019-06-05 05:00:00,11161.0
2019-06-06 05:00:00,11101.0
2019-06-07 05:00:00,11138.5
2019-06-10 05:00:00,11273.5
2019-06-11 05:00:00,11603.5
2019-06-12 05:00:00,11526.0
2019-06-13 05:00:00,11541.0
2019-06-14 05:00:00,11413.5
2019-06-17 05:00:00,11461.0
2019-06-18 05:00:00,11478.5
2019-06-19 05:00:00,11776.0
2019-06-20 05:00:00,12231.0
2019-06-21 05:00:00,12078.5
2019-06-24 05:00:00,12176.0
2019-06-25 05:00:00,12003.5
2019-06-26 05:00:00,11921.0
2019-06-27 05:00:00,12133.5
2019-06-28 05:00:00,12123.5
2019-07-01 05:00:00,12611.0
2019-07-02 05:00:00,12483.5
2019-07-03 05:00:00,12401.0
2019-07-04 05:00:00,12331.0
2019-07-05 05:00:00,12361.0
2019-07-08 05:00:00,12143.5
2019-07-09 05:00:00,12036.0
2019-07-10 05:00:00,12048.5
2019-07-11 05:00:00,12071.0
2019-07-12 05:00:00,12171.0
2019-07-15 05:00:00,12151.0
2019-07-16 05:00:00,12061.0
2019-07-17 05:00:00,12051.0
2019-07-18 05:00:00,11991.0
2019-07-19 05:00:00,12146.0
2019-07-22 05:00:00,12088.5
2019-07-23 05:00:00,12083.5
2019-07-24 05:00:00,12196.0
2019-07-25 05:00:00,12311.0
2019-07-26 05:00:00,12333.5
2019-07-29 05:00:00,12341.0
2019-07-30 05:00:00,12378.5
2019-07-31 05:00:00,12253.5
2019-08-01 05:00:00,12071.0
2019-08-02 05:00:00,11823.5
2019-08-05 05:00:00,11598.5
2019-08-06 05:00:00,11541.0
2019-08-07 05:00:00,11463.5
2019-08-08 05:00:00,11636.0
2019-08-09 05:00:00,11571.0
2019-08-12 05:00:00,11693.5
2019-08-13 05:00:00,11681.0
2019-08-14 05:00:00,11743.5
2019-08-15 05:00:00,11756.0
2019-08-16 05:00:00,11826.0
2019-08-19 05:00:00,12048.5
2019-08-20 05:00:00,12071.0
2019-08-21 05:00:00,12093.5
2019-08-22 05:00:00,12106.0
2019-08-23 05:00:00,12276.0
2019-08-26 05:00:00,12053.5
2019-08-27 05:00:00,12198.5
2019-08-28 05:00:00,12073.5
2019-08-29 05:00:00,12081.0
2019-08-30 05:00:00,12193.5
2019-09-02 05:00:00,12276.0
2019-09-03 05:00:00,12233.5
2019-09-04 05:00:00,12366.0
2019-09-05 05:00:00,12568.5
2019-09-06 05:00:00,12623.5
2019-09-09 05:00:00,12598.5
2019-09-10 05:00:00,12498.5
2019-09-11 05:00:00,12446.0
2019-09-12 05:00:00,12621.0
2019-09-13 05:00:00,12648.5
2019-09-16 05:00:00,12551.0
2019-09-17 05:00:00,12341.0
2019-09-18 05:00:00,12443.5
2019-09-19 05:00:00,12448.5
2019-09-20 05:00:00,12448.5
2019-09-23 05:00:00,12268.5
2019-09-24 05:00:00,12353.5
2019-09-25 05:00:00,12333.5
2019-09-26 05:00:00,12371.0
2019-09-27 05:00:00,12328.5
2019-09-30 05:00:00,12213.5
2019-10-01 05:00:00,12228.5
2019-10-02 05:00:00,12141.0
2019-10-03 05:00:00,12063.5
2019-10-04 05:00:00,12046.0
2019-10-07 05:00:00,12096.0
2019-10-08 05:00:00,12258.5
2019-10-09 05:00:00,12328.5
2019-10-10 05:00:00,12383.5
2019-10-11 05:00:00,12583.5
2019-10-14 05:00:00,12741.0
2019-10-15 05:00:00,12748.5
2019-10-16 05:00:00,12683.5
2019-10-17 05:00:00,12723.5
2019-10-18 05:00:00,12456.0
2019-10-21 05:00:00,12588.5
2019-10-22 05:00:00,12556.0
2019-10-23 05:00:00,12511.0
2019-10-24 05:00:00,12528.5
2019-10-25 05:00:00,12511.0
2019-10-28 05:00:00,12583.5
2019-10-29 05:00:00,12563.5
2019-10-30 05:00:00,12431.0
2019-10-31 05:00:00,12538.5
2019-11-01 05:00:00,12773.5
2019-11-04 06:00:00,12938.5
2019-11-05 06:00:00,12971.0
2019-11-06 06:00:00,12911.0
2019-11-07 06:00:00,12968.5
2019-11-08 06:00:00,12861.0
2019-11-11 06:00:00,12636.0
2019-11-12 06:00:00,12586.0
2019-11-13 06:00:00,12548.5
2019-11-14 06:00:00,12561.0
2019-11-15 06:00:00,12521.0
2019-11-18 06:00:00,12623.5
2019-11-19 06:00:00,12698.5
2019-11-20 06:00:00,12551.0
2019-11-21 06:00:00,12438.5
2019-11-22 06:00:00,12286.0
2019-11-25 06:00:00,12443.5
2019-11-26 06:00:00,12431.0
2019-11-27 06:00:00,12451.0
2019-11-28 06:00:00,12313.5
2019-11-29 06:00:00,12171.0
2019-12-02 06:00:00,12206.0
2019-12-03 06:00:00,12266.0
2019-12-04 06:00:00,12263.5
2019-12-05 06:00:00,12326.0
2019-12-06 06:00:00,12421.0
2019-12-09 06:00:00,12383.5
2019-12-10 06:00:00,12376.0
2019-12-11 06:00:00,12428.5
2019-12-12 06:00:00,12391.0
2019-12-13 06:00:00,12688.5
2019-12-16 06:00:00,12673.5
2019-12-17 06:00:00,12841.0
2019-12-18 06:00:00,12846.0
2019-12-19 06:00:00,12806.0
2019-12-20 06:00:00,12823.5
2019-12-23 06:00:00,12678.5
2019-12-24 06:00:00,12691.0
2019-12-25 06:00:00,12633.5
2019-12-26 06:00:00,12748.5
2019-12-27 06:00:00,12808.5
2019-12-30 06:00:00,12968.5
2019-12-31 06:00:00,12978.5
2020-01-02 06:00:00,13153.5
2020-01-03 06:00:00,13041.0
2020-01-06 06:00:00,12926.0
2020-01-07 06:00:00,13023.5
2020-01-08 06:00:00,12891.0
2020-01-09 06:00:00,13086.0
2020-01-10 06:00:00,13046.0
2020-01-13 06:00:00,13188.5
2020-01-14 06:00:00,13091.0
2020-01-15 06:00:00,13016.0
2020-01-16 06:00:00,12981.0
2020-01-17 06:00:00,13056.0
2020-01-20 06:00:00,12981.0
2020-01-21 06:00:00,12638.5
2020-01-22 06:00:00,12726.0
2020-01-23 06:00:00,12346.0
2020-01-24 06:00:00,12451.0
2020-01-27 06:00:00,11666.0
2020-01-28 06:00:00,11538.5
2020-01-29 06:00:00,11716.0
2020-01-30 06:00:00,11283.5
2020-01-31 06:00:00,11373.5
2020-02-03 06:00:00,11118.5
2020-02-04 06:00:00,11711.0
2020-02-05 06:00:00,11811.0
2020-02-06 06:00:00,11963.5
2020-02-07 06:00:00,11946.0
2020-02-10 06:00:00,11881.0
2020-02-11 06:00:00,12148.5
2020-02-12 06:00:00,12163.5
2020-02-13 06:00:00,12081.0
2020-02-14 06:00:00,12183.5
2020-02-17 06:00:00,12403.5
2020-02-18 06:00:00,12231.0
2020-02-19 06:00:00,12301.0
2020-02-20 06:00:00,12488.5
2020-02-21 06:00:00,12453.5
2020-02-24 06:00:00,12186.0
2020-02-25 06:00:00,12198.5
2020-02-26 06:00:00,12121.0
2020-02-27 06:00:00,12276.0
2020-02-28 06:00:00,11818.5
2020-03-02 06:00:00,12146.0
2020-03-03 06:00:00,12301.0
2020-03-04 06:00:00,12343.5
2020-03-05 06:00:00,12726.0
2020-03-06 06:00:00,12471.0
2020-03-09 05:00:00,11676.0
2020-03-10 05:00:00,12336.0
2020-03-11 05:00:00,12173.5
2020-03-12 05:00:00,11886.0
2020-03-13 05:00:00,11728.5
2020-03-16 05:00:00,10918.5
2020-03-17 05:00:00,10916.0
2020-03-18 05:00:00,10471.0
2020-03-19 05:00:00,10496.0
2020-03-20 05:00:00,10963.5
2020-03-23 05:00:00,10308.5
2020-03-24 05:00:00,10733.5
2020-03-25 05:00:00,11163.5
2020-03-26 05:00:00,11568.5
2020-03-27 05:00:00,11221.0
2020-03-30 05:00:00,10998.5
2020-03-31 05:00:00,11168.5
2020-04-01 05:00:00,11061.0
2020-04-02 05:00:00,11243.5
2020-04-03 05:00:00,11223.5
2020-04-06 05:00:00,11411.0
2020-04-07 05:00:00,11596.0
2020-04-08 05:00:00,11316.0
2020-04-09 05:00:00,11366.0
2020-04-10 05:00:00,11391.0
2020-04-13 05:00:00,11358.5
2020-04-14 05:00:00,11493.5
2020-04-15 05:00:00,11351.0
2020-04-16 05:00:00,11388.5
2020-04-17 05:00:00,11591.0
2020-04-20 05:00:00,11608.5
2020-04-21 05:00:00,11441.0
2020-04-22 05:00:00,11581.0
2020-04-23 05:00:00,11571.0
2020-04-24 05:00:00,11533.5
2020-04-27 05:00:00,11661.0
2020-04-28 05:00:00,11821.0
2020-04-29 05:00:00,11891.0
2020-04-30 05:00:00,12046.0
2020-05-01 05:00:00,11491.0
2020-05-04 05:00:00,11418.5
2020-05-05 05:00:00,11536.0
2020-05-06 05:00:00,11861.0
2020-05-07 05:00:00,11943.5
2020-05-08 05:00:00,12056.0
2020-05-11 05:00:00,12076.0
2020-05-12 05:00:00,12061.0
2020-05-13 05:00:00,12036.0
2020-05-14 05:00:00,11958.5
2020-05-15 05:00:00,11863.5
2020-05-18 05:00:00,11968.5
2020-05-19 05:00:00,12003.5
2020-05-20 05:00:00,12048.5
2020-05-21 05:00:00,11978.5
2020-05-22 05:00:00,11663.5
2020-05-25 05:00:00,11771.0
2020-05-26 05:00:00,11883.5
2020-05-27 05:00:00,11873.5
2020-05-28 05:00:00,11936.0
2020-05-29 05:00:00,11936.0
2020-06-01 05:00:00,12081.0
2020-06-02 05:00:00,12353.5
2020-06-03 05:00:00,12383.5
2020-06-04 05:00:00,12378.5
2020-06-05 05:00:00,12426.0
2020-06-08 05:00:00,12481.0
2020-06-09 05:00:00,12493.5
2020-06-10 05:00:00,12493.5
2020-06-11 05:00:00,12283.5
2020-06-12 05:00:00,12366.0
2020-06-15 05:00:00,12113.5
2020-06-16 05:00:00,12286.0
2020-06-17 05:00:00,12293.5
2020-06-18 05:00:00,12411.0
2020-06-19 05:00:00,12503.5
2020-06-22 05:00:00,12448.5
2020-06-23 05:00:00,12591.0
2020-06-24 05:00:00,12598.5
2020-06-25 05:00:00,12541.0
2020-06-26 05:00:00,12556.0
2020-06-29 05:00:00,12548.5
2020-06-30 05:00:00,12621.0
2020-07-01 05:00:00,13063.5
2020-07-02 05:00:00,13438.5
2020-07-03 05:00:00,13698.5
2020-07-06 05:00:00,14841.0
2020-07-07 05:00:00,14793.5
2020-07-08 05:00:00,14991.0
2020-07-09 05:00:00,15063.5
2020-07-10 05:00:00,14696.0
2020-07-13 05:00:00,14836.0
2020-07-14 05:00:00,14716.0
2020-07-15 05:00:00,14583.5
2020-07-16 05:00:00,13818.5
2020-07-17 05:00:00,14036.0
2020-07-20 05:00:00,14331.0
2020-07-21 05:00:00,14421.0
2020-07-22 05:00:00,14243.5
2020-07-23 05:00:00,14343.5
2020-07-24 05:00:00,13828.5
2020-07-27 05:00:00,13788.5
2020-07-28 05:00:00,13966.0
2020-07-29 05:00:00,14201.0
2020-07-30 05:00:00,14043.5
2020-07-31 05:00:00,14118.5
2020-08-03 05:00:00,14263.5
2020-08-04 05:00:00,14308.5
2020-08-05 05:00:00,14261.0
2020-08-06 05:00:00,14258.5
2020-08-07 05:00:00,14113.5
2020-08-10 05:00:00,14266.0
2020-08-11 05:00:00,14203.5
2020-08-12 05:00:00,14166.0
2020-08-13 05:00:00,14088.5
2020-08-14 05:00:00,14283.5
2020-08-17 05:00:00,14671.0
2020-08-18 05:00:00,14628.5
2020-08-19 05:00:00,14458.5
2020-08-20 05:00:00,14256.0
2020-08-21 05:00:00,14323.5
2020-08-24 05:00:00,14398.5
2020-08-25 05:00:00,14531.0
2020-08-26 05:00:00,14393.5
2020-08-27 05:00:00,14401.0
2020-08-28 05:00:00,14786.0
2020-08-31 05:00:00,14598.5
2020-09-01 05:00:00,14751.0
2020-09-02 05:00:00,14713.5
2020-09-03 05:00:00,14683.5
2020-09-04 05:00:00,14556.0
2020-09-07 05:00:00,14271.0
2020-09-08 05:00:00,14416.0
2020-09-09 05:00:00,14196.0
2020-09-10 05:00:00,14213.5
2020-09-11 05:00:00,14293.5
2020-09-14 05:00:00,14396.0
2020-09-15 05:00:00,14548.5
2020-09-16 05:00:00,14426.0
2020-09-17 05:00:00,14278.5
2020-09-18 05:00:00,14633.5
2020-09-21 05:00:00,14448.5
2020-09-22 05:00:00,14333.5
2020-09-23 05:00:00,14296.0
2020-09-24 05:00:00,14076.0
2020-09-25 05:00:00,14086.0
2020-09-28 05:00:00,14256.0
2020-09-29 05:00:00,14223.5
2020-09-30 05:00:00,14171.0
2020-10-01 05:00:00,14433.5
2020-10-02 05:00:00,14201.0
2020-10-05 05:00:00,14264.0
2020-10-06 05:00:00,14401.0
2020-10-07 05:00:00,14424.0
2020-10-08 05:00:00,14444.0
2020-10-09 05:00:00,14438.0
2020-10-12 05:00:00,14877.0
2020-10-13 05:00:00,14942.0
2020-10-14 05:00:00,14894.0
2020-10-15 05:00:00,14829.0
2020-10-16 05:00:00,14928.0
2020-10-19 05:00:00,14879.0
2020-10-20 05:00:00,14922.0
2020-10-21 05:00:00,14983.0
2020-10-22 05:00:00,15075.0
2020-10-23 05:00:00,15053.0
2020-10-26 05:00:00,14791.0
2020-10-27 05:00:00,14698.0
2020-10-28 05:00:00,14787.0
2020-10-29 05:00:00,14914.0
2020-10-30 05:00:00,14695.0
2020-11-02 06:00:00,14769.0
2020-11-03 06:00:00,14966.0
2020-11-04 06:00:00,15093.0
2020-11-05 06:00:00,15442.0
2020-11-06 06:00:00,15292.0
2020-11-09 06:00:00,15534.0
2020-11-10 06:00:00,15535.0
2020-11-11 06:00:00,15447.0
2020-11-12 06:00:00,15384.0
2020-11-13 06:00:00,15095.0
2020-11-16 06:00:00,15324.0
2020-11-17 06:00:00,15293.0
2020-11-18 06:00:00,15359.0
2020-11-19 06:00:00,15510.0
2020-11-20 06:00:00,15496.0
2020-11-23 06:00:00,15772.0
2020-11-24 06:00:00,15614.0
2020-11-25 06:00:00,15492.0
2020-11-26 06:00:00,15604.0
2020-11-27 06:00:00,15890.0
2020-11-30 06:00:00,15760.0
2020-12-01 06:00:00,16054.0
2020-12-02 06:00:00,16070.0
2020-12-03 06:00:00,16065.0
2020-12-04 06:00:00,16084.0
2020-12-07 06:00:00,15903.0
2020-12-08 06:00:00,15871.0
2020-12-09 06:00:00,15745.0
2020-12-10 06:00:00,15690.0
2020-12-11 06:00:00,15509.0
2020-12-14 06:00:00,15758.0
2020-12-15 06:00:00,15746.0
2020-12-16 06:00:00,15857.0
2020-12-17 06:00:00,16096.0
2020-12-18 06:00:00,15899.0
2020-12-21 06:00:00,16034.0
2020-12-22 06:00:00,15929.0
2020-12-23 06:00:00,15954.0
2020-12-24 06:00:00,15957.0
2020-12-25 06:00:00,16047.0
2020-12-28 06:00:00,16264.0
2020-12-29 06:00:00,16191.0
2020-12-30 06:00:00,16447.0
2020-12-31 06:00:00,16741.0
2021-01-04 06:00:00,16831.0
2021-01-05 06:00:00,17080.0
2021-01-06 06:00:00,17379.0
2021-01-07 06:00:00,17816.0
2021-01-08 06:00:00,17549.0
2021-01-11 06:00:00,17456.0
2021-01-12 06:00:00,18002.0
2021-01-13 06:00:00,17849.0
2021-01-14 06:00:00,17507.0
2021-01-15 06:00:00,17499.0
2021-01-18 06:00:00,17608.0
2021-01-19 06:00:00,17383.0
2021-01-20 06:00:00,17372.0
2021-01-21 06:00:00,17660.0
2021-01-22 06:00:00,17575.0
2021-01-25 06:00:00,17957.0
2021-01-26 06:00:00,17615.0
2021-01-27 06:00:00,17570.0
2021-01-28 06:00:00,17147.0
2021-01-29 06:00:00,17144.0
2021-02-01 06:00:00,17352.0
2021-02-02 06:00:00,17572.0
2021-02-03 06:00:00,17705.0
2021-02-04 06:00:00,17837.0
2021-02-05 06:00:00,18140.0
2021-02-08 06:00:00,18247.0
2021-02-09 06:00:00,18556.0
2021-02-10 06:00:00,19059.0
2021-02-11 06:00:00,19153.0
2021-02-12 06:00:00,19215.0
2021-02-15 06:00:00,19272.0
2021-02-16 06:00:00,19447.0
2021-02-17 06:00:00,19555.0
2021-02-18 06:00:00,18851.0
2021-02-19 06:00:00,18993.0
2021-02-22 06:00:00,18047.0
2021-02-23 06:00:00,18136.0
2021-02-24 06:00:00,17601.0
2021-02-25 06:00:00,17799.0
2021-02-26 06:00:00,17263.0
2021-03-01 06:00:00,17472.0
2021-03-02 06:00:00,17173.0
2021-03-03 06:00:00,17626.0
2021-03-04 06:00:00,17111.0
2021-03-05 06:00:00,16869.0
2021-03-08 06:00:00,16136.0
2021-03-09 06:00:00,16038.0
2021-03-10 06:00:00,16176.0
2021-03-11 06:00:00,16678.0
2021-03-12 06:00:00,16570.0
2021-03-15 05:00:00,16363.0
2021-03-16 05:00:00,16538.0
2021-03-17 05:00:00,16528.0
2021-03-18 05:00:00,16559.0
2021-03-19 05:00:00,16135.0
2021-03-22 05:00:00,16197.0
2021-03-23 05:00:00,16164.0
2021-03-24 05:00:00,15897.0
2021-03-25 05:00:00,15809.0
2021-03-26 05:00:00,16176.0
2021-03-29 05:00:00,16276.0
2021-03-30 05:00:00,16418.0
2021-03-31 05:00:00,16255.0
2021-04-01 05:00:00,16533.0
2021-04-02 05:00:00,16730.0
2021-04-05 05:00:00,16724.0
2021-04-06 05:00:00,16563.0
2021-04-07 05:00:00,16273.0
2021-04-08 05:00:00,16399.0
2021-04-09 05:00:00,16112.0
2021-04-12 05:00:00,15923.0
2021-04-13 05:00:00,15894.0
2021-04-14 05:00:00,15957.0
2021-04-15 05:00:00,15784.0
2021-04-16 05:00:00,15889.0
2021-04-19 05:00:00,16202.0
2021-04-20 05:00:00,16201.0
2021-04-21 05:00:00,16306.0
2021-04-22 05:00:00,16234.0
2021-04-23 05:00:00,16506.0
2021-04-26 05:00:00,16166.0
2021-04-27 05:00:00,16307.0
2021-04-28 05:00:00,16347.0
2021-04-29 05:00:00,16581.0
2021-04-30 05:00:00,16396.0
2021-05-03 05:00:00,16203.0
2021-05-04 05:00:00,16251.0
2021-05-05 05:00:00,16271.0
2021-05-06 05:00:00,16193.0
2021-05-07 05:00:00,16006.0
2021-05-10 05:00:00,15939.0
2021-05-11 05:00:00,16041.0
2021-05-12 05:00:00,16205.0
2021-05-13 05:00:00,15908.0
2021-05-14 05:00:00,16434.0
2021-05-17 05:00:00,16624.0
2021-05-18 05:00:00,16714.0
2021-05-19 05:00:00,16625.0
2021-05-20 05:00:00,16737.0
2021-05-21 05:00:00,16518.0
2021-05-24 05:00:00,16616.0
2021-05-25 05:00:00,17402.0
2021-05-26 05:00:00,17407.0
2021-05-27 05:00:00,17503.0
2021-05-28 05:00:00,17446.0
2021-05-31 05:00:00,17370.0
2021-06-01 05:00:00,17350.0
2021-06-02 05:00:00,17232.0
2021-06-03 05:00:00,17148.0
2021-06-04 05:00:00,17270.0
2021-06-07 05:00:00,17232.0
2021-06-08 05:00:00,17067.0
2021-06-09 05:00:00,17083.0
2021-06-10 05:00:00,17224.0
2021-06-11 05:00:00,17004.0
2021-06-14 05:00:00,16947.0
2021-06-15 05:00:00,16764.0
2021-06-16 05:00:00,16529.0
2021-06-17 05:00:00,16535.0
2021-06-18 05:00:00,16372.0
2021-06-21 05:00:00,16328.0
2021-06-22 05:00:00,16390.0
2021-06-23 05:00:00,16415.0
2021-06-24 05:00:00,16522.0
2021-06-25 05:00:00,16824.0
2021-06-28 05:00:00,16806.0
2021-06-29 05:00:00,16619.0
2021-06-30 05:00:00,16633.0
2021-07-01 05:00:00,16568.0
2021-07-02 05:00:00,16119.0
2021-07-05 05:00:00,16142.0
2021-07-06 05:00:00,16214.0
2021-07-07 05:00:00,16312.0
2021-07-08 05:00:00,15894.0
2021-07-09 05:00:00,15798.0
2021-07-12 05:00:00,15985.0
2021-07-13 05:00:00,16064.0
2021-07-14 05:00:00,15843.0
2021-07-15 05:00:00,16168.0
2021-07-16 05:00:00,15937.0
2021-07-19 05:00:00,15935.0
2021-07-20 05:00:00,15980.0
2021-07-21 05:00:00,15930.0
2021-07-22 05:00:00,15957.0
2021-07-23 05:00:00,15732.0
2021-07-26 05:00:00,14746.0
2021-07-27 05:00:00,14012.0
2021-07-28 05:00:00,14516.0
2021-07-29 05:00:00,14667.0
2021-07-30 05:00:00,14310.0
2021-08-02 05:00:00,14720.0
2021-08-03 05:00:00,14813.0
2021-08-04 05:00:00,14741.0
2021-08-05 05:00:00,14656.0
2021-08-06 05:00:00,14675.0
2021-08-09 05:00:00,14912.0
2021-08-10 05:00:00,15238.0
2021-08-11 05:00:00,15143.0
2021-08-12 05:00:00,14971.0
2021-08-13 05:00:00,15011.0
2021-08-16 05:00:00,15024.0
2021-08-17 05:00:00,14653.0
2021-08-18 05:00:00,14828.0
2021-08-19 05:00:00,14539.0
2021-08-20 05:00:00,14054.0
2021-08-23 05:00:00,14294.0
2021-08-24 05:00:00,14628.0
2021-08-25 05:00:00,14576.0
2021-08-26 05:00:00,14256.0
2021-08-27 05:00:00,14285.0
2021-08-30 05:00:00,14128.0
2021-08-31 05:00:00,14128.0
2021-09-01 05:00:00,14466.0
2021-09-02 05:00:00,14474.0
2021-09-03 05:00:00,14521.0
2021-09-06 05:00:00,14745.0
2021-09-07 05:00:00,14874.0
2021-09-08 05:00:00,14722.0
2021-09-09 05:00:00,14658.0
2021-09-10 05:00:00,15025.0
2021-09-13 05:00:00,14941.0
2021-09-14 05:00:00,14687.0
2021-09-15 05:00:00,14486.0
2021-09-16 05:00:00,14411.0
2021-09-17 05:00:00,14600.0
2021-09-20 05:00:00,14119.0
2021-09-21 05:00:00,14214.0
2021-09-22 05:00:00,14263.0
2021-09-23 05:00:00,14335.0
2021-09-24 05:00:00,14442.0
2021-09-27 05:00:00,14823.0
2021-09-28 05:00:00,14878.0
2021-09-29 05:00:00,14844.0
2021-09-30 05:00:00,14912.0
2021-10-01 05:00:00,14559.0
2021-10-04 05:00:00,14518.0
2021-10-05 05:00:00,14429.0
2021-10-06 05:00:00,14413.0
2021-10-07 05:00:00,14723.0
2021-10-08 05:00:00,15213.0
2021-10-11 05:00:00,15343.0
2021-10-12 05:00:00,15269.0
2021-10-13 05:00:00,15608.0
2021-10-14 05:00:00,15383.0
2021-10-15 05:00:00,15455.0
2021-10-18 05:00:00,15114.0
2021-10-19 05:00:00,15252.0
2021-10-20 05:00:00,15278.0
2021-10-21 05:00:00,15406.0
2021-10-22 05:00:00,15620.0
2021-10-25 05:00:00,15586.0
2021-10-26 05:00:00,15539.0
2021-10-27 05:00:00,15316.0
2021-10-28 05:00:00,15265.0
2021-10-29 05:00:00,15295.0
2021-11-01 05:00:00,15214.0
2021-11-02 05:00:00,14953.0
2021-11-03 05:00:00,14842.0
2021-11-04 05:00:00,14996.0
2021-11-05 05:00:00,14966.0
2021-11-08 06:00:00,14951.0
2021-11-09 06:00:00,14898.0
2021-11-10 06:00:00,14825.0
2021-11-11 06:00:00,15057.0
2021-11-12 06:00:00,15020.0
2021-11-15 06:00:00,14978.0
2021-11-16 06:00:00,15037.0
2021-11-17 06:00:00,14978.0
2021-11-18 06:00:00,14825.0
2021-11-19 06:00:00,15006.0
2021-11-22 06:00:00,15050.0
2021-11-23 06:00:00,15022.0
2021-11-24 06:00:00,15116.0
2021-11-25 06:00:00,15030.0
2021-11-26 06:00:00,14811.0
2021-11-29 06:00:00,14881.0
2021-11-30 06:00:00,14799.0
2021-12-01 06:00:00,14741.0
2021-12-02 06:00:00,14822.0
2021-12-03 06:00:00,14965.0
2021-12-06 06:00:00,15092.0
2021-12-07 06:00:00,15262.0
2021-12-08 06:00:00,15505.0
2021-12-09 06:00:00,15820.0
2021-12-10 06:00:00,15703.0
2021-12-13 06:00:00,15804.0
2021-12-14 06:00:00,15679.0
2021-12-15 06:00:00,15529.0
2021-12-16 06:00:00,15606.0
2021-12-17 06:00:00,15294.0
2021-12-20 06:00:00,15180.0
2021-12-21 06:00:00,15149.0
2021-12-22 06:00:00,15204.0
2021-12-23 06:00:00,15339.0
2021-12-24 06:00:00,15301.0
2021-12-27 06:00:00,15241.0
2021-12-28 06:00:00,15404.0
2021-12-29 06:00:00,14997.0
2021-12-30 06:00:00,15124.0
2021-12-31 06:00:00,15108.0
2022-01-03 06:00:00,15157.0
2022-01-04 06:00:00,15069.0
2022-01-05 06:00:00,15054.0
2022-01-06 06:00:00,14761.0
2022-01-07 06:00:00,14743.0
2022-01-10 06:00:00,14814.0
2022-01-11 06:00:00,14736.0
2022-01-12 06:00:00,14866.0
2022-01-13 06:00:00,14692.0
2022-01-14 06:00:00,14469.0
2022-01-17 06:00:00,14494.0
2022-01-18 06:00:00,14624.0
2022-01-19 06:00:00,14640.0
2022-01-20 06:00:00,14910.0
2022-01-21 06:00:00,14909.0
2022-01-24 06:00:00,14803.0
2022-01-25 06:00:00,14490.0
2022-01-26 06:00:00,14575.0
2022-01-27 06:00:00,14447.0
2022-01-28 06:00:00,14042.0
2022-01-31 06:00:00,14134.0
2022-02-01 06:00:00,14313.0
2022-02-02 06:00:00,14383.0
2022-02-03 06:00:00,14287.0
2022-02-04 06:00:00,14384.0
2022-02-07 06:00:00,14377.0
2022-02-08 06:00:00,14299.0
2022-02-09 06:00:00,14573.0
2022-02-10 06:00:00,14558.0
2022-02-11 06:00:00,14504.0
2022-02-14 06:00:00,14310.0
2022-02-15 06:00:00,14422.0
2022-02-16 06:00:00,14496.0
2022-02-17 06:00:00,14461.0
2022-02-18 06:00:00,14551.0
2022-02-21 06:00:00,14473.0
2022-02-22 06:00:00,14206.0
2022-02-23 06:00:00,14276.0
2022-02-24 06:00:00,13956.0
2022-02-25 06:00:00,14034.0
2022-02-28 06:00:00,14105.0
2022-03-01 06:00:00,14271.0
2022-03-02 06:00:00,14123.0
2022-03-03 06:00:00,14041.0
2022-03-04 06:00:00,13703.0
2022-03-07 06:00:00,13168.0
2022-03-08 06:00:00,13019.0
2022-03-09 06:00:00,12917.0
2022-03-10 06:00:00,13110.0
2022-03-11 06:00:00,13101.0
2022-03-14 05:00:00,12542.0
2022-03-15 05:00:00,11734.0
2022-03-16 05:00:00,12842.0
2022-03-17 05:00:00,12917.0
2022-03-18 05:00:00,13042.0
2022-03-21 05:00:00,13050.0
2022-03-22 05:00:00,13093.0
2022-03-23 05:00:00,13126.0
2022-03-24 05:00:00,13117.0
2022-03-25 05:00:00,12823.0
2022-03-28 05:00:00,12741.0
2022-03-29 05:00:00,12717.0
2022-03-30 05:00:00,13125.0
2022-03-31 05:00:00,13110.0
2022-04-01 05:00:00,13362.0
2022-04-04 05:00:00,13311.0
2022-04-05 05:00:00,13442.0
2022-04-06 05:00:00,13238.0
2022-04-07 05:00:00,13153.0
2022-04-08 05:00:00,13332.0
2022-04-11 05:00:00,12911.0
2022-04-12 05:00:00,13138.0
2022-04-13 05:00:00,13165.0
2022-04-14 05:00:00,13359.0
2022-04-15 05:00:00,13356.0
2022-04-18 05:00:00,13108.0
2022-04-19 05:00:00,13032.0
2022-04-20 05:00:00,12876.0
2022-04-21 05:00:00,12735.0
2022-04-22 05:00:00,12837.0
2022-04-25 05:00:00,12153.0
2022-04-26 05:00:00,12313.0
2022-04-27 05:00:00,12551.0
2022-04-28 05:00:00,12740.0
2022-04-29 05:00:00,12871.0
2022-05-02 05:00:00,12689.0
2022-05-03 05:00:00,12794.0
2022-05-04 05:00:00,12745.0
2022-05-05 05:00:00,12762.0
2022-05-06 05:00:00,12370.0
2022-05-09 05:00:00,12209.0
2022-05-10 05:00:00,12320.0
2022-05-11 05:00:00,12527.0
2022-05-12 05:00:00,12417.0
2022-05-13 05:00:00,12631.0
2022-05-16 05:00:00,12501.0
2022-05-17 05:00:00,12720.0
2022-05-18 05:00:00,12554.0
2022-05-19 05:00:00,12516.0
2022-05-20 05:00:00,12877.0
2022-05-23 05:00:00,12709.0
2022-05-24 05:00:00,12520.0
2022-05-25 05:00:00,12479.0
2022-05-26 05:00:00,12466.0
2022-05-27 05:00:00,12654.0
2022-05-30 05:00:00,12765.0
2022-05-31 05:00:00,12990.0
2022-06-01 05:00:00,12909.0
2022-06-02 05:00:00,12920.0
2022-06-03 05:00:00,13081.0
2022-06-06 05:00:00,13116.0
2022-06-07 05:00:00,13234.0
2022-06-08 05:00:00,13329.0
2022-06-09 05:00:00,13220.0
2022-06-10 05:00:00,13453.0
2022-06-13 05:00:00,13099.0
2022-06-14 05:00:00,13245.0
2022-06-15 05:00:00,13567.0
2022-06-16 05:00:00,13378.0
2022-06-17 05:00:00,13649.0
2022-06-20 05:00:00,13743.0
2022-06-21 05:00:00,13747.0
2022-06-22 05:00:00,13586.0
2022-06-23 05:00:00,13810.0
2022-06-24 05:00:00,14039.0
2022-06-27 05:00:00,14263.0
2022-06-28 05:00:00,14344.0
2022-06-29 05:00:00,14233.0
2022-06-30 05:00:00,14474.0
2022-07-01 05:00:00,14407.0
2022-07-04 05:00:00,14402.0
2022-07-05 05:00:00,14379.0
2022-07-06 05:00:00,14203.0
2022-07-07 05:00:00,14230.0
2022-07-08 05:00:00,14217.0
2022-07-11 05:00:00,13964.0
2022-07-12 05:00:00,13844.0
2022-07-13 05:00:00,13846.0
2022-07-14 05:00:00,13795.0
2022-07-15 05:00:00,13587.0
2022-07-18 05:00:00,13795.0
2022-07-19 05:00:00,13711.0
2022-07-20 05:00:00,13683.0
2022-07-21 05:00:00,13504.0
2022-07-22 05:00:00,13591.0
2022-07-25 05:00:00,13581.0
2022-07-26 05:00:00,13643.0
2022-07-27 05:00:00,13527.0
2022-07-28 05:00:00,13472.0
2022-07-29 05:00:00,13274.0
2022-08-01 05:00:00,13298.0
2022-08-02 05:00:00,13055.0
2022-08-03 05:00:00,12920.0
2022-08-04 05:00:00,13077.0
2022-08-05 05:00:00,13188.0
2022-08-08 05:00:00,13144.0
2022-08-09 05:00:00,13152.0
2022-08-10 05:00:00,12975.0
2022-08-11 05:00:00,13270.0
2022-08-12 05:00:00,13329.0
2022-08-15 05:00:00,13272.0
2022-08-16 05:00:00,13267.0
2022-08-17 05:00:00,13363.0
2022-08-18 05:00:00,13245.0
2022-08-19 05:00:00,13205.0
2022-08-22 05:00:00,13229.0
2022-08-23 05:00:00,13206.0
2022-08-24 05:00:00,13038.0
2022-08-25 05:00:00,13216.0
2022-08-26 05:00:00,13224.0
2022-08-29 05:00:00,13093.0
2022-08-30 05:00:00,13045.0
2022-08-31 05:00:00,13144.0
2022-09-01 05:00:00,13014.0
2022-09-02 05:00:00,12902.0
2022-09-05 05:00:00,12803.0
2022-09-06 05:00:00,12855.0
2022-09-07 05:00:00,12807.0
2022-09-08 05:00:00,12786.0
2022-09-09 05:00:00,13006.0
2022-09-12 05:00:00,12940.0
2022-09-13 05:00:00,13119.0
2022-09-14 05:00:00,12959.0
2022-09-15 05:00:00,12915.0
2022-09-16 05:00:00,12634.0
2022-09-19 05:00:00,12696.0
2022-09-20 05:00:00,12714.0
2022-09-21 05:00:00,12566.0
2022-09-22 05:00:00,12505.0
2022-09-23 05:00:00,12457.0
2022-09-26 05:00:00,12501.0
2022-09-27 05:00:00,12662.0
2022-09-28 05:00:00,12541.0
2022-09-29 05:00:00,12558.0
2022-09-30 05:00:00,12522.0
2022-10-03 05:00:00,12389.0
2022-10-04 05:00:00,12621.0
2022-10-05 05:00:00,13021.0
2022-10-06 05:00:00,12944.0
2022-10-07 05:00:00,12803.0
2022-10-10 05:00:00,12195.0
2022-10-11 05:00:00,12195.0
2022-10-12 05:00:00,12204.0
2022-10-13 05:00:00,12096.0
2022-10-14 05:00:00,12398.0
2022-10-17 05:00:00,12348.0
2022-10-18 05:00:00,12346.0
2022-10-19 05:00:00,12054.0
2022-10-20 05:00:00,11960.0
2022-10-21 05:00:00,11900.0
2022-10-24 05:00:00,11375.0
2022-10-25 05:00:00,11451.0
2022-10-26 05:00:00,11418.0
2022-10-27 05:00:00,11195.0
2022-10-28 05:00:00,10976.0
2022-10-31 05:00:00,10771.0
2022-11-01 05:00:00,11242.0
2022-11-02 05:00:00,11422.0
2022-11-03 05:00:00,11210.0
2022-11-04 05:00:00,11692.0
2022-11-07 06:00:00,11754.0
2022-11-08 06:00:00,11647.0
2022-11-09 06:00:00,11548.0
2022-11-10 06:00:00,11422.0
2022-11-11 06:00:00,11962.0
2022-11-14 06:00:00,11923.0
2022-11-15 06:00:00,12137.0
2022-11-16 06:00:00,12071.0
2022-11-17 06:00:00,11904.0
2022-11-18 06:00:00,11894.0
2022-11-21 06:00:00,11730.0
2022-11-22 06:00:00,11855.0
2022-11-23 06:00:00,11816.0
2022-11-24 06:00:00,11743.0
2022-11-25 06:00:00,11846.0
2022-11-28 06:00:00,11688.0
2022-11-29 06:00:00,12233.0
2022-11-30 06:00:00,12306.0
2022-12-01 06:00:00,12384.0
2022-12-02 06:00:00,12325.0
2022-12-05 06:00:00,12572.0
2022-12-06 06:00:00,12725.0
2022-12-07 06:00:00,12582.0
2022-12-08 06:00:00,12749.0
2022-12-09 06:00:00,12908.0
2022-12-12 06:00:00,12687.0
2022-12-13 06:00:00,12710.0
2022-12-14 06:00:00,12824.0
2022-12-15 06:00:00,12771.0
2022-12-16 06:00:00,12805.0
2022-12-19 06:00:00,12723.0
2022-12-20 06:00:00,12400.0
2022-12-21 06:00:00,12490.0
2022-12-22 06:00:00,12592.0
2022-12-23 06:00:00,12544.0
2022-12-26 06:00:00,12511.0
2022-12-27 06:00:00,12728.0
2022-12-28 06:00:00,12714.0
2022-12-29 06:00:00,12569.0
2022-12-30 06:00:00,12695.0
2023-01-03 06:00:00,12600.0
2023-01-04 06:00:00,12687.0
2023-01-05 06:00:00,13010.0
2023-01-06 06:00:00,13057.0
2023-01-09 06:00:00,13180.0
2023-01-10 06:00:00,13188.0
2023-01-11 06:00:00,13179.0
2023-01-12 06:00:00,13231.0
2023-01-13 06:00:00,13473.0
2023-01-16 06:00:00,13692.0
2023-01-17 06:00:00,13598.0
2023-01-18 06:00:00,13529.0
2023-01-19 06:00:00,13560.0
2023-01-20 06:00:00,13585.0
2023-01-23 06:00:00,13778.0
2023-01-24 06:00:00,13805.0
2023-01-25 06:00:00,13857.0
2023-01-26 06:00:00,14008.0
2023-01-27 06:00:00,14021.0
2023-01-30 06:00:00,13697.0
2023-01-31 06:00:00,13569.0
2023-02-01 06:00:00,13577.0
2023-02-02 06:00:00,13576.0
2023-02-03 06:00:00,13308.0
2023-02-06 06:00:00,13076.0
2023-02-07 06:00:00,13155.0
2023-02-08 06:00:00,13105.0
2023-02-09 06:00:00,13283.0
2023-02-10 06:00:00,13204.0
2023-02-13 06:00:00,13362.0
2023-02-14 06:00:00,13330.0
2023-02-15 06:00:00,13230.0
2023-02-16 06:00:00,13193.0
2023-02-17 06:00:00,12922.0
2023-02-20 06:00:00,13307.0
2023-02-21 06:00:00,13286.0
2023-02-22 06:00:00,13117.0
2023-02-23 06:00:00,13126.0
2023-02-24 06:00:00,12865.0
2023-02-27 06:00:00,12927.0
2023-02-28 06:00:00,12911.0
2023-03-01 06:00:00,13193.0
2023-03-02 06:00:00,13121.0
2023-03-03 06:00:00,13123.0
2023-03-06 06:00:00,13034.0
2023-03-07 06:00:00,12897.0
2023-03-08 06:00:00,12753.0
2023-03-09 06:00:00,12669.0
2023-03-10 06:00:00,12547.0
2023-03-13 05:00:00,12621.0
2023-03-14 05:00:00,12568.0
2023-03-15 05:00:00,12583.0
2023-03-16 05:00:00,12503.0
2023-03-17 05:00:00,12492.0
2023-03-20 05:00:00,12403.0
2023-03-21 05:00:00,12606.0
2023-03-22 05:00:00,12646.0
2023-03-23 05:00:00,12766.0
2023-03-24 05:00:00,12699.0
2023-03-27 05:00:00,12579.0
2023-03-28 05:00:00,12639.0
2023-03-29 05:00:00,12669.0
2023-03-30 05:00:00,12876.0
2023-03-31 05:00:00,12859.0
2023-04-03 05:00:00,12790.0
2023-04-04 05:00:00,12833.0
2023-04-05 05:00:00,12891.0
2023-04-06 05:00:00,12742.0
2023-04-07 05:00:00,12802.0
2023-04-10 05:00:00,12808.0
2023-04-11 05:00:00,12714.0
2023-04-12 05:00:00,12615.0
2023-04-13 05:00:00,12682.0
2023-04-14 05:00:00,12678.0
2023-04-17 05:00:00,12957.0
2023-04-18 05:00:00,13034.0
2023-04-19 05:00:00,12882.0
2023-04-20 05:00:00,12754.0
2023-04-21 05:00:00,12573.0
2023-04-24 05:00:00,12469.0
2023-04-25 05:00:00,12499.0
2023-04-26 05:00:00,12512.0
2023-04-27 05:00:00,12665.0
2023-04-28 05:00:00,12745.0
2023-05-01 05:00:00,12776.0
2023-05-02 05:00:00,12692.0
2023-05-03 05:00:00,12618.0
2023-05-04 05:00:00,12801.0
2023-05-05 05:00:00,12798.0
2023-05-08 05:00:00,12987.0
2023-05-09 05:00:00,12886.0
2023-05-10 05:00:00,12729.0
2023-05-11 05:00:00,12743.0
2023-05-12 05:00:00,12570.0
2023-05-15 05:00:00,12725.0
2023-05-16 05:00:00,12695.0
2023-05-17 05:00:00,12528.0
2023-05-18 05:00:00,12581.0
2023-05-19 05:00:00,12525.0
2023-05-22 05:00:00,12690.0
2023-05-23 05:00:00,12445.0
2023-05-24 05:00:00,12284.0
2023-05-25 05:00:00,12190.0
2023-05-26 05:00:00,12168.0
2023-05-29 05:00:00,12120.0
2023-05-30 05:00:00,12061.0
2023-05-31 05:00:00,11878.0
2023-06-01 05:00:00,11897.0
2023-06-02 05:00:00,12162.0
2023-06-05 05:00:00,12068.0
2023-06-06 05:00:00,12053.0
2023-06-07 05:00:00,11963.0
2023-06-08 05:00:00,12105.0
2023-06-09 05:00:00,12129.0
2023-06-12 05:00:00,12203.0
2023-06-13 05:00:00,12269.0
2023-06-14 05:00:00,12313.0
2023-06-15 05:00:00,12559.0
2023-06-16 05:00:00,12618.0
2023-06-19 05:00:00,12475.0
2023-06-20 05:00:00,12315.0
2023-06-21 05:00:00,12239.0
2023-06-22 05:00:00,12179.0
2023-06-23 05:00:00,12077.0
2023-06-26 05:00:00,12002.0
2023-06-27 05:00:00,12106.0
2023-06-28 05:00:00,12164.0
2023-06-29 05:00:00,12038.0
2023-06-30 05:00:00,12109.0
2023-07-03 05:00:00,12348.0
2023-07-04 05:00:00,12372.0
2023-07-05 05:00:00,12200.0
2023-07-06 05:00:00,12094.0
2023-07-07 05:00:00,12053.0
2023-07-10 05:00:00,12182.0
2023-07-11 05:00:00,12214.0
2023-07-12 05:00:00,12229.0
2023-07-13 05:00:00,12526.0
2023-07-14 05:00:00,12513.0
2023-07-17 05:00:00,12357.0
2023-07-18 05:00:00,12321.0
2023-07-19 05:00:00,12275.0
2023-07-20 05:00:00,12283.0
2023-07-21 05:00:00,12314.0
2023-07-24 05:00:00,12245.0
2023-07-25 05:00:00,12732.0
2023-07-26 05:00:00,12689.0
2023-07-27 05:00:00,12758.0
2023-07-28 05:00:00,13099.0
2023-07-31 05:00:00,13081.0
2023-08-01 05:00:00,13010.0
2023-08-02 05:00:00,12848.0
2023-08-03 05:00:00,12940.0
2023-08-04 05:00:00,13042.0
2023-08-07 05:00:00,12952.0
2023-08-08 05:00:00,12897.0
2023-08-09 05:00:00,12964.0
2023-08-10 05:00:00,12926.0
2023-08-11 05:00:00,12613.0
2023-08-14 05:00:00,12430.0
2023-08-15 05:00:00,12417.0
2023-08-16 05:00:00,12399.0
2023-08-17 05:00:00,12428.0
2023-08-18 05:00:00,12300.0
2023-08-21 05:00:00,12123.0
2023-08-22 05:00:00,12177.0
2023-08-23 05:00:00,12067.0
2023-08-24 05:00:00,12241.0
2023-08-25 05:00:00,12218.0
2023-08-28 05:00:00,12402.0
2023-08-29 05:00:00,12426.0
2023-08-30 05:00:00,12356.0
2023-08-31 05:00:00,12354.0
2023-09-01 05:00:00,12431.0
2023-09-04 05:00:00,12664.0
2023-09-05 05:00:00,12551.0
2023-09-06 05:00:00,12548.0
2023-09-07 05:00:00,12354.0
2023-09-08 05:00:00,12251.0
2023-09-11 05:00:00,12415.0
2023-09-12 05:00:00,12354.0
2023-09-13 05:00:00,12328.0
2023-09-14 05:00:00,12317.0
2023-09-15 05:00:00,12206.0
2023-09-18 05:00:00,12325.0
2023-09-19 05:00:00,12343.0
2023-09-20 05:00:00,12309.0
2023-09-21 05:00:00,12149.0
2023-09-22 05:00:00,12471.0
2023-09-25 05:00:00,12299.0
2023-09-26 05:00:00,12194.0
2023-09-27 05:00:00,12204.0
2023-09-28 05:00:00,12091.0
2023-09-29 05:00:00,12313.0
2023-10-02 05:00:00,12223.0
2023-10-03 05:00:00,12038.0
2023-10-04 05:00:00,11895.0
2023-10-05 05:00:00,11933.0
2023-10-06 05:00:00,12024.0
2023-10-09 05:00:00,12014.0
2023-10-10 05:00:00,12028.0
2023-10-11 05:00:00,11974.0
2023-10-12 05:00:00,12106.0
2023-10-13 05:00:00,11908.0
2023-10-16 05:00:00,11813.0
2023-10-17 05:00:00,11855.0
2023-10-18 05:00:00,11836.0
2023-10-19 05:00:00,11490.0
2023-10-20 05:00:00,11432.0
2023-10-23 05:00:00,11333.0
2023-10-24 05:00:00,11339.0
2023-10-25 05:00:00,11455.0
2023-10-26 05:00:00,11528.0
2023-10-27 05:00:00,11669.0
2023-10-30 05:00:00,11699.0
2023-10-31 05:00:00,11671.0
2023-11-01 05:00:00,11791.0
2023-11-02 05:00:00,11790.0
2023-11-03 05:00:00,11832.0
2023-11-06 06:00:00,11946.0
2023-11-07 06:00:00,11864.0
2023-11-08 06:00:00,11828.0
2023-11-09 06:00:00,11819.0
2023-11-10 06:00:00,11696.0
2023-11-13 06:00:00,11727.0
2023-11-14 06:00:00,11673.0
2023-11-15 06:00:00,11789.0
2023-11-16 06:00:00,11658.0
2023-11-17 06:00:00,11616.0
2023-11-20 06:00:00,11651.0
2023-11-21 06:00:00,11714.0
2023-11-22 06:00:00,11617.0
2023-11-23 06:00:00,11697.0
2023-11-24 06:00:00,11569.0
2023-11-27 06:00:00,11473.0
2023-11-28 06:00:00,11439.0
2023-11-29 06:00:00,11356.0
2023-11-30 06:00:00,11426.0
2023-12-01 06:00:00,11264.0
2023-12-04 06:00:00,11226.0
2023-12-05 06:00:00,11005.0
2023-12-06 06:00:00,10993.0
2023-12-07 06:00:00,10978.0
2023-12-08 06:00:00,10971.0
2023-12-11 06:00:00,11048.0
2023-12-12 06:00:00,11076.0
2023-12-13 06:00:00,10841.0
2023-12-14 06:00:00,10783.0
2023-12-15 06:00:00,10774.0
2023-12-18 06:00:00,10767.0
2023-12-19 06:00:00,10797.0
2023-12-20 06:00:00,10702.0
2023-12-21 06:00:00,10854.0
2023-12-22 06:00:00,10852.0
2023-12-25 06:00:00,10890.0
2023-12-26 06:00:00,10809.0
2023-12-27 06:00:00,10865.0
2023-12-28 06:00:00,11158.0
2023-12-29 06:00:00,11133.0
2024-01-02 06:00:00,10943.0
2024-01-03 06:00:00,10956.0
2024-01-04 06:00:00,10851.0
2024-01-05 06:00:00,10820.0
2024-01-08 06:00:00,10680.0
2024-01-09 06:00:00,10671.0
2024-01-10 06:00:00,10685.0
2024-01-11 06:00:00,10680.0
2024-01-12 06:00:00,10676.0
2024-01-15 06:00:00,10646.0
2024-01-16 06:00:00,10716.0
2024-01-17 06:00:00,10421.0
2024-01-18 06:00:00,10544.0
2024-01-19 06:00:00,10649.0
2024-01-22 06:00:00,10566.0
2024-01-23 06:00:00,10569.0
2024-01-24 06:00:00,10880.0
2024-01-25 06:00:00,10924.0
2024-01-26 06:00:00,10887.0
2024-01-29 06:00:00,10865.0
2024-01-30 06:00:00,10617.0
2024-01-31 06:00:00,10681.0
2024-02-01 06:00:00,10652.0
2024-02-02 06:00:00,10528.0
2024-02-05 06:00:00,10706.0
2024-02-06 06:00:00,11074.0
2024-02-07 06:00:00,11086.0
2024-02-08 06:00:00,11123.0
2024-02-09 06:00:00,11036.0
2024-02-12 06:00:00,11068.0
2024-02-13 06:00:00,11245.0
2024-02-14 06:00:00,11134.0
2024-02-15 06:00:00,11168.0
2024-02-16 06:00:00,11332.0
2024-02-19 06:00:00,11201.0
2024-02-20 06:00:00,11279.0
2024-02-21 06:00:00,11539.0
2024-02-22 06:00:00,11639.0
2024-02-23 06:00:00,11614.0
2024-02-26 06:00:00,11402.0
2024-02-27 06:00:00,11478.0
2024-02-28 06:00:00,11396.0
2024-02-29 06:00:00,11485.0
2024-03-01 06:00:00,11533.0
2024-03-04 06:00:00,11505.0
2024-03-05 06:00:00,11682.0
2024-03-06 06:00:00,11587.0
2024-03-07 06:00:00,11532.0
2024-03-08 06:00:00,11529.0
2024-03-11 05:00:00,11770.0
2024-03-12 05:00:00,11874.0
2024-03-13 05:00:00,11747.0
2024-03-14 05:00:00,11746.0
2024-03-15 05:00:00,11747.0
2024-03-18 05:00:00,11798.0
2024-03-19 05:00:00,11774.0
2024-03-20 05:00:00,11815.0
2024-03-21 05:00:00,11841.0
2024-03-22 05:00:00,11737.0
2024-03-25 05:00:00,11731.0
2024-03-26 05:00:00,11846.0
2024-03-27 05:00:00,11745.0
2024-03-28 05:00:00,11731.0
2024-03-29 05:00:00,11734.0
2024-04-01 05:00:00,11917.0
2024-04-02 05:00:00,11914.0
2024-04-03 05:00:00,11861.0
2024-04-04 05:00:00,11931.0
2024-04-05 05:00:00,11839.0
2024-04-08 05:00:00,11755.0
2024-04-09 05:00:00,11717.0
2024-04-10 05:00:00,11655.0
2024-04-11 05:00:00,11644.0
2024-04-12 05:00:00,11520.0
2024-04-15 05:00:00,11824.0
2024-04-16 05:00:00,11788.0
2024-04-17 05:00:00,11887.0
2024-04-18 05:00:00,11901.0
2024-04-19 05:00:00,11811.0
2024-04-22 05:00:00,11816.0
2024-04-23 05:00:00,11841.0
2024-04-24 05:00:00,11870.0
2024-04-25 05:00:00,11946.0
2024-04-26 05:00:00,12109.0
2024-04-29 05:00:00,12180.0
2024-04-30 05:00:00,12166.0
2024-05-01 05:00:00,12103.0
2024-05-02 05:00:00,12278.0
2024-05-03 05:00:00,12370.0
2024-05-06 05:00:00,12364.0
2024-05-07 05:00:00,12359.0
2024-05-08 05:00:00,12252.0
2024-05-09 05:00:00,12303.0
2024-05-10 05:00:00,12285.0
2024-05-13 05:00:00,12225.0
2024-05-14 05:00:00,12202.0
2024-05-15 05:00:00,12149.0
2024-05-16 05:00:00,12221.0
2024-05-17 05:00:00,12433.0
2024-05-20 05:00:00,12459.0
2024-05-21 05:00:00,12415.0
2024-05-22 05:00:00,12435.0
2024-05-23 05:00:00,12322.0
2024-05-24 05:00:00,12145.0
2024-05-27 05:00:00,12249.0
2024-05-28 05:00:00,12194.0
2024-05-29 05:00:00,12233.0
2024-05-30 05:00:00,12081.0
2024-05-31 05:00:00,12006.0
2024-06-03 05:00:00,12096.0
2024-06-04 05:00:00,12156.0
2024-06-05 05:00:00,12135.0
2024-06-06 05:00:00,12178.0
2024-06-07 05:00:00,12043.0
2024-06-10 05:00:00,12049.0
2024-06-11 05:00:00,11854.0
2024-06-12 05:00:00,11857.0
2024-06-13 05:00:00,11831.0
2024-06-14 05:00:00,11906.0
2024-06-17 05:00:00,11890.0
2024-06-18 05:00:00,11867.0
2024-06-19 05:00:00,11896.0
2024-06-20 05:00:00,11834.0
2024-06-21 05:00:00,11717.0
2024-06-24 05:00:00,11821.0
2024-06-28 05:00:00,11769.0
2024-06-28 06:00:00,11768.0
2024-06-28 07:00:00,11738.0
2024-06-28 08:00:00,11737.0
2024-06-28 09:00:00,11750.0
2024-06-28 10:00:00,11758.0
2024-06-28 11:00:00,11751.0
2024-06-28 12:00:00,11746.0
2024-06-28 13:00:00,11735.0
2024-06-28 14:00:00,11743.0
2024-06-28 15:00:00,11740.0
2024-06-28 16:00:00,11733.0
2024-06-28 17:00:00,11729.0
2024-06-28 18:00:00,11726.0
2024-06-28 19:00:00,11731.0
2024-06-28 20:00:00,11731.0
2024-06-28 21:00:00,11739.0
2024-07-01 01:00:00,11707.0
2024-07-01 02:00:00,11709.0
2024-07-01 03:00:00,11705.0
2024-07-01 04:00:00,11696.0
2024-07-01 05:00:00,11736.0
2024-07-01 06:00:00,11768.0
2024-07-01 07:00:00,11754.0
2024-07-01 08:00:00,11752.0
2024-07-01 09:00:00,11761.0
2024-07-01 10:00:00,11761.0
2024-07-01 11:00:00,11766.0
2024-07-01 12:00:00,11767.0
2024-07-01 13:00:00,11769.0
2024-07-01 14:00:00,11759.0
2024-07-01 15:00:00,11761.0
2024-07-01 16:00:00,11764.0
2024-07-01 17:00:00,11765.0
2024-07-01 18:00:00,11766.0
2024-07-01 19:00:00,11766.0
2024-07-01 20:00:00,11764.0
2024-07-01 21:00:00,11764.0
2024-07-02 01:00:00,11851.0
2024-07-02 02:00:00,11883.0
2024-07-02 03:00:00,11870.0
2024-07-02 04:00:00,11868.0
2024-07-02 05:00:00,11887.0
2024-07-02 06:00:00,11874.0
2024-07-02 07:00:00,11876.0
2024-07-02 08:00:00,11893.0
2024-07-02 09:00:00,11882.0
2024-07-02 10:00:00,11883.0
2024-07-02 11:00:00,11880.0
2024-07-02 12:00:00,11875.0
2024-07-02 13:00:00,11889.0
2024-07-02 14:00:00,11882.0
2024-07-02 15:00:00,11883.0
2024-07-02 16:00:00,11884.0
2024-07-02 17:00:00,11890.0
2024-07-02 18:00:00,11892.0
2024-07-02 19:00:00,11894.0
2024-07-02 20:00:00,11891.0
2024-07-02 21:00:00,11894.0
2024-07-03 01:00:00,11842.0
2024-07-03 02:00:00,11853.0
2024-07-03 03:00:00,11861.0
2024-07-03 04:00:00,11859.0
2024-07-03 05:00:00,11862.0
2024-07-03 06:00:00,11862.0
2024-07-03 07:00:00,11863.0
2024-07-03 08:00:00,11862.0
2024-07-03 09:00:00,11866.0
2024-07-03 10:00:00,11867.0
2024-07-03 11:00:00,11868.0
2024-07-03 12:00:00,11875.0
2024-07-03 13:00:00,11892.0
2024-07-03 14:00:00,11898.0
2024-07-03 15:00:00,11891.0
2024-07-03 16:00:00,11894.0
2024-07-03 17:00:00,11892.0
2024-07-03 18:00:00,11888.0
2024-07-03 19:00:00,11887.0
2024-07-03 20:00:00,11886.0
2024-07-03 21:00:00,11895.0
2024-07-04 01:00:00,11899.0
2024-07-04 02:00:00,11878.0
2024-07-04 03:00:00,11867.0
2024-07-04 04:00:00,11864.0
2024-07-04 05:00:00,11890.0
2024-07-04 06:00:00,11851.0
2024-07-04 07:00:00,11843.0
2024-07-04 08:00:00,11840.0
2024-07-04 09:00:00,11839.0
2024-07-04 10:00:00,11842.0
2024-07-04 11:00:00,11847.0
2024-07-04 12:00:00,11844.0
2024-07-04 13:00:00,11832.0
2024-07-04 14:00:00,11833.0
2024-07-04 15:00:00,11832.0
2024-07-04 16:00:00,11836.0
2024-07-04 17:00:00,11841.0
2024-07-04 18:00:00,11838.0
2024-07-04 19:00:00,11838.0
2024-07-04 20:00:00,11830.0
2024-07-04 21:00:00,11841.0
2024-07-05 01:00:00,11740.0
2024-07-05 02:00:00,11611.0
2024-07-05 03:00:00,11632.0
2024-07-05 04:00:00,11633.0
2024-07-05 05:00:00,11668.0
2024-07-05 06:00:00,11687.0
2024-07-05 07:00:00,11690.0
2024-07-05 08:00:00,11668.0
2024-07-05 09:00:00,11673.0
2024-07-05 10:00:00,11674.0
2024-07-05 11:00:00,11674.0
2024-07-05 12:00:00,11674.0
2024-07-05 13:00:00,11669.0
2024-07-05 14:00:00,11642.0
2024-07-05 15:00:00,11656.0
2024-07-05 17:00:00,11656.0
2024-07-05 18:00:00,11669.0
2024-07-05 19:00:00,11669.0
2024-07-05 20:00:00,11668.0
2024-07-08 01:00:00,11688.0
2024-07-08 02:00:00,11687.0
2024-07-08 03:00:00,11696.0
2024-07-08 05:00:00,11658.0
2024-07-08 06:00:00,11666.0
2024-07-08 07:00:00,11657.0
2024-07-08 08:00:00,11657.0
2024-07-08 09:00:00,11667.0
2024-07-08 12:00:00,11652.0
2024-07-08 13:00:00,11649.0
2024-07-08 14:00:00,11653.0
2024-07-08 15:00:00,11647.0
2024-07-08 16:00:00,11640.0
2024-07-08 17:00:00,11640.0
2024-07-08 18:00:00,11646.0
2024-07-08 20:00:00,11636.0
2024-07-09 01:00:00,11673.0
2024-07-09 02:00:00,11627.0
2024-07-09 03:00:00,11632.0
2024-07-09 04:00:00,11653.0
2024-07-09 05:00:00,11793.0
2024-07-09 06:00:00,11780.0
2024-07-09 07:00:00,11781.0
2024-07-09 08:00:00,11786.0
2024-07-09 09:00:00,11780.0
2024-07-09 10:00:00,11774.0
2024-07-09 11:00:00,11774.0
2024-07-09 12:00:00,11760.0
2024-07-09 13:00:00,11758.0
2024-07-09 15:00:00,11781.0
2024-07-09 16:00:00,11784.0
2024-07-09 17:00:00,11784.0
2024-07-09 18:00:00,11786.0
2024-07-09 19:00:00,11774.0
2024-07-09 20:00:00,11783.0
2024-07-10 01:00:00,11795.0
2024-07-10 02:00:00,11790.0
2024-07-10 03:00:00,11783.0
2024-07-10 04:00:00,11769.0
2024-07-10 05:00:00,11725.0
2024-07-10 06:00:00,11739.0
2024-07-10 07:00:00,11728.0
2024-07-10 08:00:00,11725.0
2024-07-10 09:00:00,11736.0
2024-07-10 10:00:00,11762.0
2024-07-10 11:00:00,11770.0
2024-07-10 12:00:00,11766.0
2024-07-10 13:00:00,11771.0
2024-07-10 14:00:00,11749.0
2024-07-10 15:00:00,11749.0
2024-07-10 16:00:00,11768.0
2024-07-10 17:00:00,11769.0
2024-07-10 18:00:00,11769.0
2024-07-10 19:00:00,11771.0
2024-07-10 20:00:00,11774.0
2024-07-11 01:00:00,11815.0
2024-07-11 02:00:00,11825.0
2024-07-11 03:00:00,11849.0
2024-07-11 04:00:00,11829.0
2024-07-11 05:00:00,11853.0
2024-07-11 06:00:00,11853.0
2024-07-11 07:00:00,11847.0
2024-07-11 08:00:00,11850.0
2024-07-11 09:00:00,11837.0
2024-07-11 10:00:00,11845.0
2024-07-11 11:00:00,11845.0
2024-07-11 12:00:00,11861.0
2024-07-11 13:00:00,11880.0
2024-07-11 14:00:00,11875.0
2024-07-11 15:00:00,11875.0
2024-07-11 16:00:00,11876.0
2024-07-11 17:00:00,11872.0
2024-07-11 18:00:00,11871.0
2024-07-11 19:00:00,11871.0
2024-07-11 20:00:00,11871.0
2024-07-12 01:00:00,11908.0
2024-07-12 02:00:00,11888.0
2024-07-12 03:00:00,11883.0
2024-07-12 04:00:00,11894.0
2024-07-12 05:00:00,11939.0
2024-07-12 06:00:00,11913.0
2024-07-12 07:00:00,11922.0
2024-07-12 08:00:00,11939.0
2024-07-12 09:00:00,11930.0
2024-07-12 10:00:00,11934.0
2024-07-12 11:00:00,11933.0
2024-07-12 12:00:00,11925.0
2024-07-12 13:00:00,11945.0
2024-07-12 14:00:00,11945.0
2024-07-12 15:00:00,11930.0
2024-07-12 16:00:00,11918.0
2024-07-12 17:00:00,11918.0
2024-07-12 18:00:00,11931.0
2024-07-12 19:00:00,11918.0
2024-07-12 20:00:00,11918.0
2024-07-15 01:00:00,11966.0
2024-07-15 02:00:00,11952.0
2024-07-15 03:00:00,11955.0
2024-07-15 04:00:00,11955.0
2024-07-15 05:00:00,11950.0
2024-07-15 06:00:00,11952.0
2024-07-15 07:00:00,11938.0
2024-07-15 08:00:00,11950.0
2024-07-15 09:00:00,11950.0
2024-07-15 11:00:00,11965.0
2024-07-15 12:00:00,11974.0
2024-07-15 13:00:00,11932.0
2024-07-15 14:00:00,11929.0
2024-07-15 15:00:00,11936.0
2024-07-15 16:00:00,11927.0
2024-07-15 17:00:00,11925.0
2024-07-15 19:00:00,11925.0
2024-07-15 20:00:00,11927.0
2024-07-16 01:00:00,11928.0
2024-07-16 02:00:00,11956.0
2024-07-16 03:00:00,11956.0
2024-07-16 04:00:00,11945.0
2024-07-16 05:00:00,11972.0
2024-07-16 06:00:00,11978.0
2024-07-16 07:00:00,11968.0
2024-07-16 08:00:00,11971.0
2024-07-16 09:00:00,11969.0
2024-07-16 10:00:00,11969.0
2024-07-16 11:00:00,11985.0
2024-07-16 12:00:00,11970.0
2024-07-16 13:00:00,11958.0
2024-07-16 14:00:00,11974.0
2024-07-16 15:00:00,11965.0
2024-07-16 17:00:00,11966.0
2024-07-16 18:00:00,11981.0
2024-07-16 19:00:00,11980.0
2024-07-16 20:00:00,11980.0
2024-07-17 01:00:00,11961.0
2024-07-17 02:00:00,11993.0
2024-07-17 03:00:00,12033.0
2024-07-17 04:00:00,12037.0
2024-07-17 05:00:00,12072.0
2024-07-17 06:00:00,12056.0
2024-07-17 07:00:00,12045.0
2024-07-17 08:00:00,12062.0
2024-07-17 09:00:00,12062.0
2024-07-17 10:00:00,12062.0
2024-07-17 11:00:00,12055.0
2024-07-17 12:00:00,12054.0
2024-07-17 13:00:00,12050.0
2024-07-17 14:00:00,12066.0
2024-07-17 15:00:00,12038.0
2024-07-17 16:00:00,12038.0
2024-07-17 17:00:00,12038.0
2024-07-17 18:00:00,12046.0
2024-07-17 19:00:00,12046.0
2024-07-18 01:00:00,12048.0
2024-07-18 02:00:00,12046.0
2024-07-18 03:00:00,12087.0
2024-07-18 04:00:00,12074.0
2024-07-18 05:00:00,12093.0
2024-07-18 06:00:00,12111.0
2024-07-18 07:00:00,12101.0
2024-07-18 08:00:00,12094.0
2024-07-18 09:00:00,12076.0
2024-07-18 10:00:00,12067.0
2024-07-18 11:00:00,12076.0
2024-07-18 12:00:00,12065.0
2024-07-18 13:00:00,12063.0
2024-07-18 14:00:00,12053.0
2024-07-18 15:00:00,12046.0
2024-07-18 16:00:00,12051.0
2024-07-18 17:00:00,12052.0
2024-07-18 18:00:00,12042.0
2024-07-18 19:00:00,12032.0
2024-07-18 20:00:00,12030.0
2024-07-19 01:00:00,12036.0
2024-07-19 02:00:00,12051.0
2024-07-19 03:00:00,12043.0
2024-07-19 04:00:00,12048.0
2024-07-19 05:00:00,12080.0
2024-07-19 06:00:00,12122.0
2024-07-19 07:00:00,12085.0
2024-07-19 08:00:00,12095.0
2024-07-19 09:00:00,12100.0
2024-07-19 10:00:00,12110.0
2024-07-19 11:00:00,12098.0
2024-07-19 12:00:00,12124.0
2024-07-19 13:00:00,12132.0
2024-07-19 14:00:00,12128.0
2024-07-19 15:00:00,12124.0
2024-07-19 16:00:00,12120.0
2024-07-19 17:00:00,12115.0
2024-07-19 18:00:00,12114.0
2024-07-19 19:00:00,12107.0
2024-07-19 20:00:00,12107.0
2024-07-22 01:00:00,11995.0
2024-07-22 02:00:00,12011.0
2024-07-22 03:00:00,11988.0
2024-07-22 04:00:00,11988.0
2024-07-22 05:00:00,11986.0
2024-07-22 06:00:00,12014.0
2024-07-22 07:00:00,12010.0
2024-07-22 08:00:00,11986.0
2024-07-22 09:00:00,12008.0
2024-07-22 10:00:00,12010.0
2024-07-22 11:00:00,12008.0
2024-07-22 12:00:00,12015.0
2024-07-22 13:00:00,12017.0
2024-07-22 14:00:00,12022.0
2024-07-22 15:00:00,12021.0
2024-07-22 16:00:00,12020.0
2024-07-22 17:00:00,12026.0
2024-07-22 18:00:00,12026.0
2024-07-22 19:00:00,12026.0
2024-07-22 20:00:00,12024.0
2024-07-23 01:00:00,11969.0
2024-07-23 02:00:00,11977.0
2024-07-23 03:00:00,11959.0
2024-07-23 04:00:00,11963.0
2024-07-23 05:00:00,11839.0
2024-07-23 06:00:00,11834.0
2024-07-23 07:00:00,11835.0
2024-07-23 08:00:00,11839.0
2024-07-23 09:00:00,11847.0
2024-07-23 10:00:00,11853.0
2024-07-23 11:00:00,11852.0
2024-07-23 12:00:00,11839.0
2024-07-23 13:00:00,11827.0
2024-07-23 14:00:00,11828.0
2024-07-23 15:00:00,11837.0
2024-07-23 16:00:00,11837.0
2024-07-23 17:00:00,11840.0
2024-07-23 18:00:00,11837.0
2024-07-23 20:00:00,11834.0
2024-07-24 01:00:00,11818.0
2024-07-24 02:00:00,11798.0
2024-07-24 03:00:00,11811.0
2024-07-24 04:00:00,11804.0
2024-07-24 05:00:00,11814.0
2024-07-24 06:00:00,11800.0
2024-07-24 07:00:00,11795.0
2024-07-24 08:00:00,11814.0
2024-07-24 09:00:00,11816.0
2024-07-24 10:00:00,11816.0
2024-07-24 11:00:00,11818.0
2024-07-24 12:00:00,11823.0
2024-07-24 13:00:00,11818.0
2024-07-24 14:00:00,11813.0
2024-07-24 15:00:00,11804.0
2024-07-24 16:00:00,11798.0
2024-07-24 17:00:00,11794.0
2024-07-24 18:00:00,11780.0
2024-07-24 19:00:00,11778.0
2024-07-24 20:00:00,11792.0
2024-07-25 01:00:00,11756.0
2024-07-25 02:00:00,11630.0
2024-07-25 03:00:00,11648.0
2024-07-25 04:00:00,11658.0
2024-07-25 05:00:00,11714.0
2024-07-25 06:00:00,11704.0
2024-07-25 07:00:00,11692.0
2024-07-25 08:00:00,11714.0
2024-07-25 09:00:00,11708.0
2024-07-25 10:00:00,11698.0
2024-07-25 11:00:00,11701.0
2024-07-25 12:00:00,11710.0
2024-07-25 13:00:00,11717.0
2024-07-25 14:00:00,11721.0
2024-07-25 15:00:00,11720.0
2024-07-25 16:00:00,11720.0
2024-07-25 17:00:00,11723.0
2024-07-25 18:00:00,11703.0
2024-07-25 19:00:00,11697.0
2024-07-25 20:00:00,11705.0
2024-07-25 21:00:00,11700.0
2024-07-26 01:00:00,11716.0
2024-07-26 02:00:00,11595.0
2024-07-26 03:00:00,11600.0
2024-07-26 04:00:00,11609.0
2024-07-26 05:00:00,11625.0
2024-07-26 06:00:00,11644.0
2024-07-26 07:00:00,11636.0
2024-07-26 08:00:00,11630.0
2024-07-26 09:00:00,11633.0
2024-07-26 10:00:00,11632.0
2024-07-26 11:00:00,11638.0
2024-07-26 12:00:00,11633.0
2024-07-26 13:00:00,11642.0
2024-07-26 14:00:00,11647.0
2024-07-26 15:00:00,11662.0
2024-07-26 16:00:00,11671.0
2024-07-26 17:00:00,11668.0
2024-07-26 18:00:00,11668.0
2024-07-26 19:00:00,11661.0
2024-07-26 20:00:00,11662.0
2024-07-26 21:00:00,11663.0
2024-07-29 01:00:00,11643.0
2024-07-29 02:00:00,11603.0
2024-07-29 03:00:00,11613.0
2024-07-29 04:00:00,11612.0
2024-07-29 05:00:00,11602.0
2024-07-29 06:00:00,11611.0
2024-07-29 07:00:00,11603.0
2024-07-29 08:00:00,11602.0
2024-07-29 09:00:00,11602.0
2024-07-29 10:00:00,11585.0
2024-07-29 11:00:00,11586.0
2024-07-29 12:00:00,11583.0
2024-07-29 13:00:00,11570.0
2024-07-29 14:00:00,11571.0
2024-07-29 15:00:00,11572.0
2024-07-29 16:00:00,11571.0
2024-07-29 17:00:00,11568.0
2024-07-29 18:00:00,11568.0
2024-07-29 19:00:00,11569.0
2024-07-29 20:00:00,11570.0
2024-07-29 21:00:00,11565.0
2024-07-30 01:00:00,11524.0
2024-07-30 02:00:00,11455.0
2024-07-30 03:00:00,11461.0
2024-07-30 04:00:00,11454.0
2024-07-30 05:00:00,11462.0
2024-07-30 06:00:00,11475.0
2024-07-30 07:00:00,11465.0
2024-07-30 08:00:00,11462.0
2024-07-30 09:00:00,11478.0
2024-07-30 10:00:00,11480.0
2024-07-30 11:00:00,11475.0
2024-07-30 12:00:00,11482.0
2024-07-30 13:00:00,11491.0
2024-07-30 14:00:00,11472.0
2024-07-30 15:00:00,11472.0
2024-07-30 16:00:00,11478.0
2024-07-30 17:00:00,11477.0
2024-07-30 18:00:00,11478.0
2024-07-30 19:00:00,11481.0
2024-07-30 20:00:00,11483.0
2024-07-30 21:00:00,11475.0
2024-07-31 01:00:00,11567.0
2024-07-31 02:00:00,11656.0
2024-07-31 03:00:00,11723.0
2024-07-31 04:00:00,11715.0
2024-07-31 05:00:00,11725.0
2024-07-31 06:00:00,11699.0
2024-07-31 07:00:00,11707.0
2024-07-31 08:00:00,11688.0
2024-07-31 09:00:00,11700.0
2024-07-31 10:00:00,11697.0
2024-07-31 11:00:00,11698.0
2024-07-31 12:00:00,11706.0
2024-07-31 13:00:00,11683.0
2024-07-31 14:00:00,11689.0
2024-07-31 15:00:00,11694.0
2024-07-31 16:00:00,11690.0
2024-07-31 17:00:00,11677.0
2024-07-31 18:00:00,11696.0
2024-07-31 19:00:00,11683.0
2024-07-31 20:00:00,11686.0
2024-07-31 21:00:00,11683.0
2024-08-01 01:00:00,11650.0
2024-08-01 02:00:00,11625.0
2024-08-01 03:00:00,11601.0
2024-08-01 04:00:00,11602.0
2024-08-01 05:00:00,11586.0
2024-08-01 06:00:00,11586.0
2024-08-01 07:00:00,11591.0
2024-08-01 08:00:00,11586.0
2024-08-01 09:00:00,11591.0
2024-08-01 10:00:00,11594.0
2024-08-01 11:00:00,11592.0
2024-08-01 12:00:00,11588.0
2024-08-01 13:00:00,11583.0
2024-08-01 14:00:00,11563.0
2024-08-01 15:00:00,11547.0
2024-08-01 16:00:00,11538.0
2024-08-01 17:00:00,11530.0
2024-08-01 18:00:00,11520.0
2024-08-01 19:00:00,11532.0
2024-08-01 20:00:00,11533.0
2024-08-01 21:00:00,11537.0
2024-08-02 01:00:00,11561.0
2024-08-02 02:00:00,11503.0
2024-08-02 03:00:00,11520.0
2024-08-02 04:00:00,11520.0
2024-08-02 05:00:00,11498.0
2024-08-02 06:00:00,11498.0
2024-08-02 07:00:00,11497.0
2024-08-02 08:00:00,11498.0
2024-08-02 09:00:00,11496.0
2024-08-02 10:00:00,11504.0
2024-08-02 11:00:00,11506.0
2024-08-02 12:00:00,11493.0
2024-08-02 13:00:00,11508.0
2024-08-02 14:00:00,11484.0
2024-08-02 15:00:00,11499.0
2024-08-02 16:00:00,11501.0
2024-08-02 17:00:00,11489.0
2024-08-02 18:00:00,11494.0
2024-08-02 19:00:00,11503.0
2024-08-02 20:00:00,11508.0
2024-08-02 21:00:00,11500.0
2024-08-05 01:00:00,11517.0
2024-08-05 02:00:00,11504.0
2024-08-05 03:00:00,11582.0
2024-08-05 04:00:00,11595.0
2024-08-05 05:00:00,11471.0
2024-08-05 06:00:00,11446.0
2024-08-05 07:00:00,11468.0
2024-08-05 08:00:00,11471.0
2024-08-05 09:00:00,11483.0
2024-08-05 10:00:00,11473.0
2024-08-05 11:00:00,11447.0
2024-08-05 12:00:00,11435.0
2024-08-05 13:00:00,11443.0
2024-08-05 14:00:00,11476.0
2024-08-05 15:00:00,11491.0
2024-08-05 16:00:00,11501.0
2024-08-05 17:00:00,11504.0
2024-08-05 18:00:00,11501.0
2024-08-05 19:00:00,11510.0
2024-08-05 20:00:00,11508.0
2024-08-05 21:00:00,11515.0
2024-08-06 01:00:00,11433.0
2024-08-06 02:00:00,11358.0
2024-08-06 03:00:00,11347.0
2024-08-06 04:00:00,11337.0
2024-08-06 05:00:00,11320.0
2024-08-06 06:00:00,11349.0
2024-08-06 07:00:00,11337.0
2024-08-06 08:00:00,11319.0
2024-08-06 09:00:00,11306.0
2024-08-06 10:00:00,11333.0
2024-08-06 12:00:00,11292.0
2024-08-06 13:00:00,11304.0
2024-08-06 14:00:00,11331.0
2024-08-06 15:00:00,11331.0
2024-08-06 16:00:00,11335.0
2024-08-06 17:00:00,11345.0
2024-08-06 18:00:00,11346.0
2024-08-07 01:00:00,11400.0
2024-08-07 02:00:00,11371.0
2024-08-07 03:00:00,11368.0
2024-08-07 04:00:00,11373.0
2024-08-07 05:00:00,11370.0
2024-08-07 06:00:00,11349.0
2024-08-07 07:00:00,11334.0
2024-08-07 08:00:00,11370.0
2024-08-07 09:00:00,11373.0
2024-08-07 10:00:00,11379.0
2024-08-07 11:00:00,11379.0
2024-08-07 13:00:00,11372.0
2024-08-07 14:00:00,11367.0
2024-08-07 15:00:00,11353.0
2024-08-07 16:00:00,11345.0
2024-08-07 17:00:00,11333.0
2024-08-07 18:00:00,11326.0
2024-08-07 20:00:00,11334.0
2024-08-08 01:00:00,11330.0
2024-08-08 02:00:00,11426.0
2024-08-08 03:00:00,11463.0
2024-08-08 04:00:00,11435.0
2024-08-08 05:00:00,11382.0
2024-08-08 06:00:00,11409.0
2024-08-08 07:00:00,11381.0
2024-08-08 08:00:00,11382.0
2024-08-08 09:00:00,11385.0
2024-08-08 11:00:00,11411.0
2024-08-08 12:00:00,11420.0
2024-08-08 13:00:00,11435.0
2024-08-08 14:00:00,11454.0
2024-08-08 15:00:00,11454.0
2024-08-08 16:00:00,11446.0
2024-08-08 17:00:00,11456.0
2024-08-08 18:00:00,11453.0
2024-08-08 20:00:00,11453.0
2024-08-09 01:00:00,11459.0
2024-08-09 02:00:00,11477.0
2024-08-09 03:00:00,11468.0
2024-08-09 04:00:00,11460.0
2024-08-09 05:00:00,11453.0
2024-08-09 06:00:00,11433.0
2024-08-09 07:00:00,11433.0
2024-08-09 08:00:00,11432.0
2024-08-09 09:00:00,11434.0
2024-08-09 10:00:00,11417.0
2024-08-09 12:00:00,11408.0
2024-08-09 13:00:00,11397.0
2024-08-09 14:00:00,11396.0
2024-08-09 15:00:00,11395.0
2024-08-09 16:00:00,11398.0
2024-08-09 18:00:00,11404.0
2024-08-09 19:00:00,11404.0
2024-08-12 01:00:00,11428.0
2024-08-12 02:00:00,11447.0
2024-08-12 03:00:00,11421.0
2024-08-12 04:00:00,11421.0
2024-08-12 05:00:00,11425.0
2024-08-12 06:00:00,11421.0
2024-08-12 07:00:00,11424.0
2024-08-12 08:00:00,11433.0
2024-08-12 09:00:00,11433.0
2024-08-12 10:00:00,11418.0
2024-08-12 12:00:00,11418.0
2024-08-12 13:00:00,11414.0
2024-08-12 14:00:00,11433.0
2024-08-12 15:00:00,11434.0
2024-08-12 16:00:00,11434.0
2024-08-12 20:00:00,11433.0
2024-08-13 01:00:00,11400.0
2024-08-13 02:00:00,11399.0
2024-08-13 03:00:00,11392.0
2024-08-13 04:00:00,11388.0
2024-08-13 05:00:00,11395.0
2024-08-13 06:00:00,11415.0
2024-08-13 07:00:00,11411.0
2024-08-13 08:00:00,11415.0
2024-08-13 09:00:00,11415.0
2024-08-13 12:00:00,11418.0
2024-08-13 13:00:00,11431.0
2024-08-13 14:00:00,11416.0
2024-08-13 15:00:00,11430.0
2024-08-13 16:00:00,11433.0
2024-08-13 17:00:00,11435.0
2024-08-13 18:00:00,11441.0
2024-08-13 20:00:00,11439.0
2024-08-14 01:00:00,11378.0
2024-08-14 02:00:00,11399.0
2024-08-14 03:00:00,11373.0
2024-08-14 04:00:00,11377.0
2024-08-14 05:00:00,11374.0
2024-08-14 06:00:00,11359.0
2024-08-14 07:00:00,11376.0
2024-08-14 08:00:00,11379.0
2024-08-14 09:00:00,11382.0
2024-08-14 11:00:00,11383.0
2024-08-14 12:00:00,11376.0
2024-08-14 13:00:00,11376.0
2024-08-14 14:00:00,11372.0
2024-08-14 15:00:00,11377.0
2024-08-14 16:00:00,11357.0
2024-08-14 18:00:00,11364.0
2024-08-14 19:00:00,11364.0
2024-08-15 01:00:00,11471.0
2024-08-15 02:00:00,11523.0
2024-08-15 03:00:00,11552.0
2024-08-15 04:00:00,11552.0
2024-08-15 05:00:00,11473.0
2024-08-15 06:00:00,11512.0
2024-08-15 07:00:00,11507.0
2024-08-15 08:00:00,11518.0
2024-08-15 09:00:00,11513.0
2024-08-15 10:00:00,11516.0
2024-08-15 11:00:00,11518.0
2024-08-15 12:00:00,11532.0
2024-08-15 13:00:00,11543.0
2024-08-15 14:00:00,11521.0
2024-08-15 15:00:00,11529.0
2024-08-15 16:00:00,11533.0
2024-08-15 17:00:00,11518.0
2024-08-15 18:00:00,11525.0
2024-08-15 19:00:00,11529.0
2024-08-15 20:00:00,11517.0
2024-08-16 01:00:00,11582.0
2024-08-16 02:00:00,11559.0
2024-08-16 03:00:00,11563.0
2024-08-16 04:00:00,11562.0
2024-08-16 05:00:00,11562.0
2024-08-16 06:00:00,11576.0
2024-08-16 07:00:00,11588.0
2024-08-16 08:00:00,11589.0
2024-08-16 09:00:00,11594.0
2024-08-16 10:00:00,11578.0
2024-08-16 11:00:00,11570.0
2024-08-16 12:00:00,11570.0
2024-08-16 13:00:00,11587.0
2024-08-16 14:00:00,11585.0
2024-08-16 15:00:00,11591.0
2024-08-16 16:00:00,11599.0
2024-08-16 17:00:00,11598.0
2024-08-16 18:00:00,11605.0
2024-08-16 19:00:00,11608.0
2024-08-16 20:00:00,11609.0
2024-08-19 01:00:00,11706.0
2024-08-19 02:00:00,11643.0
2024-08-19 03:00:00,11636.0
2024-08-19 04:00:00,11631.0
2024-08-19 05:00:00,11625.0
2024-08-19 06:00:00,11637.0
2024-08-19 07:00:00,11633.0
2024-08-19 08:00:00,11624.0
2024-08-19 09:00:00,11633.0
2024-08-19 10:00:00,11637.0
2024-08-19 11:00:00,11642.0
2024-08-19 12:00:00,11643.0
2024-08-19 13:00:00,11649.0
2024-08-19 14:00:00,11659.0
2024-08-19 15:00:00,11660.0
2024-08-19 16:00:00,11659.0
2024-08-19 17:00:00,11662.0
2024-08-19 18:00:00,11655.0
2024-08-19 19:00:00,11651.0
2024-08-19 20:00:00,11651.0
2024-08-20 01:00:00,11603.0
2024-08-20 02:00:00,11593.0
2024-08-20 03:00:00,11593.0
2024-08-20 04:00:00,11595.0
2024-08-20 05:00:00,11563.0
2024-08-20 06:00:00,11582.0
2024-08-20 07:00:00,11589.0
2024-08-20 08:00:00,11599.0
2024-08-20 09:00:00,11594.0
2024-08-20 10:00:00,11584.0
2024-08-20 11:00:00,11586.0
2024-08-20 12:00:00,11593.0
2024-08-20 13:00:00,11581.0
2024-08-20 14:00:00,11573.0
2024-08-20 15:00:00,11565.0
2024-08-20 16:00:00,11569.0
2024-08-20 17:00:00,11566.0
2024-08-20 18:00:00,11570.0
2024-08-20 20:00:00,11569.0
2024-08-20 21:00:00,11569.0
2024-08-21 01:00:00,11538.0
2024-08-21 02:00:00,11583.0
2024-08-21 03:00:00,11585.0
2024-08-21 04:00:00,11583.0
2024-08-21 05:00:00,11574.0
2024-08-21 06:00:00,11565.0
2024-08-21 07:00:00,11571.0
2024-08-21 08:00:00,11558.0
2024-08-21 11:00:00,11573.0
2024-08-21 12:00:00,11566.0
2024-08-21 13:00:00,11569.0
2024-08-21 14:00:00,11580.0
2024-08-21 15:00:00,11584.0
2024-08-21 16:00:00,11581.0
2024-08-21 17:00:00,11586.0
2024-08-21 18:00:00,11586.0
2024-08-21 20:00:00,11587.0
2024-08-22 01:00:00,11589.0
2024-08-22 02:00:00,11576.0
2024-08-22 03:00:00,11609.0
2024-08-22 04:00:00,11608.0
2024-08-22 05:00:00,11607.0
2024-08-22 06:00:00,11623.0
2024-08-22 07:00:00,11626.0
2024-08-22 08:00:00,11618.0
2024-08-22 09:00:00,11616.0
2024-08-22 10:00:00,11621.0
2024-08-22 11:00:00,11620.0
2024-08-22 12:00:00,11626.0
2024-08-22 13:00:00,11610.0
2024-08-22 14:00:00,11596.0
2024-08-22 15:00:00,11595.0
2024-08-22 16:00:00,11594.0
2024-08-22 17:00:00,11589.0
2024-08-22 18:00:00,11593.0
2024-08-22 19:00:00,11592.0
2024-08-22 20:00:00,11594.0
2024-08-23 01:00:00,11620.0
2024-08-23 02:00:00,11615.0
2024-08-23 03:00:00,11703.0
2024-08-23 04:00:00,11703.0
2024-08-23 05:00:00,11686.0
2024-08-23 06:00:00,11688.0
2024-08-23 07:00:00,11691.0
2024-08-23 08:00:00,11686.0
2024-08-23 09:00:00,11694.0
2024-08-23 10:00:00,11698.0
2024-08-23 11:00:00,11691.0
2024-08-23 12:00:00,11691.0
2024-08-23 13:00:00,11681.0
2024-08-23 14:00:00,11706.0
2024-08-23 15:00:00,11714.0
2024-08-23 16:00:00,11706.0
2024-08-23 17:00:00,11713.0
2024-08-23 18:00:00,11706.0
2024-08-23 19:00:00,11709.0
2024-08-23 20:00:00,11718.0
2024-08-23 21:00:00,11718.0
2024-08-26 01:00:00,11632.0
2024-08-26 02:00:00,11591.0
2024-08-26 03:00:00,11593.0
2024-08-26 04:00:00,11594.0
2024-08-26 05:00:00,11616.0
2024-08-26 06:00:00,11628.0
2024-08-26 07:00:00,11617.0
2024-08-26 08:00:00,11616.0
2024-08-26 09:00:00,11619.0
2024-08-26 10:00:00,11616.0
2024-08-26 11:00:00,11607.0
2024-08-26 12:00:00,11601.0
2024-08-26 13:00:00,11608.0
2024-08-26 14:00:00,11608.0
2024-08-26 15:00:00,11603.0
2024-08-26 16:00:00,11611.0
2024-08-26 17:00:00,11603.0
2024-08-26 18:00:00,11608.0
2024-08-26 19:00:00,11607.0
2024-08-26 20:00:00,11605.0
2024-08-27 01:00:00,11635.0
2024-08-27 02:00:00,11622.0
2024-08-27 03:00:00,11604.0
2024-08-27 04:00:00,11603.0
2024-08-27 05:00:00,11636.0
2024-08-27 06:00:00,11631.0
2024-08-27 07:00:00,11637.0
2024-08-27 08:00:00,11653.0
2024-08-27 09:00:00,11636.0
2024-08-27 10:00:00,11647.0
2024-08-27 11:00:00,11640.0
2024-08-27 12:00:00,11637.0
2024-08-27 13:00:00,11632.0
2024-08-27 14:00:00,11641.0
2024-08-27 15:00:00,11632.0
2024-08-27 16:00:00,11628.0
2024-08-27 17:00:00,11638.0
2024-08-27 18:00:00,11630.0
2024-08-27 19:00:00,11632.0
2024-08-27 20:00:00,11630.0
2024-08-28 01:00:00,11544.0
2024-08-28 02:00:00,11483.0
2024-08-28 03:00:00,11464.0
2024-08-28 04:00:00,11472.0
2024-08-28 05:00:00,11517.0
2024-08-28 06:00:00,11511.0
2024-08-28 07:00:00,11499.0
2024-08-28 08:00:00,11517.0
2024-08-28 09:00:00,11515.0
2024-08-28 10:00:00,11512.0
2024-08-28 11:00:00,11507.0
2024-08-28 12:00:00,11507.0
2024-08-28 13:00:00,11506.0
2024-08-28 14:00:00,11504.0
2024-08-28 15:00:00,11505.0
2024-08-28 16:00:00,11497.0
2024-08-28 17:00:00,11486.0
2024-08-28 18:00:00,11498.0
2024-08-28 19:00:00,11493.0
2024-08-28 20:00:00,11503.0
2024-08-28 21:00:00,11501.0
2024-08-29 01:00:00,11437.0
2024-08-29 02:00:00,11427.0
2024-08-29 03:00:00,11451.0
2024-08-29 04:00:00,11453.0
2024-08-29 05:00:00,11436.0
2024-08-29 06:00:00,11426.0
2024-08-29 07:00:00,11417.0
2024-08-29 08:00:00,11398.0
2024-08-29 09:00:00,11419.0
2024-08-29 10:00:00,11403.0
2024-08-29 11:00:00,11403.0
2024-08-29 12:00:00,11404.0
2024-08-29 13:00:00,11408.0
2024-08-29 14:00:00,11409.0
2024-08-29 15:00:00,11416.0
2024-08-29 16:00:00,11414.0
2024-08-29 17:00:00,11424.0
2024-08-29 18:00:00,11409.0
2024-08-29 19:00:00,11410.0
2024-08-29 20:00:00,11415.0
2024-08-29 21:00:00,11419.0
2024-08-30 01:00:00,11560.0
2024-08-30 02:00:00,11647.0
2024-08-30 03:00:00,11684.0
2024-08-30 04:00:00,11686.0
2024-08-30 05:00:00,11583.0
2024-08-30 06:00:00,11617.0
2024-08-30 07:00:00,11586.0
2024-08-30 08:00:00,11583.0
2024-08-30 09:00:00,11564.0
2024-08-30 10:00:00,11552.0
2024-08-30 11:00:00,11552.0
2024-08-30 12:00:00,11551.0
2024-08-30 13:00:00,11548.0
2024-08-30 14:00:00,11534.0
2024-08-30 15:00:00,11532.0
2024-08-30 16:00:00,11527.0
2024-08-30 17:00:00,11531.0
2024-08-30 18:00:00,11533.0
2024-08-30 19:00:00,11538.0
2024-08-30 20:00:00,11531.0
2024-08-30 21:00:00,11541.0
2024-09-02 01:00:00,11473.0
2024-09-02 02:00:00,11441.0
2024-09-02 03:00:00,11425.0
2024-09-02 04:00:00,11425.0
2024-09-02 05:00:00,11474.0
2024-09-02 06:00:00,11403.0
2024-09-02 07:00:00,11399.0
2024-09-02 08:00:00,11383.0
2024-09-02 09:00:00,11384.0
2024-09-02 10:00:00,11381.0
2024-09-02 11:00:00,11377.0
2024-09-02 12:00:00,11381.0
2024-09-02 13:00:00,11380.0
2024-09-02 14:00:00,11387.0
2024-09-02 15:00:00,11389.0
2024-09-02 16:00:00,11387.0
2024-09-02 17:00:00,11388.0
2024-09-02 18:00:00,11386.0
2024-09-02 19:00:00,11385.0
2024-09-02 20:00:00,11375.0
2024-09-02 21:00:00,11372.0
2024-09-03 01:00:00,11380.0
2024-09-03 02:00:00,11377.0
2024-09-03 03:00:00,11366.0
2024-09-03 04:00:00,11360.0
2024-09-03 05:00:00,11384.0
2024-09-03 06:00:00,11380.0
2024-09-03 07:00:00,11390.0
2024-09-03 08:00:00,11384.0
2024-09-03 09:00:00,11364.0
2024-09-03 10:00:00,11365.0
2024-09-03 11:00:00,11372.0
2024-09-03 12:00:00,11364.0
2024-09-03 13:00:00,11361.0
2024-09-03 14:00:00,11363.0
2024-09-03 15:00:00,11377.0
2024-09-03 16:00:00,11381.0
2024-09-03 17:00:00,11369.0
2024-09-03 18:00:00,11369.0
2024-09-03 19:00:00,11371.0
2024-09-03 20:00:00,11373.0
2024-09-03 21:00:00,11371.0
2024-09-04 01:00:00,11308.0
2024-09-04 02:00:00,11355.0
2024-09-04 03:00:00,11322.0
2024-09-04 04:00:00,11311.0
2024-09-04 05:00:00,11316.0
2024-09-04 06:00:00,11294.0
2024-09-04 07:00:00,11308.0
2024-09-04 08:00:00,11313.0
2024-09-04 09:00:00,11304.0
2024-09-04 10:00:00,11304.0
2024-09-04 11:00:00,11304.0
2024-09-04 12:00:00,11310.0
2024-09-04 13:00:00,11323.0
2024-09-04 14:00:00,11324.0
2024-09-04 15:00:00,11315.0
2024-09-04 16:00:00,11315.0
2024-09-04 17:00:00,11309.0
2024-09-04 18:00:00,11309.0
2024-09-04 19:00:00,11305.0
2024-09-04 20:00:00,11309.0
2024-09-04 21:00:00,11303.0
2024-09-05 01:00:00,11278.0
2024-09-05 02:00:00,11285.0
2024-09-05 03:00:00,11274.0
2024-09-05 04:00:00,11279.0
2024-09-05 05:00:00,11309.0
2024-09-05 06:00:00,11299.0
2024-09-05 07:00:00,11307.0
2024-09-05 08:00:00,11309.0
2024-09-05 09:00:00,11302.0
2024-09-05 10:00:00,11300.0
2024-09-05 11:00:00,11299.0
2024-09-05 12:00:00,11305.0
2024-09-05 13:00:00,11322.0
2024-09-05 14:00:00,11320.0
2024-09-05 15:00:00,11314.0
2024-09-05 16:00:00,11315.0
2024-09-05 17:00:00,11307.0
2024-09-05 18:00:00,11310.0
2024-09-05 19:00:00,11310.0
2024-09-05 20:00:00,11310.0
2024-09-05 21:00:00,11319.0
2024-09-06 01:00:00,11393.0
2024-09-06 02:00:00,11341.0
2024-09-06 03:00:00,11302.0
2024-09-06 04:00:00,11308.0
2024-09-06 05:00:00,11287.0
2024-09-06 06:00:00,11228.0
2024-09-06 07:00:00,11219.0
2024-09-06 08:00:00,11217.0
2024-09-06 09:00:00,11212.0
2024-09-06 11:00:00,11221.0
2024-09-06 12:00:00,11223.0
2024-09-06 13:00:00,11224.0
2024-09-06 14:00:00,11218.0
2024-09-06 15:00:00,11206.0
2024-09-06 16:00:00,11196.0
2024-09-06 17:00:00,11196.0
2024-09-06 18:00:00,11190.0
2024-09-06 20:00:00,11187.0
2024-09-09 01:00:00,11118.0
2024-09-09 02:00:00,11071.0
2024-09-09 03:00:00,11097.0
2024-09-09 04:00:00,11105.0
2024-09-09 05:00:00,11082.0
2024-09-09 06:00:00,11098.0
2024-09-09 07:00:00,11099.0
2024-09-09 08:00:00,11082.0
2024-09-09 09:00:00,11093.0
2024-09-09 10:00:00,11087.0
2024-09-09 12:00:00,11090.0
2024-09-09 13:00:00,11090.0
2024-09-09 14:00:00,11089.0
2024-09-09 15:00:00,11094.0
2024-09-09 16:00:00,11104.0
2024-09-09 17:00:00,11108.0
2024-09-09 18:00:00,11093.0
2024-09-09 19:00:00,11093.0
2024-09-10 01:00:00,11129.0
2024-09-10 02:00:00,11111.0
2024-09-10 03:00:00,11114.0
2024-09-10 04:00:00,11121.0
2024-09-10 05:00:00,11103.0
2024-09-10 06:00:00,11123.0
2024-09-10 07:00:00,11117.0
2024-09-10 08:00:00,11103.0
2024-09-10 09:00:00,11101.0
2024-09-10 10:00:00,11100.0
2024-09-10 11:00:00,11102.0
2024-09-10 12:00:00,11099.0
2024-09-10 13:00:00,11088.0
2024-09-10 14:00:00,11084.0
2024-09-10 15:00:00,11083.0
2024-09-10 16:00:00,11083.0
2024-09-10 17:00:00,11085.0
2024-09-10 18:00:00,11087.0
2024-09-10 20:00:00,11089.0
2024-09-11 01:00:00,11066.0
2024-09-11 02:00:00,11067.0
2024-09-11 03:00:00,11050.0
2024-09-11 04:00:00,11052.0
2024-09-11 05:00:00,11052.0
2024-09-11 06:00:00,11058.0
2024-09-11 07:00:00,11064.0
2024-09-11 08:00:00,11056.0
2024-09-11 09:00:00,11071.0
2024-09-11 11:00:00,11077.0
2024-09-11 12:00:00,11072.0
2024-09-11 13:00:00,11069.0
2024-09-11 14:00:00,11049.0
2024-09-11 15:00:00,11071.0
2024-09-11 16:00:00,11082.0
2024-09-11 17:00:00,11087.0
2024-09-11 18:00:00,11082.0
2024-09-11 20:00:00,11090.0
2024-09-12 01:00:00,11083.0
2024-09-12 02:00:00,11039.0
2024-09-12 03:00:00,11047.0
2024-09-12 04:00:00,11054.0
2024-09-12 05:00:00,11012.0
2024-09-12 06:00:00,11014.0
2024-09-12 07:00:00,11013.0
2024-09-12 08:00:00,11012.0
2024-09-12 10:00:00,11009.0
2024-09-12 11:00:00,11009.0
2024-09-12 12:00:00,11003.0
2024-09-12 13:00:00,10999.0
2024-09-12 14:00:00,10999.0
2024-09-12 15:00:00,11009.0
2024-09-12 16:00:00,11017.0
2024-09-12 17:00:00,11021.0
2024-09-12 18:00:00,11023.0
2024-09-12 19:00:00,11030.0
2024-09-12 20:00:00,11029.0
2024-09-13 01:00:00,11060.0
2024-09-13 02:00:00,10994.0
2024-09-13 03:00:00,11003.0
2024-09-13 04:00:00,11003.0
2024-09-13 05:00:00,11007.0
2024-09-13 06:00:00,10979.0
2024-09-13 07:00:00,10967.0
2024-09-13 08:00:00,10955.0
2024-09-13 09:00:00,10969.0
2024-09-13 10:00:00,10961.0
2024-09-13 11:00:00,10952.0
2024-09-13 12:00:00,10956.0
2024-09-13 13:00:00,10980.0
2024-09-13 14:00:00,10972.0
2024-09-13 15:00:00,10980.0
2024-09-13 16:00:00,10976.0
2024-09-13 18:00:00,10980.0
2024-09-13 20:00:00,10968.0
2024-09-13 21:00:00,10983.0
2024-09-16 01:00:00,10983.0
2024-09-16 02:00:00,10973.0
2024-09-16 03:00:00,10993.0
2024-09-16 04:00:00,11001.0
2024-09-16 05:00:00,11005.0
2024-09-16 06:00:00,11006.0
2024-09-16 07:00:00,11016.0
2024-09-16 08:00:00,11019.0
2024-09-16 09:00:00,11013.0
2024-09-16 10:00:00,11013.0
2024-09-16 11:00:00,11007.0
2024-09-16 12:00:00,11011.0
2024-09-16 13:00:00,11006.0
2024-09-16 14:00:00,11000.0
2024-09-16 16:00:00,11002.0
2024-09-16 17:00:00,11002.0
2024-09-16 18:00:00,11005.0
2024-09-16 19:00:00,11005.0
2024-09-16 20:00:00,11005.0
2024-09-17 01:00:00,11005.0
2024-09-17 02:00:00,11032.0
2024-09-17 03:00:00,11034.0
2024-09-17 04:00:00,11048.0
2024-09-17 05:00:00,11061.0
2024-09-17 06:00:00,11061.0
2024-09-17 07:00:00,11065.0
2024-09-17 08:00:00,11063.0
2024-09-17 09:00:00,11063.0
2024-09-17 10:00:00,11064.0
2024-09-17 11:00:00,11059.0
2024-09-17 12:00:00,11056.0
2024-09-17 13:00:00,11056.0
2024-09-17 14:00:00,11055.0
2024-09-17 15:00:00,11050.0
2024-09-17 16:00:00,11048.0
2024-09-17 17:00:00,11051.0
2024-09-17 18:00:00,11041.0
2024-09-17 20:00:00,11041.0
2024-09-18 01:00:00,11009.0
2024-09-18 02:00:00,11010.0
2024-09-18 03:00:00,11015.0
2024-09-18 04:00:00,11010.0
2024-09-18 05:00:00,11046.0
2024-09-18 06:00:00,11017.0
2024-09-18 07:00:00,11006.0
2024-09-18 08:00:00,11012.0
2024-09-18 09:00:00,11018.0
2024-09-18 10:00:00,11013.0
2024-09-18 11:00:00,11012.0
2024-09-18 12:00:00,11016.0
2024-09-18 13:00:00,11013.0
2024-09-18 14:00:00,11006.0
2024-09-18 15:00:00,10994.0
2024-09-18 16:00:00,10995.0
2024-09-18 17:00:00,11010.0
2024-09-18 18:00:00,11011.0
2024-09-18 19:00:00,10993.0
2024-09-18 20:00:00,10993.0
2024-09-19 01:00:00,10987.0
2024-09-19 02:00:00,11083.0
2024-09-19 03:00:00,11090.0
2024-09-19 04:00:00,11093.0
2024-09-19 05:00:00,11067.0
2024-09-19 06:00:00,11065.0
2024-09-19 07:00:00,11064.0
2024-09-19 08:00:00,11055.0
2024-09-19 09:00:00,11077.0
2024-09-19 10:00:00,11078.0
2024-09-19 11:00:00,11070.0
2024-09-19 12:00:00,11062.0
2024-09-19 13:00:00,11047.0
2024-09-19 14:00:00,11069.0
2024-09-19 15:00:00,11084.0
2024-09-19 16:00:00,11085.0
2024-09-19 17:00:00,11101.0
2024-09-19 18:00:00,11098.0
2024-09-19 19:00:00,11089.0
2024-09-19 20:00:00,11084.0
2024-09-19 21:00:00,11103.0
2024-09-20 01:00:00,11049.0
2024-09-20 02:00:00,11060.0
2024-09-20 03:00:00,11040.0
2024-09-20 04:00:00,11039.0
2024-09-20 05:00:00,11067.0
2024-09-20 06:00:00,11073.0
2024-09-20 07:00:00,11074.0
2024-09-20 08:00:00,11068.0
2024-09-20 09:00:00,11067.0
2024-09-20 10:00:00,11082.0
2024-09-20 11:00:00,11082.0
2024-09-20 12:00:00,11084.0
2024-09-20 13:00:00,11073.0
2024-09-20 14:00:00,11067.0
2024-09-20 15:00:00,11069.0
2024-09-20 16:00:00,11070.0
2024-09-20 17:00:00,11062.0
2024-09-20 18:00:00,11064.0
2024-09-20 19:00:00,11066.0
2024-09-20 20:00:00,11075.0
2024-09-23 01:00:00,11168.0
2024-09-23 02:00:00,11177.0
2024-09-23 03:00:00,11180.0
2024-09-23 04:00:00,11184.0
2024-09-23 05:00:00,11148.0
2024-09-23 06:00:00,11149.0
2024-09-23 07:00:00,11139.0
2024-09-23 08:00:00,11128.0
2024-09-23 09:00:00,11145.0
2024-09-23 10:00:00,11151.0
2024-09-23 11:00:00,11152.0
2024-09-23 12:00:00,11168.0
2024-09-23 13:00:00,11175.0
2024-09-23 14:00:00,11192.0
2024-09-23 15:00:00,11185.0
2024-09-23 16:00:00,11190.0
2024-09-23 17:00:00,11197.0
2024-09-23 18:00:00,11197.0
2024-09-23 19:00:00,11186.0
2024-09-23 20:00:00,11184.0
2024-09-24 01:00:00,11272.0
2024-09-24 02:00:00,11353.0
2024-09-24 03:00:00,11538.0
2024-09-24 04:00:00,11579.0
2024-09-24 05:00:00,11820.0
2024-09-24 06:00:00,11744.0
2024-09-24 07:00:00,11790.0
2024-09-24 08:00:00,11820.0
2024-09-24 09:00:00,11895.0
2024-09-24 10:00:00,11901.0
2024-09-24 11:00:00,11971.0
2024-09-24 12:00:00,12041.0
2024-09-24 13:00:00,12043.0
2024-09-24 14:00:00,12055.0
2024-09-24 15:00:00,12095.0
2024-09-24 16:00:00,12111.0
2024-09-24 17:00:00,12135.0
2024-09-24 18:00:00,12145.0
2024-09-24 19:00:00,12166.0
2024-09-24 20:00:00,12154.0
2024-09-24 21:00:00,12142.0
2024-09-25 01:00:00,12090.0
2024-09-25 02:00:00,12051.0
2024-09-25 03:00:00,12062.0
2024-09-25 04:00:00,12044.0
2024-09-25 05:00:00,11940.0
2024-09-25 06:00:00,11938.0
2024-09-25 07:00:00,11948.0
2024-09-25 08:00:00,12023.0
2024-09-25 09:00:00,12012.0
2024-09-25 10:00:00,12062.0
2024-09-25 11:00:00,12106.0
2024-09-25 12:00:00,12040.0
2024-09-25 13:00:00,12048.0
2024-09-25 14:00:00,12050.0
2024-09-25 15:00:00,12038.0
2024-09-25 16:00:00,12022.0
2024-09-25 17:00:00,12035.0
2024-09-25 18:00:00,12017.0
2024-09-25 19:00:00,12012.0
2024-09-25 20:00:00,12013.0
2024-09-25 21:00:00,12008.0
2024-09-26 01:00:00,12053.0
2024-09-26 02:00:00,12064.0
2024-09-26 03:00:00,12126.0
2024-09-26 04:00:00,12116.0
2024-09-26 05:00:00,12358.0
2024-09-26 06:00:00,12545.0
2024-09-26 07:00:00,12629.0
2024-09-26 08:00:00,12639.0
2024-09-26 09:00:00,12752.0
2024-09-26 10:00:00,12853.0
2024-09-26 11:00:00,12882.0
2024-09-26 12:00:00,13055.0
2024-09-26 13:00:00,13000.0
2024-09-26 14:00:00,12921.0
2024-09-26 15:00:00,12973.0
2024-09-26 16:00:00,12914.0
2024-09-26 17:00:00,12953.0
2024-09-26 18:00:00,12959.0
2024-09-26 19:00:00,12930.0
2024-09-26 20:00:00,12922.0
2024-09-26 21:00:00,12926.0
2024-09-27 01:00:00,12761.0
2024-09-27 02:00:00,12867.0
2024-09-27 03:00:00,12970.0
2024-09-27 04:00:00,12981.0
2024-09-27 05:00:00,13333.0
2024-09-27 06:00:00,13057.0
2024-09-27 07:00:00,13145.0
2024-09-27 08:00:00,13333.0
2024-09-27 09:00:00,13222.0
2024-09-27 10:00:00,13187.0
2024-09-27 11:00:00,13177.0
2024-09-27 12:00:00,13038.0
2024-09-27 13:00:00,13157.0
2024-09-27 14:00:00,13171.0
2024-09-27 15:00:00,13096.0
2024-09-27 16:00:00,13159.0
2024-09-27 17:00:00,13159.0
2024-09-27 18:00:00,13134.0
2024-09-27 19:00:00,13207.0
2024-09-27 20:00:00,13201.0
2024-09-27 21:00:00,13185.0
2024-09-30 01:00:00,13386.0
2024-09-30 02:00:00,13520.0
2024-09-30 03:00:00,13578.0
2024-09-30 04:00:00,13574.0
2024-09-30 05:00:00,13733.0
2024-09-30 06:00:00,13964.0
2024-09-30 07:00:00,13709.0
2024-09-30 08:00:00,13733.0
2024-09-30 09:00:00,13734.0
2024-09-30 10:00:00,13700.0
2024-09-30 11:00:00,13592.0
2024-09-30 12:00:00,13641.0
2024-09-30 13:00:00,13632.0
2024-09-30 14:00:00,13605.0
2024-09-30 15:00:00,13479.0
2024-09-30 16:00:00,13576.0
2024-09-30 17:00:00,13561.0
2024-09-30 18:00:00,13543.0
2024-09-30 19:00:00,13550.0
2024-09-30 20:00:00,13545.0
2024-09-30 21:00:00,13549.0
2024-10-01 01:00:00,13679.0
2024-10-01 02:00:00,13607.0
2024-10-01 03:00:00,13591.0
2024-10-01 04:00:00,13547.0
2024-10-01 05:00:00,13632.0
2024-10-01 06:00:00,13526.0
2024-10-01 07:00:00,13605.0
2024-10-01 08:00:00,13632.0
2024-10-01 09:00:00,13625.0
2024-10-01 10:00:00,13627.0
2024-10-01 11:00:00,13662.0
2024-10-01 12:00:00,13660.0
2024-10-01 13:00:00,13677.0
2024-10-01 14:00:00,13713.0
2024-10-01 15:00:00,13790.0
2024-10-01 16:00:00,13810.0
2024-10-01 17:00:00,13837.0
2024-10-01 18:00:00,13885.0
2024-10-01 19:00:00,13941.0
2024-10-01 20:00:00,13916.0
2024-10-01 21:00:00,13924.0
2024-10-02 01:00:00,14310.0
2024-10-02 02:00:00,14629.0
2024-10-02 03:00:00,14686.0
2024-10-02 04:00:00,14673.0
2024-10-02 05:00:00,14666.0
2024-10-02 06:00:00,14737.0
2024-10-02 07:00:00,14744.0
2024-10-02 08:00:00,14666.0
2024-10-02 09:00:00,14756.0
2024-10-02 10:00:00,14996.0
2024-10-02 11:00:00,14911.0
2024-10-02 12:00:00,14859.0
2024-10-02 13:00:00,14661.0
2024-10-02 14:00:00,14652.0
2024-10-02 15:00:00,14721.0
2024-10-02 16:00:00,14743.0
2024-10-02 17:00:00,14734.0
2024-10-02 18:00:00,14799.0
2024-10-02 19:00:00,14947.0
2024-10-02 20:00:00,14953.0
2024-10-02 21:00:00,14949.0
2024-10-03 01:00:00,14858.0
2024-10-03 02:00:00,14550.0
2024-10-03 03:00:00,14595.0
2024-10-03 04:00:00,14576.0
2024-10-03 05:00:00,14823.0
2024-10-03 06:00:00,14845.0
2024-10-03 07:00:00,14848.0
2024-10-03 08:00:00,14823.0
2024-10-03 09:00:00,14774.0
2024-10-03 10:00:00,14773.0
2024-10-03 11:00:00,14811.0
2024-10-03 12:00:00,14638.0
2024-10-03 13:00:00,14782.0
2024-10-03 14:00:00,14703.0
2024-10-03 15:00:00,14774.0
2024-10-03 16:00:00,14764.0
2024-10-03 17:00:00,14775.0
2024-10-03 18:00:00,14799.0
2024-10-03 19:00:00,14766.0
2024-10-03 20:00:00,14779.0
2024-10-03 21:00:00,14762.0
2024-10-04 01:00:00,14922.0
2024-10-04 02:00:00,15016.0
2024-10-04 03:00:00,15085.0
2024-10-04 04:00:00,15179.0
2024-10-04 05:00:00,15269.0
2024-10-04 06:00:00,15105.0
2024-10-04 07:00:00,15251.0
2024-10-04 08:00:00,15269.0
2024-10-04 09:00:00,15223.0
2024-10-04 10:00:00,15221.0
2024-10-04 11:00:00,15238.0
2024-10-04 12:00:00,15250.0
2024-10-04 13:00:00,15206.0
2024-10-04 14:00:00,15229.0
2024-10-04 15:00:00,15238.0
2024-10-04 16:00:00,15257.0
2024-10-04 17:00:00,15292.0
2024-10-04 18:00:00,15293.0
2024-10-04 19:00:00,15394.0
2024-10-04 20:00:00,15419.0
2024-10-04 21:00:00,15409.0
2024-10-07 01:00:00,15480.0
2024-10-07 02:00:00,15534.0
2024-10-07 03:00:00,15568.0
2024-10-07 04:00:00,15588.0
2024-10-07 05:00:00,15572.0
2024-10-07 06:00:00,15563.0
2024-10-07 07:00:00,15736.0
2024-10-07 08:00:00,15709.0
2024-10-07 09:00:00,15722.0
2024-10-07 10:00:00,15692.0
2024-10-07 11:00:00,15604.0
2024-10-07 12:00:00,15608.0
2024-10-07 13:00:00,15700.0
2024-10-07 14:00:00,15582.0
2024-10-07 15:00:00,15554.0
2024-10-07 16:00:00,15682.0
2024-10-07 17:00:00,15892.0
2024-10-07 18:00:00,15888.0
2024-10-07 19:00:00,16136.0
2024-10-07 20:00:00,16028.0
2024-10-07 21:00:00,16038.0
2024-10-08 01:00:00,14854.0
2024-10-08 02:00:00,14279.0
2024-10-08 03:00:00,14654.0
2024-10-08 04:00:00,14614.0
2024-10-08 05:00:00,13939.0
2024-10-08 06:00:00,14449.0
2024-10-08 07:00:00,14004.0
2024-10-08 08:00:00,13939.0
2024-10-08 09:00:00,14122.0
2024-10-08 10:00:00,14194.0
2024-10-08 11:00:00,14364.0
2024-10-08 12:00:00,14242.0
2024-10-08 13:00:00,14346.0
2024-10-08 14:00:00,14458.0
2024-10-08 15:00:00,14402.0
2024-10-08 16:00:00,14324.0
2024-10-08 17:00:00,14235.0
2024-10-08 18:00:00,14206.0
2024-10-08 19:00:00,14398.0
2024-10-08 20:00:00,14290.0
2024-10-09 01:00:00,13940.0
2024-10-09 02:00:00,13625.0
2024-10-09 03:00:00,13574.0
2024-10-09 04:00:00,13664.0
2024-10-09 05:00:00,13828.0
2024-10-09 06:00:00,13366.0
2024-10-09 07:00:00,13230.0
2024-10-09 08:00:00,13184.0
2024-10-09 09:00:00,13442.0
2024-10-09 10:00:00,13276.0
2024-10-09 11:00:00,13335.0
2024-10-09 12:00:00,13314.0
2024-10-09 13:00:00,13414.0
2024-10-09 14:00:00,13434.0
2024-10-09 15:00:00,13565.0
2024-10-09 16:00:00,13565.0
2024-10-09 17:00:00,13529.0
2024-10-09 18:00:00,13554.0
2024-10-09 19:00:00,13565.0
2024-10-09 20:00:00,13522.0
2024-10-10 01:00:00,13568.0
2024-10-10 02:00:00,13806.0
2024-10-10 03:00:00,14000.0
2024-10-10 04:00:00,13970.0
2024-10-10 05:00:00,13862.0
2024-10-10 06:00:00,13733.0
2024-10-10 07:00:00,13764.0
2024-10-10 08:00:00,13721.0
2024-10-10 09:00:00,13778.0
2024-10-10 10:00:00,13767.0
2024-10-10 11:00:00,13736.0
2024-10-10 12:00:00,13803.0
2024-10-10 13:00:00,13707.0
2024-10-10 14:00:00,13703.0
2024-10-10 15:00:00,13797.0
2024-10-10 16:00:00,13789.0
2024-10-10 17:00:00,13863.0
2024-10-10 18:00:00,13798.0
2024-10-10 19:00:00,13790.0
2024-10-10 20:00:00,13790.0
2024-10-11 01:00:00,13703.0
2024-10-11 02:00:00,13634.0
2024-10-11 03:00:00,13578.0
2024-10-11 04:00:00,13559.0
2024-10-11 05:00:00,13428.0
2024-10-11 06:00:00,13395.0
2024-10-11 07:00:00,13433.0
2024-10-11 08:00:00,13403.0
2024-10-11 09:00:00,13430.0
2024-10-11 10:00:00,13429.0
2024-10-11 11:00:00,13449.0
2024-10-11 12:00:00,13436.0
2024-10-11 13:00:00,13564.0
2024-10-11 14:00:00,13606.0
2024-10-11 15:00:00,13758.0
2024-10-11 16:00:00,13695.0
2024-10-11 17:00:00,13762.0
2024-10-11 18:00:00,13782.0
2024-10-11 19:00:00,13694.0
2024-10-11 20:00:00,13697.0
2024-10-11 21:00:00,13704.0
2024-10-14 01:00:00,13494.0
2024-10-14 02:00:00,13505.0
2024-10-14 03:00:00,13713.0
2024-10-14 04:00:00,13713.0
2024-10-14 05:00:00,13644.0
2024-10-14 06:00:00,13625.0
2024-10-14 07:00:00,13630.0
2024-10-14 08:00:00,13644.0
2024-10-14 09:00:00,13622.0
2024-10-14 10:00:00,13554.0
2024-10-14 11:00:00,13587.0
2024-10-14 12:00:00,13619.0
2024-10-14 13:00:00,13854.0
2024-10-14 14:00:00,13750.0
2024-10-14 15:00:00,13718.0
2024-10-14 16:00:00,13738.0
2024-10-14 17:00:00,13696.0
2024-10-14 18:00:00,13661.0
2024-10-14 19:00:00,13604.0
2024-10-14 20:00:00,13615.0
2024-10-15 01:00:00,13572.0
2024-10-15 02:00:00,13539.0
2024-10-15 03:00:00,13530.0
2024-10-15 04:00:00,13507.0
2024-10-15 05:00:00,13257.0
2024-10-15 06:00:00,13220.0
2024-10-15 07:00:00,13270.0
2024-10-15 08:00:00,13257.0
2024-10-15 09:00:00,13245.0
2024-10-15 10:00:00,13239.0
2024-10-15 11:00:00,13294.0
2024-10-15 12:00:00,13313.0
2024-10-15 13:00:00,13322.0
2024-10-15 14:00:00,13186.0
2024-10-15 15:00:00,13086.0
2024-10-15 16:00:00,13133.0
2024-10-15 17:00:00,13114.0
2024-10-15 18:00:00,13089.0
2024-10-15 19:00:00,13072.0
2024-10-15 20:00:00,13064.0
2024-10-15 21:00:00,13064.0
2024-10-16 01:00:00,13264.0
2024-10-16 02:00:00,13202.0
2024-10-16 03:00:00,13264.0
2024-10-16 04:00:00,13244.0
2024-10-16 05:00:00,13104.0
2024-10-16 06:00:00,13170.0
2024-10-16 07:00:00,13156.0
2024-10-16 08:00:00,13104.0
2024-10-16 09:00:00,13129.0
2024-10-16 10:00:00,13129.0
2024-10-16 11:00:00,13137.0
2024-10-16 12:00:00,13153.0
2024-10-16 13:00:00,13175.0
2024-10-16 14:00:00,13215.0
2024-10-16 15:00:00,13227.0
2024-10-16 16:00:00,13217.0
2024-10-16 17:00:00,13221.0
2024-10-16 18:00:00,13225.0
2024-10-16 19:00:00,13185.0
2024-10-16 20:00:00,13182.0
2024-10-17 01:00:00,13284.0
2024-10-17 02:00:00,13174.0
2024-10-17 03:00:00,13154.0
2024-10-17 04:00:00,13158.0
2024-10-17 05:00:00,13125.0
2024-10-17 06:00:00,12977.0
2024-10-17 07:00:00,12893.0
2024-10-17 08:00:00,12854.0
2024-10-17 09:00:00,12818.0
2024-10-17 10:00:00,12851.0
2024-10-17 11:00:00,12864.0
2024-10-17 12:00:00,12866.0
2024-10-17 13:00:00,12802.0
2024-10-17 14:00:00,12868.0
2024-10-17 15:00:00,12857.0
2024-10-17 16:00:00,12869.0
2024-10-17 17:00:00,12869.0
2024-10-17 18:00:00,12841.0
2024-10-17 19:00:00,12853.0
2024-10-18 01:00:00,12975.0
2024-10-18 02:00:00,13094.0
2024-10-18 03:00:00,13079.0
2024-10-18 04:00:00,13071.0
2024-10-18 05:00:00,13370.0
2024-10-18 06:00:00,13400.0
2024-10-18 07:00:00,13513.0
2024-10-18 08:00:00,13528.0
2024-10-18 09:00:00,13454.0
2024-10-18 10:00:00,13503.0
2024-10-18 11:00:00,13539.0
2024-10-18 12:00:00,13489.0
2024-10-18 13:00:00,13394.0
2024-10-18 14:00:00,13462.0
2024-10-18 15:00:00,13409.0
2024-10-18 16:00:00,13430.0
2024-10-18 17:00:00,13438.0
2024-10-18 18:00:00,13446.0
2024-10-18 19:00:00,13427.0
2024-10-18 20:00:00,13418.0
2024-10-18 21:00:00,13430.0
2024-10-21 01:00:00,13279.0
2024-10-21 02:00:00,13334.0
2024-10-21 03:00:00,13364.0
2024-10-21 04:00:00,13360.0
2024-10-21 05:00:00,13314.0
2024-10-21 06:00:00,13306.0
2024-10-21 07:00:00,13324.0
2024-10-21 08:00:00,13314.0
2024-10-21 09:00:00,13284.0
2024-10-21 10:00:00,13273.0
2024-10-21 11:00:00,13280.0
2024-10-21 12:00:00,13277.0
2024-10-21 13:00:00,13311.0
2024-10-21 14:00:00,13271.0
2024-10-21 15:00:00,13264.0
2024-10-21 16:00:00,13265.0
2024-10-21 17:00:00,13277.0
2024-10-21 18:00:00,13277.0
2024-10-21 19:00:00,13282.0
2024-10-21 20:00:00,13293.0
2024-10-22 01:00:00,13444.0
2024-10-22 02:00:00,13380.0
2024-10-22 03:00:00,13404.0
2024-10-22 04:00:00,13406.0
2024-10-22 05:00:00,13370.0
2024-10-22 06:00:00,13411.0
2024-10-22 07:00:00,13389.0
2024-10-22 08:00:00,13404.0
2024-10-22 09:00:00,13362.0
2024-10-22 10:00:00,13361.0
2024-10-22 11:00:00,13378.0
2024-10-22 12:00:00,13397.0
2024-10-22 13:00:00,13446.0
2024-10-22 14:00:00,13501.0
2024-10-22 15:00:00,13463.0
2024-10-22 16:00:00,13475.0
2024-10-22 17:00:00,13477.0
2024-10-22 18:00:00,13462.0
2024-10-22 19:00:00,13455.0
2024-10-22 20:00:00,13449.0
2024-10-22 21:00:00,13460.0
2024-10-23 01:00:00,13414.0
2024-10-23 02:00:00,13464.0
2024-10-23 03:00:00,13514.0
2024-10-23 04:00:00,13530.0
2024-10-23 05:00:00,13509.0
2024-10-23 06:00:00,13455.0
2024-10-23 07:00:00,13470.0
2024-10-23 08:00:00,13474.0
2024-10-23 09:00:00,13471.0
2024-10-23 10:00:00,13436.0
2024-10-23 11:00:00,13437.0
2024-10-23 12:00:00,13429.0
2024-10-23 13:00:00,13439.0
2024-10-23 14:00:00,13395.0
2024-10-23 15:00:00,13384.0
2024-10-23 16:00:00,13378.0
2024-10-23 17:00:00,13372.0
2024-10-23 18:00:00,13375.0
2024-10-23 19:00:00,13374.0
2024-10-23 20:00:00,13374.0
2024-10-24 01:00:00,13364.0
2024-10-24 02:00:00,13357.0
2024-10-24 03:00:00,13328.0
2024-10-24 04:00:00,13343.0
2024-10-24 05:00:00,13310.0
2024-10-24 06:00:00,13314.0
2024-10-24 07:00:00,13312.0
2024-10-24 08:00:00,13310.0
2024-10-24 09:00:00,13277.0
2024-10-24 10:00:00,13266.0
2024-10-24 11:00:00,13264.0
2024-10-24 12:00:00,13270.0
2024-10-24 13:00:00,13251.0
2024-10-24 14:00:00,13242.0
2024-10-24 15:00:00,13259.0
2024-10-24 16:00:00,13255.0
2024-10-24 17:00:00,13264.0
2024-10-24 18:00:00,13277.0
2024-10-24 19:00:00,13283.0
2024-10-24 20:00:00,13281.0
2024-10-25 01:00:00,13322.0
2024-10-25 02:00:00,13353.0
2024-10-25 03:00:00,13405.0
2024-10-25 04:00:00,13401.0
2024-10-25 05:00:00,13364.0
2024-10-25 06:00:00,13349.0
2024-10-25 07:00:00,13364.0
2024-10-25 08:00:00,13364.0
2024-10-25 09:00:00,13376.0
2024-10-25 10:00:00,13367.0
2024-10-25 11:00:00,13355.0
2024-10-25 12:00:00,13378.0
2024-10-25 13:00:00,13360.0
2024-10-25 14:00:00,13361.0
2024-10-25 15:00:00,13327.0
2024-10-25 16:00:00,13333.0
2024-10-25 17:00:00,13320.0
2024-10-25 18:00:00,13328.0
2024-10-25 19:00:00,13322.0
2024-10-25 20:00:00,13329.0
2024-10-25 21:00:00,13324.0
2024-10-28 01:00:00,13250.0
2024-10-28 02:00:00,13306.0
2024-10-28 03:00:00,13284.0
2024-10-28 04:00:00,13287.0
2024-10-28 05:00:00,13315.0
2024-10-28 06:00:00,13365.0
2024-10-28 07:00:00,13356.0
2024-10-28 08:00:00,13348.0
2024-10-28 09:00:00,13336.0
2024-10-28 10:00:00,13330.0
2024-10-28 11:00:00,13328.0
2024-10-28 12:00:00,13335.0
2024-10-28 13:00:00,13354.0
2024-10-28 14:00:00,13389.0
2024-10-28 15:00:00,13396.0
2024-10-28 16:00:00,13391.0
2024-10-28 17:00:00,13397.0
2024-10-28 18:00:00,13393.0
2024-10-28 19:00:00,13399.0
2024-10-28 20:00:00,13404.0
2024-10-28 21:00:00,13408.0
2024-10-29 01:00:00,13386.0
2024-10-29 02:00:00,13362.0
2024-10-29 03:00:00,13262.0
2024-10-29 04:00:00,13277.0
2024-10-29 05:00:00,13283.0
2024-10-29 06:00:00,13252.0
2024-10-29 07:00:00,13260.0
2024-10-29 08:00:00,13283.0
2024-10-29 09:00:00,13468.0
2024-10-29 10:00:00,13444.0
2024-10-29 11:00:00,13422.0
2024-10-29 12:00:00,13376.0
2024-10-29 13:00:00,13324.0
2024-10-29 14:00:00,13340.0
2024-10-29 15:00:00,13321.0
2024-10-29 16:00:00,13307.0
2024-10-29 17:00:00,13296.0
2024-10-29 18:00:00,13297.0
2024-10-29 19:00:00,13268.0
2024-10-29 20:00:00,13281.0
2024-10-29 21:00:00,13281.0
2024-10-30 01:00:00,13245.0
2024-10-30 02:00:00,13186.0
2024-10-30 03:00:00,13059.0
2024-10-30 04:00:00,13078.0
2024-10-30 05:00:00,13096.0
2024-10-30 06:00:00,13106.0
2024-10-30 07:00:00,13094.0
2024-10-30 08:00:00,13096.0
2024-10-30 09:00:00,13081.0
2024-10-30 10:00:00,13070.0
2024-10-30 11:00:00,13059.0
2024-10-30 12:00:00,13030.0
2024-10-30 13:00:00,13077.0
2024-10-30 14:00:00,13099.0
2024-10-30 15:00:00,13120.0
2024-10-30 16:00:00,13114.0
2024-10-30 17:00:00,13108.0
2024-10-30 18:00:00,13130.0
2024-10-30 19:00:00,13115.0
2024-10-30 20:00:00,13129.0
2024-10-30 21:00:00,13134.0
2024-10-31 01:00:00,12963.0
2024-10-31 02:00:00,13089.0
2024-10-31 03:00:00,13075.0
2024-10-31 04:00:00,13076.0
2024-10-31 05:00:00,13021.0
2024-10-31 06:00:00,13022.0
2024-10-31 07:00:00,13027.0
2024-10-31 08:00:00,13023.0
2024-10-31 09:00:00,12998.0
2024-10-31 10:00:00,13009.0
2024-10-31 11:00:00,13010.0
2024-10-31 12:00:00,13018.0
2024-10-31 13:00:00,12963.0
2024-10-31 14:00:00,12974.0
2024-10-31 15:00:00,13004.0
2024-10-31 16:00:00,13026.0
2024-10-31 17:00:00,13035.0
2024-10-31 18:00:00,13039.0
2024-10-31 19:00:00,13042.0
2024-10-31 20:00:00,13031.0
2024-10-31 21:00:00,13024.0
2024-11-01 01:00:00,13217.0
2024-11-01 02:00:00,13242.0
2024-11-01 03:00:00,13234.0
2024-11-01 04:00:00,13220.0
2024-11-01 05:00:00,13167.0
2024-11-01 06:00:00,13148.0
2024-11-01 07:00:00,13166.0
2024-11-01 08:00:00,13146.0
2024-11-01 09:00:00,13127.0
2024-11-01 10:00:00,13128.0
2024-11-01 11:00:00,13154.0
2024-11-01 12:00:00,13186.0
2024-11-01 13:00:00,13203.0
2024-11-01 14:00:00,13172.0
2024-11-01 15:00:00,13175.0
2024-11-01 16:00:00,13163.0
2024-11-01 17:00:00,13134.0
2024-11-01 18:00:00,13138.0
2024-11-01 19:00:00,13134.0
2024-11-01 20:00:00,13150.0
2024-11-01 21:00:00,13157.0
2024-11-04 01:00:00,13129.0
2024-11-04 02:00:00,13154.0
2024-11-04 03:00:00,13176.0
2024-11-04 04:00:00,13181.0
2024-11-04 05:00:00,13214.0
2024-11-04 06:00:00,13288.0
2024-11-04 07:00:00,13274.0
2024-11-04 08:00:00,13301.0
2024-11-04 09:00:00,13303.0
2024-11-04 10:00:00,13287.0
2024-11-04 11:00:00,13303.0
2024-11-04 12:00:00,13296.0
2024-11-04 13:00:00,13280.0
2024-11-04 14:00:00,13323.0
2024-11-04 15:00:00,13324.0
2024-11-04 16:00:00,13268.0
2024-11-04 17:00:00,13289.0
2024-11-04 18:00:00,13272.0
2024-11-04 19:00:00,13275.0
2024-11-04 20:00:00,13255.0
2024-11-04 21:00:00,13261.0
2024-11-05 01:00:00,13318.0
2024-11-05 02:00:00,13395.0
2024-11-05 03:00:00,13521.0
2024-11-05 04:00:00,13520.0
2024-11-05 05:00:00,13511.0
2024-11-05 06:00:00,13619.0
2024-11-05 07:00:00,13612.0
2024-11-05 08:00:00,13619.0
2024-11-05 09:00:00,13609.0
2024-11-05 10:00:00,13580.0
2024-11-05 11:00:00,13580.0
2024-11-05 12:00:00,13576.0
2024-11-05 13:00:00,13596.0
2024-11-05 14:00:00,13594.0
2024-11-05 15:00:00,13576.0
2024-11-05 16:00:00,13590.0
2024-11-05 17:00:00,13592.0
2024-11-05 18:00:00,13578.0
2024-11-05 19:00:00,13578.0
2024-11-05 20:00:00,13590.0
2024-11-05 21:00:00,13589.0
2024-11-06 01:00:00,13490.0
2024-11-06 02:00:00,13506.0
2024-11-06 03:00:00,13409.0
2024-11-06 04:00:00,13389.0
2024-11-06 05:00:00,13439.0
2024-11-06 06:00:00,13399.0
2024-11-06 07:00:00,13392.0
2024-11-06 08:00:00,13399.0
2024-11-06 09:00:00,13398.0
2024-11-06 10:00:00,13366.0
2024-11-06 11:00:00,13339.0
2024-11-06 12:00:00,13345.0
2024-11-06 13:00:00,13314.0
2024-11-06 14:00:00,13300.0
2024-11-06 15:00:00,13370.0
2024-11-06 16:00:00,13378.0
2024-11-06 17:00:00,13384.0
2024-11-06 18:00:00,13384.0
2024-11-06 20:00:00,13366.0
2024-11-07 01:00:00,13466.0
2024-11-07 02:00:00,13569.0
2024-11-07 03:00:00,13579.0
2024-11-07 04:00:00,13575.0
2024-11-07 05:00:00,13712.0
2024-11-07 06:00:00,13951.0
2024-11-07 07:00:00,13908.0
2024-11-07 08:00:00,13953.0
2024-11-07 09:00:00,13956.0
2024-11-07 10:00:00,13921.0
2024-11-07 11:00:00,13932.0
2024-11-07 12:00:00,13960.0
2024-11-07 13:00:00,14003.0
2024-11-07 14:00:00,14043.0
2024-11-07 15:00:00,14050.0
2024-11-07 16:00:00,14076.0
2024-11-07 17:00:00,14136.0
2024-11-07 18:00:00,14094.0
2024-11-07 19:00:00,14136.0
2024-11-07 20:00:00,14108.0
2024-11-07 21:00:00,14126.0
2024-11-08 01:00:00,13857.0
2024-11-08 02:00:00,13739.0
2024-11-08 03:00:00,13624.0
2024-11-08 04:00:00,13627.0
2024-11-08 05:00:00,13687.0
2024-11-08 06:00:00,13479.0
2024-11-08 07:00:00,13632.0
2024-11-08 08:00:00,13479.0
2024-11-08 09:00:00,13481.0
2024-11-08 10:00:00,13375.0
2024-11-08 11:00:00,13355.0
2024-11-08 12:00:00,13377.0
2024-11-08 13:00:00,13378.0
2024-11-08 14:00:00,13355.0
2024-11-08 15:00:00,13333.0
2024-11-08 16:00:00,13288.0
2024-11-08 17:00:00,13274.0
2024-11-08 18:00:00,13299.0
2024-11-08 19:00:00,13304.0
2024-11-08 20:00:00,13340.0
2024-11-11 01:00:00,13403.0
2024-11-11 02:00:00,13381.0
2024-11-11 03:00:00,13429.0
2024-11-11 04:00:00,13429.0
2024-11-11 05:00:00,13484.0
2024-11-11 06:00:00,13540.0
2024-11-11 07:00:00,13514.0
2024-11-11 08:00:00,13529.0
2024-11-11 09:00:00,13552.0
2024-11-11 10:00:00,13519.0
2024-11-11 11:00:00,13474.0
2024-11-11 12:00:00,13500.0
2024-11-11 13:00:00,13512.0
2024-11-11 14:00:00,13493.0
2024-11-11 15:00:00,13499.0
2024-11-11 16:00:00,13496.0
2024-11-11 17:00:00,13494.0
2024-11-11 18:00:00,13486.0
2024-11-11 19:00:00,13492.0
2024-11-11 20:00:00,13483.0
2024-11-12 01:00:00,13689.0
2024-11-12 02:00:00,13566.0
2024-11-12 03:00:00,13572.0
2024-11-12 04:00:00,13578.0
2024-11-12 05:00:00,13455.0
2024-11-12 06:00:00,13386.0
2024-11-12 07:00:00,13377.0
2024-11-12 08:00:00,13386.0
2024-11-12 09:00:00,13384.0
2024-11-12 10:00:00,13322.0
2024-11-12 11:00:00,13331.0
2024-11-12 12:00:00,13334.0
2024-11-12 13:00:00,13337.0
2024-11-12 14:00:00,13329.0
2024-11-12 15:00:00,13306.0
2024-11-12 16:00:00,13273.0
2024-11-12 17:00:00,13263.0
2024-11-12 18:00:00,13266.0
2024-11-12 19:00:00,13287.0
2024-11-12 20:00:00,13280.0
2024-11-12 21:00:00,13278.0
2024-11-13 01:00:00,13377.0
2024-11-13 02:00:00,13437.0
2024-11-13 03:00:00,13423.0
2024-11-13 04:00:00,13426.0
2024-11-13 05:00:00,13465.0
2024-11-13 06:00:00,13493.0
2024-11-13 07:00:00,13499.0
2024-11-13 08:00:00,13493.0
2024-11-13 09:00:00,13544.0
2024-11-13 10:00:00,13501.0
2024-11-13 11:00:00,13499.0
2024-11-13 12:00:00,13505.0
2024-11-13 13:00:00,13518.0
2024-11-13 14:00:00,13419.0
2024-11-13 15:00:00,13443.0
2024-11-13 16:00:00,13426.0
2024-11-13 17:00:00,13429.0
2024-11-13 18:00:00,13411.0
2024-11-13 19:00:00,13419.0
2024-11-13 20:00:00,13419.0
2024-11-13 21:00:00,13419.0
2024-11-14 01:00:00,13474.0
2024-11-14 02:00:00,13491.0
2024-11-14 03:00:00,13503.0
2024-11-14 04:00:00,13527.0
2024-11-14 05:00:00,13449.0
2024-11-14 06:00:00,13344.0
2024-11-14 07:00:00,13309.0
2024-11-14 08:00:00,13327.0
2024-11-14 09:00:00,13335.0
2024-11-14 10:00:00,13321.0
2024-11-14 11:00:00,13318.0
2024-11-14 12:00:00,13308.0
2024-11-14 13:00:00,13312.0
2024-11-14 14:00:00,13247.0
2024-11-14 15:00:00,13288.0
2024-11-14 16:00:00,13267.0
2024-11-14 17:00:00,13248.0
2024-11-14 18:00:00,13248.0
2024-11-14 19:00:00,13269.0
2024-11-14 20:00:00,13263.0
2024-11-14 21:00:00,13263.0
2024-11-15 01:00:00,13249.0
2024-11-15 02:00:00,13349.0
2024-11-15 03:00:00,13304.0
2024-11-15 04:00:00,13311.0
2024-11-15 05:00:00,13308.0
2024-11-15 06:00:00,13174.0
2024-11-15 07:00:00,13140.0
2024-11-15 08:00:00,13126.0
2024-11-15 09:00:00,13133.0
2024-11-15 10:00:00,13148.0
2024-11-15 11:00:00,13173.0
2024-11-15 12:00:00,13173.0
2024-11-15 13:00:00,13161.0
2024-11-15 14:00:00,13124.0
2024-11-15 15:00:00,13126.0
2024-11-15 16:00:00,13124.0
2024-11-15 17:00:00,13127.0
2024-11-15 18:00:00,13127.0
2024-11-15 19:00:00,13126.0
2024-11-15 20:00:00,13122.0
2024-11-15 21:00:00,13122.0
2024-11-18 01:00:00,13279.0
2024-11-18 02:00:00,13367.0
2024-11-18 03:00:00,13333.0
2024-11-18 04:00:00,13349.0
2024-11-18 05:00:00,13245.0
2024-11-18 06:00:00,13219.0
2024-11-18 07:00:00,13192.0
2024-11-18 08:00:00,13219.0
2024-11-18 09:00:00,13211.0
2024-11-18 10:00:00,13218.0
2024-11-18 11:00:00,13205.0
2024-11-18 12:00:00,13225.0
2024-11-18 13:00:00,13220.0
2024-11-18 14:00:00,13222.0
2024-11-18 15:00:00,13221.0
2024-11-18 16:00:00,13243.0
2024-11-18 17:00:00,13255.0
2024-11-18 18:00:00,13257.0
2024-11-18 19:00:00,13243.0
2024-11-18 20:00:00,13249.0
2024-11-18 21:00:00,13258.0
2024-11-19 01:00:00,13218.0
2024-11-19 02:00:00,13179.0
2024-11-19 03:00:00,13169.0
2024-11-19 04:00:00,13175.0
2024-11-19 05:00:00,13109.0
2024-11-19 06:00:00,13215.0
2024-11-19 07:00:00,13204.0
2024-11-19 08:00:00,13216.0
2024-11-19 09:00:00,13161.0
2024-11-19 10:00:00,13159.0
2024-11-19 11:00:00,13161.0
2024-11-19 12:00:00,13169.0
2024-11-19 13:00:00,13172.0
2024-11-19 14:00:00,13171.0
2024-11-19 15:00:00,13194.0
2024-11-19 16:00:00,13184.0
2024-11-19 17:00:00,13175.0
2024-11-19 18:00:00,13188.0
2024-11-19 19:00:00,13176.0
2024-11-19 20:00:00,13181.0
2024-11-20 01:00:00,13177.0
2024-11-20 02:00:00,13210.0
2024-11-20 03:00:00,13232.0
2024-11-20 04:00:00,13237.0
2024-11-20 05:00:00,13209.0
2024-11-20 06:00:00,13230.0
2024-11-20 07:00:00,13244.0
2024-11-20 08:00:00,13234.0
2024-11-20 09:00:00,13220.0
2024-11-20 10:00:00,13221.0
2024-11-20 11:00:00,13219.0
2024-11-20 12:00:00,13227.0
2024-11-20 13:00:00,13229.0
2024-11-20 14:00:00,13198.0
2024-11-20 15:00:00,13207.0
2024-11-20 16:00:00,13202.0
2024-11-20 17:00:00,13209.0
2024-11-20 18:00:00,13199.0
2024-11-20 19:00:00,13203.0
2024-11-20 20:00:00,13214.0
2024-11-21 01:00:00,13186.0
2024-11-21 02:00:00,13184.0
2024-11-21 03:00:00,13195.0
2024-11-21 04:00:00,13192.0
2024-11-21 05:00:00,13222.0
2024-11-21 06:00:00,13243.0
2024-11-21 07:00:00,13267.0
2024-11-21 08:00:00,13241.0
2024-11-21 09:00:00,13222.0
2024-11-21 10:00:00,13205.0
2024-11-21 11:00:00,13239.0
2024-11-21 12:00:00,13244.0
2024-11-21 13:00:00,13267.0
2024-11-21 14:00:00,13243.0
2024-11-21 15:00:00,13241.0
2024-11-21 16:00:00,13232.0
2024-11-21 17:00:00,13257.0
2024-11-21 18:00:00,13268.0
2024-11-21 19:00:00,13249.0
2024-11-21 20:00:00,13249.0
2024-11-21 21:00:00,13253.0
2024-11-22 01:00:00,13177.0
2024-11-22 02:00:00,13150.0
2024-11-22 03:00:00,13051.0
2024-11-22 04:00:00,13056.0
2024-11-22 05:00:00,13001.0
2024-11-22 06:00:00,12875.0
2024-11-22 07:00:00,12868.0
2024-11-22 08:00:00,12858.0
2024-11-22 09:00:00,12831.0
2024-11-22 10:00:00,12856.0
2024-11-22 11:00:00,12849.0
2024-11-22 12:00:00,12853.0
2024-11-22 13:00:00,12865.0
2024-11-22 14:00:00,12857.0
2024-11-22 15:00:00,12851.0
2024-11-22 16:00:00,12865.0
2024-11-22 17:00:00,12860.0
2024-11-22 18:00:00,12869.0
2024-11-22 19:00:00,12870.0
2024-11-22 20:00:00,12876.0
2024-11-22 21:00:00,12901.0
2024-11-25 01:00:00,12915.0
2024-11-25 02:00:00,12896.0
2024-11-25 03:00:00,12793.0
2024-11-25 04:00:00,12804.0
2024-11-25 05:00:00,12795.0
2024-11-25 06:00:00,12794.0
2024-11-25 07:00:00,12750.0
2024-11-25 08:00:00,12736.0
2024-11-25 09:00:00,12748.0
2024-11-25 10:00:00,12747.0
2024-11-25 11:00:00,12738.0
2024-11-25 12:00:00,12740.0
2024-11-25 13:00:00,12748.0
2024-11-25 14:00:00,12744.0
2024-11-25 15:00:00,12749.0
2024-11-25 16:00:00,12743.0
2024-11-25 17:00:00,12754.0
2024-11-25 18:00:00,12773.0
2024-11-25 19:00:00,12771.0
2024-11-25 20:00:00,12770.0
2024-11-25 21:00:00,12768.0
2024-11-26 01:00:00,12792.0
2024-11-26 02:00:00,12807.0
2024-11-26 03:00:00,12846.0
2024-11-26 04:00:00,12830.0
2024-11-26 05:00:00,12817.0
2024-11-26 06:00:00,12824.0
2024-11-26 07:00:00,12806.0
2024-11-26 08:00:00,12824.0
2024-11-26 09:00:00,12824.0
2024-11-26 10:00:00,12840.0
2024-11-26 11:00:00,12826.0
2024-11-26 12:00:00,12840.0
2024-11-26 13:00:00,12832.0
2024-11-26 14:00:00,12814.0
2024-11-26 15:00:00,12799.0
2024-11-26 16:00:00,12810.0
2024-11-26 17:00:00,12821.0
2024-11-26 18:00:00,12808.0
2024-11-26 19:00:00,12810.0
2024-11-26 20:00:00,12803.0
2024-11-26 21:00:00,12799.0
2024-11-27 01:00:00,12792.0
2024-11-27 02:00:00,12933.0
2024-11-27 03:00:00,12915.0
2024-11-27 04:00:00,12914.0
2024-11-27 05:00:00,12923.0
2024-11-27 06:00:00,13003.0
2024-11-27 07:00:00,13052.0
2024-11-27 08:00:00,13042.0
2024-11-27 09:00:00,13041.0
2024-11-27 10:00:00,13025.0
2024-11-27 11:00:00,13032.0
2024-11-27 12:00:00,13066.0
2024-11-27 13:00:00,13074.0
2024-11-27 14:00:00,13071.0
2024-11-27 15:00:00,13053.0
2024-11-27 16:00:00,13047.0
2024-11-27 17:00:00,13055.0
2024-11-27 18:00:00,13064.0
2024-11-27 19:00:00,13065.0
2024-11-27 20:00:00,13050.0
2024-11-27 21:00:00,13061.0
2024-11-28 01:00:00,12958.0
2024-11-28 02:00:00,12920.0
2024-11-28 03:00:00,12831.0
2024-11-28 04:00:00,12838.0
2024-11-28 05:00:00,12897.0
2024-11-28 06:00:00,12874.0
2024-11-28 07:00:00,12874.0
2024-11-28 08:00:00,12874.0
2024-11-28 09:00:00,12871.0
2024-11-28 10:00:00,12860.0
2024-11-28 11:00:00,12864.0
2024-11-28 12:00:00,12875.0
2024-11-28 13:00:00,12881.0
2024-11-28 14:00:00,12891.0
2024-11-28 15:00:00,12888.0
2024-11-28 16:00:00,12888.0
2024-11-28 17:00:00,12890.0
2024-11-28 18:00:00,12890.0
2024-11-28 19:00:00,12892.0
2024-11-28 20:00:00,12891.0
2024-11-28 21:00:00,12891.0
2024-11-29 01:00:00,12941.0
2024-11-29 02:00:00,12994.0
2024-11-29 03:00:00,13171.0
2024-11-29 04:00:00,13150.0
2024-11-29 05:00:00,13048.0
2024-11-29 06:00:00,12930.0
2024-11-29 07:00:00,12950.0
2024-11-29 08:00:00,12982.0
2024-11-29 09:00:00,12969.0
2024-11-29 10:00:00,12965.0
2024-11-29 11:00:00,12984.0
2024-11-29 12:00:00,12987.0
2024-11-29 13:00:00,12985.0
2024-11-29 14:00:00,13000.0
2024-11-29 15:00:00,13043.0
2024-11-29 16:00:00,13052.0
2024-11-29 17:00:00,13057.0
2024-11-29 18:00:00,13047.0
2024-11-29 19:00:00,13043.0
2024-11-29 20:00:00,13036.0
2024-11-29 21:00:00,13039.0
2024-12-02 01:00:00,13047.0
2024-12-02 02:00:00,12995.0
2024-12-02 03:00:00,13028.0
2024-12-02 04:00:00,13022.0
2024-12-02 05:00:00,13022.0
2024-12-02 06:00:00,13062.0
2024-12-02 07:00:00,13039.0
2024-12-02 08:00:00,13062.0
2024-12-02 09:00:00,13057.0
2024-12-02 10:00:00,13044.0
2024-12-02 11:00:00,13053.0
2024-12-02 12:00:00,13049.0
2024-12-02 13:00:00,13045.0
2024-12-02 14:00:00,13024.0
2024-12-02 15:00:00,13022.0
2024-12-02 16:00:00,13048.0
2024-12-02 17:00:00,13058.0
2024-12-02 18:00:00,13066.0
2024-12-02 19:00:00,13073.0
2024-12-02 20:00:00,13075.0
2024-12-02 21:00:00,13073.0
2024-12-03 01:00:00,12999.0
2024-12-03 02:00:00,13031.0
2024-12-03 03:00:00,13117.0
2024-12-03 04:00:00,13112.0
2024-12-03 05:00:00,13077.0
2024-12-03 06:00:00,13159.0
2024-12-03 07:00:00,13118.0
2024-12-03 08:00:00,13159.0
2024-12-03 09:00:00,13116.0
2024-12-03 10:00:00,13111.0
2024-12-03 11:00:00,13126.0
2024-12-03 12:00:00,13133.0
2024-12-03 13:00:00,13116.0
2024-12-03 14:00:00,13131.0
2024-12-03 15:00:00,13116.0
2024-12-03 16:00:00,13146.0
2024-12-03 17:00:00,13152.0
2024-12-03 18:00:00,13149.0
2024-12-03 19:00:00,13141.0
2024-12-03 20:00:00,13139.0
2024-12-03 21:00:00,13138.0
2024-12-04 01:00:00,13032.0
2024-12-04 02:00:00,13125.0
2024-12-04 03:00:00,13125.0
2024-12-04 04:00:00,13127.0
2024-12-04 05:00:00,13149.0
2024-12-04 06:00:00,13091.0
2024-12-04 07:00:00,13088.0
2024-12-04 08:00:00,13091.0
2024-12-04 09:00:00,13086.0
2024-12-04 10:00:00,13083.0
2024-12-04 11:00:00,13087.0
2024-12-04 12:00:00,13080.0
2024-12-04 13:00:00,13085.0
2024-12-04 14:00:00,13055.0
2024-12-04 15:00:00,13045.0
2024-12-04 16:00:00,13050.0
2024-12-04 17:00:00,13059.0
2024-12-04 18:00:00,13043.0
2024-12-04 19:00:00,13034.0
2024-12-04 20:00:00,13044.0
2024-12-04 21:00:00,13046.0
2024-12-05 01:00:00,13041.0
2024-12-05 02:00:00,13061.0
2024-12-05 03:00:00,13058.0
2024-12-05 04:00:00,13051.0
2024-12-05 05:00:00,13035.0
2024-12-05 06:00:00,13052.0
2024-12-05 07:00:00,13026.0
2024-12-05 08:00:00,13052.0
2024-12-05 09:00:00,13035.0
2024-12-05 10:00:00,13030.0
2024-12-05 11:00:00,13029.0
2024-12-05 12:00:00,13026.0
2024-12-05 13:00:00,13028.0
2024-12-05 14:00:00,13051.0
2024-12-05 15:00:00,13056.0
2024-12-05 16:00:00,13050.0
2024-12-05 17:00:00,13039.0
2024-12-05 18:00:00,13037.0
2024-12-05 19:00:00,13048.0
2024-12-05 20:00:00,13051.0
2024-12-05 21:00:00,13053.0
2024-12-06 01:00:00,13091.0
2024-12-06 02:00:00,13240.0
2024-12-06 03:00:00,13277.0
2024-12-06 04:00:00,13281.0
2024-12-06 05:00:00,13233.0
2024-12-06 06:00:00,13219.0
2024-12-06 07:00:00,13223.0
2024-12-06 08:00:00,13234.0
2024-12-06 09:00:00,13240.0
2024-12-06 10:00:00,13228.0
2024-12-06 11:00:00,13233.0
2024-12-06 12:00:00,13233.0
2024-12-06 13:00:00,13237.0
2024-12-06 14:00:00,13211.0
2024-12-06 15:00:00,13215.0
2024-12-06 16:00:00,13204.0
2024-12-06 17:00:00,13199.0
2024-12-06 18:00:00,13188.0
2024-12-06 19:00:00,13185.0
2024-12-06 20:00:00,13184.0
2024-12-06 21:00:00,13194.0
2024-12-09 01:00:00,13203.0
2024-12-09 02:00:00,13250.0
2024-12-09 03:00:00,13164.0
2024-12-09 04:00:00,13163.0
2024-12-09 05:00:00,13183.0
2024-12-09 06:00:00,13213.0
2024-12-09 07:00:00,13843.0
2024-12-09 08:00:00,13856.0
2024-12-09 09:00:00,13955.0
2024-12-09 10:00:00,13958.0
2024-12-09 11:00:00,13946.0
2024-12-09 12:00:00,13949.0
2024-12-09 13:00:00,14019.0
2024-12-09 14:00:00,14112.0
2024-12-09 15:00:00,14152.0
2024-12-09 16:00:00,14148.0
2024-12-09 17:00:00,14131.0
2024-12-09 18:00:00,14121.0
2024-12-09 19:00:00,14047.0
2024-12-09 20:00:00,13964.0
2024-12-09 21:00:00,13991.0
2024-12-10 01:00:00,13494.0
2024-12-10 02:00:00,13483.0
2024-12-10 03:00:00,13523.0
2024-12-10 04:00:00,13521.0
2024-12-10 05:00:00,13453.0
2024-12-10 06:00:00,13375.0
2024-12-10 07:00:00,13351.0
2024-12-10 08:00:00,13375.0
2024-12-10 09:00:00,13343.0
2024-12-10 10:00:00,13347.0
2024-12-10 11:00:00,13418.0
2024-12-10 12:00:00,13446.0
2024-12-10 13:00:00,13402.0
2024-12-10 14:00:00,13374.0
2024-12-10 15:00:00,13385.0
2024-12-10 16:00:00,13377.0
2024-12-10 17:00:00,13361.0
2024-12-10 18:00:00,13388.0
2024-12-10 19:00:00,13370.0
2024-12-10 20:00:00,13370.0
2024-12-11 01:00:00,13373.0
2024-12-11 02:00:00,13348.0
2024-12-11 03:00:00,13314.0
2024-12-11 04:00:00,13307.0
2024-12-11 05:00:00,13297.0
2024-12-11 06:00:00,13293.0
2024-12-11 07:00:00,13298.0
2024-12-11 08:00:00,13293.0
2024-12-11 09:00:00,13280.0
2024-12-11 10:00:00,13309.0
2024-12-11 11:00:00,13316.0
2024-12-11 12:00:00,13312.0
2024-12-11 13:00:00,13313.0
2024-12-11 14:00:00,13258.0
2024-12-11 15:00:00,13251.0
2024-12-11 16:00:00,13274.0
2024-12-11 17:00:00,13256.0
2024-12-11 20:00:00,13268.0
2024-12-12 01:00:00,13315.0
2024-12-12 02:00:00,13355.0
2024-12-12 03:00:00,13508.0
2024-12-12 04:00:00,13487.0
2024-12-12 05:00:00,13459.0
2024-12-12 06:00:00,13465.0
2024-12-12 07:00:00,13443.0
2024-12-12 08:00:00,13465.0
2024-12-12 09:00:00,13479.0
2024-12-12 10:00:00,13454.0
2024-12-12 11:00:00,13315.0
2024-12-12 12:00:00,13255.0
2024-12-12 13:00:00,13323.0
2024-12-12 14:00:00,13331.0
2024-12-12 15:00:00,13316.0
2024-12-12 16:00:00,13331.0
2024-12-12 17:00:00,13317.0
2024-12-12 18:00:00,13327.0
2024-12-12 19:00:00,13338.0
2024-12-12 20:00:00,13337.0
2024-12-13 01:00:00,13266.0
2024-12-13 02:00:00,13223.0
2024-12-13 03:00:00,13229.0
2024-12-13 04:00:00,13234.0
2024-12-13 05:00:00,13221.0
2024-12-13 06:00:00,13113.0
2024-12-13 07:00:00,13101.0
2024-12-13 08:00:00,13113.0
2024-12-13 09:00:00,13147.0
2024-12-13 10:00:00,13118.0
2024-12-13 11:00:00,13120.0
2024-12-13 12:00:00,13123.0
2024-12-13 13:00:00,13118.0
2024-12-13 14:00:00,13061.0
2024-12-13 15:00:00,13071.0
2024-12-13 16:00:00,13074.0
2024-12-13 17:00:00,13075.0
2024-12-13 18:00:00,13083.0
2024-12-13 19:00:00,13084.0
2024-12-13 20:00:00,13082.0
2024-12-13 21:00:00,13081.0
2024-12-16 01:00:00,13158.0
2024-12-16 02:00:00,13111.0
2024-12-16 03:00:00,13118.0
2024-12-16 04:00:00,13124.0
2024-12-16 05:00:00,13138.0
2024-12-16 06:00:00,13125.0
2024-12-16 07:00:00,13114.0
2024-12-16 08:00:00,13123.0
2024-12-16 09:00:00,13099.0
2024-12-16 10:00:00,13082.0
2024-12-16 11:00:00,13088.0
2024-12-16 12:00:00,13077.0
2024-12-16 13:00:00,13070.0
2024-12-16 14:00:00,13093.0
2024-12-16 15:00:00,13073.0
2024-12-16 16:00:00,13083.0
2024-12-16 17:00:00,13076.0
2024-12-16 18:00:00,13074.0
2024-12-16 19:00:00,13077.0
2024-12-16 20:00:00,13075.0
2024-12-16 21:00:00,13065.0
2024-12-17 01:00:00,13272.0
2024-12-17 02:00:00,13223.0
2024-12-17 03:00:00,13217.0
2024-12-17 04:00:00,13225.0
2024-12-17 05:00:00,13256.0
2024-12-17 06:00:00,13201.0
2024-12-17 07:00:00,13211.0
2024-12-17 08:00:00,13204.0
2024-12-17 09:00:00,13220.0
2024-12-17 10:00:00,13214.0
2024-12-17 11:00:00,13233.0
2024-12-17 12:00:00,13228.0
2024-12-17 13:00:00,13227.0
2024-12-17 14:00:00,13229.0
2024-12-17 15:00:00,13287.0
2024-12-17 16:00:00,13274.0
2024-12-17 17:00:00,13284.0
2024-12-17 18:00:00,13263.0
2024-12-17 19:00:00,13263.0
2024-12-17 20:00:00,13254.0
2024-12-17 21:00:00,13270.0
2024-12-18 01:00:00,13349.0
2024-12-18 02:00:00,13284.0
2024-12-18 03:00:00,13283.0
2024-12-18 04:00:00,13271.0
2024-12-18 05:00:00,13279.0
2024-12-18 06:00:00,13273.0
2024-12-18 07:00:00,13266.0
2024-12-18 08:00:00,13273.0
2024-12-18 09:00:00,13240.0
2024-12-18 10:00:00,13259.0
2024-12-18 11:00:00,13246.0
2024-12-18 12:00:00,13246.0
2024-12-18 13:00:00,13244.0
2024-12-18 14:00:00,13227.0
2024-12-18 15:00:00,13239.0
2024-12-18 16:00:00,13234.0
2024-12-18 17:00:00,13241.0
2024-12-18 18:00:00,13248.0
2024-12-18 19:00:00,13183.0
2024-12-18 20:00:00,13178.0
2024-12-18 21:00:00,13175.0
2024-12-19 01:00:00,13263.0
2024-12-19 02:00:00,13223.0
2024-12-19 03:00:00,13227.0
2024-12-19 04:00:00,13228.0
2024-12-19 05:00:00,13228.0
2024-12-19 06:00:00,13229.0
2024-12-19 07:00:00,13203.0
2024-12-19 08:00:00,13209.0
2024-12-19 09:00:00,13215.0
2024-12-19 10:00:00,13203.0
2024-12-19 11:00:00,13204.0
2024-12-19 12:00:00,13203.0
2024-12-19 13:00:00,13193.0
2024-12-19 14:00:00,13202.0
2024-12-19 15:00:00,13183.0
2024-12-19 16:00:00,13182.0
2024-12-19 17:00:00,13181.0
2024-12-19 18:00:00,13183.0
2024-12-19 19:00:00,13188.0
2024-12-19 20:00:00,13177.0
2024-12-19 21:00:00,13175.0
2024-12-20 01:00:00,13181.0
2024-12-20 02:00:00,13208.0
2024-12-20 03:00:00,13198.0
2024-12-20 04:00:00,13206.0
2024-12-20 05:00:00,13128.0
2024-12-20 06:00:00,13092.0
2024-12-20 07:00:00,13109.0
2024-12-20 08:00:00,13083.0
2024-12-20 09:00:00,13093.0
2024-12-20 10:00:00,13078.0
2024-12-20 11:00:00,13083.0
2024-12-20 12:00:00,13083.0
2024-12-20 13:00:00,13065.0
2024-12-20 14:00:00,13088.0
2024-12-20 15:00:00,13128.0
2024-12-20 16:00:00,13138.0
2024-12-20 17:00:00,13154.0
2024-12-20 18:00:00,13148.0
2024-12-20 19:00:00,13145.0
2024-12-20 20:00:00,13138.0
2024-12-20 21:00:00,13132.0
2024-12-23 01:00:00,13231.0
2024-12-23 02:00:00,13300.0
2024-12-23 03:00:00,13309.0
2024-12-23 04:00:00,13320.0
2024-12-23 05:00:00,13292.0
2024-12-23 06:00:00,13233.0
2024-12-23 07:00:00,13245.0
2024-12-23 08:00:00,13233.0
2024-12-23 09:00:00,13252.0
2024-12-23 10:00:00,13241.0
2024-12-23 11:00:00,13240.0
2024-12-23 12:00:00,13251.0
2024-12-23 13:00:00,13224.0
2024-12-23 14:00:00,13213.0
2024-12-23 15:00:00,13213.0
2024-12-23 16:00:00,13241.0
2024-12-23 17:00:00,13246.0
2024-12-23 18:00:00,13251.0
2024-12-23 19:00:00,13265.0
2024-12-23 20:00:00,13260.0
2024-12-23 21:00:00,13254.0
2024-12-24 01:00:00,13317.0
2024-12-24 02:00:00,13361.0
2024-12-24 03:00:00,13371.0
2024-12-24 04:00:00,13377.0
2024-12-24 05:00:00,13405.0
2024-12-24 06:00:00,13461.0
2024-12-24 07:00:00,13419.0
2024-12-24 08:00:00,13461.0
2024-12-24 09:00:00,13405.0
2024-12-24 10:00:00,13404.0
2024-12-24 11:00:00,13409.0
2024-12-24 12:00:00,13400.0
2024-12-24 13:00:00,13402.0
2024-12-24 14:00:00,13383.0
2024-12-24 15:00:00,13379.0
2024-12-24 16:00:00,13392.0
2024-12-24 17:00:00,13405.0
2024-12-24 18:00:00,13431.0
2024-12-24 19:00:00,13438.0
2024-12-24 20:00:00,13430.0
2024-12-24 21:00:00,13421.0
2024-12-25 01:00:00,13531.0
2024-12-25 02:00:00,13474.0
2024-12-25 03:00:00,13450.0
2024-12-25 04:00:00,13438.0
2024-12-25 05:00:00,13451.0
2024-12-25 06:00:00,13446.0
2024-12-25 07:00:00,13436.0
2024-12-25 08:00:00,13465.0
2024-12-25 09:00:00,13464.0
2024-12-25 10:00:00,13462.0
2024-12-25 11:00:00,13467.0
2024-12-25 12:00:00,13465.0
2024-12-25 13:00:00,13462.0
2024-12-25 14:00:00,13464.0
2024-12-25 15:00:00,13467.0
2024-12-25 16:00:00,13467.0
2024-12-25 17:00:00,13468.0
2024-12-25 18:00:00,13460.0
2024-12-25 19:00:00,13469.0
2024-12-25 20:00:00,13443.0
2024-12-25 21:00:00,13474.0
2024-12-26 01:00:00,13376.0
2024-12-26 02:00:00,13405.0
2024-12-26 03:00:00,13396.0
2024-12-26 04:00:00,13379.0
2024-12-26 05:00:00,13379.0
2024-12-26 06:00:00,13403.0
2024-12-26 07:00:00,13393.0
2024-12-26 08:00:00,13403.0
2024-12-26 09:00:00,13384.0
2024-12-26 10:00:00,13388.0
2024-12-26 11:00:00,13394.0
2024-12-26 12:00:00,13391.0
2024-12-26 13:00:00,13380.0
2024-12-26 14:00:00,13402.0
2024-12-26 15:00:00,13406.0
2024-12-26 16:00:00,13409.0
2024-12-26 17:00:00,13403.0
2024-12-26 18:00:00,13407.0
2024-12-26 19:00:00,13407.0
2024-12-26 20:00:00,13408.0
2024-12-26 21:00:00,13404.0
2024-12-27 01:00:00,13291.0
2024-12-27 02:00:00,13344.0
2024-12-27 03:00:00,13401.0
2024-12-27 04:00:00,13398.0
2024-12-27 05:00:00,13397.0
2024-12-27 06:00:00,13406.0
2024-12-27 07:00:00,13403.0
2024-12-27 08:00:00,13417.0
2024-12-27 09:00:00,13405.0
2024-12-27 10:00:00,13420.0
2024-12-27 11:00:00,13412.0
2024-12-27 12:00:00,13412.0
2024-12-27 13:00:00,13397.0
2024-12-27 14:00:00,13389.0
2024-12-27 15:00:00,13400.0
2024-12-27 16:00:00,13392.0
2024-12-27 17:00:00,13399.0
2024-12-27 18:00:00,13405.0
2024-12-27 19:00:00,13405.0
2024-12-27 20:00:00,13409.0
2024-12-27 21:00:00,13412.0
2024-12-30 01:00:00,13474.0
2024-12-30 02:00:00,13462.0
2024-12-30 03:00:00,13435.0
2024-12-30 04:00:00,13421.0
2024-12-30 05:00:00,13456.0
2024-12-30 06:00:00,13449.0
2024-12-30 07:00:00,13447.0
2024-12-30 08:00:00,13449.0
2024-12-30 09:00:00,13429.0
2024-12-30 10:00:00,13434.0
2024-12-30 11:00:00,13445.0
2024-12-30 12:00:00,13436.0
2024-12-30 13:00:00,13423.0
2024-12-30 14:00:00,13409.0
2024-12-30 15:00:00,13405.0
2024-12-30 16:00:00,13411.0
2024-12-30 17:00:00,13422.0
2024-12-30 18:00:00,13425.0
2024-12-30 19:00:00,13421.0
2024-12-30 20:00:00,13416.0
2024-12-30 21:00:00,13417.0
2024-12-31 01:00:00,13493.0
2024-12-31 02:00:00,13467.0
2024-12-31 03:00:00,13413.0
2024-12-31 04:00:00,13415.0
2024-12-31 05:00:00,13426.0
2024-12-31 06:00:00,13278.0
2024-12-31 07:00:00,13281.0
2024-12-31 08:00:00,13278.0
2024-12-31 09:00:00,13272.0
2024-12-31 10:00:00,13267.0
2024-12-31 11:00:00,13279.0
2024-12-31 12:00:00,13263.0
2024-12-31 13:00:00,13272.0
2024-12-31 14:00:00,13280.0
2024-12-31 15:00:00,13283.0
2024-12-31 16:00:00,13290.0
2024-12-31 17:00:00,13274.0
2024-12-31 18:00:00,13272.0
2024-12-31 19:00:00,13278.0
2024-12-31 20:00:00,13291.0
2024-12-31 21:00:00,13302.0
2025-01-02 01:00:00,13145.0
2025-01-02 02:00:00,13119.0
2025-01-02 03:00:00,13093.0
2025-01-02 04:00:00,13098.0
2025-01-02 05:00:00,12991.0
2025-01-02 06:00:00,12881.0
2025-01-02 07:00:00,12902.0
2025-01-02 08:00:00,12881.0
2025-01-02 09:00:00,12887.0
2025-01-02 10:00:00,12855.0
2025-01-02 11:00:00,12882.0
2025-01-02 12:00:00,12906.0
2025-01-02 13:00:00,12908.0
2025-01-02 14:00:00,12927.0
2025-01-02 15:00:00,12936.0
2025-01-02 16:00:00,12922.0
2025-01-02 17:00:00,12906.0
2025-01-02 18:00:00,12905.0
2025-01-02 19:00:00,12904.0
2025-01-02 20:00:00,12891.0
2025-01-02 21:00:00,12899.0
2025-01-03 01:00:00,12887.0
2025-01-03 02:00:00,12906.0
2025-01-03 03:00:00,12924.0
2025-01-03 04:00:00,12924.0
2025-01-03 05:00:00,12884.0
2025-01-03 06:00:00,12828.0
2025-01-03 07:00:00,12832.0
2025-01-03 08:00:00,12827.0
2025-01-03 09:00:00,12824.0
2025-01-03 10:00:00,12823.0
2025-01-03 11:00:00,12831.0
2025-01-03 12:00:00,12825.0
2025-01-03 13:00:00,12840.0
2025-01-03 14:00:00,12828.0
2025-01-03 15:00:00,12843.0
2025-01-03 16:00:00,12840.0
2025-01-03 17:00:00,12841.0
2025-01-03 18:00:00,12839.0
2025-01-03 19:00:00,12844.0
2025-01-03 20:00:00,12852.0
2025-01-03 21:00:00,12852.0
2025-01-06 01:00:00,12685.0
2025-01-06 02:00:00,12795.0
2025-01-06 03:00:00,12753.0
2025-01-06 04:00:00,12755.0
2025-01-06 05:00:00,12715.0
2025-01-06 06:00:00,12782.0
2025-01-06 07:00:00,12780.0
2025-01-06 08:00:00,12782.0
2025-01-06 09:00:00,12793.0
2025-01-06 10:00:00,12797.0
2025-01-06 11:00:00,12956.0
2025-01-06 12:00:00,12967.0
2025-01-06 13:00:00,12971.0
2025-01-06 14:00:00,12879.0
2025-01-06 15:00:00,12809.0
2025-01-06 16:00:00,12793.0
2025-01-06 17:00:00,12758.0
2025-01-06 18:00:00,12750.0
2025-01-06 19:00:00,12759.0
2025-01-06 20:00:00,12761.0
2025-01-06 21:00:00,12761.0
2025-01-07 01:00:00,12738.0
2025-01-07 02:00:00,12704.0
2025-01-07 03:00:00,12747.0
2025-01-07 04:00:00,12731.0
2025-01-07 05:00:00,12756.0
2025-01-07 06:00:00,12815.0
2025-01-07 07:00:00,12807.0
2025-01-07 08:00:00,12818.0
2025-01-07 09:00:00,12815.0
2025-01-07 10:00:00,12835.0
2025-01-07 11:00:00,12826.0
2025-01-07 12:00:00,12835.0
2025-01-07 13:00:00,12824.0
2025-01-07 14:00:00,12845.0
2025-01-07 15:00:00,12796.0
2025-01-07 16:00:00,12787.0
2025-01-07 17:00:00,12799.0
2025-01-07 18:00:00,12790.0
2025-01-07 19:00:00,12785.0
2025-01-07 20:00:00,12785.0
2025-01-08 01:00:00,12791.0
2025-01-08 02:00:00,12745.0
2025-01-08 03:00:00,12656.0
2025-01-08 04:00:00,12656.0
2025-01-08 05:00:00,12773.0
2025-01-08 06:00:00,12793.0
2025-01-08 07:00:00,12777.0
2025-01-08 08:00:00,12788.0
2025-01-08 09:00:00,12805.0
2025-01-08 10:00:00,12784.0
2025-01-08 11:00:00,12729.0
2025-01-08 12:00:00,12718.0
2025-01-08 13:00:00,12719.0
2025-01-08 14:00:00,12734.0
2025-01-08 15:00:00,12769.0
2025-01-08 16:00:00,12779.0
2025-01-08 17:00:00,12771.0
2025-01-08 18:00:00,12765.0
2025-01-08 19:00:00,12756.0
2025-01-08 20:00:00,12768.0
2025-01-08 21:00:00,12768.0
2025-01-09 01:00:00,12735.0
2025-01-09 02:00:00,12725.0
2025-01-09 03:00:00,12717.0
2025-01-09 04:00:00,12712.0
2025-01-09 05:00:00,12695.0
2025-01-09 06:00:00,12705.0
2025-01-09 07:00:00,12701.0
2025-01-09 08:00:00,12713.0
2025-01-09 09:00:00,12721.0
2025-01-09 10:00:00,12742.0
2025-01-09 11:00:00,12722.0
2025-01-09 12:00:00,12716.0
2025-01-09 13:00:00,12718.0
2025-01-09 14:00:00,12702.0
2025-01-09 15:00:00,12702.0
2025-01-09 16:00:00,12685.0
2025-01-09 17:00:00,12689.0
2025-01-09 18:00:00,12693.0
2025-01-09 19:00:00,12693.0
2025-01-09 20:00:00,12702.0
2025-01-10 01:00:00,12611.0
2025-01-10 02:00:00,12635.0
2025-01-10 03:00:00,12621.0
2025-01-10 04:00:00,12620.0
2025-01-10 05:00:00,12645.0
2025-01-10 06:00:00,12581.0
2025-01-10 07:00:00,12579.0
2025-01-10 08:00:00,12582.0
2025-01-10 09:00:00,12582.0
2025-01-10 10:00:00,12583.0
2025-01-10 11:00:00,12572.0
2025-01-10 12:00:00,12575.0
2025-01-10 13:00:00,12550.0
2025-01-10 14:00:00,12506.0
2025-01-10 15:00:00,12512.0
2025-01-10 16:00:00,12505.0
2025-01-10 17:00:00,12495.0
2025-01-10 18:00:00,12499.0
2025-01-10 20:00:00,12494.0
2025-01-13 01:00:00,12496.0
2025-01-13 02:00:00,12528.0
2025-01-13 03:00:00,12485.0
2025-01-13 04:00:00,12477.0
2025-01-13 05:00:00,12515.0
2025-01-13 06:00:00,12525.0
2025-01-13 07:00:00,12515.0
2025-01-13 08:00:00,12524.0
2025-01-13 09:00:00,12501.0
2025-01-13 10:00:00,12509.0
2025-01-13 11:00:00,12508.0
2025-01-13 12:00:00,12507.0
2025-01-13 13:00:00,12504.0
2025-01-13 14:00:00,12515.0
2025-01-13 15:00:00,12504.0
2025-01-13 16:00:00,12488.0
2025-01-13 17:00:00,12489.0
2025-01-13 18:00:00,12499.0
2025-01-13 20:00:00,12504.0
2025-01-14 01:00:00,12625.0
2025-01-14 02:00:00,12708.0
2025-01-14 03:00:00,12715.0
2025-01-14 04:00:00,12700.0
2025-01-14 05:00:00,12788.0
2025-01-14 06:00:00,12785.0
2025-01-14 07:00:00,12789.0
2025-01-14 08:00:00,12789.0
2025-01-14 09:00:00,12776.0
2025-01-14 10:00:00,12787.0
2025-01-14 11:00:00,12781.0
2025-01-14 12:00:00,12788.0
2025-01-14 13:00:00,12784.0
2025-01-14 14:00:00,12768.0
2025-01-14 15:00:00,12774.0
2025-01-14 16:00:00,12765.0
2025-01-14 17:00:00,12771.0
2025-01-14 18:00:00,12773.0
2025-01-14 20:00:00,12771.0
2025-01-15 01:00:00,12787.0
2025-01-15 02:00:00,12771.0
2025-01-15 03:00:00,12730.0
2025-01-15 04:00:00,12732.0
2025-01-15 05:00:00,12728.0
2025-01-15 06:00:00,12735.0
2025-01-15 07:00:00,12728.0
2025-01-15 08:00:00,12737.0
2025-01-15 09:00:00,12733.0
2025-01-15 10:00:00,12735.0
2025-01-15 11:00:00,12743.0
2025-01-15 12:00:00,12738.0
2025-01-15 13:00:00,12799.0
2025-01-15 14:00:00,12761.0
2025-01-15 15:00:00,12752.0
2025-01-15 16:00:00,12756.0
2025-01-15 17:00:00,12763.0
2025-01-15 18:00:00,12772.0
2025-01-15 19:00:00,12773.0
2025-01-15 20:00:00,12783.0
2025-01-15 21:00:00,12786.0
2025-01-16 01:00:00,12795.0
2025-01-16 02:00:00,12723.0
2025-01-16 03:00:00,12714.0
2025-01-16 04:00:00,12708.0
2025-01-16 05:00:00,12675.0
2025-01-16 06:00:00,12712.0
2025-01-16 07:00:00,12716.0
2025-01-16 08:00:00,12722.0
2025-01-16 09:00:00,12716.0
2025-01-16 10:00:00,12723.0
2025-01-16 11:00:00,12713.0
2025-01-16 12:00:00,12702.0
2025-01-16 13:00:00,12707.0
2025-01-16 14:00:00,12694.0
2025-01-16 15:00:00,12690.0
2025-01-16 16:00:00,12686.0
2025-01-16 17:00:00,12699.0
2025-01-16 18:00:00,12688.0
2025-01-16 19:00:00,12690.0
2025-01-16 20:00:00,12694.0
2025-01-17 01:00:00,12705.0
2025-01-17 02:00:00,12688.0
2025-01-17 03:00:00,12724.0
2025-01-17 04:00:00,12719.0
2025-01-17 05:00:00,12718.0
2025-01-17 06:00:00,12699.0
2025-01-17 07:00:00,12697.0
2025-01-17 08:00:00,12701.0
2025-01-17 09:00:00,12677.0
2025-01-17 10:00:00,12685.0
2025-01-17 11:00:00,12682.0
2025-01-17 12:00:00,12674.0
2025-01-17 13:00:00,12696.0
2025-01-17 14:00:00,12830.0
2025-01-17 15:00:00,12828.0
2025-01-17 16:00:00,12812.0
2025-01-17 17:00:00,12795.0
2025-01-17 18:00:00,12793.0
2025-01-17 19:00:00,12779.0
2025-01-17 20:00:00,12775.0
2025-01-20 01:00:00,12854.0
2025-01-20 02:00:00,12825.0
2025-01-20 03:00:00,12871.0
2025-01-20 04:00:00,12868.0
2025-01-20 05:00:00,12828.0
2025-01-20 06:00:00,12793.0
2025-01-20 07:00:00,12809.0
2025-01-20 08:00:00,12793.0
2025-01-20 09:00:00,12797.0
2025-01-20 10:00:00,12790.0
2025-01-20 11:00:00,12793.0
2025-01-20 12:00:00,12791.0
2025-01-20 13:00:00,12917.0
2025-01-20 14:00:00,12907.0
2025-01-20 15:00:00,12919.0
2025-01-20 16:00:00,12919.0
2025-01-20 17:00:00,12915.0
2025-01-20 18:00:00,12920.0
2025-01-20 19:00:00,12928.0
2025-01-20 20:00:00,12923.0
2025-01-20 21:00:00,12927.0
2025-01-21 01:00:00,12760.0
2025-01-21 02:00:00,12767.0
2025-01-21 03:00:00,12832.0
2025-01-21 04:00:00,12833.0
2025-01-21 05:00:00,12771.0
2025-01-21 06:00:00,12770.0
2025-01-21 07:00:00,12768.0
2025-01-21 08:00:00,12770.0
2025-01-21 09:00:00,12750.0
2025-01-21 10:00:00,12734.0
2025-01-21 11:00:00,12713.0
2025-01-21 12:00:00,12701.0
2025-01-21 13:00:00,12702.0
2025-01-21 14:00:00,12685.0
2025-01-21 15:00:00,12703.0
2025-01-21 16:00:00,12736.0
2025-01-21 17:00:00,12734.0
2025-01-21 18:00:00,12736.0
2025-01-21 19:00:00,12726.0
2025-01-21 20:00:00,12725.0
2025-01-21 21:00:00,12729.0
2025-01-22 01:00:00,12568.0
2025-01-22 02:00:00,12620.0
2025-01-22 03:00:00,12574.0
2025-01-22 04:00:00,12567.0
2025-01-22 05:00:00,12541.0
2025-01-22 06:00:00,12548.0
2025-01-22 07:00:00,12538.0
2025-01-22 08:00:00,12547.0
2025-01-22 09:00:00,12643.0
2025-01-22 10:00:00,12636.0
2025-01-22 11:00:00,12630.0
2025-01-22 12:00:00,12634.0
2025-01-22 13:00:00,12629.0
2025-01-22 14:00:00,12617.0
2025-01-22 15:00:00,12618.0
2025-01-22 16:00:00,12624.0
2025-01-22 17:00:00,12634.0
2025-01-22 18:00:00,12633.0
2025-01-22 19:00:00,12633.0
2025-01-22 20:00:00,12623.0
2025-01-22 21:00:00,12627.0
2025-01-23 01:00:00,12722.0
2025-01-23 02:00:00,12700.0
2025-01-23 03:00:00,12662.0
2025-01-23 04:00:00,12668.0
2025-01-23 05:00:00,12652.0
2025-01-23 06:00:00,12634.0
2025-01-23 07:00:00,12653.0
2025-01-23 08:00:00,12634.0
2025-01-23 09:00:00,12638.0
2025-01-23 10:00:00,12647.0
2025-01-23 11:00:00,12648.0
2025-01-23 12:00:00,12651.0
2025-01-23 13:00:00,12655.0
2025-01-23 14:00:00,12648.0
2025-01-23 15:00:00,12652.0
2025-01-23 16:00:00,12675.0
2025-01-23 17:00:00,12679.0
2025-01-23 18:00:00,12681.0
2025-01-23 19:00:00,12674.0
2025-01-23 20:00:00,12686.0
2025-01-23 21:00:00,12684.0
2025-01-24 01:00:00,12743.0
2025-01-24 02:00:00,12764.0
2025-01-24 03:00:00,12766.0
2025-01-24 04:00:00,12767.0
2025-01-24 05:00:00,12715.0
2025-01-24 06:00:00,12703.0
2025-01-24 07:00:00,12709.0
2025-01-24 08:00:00,12703.0
2025-01-24 09:00:00,12692.0
2025-01-24 10:00:00,12695.0
2025-01-24 11:00:00,12701.0
2025-01-24 12:00:00,12702.0
2025-01-24 13:00:00,12707.0
2025-01-24 14:00:00,12686.0
2025-01-24 15:00:00,12721.0
2025-01-24 16:00:00,12730.0
2025-01-24 17:00:00,12737.0
2025-01-24 18:00:00,12726.0
2025-01-24 19:00:00,12736.0
2025-01-24 20:00:00,12738.0
2025-01-24 21:00:00,12740.0
2025-01-27 01:00:00,12744.0
2025-01-27 02:00:00,12736.0
2025-01-27 03:00:00,12785.0
2025-01-27 04:00:00,12806.0
2025-01-27 05:00:00,12763.0
2025-01-27 06:00:00,12708.0
2025-01-27 07:00:00,12726.0
2025-01-27 08:00:00,12710.0
2025-01-27 09:00:00,12782.0
2025-01-27 10:00:00,12825.0
2025-01-27 11:00:00,12783.0
2025-01-27 12:00:00,12813.0
2025-01-27 13:00:00,12808.0
2025-01-27 14:00:00,12759.0
2025-01-27 15:00:00,12760.0
2025-01-27 16:00:00,12778.0
2025-01-27 17:00:00,12770.0
2025-01-27 18:00:00,12775.0
2025-01-27 19:00:00,12769.0
2025-01-27 20:00:00,12768.0
2025-01-27 21:00:00,12768.0
2025-01-28 01:00:00,12733.0
2025-01-28 02:00:00,12716.0
2025-01-28 03:00:00,12725.0
2025-01-28 04:00:00,12734.0
2025-01-28 05:00:00,12778.0
2025-01-28 06:00:00,12767.0
2025-01-28 07:00:00,12762.0
2025-01-28 08:00:00,12767.0
2025-01-28 09:00:00,12769.0
2025-01-28 10:00:00,12772.0
2025-01-28 11:00:00,12765.0
2025-01-28 12:00:00,12772.0
2025-01-28 13:00:00,12783.0
2025-01-28 14:00:00,12754.0
2025-01-28 15:00:00,12735.0
2025-01-28 16:00:00,12724.0
2025-01-28 17:00:00,12732.0
2025-01-28 18:00:00,12735.0
2025-01-28 19:00:00,12752.0
2025-01-28 20:00:00,12789.0
2025-01-28 21:00:00,12807.0
2025-01-29 01:00:00,12771.0
2025-01-29 02:00:00,12819.0
2025-01-29 03:00:00,12827.0
2025-01-29 04:00:00,12829.0
2025-01-29 05:00:00,12862.0
2025-01-29 06:00:00,12892.0
2025-01-29 07:00:00,12904.0
2025-01-29 08:00:00,12892.0
2025-01-29 09:00:00,12910.0
2025-01-29 10:00:00,12901.0
2025-01-29 11:00:00,12896.0
2025-01-29 12:00:00,12898.0
2025-01-29 13:00:00,12888.0
2025-01-29 14:00:00,12861.0
2025-01-29 15:00:00,12881.0
2025-01-29 16:00:00,12829.0
2025-01-29 17:00:00,12838.0
2025-01-29 18:00:00,12824.0
2025-01-29 19:00:00,12819.0
2025-01-29 20:00:00,12796.0
2025-01-29 21:00:00,12812.0
2025-01-30 01:00:00,12787.0
2025-01-30 02:00:00,12771.0
2025-01-30 03:00:00,12782.0
2025-01-30 04:00:00,12767.0
2025-01-30 05:00:00,12770.0
2025-01-30 06:00:00,12758.0
2025-01-30 07:00:00,12781.0
2025-01-30 08:00:00,12789.0
2025-01-30 09:00:00,12778.0
2025-01-30 10:00:00,12768.0
2025-01-30 11:00:00,12769.0
2025-01-30 12:00:00,12775.0
2025-01-30 13:00:00,12805.0
2025-01-30 14:00:00,12825.0
2025-01-30 15:00:00,12875.0
2025-01-30 16:00:00,12891.0
2025-01-30 17:00:00,12858.0
2025-01-30 18:00:00,12872.0
2025-01-30 19:00:00,12884.0
2025-01-30 20:00:00,12854.0
2025-01-30 21:00:00,12830.0
2025-01-31 01:00:00,13062.0
2025-01-31 02:00:00,13035.0
2025-01-31 03:00:00,12982.0
2025-01-31 04:00:00,12977.0
2025-01-31 05:00:00,13000.0
2025-01-31 06:00:00,12984.0
2025-01-31 07:00:00,12968.0
2025-01-31 08:00:00,12949.0
2025-01-31 09:00:00,12952.0
2025-01-31 10:00:00,12947.0
2025-01-31 11:00:00,12921.0
2025-01-31 12:00:00,12931.0
2025-01-31 13:00:00,12929.0
2025-01-31 14:00:00,12874.0
2025-01-31 15:00:00,12852.0
2025-01-31 16:00:00,12878.0
2025-01-31 17:00:00,12878.0
2025-01-31 18:00:00,12774.0
2025-01-31 19:00:00,12794.0
2025-01-31 20:00:00,12788.0
2025-01-31 21:00:00,12797.0
2025-02-03 01:00:00,12571.0
2025-02-03 02:00:00,12550.0
2025-02-03 03:00:00,12628.0
2025-02-03 04:00:00,12629.0
2025-02-03 05:00:00,12624.0
2025-02-03 06:00:00,12685.0
2025-02-03 07:00:00,12657.0
2025-02-03 08:00:00,12685.0
2025-02-03 09:00:00,12643.0
2025-02-03 10:00:00,12671.0
2025-02-03 11:00:00,12683.0
2025-02-03 12:00:00,12678.0
2025-02-03 13:00:00,12677.0
2025-02-03 14:00:00,12718.0
2025-02-03 15:00:00,12756.0
2025-02-03 16:00:00,12750.0
2025-02-03 17:00:00,12735.0
2025-02-03 18:00:00,12727.0
2025-02-03 19:00:00,12739.0
2025-02-03 20:00:00,12733.0
2025-02-03 21:00:00,12726.0
2025-02-04 01:00:00,12816.0
2025-02-04 02:00:00,12872.0
2025-02-04 03:00:00,12814.0
2025-02-04 04:00:00,12778.0
2025-02-04 05:00:00,12773.0
2025-02-04 06:00:00,12825.0
2025-02-04 07:00:00,12841.0
2025-02-04 08:00:00,12825.0
2025-02-04 09:00:00,12834.0
2025-02-04 10:00:00,12851.0
2025-02-04 11:00:00,12815.0
2025-02-04 12:00:00,12822.0
2025-02-04 13:00:00,12837.0
2025-02-04 14:00:00,12853.0
2025-02-04 15:00:00,12879.0
2025-02-04 16:00:00,12883.0
2025-02-04 17:00:00,12881.0
2025-02-04 18:00:00,12879.0
2025-02-04 19:00:00,12869.0
2025-02-04 20:00:00,12863.0
2025-02-04 21:00:00,12866.0
2025-02-05 01:00:00,12595.0
2025-02-05 02:00:00,12604.0
2025-02-05 03:00:00,12563.0
2025-02-05 04:00:00,12560.0
2025-02-05 05:00:00,12528.0
2025-02-05 06:00:00,12534.0
2025-02-05 07:00:00,12546.0
2025-02-05 08:00:00,12534.0
2025-02-05 09:00:00,12518.0
2025-02-05 10:00:00,12541.0
2025-02-05 11:00:00,12559.0
2025-02-05 12:00:00,12553.0
2025-02-05 13:00:00,12554.0
2025-02-05 14:00:00,12555.0
2025-02-05 15:00:00,12573.0
2025-02-05 16:00:00,12559.0
2025-02-05 17:00:00,12562.0
2025-02-05 18:00:00,12566.0
2025-02-05 19:00:00,12563.0
2025-02-05 20:00:00,12551.0
2025-02-05 21:00:00,12556.0
2025-02-06 01:00:00,12537.0
2025-02-06 02:00:00,12665.0
2025-02-06 03:00:00,12605.0
2025-02-06 04:00:00,12598.0
2025-02-06 05:00:00,12644.0
2025-02-06 06:00:00,12678.0
2025-02-06 07:00:00,12693.0
2025-02-06 08:00:00,12696.0
2025-02-06 09:00:00,12696.0
2025-02-06 10:00:00,12672.0
2025-02-06 11:00:00,12663.0
2025-02-06 12:00:00,12670.0
2025-02-06 13:00:00,12656.0
2025-02-06 14:00:00,12666.0
2025-02-06 15:00:00,12667.0
2025-02-06 17:00:00,12662.0
2025-02-06 18:00:00,12661.0
2025-02-06 19:00:00,12647.0
2025-02-06 20:00:00,12659.0
2025-02-06 21:00:00,12659.0
2025-02-07 01:00:00,12713.0
2025-02-07 02:00:00,12788.0
2025-02-07 03:00:00,12871.0
2025-02-07 04:00:00,12850.0
2025-02-07 05:00:00,12849.0
2025-02-07 06:00:00,12878.0
2025-02-07 07:00:00,12865.0
2025-02-07 08:00:00,12878.0
2025-02-07 09:00:00,12879.0
2025-02-07 10:00:00,12883.0
2025-02-07 11:00:00,12871.0
2025-02-07 12:00:00,12869.0
2025-02-07 13:00:00,12851.0
2025-02-07 14:00:00,12923.0
2025-02-07 15:00:00,12855.0
2025-02-07 16:00:00,12860.0
2025-02-07 17:00:00,12855.0
2025-02-07 20:00:00,12848.0
2025-02-07 21:00:00,12844.0
2025-02-10 01:00:00,12869.0
2025-02-10 02:00:00,12861.0
2025-02-10 03:00:00,12848.0
2025-02-10 04:00:00,12839.0
2025-02-10 05:00:00,12845.0
2025-02-10 06:00:00,12850.0
2025-02-10 07:00:00,12853.0
2025-02-10 08:00:00,12854.0
2025-02-10 09:00:00,12845.0
2025-02-10 10:00:00,12848.0
2025-02-10 11:00:00,12859.0
2025-02-10 12:00:00,12868.0
2025-02-10 13:00:00,12866.0
2025-02-10 14:00:00,12831.0
2025-02-10 15:00:00,12864.0
2025-02-10 16:00:00,12863.0
2025-02-10 17:00:00,12856.0
2025-02-10 20:00:00,12883.0
2025-02-10 21:00:00,12893.0
2025-02-11 01:00:00,12818.0
2025-02-11 02:00:00,12776.0
2025-02-11 03:00:00,12800.0
2025-02-11 04:00:00,12790.0
2025-02-11 05:00:00,12804.0
2025-02-11 06:00:00,12802.0
2025-02-11 07:00:00,12779.0
2025-02-11 08:00:00,12785.0
2025-02-11 09:00:00,12784.0
2025-02-11 10:00:00,12790.0
2025-02-11 11:00:00,12793.0
2025-02-11 12:00:00,12796.0
2025-02-11 14:00:00,12827.0
2025-02-11 15:00:00,12843.0
2025-02-11 16:00:00,12832.0
2025-02-11 17:00:00,12830.0
2025-02-11 18:00:00,12833.0
2025-02-11 19:00:00,12829.0
2025-02-11 20:00:00,12825.0
2025-02-12 01:00:00,12843.0
2025-02-12 02:00:00,12837.0
2025-02-12 03:00:00,12830.0
2025-02-12 04:00:00,12833.0
2025-02-12 05:00:00,12843.0
2025-02-12 06:00:00,12928.0
2025-02-12 07:00:00,12958.0
2025-02-12 08:00:00,12953.0
2025-02-12 09:00:00,12952.0
2025-02-12 10:00:00,12961.0
2025-02-12 11:00:00,12938.0
2025-02-12 12:00:00,12938.0
2025-02-12 13:00:00,12928.0
2025-02-12 14:00:00,12937.0
2025-02-12 15:00:00,12973.0
2025-02-12 16:00:00,12976.0
2025-02-12 17:00:00,13008.0
2025-02-12 18:00:00,13009.0
2025-02-12 19:00:00,12978.0
2025-02-12 20:00:00,12999.0
2025-02-12 21:00:00,12999.0
2025-02-13 01:00:00,12995.0
2025-02-13 02:00:00,13021.0
2025-02-13 03:00:00,13043.0
2025-02-13 04:00:00,13037.0
2025-02-13 05:00:00,13074.0
2025-02-13 06:00:00,12940.0
2025-02-13 07:00:00,12937.0
2025-02-13 08:00:00,12942.0
2025-02-13 09:00:00,12939.0
2025-02-13 10:00:00,12936.0
2025-02-13 11:00:00,12933.0
2025-02-13 12:00:00,12923.0
2025-02-13 13:00:00,12931.0
2025-02-13 14:00:00,12925.0
2025-02-13 15:00:00,12988.0
2025-02-13 16:00:00,13005.0
2025-02-13 17:00:00,12976.0
2025-02-13 18:00:00,12989.0
2025-02-13 19:00:00,13006.0
2025-02-13 20:00:00,13010.0
2025-02-13 21:00:00,13019.0
2025-02-14 01:00:00,13017.0
2025-02-14 02:00:00,13080.0
2025-02-14 03:00:00,13123.0
2025-02-14 04:00:00,13125.0
2025-02-14 05:00:00,13101.0
2025-02-14 06:00:00,13143.0
2025-02-14 07:00:00,13216.0
2025-02-14 08:00:00,13220.0
2025-02-14 09:00:00,13233.0
2025-02-14 10:00:00,13221.0
2025-02-14 11:00:00,13217.0
2025-02-14 12:00:00,13229.0
2025-02-14 13:00:00,13221.0
2025-02-14 14:00:00,13221.0
2025-02-14 15:00:00,13214.0
2025-02-14 16:00:00,13213.0
2025-02-14 17:00:00,13212.0
2025-02-14 18:00:00,13216.0
2025-02-14 19:00:00,13217.0
2025-02-14 20:00:00,13228.0
2025-02-14 21:00:00,13222.0
2025-02-17 01:00:00,13103.0
2025-02-17 02:00:00,13123.0
2025-02-17 03:00:00,13100.0
2025-02-17 04:00:00,13099.0
2025-02-17 05:00:00,13093.0
2025-02-17 06:00:00,13086.0
2025-02-17 07:00:00,13086.0
2025-02-17 08:00:00,13086.0
2025-02-17 09:00:00,13093.0
2025-02-17 10:00:00,13090.0
2025-02-17 11:00:00,13098.0
2025-02-17 12:00:00,13104.0
2025-02-17 13:00:00,13106.0
2025-02-17 14:00:00,13116.0
2025-02-17 15:00:00,13125.0
2025-02-17 16:00:00,13123.0
2025-02-17 17:00:00,13120.0
2025-02-17 18:00:00,13115.0
2025-02-17 20:00:00,13121.0
2025-02-18 01:00:00,13143.0
2025-02-18 02:00:00,13242.0
2025-02-18 03:00:00,13267.0
2025-02-18 04:00:00,13260.0
2025-02-18 05:00:00,13166.0
2025-02-18 06:00:00,13147.0
2025-02-18 07:00:00,13143.0
2025-02-18 08:00:00,13147.0
2025-02-18 09:00:00,13141.0
2025-02-18 10:00:00,13140.0
2025-02-18 11:00:00,13140.0
2025-02-18 12:00:00,13138.0
2025-02-18 13:00:00,13142.0
2025-02-18 14:00:00,13102.0
2025-02-18 15:00:00,13087.0
2025-02-18 16:00:00,13118.0
2025-02-18 17:00:00,13105.0
2025-02-18 18:00:00,13113.0
2025-02-18 20:00:00,13113.0
2025-02-19 01:00:00,13118.0
2025-02-19 02:00:00,13146.0
2025-02-19 03:00:00,13158.0
2025-02-19 04:00:00,13150.0
2025-02-19 05:00:00,13126.0
2025-02-19 06:00:00,13147.0
2025-02-19 07:00:00,13135.0
2025-02-19 08:00:00,13135.0
2025-02-19 09:00:00,13148.0
2025-02-19 10:00:00,13133.0
2025-02-19 11:00:00,13104.0
2025-02-19 12:00:00,13130.0
2025-02-19 13:00:00,13131.0
2025-02-19 14:00:00,13120.0
2025-02-19 15:00:00,13117.0
2025-02-19 16:00:00,13130.0
2025-02-19 17:00:00,13127.0
2025-02-19 19:00:00,13125.0
2025-02-19 20:00:00,13106.0
2025-02-20 01:00:00,13092.0
2025-02-20 02:00:00,13120.0
2025-02-20 03:00:00,13087.0
2025-02-20 04:00:00,13079.0
2025-02-20 05:00:00,13112.0
2025-02-20 06:00:00,13067.0
2025-02-20 07:00:00,13072.0
2025-02-20 08:00:00,13069.0
2025-02-20 09:00:00,13076.0
2025-02-20 10:00:00,13120.0
2025-02-20 11:00:00,13128.0
2025-02-20 12:00:00,13133.0
2025-02-20 13:00:00,13126.0
2025-02-20 14:00:00,13146.0
2025-02-20 15:00:00,13140.0
2025-02-20 16:00:00,13123.0
2025-02-20 17:00:00,13138.0
2025-02-20 18:00:00,13132.0
2025-02-20 19:00:00,13141.0
2025-02-20 20:00:00,13150.0
2025-02-20 21:00:00,13152.0
2025-02-21 01:00:00,13104.0
2025-02-21 02:00:00,13248.0
2025-02-21 03:00:00,13242.0
2025-02-21 04:00:00,13242.0
2025-02-21 05:00:00,13178.0
2025-02-21 06:00:00,13191.0
2025-02-21 07:00:00,13190.0
2025-02-21 08:00:00,13190.0
2025-02-21 09:00:00,13198.0
2025-02-21 10:00:00,13219.0
2025-02-21 11:00:00,13232.0
2025-02-21 12:00:00,13241.0
2025-02-21 13:00:00,13246.0
2025-02-21 14:00:00,13272.0
2025-02-21 15:00:00,13242.0
2025-02-21 16:00:00,13268.0
2025-02-21 17:00:00,13252.0
2025-02-21 18:00:00,13213.0
2025-02-21 19:00:00,13194.0
2025-02-21 20:00:00,13219.0
2025-02-21 21:00:00,13212.0
2025-02-24 01:00:00,13203.0
2025-02-24 02:00:00,13149.0
2025-02-24 03:00:00,13154.0
2025-02-24 04:00:00,13158.0
2025-02-24 05:00:00,13139.0
2025-02-24 06:00:00,13153.0
2025-02-24 07:00:00,13130.0
2025-02-24 08:00:00,13114.0
2025-02-24 09:00:00,13119.0
2025-02-24 10:00:00,13111.0
2025-02-24 11:00:00,13116.0
2025-02-24 12:00:00,13120.0
2025-02-24 13:00:00,13117.0
2025-02-24 14:00:00,13074.0
2025-02-24 15:00:00,13051.0
2025-02-24 16:00:00,13040.0
2025-02-24 17:00:00,13049.0
2025-02-24 18:00:00,13049.0
2025-02-24 19:00:00,13052.0
2025-02-24 20:00:00,13051.0
2025-02-24 21:00:00,13056.0
2025-02-25 01:00:00,13071.0
2025-02-25 02:00:00,13057.0
2025-02-25 03:00:00,13062.0
2025-02-25 04:00:00,13065.0
2025-02-25 05:00:00,13033.0
2025-02-25 06:00:00,12966.0
2025-02-25 07:00:00,12969.0
2025-02-25 08:00:00,12966.0
2025-02-25 09:00:00,12989.0
2025-02-25 10:00:00,12994.0
2025-02-25 11:00:00,13007.0
2025-02-25 12:00:00,13003.0
2025-02-25 13:00:00,13012.0
2025-02-25 14:00:00,13002.0
2025-02-25 15:00:00,13012.0
2025-02-25 16:00:00,13012.0
2025-02-25 17:00:00,13011.0
2025-02-25 18:00:00,13007.0
2025-02-25 19:00:00,13005.0
2025-02-25 20:00:00,13003.0
2025-02-25 21:00:00,13004.0
2025-02-26 01:00:00,13059.0
2025-02-26 02:00:00,13017.0
2025-02-26 03:00:00,12981.0
2025-02-26 04:00:00,12998.0
2025-02-26 05:00:00,13054.0
2025-02-26 06:00:00,13051.0
2025-02-26 07:00:00,13055.0
2025-02-26 08:00:00,13046.0
2025-02-26 09:00:00,13044.0
2025-02-26 10:00:00,13057.0
2025-02-26 11:00:00,13060.0
2025-02-26 12:00:00,13063.0
2025-02-26 13:00:00,13063.0
2025-02-26 14:00:00,13061.0
2025-02-26 15:00:00,13084.0
2025-02-26 16:00:00,13078.0
2025-02-26 17:00:00,13071.0
2025-02-26 18:00:00,13033.0
2025-02-26 19:00:00,13036.0
2025-02-26 20:00:00,13049.0
2025-02-26 21:00:00,13043.0
2025-02-27 01:00:00,13081.0
2025-02-27 02:00:00,13089.0
2025-02-27 03:00:00,13116.0
2025-02-27 04:00:00,13114.0
2025-02-27 05:00:00,13154.0
2025-02-27 06:00:00,13168.0
2025-02-27 07:00:00,13152.0
2025-02-27 08:00:00,13168.0
2025-02-27 09:00:00,13185.0
2025-02-27 10:00:00,13193.0
2025-02-27 11:00:00,13199.0
2025-02-27 12:00:00,13222.0
2025-02-27 13:00:00,13136.0
2025-02-27 14:00:00,13107.0
2025-02-27 15:00:00,13149.0
2025-02-27 16:00:00,13159.0
2025-02-27 17:00:00,13168.0
2025-02-27 18:00:00,13174.0
2025-02-27 19:00:00,13147.0
2025-02-27 20:00:00,13131.0
2025-02-27 21:00:00,13128.0
2025-02-28 01:00:00,13203.0
2025-02-28 02:00:00,13195.0
2025-02-28 03:00:00,13163.0
2025-02-28 04:00:00,13148.0
2025-02-28 05:00:00,13077.0
2025-02-28 06:00:00,12987.0
2025-02-28 07:00:00,12980.0
2025-02-28 08:00:00,12987.0
2025-02-28 09:00:00,12986.0
2025-02-28 10:00:00,12996.0
2025-02-28 11:00:00,13007.0
2025-02-28 12:00:00,13006.0
2025-02-28 13:00:00,13008.0
2025-02-28 14:00:00,13022.0
2025-02-28 15:00:00,13009.0
2025-02-28 16:00:00,13008.0
2025-02-28 17:00:00,12988.0
2025-02-28 18:00:00,12977.0
2025-02-28 19:00:00,12993.0
2025-02-28 20:00:00,13013.0
2025-02-28 21:00:00,13018.0
2025-03-03 01:00:00,13005.0
2025-03-03 02:00:00,13032.0
2025-03-03 03:00:00,13013.0
2025-03-03 04:00:00,13021.0
2025-03-03 05:00:00,12970.0
2025-03-03 06:00:00,12941.0
2025-03-03 07:00:00,12950.0
2025-03-03 08:00:00,12918.0
2025-03-03 09:00:00,12937.0
2025-03-03 10:00:00,12953.0
2025-03-03 11:00:00,12965.0
2025-03-03 12:00:00,12968.0
2025-03-03 13:00:00,12969.0
2025-03-03 14:00:00,12950.0
2025-03-03 15:00:00,12977.0
2025-03-03 16:00:00,12968.0
2025-03-03 17:00:00,12974.0
2025-03-03 18:00:00,12953.0
2025-03-03 19:00:00,12917.0
2025-03-03 20:00:00,12895.0
2025-03-03 21:00:00,12902.0
2025-03-04 01:00:00,12812.0
2025-03-04 02:00:00,12820.0
2025-03-04 03:00:00,12846.0
2025-03-04 04:00:00,12832.0
2025-03-04 05:00:00,12840.0
2025-03-04 06:00:00,12817.0
2025-03-04 07:00:00,12804.0
2025-03-04 08:00:00,12774.0
2025-03-04 09:00:00,12786.0
2025-03-04 10:00:00,12784.0
2025-03-04 11:00:00,12795.0
2025-03-04 12:00:00,12775.0
2025-03-04 13:00:00,12770.0
2025-03-04 14:00:00,12766.0
2025-03-04 15:00:00,12776.0
2025-03-04 16:00:00,12794.0
2025-03-04 17:00:00,12792.0
2025-03-04 18:00:00,12812.0
2025-03-04 19:00:00,12820.0
2025-03-04 20:00:00,12810.0
2025-03-04 21:00:00,12814.0
2025-03-05 01:00:00,12839.0
2025-03-05 02:00:00,12822.0
2025-03-05 03:00:00,12914.0
2025-03-05 04:00:00,12913.0
2025-03-05 05:00:00,12931.0
2025-03-05 06:00:00,12935.0
2025-03-05 07:00:00,12918.0
2025-03-05 08:00:00,12935.0
2025-03-05 09:00:00,12940.0
2025-03-05 10:00:00,12908.0
2025-03-05 11:00:00,12903.0
2025-03-05 12:00:00,12904.0
2025-03-05 13:00:00,12901.0
2025-03-05 14:00:00,12912.0
2025-03-05 15:00:00,12940.0
2025-03-05 16:00:00,12948.0
2025-03-05 17:00:00,12979.0
2025-03-05 18:00:00,12984.0
2025-03-05 19:00:00,12988.0
2025-03-05 20:00:00,12988.0
2025-03-05 21:00:00,12989.0
2025-03-06 01:00:00,13011.0
2025-03-06 02:00:00,13040.0
2025-03-06 03:00:00,13062.0
2025-03-06 04:00:00,13072.0
2025-03-06 05:00:00,13067.0
2025-03-06 06:00:00,13079.0
2025-03-06 07:00:00,13082.0
2025-03-06 08:00:00,13072.0
2025-03-06 09:00:00,13092.0
2025-03-06 10:00:00,13074.0
2025-03-06 11:00:00,13067.0
2025-03-06 12:00:00,13087.0
2025-03-06 13:00:00,13085.0
2025-03-06 14:00:00,13106.0
2025-03-06 15:00:00,13065.0
2025-03-06 16:00:00,13072.0
2025-03-06 17:00:00,13071.0
2025-03-06 19:00:00,13067.0
2025-03-06 20:00:00,13092.0
2025-03-07 01:00:00,13058.0
2025-03-07 02:00:00,13048.0
2025-03-07 03:00:00,13082.0
2025-03-07 04:00:00,13084.0
2025-03-07 05:00:00,13120.0
2025-03-07 06:00:00,13073.0
2025-03-07 07:00:00,13074.0
2025-03-07 08:00:00,13073.0
2025-03-07 09:00:00,13073.0
2025-03-07 11:00:00,13083.0
2025-03-07 12:00:00,13061.0
2025-03-07 13:00:00,13045.0
2025-03-07 14:00:00,13068.0
2025-03-07 15:00:00,13072.0
2025-03-07 16:00:00,13051.0
2025-03-07 18:00:00,13051.0
2025-03-07 20:00:00,13052.0
2025-03-10 01:00:00,12969.0
2025-03-10 02:00:00,12962.0
2025-03-10 03:00:00,12926.0
2025-03-10 04:00:00,12929.0
2025-03-10 05:00:00,12954.0
2025-03-10 06:00:00,13002.0
2025-03-10 07:00:00,12993.0
2025-03-10 08:00:00,12987.0
2025-03-10 11:00:00,12967.0
2025-03-10 12:00:00,12961.0
2025-03-10 13:00:00,12960.0
2025-03-10 14:00:00,12918.0
2025-03-10 15:00:00,12947.0
2025-03-10 16:00:00,12928.0
2025-03-10 17:00:00,12908.0
2025-03-10 18:00:00,12900.0
2025-03-10 19:00:00,12893.0
2025-03-10 20:00:00,12899.0
2025-03-11 01:00:00,12941.0
2025-03-11 02:00:00,12955.0
2025-03-11 03:00:00,12947.0
2025-03-11 04:00:00,12959.0
2025-03-11 05:00:00,13033.0
2025-03-11 06:00:00,13030.0
2025-03-11 07:00:00,13043.0
2025-03-11 08:00:00,13034.0
2025-03-11 09:00:00,13052.0
2025-03-11 10:00:00,13044.0
2025-03-11 11:00:00,13038.0
2025-03-11 12:00:00,13053.0
2025-03-11 13:00:00,13044.0
2025-03-11 14:00:00,13003.0
2025-03-11 15:00:00,13032.0
2025-03-11 17:00:00,13007.0
2025-03-11 18:00:00,13046.0
2025-03-12 01:00:00,13032.0
2025-03-12 02:00:00,13032.0
2025-03-12 03:00:00,13004.0
2025-03-12 04:00:00,13020.0
2025-03-12 05:00:00,13072.0
2025-03-12 06:00:00,13026.0
2025-03-12 07:00:00,13035.0
2025-03-12 08:00:00,13028.0
2025-03-12 09:00:00,13044.0
2025-03-12 10:00:00,13038.0
2025-03-12 11:00:00,13042.0
2025-03-12 12:00:00,13060.0
2025-03-12 13:00:00,13020.0
2025-03-12 14:00:00,13002.0
2025-03-12 15:00:00,13027.0
2025-03-12 16:00:00,13047.0
2025-03-12 17:00:00,13049.0
2025-03-12 18:00:00,13044.0
2025-03-12 20:00:00,13044.0
2025-03-13 01:00:00,13089.0
2025-03-13 02:00:00,13113.0
2025-03-13 03:00:00,13073.0
2025-03-13 04:00:00,13082.0
2025-03-13 05:00:00,13022.0
2025-03-13 06:00:00,13050.0
2025-03-13 07:00:00,13057.0
2025-03-13 08:00:00,13067.0
2025-03-13 09:00:00,13069.0
2025-03-13 10:00:00,13068.0
2025-03-13 11:00:00,13068.0
2025-03-13 12:00:00,13060.0
2025-03-13 13:00:00,13078.0
2025-03-13 14:00:00,13104.0
2025-03-13 15:00:00,13103.0
2025-03-13 16:00:00,13119.0
2025-03-13 18:00:00,13124.0
2025-03-13 19:00:00,13113.0
2025-03-13 20:00:00,13109.0
2025-03-14 01:00:00,13282.0
2025-03-14 02:00:00,13405.0
2025-03-14 03:00:00,13528.0
2025-03-14 04:00:00,13537.0
2025-03-14 05:00:00,13499.0
2025-03-14 06:00:00,13466.0
2025-03-14 07:00:00,13486.0
2025-03-14 08:00:00,13500.0
2025-03-14 09:00:00,13532.0
2025-03-14 10:00:00,13540.0
2025-03-14 11:00:00,13567.0
2025-03-14 12:00:00,13552.0
2025-03-14 13:00:00,13522.0
2025-03-14 14:00:00,13550.0
2025-03-14 15:00:00,13548.0
2025-03-14 16:00:00,13557.0
2025-03-14 17:00:00,13566.0
2025-03-14 18:00:00,13571.0
2025-03-14 19:00:00,13592.0
2025-03-14 20:00:00,13592.0
2025-03-17 01:00:00,13474.0
2025-03-17 02:00:00,13530.0
2025-03-17 03:00:00,13499.0
2025-03-17 04:00:00,13503.0
2025-03-17 05:00:00,13459.0
2025-03-17 06:00:00,13453.0
2025-03-17 07:00:00,13444.0
2025-03-17 08:00:00,13433.0
2025-03-17 09:00:00,13468.0
2025-03-17 10:00:00,13455.0
2025-03-17 11:00:00,13465.0
2025-03-17 12:00:00,13460.0
2025-03-17 13:00:00,13520.0
2025-03-17 14:00:00,13516.0
2025-03-17 15:00:00,13533.0
2025-03-17 16:00:00,13535.0
2025-03-17 17:00:00,13537.0
2025-03-17 18:00:00,13543.0
2025-03-17 19:00:00,13541.0
2025-03-17 20:00:00,13547.0
2025-03-18 01:00:00,13464.0
2025-03-18 02:00:00,13451.0
2025-03-18 03:00:00,13460.0
2025-03-18 04:00:00,13455.0
2025-03-18 05:00:00,13461.0
2025-03-18 06:00:00,13439.0
2025-03-18 07:00:00,13416.0
2025-03-18 08:00:00,13428.0
2025-03-18 09:00:00,13430.0
2025-03-18 10:00:00,13407.0
2025-03-18 11:00:00,13402.0
2025-03-18 12:00:00,13413.0
2025-03-18 13:00:00,13401.0
2025-03-18 14:00:00,13417.0
2025-03-18 15:00:00,13430.0
2025-03-18 16:00:00,13433.0
2025-03-18 17:00:00,13423.0
2025-03-18 18:00:00,13414.0
2025-03-18 19:00:00,13414.0
2025-03-18 20:00:00,13413.0
2025-03-19 01:00:00,13441.0
2025-03-19 02:00:00,13496.0
2025-03-19 03:00:00,13493.0
2025-03-19 04:00:00,13499.0
2025-03-19 05:00:00,13531.0
2025-03-19 06:00:00,13543.0
2025-03-19 07:00:00,13542.0
2025-03-19 08:00:00,13532.0
2025-03-19 09:00:00,13570.0
2025-03-19 10:00:00,13568.0
2025-03-19 11:00:00,13571.0
2025-03-19 12:00:00,13557.0
2025-03-19 13:00:00,13512.0
2025-03-19 14:00:00,13516.0
2025-03-19 15:00:00,13529.0
2025-03-19 16:00:00,13520.0
2025-03-19 17:00:00,13507.0
2025-03-19 18:00:00,13521.0
2025-03-19 19:00:00,13504.0
2025-03-19 20:00:00,13516.0
2025-03-20 01:00:00,13393.0
2025-03-20 02:00:00,13412.0
2025-03-20 03:00:00,13430.0
2025-03-20 04:00:00,13435.0
2025-03-20 05:00:00,13426.0
2025-03-20 06:00:00,13401.0
2025-03-20 07:00:00,13387.0
2025-03-20 08:00:00,13368.0
2025-03-20 09:00:00,13362.0
2025-03-20 10:00:00,13342.0
2025-03-20 11:00:00,13348.0
2025-03-20 12:00:00,13346.0
2025-03-20 13:00:00,13333.0
2025-03-20 14:00:00,13316.0
2025-03-20 15:00:00,13296.0
2025-03-20 16:00:00,13310.0
2025-03-20 17:00:00,13311.0
2025-03-20 18:00:00,13313.0
2025-03-20 19:00:00,13304.0
2025-03-20 20:00:00,13306.0
2025-03-21 01:00:00,13389.0
2025-03-21 02:00:00,13277.0
2025-03-21 03:00:00,13201.0
2025-03-21 04:00:00,13212.0
2025-03-21 05:00:00,13103.0
2025-03-21 06:00:00,13144.0
2025-03-21 07:00:00,13124.0
2025-03-21 08:00:00,13103.0
2025-03-21 09:00:00,13116.0
2025-03-21 10:00:00,13164.0
2025-03-21 11:00:00,13144.0
2025-03-21 12:00:00,13142.0
2025-03-21 13:00:00,13124.0
2025-03-21 14:00:00,13122.0
2025-03-21 15:00:00,13125.0
2025-03-21 16:00:00,13154.0
2025-03-21 17:00:00,13156.0
2025-03-21 18:00:00,13140.0
2025-03-21 19:00:00,13136.0
2025-03-21 20:00:00,13135.0
2025-03-21 21:00:00,13146.0
2025-03-24 01:00:00,13174.0
2025-03-24 02:00:00,13193.0
2025-03-24 03:00:00,13199.0
2025-03-24 04:00:00,13193.0
2025-03-24 05:00:00,13268.0
2025-03-24 06:00:00,13222.0
2025-03-24 07:00:00,13263.0
2025-03-24 08:00:00,13270.0
2025-03-24 09:00:00,13230.0
2025-03-24 10:00:00,13237.0
2025-03-24 11:00:00,13233.0
2025-03-24 12:00:00,13236.0
2025-03-24 13:00:00,13225.0
2025-03-24 14:00:00,13227.0
2025-03-24 15:00:00,13227.0
2025-03-24 16:00:00,13219.0
2025-03-24 17:00:00,13224.0
2025-03-24 18:00:00,13215.0
2025-03-24 19:00:00,13215.0
2025-03-24 20:00:00,13214.0
2025-03-25 01:00:00,13208.0
2025-03-25 02:00:00,13203.0
2025-03-25 03:00:00,13222.0
2025-03-25 04:00:00,13220.0
2025-03-25 05:00:00,13211.0
2025-03-25 06:00:00,13226.0
2025-03-25 07:00:00,13216.0
2025-03-25 08:00:00,13211.0
2025-03-25 09:00:00,13245.0
2025-03-25 10:00:00,13261.0
2025-03-25 11:00:00,13257.0
2025-03-25 12:00:00,13258.0
2025-03-25 13:00:00,13270.0
2025-03-25 14:00:00,13254.0
2025-03-25 15:00:00,13238.0
2025-03-25 16:00:00,13242.0
2025-03-25 17:00:00,13241.0
2025-03-25 18:00:00,13234.0
2025-03-25 19:00:00,13228.0
2025-03-25 20:00:00,13231.0
2025-03-26 01:00:00,13239.0
2025-03-26 02:00:00,13208.0
2025-03-26 03:00:00,13184.0
2025-03-26 04:00:00,13183.0
2025-03-26 05:00:00,13182.0
2025-03-26 06:00:00,13178.0
2025-03-26 07:00:00,13176.0
2025-03-26 08:00:00,13182.0
2025-03-26 09:00:00,13157.0
2025-03-26 10:00:00,13174.0
2025-03-26 11:00:00,13166.0
2025-03-26 12:00:00,13181.0
2025-03-26 13:00:00,13174.0
2025-03-26 14:00:00,13199.0
2025-03-26 15:00:00,13191.0
2025-03-26 16:00:00,13180.0
2025-03-26 17:00:00,13165.0
2025-03-26 18:00:00,13171.0
2025-03-26 19:00:00,13172.0
2025-03-26 20:00:00,13178.0
2025-03-26 21:00:00,13178.0
2025-03-27 01:00:00,13230.0
2025-03-27 02:00:00,13292.0
2025-03-27 03:00:00,13240.0
2025-03-27 04:00:00,13256.0
2025-03-27 05:00:00,13239.0
2025-03-27 06:00:00,13241.0
2025-03-27 07:00:00,13239.0
2025-03-27 08:00:00,13239.0
2025-03-27 09:00:00,13254.0
2025-03-27 10:00:00,13257.0
2025-03-27 11:00:00,13257.0
2025-03-27 12:00:00,13252.0
2025-03-27 13:00:00,13274.0
2025-03-27 14:00:00,13282.0
2025-03-27 15:00:00,13282.0
2025-03-27 16:00:00,13286.0
2025-03-27 17:00:00,13275.0
2025-03-27 18:00:00,13283.0
2025-03-27 19:00:00,13282.0
2025-03-27 20:00:00,13285.0
2025-03-27 21:00:00,13282.0
2025-03-28 01:00:00,13169.0
2025-03-28 02:00:00,13160.0
2025-03-28 03:00:00,13123.0
2025-03-28 04:00:00,13128.0
2025-03-28 05:00:00,13173.0
2025-03-28 06:00:00,13183.0
2025-03-28 07:00:00,13168.0
2025-03-28 08:00:00,13173.0
2025-03-28 09:00:00,13150.0
2025-03-28 10:00:00,13148.0
2025-03-28 11:00:00,13158.0
2025-03-28 12:00:00,13154.0
2025-03-28 13:00:00,13160.0
2025-03-28 14:00:00,13147.0
2025-03-28 15:00:00,13144.0
2025-03-28 16:00:00,13141.0
2025-03-28 17:00:00,13138.0
2025-03-28 18:00:00,13139.0
2025-03-28 19:00:00,13132.0
2025-03-28 20:00:00,13122.0
2025-03-28 21:00:00,13127.0
2025-03-31 01:00:00,13206.0
2025-03-31 02:00:00,13155.0
2025-03-31 03:00:00,13074.0
2025-03-31 04:00:00,13080.0
2025-03-31 05:00:00,13078.0
2025-03-31 06:00:00,13097.0
2025-03-31 07:00:00,13089.0
2025-03-31 08:00:00,13096.0
2025-03-31 09:00:00,13058.0
2025-03-31 10:00:00,13069.0
2025-03-31 11:00:00,13072.0
2025-03-31 12:00:00,13068.0
2025-03-31 13:00:00,13079.0
2025-03-31 14:00:00,13066.0
2025-03-31 15:00:00,13074.0
2025-03-31 16:00:00,13087.0
2025-03-31 17:00:00,13082.0
2025-03-31 18:00:00,13099.0
2025-03-31 19:00:00,13112.0
2025-03-31 20:00:00,13116.0
2025-03-31 21:00:00,13115.0
2025-04-01 01:00:00,13075.0
2025-04-01 02:00:00,13055.0
2025-04-01 03:00:00,13048.0
2025-04-01 04:00:00,13047.0
2025-04-01 05:00:00,13045.0
2025-04-01 06:00:00,13064.0
2025-04-01 07:00:00,13033.0
2025-04-01 08:00:00,13040.0
2025-04-01 09:00:00,13045.0
2025-04-01 10:00:00,13031.0
2025-04-01 11:00:00,13028.0
2025-04-01 12:00:00,13035.0
2025-04-01 13:00:00,13011.0
2025-04-01 14:00:00,13034.0
2025-04-01 15:00:00,13050.0
2025-04-01 16:00:00,13036.0
2025-04-01 17:00:00,13028.0
2025-04-01 18:00:00,13024.0
2025-04-01 19:00:00,13040.0
2025-04-01 20:00:00,13036.0
2025-04-02 01:00:00,13070.0
2025-04-02 02:00:00,13051.0
2025-04-02 03:00:00,13057.0
2025-04-02 04:00:00,13055.0
2025-04-02 05:00:00,13030.0
2025-04-02 06:00:00,13021.0
2025-04-02 07:00:00,13018.0
2025-04-02 08:00:00,13032.0
2025-04-02 09:00:00,13027.0
2025-04-02 10:00:00,13006.0
2025-04-02 11:00:00,13014.0
2025-04-02 12:00:00,13017.0
2025-04-02 13:00:00,13019.0
2025-04-02 14:00:00,13025.0
2025-04-02 15:00:00,13015.0
2025-04-02 16:00:00,13019.0
2025-04-02 17:00:00,13011.0
2025-04-02 18:00:00,13005.0
2025-04-02 19:00:00,13011.0
2025-04-02 20:00:00,12908.0
2025-04-02 21:00:00,12903.0
2025-04-03 01:00:00,13020.0
2025-04-03 02:00:00,13007.0
2025-04-03 03:00:00,12991.0
2025-04-03 04:00:00,12984.0
2025-04-03 05:00:00,13016.0
2025-04-03 06:00:00,13004.0
2025-04-03 07:00:00,13008.0
2025-04-03 08:00:00,13016.0
2025-04-03 09:00:00,12990.0
2025-04-03 10:00:00,12948.0
2025-04-03 11:00:00,12963.0
2025-04-03 12:00:00,12935.0
2025-04-03 13:00:00,12935.0
2025-04-03 14:00:00,12924.0
2025-04-03 15:00:00,12953.0
2025-04-03 16:00:00,12953.0
2025-04-03 17:00:00,12958.0
2025-04-03 18:00:00,12956.0
2025-04-03 19:00:00,12948.0
2025-04-03 20:00:00,12950.0
2025-04-03 21:00:00,12944.0
2025-04-04 01:00:00,12841.0
2025-04-04 02:00:00,12818.0
2025-04-04 03:00:00,12824.0
2025-04-04 04:00:00,12769.0
2025-04-04 05:00:00,12809.0
2025-04-04 06:00:00,12823.0
2025-04-04 07:00:00,12813.0
2025-04-04 08:00:00,12809.0
2025-04-04 09:00:00,12772.0
2025-04-04 10:00:00,12230.0
2025-04-04 11:00:00,12305.0
2025-04-04 12:00:00,12437.0
2025-04-04 13:00:00,12514.0
2025-04-04 14:00:00,12423.0
2025-04-04 15:00:00,12488.0
2025-04-04 16:00:00,12471.0
2025-04-04 17:00:00,12488.0
2025-04-04 18:00:00,12467.0
2025-04-04 19:00:00,12471.0
2025-04-04 20:00:00,12430.0
2025-04-04 21:00:00,12432.0
2025-04-07 01:00:00,12139.0
2025-04-07 02:00:00,12268.0
2025-04-07 03:00:00,12168.0
2025-04-07 04:00:00,12166.0
2025-04-07 05:00:00,12041.0
2025-04-07 06:00:00,11899.0
2025-04-07 07:00:00,11657.0
2025-04-07 08:00:00,11719.0
2025-04-07 09:00:00,11789.0
2025-04-07 10:00:00,11864.0
2025-04-07 11:00:00,12032.0
2025-04-07 12:00:00,12019.0
2025-04-07 13:00:00,12032.0
2025-04-07 14:00:00,12108.0
2025-04-07 15:00:00,11919.0
2025-04-07 16:00:00,11759.0
2025-04-07 17:00:00,11917.0
2025-04-07 18:00:00,11857.0
2025-04-07 19:00:00,11876.0
2025-04-07 20:00:00,11867.0
2025-04-08 01:00:00,12256.0
2025-04-08 02:00:00,12215.0
2025-04-08 03:00:00,12271.0
2025-04-08 04:00:00,12270.0
2025-04-08 05:00:00,12289.0
2025-04-08 06:00:00,12298.0
2025-04-08 07:00:00,12299.0
2025-04-08 08:00:00,12337.0
2025-04-08 09:00:00,12238.0
2025-04-08 10:00:00,12255.0
2025-04-08 11:00:00,12340.0
2025-04-08 12:00:00,12330.0
2025-04-08 13:00:00,12362.0
2025-04-08 14:00:00,12299.0
2025-04-08 15:00:00,12270.0
2025-04-08 16:00:00,12200.0
2025-04-08 17:00:00,12139.0
2025-04-08 18:00:00,12110.0
2025-04-08 19:00:00,12079.0
2025-04-08 20:00:00,12074.0
2025-04-09 01:00:00,12241.0
2025-04-09 02:00:00,12429.0
2025-04-09 03:00:00,12385.0
2025-04-09 04:00:00,12389.0
2025-04-09 05:00:00,12444.0
2025-04-09 06:00:00,12404.0
2025-04-09 07:00:00,12514.0
2025-04-09 08:00:00,12495.0
2025-04-09 09:00:00,12394.0
2025-04-09 10:00:00,12399.0
2025-04-09 11:00:00,12231.0
2025-04-09 12:00:00,12304.0
2025-04-09 13:00:00,12398.0
2025-04-09 14:00:00,12336.0
2025-04-09 15:00:00,12330.0
2025-04-09 16:00:00,12362.0
2025-04-09 17:00:00,12506.0
2025-04-09 18:00:00,12499.0
2025-04-09 19:00:00,12558.0
2025-04-09 20:00:00,12677.0
2025-04-09 21:00:00,12677.0
2025-04-10 01:00:00,12630.0
2025-04-10 02:00:00,12486.0
2025-04-10 03:00:00,12423.0
2025-04-10 04:00:00,12454.0
2025-04-10 05:00:00,12540.0
2025-04-10 06:00:00,12558.0
2025-04-10 07:00:00,12520.0
2025-04-10 08:00:00,12536.0
2025-04-10 09:00:00,12470.0
2025-04-10 10:00:00,12513.0
2025-04-10 11:00:00,12462.0
2025-04-10 12:00:00,12459.0
2025-04-10 13:00:00,12501.0
2025-04-10 14:00:00,12501.0
2025-04-10 15:00:00,12470.0
2025-04-10 16:00:00,12489.0
2025-04-10 17:00:00,12521.0
2025-04-10 18:00:00,12569.0
2025-04-10 19:00:00,12471.0
2025-04-11 01:00:00,12570.0
2025-04-11 02:00:00,12516.0
2025-04-11 03:00:00,12601.0
2025-04-11 04:00:00,12591.0
2025-04-11 05:00:00,12654.0
2025-04-11 06:00:00,12675.0
2025-04-11 07:00:00,12697.0
2025-04-11 08:00:00,12636.0
2025-04-11 09:00:00,12732.0
2025-04-11 10:00:00,12706.0
2025-04-11 11:00:00,12669.0
2025-04-11 12:00:00,12669.0
2025-04-11 13:00:00,12683.0
2025-04-11 14:00:00,12639.0
2025-04-11 15:00:00,12655.0
2025-04-11 16:00:00,12689.0
2025-04-11 17:00:00,12716.0
2025-04-11 18:00:00,12722.0
2025-04-11 19:00:00,12744.0
2025-04-11 20:00:00,12748.0
2025-04-14 01:00:00,12738.0
2025-04-14 02:00:00,12739.0
2025-04-14 03:00:00,12726.0
2025-04-14 04:00:00,12725.0
2025-04-14 05:00:00,12743.0
2025-04-14 06:00:00,12732.0
2025-04-14 07:00:00,12739.0
2025-04-14 08:00:00,12739.0
2025-04-14 10:00:00,12734.0
2025-04-14 11:00:00,12739.0
2025-04-14 12:00:00,12739.0
2025-04-14 13:00:00,12754.0
2025-04-14 14:00:00,12772.0
2025-04-14 15:00:00,12734.0
2025-04-14 20:00:00,12728.0
2025-04-15 01:00:00,12709.0
2025-04-15 02:00:00,12729.0
2025-04-15 03:00:00,12797.0
2025-04-15 04:00:00,12806.0
2025-04-15 05:00:00,12790.0
2025-04-15 06:00:00,12777.0
2025-04-15 07:00:00,12801.0
2025-04-15 08:00:00,12794.0
2025-04-15 09:00:00,12801.0
2025-04-15 10:00:00,12801.0
2025-04-15 11:00:00,12793.0
2025-04-15 13:00:00,12787.0
2025-04-15 14:00:00,12767.0
2025-04-15 15:00:00,12795.0
2025-04-15 17:00:00,12773.0
2025-04-15 18:00:00,12773.0
2025-04-15 20:00:00,12756.0
2025-04-16 01:00:00,12697.0
2025-04-16 02:00:00,12715.0
2025-04-16 03:00:00,12688.0
2025-04-16 04:00:00,12688.0
2025-04-16 05:00:00,12907.0
2025-04-16 06:00:00,12826.0
2025-04-16 07:00:00,12796.0
2025-04-16 08:00:00,12899.0
2025-04-16 09:00:00,12898.0
2025-04-16 10:00:00,12908.0
2025-04-16 11:00:00,12892.0
2025-04-16 12:00:00,12865.0
2025-04-16 13:00:00,12882.0
2025-04-16 14:00:00,12881.0
2025-04-16 15:00:00,12892.0
2025-04-16 16:00:00,12887.0
2025-04-16 17:00:00,12845.0
2025-04-16 18:00:00,12819.0
2025-04-16 19:00:00,12829.0
2025-04-16 20:00:00,12827.0
2025-04-17 01:00:00,12821.0
2025-04-17 02:00:00,12863.0
2025-04-17 03:00:00,12866.0
2025-04-17 04:00:00,12877.0
2025-04-17 05:00:00,12862.0
2025-04-17 06:00:00,12873.0
2025-04-17 07:00:00,12887.0
2025-04-17 08:00:00,12909.0
2025-04-17 09:00:00,12890.0
2025-04-17 10:00:00,12894.0
2025-04-17 11:00:00,12891.0
2025-04-17 12:00:00,12908.0
2025-04-17 13:00:00,12855.0
2025-04-17 14:00:00,12832.0
2025-04-17 15:00:00,12829.0
2025-04-17 17:00:00,12853.0
2025-04-17 18:00:00,12884.0
2025-04-17 19:00:00,12837.0
2025-04-18 01:00:00,12853.0
2025-04-18 02:00:00,12859.0
2025-04-18 03:00:00,12854.0
2025-04-18 04:00:00,12854.0
2025-04-18 05:00:00,12847.0
2025-04-18 06:00:00,12857.0
2025-04-18 07:00:00,12859.0
2025-04-18 08:00:00,12847.0
2025-04-18 12:00:00,12864.0
2025-04-18 13:00:00,12869.0
2025-04-18 14:00:00,12870.0
2025-04-18 18:00:00,12869.0
2025-04-21 01:00:00,12922.0
2025-04-21 02:00:00,12923.0
2025-04-21 03:00:00,12898.0
2025-04-21 04:00:00,12901.0
2025-04-21 05:00:00,12874.0
2025-04-21 06:00:00,12858.0
2025-04-21 07:00:00,12877.0
2025-04-21 08:00:00,12860.0
2025-04-21 09:00:00,12873.0
2025-04-21 10:00:00,12877.0
2025-04-21 11:00:00,12865.0
2025-04-21 12:00:00,12868.0
2025-04-21 13:00:00,12857.0
2025-04-21 14:00:00,12828.0
2025-04-21 15:00:00,12814.0
2025-04-21 16:00:00,12821.0
2025-04-21 17:00:00,12807.0
2025-04-21 18:00:00,12827.0
2025-04-21 19:00:00,12828.0
2025-04-21 20:00:00,12830.0
2025-04-22 01:00:00,12923.0
2025-04-22 02:00:00,12952.0
2025-04-22 03:00:00,12960.0
2025-04-22 04:00:00,12947.0
2025-04-22 05:00:00,12968.0
2025-04-22 06:00:00,12952.0
2025-04-22 07:00:00,12962.0
2025-04-22 08:00:00,12963.0
2025-04-22 09:00:00,12977.0
2025-04-22 10:00:00,12969.0
2025-04-22 11:00:00,12976.0
2025-04-22 12:00:00,12976.0
2025-04-22 13:00:00,12973.0
2025-04-22 14:00:00,12984.0
2025-04-22 15:00:00,13014.0
2025-04-22 16:00:00,13022.0
2025-04-22 17:00:00,13001.0
2025-04-22 18:00:00,13011.0
2025-04-22 19:00:00,13003.0
2025-04-22 20:00:00,13005.0
2025-04-22 21:00:00,12994.0
2025-04-23 01:00:00,12941.0
2025-04-23 02:00:00,12967.0
2025-04-23 03:00:00,12983.0
2025-04-23 04:00:00,12962.0
2025-04-23 05:00:00,12977.0
2025-04-23 06:00:00,12969.0
2025-04-23 07:00:00,12950.0
2025-04-23 08:00:00,12971.0
2025-04-23 09:00:00,12969.0
2025-04-23 10:00:00,12968.0
2025-04-23 11:00:00,12951.0
2025-04-23 12:00:00,12972.0
2025-04-23 13:00:00,12991.0
2025-04-23 14:00:00,13010.0
2025-04-23 15:00:00,12981.0
2025-04-23 16:00:00,12979.0
2025-04-23 17:00:00,12984.0
2025-04-23 18:00:00,12968.0
2025-04-23 19:00:00,12968.0
2025-04-23 20:00:00,12984.0
2025-04-23 21:00:00,12984.0
2025-04-24 01:00:00,13016.0
2025-04-24 02:00:00,13014.0
2025-04-24 03:00:00,13003.0
2025-04-24 04:00:00,13009.0
2025-04-24 05:00:00,13009.0
2025-04-24 06:00:00,13011.0
2025-04-24 07:00:00,13020.0
2025-04-24 08:00:00,13020.0
2025-04-24 09:00:00,13030.0
2025-04-24 10:00:00,13053.0
2025-04-24 11:00:00,13047.0
2025-04-24 12:00:00,13063.0
2025-04-24 13:00:00,13065.0
2025-04-24 14:00:00,13067.0
2025-04-24 15:00:00,13058.0
2025-04-24 16:00:00,13072.0
2025-04-24 17:00:00,13070.0
2025-04-24 18:00:00,13070.0
2025-04-24 19:00:00,13073.0
2025-04-24 20:00:00,13065.0
2025-04-24 21:00:00,13065.0
2025-04-25 01:00:00,13016.0
2025-04-25 02:00:00,13000.0
2025-04-25 03:00:00,13026.0
2025-04-25 04:00:00,13015.0
2025-04-25 05:00:00,12975.0
2025-04-25 06:00:00,12988.0
2025-04-25 07:00:00,12971.0
2025-04-25 08:00:00,12982.0
2025-04-25 09:00:00,12975.0
2025-04-25 10:00:00,12960.0
2025-04-25 11:00:00,12967.0
2025-04-25 12:00:00,12969.0
2025-04-25 13:00:00,12978.0
2025-04-25 14:00:00,12977.0
2025-04-25 15:00:00,12981.0
2025-04-25 16:00:00,12984.0
2025-04-25 17:00:00,12985.0
2025-04-25 18:00:00,12995.0
2025-04-25 19:00:00,13009.0
2025-04-25 20:00:00,13011.0
2025-04-25 21:00:00,13010.0
2025-04-28 01:00:00,12963.0
2025-04-28 02:00:00,12991.0
2025-04-28 03:00:00,13015.0
2025-04-28 04:00:00,13025.0
2025-04-28 05:00:00,12974.0
2025-04-28 06:00:00,12990.0
2025-04-28 07:00:00,12972.0
2025-04-28 08:00:00,12972.0
2025-04-28 09:00:00,12975.0
2025-04-28 10:00:00,12971.0
2025-04-28 11:00:00,12977.0
2025-04-28 12:00:00,12982.0
2025-04-28 13:00:00,12989.0
2025-04-28 14:00:00,12998.0
2025-04-28 15:00:00,12986.0
2025-04-28 16:00:00,12983.0
2025-04-28 17:00:00,12988.0
2025-04-28 18:00:00,12988.0
2025-04-28 19:00:00,12997.0
2025-04-28 20:00:00,12998.0
2025-04-28 21:00:00,12994.0
2025-04-29 01:00:00,12960.0
2025-04-29 02:00:00,12913.0
2025-04-29 03:00:00,12928.0
2025-04-29 04:00:00,12925.0
2025-04-29 05:00:00,12898.0
2025-04-29 06:00:00,12913.0
2025-04-29 07:00:00,12914.0
2025-04-29 08:00:00,12909.0
2025-04-29 09:00:00,12896.0
2025-04-29 10:00:00,12885.0
2025-04-29 11:00:00,12894.0
2025-04-29 12:00:00,12911.0
2025-04-29 13:00:00,12912.0
2025-04-29 14:00:00,12903.0
2025-04-29 15:00:00,12900.0
2025-04-29 16:00:00,12896.0
2025-04-29 17:00:00,12907.0
2025-04-29 18:00:00,12908.0
2025-04-29 19:00:00,12908.0
2025-04-29 20:00:00,12914.0
2025-04-29 21:00:00,12916.0
2025-04-30 01:00:00,12848.0
2025-04-30 02:00:00,12830.0
2025-04-30 03:00:00,12852.0
2025-04-30 04:00:00,12848.0
2025-04-30 05:00:00,12837.0
2025-04-30 06:00:00,12824.0
2025-04-30 07:00:00,12835.0
2025-04-30 08:00:00,12855.0
2025-04-30 09:00:00,12838.0
2025-04-30 10:00:00,12842.0
2025-04-30 11:00:00,12834.0
2025-04-30 12:00:00,12827.0
2025-04-30 13:00:00,12795.0
2025-04-30 14:00:00,12803.0
2025-04-30 15:00:00,12803.0
2025-04-30 16:00:00,12806.0
2025-04-30 17:00:00,12815.0
2025-04-30 18:00:00,12823.0
2025-04-30 19:00:00,12828.0
2025-04-30 20:00:00,12838.0
2025-04-30 21:00:00,12839.0
2025-05-01 01:00:00,12870.0
2025-05-01 02:00:00,12897.0
2025-05-01 03:00:00,12878.0
2025-05-01 04:00:00,12867.0
2025-05-01 05:00:00,12822.0
2025-05-01 06:00:00,12854.0
2025-05-01 07:00:00,12840.0
2025-05-01 08:00:00,12830.0
2025-05-01 09:00:00,12835.0
2025-05-01 10:00:00,12848.0
2025-05-01 11:00:00,12835.0
2025-05-01 12:00:00,12841.0
2025-05-01 13:00:00,12797.0
2025-05-01 14:00:00,12807.0
2025-05-01 15:00:00,12802.0
2025-05-01 16:00:00,12800.0
2025-05-01 17:00:00,12805.0
2025-05-01 18:00:00,12815.0
2025-05-01 19:00:00,12771.0
2025-05-01 20:00:00,12781.0
2025-05-01 21:00:00,12784.0
2025-05-02 01:00:00,12899.0
2025-05-02 02:00:00,12923.0
2025-05-02 03:00:00,12926.0
2025-05-02 04:00:00,12937.0
2025-05-02 05:00:00,12929.0
2025-05-02 06:00:00,12960.0
2025-05-02 07:00:00,12973.0
2025-05-02 08:00:00,12947.0
2025-05-02 09:00:00,12967.0
2025-05-02 10:00:00,12965.0
2025-05-02 11:00:00,12965.0
2025-05-02 12:00:00,12991.0
2025-05-02 13:00:00,12971.0
2025-05-02 14:00:00,12976.0
2025-05-02 15:00:00,12957.0
2025-05-02 16:00:00,12989.0
2025-05-02 17:00:00,12992.0
2025-05-02 18:00:00,12998.0
2025-05-02 19:00:00,12997.0
2025-05-02 20:00:00,13013.0
2025-05-02 21:00:00,13002.0
2025-05-05 01:00:00,13028.0
2025-05-05 02:00:00,13000.0
2025-05-05 03:00:00,12977.0
2025-05-05 04:00:00,12974.0
2025-05-05 05:00:00,12963.0
2025-05-05 06:00:00,12969.0
2025-05-05 07:00:00,12959.0
2025-05-05 08:00:00,12953.0
2025-05-05 09:00:00,12962.0
2025-05-05 10:00:00,12965.0
2025-05-05 11:00:00,12984.0
2025-05-05 12:00:00,13025.0
2025-05-05 13:00:00,12993.0
2025-05-05 14:00:00,13020.0
2025-05-05 15:00:00,13000.0
2025-05-05 16:00:00,12993.0
2025-05-05 17:00:00,13000.0
2025-05-05 18:00:00,13001.0
2025-05-05 19:00:00,12979.0
2025-05-05 20:00:00,12986.0
2025-05-05 21:00:00,12978.0
2025-05-06 01:00:00,12882.0
2025-05-06 02:00:00,12888.0
2025-05-06 03:00:00,12907.0
2025-05-06 04:00:00,12898.0
2025-05-06 05:00:00,12858.0
2025-05-06 06:00:00,12893.0
2025-05-06 07:00:00,12874.0
2025-05-06 08:00:00,12863.0
2025-05-06 09:00:00,12855.0
2025-05-06 10:00:00,12920.0
2025-05-06 11:00:00,12933.0
2025-05-06 12:00:00,12955.0
2025-05-06 13:00:00,12956.0
2025-05-06 14:00:00,12973.0
2025-05-06 15:00:00,12981.0
2025-05-06 16:00:00,12966.0
2025-05-06 17:00:00,12975.0
2025-05-06 18:00:00,12966.0
2025-05-06 20:00:00,12966.0
2025-05-07 01:00:00,13017.0
2025-05-07 02:00:00,13014.0
2025-05-07 03:00:00,13004.0
2025-05-07 04:00:00,13018.0
2025-05-07 05:00:00,13016.0
2025-05-07 06:00:00,13026.0
2025-05-07 07:00:00,13016.0
2025-05-07 08:00:00,13007.0
2025-05-07 09:00:00,13003.0
2025-05-07 10:00:00,13001.0
2025-05-07 12:00:00,13008.0
2025-05-07 13:00:00,12980.0
2025-05-07 14:00:00,12980.0
2025-05-07 17:00:00,12998.0
2025-05-07 18:00:00,12987.0
2025-05-07 19:00:00,12974.0
2025-05-08 01:00:00,13154.0
2025-05-08 02:00:00,13163.0
2025-05-08 03:00:00,13192.0
2025-05-08 04:00:00,13197.0
2025-05-08 05:00:00,13134.0
2025-05-08 06:00:00,13120.0
2025-05-08 07:00:00,13117.0
2025-05-08 08:00:00,13125.0
2025-05-08 09:00:00,13126.0
2025-05-08 13:00:00,13099.0
2025-05-08 14:00:00,13090.0
2025-05-08 15:00:00,13121.0
2025-05-08 16:00:00,13136.0
2025-05-08 19:00:00,13127.0
2025-05-08 21:00:00,13139.0
2025-05-09 01:00:00,13154.0
2025-05-09 02:00:00,13150.0
2025-05-09 03:00:00,13189.0
2025-05-09 04:00:00,13194.0
2025-05-09 05:00:00,13195.0
2025-05-09 06:00:00,13185.0
2025-05-09 07:00:00,13201.0
2025-05-09 08:00:00,13198.0
2025-05-09 09:00:00,13208.0
2025-05-09 10:00:00,13222.0
2025-05-09 11:00:00,13225.0
2025-05-09 12:00:00,13225.0
2025-05-09 13:00:00,13218.0
2025-05-09 14:00:00,13219.0
2025-05-09 15:00:00,13211.0
2025-05-09 16:00:00,13199.0
2025-05-09 17:00:00,13204.0
2025-05-09 18:00:00,13203.0
2025-05-09 19:00:00,13196.0
2025-05-09 20:00:00,13204.0
2025-05-09 21:00:00,13208.0
2025-05-12 01:00:00,13241.0
2025-05-12 02:00:00,13254.0
2025-05-12 03:00:00,13232.0
2025-05-12 04:00:00,13241.0
2025-05-12 05:00:00,13264.0
2025-05-12 06:00:00,13297.0
2025-05-12 07:00:00,13434.0
2025-05-12 08:00:00,13420.0
2025-05-12 09:00:00,13409.0
2025-05-12 10:00:00,13389.0
2025-05-12 11:00:00,13385.0
2025-05-12 12:00:00,13396.0
2025-05-12 13:00:00,13343.0
2025-05-12 14:00:00,13374.0
2025-05-12 15:00:00,13367.0
2025-05-12 16:00:00,13383.0
2025-05-12 17:00:00,13379.0
2025-05-12 18:00:00,13390.0
2025-05-12 19:00:00,13388.0
2025-05-12 20:00:00,13405.0
2025-05-13 01:00:00,13316.0
2025-05-13 02:00:00,13312.0
2025-05-13 03:00:00,13310.0
2025-05-13 04:00:00,13305.0
2025-05-13 05:00:00,13315.0
2025-05-13 06:00:00,13337.0
2025-05-13 07:00:00,13319.0
2025-05-13 08:00:00,13314.0
2025-05-13 09:00:00,13315.0
2025-05-13 10:00:00,13315.0
2025-05-13 11:00:00,13327.0
2025-05-13 12:00:00,13340.0
2025-05-13 13:00:00,13355.0
2025-05-13 14:00:00,13370.0
2025-05-13 15:00:00,13382.0
2025-05-13 16:00:00,13380.0
2025-05-13 17:00:00,13372.0
2025-05-13 18:00:00,13366.0
2025-05-13 19:00:00,13360.0
2025-05-13 20:00:00,13350.0
2025-05-14 01:00:00,13369.0
2025-05-14 02:00:00,13395.0
2025-05-14 03:00:00,13450.0
2025-05-14 04:00:00,13455.0
2025-05-14 05:00:00,13604.0
2025-05-14 06:00:00,13589.0
2025-05-14 07:00:00,13602.0
2025-05-14 08:00:00,13585.0
2025-05-14 09:00:00,13572.0
2025-05-14 10:00:00,13560.0
2025-05-14 11:00:00,13577.0
2025-05-14 12:00:00,13590.0
2025-05-14 13:00:00,13588.0
2025-05-14 14:00:00,13608.0
2025-05-14 15:00:00,13600.0
2025-05-14 16:00:00,13591.0
2025-05-14 17:00:00,13590.0
2025-05-14 19:00:00,13592.0
2025-05-14 20:00:00,13603.0
2025-05-15 01:00:00,13565.0
2025-05-15 02:00:00,13552.0
2025-05-15 03:00:00,13576.0
2025-05-15 04:00:00,13577.0
2025-05-15 05:00:00,13544.0
2025-05-15 06:00:00,13531.0
2025-05-15 07:00:00,13526.0
2025-05-15 08:00:00,13509.0
2025-05-15 09:00:00,13520.0
2025-05-15 10:00:00,13493.0
2025-05-15 11:00:00,13509.0
2025-05-15 12:00:00,13516.0
2025-05-15 13:00:00,13502.0
2025-05-15 14:00:00,13491.0
2025-05-15 15:00:00,13511.0
2025-05-15 16:00:00,13504.0
2025-05-15 17:00:00,13504.0
2025-05-15 20:00:00,13512.0
2025-05-16 01:00:00,13458.0
2025-05-16 02:00:00,13404.0
2025-05-16 03:00:00,13404.0
2025-05-16 04:00:00,13402.0
2025-05-16 05:00:00,13395.0
2025-05-16 06:00:00,13402.0
2025-05-16 07:00:00,13414.0
2025-05-16 08:00:00,13396.0
2025-05-16 10:00:00,13398.0
2025-05-16 11:00:00,13399.0
2025-05-16 12:00:00,13398.0
2025-05-16 13:00:00,13395.0
2025-05-16 14:00:00,13396.0
2025-05-16 15:00:00,13398.0
2025-05-16 16:00:00,13398.0
2025-05-16 17:00:00,13403.0
2025-05-16 18:00:00,13402.0
2025-05-16 20:00:00,13420.0
2025-05-19 01:00:00,13333.0
2025-05-19 02:00:00,13337.0
2025-05-19 03:00:00,13334.0
2025-05-19 04:00:00,13332.0
2025-05-19 05:00:00,13338.0
2025-05-19 06:00:00,13345.0
2025-05-19 07:00:00,13347.0
2025-05-19 08:00:00,13338.0
2025-05-19 09:00:00,13332.0
2025-05-19 10:00:00,13338.0
2025-05-19 11:00:00,13337.0
2025-05-19 12:00:00,13332.0
2025-05-19 13:00:00,13332.0
2025-05-19 14:00:00,13345.0
2025-05-19 15:00:00,13365.0
2025-05-19 16:00:00,13366.0
2025-05-19 17:00:00,13359.0
2025-05-19 18:00:00,13363.0
2025-05-19 19:00:00,13365.0
2025-05-19 20:00:00,13363.0
2025-05-20 01:00:00,13399.0
2025-05-20 02:00:00,13385.0
2025-05-20 03:00:00,13431.0
2025-05-20 04:00:00,13426.0
2025-05-20 05:00:00,13421.0
2025-05-20 06:00:00,13412.0
2025-05-20 07:00:00,13421.0
2025-05-20 08:00:00,13421.0
2025-05-20 09:00:00,13419.0
2025-05-20 10:00:00,13421.0
2025-05-20 11:00:00,13435.0
2025-05-20 12:00:00,13435.0
2025-05-20 13:00:00,13439.0
2025-05-20 14:00:00,13428.0
2025-05-20 15:00:00,13427.0
2025-05-20 16:00:00,13442.0
2025-05-20 17:00:00,13451.0
2025-05-20 18:00:00,13451.0
2025-05-20 19:00:00,13452.0
2025-05-21 01:00:00,13512.0
2025-05-21 02:00:00,13579.0
2025-05-21 03:00:00,13552.0
2025-05-21 04:00:00,13550.0
2025-05-21 05:00:00,13509.0
2025-05-21 06:00:00,13511.0
2025-05-21 07:00:00,13518.0
2025-05-21 08:00:00,13522.0
2025-05-21 09:00:00,13514.0
2025-05-21 10:00:00,13514.0
2025-05-21 11:00:00,13517.0
2025-05-21 12:00:00,13513.0
2025-05-21 13:00:00,13528.0
2025-05-21 14:00:00,13515.0
2025-05-21 15:00:00,13514.0
2025-05-21 16:00:00,13518.0
2025-05-21 17:00:00,13512.0
2025-05-21 18:00:00,13493.0
2025-05-21 19:00:00,13496.0
2025-05-21 20:00:00,13489.0
2025-05-22 01:00:00,13500.0
2025-05-22 02:00:00,13496.0
2025-05-22 03:00:00,13544.0
2025-05-22 04:00:00,13543.0
2025-05-22 05:00:00,13511.0
2025-05-22 06:00:00,13516.0
2025-05-22 07:00:00,13508.0
2025-05-22 08:00:00,13510.0
2025-05-22 09:00:00,13513.0
2025-05-22 10:00:00,13508.0
2025-05-22 11:00:00,13507.0
2025-05-22 12:00:00,13510.0
2025-05-22 13:00:00,13499.0
2025-05-22 14:00:00,13511.0
2025-05-22 15:00:00,13517.0
2025-05-22 16:00:00,13505.0
2025-05-22 17:00:00,13516.0
2025-05-22 18:00:00,13515.0
2025-05-22 19:00:00,13508.0
2025-05-22 20:00:00,13507.0
2025-05-23 01:00:00,13545.0
2025-05-23 02:00:00,13551.0
2025-05-23 03:00:00,13553.0
2025-05-23 04:00:00,13552.0
2025-05-23 05:00:00,13480.0
2025-05-23 06:00:00,13393.0
2025-05-23 07:00:00,13403.0
2025-05-23 08:00:00,13413.0
2025-05-23 09:00:00,13418.0
2025-05-23 10:00:00,13416.0
2025-05-23 11:00:00,13362.0
2025-05-23 12:00:00,13373.0
2025-05-23 13:00:00,13401.0
2025-05-23 14:00:00,13410.0
2025-05-23 15:00:00,13398.0
2025-05-23 16:00:00,13403.0
2025-05-23 17:00:00,13414.0
2025-05-23 18:00:00,13408.0
2025-05-23 19:00:00,13401.0
2025-05-23 20:00:00,13399.0
2025-05-26 01:00:00,13344.0
2025-05-26 02:00:00,13320.0
2025-05-26 03:00:00,13228.0
2025-05-26 04:00:00,13251.0
2025-05-26 05:00:00,13238.0
2025-05-26 06:00:00,13249.0
2025-05-26 07:00:00,13246.0
2025-05-26 08:00:00,13244.0
2025-05-26 09:00:00,13260.0
2025-05-26 10:00:00,13260.0
2025-05-26 11:00:00,13248.0
2025-05-26 12:00:00,13251.0
2025-05-26 13:00:00,13257.0
2025-05-26 14:00:00,13258.0
2025-05-26 15:00:00,13263.0
2025-05-26 16:00:00,13261.0
2025-05-26 17:00:00,13266.0
2025-05-26 18:00:00,13265.0
2025-05-26 19:00:00,13257.0
2025-05-26 20:00:00,13263.0
2025-05-27 01:00:00,13273.0
2025-05-27 02:00:00,13211.0
2025-05-27 03:00:00,13210.0
2025-05-27 04:00:00,13217.0
2025-05-27 05:00:00,13191.0
2025-05-27 06:00:00,13185.0
2025-05-27 07:00:00,13203.0
2025-05-27 08:00:00,13188.0
2025-05-27 09:00:00,13194.0
2025-05-27 10:00:00,13186.0
2025-05-27 11:00:00,13183.0
2025-05-27 12:00:00,13182.0
2025-05-27 13:00:00,13177.0
2025-05-27 14:00:00,13177.0
2025-05-27 15:00:00,13171.0
2025-05-27 16:00:00,13174.0
2025-05-27 17:00:00,13178.0
2025-05-27 18:00:00,13181.0
2025-05-27 19:00:00,13192.0
2025-05-27 20:00:00,13189.0
2025-05-27 21:00:00,13193.0
2025-05-28 01:00:00,13235.0
2025-05-28 02:00:00,13208.0
2025-05-28 03:00:00,13205.0
2025-05-28 04:00:00,13203.0
2025-05-28 05:00:00,13180.0
2025-05-28 06:00:00,13184.0
2025-05-28 07:00:00,13186.0
2025-05-28 08:00:00,13194.0
2025-05-28 09:00:00,13182.0
2025-05-28 10:00:00,13186.0
2025-05-28 11:00:00,13182.0
2025-05-28 12:00:00,13167.0
2025-05-28 13:00:00,13170.0
2025-05-28 14:00:00,13156.0
2025-05-28 15:00:00,13157.0
2025-05-28 16:00:00,13157.0
2025-05-28 17:00:00,13160.0
2025-05-28 18:00:00,13166.0
2025-05-28 19:00:00,13153.0
2025-05-28 20:00:00,13165.0
2025-05-28 21:00:00,13164.0
2025-05-29 01:00:00,13216.0
2025-05-29 02:00:00,13241.0
2025-05-29 03:00:00,13213.0
2025-05-29 04:00:00,13215.0
2025-05-29 05:00:00,13174.0
2025-05-29 06:00:00,13174.0
2025-05-29 07:00:00,13182.0
2025-05-29 08:00:00,13169.0
2025-05-29 09:00:00,13173.0
2025-05-29 10:00:00,13158.0
2025-05-29 11:00:00,13152.0
2025-05-29 12:00:00,13163.0
2025-05-29 13:00:00,13152.0
2025-05-29 14:00:00,13150.0
2025-05-29 15:00:00,13141.0
2025-05-29 16:00:00,13147.0
2025-05-29 17:00:00,13145.0
2025-05-29 18:00:00,13141.0
2025-05-29 19:00:00,13141.0
2025-05-29 20:00:00,13137.0
2025-05-29 21:00:00,13139.0
2025-05-30 01:00:00,13083.0
2025-05-30 02:00:00,13115.0
2025-05-30 03:00:00,13130.0
2025-05-30 04:00:00,13128.0
2025-05-30 05:00:00,13167.0
2025-05-30 06:00:00,13156.0
2025-05-30 07:00:00,13157.0
2025-05-30 08:00:00,13178.0
2025-05-30 09:00:00,13161.0
2025-05-30 10:00:00,13168.0
2025-05-30 11:00:00,13161.0
2025-05-30 12:00:00,13126.0
2025-05-30 13:00:00,13107.0
2025-05-30 14:00:00,13114.0
2025-05-30 15:00:00,13107.0
2025-05-30 16:00:00,13063.0
2025-05-30 17:00:00,13052.0
2025-05-30 18:00:00,13085.0
2025-05-30 19:00:00,13078.0
2025-05-30 20:00:00,13086.0
2025-05-30 21:00:00,13100.0
2025-06-02 01:00:00,12982.0
2025-06-02 02:00:00,12956.0
2025-06-02 03:00:00,12951.0
2025-06-02 04:00:00,12988.0
2025-06-02 05:00:00,13064.0
2025-06-02 06:00:00,13007.0
2025-06-02 07:00:00,13024.0
2025-06-02 08:00:00,13051.0
2025-06-02 09:00:00,13052.0
2025-06-02 10:00:00,13065.0
2025-06-02 11:00:00,13067.0
2025-06-02 12:00:00,13068.0
2025-06-02 13:00:00,13064.0
2025-06-02 14:00:00,13074.0
2025-06-02 15:00:00,13071.0
2025-06-02 16:00:00,13073.0
2025-06-02 17:00:00,13085.0
2025-06-02 18:00:00,13098.0
2025-06-02 19:00:00,13105.0
2025-06-02 20:00:00,13106.0
2025-06-02 21:00:00,13110.0
2025-06-03 01:00:00,13147.0
2025-06-03 02:00:00,13187.0
2025-06-03 03:00:00,13196.0
2025-06-03 04:00:00,13194.0
2025-06-03 05:00:00,13162.0
2025-06-03 06:00:00,13183.0
2025-06-03 07:00:00,13166.0
2025-06-03 08:00:00,13165.0
2025-06-03 09:00:00,13160.0
2025-06-03 10:00:00,13152.0
2025-06-03 11:00:00,13146.0
2025-06-03 12:00:00,13173.0
2025-06-03 13:00:00,13156.0
2025-06-03 14:00:00,13171.0
2025-06-03 15:00:00,13177.0
2025-06-03 16:00:00,13180.0
2025-06-03 17:00:00,13182.0
2025-06-03 18:00:00,13189.0
2025-06-03 19:00:00,13178.0
2025-06-03 20:00:00,13179.0
2025-06-03 21:00:00,13178.0
2025-06-04 01:00:00,13210.0
2025-06-04 02:00:00,13204.0
2025-06-04 03:00:00,13212.0
2025-06-04 04:00:00,13203.0
2025-06-04 05:00:00,13185.0
2025-06-04 06:00:00,13189.0
2025-06-04 07:00:00,13183.0
2025-06-04 08:00:00,13188.0
2025-06-04 09:00:00,13182.0
2025-06-04 10:00:00,13181.0
2025-06-04 11:00:00,13187.0
2025-06-04 12:00:00,13193.0
2025-06-04 13:00:00,13197.0
2025-06-04 14:00:00,13212.0
2025-06-04 15:00:00,13224.0
2025-06-04 16:00:00,13218.0
2025-06-04 17:00:00,13221.0
2025-06-04 18:00:00,13220.0
2025-06-04 19:00:00,13220.0
2025-06-04 20:00:00,13219.0
2025-06-04 21:00:00,13225.0
2025-06-05 01:00:00,13168.0
2025-06-05 02:00:00,13190.0
2025-06-05 03:00:00,13199.0
2025-06-05 04:00:00,13213.0
2025-06-05 05:00:00,13234.0
2025-06-05 06:00:00,13212.0
2025-06-05 07:00:00,13223.0
2025-06-05 08:00:00,13209.0
2025-06-05 09:00:00,13219.0
2025-06-05 10:00:00,13221.0
2025-06-05 11:00:00,13218.0
2025-06-05 12:00:00,13258.0
2025-06-05 13:00:00,13232.0
2025-06-05 14:00:00,13276.0
2025-06-05 15:00:00,13254.0
2025-06-05 16:00:00,13247.0
2025-06-05 17:00:00,13251.0
2025-06-05 18:00:00,13251.0
2025-06-05 19:00:00,13244.0
2025-06-05 20:00:00,13241.0
2025-06-05 21:00:00,13254.0
2025-06-06 01:00:00,13215.0
2025-06-06 02:00:00,13241.0
2025-06-06 03:00:00,13213.0
2025-06-06 04:00:00,13215.0
2025-06-06 05:00:00,13216.0
2025-06-06 06:00:00,13210.0
2025-06-06 07:00:00,13208.0
2025-06-06 08:00:00,13200.0
2025-06-06 10:00:00,13196.0
2025-06-06 12:00:00,13203.0
2025-06-06 14:00:00,13198.0
2025-06-06 15:00:00,13214.0
2025-06-06 17:00:00,13215.0
2025-06-06 20:00:00,13229.0
2025-06-06 21:00:00,13218.0
2025-06-09 01:00:00,13212.0
2025-06-09 02:00:00,13209.0
2025-06-09 03:00:00,13149.0
2025-06-09 04:00:00,13156.0
2025-06-09 05:00:00,13202.0
2025-06-09 06:00:00,13180.0
2025-06-09 07:00:00,13193.0
2025-06-09 08:00:00,13180.0
2025-06-09 10:00:00,13178.0
2025-06-09 12:00:00,13188.0
2025-06-09 13:00:00,13179.0
2025-06-09 14:00:00,13197.0
2025-06-09 15:00:00,13211.0
2025-06-09 17:00:00,13211.0
2025-06-09 18:00:00,13216.0
2025-06-09 19:00:00,13220.0
2025-06-09 20:00:00,13219.0
2025-06-10 01:00:00,13235.0
2025-06-10 02:00:00,13258.0
2025-06-10 03:00:00,13253.0
2025-06-10 04:00:00,13252.0
2025-06-10 05:00:00,13145.0
2025-06-10 06:00:00,13134.0
2025-06-10 07:00:00,13142.0
2025-06-10 08:00:00,13151.0
2025-06-10 10:00:00,13153.0
2025-06-10 12:00:00,13163.0
2025-06-10 13:00:00,13171.0
2025-06-10 14:00:00,13156.0
2025-06-10 15:00:00,13155.0
2025-06-10 19:00:00,13174.0
2025-06-10 20:00:00,13167.0
2025-06-11 01:00:00,13318.0
2025-06-11 02:00:00,13232.0
2025-06-11 03:00:00,13281.0
2025-06-11 04:00:00,13275.0
2025-06-11 05:00:00,13262.0
2025-06-11 06:00:00,13270.0
2025-06-11 07:00:00,13262.0
2025-06-11 08:00:00,13263.0
2025-06-11 09:00:00,13256.0
2025-06-11 11:00:00,13256.0
2025-06-11 12:00:00,13258.0
2025-06-11 13:00:00,13248.0
2025-06-11 14:00:00,13262.0
2025-06-11 15:00:00,13254.0
2025-06-11 16:00:00,13265.0
2025-06-11 19:00:00,13254.0
2025-06-12 01:00:00,13203.0
2025-06-12 02:00:00,13270.0
2025-06-12 03:00:00,13253.0
2025-06-12 04:00:00,13249.0
2025-06-12 05:00:00,13254.0
2025-06-12 06:00:00,13228.0
2025-06-12 07:00:00,13205.0
2025-06-12 08:00:00,13209.0
2025-06-12 09:00:00,13204.0
2025-06-12 10:00:00,13200.0
2025-06-12 11:00:00,13208.0
2025-06-12 12:00:00,13232.0
2025-06-12 13:00:00,13243.0
2025-06-12 15:00:00,13236.0
2025-06-12 16:00:00,13251.0
2025-06-12 17:00:00,13250.0
2025-06-12 19:00:00,13244.0
2025-06-13 01:00:00,13195.0
2025-06-13 02:00:00,13126.0
2025-06-13 03:00:00,13156.0
2025-06-13 04:00:00,13159.0
2025-06-13 05:00:00,13166.0
2025-06-13 06:00:00,13153.0
2025-06-13 07:00:00,13150.0
2025-06-13 08:00:00,13177.0
2025-06-13 09:00:00,13164.0
2025-06-13 10:00:00,13160.0
2025-06-13 11:00:00,13169.0
2025-06-13 12:00:00,13167.0
2025-06-13 13:00:00,13156.0
2025-06-13 15:00:00,13174.0
2025-06-13 16:00:00,13166.0
2025-06-13 18:00:00,13142.0
2025-06-13 19:00:00,13143.0
2025-06-16 01:00:00,13129.0
2025-06-16 02:00:00,13122.0
2025-06-16 03:00:00,13135.0
2025-06-16 04:00:00,13135.0
2025-06-16 05:00:00,13154.0
2025-06-16 06:00:00,13186.0
2025-06-16 07:00:00,13198.0
2025-06-16 08:00:00,13201.0
2025-06-16 09:00:00,13191.0
2025-06-16 10:00:00,13197.0
2025-06-16 11:00:00,13202.0
2025-06-16 12:00:00,13205.0
2025-06-16 13:00:00,13220.0
2025-06-16 14:00:00,13226.0
2025-06-16 15:00:00,13218.0
2025-06-16 16:00:00,13218.0
2025-06-16 18:00:00,13208.0
2025-06-16 19:00:00,13205.0
2025-06-16 20:00:00,13211.0
2025-06-16 21:00:00,13211.0
2025-06-17 01:00:00,13178.0
2025-06-17 02:00:00,13155.0
2025-06-17 03:00:00,13164.0
2025-06-17 04:00:00,13167.0
2025-06-17 05:00:00,13194.0
2025-06-17 06:00:00,13186.0
2025-06-17 07:00:00,13190.0
2025-06-17 08:00:00,13207.0
2025-06-17 09:00:00,13194.0
2025-06-17 10:00:00,13188.0
2025-06-17 11:00:00,13198.0
2025-06-17 12:00:00,13198.0
2025-06-17 13:00:00,13198.0
2025-06-17 14:00:00,13196.0
2025-06-17 15:00:00,13203.0
2025-06-17 16:00:00,13181.0
2025-06-17 17:00:00,13176.0
2025-06-17 18:00:00,13168.0
2025-06-18 01:00:00,13195.0
2025-06-18 02:00:00,13182.0
2025-06-18 03:00:00,13193.0
2025-06-18 04:00:00,13192.0
2025-06-18 05:00:00,13196.0
2025-06-18 06:00:00,13205.0
2025-06-18 07:00:00,13203.0
2025-06-18 08:00:00,13195.0
2025-06-18 09:00:00,13191.0
2025-06-18 10:00:00,13185.0
2025-06-18 11:00:00,13179.0
2025-06-18 12:00:00,13179.0
2025-06-18 13:00:00,13166.0
2025-06-18 14:00:00,13168.0
2025-06-18 15:00:00,13160.0
2025-06-18 16:00:00,13160.0
2025-06-18 17:00:00,13158.0
2025-06-18 18:00:00,13148.0
2025-06-18 19:00:00,13156.0
2025-06-19 01:00:00,13159.0
2025-06-19 02:00:00,13157.0
2025-06-19 03:00:00,13089.0
2025-06-19 04:00:00,13098.0
2025-06-19 05:00:00,13106.0
2025-06-19 06:00:00,13123.0
2025-06-19 07:00:00,13121.0
2025-06-19 08:00:00,13129.0
2025-06-19 09:00:00,13122.0
2025-06-19 10:00:00,13108.0
2025-06-19 11:00:00,13103.0
2025-06-19 12:00:00,13099.0
2025-06-19 13:00:00,13096.0
2025-06-19 14:00:00,13101.0
2025-06-19 15:00:00,13098.0
2025-06-19 16:00:00,13103.0
2025-06-19 17:00:00,13106.0
2025-06-19 18:00:00,13110.0
2025-06-19 20:00:00,13113.0
2025-06-20 01:00:00,13194.0
2025-06-20 02:00:00,13188.0
2025-06-20 03:00:00,13211.0
2025-06-20 04:00:00,13212.0
2025-06-20 05:00:00,13210.0
2025-06-20 06:00:00,13189.0
2025-06-20 07:00:00,13188.0
2025-06-20 08:00:00,13198.0
2025-06-20 09:00:00,13210.0
2025-06-20 10:00:00,13213.0
2025-06-20 11:00:00,13220.0
2025-06-20 12:00:00,13221.0
2025-06-20 13:00:00,13215.0
2025-06-20 14:00:00,13187.0
2025-06-20 15:00:00,13188.0
2025-06-20 16:00:00,13193.0
2025-06-20 17:00:00,13182.0
2025-06-20 18:00:00,13187.0
2025-06-20 19:00:00,13182.0
2025-06-20 20:00:00,13173.0
2025-06-23 01:00:00,13109.0
2025-06-23 02:00:00,13172.0
2025-06-23 03:00:00,13147.0
2025-06-23 04:00:00,13130.0
2025-06-23 05:00:00,13206.0
2025-06-23 06:00:00,13226.0
2025-06-23 07:00:00,13228.0
2025-06-23 08:00:00,13215.0
2025-06-23 09:00:00,13214.0
2025-06-23 10:00:00,13215.0
2025-06-23 11:00:00,13209.0
2025-06-23 12:00:00,13217.0
2025-06-23 13:00:00,13229.0
2025-06-23 14:00:00,13236.0
2025-06-23 15:00:00,13238.0
2025-06-23 16:00:00,13219.0
2025-06-23 17:00:00,13246.0
2025-06-23 18:00:00,13246.0
2025-06-23 19:00:00,13239.0
2025-06-23 20:00:00,13238.0
2025-06-24 01:00:00,13387.0
2025-06-24 02:00:00,13380.0
2025-06-24 03:00:00,13368.0
2025-06-24 04:00:00,13361.0
2025-06-24 05:00:00,13353.0
2025-06-24 06:00:00,13382.0
2025-06-24 07:00:00,13360.0
2025-06-24 08:00:00,13372.0
2025-06-24 09:00:00,13360.0
2025-06-24 10:00:00,13357.0
2025-06-24 11:00:00,13357.0
2025-06-24 12:00:00,13359.0
2025-06-24 13:00:00,13364.0
2025-06-24 14:00:00,13381.0
2025-06-24 15:00:00,13393.0
2025-06-24 16:00:00,13399.0
2025-06-24 17:00:00,13401.0
2025-06-24 18:00:00,13402.0
2025-06-24 19:00:00,13416.0
2025-06-24 20:00:00,13411.0
2025-06-25 01:00:00,13372.0
2025-06-25 02:00:00,13405.0
2025-06-25 03:00:00,13399.0
2025-06-25 04:00:00,13408.0
2025-06-25 05:00:00,13592.0
2025-06-25 06:00:00,13591.0
2025-06-25 07:00:00,13569.0
2025-06-25 08:00:00,13591.0
2025-06-25 09:00:00,13577.0
2025-06-25 10:00:00,13576.0
2025-06-25 11:00:00,13594.0
2025-06-25 12:00:00,13608.0
2025-06-25 13:00:00,13582.0
2025-06-25 14:00:00,13587.0
2025-06-25 15:00:00,13587.0
2025-06-25 16:00:00,13588.0
2025-06-25 17:00:00,13581.0
2025-06-25 18:00:00,13583.0
2025-06-25 19:00:00,13589.0
2025-06-25 20:00:00,13588.0
2025-06-25 21:00:00,13589.0
2025-06-26 01:00:00,13562.0
2025-06-26 02:00:00,13569.0
2025-06-26 03:00:00,13584.0
2025-06-26 04:00:00,13586.0
2025-06-26 05:00:00,13570.0
2025-06-26 06:00:00,13565.0
2025-06-26 07:00:00,13571.0
2025-06-26 08:00:00,13588.0
2025-06-26 09:00:00,13573.0
2025-06-26 10:00:00,13571.0
2025-06-26 11:00:00,13575.0
2025-06-26 12:00:00,13574.0
2025-06-26 13:00:00,13578.0
2025-06-26 14:00:00,13581.0
2025-06-26 15:00:00,13585.0
2025-06-26 16:00:00,13584.0
2025-06-26 17:00:00,13581.0
2025-06-26 18:00:00,13573.0
2025-06-26 19:00:00,13575.0
2025-06-26 20:00:00,13572.0
2025-06-27 01:00:00,13569.0
2025-06-27 02:00:00,13504.0
2025-06-27 03:00:00,13447.0
2025-06-27 04:00:00,13436.0
2025-06-27 05:00:00,13354.0
2025-06-27 06:00:00,13359.0
2025-06-27 07:00:00,13339.0
2025-06-27 08:00:00,13353.0
2025-06-27 09:00:00,13359.0
2025-06-27 10:00:00,13357.0
2025-06-27 11:00:00,13357.0
2025-06-27 12:00:00,13359.0
2025-06-27 13:00:00,13361.0
2025-06-27 14:00:00,13352.0
2025-06-27 15:00:00,13366.0
2025-06-27 16:00:00,13367.0
2025-06-27 17:00:00,13346.0
2025-06-27 18:00:00,13343.0
2025-06-27 19:00:00,13352.0
2025-06-27 20:00:00,13351.0
2025-06-27 21:00:00,13352.0
2025-06-30 01:00:00,13340.0
2025-06-30 02:00:00,13340.0
2025-06-30 03:00:00,13340.0
2025-06-30 04:00:00,13327.0
2025-06-30 05:00:00,13366.0
2025-06-30 06:00:00,13372.0
2025-06-30 07:00:00,13358.0
2025-06-30 08:00:00,13376.0
2025-06-30 09:00:00,13364.0
2025-06-30 10:00:00,13372.0
2025-06-30 11:00:00,13370.0
2025-06-30 12:00:00,13363.0
2025-06-30 13:00:00,13364.0
2025-06-30 14:00:00,13370.0
2025-06-30 15:00:00,13373.0
2025-06-30 16:00:00,13380.0
2025-06-30 17:00:00,13374.0
2025-06-30 18:00:00,13378.0
2025-06-30 19:00:00,13388.0
2025-06-30 20:00:00,13379.0
2025-06-30 21:00:00,13377.0
2025-07-01 01:00:00,13384.0
2025-07-01 02:00:00,13432.0
2025-07-01 03:00:00,13431.0
2025-07-01 04:00:00,13432.0
2025-07-01 05:00:00,13419.0
2025-07-01 06:00:00,13423.0
2025-07-01 07:00:00,13418.0
2025-07-01 08:00:00,13418.0
2025-07-01 09:00:00,13413.0
2025-07-01 10:00:00,13408.0
2025-07-01 11:00:00,13407.0
2025-07-01 12:00:00,13411.0
2025-07-01 13:00:00,13405.0
2025-07-01 14:00:00,13404.0
2025-07-01 15:00:00,13413.0
2025-07-01 16:00:00,13412.0
2025-07-01 17:00:00,13415.0
2025-07-01 18:00:00,13416.0
2025-07-01 19:00:00,13410.0
2025-07-01 20:00:00,13416.0
2025-07-02 01:00:00,13397.0
2025-07-02 02:00:00,13467.0
2025-07-02 03:00:00,13453.0
2025-07-02 04:00:00,13465.0
2025-07-02 05:00:00,13456.0
2025-07-02 06:00:00,13447.0
2025-07-02 07:00:00,13421.0
2025-07-02 08:00:00,13417.0
2025-07-02 09:00:00,13429.0
2025-07-02 10:00:00,13424.0
2025-07-02 11:00:00,13420.0
2025-07-02 12:00:00,13407.0
2025-07-02 13:00:00,13411.0
2025-07-02 14:00:00,13421.0
2025-07-02 15:00:00,13413.0
2025-07-02 16:00:00,13423.0
2025-07-02 17:00:00,13430.0
2025-07-02 18:00:00,13433.0
2025-07-02 19:00:00,13432.0
2025-07-02 20:00:00,13426.0
2025-07-03 01:00:00,13510.0
2025-07-03 02:00:00,13482.0
2025-07-03 03:00:00,13521.0
2025-07-03 04:00:00,13518.0
2025-07-03 05:00:00,13540.0
2025-07-03 06:00:00,13529.0
2025-07-03 07:00:00,13532.0
2025-07-03 08:00:00,13536.0
2025-07-03 09:00:00,13530.0
2025-07-03 10:00:00,13530.0
2025-07-03 11:00:00,13534.0
2025-07-03 12:00:00,13535.0
2025-07-03 13:00:00,13544.0
2025-07-03 14:00:00,13528.0
2025-07-03 15:00:00,13534.0
2025-07-03 16:00:00,13538.0
2025-07-03 17:00:00,13533.0
2025-07-03 18:00:00,13531.0
2025-07-03 19:00:00,13531.0
2025-07-03 20:00:00,13535.0
2025-07-03 21:00:00,13531.0
2025-07-04 01:00:00,13552.0
2025-07-04 02:00:00,13637.0
2025-07-04 03:00:00,13656.0
2025-07-04 04:00:00,13659.0
2025-07-04 05:00:00,13669.0
2025-07-04 06:00:00,13660.0
2025-07-04 07:00:00,13672.0
2025-07-04 08:00:00,13660.0
2025-07-04 09:00:00,13659.0
2025-07-04 10:00:00,13660.0
2025-07-04 11:00:00,13655.0
2025-07-04 12:00:00,13651.0
2025-07-04 13:00:00,13655.0
2025-07-04 14:00:00,13652.0
2025-07-04 15:00:00,13662.0
2025-07-04 16:00:00,13659.0
2025-07-04 17:00:00,13658.0
2025-07-04 18:00:00,13660.0
2025-07-04 19:00:00,13659.0
2025-07-04 20:00:00,13667.0
2025-07-04 21:00:00,13675.0
2025-07-07 01:00:00,13601.0
2025-07-07 02:00:00,13570.0
2025-07-07 03:00:00,13576.0
2025-07-07 04:00:00,13560.0
2025-07-07 05:00:00,13610.0
2025-07-07 06:00:00,13597.0
2025-07-07 07:00:00,13601.0
2025-07-07 08:00:00,13606.0
2025-07-07 09:00:00,13609.0
2025-07-07 10:00:00,13606.0
2025-07-07 12:00:00,13601.0
2025-07-07 13:00:00,13626.0
2025-07-07 14:00:00,13611.0
2025-07-07 16:00:00,13611.0
2025-07-07 18:00:00,13602.0
2025-07-07 19:00:00,13595.0
2025-07-07 20:00:00,13595.0
2025-07-08 01:00:00,13617.0
2025-07-08 02:00:00,13631.0
2025-07-08 03:00:00,13661.0
2025-07-08 04:00:00,13663.0
2025-07-08 05:00:00,13669.0
2025-07-08 06:00:00,13673.0
2025-07-08 07:00:00,13679.0
2025-07-08 08:00:00,13666.0
2025-07-08 09:00:00,13660.0
2025-07-08 11:00:00,13659.0
2025-07-08 12:00:00,13659.0
2025-07-08 13:00:00,13642.0
2025-07-08 14:00:00,13657.0
2025-07-08 15:00:00,13665.0
2025-07-08 16:00:00,13669.0
2025-07-08 17:00:00,13667.0
2025-07-09 01:00:00,13702.0
2025-07-09 02:00:00,13751.0
2025-07-09 03:00:00,13781.0
2025-07-09 04:00:00,13785.0
2025-07-09 05:00:00,13767.0
2025-07-09 06:00:00,13716.0
2025-07-09 07:00:00,13731.0
2025-07-09 08:00:00,13728.0
2025-07-09 11:00:00,13728.0
2025-07-09 12:00:00,13726.0
2025-07-09 13:00:00,13712.0
2025-07-09 14:00:00,13706.0
2025-07-09 15:00:00,13706.0
2025-07-09 16:00:00,13711.0
2025-07-09 17:00:00,13719.0
2025-07-09 18:00:00,13717.0
2025-07-09 20:00:00,13715.0
2025-07-10 01:00:00,13706.0
2025-07-10 02:00:00,13757.0
2025-07-10 03:00:00,13754.0
2025-07-10 04:00:00,13760.0
2025-07-10 05:00:00,13805.0
2025-07-10 06:00:00,13798.0
2025-07-10 07:00:00,13799.0
2025-07-10 08:00:00,13799.0
2025-07-10 09:00:00,13801.0
2025-07-10 10:00:00,13806.0
2025-07-10 11:00:00,13803.0
2025-07-10 12:00:00,13800.0
2025-07-10 13:00:00,13786.0
2025-07-10 14:00:00,13795.0
2025-07-10 15:00:00,13809.0
2025-07-10 16:00:00,13809.0
2025-07-10 17:00:00,13808.0
2025-07-10 19:00:00,13818.0
2025-07-10 20:00:00,13815.0
2025-07-10 21:00:00,13818.0
2025-07-11 01:00:00,13849.0
2025-07-11 02:00:00,13887.0
2025-07-11 03:00:00,13983.0
2025-07-11 04:00:00,13976.0
2025-07-11 05:00:00,13757.0
2025-07-11 06:00:00,13778.0
2025-07-11 07:00:00,13753.0
2025-07-11 08:00:00,13760.0
2025-07-11 09:00:00,13761.0
2025-07-11 11:00:00,13757.0
2025-07-11 12:00:00,13750.0
2025-07-11 13:00:00,13747.0
2025-07-11 14:00:00,13746.0
2025-07-11 15:00:00,13730.0
2025-07-11 16:00:00,13730.0
2025-07-11 18:00:00,13731.0
2025-07-11 19:00:00,13730.0
2025-07-11 20:00:00,13708.0
2025-07-14 01:00:00,13776.0
2025-07-14 02:00:00,13821.0
2025-07-14 03:00:00,13813.0
2025-07-14 04:00:00,13811.0
2025-07-14 05:00:00,13811.0
2025-07-14 06:00:00,13791.0
2025-07-14 07:00:00,13800.0
2025-07-14 08:00:00,13791.0
2025-07-14 09:00:00,13794.0
2025-07-14 10:00:00,13794.0
2025-07-14 11:00:00,13792.0
2025-07-14 12:00:00,13787.0
2025-07-14 14:00:00,13786.0
2025-07-14 15:00:00,13786.0
2025-07-14 16:00:00,13786.0
2025-07-14 17:00:00,13787.0
2025-07-14 20:00:00,13789.0
2025-07-15 01:00:00,13817.0
2025-07-15 02:00:00,13732.0
2025-07-15 03:00:00,13671.0
2025-07-15 04:00:00,13663.0
2025-07-15 05:00:00,13736.0
2025-07-15 06:00:00,13716.0
2025-07-15 07:00:00,13734.0
2025-07-15 08:00:00,13750.0
2025-07-15 09:00:00,13738.0
2025-07-15 10:00:00,13733.0
2025-07-15 11:00:00,13735.0
2025-07-15 12:00:00,13739.0
2025-07-15 13:00:00,13708.0
2025-07-15 14:00:00,13702.0
2025-07-15 15:00:00,13701.0
2025-07-15 16:00:00,13714.0
2025-07-15 17:00:00,13723.0
2025-07-15 18:00:00,13723.0
2025-07-15 19:00:00,13736.0
2025-07-16 01:00:00,13722.0
2025-07-16 02:00:00,13646.0
2025-07-16 03:00:00,13644.0
2025-07-16 04:00:00,13639.0
2025-07-16 05:00:00,13664.0
2025-07-16 06:00:00,13674.0
2025-07-16 07:00:00,13647.0
2025-07-16 08:00:00,13663.0
2025-07-16 09:00:00,13661.0
2025-07-16 10:00:00,13658.0
2025-07-16 11:00:00,13658.0
2025-07-16 12:00:00,13657.0
2025-07-16 13:00:00,13646.0
2025-07-16 14:00:00,13643.0
2025-07-16 15:00:00,13658.0
2025-07-16 16:00:00,13660.0
2025-07-16 17:00:00,13664.0
2025-07-16 19:00:00,13669.0
2025-07-16 20:00:00,13659.0
2025-07-17 01:00:00,13681.0
2025-07-17 02:00:00,13671.0
2025-07-17 03:00:00,13680.0
2025-07-17 04:00:00,13678.0
2025-07-17 05:00:00,13691.0
2025-07-17 06:00:00,13712.0
2025-07-17 07:00:00,13691.0
2025-07-17 10:00:00,13685.0
2025-07-17 11:00:00,13681.0
2025-07-17 12:00:00,13664.0
2025-07-17 13:00:00,13689.0
2025-07-17 14:00:00,13709.0
2025-07-17 15:00:00,13725.0
2025-07-17 16:00:00,13723.0
2025-07-17 17:00:00,13719.0
2025-07-17 18:00:00,13725.0
2025-07-17 19:00:00,13725.0
2025-07-17 20:00:00,13721.0
2025-07-18 01:00:00,13814.0
2025-07-18 02:00:00,13829.0
2025-07-18 03:00:00,13772.0
2025-07-18 04:00:00,13773.0
2025-07-18 05:00:00,13848.0
2025-07-18 06:00:00,13832.0
2025-07-18 07:00:00,13839.0
2025-07-18 08:00:00,13848.0
2025-07-18 09:00:00,13850.0
2025-07-18 10:00:00,13851.0
2025-07-18 11:00:00,13851.0
2025-07-18 13:00:00,13878.0
2025-07-18 14:00:00,13882.0
2025-07-18 15:00:00,13872.0
2025-07-18 16:00:00,13862.0
2025-07-18 17:00:00,13843.0
2025-07-18 18:00:00,13839.0
2025-07-18 20:00:00,13868.0
2025-07-21 01:00:00,13863.0
2025-07-21 02:00:00,13850.0
2025-07-21 03:00:00,13831.0
2025-07-21 04:00:00,13838.0
2025-07-21 05:00:00,13867.0
2025-07-21 06:00:00,13863.0
2025-07-21 07:00:00,13867.0
2025-07-21 08:00:00,13869.0
2025-07-21 09:00:00,13874.0
2025-07-21 10:00:00,13870.0
2025-07-21 11:00:00,13883.0
2025-07-21 12:00:00,13879.0
2025-07-21 13:00:00,13878.0
2025-07-21 14:00:00,13896.0
2025-07-21 15:00:00,13903.0
2025-07-21 16:00:00,13899.0
2025-07-21 17:00:00,13902.0
2025-07-21 19:00:00,13899.0
2025-07-21 20:00:00,13902.0
2025-07-22 01:00:00,13820.0
2025-07-22 02:00:00,13863.0
2025-07-22 03:00:00,13902.0
2025-07-22 04:00:00,13895.0
2025-07-22 05:00:00,13999.0
2025-07-22 06:00:00,13992.0
2025-07-22 07:00:00,13990.0
2025-07-22 08:00:00,13999.0
2025-07-22 09:00:00,13992.0
2025-07-22 10:00:00,14002.0
2025-07-22 11:00:00,14007.0
2025-07-22 12:00:00,14012.0
2025-07-22 13:00:00,13997.0
2025-07-22 14:00:00,14025.0
2025-07-22 15:00:00,14030.0
2025-07-22 16:00:00,14038.0
2025-07-22 17:00:00,14034.0
2025-07-22 18:00:00,14036.0
2025-07-22 19:00:00,14040.0
2025-07-22 20:00:00,14042.0
2025-07-22 21:00:00,14045.0
2025-07-23 01:00:00,14072.0
2025-07-23 02:00:00,14074.0
2025-07-23 03:00:00,14166.0
2025-07-23 04:00:00,14185.0
2025-07-23 05:00:00,14078.0
2025-07-23 06:00:00,14026.0
2025-07-23 07:00:00,14018.0
2025-07-23 08:00:00,14041.0
2025-07-23 09:00:00,14038.0
2025-07-23 10:00:00,14031.0
2025-07-23 11:00:00,14038.0
2025-07-23 12:00:00,14034.0
2025-07-23 13:00:00,14035.0
2025-07-23 14:00:00,14036.0
2025-07-23 15:00:00,14046.0
2025-07-23 16:00:00,14040.0
2025-07-23 17:00:00,14047.0
2025-07-23 18:00:00,14054.0
2025-07-23 19:00:00,14046.0
2025-07-23 20:00:00,14048.0
2025-07-24 01:00:00,14033.0
2025-07-24 02:00:00,14082.0
2025-07-24 03:00:00,14045.0
2025-07-24 04:00:00,14047.0
2025-07-24 05:00:00,13993.0
2025-07-24 06:00:00,14033.0
2025-07-24 07:00:00,14021.0
2025-07-24 08:00:00,14038.0
2025-07-24 09:00:00,14024.0
2025-07-24 10:00:00,14008.0
2025-07-24 11:00:00,14019.0
2025-07-24 12:00:00,14012.0
2025-07-24 13:00:00,14014.0
2025-07-24 14:00:00,14016.0
2025-07-24 15:00:00,14008.0
2025-07-24 16:00:00,14005.0
2025-07-24 17:00:00,14013.0
2025-07-24 18:00:00,14014.0
2025-07-24 19:00:00,14009.0
2025-07-24 20:00:00,14012.0
2025-07-25 01:00:00,13984.0
2025-07-25 02:00:00,13952.0
2025-07-25 03:00:00,13946.0
2025-07-25 04:00:00,13937.0
2025-07-25 05:00:00,13956.0
2025-07-25 06:00:00,13943.0
2025-07-25 07:00:00,13945.0
2025-07-25 08:00:00,13952.0
2025-07-25 09:00:00,13951.0
2025-07-25 10:00:00,13947.0
2025-07-25 11:00:00,13946.0
2025-07-25 12:00:00,13953.0
2025-07-25 13:00:00,13944.0
2025-07-25 14:00:00,13936.0
2025-07-25 15:00:00,13929.0
2025-07-25 16:00:00,13942.0
2025-07-25 17:00:00,13947.0
2025-07-25 18:00:00,13946.0
2025-07-25 19:00:00,13949.0
2025-07-25 20:00:00,13942.0
2025-07-28 01:00:00,14009.0
2025-07-28 02:00:00,13998.0
2025-07-28 03:00:00,13945.0
2025-07-28 04:00:00,13950.0
2025-07-28 05:00:00,13989.0
2025-07-28 06:00:00,14002.0
2025-07-28 07:00:00,13995.0
2025-07-28 08:00:00,13990.0
2025-07-28 09:00:00,13983.0
2025-07-28 10:00:00,13984.0
2025-07-28 11:00:00,13982.0
2025-07-28 12:00:00,13992.0
2025-07-28 13:00:00,13969.0
2025-07-28 14:00:00,13972.0
2025-07-28 15:00:00,13976.0
2025-07-28 16:00:00,13967.0
2025-07-28 17:00:00,13962.0
2025-07-28 18:00:00,13956.0
2025-07-28 19:00:00,13956.0
2025-07-28 20:00:00,13937.0
2025-07-28 21:00:00,13937.0
2025-07-29 01:00:00,13931.0
2025-07-29 02:00:00,14006.0
2025-07-29 03:00:00,13963.0
2025-07-29 04:00:00,13968.0
2025-07-29 05:00:00,14005.0
2025-07-29 06:00:00,14004.0
2025-07-29 07:00:00,14012.0
2025-07-29 08:00:00,14008.0
2025-07-29 09:00:00,14005.0
2025-07-29 10:00:00,14003.0
2025-07-29 11:00:00,13995.0
2025-07-29 12:00:00,13993.0
2025-07-29 13:00:00,13987.0
2025-07-29 14:00:00,13986.0
2025-07-29 15:00:00,13993.0
2025-07-29 16:00:00,13997.0
2025-07-29 17:00:00,13991.0
2025-07-29 18:00:00,13989.0
2025-07-29 19:00:00,13983.0
2025-07-29 20:00:00,13984.0
2025-07-29 21:00:00,13980.0
2025-07-30 01:00:00,14043.0
2025-07-30 02:00:00,14096.0
2025-07-30 03:00:00,14071.0
2025-07-30 04:00:00,14069.0
2025-07-30 05:00:00,14015.0
2025-07-30 06:00:00,14015.0
2025-07-30 07:00:00,14000.0
2025-07-30 08:00:00,14012.0
2025-07-30 09:00:00,14008.0
2025-07-30 10:00:00,14008.0
2025-07-30 11:00:00,14010.0
2025-07-30 12:00:00,13998.0
2025-07-30 13:00:00,14004.0
2025-07-30 14:00:00,13998.0
2025-07-30 15:00:00,14006.0
2025-07-30 16:00:00,14009.0
2025-07-30 17:00:00,14009.0
2025-07-30 18:00:00,13991.0
2025-07-30 19:00:00,13977.0
2025-07-30 20:00:00,13984.0
2025-07-30 21:00:00,13986.0
2025-07-31 01:00:00,13810.0
2025-07-31 02:00:00,13865.0
2025-07-31 03:00:00,13837.0
2025-07-31 04:00:00,13840.0
2025-07-31 05:00:00,13848.0
2025-07-31 06:00:00,13789.0
2025-07-31 07:00:00,13787.0
2025-07-31 08:00:00,13781.0
2025-07-31 09:00:00,13789.0
2025-07-31 10:00:00,13774.0
2025-07-31 11:00:00,13779.0
2025-07-31 12:00:00,13767.0
2025-07-31 13:00:00,13764.0
2025-07-31 14:00:00,13772.0
2025-07-31 15:00:00,13759.0
2025-07-31 16:00:00,13770.0
2025-07-31 17:00:00,13754.0
2025-07-31 18:00:00,13757.0
2025-07-31 19:00:00,13751.0
2025-07-31 20:00:00,13755.0
2025-07-31 21:00:00,13753.0
2025-08-01 01:00:00,13742.0
2025-08-01 02:00:00,13740.0
2025-08-01 03:00:00,13717.0
2025-08-01 04:00:00,13722.0
2025-08-01 05:00:00,13664.0
2025-08-01 06:00:00,13691.0
2025-08-01 07:00:00,13676.0
2025-08-01 08:00:00,13666.0
2025-08-01 09:00:00,13678.0
2025-08-01 10:00:00,13672.0
2025-08-01 11:00:00,13658.0
2025-08-01 12:00:00,13670.0
2025-08-01 13:00:00,13615.0
2025-08-01 14:00:00,13629.0
2025-08-01 15:00:00,13645.0
2025-08-01 16:00:00,13634.0
2025-08-01 17:00:00,13627.0
2025-08-01 18:00:00,13629.0
2025-08-01 19:00:00,13641.0
2025-08-01 20:00:00,13624.0
2025-08-01 21:00:00,13633.0
2025-08-04 01:00:00,13759.0
2025-08-04 02:00:00,13720.0
2025-08-04 03:00:00,13735.0
2025-08-04 04:00:00,13729.0
2025-08-04 05:00:00,13780.0
2025-08-04 06:00:00,13785.0
2025-08-04 07:00:00,13772.0
2025-08-04 08:00:00,13785.0
2025-08-04 09:00:00,13767.0
2025-08-04 10:00:00,13764.0
2025-08-04 11:00:00,13764.0
2025-08-04 12:00:00,13776.0
2025-08-04 13:00:00,13763.0
2025-08-04 14:00:00,13757.0
2025-08-04 15:00:00,13764.0
2025-08-04 16:00:00,13773.0
2025-08-04 17:00:00,13776.0
2025-08-04 18:00:00,13771.0
2025-08-04 19:00:00,13777.0
2025-08-04 20:00:00,13781.0
2025-08-05 01:00:00,13793.0
2025-08-05 02:00:00,13813.0
2025-08-05 03:00:00,13850.0
2025-08-05 04:00:00,13840.0
2025-08-05 05:00:00,13903.0
2025-08-05 06:00:00,13907.0
2025-08-05 07:00:00,13889.0
2025-08-05 08:00:00,13898.0
2025-08-05 09:00:00,13891.0
2025-08-05 10:00:00,13894.0
2025-08-05 11:00:00,13896.0
2025-08-05 12:00:00,13896.0
2025-08-05 13:00:00,13910.0
2025-08-05 14:00:00,13888.0
2025-08-05 15:00:00,13896.0
2025-08-05 16:00:00,13896.0
2025-08-05 17:00:00,13897.0
2025-08-05 18:00:00,13890.0
2025-08-05 19:00:00,13893.0
2025-08-05 20:00:00,13896.0
2025-08-06 01:00:00,13871.0
2025-08-06 02:00:00,13876.0
2025-08-06 03:00:00,13871.0
2025-08-06 04:00:00,13871.0
2025-08-06 05:00:00,13871.0
2025-08-06 06:00:00,13880.0
2025-08-06 07:00:00,13885.0
2025-08-06 08:00:00,13866.0
2025-08-06 10:00:00,13865.0
2025-08-06 11:00:00,13855.0
2025-08-06 12:00:00,13855.0
2025-08-06 14:00:00,13853.0
2025-08-06 15:00:00,13860.0
2025-08-06 17:00:00,13863.0
2025-08-06 19:00:00,13876.0
2025-08-06 20:00:00,13868.0
2025-08-07 01:00:00,13941.0
2025-08-07 02:00:00,13922.0
2025-08-07 03:00:00,13973.0
2025-08-07 04:00:00,13975.0
2025-08-07 05:00:00,13959.0
2025-08-07 06:00:00,13947.0
2025-08-07 07:00:00,13945.0
2025-08-07 08:00:00,13965.0
2025-08-07 09:00:00,13952.0
2025-08-07 10:00:00,13941.0
2025-08-07 12:00:00,13941.0
2025-08-07 13:00:00,13928.0
2025-08-07 14:00:00,13910.0
2025-08-07 15:00:00,13910.0
2025-08-07 16:00:00,13906.0
2025-08-07 20:00:00,13929.0
2025-08-08 01:00:00,13901.0
2025-08-08 02:00:00,13967.0
2025-08-08 03:00:00,13947.0
2025-08-08 04:00:00,13954.0
2025-08-08 05:00:00,13920.0
2025-08-08 06:00:00,13911.0
2025-08-08 07:00:00,13911.0
2025-08-08 08:00:00,13911.0
2025-08-08 09:00:00,13906.0
2025-08-08 11:00:00,13921.0
2025-08-08 13:00:00,13926.0
2025-08-08 14:00:00,13919.0
2025-08-08 16:00:00,13934.0
2025-08-08 17:00:00,13927.0
2025-08-08 18:00:00,13936.0
2025-08-08 19:00:00,13934.0
2025-08-08 20:00:00,13939.0
2025-08-11 01:00:00,13935.0
2025-08-11 02:00:00,13936.0
2025-08-11 03:00:00,13967.0
2025-08-11 04:00:00,13951.0
2025-08-11 05:00:00,13956.0
2025-08-11 06:00:00,13923.0
2025-08-11 07:00:00,13921.0
2025-08-11 08:00:00,13918.0
2025-08-11 09:00:00,13924.0
2025-08-11 11:00:00,13921.0
2025-08-11 13:00:00,13924.0
2025-08-11 14:00:00,13906.0
2025-08-11 15:00:00,13920.0
2025-08-11 16:00:00,13904.0
2025-08-11 17:00:00,13896.0
2025-08-11 18:00:00,13906.0
2025-08-11 19:00:00,13891.0
2025-08-11 20:00:00,13879.0
2025-08-12 01:00:00,14051.0
2025-08-12 02:00:00,14056.0
2025-08-12 03:00:00,14121.0
2025-08-12 04:00:00,14122.0
2025-08-12 05:00:00,14081.0
2025-08-12 06:00:00,14075.0
2025-08-12 07:00:00,14073.0
2025-08-12 08:00:00,14067.0
2025-08-12 09:00:00,14050.0
2025-08-12 10:00:00,14055.0
2025-08-12 11:00:00,14051.0
2025-08-12 12:00:00,14075.0
2025-08-12 13:00:00,14056.0
2025-08-12 14:00:00,14082.0
2025-08-12 15:00:00,14096.0
2025-08-12 16:00:00,14114.0
2025-08-12 17:00:00,14112.0
2025-08-12 18:00:00,14113.0
2025-08-12 19:00:00,14113.0
2025-08-12 20:00:00,14113.0
2025-08-13 01:00:00,14111.0
2025-08-13 02:00:00,14103.0
2025-08-13 03:00:00,14158.0
2025-08-13 04:00:00,14150.0
2025-08-13 05:00:00,14110.0
2025-08-13 06:00:00,14113.0
2025-08-13 07:00:00,14119.0
2025-08-13 08:00:00,14123.0
2025-08-13 09:00:00,14148.0
2025-08-13 10:00:00,14141.0
2025-08-13 11:00:00,14154.0
2025-08-13 12:00:00,14151.0
2025-08-13 13:00:00,14174.0
2025-08-13 14:00:00,14179.0
2025-08-13 15:00:00,14162.0
2025-08-13 16:00:00,14175.0
2025-08-13 17:00:00,14178.0
2025-08-13 18:00:00,14174.0
2025-08-13 19:00:00,14179.0
2025-08-13 20:00:00,14191.0
2025-08-14 01:00:00,14293.0
2025-08-14 02:00:00,14322.0
2025-08-14 03:00:00,14301.0
2025-08-14 04:00:00,14307.0
2025-08-14 05:00:00,14281.0
2025-08-14 06:00:00,14240.0
2025-08-14 07:00:00,14248.0
2025-08-14 08:00:00,14243.0
2025-08-14 09:00:00,14241.0
2025-08-14 10:00:00,14241.0
2025-08-14 11:00:00,14233.0
2025-08-14 12:00:00,14218.0
2025-08-14 13:00:00,14197.0
2025-08-14 14:00:00,14182.0
2025-08-14 15:00:00,14164.0
2025-08-14 16:00:00,14161.0
2025-08-14 17:00:00,14161.0
2025-08-14 18:00:00,14166.0
2025-08-14 20:00:00,14161.0
2025-08-15 01:00:00,14191.0
2025-08-15 02:00:00,14136.0
2025-08-15 03:00:00,14188.0
2025-08-15 04:00:00,14188.0
2025-08-15 05:00:00,14227.0
2025-08-15 06:00:00,14219.0
2025-08-15 07:00:00,14217.0
2025-08-15 08:00:00,14229.0
2025-08-15 10:00:00,14210.0
2025-08-15 11:00:00,14228.0
2025-08-15 12:00:00,14228.0
2025-08-15 13:00:00,14224.0
2025-08-15 14:00:00,14220.0
2025-08-15 15:00:00,14211.0
2025-08-15 17:00:00,14210.0
2025-08-15 18:00:00,14211.0
2025-08-15 20:00:00,14187.0
2025-08-18 01:00:00,14246.0
2025-08-18 02:00:00,14306.0
2025-08-18 03:00:00,14359.0
2025-08-18 04:00:00,14357.0
2025-08-18 05:00:00,14299.0
2025-08-18 06:00:00,14284.0
2025-08-18 07:00:00,14299.0
2025-08-18 08:00:00,14298.0
2025-08-18 09:00:00,14289.0
2025-08-18 11:00:00,14295.0
2025-08-18 12:00:00,14298.0
2025-08-18 13:00:00,14317.0
2025-08-18 14:00:00,14312.0
2025-08-18 15:00:00,14321.0
2025-08-18 16:00:00,14322.0
2025-08-18 17:00:00,14321.0
2025-08-18 18:00:00,14327.0
2025-08-18 19:00:00,14339.0
2025-08-18 20:00:00,14349.0
2025-08-19 01:00:00,14321.0
2025-08-19 02:00:00,14283.0
2025-08-19 03:00:00,14304.0
2025-08-19 04:00:00,14319.0
2025-08-19 05:00:00,14236.0
2025-08-19 06:00:00,14239.0
2025-08-19 07:00:00,14244.0
2025-08-19 08:00:00,14254.0
2025-08-19 09:00:00,14232.0
2025-08-19 10:00:00,14224.0
2025-08-19 11:00:00,14241.0
2025-08-19 12:00:00,14239.0
2025-08-19 13:00:00,14230.0
2025-08-19 14:00:00,14226.0
2025-08-19 15:00:00,14215.0
2025-08-19 16:00:00,14206.0
2025-08-19 17:00:00,14207.0
2025-08-19 18:00:00,14204.0
2025-08-19 20:00:00,14199.0
2025-08-20 01:00:00,14271.0
2025-08-20 02:00:00,14273.0
2025-08-20 03:00:00,14247.0
2025-08-20 04:00:00,14241.0
2025-08-20 05:00:00,14310.0
2025-08-20 06:00:00,14399.0
2025-08-20 07:00:00,14417.0
2025-08-20 08:00:00,14408.0
2025-08-20 09:00:00,14417.0
2025-08-20 10:00:00,14419.0
2025-08-20 11:00:00,14417.0
2025-08-20 12:00:00,14432.0
2025-08-20 13:00:00,14421.0
2025-08-20 14:00:00,14407.0
2025-08-20 15:00:00,14420.0
2025-08-20 16:00:00,14422.0
2025-08-20 17:00:00,14439.0
2025-08-20 18:00:00,14444.0
2025-08-20 19:00:00,14461.0
2025-08-20 20:00:00,14466.0
2025-08-20 21:00:00,14466.0
2025-08-21 01:00:00,14416.0
2025-08-21 02:00:00,14485.0
2025-08-21 03:00:00,14496.0
2025-08-21 04:00:00,14503.0
2025-08-21 05:00:00,14497.0
2025-08-21 06:00:00,14481.0
2025-08-21 07:00:00,14499.0
2025-08-21 08:00:00,14504.0
2025-08-21 09:00:00,14493.0
2025-08-21 10:00:00,14489.0
2025-08-21 11:00:00,14485.0
2025-08-21 12:00:00,14484.0
2025-08-21 13:00:00,14485.0
2025-08-21 14:00:00,14503.0
2025-08-21 15:00:00,14501.0
2025-08-21 16:00:00,14498.0
2025-08-21 17:00:00,14496.0
2025-08-21 18:00:00,14494.0
2025-08-21 20:00:00,14501.0
2025-08-22 01:00:00,14589.0
2025-08-22 02:00:00,14615.0
2025-08-22 03:00:00,14622.0
2025-08-22 04:00:00,14641.0
2025-08-22 05:00:00,14788.0
2025-08-22 06:00:00,14764.0
2025-08-22 07:00:00,14781.0
2025-08-22 08:00:00,14795.0
2025-08-22 09:00:00,14771.0
2025-08-22 10:00:00,14782.0
2025-08-22 11:00:00,14787.0
2025-08-22 12:00:00,14788.0
2025-08-22 13:00:00,14799.0
2025-08-22 14:00:00,14862.0
2025-08-22 15:00:00,14856.0
2025-08-22 16:00:00,14848.0
2025-08-22 17:00:00,14860.0
2025-08-22 18:00:00,14858.0
2025-08-22 19:00:00,14884.0
2025-08-22 20:00:00,14880.0
2025-08-22 21:00:00,14880.0
2025-08-25 01:00:00,14841.0
2025-08-25 02:00:00,14976.0
2025-08-25 03:00:00,14956.0
2025-08-25 04:00:00,14939.0
2025-08-25 05:00:00,15039.0
2025-08-25 06:00:00,15025.0
2025-08-25 07:00:00,15017.0
2025-08-25 08:00:00,15027.0
2025-08-25 09:00:00,15001.0
2025-08-25 10:00:00,14991.0
2025-08-25 11:00:00,14998.0
2025-08-25 12:00:00,14983.0
2025-08-25 13:00:00,15009.0
2025-08-25 14:00:00,14991.0
2025-08-25 15:00:00,14989.0
2025-08-25 16:00:00,14987.0
2025-08-25 17:00:00,14983.0
2025-08-25 18:00:00,14979.0
2025-08-25 19:00:00,14976.0
2025-08-25 20:00:00,14977.0
2025-08-25 21:00:00,14976.0
2025-08-26 01:00:00,14967.0
2025-08-26 02:00:00,15010.0
2025-08-26 03:00:00,15059.0
2025-08-26 04:00:00,15043.0
2025-08-26 05:00:00,15020.0
2025-08-26 06:00:00,14955.0
2025-08-26 07:00:00,14952.0
2025-08-26 08:00:00,14961.0
2025-08-26 09:00:00,14966.0
2025-08-26 10:00:00,14967.0
2025-08-26 11:00:00,14981.0
2025-08-26 12:00:00,14976.0
2025-08-26 13:00:00,14967.0
2025-08-26 14:00:00,14960.0
2025-08-26 15:00:00,14964.0
2025-08-26 16:00:00,14962.0
2025-08-26 17:00:00,14954.0
2025-08-26 18:00:00,14957.0
2025-08-26 19:00:00,14960.0
2025-08-26 20:00:00,14964.0
2025-08-26 21:00:00,14966.0
2025-08-27 01:00:00,14877.0
2025-08-27 02:00:00,14917.0
2025-08-27 03:00:00,14933.0
2025-08-27 04:00:00,14926.0
2025-08-27 05:00:00,14792.0
2025-08-27 06:00:00,14647.0
2025-08-27 07:00:00,14646.0
2025-08-27 08:00:00,14654.0
2025-08-27 09:00:00,14659.0
2025-08-27 10:00:00,14639.0
2025-08-27 11:00:00,14636.0
2025-08-27 12:00:00,14641.0
2025-08-27 13:00:00,14603.0
2025-08-27 14:00:00,14610.0
2025-08-27 15:00:00,14601.0
2025-08-27 16:00:00,14591.0
2025-08-27 17:00:00,14592.0
2025-08-27 18:00:00,14572.0
2025-08-27 19:00:00,14585.0
2025-08-27 20:00:00,14561.0
2025-08-27 21:00:00,14570.0
2025-08-28 01:00:00,14605.0
2025-08-28 02:00:00,14727.0
2025-08-28 03:00:00,14707.0
2025-08-28 04:00:00,14703.0
2025-08-28 05:00:00,14754.0
2025-08-28 06:00:00,14798.0
2025-08-28 07:00:00,14763.0
2025-08-28 08:00:00,14757.0
2025-08-28 09:00:00,14741.0
2025-08-28 10:00:00,14738.0
2025-08-28 11:00:00,14750.0
2025-08-28 12:00:00,14748.0
2025-08-28 13:00:00,14793.0
2025-08-28 14:00:00,14808.0
2025-08-28 15:00:00,14798.0
2025-08-28 16:00:00,14806.0
2025-08-28 17:00:00,14806.0
2025-08-28 18:00:00,14801.0
2025-08-28 19:00:00,14806.0
2025-08-28 20:00:00,14808.0
2025-08-28 21:00:00,14801.0
2025-08-29 01:00:00,14922.0
2025-08-29 02:00:00,14948.0
2025-08-29 03:00:00,14926.0
2025-08-29 04:00:00,14921.0
2025-08-29 05:00:00,14976.0
2025-08-29 06:00:00,14966.0
2025-08-29 07:00:00,14963.0
2025-08-29 08:00:00,14972.0
2025-08-29 09:00:00,14961.0
2025-08-29 10:00:00,14978.0
2025-08-29 11:00:00,14982.0
2025-08-29 12:00:00,15000.0
2025-08-29 13:00:00,14979.0
2025-08-29 14:00:00,14997.0
2025-08-29 15:00:00,14989.0
2025-08-29 16:00:00,14995.0
2025-08-29 17:00:00,14987.0
2025-08-29 18:00:00,14981.0
2025-08-29 19:00:00,14976.0
2025-08-29 20:00:00,14988.0
2025-08-29 21:00:00,14983.0
2025-09-01 01:00:00,14875.0
2025-09-01 02:00:00,14887.0
2025-09-01 03:00:00,14840.0
2025-09-01 04:00:00,14838.0
2025-09-01 05:00:00,14899.0
2025-09-01 06:00:00,14871.0
2025-09-01 07:00:00,14892.0
2025-09-01 08:00:00,14893.0
2025-09-01 09:00:00,14887.0
2025-09-01 10:00:00,14887.0
2025-09-01 11:00:00,14879.0
2025-09-01 12:00:00,14874.0
2025-09-01 13:00:00,14874.0
2025-09-01 14:00:00,14862.0
2025-09-01 15:00:00,14859.0
2025-09-01 16:00:00,14861.0
2025-09-01 17:00:00,14861.0
2025-09-01 18:00:00,14862.0
2025-09-01 19:00:00,14864.0
2025-09-01 20:00:00,14862.0
2025-09-01 21:00:00,14861.0
2025-09-02 01:00:00,14985.0
2025-09-02 02:00:00,14907.0
2025-09-02 03:00:00,14904.0
2025-09-02 04:00:00,14905.0
2025-09-02 05:00:00,14908.0
2025-09-02 06:00:00,14939.0
2025-09-02 07:00:00,14919.0
2025-09-02 08:00:00,14915.0
2025-09-02 09:00:00,14908.0
2025-09-02 10:00:00,14909.0
2025-09-02 11:00:00,14900.0
2025-09-02 12:00:00,14869.0
2025-09-02 13:00:00,14903.0
2025-09-02 14:00:00,14931.0
2025-09-02 15:00:00,14928.0
2025-09-02 16:00:00,14938.0
2025-09-02 17:00:00,14935.0
2025-09-02 18:00:00,14934.0
2025-09-02 19:00:00,14944.0
2025-09-02 20:00:00,14944.0
2025-09-02 21:00:00,14946.0
2025-09-03 01:00:00,14884.0
2025-09-03 02:00:00,14883.0
2025-09-03 03:00:00,14794.0
2025-09-03 04:00:00,14796.0
2025-09-03 05:00:00,14787.0
2025-09-03 06:00:00,14765.0
2025-09-03 07:00:00,14793.0
2025-09-03 08:00:00,14804.0
2025-09-03 09:00:00,14806.0
2025-09-03 10:00:00,14798.0
2025-09-03 11:00:00,14797.0
2025-09-03 12:00:00,14791.0
2025-09-03 13:00:00,14777.0
2025-09-03 14:00:00,14785.0
2025-09-03 15:00:00,14781.0
2025-09-03 16:00:00,14785.0
2025-09-03 17:00:00,14780.0
2025-09-03 18:00:00,14776.0
2025-09-03 19:00:00,14791.0
2025-09-03 20:00:00,14788.0
2025-09-03 21:00:00,14772.0
2025-09-04 01:00:00,14632.0
2025-09-04 02:00:00,14535.0
2025-09-04 03:00:00,14482.0
2025-09-04 04:00:00,14480.0
2025-09-04 05:00:00,14547.0
2025-09-04 06:00:00,14589.0
2025-09-04 07:00:00,14562.0
2025-09-04 08:00:00,14567.0
2025-09-04 09:00:00,14567.0
2025-09-04 10:00:00,14567.0
2025-09-04 11:00:00,14578.0
2025-09-04 12:00:00,14588.0
2025-09-04 13:00:00,14576.0
2025-09-04 14:00:00,14585.0
2025-09-04 15:00:00,14594.0
2025-09-04 16:00:00,14593.0
2025-09-04 17:00:00,14595.0
2025-09-04 18:00:00,14603.0
2025-09-04 19:00:00,14596.0
2025-09-04 20:00:00,14593.0
2025-09-04 21:00:00,14575.0
2025-09-05 01:00:00,14646.0
2025-09-05 02:00:00,14661.0
2025-09-05 03:00:00,14666.0
2025-09-05 04:00:00,14664.0
2025-09-05 05:00:00,14719.0
2025-09-05 06:00:00,14819.0
2025-09-05 07:00:00,14807.0
2025-09-05 08:00:00,14818.0
2025-09-05 09:00:00,14813.0
2025-09-05 10:00:00,14815.0
2025-09-05 11:00:00,14810.0
2025-09-05 12:00:00,14818.0
2025-09-05 13:00:00,14815.0
2025-09-05 14:00:00,14778.0
2025-09-05 15:00:00,14787.0
2025-09-05 19:00:00,14786.0
2025-09-05 20:00:00,14771.0
2025-09-05 21:00:00,14771.0
2025-09-08 01:00:00,14837.0
2025-09-08 02:00:00,14814.0
2025-09-08 03:00:00,14815.0
2025-09-08 04:00:00,14815.0
2025-09-08 05:00:00,14822.0
2025-09-08 06:00:00,14813.0
2025-09-08 07:00:00,14808.0
2025-09-08 08:00:00,14806.0
2025-09-08 14:00:00,14796.0
2025-09-08 18:00:00,14811.0
2025-09-08 19:00:00,14819.0
2025-09-08 20:00:00,14830.0
2025-09-09 01:00:00,14871.0
2025-09-09 02:00:00,14831.0
2025-09-09 03:00:00,14781.0
2025-09-09 04:00:00,14767.0
2025-09-09 05:00:00,14706.0
2025-09-09 06:00:00,14770.0
2025-09-09 07:00:00,14787.0
2025-09-09 08:00:00,14796.0
2025-09-09 09:00:00,14790.0
2025-09-09 10:00:00,14797.0
2025-09-09 11:00:00,14797.0
2025-09-09 12:00:00,14789.0
2025-09-09 13:00:00,14806.0
2025-09-09 14:00:00,14785.0
2025-09-09 15:00:00,14781.0
2025-09-09 16:00:00,14785.0
2025-09-09 20:00:00,14788.0
2025-09-10 01:00:00,14814.0
2025-09-10 02:00:00,14803.0
2025-09-10 03:00:00,14846.0
2025-09-10 04:00:00,14842.0
2025-09-10 05:00:00,14825.0
2025-09-10 06:00:00,14825.0
2025-09-10 07:00:00,14838.0
2025-09-10 08:00:00,14821.0
2025-09-10 09:00:00,14823.0
2025-09-10 10:00:00,14825.0
2025-09-10 11:00:00,14802.0
2025-09-10 12:00:00,14811.0
2025-09-10 13:00:00,14782.0
2025-09-10 14:00:00,14782.0
2025-09-10 15:00:00,14797.0
2025-09-10 16:00:00,14787.0
2025-09-10 17:00:00,14781.0
2025-09-10 18:00:00,14783.0
2025-09-10 19:00:00,14783.0
2025-09-10 20:00:00,14782.0
2025-09-11 01:00:00,14875.0
2025-09-11 02:00:00,14986.0
2025-09-11 03:00:00,15058.0
2025-09-11 04:00:00,15057.0
2025-09-11 05:00:00,15166.0
2025-09-11 06:00:00,15169.0
2025-09-11 07:00:00,15176.0
2025-09-11 08:00:00,15182.0
2025-09-11 09:00:00,15160.0
2025-09-11 10:00:00,15164.0
2025-09-11 11:00:00,15171.0
2025-09-11 12:00:00,15158.0
2025-09-11 13:00:00,15202.0
2025-09-11 14:00:00,15192.0
2025-09-11 15:00:00,15211.0
2025-09-11 16:00:00,15210.0
2025-09-11 17:00:00,15218.0
2025-09-11 18:00:00,15218.0
2025-09-11 19:00:00,15223.0
2025-09-11 20:00:00,15226.0
2025-09-12 01:00:00,15218.0
2025-09-12 02:00:00,15136.0
2025-09-12 03:00:00,15162.0
2025-09-12 04:00:00,15158.0
2025-09-12 05:00:00,15072.0
2025-09-12 06:00:00,15079.0
2025-09-12 07:00:00,15082.0
2025-09-12 08:00:00,15080.0
2025-09-12 09:00:00,15079.0
2025-09-12 10:00:00,15084.0
2025-09-12 11:00:00,15101.0
2025-09-12 12:00:00,15092.0
2025-09-12 13:00:00,15095.0
2025-09-12 14:00:00,15097.0
2025-09-12 15:00:00,15091.0
2025-09-12 16:00:00,15103.0
2025-09-12 17:00:00,15101.0
2025-09-12 18:00:00,15102.0
2025-09-12 19:00:00,15108.0
2025-09-12 20:00:00,15097.0
2025-09-15 01:00:00,15206.0
2025-09-15 02:00:00,15256.0
2025-09-15 03:00:00,15246.0
2025-09-15 04:00:00,15252.0
2025-09-15 05:00:00,15177.0
2025-09-15 06:00:00,15151.0
2025-09-15 07:00:00,15171.0
2025-09-15 08:00:00,15181.0
2025-09-15 10:00:00,15172.0
2025-09-15 11:00:00,15172.0
2025-09-15 12:00:00,15218.0
2025-09-15 13:00:00,15207.0
2025-09-15 14:00:00,15213.0
2025-09-15 15:00:00,15199.0
2025-09-15 16:00:00,15206.0
2025-09-15 17:00:00,15215.0
2025-09-15 19:00:00,15210.0
2025-09-15 20:00:00,15215.0
2025-09-16 01:00:00,15161.0
2025-09-16 02:00:00,15101.0
2025-09-16 03:00:00,15130.0
2025-09-16 04:00:00,15122.0
2025-09-16 05:00:00,15133.0
2025-09-16 06:00:00,15073.0
2025-09-16 07:00:00,15058.0
2025-09-16 08:00:00,15071.0
2025-09-16 09:00:00,15053.0
2025-09-16 10:00:00,15074.0
2025-09-16 11:00:00,15076.0
2025-09-16 12:00:00,15070.0
2025-09-16 13:00:00,15065.0
2025-09-16 14:00:00,15080.0
2025-09-16 15:00:00,15068.0
2025-09-16 16:00:00,15082.0
2025-09-16 17:00:00,15089.0
2025-09-16 18:00:00,15091.0
2025-09-16 19:00:00,15101.0
2025-09-16 20:00:00,15100.0
2025-09-17 01:00:00,15079.0
2025-09-17 02:00:00,15200.0
2025-09-17 03:00:00,15184.0
2025-09-17 04:00:00,15182.0
2025-09-17 05:00:00,15171.0
2025-09-17 06:00:00,15190.0
2025-09-17 07:00:00,15191.0
2025-09-17 08:00:00,15164.0
2025-09-17 09:00:00,15171.0
2025-09-17 10:00:00,15177.0
2025-09-17 11:00:00,15180.0
2025-09-17 12:00:00,15191.0
2025-09-17 13:00:00,15207.0
2025-09-17 14:00:00,15190.0
2025-09-17 15:00:00,15184.0
2025-09-17 16:00:00,15173.0
2025-09-17 18:00:00,15156.0
2025-09-17 19:00:00,15187.0
2025-09-17 20:00:00,15199.0
2025-09-18 01:00:00,15192.0
2025-09-18 02:00:00,15183.0
2025-09-18 03:00:00,15198.0
2025-09-18 04:00:00,15188.0
2025-09-18 05:00:00,15039.0
2025-09-18 06:00:00,14962.0
2025-09-18 07:00:00,14970.0
2025-09-18 08:00:00,14957.0
2025-09-18 09:00:00,14983.0
2025-09-18 10:00:00,14988.0
2025-09-18 11:00:00,14971.0
2025-09-18 12:00:00,14969.0
2025-09-18 13:00:00,14946.0
2025-09-18 14:00:00,14968.0
2025-09-18 15:00:00,14956.0
2025-09-18 16:00:00,14958.0
2025-09-18 17:00:00,14970.0
2025-09-18 18:00:00,14972.0
2025-09-18 19:00:00,14981.0
2025-09-18 20:00:00,14979.0
2025-09-18 21:00:00,14979.0
2025-09-19 01:00:00,14976.0
2025-09-19 02:00:00,14961.0
2025-09-19 03:00:00,15012.0
2025-09-19 04:00:00,15007.0
2025-09-19 05:00:00,14974.0
2025-09-19 06:00:00,14967.0
2025-09-19 07:00:00,14986.0
2025-09-19 08:00:00,14984.0
2025-09-19 09:00:00,14987.0
2025-09-19 10:00:00,14987.0
2025-09-19 11:00:00,14982.0
2025-09-19 12:00:00,14990.0
2025-09-19 13:00:00,14989.0
2025-09-19 14:00:00,14991.0
2025-09-19 15:00:00,14980.0
2025-09-19 16:00:00,14974.0
2025-09-19 17:00:00,14986.0
2025-09-19 18:00:00,14974.0
2025-09-19 19:00:00,14973.0
2025-09-19 20:00:00,14975.0
2025-09-22 01:00:00,14954.0
2025-09-22 02:00:00,14986.0
2025-09-22 03:00:00,14996.0
2025-09-22 04:00:00,14997.0
2025-09-22 05:00:00,15020.0
2025-09-22 06:00:00,15017.0
2025-09-22 07:00:00,15007.0
2025-09-22 08:00:00,15016.0
2025-09-22 09:00:00,15015.0
2025-09-22 10:00:00,15014.0
2025-09-22 11:00:00,15017.0
2025-09-22 12:00:00,15023.0
2025-09-22 13:00:00,15032.0
2025-09-22 14:00:00,15027.0
2025-09-22 15:00:00,15021.0
2025-09-22 16:00:00,15026.0
2025-09-22 17:00:00,15033.0
2025-09-22 18:00:00,15030.0
2025-09-22 19:00:00,15037.0
2025-09-22 20:00:00,15034.0
2025-09-23 01:00:00,15124.0
2025-09-23 02:00:00,15005.0
2025-09-23 03:00:00,14936.0
2025-09-23 04:00:00,14938.0
2025-09-23 05:00:00,15059.0
2025-09-23 06:00:00,15046.0
2025-09-23 07:00:00,15064.0
2025-09-23 08:00:00,15060.0
2025-09-23 09:00:00,15072.0
2025-09-23 10:00:00,15066.0
2025-09-23 11:00:00,15066.0
2025-09-23 12:00:00,15078.0
2025-09-23 13:00:00,15085.0
2025-09-23 14:00:00,15077.0
2025-09-23 15:00:00,15067.0
2025-09-23 16:00:00,15056.0
2025-09-23 17:00:00,15041.0
2025-09-23 18:00:00,15039.0
2025-09-23 19:00:00,15028.0
2025-09-23 20:00:00,15020.0
2025-09-24 01:00:00,15071.0
2025-09-24 02:00:00,15028.0
2025-09-24 03:00:00,15056.0
2025-09-24 04:00:00,15049.0
2025-09-24 05:00:00,15074.0
2025-09-24 06:00:00,15105.0
2025-09-24 07:00:00,15123.0
2025-09-24 08:00:00,15114.0
2025-09-24 09:00:00,15103.0
2025-09-24 10:00:00,15094.0
2025-09-24 11:00:00,15087.0
2025-09-24 12:00:00,15081.0
2025-09-24 13:00:00,15086.0
2025-09-24 14:00:00,15089.0
2025-09-24 15:00:00,15081.0
2025-09-24 16:00:00,15081.0
2025-09-24 17:00:00,15081.0
2025-09-24 18:00:00,15079.0
2025-09-24 19:00:00,15087.0
2025-09-24 20:00:00,15089.0
2025-09-24 21:00:00,15097.0
2025-09-25 01:00:00,15133.0
2025-09-25 02:00:00,15225.0
2025-09-25 03:00:00,15238.0
2025-09-25 04:00:00,15253.0
2025-09-25 05:00:00,15234.0
2025-09-25 06:00:00,15218.0
2025-09-25 07:00:00,15220.0
2025-09-25 08:00:00,15237.0
2025-09-25 09:00:00,15212.0
2025-09-25 10:00:00,15226.0
2025-09-25 11:00:00,15207.0
2025-09-25 12:00:00,15192.0
2025-09-25 13:00:00,15195.0
2025-09-25 14:00:00,15202.0
2025-09-25 15:00:00,15205.0
2025-09-25 16:00:00,15196.0
2025-09-25 17:00:00,15184.0
2025-09-25 18:00:00,15189.0
2025-09-25 19:00:00,15189.0
2025-09-25 20:00:00,15198.0
2025-09-25 21:00:00,15198.0
2025-09-26 01:00:00,15109.0
2025-09-26 02:00:00,15095.0
2025-09-26 03:00:00,15096.0
2025-09-26 04:00:00,15098.0
2025-09-26 05:00:00,14963.0
2025-09-26 06:00:00,15003.0
2025-09-26 07:00:00,14978.0
2025-09-26 08:00:00,14958.0
2025-09-26 09:00:00,14954.0
2025-09-26 10:00:00,14959.0
2025-09-26 11:00:00,14954.0
2025-09-26 12:00:00,14961.0
2025-09-26 13:00:00,14984.0
2025-09-26 14:00:00,14978.0
2025-09-26 15:00:00,14984.0
2025-09-26 16:00:00,14987.0
2025-09-26 17:00:00,14997.0
2025-09-26 18:00:00,15000.0
2025-09-26 19:00:00,14994.0
2025-09-26 20:00:00,14984.0
2025-09-26 21:00:00,14979.0
2025-09-29 01:00:00,14997.0
2025-09-29 02:00:00,15039.0
2025-09-29 03:00:00,15012.0
2025-09-29 04:00:00,15024.0
2025-09-29 05:00:00,15185.0
2025-09-29 06:00:00,15172.0
2025-09-29 07:00:00,15174.0
2025-09-29 08:00:00,15178.0
2025-09-29 09:00:00,15159.0
2025-09-29 10:00:00,15168.0
2025-09-29 11:00:00,15176.0
2025-09-29 12:00:00,15190.0
2025-09-29 13:00:00,15188.0
2025-09-29 14:00:00,15195.0
2025-09-29 15:00:00,15190.0
2025-09-29 16:00:00,15191.0
2025-09-29 17:00:00,15188.0
2025-09-29 18:00:00,15192.0
2025-09-29 19:00:00,15195.0
2025-09-29 20:00:00,15197.0
2025-09-29 21:00:00,15188.0
2025-09-30 01:00:00,15202.0
2025-09-30 02:00:00,15124.0
2025-09-30 03:00:00,15118.0
2025-09-30 04:00:00,15118.0
2025-09-30 05:00:00,15115.0
2025-09-30 06:00:00,15102.0
2025-09-30 07:00:00,15122.0
2025-09-30 08:00:00,15134.0
2025-09-30 09:00:00,15132.0
2025-09-30 10:00:00,15147.0
2025-09-30 11:00:00,15149.0
2025-09-30 12:00:00,15151.0
2025-09-30 13:00:00,15157.0
2025-09-30 14:00:00,15134.0
2025-09-30 15:00:00,15143.0
2025-09-30 16:00:00,15144.0
2025-09-30 17:00:00,15142.0
2025-09-30 18:00:00,15150.0
2025-09-30 19:00:00,15162.0
2025-09-30 20:00:00,15197.0
2025-09-30 21:00:00,15182.0
2025-10-01 01:00:00,15185.0
2025-10-01 02:00:00,15172.0
2025-10-01 03:00:00,15144.0
2025-10-01 04:00:00,15146.0
2025-10-01 05:00:00,15144.0
2025-10-01 06:00:00,15140.0
2025-10-01 07:00:00,15150.0
2025-10-01 08:00:00,15133.0
2025-10-01 09:00:00,15143.0
2025-10-01 10:00:00,15147.0
2025-10-01 11:00:00,15147.0
2025-10-01 12:00:00,15147.0
2025-10-01 13:00:00,15173.0
2025-10-01 14:00:00,15173.0
2025-10-01 15:00:00,15187.0
2025-10-01 16:00:00,15175.0
2025-10-01 17:00:00,15173.0
2025-10-01 18:00:00,15190.0
2025-10-01 19:00:00,15181.0
2025-10-01 20:00:00,15192.0
2025-10-01 21:00:00,15185.0
2025-10-02 01:00:00,15280.0
2025-10-02 02:00:00,15317.0
2025-10-02 03:00:00,15261.0
2025-10-02 04:00:00,15249.0
2025-10-02 05:00:00,15284.0
2025-10-02 06:00:00,15311.0
2025-10-02 07:00:00,15302.0
2025-10-02 08:00:00,15309.0
2025-10-02 09:00:00,15298.0
2025-10-02 10:00:00,15316.0
2025-10-02 11:00:00,15315.0
2025-10-02 12:00:00,15317.0
2025-10-02 13:00:00,15302.0
2025-10-02 14:00:00,15260.0
2025-10-02 15:00:00,15264.0
2025-10-02 16:00:00,15260.0
2025-10-02 17:00:00,15263.0
2025-10-02 18:00:00,15259.0
2025-10-02 19:00:00,15244.0
2025-10-02 20:00:00,15238.0
2025-10-02 21:00:00,15248.0
2025-10-03 01:00:00,15223.0
2025-10-03 02:00:00,15203.0
2025-10-03 03:00:00,15187.0
2025-10-03 04:00:00,15179.0
2025-10-03 05:00:00,15155.0
2025-10-03 06:00:00,15172.0
2025-10-03 07:00:00,15183.0
2025-10-03 08:00:00,15190.0
2025-10-03 09:00:00,15195.0
2025-10-03 10:00:00,15201.0
2025-10-03 11:00:00,15185.0
2025-10-03 12:00:00,15180.0
2025-10-03 13:00:00,15183.0
2025-10-03 14:00:00,15179.0
2025-10-03 15:00:00,15191.0
2025-10-03 16:00:00,15195.0
2025-10-03 17:00:00,15167.0
2025-10-03 18:00:00,15174.0
2025-10-03 19:00:00,15174.0
2025-10-03 20:00:00,15177.0
2025-10-06 01:00:00,15167.0
2025-10-06 02:00:00,15154.0
2025-10-06 03:00:00,15147.0
2025-10-06 04:00:00,15165.0
2025-10-06 05:00:00,15142.0
2025-10-06 06:00:00,15162.0
2025-10-06 07:00:00,15135.0
2025-10-06 08:00:00,15135.0
2025-10-06 09:00:00,15146.0
2025-10-06 12:00:00,15129.0
2025-10-06 13:00:00,15161.0
2025-10-06 14:00:00,15160.0
2025-10-06 15:00:00,15175.0
2025-10-06 16:00:00,15183.0
2025-10-06 18:00:00,15193.0
2025-10-07 01:00:00,15210.0
2025-10-07 02:00:00,15208.0
2025-10-07 03:00:00,15205.0
2025-10-07 04:00:00,15180.0
2025-10-07 05:00:00,15148.0
2025-10-07 06:00:00,15155.0
2025-10-07 07:00:00,15150.0
2025-10-07 08:00:00,15150.0
2025-10-07 09:00:00,15151.0
2025-10-07 12:00:00,15171.0
2025-10-07 13:00:00,15194.0
2025-10-07 15:00:00,15141.0
2025-10-07 16:00:00,15160.0
2025-10-07 20:00:00,15155.0
2025-10-08 01:00:00,15012.0
2025-10-08 02:00:00,15086.0
2025-10-08 03:00:00,15081.0
2025-10-08 04:00:00,15042.0
2025-10-08 05:00:00,15091.0
2025-10-08 06:00:00,15058.0
2025-10-08 07:00:00,15095.0
2025-10-08 08:00:00,15100.0
2025-10-08 09:00:00,15091.0
2025-10-08 10:00:00,15110.0
2025-10-08 12:00:00,15101.0
2025-10-08 13:00:00,15101.0
2025-10-08 16:00:00,15121.0
2025-10-08 17:00:00,15118.0
2025-10-08 18:00:00,15122.0
2025-10-08 19:00:00,15132.0
2025-10-08 20:00:00,15132.0
2025-10-09 01:00:00,15152.0
2025-10-09 02:00:00,15316.0
2025-10-09 03:00:00,15282.0
2025-10-09 04:00:00,15280.0
2025-10-09 05:00:00,15268.0
2025-10-09 06:00:00,15266.0
2025-10-09 07:00:00,15266.0
2025-10-09 08:00:00,15268.0
2025-10-09 09:00:00,15257.0
2025-10-09 10:00:00,15238.0
2025-10-09 11:00:00,15240.0
2025-10-09 12:00:00,15256.0
2025-10-09 13:00:00,15202.0
2025-10-09 14:00:00,15165.0
2025-10-09 15:00:00,15159.0
2025-10-09 16:00:00,15140.0
2025-10-09 17:00:00,15125.0
2025-10-09 18:00:00,15094.0
2025-10-09 19:00:00,15094.0
2025-10-09 20:00:00,15125.0
2025-10-10 01:00:00,15128.0
2025-10-10 02:00:00,15129.0
2025-10-10 03:00:00,15073.0
2025-10-10 04:00:00,15066.0
2025-10-10 05:00:00,14987.0
2025-10-10 06:00:00,14981.0
2025-10-10 07:00:00,14984.0
2025-10-10 08:00:00,14998.0
2025-10-10 09:00:00,14965.0
2025-10-10 10:00:00,14972.0
2025-10-10 11:00:00,14983.0
2025-10-10 12:00:00,14965.0
2025-10-10 13:00:00,14988.0
2025-10-10 14:00:00,14936.0
2025-10-10 15:00:00,14543.0
2025-10-10 16:00:00,14386.0
2025-10-10 17:00:00,14462.0
2025-10-10 18:00:00,14402.0
2025-10-10 19:00:00,14444.0
2025-10-10 20:00:00,14328.0
2025-10-13 01:00:00,14719.0
2025-10-13 02:00:00,14755.0
2025-10-13 03:00:00,14664.0
2025-10-13 04:00:00,14670.0
2025-10-13 05:00:00,14819.0
2025-10-13 06:00:00,14804.0
2025-10-13 07:00:00,14826.0
2025-10-13 08:00:00,14817.0
2025-10-13 09:00:00,14815.0
2025-10-13 10:00:00,14823.0
2025-10-13 11:00:00,14802.0
2025-10-13 12:00:00,14850.0
2025-10-13 13:00:00,14863.0
2025-10-13 14:00:00,14853.0
2025-10-13 15:00:00,14871.0
2025-10-13 16:00:00,14868.0
2025-10-13 17:00:00,14855.0
2025-10-13 18:00:00,14836.0
2025-10-13 19:00:00,14834.0
2025-10-14 01:00:00,14882.0
2025-10-14 02:00:00,14878.0
2025-10-14 03:00:00,14865.0
2025-10-14 04:00:00,14762.0
2025-10-14 05:00:00,14723.0
2025-10-14 06:00:00,14710.0
2025-10-14 07:00:00,14698.0
2025-10-14 08:00:00,14715.0
2025-10-14 09:00:00,14715.0
2025-10-14 10:00:00,14669.0
2025-10-14 11:00:00,14716.0
2025-10-14 12:00:00,14681.0
2025-10-14 13:00:00,14740.0
2025-10-14 14:00:00,14768.0
2025-10-14 15:00:00,14786.0
2025-10-14 16:00:00,14806.0
2025-10-14 17:00:00,14808.0
2025-10-14 19:00:00,14774.0
2025-10-14 20:00:00,14759.0
2025-10-15 01:00:00,14776.0
2025-10-15 02:00:00,14790.0
2025-10-15 03:00:00,14799.0
2025-10-15 04:00:00,14805.0
2025-10-15 05:00:00,14926.0
2025-10-15 06:00:00,15000.0
2025-10-15 07:00:00,14988.0
2025-10-15 08:00:00,14992.0
2025-10-15 09:00:00,15016.0
2025-10-15 10:00:00,15012.0
2025-10-15 11:00:00,15007.0
2025-10-15 12:00:00,14992.0
2025-10-15 13:00:00,14966.0
2025-10-15 14:00:00,14984.0
2025-10-15 15:00:00,14960.0
2025-10-15 16:00:00,14964.0
2025-10-15 17:00:00,14959.0
2025-10-15 18:00:00,14980.0
2025-10-15 20:00:00,14974.0
2025-10-15 21:00:00,14974.0
2025-10-16 01:00:00,15106.0
2025-10-16 02:00:00,15160.0
2025-10-16 03:00:00,15071.0
2025-10-16 04:00:00,15071.0
2025-10-16 05:00:00,15148.0
2025-10-16 06:00:00,15126.0
2025-10-16 07:00:00,15141.0
2025-10-16 08:00:00,15143.0
2025-10-16 09:00:00,15136.0
2025-10-16 10:00:00,15144.0
2025-10-16 11:00:00,15146.0
2025-10-16 12:00:00,15142.0
2025-10-16 13:00:00,15131.0
2025-10-16 14:00:00,15153.0
2025-10-16 15:00:00,15142.0
2025-10-16 16:00:00,15142.0
2025-10-16 17:00:00,15144.0
2025-10-16 18:00:00,15118.0
2025-10-16 19:00:00,15099.0
2025-10-16 20:00:00,15110.0
2025-10-17 01:00:00,15027.0
2025-10-17 02:00:00,15046.0
2025-10-17 03:00:00,15010.0
2025-10-17 04:00:00,15010.0
2025-10-17 05:00:00,14973.0
2025-10-17 06:00:00,14881.0
2025-10-17 07:00:00,14855.0
2025-10-17 08:00:00,14855.0
2025-10-17 09:00:00,14861.0
2025-10-17 10:00:00,14863.0
2025-10-17 11:00:00,14933.0
2025-10-17 12:00:00,14932.0
2025-10-17 13:00:00,14963.0
2025-10-17 14:00:00,14969.0
2025-10-17 15:00:00,14984.0
2025-10-17 16:00:00,14972.0
2025-10-17 17:00:00,14972.0
2025-10-17 18:00:00,14999.0
2025-10-17 19:00:00,15005.0
2025-10-17 20:00:00,15016.0
2025-10-20 05:00:00,15016.0
