DATETIME,price
2021-08-31 05:00:00,164.70399999999998
2021-09-01 05:00:00,164.79399999999998
2021-09-02 05:00:00,164.999
2021-09-03 05:00:00,165.04399999999998
2021-09-07 05:00:00,164.594
2021-09-08 05:00:00,164.73899999999998
2021-09-09 05:00:00,164.92899999999997
2021-09-10 05:00:00,164.689
2021-09-13 05:00:00,165.159
2021-09-14 05:00:00,165.039
2021-09-15 05:00:00,165.30399999999997
2021-09-16 05:00:00,165.32899999999998
2021-09-17 05:00:00,165.08399999999997
2021-09-20 05:00:00,164.66899999999998
2021-09-21 05:00:00,164.70899999999997
2021-09-22 05:00:00,164.969
2021-09-23 05:00:00,165.05399999999997
2021-09-24 05:00:00,164.809
2021-09-27 05:00:00,164.72899999999998
2021-09-28 05:00:00,163.82899999999998
2021-09-28 17:00:00,163.70399999999998
2021-09-29 05:00:00,163.95399999999998
2021-09-29 14:00:00,164.10399999999998
2021-09-29 15:00:00,164.23399999999998
2021-09-29 16:00:00,164.134
2021-09-29 18:00:00,164.05399999999997
2021-09-29 19:00:00,164.034
2021-09-30 05:00:00,163.86899999999997
2021-09-30 14:00:00,163.974
2021-09-30 15:00:00,163.624
2021-09-30 19:00:00,163.754
2021-10-01 05:00:00,163.95899999999997
2021-10-01 16:00:00,163.944
2021-10-01 17:00:00,164.14399999999998
2021-10-01 18:00:00,164.224
2021-10-01 19:00:00,163.904
2021-10-04 05:00:00,163.76399999999998
2021-10-04 13:00:00,163.57399999999998
2021-10-04 14:00:00,163.08399999999997
2021-10-04 15:00:00,163.35399999999998
2021-10-04 16:00:00,163.45399999999998
2021-10-04 17:00:00,163.48399999999998
2021-10-04 18:00:00,163.54399999999998
2021-10-04 19:00:00,163.624
2021-10-05 05:00:00,163.70399999999998
2021-10-05 13:00:00,163.64399999999998
2021-10-05 15:00:00,163.724
2021-10-05 17:00:00,163.67399999999998
2021-10-05 18:00:00,163.694
2021-10-05 19:00:00,163.664
2021-10-06 05:00:00,163.469
2021-10-06 13:00:00,163.20399999999998
2021-10-06 14:00:00,163.17399999999998
2021-10-06 15:00:00,163.064
2021-10-06 18:00:00,163.384
2021-10-06 19:00:00,163.384
2021-10-07 05:00:00,163.54899999999998
2021-10-07 13:00:00,163.724
2021-10-07 14:00:00,163.92399999999998
2021-10-07 19:00:00,163.74399999999997
2021-10-08 05:00:00,163.059
2021-10-08 14:00:00,163.42399999999998
2021-10-08 15:00:00,163.32399999999998
2021-10-08 16:00:00,163.224
2021-10-08 17:00:00,163.124
2021-10-08 18:00:00,163.14399999999998
2021-10-08 19:00:00,163.05399999999997
2021-10-11 05:00:00,162.54899999999998
2021-10-11 14:00:00,163.08399999999997
2021-10-11 15:00:00,163.01399999999998
2021-10-11 16:00:00,162.98399999999998
2021-10-11 17:00:00,162.77399999999997
2021-10-12 05:00:00,162.82399999999998
2021-10-12 13:00:00,162.694
2021-10-12 14:00:00,162.844
2021-10-12 15:00:00,162.89399999999998
2021-10-12 16:00:00,162.874
2021-10-12 19:00:00,162.89399999999998
2021-10-13 05:00:00,163.29899999999998
2021-10-13 13:00:00,162.85399999999998
2021-10-13 14:00:00,162.83399999999997
2021-10-13 15:00:00,162.874
2021-10-13 16:00:00,162.914
2021-10-13 17:00:00,162.934
2021-10-13 18:00:00,163.01399999999998
2021-10-13 19:00:00,163.30399999999997
2021-10-14 05:00:00,164.094
2021-10-14 13:00:00,163.71399999999997
2021-10-14 14:00:00,163.80399999999997
2021-10-14 15:00:00,163.76399999999998
2021-10-15 05:00:00,163.73399999999998
2021-10-15 13:00:00,164.004
2021-10-15 14:00:00,163.99399999999997
2021-10-15 15:00:00,163.89399999999998
2021-10-15 16:00:00,163.73399999999998
2021-10-15 17:00:00,163.874
2021-10-15 18:00:00,163.83399999999997
2021-10-15 19:00:00,163.67399999999998
2021-10-18 05:00:00,163.67899999999997
2021-10-18 13:00:00,163.49399999999997
2021-10-18 14:00:00,163.474
2021-10-18 15:00:00,163.534
2021-10-18 16:00:00,163.61399999999998
2021-10-18 18:00:00,163.58399999999997
2021-10-19 05:00:00,163.79399999999998
2021-10-19 13:00:00,163.664
2021-10-19 14:00:00,163.71399999999997
2021-10-19 15:00:00,163.74399999999997
2021-10-19 16:00:00,163.754
2021-10-19 17:00:00,163.76399999999998
2021-10-19 18:00:00,163.77399999999997
2021-10-20 05:00:00,163.95399999999998
2021-10-20 13:00:00,163.80399999999997
2021-10-20 14:00:00,163.784
2021-10-20 15:00:00,163.784
2021-10-20 16:00:00,163.884
2021-10-20 17:00:00,163.82399999999998
2021-10-20 19:00:00,163.944
2021-10-21 05:00:00,163.45899999999997
2021-10-21 13:00:00,163.86399999999998
2021-10-21 14:00:00,163.79399999999998
2021-10-21 15:00:00,163.634
2021-10-21 18:00:00,163.504
2021-10-21 19:00:00,163.49399999999997
2021-10-22 05:00:00,163.13899999999998
2021-10-22 13:00:00,163.444
2021-10-22 14:00:00,163.29399999999998
2021-10-22 15:00:00,163.134
2021-10-22 16:00:00,163.26399999999998
2021-10-22 17:00:00,163.24399999999997
2021-10-22 18:00:00,163.24399999999997
2021-10-22 19:00:00,163.154
2021-10-25 05:00:00,163.23399999999998
2021-10-25 13:00:00,163.21399999999997
2021-10-25 14:00:00,163.27399999999997
2021-10-25 15:00:00,163.30399999999997
2021-10-25 16:00:00,163.374
2021-10-25 17:00:00,163.36399999999998
2021-10-25 18:00:00,163.32399999999998
2021-10-25 19:00:00,163.254
2021-10-26 05:00:00,163.409
2021-10-26 13:00:00,163.434
2021-10-26 14:00:00,163.684
2021-10-26 15:00:00,163.55399999999997
2021-10-26 16:00:00,163.404
2021-10-26 17:00:00,163.54399999999998
2021-10-26 18:00:00,163.51399999999998
2021-10-26 19:00:00,163.444
2021-10-27 05:00:00,163.344
2021-10-27 13:00:00,163.54399999999998
2021-10-27 14:00:00,163.51399999999998
2021-10-27 15:00:00,163.504
2021-10-27 16:00:00,163.504
2021-10-27 17:00:00,163.60399999999998
2021-10-27 18:00:00,163.55399999999997
2021-10-28 05:00:00,163.694
2021-10-28 13:00:00,163.58399999999997
2021-10-28 14:00:00,163.624
2021-10-28 15:00:00,163.594
2021-10-28 16:00:00,163.57399999999998
2021-10-28 17:00:00,163.504
2021-10-28 18:00:00,163.564
2021-10-29 05:00:00,163.384
2021-10-29 14:00:00,163.35399999999998
2021-10-29 15:00:00,163.46399999999997
2021-10-29 16:00:00,163.504
2021-10-29 18:00:00,163.474
2021-11-01 05:00:00,163.314
2021-11-01 14:00:00,163.474
2021-11-01 15:00:00,163.404
2021-11-01 16:00:00,163.374
2021-11-01 17:00:00,163.27399999999997
2021-11-01 19:00:00,163.30399999999997
2021-11-02 05:00:00,163.51399999999998
2021-11-02 13:00:00,163.39399999999998
2021-11-02 14:00:00,163.474
2021-11-02 15:00:00,163.634
2021-11-02 16:00:00,163.594
2021-11-02 17:00:00,163.49399999999997
2021-11-02 18:00:00,163.534
2021-11-02 19:00:00,163.474
2021-11-03 05:00:00,163.784
2021-11-03 13:00:00,163.534
2021-11-03 15:00:00,163.42399999999998
2021-11-03 17:00:00,163.504
2021-11-03 18:00:00,163.594
2021-11-03 19:00:00,163.80399999999997
2021-11-04 05:00:00,164.219
2021-11-04 13:00:00,164.034
2021-11-04 14:00:00,164.07399999999998
2021-11-04 15:00:00,164.05399999999997
2021-11-04 16:00:00,164.064
2021-11-04 18:00:00,164.164
2021-11-05 05:00:00,164.754
2021-11-05 13:00:00,164.54399999999998
2021-11-05 14:00:00,164.504
2021-11-05 15:00:00,164.60399999999998
2021-11-05 17:00:00,164.58399999999997
2021-11-08 06:00:00,164.52399999999997
2021-11-08 14:00:00,164.724
2021-11-08 15:00:00,164.60399999999998
2021-11-08 16:00:00,164.61399999999998
2021-11-08 18:00:00,164.49399999999997
2021-11-09 06:00:00,164.54399999999998
2021-11-09 15:00:00,164.46399999999997
2021-11-09 17:00:00,164.474
2021-11-09 18:00:00,164.48399999999998
2021-11-09 20:00:00,164.434
2021-11-10 06:00:00,163.64399999999998
2021-11-10 14:00:00,164.20399999999998
2021-11-10 17:00:00,164.07399999999998
2021-11-10 18:00:00,163.944
2021-11-11 06:00:00,163.42899999999997
2021-11-11 14:00:00,163.784
2021-11-11 15:00:00,163.694
2021-11-11 20:00:00,163.474
2021-11-12 06:00:00,163.35399999999998
2021-11-12 14:00:00,163.434
2021-11-12 16:00:00,163.70399999999998
2021-11-12 19:00:00,163.504
2021-11-15 06:00:00,163.434
2021-11-15 16:00:00,163.45399999999998
2021-11-15 20:00:00,163.504
2021-11-16 06:00:00,163.61399999999998
2021-11-16 15:00:00,163.52399999999997
2021-11-16 16:00:00,163.61399999999998
2021-11-16 17:00:00,163.58399999999997
2021-11-16 18:00:00,163.58399999999997
2021-11-16 20:00:00,163.564
2021-11-17 06:00:00,163.409
2021-11-17 14:00:00,163.55399999999997
2021-11-17 15:00:00,163.48399999999998
2021-11-17 16:00:00,163.594
2021-11-17 17:00:00,163.534
2021-11-17 18:00:00,163.504
2021-11-17 19:00:00,163.49399999999997
2021-11-17 20:00:00,163.474
2021-11-18 06:00:00,163.27399999999997
2021-11-18 14:00:00,163.434
2021-11-18 15:00:00,163.39399999999998
2021-11-18 17:00:00,163.48399999999998
2021-11-18 18:00:00,163.444
2021-11-19 06:00:00,163.23399999999998
2021-11-19 14:00:00,163.32399999999998
2021-11-19 15:00:00,163.60399999999998
2021-11-19 16:00:00,163.624
2021-11-19 18:00:00,163.384
2021-11-19 20:00:00,163.24399999999997
2021-11-22 06:00:00,162.694
2021-11-22 17:00:00,163.154
2021-11-22 18:00:00,163.164
2021-11-23 06:00:00,162.51399999999998
2021-11-23 14:00:00,162.874
2021-11-23 15:00:00,162.664
2021-11-23 16:00:00,162.684
2021-11-23 18:00:00,162.46399999999997
2021-11-23 19:00:00,162.55399999999997
2021-11-23 20:00:00,162.434
2021-11-24 06:00:00,162.33899999999997
2021-11-24 14:00:00,161.99399999999997
2021-11-24 15:00:00,162.194
2021-11-24 16:00:00,162.194
2021-11-24 17:00:00,162.07399999999998
2021-11-24 18:00:00,162.11399999999998
2021-11-24 19:00:00,162.154
2021-11-24 20:00:00,162.35399999999998
2021-11-26 06:00:00,161.284
2021-11-26 15:00:00,161.27399999999997
2021-11-26 16:00:00,161.094
2021-11-26 17:00:00,161.134
2021-11-29 06:00:00,162.379
2021-11-30 06:00:00,161.60899999999998
2021-12-01 06:00:00,161.55899999999997
2021-12-02 06:00:00,163.07399999999998
2021-12-03 06:00:00,163.11399999999998
2021-12-06 06:00:00,163.76899999999998
2021-12-07 06:00:00,164.63899999999998
2021-12-08 06:00:00,164.569
2021-12-09 06:00:00,163.689
2021-12-10 06:00:00,164.04899999999998
2021-12-13 06:00:00,164.23399999999998
2021-12-14 06:00:00,164.039
2021-12-15 06:00:00,164.60399999999998
2021-12-16 06:00:00,164.439
2021-12-17 06:00:00,164.33899999999997
2021-12-20 06:00:00,164.10899999999998
2021-12-21 06:00:00,164.29899999999998
2021-12-22 06:00:00,165.23899999999998
2021-12-22 15:00:00,164.41899999999998
2021-12-23 06:00:00,165.70899999999997
2021-12-27 06:00:00,165.92399999999998
2021-12-28 06:00:00,165.82399999999998
2021-12-29 06:00:00,165.63899999999998
2021-12-30 06:00:00,165.32899999999998
2021-12-30 15:00:00,165.469
2021-12-30 16:00:00,165.409
2021-12-30 17:00:00,165.32899999999998
2021-12-30 18:00:00,165.33899999999997
2021-12-31 06:00:00,165.05899999999997
2021-12-31 18:00:00,165.39899999999997
2021-12-31 19:00:00,165.36899999999997
2022-01-03 06:00:00,165.029
2022-01-03 15:00:00,164.94899999999998
2022-01-03 16:00:00,164.82899999999998
2022-01-03 17:00:00,164.819
2022-01-03 18:00:00,164.789
2022-01-03 20:00:00,164.92899999999997
2022-01-04 06:00:00,164.73899999999998
2022-01-04 14:00:00,164.88899999999998
2022-01-04 15:00:00,164.80899999999997
2022-01-04 16:00:00,164.779
2022-01-04 17:00:00,164.64899999999997
2022-01-04 18:00:00,164.689
2022-01-05 06:00:00,163.67899999999997
2022-01-05 14:00:00,164.69899999999998
2022-01-05 15:00:00,164.67899999999997
2022-01-05 16:00:00,164.63899999999998
2022-01-05 17:00:00,164.57899999999998
2022-01-05 18:00:00,164.539
2022-01-05 20:00:00,163.72899999999998
2022-01-06 06:00:00,163.69899999999998
2022-01-06 14:00:00,164.04899999999998
2022-01-06 15:00:00,163.849
2022-01-06 16:00:00,163.76899999999998
2022-01-06 17:00:00,163.95899999999997
2022-01-06 18:00:00,163.85899999999998
2022-01-06 19:00:00,163.70899999999997
2022-01-06 20:00:00,163.63899999999998
2022-01-07 06:00:00,163.259
2022-01-07 14:00:00,163.499
2022-01-07 15:00:00,163.259
2022-01-07 17:00:00,163.319
2022-01-07 18:00:00,163.409
2022-01-07 19:00:00,163.36899999999997
2022-01-07 20:00:00,163.42899999999997
2022-01-10 06:00:00,163.41899999999998
2022-01-10 14:00:00,162.55899999999997
2022-01-10 15:00:00,162.36899999999997
2022-01-10 16:00:00,162.66899999999998
2022-01-10 19:00:00,163.33899999999997
2022-01-11 06:00:00,164.129
2022-01-11 14:00:00,163.13899999999998
2022-01-11 15:00:00,163.44899999999998
2022-01-11 16:00:00,163.76899999999998
2022-01-11 17:00:00,163.91899999999998
2022-01-11 18:00:00,163.91899999999998
2022-01-11 19:00:00,164.009
2022-01-11 20:00:00,164.039
2022-01-12 06:00:00,164.409
2022-01-12 14:00:00,164.41899999999998
2022-01-12 15:00:00,164.32899999999998
2022-01-12 16:00:00,164.23899999999998
2022-01-12 17:00:00,164.38899999999998
2022-01-12 18:00:00,164.39899999999997
2022-01-13 06:00:00,163.91899999999998
2022-01-13 14:00:00,164.409
2022-01-13 15:00:00,164.29899999999998
2022-01-13 16:00:00,164.32899999999998
2022-01-13 17:00:00,164.009
2022-01-13 20:00:00,163.92899999999997
2022-01-14 06:00:00,163.73899999999998
2022-01-14 14:00:00,163.76899999999998
2022-01-14 15:00:00,163.69899999999998
2022-01-14 16:00:00,163.749
2022-01-14 17:00:00,163.759
2022-01-18 06:00:00,162.91899999999998
2022-01-18 14:00:00,163.04899999999998
2022-01-18 15:00:00,163.099
2022-01-18 16:00:00,163.069
2022-01-18 17:00:00,162.969
2022-01-18 19:00:00,163.069
2022-01-18 20:00:00,162.909
2022-01-19 06:00:00,162.79899999999998
2022-01-19 14:00:00,163.26899999999998
2022-01-19 15:00:00,163.13899999999998
2022-01-19 16:00:00,163.05899999999997
2022-01-19 17:00:00,163.249
2022-01-19 18:00:00,163.32899999999998
2022-01-19 19:00:00,163.13899999999998
2022-01-19 20:00:00,163.05899999999997
2022-01-20 06:00:00,162.36899999999997
2022-01-20 14:00:00,163.16899999999998
2022-01-20 15:00:00,163.129
2022-01-20 16:00:00,163.19899999999998
2022-01-20 20:00:00,162.379
2022-01-21 06:00:00,162.41899999999998
2022-01-21 14:00:00,162.32899999999998
2022-01-21 15:00:00,162.469
2022-01-21 16:00:00,162.42899999999997
2022-01-21 17:00:00,162.469
2022-01-21 18:00:00,162.539
2022-01-21 19:00:00,162.55899999999997
2022-01-21 20:00:00,162.409
2022-01-24 06:00:00,162.499
2022-01-24 14:00:00,162.32899999999998
2022-01-24 15:00:00,161.779
2022-01-24 16:00:00,161.759
2022-01-24 17:00:00,161.61899999999997
2022-01-24 18:00:00,162.10899999999998
2022-01-24 19:00:00,161.85899999999998
2022-01-24 20:00:00,162.099
2022-01-25 06:00:00,161.85899999999998
2022-01-25 14:00:00,161.98899999999998
2022-01-25 15:00:00,161.789
2022-01-25 16:00:00,161.819
2022-01-25 17:00:00,161.909
2022-01-25 20:00:00,161.86899999999997
2022-01-26 06:00:00,161.564
2022-01-26 15:00:00,162.469
2022-01-26 16:00:00,162.36899999999997
2022-01-26 17:00:00,162.41899999999998
2022-01-26 18:00:00,162.55899999999997
2022-01-26 19:00:00,161.92899999999997
2022-01-26 20:00:00,161.629
2022-01-27 06:00:00,160.784
2022-01-27 14:00:00,162.01899999999998
2022-01-27 15:00:00,161.539
2022-01-27 16:00:00,161.60899999999998
2022-01-27 17:00:00,160.999
2022-01-27 18:00:00,160.67899999999997
2022-01-27 19:00:00,160.35899999999998
2022-01-27 20:00:00,160.35899999999998
2022-01-28 06:00:00,161.10899999999998
2022-01-28 14:00:00,160.04899999999998
2022-01-28 15:00:00,160.14899999999997
2022-01-28 16:00:00,160.54899999999998
2022-01-28 18:00:00,160.44899999999998
2022-01-28 19:00:00,160.17899999999997
2022-01-28 20:00:00,160.70899999999997
2022-01-31 06:00:00,161.61899999999997
2022-01-31 14:00:00,160.55899999999997
2022-01-31 15:00:00,160.469
2022-01-31 16:00:00,160.60899999999998
2022-01-31 17:00:00,160.88899999999998
2022-01-31 18:00:00,161.279
2022-01-31 19:00:00,161.14899999999997
2022-01-31 20:00:00,161.35899999999998
2022-02-01 06:00:00,162.124
2022-02-01 14:00:00,161.54899999999998
2022-02-01 15:00:00,161.63899999999998
2022-02-01 16:00:00,161.73899999999998
2022-02-01 17:00:00,161.69899999999998
2022-02-01 18:00:00,161.58899999999997
2022-02-01 19:00:00,161.63899999999998
2022-02-01 20:00:00,161.86899999999997
2022-02-02 06:00:00,162.20399999999998
2022-02-02 14:00:00,162.05899999999997
2022-02-02 15:00:00,161.94899999999998
2022-02-02 16:00:00,161.79899999999998
2022-02-02 17:00:00,161.939
2022-02-02 18:00:00,161.94899999999998
2022-02-02 19:00:00,162.11899999999997
2022-02-02 20:00:00,162.069
2022-02-03 06:00:00,161.034
2022-02-03 14:00:00,160.969
2022-02-03 15:00:00,161.10899999999998
2022-02-03 16:00:00,160.98899999999998
2022-02-03 17:00:00,160.98899999999998
2022-02-03 18:00:00,161.159
2022-02-03 20:00:00,160.92899999999997
2022-02-04 06:00:00,160.08399999999997
2022-02-04 14:00:00,159.539
2022-02-04 15:00:00,159.259
2022-02-04 16:00:00,159.35899999999998
2022-02-04 17:00:00,159.72899999999998
2022-02-04 19:00:00,159.82899999999998
2022-02-07 06:00:00,159.629
2022-02-07 15:00:00,159.439
2022-02-07 16:00:00,159.259
2022-02-07 17:00:00,159.22899999999998
2022-02-07 18:00:00,159.319
2022-02-07 19:00:00,159.67899999999997
2022-02-08 06:00:00,159.83399999999997
2022-02-08 14:00:00,159.86899999999997
2022-02-08 15:00:00,159.759
2022-02-08 16:00:00,159.819
2022-02-08 17:00:00,159.76899999999998
2022-02-08 18:00:00,159.61899999999997
2022-02-08 19:00:00,159.599
2022-02-08 20:00:00,159.41899999999998
2022-02-09 06:00:00,160.48899999999998
2022-02-09 14:00:00,160.29899999999998
2022-02-09 15:00:00,160.30899999999997
2022-02-09 16:00:00,160.22899999999998
2022-02-09 17:00:00,159.999
2022-02-09 18:00:00,160.04899999999998
2022-02-09 19:00:00,160.069
2022-02-09 20:00:00,160.349
2022-02-10 06:00:00,158.73899999999998
2022-02-10 14:00:00,159.569
2022-02-10 15:00:00,159.69899999999998
2022-02-10 16:00:00,159.72899999999998
2022-02-10 17:00:00,159.409
2022-02-10 18:00:00,159.22899999999998
2022-02-10 19:00:00,159.189
2022-02-10 20:00:00,158.759
2022-02-11 06:00:00,158.099
2022-02-11 14:00:00,158.969
2022-02-11 15:00:00,158.86899999999997
2022-02-11 16:00:00,158.48899999999998
2022-02-11 17:00:00,158.499
2022-02-11 19:00:00,157.80899999999997
2022-02-11 20:00:00,158.009
2022-02-14 06:00:00,157.73899999999998
2022-02-14 14:00:00,158.20899999999997
2022-02-14 15:00:00,157.95899999999997
2022-02-14 16:00:00,157.789
2022-02-14 18:00:00,157.789
2022-02-14 19:00:00,157.439
2022-02-14 20:00:00,157.759
2022-02-15 06:00:00,158.35899999999998
2022-02-15 14:00:00,158.069
2022-02-15 15:00:00,158.099
2022-02-15 16:00:00,158.14899999999997
2022-02-15 17:00:00,157.969
2022-02-15 18:00:00,158.14899999999997
2022-02-15 19:00:00,158.189
2022-02-15 20:00:00,158.26899999999998
2022-02-16 06:00:00,159.19899999999998
2022-02-16 14:00:00,158.289
2022-02-16 15:00:00,158.22899999999998
2022-02-16 18:00:00,158.539
2022-02-16 19:00:00,158.999
2022-02-16 20:00:00,159.219
2022-02-17 06:00:00,158.67899999999997
2022-02-17 14:00:00,158.66899999999998
2022-02-17 15:00:00,158.819
2022-02-17 16:00:00,158.879
2022-02-17 17:00:00,158.85899999999998
2022-02-17 18:00:00,158.83899999999997
2022-02-18 06:00:00,158.779
2022-02-18 14:00:00,158.80899999999997
2022-02-18 15:00:00,158.789
2022-02-18 16:00:00,158.41899999999998
2022-02-18 17:00:00,158.51899999999998
2022-02-18 18:00:00,158.45899999999997
2022-02-18 19:00:00,158.60899999999998
2022-02-22 06:00:00,158.569
2022-02-22 14:00:00,158.89899999999997
2022-02-22 15:00:00,158.92899999999997
2022-02-22 16:00:00,158.749
2022-02-22 17:00:00,158.69899999999998
2022-02-22 19:00:00,158.73899999999998
2022-02-22 20:00:00,158.51899999999998
2022-02-23 06:00:00,158.349
2022-02-23 14:00:00,158.73899999999998
2022-02-23 15:00:00,158.83899999999997
2022-02-23 16:00:00,158.83899999999997
2022-02-23 17:00:00,158.819
2022-02-23 18:00:00,158.73899999999998
2022-02-23 19:00:00,158.51899999999998
2022-02-23 20:00:00,158.36899999999997
2022-02-24 06:00:00,159.439
2022-02-24 16:00:00,158.14899999999997
2022-02-24 17:00:00,158.319
2022-02-24 18:00:00,158.30899999999997
2022-02-24 19:00:00,159.039
2022-02-24 20:00:00,159.19899999999998
2022-02-25 06:00:00,160.79399999999998
2022-02-25 14:00:00,160.219
2022-02-25 15:00:00,160.19899999999998
2022-02-25 16:00:00,160.42899999999997
2022-02-25 17:00:00,160.20899999999997
2022-02-25 18:00:00,160.219
2022-02-25 19:00:00,160.219
2022-02-25 20:00:00,160.76899999999998
2022-02-28 06:00:00,160.689
2022-03-01 06:00:00,160.489
2022-03-02 06:00:00,161.569
2022-03-03 06:00:00,162.029
2022-03-04 06:00:00,161.22899999999998
2022-03-07 06:00:00,160.319
2022-03-08 06:00:00,159.719
2022-03-09 06:00:00,160.789
2022-03-10 06:00:00,159.649
2022-03-11 06:00:00,158.609
2022-03-14 05:00:00,156.819
2022-03-15 05:00:00,157.739
2022-03-16 05:00:00,159.589
2022-03-17 05:00:00,160.719
2022-03-18 05:00:00,161.059
2022-03-21 05:00:00,159.179
2022-03-22 05:00:00,159.97899999999998
2022-03-23 05:00:00,159.579
2022-03-24 05:00:00,159.889
2022-03-25 05:00:00,157.799
2022-03-28 05:00:00,159.659
2022-03-29 05:00:00,162.039
2022-03-30 05:00:00,161.179
2022-03-30 13:00:00,160.809
2022-03-30 14:00:00,161.009
2022-03-30 15:00:00,161.039
2022-03-30 16:00:00,161.349
2022-03-30 17:00:00,161.259
2022-03-30 18:00:00,160.909
2022-03-30 19:00:00,161.039
2022-03-31 05:00:00,160.649
2022-03-31 14:00:00,161.029
2022-03-31 15:00:00,161.309
2022-03-31 17:00:00,161.009
2022-03-31 18:00:00,160.919
2022-03-31 19:00:00,160.899
2022-04-01 05:00:00,160.839
2022-04-01 13:00:00,160.239
2022-04-01 14:00:00,160.569
2022-04-01 15:00:00,160.619
2022-04-01 16:00:00,160.549
2022-04-01 17:00:00,160.619
2022-04-01 18:00:00,160.799
2022-04-01 19:00:00,160.779
2022-04-04 05:00:00,161.989
2022-04-04 13:00:00,161.089
2022-04-04 14:00:00,161.279
2022-04-04 15:00:00,161.439
2022-04-04 16:00:00,161.529
2022-04-04 17:00:00,161.599
2022-04-04 18:00:00,161.72899999999998
2022-04-04 19:00:00,161.889
2022-04-05 05:00:00,160.099
2022-04-05 13:00:00,161.619
2022-04-05 14:00:00,160.909
2022-04-05 15:00:00,160.709
2022-04-05 16:00:00,160.669
2022-04-05 17:00:00,160.559
2022-04-05 18:00:00,160.639
2022-04-05 19:00:00,160.129
2022-04-06 05:00:00,158.889
2022-04-06 13:00:00,158.879
2022-04-06 14:00:00,159.389
2022-04-06 15:00:00,159.539
2022-04-06 16:00:00,159.349
2022-04-06 17:00:00,159.759
2022-04-06 18:00:00,159.239
2022-04-06 19:00:00,159.109
2022-04-07 05:00:00,158.72899999999998
2022-04-07 13:00:00,159.109
2022-04-07 14:00:00,158.879
2022-04-07 15:00:00,158.899
2022-04-07 16:00:00,158.809
2022-04-07 17:00:00,158.989
2022-04-07 18:00:00,158.909
2022-04-07 19:00:00,158.689
2022-04-08 05:00:00,157.859
2022-04-08 13:00:00,158.179
2022-04-08 14:00:00,158.559
2022-04-08 15:00:00,158.309
2022-04-08 16:00:00,158.369
2022-04-08 17:00:00,158.169
2022-04-08 18:00:00,158.069
2022-04-08 19:00:00,157.859
2022-04-11 05:00:00,157.029
2022-04-11 13:00:00,157.529
2022-04-11 14:00:00,157.299
2022-04-11 15:00:00,157.059
2022-04-11 16:00:00,157.039
2022-04-11 17:00:00,156.989
2022-04-11 18:00:00,157.069
2022-04-11 19:00:00,157.059
2022-04-12 05:00:00,158.179
2022-04-12 13:00:00,158.329
2022-04-12 14:00:00,158.509
2022-04-12 15:00:00,158.529
2022-04-12 16:00:00,158.469
2022-04-12 17:00:00,158.269
2022-04-12 18:00:00,158.009
2022-04-12 19:00:00,158.149
2022-04-13 05:00:00,159.069
2022-04-13 13:00:00,158.549
2022-04-13 14:00:00,158.589
2022-04-13 15:00:00,158.689
2022-04-13 16:00:00,158.819
2022-04-13 17:00:00,158.829
2022-04-13 18:00:00,158.919
2022-04-13 19:00:00,158.949
2022-04-14 05:00:00,158.009
2022-04-14 13:00:00,158.759
2022-04-14 14:00:00,158.47899999999998
2022-04-14 15:00:00,157.949
2022-04-14 16:00:00,157.699
2022-04-14 17:00:00,158.099
2022-04-14 18:00:00,158.029
2022-04-14 19:00:00,158.049
2022-04-18 05:00:00,157.549
2022-04-18 13:00:00,157.919
2022-04-18 14:00:00,157.939
2022-04-18 15:00:00,157.629
2022-04-18 16:00:00,157.409
2022-04-18 17:00:00,157.919
2022-04-18 18:00:00,157.869
2022-04-18 19:00:00,157.619
2022-04-19 05:00:00,156.899
2022-04-19 13:00:00,157.339
2022-04-19 14:00:00,157.289
2022-04-19 15:00:00,157.319
2022-04-19 16:00:00,157.089
2022-04-19 17:00:00,157.079
2022-04-19 19:00:00,157.029
2022-04-20 05:00:00,156.954
2022-04-20 13:00:00,157.259
2022-04-20 14:00:00,157.47899999999998
2022-04-20 15:00:00,157.329
2022-04-20 16:00:00,157.089
2022-04-20 17:00:00,156.919
2022-04-20 18:00:00,156.629
2022-04-21 05:00:00,156.029
2022-04-21 14:00:00,156.97899999999998
2022-04-21 15:00:00,156.589
2022-04-21 16:00:00,156.239
2022-04-22 05:00:00,155.389
2022-04-22 13:00:00,155.619
2022-04-22 14:00:00,155.829
2022-04-22 15:00:00,155.689
2022-04-22 18:00:00,155.379
2022-04-25 05:00:00,157.119
2022-04-25 13:00:00,156.089
2022-04-25 15:00:00,155.539
2022-04-25 17:00:00,156.119
2022-04-25 18:00:00,156.739
2022-04-25 19:00:00,157.119
2022-04-26 05:00:00,156.239
2022-04-26 13:00:00,156.679
2022-04-26 14:00:00,156.399
2022-04-26 15:00:00,156.409
2022-04-26 16:00:00,156.519
2022-04-26 18:00:00,156.429
2022-04-26 19:00:00,156.359
2022-04-27 05:00:00,155.509
2022-04-27 13:00:00,156.429
2022-04-27 14:00:00,156.089
2022-04-27 15:00:00,156.049
2022-04-27 16:00:00,156.219
2022-04-27 18:00:00,156.119
2022-04-27 19:00:00,155.559
2022-04-28 05:00:00,156.299
2022-04-28 13:00:00,155.689
2022-04-28 14:00:00,155.359
2022-04-28 15:00:00,155.549
2022-04-28 16:00:00,155.739
2022-04-28 18:00:00,156.109
2022-04-29 05:00:00,154.559
2022-04-29 13:00:00,155.699
2022-04-29 14:00:00,155.779
2022-04-29 15:00:00,155.359
2022-04-29 16:00:00,155.179
2022-04-29 17:00:00,154.799
2022-04-29 18:00:00,154.759
2022-04-29 19:00:00,154.739
2022-05-02 05:00:00,155.054
2022-05-02 13:00:00,154.379
2022-05-02 14:00:00,154.469
2022-05-02 15:00:00,154.759
2022-05-02 16:00:00,154.639
2022-05-02 17:00:00,154.719
2022-05-02 18:00:00,154.589
2022-05-02 19:00:00,154.839
2022-05-03 05:00:00,155.819
2022-05-03 13:00:00,155.909
2022-05-03 14:00:00,155.779
2022-05-03 15:00:00,156.049
2022-05-03 16:00:00,155.629
2022-05-03 17:00:00,155.699
2022-05-03 18:00:00,155.679
2022-05-03 19:00:00,155.739
2022-05-04 05:00:00,156.774
2022-05-04 13:00:00,155.499
2022-05-04 14:00:00,155.159
2022-05-04 15:00:00,154.949
2022-05-04 16:00:00,155.149
2022-05-04 17:00:00,155.189
2022-05-04 18:00:00,156.449
2022-05-04 19:00:00,156.699
2022-05-05 05:00:00,154.599
2022-05-05 13:00:00,155.619
2022-05-05 14:00:00,154.779
2022-05-05 15:00:00,154.619
2022-05-05 16:00:00,154.559
2022-05-05 17:00:00,154.379
2022-05-05 18:00:00,154.489
2022-05-05 19:00:00,154.299
2022-05-06 05:00:00,153.819
2022-05-06 13:00:00,153.569
2022-05-06 14:00:00,154.069
2022-05-06 15:00:00,154.059
2022-05-06 16:00:00,154.22899999999998
2022-05-06 17:00:00,153.799
2022-05-06 18:00:00,153.779
2022-05-06 19:00:00,153.719
2022-05-09 05:00:00,152.369
2022-05-09 13:00:00,153.039
2022-05-09 14:00:00,152.72899999999998
2022-05-09 15:00:00,153.019
2022-05-09 16:00:00,152.789
2022-05-09 17:00:00,152.759
2022-05-09 18:00:00,152.889
2022-05-09 19:00:00,152.419
2022-05-10 05:00:00,153.22899999999998
2022-05-10 13:00:00,153.349
2022-05-10 14:00:00,152.949
2022-05-10 15:00:00,152.619
2022-05-10 16:00:00,152.659
2022-05-10 17:00:00,153.279
2022-05-10 18:00:00,153.129
2022-05-10 19:00:00,153.289
2022-05-11 05:00:00,152.489
2022-05-11 13:00:00,153.349
2022-05-11 14:00:00,153.439
2022-05-11 15:00:00,153.359
2022-05-11 16:00:00,153.189
2022-05-11 17:00:00,152.859
2022-05-11 18:00:00,152.999
2022-05-11 19:00:00,152.619
2022-05-12 05:00:00,152.389
2022-05-12 13:00:00,152.389
2022-05-12 14:00:00,152.569
2022-05-12 15:00:00,152.429
2022-05-12 16:00:00,152.539
2022-05-12 17:00:00,152.029
2022-05-12 18:00:00,152.059
2022-05-12 19:00:00,152.289
2022-05-13 05:00:00,152.549
2022-05-13 13:00:00,152.509
2022-05-13 14:00:00,152.719
2022-05-13 15:00:00,152.899
2022-05-13 16:00:00,152.719
2022-05-13 17:00:00,152.349
2022-05-13 18:00:00,152.199
2022-05-13 19:00:00,152.349
2022-05-16 05:00:00,152.409
2022-05-16 13:00:00,152.379
2022-05-16 14:00:00,152.509
2022-05-16 15:00:00,152.709
2022-05-16 16:00:00,152.409
2022-05-16 17:00:00,152.559
2022-05-16 18:00:00,152.499
2022-05-16 19:00:00,152.339
2022-05-17 05:00:00,152.409
2022-05-17 13:00:00,152.539
2022-05-17 14:00:00,152.259
2022-05-17 15:00:00,152.289
2022-05-17 16:00:00,152.309
2022-05-17 17:00:00,152.319
2022-05-17 18:00:00,152.419
2022-05-17 19:00:00,152.379
2022-05-18 05:00:00,151.379
2022-05-18 13:00:00,151.439
2022-05-18 14:00:00,151.499
2022-05-18 15:00:00,151.329
2022-05-18 16:00:00,151.329
2022-05-18 17:00:00,151.349
2022-05-18 18:00:00,151.389
2022-05-18 19:00:00,151.489
2022-05-19 05:00:00,152.569
2022-05-19 14:00:00,152.009
2022-05-19 15:00:00,152.519
2022-05-19 16:00:00,152.649
2022-05-19 17:00:00,152.769
2022-05-19 18:00:00,152.589
2022-05-19 19:00:00,152.489
2022-05-20 05:00:00,152.414
2022-05-20 14:00:00,152.879
2022-05-20 16:00:00,152.209
2022-05-20 18:00:00,152.029
2022-05-20 19:00:00,152.439
2022-05-23 05:00:00,152.869
2022-05-23 18:00:00,152.839
2022-05-24 05:00:00,153.649
2022-05-24 15:00:00,153.099
2022-05-24 16:00:00,153.169
2022-05-24 17:00:00,153.499
2022-05-24 18:00:00,153.489
2022-05-24 19:00:00,153.659
2022-05-25 05:00:00,155.789
2022-05-25 13:00:00,154.279
2022-05-25 14:00:00,154.699
2022-05-25 15:00:00,154.849
2022-05-25 16:00:00,154.659
2022-05-25 17:00:00,154.989
2022-05-25 18:00:00,155.689
2022-05-25 19:00:00,155.719
2022-05-26 05:00:00,158.009
2022-05-26 13:00:00,157.059
2022-05-26 14:00:00,157.059
2022-05-26 15:00:00,157.299
2022-05-26 16:00:00,157.349
2022-05-26 18:00:00,157.869
2022-05-26 19:00:00,158.189
2022-05-27 05:00:00,159.054
2022-05-27 14:00:00,158.749
2022-05-27 15:00:00,158.439
2022-05-27 16:00:00,158.47899999999998
2022-05-27 17:00:00,158.599
2022-05-31 05:00:00,158.049
2022-06-01 05:00:00,158.659
2022-06-02 05:00:00,159.169
2022-06-03 05:00:00,158.004
2022-06-06 05:00:00,157.19899999999998
2022-06-07 05:00:00,157.494
2022-06-08 05:00:00,156.149
2022-06-09 05:00:00,154.94899999999998
2022-06-10 05:00:00,152.819
2022-06-13 05:00:00,148.364
2022-06-14 05:00:00,149.139
2022-06-15 05:00:00,151.409
2022-06-16 05:00:00,149.249
2022-06-17 05:00:00,149.919
2022-06-21 05:00:00,149.534
2022-06-22 05:00:00,149.69899999999998
2022-06-23 05:00:00,150.359
2022-06-24 05:00:00,151.599
2022-06-27 05:00:00,150.809
2022-06-27 16:00:00,151.514
2022-06-27 19:00:00,151.124
2022-06-28 05:00:00,149.494
2022-06-29 05:00:00,149.474
2022-06-29 19:00:00,149.294
2022-06-30 05:00:00,149.794
2022-06-30 15:00:00,148.934
2022-07-01 05:00:00,151.004
2022-07-01 13:00:00,150.984
2022-07-01 14:00:00,150.32399999999998
2022-07-01 15:00:00,150.424
2022-07-01 16:00:00,150.414
2022-07-01 17:00:00,150.594
2022-07-01 18:00:00,150.904
2022-07-01 19:00:00,150.914
2022-07-05 05:00:00,151.044
2022-07-05 13:00:00,149.554
2022-07-05 14:00:00,150.084
2022-07-05 15:00:00,150.164
2022-07-05 16:00:00,150.374
2022-07-05 17:00:00,150.404
2022-07-05 18:00:00,150.674
2022-07-05 19:00:00,150.82399999999998
2022-07-06 05:00:00,150.379
2022-07-06 13:00:00,150.834
2022-07-06 14:00:00,150.584
2022-07-06 15:00:00,150.544
2022-07-06 16:00:00,150.514
2022-07-06 17:00:00,150.624
2022-07-06 18:00:00,150.894
2022-07-06 19:00:00,150.35399999999998
2022-07-07 05:00:00,152.57399999999998
2022-07-07 13:00:00,151.734
2022-07-07 14:00:00,151.634
2022-07-07 15:00:00,151.694
2022-07-07 16:00:00,151.874
2022-07-07 17:00:00,151.994
2022-07-07 18:00:00,152.374
2022-07-07 19:00:00,152.554
2022-07-08 05:00:00,152.754
2022-07-08 13:00:00,151.874
2022-07-08 14:00:00,152.35399999999998
2022-07-08 15:00:00,152.35399999999998
2022-07-08 16:00:00,152.134
2022-07-08 17:00:00,152.254
2022-07-08 18:00:00,152.484
2022-07-08 19:00:00,152.794
2022-07-11 05:00:00,151.864
2022-07-11 13:00:00,152.174
2022-07-11 14:00:00,152.094
2022-07-11 15:00:00,152.07399999999998
2022-07-11 16:00:00,152.224
2022-07-11 17:00:00,152.424
2022-07-12 05:00:00,152.484
2022-07-12 13:00:00,151.924
2022-07-12 14:00:00,152.284
2022-07-12 15:00:00,152.454
2022-07-12 16:00:00,152.384
2022-07-12 17:00:00,152.344
2022-07-12 18:00:00,152.454
2022-07-12 19:00:00,152.234
2022-07-13 05:00:00,152.374
2022-07-13 13:00:00,151.474
2022-07-13 14:00:00,152.254
2022-07-13 15:00:00,151.944
2022-07-13 16:00:00,152.254
2022-07-13 17:00:00,152.304
2022-07-13 18:00:00,152.084
2022-07-13 19:00:00,152.084
2022-07-14 05:00:00,152.094
2022-07-14 13:00:00,150.644
2022-07-14 14:00:00,150.564
2022-07-14 15:00:00,151.054
2022-07-14 16:00:00,151.044
2022-07-14 17:00:00,151.234
2022-07-14 18:00:00,151.844
2022-07-14 19:00:00,151.85399999999998
2022-07-15 05:00:00,153.674
2022-07-15 13:00:00,152.644
2022-07-15 14:00:00,153.094
2022-07-15 15:00:00,153.144
2022-07-15 16:00:00,153.264
2022-07-15 17:00:00,153.444
2022-07-15 18:00:00,153.314
2022-07-15 19:00:00,153.554
2022-07-18 05:00:00,152.35399999999998
2022-07-18 13:00:00,153.884
2022-07-18 14:00:00,153.60399999999998
2022-07-18 15:00:00,153.584
2022-07-18 16:00:00,153.374
2022-07-18 17:00:00,152.934
2022-07-18 18:00:00,152.684
2022-07-18 19:00:00,152.32399999999998
2022-07-19 05:00:00,154.294
2022-07-19 13:00:00,153.314
2022-07-19 14:00:00,153.614
2022-07-19 15:00:00,153.82399999999998
2022-07-19 16:00:00,153.674
2022-07-19 17:00:00,153.934
2022-07-19 18:00:00,154.164
2022-07-19 19:00:00,154.164
2022-07-20 05:00:00,154.914
2022-07-20 13:00:00,154.714
2022-07-20 18:00:00,155.414
2022-07-20 19:00:00,155.094
2022-07-21 05:00:00,156.734
2022-07-21 14:00:00,155.474
2022-07-21 15:00:00,155.35399999999998
2022-07-21 16:00:00,155.764
2022-07-22 05:00:00,156.654
2022-07-22 13:00:00,157.544
2022-07-22 14:00:00,157.344
2022-07-22 15:00:00,156.85399999999998
2022-07-22 16:00:00,157.124
2022-07-22 17:00:00,156.664
2022-07-22 18:00:00,156.514
2022-07-22 19:00:00,156.60399999999998
2022-07-25 05:00:00,156.584
2022-07-25 13:00:00,156.774
2022-07-25 14:00:00,156.57399999999998
2022-07-25 15:00:00,156.504
2022-07-25 16:00:00,156.554
2022-07-25 17:00:00,156.364
2022-07-25 18:00:00,156.414
2022-07-25 19:00:00,156.434
2022-07-26 05:00:00,155.874
2022-07-26 13:00:00,156.244
2022-07-26 14:00:00,156.094
2022-07-26 15:00:00,155.904
2022-07-26 16:00:00,156.094
2022-07-26 18:00:00,155.934
2022-07-27 05:00:00,157.299
2022-07-27 13:00:00,156.834
2022-07-27 14:00:00,156.774
2022-07-27 15:00:00,156.814
2022-07-27 17:00:00,156.834
2022-07-28 05:00:00,158.82399999999998
2022-07-28 13:00:00,157.904
2022-07-28 14:00:00,157.914
2022-07-28 15:00:00,157.974
2022-07-28 18:00:00,158.774
2022-07-28 19:00:00,158.844
2022-07-29 05:00:00,159.364
2022-07-29 14:00:00,159.194
2022-07-29 16:00:00,159.304
2022-07-29 17:00:00,159.444
2022-07-29 19:00:00,159.60399999999998
2022-08-01 05:00:00,159.549
2022-08-01 13:00:00,159.434
2022-08-01 14:00:00,159.644
2022-08-01 15:00:00,159.85399999999998
2022-08-01 16:00:00,159.514
2022-08-01 17:00:00,159.194
2022-08-01 18:00:00,159.444
2022-08-01 19:00:00,159.554
2022-08-02 05:00:00,159.064
2022-08-02 13:00:00,159.174
2022-08-02 14:00:00,159.234
2022-08-02 15:00:00,159.284
2022-08-02 16:00:00,159.284
2022-08-02 17:00:00,159.014
2022-08-02 18:00:00,159.384
2022-08-02 19:00:00,158.954
2022-08-03 05:00:00,160.274
2022-08-03 13:00:00,159.684
2022-08-03 14:00:00,159.234
2022-08-03 15:00:00,159.474
2022-08-03 16:00:00,159.834
2022-08-03 17:00:00,159.744
2022-08-03 18:00:00,159.864
2022-08-03 19:00:00,159.974
2022-08-04 05:00:00,160.654
2022-08-04 13:00:00,160.434
2022-08-04 14:00:00,160.274
2022-08-04 15:00:00,160.234
2022-08-04 16:00:00,160.254
2022-08-04 17:00:00,160.314
2022-08-04 18:00:00,160.494
2022-08-04 19:00:00,160.524
2022-08-05 05:00:00,159.994
2022-08-05 13:00:00,159.57399999999998
2022-08-05 14:00:00,159.634
2022-08-05 15:00:00,159.374
2022-08-05 16:00:00,159.844
2022-08-05 17:00:00,159.804
2022-08-05 18:00:00,159.754
2022-08-05 19:00:00,159.924
2022-08-08 05:00:00,160.024
2022-08-08 13:00:00,160.904
2022-08-08 14:00:00,160.584
2022-08-08 15:00:00,160.504
2022-08-08 16:00:00,160.244
2022-08-08 17:00:00,160.204
2022-08-08 18:00:00,159.994
2022-08-08 19:00:00,160.084
2022-08-09 05:00:00,159.094
2022-08-09 13:00:00,159.394
2022-08-09 14:00:00,159.474
2022-08-09 15:00:00,159.504
2022-08-09 16:00:00,159.394
2022-08-09 17:00:00,159.364
2022-08-09 18:00:00,159.264
2022-08-09 19:00:00,159.10399999999998
2022-08-10 05:00:00,161.174
2022-08-10 13:00:00,160.844
2022-08-10 14:00:00,160.844
2022-08-10 15:00:00,160.924
2022-08-10 16:00:00,160.814
2022-08-10 17:00:00,161.124
2022-08-10 18:00:00,160.984
2022-08-10 19:00:00,161.134
2022-08-11 05:00:00,160.554
2022-08-11 13:00:00,162.004
2022-08-11 14:00:00,161.934
2022-08-11 15:00:00,161.194
2022-08-11 16:00:00,161.144
2022-08-11 17:00:00,161.064
2022-08-11 18:00:00,160.514
2022-08-11 19:00:00,160.374
2022-08-12 05:00:00,161.834
2022-08-12 13:00:00,161.034
2022-08-12 14:00:00,160.964
2022-08-12 15:00:00,161.344
2022-08-12 16:00:00,161.484
2022-08-12 17:00:00,161.714
2022-08-15 05:00:00,161.554
2022-08-15 13:00:00,161.614
2022-08-15 14:00:00,161.434
2022-08-15 15:00:00,161.85399999999998
2022-08-15 16:00:00,161.834
2022-08-15 17:00:00,161.834
2022-08-15 18:00:00,161.634
2022-08-15 19:00:00,161.464
2022-08-16 05:00:00,161.154
2022-08-16 13:00:00,160.924
2022-08-16 14:00:00,160.924
2022-08-16 15:00:00,161.204
2022-08-16 16:00:00,161.214
2022-08-16 18:00:00,161.134
2022-08-17 05:00:00,159.674
2022-08-17 13:00:00,160.124
2022-08-17 14:00:00,159.994
2022-08-17 15:00:00,159.694
2022-08-17 16:00:00,159.974
2022-08-17 17:00:00,159.954
2022-08-17 18:00:00,160.214
2022-08-17 19:00:00,159.804
2022-08-18 05:00:00,160.014
2022-08-18 13:00:00,159.994
2022-08-18 14:00:00,160.014
2022-08-18 15:00:00,160.274
2022-08-18 16:00:00,160.004
2022-08-18 17:00:00,160.114
2022-08-18 18:00:00,160.004
2022-08-18 19:00:00,160.124
2022-08-19 05:00:00,158.594
2022-08-19 13:00:00,158.794
2022-08-19 14:00:00,158.724
2022-08-19 15:00:00,158.624
2022-08-19 17:00:00,158.744
2022-08-19 18:00:00,158.82399999999998
2022-08-19 19:00:00,158.484
2022-08-22 05:00:00,157.124
2022-08-22 13:00:00,157.35399999999998
2022-08-22 14:00:00,157.684
2022-08-22 15:00:00,157.414
2022-08-22 16:00:00,157.404
2022-08-22 17:00:00,157.314
2022-08-23 05:00:00,157.394
2022-08-23 14:00:00,157.444
2022-08-23 15:00:00,157.544
2022-08-23 16:00:00,157.524
2022-08-23 18:00:00,157.464
2022-08-23 19:00:00,157.464
2022-08-24 05:00:00,157.444
2022-08-24 13:00:00,157.414
2022-08-24 14:00:00,157.484
2022-08-24 19:00:00,157.424
2022-08-25 05:00:00,158.704
2022-08-25 13:00:00,158.034
2022-08-25 14:00:00,158.024
2022-08-25 16:00:00,158.094
2022-08-25 18:00:00,158.344
2022-08-25 19:00:00,158.614
2022-08-26 05:00:00,156.474
2022-08-26 13:00:00,159.024
2022-08-26 14:00:00,157.784
2022-08-26 15:00:00,157.374
2022-08-26 16:00:00,157.164
2022-08-26 17:00:00,157.204
2022-08-26 18:00:00,156.82399999999998
2022-08-26 19:00:00,156.634
2022-08-29 05:00:00,156.244
2022-08-29 13:00:00,156.004
2022-08-29 14:00:00,156.024
2022-08-29 15:00:00,156.10399999999998
2022-08-29 16:00:00,156.404
2022-08-29 17:00:00,156.414
2022-08-29 18:00:00,156.424
2022-08-29 19:00:00,156.294
2022-08-30 05:00:00,155.254
2022-08-30 19:00:00,155.48399999999998
2022-08-31 05:00:00,154.504
2022-08-31 19:00:00,154.504
2022-09-01 05:00:00,154.884
2022-09-02 05:00:00,154.834
2022-09-06 05:00:00,154.819
2022-09-07 05:00:00,156.624
2022-09-08 05:00:00,157.184
2022-09-09 05:00:00,157.884
2022-09-09 14:00:00,158.164
2022-09-12 05:00:00,158.54399999999998
2022-09-13 05:00:00,155.634
2022-09-14 05:00:00,155.714
2022-09-15 05:00:00,154.85399999999998
2022-09-16 05:00:00,155.164
2022-09-19 05:00:00,155.73399999999998
2022-09-20 05:00:00,154.364
2022-09-21 05:00:00,154.094
2022-09-22 05:00:00,153.244
2022-09-22 13:00:00,154.10399999999998
2022-09-23 05:00:00,151.534
2022-09-26 05:00:00,150.069
2022-09-27 05:00:00,149.91899999999998
2022-09-28 05:00:00,152.084
2022-09-29 05:00:00,150.664
2022-09-29 14:00:00,149.85399999999998
2022-09-30 05:00:00,150.32399999999998
2022-09-30 15:00:00,151.35399999999998
2022-10-03 05:00:00,151.94899999999998
2022-10-03 13:00:00,151.054
2022-10-03 14:00:00,151.92399999999998
2022-10-03 15:00:00,151.95399999999998
2022-10-03 16:00:00,151.744
2022-10-03 17:00:00,151.82399999999998
2022-10-03 18:00:00,152.084
2022-10-03 19:00:00,152.224
2022-10-04 05:00:00,154.82399999999998
2022-10-04 13:00:00,153.784
2022-10-04 14:00:00,154.20399999999998
2022-10-04 15:00:00,154.23399999999998
2022-10-04 16:00:00,153.874
2022-10-04 17:00:00,153.894
2022-10-04 18:00:00,154.04399999999998
2022-10-04 19:00:00,154.614
2022-10-05 05:00:00,154.364
2022-10-05 13:00:00,153.634
2022-10-05 14:00:00,153.32399999999998
2022-10-05 15:00:00,153.564
2022-10-05 16:00:00,153.714
2022-10-05 17:00:00,153.844
2022-10-05 18:00:00,154.064
2022-10-05 19:00:00,154.334
2022-10-06 05:00:00,153.884
2022-10-06 13:00:00,154.214
2022-10-06 14:00:00,154.054
2022-10-06 15:00:00,153.994
2022-10-06 16:00:00,154.144
2022-10-06 17:00:00,154.314
2022-10-06 18:00:00,154.094
2022-10-07 05:00:00,152.374
2022-10-07 13:00:00,153.10399999999998
2022-10-07 14:00:00,153.194
2022-10-07 15:00:00,153.114
2022-10-07 16:00:00,152.914
2022-10-07 17:00:00,152.85399999999998
2022-10-07 18:00:00,152.654
2022-10-07 19:00:00,152.45399999999998
2022-10-10 05:00:00,150.904
2022-10-10 13:00:00,151.82399999999998
2022-10-10 14:00:00,151.244
2022-10-10 15:00:00,150.92399999999998
2022-10-10 16:00:00,150.444
2022-10-10 17:00:00,150.82399999999998
2022-10-10 18:00:00,150.774
2022-10-10 19:00:00,151.04399999999998
2022-10-11 05:00:00,151.094
2022-10-11 13:00:00,151.214
2022-10-11 14:00:00,151.094
2022-10-11 15:00:00,151.54399999999998
2022-10-11 16:00:00,151.79399999999998
2022-10-11 18:00:00,150.964
2022-10-12 05:00:00,151.32399999999998
2022-10-12 13:00:00,151.494
2022-10-12 14:00:00,151.23399999999998
2022-10-12 15:00:00,151.32399999999998
2022-10-12 16:00:00,151.554
2022-10-12 17:00:00,151.244
2022-10-12 18:00:00,151.504
2022-10-12 19:00:00,151.584
2022-10-13 05:00:00,151.594
2022-10-13 13:00:00,149.994
2022-10-13 14:00:00,150.474
2022-10-13 15:00:00,151.194
2022-10-13 16:00:00,151.01399999999998
2022-10-13 17:00:00,151.664
2022-10-13 18:00:00,151.474
2022-10-13 19:00:00,151.754
2022-10-14 05:00:00,151.194
2022-10-14 13:00:00,152.48399999999998
2022-10-14 14:00:00,151.394
2022-10-14 15:00:00,151.244
2022-10-14 16:00:00,151.444
2022-10-14 17:00:00,151.194
2022-10-14 18:00:00,150.76399999999998
2022-10-14 19:00:00,151.01399999999998
2022-10-17 05:00:00,152.804
2022-10-17 13:00:00,152.644
2022-10-17 14:00:00,152.404
2022-10-17 15:00:00,152.784
2022-10-17 16:00:00,152.644
2022-10-17 17:00:00,152.694
2022-10-17 18:00:00,152.694
2022-10-18 05:00:00,154.004
2022-10-18 13:00:00,153.564
2022-10-18 14:00:00,153.884
2022-10-18 15:00:00,153.45399999999998
2022-10-18 17:00:00,153.724
2022-10-18 18:00:00,153.51399999999998
2022-10-18 19:00:00,153.714
2022-10-19 05:00:00,152.694
2022-10-19 13:00:00,153.154
2022-10-19 14:00:00,152.974
2022-10-19 15:00:00,152.844
2022-10-19 16:00:00,152.614
2022-10-19 17:00:00,152.51399999999998
2022-10-19 18:00:00,152.634
2022-10-19 19:00:00,152.644
2022-10-20 05:00:00,151.994
2022-10-20 13:00:00,153.01399999999998
2022-10-20 14:00:00,153.384
2022-10-20 15:00:00,153.184
2022-10-20 16:00:00,152.804
2022-10-20 17:00:00,152.094
2022-10-20 18:00:00,151.914
2022-10-20 19:00:00,151.914
2022-10-21 05:00:00,153.10399999999998
2022-10-21 13:00:00,152.334
2022-10-21 15:00:00,152.634
2022-10-21 16:00:00,153.184
2022-10-21 17:00:00,153.084
2022-10-21 19:00:00,153.124
2022-10-24 05:00:00,153.284
2022-10-24 13:00:00,153.364
2022-10-24 14:00:00,152.784
2022-10-24 15:00:00,153.35399999999998
2022-10-24 19:00:00,153.164
2022-10-25 05:00:00,154.614
2022-10-25 13:00:00,154.144
2022-10-25 14:00:00,154.10399999999998
2022-10-25 15:00:00,154.414
2022-10-25 16:00:00,154.60399999999998
2022-10-25 17:00:00,154.414
2022-10-25 18:00:00,154.32399999999998
2022-10-25 19:00:00,154.364
2022-10-26 05:00:00,154.894
2022-10-26 13:00:00,155.284
2022-10-26 15:00:00,155.224
2022-10-26 16:00:00,154.624
2022-10-26 19:00:00,154.744
2022-10-27 05:00:00,155.95399999999998
2022-10-27 13:00:00,155.054
2022-10-27 14:00:00,155.374
2022-10-27 15:00:00,155.364
2022-10-27 16:00:00,155.434
2022-10-27 17:00:00,155.934
2022-10-27 18:00:00,155.994
2022-10-27 19:00:00,156.004
2022-10-28 05:00:00,156.934
2022-10-28 13:00:00,156.784
2022-10-28 14:00:00,156.904
2022-10-28 15:00:00,156.754
2022-10-28 16:00:00,157.094
2022-10-28 17:00:00,156.834
2022-10-28 18:00:00,156.874
2022-10-28 19:00:00,156.964
2022-10-31 05:00:00,155.07399999999998
2022-10-31 14:00:00,155.634
2022-10-31 15:00:00,155.714
2022-10-31 16:00:00,155.634
2022-10-31 18:00:00,155.594
2022-11-01 05:00:00,156.164
2022-11-01 13:00:00,155.974
2022-11-01 14:00:00,155.374
2022-11-01 15:00:00,155.754
2022-11-01 16:00:00,155.804
2022-11-01 17:00:00,155.894
2022-11-01 18:00:00,156.034
2022-11-01 19:00:00,156.084
2022-11-02 05:00:00,155.094
2022-11-02 13:00:00,155.76399999999998
2022-11-02 14:00:00,155.914
2022-11-02 15:00:00,156.064
2022-11-02 16:00:00,155.944
2022-11-02 17:00:00,156.194
2022-11-02 18:00:00,156.244
2022-11-02 19:00:00,155.384
2022-11-03 05:00:00,154.154
2022-11-03 13:00:00,153.434
2022-11-03 14:00:00,154.404
2022-11-03 15:00:00,153.934
2022-11-03 16:00:00,154.474
2022-11-03 17:00:00,154.314
2022-11-03 18:00:00,154.444
2022-11-03 19:00:00,154.224
2022-11-04 05:00:00,155.064
2022-11-04 13:00:00,154.79399999999998
2022-11-04 14:00:00,155.224
2022-11-04 15:00:00,154.614
2022-11-04 16:00:00,154.54399999999998
2022-11-04 17:00:00,154.444
2022-11-04 18:00:00,154.684
2022-11-04 19:00:00,155.224
2022-11-07 06:00:00,155.054
2022-11-07 14:00:00,155.024
2022-11-07 15:00:00,155.04399999999998
2022-11-07 16:00:00,154.714
2022-11-07 17:00:00,155.004
2022-11-07 18:00:00,154.95399999999998
2022-11-07 19:00:00,154.974
2022-11-07 20:00:00,155.07399999999998
2022-11-08 06:00:00,154.894
2022-11-08 14:00:00,155.17399999999998
2022-11-08 15:00:00,155.334
2022-11-08 16:00:00,155.35399999999998
2022-11-08 17:00:00,155.194
2022-11-08 18:00:00,154.95399999999998
2022-11-08 19:00:00,154.904
2022-11-08 20:00:00,155.274
2022-11-09 06:00:00,153.314
2022-11-09 14:00:00,154.274
2022-11-09 15:00:00,154.414
2022-11-09 16:00:00,154.414
2022-11-09 17:00:00,154.224
2022-11-09 18:00:00,153.82399999999998
2022-11-09 19:00:00,153.494
2022-11-10 06:00:00,156.904
2022-11-10 14:00:00,156.834
2022-11-10 15:00:00,156.834
2022-11-10 16:00:00,156.964
2022-11-10 17:00:00,156.594
2022-11-10 18:00:00,156.494
2022-11-10 19:00:00,156.57399999999998
2022-11-10 20:00:00,156.85399999999998
2022-11-11 06:00:00,157.654
2022-11-11 14:00:00,156.884
2022-11-11 15:00:00,157.404
2022-11-11 16:00:00,157.144
2022-11-11 17:00:00,156.964
2022-11-11 18:00:00,157.194
2022-11-11 19:00:00,157.79399999999998
2022-11-11 20:00:00,157.67399999999998
2022-11-14 06:00:00,156.714
2022-11-14 14:00:00,157.10399999999998
2022-11-14 15:00:00,156.98399999999998
2022-11-14 16:00:00,157.064
2022-11-14 17:00:00,157.054
2022-11-14 18:00:00,157.10399999999998
2022-11-14 19:00:00,157.034
2022-11-14 20:00:00,156.944
2022-11-15 06:00:00,158.184
2022-11-15 14:00:00,157.67399999999998
2022-11-15 15:00:00,157.644
2022-11-15 16:00:00,157.784
2022-11-15 17:00:00,157.874
2022-11-15 18:00:00,157.35399999999998
2022-11-15 19:00:00,157.464
2022-11-15 20:00:00,158.334
2022-11-16 06:00:00,157.839
2022-11-16 14:00:00,157.73399999999998
2022-11-16 15:00:00,157.73399999999998
2022-11-16 16:00:00,157.98399999999998
2022-11-16 17:00:00,157.994
2022-11-16 18:00:00,157.774
2022-11-16 19:00:00,157.85399999999998
2022-11-16 20:00:00,157.834
2022-11-17 06:00:00,157.224
2022-11-17 14:00:00,156.754
2022-11-17 15:00:00,156.894
2022-11-17 16:00:00,156.874
2022-11-17 17:00:00,157.29399999999998
2022-11-17 18:00:00,157.134
2022-11-17 19:00:00,157.024
2022-11-18 06:00:00,157.57899999999998
2022-11-18 14:00:00,157.594
2022-11-18 15:00:00,157.564
2022-11-18 16:00:00,157.404
2022-11-18 17:00:00,157.364
2022-11-18 18:00:00,157.464
2022-11-18 19:00:00,157.394
2022-11-18 20:00:00,157.54399999999998
2022-11-21 06:00:00,157.494
2022-11-21 14:00:00,157.524
2022-11-21 15:00:00,157.304
2022-11-21 16:00:00,157.244
2022-11-21 17:00:00,157.644
2022-11-21 18:00:00,157.474
2022-11-21 19:00:00,157.51399999999998
2022-11-21 20:00:00,157.57399999999998
2022-11-22 06:00:00,158.57399999999998
2022-11-22 14:00:00,157.73399999999998
2022-11-22 15:00:00,157.914
2022-11-22 16:00:00,158.184
2022-11-22 17:00:00,158.35399999999998
2022-11-22 18:00:00,158.17399999999998
2022-11-22 19:00:00,158.35399999999998
2022-11-23 06:00:00,159.42399999999998
2022-11-23 14:00:00,159.154
2022-11-23 15:00:00,159.23399999999998
2022-11-23 16:00:00,159.04399999999998
2022-11-23 20:00:00,159.554
2022-11-25 06:00:00,159.134
2022-11-25 15:00:00,159.17399999999998
2022-11-25 16:00:00,159.154
2022-11-25 17:00:00,159.034
2022-11-28 06:00:00,157.714
2022-11-28 14:00:00,158.694
2022-11-28 15:00:00,158.73399999999998
2022-11-28 16:00:00,158.594
2022-11-29 06:00:00,158.26399999999998
2022-11-29 15:00:00,157.38899999999998
2022-11-30 06:00:00,160.15399999999997
2022-12-01 06:00:00,160.98399999999998
2022-12-02 06:00:00,160.89399999999998
2022-12-05 06:00:00,159.63899999999998
2022-12-06 06:00:00,159.04399999999998
2022-12-07 06:00:00,159.814
2022-12-08 06:00:00,159.914
2022-12-09 06:00:00,159.909
2022-12-12 06:00:00,160.43399999999997
2022-12-13 06:00:00,161.909
2022-12-14 06:00:00,161.05399999999997
2022-12-15 06:00:00,160.719
2022-12-16 06:00:00,159.67899999999997
2022-12-19 06:00:00,159.23899999999998
2022-12-20 06:00:00,158.80899999999997
2022-12-21 06:00:00,159.95899999999997
2022-12-22 06:00:00,159.11399999999998
2022-12-23 06:00:00,159.76899999999998
2022-12-27 06:00:00,158.42899999999997
2022-12-28 06:00:00,156.439
2022-12-29 06:00:00,158.22899999999998
2022-12-30 06:00:00,158.259
2022-12-30 18:00:00,158.23899999999998
2023-01-03 06:00:00,158.74899999999997
2023-01-03 20:00:00,158.72899999999998
2023-01-04 06:00:00,160.259
2023-01-04 15:00:00,159.439
2023-01-04 16:00:00,159.52899999999997
2023-01-04 17:00:00,159.789
2023-01-04 18:00:00,159.95899999999997
2023-01-04 19:00:00,159.819
2023-01-05 06:00:00,160.07899999999998
2023-01-05 14:00:00,159.70899999999997
2023-01-05 15:00:00,159.76899999999998
2023-01-05 16:00:00,159.89899999999997
2023-01-05 17:00:00,159.89899999999997
2023-01-05 20:00:00,160.02899999999997
2023-01-06 06:00:00,161.91899999999998
2023-01-06 14:00:00,160.79899999999998
2023-01-06 15:00:00,161.26899999999998
2023-01-06 17:00:00,161.439
2023-01-06 18:00:00,161.60899999999998
2023-01-06 19:00:00,161.969
2023-01-06 20:00:00,162.23899999999998
2023-01-09 06:00:00,162.48899999999998
2023-01-09 14:00:00,162.24899999999997
2023-01-09 15:00:00,162.52899999999997
2023-01-09 17:00:00,162.469
2023-01-10 06:00:00,162.35899999999998
2023-01-10 14:00:00,162.32899999999998
2023-01-10 15:00:00,162.19899999999998
2023-01-10 16:00:00,162.069
2023-01-10 17:00:00,162.24899999999997
2023-01-10 18:00:00,162.319
2023-01-10 19:00:00,162.319
2023-01-10 20:00:00,162.19899999999998
2023-01-11 06:00:00,163.23399999999998
2023-01-11 14:00:00,162.909
2023-01-11 16:00:00,162.72899999999998
2023-01-11 19:00:00,163.01899999999998
2023-01-11 20:00:00,163.16899999999998
2023-01-12 06:00:00,163.97899999999998
2023-01-12 14:00:00,162.98899999999998
2023-01-12 15:00:00,163.35899999999998
2023-01-12 16:00:00,163.41899999999998
2023-01-12 18:00:00,163.819
2023-01-12 19:00:00,163.86899999999997
2023-01-12 20:00:00,163.97899999999998
2023-01-13 06:00:00,163.969
2023-01-13 14:00:00,163.44899999999998
2023-01-13 15:00:00,163.759
2023-01-13 20:00:00,163.92899999999997
2023-01-17 06:00:00,163.509
2023-01-17 14:00:00,163.349
2023-01-17 15:00:00,163.55899999999997
2023-01-17 17:00:00,163.49899999999997
2023-01-17 19:00:00,163.52899999999997
2023-01-18 06:00:00,163.689
2023-01-18 14:00:00,164.36899999999997
2023-01-18 16:00:00,163.939
2023-01-18 17:00:00,163.80899999999997
2023-01-18 19:00:00,163.83899999999997
2023-01-19 06:00:00,162.83899999999997
2023-01-19 14:00:00,163.20899999999997
2023-01-19 15:00:00,163.099
2023-01-19 16:00:00,162.86899999999997
2023-01-19 17:00:00,162.759
2023-01-19 20:00:00,162.89899999999997
2023-01-20 06:00:00,163.04899999999998
2023-01-20 14:00:00,162.41899999999998
2023-01-20 15:00:00,162.599
2023-01-20 16:00:00,162.379
2023-01-20 17:00:00,162.30899999999997
2023-01-20 19:00:00,162.47899999999998
2023-01-23 06:00:00,162.97899999999998
2023-01-23 14:00:00,162.939
2023-01-23 15:00:00,163.099
2023-01-23 16:00:00,163.159
2023-01-23 17:00:00,163.08899999999997
2023-01-23 18:00:00,163.24899999999997
2023-01-23 19:00:00,162.879
2023-01-24 06:00:00,163.08899999999997
2023-01-24 14:00:00,162.60899999999998
2023-01-24 15:00:00,162.599
2023-01-24 17:00:00,162.879
2023-01-24 18:00:00,163.009
2023-01-24 19:00:00,163.08899999999997
2023-01-24 20:00:00,162.92899999999997
2023-01-25 06:00:00,163.05899999999997
2023-01-25 14:00:00,162.439
2023-01-25 15:00:00,162.689
2023-01-26 06:00:00,163.469
2023-01-26 14:00:00,163.069
2023-01-26 15:00:00,163.13899999999998
2023-01-26 18:00:00,163.20899999999997
2023-01-27 06:00:00,162.94899999999998
2023-01-27 14:00:00,163.22899999999998
2023-01-27 15:00:00,163.07899999999998
2023-01-27 18:00:00,162.89899999999997
2023-01-27 20:00:00,162.92899999999997
2023-01-30 06:00:00,162.159
2023-01-30 16:00:00,162.29899999999998
2023-01-30 17:00:00,162.39899999999997
2023-01-30 20:00:00,162.19899999999998
2023-01-31 06:00:00,163.24899999999997
2023-01-31 17:00:00,162.73899999999998
2023-02-01 06:00:00,164.68399999999997
2023-02-01 14:00:00,163.469
2023-02-01 15:00:00,163.349
2023-02-01 18:00:00,163.219
2023-02-01 20:00:00,164.86899999999997
2023-02-02 06:00:00,165.57899999999998
2023-02-02 14:00:00,165.409
2023-02-02 15:00:00,165.64899999999997
2023-02-02 16:00:00,165.61899999999997
2023-02-02 20:00:00,165.509
2023-02-03 06:00:00,164.01899999999998
2023-02-03 14:00:00,164.509
2023-02-03 15:00:00,164.73899999999998
2023-02-03 17:00:00,164.41899999999998
2023-02-03 18:00:00,164.379
2023-02-06 06:00:00,163.01899999999998
2023-02-06 14:00:00,163.099
2023-02-06 15:00:00,163.10899999999998
2023-02-06 17:00:00,163.039
2023-02-06 18:00:00,163.159
2023-02-07 06:00:00,163.58899999999997
2023-02-07 14:00:00,162.92899999999997
2023-02-07 15:00:00,163.04899999999998
2023-02-07 16:00:00,163.129
2023-02-07 18:00:00,163.02899999999997
2023-02-07 19:00:00,163.45899999999997
2023-02-08 06:00:00,163.009
2023-02-08 14:00:00,163.289
2023-02-08 16:00:00,163.02899999999997
2023-02-09 06:00:00,162.05899999999997
2023-02-09 14:00:00,163.24899999999997
2023-02-09 15:00:00,162.92899999999997
2023-02-09 16:00:00,162.789
2023-02-09 18:00:00,162.509
2023-02-09 19:00:00,162.38899999999998
2023-02-10 06:00:00,160.914
2023-02-10 14:00:00,161.599
2023-02-10 15:00:00,161.39899999999997
2023-02-10 16:00:00,161.14899999999997
2023-02-10 17:00:00,161.10899999999998
2023-02-10 20:00:00,160.909
2023-02-13 06:00:00,161.379
2023-02-13 14:00:00,161.19899999999998
2023-02-13 16:00:00,161.189
2023-02-13 18:00:00,161.599
2023-02-13 20:00:00,161.39899999999997
2023-02-14 06:00:00,161.319
2023-02-14 14:00:00,160.92899999999997
2023-02-14 15:00:00,161.159
2023-02-14 16:00:00,160.74899999999997
2023-02-14 17:00:00,160.77899999999997
2023-02-14 18:00:00,161.10899999999998
2023-02-14 19:00:00,161.16899999999998
2023-02-14 20:00:00,161.16899999999998
2023-02-15 06:00:00,161.069
2023-02-15 14:00:00,160.57899999999998
2023-02-15 17:00:00,160.599
2023-02-16 06:00:00,159.879
2023-02-16 14:00:00,159.789
2023-02-16 15:00:00,160.16899999999998
2023-02-16 16:00:00,160.159
2023-02-17 06:00:00,160.254
2023-02-17 14:00:00,159.47899999999998
2023-02-17 15:00:00,159.58899999999997
2023-02-17 16:00:00,159.439
2023-02-17 20:00:00,160.349
2023-02-21 06:00:00,158.069
2023-02-21 14:00:00,158.67899999999997
2023-02-21 15:00:00,158.47899999999998
2023-02-21 16:00:00,158.44899999999998
2023-02-21 17:00:00,158.29899999999998
2023-02-21 19:00:00,157.85899999999998
2023-02-21 20:00:00,157.98899999999998
2023-02-22 06:00:00,159.01899999999998
2023-02-22 14:00:00,158.95899999999997
2023-02-22 15:00:00,158.659
2023-02-22 16:00:00,158.69899999999998
2023-02-22 17:00:00,159.039
2023-02-22 20:00:00,158.88899999999998
2023-02-23 06:00:00,160.29399999999998
2023-02-23 14:00:00,159.88899999999998
2023-02-23 15:00:00,159.599
2023-02-23 16:00:00,159.39899999999997
2023-02-23 17:00:00,159.52899999999997
2023-02-23 18:00:00,159.659
2023-02-23 19:00:00,160.189
2023-02-23 20:00:00,160.41899999999998
2023-02-24 06:00:00,159.48899999999998
2023-02-24 14:00:00,159.35899999999998
2023-02-24 15:00:00,159.409
2023-02-24 16:00:00,159.41899999999998
2023-02-24 17:00:00,159.39899999999997
2023-02-24 18:00:00,159.52899999999997
2023-02-24 19:00:00,159.55899999999997
2023-02-24 20:00:00,159.539
2023-02-27 06:00:00,160.35899999999998
2023-02-27 15:00:00,160.23899999999998
2023-02-27 20:00:00,160.34899999999996
2023-02-28 06:00:00,160.09899999999996
2023-02-28 15:00:00,160.03899999999996
2023-03-01 06:00:00,159.83899999999997
2023-03-01 14:00:00,159.98899999999998
2023-03-01 15:00:00,159.50899999999996
2023-03-01 19:00:00,159.90899999999996
2023-03-02 06:00:00,160.00399999999996
2023-03-02 14:00:00,159.29899999999998
2023-03-02 15:00:00,159.46899999999997
2023-03-02 16:00:00,159.55899999999997
2023-03-02 17:00:00,159.52899999999997
2023-03-02 18:00:00,159.83899999999997
2023-03-02 19:00:00,159.85899999999998
2023-03-03 06:00:00,161.46899999999997
2023-03-03 14:00:00,160.87899999999996
2023-03-03 15:00:00,160.65899999999996
2023-03-03 17:00:00,161.23899999999998
2023-03-06 06:00:00,161.48899999999998
2023-03-06 14:00:00,161.77899999999997
2023-03-06 18:00:00,161.43899999999996
2023-03-06 19:00:00,161.40899999999996
2023-03-06 20:00:00,161.44899999999998
2023-03-07 06:00:00,160.52399999999997
2023-03-07 14:00:00,161.39899999999997
2023-03-07 15:00:00,160.75899999999996
2023-03-07 16:00:00,160.83899999999997
2023-03-07 17:00:00,160.98899999999998
2023-03-07 19:00:00,160.63899999999998
2023-03-08 06:00:00,159.86899999999997
2023-03-08 14:00:00,160.61899999999997
2023-03-08 15:00:00,160.45899999999997
2023-03-08 16:00:00,160.34899999999996
2023-03-08 17:00:00,160.28899999999996
2023-03-08 18:00:00,159.74899999999997
2023-03-08 20:00:00,159.83899999999997
2023-03-09 06:00:00,159.26899999999998
2023-03-09 14:00:00,160.53899999999996
2023-03-09 15:00:00,160.49899999999997
2023-03-09 16:00:00,160.48899999999998
2023-03-09 17:00:00,160.32899999999998
2023-03-09 20:00:00,159.16899999999998
2023-03-10 06:00:00,159.19399999999996
2023-03-10 14:00:00,159.64899999999997
2023-03-10 15:00:00,159.51899999999998
2023-03-10 16:00:00,159.74899999999997
2023-03-10 17:00:00,159.42899999999997
2023-03-10 20:00:00,158.99899999999997
2023-03-13 05:00:00,158.47899999999998
2023-03-13 14:00:00,159.90899999999996
2023-03-13 15:00:00,159.85899999999998
2023-03-13 18:00:00,159.06899999999996
2023-03-13 19:00:00,158.59899999999996
2023-03-14 05:00:00,159.50399999999996
2023-03-14 13:00:00,159.49899999999997
2023-03-14 14:00:00,159.80899999999997
2023-03-14 15:00:00,160.05899999999997
2023-03-15 05:00:00,158.85899999999998
2023-03-15 13:00:00,158.48899999999998
2023-03-15 14:00:00,158.12899999999996
2023-03-15 15:00:00,158.28899999999996
2023-03-15 19:00:00,158.80899999999997
2023-03-16 05:00:00,159.75399999999996
2023-03-16 13:00:00,158.53899999999996
2023-03-16 14:00:00,158.41899999999998
2023-03-16 16:00:00,159.20899999999997
2023-03-17 05:00:00,158.83899999999997
2023-03-17 13:00:00,159.18899999999996
2023-03-17 14:00:00,159.22899999999998
2023-03-17 16:00:00,158.89899999999997
2023-03-20 05:00:00,158.56899999999996
2023-03-20 13:00:00,158.87899999999996
2023-03-20 18:00:00,158.49899999999997
2023-03-20 19:00:00,158.54899999999998
2023-03-21 05:00:00,160.14399999999998
2023-03-21 13:00:00,159.56899999999996
2023-03-21 15:00:00,159.40899999999996
2023-03-21 16:00:00,159.55899999999997
2023-03-21 17:00:00,159.47899999999998
2023-03-21 18:00:00,159.46899999999997
2023-03-22 05:00:00,160.18399999999997
2023-03-22 13:00:00,159.76899999999998
2023-03-22 15:00:00,159.82899999999998
2023-03-22 18:00:00,161.50899999999996
2023-03-23 05:00:00,159.72399999999996
2023-03-23 13:00:00,160.36899999999997
2023-03-23 14:00:00,160.44899999999998
2023-03-23 15:00:00,160.84899999999996
2023-03-23 16:00:00,160.71899999999997
2023-03-24 05:00:00,159.48399999999998
2023-03-24 13:00:00,159.36899999999997
2023-03-24 14:00:00,159.03899999999996
2023-03-24 15:00:00,159.14899999999997
2023-03-24 16:00:00,159.14899999999997
2023-03-27 05:00:00,159.14899999999997
2023-03-27 13:00:00,159.77899999999997
2023-03-27 14:00:00,159.37899999999996
2023-03-27 15:00:00,159.34899999999996
2023-03-27 16:00:00,159.37899999999996
2023-03-27 18:00:00,159.39899999999997
2023-03-27 19:00:00,159.37899999999996
2023-03-28 05:00:00,159.16899999999998
2023-03-28 13:00:00,158.91899999999998
2023-03-28 14:00:00,158.94899999999998
2023-03-28 15:00:00,159.28899999999996
2023-03-28 19:00:00,159.15899999999996
2023-03-29 05:00:00,160.87399999999997
2023-03-29 13:00:00,160.10899999999998
2023-03-29 15:00:00,160.10899999999998
2023-03-30 05:00:00,161.64899999999997
2023-03-30 13:00:00,161.03899999999996
2023-03-30 14:00:00,161.14899999999997
2023-03-30 17:00:00,160.83899999999997
2023-03-30 18:00:00,161.14899999999997
2023-03-31 05:00:00,163.44899999999998
2023-03-31 13:00:00,162.41899999999998
2023-03-31 14:00:00,162.58899999999997
2023-03-31 15:00:00,162.88899999999998
2023-03-31 16:00:00,163.00899999999996
2023-03-31 17:00:00,163.01899999999998
2023-03-31 18:00:00,163.15899999999996
2023-03-31 19:00:00,163.36899999999997
2023-04-03 05:00:00,163.29899999999998
2023-04-03 14:00:00,163.34899999999996
2023-04-03 15:00:00,163.21899999999997
2023-04-03 17:00:00,163.01899999999998
2023-04-04 05:00:00,162.93899999999996
2023-04-04 13:00:00,163.03899999999996
2023-04-04 14:00:00,163.25899999999996
2023-04-04 15:00:00,163.00899999999996
2023-04-04 16:00:00,163.00899999999996
2023-04-04 17:00:00,163.04899999999998
2023-04-04 18:00:00,162.95899999999997
2023-04-04 19:00:00,162.86899999999997
2023-04-05 05:00:00,162.14899999999997
2023-04-05 13:00:00,162.74899999999997
2023-04-05 15:00:00,162.56899999999996
2023-04-05 16:00:00,162.19899999999998
2023-04-05 17:00:00,162.19899999999998
2023-04-05 18:00:00,162.20899999999997
2023-04-05 19:00:00,162.04899999999998
2023-04-06 05:00:00,162.77899999999997
2023-04-06 13:00:00,161.80899999999997
2023-04-06 14:00:00,162.11899999999997
2023-04-06 16:00:00,162.61899999999997
2023-04-06 18:00:00,162.89899999999997
2023-04-06 19:00:00,162.70899999999997
2023-04-10 05:00:00,162.62899999999996
2023-04-10 13:00:00,162.11899999999997
2023-04-10 14:00:00,162.15899999999996
2023-04-10 15:00:00,162.16899999999998
2023-04-10 16:00:00,162.19899999999998
2023-04-10 17:00:00,162.45899999999997
2023-04-10 18:00:00,162.58899999999997
2023-04-10 19:00:00,162.58899999999997
2023-04-11 05:00:00,162.89899999999997
2023-04-11 13:00:00,162.61899999999997
2023-04-11 14:00:00,162.56899999999996
2023-04-11 16:00:00,162.67899999999997
2023-04-11 19:00:00,162.97899999999998
2023-04-12 05:00:00,162.83899999999997
2023-04-12 13:00:00,163.36899999999997
2023-04-12 14:00:00,163.07899999999998
2023-04-12 15:00:00,162.97899999999998
2023-04-13 05:00:00,163.62899999999996
2023-04-13 14:00:00,163.56899999999996
2023-04-13 15:00:00,163.59899999999996
2023-04-13 18:00:00,163.68899999999996
2023-04-13 19:00:00,163.62899999999996
2023-04-14 05:00:00,163.29899999999998
2023-04-14 14:00:00,163.54899999999998
2023-04-14 19:00:00,163.29899999999998
2023-04-17 05:00:00,162.95399999999998
2023-04-17 13:00:00,162.80899999999997
2023-04-17 14:00:00,162.89899999999997
2023-04-18 05:00:00,162.99899999999997
2023-04-18 14:00:00,163.16899999999998
2023-04-18 17:00:00,162.87899999999996
2023-04-18 19:00:00,162.96899999999997
2023-04-19 05:00:00,162.46899999999997
2023-04-19 14:00:00,162.53899999999996
2023-04-19 17:00:00,162.58899999999997
2023-04-20 05:00:00,162.34399999999997
2023-04-20 19:00:00,162.07899999999998
2023-04-21 05:00:00,162.69899999999998
2023-04-21 14:00:00,162.39899999999997
2023-04-21 16:00:00,162.45899999999997
2023-04-21 19:00:00,162.50899999999996
2023-04-24 05:00:00,163.02899999999997
2023-04-24 13:00:00,162.85899999999998
2023-04-24 14:00:00,162.84899999999996
2023-04-24 15:00:00,162.74899999999997
2023-04-24 16:00:00,162.61899999999997
2023-04-24 17:00:00,162.78899999999996
2023-04-25 05:00:00,162.74899999999997
2023-04-25 13:00:00,162.96899999999997
2023-04-25 14:00:00,163.06899999999996
2023-04-25 18:00:00,162.80899999999997
2023-04-26 05:00:00,162.23899999999998
2023-04-26 14:00:00,162.31899999999996
2023-04-26 15:00:00,162.26899999999998
2023-04-26 16:00:00,162.31899999999996
2023-04-26 17:00:00,162.38899999999998
2023-04-26 18:00:00,162.23899999999998
2023-04-26 19:00:00,162.16899999999998
2023-04-27 05:00:00,162.67899999999997
2023-04-27 13:00:00,162.39899999999997
2023-04-27 14:00:00,162.60899999999998
2023-04-28 05:00:00,163.33399999999997
2023-04-28 14:00:00,163.29899999999998
2023-04-28 15:00:00,163.24899999999997
2023-04-28 17:00:00,163.33899999999997
2023-05-01 05:00:00,162.56399999999996
2023-05-01 13:00:00,162.99899999999997
2023-05-01 14:00:00,162.94899999999998
2023-05-01 15:00:00,162.70899999999997
2023-05-01 16:00:00,162.70899999999997
2023-05-01 17:00:00,162.70899999999997
2023-05-01 18:00:00,162.53899999999996
2023-05-01 19:00:00,162.45899999999997
2023-05-02 05:00:00,162.56899999999996
2023-05-02 13:00:00,162.32899999999998
2023-05-02 14:00:00,162.28899999999996
2023-05-02 15:00:00,162.11899999999997
2023-05-02 17:00:00,162.51899999999998
2023-05-02 18:00:00,162.52899999999997
2023-05-03 05:00:00,162.50899999999996
2023-05-03 13:00:00,162.89899999999997
2023-05-03 14:00:00,162.81899999999996
2023-05-03 15:00:00,162.71899999999997
2023-05-03 18:00:00,162.90899999999996
2023-05-03 19:00:00,162.75899999999996
2023-05-04 05:00:00,161.90899999999996
2023-05-04 13:00:00,161.81899999999996
2023-05-04 14:00:00,161.71899999999997
2023-05-04 16:00:00,161.82899999999998
2023-05-04 17:00:00,161.79899999999998
2023-05-04 18:00:00,161.89899999999997
2023-05-04 19:00:00,161.81899999999996
2023-05-05 05:00:00,162.65899999999996
2023-05-05 13:00:00,162.40899999999996
2023-05-05 14:00:00,162.46899999999997
2023-05-05 15:00:00,162.36899999999997
2023-05-05 18:00:00,162.86899999999997
2023-05-05 19:00:00,162.77899999999997
2023-05-08 05:00:00,162.24899999999997
2023-05-08 13:00:00,162.18899999999996
2023-05-08 14:00:00,162.22899999999998
2023-05-08 15:00:00,162.13899999999998
2023-05-08 19:00:00,162.16899999999998
2023-05-09 05:00:00,161.96899999999997
2023-05-09 13:00:00,161.82899999999998
2023-05-09 19:00:00,161.91899999999998
2023-05-10 05:00:00,162.72399999999996
2023-05-10 13:00:00,162.85899999999998
2023-05-10 14:00:00,162.72899999999998
2023-05-10 15:00:00,162.50899999999996
2023-05-10 16:00:00,162.40899999999996
2023-05-10 17:00:00,162.35899999999998
2023-05-10 18:00:00,162.38899999999998
2023-05-10 19:00:00,162.69899999999998
2023-05-11 05:00:00,162.51399999999998
2023-05-11 13:00:00,162.48899999999998
2023-05-11 14:00:00,162.46899999999997
2023-05-11 18:00:00,162.47899999999998
2023-05-11 19:00:00,162.51899999999998
2023-05-12 05:00:00,161.89399999999998
2023-05-12 14:00:00,162.30899999999997
2023-05-12 15:00:00,162.07899999999998
2023-05-12 17:00:00,161.66899999999998
2023-05-12 18:00:00,161.66899999999998
2023-05-12 19:00:00,161.87899999999996
2023-05-15 05:00:00,161.85899999999998
2023-05-15 13:00:00,161.77899999999997
2023-05-15 14:00:00,161.74899999999997
2023-05-15 15:00:00,161.88899999999998
2023-05-15 16:00:00,161.95899999999997
2023-05-15 19:00:00,161.83899999999997
2023-05-16 05:00:00,160.91899999999998
2023-05-16 13:00:00,161.39899999999997
2023-05-16 14:00:00,161.45899999999997
2023-05-16 15:00:00,161.36899999999997
2023-05-16 16:00:00,161.37899999999996
2023-05-16 18:00:00,161.37899999999996
2023-05-16 19:00:00,160.76899999999998
2023-05-17 05:00:00,161.11399999999998
2023-05-17 13:00:00,160.97899999999998
2023-05-17 14:00:00,161.06899999999996
2023-05-17 15:00:00,161.11899999999997
2023-05-17 16:00:00,161.42899999999997
2023-05-17 18:00:00,161.27899999999997
2023-05-17 19:00:00,161.12899999999996
2023-05-18 05:00:00,161.13899999999998
2023-05-18 13:00:00,160.66899999999998
2023-05-18 14:00:00,160.87899999999996
2023-05-18 15:00:00,161.12899999999996
2023-05-18 16:00:00,160.96899999999997
2023-05-18 17:00:00,160.95899999999997
2023-05-18 18:00:00,160.91899999999998
2023-05-18 19:00:00,161.04899999999998
2023-05-19 05:00:00,161.31899999999996
2023-05-19 13:00:00,161.16899999999998
2023-05-19 14:00:00,161.36899999999997
2023-05-19 15:00:00,161.24899999999997
2023-05-19 19:00:00,161.21899999999997
2023-05-22 05:00:00,161.75399999999996
2023-05-22 13:00:00,161.59899999999996
2023-05-22 14:00:00,161.41899999999998
2023-05-22 15:00:00,161.45899999999997
2023-05-22 16:00:00,161.45899999999997
2023-05-22 17:00:00,161.78899999999996
2023-05-22 19:00:00,161.72899999999998
2023-05-23 05:00:00,161.21899999999997
2023-05-23 13:00:00,161.27899999999997
2023-05-23 14:00:00,161.69899999999998
2023-05-23 15:00:00,161.65899999999996
2023-05-23 17:00:00,161.28899999999996
2023-05-23 18:00:00,161.31899999999996
2023-05-23 19:00:00,161.08899999999997
2023-05-24 05:00:00,160.30399999999997
2023-05-24 13:00:00,160.77899999999997
2023-05-24 14:00:00,160.48899999999998
2023-05-24 15:00:00,160.39899999999997
2023-05-24 16:00:00,160.39899999999997
2023-05-24 17:00:00,160.14899999999997
2023-05-24 18:00:00,160.33899999999997
2023-05-24 19:00:00,160.43899999999996
2023-05-25 05:00:00,160.16399999999996
2023-05-25 13:00:00,160.30899999999997
2023-05-25 14:00:00,160.47899999999998
2023-05-25 18:00:00,160.09899999999996
2023-05-25 19:00:00,160.18899999999996
2023-05-26 05:00:00,160.89899999999997
2023-05-26 13:00:00,160.41899999999998
2023-05-26 14:00:00,160.60899999999998
2023-05-26 15:00:00,160.60899999999998
2023-05-26 16:00:00,160.68899999999996
2023-05-26 17:00:00,160.72899999999998
2023-05-26 19:00:00,160.87899999999996
2023-05-30 05:00:00,161.53899999999996
2023-05-30 13:00:00,161.43399999999997
2023-05-30 14:00:00,161.41399999999996
2023-05-30 17:00:00,161.43399999999997
2023-05-30 18:00:00,161.43399999999997
2023-05-31 05:00:00,161.11899999999997
2023-06-01 05:00:00,161.46399999999997
2023-06-01 14:00:00,161.41399999999996
2023-06-01 15:00:00,161.54399999999998
2023-06-01 16:00:00,161.49399999999997
2023-06-01 17:00:00,161.65399999999997
2023-06-01 18:00:00,161.51399999999998
2023-06-01 19:00:00,161.47399999999996
2023-06-02 05:00:00,162.56899999999996
2023-06-02 13:00:00,161.70399999999998
2023-06-02 14:00:00,163.07399999999996
2023-06-02 15:00:00,162.40399999999997
2023-06-02 16:00:00,162.37399999999997
2023-06-02 17:00:00,162.70399999999998
2023-06-02 18:00:00,162.57399999999996
2023-06-02 19:00:00,162.73399999999998
2023-06-05 05:00:00,162.45899999999997
2023-06-05 13:00:00,162.22399999999996
2023-06-05 14:00:00,162.43399999999997
2023-06-05 15:00:00,162.38399999999996
2023-06-05 16:00:00,162.52399999999997
2023-06-05 17:00:00,162.43399999999997
2023-06-05 18:00:00,162.42399999999998
2023-06-05 19:00:00,162.38399999999996
2023-06-06 05:00:00,162.84899999999996
2023-06-06 13:00:00,162.16399999999996
2023-06-06 14:00:00,162.35399999999996
2023-06-06 15:00:00,162.53399999999996
2023-06-06 16:00:00,162.53399999999996
2023-06-06 17:00:00,162.60399999999996
2023-06-06 18:00:00,162.75399999999996
2023-06-06 19:00:00,162.89399999999998
2023-06-07 05:00:00,162.04899999999998
2023-06-07 13:00:00,163.05399999999997
2023-06-07 14:00:00,162.56399999999996
2023-06-07 15:00:00,162.56399999999996
2023-06-07 17:00:00,162.13399999999996
2023-06-07 18:00:00,162.22399999999996
2023-06-07 19:00:00,162.05399999999997
2023-06-08 05:00:00,162.88399999999996
2023-06-08 13:00:00,162.31399999999996
2023-06-08 14:00:00,162.44399999999996
2023-06-08 15:00:00,162.55399999999997
2023-06-09 05:00:00,162.87399999999997
2023-06-09 13:00:00,162.88399999999996
2023-06-09 14:00:00,163.13399999999996
2023-06-09 19:00:00,162.99399999999997
2023-06-12 05:00:00,162.80899999999997
2023-06-12 14:00:00,162.58399999999997
2023-06-12 17:00:00,162.73399999999998
2023-06-12 18:00:00,162.86399999999998
2023-06-12 19:00:00,162.85399999999996
2023-06-13 05:00:00,162.69399999999996
2023-06-13 13:00:00,163.31399999999996
2023-06-13 14:00:00,162.78399999999996
2023-06-13 17:00:00,163.09399999999997
2023-06-13 19:00:00,162.85399999999996
2023-06-14 05:00:00,162.96899999999997
2023-06-14 18:00:00,162.73399999999998
2023-06-14 19:00:00,162.95399999999998
2023-06-15 05:00:00,163.48399999999998
2023-06-15 14:00:00,163.38399999999996
2023-06-15 15:00:00,163.24399999999997
2023-06-15 16:00:00,163.20399999999998
2023-06-15 19:00:00,163.43399999999997
2023-06-16 05:00:00,163.17399999999998
2023-06-16 13:00:00,163.25399999999996
2023-06-16 14:00:00,163.25399999999996
2023-06-16 17:00:00,163.33399999999997
2023-06-16 18:00:00,163.27399999999997
2023-06-16 19:00:00,163.26399999999998
2023-06-20 05:00:00,162.86399999999998
2023-06-20 13:00:00,163.08399999999997
2023-06-20 15:00:00,163.06399999999996
2023-06-20 16:00:00,163.07399999999996
2023-06-21 05:00:00,162.38899999999998
2023-06-21 13:00:00,162.47399999999996
2023-06-21 17:00:00,162.30399999999997
2023-06-21 18:00:00,162.66399999999996
2023-06-21 19:00:00,162.54399999999998
2023-06-22 05:00:00,161.93399999999997
2023-06-22 14:00:00,162.20399999999998
2023-06-22 15:00:00,162.04399999999998
2023-06-22 16:00:00,162.07399999999996
2023-06-22 18:00:00,162.09399999999997
2023-06-22 19:00:00,161.94399999999996
2023-06-23 05:00:00,161.61399999999998
2023-06-23 13:00:00,161.18399999999997
2023-06-23 14:00:00,161.64399999999998
2023-06-23 16:00:00,161.57399999999996
2023-06-23 18:00:00,161.56399999999996
2023-06-23 19:00:00,161.62399999999997
2023-06-26 05:00:00,161.68899999999996
2023-06-26 14:00:00,161.74399999999997
2023-06-26 15:00:00,161.64399999999998
2023-06-26 16:00:00,161.61399999999998
2023-06-26 17:00:00,161.73399999999998
2023-06-26 18:00:00,161.68399999999997
2023-06-26 19:00:00,161.77399999999997
2023-06-27 05:00:00,162.15399999999997
2023-06-27 13:00:00,162.02399999999997
2023-06-27 15:00:00,162.18399999999997
2023-06-27 16:00:00,162.24399999999997
2023-06-27 17:00:00,162.27399999999997
2023-06-28 05:00:00,162.89399999999998
2023-06-29 05:00:00,162.57899999999998
2023-06-29 14:00:00,162.36399999999998
2023-06-29 18:00:00,162.39399999999998
2023-06-29 19:00:00,162.47399999999996
2023-06-30 05:00:00,163.31899999999996
2023-06-30 14:00:00,163.20399999999998
2023-06-30 19:00:00,163.39399999999998
2023-07-03 05:00:00,162.99899999999997
2023-07-03 13:00:00,163.28399999999996
2023-07-03 14:00:00,163.01399999999998
2023-07-03 15:00:00,163.00399999999996
2023-07-03 16:00:00,163.03399999999996
2023-07-05 05:00:00,162.55399999999997
2023-07-05 13:00:00,162.74399999999997
2023-07-05 14:00:00,162.69399999999996
2023-07-05 15:00:00,162.71399999999997
2023-07-05 16:00:00,162.46399999999997
2023-07-05 17:00:00,162.47399999999996
2023-07-05 18:00:00,162.57399999999996
2023-07-05 19:00:00,162.57399999999996
2023-07-06 05:00:00,161.50399999999996
2023-07-06 13:00:00,161.52399999999997
2023-07-06 14:00:00,161.28399999999996
2023-07-06 15:00:00,161.29399999999998
2023-07-06 16:00:00,161.34399999999997
2023-07-06 18:00:00,161.57399999999996
2023-07-06 19:00:00,161.50399999999996
2023-07-07 05:00:00,161.59899999999996
2023-07-07 13:00:00,161.80399999999997
2023-07-07 14:00:00,162.08399999999997
2023-07-07 16:00:00,162.29399999999998
2023-07-07 17:00:00,162.30399999999997
2023-07-07 19:00:00,161.68399999999997
2023-07-10 05:00:00,162.15899999999996
2023-07-10 14:00:00,161.89399999999998
2023-07-10 19:00:00,162.20399999999998
2023-07-11 05:00:00,162.65399999999997
2023-07-11 13:00:00,162.52399999999997
2023-07-11 14:00:00,162.40399999999997
2023-07-11 15:00:00,162.43399999999997
2023-07-11 16:00:00,162.53399999999996
2023-07-11 17:00:00,162.63399999999996
2023-07-11 18:00:00,162.59399999999997
2023-07-11 19:00:00,162.68399999999997
2023-07-12 05:00:00,163.78899999999996
2023-07-12 13:00:00,163.59399999999997
2023-07-12 15:00:00,163.74399999999997
2023-07-12 16:00:00,163.68399999999997
2023-07-12 18:00:00,163.86399999999998
2023-07-12 19:00:00,163.91399999999996
2023-07-13 05:00:00,164.75899999999996
2023-07-13 13:00:00,164.59399999999997
2023-07-13 14:00:00,164.44399999999996
2023-07-13 15:00:00,164.32399999999996
2023-07-13 16:00:00,164.46399999999997
2023-07-13 17:00:00,164.68399999999997
2023-07-13 18:00:00,164.71399999999997
2023-07-13 19:00:00,164.90399999999997
2023-07-14 05:00:00,163.72899999999996
2023-07-14 13:00:00,164.46399999999997
2023-07-14 14:00:00,164.10399999999996
2023-07-14 15:00:00,164.09399999999997
2023-07-14 16:00:00,163.95399999999998
2023-07-14 18:00:00,163.59399999999997
2023-07-14 19:00:00,163.58399999999997
2023-07-17 05:00:00,164.02899999999997
2023-07-17 13:00:00,163.50399999999996
2023-07-17 14:00:00,163.72399999999996
2023-07-17 17:00:00,163.85399999999996
2023-07-18 05:00:00,164.43399999999997
2023-07-18 13:00:00,164.14399999999998
2023-07-18 14:00:00,164.47399999999996
2023-07-18 16:00:00,164.40399999999997
2023-07-18 17:00:00,164.39399999999998
2023-07-18 19:00:00,164.43399999999997
2023-07-19 05:00:00,164.51399999999998
2023-07-19 13:00:00,164.67399999999998
2023-07-19 14:00:00,164.61399999999998
2023-07-19 15:00:00,164.59399999999997
2023-07-20 05:00:00,163.90899999999996
2023-07-20 13:00:00,163.97399999999996
2023-07-20 14:00:00,163.74399999999997
2023-07-20 15:00:00,163.81399999999996
2023-07-20 16:00:00,163.58399999999997
2023-07-21 05:00:00,164.23399999999998
2023-07-21 14:00:00,163.99399999999997
2023-07-21 15:00:00,164.18399999999997
2023-07-21 16:00:00,164.31399999999996
2023-07-21 19:00:00,164.19399999999996
2023-07-24 05:00:00,163.94399999999996
2023-07-24 13:00:00,164.48399999999998
2023-07-24 14:00:00,164.39399999999998
2023-07-24 15:00:00,164.36399999999998
2023-07-24 16:00:00,164.31399999999996
2023-07-25 05:00:00,163.75899999999996
2023-07-25 14:00:00,163.78399999999996
2023-07-25 19:00:00,163.74399999999997
2023-07-26 05:00:00,164.39399999999998
2023-07-26 13:00:00,163.85399999999996
2023-07-26 18:00:00,164.41399999999996
2023-07-26 19:00:00,164.29399999999998
2023-07-27 05:00:00,163.24899999999997
2023-07-27 13:00:00,164.69399999999996
2023-07-27 15:00:00,164.18399999999997
2023-07-27 17:00:00,163.71399999999997
2023-07-27 18:00:00,163.49399999999997
2023-07-28 05:00:00,163.87899999999996
2023-07-28 13:00:00,163.85399999999996
2023-07-28 14:00:00,164.01399999999998
2023-07-28 15:00:00,163.98399999999998
2023-07-28 17:00:00,163.80399999999997
2023-07-28 19:00:00,163.86399999999998
2023-07-31 05:00:00,164.46399999999997
2023-07-31 13:00:00,164.20399999999998
2023-08-01 05:00:00,163.63399999999996
2023-08-01 13:00:00,163.86399999999998
2023-08-01 14:00:00,163.83399999999997
2023-08-01 15:00:00,163.64399999999998
2023-08-01 16:00:00,163.62399999999997
2023-08-01 17:00:00,163.62399999999997
2023-08-01 19:00:00,163.64399999999998
2023-08-02 05:00:00,162.99899999999997
2023-08-02 13:00:00,162.99399999999997
2023-08-02 14:00:00,162.97399999999996
2023-08-02 15:00:00,162.86399999999998
2023-08-02 16:00:00,162.95399999999998
2023-08-02 19:00:00,163.02399999999997
2023-08-03 05:00:00,162.57399999999996
2023-08-03 13:00:00,162.32399999999996
2023-08-03 14:00:00,162.50399999999996
2023-08-03 15:00:00,162.53399999999996
2023-08-03 16:00:00,162.68399999999997
2023-08-03 18:00:00,162.68399999999997
2023-08-03 19:00:00,162.57399999999996
2023-08-04 05:00:00,163.34899999999996
2023-08-04 13:00:00,163.37399999999997
2023-08-04 14:00:00,163.53399999999996
2023-08-04 15:00:00,163.80399999999997
2023-08-04 16:00:00,163.84399999999997
2023-08-04 17:00:00,163.73399999999998
2023-08-04 19:00:00,163.29399999999998
2023-08-07 05:00:00,163.56399999999996
2023-08-07 13:00:00,163.56399999999996
2023-08-07 14:00:00,163.33399999999997
2023-08-07 15:00:00,163.25399999999996
2023-08-07 16:00:00,163.30399999999997
2023-08-07 17:00:00,163.27399999999997
2023-08-07 19:00:00,163.49399999999997
2023-08-08 05:00:00,163.71899999999997
2023-08-08 14:00:00,163.33399999999997
2023-08-08 15:00:00,163.38399999999996
2023-08-08 16:00:00,163.47399999999996
2023-08-08 17:00:00,163.60399999999996
2023-08-08 18:00:00,163.73399999999998
2023-08-08 19:00:00,163.71399999999997
2023-08-09 05:00:00,163.66899999999998
2023-08-09 13:00:00,163.93399999999997
2023-08-09 14:00:00,163.59399999999997
2023-08-09 15:00:00,163.53399999999996
2023-08-09 16:00:00,163.62399999999997
2023-08-09 17:00:00,163.77399999999997
2023-08-09 18:00:00,163.89399999999998
2023-08-10 05:00:00,163.68899999999996
2023-08-10 07:00:00,163.99399999999997
2023-08-10 12:00:00,164.22399999999996
2023-08-10 13:00:00,164.30399999999997
2023-08-10 14:00:00,164.25399999999996
2023-08-10 15:00:00,163.87399999999997
2023-08-10 16:00:00,163.88399999999996
2023-08-10 17:00:00,163.67399999999998
2023-08-10 18:00:00,163.31399999999996
2023-08-10 19:00:00,163.31399999999996
2023-08-11 05:00:00,163.34899999999996
2023-08-11 14:00:00,163.43399999999997
2023-08-11 18:00:00,163.36399999999998
2023-08-14 05:00:00,163.26899999999998
2023-08-14 13:00:00,163.02399999999997
2023-08-14 14:00:00,163.01399999999998
2023-08-14 15:00:00,163.26399999999998
2023-08-14 16:00:00,163.33399999999997
2023-08-14 17:00:00,163.56399999999996
2023-08-14 18:00:00,163.51399999999998
2023-08-14 19:00:00,163.42399999999998
2023-08-14 20:00:00,161.18399999999997
2023-08-15 05:00:00,162.90399999999997
2023-08-15 14:00:00,162.97399999999996
2023-08-15 16:00:00,163.05399999999997
2023-08-15 17:00:00,163.13399999999996
2023-08-15 18:00:00,163.20399999999998
2023-08-16 05:00:00,162.47899999999996
2023-08-16 13:00:00,163.16399999999996
2023-08-16 14:00:00,163.13399999999996
2023-08-16 15:00:00,163.09399999999997
2023-08-16 16:00:00,162.92399999999998
2023-08-17 05:00:00,161.82399999999996
2023-08-17 07:00:00,162.67399999999998
2023-08-17 12:00:00,162.72399999999996
2023-08-17 13:00:00,162.53399999999996
2023-08-17 14:00:00,162.18399999999997
2023-08-17 15:00:00,162.13399999999996
2023-08-17 17:00:00,162.00399999999996
2023-08-18 05:00:00,161.96899999999997
2023-08-18 13:00:00,161.65399999999997
2023-08-18 14:00:00,162.29399999999998
2023-08-18 15:00:00,162.22399999999996
2023-08-18 16:00:00,162.27399999999997
2023-08-18 17:00:00,162.00399999999996
2023-08-18 18:00:00,161.98399999999998
2023-08-18 19:00:00,161.98399999999998
2023-08-18 20:00:00,161.83399999999997
2023-08-21 05:00:00,161.82399999999996
2023-08-21 07:00:00,161.91399999999996
2023-08-21 12:00:00,161.93399999999997
2023-08-21 13:00:00,161.81399999999996
2023-08-21 14:00:00,161.70399999999998
2023-08-21 15:00:00,161.54399999999998
2023-08-21 16:00:00,161.71399999999997
2023-08-21 17:00:00,161.40399999999997
2023-08-21 18:00:00,161.65399999999997
2023-08-21 19:00:00,161.80399999999997
2023-08-22 05:00:00,161.98399999999998
2023-08-22 08:00:00,161.87399999999997
2023-08-22 13:00:00,161.98399999999998
2023-08-22 14:00:00,161.88399999999996
2023-08-22 15:00:00,161.88399999999996
2023-08-22 16:00:00,162.02399999999997
2023-08-22 17:00:00,162.06399999999996
2023-08-22 18:00:00,162.02399999999997
2023-08-23 05:00:00,163.10899999999998
2023-08-23 11:00:00,162.27399999999997
2023-08-23 13:00:00,162.43399999999997
2023-08-23 14:00:00,162.73399999999998
2023-08-23 15:00:00,162.77399999999997
2023-08-23 16:00:00,162.92399999999998
2023-08-23 18:00:00,163.03399999999996
2023-08-23 20:00:00,163.11399999999998
2023-08-24 05:00:00,162.33899999999997
2023-08-24 07:00:00,163.72399999999996
2023-08-24 10:00:00,163.49399999999997
2023-08-24 12:00:00,163.31399999999996
2023-08-24 13:00:00,162.86399999999998
2023-08-24 14:00:00,162.58399999999997
2023-08-24 15:00:00,162.53399999999996
2023-08-24 16:00:00,162.59399999999997
2023-08-24 17:00:00,162.49399999999997
2023-08-24 18:00:00,162.46399999999997
2023-08-24 19:00:00,162.38399999999996
2023-08-24 20:00:00,162.45399999999998
2023-08-25 05:00:00,162.99899999999997
2023-08-25 13:00:00,162.65399999999997
2023-08-25 14:00:00,162.34399999999997
2023-08-25 15:00:00,162.35399999999996
2023-08-25 16:00:00,162.76399999999998
2023-08-25 17:00:00,162.76399999999998
2023-08-25 18:00:00,163.08399999999997
2023-08-28 05:00:00,163.60899999999998
2023-08-28 14:00:00,163.25399999999996
2023-08-28 15:00:00,163.53399999999996
2023-08-28 16:00:00,163.45399999999998
2023-08-28 17:00:00,163.42399999999998
2023-08-28 18:00:00,163.33399999999997
2023-08-28 19:00:00,163.59399999999997
2023-08-29 05:00:00,164.52899999999997
2023-08-29 14:00:00,163.95399999999998
2023-08-29 15:00:00,164.16399999999996
2023-08-29 16:00:00,164.23399999999998
2023-08-29 17:00:00,164.32399999999996
2023-08-29 18:00:00,164.40399999999997
2023-08-29 19:00:00,164.55399999999997
2023-08-30 05:00:00,164.36899999999997
2023-08-30 13:00:00,164.08899999999997
2023-08-30 14:00:00,164.45899999999997
2023-08-30 15:00:00,164.30899999999997
2023-08-30 16:00:00,164.77899999999997
2023-08-30 17:00:00,164.879
2023-08-30 18:00:00,164.54899999999998
2023-08-30 19:00:00,164.38899999999998
2023-08-31 05:00:00,164.634
2023-08-31 13:00:00,164.58899999999997
2023-08-31 14:00:00,164.27899999999997
2023-08-31 15:00:00,164.319
2023-08-31 17:00:00,164.20899999999997
2023-08-31 18:00:00,164.36899999999997
2023-08-31 19:00:00,164.63899999999998
2023-09-01 05:00:00,164.77399999999997
2023-09-01 13:00:00,164.689
2023-09-01 14:00:00,164.48899999999998
2023-09-01 15:00:00,164.41899999999998
2023-09-01 16:00:00,164.569
2023-09-01 18:00:00,164.599
2023-09-01 19:00:00,164.629
2023-09-05 05:00:00,163.77899999999997
2023-09-05 13:00:00,164.20899999999997
2023-09-05 14:00:00,164.02899999999997
2023-09-05 15:00:00,164.10899999999998
2023-09-05 16:00:00,164.13899999999998
2023-09-05 17:00:00,164.04899999999998
2023-09-05 18:00:00,163.969
2023-09-06 05:00:00,163.564
2023-09-06 13:00:00,163.689
2023-09-06 14:00:00,163.29899999999998
2023-09-06 15:00:00,163.469
2023-09-06 16:00:00,163.469
2023-09-06 17:00:00,163.45899999999997
2023-09-06 18:00:00,163.44899999999998
2023-09-06 19:00:00,163.509
2023-09-07 05:00:00,164.069
2023-09-07 13:00:00,163.569
2023-09-07 14:00:00,163.77899999999997
2023-09-07 15:00:00,163.83899999999997
2023-09-07 17:00:00,163.909
2023-09-07 18:00:00,163.88899999999998
2023-09-07 19:00:00,164.069
2023-09-07 20:00:00,164.129
2023-09-08 05:00:00,163.879
2023-09-08 12:00:00,164.14899999999997
2023-09-08 13:00:00,164.30899999999997
2023-09-08 14:00:00,164.33899999999997
2023-09-08 15:00:00,164.13899999999998
2023-09-08 16:00:00,164.14899999999997
2023-09-08 17:00:00,164.099
2023-09-08 18:00:00,164.009
2023-09-11 05:00:00,164.15399999999997
2023-09-11 13:00:00,164.04899999999998
2023-09-11 14:00:00,164.099
2023-09-11 15:00:00,164.02899999999997
2023-09-11 16:00:00,164.11899999999997
2023-09-11 17:00:00,164.04899999999998
2023-09-11 18:00:00,164.14899999999997
2023-09-12 05:00:00,164.069
2023-09-12 13:00:00,163.98899999999998
2023-09-12 14:00:00,163.82899999999998
2023-09-12 15:00:00,164.02899999999997
2023-09-12 16:00:00,164.04899999999998
2023-09-12 17:00:00,164.129
2023-09-12 18:00:00,164.129
2023-09-12 19:00:00,164.05899999999997
2023-09-13 05:00:00,164.35899999999998
2023-09-13 07:00:00,163.909
2023-09-13 12:00:00,163.86899999999997
2023-09-13 13:00:00,164.13899999999998
2023-09-13 14:00:00,164.099
2023-09-13 16:00:00,164.409
2023-09-13 17:00:00,164.409
2023-09-13 18:00:00,164.249
2023-09-14 05:00:00,164.41899999999998
2023-09-14 13:00:00,164.439
2023-09-14 14:00:00,164.47899999999998
2023-09-14 16:00:00,164.45899999999997
2023-09-14 17:00:00,164.38899999999998
2023-09-14 18:00:00,164.42899999999997
2023-09-14 19:00:00,164.409
2023-09-15 05:00:00,164.004
2023-09-15 06:00:00,164.39899999999997
2023-09-15 13:00:00,164.189
2023-09-15 14:00:00,164.099
2023-09-15 15:00:00,164.08899999999997
2023-09-15 16:00:00,164.099
2023-09-15 17:00:00,164.11899999999997
2023-09-15 18:00:00,164.02899999999997
2023-09-15 19:00:00,164.01899999999998
2023-09-18 05:00:00,163.92899999999997
2023-09-18 12:00:00,163.58899999999997
2023-09-18 13:00:00,163.91899999999998
2023-09-18 17:00:00,163.999
2023-09-18 18:00:00,163.91899999999998
2023-09-18 19:00:00,163.88899999999998
2023-09-19 05:00:00,163.49399999999997
2023-09-19 13:00:00,163.719
2023-09-19 14:00:00,163.599
2023-09-19 15:00:00,163.70899999999997
2023-09-19 18:00:00,163.58899999999997
2023-09-20 05:00:00,163.409
2023-09-20 12:00:00,163.64899999999997
2023-09-20 13:00:00,163.76899999999998
2023-09-20 15:00:00,163.83899999999997
2023-09-20 17:00:00,163.91899999999998
2023-09-20 18:00:00,163.77899999999997
2023-09-21 05:00:00,162.08899999999997
2023-09-21 13:00:00,162.509
2023-09-21 14:00:00,162.60899999999998
2023-09-21 15:00:00,162.539
2023-09-21 16:00:00,162.45899999999997
2023-09-21 17:00:00,162.32899999999998
2023-09-21 18:00:00,162.10899999999998
2023-09-21 19:00:00,162.08899999999997
2023-09-22 05:00:00,161.97899999999998
2023-09-22 13:00:00,162.259
2023-09-22 14:00:00,162.129
2023-09-22 15:00:00,162.039
2023-09-22 16:00:00,162.29899999999998
2023-09-22 17:00:00,162.069
2023-09-22 18:00:00,161.909
2023-09-22 19:00:00,161.83899999999997
2023-09-25 05:00:00,161.564
2023-09-25 13:00:00,161.599
2023-09-25 14:00:00,161.409
2023-09-25 15:00:00,161.35899999999998
2023-09-25 16:00:00,161.439
2023-09-25 17:00:00,161.289
2023-09-25 18:00:00,161.129
2023-09-25 19:00:00,161.499
2023-09-26 01:00:00,161.319
2023-09-26 05:00:00,160.86399999999998
2023-09-26 07:00:00,161.38899999999998
2023-09-26 13:00:00,161.35899999999998
2023-09-26 15:00:00,161.14899999999997
2023-09-26 18:00:00,160.82899999999998
2023-09-26 19:00:00,161.01899999999998
2023-09-27 05:00:00,160.659
2023-09-27 13:00:00,161.23899999999998
2023-09-27 14:00:00,161.02899999999997
2023-09-27 15:00:00,160.599
2023-09-27 16:00:00,160.89899999999997
2023-09-27 17:00:00,160.69899999999998
2023-09-27 18:00:00,160.629
2023-09-27 19:00:00,160.73899999999998
2023-09-28 05:00:00,161.39399999999998
2023-09-28 08:00:00,160.539
2023-09-28 13:00:00,160.289
2023-09-28 14:00:00,160.969
2023-09-28 15:00:00,161.38899999999998
2023-09-28 16:00:00,161.48899999999998
2023-09-28 17:00:00,161.249
2023-09-28 18:00:00,161.259
2023-09-29 05:00:00,161.844
2023-09-29 11:00:00,161.409
2023-09-29 14:00:00,161.83899999999997
2023-09-29 15:00:00,161.879
2023-09-29 16:00:00,161.789
2023-09-29 17:00:00,161.86899999999997
2023-09-29 18:00:00,162.02899999999997
2023-10-02 05:00:00,161.009
2023-10-02 07:00:00,162.07899999999998
2023-10-02 09:00:00,161.719
2023-10-02 12:00:00,161.39899999999997
2023-10-02 13:00:00,161.189
2023-10-02 14:00:00,161.08899999999997
2023-10-02 15:00:00,161.08899999999997
2023-10-02 18:00:00,160.61899999999997
2023-10-03 05:00:00,159.54899999999998
2023-10-03 13:00:00,160.569
2023-10-03 14:00:00,160.05899999999997
2023-10-03 15:00:00,159.98899999999998
2023-10-03 16:00:00,159.97899999999998
2023-10-03 17:00:00,159.72899999999998
2023-10-03 18:00:00,159.509
2023-10-03 19:00:00,159.539
2023-10-04 05:00:00,160.70399999999998
2023-10-04 12:00:00,159.94899999999998
2023-10-04 13:00:00,159.70899999999997
2023-10-04 14:00:00,159.52899999999997
2023-10-04 15:00:00,159.83899999999997
2023-10-04 16:00:00,159.97899999999998
2023-10-04 17:00:00,159.86899999999997
2023-10-04 18:00:00,159.95899999999997
2023-10-04 19:00:00,160.66899999999998
2023-10-05 05:00:00,160.52399999999997
2023-10-05 10:00:00,160.749
2023-10-05 11:00:00,160.60899999999998
2023-10-05 12:00:00,160.41899999999998
2023-10-05 13:00:00,160.689
2023-10-05 14:00:00,160.38899999999998
2023-10-05 15:00:00,160.35899999999998
2023-10-06 05:00:00,160.83399999999997
2023-10-06 13:00:00,159.69899999999998
2023-10-06 15:00:00,160.61899999999997
2023-10-06 16:00:00,160.69899999999998
2023-10-06 17:00:00,160.69899999999998
2023-10-06 18:00:00,160.789
2023-10-06 19:00:00,160.85899999999998
2023-10-09 05:00:00,161.634
2023-10-09 10:00:00,160.749
2023-10-09 11:00:00,160.67899999999997
2023-10-09 13:00:00,160.939
2023-10-09 14:00:00,161.14899999999997
2023-10-09 15:00:00,161.27899999999997
2023-10-09 16:00:00,161.289
2023-10-09 18:00:00,161.499
2023-10-09 19:00:00,161.70899999999997
2023-10-10 05:00:00,161.80899999999997
2023-10-10 13:00:00,161.47899999999998
2023-10-10 14:00:00,161.72899999999998
2023-10-10 17:00:00,161.97899999999998
2023-10-10 19:00:00,161.82899999999998
2023-10-11 05:00:00,161.65399999999997
2023-10-11 12:00:00,162.10899999999998
2023-10-11 13:00:00,162.08899999999997
2023-10-11 14:00:00,161.72899999999998
2023-10-11 17:00:00,161.349
2023-10-11 18:00:00,161.599
2023-10-11 19:00:00,161.759
2023-10-12 05:00:00,160.76399999999998
2023-10-12 14:00:00,161.27899999999997
2023-10-12 15:00:00,161.20899999999997
2023-10-13 05:00:00,160.66899999999998
2023-10-13 11:00:00,160.719
2023-10-13 14:00:00,161.349
2023-10-13 15:00:00,161.009
2023-10-13 16:00:00,161.02899999999997
2023-10-13 17:00:00,160.77899999999997
2023-10-16 05:00:00,160.659
2023-10-16 12:00:00,160.85899999999998
2023-10-16 13:00:00,160.63899999999998
2023-10-16 14:00:00,160.599
2023-10-16 15:00:00,160.63899999999998
2023-10-16 19:00:00,160.689
2023-10-17 05:00:00,159.86399999999998
2023-10-17 13:00:00,159.909
2023-10-17 14:00:00,160.13899999999998
2023-10-17 15:00:00,160.289
2023-10-17 16:00:00,160.289
2023-10-17 17:00:00,159.89899999999997
2023-10-17 19:00:00,159.97899999999998
2023-10-18 05:00:00,159.22899999999998
2023-10-18 13:00:00,159.749
2023-10-18 14:00:00,159.98899999999998
2023-10-18 16:00:00,159.55899999999997
2023-10-18 17:00:00,159.659
2023-10-18 19:00:00,159.319
2023-10-19 05:00:00,158.85899999999998
2023-10-19 16:00:00,159.259
2023-10-19 17:00:00,159.22899999999998
2023-10-19 18:00:00,158.86899999999997
2023-10-19 19:00:00,158.849
2023-10-20 05:00:00,158.96399999999997
2023-10-20 12:00:00,158.849
2023-10-20 13:00:00,159.07899999999998
2023-10-20 15:00:00,158.91899999999998
2023-10-20 16:00:00,158.98899999999998
2023-10-20 17:00:00,159.08899999999997
2023-10-20 18:00:00,158.94899999999998
2023-10-20 19:00:00,158.969
2023-10-23 05:00:00,159.40399999999997
2023-10-23 14:00:00,159.189
2023-10-23 15:00:00,159.48899999999998
2023-10-23 16:00:00,159.48899999999998
2023-10-23 18:00:00,159.599
2023-10-24 05:00:00,160.159
2023-10-24 13:00:00,159.45899999999997
2023-10-24 15:00:00,159.76899999999998
2023-10-24 16:00:00,159.60899999999998
2023-10-24 17:00:00,159.89899999999997
2023-10-24 18:00:00,159.969
2023-10-24 19:00:00,160.07899999999998
2023-10-25 05:00:00,159.439
2023-10-25 14:00:00,159.719
2023-10-25 15:00:00,159.749
2023-10-25 16:00:00,159.67899999999997
2023-10-25 17:00:00,159.41899999999998
2023-10-25 18:00:00,159.33899999999997
2023-10-25 19:00:00,159.41899999999998
2023-10-26 05:00:00,159.82899999999998
2023-10-26 13:00:00,159.57899999999998
2023-10-26 14:00:00,159.39899999999997
2023-10-26 15:00:00,159.599
2023-10-26 16:00:00,159.48899999999998
2023-10-26 17:00:00,159.569
2023-10-26 18:00:00,159.86899999999997
2023-10-26 19:00:00,159.939
2023-10-27 05:00:00,159.594
2023-10-27 14:00:00,159.939
2023-10-27 15:00:00,159.85899999999998
2023-10-27 16:00:00,159.66899999999998
2023-10-27 17:00:00,159.52899999999997
2023-10-27 18:00:00,159.569
2023-10-27 19:00:00,159.64899999999997
2023-10-30 05:00:00,159.60399999999998
2023-10-30 13:00:00,159.80899999999997
2023-10-30 14:00:00,159.629
2023-10-30 15:00:00,159.66899999999998
2023-10-30 16:00:00,159.66899999999998
2023-10-30 17:00:00,159.73899999999998
2023-10-30 18:00:00,159.759
2023-10-30 19:00:00,159.759
2023-10-31 05:00:00,160.11899999999997
2023-10-31 13:00:00,160.11899999999997
2023-10-31 14:00:00,160.319
2023-10-31 15:00:00,160.319
2023-10-31 17:00:00,160.44899999999998
2023-10-31 18:00:00,160.33899999999997
2023-10-31 19:00:00,160.16899999999998
2023-11-01 05:00:00,161.13899999999998
2023-11-01 13:00:00,160.57899999999998
2023-11-01 14:00:00,160.77899999999997
2023-11-01 15:00:00,160.57899999999998
2023-11-01 16:00:00,160.44899999999998
2023-11-01 17:00:00,160.55899999999997
2023-11-01 18:00:00,160.63899999999998
2023-11-01 19:00:00,161.219
2023-11-02 05:00:00,163.124
2023-11-02 13:00:00,161.80899999999997
2023-11-02 14:00:00,163.08899999999997
2023-11-02 15:00:00,163.01899999999998
2023-11-02 16:00:00,162.88899999999998
2023-11-02 17:00:00,163.07899999999998
2023-11-02 18:00:00,163.039
2023-11-02 19:00:00,163.05899999999997
2023-11-03 05:00:00,164.52399999999997
2023-11-03 10:00:00,162.94899999999998
2023-11-03 13:00:00,164.17899999999997
2023-11-03 14:00:00,163.94899999999998
2023-11-03 15:00:00,164.33899999999997
2023-11-03 16:00:00,164.499
2023-11-03 17:00:00,164.58899999999997
2023-11-03 18:00:00,164.749
2023-11-03 19:00:00,164.469
2023-11-06 06:00:00,163.98399999999998
2023-11-06 11:00:00,164.379
2023-11-06 14:00:00,164.44899999999998
2023-11-06 15:00:00,164.47899999999998
2023-11-06 16:00:00,164.30899999999997
2023-11-06 17:00:00,164.099
2023-11-06 18:00:00,164.14899999999997
2023-11-06 19:00:00,164.10899999999998
2023-11-06 20:00:00,163.849
2023-11-06 21:00:00,163.849
2023-11-07 06:00:00,163.89899999999997
2023-11-07 14:00:00,163.569
2023-11-07 15:00:00,163.819
2023-11-07 16:00:00,163.77899999999997
2023-11-07 17:00:00,163.80899999999997
2023-11-07 18:00:00,163.879
2023-11-07 19:00:00,163.80899999999997
2023-11-07 20:00:00,163.819
2023-11-08 06:00:00,163.77399999999997
2023-11-08 11:00:00,163.77399999999997
2023-11-08 14:00:00,163.749
2023-11-08 15:00:00,163.66899999999998
2023-11-08 16:00:00,163.52899999999997
2023-11-08 18:00:00,163.69899999999998
2023-11-08 20:00:00,163.79899999999998
2023-11-09 06:00:00,162.85899999999998
2023-11-09 14:00:00,163.70899999999997
2023-11-09 15:00:00,163.409
2023-11-09 18:00:00,163.349
2023-11-09 19:00:00,162.80899999999997
2023-11-09 20:00:00,162.909
2023-11-10 06:00:00,163.379
2023-11-10 12:00:00,163.379
2023-11-10 15:00:00,163.159
2023-11-10 16:00:00,163.30899999999997
2023-11-10 19:00:00,163.47899999999998
2023-11-10 20:00:00,163.36899999999997
2023-11-13 06:00:00,163.32399999999998
2023-11-13 14:00:00,163.039
2023-11-13 18:00:00,163.22899999999998
2023-11-13 20:00:00,163.22899999999998
2023-11-14 02:00:00,163.14899999999997
2023-11-14 06:00:00,164.80399999999997
2023-11-14 09:00:00,163.319
2023-11-14 13:00:00,163.319
2023-11-14 14:00:00,164.88899999999998
2023-11-14 15:00:00,164.909
2023-11-14 16:00:00,165.04899999999998
2023-11-14 17:00:00,165.08899999999997
2023-11-14 19:00:00,165.11899999999997
2023-11-14 20:00:00,165.02899999999997
2023-11-15 06:00:00,164.32399999999998
2023-11-15 10:00:00,164.32399999999998
2023-11-15 12:00:00,164.85899999999998
2023-11-15 13:00:00,165.02899999999997
2023-11-15 14:00:00,164.45899999999997
2023-11-15 15:00:00,164.69899999999998
2023-11-15 16:00:00,164.569
2023-11-15 18:00:00,164.33899999999997
2023-11-15 19:00:00,164.33899999999997
2023-11-16 06:00:00,164.414
2023-11-16 08:00:00,164.55899999999997
2023-11-16 12:00:00,164.55899999999997
2023-11-16 13:00:00,164.539
2023-11-16 16:00:00,164.319
2023-11-16 17:00:00,164.39899999999997
2023-11-16 20:00:00,164.42899999999997
2023-11-17 06:00:00,164.90399999999997
2023-11-17 14:00:00,164.38899999999998
2023-11-17 16:00:00,164.51899999999998
2023-11-17 17:00:00,164.51899999999998
2023-11-17 18:00:00,164.659
2023-11-20 06:00:00,164.999
2023-11-20 13:00:00,164.999
2023-11-20 14:00:00,164.82899999999998
2023-11-20 15:00:00,164.789
2023-11-20 16:00:00,164.86899999999997
2023-11-20 17:00:00,164.89899999999997
2023-11-20 18:00:00,165.07899999999998
2023-11-20 19:00:00,165.129
2023-11-20 20:00:00,165.05899999999997
2023-11-21 06:00:00,165.04899999999998
2023-11-21 12:00:00,164.80899999999997
2023-11-21 14:00:00,164.91899999999998
2023-11-21 15:00:00,164.91899999999998
2023-11-21 17:00:00,164.98899999999998
2023-11-21 18:00:00,165.02899999999997
2023-11-21 20:00:00,165.099
2023-11-22 06:00:00,165.444
2023-11-22 14:00:00,165.23899999999998
2023-11-22 15:00:00,164.999
2023-11-22 17:00:00,165.23899999999998
2023-11-22 19:00:00,165.36899999999997
2023-11-22 20:00:00,165.349
2023-11-24 06:00:00,165.14899999999997
2023-11-24 14:00:00,165.129
2023-11-24 15:00:00,165.20899999999997
2023-11-24 17:00:00,165.189
2023-11-27 06:00:00,165.29899999999998
2023-11-27 14:00:00,165.07899999999998
2023-11-27 15:00:00,165.219
2023-11-27 16:00:00,165.32899999999998
2023-11-27 17:00:00,165.30899999999997
2023-11-27 18:00:00,165.27899999999997
2023-11-27 19:00:00,165.289
2023-11-27 20:00:00,165.32899999999998
2023-11-28 06:00:00,165.68399999999997
2023-11-28 13:00:00,165.41899999999998
2023-11-28 14:00:00,165.22899999999998
2023-11-28 15:00:00,165.26899999999998
2023-11-28 16:00:00,165.57899999999998
2023-11-28 17:00:00,165.63899999999998
2023-11-28 18:00:00,165.48899999999998
2023-11-28 19:00:00,165.48899999999998
2023-11-28 20:00:00,165.689
2023-11-29 06:00:00,166.41899999999998
2023-11-29 13:00:00,165.76899999999998
2023-11-29 14:00:00,166.55899999999997
2023-11-29 15:00:00,166.72899999999998
2023-11-29 20:00:00,166.36899999999997
2023-11-30 06:00:00,166.034
2023-11-30 12:00:00,166.719
2023-11-30 14:00:00,166.41899999999998
2023-11-30 16:00:00,165.789
2023-11-30 17:00:00,165.849
2023-11-30 19:00:00,165.82899999999998
2023-11-30 20:00:00,165.92899999999997
2023-12-01 06:00:00,167.52899999999997
2023-12-01 14:00:00,166.039
2023-12-01 15:00:00,166.41899999999998
2023-12-01 16:00:00,166.30899999999997
2023-12-01 17:00:00,167.189
2023-12-01 18:00:00,167.16899999999998
2023-12-01 19:00:00,167.22899999999998
2023-12-01 20:00:00,167.319
2023-12-04 06:00:00,166.85899999999998
2023-12-04 14:00:00,166.91899999999998
2023-12-04 15:00:00,166.88899999999998
2023-12-04 16:00:00,166.99899999999997
2023-12-04 17:00:00,167.009
2023-12-04 20:00:00,166.89899999999997
2023-12-05 06:00:00,167.07399999999998
2023-12-05 13:00:00,167.16899999999998
2023-12-05 14:00:00,166.97899999999998
2023-12-05 15:00:00,167.159
2023-12-05 16:00:00,167.08899999999997
2023-12-05 17:00:00,167.13899999999998
2023-12-05 18:00:00,167.189
2023-12-05 19:00:00,167.189
2023-12-06 06:00:00,167.12399999999997
2023-12-06 14:00:00,167.32899999999998
2023-12-06 15:00:00,167.48899999999998
2023-12-06 17:00:00,167.38899999999998
2023-12-06 18:00:00,167.45899999999997
2023-12-06 19:00:00,167.409
2023-12-07 06:00:00,167.54899999999998
2023-12-07 14:00:00,167.38899999999998
2023-12-07 15:00:00,167.349
2023-12-07 16:00:00,167.469
2023-12-07 17:00:00,167.63899999999998
2023-12-07 19:00:00,167.539
2023-12-08 06:00:00,167.16899999999998
2023-12-08 13:00:00,167.36899999999997
2023-12-08 14:00:00,167.05899999999997
2023-12-08 15:00:00,167.17899999999997
2023-12-08 16:00:00,167.069
2023-12-08 17:00:00,166.95899999999997
2023-12-11 06:00:00,166.74399999999997
2023-12-11 14:00:00,166.939
2023-12-11 15:00:00,166.86899999999997
2023-12-11 16:00:00,166.80899999999997
2023-12-12 06:00:00,167.14399999999998
2023-12-12 07:00:00,166.939
2023-12-12 12:00:00,166.98899999999998
2023-12-12 13:00:00,167.07899999999998
2023-12-12 14:00:00,166.909
2023-12-12 15:00:00,167.01899999999998
2023-12-12 16:00:00,167.099
2023-12-12 20:00:00,167.44899999999998
2023-12-13 06:00:00,169.49399999999997
2023-12-13 07:00:00,167.379
2023-12-13 11:00:00,167.45899999999997
2023-12-13 13:00:00,167.539
2023-12-13 15:00:00,167.57899999999998
2023-12-13 16:00:00,167.719
2023-12-13 17:00:00,167.76899999999998
2023-12-13 18:00:00,167.69899999999998
2023-12-13 19:00:00,168.97899999999998
2023-12-13 20:00:00,169.52899999999997
2023-12-14 06:00:00,170.20399999999998
2023-12-14 08:00:00,169.599
2023-12-14 09:00:00,169.74899999999997
2023-12-14 10:00:00,169.98899999999998
2023-12-14 14:00:00,170.349
2023-12-14 17:00:00,170.759
2023-12-14 18:00:00,170.26899999999998
2023-12-14 19:00:00,170.02899999999997
2023-12-14 20:00:00,170.289
2023-12-15 06:00:00,169.94899999999998
2023-12-15 14:00:00,170.11899999999997
2023-12-15 16:00:00,170.10899999999998
2023-12-15 17:00:00,170.02899999999997
2023-12-15 18:00:00,169.72899999999998
2023-12-15 19:00:00,169.629
2023-12-15 20:00:00,169.99899999999997
2023-12-18 06:00:00,169.64899999999997
2023-12-18 15:00:00,169.74899999999997
2023-12-18 16:00:00,169.51899999999998
2023-12-18 17:00:00,169.70899999999997
2023-12-18 20:00:00,169.80899999999997
2023-12-19 06:00:00,170.15399999999997
2023-12-19 15:00:00,170.38899999999998
2023-12-19 17:00:00,170.38899999999998
2023-12-20 06:00:00,170.439
2023-12-20 14:00:00,170.509
2023-12-20 20:00:00,170.54899999999998
2023-12-21 06:00:00,170.83399999999997
2023-12-21 13:00:00,170.61899999999997
2023-12-21 14:00:00,171.069
2023-12-21 15:00:00,170.80899999999997
2023-12-22 06:00:00,170.67399999999998
2023-12-22 08:00:00,170.83899999999997
2023-12-22 14:00:00,171.22899999999998
2023-12-22 15:00:00,171.159
2023-12-22 17:00:00,170.77899999999997
2023-12-22 18:00:00,170.88899999999998
2023-12-22 20:00:00,170.819
2023-12-26 06:00:00,170.91899999999998
2023-12-26 17:00:00,170.939
2023-12-26 20:00:00,170.98899999999998
2023-12-27 06:00:00,171.634
2023-12-27 15:00:00,171.11899999999997
2023-12-27 16:00:00,171.469
2023-12-27 17:00:00,171.51899999999998
2023-12-27 18:00:00,171.719
2023-12-27 19:00:00,171.569
2023-12-28 06:00:00,170.98899999999998
2023-12-28 16:00:00,170.92899999999997
2023-12-28 18:00:00,170.76899999999998
2023-12-28 19:00:00,170.789
2023-12-29 06:00:00,170.36899999999997
2023-12-29 17:00:00,170.79899999999998
2024-01-02 06:00:00,169.80399999999997
2024-01-02 15:00:00,169.89899999999997
2024-01-02 16:00:00,169.879
2024-01-02 17:00:00,170.02899999999997
2024-01-02 18:00:00,169.98899999999998
2024-01-02 19:00:00,170.05899999999997
2024-01-02 20:00:00,169.79899999999998
2024-01-03 06:00:00,169.38899999999998
2024-01-03 12:00:00,169.58899999999997
2024-01-03 14:00:00,169.19899999999998
2024-01-03 15:00:00,169.27899999999997
2024-01-03 16:00:00,169.379
2024-01-03 18:00:00,169.67899999999997
2024-01-04 06:00:00,169.034
2024-01-04 15:00:00,169.33899999999997
2024-01-04 16:00:00,169.259
2024-01-04 17:00:00,169.29899999999998
2024-01-05 06:00:00,169.07899999999998
2024-01-05 14:00:00,168.99899999999997
2024-01-05 15:00:00,169.61899999999997
2024-01-05 16:00:00,169.26899999999998
2024-01-05 17:00:00,169.02899999999997
2024-01-05 18:00:00,168.879
2024-01-05 19:00:00,168.95899999999997
2024-01-05 20:00:00,168.97899999999998
2024-01-08 06:00:00,169.79899999999998
2024-01-08 14:00:00,169.219
2024-01-08 15:00:00,169.58899999999997
2024-01-08 16:00:00,169.60899999999998
2024-01-08 18:00:00,169.67899999999997
2024-01-09 06:00:00,170.07899999999998
2024-01-09 15:00:00,169.569
2024-01-09 16:00:00,169.77899999999997
2024-01-09 17:00:00,169.97899999999998
2024-01-09 18:00:00,170.13899999999998
2024-01-09 19:00:00,170.07899999999998
2024-01-10 06:00:00,170.37399999999997
2024-01-10 13:00:00,170.32899999999998
2024-01-10 14:00:00,170.469
2024-01-10 15:00:00,170.35899999999998
2024-01-10 19:00:00,170.45899999999997
2024-01-10 20:00:00,170.45899999999997
2024-01-11 06:00:00,170.77899999999997
2024-01-11 13:00:00,170.42899999999997
2024-01-11 15:00:00,170.41899999999998
2024-01-11 16:00:00,170.24899999999997
2024-01-11 19:00:00,170.63899999999998
2024-01-12 06:00:00,171.004
2024-01-12 14:00:00,171.19899999999998
2024-01-12 16:00:00,170.969
2024-01-12 18:00:00,170.92899999999997
2024-01-12 19:00:00,171.05899999999997
2024-01-12 20:00:00,171.099
2024-01-16 06:00:00,170.034
2024-01-16 13:00:00,170.67899999999997
2024-01-16 14:00:00,170.42899999999997
2024-01-16 15:00:00,170.629
2024-01-16 16:00:00,170.30899999999997
2024-01-16 17:00:00,170.20899999999997
2024-01-17 06:00:00,169.57899999999998
2024-01-17 12:00:00,170.08899999999997
2024-01-17 14:00:00,169.35899999999998
2024-01-17 15:00:00,169.47899999999998
2024-01-17 20:00:00,169.35899999999998
2024-01-18 06:00:00,169.79399999999998
2024-01-18 14:00:00,169.44899999999998
2024-01-18 17:00:00,169.42899999999997
2024-01-19 06:00:00,169.67899999999997
2024-01-19 14:00:00,169.42899999999997
2024-01-19 15:00:00,169.42899999999997
2024-01-19 16:00:00,169.42899999999997
2024-01-22 06:00:00,169.85399999999998
2024-01-22 15:00:00,170.289
2024-01-22 17:00:00,170.41899999999998
2024-01-22 20:00:00,170.35899999999998
2024-01-23 06:00:00,170.23899999999998
2024-01-23 14:00:00,170.08899999999997
2024-01-23 15:00:00,170.02899999999997
2024-01-23 16:00:00,169.879
2024-01-23 17:00:00,169.939
2024-01-23 18:00:00,169.88899999999998
2024-01-23 19:00:00,170.039
2024-01-23 20:00:00,170.039
2024-01-24 06:00:00,170.05399999999997
2024-01-24 13:00:00,170.439
2024-01-24 14:00:00,170.469
2024-01-24 15:00:00,170.45899999999997
2024-01-24 17:00:00,170.469
2024-01-24 18:00:00,170.38899999999998
2024-01-24 19:00:00,169.85899999999998
2024-01-24 20:00:00,170.04899999999998
2024-01-25 06:00:00,171.11399999999998
2024-01-25 14:00:00,170.409
2024-01-25 15:00:00,170.51899999999998
2024-01-25 19:00:00,170.72899999999998
2024-01-26 06:00:00,170.94899999999998
2024-01-26 14:00:00,171.039
2024-01-26 15:00:00,171.02899999999997
2024-01-26 16:00:00,171.009
2024-01-26 17:00:00,171.05899999999997
2024-01-26 18:00:00,170.969
2024-01-26 19:00:00,170.97899999999998
2024-01-26 21:00:00,171.14899999999997
2024-01-29 06:00:00,171.10899999999998
2024-01-29 14:00:00,171.05899999999997
2024-01-29 15:00:00,170.85899999999998
2024-01-29 16:00:00,170.879
2024-01-29 18:00:00,170.85899999999998
2024-01-29 19:00:00,170.82899999999998
2024-01-29 20:00:00,171.129
2024-01-30 06:00:00,171.05899999999997
2024-01-30 08:00:00,171.05899999999997
2024-01-30 11:00:00,171.05899999999997
2024-01-30 13:00:00,171.05899999999997
2024-01-30 14:00:00,171.20899999999997
2024-01-30 15:00:00,170.72899999999998
2024-01-30 16:00:00,170.939
2024-01-31 06:00:00,170.68399999999997
2024-01-31 12:00:00,170.909
2024-01-31 13:00:00,171.099
2024-01-31 18:00:00,171.01899999999998
2024-01-31 19:00:00,171.20899999999997
2024-01-31 20:00:00,170.659
2024-02-01 06:00:00,171.33399999999997
2024-02-01 14:00:00,171.13899999999998
2024-02-01 15:00:00,171.349
2024-02-01 16:00:00,171.07899999999998
2024-02-01 17:00:00,171.07899999999998
2024-02-01 18:00:00,171.29899999999998
2024-02-01 19:00:00,171.44899999999998
2024-02-01 20:00:00,170.469
2024-02-02 06:00:00,170.599
2024-02-02 13:00:00,170.879
2024-02-02 14:00:00,170.629
2024-02-02 15:00:00,170.719
2024-02-02 16:00:00,170.54899999999998
2024-02-02 17:00:00,170.51899999999998
2024-02-02 18:00:00,170.64899999999997
2024-02-02 19:00:00,170.849
2024-02-02 20:00:00,170.72899999999998
2024-02-05 06:00:00,169.80399999999997
2024-02-05 09:00:00,170.42899999999997
2024-02-05 14:00:00,170.42899999999997
2024-02-05 15:00:00,169.88899999999998
2024-02-05 16:00:00,169.82899999999998
2024-02-05 20:00:00,170.11899999999997
2024-02-06 06:00:00,170.41899999999998
2024-02-06 11:00:00,170.129
2024-02-06 13:00:00,170.129
2024-02-06 14:00:00,170.26899999999998
2024-02-06 15:00:00,170.20899999999997
2024-02-06 16:00:00,170.439
2024-02-06 17:00:00,170.45899999999997
2024-02-06 19:00:00,170.509
2024-02-06 20:00:00,170.509
2024-02-07 06:00:00,170.58899999999997
2024-02-07 10:00:00,170.41899999999998
2024-02-07 13:00:00,170.44899999999998
2024-02-07 14:00:00,170.629
2024-02-07 15:00:00,170.70899999999997
2024-02-07 16:00:00,170.70899999999997
2024-02-08 06:00:00,170.414
2024-02-08 12:00:00,170.629
2024-02-08 14:00:00,170.569
2024-02-08 15:00:00,170.70899999999997
2024-02-08 16:00:00,170.54899999999998
2024-02-08 18:00:00,170.70899999999997
2024-02-08 20:00:00,170.63899999999998
2024-02-09 06:00:00,170.82899999999998
2024-02-09 14:00:00,170.60899999999998
2024-02-09 15:00:00,170.629
2024-02-09 17:00:00,170.97899999999998
2024-02-09 18:00:00,170.99899999999997
2024-02-12 06:00:00,170.38899999999998
2024-02-12 14:00:00,170.76899999999998
2024-02-12 15:00:00,170.76899999999998
2024-02-12 16:00:00,170.86899999999997
2024-02-12 17:00:00,171.02899999999997
2024-02-13 06:00:00,169.24399999999997
2024-02-13 13:00:00,169.849
2024-02-13 14:00:00,169.57899999999998
2024-02-13 15:00:00,169.63899999999998
2024-02-13 17:00:00,169.63899999999998
2024-02-13 19:00:00,169.189
2024-02-13 20:00:00,169.32899999999998
2024-02-14 06:00:00,169.73899999999998
2024-02-14 13:00:00,169.51899999999998
2024-02-14 14:00:00,169.54899999999998
2024-02-14 15:00:00,169.849
2024-02-14 17:00:00,169.82899999999998
2024-02-15 06:00:00,170.39399999999998
2024-02-15 14:00:00,170.19899999999998
2024-02-15 18:00:00,170.30899999999997
2024-02-15 19:00:00,170.439
2024-02-15 20:00:00,170.41899999999998
2024-02-16 06:00:00,169.79399999999998
2024-02-16 10:00:00,170.42899999999997
2024-02-16 13:00:00,169.85899999999998
2024-02-16 14:00:00,169.80899999999997
2024-02-16 15:00:00,169.95899999999997
2024-02-16 16:00:00,169.94899999999998
2024-02-16 17:00:00,169.939
2024-02-16 19:00:00,169.759
2024-02-16 20:00:00,169.759
2024-02-20 06:00:00,170.099
2024-02-20 14:00:00,170.099
2024-02-20 15:00:00,170.099
2024-02-20 17:00:00,169.97899999999998
2024-02-20 18:00:00,170.05899999999997
2024-02-20 19:00:00,170.11899999999997
2024-02-20 20:00:00,170.11899999999997
2024-02-21 06:00:00,169.83399999999997
2024-02-21 14:00:00,169.88899999999998
2024-02-21 15:00:00,169.85899999999998
2024-02-21 16:00:00,169.719
2024-02-21 17:00:00,169.599
2024-02-21 18:00:00,169.51899999999998
2024-02-21 19:00:00,169.48899999999998
2024-02-22 06:00:00,170.30899999999997
2024-02-22 08:00:00,169.83899999999997
2024-02-22 09:00:00,169.83899999999997
2024-02-22 11:00:00,169.939
2024-02-22 13:00:00,170.10899999999998
2024-02-22 14:00:00,170.319
2024-02-22 15:00:00,170.039
2024-02-22 17:00:00,170.04899999999998
2024-02-22 19:00:00,170.259
2024-02-22 20:00:00,170.26899999999998
2024-02-23 06:00:00,170.60899999999998
2024-02-23 12:00:00,170.379
2024-02-23 14:00:00,170.539
2024-02-23 15:00:00,170.54899999999998
2024-02-23 16:00:00,170.41899999999998
2024-02-23 17:00:00,170.48899999999998
2024-02-23 18:00:00,170.54899999999998
2024-02-23 19:00:00,170.45899999999997
2024-02-23 20:00:00,170.469
2024-02-26 06:00:00,170.159
2024-02-26 13:00:00,170.469
2024-02-26 14:00:00,170.20899999999997
2024-02-26 15:00:00,170.129
2024-02-26 16:00:00,170.009
2024-02-26 17:00:00,169.86899999999997
2024-02-27 06:00:00,170.04899999999998
2024-02-27 11:00:00,169.819
2024-02-27 12:00:00,169.849
2024-02-27 13:00:00,169.99899999999997
2024-02-27 14:00:00,169.97899999999998
2024-02-27 15:00:00,169.99899999999997
2024-02-27 16:00:00,169.92899999999997
2024-02-27 17:00:00,169.879
2024-02-28 06:00:00,170.10899999999998
2024-02-28 09:00:00,170.08399999999997
2024-02-28 14:00:00,170.11399999999998
2024-02-28 15:00:00,170.32399999999998
2024-02-28 16:00:00,170.414
2024-02-28 17:00:00,170.344
2024-02-29 06:00:00,170.33399999999997
2024-02-29 10:00:00,170.05399999999997
2024-02-29 13:00:00,170.39399999999998
2024-02-29 15:00:00,170.504
2024-02-29 16:00:00,170.48399999999998
2024-02-29 17:00:00,170.404
2024-02-29 20:00:00,170.52399999999997
2024-03-01 06:00:00,171.10399999999998
2024-03-01 14:00:00,170.17399999999998
2024-03-01 15:00:00,170.914
2024-03-01 16:00:00,170.92399999999998
2024-03-01 17:00:00,171.14399999999998
2024-03-01 18:00:00,171.04399999999998
2024-03-01 19:00:00,171.04399999999998
2024-03-01 20:00:00,171.034
2024-03-04 06:00:00,170.969
2024-03-04 15:00:00,170.86399999999998
2024-03-04 19:00:00,171.004
2024-03-05 06:00:00,170.60899999999998
2024-03-05 14:00:00,171.11399999999998
2024-03-05 15:00:00,171.08399999999997
2024-03-05 16:00:00,170.89399999999998
2024-03-05 20:00:00,170.784
2024-03-06 06:00:00,170.784
2024-03-06 12:00:00,170.98399999999998
2024-03-06 15:00:00,171.164
2024-03-06 20:00:00,170.994
2024-03-07 06:00:00,170.904
2024-03-07 14:00:00,171.414
2024-03-07 16:00:00,171.314
2024-03-08 06:00:00,170.944
2024-03-08 10:00:00,171.474
2024-03-08 13:00:00,171.60399999999998
2024-03-08 14:00:00,171.95399999999998
2024-03-08 15:00:00,171.964
2024-03-08 19:00:00,171.474
2024-03-08 20:00:00,171.48399999999998
2024-03-11 05:00:00,171.01399999999998
2024-03-11 14:00:00,171.404
2024-03-11 18:00:00,171.284
2024-03-12 05:00:00,171.20899999999997
2024-03-12 08:00:00,171.504
2024-03-12 09:00:00,171.48399999999998
2024-03-12 13:00:00,171.33399999999997
2024-03-12 14:00:00,171.42399999999998
2024-03-12 15:00:00,171.494
2024-03-13 05:00:00,171.51399999999998
2024-03-13 14:00:00,171.564
2024-03-13 18:00:00,171.60399999999998
2024-03-13 19:00:00,171.564
2024-03-14 05:00:00,170.759
2024-03-14 13:00:00,171.224
2024-03-14 14:00:00,171.04399999999998
2024-03-14 17:00:00,170.694
2024-03-14 18:00:00,170.904
2024-03-15 05:00:00,170.76399999999998
2024-03-15 12:00:00,171.05399999999997
2024-03-15 13:00:00,170.464
2024-03-15 14:00:00,170.624
2024-03-18 05:00:00,171.12099999999998
2024-03-18 14:00:00,170.754
2024-03-18 18:00:00,170.79399999999998
2024-03-19 05:00:00,171.379
2024-03-19 08:00:00,170.884
2024-03-19 09:00:00,170.55399999999997
2024-03-19 11:00:00,170.73399999999998
2024-03-19 12:00:00,170.414
2024-03-19 13:00:00,170.73399999999998
2024-03-19 14:00:00,171.02399999999997
2024-03-19 18:00:00,171.314
2024-03-20 05:00:00,171.86399999999998
2024-03-20 18:00:00,171.664
2024-03-20 19:00:00,171.73399999999998
2024-03-21 05:00:00,171.83399999999997
2024-03-21 12:00:00,172.04399999999998
2024-03-21 13:00:00,172.04399999999998
2024-03-21 16:00:00,171.89399999999998
2024-03-21 17:00:00,171.654
2024-03-21 18:00:00,171.694
2024-03-22 05:00:00,171.694
2024-03-25 05:00:00,171.539
2024-03-25 14:00:00,171.48399999999998
2024-03-25 15:00:00,171.534
2024-03-25 18:00:00,171.58399999999997
2024-03-26 05:00:00,171.279
2024-03-26 11:00:00,171.54399999999998
2024-03-26 13:00:00,171.534
2024-03-26 14:00:00,171.27399999999997
2024-03-26 18:00:00,171.444
2024-03-26 19:00:00,171.42399999999998
2024-03-27 05:00:00,171.819
2024-03-27 09:00:00,171.57399999999998
2024-03-28 05:00:00,171.77399999999997
2024-03-28 13:00:00,171.77399999999997
2024-03-28 14:00:00,171.85399999999998
2024-03-28 15:00:00,171.844
2024-03-28 17:00:00,171.684
2024-03-28 19:00:00,171.684
2024-04-01 05:00:00,170.849
2024-04-01 11:00:00,171.79399999999998
2024-04-01 12:00:00,171.79399999999998
2024-04-01 14:00:00,171.214
2024-04-01 17:00:00,171.004
2024-04-01 18:00:00,171.004
2024-04-01 19:00:00,170.884
2024-04-02 05:00:00,170.414
2024-04-02 07:00:00,170.884
2024-04-02 11:00:00,170.684
2024-04-02 12:00:00,170.48399999999998
2024-04-02 13:00:00,170.29399999999998
2024-04-02 14:00:00,170.35399999999998
2024-04-02 15:00:00,170.35399999999998
2024-04-02 16:00:00,170.32399999999998
2024-04-02 17:00:00,170.30399999999997
2024-04-02 18:00:00,170.36399999999998
2024-04-02 19:00:00,170.39399999999998
2024-04-03 05:00:00,170.654
2024-04-03 13:00:00,170.164
2024-04-03 14:00:00,170.45399999999998
2024-04-03 15:00:00,170.61399999999998
2024-04-03 16:00:00,170.694
2024-04-03 18:00:00,170.634
2024-04-03 19:00:00,170.58399999999997
2024-04-04 05:00:00,170.309
2024-04-04 13:00:00,170.914
2024-04-04 14:00:00,170.79399999999998
2024-04-04 15:00:00,170.92399999999998
2024-04-04 18:00:00,170.494
2024-04-04 19:00:00,170.35399999999998
2024-04-05 05:00:00,170.254
2024-04-05 13:00:00,170.284
2024-04-05 15:00:00,170.284
2024-04-05 17:00:00,170.32399999999998
2024-04-05 18:00:00,170.284
2024-04-05 19:00:00,170.29399999999998
2024-04-08 05:00:00,170.409
2024-04-08 13:00:00,170.20399999999998
2024-04-08 14:00:00,170.284
2024-04-08 17:00:00,170.384
2024-04-09 05:00:00,170.809
2024-04-09 13:00:00,170.744
2024-04-09 14:00:00,170.79399999999998
2024-04-09 16:00:00,170.79399999999998
2024-04-09 17:00:00,170.904
2024-04-09 18:00:00,170.844
2024-04-09 19:00:00,170.934
2024-04-10 05:00:00,169.344
2024-04-10 12:00:00,170.714
2024-04-10 13:00:00,169.994
2024-04-10 14:00:00,169.964
2024-04-10 15:00:00,169.86399999999998
2024-04-10 16:00:00,169.76399999999998
2024-04-10 17:00:00,169.374
2024-04-10 18:00:00,169.314
2024-04-10 19:00:00,169.284
2024-04-11 05:00:00,168.79899999999998
2024-04-11 09:00:00,169.26399999999998
2024-04-11 13:00:00,169.36399999999998
2024-04-11 14:00:00,168.934
2024-04-11 15:00:00,168.904
2024-04-11 16:00:00,168.784
2024-04-11 17:00:00,168.98399999999998
2024-04-11 18:00:00,168.754
2024-04-11 19:00:00,168.83399999999997
2024-04-12 05:00:00,168.564
2024-04-12 07:00:00,169.034
2024-04-12 08:00:00,169.034
2024-04-12 10:00:00,168.73399999999998
2024-04-12 11:00:00,168.76399999999998
2024-04-12 12:00:00,168.76399999999998
2024-04-12 13:00:00,168.884
2024-04-12 14:00:00,168.594
2024-04-12 15:00:00,168.52399999999997
2024-04-12 16:00:00,168.444
2024-04-12 17:00:00,168.42399999999998
2024-04-12 18:00:00,168.42399999999998
2024-04-12 19:00:00,168.64399999999998
2024-04-15 05:00:00,167.83399999999997
2024-04-15 07:00:00,168.61399999999998
2024-04-15 13:00:00,168.474
2024-04-15 14:00:00,168.004
2024-04-15 15:00:00,168.134
2024-04-15 16:00:00,168.07399999999998
2024-04-15 17:00:00,167.79399999999998
2024-04-15 18:00:00,167.79399999999998
2024-04-15 19:00:00,167.724
2024-04-16 05:00:00,167.344
2024-04-16 10:00:00,167.784
2024-04-16 11:00:00,167.784
2024-04-16 12:00:00,167.52399999999997
2024-04-16 13:00:00,167.404
2024-04-16 14:00:00,167.11399999999998
2024-04-16 15:00:00,167.36399999999998
2024-04-16 16:00:00,167.314
2024-04-16 18:00:00,167.54399999999998
2024-04-16 19:00:00,167.404
2024-04-17 05:00:00,167.51899999999998
2024-04-17 12:00:00,167.48399999999998
2024-04-17 13:00:00,167.594
2024-04-17 14:00:00,167.624
2024-04-17 15:00:00,167.564
2024-04-17 16:00:00,167.464
2024-04-17 17:00:00,167.694
2024-04-17 18:00:00,167.534
2024-04-17 19:00:00,167.444
2024-04-18 05:00:00,167.659
2024-04-18 13:00:00,167.35399999999998
2024-04-18 14:00:00,167.634
2024-04-18 15:00:00,167.55399999999997
2024-04-18 17:00:00,167.36399999999998
2024-04-18 19:00:00,167.60399999999998
2024-04-19 05:00:00,167.94899999999998
2024-04-19 13:00:00,167.79399999999998
2024-04-19 14:00:00,167.964
2024-04-22 05:00:00,168.659
2024-04-22 14:00:00,168.36399999999998
2024-04-22 16:00:00,168.534
2024-04-22 18:00:00,168.624
2024-04-22 19:00:00,168.64399999999998
2024-04-23 05:00:00,169.249
2024-04-23 08:00:00,168.67399999999998
2024-04-23 13:00:00,169.01399999999998
2024-04-23 14:00:00,169.26399999999998
2024-04-23 15:00:00,169.26399999999998
2024-04-23 16:00:00,169.20399999999998
2024-04-23 18:00:00,169.214
2024-04-23 19:00:00,169.214
2024-04-24 05:00:00,169.129
2024-04-24 08:00:00,169.344
2024-04-24 09:00:00,169.344
2024-04-24 13:00:00,169.004
2024-04-24 14:00:00,168.814
2024-04-24 16:00:00,168.86399999999998
2024-04-24 19:00:00,169.004
2024-04-25 05:00:00,168.759
2024-04-25 12:00:00,168.414
2024-04-25 13:00:00,167.85399999999998
2024-04-25 15:00:00,168.20399999999998
2024-04-25 16:00:00,168.20399999999998
2024-04-26 05:00:00,169.214
2024-04-26 13:00:00,169.154
2024-04-26 14:00:00,169.10399999999998
2024-04-26 15:00:00,169.124
2024-04-29 05:00:00,169.64399999999998
2024-04-29 13:00:00,169.374
2024-04-29 14:00:00,169.51399999999998
2024-04-29 15:00:00,169.48399999999998
2024-04-29 16:00:00,169.58399999999997
2024-04-29 17:00:00,169.714
2024-04-29 18:00:00,169.784
2024-04-29 19:00:00,169.70399999999998
2024-04-30 05:00:00,168.849
2024-04-30 13:00:00,169.36399999999998
2024-04-30 14:00:00,169.27399999999997
2024-04-30 15:00:00,169.094
2024-04-30 17:00:00,168.944
2024-04-30 18:00:00,168.98399999999998
2024-05-01 05:00:00,169.559
2024-05-01 14:00:00,168.89399999999998
2024-05-01 15:00:00,168.914
2024-05-01 17:00:00,168.964
2024-05-01 18:00:00,169.83399999999997
2024-05-01 19:00:00,169.414
2024-05-02 05:00:00,170.17899999999997
2024-05-02 13:00:00,169.814
2024-05-02 14:00:00,169.58399999999997
2024-05-02 15:00:00,169.964
2024-05-02 16:00:00,169.994
2024-05-02 17:00:00,170.284
2024-05-02 18:00:00,170.32399999999998
2024-05-02 19:00:00,170.14399999999998
2024-05-03 05:00:00,170.939
2024-05-03 13:00:00,171.11399999999998
2024-05-03 14:00:00,170.76399999999998
2024-05-03 15:00:00,171.05399999999997
2024-05-03 17:00:00,171.004
2024-05-03 18:00:00,170.904
2024-05-03 19:00:00,170.904
2024-05-06 05:00:00,171.009
2024-05-06 13:00:00,171.164
2024-05-06 14:00:00,171.134
2024-05-06 15:00:00,171.064
2024-05-06 17:00:00,171.08399999999997
2024-05-06 18:00:00,171.07399999999998
2024-05-06 19:00:00,170.964
2024-05-07 05:00:00,170.974
2024-05-07 15:00:00,170.974
2024-05-07 16:00:00,171.254
2024-05-07 18:00:00,170.89399999999998
2024-05-07 19:00:00,170.994
2024-05-08 05:00:00,170.564
2024-05-08 13:00:00,170.494
2024-05-08 14:00:00,170.64399999999998
2024-05-08 17:00:00,170.51399999999998
2024-05-08 18:00:00,170.534
2024-05-09 05:00:00,170.594
2024-05-09 10:00:00,170.54399999999998
2024-05-09 13:00:00,170.434
2024-05-09 14:00:00,170.52399999999997
2024-05-09 19:00:00,170.52399999999997
2024-05-10 05:00:00,170.38899999999998
2024-05-10 13:00:00,170.52399999999997
2024-05-10 14:00:00,170.36399999999998
2024-05-10 15:00:00,170.284
2024-05-10 17:00:00,170.194
2024-05-10 18:00:00,170.194
2024-05-10 19:00:00,170.23399999999998
2024-05-13 05:00:00,170.22899999999998
2024-05-13 14:00:00,170.42399999999998
2024-05-13 15:00:00,170.30399999999997
2024-05-13 18:00:00,170.224
2024-05-14 05:00:00,170.464
2024-05-14 13:00:00,170.464
2024-05-14 14:00:00,170.374
2024-05-14 15:00:00,170.33399999999997
2024-05-14 17:00:00,170.314
2024-05-14 18:00:00,170.374
2024-05-14 19:00:00,170.42399999999998
2024-05-15 05:00:00,171.35399999999998
2024-05-15 13:00:00,171.04399999999998
2024-05-15 14:00:00,171.10399999999998
2024-05-15 15:00:00,171.164
2024-05-15 16:00:00,171.374
2024-05-15 17:00:00,171.39399999999998
2024-05-15 19:00:00,171.344
2024-05-16 05:00:00,171.14899999999997
2024-05-16 13:00:00,171.10399999999998
2024-05-16 17:00:00,171.20399999999998
2024-05-16 18:00:00,171.26399999999998
2024-05-17 05:00:00,171.414
2024-05-17 14:00:00,171.094
2024-05-17 15:00:00,171.094
2024-05-20 05:00:00,170.94899999999998
2024-05-20 17:00:00,170.94899999999998
2024-05-20 18:00:00,170.95399999999998
2024-05-20 19:00:00,170.994
2024-05-21 05:00:00,170.969
2024-05-21 13:00:00,171.08399999999997
2024-05-21 15:00:00,171.08399999999997
2024-05-21 16:00:00,170.994
2024-05-21 17:00:00,170.98399999999998
2024-05-21 18:00:00,171.01399999999998
2024-05-22 05:00:00,170.509
2024-05-22 15:00:00,170.624
2024-05-22 19:00:00,170.624
2024-05-23 05:00:00,169.944
2024-05-23 13:00:00,170.35399999999998
2024-05-23 14:00:00,170.154
2024-05-23 15:00:00,170.254
2024-05-23 16:00:00,170.20399999999998
2024-05-23 17:00:00,170.08399999999997
2024-05-23 19:00:00,169.95399999999998
2024-05-23 20:00:00,171.374
2024-05-24 05:00:00,170.51899999999998
2024-05-24 13:00:00,170.05399999999997
2024-05-24 14:00:00,170.29399999999998
2024-05-24 16:00:00,170.434
2024-05-24 17:00:00,170.42399999999998
2024-05-24 19:00:00,170.57399999999998
2024-05-28 05:00:00,169.839
2024-05-28 10:00:00,170.714
2024-05-28 12:00:00,170.61399999999998
2024-05-28 13:00:00,170.39399999999998
2024-05-28 14:00:00,170.33399999999997
2024-05-28 16:00:00,170.214
2024-05-28 17:00:00,170.214
2024-05-28 18:00:00,170.214
2024-05-28 19:00:00,169.83399999999997
2024-05-29 05:00:00,169.289
2024-05-29 13:00:00,169.39399999999998
2024-05-29 14:00:00,169.374
2024-05-29 15:00:00,169.214
2024-05-29 16:00:00,169.26399999999998
2024-05-29 17:00:00,169.29399999999998
2024-05-30 05:00:00,169.90499999999997
2024-05-30 13:00:00,169.86999999999998
2024-05-30 14:00:00,169.80999999999997
2024-05-30 15:00:00,169.89
2024-05-30 17:00:00,170.07
2024-05-30 18:00:00,170.05999999999997
2024-05-30 19:00:00,169.95
2024-05-31 05:00:00,170.68499999999997
2024-05-31 11:00:00,170.05999999999997
2024-05-31 12:00:00,170.05999999999997
2024-05-31 13:00:00,170.37999999999997
2024-05-31 14:00:00,170.45999999999998
2024-05-31 15:00:00,170.46999999999997
2024-05-31 16:00:00,170.45999999999998
2024-05-31 17:00:00,170.55999999999997
2024-06-03 05:00:00,171.295
2024-06-03 09:00:00,170.76
2024-06-03 13:00:00,170.95999999999998
2024-06-03 14:00:00,171.29999999999998
2024-06-03 15:00:00,171.07999999999998
2024-06-03 16:00:00,170.95999999999998
2024-06-03 19:00:00,171.32
2024-06-04 05:00:00,171.09999999999997
2024-06-04 08:00:00,171.32999999999998
2024-06-04 09:00:00,171.23
2024-06-04 11:00:00,171.42
2024-06-04 13:00:00,171.43999999999997
2024-06-04 14:00:00,171.40999999999997
2024-06-04 15:00:00,171.20999999999998
2024-06-04 18:00:00,171.12999999999997
2024-06-04 19:00:00,171.04999999999998
2024-06-05 05:00:00,171.575
2024-06-05 13:00:00,171.36999999999998
2024-06-05 14:00:00,171.40999999999997
2024-06-05 15:00:00,171.58999999999997
2024-06-05 16:00:00,171.55999999999997
2024-06-05 18:00:00,171.52999999999997
2024-06-05 19:00:00,171.60999999999999
2024-06-06 05:00:00,171.33999999999997
2024-06-06 13:00:00,171.45999999999998
2024-06-06 15:00:00,171.48
2024-06-06 16:00:00,171.39999999999998
2024-06-06 17:00:00,171.34999999999997
2024-06-06 18:00:00,171.32
2024-06-06 19:00:00,171.35999999999999
2024-06-07 05:00:00,171.07
2024-06-07 12:00:00,170.98
2024-06-07 13:00:00,170.79999999999998
2024-06-07 14:00:00,170.95
2024-06-07 15:00:00,171.01999999999998
2024-06-07 16:00:00,171.04999999999998
2024-06-07 17:00:00,171.10999999999999
2024-06-07 18:00:00,171.04999999999998
2024-06-10 05:00:00,171.105
2024-06-10 10:00:00,170.98999999999998
2024-06-10 11:00:00,171.01999999999998
2024-06-10 15:00:00,171.07
2024-06-10 17:00:00,171.01999999999998
2024-06-11 05:00:00,171.39
2024-06-11 12:00:00,170.96999999999997
2024-06-11 16:00:00,171.01999999999998
2024-06-11 18:00:00,171.26999999999998
2024-06-11 19:00:00,171.30999999999997
2024-06-12 05:00:00,171.93499999999997
2024-06-12 12:00:00,172.02999999999997
2024-06-12 13:00:00,172.32
2024-06-12 14:00:00,172.14999999999998
2024-06-12 15:00:00,172.09999999999997
2024-06-12 16:00:00,172.12999999999997
2024-06-13 05:00:00,171.57
2024-06-13 13:00:00,171.99999999999997
2024-06-13 15:00:00,171.55999999999997
2024-06-13 16:00:00,171.46999999999997
2024-06-13 17:00:00,171.48999999999998
2024-06-14 05:00:00,171.045
2024-06-14 09:00:00,171.48
2024-06-14 13:00:00,171.20999999999998
2024-06-14 14:00:00,171.23999999999998
2024-06-14 15:00:00,171.14
2024-06-14 16:00:00,171.05999999999997
2024-06-14 17:00:00,171.12999999999997
2024-06-14 18:00:00,171.05999999999997
2024-06-17 05:00:00,171.39499999999998
2024-06-17 13:00:00,170.85999999999999
2024-06-17 14:00:00,170.98
2024-06-17 17:00:00,171.29
2024-06-17 19:00:00,171.37999999999997
2024-06-18 05:00:00,171.68499999999997
2024-06-18 12:00:00,171.55999999999997
2024-06-18 13:00:00,171.55999999999997
2024-06-18 15:00:00,171.55999999999997
2024-06-18 16:00:00,171.64999999999998
2024-06-20 05:00:00,171.515
2024-06-20 13:00:00,171.29999999999998
2024-06-20 14:00:00,171.32999999999998
2024-06-21 05:00:00,171.695
2024-06-21 08:00:00,171.48999999999998
2024-06-21 14:00:00,171.54
2024-06-21 15:00:00,171.60999999999999
2024-06-21 16:00:00,171.54999999999998
2024-06-24 05:00:00,171.45499999999998
2024-06-24 09:00:00,171.83999999999997
2024-06-24 14:00:00,171.85999999999999
2024-06-24 15:00:00,171.58999999999997
2024-06-24 16:00:00,171.46999999999997
2024-06-24 17:00:00,171.48
2024-06-24 19:00:00,171.54
2024-06-25 05:00:00,171.62999999999997
2024-06-25 13:00:00,171.45999999999998
2024-06-25 14:00:00,171.54
2024-06-25 15:00:00,171.62999999999997
2024-06-25 16:00:00,171.67
2024-06-25 18:00:00,171.62999999999997
2024-06-25 19:00:00,171.62999999999997
2024-06-26 05:00:00,171.27999999999997
2024-06-26 10:00:00,171.58999999999997
2024-06-26 13:00:00,171.20999999999998
2024-06-26 14:00:00,171.26
2024-06-26 17:00:00,171.36999999999998
2024-06-26 19:00:00,171.33999999999997
2024-06-27 05:00:00,171.385
2024-06-27 13:00:00,171.33999999999997
2024-06-27 16:00:00,171.32
2024-06-27 19:00:00,171.35999999999999
2024-06-28 05:00:00,171.20499999999998
2024-06-28 13:00:00,171.57
2024-06-28 14:00:00,171.58999999999997
2024-06-28 19:00:00,171.23
2024-07-01 05:00:00,171.04
2024-07-01 14:00:00,171.10999999999999
2024-07-01 15:00:00,171.15999999999997
2024-07-01 16:00:00,171.17
2024-07-02 05:00:00,171.49499999999998
2024-07-02 13:00:00,171.11999999999998
2024-07-02 15:00:00,171.33999999999997
2024-07-02 16:00:00,171.29999999999998
2024-07-03 05:00:00,171.90999999999997
2024-07-03 11:00:00,171.76999999999998
2024-07-03 13:00:00,171.61999999999998
2024-07-03 14:00:00,171.65999999999997
2024-07-03 16:00:00,171.89
2024-07-04 05:00:00,171.98
2024-07-04 10:00:00,171.98
2024-07-05 05:00:00,172.48999999999998
2024-07-05 09:00:00,172.17999999999998
2024-07-05 13:00:00,172.09999999999997
2024-07-05 14:00:00,171.99999999999997
2024-07-05 15:00:00,172.39999999999998
2024-07-05 16:00:00,172.36999999999998
2024-07-05 19:00:00,172.48
2024-07-08 05:00:00,172.36499999999998
2024-07-08 13:00:00,172.40999999999997
2024-07-08 14:00:00,172.26
2024-07-08 15:00:00,172.18999999999997
2024-07-08 16:00:00,172.20999999999998
2024-07-08 18:00:00,172.40999999999997
2024-07-08 19:00:00,172.45999999999998
2024-07-09 05:00:00,172.14
2024-07-09 11:00:00,172.40999999999997
2024-07-09 13:00:00,172.34999999999997
2024-07-09 14:00:00,172.23
2024-07-09 15:00:00,172.04999999999998
2024-07-09 16:00:00,172.11999999999998
2024-07-09 17:00:00,172.18999999999997
2024-07-09 18:00:00,172.08999999999997
2024-07-09 19:00:00,172.11999999999998
2024-07-10 05:00:00,172.49999999999997
2024-07-10 06:00:00,172.48
2024-07-10 14:00:00,172.32999999999998
2024-07-10 15:00:00,172.46999999999997
2024-07-10 16:00:00,172.48999999999998
2024-07-10 17:00:00,172.48999999999998
2024-07-11 05:00:00,173.06499999999997
2024-07-11 12:00:00,173.05999999999997
2024-07-11 13:00:00,172.96999999999997
2024-07-11 14:00:00,173.01999999999998
2024-07-11 15:00:00,173.04
2024-07-11 19:00:00,173.10999999999999
2024-07-12 05:00:00,173.48999999999998
2024-07-12 13:00:00,173.09999999999997
2024-07-12 15:00:00,173.29
2024-07-12 16:00:00,173.29
2024-07-12 17:00:00,173.48999999999998
2024-07-12 18:00:00,173.45
2024-07-15 05:00:00,173.35999999999999
2024-07-15 13:00:00,173.30999999999997
2024-07-15 14:00:00,173.29
2024-07-15 15:00:00,173.39999999999998
2024-07-15 16:00:00,173.37999999999997
2024-07-15 17:00:00,173.26
2024-07-15 18:00:00,173.40999999999997
2024-07-15 19:00:00,173.37999999999997
2024-07-16 05:00:00,173.915
2024-07-16 13:00:00,173.37999999999997
2024-07-16 14:00:00,173.48999999999998
2024-07-16 15:00:00,173.59999999999997
2024-07-16 17:00:00,173.83999999999997
2024-07-16 18:00:00,173.89999999999998
2024-07-16 19:00:00,173.92999999999998
2024-07-17 05:00:00,173.73
2024-07-17 13:00:00,173.80999999999997
2024-07-17 14:00:00,173.65999999999997
2024-07-17 15:00:00,173.67
2024-07-17 16:00:00,173.58999999999997
2024-07-17 18:00:00,173.70999999999998
2024-07-18 05:00:00,173.34499999999997
2024-07-18 13:00:00,173.79999999999998
2024-07-18 14:00:00,173.68999999999997
2024-07-18 15:00:00,173.42999999999998
2024-07-18 19:00:00,173.32999999999998
2024-07-19 05:00:00,173.20499999999998
2024-07-19 13:00:00,173.33999999999997
2024-07-19 14:00:00,173.26999999999998
2024-07-19 15:00:00,173.20999999999998
2024-07-19 16:00:00,173.04999999999998
2024-07-19 17:00:00,173.05999999999997
2024-07-19 18:00:00,173.05999999999997
2024-07-19 19:00:00,173.15999999999997
2024-07-22 05:00:00,173.76999999999998
2024-07-22 13:00:00,173.54999999999998
2024-07-22 15:00:00,173.62999999999997
2024-07-22 16:00:00,173.7
2024-07-23 05:00:00,173.825
2024-07-23 06:00:00,173.825
2024-07-23 07:00:00,173.64
2024-07-23 13:00:00,173.73999999999998
2024-07-24 05:00:00,173.36999999999998
2024-07-24 12:00:00,173.46999999999997
2024-07-24 13:00:00,173.64999999999998
2024-07-24 15:00:00,173.79999999999998
2024-07-25 05:00:00,173.265
2024-07-25 07:00:00,173.23999999999998
2024-07-25 08:00:00,173.29999999999998
2024-07-25 12:00:00,173.29
2024-07-25 13:00:00,173.46999999999997
2024-07-25 17:00:00,173.51999999999998
2024-07-25 18:00:00,173.43999999999997
2024-07-25 19:00:00,173.36999999999998
2024-07-26 05:00:00,173.54
2024-07-26 07:00:00,173.43999999999997
2024-07-26 13:00:00,173.79999999999998
2024-07-26 14:00:00,173.65999999999997
2024-07-26 17:00:00,173.58999999999997
2024-07-26 18:00:00,173.55999999999997
2024-07-26 19:00:00,173.55999999999997
2024-07-29 05:00:00,173.445
2024-07-29 13:00:00,173.79999999999998
2024-07-29 14:00:00,173.32
2024-07-29 15:00:00,173.40999999999997
2024-07-29 17:00:00,173.40999999999997
2024-07-29 19:00:00,173.42999999999998
2024-07-30 05:00:00,173.27499999999998
2024-07-30 13:00:00,173.27499999999998
2024-07-30 14:00:00,173.26999999999998
2024-07-30 15:00:00,173.26
2024-07-30 16:00:00,173.26
2024-07-30 18:00:00,173.26
2024-07-30 19:00:00,173.27999999999997
2024-07-31 05:00:00,173.96499999999997
2024-07-31 13:00:00,173.70999999999998
2024-07-31 14:00:00,173.73
2024-07-31 15:00:00,173.76999999999998
2024-07-31 16:00:00,173.79
2024-07-31 18:00:00,173.82999999999998
2024-08-01 05:00:00,173.72499999999997
2024-08-01 13:00:00,174.24999999999997
2024-08-01 14:00:00,173.90999999999997
2024-08-01 15:00:00,173.74999999999997
2024-08-01 16:00:00,173.74999999999997
2024-08-01 17:00:00,173.67999999999998
2024-08-01 18:00:00,173.67999999999998
2024-08-01 19:00:00,174.2
2024-08-02 05:00:00,173.2
2024-08-02 14:00:00,173.23
2024-08-02 15:00:00,173.21999999999997
2024-08-02 16:00:00,173.24999999999997
2024-08-02 17:00:00,173.23
2024-08-02 18:00:00,173.11999999999998
2024-08-02 19:00:00,173.21999999999997
2024-08-05 05:00:00,172.14
2024-08-05 06:00:00,172.98
2024-08-05 07:00:00,172.32999999999998
2024-08-05 08:00:00,172.36999999999998
2024-08-05 09:00:00,171.86999999999998
2024-08-05 10:00:00,171.76
2024-08-05 12:00:00,171.48
2024-08-05 13:00:00,171.96999999999997
2024-08-05 14:00:00,171.95999999999998
2024-08-05 15:00:00,172.01999999999998
2024-08-05 16:00:00,172.29
2024-08-05 19:00:00,172.04
2024-08-06 05:00:00,172.73
2024-08-06 13:00:00,172.30999999999997
2024-08-06 14:00:00,172.46999999999997
2024-08-06 15:00:00,172.46999999999997
2024-08-06 17:00:00,172.46999999999997
2024-08-06 18:00:00,172.46999999999997
2024-08-06 19:00:00,172.82999999999998
2024-08-07 05:00:00,172.90499999999997
2024-08-07 07:00:00,172.65999999999997
2024-08-07 10:00:00,173.14
2024-08-07 13:00:00,173.48
2024-08-07 14:00:00,173.46999999999997
2024-08-07 15:00:00,173.30999999999997
2024-08-07 16:00:00,173.36999999999998
2024-08-07 17:00:00,173.02999999999997
2024-08-07 19:00:00,172.95
2024-08-08 05:00:00,173.35999999999999
2024-08-08 13:00:00,173.36999999999998
2024-08-08 14:00:00,173.48999999999998
2024-08-08 16:00:00,173.23999999999998
2024-08-09 05:00:00,173.37999999999997
2024-08-09 06:00:00,173.37999999999997
2024-08-09 13:00:00,173.54
2024-08-09 14:00:00,173.62999999999997
2024-08-09 18:00:00,173.32
2024-08-09 19:00:00,173.32
2024-08-12 05:00:00,173.26
2024-08-12 12:00:00,173.45999999999998
2024-08-12 13:00:00,173.45999999999998
2024-08-12 14:00:00,173.36999999999998
2024-08-12 15:00:00,173.34999999999997
2024-08-12 16:00:00,173.23
2024-08-12 17:00:00,173.30999999999997
2024-08-12 18:00:00,173.33999999999997
2024-08-12 19:00:00,173.46999999999997
2024-08-13 05:00:00,174.04
2024-08-13 14:00:00,173.71999999999997
2024-08-13 16:00:00,173.76
2024-08-13 17:00:00,173.85999999999999
2024-08-13 18:00:00,173.89999999999998
2024-08-13 19:00:00,173.95999999999998
2024-08-14 05:00:00,174.27499999999998
2024-08-14 13:00:00,173.95999999999998
2024-08-14 14:00:00,173.92
2024-08-14 15:00:00,174.54
2024-08-14 16:00:00,174.30999999999997
2024-08-14 17:00:00,174.30999999999997
2024-08-14 19:00:00,174.29999999999998
2024-08-15 05:00:00,174.45
2024-08-15 15:00:00,174.34999999999997
2024-08-15 16:00:00,174.40999999999997
2024-08-15 19:00:00,174.45
2024-08-16 05:00:00,174.95499999999998
2024-08-16 13:00:00,174.49999999999997
2024-08-16 14:00:00,174.67999999999998
2024-08-16 16:00:00,174.67999999999998
2024-08-19 05:00:00,174.95999999999998
2024-08-19 10:00:00,174.89999999999998
2024-08-19 13:00:00,174.80999999999997
2024-08-19 14:00:00,174.82
2024-08-19 15:00:00,175.07
2024-08-19 16:00:00,174.92999999999998
2024-08-19 17:00:00,174.90999999999997
2024-08-19 18:00:00,174.95999999999998
2024-08-19 19:00:00,174.89999999999998
2024-08-20 05:00:00,174.84999999999997
2024-08-20 08:00:00,175.10999999999999
2024-08-20 13:00:00,175.11999999999998
2024-08-20 14:00:00,175.04
2024-08-20 15:00:00,174.76999999999998
2024-08-20 16:00:00,174.73999999999998
2024-08-20 19:00:00,175.07
2024-08-21 05:00:00,175.17999999999998
2024-08-21 13:00:00,175.02999999999997
2024-08-21 14:00:00,175.04
2024-08-21 16:00:00,175.11999999999998
2024-08-21 17:00:00,175.24999999999997
2024-08-21 19:00:00,175.21999999999997
2024-08-22 05:00:00,174.96499999999997
2024-08-22 14:00:00,174.98
2024-08-22 17:00:00,174.86999999999998
2024-08-22 18:00:00,174.89
2024-08-22 19:00:00,174.95
2024-08-23 05:00:00,175.93999999999997
2024-08-23 12:00:00,175.27999999999997
2024-08-23 13:00:00,175.30999999999997
2024-08-23 14:00:00,175.57999999999998
2024-08-23 15:00:00,175.73999999999998
2024-08-23 16:00:00,175.67
2024-08-23 17:00:00,175.74999999999997
2024-08-23 18:00:00,175.79
2024-08-23 19:00:00,175.95999999999998
2024-08-26 05:00:00,175.71499999999997
2024-08-26 13:00:00,175.90999999999997
2024-08-26 14:00:00,175.82999999999998
2024-08-26 15:00:00,175.74999999999997
2024-08-26 16:00:00,175.95999999999998
2024-08-26 17:00:00,175.84999999999997
2024-08-26 18:00:00,175.89
2024-08-26 19:00:00,175.73999999999998
2024-08-27 05:00:00,175.79999999999998
2024-08-27 13:00:00,175.79999999999998
2024-08-27 14:00:00,175.87999999999997
2024-08-27 15:00:00,175.73
2024-08-27 16:00:00,175.79
2024-08-27 17:00:00,175.83999999999997
2024-08-27 18:00:00,175.83999999999997
2024-08-27 19:00:00,175.73999999999998
2024-08-28 05:00:00,175.71899999999997
2024-08-28 13:00:00,175.73999999999998
2024-08-28 14:00:00,175.7
2024-08-28 18:00:00,175.52999999999997
2024-08-28 19:00:00,175.42999999999998
2024-08-29 05:00:00,175.88099999999997
2024-08-29 13:00:00,175.80999999999997
2024-08-29 14:00:00,175.45999999999998
2024-08-29 15:00:00,175.45
2024-08-29 16:00:00,175.45
2024-08-29 17:00:00,175.45
2024-08-29 18:00:00,175.33999999999997
2024-08-30 05:00:00,175.902
2024-08-30 07:00:00,175.94599999999997
2024-08-30 13:00:00,176.08599999999998
2024-08-30 14:00:00,176.02599999999998
2024-08-30 19:00:00,176.06599999999997
2024-09-03 05:00:00,175.25099999999998
2024-09-03 07:00:00,176.05599999999998
2024-09-03 14:00:00,175.83599999999998
2024-09-03 15:00:00,175.81599999999997
2024-09-03 16:00:00,175.68599999999998
2024-09-03 17:00:00,175.606
2024-09-03 18:00:00,175.37599999999998
2024-09-03 19:00:00,175.21599999999998
2024-09-04 05:00:00,175.86599999999999
2024-09-04 11:00:00,175.326
2024-09-04 12:00:00,175.206
2024-09-04 13:00:00,175.55599999999998
2024-09-04 14:00:00,175.86599999999999
2024-09-04 15:00:00,175.926
2024-09-04 17:00:00,175.74599999999998
2024-09-04 18:00:00,175.796
2024-09-04 19:00:00,175.826
2024-09-05 05:00:00,176.206
2024-09-05 09:00:00,175.86599999999999
2024-09-05 13:00:00,176.62599999999998
2024-09-05 14:00:00,176.27599999999998
2024-09-05 15:00:00,176.266
2024-09-05 16:00:00,176.266
2024-09-05 17:00:00,176.326
2024-09-05 18:00:00,176.356
2024-09-05 19:00:00,176.27599999999998
2024-09-06 05:00:00,176.15599999999998
2024-09-06 13:00:00,176.53599999999997
2024-09-06 14:00:00,176.36599999999999
2024-09-06 16:00:00,175.886
2024-09-06 17:00:00,175.99599999999998
2024-09-09 05:00:00,176.62599999999998
2024-09-09 11:00:00,176.50599999999997
2024-09-09 13:00:00,176.44599999999997
2024-09-09 14:00:00,176.36599999999999
2024-09-09 15:00:00,176.416
2024-09-09 19:00:00,176.52599999999998
2024-09-10 05:00:00,175.99599999999998
2024-09-10 13:00:00,176.52599999999998
2024-09-10 14:00:00,176.206
2024-09-10 15:00:00,176.03599999999997
2024-09-10 16:00:00,175.826
2024-09-10 18:00:00,175.81599999999997
2024-09-11 05:00:00,176.301
2024-09-11 13:00:00,175.78599999999997
2024-09-11 14:00:00,175.736
2024-09-11 15:00:00,175.86599999999999
2024-09-11 16:00:00,175.916
2024-09-11 17:00:00,175.90599999999998
2024-09-12 05:00:00,176.35099999999997
2024-09-12 07:00:00,176.40599999999998
2024-09-12 13:00:00,176.18599999999998
2024-09-12 14:00:00,176.12599999999998
2024-09-12 15:00:00,176.176
2024-09-12 17:00:00,176.356
2024-09-12 19:00:00,176.386
2024-09-13 05:00:00,176.93099999999998
2024-09-13 14:00:00,176.856
2024-09-13 15:00:00,176.87599999999998
2024-09-13 16:00:00,176.856
2024-09-13 18:00:00,177.00599999999997
2024-09-13 19:00:00,176.956
2024-09-16 05:00:00,177.231
2024-09-16 14:00:00,177.206
2024-09-16 16:00:00,177.206
2024-09-16 17:00:00,177.19599999999997
2024-09-16 18:00:00,177.266
2024-09-16 19:00:00,177.236
2024-09-17 05:00:00,177.33599999999998
2024-09-17 13:00:00,177.25599999999997
2024-09-17 16:00:00,177.426
2024-09-17 18:00:00,177.33599999999998
2024-09-18 05:00:00,177.34599999999998
2024-09-18 13:00:00,177.21599999999998
2024-09-18 14:00:00,177.136
2024-09-18 16:00:00,177.19599999999997
2024-09-18 17:00:00,177.22599999999997
2024-09-18 18:00:00,177.736
2024-09-19 05:00:00,177.81599999999997
2024-09-19 10:00:00,178.05599999999998
2024-09-19 13:00:00,177.856
2024-09-19 19:00:00,177.80599999999998
2024-09-20 05:00:00,177.88099999999997
2024-09-20 15:00:00,177.53599999999997
2024-09-20 19:00:00,177.84599999999998
2024-09-23 05:00:00,177.541
2024-09-23 14:00:00,177.68599999999998
2024-09-24 05:00:00,177.56599999999997
2024-09-24 09:00:00,177.636
2024-09-24 14:00:00,177.46599999999998
2024-09-24 15:00:00,177.44599999999997
2024-09-24 19:00:00,177.546
2024-09-25 05:00:00,177.37099999999998
2024-09-25 12:00:00,177.62599999999998
2024-09-25 13:00:00,177.386
2024-09-25 14:00:00,177.36599999999999
2024-09-25 15:00:00,177.40599999999998
2024-09-25 17:00:00,177.416
2024-09-25 18:00:00,177.43599999999998
2024-09-25 19:00:00,177.40599999999998
2024-09-26 05:00:00,177.511
2024-09-26 06:00:00,177.37599999999998
2024-09-26 13:00:00,177.46599999999998
2024-09-26 14:00:00,177.266
2024-09-26 15:00:00,177.456
2024-09-26 18:00:00,177.53599999999997
2024-09-27 05:00:00,177.88099999999997
2024-09-27 12:00:00,177.546
2024-09-27 13:00:00,177.69599999999997
2024-09-27 14:00:00,177.68599999999998
2024-09-30 05:00:00,178.00099999999998
2024-09-30 13:00:00,177.90599999999998
2024-09-30 14:00:00,178.02599999999998
2024-09-30 15:00:00,177.99599999999998
2024-09-30 16:00:00,177.986
2024-09-30 18:00:00,177.926
2024-10-01 05:00:00,177.90599999999998
2024-10-01 14:00:00,177.96599999999998
2024-10-01 15:00:00,178.106
2024-10-01 16:00:00,178.09599999999998
2024-10-02 05:00:00,177.60099999999997
2024-10-02 06:00:00,177.40599999999998
2024-10-02 07:00:00,177.856
2024-10-02 10:00:00,177.49599999999998
2024-10-02 14:00:00,177.666
2024-10-02 15:00:00,177.56599999999997
2024-10-02 16:00:00,177.516
2024-10-03 05:00:00,177.296
2024-10-03 10:00:00,177.456
2024-10-03 11:00:00,177.456
2024-10-03 13:00:00,177.356
2024-10-03 14:00:00,177.356
2024-10-03 16:00:00,177.40599999999998
2024-10-03 17:00:00,177.31599999999997
2024-10-03 18:00:00,177.236
2024-10-04 05:00:00,177.22099999999998
2024-10-04 13:00:00,177.27599999999998
2024-10-04 15:00:00,177.266
2024-10-04 16:00:00,177.356
2024-10-04 17:00:00,177.356
2024-10-04 18:00:00,177.11599999999999
2024-10-04 19:00:00,177.22599999999997
2024-10-07 05:00:00,176.55599999999998
2024-10-07 09:00:00,176.90599999999998
2024-10-07 13:00:00,176.856
2024-10-07 14:00:00,176.87599999999998
2024-10-07 15:00:00,176.83599999999998
2024-10-07 16:00:00,176.766
2024-10-07 17:00:00,176.706
2024-10-07 18:00:00,176.59599999999998
2024-10-07 19:00:00,176.516
2024-10-08 05:00:00,176.761
2024-10-08 07:00:00,176.40599999999998
2024-10-08 13:00:00,176.546
2024-10-08 14:00:00,176.61599999999999
2024-10-08 15:00:00,176.61599999999999
2024-10-08 19:00:00,176.736
2024-10-09 05:00:00,176.636
2024-10-09 11:00:00,176.956
2024-10-09 13:00:00,176.666
2024-10-09 14:00:00,176.676
2024-10-09 15:00:00,176.74599999999998
2024-10-09 16:00:00,176.676
2024-10-10 05:00:00,176.62099999999998
2024-10-10 13:00:00,176.576
2024-10-10 14:00:00,176.576
2024-10-10 16:00:00,176.576
2024-10-10 17:00:00,176.456
2024-10-10 18:00:00,176.516
2024-10-10 19:00:00,176.61599999999999
2024-10-11 05:00:00,176.94599999999997
2024-10-11 13:00:00,176.68599999999998
2024-10-11 14:00:00,176.90599999999998
2024-10-11 15:00:00,176.93599999999998
2024-10-11 16:00:00,176.97599999999997
2024-10-11 18:00:00,176.90599999999998
2024-10-11 19:00:00,177.00599999999997
2024-10-14 05:00:00,177.06099999999998
2024-10-14 13:00:00,176.75599999999997
2024-10-14 19:00:00,177.02599999999998
2024-10-15 05:00:00,176.96599999999998
2024-10-15 13:00:00,177.176
2024-10-15 14:00:00,176.99599999999998
2024-10-15 19:00:00,176.926
2024-10-16 05:00:00,177.426
2024-10-16 14:00:00,177.30599999999998
2024-10-16 16:00:00,177.37599999999998
2024-10-16 17:00:00,177.37599999999998
2024-10-16 19:00:00,177.34599999999998
2024-10-17 05:00:00,177.03599999999997
2024-10-17 13:00:00,177.36599999999999
2024-10-17 14:00:00,177.046
2024-10-17 15:00:00,176.956
2024-10-17 16:00:00,176.896
2024-10-17 18:00:00,176.796
2024-10-17 19:00:00,177.00599999999997
2024-10-18 05:00:00,177.386
2024-10-18 13:00:00,177.136
2024-10-18 15:00:00,177.266
2024-10-18 16:00:00,177.236
2024-10-18 19:00:00,177.31599999999997
2024-10-21 05:00:00,176.68599999999998
2024-10-21 14:00:00,176.80599999999998
2024-10-21 15:00:00,176.636
2024-10-21 16:00:00,176.65599999999998
2024-10-21 19:00:00,176.65599999999998
2024-10-22 05:00:00,176.53599999999997
2024-10-22 09:00:00,176.456
2024-10-22 13:00:00,176.456
2024-10-22 14:00:00,176.37599999999998
2024-10-22 15:00:00,176.36599999999999
2024-10-22 16:00:00,176.31599999999997
2024-10-22 18:00:00,176.44599999999997
2024-10-22 19:00:00,176.416
2024-10-23 05:00:00,175.88099999999997
2024-10-23 13:00:00,176.12599999999998
2024-10-23 14:00:00,175.97599999999997
2024-10-23 15:00:00,176.06599999999997
2024-10-23 18:00:00,175.796
2024-10-23 19:00:00,175.87599999999998
2024-10-24 05:00:00,176.326
2024-10-24 13:00:00,176.08599999999998
2024-10-24 14:00:00,176.15599999999998
2024-10-24 15:00:00,176.31599999999997
2024-10-24 17:00:00,176.43599999999998
2024-10-24 19:00:00,176.356
2024-10-25 05:00:00,176.15099999999998
2024-10-25 14:00:00,176.576
2024-10-25 15:00:00,176.416
2024-10-25 16:00:00,176.28599999999997
2024-10-25 19:00:00,176.106
2024-10-28 05:00:00,176.53099999999998
2024-10-28 13:00:00,176.58599999999998
2024-10-28 14:00:00,176.516
2024-10-28 15:00:00,176.426
2024-10-28 16:00:00,176.396
2024-10-28 19:00:00,176.516
2024-10-29 05:00:00,176.65099999999998
2024-10-29 10:00:00,176.90599999999998
2024-10-29 11:00:00,176.90599999999998
2024-10-29 13:00:00,176.15599999999998
2024-10-29 15:00:00,176.25599999999997
2024-10-29 18:00:00,176.416
2024-10-30 05:00:00,176.28099999999998
2024-10-30 13:00:00,176.676
2024-10-30 14:00:00,176.546
2024-10-30 15:00:00,176.40599999999998
2024-10-30 16:00:00,176.49599999999998
2024-10-30 18:00:00,176.49599999999998
2024-10-30 19:00:00,176.266
2024-10-31 05:00:00,175.75599999999997
2024-10-31 15:00:00,175.90599999999998
2024-10-31 16:00:00,175.80599999999998
2024-10-31 17:00:00,176.15599999999998
2024-10-31 19:00:00,175.886
2024-11-01 05:00:00,175.91099999999997
2024-11-01 13:00:00,176.40599999999998
2024-11-01 14:00:00,176.356
2024-11-01 15:00:00,176.136
2024-11-01 18:00:00,176.106
2024-11-01 19:00:00,175.916
2024-11-04 06:00:00,176.16099999999997
2024-11-04 15:00:00,176.416
2024-11-04 16:00:00,176.166
2024-11-04 17:00:00,176.24599999999998
2024-11-04 21:00:00,176.40599999999998
2024-11-05 06:00:00,176.74099999999999
2024-11-05 14:00:00,176.386
2024-11-05 15:00:00,176.356
2024-11-05 16:00:00,176.326
2024-11-05 17:00:00,176.36599999999999
2024-11-05 19:00:00,176.416
2024-11-06 06:00:00,177.111
2024-11-06 07:00:00,176.40599999999998
2024-11-06 08:00:00,176.90599999999998
2024-11-06 14:00:00,176.49599999999998
2024-11-06 15:00:00,176.75599999999997
2024-11-06 16:00:00,176.75599999999997
2024-11-06 17:00:00,176.90599999999998
2024-11-06 18:00:00,176.87599999999998
2024-11-06 19:00:00,176.896
2024-11-06 20:00:00,177.076
2024-11-07 06:00:00,177.72599999999997
2024-11-07 08:00:00,177.106
2024-11-07 14:00:00,177.36599999999999
2024-11-07 15:00:00,177.40599999999998
2024-11-07 16:00:00,177.47599999999997
2024-11-07 17:00:00,177.52599999999998
2024-11-07 19:00:00,177.62599999999998
2024-11-07 20:00:00,177.72599999999997
2024-11-08 06:00:00,178.021
2024-11-08 14:00:00,177.706
2024-11-08 15:00:00,177.90599999999998
2024-11-08 16:00:00,177.84599999999998
2024-11-11 06:00:00,177.82099999999997
2024-11-11 08:00:00,178.40599999999998
2024-11-11 15:00:00,177.78599999999997
2024-11-11 17:00:00,177.78599999999997
2024-11-12 06:00:00,177.051
2024-11-12 14:00:00,177.40599999999998
2024-11-12 15:00:00,177.326
2024-11-12 16:00:00,177.176
2024-11-12 20:00:00,177.106
2024-11-13 06:00:00,177.046
2024-11-13 13:00:00,177.00599999999997
2024-11-13 14:00:00,177.30599999999998
2024-11-13 15:00:00,177.18599999999998
2024-11-13 16:00:00,177.166
2024-11-14 06:00:00,176.71599999999998
2024-11-14 14:00:00,177.076
2024-11-14 15:00:00,177.03599999999997
2024-11-14 17:00:00,177.05599999999998
2024-11-14 20:00:00,176.90599999999998
2024-11-15 06:00:00,176.736
2024-11-15 14:00:00,176.40599999999998
2024-11-15 15:00:00,176.46599999999998
2024-11-15 16:00:00,176.516
2024-11-15 17:00:00,176.52599999999998
2024-11-15 18:00:00,176.55599999999998
2024-11-15 19:00:00,176.59599999999998
2024-11-15 20:00:00,176.80599999999998
2024-11-18 06:00:00,176.91099999999997
2024-11-18 13:00:00,176.52599999999998
2024-11-18 14:00:00,176.636
2024-11-18 15:00:00,176.65599999999998
2024-11-18 16:00:00,176.90599999999998
2024-11-18 17:00:00,176.83599999999998
2024-11-18 18:00:00,176.84599999999998
2024-11-18 20:00:00,176.87599999999998
2024-11-19 06:00:00,177.171
2024-11-19 08:00:00,177.171
2024-11-19 13:00:00,177.171
2024-11-19 14:00:00,177.171
2024-11-19 15:00:00,177.08599999999998
2024-11-19 16:00:00,177.08599999999998
2024-11-19 19:00:00,177.206
2024-11-20 06:00:00,177.051
2024-11-20 14:00:00,177.25599999999997
2024-11-20 18:00:00,177.25599999999997
2024-11-20 19:00:00,176.986
2024-11-21 06:00:00,177.08599999999998
2024-11-21 14:00:00,177.21599999999998
2024-11-21 16:00:00,177.18599999999998
2024-11-21 17:00:00,177.30599999999998
2024-11-21 18:00:00,177.25599999999997
2024-11-21 19:00:00,177.19599999999997
2024-11-21 20:00:00,177.18599999999998
2024-11-22 06:00:00,177.05599999999998
2024-11-22 14:00:00,177.236
2024-11-22 15:00:00,177.166
2024-11-22 16:00:00,177.176
2024-11-22 17:00:00,177.106
2024-11-22 18:00:00,177.12599999999998
2024-11-22 19:00:00,177.146
2024-11-22 20:00:00,177.06599999999997
2024-11-25 06:00:00,177.701
2024-11-25 12:00:00,177.701
2024-11-25 13:00:00,177.701
2024-11-25 14:00:00,177.676
2024-11-25 15:00:00,177.706
2024-11-25 16:00:00,177.646
2024-11-25 17:00:00,177.58599999999998
2024-11-25 18:00:00,177.68599999999998
2024-11-25 19:00:00,177.75599999999997
2024-11-25 20:00:00,177.736
2024-11-26 06:00:00,177.33599999999998
2024-11-26 14:00:00,177.49599999999998
2024-11-26 15:00:00,177.33599999999998
2024-11-26 16:00:00,177.266
2024-11-26 17:00:00,177.22599999999997
2024-11-26 18:00:00,177.21599999999998
2024-11-26 19:00:00,177.21599999999998
2024-11-26 20:00:00,177.43599999999998
2024-11-27 06:00:00,177.75099999999998
2024-11-27 14:00:00,177.576
2024-11-27 15:00:00,177.50599999999997
2024-11-27 16:00:00,177.606
2024-11-27 17:00:00,177.61599999999999
2024-11-27 20:00:00,177.74599999999998
2024-11-29 06:00:00,178.076
2024-11-29 14:00:00,177.96599999999998
2024-11-29 15:00:00,177.93599999999998
2024-11-29 16:00:00,177.96599999999998
2024-11-29 17:00:00,177.99599999999998
2024-12-02 06:00:00,177.88099999999997
2024-12-02 14:00:00,177.74599999999998
2024-12-02 15:00:00,177.826
2024-12-02 16:00:00,178.00599999999997
2024-12-02 17:00:00,177.926
2024-12-02 18:00:00,177.83599999999998
2024-12-02 19:00:00,177.766
2024-12-02 20:00:00,177.83599999999998
2024-12-03 06:00:00,177.88099999999997
2024-12-03 14:00:00,177.96599999999998
2024-12-03 15:00:00,177.99599999999998
2024-12-03 16:00:00,177.896
2024-12-03 17:00:00,178.046
2024-12-03 18:00:00,178.13599999999997
2024-12-03 19:00:00,177.94599999999997
2024-12-04 06:00:00,178.24599999999998
2024-12-04 14:00:00,177.99599999999998
2024-12-04 15:00:00,178.00599999999997
2024-12-04 17:00:00,178.12599999999998
2024-12-04 18:00:00,178.206
2024-12-04 19:00:00,178.25599999999997
2024-12-04 20:00:00,178.15599999999998
2024-12-05 06:00:00,178.03599999999997
2024-12-05 14:00:00,178.15599999999998
2024-12-05 15:00:00,178.016
2024-12-05 16:00:00,178.076
2024-12-05 19:00:00,178.146
2024-12-06 06:00:00,178.266
2024-12-06 13:00:00,178.16599999999997
2024-12-06 14:00:00,178.516
2024-12-06 15:00:00,178.326
2024-12-06 16:00:00,178.296
2024-12-06 17:00:00,178.426
2024-12-06 18:00:00,178.426
2024-12-06 19:00:00,178.176
2024-12-06 20:00:00,178.24599999999998
2024-12-09 06:00:00,178.03599999999997
2024-12-09 14:00:00,178.22599999999997
2024-12-09 16:00:00,178.02599999999998
2024-12-09 17:00:00,178.02599999999998
2024-12-09 20:00:00,178.016
2024-12-10 06:00:00,178.00599999999997
2024-12-10 16:00:00,177.896
2024-12-10 17:00:00,177.93599999999998
2024-12-10 18:00:00,177.87599999999998
2024-12-10 20:00:00,178.00599999999997
2024-12-11 06:00:00,177.97099999999998
2024-12-11 14:00:00,178.146
2024-12-11 15:00:00,178.08599999999998
2024-12-11 16:00:00,178.13599999999997
2024-12-11 17:00:00,178.106
2024-12-11 20:00:00,178.02599999999998
2024-12-12 06:00:00,177.58599999999998
2024-12-12 14:00:00,177.93599999999998
2024-12-12 15:00:00,177.83599999999998
2024-12-12 16:00:00,177.796
2024-12-12 18:00:00,177.68599999999998
2024-12-12 19:00:00,177.62599999999998
2024-12-13 06:00:00,177.09599999999998
2024-12-13 14:00:00,177.49599999999998
2024-12-13 20:00:00,177.05599999999998
2024-12-16 06:00:00,177.28099999999998
2024-12-16 15:00:00,177.34599999999998
2024-12-16 16:00:00,177.33599999999998
2024-12-16 17:00:00,177.30599999999998
2024-12-17 06:00:00,177.01099999999997
2024-12-17 11:00:00,177.24599999999998
2024-12-17 14:00:00,177.106
2024-12-17 15:00:00,177.016
2024-12-17 16:00:00,177.016
2024-12-17 17:00:00,177.106
2024-12-17 18:00:00,177.09599999999998
2024-12-17 19:00:00,177.00599999999997
2024-12-18 06:00:00,175.16599999999997
2024-12-18 09:00:00,177.09599999999998
2024-12-18 13:00:00,177.076
2024-12-18 15:00:00,176.856
2024-12-18 16:00:00,176.88599999999997
2024-12-18 17:00:00,176.74599999999998
2024-12-18 19:00:00,176.09599999999998
2024-12-18 20:00:00,175.31599999999997
2024-12-19 06:00:00,174.71599999999998
2024-12-19 13:00:00,175.396
2024-12-19 14:00:00,175.33599999999998
2024-12-19 15:00:00,174.84599999999998
2024-12-19 16:00:00,175.046
2024-12-19 17:00:00,175.00599999999997
2024-12-19 18:00:00,175.13599999999997
2024-12-19 19:00:00,174.91599999999997
2024-12-19 20:00:00,174.75599999999997
2024-12-20 06:00:00,175.62099999999998
2024-12-20 08:00:00,174.62599999999998
2024-12-20 14:00:00,175.106
2024-12-20 15:00:00,175.41599999999997
2024-12-20 16:00:00,175.516
2024-12-20 17:00:00,175.62599999999998
2024-12-20 18:00:00,175.486
2024-12-20 19:00:00,175.546
2024-12-20 20:00:00,175.576
2024-12-23 06:00:00,175.28099999999998
2024-12-23 14:00:00,175.33599999999998
2024-12-23 15:00:00,175.236
2024-12-23 16:00:00,175.37599999999998
2024-12-23 17:00:00,175.24599999999998
2024-12-23 18:00:00,175.22599999999997
2024-12-23 19:00:00,175.206
2024-12-23 20:00:00,175.28599999999997
2024-12-24 06:00:00,175.76099999999997
2024-12-24 14:00:00,175.09599999999998
2024-12-24 15:00:00,175.47599999999997
2024-12-24 16:00:00,175.44599999999997
2024-12-24 17:00:00,175.52599999999998
2024-12-26 06:00:00,175.97599999999997
2024-12-26 14:00:00,175.516
2024-12-26 15:00:00,175.46599999999998
2024-12-26 16:00:00,175.74599999999998
2024-12-26 17:00:00,175.65599999999998
2024-12-26 18:00:00,175.88599999999997
2024-12-26 19:00:00,175.93599999999998
2024-12-26 20:00:00,176.09599999999998
2024-12-27 06:00:00,175.86599999999999
2024-12-27 14:00:00,176.11599999999999
2024-12-27 15:00:00,176.02599999999998
2024-12-27 16:00:00,175.956
2024-12-27 17:00:00,175.706
2024-12-27 18:00:00,175.796
2024-12-27 20:00:00,175.84599999999998
2024-12-30 06:00:00,175.856
2024-12-30 14:00:00,175.766
2024-12-30 15:00:00,175.72599999999997
2024-12-30 16:00:00,175.84599999999998
2024-12-30 17:00:00,175.93599999999998
2024-12-30 18:00:00,175.99599999999998
2024-12-31 06:00:00,175.891
2024-12-31 15:00:00,176.19599999999997
2024-12-31 20:00:00,175.88599999999997
2025-01-02 06:00:00,176.21599999999998
2025-01-02 08:00:00,176.27599999999998
2025-01-02 16:00:00,176.22599999999997
2025-01-02 18:00:00,176.02599999999998
2025-01-02 19:00:00,176.106
2025-01-02 20:00:00,176.176
2025-01-03 06:00:00,176.60099999999997
2025-01-03 14:00:00,176.50599999999997
2025-01-03 15:00:00,176.44599999999997
2025-01-03 16:00:00,176.52599999999998
2025-01-03 17:00:00,176.55599999999998
2025-01-03 18:00:00,176.606
2025-01-03 19:00:00,176.646
2025-01-03 20:00:00,176.61599999999999
2025-01-06 06:00:00,177.08599999999998
2025-01-06 14:00:00,176.706
2025-01-06 15:00:00,176.94599999999997
2025-01-06 16:00:00,177.08599999999998
2025-01-06 17:00:00,177.06599999999997
2025-01-06 18:00:00,177.016
2025-01-06 19:00:00,177.046
2025-01-06 20:00:00,177.06599999999997
2025-01-07 06:00:00,176.43099999999998
2025-01-07 14:00:00,177.18599999999998
2025-01-07 15:00:00,176.546
2025-01-07 16:00:00,176.576
2025-01-07 17:00:00,176.46599999999998
2025-01-07 18:00:00,176.52599999999998
2025-01-07 19:00:00,176.47599999999997
2025-01-07 20:00:00,176.40599999999998
2025-01-08 06:00:00,176.516
2025-01-08 11:00:00,176.09599999999998
2025-01-08 14:00:00,176.30599999999998
2025-01-08 15:00:00,176.296
2025-01-08 16:00:00,176.266
2025-01-08 18:00:00,176.47599999999997
2025-01-08 19:00:00,176.426
2025-01-08 20:00:00,176.50599999999997
2025-01-09 06:00:00,176.46599999999998
2025-01-10 06:00:00,175.65099999999998
2025-01-10 11:00:00,176.44599999999997
2025-01-10 13:00:00,176.546
2025-01-10 14:00:00,175.96599999999998
2025-01-10 15:00:00,175.97599999999997
2025-01-10 16:00:00,175.90599999999998
2025-01-10 17:00:00,175.856
2025-01-10 18:00:00,175.83599999999998
2025-01-10 19:00:00,175.80599999999998
2025-01-10 20:00:00,175.59599999999998
2025-01-13 06:00:00,175.41099999999997
2025-01-13 09:00:00,175.146
2025-01-13 11:00:00,175.146
2025-01-13 12:00:00,175.19599999999997
2025-01-13 14:00:00,175.44599999999997
2025-01-13 15:00:00,175.44599999999997
2025-01-13 16:00:00,175.21599999999998
2025-01-13 17:00:00,175.396
2025-01-13 18:00:00,175.40599999999998
2025-01-13 19:00:00,175.34599999999998
2025-01-13 20:00:00,175.37599999999998
2025-01-14 06:00:00,175.611
2025-01-14 14:00:00,175.63599999999997
2025-01-14 15:00:00,175.62599999999998
2025-01-14 16:00:00,175.52599999999998
2025-01-14 17:00:00,175.546
2025-01-14 18:00:00,175.72599999999997
2025-01-14 19:00:00,175.59599999999998
2025-01-14 20:00:00,175.49599999999998
2025-01-14 21:00:00,175.61599999999999
2025-01-15 06:00:00,176.97099999999998
2025-01-15 07:00:00,175.59599999999998
2025-01-15 13:00:00,176.09599999999998
2025-01-15 14:00:00,176.63599999999997
2025-01-15 15:00:00,176.65599999999998
2025-01-15 16:00:00,176.59599999999998
2025-01-15 17:00:00,176.65599999999998
2025-01-15 18:00:00,176.75599999999997
2025-01-15 19:00:00,176.87599999999998
2025-01-15 20:00:00,176.956
2025-01-16 06:00:00,177.28099999999998
2025-01-16 12:00:00,177.016
2025-01-16 14:00:00,176.68599999999998
2025-01-16 15:00:00,176.86599999999999
2025-01-16 16:00:00,177.12599999999998
2025-01-16 17:00:00,177.16599999999997
2025-01-16 18:00:00,177.046
2025-01-16 19:00:00,177.296
2025-01-16 20:00:00,177.25599999999997
2025-01-17 06:00:00,177.521
2025-01-17 14:00:00,177.62599999999998
2025-01-17 15:00:00,177.53599999999997
2025-01-17 16:00:00,177.486
2025-01-17 17:00:00,177.59599999999998
2025-01-17 18:00:00,177.56599999999997
2025-01-17 19:00:00,177.56599999999997
2025-01-17 20:00:00,177.516
2025-01-21 06:00:00,177.801
2025-01-21 14:00:00,177.74599999999998
2025-01-21 15:00:00,177.77599999999998
2025-01-21 16:00:00,177.84599999999998
2025-01-21 17:00:00,177.83599999999998
2025-01-21 19:00:00,177.83599999999998
2025-01-21 20:00:00,177.75599999999997
2025-01-22 06:00:00,177.53599999999997
2025-01-22 16:00:00,177.59599999999998
2025-01-22 19:00:00,177.62599999999998
2025-01-22 20:00:00,177.61599999999999
2025-01-23 06:00:00,177.796
2025-01-23 14:00:00,177.426
2025-01-23 17:00:00,177.58599999999998
2025-01-24 06:00:00,177.88599999999997
2025-01-24 14:00:00,177.796
2025-01-24 15:00:00,178.00599999999997
2025-01-24 17:00:00,178.046
2025-01-24 19:00:00,177.88599999999997
2025-01-27 06:00:00,178.01099999999997
2025-01-27 10:00:00,177.09599999999998
2025-01-27 13:00:00,177.356
2025-01-27 15:00:00,178.046
2025-01-27 20:00:00,177.94599999999997
2025-01-28 06:00:00,177.91099999999997
2025-01-28 14:00:00,177.796
2025-01-28 15:00:00,177.84599999999998
2025-01-28 17:00:00,177.856
2025-01-29 06:00:00,177.82099999999997
2025-01-29 14:00:00,177.91599999999997
2025-01-29 15:00:00,177.94599999999997
2025-01-29 17:00:00,177.956
2025-01-29 18:00:00,177.88599999999997
2025-01-29 19:00:00,177.826
2025-01-30 06:00:00,178.13099999999997
2025-01-30 14:00:00,178.236
2025-01-30 15:00:00,178.03599999999997
2025-01-30 16:00:00,178.05599999999998
2025-01-30 19:00:00,178.13599999999997
2025-01-30 20:00:00,178.08599999999998
2025-01-31 06:00:00,177.861
2025-01-31 14:00:00,178.25599999999997
2025-01-31 15:00:00,178.236
2025-01-31 16:00:00,178.19599999999997
2025-01-31 17:00:00,178.33599999999998
2025-01-31 19:00:00,178.00599999999997
2025-01-31 20:00:00,177.78599999999997
2025-02-03 06:00:00,177.56599999999997
2025-02-03 14:00:00,177.43599999999998
2025-02-03 15:00:00,177.66599999999997
2025-02-03 16:00:00,177.606
2025-02-03 17:00:00,177.65599999999998
2025-02-03 19:00:00,177.59599999999998
2025-02-03 20:00:00,177.61599999999999
2025-02-04 06:00:00,177.93099999999998
2025-02-04 09:00:00,177.93099999999998
2025-02-04 14:00:00,177.606
2025-02-04 15:00:00,177.766
2025-02-04 16:00:00,177.83599999999998
2025-02-04 18:00:00,177.87599999999998
2025-02-04 20:00:00,177.956
2025-02-05 06:00:00,178.421
2025-02-05 14:00:00,178.16599999999997
2025-02-05 15:00:00,178.33599999999998
2025-02-05 17:00:00,178.33599999999998
2025-02-06 06:00:00,178.27599999999998
2025-02-06 14:00:00,178.296
2025-02-06 15:00:00,178.30599999999998
2025-02-06 16:00:00,178.266
2025-02-06 17:00:00,178.266
2025-02-06 18:00:00,178.27599999999998
2025-02-06 19:00:00,178.176
2025-02-06 20:00:00,178.22599999999997
2025-02-07 01:00:00,177.59599999999998
2025-02-07 06:00:00,177.72099999999998
2025-02-07 14:00:00,178.09599999999998
2025-02-07 15:00:00,177.99599999999998
2025-02-07 16:00:00,177.896
2025-02-07 18:00:00,177.77599999999998
2025-02-07 20:00:00,177.68599999999998
2025-02-10 06:00:00,178.03099999999998
2025-02-10 14:00:00,178.016
2025-02-10 15:00:00,178.03599999999997
2025-02-10 16:00:00,178.046
2025-02-10 17:00:00,178.08599999999998
2025-02-10 18:00:00,178.08599999999998
2025-02-10 20:00:00,177.97599999999997
2025-02-11 06:00:00,177.84099999999998
2025-02-11 14:00:00,177.796
2025-02-11 15:00:00,177.81599999999997
2025-02-11 16:00:00,177.826
2025-02-11 17:00:00,177.766
2025-02-11 18:00:00,177.826
2025-02-11 19:00:00,177.826
2025-02-11 20:00:00,177.81599999999997
2025-02-12 06:00:00,177.481
2025-02-12 13:00:00,177.59599999999998
2025-02-12 14:00:00,177.236
2025-02-12 15:00:00,177.396
2025-02-12 16:00:00,177.34599999999998
2025-02-12 17:00:00,177.516
2025-02-12 18:00:00,177.50599999999997
2025-02-12 19:00:00,177.44599999999997
2025-02-12 20:00:00,177.50599999999997
2025-02-13 06:00:00,178.13099999999997
2025-02-13 11:00:00,177.59599999999998
2025-02-13 13:00:00,177.576
2025-02-13 15:00:00,177.576
2025-02-13 16:00:00,177.83599999999998
2025-02-13 17:00:00,177.91599999999997
2025-02-13 19:00:00,177.97599999999997
2025-02-14 06:00:00,178.26099999999997
2025-02-14 09:00:00,178.09599999999998
2025-02-14 15:00:00,178.546
2025-02-14 16:00:00,178.546
2025-02-14 17:00:00,178.426
2025-02-14 20:00:00,178.28599999999997
2025-02-18 06:00:00,178.09599999999998
2025-02-18 14:00:00,178.09599999999998
2025-02-18 15:00:00,178.24599999999998
2025-02-18 16:00:00,178.21599999999998
2025-02-18 17:00:00,178.076
2025-02-18 18:00:00,178.03599999999997
2025-02-18 19:00:00,177.986
2025-02-19 06:00:00,178.19599999999997
2025-02-19 14:00:00,177.90599999999998
2025-02-19 15:00:00,177.926
2025-02-19 16:00:00,177.91599999999997
2025-02-19 17:00:00,177.91599999999997
2025-02-19 19:00:00,178.046
2025-02-19 20:00:00,178.06599999999997
2025-02-20 06:00:00,178.31599999999997
2025-02-20 15:00:00,178.12599999999998
2025-02-20 16:00:00,178.11599999999999
2025-02-20 17:00:00,178.16599999999997
2025-02-20 18:00:00,178.19599999999997
2025-02-20 19:00:00,178.21599999999998
2025-02-20 20:00:00,178.24599999999998
2025-02-21 06:00:00,177.99599999999998
2025-02-21 15:00:00,178.30599999999998
2025-02-21 16:00:00,178.36599999999999
2025-02-21 17:00:00,178.356
2025-02-21 18:00:00,178.18599999999998
2025-02-21 19:00:00,178.12599999999998
2025-02-21 20:00:00,178.02599999999998
2025-02-24 06:00:00,178.18599999999998
2025-02-24 12:00:00,178.18599999999998
2025-02-24 14:00:00,178.18599999999998
2025-02-24 15:00:00,178.146
2025-02-24 16:00:00,178.16599999999997
2025-02-24 17:00:00,178.25599999999997
2025-02-24 18:00:00,178.30599999999998
2025-02-24 20:00:00,178.21599999999998
2025-02-25 06:00:00,178.546
2025-02-25 10:00:00,178.546
2025-02-25 14:00:00,178.46599999999998
2025-02-25 16:00:00,178.396
2025-02-25 17:00:00,178.456
2025-02-25 18:00:00,178.52599999999998
2025-02-25 20:00:00,178.576
2025-02-26 06:00:00,178.701
2025-02-26 08:00:00,178.59599999999998
2025-02-26 13:00:00,178.55599999999998
2025-02-26 14:00:00,178.61599999999999
2025-02-26 15:00:00,178.74599999999998
2025-02-26 17:00:00,178.77599999999998
2025-02-26 18:00:00,178.68599999999998
2025-02-26 19:00:00,178.69599999999997
2025-02-26 20:00:00,178.81599999999997
2025-02-27 06:00:00,178.38099999999997
2025-02-27 14:00:00,178.47
2025-02-27 15:00:00,178.61999999999998
2025-02-27 16:00:00,178.6
2025-02-27 17:00:00,178.64999999999998
2025-02-27 18:00:00,178.58999999999997
2025-02-27 19:00:00,178.54
2025-02-27 20:00:00,178.32999999999998
2025-02-28 06:00:00,178.76999999999998
2025-02-28 16:00:00,178.67999999999998
2025-02-28 20:00:00,178.76
2025-03-03 06:00:00,178.16
2025-03-03 14:00:00,178.57999999999998
2025-03-03 15:00:00,178.77999999999997
2025-03-03 16:00:00,178.45
2025-03-03 17:00:00,178.48999999999998
2025-03-03 18:00:00,178.35999999999999
2025-03-03 19:00:00,178.38
2025-03-03 20:00:00,178.17
2025-03-04 06:00:00,178.15499999999997
2025-03-04 09:00:00,178.04999999999998
2025-03-04 13:00:00,178.07
2025-03-04 14:00:00,177.82
2025-03-04 15:00:00,177.76999999999998
2025-03-04 17:00:00,178.07999999999998
2025-03-04 20:00:00,178.16
2025-03-04 21:00:00,178.35999999999999
2025-03-05 06:00:00,178.10999999999999
2025-03-05 08:00:00,178.10999999999999
2025-03-05 10:00:00,178.32999999999998
2025-03-05 13:00:00,178.01
2025-03-05 14:00:00,178.01
2025-03-05 15:00:00,177.98999999999998
2025-03-05 16:00:00,177.92
2025-03-05 18:00:00,178.11999999999998
2025-03-06 06:00:00,177.51999999999998
2025-03-06 08:00:00,177.66
2025-03-06 09:00:00,177.60999999999999
2025-03-06 10:00:00,177.10999999999999
2025-03-06 11:00:00,177.04
2025-03-06 14:00:00,177.76
2025-03-06 15:00:00,177.79
2025-03-06 17:00:00,177.73999999999998
2025-03-06 18:00:00,177.47
2025-03-06 19:00:00,177.48
2025-03-06 20:00:00,177.48
2025-03-07 06:00:00,177.80999999999997
2025-03-07 14:00:00,177.55999999999997
2025-03-07 15:00:00,177.61999999999998
2025-03-07 16:00:00,177.79
2025-03-07 17:00:00,177.80999999999997
2025-03-07 18:00:00,177.64999999999998
2025-03-07 19:00:00,177.82
2025-03-07 20:00:00,177.80999999999997
2025-03-10 05:00:00,177.19
2025-03-10 13:00:00,177.42999999999998
2025-03-10 14:00:00,177.47
2025-03-10 15:00:00,177.60999999999999
2025-03-10 17:00:00,177.30999999999997
2025-03-10 18:00:00,177.29
2025-03-10 19:00:00,177.14
2025-03-11 05:00:00,176.27999999999997
2025-03-11 10:00:00,176.92999999999998
2025-03-11 13:00:00,177.30999999999997
2025-03-11 14:00:00,176.97
2025-03-11 15:00:00,177.02999999999997
2025-03-11 16:00:00,176.6
2025-03-11 17:00:00,176.33999999999997
2025-03-11 18:00:00,176.60999999999999
2025-03-11 19:00:00,176.45
2025-03-12 05:00:00,176.475
2025-03-12 09:00:00,176.26
2025-03-12 13:00:00,176.44
2025-03-12 14:00:00,176.30999999999997
2025-03-12 15:00:00,176.48999999999998
2025-03-12 16:00:00,176.54999999999998
2025-03-12 17:00:00,176.61999999999998
2025-03-12 18:00:00,176.57
2025-03-12 19:00:00,176.42
2025-03-13 05:00:00,175.505
2025-03-13 13:00:00,176.10999999999999
2025-03-13 14:00:00,176.08999999999997
2025-03-13 15:00:00,175.54
2025-03-13 16:00:00,175.44
2025-03-13 17:00:00,175.42
2025-03-13 18:00:00,175.55999999999997
2025-03-13 19:00:00,175.41
2025-03-14 05:00:00,176.30999999999997
2025-03-14 12:00:00,175.64
2025-03-14 13:00:00,176.01
2025-03-14 14:00:00,175.76
2025-03-14 15:00:00,176.11999999999998
2025-03-14 16:00:00,176.32999999999998
2025-03-14 17:00:00,176.26
2025-03-14 18:00:00,176.23
2025-03-14 19:00:00,176.24999999999997
2025-03-16 22:00:00,175.10999999999999
2025-03-17 05:00:00,176.535
2025-03-17 09:00:00,175.89
2025-03-17 10:00:00,175.89
2025-03-17 13:00:00,176.33999999999997
2025-03-17 14:00:00,176.30999999999997
2025-03-17 15:00:00,176.41
2025-03-17 16:00:00,176.35
2025-03-17 18:00:00,176.67999999999998
2025-03-18 05:00:00,176.66
2025-03-18 13:00:00,176.32999999999998
2025-03-18 14:00:00,176.51999999999998
2025-03-18 15:00:00,176.70999999999998
2025-03-18 16:00:00,176.79
2025-03-18 17:00:00,176.67
2025-03-18 18:00:00,176.64
2025-03-18 19:00:00,176.6
2025-03-19 05:00:00,177.39499999999998
2025-03-19 13:00:00,176.73999999999998
2025-03-19 14:00:00,176.79999999999998
2025-03-19 15:00:00,176.88
2025-03-19 16:00:00,177.04999999999998
2025-03-19 17:00:00,176.95
2025-03-19 18:00:00,177.55999999999997
2025-03-19 19:00:00,177.57999999999998
2025-03-20 05:00:00,177.42999999999998
2025-03-20 12:00:00,177.85999999999999
2025-03-20 14:00:00,177.69
2025-03-20 15:00:00,177.60999999999999
2025-03-20 16:00:00,177.54999999999998
2025-03-20 17:00:00,177.36999999999998
2025-03-20 18:00:00,177.39999999999998
2025-03-20 19:00:00,177.51999999999998
2025-03-21 05:00:00,177.36499999999998
2025-03-21 13:00:00,177.10999999999999
2025-03-21 14:00:00,177.1
2025-03-21 15:00:00,177.17
2025-03-21 16:00:00,177.32999999999998
2025-03-21 17:00:00,177.39999999999998
2025-03-21 18:00:00,177.38
2025-03-21 19:00:00,177.29999999999998
2025-03-24 05:00:00,177.815
2025-03-24 10:00:00,177.49999999999997
2025-03-24 13:00:00,177.57999999999998
2025-03-24 14:00:00,177.64
2025-03-24 15:00:00,177.7
2025-03-24 16:00:00,177.72
2025-03-24 17:00:00,177.7
2025-03-24 18:00:00,177.77999999999997
2025-03-24 19:00:00,177.76
2025-03-25 05:00:00,177.57
2025-03-25 13:00:00,177.95
2025-03-25 14:00:00,177.89
2025-03-25 15:00:00,177.85
2025-03-25 16:00:00,177.83999999999997
2025-03-25 17:00:00,177.73
2025-03-25 18:00:00,177.69
2025-03-25 19:00:00,177.61999999999998
2025-03-26 05:00:00,176.855
2025-03-26 13:00:00,177.44
2025-03-26 14:00:00,177.24999999999997
2025-03-26 15:00:00,176.95999999999998
2025-03-26 16:00:00,176.66
2025-03-26 17:00:00,176.54999999999998
2025-03-26 18:00:00,176.7
2025-03-26 19:00:00,176.91
2025-03-27 05:00:00,176.49499999999998
2025-03-27 13:00:00,176.67999999999998
2025-03-27 14:00:00,176.72
2025-03-27 15:00:00,176.49999999999997
2025-03-27 16:00:00,176.44
2025-03-27 17:00:00,176.39
2025-03-27 18:00:00,176.45
2025-03-27 19:00:00,176.47
2025-03-28 05:00:00,176.14
2025-03-28 12:00:00,176.33999999999997
2025-03-28 13:00:00,176.33999999999997
2025-03-28 14:00:00,176.04999999999998
2025-03-28 15:00:00,175.98999999999998
2025-03-28 16:00:00,175.89
2025-03-28 17:00:00,175.98
2025-03-28 18:00:00,176.01
2025-03-28 19:00:00,176.11999999999998
2025-03-31 05:00:00,176.20999999999998
2025-03-31 11:00:00,175.60999999999999
2025-03-31 13:00:00,175.58999999999997
2025-03-31 14:00:00,175.85
2025-03-31 15:00:00,175.95999999999998
2025-03-31 16:00:00,175.95999999999998
2025-03-31 17:00:00,175.79999999999998
2025-03-31 18:00:00,175.95
2025-03-31 19:00:00,176.22
2025-03-31 23:00:00,174.10999999999999
2025-04-01 05:00:00,176.67499999999998
2025-04-01 14:00:00,176.29
2025-04-01 15:00:00,176.60999999999999
2025-04-01 16:00:00,176.61999999999998
2025-04-01 17:00:00,176.54999999999998
2025-04-01 18:00:00,176.54999999999998
2025-04-01 19:00:00,176.51999999999998
2025-04-01 22:00:00,176.60999999999999
2025-04-02 05:00:00,176.945
2025-04-02 12:00:00,176.23
2025-04-02 13:00:00,176.66
2025-04-02 14:00:00,176.73999999999998
2025-04-02 15:00:00,176.73999999999998
2025-04-02 16:00:00,176.73999999999998
2025-04-02 17:00:00,176.74999999999997
2025-04-02 18:00:00,176.76999999999998
2025-04-02 19:00:00,176.94
2025-04-02 20:00:00,176.45999999999998
2025-04-03 05:00:00,174.89
2025-04-03 13:00:00,175.51
2025-04-03 14:00:00,174.70999999999998
2025-04-03 15:00:00,174.94
2025-04-03 16:00:00,175.26
2025-04-03 17:00:00,175.26
2025-04-03 18:00:00,175.08999999999997
2025-04-03 19:00:00,174.79
2025-04-04 05:00:00,172.505
2025-04-04 09:00:00,174.76999999999998
2025-04-04 10:00:00,175.33999999999997
2025-04-04 11:00:00,173.10999999999999
2025-04-04 12:00:00,174.64
2025-04-04 13:00:00,173.1
2025-04-04 14:00:00,171.97
2025-04-04 15:00:00,172.36999999999998
2025-04-04 16:00:00,172.14
2025-04-04 17:00:00,172.60999999999999
2025-04-04 18:00:00,172.01
2025-04-04 19:00:00,172.29
2025-04-06 22:00:00,172.10999999999999
2025-04-07 05:00:00,170.69
2025-04-07 13:00:00,170.79
2025-04-07 14:00:00,171.98
2025-04-07 15:00:00,170.73999999999998
2025-04-07 16:00:00,170.38
2025-04-07 17:00:00,171.26
2025-04-07 18:00:00,170.86999999999998
2025-04-07 19:00:00,170.80999999999997
2025-04-08 05:00:00,169.765
2025-04-08 06:00:00,171.10999999999999
2025-04-08 07:00:00,171.04
2025-04-08 08:00:00,170.55999999999997
2025-04-08 09:00:00,170.77999999999997
2025-04-08 10:00:00,170.39999999999998
2025-04-08 12:00:00,172.14
2025-04-08 13:00:00,172.48999999999998
2025-04-08 14:00:00,172.51999999999998
2025-04-08 15:00:00,172.45
2025-04-08 16:00:00,171.49999999999997
2025-04-08 17:00:00,171.1
2025-04-08 18:00:00,171.20999999999998
2025-04-08 19:00:00,170.32999999999998
2025-04-09 05:00:00,169.60999999999999
2025-04-09 11:00:00,169.01999999999998
2025-04-09 12:00:00,168.92
2025-04-09 13:00:00,169.55999999999997
2025-04-09 14:00:00,169.66
2025-04-09 15:00:00,169.22
2025-04-09 16:00:00,169.47
2025-04-09 17:00:00,171.54
2025-04-09 18:00:00,173.1
2025-04-09 19:00:00,174.42
2025-04-09 20:00:00,172.60999999999999
2025-04-10 05:00:00,171.355
2025-04-10 08:00:00,173.2
2025-04-10 12:00:00,173.20999999999998
2025-04-10 13:00:00,172.69
2025-04-10 14:00:00,172.16
2025-04-10 15:00:00,171.6
2025-04-10 16:00:00,171.42999999999998
2025-04-10 17:00:00,171.91
2025-04-10 18:00:00,172.2
2025-04-10 19:00:00,171.35999999999999
2025-04-11 05:00:00,172.23999999999998
2025-04-11 13:00:00,171.35
2025-04-11 14:00:00,171.01
2025-04-11 15:00:00,171.26999999999998
2025-04-11 16:00:00,172.10999999999999
2025-04-11 17:00:00,172.89
2025-04-11 18:00:00,172.36999999999998
2025-04-14 05:00:00,173.05499999999998
2025-04-14 13:00:00,173.23999999999998
2025-04-14 14:00:00,173.13
2025-04-14 15:00:00,172.77999999999997
2025-04-14 16:00:00,173.01
2025-04-14 17:00:00,173.10999999999999
2025-04-14 18:00:00,173.23
2025-04-14 19:00:00,173.07999999999998
2025-04-15 05:00:00,173.46499999999997
2025-04-15 08:00:00,173.07999999999998
2025-04-15 13:00:00,173.67999999999998
2025-04-15 14:00:00,173.54
2025-04-15 17:00:00,173.45
2025-04-15 19:00:00,173.51999999999998
2025-04-16 05:00:00,173.49999999999997
2025-04-16 09:00:00,172.94
2025-04-16 10:00:00,172.57999999999998
2025-04-16 13:00:00,173.26
2025-04-16 14:00:00,173.42999999999998
2025-04-16 15:00:00,173.52999999999997
2025-04-16 16:00:00,173.67
2025-04-16 18:00:00,173.23999999999998
2025-04-16 19:00:00,173.55999999999997
2025-04-17 05:00:00,174.27499999999998
2025-04-17 13:00:00,174.10999999999999
2025-04-17 14:00:00,173.97
2025-04-17 19:00:00,174.14
2025-04-21 05:00:00,173.26
2025-04-21 07:00:00,174.16
2025-04-21 13:00:00,173.51
2025-04-21 14:00:00,173.17
2025-04-21 15:00:00,173.05999999999997
2025-04-21 17:00:00,173.05999999999997
2025-04-21 19:00:00,173.26
2025-04-22 05:00:00,173.92999999999998
2025-04-22 13:00:00,174.10999999999999
2025-04-22 14:00:00,173.99999999999997
2025-04-22 15:00:00,174.02999999999997
2025-04-22 16:00:00,174.11999999999998
2025-04-22 17:00:00,173.76
2025-04-22 18:00:00,173.76
2025-04-22 19:00:00,173.89999999999998
2025-04-23 05:00:00,174.86999999999998
2025-04-23 08:00:00,174.60999999999999
2025-04-23 10:00:00,174.60999999999999
2025-04-23 11:00:00,175.10999999999999
2025-04-23 13:00:00,175.77999999999997
2025-04-23 14:00:00,175.63
2025-04-23 15:00:00,175.38
2025-04-23 17:00:00,174.97
2025-04-23 19:00:00,174.89
2025-04-24 05:00:00,176.1
2025-04-24 06:00:00,175.85
2025-04-24 13:00:00,175.39
2025-04-24 14:00:00,175.47
2025-04-24 16:00:00,175.74999999999997
2025-04-24 18:00:00,175.94
2025-04-24 19:00:00,176.13
2025-04-25 05:00:00,176.515
2025-04-25 13:00:00,176.07999999999998
2025-04-25 14:00:00,176.14
2025-04-25 16:00:00,176.42999999999998
2025-04-25 17:00:00,176.10999999999999
2025-04-25 18:00:00,176.42
2025-04-25 19:00:00,176.51999999999998
2025-04-28 05:00:00,176.385
2025-04-28 13:00:00,176.51
2025-04-28 14:00:00,176.55999999999997
2025-04-28 15:00:00,176.24999999999997
2025-04-28 16:00:00,176.11999999999998
2025-04-28 17:00:00,176.24999999999997
2025-04-28 18:00:00,176.36999999999998
2025-04-28 19:00:00,176.48
2025-04-29 05:00:00,176.825
2025-04-29 13:00:00,176.33999999999997
2025-04-29 14:00:00,176.19
2025-04-29 16:00:00,176.41
2025-04-29 17:00:00,176.57
2025-04-29 18:00:00,176.57
2025-04-29 19:00:00,176.73
2025-04-30 05:00:00,175.98499999999999
2025-04-30 13:00:00,176.04
2025-04-30 14:00:00,175.85
2025-04-30 15:00:00,176.13
2025-04-30 16:00:00,175.77999999999997
2025-04-30 17:00:00,175.92999999999998
2025-04-30 19:00:00,176.05999999999997
2025-05-01 05:00:00,176.075
2025-05-01 13:00:00,176.35999999999999
2025-05-01 14:00:00,176.23
2025-05-01 15:00:00,176.05999999999997
2025-05-01 16:00:00,176.2
2025-05-01 17:00:00,176.26999999999998
2025-05-01 18:00:00,176.19
2025-05-01 19:00:00,176.27999999999997
2025-05-02 05:00:00,176.565
2025-05-02 13:00:00,176.51
2025-05-02 14:00:00,176.51999999999998
2025-05-02 15:00:00,176.42999999999998
2025-05-02 16:00:00,176.49999999999997
2025-05-02 17:00:00,176.55999999999997
2025-05-02 18:00:00,176.60999999999999
2025-05-02 19:00:00,176.64
2025-05-05 05:00:00,176.49499999999998
2025-05-05 10:00:00,176.10999999999999
2025-05-05 14:00:00,176.52999999999997
2025-05-05 15:00:00,176.70999999999998
2025-05-05 19:00:00,176.54
2025-05-06 05:00:00,176.29999999999998
2025-05-06 11:00:00,176.29999999999998
2025-05-06 13:00:00,176.26999999999998
2025-05-06 14:00:00,176.41
2025-05-06 16:00:00,176.26
2025-05-07 05:00:00,176.48
2025-05-07 11:00:00,176.64
2025-05-07 13:00:00,176.64
2025-05-07 14:00:00,176.51
2025-05-07 15:00:00,176.42999999999998
2025-05-07 16:00:00,176.61999999999998
2025-05-07 17:00:00,176.61999999999998
2025-05-07 18:00:00,176.45999999999998
2025-05-07 19:00:00,176.45
2025-05-08 05:00:00,176.45999999999998
2025-05-08 14:00:00,176.51999999999998
2025-05-08 15:00:00,176.76999999999998
2025-05-08 16:00:00,176.95999999999998
2025-05-08 18:00:00,176.57999999999998
2025-05-08 19:00:00,176.44
2025-05-09 05:00:00,176.48499999999999
2025-05-09 13:00:00,176.67
2025-05-09 14:00:00,176.77999999999997
2025-05-09 15:00:00,176.66
2025-05-09 16:00:00,176.54999999999998
2025-05-09 17:00:00,176.61999999999998
2025-05-09 18:00:00,176.60999999999999
2025-05-09 19:00:00,176.49999999999997
2025-05-12 05:00:00,178.295
2025-05-12 11:00:00,177.79
2025-05-12 13:00:00,177.66
2025-05-12 14:00:00,177.88
2025-05-12 15:00:00,177.82
2025-05-12 16:00:00,178.10999999999999
2025-05-12 17:00:00,178.17
2025-05-12 18:00:00,178.30999999999997
2025-05-12 19:00:00,178.22
2025-05-13 05:00:00,178.33499999999998
2025-05-13 13:00:00,178.23999999999998
2025-05-13 14:00:00,178.29
2025-05-13 15:00:00,178.33999999999997
2025-05-13 16:00:00,178.49999999999997
2025-05-13 17:00:00,178.57
2025-05-13 18:00:00,178.41
2025-05-13 19:00:00,178.42
2025-05-14 05:00:00,177.85999999999999
2025-05-14 07:00:00,178.42
2025-05-14 13:00:00,178.26999999999998
2025-05-14 15:00:00,178.14999999999998
2025-05-14 16:00:00,178.04999999999998
2025-05-14 17:00:00,178.02999999999997
2025-05-14 18:00:00,177.97
2025-05-14 19:00:00,177.89999999999998
2025-05-15 05:00:00,178.11999999999998
2025-05-15 12:00:00,178.11999999999998
2025-05-15 13:00:00,178.11999999999998
2025-05-15 14:00:00,177.64
2025-05-15 15:00:00,177.86999999999998
2025-05-15 16:00:00,177.95999999999998
2025-05-15 17:00:00,177.95
2025-05-15 18:00:00,178.02999999999997
2025-05-15 19:00:00,178.04
2025-05-16 05:00:00,178.21499999999997
2025-05-16 13:00:00,178.24999999999997
2025-05-16 14:00:00,178.01
2025-05-16 15:00:00,178.01999999999998
2025-05-16 16:00:00,178.01999999999998
2025-05-16 18:00:00,178.08999999999997
2025-05-16 19:00:00,178.2
2025-05-16 20:00:00,177.38
2025-05-19 05:00:00,178.105
2025-05-19 13:00:00,177.83999999999997
2025-05-19 14:00:00,177.88
2025-05-19 15:00:00,177.89
2025-05-19 16:00:00,177.95
2025-05-19 17:00:00,178.04
2025-05-19 18:00:00,178.04
2025-05-20 05:00:00,178.04
2025-05-20 12:00:00,177.66
2025-05-20 13:00:00,177.66
2025-05-20 14:00:00,177.98
2025-05-20 15:00:00,177.99999999999997
2025-05-20 16:00:00,178.01999999999998
2025-05-20 17:00:00,178.1
2025-05-20 18:00:00,177.94
2025-05-20 19:00:00,178.01999999999998
2025-05-20 20:00:00,177.79
2025-05-21 05:00:00,176.92
2025-05-21 12:00:00,177.48999999999998
2025-05-21 14:00:00,177.48999999999998
2025-05-21 15:00:00,177.72
2025-05-21 17:00:00,177.26
2025-05-21 18:00:00,177.19
2025-05-21 19:00:00,177.05999999999997
2025-05-22 05:00:00,177.135
2025-05-22 09:00:00,177.01999999999998
2025-05-22 11:00:00,177.04999999999998
2025-05-22 12:00:00,176.86999999999998
2025-05-22 13:00:00,176.80999999999997
2025-05-22 14:00:00,176.76
2025-05-22 15:00:00,177.08999999999997
2025-05-22 16:00:00,177.17
2025-05-22 17:00:00,177.29
2025-05-22 18:00:00,177.32999999999998
2025-05-22 19:00:00,177.23
2025-05-23 05:00:00,177.13
2025-05-23 11:00:00,176.85
2025-05-23 13:00:00,176.89
2025-05-23 14:00:00,176.79
2025-05-23 15:00:00,176.91
2025-05-23 16:00:00,176.88
2025-05-23 17:00:00,177.07999999999998
2025-05-23 18:00:00,177.07999999999998
2025-05-23 19:00:00,177.14
2025-05-26 12:00:00,177.14
2025-05-26 13:00:00,177.14
2025-05-27 05:00:00,178.17499999999998
2025-05-27 08:00:00,177.98999999999998
2025-05-27 12:00:00,177.66
2025-05-27 13:00:00,177.72
2025-05-27 14:00:00,177.86999999999998
2025-05-27 15:00:00,177.95999999999998
2025-05-27 16:00:00,178.01999999999998
2025-05-27 17:00:00,178.08999999999997
2025-05-27 19:00:00,178.14
2025-05-28 05:00:00,178.07
2025-05-28 11:00:00,177.95999999999998
2025-05-28 13:00:00,177.95999999999998
2025-05-28 14:00:00,177.88
2025-05-28 15:00:00,177.82
2025-05-28 16:00:00,177.85
2025-05-28 17:00:00,178.01999999999998
2025-05-28 18:00:00,178.1
2025-05-28 19:00:00,178.04
2025-05-29 05:00:00,178.24499999999998
2025-05-29 06:00:00,178.24499999999998
2025-05-29 08:00:00,178.45999999999998
2025-05-29 12:00:00,178.32
2025-05-29 13:00:00,178.26
2025-05-29 14:00:00,178.26999999999998
2025-05-29 15:00:00,178.2
2025-05-29 16:00:00,178.27999999999997
2025-05-29 17:00:00,178.27999999999997
2025-05-29 18:00:00,178.17
2025-05-29 19:00:00,178.24999999999997
2025-05-30 05:00:00,178.35999999999999
2025-05-30 13:00:00,178.21499999999997
2025-05-30 14:00:00,178.17499999999998
2025-05-30 15:00:00,178.255
2025-05-30 16:00:00,178.02499999999998
2025-05-30 17:00:00,178.105
2025-05-30 18:00:00,178.24499999999998
2025-05-30 19:00:00,178.475
2025-06-02 05:00:00,178.24499999999998
2025-06-02 09:00:00,178.035
2025-06-02 12:00:00,178.005
2025-06-02 13:00:00,178.12499999999997
2025-06-02 14:00:00,178.15499999999997
2025-06-02 15:00:00,178.165
2025-06-02 16:00:00,178.15499999999997
2025-06-02 17:00:00,178.15499999999997
2025-06-02 18:00:00,178.285
2025-06-02 19:00:00,178.225
2025-06-03 05:00:00,178.545
2025-06-03 13:00:00,178.325
2025-06-03 14:00:00,178.40499999999997
2025-06-03 15:00:00,178.46499999999997
2025-06-03 16:00:00,178.48499999999999
2025-06-03 17:00:00,178.46499999999997
2025-06-03 18:00:00,178.535
2025-06-03 19:00:00,178.52499999999998
2025-06-04 05:00:00,178.795
2025-06-04 12:00:00,178.58499999999998
2025-06-04 13:00:00,178.90499999999997
2025-06-04 14:00:00,178.68499999999997
2025-06-04 15:00:00,178.665
2025-06-04 16:00:00,178.755
2025-06-04 17:00:00,178.785
2025-06-04 18:00:00,178.815
2025-06-04 19:00:00,178.815
2025-06-04 20:00:00,178.98499999999999
2025-06-05 05:00:00,178.44
2025-06-05 09:00:00,178.68499999999997
2025-06-05 12:00:00,178.98499999999999
2025-06-05 13:00:00,178.70499999999998
2025-06-05 14:00:00,178.80499999999998
2025-06-05 15:00:00,178.68499999999997
2025-06-05 16:00:00,178.55499999999998
2025-06-05 17:00:00,178.64499999999998
2025-06-05 18:00:00,178.595
2025-06-05 19:00:00,178.48499999999999
2025-06-06 05:00:00,178.35
2025-06-06 13:00:00,178.475
2025-06-06 14:00:00,178.46499999999997
2025-06-06 15:00:00,178.345
2025-06-06 16:00:00,178.345
2025-06-06 17:00:00,178.45499999999998
2025-06-06 18:00:00,178.42499999999998
2025-06-06 19:00:00,178.39499999999998
2025-06-09 05:00:00,178.55499999999998
2025-06-09 13:00:00,178.565
2025-06-09 14:00:00,178.45499999999998
2025-06-09 15:00:00,178.505
2025-06-09 16:00:00,178.535
2025-06-09 19:00:00,178.58499999999998
2025-06-10 05:00:00,178.89
2025-06-10 11:00:00,178.55499999999998
2025-06-10 12:00:00,178.58499999999998
2025-06-10 13:00:00,178.58499999999998
2025-06-10 14:00:00,178.545
2025-06-10 15:00:00,178.595
2025-06-10 16:00:00,178.725
2025-06-10 17:00:00,178.73499999999999
2025-06-10 19:00:00,178.92499999999998
2025-06-11 05:00:00,178.89
2025-06-11 12:00:00,179.18499999999997
2025-06-11 13:00:00,179.035
2025-06-11 14:00:00,179.095
2025-06-11 15:00:00,179.095
2025-06-11 16:00:00,179.075
2025-06-11 18:00:00,179.05499999999998
2025-06-11 19:00:00,178.98499999999999
2025-06-12 05:00:00,179.005
2025-06-12 12:00:00,179.005
2025-06-12 13:00:00,178.87499999999997
2025-06-12 15:00:00,178.915
2025-06-12 17:00:00,178.92499999999998
2025-06-12 18:00:00,178.86499999999998
2025-06-12 19:00:00,178.99499999999998
2025-06-13 05:00:00,178.475
2025-06-13 08:00:00,178.535
2025-06-13 09:00:00,178.48499999999999
2025-06-13 13:00:00,178.61499999999998
2025-06-13 14:00:00,178.55499999999998
2025-06-13 15:00:00,178.605
2025-06-13 16:00:00,178.545
2025-06-13 17:00:00,178.52499999999998
2025-06-13 18:00:00,178.475
2025-06-13 19:00:00,178.355
2025-06-16 05:00:00,178.87499999999997
2025-06-16 07:00:00,178.43499999999997
2025-06-16 13:00:00,178.86499999999998
2025-06-16 14:00:00,178.93499999999997
2025-06-16 15:00:00,178.87499999999997
2025-06-16 16:00:00,178.80499999999998
2025-06-16 17:00:00,178.795
2025-06-16 18:00:00,178.86499999999998
2025-06-16 19:00:00,178.855
2025-06-17 05:00:00,178.55499999999998
2025-06-17 14:00:00,178.815
2025-06-17 15:00:00,178.68499999999997
2025-06-17 16:00:00,178.595
2025-06-17 17:00:00,178.505
2025-06-17 18:00:00,178.575
2025-06-17 19:00:00,178.545
2025-06-18 05:00:00,178.83999999999997
2025-06-18 14:00:00,178.83499999999998
2025-06-18 15:00:00,178.86499999999998
2025-06-18 16:00:00,178.915
2025-06-18 17:00:00,178.825
2025-06-18 18:00:00,178.795
2025-06-20 00:00:00,178.45499999999998
2025-06-20 05:00:00,179.27999999999997
2025-06-20 11:00:00,178.815
2025-06-20 13:00:00,178.89499999999998
2025-06-20 14:00:00,178.945
2025-06-20 15:00:00,179.11499999999998
2025-06-20 16:00:00,179.14499999999998
2025-06-20 17:00:00,179.18499999999997
2025-06-20 18:00:00,179.195
2025-06-20 19:00:00,179.36499999999998
2025-06-20 20:00:00,178.89499999999998
2025-06-23 05:00:00,179.54999999999998
2025-06-23 13:00:00,179.37499999999997
2025-06-23 14:00:00,179.475
2025-06-23 15:00:00,179.48499999999999
2025-06-23 16:00:00,179.39499999999998
2025-06-23 17:00:00,179.43499999999997
2025-06-23 19:00:00,179.575
2025-06-24 05:00:00,180.015
2025-06-24 13:00:00,180.015
2025-06-24 14:00:00,179.93499999999997
2025-06-24 15:00:00,179.93499999999997
2025-06-24 16:00:00,180.015
2025-06-24 17:00:00,179.945
2025-06-24 18:00:00,180.08499999999998
2025-06-24 19:00:00,180.095
2025-06-25 05:00:00,180.04999999999998
2025-06-25 13:00:00,180.04999999999998
2025-06-25 14:00:00,179.95499999999998
2025-06-25 15:00:00,179.95499999999998
2025-06-25 17:00:00,179.96499999999997
2025-06-25 19:00:00,180.045
2025-06-26 05:00:00,180.51
2025-06-26 13:00:00,180.23499999999999
2025-06-26 14:00:00,180.325
2025-06-26 15:00:00,180.355
2025-06-26 16:00:00,180.475
2025-06-26 17:00:00,180.515
2025-06-26 18:00:00,180.52499999999998
2025-06-26 19:00:00,180.52499999999998
2025-06-27 05:00:00,180.345
2025-06-27 13:00:00,180.55499999999998
2025-06-27 14:00:00,180.535
2025-06-27 16:00:00,180.575
2025-06-27 18:00:00,180.345
2025-06-27 19:00:00,180.37499999999997
2025-06-30 05:00:00,180.97
2025-06-30 07:00:00,180.575
2025-06-30 14:00:00,180.755
2025-06-30 16:00:00,180.86499999999998
2025-06-30 17:00:00,180.93499999999997
2025-06-30 18:00:00,181.005
2025-06-30 19:00:00,181.015
2025-07-01 05:00:00,180.885
2025-07-01 12:00:00,180.93499999999997
2025-07-01 14:00:00,180.915
2025-07-01 15:00:00,180.855
2025-07-01 16:00:00,180.87499999999997
2025-07-01 17:00:00,180.95499999999998
2025-07-01 19:00:00,180.92499999999998
2025-07-02 05:00:00,181.05499999999998
2025-07-02 08:00:00,180.92499999999998
2025-07-02 12:00:00,180.86499999999998
2025-07-02 14:00:00,180.77499999999998
2025-07-02 15:00:00,180.96499999999997
2025-07-02 16:00:00,180.87499999999997
2025-07-02 17:00:00,180.945
2025-07-02 18:00:00,180.92499999999998
2025-07-02 19:00:00,181.05499999999998
2025-07-03 05:00:00,181.14
2025-07-03 07:00:00,181.24499999999998
2025-07-03 12:00:00,181.05499999999998
2025-07-03 13:00:00,181.05499999999998
2025-07-03 14:00:00,181.08499999999998
2025-07-03 15:00:00,181.12499999999997
2025-07-03 16:00:00,181.15499999999997
2025-07-07 05:00:00,180.57
2025-07-07 09:00:00,181.065
2025-07-07 13:00:00,180.945
2025-07-07 14:00:00,180.855
2025-07-07 15:00:00,180.68499999999997
2025-07-07 16:00:00,180.565
2025-07-07 17:00:00,180.65499999999997
2025-07-07 18:00:00,180.55499999999998
2025-07-07 19:00:00,180.55499999999998
2025-07-07 20:00:00,181.135
2025-07-08 05:00:00,180.27499999999998
2025-07-08 11:00:00,180.27499999999998
2025-07-08 13:00:00,180.45499999999998
2025-07-08 14:00:00,180.43499999999997
2025-07-08 15:00:00,180.415
2025-07-08 16:00:00,180.355
2025-07-08 18:00:00,180.285
2025-07-09 05:00:00,180.74499999999998
2025-07-09 13:00:00,180.665
2025-07-09 14:00:00,180.52499999999998
2025-07-09 15:00:00,180.505
2025-07-09 17:00:00,180.62499999999997
2025-07-09 18:00:00,180.73499999999999
2025-07-09 19:00:00,180.765
2025-07-10 05:00:00,180.64499999999998
2025-07-10 13:00:00,180.62499999999997
2025-07-10 14:00:00,180.65499999999997
2025-07-10 15:00:00,180.65499999999997
2025-07-10 16:00:00,180.635
2025-07-10 17:00:00,180.73499999999999
2025-07-10 18:00:00,180.765
2025-07-10 19:00:00,180.67499999999998
2025-07-11 05:00:00,180.24499999999998
2025-07-11 12:00:00,180.24499999999998
2025-07-11 13:00:00,180.195
2025-07-11 14:00:00,180.20499999999998
2025-07-11 15:00:00,180.15499999999997
2025-07-11 16:00:00,180.12499999999997
2025-07-11 17:00:00,180.14499999999998
2025-07-11 18:00:00,180.285
2025-07-11 19:00:00,180.265
2025-07-14 05:00:00,180.37499999999997
2025-07-14 06:00:00,180.045
2025-07-14 11:00:00,180.135
2025-07-14 13:00:00,180.27499999999998
2025-07-14 14:00:00,180.265
2025-07-14 15:00:00,180.315
2025-07-14 16:00:00,180.295
2025-07-14 18:00:00,180.385
2025-07-14 19:00:00,180.39499999999998
2025-07-15 05:00:00,179.91
2025-07-15 14:00:00,180.12499999999997
2025-07-15 15:00:00,180.12499999999997
2025-07-15 16:00:00,179.98499999999999
2025-07-15 17:00:00,179.98499999999999
2025-07-15 18:00:00,180.035
2025-07-15 19:00:00,179.975
2025-07-16 05:00:00,180.265
2025-07-16 12:00:00,179.98499999999999
2025-07-16 13:00:00,180.005
2025-07-16 14:00:00,180.005
2025-07-16 15:00:00,179.92499999999998
2025-07-16 16:00:00,180.015
2025-07-16 18:00:00,180.15499999999997
2025-07-16 19:00:00,180.30499999999998
2025-07-17 05:00:00,180.39
2025-07-17 13:00:00,180.43499999999997
2025-07-17 14:00:00,180.48499999999999
2025-07-17 15:00:00,180.445
2025-07-17 16:00:00,180.43499999999997
2025-07-17 17:00:00,180.40499999999997
2025-07-17 19:00:00,180.37499999999997
2025-07-18 05:00:00,180.58499999999998
2025-07-18 13:00:00,180.58499999999998
2025-07-18 14:00:00,180.515
2025-07-18 15:00:00,180.535
2025-07-18 19:00:00,180.565
2025-07-21 05:00:00,180.79999999999998
2025-07-21 14:00:00,180.975
2025-07-21 15:00:00,180.95499999999998
2025-07-21 16:00:00,180.975
2025-07-21 17:00:00,180.98499999999999
2025-07-21 18:00:00,180.93499999999997
2025-07-21 19:00:00,180.92499999999998
2025-07-22 05:00:00,181.195
2025-07-22 14:00:00,180.99499999999998
2025-07-22 15:00:00,180.96499999999997
2025-07-22 16:00:00,180.96499999999997
2025-07-22 18:00:00,181.02499999999998
2025-07-22 19:00:00,181.08499999999998
2025-07-23 05:00:00,181.23999999999998
2025-07-23 13:00:00,181.08499999999998
2025-07-23 14:00:00,181.08499999999998
2025-07-23 15:00:00,181.195
2025-07-23 16:00:00,181.15499999999997
2025-07-23 17:00:00,181.23499999999999
2025-07-24 05:00:00,181.05999999999997
2025-07-24 13:00:00,180.885
2025-07-24 14:00:00,181.08499999999998
2025-07-24 15:00:00,181.035
2025-07-24 16:00:00,181.045
2025-07-24 19:00:00,181.075
2025-07-25 05:00:00,181.05499999999998
2025-07-25 13:00:00,180.99499999999998
2025-07-25 14:00:00,181.015
2025-07-25 15:00:00,181.075
2025-07-25 16:00:00,181.225
2025-07-25 17:00:00,181.225
2025-07-25 19:00:00,181.08499999999998
2025-07-28 05:00:00,181.015
2025-07-28 13:00:00,180.945
2025-07-28 14:00:00,181.005
2025-07-28 15:00:00,181.045
2025-07-28 17:00:00,181.045
2025-07-28 18:00:00,181.015
2025-07-28 19:00:00,180.98499999999999
2025-07-29 05:00:00,181.065
2025-07-29 13:00:00,181.045
2025-07-29 14:00:00,181.015
2025-07-29 15:00:00,181.035
2025-07-29 17:00:00,181.095
2025-07-29 19:00:00,181.015
2025-07-30 05:00:00,180.71499999999997
2025-07-30 13:00:00,180.77499999999998
2025-07-30 14:00:00,180.80499999999998
2025-07-30 15:00:00,180.725
2025-07-30 18:00:00,180.90499999999997
2025-07-31 05:00:00,180.79999999999998
2025-07-31 13:00:00,180.825
2025-07-31 14:00:00,180.86499999999998
2025-07-31 15:00:00,180.89499999999998
2025-07-31 16:00:00,180.975
2025-07-31 17:00:00,180.825
2025-07-31 19:00:00,180.815
2025-08-01 05:00:00,180.63
2025-08-01 12:00:00,180.63
2025-08-01 13:00:00,180.575
2025-08-01 14:00:00,180.61499999999998
2025-08-01 15:00:00,180.74499999999998
2025-08-01 16:00:00,180.68499999999997
2025-08-01 18:00:00,180.505
2025-08-01 19:00:00,180.62499999999997
2025-08-04 05:00:00,181.295
2025-08-04 12:00:00,180.825
2025-08-04 13:00:00,180.975
2025-08-04 14:00:00,180.98499999999999
2025-08-04 15:00:00,181.08499999999998
2025-08-04 17:00:00,181.14499999999998
2025-08-04 19:00:00,181.24499999999998
2025-08-05 05:00:00,181.14499999999998
2025-08-05 14:00:00,180.975
2025-08-05 15:00:00,180.98499999999999
2025-08-05 16:00:00,180.98499999999999
2025-08-05 17:00:00,181.12499999999997
2025-08-05 18:00:00,181.135
2025-08-05 19:00:00,181.17499999999998
2025-08-06 05:00:00,181.30499999999998
2025-08-06 13:00:00,181.14499999999998
2025-08-06 14:00:00,181.15499999999997
2025-08-06 15:00:00,181.135
2025-08-06 16:00:00,181.165
2025-08-06 17:00:00,181.14499999999998
2025-08-06 18:00:00,181.23499999999999
2025-08-06 19:00:00,181.33499999999998
2025-08-07 05:00:00,181.16
2025-08-07 08:00:00,181.16
2025-08-07 13:00:00,181.355
2025-08-07 14:00:00,181.23499999999999
2025-08-07 15:00:00,181.195
2025-08-07 17:00:00,181.135
2025-08-07 18:00:00,181.095
2025-08-07 19:00:00,181.12499999999997
2025-08-08 05:00:00,181.04
2025-08-08 13:00:00,180.99499999999998
2025-08-08 14:00:00,181.045
2025-08-08 15:00:00,181.005
2025-08-08 16:00:00,181.05499999999998
2025-08-08 17:00:00,181.08499999999998
2025-08-08 18:00:00,181.095
2025-08-08 19:00:00,181.075
2025-08-11 05:00:00,181.11999999999998
2025-08-11 13:00:00,181.02499999999998
2025-08-11 14:00:00,181.11499999999998
2025-08-11 15:00:00,181.165
2025-08-11 16:00:00,181.165
2025-08-11 17:00:00,181.08499999999998
2025-08-11 18:00:00,181.105
2025-08-11 19:00:00,181.105
2025-08-12 05:00:00,181.385
2025-08-12 12:00:00,181.385
2025-08-12 13:00:00,181.135
2025-08-12 14:00:00,181.195
2025-08-12 15:00:00,181.255
2025-08-12 18:00:00,181.345
2025-08-12 19:00:00,181.445
2025-08-13 05:00:00,181.845
2025-08-13 07:00:00,181.845
2025-08-13 13:00:00,181.74499999999998
2025-08-13 14:00:00,181.815
2025-08-13 15:00:00,181.845
2025-08-13 16:00:00,181.785
2025-08-13 17:00:00,181.785
2025-08-13 18:00:00,181.74499999999998
2025-08-13 19:00:00,181.86499999999998
2025-08-14 05:00:00,181.41
2025-08-14 13:00:00,181.48499999999999
2025-08-14 14:00:00,181.46499999999997
2025-08-14 15:00:00,181.345
2025-08-14 16:00:00,181.285
2025-08-14 17:00:00,181.285
2025-08-14 18:00:00,181.45499999999998
2025-08-14 19:00:00,181.415
2025-08-15 05:00:00,181.40499999999997
2025-08-15 08:00:00,181.445
2025-08-15 13:00:00,181.40499999999997
2025-08-15 14:00:00,181.355
2025-08-15 15:00:00,181.385
2025-08-15 16:00:00,181.33499999999998
2025-08-15 17:00:00,181.36499999999998
2025-08-15 18:00:00,181.355
2025-08-15 19:00:00,181.40499999999997
2025-08-18 05:00:00,181.32999999999998
2025-08-18 07:00:00,181.48499999999999
2025-08-18 08:00:00,181.49499999999998
2025-08-18 13:00:00,181.49499999999998
2025-08-18 14:00:00,181.42499999999998
2025-08-18 15:00:00,181.42499999999998
2025-08-18 16:00:00,181.48499999999999
2025-08-18 17:00:00,181.40499999999997
2025-08-18 18:00:00,181.40499999999997
2025-08-18 19:00:00,181.325
2025-08-19 05:00:00,181.35
2025-08-19 12:00:00,181.515
2025-08-19 13:00:00,181.385
2025-08-19 14:00:00,181.40499999999997
2025-08-19 15:00:00,181.345
2025-08-19 16:00:00,181.315
2025-08-19 17:00:00,181.285
2025-08-19 18:00:00,181.315
2025-08-19 19:00:00,181.345
2025-08-20 05:00:00,181.2
2025-08-20 13:00:00,181.255
2025-08-20 14:00:00,181.165
2025-08-20 15:00:00,181.27499999999998
2025-08-20 16:00:00,181.265
2025-08-20 17:00:00,181.265
2025-08-20 18:00:00,181.24499999999998
2025-08-20 19:00:00,181.265
2025-08-21 05:00:00,180.95
2025-08-21 11:00:00,181.105
2025-08-21 13:00:00,180.92499999999998
2025-08-21 14:00:00,181.02499999999998
2025-08-21 15:00:00,180.93499999999997
2025-08-21 16:00:00,180.96499999999997
2025-08-21 17:00:00,180.98499999999999
2025-08-21 18:00:00,181.005
2025-08-21 19:00:00,180.93499999999997
2025-08-22 05:00:00,182.16
2025-08-22 13:00:00,181.265
2025-08-22 14:00:00,181.99499999999998
2025-08-22 15:00:00,181.87499999999997
2025-08-22 16:00:00,181.92499999999998
2025-08-22 17:00:00,182.045
2025-08-22 18:00:00,181.99499999999998
2025-08-22 19:00:00,182.18499999999997
2025-08-25 05:00:00,181.88
2025-08-25 13:00:00,181.945
2025-08-25 14:00:00,181.945
2025-08-25 15:00:00,181.96499999999997
2025-08-25 16:00:00,182.035
2025-08-25 17:00:00,182.015
2025-08-25 18:00:00,181.98499999999999
2025-08-25 19:00:00,181.885
2025-08-26 05:00:00,182.26
2025-08-26 12:00:00,181.89499999999998
2025-08-26 13:00:00,181.975
2025-08-26 14:00:00,181.945
2025-08-26 15:00:00,182.075
2025-08-26 16:00:00,182.12499999999997
2025-08-26 17:00:00,182.17499999999998
2025-08-26 18:00:00,182.12499999999997
2025-08-26 19:00:00,182.27499999999998
2025-08-27 05:00:00,182.42999999999998
2025-08-27 08:00:00,182.27499999999998
2025-08-27 11:00:00,182.105
2025-08-27 13:00:00,182.225
2025-08-27 14:00:00,182.20499999999998
2025-08-27 15:00:00,182.23499999999999
2025-08-27 17:00:00,182.315
2025-08-27 18:00:00,182.345
2025-08-27 19:00:00,182.445
2025-08-28 05:00:00,182.41
2025-08-28 12:00:00,182.295
2025-08-28 13:00:00,182.23499999999999
2025-08-28 14:00:00,182.30499999999998
2025-08-28 15:00:00,182.355
2025-08-28 16:00:00,182.355
2025-08-28 18:00:00,182.37499999999997
2025-08-29 05:00:00,182.10999999999999
2025-08-29 11:00:00,182.15
2025-08-29 13:00:00,182.15
2025-08-29 14:00:00,182.22
2025-08-29 15:00:00,182.21
2025-08-29 16:00:00,182.17
2025-08-29 19:00:00,182.07
2025-09-01 14:00:00,182.1
2025-09-02 05:00:00,181.71
2025-09-02 07:00:00,181.78
2025-09-02 12:00:00,181.35999999999999
2025-09-02 13:00:00,181.5
2025-09-02 14:00:00,181.5
2025-09-02 15:00:00,181.51
2025-09-02 16:00:00,181.5
2025-09-02 17:00:00,181.5
2025-09-02 18:00:00,181.5
2025-09-02 19:00:00,181.69
2025-09-03 05:00:00,182.165
2025-09-03 13:00:00,181.76
2025-09-03 14:00:00,182.07999999999998
2025-09-03 15:00:00,182.02
2025-09-03 16:00:00,182.05
2025-09-03 17:00:00,182.0
2025-09-03 18:00:00,182.04
2025-09-03 19:00:00,182.12
2025-09-04 05:00:00,182.56
2025-09-04 13:00:00,182.56
2025-09-04 14:00:00,182.22
2025-09-04 15:00:00,182.32
2025-09-04 16:00:00,182.32
2025-09-04 17:00:00,182.31
2025-09-04 18:00:00,182.32
2025-09-04 19:00:00,182.55
2025-09-05 05:00:00,182.655
2025-09-05 13:00:00,183.17
2025-09-05 14:00:00,182.92
2025-09-05 15:00:00,182.73
2025-09-05 16:00:00,182.73
2025-09-05 17:00:00,182.59
2025-09-05 18:00:00,182.6
2025-09-05 19:00:00,182.59
2025-09-08 05:00:00,182.73
2025-09-08 13:00:00,182.84
2025-09-08 14:00:00,182.81
2025-09-08 15:00:00,182.85999999999999
2025-09-08 16:00:00,182.75
2025-09-08 17:00:00,182.72
2025-09-08 19:00:00,182.76
2025-09-09 05:00:00,182.45499999999998
2025-09-09 13:00:00,182.54
2025-09-09 14:00:00,182.35999999999999
2025-09-09 15:00:00,182.28
2025-09-09 16:00:00,182.34
2025-09-09 17:00:00,182.34
2025-09-09 18:00:00,182.39
2025-09-09 19:00:00,182.45
2025-09-10 05:00:00,182.605
2025-09-10 13:00:00,182.71
2025-09-10 14:00:00,182.71
2025-09-10 15:00:00,182.68
2025-09-10 16:00:00,182.69
2025-09-10 17:00:00,182.69
2025-09-10 18:00:00,182.66
2025-09-10 19:00:00,182.6
2025-09-11 05:00:00,182.97
2025-09-11 13:00:00,182.85999999999999
2025-09-11 14:00:00,183.06
2025-09-11 15:00:00,183.06
2025-09-11 16:00:00,183.02
2025-09-11 17:00:00,182.98
2025-09-11 18:00:00,182.94
2025-09-11 19:00:00,182.97
2025-09-12 05:00:00,182.73
2025-09-12 07:00:00,182.91
2025-09-12 13:00:00,182.82999999999998
2025-09-12 14:00:00,182.78
2025-09-12 15:00:00,182.77
2025-09-12 16:00:00,182.76
2025-09-12 17:00:00,182.72
2025-09-12 18:00:00,182.8
2025-09-12 19:00:00,182.76
2025-09-15 05:00:00,183.225
2025-09-15 08:00:00,182.73
2025-09-15 13:00:00,182.98
2025-09-15 14:00:00,183.09
2025-09-15 15:00:00,183.09
2025-09-15 16:00:00,183.09
2025-09-15 19:00:00,183.2
2025-09-16 05:00:00,183.045
2025-09-16 13:00:00,183.17
2025-09-16 14:00:00,183.09
2025-09-16 15:00:00,183.04
2025-09-16 17:00:00,183.1
2025-09-16 18:00:00,183.07999999999998
2025-09-16 19:00:00,183.07
2025-09-17 05:00:00,182.865
2025-09-17 08:00:00,182.94
2025-09-17 14:00:00,183.07
2025-09-17 15:00:00,183.01
2025-09-17 16:00:00,182.97
2025-09-17 17:00:00,182.91
2025-09-17 18:00:00,182.76
2025-09-17 19:00:00,182.88
2025-09-18 05:00:00,183.22
2025-09-18 13:00:00,182.98
2025-09-18 14:00:00,183.01
2025-09-18 15:00:00,183.06
2025-09-18 16:00:00,183.24
2025-09-18 17:00:00,183.26
2025-09-18 18:00:00,183.24
2025-09-18 19:00:00,183.22
2025-09-19 05:00:00,183.1
2025-09-19 14:00:00,183.23
2025-09-19 15:00:00,183.17
2025-09-19 16:00:00,183.16
2025-09-19 18:00:00,183.09
2025-09-19 19:00:00,183.05
2025-09-19 20:00:00,183.07
2025-09-22 05:00:00,183.29
2025-09-22 10:00:00,183.04
2025-09-22 13:00:00,183.10999999999999
2025-09-22 14:00:00,183.18
2025-09-22 15:00:00,183.19
2025-09-22 16:00:00,183.25
2025-09-23 05:00:00,183.14
2025-09-23 13:00:00,183.32999999999998
2025-09-23 14:00:00,183.31
2025-09-23 15:00:00,183.32999999999998
2025-09-23 16:00:00,183.29
2025-09-23 17:00:00,183.22
2025-09-23 18:00:00,183.19
2025-09-23 19:00:00,183.13
2025-09-24 05:00:00,182.935
2025-09-24 10:00:00,183.14
2025-09-24 13:00:00,183.09
2025-09-24 14:00:00,183.1
2025-09-24 15:00:00,182.99
2025-09-24 16:00:00,182.93
2025-09-24 17:00:00,182.93
2025-09-24 18:00:00,182.94
2025-09-24 19:00:00,182.94
2025-09-25 05:00:00,182.48499999999999
2025-09-25 12:00:00,182.69
2025-09-25 13:00:00,182.42
2025-09-25 14:00:00,182.42
2025-09-25 15:00:00,182.55
2025-09-25 16:00:00,182.55
2025-09-25 17:00:00,182.51
2025-09-25 18:00:00,182.43
2025-09-25 19:00:00,182.49
2025-09-26 05:00:00,182.685
2025-09-26 07:00:00,182.34
2025-09-26 08:00:00,182.39
2025-09-26 11:00:00,182.27
2025-09-26 13:00:00,182.56
2025-09-26 14:00:00,182.51
2025-09-26 15:00:00,182.57
2025-09-26 16:00:00,182.57
2025-09-26 17:00:00,182.67
2025-09-26 18:00:00,182.59
2025-09-26 19:00:00,182.68
2025-09-29 05:00:00,183.03
2025-09-29 13:00:00,182.91
2025-09-29 14:00:00,182.91
2025-09-29 15:00:00,182.89
2025-09-29 16:00:00,182.91
2025-09-29 19:00:00,183.01
2025-09-30 05:00:00,182.91
2025-09-30 14:00:00,182.88
2025-09-30 15:00:00,182.87
2025-09-30 16:00:00,182.79
2025-09-30 17:00:00,182.74
2025-09-30 18:00:00,182.81
2025-09-30 19:00:00,182.97
2025-10-01 05:00:00,183.195
2025-10-01 14:00:00,182.9
2025-10-01 15:00:00,183.0
2025-10-01 16:00:00,182.98
2025-10-01 17:00:00,183.02
2025-10-01 18:00:00,183.15
2025-10-01 19:00:00,183.24
2025-10-02 05:00:00,183.14
2025-10-02 08:00:00,183.18
2025-10-02 10:00:00,183.18
2025-10-02 11:00:00,183.18
2025-10-02 13:00:00,183.05
2025-10-02 14:00:00,183.0
2025-10-02 15:00:00,182.98
2025-10-02 16:00:00,183.07999999999998
2025-10-02 17:00:00,183.1
2025-10-02 19:00:00,183.16
2025-10-03 05:00:00,182.885
2025-10-03 14:00:00,182.94
2025-10-03 15:00:00,183.01
2025-10-03 16:00:00,183.01
2025-10-03 17:00:00,182.91
2025-10-03 18:00:00,182.95
2025-10-03 19:00:00,182.97
2025-10-06 05:00:00,182.94
2025-10-06 12:00:00,182.87
2025-10-06 13:00:00,182.87
2025-10-06 14:00:00,183.01
2025-10-06 15:00:00,182.97
2025-10-06 16:00:00,182.98
2025-10-06 18:00:00,182.96
2025-10-06 19:00:00,182.93
2025-10-07 05:00:00,182.85
2025-10-07 11:00:00,182.78
2025-10-07 13:00:00,182.97
2025-10-07 14:00:00,182.92
2025-10-07 15:00:00,182.87
2025-10-07 16:00:00,182.9
2025-10-07 17:00:00,182.9
2025-10-07 18:00:00,182.85999999999999
2025-10-07 19:00:00,182.84
2025-10-08 05:00:00,182.535
2025-10-08 13:00:00,182.82
2025-10-08 14:00:00,182.88
2025-10-08 15:00:00,182.85999999999999
2025-10-08 16:00:00,182.87
2025-10-08 17:00:00,182.87
2025-10-08 18:00:00,182.57999999999998
2025-10-08 19:00:00,182.51
2025-10-09 05:00:00,182.005
2025-10-09 07:00:00,182.005
2025-10-09 09:00:00,182.4
2025-10-09 10:00:00,182.44
2025-10-09 13:00:00,182.14
2025-10-09 14:00:00,181.95
2025-10-09 15:00:00,181.89
2025-10-09 17:00:00,181.79
2025-10-09 18:00:00,181.87
2025-10-09 19:00:00,181.95
2025-10-09 20:00:00,182.06
2025-10-10 05:00:00,180.845
2025-10-10 10:00:00,181.93
2025-10-10 13:00:00,181.85
2025-10-10 14:00:00,181.48
2025-10-10 15:00:00,181.13
2025-10-10 16:00:00,181.05
2025-10-10 18:00:00,181.12
2025-10-10 19:00:00,180.91
2025-10-13 05:00:00,181.925
2025-10-13 08:00:00,181.25
2025-10-13 11:00:00,181.21
2025-10-13 13:00:00,181.51
2025-10-13 14:00:00,181.37
2025-10-13 15:00:00,181.51
2025-10-13 16:00:00,181.51
2025-10-13 17:00:00,181.74
2025-10-13 19:00:00,181.82
2025-10-14 05:00:00,182.145
2025-10-14 07:00:00,181.17
2025-10-14 08:00:00,181.17
2025-10-14 09:00:00,181.31
2025-10-14 10:00:00,181.46
2025-10-14 11:00:00,181.28
2025-10-14 12:00:00,181.15
2025-10-14 13:00:00,181.39
2025-10-14 14:00:00,181.41
2025-10-14 15:00:00,181.84
2025-10-14 16:00:00,182.07
2025-10-14 17:00:00,182.17
2025-10-14 18:00:00,182.22
2025-10-14 19:00:00,182.17
2025-10-14 20:00:00,182.23
2025-10-15 05:00:00,182.70499999999998
2025-10-15 06:00:00,182.70499999999998
2025-10-15 07:00:00,182.39
2025-10-15 09:00:00,182.39
2025-10-15 10:00:00,182.52
2025-10-15 12:00:00,182.52
2025-10-15 13:00:00,182.52
2025-10-15 14:00:00,182.67
2025-10-15 15:00:00,182.48
2025-10-15 16:00:00,182.45
2025-10-15 18:00:00,182.63
2025-10-15 19:00:00,182.68
2025-10-16 05:00:00,182.155
2025-10-16 07:00:00,182.88
2025-10-16 08:00:00,182.84
2025-10-16 13:00:00,182.84
2025-10-16 14:00:00,182.66
2025-10-16 15:00:00,182.44
2025-10-16 16:00:00,182.28
2025-10-16 18:00:00,182.15
2025-10-16 19:00:00,182.15
2025-10-17 05:00:00,182.425
2025-10-17 07:00:00,181.77
2025-10-17 08:00:00,181.77
2025-10-17 10:00:00,181.44
2025-10-17 11:00:00,181.69
2025-10-17 12:00:00,181.94
2025-10-17 13:00:00,182.01
2025-10-17 14:00:00,182.09
2025-10-17 16:00:00,182.12
2025-10-17 17:00:00,182.18
2025-10-17 18:00:00,182.32999999999998
2025-10-17 19:00:00,182.46
2025-10-20 05:00:00,182.79
2025-10-20 07:00:00,182.45
2025-10-20 08:00:00,182.46
2025-10-20 09:00:00,182.41
2025-10-20 12:00:00,182.41
2025-10-20 13:00:00,182.75
2025-10-20 14:00:00,182.67
2025-10-20 15:00:00,182.7
2025-10-21 05:00:00,182.645
2025-10-21 13:00:00,182.82999999999998
2025-10-21 15:00:00,182.8
2025-10-21 17:00:00,182.66
2025-10-21 18:00:00,182.6
2025-10-22 05:00:00,182.435
2025-10-22 11:00:00,182.46
2025-10-22 13:00:00,182.56
2025-10-22 14:00:00,182.46
2025-10-22 15:00:00,182.45
2025-10-22 16:00:00,182.32
2025-10-23 05:00:00,182.71
2025-10-23 09:00:00,182.32999999999998
2025-10-23 15:00:00,182.46
2025-10-23 16:00:00,182.47
2025-10-23 19:00:00,182.71
2025-10-24 05:00:00,183.075
2025-10-24 12:00:00,183.27
2025-10-24 13:00:00,182.97
2025-10-24 14:00:00,182.95
2025-10-24 15:00:00,182.96
2025-10-24 16:00:00,182.99
2025-10-24 17:00:00,183.04
2025-10-24 19:00:00,183.1
2025-10-27 05:00:00,183.56
2025-10-27 13:00:00,183.28
2025-10-27 14:00:00,183.38
2025-10-27 15:00:00,183.41
2025-10-27 16:00:00,183.52
2025-10-27 17:00:00,183.53
2025-10-27 18:00:00,183.57
2025-10-27 19:00:00,183.57999999999998
2025-10-27 20:00:00,183.69
2025-10-28 05:00:00,183.41
2025-10-28 10:00:00,183.59
2025-10-28 13:00:00,183.31
2025-10-28 14:00:00,183.45
2025-10-28 15:00:00,183.46
2025-10-28 16:00:00,183.51
2025-10-28 17:00:00,183.47
2025-10-28 18:00:00,183.42
2025-10-28 19:00:00,183.43
2025-10-29 05:00:00,182.845
2025-10-29 12:00:00,183.35
2025-10-29 13:00:00,183.29
2025-10-29 14:00:00,183.3
2025-10-29 15:00:00,183.39
2025-10-29 16:00:00,183.37
2025-10-29 18:00:00,183.22
2025-10-29 19:00:00,182.82999999999998
2025-10-30 05:00:00,182.5
2025-10-30 13:00:00,182.72
2025-10-30 14:00:00,182.6
2025-10-30 15:00:00,182.75
2025-10-30 16:00:00,182.73
2025-10-30 17:00:00,182.69
2025-10-30 18:00:00,182.59
2025-10-30 19:00:00,182.51
2025-10-31 05:00:00,182.4
2025-10-31 13:00:00,182.67
2025-10-31 14:00:00,182.68
2025-10-31 15:00:00,182.66
2025-10-31 16:00:00,182.43
2025-10-31 17:00:00,182.37
2025-10-31 18:00:00,182.48
2025-10-31 19:00:00,182.4
2025-11-03 06:00:00,181.885
2025-11-03 14:00:00,182.18
2025-11-03 15:00:00,182.16
2025-11-03 16:00:00,182.16
2025-11-03 17:00:00,182.10999999999999
2025-11-03 21:00:00,181.84
2025-11-04 06:00:00,181.85
2025-11-04 07:00:00,181.85
2025-11-04 14:00:00,181.8
2025-11-04 15:00:00,181.89
2025-11-04 16:00:00,181.93
2025-11-04 17:00:00,181.97
2025-11-04 19:00:00,181.79
2025-11-04 20:00:00,181.82
2025-11-05 06:00:00,182.02
2025-11-05 14:00:00,182.05
2025-11-05 15:00:00,182.01
2025-11-05 16:00:00,182.03
2025-11-05 17:00:00,182.03
2025-11-05 18:00:00,182.14
2025-11-05 19:00:00,182.07999999999998
2025-11-05 20:00:00,182.09
2025-11-06 06:00:00,182.085
2025-11-06 08:00:00,181.96
2025-11-06 13:00:00,182.38
2025-11-06 14:00:00,182.07
2025-11-06 15:00:00,181.89
2025-11-06 16:00:00,181.82
2025-11-06 17:00:00,181.91
2025-11-06 18:00:00,181.95
2025-11-06 20:00:00,182.07999999999998
2025-11-07 06:00:00,182.16
2025-11-07 11:00:00,181.72
2025-11-07 13:00:00,182.04
2025-11-07 14:00:00,181.95
2025-11-07 15:00:00,181.9
2025-11-07 16:00:00,181.87
2025-11-07 17:00:00,181.73
2025-11-07 18:00:00,181.96
2025-11-07 19:00:00,182.10999999999999
2025-11-07 20:00:00,182.1
2025-11-07 21:00:00,182.05
2025-11-10 06:00:00,182.695
2025-11-10 09:00:00,182.54
2025-11-10 10:00:00,182.55
2025-11-10 12:00:00,182.44
2025-11-10 14:00:00,182.51
2025-11-10 15:00:00,182.5
2025-11-10 16:00:00,182.53
2025-11-10 17:00:00,182.65
2025-11-10 19:00:00,182.82999999999998
2025-11-10 20:00:00,182.75
2025-11-11 06:00:00,182.975
2025-11-11 13:00:00,182.65
2025-11-11 14:00:00,182.85
2025-11-11 16:00:00,182.92
2025-11-11 17:00:00,182.92
2025-11-11 18:00:00,182.95
2025-11-12 06:00:00,182.615
2025-11-12 15:00:00,182.6
2025-11-12 16:00:00,182.52
2025-11-12 17:00:00,182.68
2025-11-12 18:00:00,182.68
2025-11-12 19:00:00,182.73
2025-11-12 20:00:00,182.64
2025-11-13 06:00:00,181.88
2025-11-13 15:00:00,182.12
2025-11-13 16:00:00,182.05
2025-11-13 17:00:00,182.01
2025-11-13 18:00:00,181.94
2025-11-13 19:00:00,181.93
2025-11-13 20:00:00,181.9
2025-11-14 06:00:00,181.865
2025-11-14 08:00:00,181.72
2025-11-14 11:00:00,181.6
2025-11-14 13:00:00,181.63
2025-11-14 14:00:00,181.76
2025-11-14 15:00:00,181.91
2025-11-14 16:00:00,182.04
2025-11-14 17:00:00,182.04
2025-11-14 19:00:00,182.07999999999998
2025-11-14 20:00:00,181.89
2025-11-17 06:00:00,181.575
2025-11-17 07:00:00,181.575
2025-11-17 14:00:00,181.85
2025-11-17 15:00:00,181.78
2025-11-17 16:00:00,181.82
2025-11-17 17:00:00,181.76
2025-11-17 18:00:00,181.77
2025-11-17 19:00:00,181.45
2025-11-17 20:00:00,181.55
2025-11-18 06:00:00,181.57999999999998
2025-11-18 12:00:00,181.32
2025-11-18 15:00:00,181.37
2025-11-18 16:00:00,181.57999999999998
2025-11-18 17:00:00,181.49
2025-11-18 19:00:00,181.69
2025-11-18 20:00:00,181.54
2025-11-19 06:00:00,181.655
2025-11-19 09:00:00,181.655
2025-11-19 14:00:00,181.93
2025-11-19 15:00:00,181.84
2025-11-19 16:00:00,181.88
2025-11-19 17:00:00,181.8
2025-11-19 18:00:00,181.79
2025-11-19 19:00:00,181.59
2025-11-19 20:00:00,181.66
2025-11-20 06:00:00,181.555
2025-11-20 13:00:00,181.93
2025-11-20 15:00:00,182.28
2025-11-20 16:00:00,181.94
2025-11-20 17:00:00,181.74
2025-11-20 18:00:00,181.69
2025-11-20 19:00:00,181.78
2025-11-20 20:00:00,181.63
2025-11-20 21:00:00,181.55
2025-11-21 06:00:00,181.96
2025-11-21 12:00:00,181.96
2025-11-21 14:00:00,181.73
2025-11-21 15:00:00,181.62
2025-11-21 16:00:00,181.88
2025-11-21 17:00:00,181.88
2025-11-21 18:00:00,182.0
2025-11-21 19:00:00,181.95
2025-11-21 20:00:00,182.0
2025-11-24 06:00:00,182.45499999999998
2025-11-24 08:00:00,182.31
2025-11-24 14:00:00,182.25
2025-11-24 15:00:00,182.25
2025-11-24 16:00:00,182.31
2025-11-24 17:00:00,182.34
2025-11-24 18:00:00,182.29
2025-11-24 19:00:00,182.35999999999999
2025-11-24 20:00:00,182.48
2025-11-25 06:00:00,182.97
2025-11-25 12:00:00,182.62
2025-11-25 14:00:00,182.44
2025-11-25 15:00:00,182.64
2025-11-25 16:00:00,182.75
2025-11-25 17:00:00,182.88
2025-11-25 18:00:00,182.9
2025-11-25 19:00:00,182.84
2025-11-25 20:00:00,182.92
2025-11-26 06:00:00,183.155
2025-11-26 14:00:00,182.8
2025-11-26 15:00:00,182.97
2025-11-26 16:00:00,183.07999999999998
2025-11-26 17:00:00,183.09
2025-11-26 18:00:00,183.09
2025-11-26 19:00:00,183.2
2025-11-26 20:00:00,183.12
2025-11-26 21:00:00,183.29
2025-11-28 06:00:00,183.155
2025-11-28 10:00:00,182.83499999999998
2025-11-28 11:00:00,182.61499999999998
2025-11-28 14:00:00,182.61499999999998
2025-11-28 15:00:00,183.33499999999998
2025-11-28 16:00:00,183.195
2025-11-28 17:00:00,183.17499999999998
2025-12-01 01:00:00,183.11499999999998
2025-12-01 06:00:00,182.95999999999998
2025-12-01 14:00:00,182.95999999999998
2025-12-01 15:00:00,182.89499999999998
2025-12-01 16:00:00,182.795
2025-12-01 17:00:00,182.915
2025-12-01 18:00:00,183.035
2025-12-01 19:00:00,182.995
2025-12-01 20:00:00,182.975
2025-12-02 06:00:00,183.105
2025-12-02 14:00:00,182.95499999999998
2025-12-02 15:00:00,183.045
2025-12-02 16:00:00,182.965
2025-12-02 17:00:00,183.05499999999998
2025-12-02 18:00:00,183.125
2025-12-02 19:00:00,183.125
2025-12-03 06:00:00,183.47
2025-12-03 14:00:00,183.185
2025-12-03 15:00:00,183.30499999999998
2025-12-03 16:00:00,183.315
2025-12-03 17:00:00,183.445
2025-12-03 19:00:00,183.515
2025-12-03 20:00:00,183.445
2025-12-04 06:00:00,183.375
2025-12-04 14:00:00,183.215
2025-12-04 15:00:00,183.155
2025-12-04 16:00:00,183.095
2025-12-04 18:00:00,183.33499999999998
2025-12-04 19:00:00,183.285
2025-12-04 20:00:00,183.33499999999998
2025-12-04 21:00:00,183.345
2025-12-05 06:00:00,183.265
2025-12-05 14:00:00,183.355
2025-12-05 15:00:00,183.36499999999998
2025-12-05 16:00:00,183.125
2025-12-05 17:00:00,183.14499999999998
2025-12-05 18:00:00,183.185
2025-12-05 19:00:00,183.23499999999999
2025-12-05 20:00:00,183.23499999999999
2025-12-08 06:00:00,182.905
2025-12-08 14:00:00,183.125
2025-12-08 15:00:00,182.92499999999998
2025-12-08 16:00:00,182.965
2025-12-08 20:00:00,182.815
2025-12-09 06:00:00,182.70499999999998
2025-12-09 14:00:00,182.95499999999998
2025-12-09 15:00:00,182.83499999999998
2025-12-09 16:00:00,182.83499999999998
2025-12-09 17:00:00,182.73499999999999
2025-12-09 18:00:00,182.73499999999999
2025-12-09 20:00:00,182.73499999999999
2025-12-10 06:00:00,183.23999999999998
2025-12-10 12:00:00,182.48499999999999
2025-12-10 14:00:00,182.695
2025-12-10 15:00:00,182.67499999999998
2025-12-10 16:00:00,182.795
2025-12-10 17:00:00,182.845
2025-12-10 18:00:00,182.885
2025-12-10 20:00:00,183.315
2025-12-11 06:00:00,183.22
2025-12-11 07:00:00,183.165
2025-12-11 13:00:00,183.135
2025-12-11 15:00:00,183.165
2025-12-11 16:00:00,183.165
2025-12-11 17:00:00,183.165
2025-12-11 18:00:00,183.195
2025-12-11 19:00:00,183.165
2025-12-11 20:00:00,183.225
2025-12-12 06:00:00,182.765
2025-12-12 14:00:00,182.975
2025-12-12 15:00:00,182.875
2025-12-12 16:00:00,182.785
2025-12-12 17:00:00,182.945
2025-12-12 18:00:00,182.905
2025-12-12 20:00:00,182.80499999999998
2025-12-15 06:00:00,182.92499999999998
2025-12-15 15:00:00,182.825
2025-12-15 16:00:00,182.86499999999998
2025-12-16 06:00:00,182.89
2025-12-16 15:00:00,182.855
2025-12-16 16:00:00,182.855
2025-12-16 20:00:00,182.905
2025-12-17 06:00:00,182.73999999999998
2025-12-17 14:00:00,182.785
2025-12-17 16:00:00,182.635
2025-12-17 17:00:00,182.625
2025-12-17 19:00:00,182.715
2025-12-17 20:00:00,182.715
2025-12-18 06:00:00,183.155
2025-12-18 14:00:00,183.245
2025-12-18 17:00:00,183.245
2025-12-18 20:00:00,183.195
2025-12-19 06:00:00,183.01999999999998
2025-12-19 14:00:00,183.345
2025-12-19 15:00:00,183.185
2025-12-19 16:00:00,183.185
2025-12-19 17:00:00,183.08499999999998
2025-12-19 18:00:00,183.08499999999998
2025-12-19 19:00:00,183.095
2025-12-19 20:00:00,183.025
2025-12-22 06:00:00,183.285
2025-12-22 15:00:00,183.025
2025-12-22 16:00:00,183.05499999999998
2025-12-22 17:00:00,183.17499999999998
2025-12-22 18:00:00,183.215
2025-12-22 19:00:00,183.20499999999998
2025-12-22 20:00:00,183.315
2025-12-23 06:00:00,183.38
2025-12-23 14:00:00,183.185
2025-12-23 16:00:00,183.275
2025-12-23 17:00:00,183.225
2025-12-23 20:00:00,183.405
2025-12-24 06:00:00,183.62
2025-12-24 14:00:00,183.475
2025-12-24 15:00:00,183.525
2025-12-24 16:00:00,183.595
2025-12-24 17:00:00,183.61499999999998
2025-12-26 06:00:00,183.51
2025-12-26 14:00:00,183.565
2025-12-26 15:00:00,183.61499999999998
2025-12-26 16:00:00,183.58499999999998
2025-12-26 17:00:00,183.505
2025-12-26 20:00:00,183.535
2025-12-29 06:00:00,183.625
2025-12-29 14:00:00,183.465
2025-12-29 15:00:00,183.505
2025-12-29 16:00:00,183.545
2025-12-29 17:00:00,183.545
2025-12-29 18:00:00,183.64499999999998
2025-12-29 20:00:00,183.61499999999998
2025-12-30 04:00:00,183.915
2025-12-30 06:00:00,183.72
2025-12-30 15:00:00,183.665
2025-12-30 16:00:00,183.70499999999998
2025-12-30 17:00:00,183.70499999999998
2025-12-30 18:00:00,183.785
2025-12-30 20:00:00,183.755
2025-12-31 06:00:00,183.48
2025-12-31 13:00:00,183.165
2025-12-31 14:00:00,183.605
2025-12-31 15:00:00,183.58499999999998
2025-12-31 17:00:00,183.655
2025-12-31 18:00:00,183.635
2025-12-31 19:00:00,183.665
2025-12-31 20:00:00,183.525
2026-01-02 06:00:00,183.525
2026-01-02 15:00:00,183.415
2026-01-02 16:00:00,183.45499999999998
2026-01-02 17:00:00,183.495
2026-01-02 20:00:00,183.545
2026-01-05 06:00:00,183.975
2026-01-05 14:00:00,183.67499999999998
2026-01-05 15:00:00,183.775
2026-01-05 16:00:00,183.915
2026-01-05 17:00:00,184.015
2026-01-05 18:00:00,183.855
2026-01-05 19:00:00,183.935
2026-01-05 20:00:00,183.975
2026-01-06 06:00:00,184.075
2026-01-06 14:00:00,183.95499999999998
2026-01-06 15:00:00,183.935
2026-01-06 16:00:00,183.995
2026-01-06 17:00:00,184.065
2026-01-06 18:00:00,184.065
2026-01-06 19:00:00,184.075
2026-01-06 20:00:00,184.095
2026-01-07 06:00:00,183.98
2026-01-07 14:00:00,184.095
2026-01-07 15:00:00,183.965
2026-01-07 16:00:00,184.095
2026-01-07 17:00:00,184.105
2026-01-07 19:00:00,184.015
2026-01-08 06:00:00,184.04999999999998
2026-01-08 14:00:00,183.92499999999998
2026-01-08 15:00:00,183.885
2026-01-08 16:00:00,183.95499999999998
2026-01-08 17:00:00,183.965
2026-01-08 18:00:00,183.95499999999998
2026-01-08 19:00:00,183.945
2026-01-08 20:00:00,184.05499999999998
2026-01-09 06:00:00,184.125
2026-01-09 14:00:00,184.075
2026-01-09 15:00:00,184.135
2026-01-09 17:00:00,184.095
2026-01-09 19:00:00,184.095
2026-01-09 20:00:00,184.125
2026-01-12 06:00:00,184.15
2026-01-12 12:00:00,183.785
2026-01-12 15:00:00,183.98499999999999
2026-01-12 16:00:00,184.015
2026-01-12 18:00:00,184.065
2026-01-12 20:00:00,184.105
2026-01-13 06:00:00,184.16
2026-01-13 13:00:00,184.16
2026-01-13 15:00:00,184.045
2026-01-13 16:00:00,184.11499999999998
2026-01-13 17:00:00,184.11499999999998
2026-01-13 18:00:00,184.095
2026-01-13 19:00:00,184.11499999999998
2026-01-13 20:00:00,184.025
2026-01-14 06:00:00,184.185
2026-01-14 15:00:00,184.05499999999998
2026-01-14 16:00:00,183.98499999999999
2026-01-14 17:00:00,183.95499999999998
2026-01-14 18:00:00,183.98499999999999
2026-01-14 19:00:00,183.98499999999999
2026-01-14 20:00:00,184.125
2026-01-15 06:00:00,184.165
2026-01-15 14:00:00,184.14499999999998
2026-01-15 15:00:00,184.155
2026-01-15 18:00:00,184.135
2026-01-15 20:00:00,184.20499999999998
2026-01-16 06:00:00,184.15
2026-01-16 14:00:00,184.155
2026-01-16 15:00:00,184.005
2026-01-16 16:00:00,184.105
2026-01-16 17:00:00,184.125
2026-01-16 18:00:00,184.185
2026-01-16 19:00:00,184.155
2026-01-16 20:00:00,184.14499999999998
2026-01-20 06:00:00,183.755
2026-01-20 12:00:00,183.64499999999998
2026-01-20 14:00:00,183.67499999999998
2026-01-20 15:00:00,183.73499999999999
2026-01-20 16:00:00,183.845
2026-01-20 18:00:00,183.755
2026-01-20 20:00:00,183.765
2026-01-21 06:00:00,184.255
2026-01-21 14:00:00,184.025
2026-01-21 15:00:00,184.065
2026-01-21 16:00:00,184.025
2026-01-21 19:00:00,184.215
2026-01-21 20:00:00,184.23499999999999
2026-01-22 06:00:00,184.33499999999998
2026-01-22 14:00:00,184.265
2026-01-22 15:00:00,184.30499999999998
2026-01-22 16:00:00,184.30499999999998
2026-01-22 17:00:00,184.385
2026-01-22 18:00:00,184.42499999999998
2026-01-22 20:00:00,184.355
2026-01-22 21:00:00,184.515
2026-01-23 06:00:00,184.11499999999998
2026-01-23 14:00:00,184.255
2026-01-23 15:00:00,184.20499999999998
2026-01-23 18:00:00,184.20499999999998
2026-01-23 19:00:00,184.015
2026-01-23 20:00:00,184.135
2026-01-26 06:00:00,184.14499999999998
2026-01-26 11:00:00,184.225
2026-01-26 14:00:00,184.215
2026-01-26 15:00:00,184.05499999999998
2026-01-26 16:00:00,183.905
2026-01-26 17:00:00,183.89499999999998
2026-01-26 18:00:00,184.14499999999998
2026-01-26 19:00:00,184.155
2026-01-26 20:00:00,184.14499999999998
2026-01-27 06:00:00,184.16
2026-01-27 14:00:00,184.14499999999998
2026-01-27 15:00:00,184.225
2026-01-27 16:00:00,184.195
2026-01-27 17:00:00,184.195
2026-01-27 18:00:00,184.105
2026-01-27 20:00:00,184.165
2026-01-28 06:00:00,183.915
2026-01-28 15:00:00,183.98499999999999
2026-01-28 16:00:00,183.945
2026-01-28 17:00:00,184.005
2026-01-28 18:00:00,183.965
2026-01-28 19:00:00,183.905
2026-01-28 20:00:00,183.965
2026-01-29 06:00:00,183.85
2026-01-29 15:00:00,183.715
2026-01-29 16:00:00,183.795
2026-01-29 17:00:00,183.665
2026-01-29 18:00:00,183.685
2026-01-29 19:00:00,183.825
2026-01-29 20:00:00,183.855
2026-01-30 06:00:00,183.94
2026-01-30 14:00:00,183.72
2026-01-30 15:00:00,183.69
2026-01-30 16:00:00,183.72
2026-01-30 17:00:00,183.68
2026-01-30 18:00:00,183.74
2026-01-30 19:00:00,183.87
2026-01-30 20:00:00,184.0
2026-02-02 06:00:00,184.095
2026-02-02 14:00:00,184.03
2026-02-02 15:00:00,183.99
2026-02-02 16:00:00,184.05
2026-02-02 17:00:00,184.15
2026-02-02 18:00:00,184.15
2026-02-02 19:00:00,184.17000000000002
2026-02-02 20:00:00,184.13000000000002
2026-02-03 06:00:00,183.95000000000002
2026-02-03 14:00:00,184.07000000000002
2026-02-03 15:00:00,183.85000000000002
2026-02-03 16:00:00,183.79000000000002
2026-02-03 17:00:00,183.72
2026-02-03 18:00:00,183.60000000000002
2026-02-03 19:00:00,183.76000000000002
2026-02-03 20:00:00,183.94
2026-02-04 06:00:00,183.68
2026-02-04 14:00:00,183.81
2026-02-04 15:00:00,183.88000000000002
2026-02-04 16:00:00,183.65
2026-02-04 17:00:00,183.56
2026-02-04 18:00:00,183.65
2026-02-04 19:00:00,183.79000000000002
2026-02-04 20:00:00,183.71
2026-02-05 06:00:00,183.485
2026-02-05 14:00:00,183.57000000000002
2026-02-05 15:00:00,183.46
2026-02-05 16:00:00,183.51000000000002
2026-02-05 17:00:00,183.37
2026-02-05 18:00:00,183.41
2026-02-05 19:00:00,183.49
2026-02-05 20:00:00,183.51000000000002
2026-02-06 06:00:00,183.91500000000002
2026-02-06 08:00:00,183.49
2026-02-06 15:00:00,183.73000000000002
2026-02-06 16:00:00,183.8
2026-02-06 17:00:00,183.93
2026-02-06 18:00:00,183.91
2026-02-06 19:00:00,183.93
2026-02-06 20:00:00,184.0
2026-02-09 06:00:00,184.215
2026-02-09 14:00:00,184.03
2026-02-09 17:00:00,184.23000000000002
2026-02-10 06:00:00,184.13000000000002
2026-02-10 14:00:00,184.38000000000002
2026-02-10 15:00:00,184.44
2026-02-10 16:00:00,184.39000000000001
2026-02-10 17:00:00,184.37
2026-02-10 18:00:00,184.26000000000002
2026-02-10 19:00:00,184.29000000000002
2026-02-10 20:00:00,184.24
2026-02-11 06:00:00,184.125
2026-02-11 13:00:00,184.22
2026-02-11 14:00:00,184.08
2026-02-11 15:00:00,183.96
2026-02-11 16:00:00,184.04000000000002
2026-02-11 17:00:00,184.05
2026-02-11 18:00:00,184.02
2026-02-11 20:00:00,184.16
2026-02-12 06:00:00,183.94500000000002
2026-02-12 15:00:00,184.28
2026-02-12 16:00:00,183.98000000000002
2026-02-12 17:00:00,183.97
2026-02-12 19:00:00,183.99
2026-02-12 20:00:00,183.92000000000002
2026-02-13 06:00:00,183.87
2026-02-13 11:00:00,183.81
2026-02-13 13:00:00,183.9
2026-02-13 14:00:00,183.95000000000002
2026-02-13 15:00:00,183.95000000000002
2026-02-13 16:00:00,184.12
2026-02-13 17:00:00,184.09
2026-02-13 19:00:00,183.96
2026-02-13 20:00:00,183.92000000000002
2026-02-17 06:00:00,183.88000000000002
2026-02-17 11:00:00,183.86
2026-02-17 14:00:00,183.83
2026-02-17 15:00:00,183.81
2026-02-17 16:00:00,183.91
2026-02-17 17:00:00,183.86
2026-02-17 18:00:00,183.79000000000002
2026-02-17 19:00:00,183.86
2026-02-17 20:00:00,183.81
2026-02-18 06:00:00,184.07000000000002
2026-02-18 14:00:00,183.97
2026-02-18 15:00:00,184.09
2026-02-18 18:00:00,184.06
2026-02-18 19:00:00,184.01000000000002
2026-02-18 20:00:00,184.0
2026-02-19 06:00:00,184.10000000000002
2026-02-19 10:00:00,184.0
2026-02-19 12:00:00,184.0
2026-02-19 13:00:00,183.93
2026-02-19 14:00:00,183.97
2026-02-19 15:00:00,183.95000000000002
2026-02-19 16:00:00,183.95000000000002
2026-02-19 17:00:00,183.96
2026-02-19 20:00:00,184.12
2026-02-20 06:00:00,184.11
2026-02-20 14:00:00,184.04000000000002
2026-02-20 15:00:00,184.08
2026-02-20 16:00:00,184.10000000000002
2026-02-20 17:00:00,184.06
2026-02-20 18:00:00,184.04000000000002
2026-02-20 20:00:00,184.16
2026-02-23 06:00:00,184.01500000000001
2026-02-23 14:00:00,184.15
2026-02-23 15:00:00,184.03
2026-02-23 16:00:00,184.09
2026-02-23 17:00:00,184.06
2026-02-23 19:00:00,184.03
2026-02-23 20:00:00,183.98000000000002
2026-02-23 21:00:00,184.07000000000002
2026-02-24 06:00:00,183.75
2026-02-24 13:00:00,183.9
2026-02-24 14:00:00,183.65
2026-02-24 15:00:00,183.81
2026-02-24 16:00:00,183.84
2026-02-24 17:00:00,183.9
2026-02-24 18:00:00,183.91
2026-02-24 19:00:00,183.84
2026-02-24 20:00:00,183.79000000000002
2026-02-25 06:00:00,184.0
2026-02-25 14:00:00,183.87
2026-02-25 15:00:00,183.84
2026-02-25 16:00:00,183.96
2026-02-25 17:00:00,183.98000000000002
2026-02-25 18:00:00,183.92000000000002
2026-02-25 19:00:00,183.96
2026-02-25 20:00:00,184.03
2026-02-26 06:00:00,183.88000000000002
2026-02-26 14:00:00,183.75
2026-02-26 15:00:00,183.77
2026-02-26 16:00:00,183.69
2026-02-26 17:00:00,183.70000000000002
2026-02-26 18:00:00,183.79000000000002
2026-02-26 19:00:00,183.89000000000001
2026-02-26 20:00:00,183.95000000000002
2026-02-27 06:00:00,183.36
2026-02-27 10:00:00,183.76000000000002
2026-02-27 13:00:00,183.56
2026-02-27 14:00:00,183.48000000000002
2026-02-27 15:00:00,183.49
2026-02-27 16:00:00,183.52
2026-02-27 17:00:00,183.45000000000002
2026-02-27 18:00:00,183.44
2026-02-27 19:00:00,183.38000000000002
2026-02-27 20:00:00,183.29000000000002
2026-03-02 06:00:00,183.365
2026-03-02 08:00:00,183.365
2026-03-02 09:00:00,182.53
2026-03-02 10:00:00,182.53
2026-03-02 14:00:00,183.02
2026-03-02 15:00:00,182.92000000000002
2026-03-02 16:00:00,183.16
2026-03-02 17:00:00,183.39000000000001
2026-03-02 18:00:00,183.45000000000002
2026-03-02 19:00:00,183.54000000000002
2026-03-02 20:00:00,183.39000000000001
2026-03-03 06:00:00,183.025
2026-03-03 07:00:00,183.28
2026-03-03 10:00:00,182.38000000000002
2026-03-03 12:00:00,182.39000000000001
2026-03-03 14:00:00,182.52
2026-03-03 15:00:00,182.60000000000002
2026-03-03 16:00:00,182.83
2026-03-03 17:00:00,182.99
2026-03-03 18:00:00,183.17000000000002
2026-03-03 19:00:00,183.22
2026-03-03 20:00:00,183.01000000000002
2026-03-04 06:00:00,183.53
2026-03-04 10:00:00,182.89000000000001
2026-03-04 13:00:00,183.02
2026-03-04 14:00:00,183.19
2026-03-04 15:00:00,183.45000000000002
2026-03-04 16:00:00,183.47
2026-03-04 17:00:00,183.57000000000002
2026-03-04 18:00:00,183.57000000000002
2026-03-04 19:00:00,183.56
2026-03-04 20:00:00,183.55
2026-03-05 06:00:00,182.79500000000002
2026-03-05 09:00:00,183.38000000000002
2026-03-05 12:00:00,183.36
2026-03-05 14:00:00,183.24
2026-03-05 15:00:00,183.22
2026-03-05 16:00:00,183.06
2026-03-05 17:00:00,182.92000000000002
2026-03-05 18:00:00,182.89000000000001
2026-03-05 19:00:00,182.78
2026-03-05 20:00:00,182.87
2026-03-06 06:00:00,181.785
2026-03-06 14:00:00,181.88000000000002
2026-03-06 15:00:00,182.10000000000002
2026-03-06 16:00:00,182.19
2026-03-06 17:00:00,182.35000000000002
2026-03-06 18:00:00,182.27
2026-03-06 19:00:00,182.19
2026-03-06 20:00:00,181.84
2026-03-09 05:00:00,182.845
2026-03-09 13:00:00,181.73000000000002
2026-03-09 14:00:00,181.94
2026-03-09 15:00:00,182.13000000000002
2026-03-09 16:00:00,182.24
2026-03-09 17:00:00,182.11
2026-03-09 18:00:00,182.08
2026-03-09 19:00:00,182.8
2026-03-09 20:00:00,182.8
2026-03-10 05:00:00,182.60500000000002
2026-03-10 13:00:00,182.76000000000002
2026-03-10 14:00:00,183.11
2026-03-10 15:00:00,183.19
2026-03-10 16:00:00,183.16
2026-03-10 17:00:00,183.21
2026-03-10 18:00:00,182.92000000000002
2026-03-10 19:00:00,182.70000000000002
2026-03-11 05:00:00,182.235
2026-03-11 12:00:00,182.235
2026-03-11 13:00:00,182.19
2026-03-11 14:00:00,182.42000000000002
2026-03-11 15:00:00,182.29000000000002
2026-03-11 16:00:00,182.36
2026-03-11 17:00:00,182.21
2026-03-11 18:00:00,182.26000000000002
2026-03-11 19:00:00,182.29000000000002
2026-03-12 05:00:00,181.035
2026-03-12 08:00:00,181.89000000000001
2026-03-12 13:00:00,181.61
2026-03-12 14:00:00,181.56
2026-03-12 15:00:00,181.60000000000002
2026-03-12 16:00:00,181.65
2026-03-12 17:00:00,181.58
2026-03-12 18:00:00,181.03
2026-03-12 19:00:00,181.01000000000002
2026-03-13 05:00:00,180.59
2026-03-13 08:00:00,180.71
2026-03-13 10:00:00,180.82000000000002
2026-03-13 11:00:00,180.82000000000002
2026-03-13 13:00:00,181.49
2026-03-13 14:00:00,181.16
2026-03-13 15:00:00,180.72
2026-03-13 16:00:00,180.57000000000002
2026-03-13 17:00:00,180.48000000000002
2026-03-13 18:00:00,180.51000000000002
2026-03-13 19:00:00,180.63000000000002
2026-03-16 05:00:00,181.285
2026-03-16 08:00:00,180.87
2026-03-16 09:00:00,180.87
2026-03-16 10:00:00,180.52
2026-03-16 11:00:00,180.84
2026-03-16 12:00:00,180.84
2026-03-16 13:00:00,181.45000000000002
2026-03-16 14:00:00,181.41
2026-03-16 15:00:00,181.46
2026-03-16 16:00:00,181.31
2026-03-16 17:00:00,181.28
2026-03-16 18:00:00,181.41
2026-03-16 19:00:00,181.34
2026-03-17 05:00:00,182.025
2026-03-17 08:00:00,182.025
2026-03-17 13:00:00,181.79000000000002
2026-03-17 14:00:00,182.04000000000002
2026-03-17 15:00:00,181.84
2026-03-17 16:00:00,181.88000000000002
2026-03-17 17:00:00,182.0
2026-03-17 18:00:00,181.85000000000002
2026-03-17 19:00:00,182.05
2026-03-18 05:00:00,181.15
2026-03-18 07:00:00,182.22
2026-03-18 10:00:00,182.16
2026-03-18 12:00:00,181.37
2026-03-18 13:00:00,181.8
2026-03-18 14:00:00,181.57000000000002
2026-03-18 15:00:00,181.74
2026-03-18 16:00:00,181.73000000000002
2026-03-18 18:00:00,181.38000000000002
2026-03-18 19:00:00,181.11
2026-03-19 05:00:00,181.59
2026-03-19 06:00:00,180.4
2026-03-19 11:00:00,180.79000000000002
2026-03-19 12:00:00,180.79000000000002
2026-03-19 13:00:00,180.64000000000001
2026-03-19 14:00:00,180.53
2026-03-19 15:00:00,180.72
2026-03-19 16:00:00,180.96
2026-03-19 17:00:00,180.8
2026-03-19 18:00:00,180.97
2026-03-19 19:00:00,181.57000000000002
2026-03-20 05:00:00,179.9
2026-03-20 13:00:00,180.66
2026-03-20 14:00:00,180.44
2026-03-20 15:00:00,180.28
2026-03-20 16:00:00,180.61
2026-03-20 17:00:00,180.26000000000002
2026-03-20 18:00:00,180.10000000000002
2026-03-20 19:00:00,179.89000000000001
2026-03-23 05:00:00,180.99
2026-03-23 11:00:00,180.71
2026-03-23 13:00:00,180.96
2026-03-23 14:00:00,181.31
2026-03-23 15:00:00,181.46
2026-03-23 16:00:00,180.61
2026-03-23 17:00:00,181.05
2026-03-23 18:00:00,181.25
2026-03-23 19:00:00,181.08
2026-03-24 05:00:00,180.45000000000002
2026-03-24 13:00:00,180.36
2026-03-24 14:00:00,180.70000000000002
2026-03-24 15:00:00,180.83
2026-03-24 17:00:00,180.32000000000002
2026-03-24 18:00:00,180.63000000000002
2026-03-24 19:00:00,180.43
2026-03-25 05:00:00,181.06
2026-03-25 08:00:00,181.08
2026-03-25 09:00:00,181.08
2026-03-25 11:00:00,181.39000000000001
2026-03-25 13:00:00,181.01000000000002
2026-03-25 14:00:00,181.24
2026-03-25 15:00:00,181.06
2026-03-25 17:00:00,181.21
2026-03-25 18:00:00,181.17000000000002
2026-03-26 05:00:00,179.83
2026-03-26 11:00:00,180.71
2026-03-26 13:00:00,180.68
2026-03-26 14:00:00,180.58
2026-03-26 16:00:00,180.22
2026-03-26 17:00:00,179.60000000000002
2026-03-26 18:00:00,179.82000000000002
2026-03-26 19:00:00,179.77
2026-03-27 05:00:00,179.27
2026-03-27 11:00:00,179.56
2026-03-27 13:00:00,179.29000000000002
2026-03-27 14:00:00,179.02
2026-03-27 15:00:00,179.31
2026-03-27 16:00:00,179.25
2026-03-27 17:00:00,179.17000000000002
2026-03-27 18:00:00,179.12
2026-03-27 19:00:00,179.33
2026-03-30 05:00:00,179.55
2026-03-30 13:00:00,179.67000000000002
2026-03-30 14:00:00,180.04000000000002
2026-03-30 16:00:00,179.93
2026-03-30 17:00:00,179.64000000000001
2026-03-30 18:00:00,179.57000000000002
2026-03-30 19:00:00,179.60000000000002
2026-03-31 05:00:00,181.23000000000002
2026-03-31 12:00:00,180.11
2026-03-31 13:00:00,180.51000000000002
2026-03-31 14:00:00,180.32000000000002
2026-03-31 15:00:00,180.39000000000001
2026-03-31 16:00:00,180.92000000000002
2026-03-31 17:00:00,180.93
2026-03-31 18:00:00,181.12
2026-03-31 19:00:00,181.23000000000002
2026-03-31 20:00:00,181.25
2026-04-01 05:00:00,181.60000000000002
2026-04-01 11:00:00,181.4
2026-04-01 12:00:00,181.36
2026-04-01 13:00:00,181.4
2026-04-01 14:00:00,181.49
2026-04-01 15:00:00,181.54000000000002
2026-04-01 16:00:00,181.68
2026-04-01 17:00:00,181.65
2026-04-01 18:00:00,181.45000000000002
2026-04-01 19:00:00,181.67000000000002
2026-04-02 05:00:00,181.865
2026-04-02 08:00:00,181.0
2026-04-02 11:00:00,181.0
2026-04-02 13:00:00,181.28
2026-04-02 14:00:00,181.68
2026-04-02 15:00:00,181.85000000000002
2026-04-02 16:00:00,181.71
2026-04-02 18:00:00,181.63000000000002
2026-04-02 19:00:00,181.88000000000002
2026-04-03 05:00:00,181.46
2026-04-03 13:00:00,181.46
2026-04-06 05:00:00,182.31
2026-04-06 13:00:00,181.91
2026-04-06 14:00:00,182.0
2026-04-06 15:00:00,182.10000000000002
2026-04-06 16:00:00,182.08
2026-04-06 17:00:00,181.94
2026-04-06 18:00:00,182.11
2026-04-06 19:00:00,182.35000000000002
2026-04-07 05:00:00,182.315
2026-04-07 08:00:00,182.25
2026-04-07 10:00:00,182.25
2026-04-07 13:00:00,182.25
2026-04-07 14:00:00,181.82000000000002
2026-04-07 15:00:00,181.74
2026-04-07 16:00:00,181.84
2026-04-07 17:00:00,182.0
2026-04-07 18:00:00,181.84
2026-04-07 19:00:00,182.33
2026-04-08 02:00:00,186.02
2026-04-08 04:00:00,184.33
2026-04-08 05:00:00,183.365
2026-04-08 12:00:00,184.10000000000002
2026-04-08 13:00:00,183.58
2026-04-08 14:00:00,183.24
2026-04-08 15:00:00,183.45000000000002
2026-04-08 16:00:00,183.37
2026-04-08 17:00:00,183.25
2026-04-08 18:00:00,183.08
2026-04-08 19:00:00,183.39000000000001
2026-04-09 05:00:00,183.42000000000002
2026-04-09 14:00:00,183.09
2026-04-09 15:00:00,183.39000000000001
2026-04-09 16:00:00,183.67000000000002
2026-04-09 17:00:00,183.70000000000002
2026-04-09 18:00:00,183.34
2026-04-09 19:00:00,183.42000000000002
2026-04-10 05:00:00,182.73000000000002
2026-04-10 12:00:00,183.92000000000002
2026-04-10 13:00:00,183.27
2026-04-10 14:00:00,183.3
2026-04-10 15:00:00,183.3
2026-04-10 16:00:00,182.96
2026-04-10 17:00:00,182.87
2026-04-10 18:00:00,182.87
2026-04-10 19:00:00,182.78
2026-04-13 05:00:00,183.395
2026-04-13 10:00:00,182.29000000000002
2026-04-13 11:00:00,182.28
2026-04-13 12:00:00,182.39000000000001
2026-04-13 13:00:00,182.86
2026-04-13 14:00:00,183.0
2026-04-13 15:00:00,182.88000000000002
2026-04-13 16:00:00,183.22
2026-04-13 17:00:00,183.09
2026-04-13 18:00:00,183.23000000000002
2026-04-13 19:00:00,183.27
2026-04-14 05:00:00,183.895
2026-04-14 13:00:00,183.66
2026-04-14 14:00:00,183.91
2026-04-14 15:00:00,184.04000000000002
2026-04-14 16:00:00,184.01000000000002
2026-04-14 17:00:00,184.03
2026-04-14 18:00:00,183.82000000000002
2026-04-14 19:00:00,183.89000000000001
2026-04-15 05:00:00,183.76000000000002
2026-04-15 09:00:00,183.69
2026-04-15 10:00:00,183.62
2026-04-15 13:00:00,183.66
2026-04-15 14:00:00,183.75
2026-04-15 15:00:00,183.73000000000002
2026-04-15 16:00:00,183.62
2026-04-15 17:00:00,183.61
2026-04-15 18:00:00,183.65
2026-04-15 19:00:00,183.73000000000002
2026-04-16 05:00:00,183.535
2026-04-16 13:00:00,183.48000000000002
2026-04-16 14:00:00,183.53
2026-04-16 15:00:00,183.57000000000002
2026-04-16 16:00:00,183.52
2026-04-16 17:00:00,183.52
2026-04-16 18:00:00,183.53
2026-04-16 19:00:00,183.62
2026-04-17 05:00:00,184.15
2026-04-17 08:00:00,183.74
2026-04-17 13:00:00,184.20000000000002
2026-04-17 14:00:00,184.37
2026-04-17 15:00:00,184.32000000000002
2026-04-17 16:00:00,184.36
2026-04-17 17:00:00,184.26000000000002
2026-04-17 18:00:00,184.16
2026-04-17 19:00:00,184.19
2026-04-19 22:00:00,184.06
2026-04-20 05:00:00,184.02
2026-04-20 12:00:00,184.03
2026-04-20 13:00:00,184.06
2026-04-20 14:00:00,183.91
2026-04-20 15:00:00,184.07000000000002
2026-04-20 16:00:00,184.0
2026-04-20 18:00:00,183.96
2026-04-20 19:00:00,183.97
2026-04-21 05:00:00,183.595
2026-04-21 13:00:00,183.77
2026-04-21 14:00:00,183.8
2026-04-21 15:00:00,183.81
2026-04-21 16:00:00,183.68
2026-04-21 17:00:00,183.71
2026-04-21 18:00:00,183.66
2026-04-21 19:00:00,183.57000000000002
2026-04-22 05:00:00,183.82500000000002
2026-04-22 12:00:00,183.88000000000002
2026-04-22 13:00:00,183.84
2026-04-22 14:00:00,183.81
2026-04-22 15:00:00,183.81
2026-04-22 16:00:00,183.78
2026-04-22 17:00:00,183.71
2026-04-22 19:00:00,183.82000000000002
2026-04-23 05:00:00,183.535
2026-04-23 06:00:00,183.68
2026-04-23 13:00:00,183.75
2026-04-23 14:00:00,183.77
2026-04-23 15:00:00,183.8
2026-04-23 17:00:00,183.45000000000002
2026-04-23 18:00:00,183.43
2026-04-23 19:00:00,183.45000000000002
2026-04-24 05:00:00,183.76000000000002
2026-04-24 11:00:00,183.76000000000002
2026-04-24 12:00:00,183.83
2026-04-24 13:00:00,183.43
2026-04-24 14:00:00,183.69
2026-04-24 15:00:00,183.86
2026-04-24 16:00:00,183.79000000000002
2026-04-24 17:00:00,183.73000000000002
2026-04-24 18:00:00,183.75
2026-04-24 19:00:00,183.76000000000002
2026-04-27 05:00:00,183.745
2026-04-27 13:00:00,183.74
2026-04-27 14:00:00,183.68
2026-04-27 15:00:00,183.62
2026-04-27 17:00:00,183.66
2026-04-27 18:00:00,183.70000000000002
2026-04-27 19:00:00,183.78
2026-04-28 05:00:00,183.52
2026-04-28 12:00:00,183.4
2026-04-28 13:00:00,183.4
2026-04-28 14:00:00,183.43
2026-04-28 15:00:00,183.42000000000002
2026-04-28 16:00:00,183.44
2026-04-28 17:00:00,183.46
2026-04-28 18:00:00,183.45000000000002
2026-04-28 19:00:00,183.54000000000002
2026-04-29 05:00:00,183.0
2026-04-29 08:00:00,183.43
2026-04-29 13:00:00,183.25
2026-04-29 14:00:00,183.22
2026-04-29 15:00:00,183.13000000000002
2026-04-29 16:00:00,183.02
2026-04-29 17:00:00,183.0
2026-04-29 18:00:00,182.71
2026-04-29 19:00:00,182.99
2026-04-30 05:00:00,183.47
2026-04-30 13:00:00,183.08
2026-04-30 14:00:00,183.27
2026-04-30 15:00:00,183.26000000000002
2026-04-30 16:00:00,183.21
2026-04-30 17:00:00,183.32000000000002
2026-04-30 18:00:00,183.43
2026-04-30 19:00:00,183.49
2026-05-01 05:00:00,183.645
2026-05-01 13:00:00,183.73000000000002
2026-05-01 14:00:00,183.75
2026-05-01 15:00:00,183.72
2026-05-01 16:00:00,183.76000000000002
2026-05-01 17:00:00,183.71
2026-05-01 18:00:00,183.74
2026-05-01 19:00:00,183.62
2026-05-04 05:00:00,183.065
2026-05-04 10:00:00,183.49
2026-05-04 13:00:00,183.49
2026-05-04 14:00:00,183.44
2026-05-04 15:00:00,182.95000000000002
2026-05-04 16:00:00,182.99
2026-05-04 17:00:00,183.02
2026-05-04 18:00:00,183.04000000000002
2026-05-04 19:00:00,183.07000000000002
2026-05-05 05:00:00,183.245
2026-05-05 13:00:00,183.31
2026-05-05 14:00:00,183.35000000000002
2026-05-05 15:00:00,183.36
2026-05-05 17:00:00,183.31
2026-05-05 18:00:00,183.33
2026-05-05 19:00:00,183.28
2026-05-06 05:00:00,183.82000000000002
2026-05-06 07:00:00,183.82000000000002
2026-05-06 08:00:00,183.82000000000002
2026-05-06 09:00:00,183.60000000000002
2026-05-06 10:00:00,183.60000000000002
2026-05-06 11:00:00,183.70000000000002
2026-05-06 12:00:00,183.8
2026-05-06 13:00:00,183.74
2026-05-06 14:00:00,183.81
2026-05-06 15:00:00,183.78
2026-05-06 16:00:00,183.8
2026-05-06 17:00:00,183.8
2026-05-06 18:00:00,183.86
2026-05-06 19:00:00,183.93
2026-05-07 05:00:00,183.18
2026-05-07 13:00:00,183.8
2026-05-07 14:00:00,183.8
2026-05-07 15:00:00,183.58
2026-05-07 16:00:00,183.32000000000002
2026-05-07 17:00:00,183.22
2026-05-07 19:00:00,183.18
2026-05-08 05:00:00,183.69500000000002
2026-05-08 13:00:00,183.46
2026-05-08 14:00:00,183.53
2026-05-08 15:00:00,183.67000000000002
2026-05-08 17:00:00,183.67000000000002
2026-05-08 18:00:00,183.63000000000002
2026-05-08 19:00:00,183.63000000000002
2026-05-11 05:00:00,183.3
2026-05-11 13:00:00,183.3
2026-05-11 14:00:00,183.53
2026-05-11 15:00:00,183.5
2026-05-11 16:00:00,183.55
2026-05-11 17:00:00,183.53
2026-05-11 18:00:00,183.5
2026-05-11 19:00:00,183.34
2026-05-12 05:00:00,183.05
2026-05-12 11:00:00,183.06
2026-05-12 12:00:00,183.01000000000002
2026-05-12 13:00:00,182.8
2026-05-12 14:00:00,182.89000000000001
2026-05-12 15:00:00,182.81
2026-05-12 16:00:00,182.77
2026-05-12 18:00:00,182.77
2026-05-12 19:00:00,182.97
2026-05-13 05:00:00,183.04000000000002
2026-05-13 13:00:00,182.89000000000001
2026-05-13 14:00:00,182.88000000000002
2026-05-13 15:00:00,182.85000000000002
2026-05-13 16:00:00,183.08
2026-05-13 17:00:00,183.08
2026-05-13 18:00:00,183.11
2026-05-13 19:00:00,183.09
2026-05-14 05:00:00,182.935
2026-05-14 07:00:00,182.935
2026-05-14 12:00:00,182.935
2026-05-14 13:00:00,183.25
2026-05-14 14:00:00,183.19
2026-05-14 15:00:00,183.22
2026-05-14 16:00:00,183.19
2026-05-14 17:00:00,183.15
2026-05-14 18:00:00,183.12
2026-05-14 19:00:00,183.12
2026-05-15 05:00:00,182.16500000000002
2026-05-15 08:00:00,182.41
2026-05-15 10:00:00,182.41
2026-05-15 12:00:00,182.28
2026-05-15 13:00:00,182.39000000000001
2026-05-15 14:00:00,182.39000000000001
2026-05-15 15:00:00,182.22
2026-05-15 16:00:00,182.21
2026-05-15 17:00:00,182.39000000000001
2026-05-15 18:00:00,182.32000000000002
2026-05-15 19:00:00,182.18
2026-05-18 05:00:00,182.22
2026-05-18 07:00:00,181.77
2026-05-18 09:00:00,181.72
2026-05-18 11:00:00,181.82000000000002
2026-05-18 12:00:00,182.20000000000002
2026-05-18 13:00:00,182.55
2026-05-18 14:00:00,182.35000000000002
2026-05-18 15:00:00,182.21
2026-05-18 16:00:00,182.21
2026-05-18 17:00:00,182.23000000000002
2026-05-18 18:00:00,182.0
2026-05-18 19:00:00,182.23000000000002
2026-05-19 05:00:00,181.82000000000002
2026-05-19 07:00:00,182.12
2026-05-19 08:00:00,182.07000000000002
2026-05-19 13:00:00,181.83
2026-05-19 14:00:00,181.54000000000002
2026-05-19 15:00:00,181.76000000000002
2026-05-19 16:00:00,181.8
2026-05-19 17:00:00,181.94
2026-05-19 18:00:00,181.76000000000002
2026-05-19 19:00:00,181.8
2026-05-20 05:00:00,182.87
2026-05-20 14:00:00,182.52
2026-05-20 15:00:00,182.79000000000002
2026-05-20 16:00:00,182.79000000000002
2026-05-20 17:00:00,182.70000000000002
2026-05-20 18:00:00,182.81
2026-05-20 19:00:00,182.81
2026-05-21 05:00:00,182.96
2026-05-21 09:00:00,182.62
2026-05-21 10:00:00,182.56
2026-05-21 13:00:00,182.44
2026-05-21 14:00:00,182.60000000000002
2026-05-21 15:00:00,182.54000000000002
2026-05-21 16:00:00,182.49
2026-05-21 17:00:00,183.11
2026-05-21 18:00:00,182.9
2026-05-21 19:00:00,182.92000000000002
2026-05-22 05:00:00,182.96
2026-05-22 08:00:00,183.21
2026-05-22 13:00:00,183.02
2026-05-22 14:00:00,182.89000000000001
2026-05-22 15:00:00,182.97
2026-05-22 16:00:00,182.99
2026-05-22 17:00:00,182.99
2026-05-22 18:00:00,182.98000000000002
2026-05-22 19:00:00,182.95000000000002
2026-05-25 12:00:00,183.53
2026-05-25 22:00:00,185.27
2026-05-26 05:00:00,183.51000000000002
2026-05-26 07:00:00,183.20000000000002
2026-05-26 08:00:00,183.22
2026-05-26 09:00:00,183.27
2026-05-26 10:00:00,183.25
2026-05-26 11:00:00,183.28
2026-05-26 12:00:00,183.3
2026-05-26 13:00:00,183.32000000000002
2026-05-26 14:00:00,183.33
2026-05-26 15:00:00,183.28
2026-05-26 16:00:00,183.34
2026-05-26 17:00:00,183.34
2026-05-26 18:00:00,183.45000000000002
2026-05-26 19:00:00,183.48000000000002
2026-05-27 05:00:00,183.38500000000002
2026-05-27 08:00:00,183.63000000000002
2026-05-27 11:00:00,183.65
2026-05-27 13:00:00,183.54000000000002
2026-05-27 14:00:00,183.43
2026-05-27 15:00:00,183.42000000000002
2026-05-27 16:00:00,183.45000000000002
2026-05-27 17:00:00,183.36
2026-05-27 18:00:00,183.46
2026-05-27 19:00:00,183.44
2026-05-28 05:00:00,183.585
2026-05-28 07:00:00,182.85000000000002
2026-05-28 10:00:00,182.85000000000002
2026-05-28 14:00:00,183.52
2026-05-28 15:00:00,183.66
2026-05-28 16:00:00,183.63000000000002
2026-05-28 17:00:00,183.59
2026-05-28 18:00:00,183.58
2026-05-28 19:00:00,183.62
2026-05-29 05:00:00,183.81
2026-05-29 13:00:00,183.59
2026-05-29 14:00:00,183.73
2026-05-29 15:00:00,183.69
2026-05-29 16:00:00,183.76
2026-05-29 18:00:00,183.69
2026-05-29 19:00:00,183.81
2026-05-29 20:00:00,183.85
2026-06-01 05:00:00,183.535
2026-06-01 07:00:00,183.535
2026-06-01 09:00:00,183.59
2026-06-01 10:00:00,183.54
2026-06-01 13:00:00,183.23
2026-06-01 14:00:00,183.13
2026-06-01 15:00:00,183.4
2026-06-01 16:00:00,183.4
2026-06-01 17:00:00,183.45
2026-06-01 18:00:00,183.49
2026-06-01 19:00:00,183.53
2026-06-02 05:00:00,183.575
2026-06-02 11:00:00,183.73
2026-06-02 13:00:00,183.54
2026-06-02 14:00:00,183.59
2026-06-02 15:00:00,183.54
2026-06-02 16:00:00,183.5
2026-06-02 17:00:00,183.53
2026-06-02 18:00:00,183.56
2026-06-02 19:00:00,183.56
2026-06-02 20:00:00,183.54
2026-06-03 05:00:00,183.2
2026-06-03 13:00:00,183.21
2026-06-03 14:00:00,183.24
2026-06-03 15:00:00,183.14
2026-06-03 16:00:00,183.08
2026-06-03 17:00:00,183.14
2026-06-03 18:00:00,183.14
2026-06-03 19:00:00,183.18
2026-06-04 05:00:00,183.445
2026-06-04 07:00:00,183.17
2026-06-04 08:00:00,183.24
2026-06-04 09:00:00,183.25
2026-06-04 14:00:00,183.36
2026-06-04 15:00:00,183.36
2026-06-04 16:00:00,183.41
2026-06-04 19:00:00,183.47
2026-06-05 05:00:00,182.585
2026-06-05 07:00:00,183.21
2026-06-05 08:00:00,183.39
2026-06-05 11:00:00,183.54
2026-06-05 12:00:00,183.31
2026-06-05 13:00:00,182.92
2026-06-05 14:00:00,182.92
2026-06-05 15:00:00,182.77
2026-06-05 16:00:00,182.76
2026-06-05 17:00:00,182.8
2026-06-05 18:00:00,182.73
2026-06-05 19:00:00,182.65
2026-06-08 05:00:00,182.75
2026-06-08 13:00:00,182.84
2026-06-08 14:00:00,182.82
2026-06-08 15:00:00,182.8
2026-06-08 16:00:00,182.73
2026-06-08 17:00:00,182.71
2026-06-08 18:00:00,182.81
2026-06-08 19:00:00,182.8
2026-06-09 05:00:00,182.985
2026-06-09 12:00:00,183.01
2026-06-09 13:00:00,183.1
2026-06-09 14:00:00,182.97
2026-06-09 15:00:00,182.88
2026-06-09 16:00:00,182.56
2026-06-09 18:00:00,183.05
2026-06-10 05:00:00,182.59
2026-06-10 14:00:00,182.79
2026-06-10 15:00:00,182.79
2026-06-10 16:00:00,182.69
2026-06-10 17:00:00,182.57
2026-06-10 19:00:00,182.57
2026-06-10 20:00:00,182.57
2026-06-11 05:00:00,183.57
2026-06-11 13:00:00,182.78
2026-06-11 14:00:00,182.81
2026-06-11 15:00:00,182.92
2026-06-11 16:00:00,182.92
2026-06-11 17:00:00,183.38
2026-06-11 19:00:00,183.52
2026-06-12 05:00:00,183.55
2026-06-12 13:00:00,183.34
2026-06-12 14:00:00,183.37
2026-06-12 15:00:00,183.6
2026-06-12 16:00:00,183.6
2026-06-12 17:00:00,183.61
2026-06-12 18:00:00,183.59
2026-06-12 19:00:00,183.54
